timestamp,open,high,low,close,volume
2025-03-21 00:00:00,0.2812,0.2877,0.2741,0.2788,8129343.2
2025-03-21 04:00:00,0.2787,0.2924,0.2766,0.2917,9427347.7
2025-03-21 08:00:00,0.2917,0.3076,0.2818,0.2937,45922633.6
2025-03-21 12:00:00,0.2938,0.2958,0.2807,0.2851,13297431.3
2025-03-21 16:00:00,0.2852,0.2931,0.2834,0.2885,3951498.3
2025-03-21 20:00:00,0.2885,0.3039,0.2884,0.2997,6226960.0
2025-03-22 00:00:00,0.2997,0.3169,0.2966,0.3116,21396822.1
2025-03-22 04:00:00,0.3116,0.4399,0.3099,0.4019,393143909.6
2025-03-22 08:00:00,0.4019,0.4062,0.3457,0.3522,266619032.0
2025-03-22 12:00:00,0.3522,0.355,0.315,0.3165,126462657.3
2025-03-22 16:00:00,0.3164,0.3249,0.3091,0.3125,55097752.2
2025-03-22 20:00:00,0.3124,0.3141,0.293,0.2942,37042839.8
2025-03-23 00:00:00,0.2942,0.3036,0.2887,0.2968,31450394.7
2025-03-23 04:00:00,0.2968,0.3006,0.2901,0.2942,28226045.8
2025-03-23 08:00:00,0.2943,0.3021,0.2935,0.2975,27917550.2
2025-03-23 12:00:00,0.2976,0.2991,0.292,0.2955,15107240.1
2025-03-23 16:00:00,0.2955,0.3081,0.2954,0.3079,16588082.6
2025-03-23 20:00:00,0.3078,0.3106,0.3017,0.3021,15956244.4
2025-03-24 00:00:00,0.3022,0.3154,0.3006,0.3105,23276299.5
2025-03-24 04:00:00,0.3106,0.3199,0.3082,0.3096,18135429.8
2025-03-24 08:00:00,0.3096,0.315,0.306,0.3095,15173326.0
2025-03-24 12:00:00,0.3096,0.3098,0.2985,0.3007,13994391.3
2025-03-24 16:00:00,0.3007,0.3031,0.2986,0.2999,6894057.0
2025-03-24 20:00:00,0.2999,0.3022,0.2969,0.2999,7878162.1
2025-03-25 00:00:00,0.3,0.3012,0.2936,0.2964,8533297.5
2025-03-25 04:00:00,0.2964,0.2982,0.2926,0.2951,4724745.1
2025-03-25 08:00:00,0.2951,0.3012,0.2951,0.2998,3459693.1
2025-03-25 12:00:00,0.2998,0.3018,0.2957,0.2966,5821768.1
2025-03-25 16:00:00,0.2965,0.3024,0.2958,0.2996,4489640.2
2025-03-25 20:00:00,0.2996,0.3014,0.2968,0.3005,2512507.7
2025-03-26 00:00:00,0.3005,0.3007,0.2958,0.297,3676865.5
2025-03-26 04:00:00,0.297,0.3011,0.2952,0.3005,3065310.0
2025-03-26 08:00:00,0.3005,0.3017,0.299,0.3005,2206998.9
2025-03-26 12:00:00,0.3004,0.3014,0.2831,0.2877,8544149.2
2025-03-26 16:00:00,0.2876,0.2901,0.2809,0.2842,4109579.7
2025-03-26 20:00:00,0.2842,0.2877,0.2817,0.283,2723538.4
2025-03-27 00:00:00,0.2829,0.2907,0.2817,0.2892,4725854.9
2025-03-27 04:00:00,0.2893,0.2907,0.2857,0.2868,3461668.7
2025-03-27 08:00:00,0.2868,0.2901,0.284,0.2844,3835988.3
2025-03-27 12:00:00,0.2844,0.2891,0.2798,0.2858,5417242.4
2025-03-27 16:00:00,0.2857,0.2864,0.2815,0.285,3046125.2
2025-03-27 20:00:00,0.2851,0.2855,0.2797,0.2813,1896917.7
2025-03-28 00:00:00,0.2814,0.2839,0.2766,0.2787,2716689.8
2025-03-28 04:00:00,0.2786,0.279,0.2635,0.265,5936856.4
2025-03-28 08:00:00,0.265,0.2721,0.2647,0.2698,4759516.7
2025-03-28 12:00:00,0.2698,0.272,0.2639,0.2684,3888175.5
2025-03-28 16:00:00,0.2684,0.2709,0.2511,0.255,6727434.5
2025-03-28 20:00:00,0.2552,0.2647,0.254,0.2623,5605932.6
2025-03-29 00:00:00,0.2623,0.2642,0.2535,0.2581,2841595.2
2025-03-29 04:00:00,0.2581,0.2583,0.2499,0.2514,4634588.8
2025-03-29 08:00:00,0.2513,0.255,0.247,0.2493,4698442.5
2025-03-29 12:00:00,0.2495,0.2539,0.2486,0.2498,2636855.8
2025-03-29 16:00:00,0.2498,0.25,0.2389,0.2448,5494830.6
2025-03-29 20:00:00,0.245,0.2463,0.2413,0.2459,2186390.4
2025-03-30 00:00:00,0.2459,0.2506,0.2406,0.2495,3543518.1
2025-03-30 04:00:00,0.2495,0.2515,0.2484,0.2506,1272931.3
2025-03-30 08:00:00,0.2505,0.2523,0.2461,0.2478,3264738.1
2025-03-30 12:00:00,0.2479,0.2482,0.2403,0.2416,3741161.6
2025-03-30 16:00:00,0.2416,0.2501,0.2401,0.247,3499312.3
2025-03-30 20:00:00,0.247,0.2482,0.2407,0.2456,3071257.4
2025-03-31 00:00:00,0.2457,0.2488,0.2403,0.2439,3731272.3
2025-03-31 04:00:00,0.2439,0.2474,0.2331,0.2355,7737140.1
2025-03-31 08:00:00,0.2356,0.2396,0.2299,0.238,5636910.4
2025-03-31 12:00:00,0.238,0.2432,0.2343,0.2401,4295216.7
2025-03-31 16:00:00,0.2401,0.2441,0.2356,0.2407,3078262.0
2025-03-31 20:00:00,0.2407,0.2407,0.236,0.2368,2352995.0
2025-04-01 00:00:00,0.2368,0.2428,0.2354,0.2409,2466504.7
2025-04-01 04:00:00,0.2409,0.2413,0.2372,0.2381,2706214.8
2025-04-01 08:00:00,0.2382,0.2425,0.2326,0.2335,4018868.8
2025-04-01 12:00:00,0.2336,0.2418,0.2306,0.2393,4910458.3
2025-04-01 16:00:00,0.2394,0.2404,0.2348,0.2354,2511780.8
2025-04-01 20:00:00,0.2354,0.2387,0.2334,0.2368,3957156.2
2025-04-02 00:00:00,0.2367,0.2367,0.2255,0.2281,5942329.8
2025-04-02 04:00:00,0.228,0.2295,0.2225,0.2275,3508395.0
2025-04-02 08:00:00,0.2276,0.2302,0.2254,0.2273,2462012.1
2025-04-02 12:00:00,0.2274,0.2365,0.2257,0.2342,3347883.5
2025-04-02 16:00:00,0.2342,0.2358,0.2289,0.2337,2812188.9
2025-04-02 20:00:00,0.2337,0.2378,0.2136,0.2155,8382789.8
2025-04-03 00:00:00,0.2154,0.2224,0.2128,0.2203,2713447.6
2025-04-03 04:00:00,0.2203,0.2225,0.2154,0.217,2988224.8
2025-04-03 08:00:00,0.2169,0.2185,0.2106,0.2128,2344414.4
2025-04-03 12:00:00,0.2127,0.2137,0.2063,0.2108,4346351.3
2025-04-03 16:00:00,0.2108,0.215,0.2099,0.2132,1705625.3
2025-04-03 20:00:00,0.2133,0.2165,0.2109,0.2145,1412405.6
2025-04-04 00:00:00,0.2146,0.2161,0.2107,0.2152,2174174.8
2025-04-04 04:00:00,0.2151,0.2175,0.2128,0.2169,2810477.8
2025-04-04 08:00:00,0.217,0.2185,0.2072,0.2096,2995823.6
2025-04-04 12:00:00,0.2096,0.2175,0.2084,0.213,4774888.8
2025-04-04 16:00:00,0.2132,0.2181,0.212,0.2158,2399221.0
2025-04-04 20:00:00,0.2158,0.2177,0.2136,0.216,3207668.9
2025-04-05 00:00:00,0.216,0.2174,0.2139,0.2143,951420.8
2025-04-05 04:00:00,0.2143,0.2168,0.2141,0.2156,1030268.0
2025-04-05 08:00:00,0.2156,0.216,0.2134,0.2136,1311563.6
2025-04-05 12:00:00,0.2136,0.2138,0.2106,0.2113,1587499.5
2025-04-05 16:00:00,0.2113,0.213,0.2106,0.2108,1191114.5
2025-04-05 20:00:00,0.2108,0.2124,0.2088,0.2121,1005138.3
2025-04-06 00:00:00,0.2122,0.2128,0.2091,0.2104,5167724.9
2025-04-06 04:00:00,0.2104,0.2126,0.2093,0.2094,825718.0
2025-04-06 08:00:00,0.2095,0.2112,0.2081,0.2095,809151.9
2025-04-06 12:00:00,0.2094,0.2099,0.1992,0.2031,2836059.8
2025-04-06 16:00:00,0.203,0.2034,0.1904,0.1932,5692115.7
2025-04-06 20:00:00,0.1931,0.1941,0.1812,0.1862,6402429.8
2025-04-07 00:00:00,0.1862,0.1921,0.1792,0.1816,4280722.8
2025-04-07 04:00:00,0.1817,0.1858,0.1676,0.1759,9278685.8
2025-04-07 08:00:00,0.176,0.1848,0.1751,0.1802,5966063.5
2025-04-07 12:00:00,0.1802,0.2008,0.1796,0.192,10922777.3
2025-04-07 16:00:00,0.1919,0.1949,0.1872,0.1898,4186049.0
2025-04-07 20:00:00,0.19,0.1955,0.1899,0.192,1902497.2
2025-04-08 00:00:00,0.192,0.1988,0.1913,0.1933,2139916.4
2025-04-08 04:00:00,0.1935,0.1953,0.1875,0.1882,1518950.8
2025-04-08 08:00:00,0.1883,0.1927,0.1867,0.1925,1418737.0
2025-04-08 12:00:00,0.1927,0.1935,0.1824,0.1863,2657113.7
2025-04-08 16:00:00,0.1863,0.1871,0.1789,0.1798,3072614.1
2025-04-08 20:00:00,0.1796,0.1819,0.1775,0.1801,1677300.0
2025-04-09 00:00:00,0.18,0.1814,0.1712,0.1783,3391357.7
2025-04-09 04:00:00,0.1781,0.1824,0.1752,0.1819,2645229.1
2025-04-09 08:00:00,0.1819,0.184,0.1763,0.1784,3345686.7
2025-04-09 12:00:00,0.1784,0.1834,0.176,0.1813,3425836.5
2025-04-09 16:00:00,0.1811,0.1992,0.1809,0.1964,5372797.1
2025-04-09 20:00:00,0.1965,0.2001,0.1956,0.1977,2276303.8
2025-04-10 00:00:00,0.1977,0.1992,0.1922,0.1937,2010408.1
2025-04-10 04:00:00,0.1938,0.1953,0.191,0.1925,1385569.6
2025-04-10 08:00:00,0.1925,0.1942,0.19,0.1917,1661093.0
2025-04-10 12:00:00,0.1917,0.196,0.1843,0.1846,3124982.3
2025-04-10 16:00:00,0.1846,0.1888,0.1823,0.1867,3254691.8
2025-04-10 20:00:00,0.1867,0.1882,0.1858,0.187,2060006.6
2025-04-11 00:00:00,0.187,0.1929,0.1856,0.1926,2091614.2
2025-04-11 04:00:00,0.1927,0.1995,0.1926,0.1948,6026895.3
2025-04-11 08:00:00,0.1948,0.1971,0.1927,0.1942,2105087.3
2025-04-11 12:00:00,0.1942,0.199,0.1933,0.1981,3909024.8
2025-04-11 16:00:00,0.1981,0.2032,0.1965,0.2021,3032318.3
2025-04-11 20:00:00,0.2022,0.2031,0.2001,0.2005,1070972.0
2025-04-12 00:00:00,0.2006,0.2032,0.2,0.2003,1700734.8
2025-04-12 04:00:00,0.2003,0.2017,0.1977,0.1997,2371104.6
2025-04-12 08:00:00,0.1996,0.2016,0.1973,0.1982,1622944.4
2025-04-12 12:00:00,0.1983,0.2086,0.1974,0.207,2248334.7
2025-04-12 16:00:00,0.2071,0.2081,0.2043,0.205,1427288.3
2025-04-12 20:00:00,0.2051,0.2086,0.2048,0.2075,901464.2
2025-04-13 00:00:00,0.2073,0.2079,0.2021,0.2037,1761056.1
2025-04-13 04:00:00,0.2036,0.2052,0.2006,0.204,1310155.3
2025-04-13 08:00:00,0.2039,0.2051,0.2022,0.203,843171.2
2025-04-13 12:00:00,0.203,0.2034,0.1968,0.1991,1226452.4
2025-04-13 16:00:00,0.199,0.2049,0.194,0.1956,2799396.4
2025-04-13 20:00:00,0.1957,0.1957,0.1828,0.188,4404070.2
2025-04-14 00:00:00,0.1881,0.1945,0.1868,0.1897,2816870.8
2025-04-14 04:00:00,0.1897,0.1923,0.188,0.1895,1045580.2
2025-04-14 08:00:00,0.1895,0.1981,0.1882,0.196,1861620.4
2025-04-14 12:00:00,0.196,0.198,0.1873,0.188,2093736.7
2025-04-14 16:00:00,0.1881,0.1935,0.1864,0.1922,1369649.9
2025-04-14 20:00:00,0.1923,0.1933,0.191,0.1921,884426.8
2025-04-15 00:00:00,0.1921,0.1942,0.19,0.193,1365441.5
2025-04-15 04:00:00,0.1929,0.1937,0.191,0.1935,1141142.6
2025-04-15 08:00:00,0.1934,0.1967,0.1912,0.1927,1882273.3
2025-04-15 12:00:00,0.1928,0.1957,0.1889,0.1913,1895758.7
2025-04-15 16:00:00,0.1914,0.1921,0.1871,0.1884,1316989.2
2025-04-15 20:00:00,0.1884,0.1897,0.1859,0.1876,1245034.3
2025-04-16 00:00:00,0.1874,0.1898,0.1837,0.1887,1902895.0
2025-04-16 04:00:00,0.1886,0.1891,0.1819,0.183,1921807.1
2025-04-16 08:00:00,0.1829,0.186,0.1813,0.1848,1311629.4
2025-04-16 12:00:00,0.1848,0.1859,0.1808,0.1841,2740255.0
2025-04-16 16:00:00,0.1842,0.1877,0.1771,0.1868,4375065.3
2025-04-16 20:00:00,0.1866,0.1882,0.1826,0.1836,1123845.6
2025-04-17 00:00:00,0.1835,0.1862,0.1825,0.1841,999824.6
2025-04-17 04:00:00,0.184,0.1878,0.1838,0.1871,932502.2
2025-04-17 08:00:00,0.1872,0.1876,0.1851,0.186,1008695.0
2025-04-17 12:00:00,0.186,0.1876,0.1816,0.1857,1414920.0
2025-04-17 16:00:00,0.1857,0.1914,0.1843,0.1865,1950385.8
2025-04-17 20:00:00,0.1865,0.1881,0.1854,0.1866,713533.9
2025-04-18 00:00:00,0.1866,0.1879,0.1843,0.1862,1537688.9
2025-04-18 04:00:00,0.1862,0.1884,0.1847,0.1883,949932.2
2025-04-18 08:00:00,0.1883,0.1902,0.1877,0.1901,1187798.8
2025-04-18 12:00:00,0.19,0.1908,0.1858,0.1864,984699.4
2025-04-18 16:00:00,0.1864,0.1887,0.1863,0.1873,957416.6
2025-04-18 20:00:00,0.1873,0.1895,0.1865,0.1885,920411.5
2025-04-19 00:00:00,0.1885,0.1938,0.188,0.1929,1218298.7
2025-04-19 04:00:00,0.1928,0.1934,0.1906,0.1931,871149.0
2025-04-19 08:00:00,0.1931,0.1931,0.1901,0.1911,582964.9
2025-04-19 12:00:00,0.1911,0.1965,0.1907,0.196,1052646.3
2025-04-19 16:00:00,0.1961,0.1999,0.1939,0.1991,1366722.6
2025-04-19 20:00:00,0.1992,0.2017,0.1981,0.2004,1228750.8
2025-04-20 00:00:00,0.2003,0.2017,0.1973,0.2007,1395673.6
2025-04-20 04:00:00,0.2008,0.2022,0.1979,0.1988,1293312.3
2025-04-20 08:00:00,0.1987,0.1992,0.1938,0.1955,1229399.1
2025-04-20 12:00:00,0.1954,0.1975,0.195,0.1961,762526.7
2025-04-20 16:00:00,0.196,0.1991,0.1957,0.199,682237.0
2025-04-20 20:00:00,0.199,0.2011,0.1985,0.1995,676610.6
2025-04-21 00:00:00,0.1995,0.2058,0.1989,0.2041,1420672.0
2025-04-21 04:00:00,0.204,0.2078,0.2031,0.2062,1514439.2
2025-04-21 08:00:00,0.2063,0.2073,0.2026,0.2037,1489051.0
2025-04-21 12:00:00,0.2037,0.2081,0.2036,0.2073,1664583.1
2025-04-21 16:00:00,0.2073,0.2088,0.2023,0.2039,2564670.2
2025-04-21 20:00:00,0.2038,0.2041,0.2012,0.2024,790709.3
2025-04-22 00:00:00,0.2025,0.2066,0.1991,0.2043,1882678.2
2025-04-22 04:00:00,0.2042,0.2053,0.1997,0.205,915973.3
2025-04-22 08:00:00,0.205,0.2058,0.2027,0.2049,1629240.6
2025-04-22 12:00:00,0.2049,0.2146,0.2046,0.2112,2451934.9
2025-04-22 16:00:00,0.2114,0.2145,0.2094,0.2125,1302062.1
2025-04-22 20:00:00,0.2126,0.2201,0.2118,0.2187,1451802.4
2025-04-23 00:00:00,0.2188,0.2244,0.2182,0.2243,1692168.3
2025-04-23 04:00:00,0.2243,0.2271,0.2213,0.2241,1926036.3
2025-04-23 08:00:00,0.224,0.2279,0.2223,0.2256,1291000.7
2025-04-23 12:00:00,0.2256,0.2318,0.2189,0.2233,3518494.3
2025-04-23 16:00:00,0.2233,0.2272,0.22,0.2223,1594174.9
2025-04-23 20:00:00,0.2222,0.2256,0.2213,0.2244,1066964.0
2025-04-24 00:00:00,0.2245,0.225,0.218,0.2183,1403808.8
2025-04-24 04:00:00,0.2182,0.2216,0.2173,0.2176,1570482.5
2025-04-24 08:00:00,0.2176,0.2183,0.2082,0.2125,2920399.0
2025-04-24 12:00:00,0.2126,0.216,0.2104,0.2135,2968835.8
2025-04-24 16:00:00,0.2136,0.2172,0.2088,0.2129,3089926.4
2025-04-24 20:00:00,0.2128,0.2182,0.2126,0.2176,1918022.1
2025-04-25 00:00:00,0.2176,0.2217,0.2152,0.2188,2227860.8
2025-04-25 04:00:00,0.2187,0.2256,0.2182,0.2249,1453107.1
2025-04-25 08:00:00,0.2249,0.2273,0.223,0.2248,2293624.2
2025-04-25 12:00:00,0.2249,0.2263,0.2195,0.2224,1873371.1
2025-04-25 16:00:00,0.2225,0.2234,0.2186,0.2206,1386442.5
2025-04-25 20:00:00,0.2207,0.2225,0.2181,0.2193,962698.4
2025-04-26 00:00:00,0.2194,0.2266,0.2194,0.2238,1980745.1
2025-04-26 04:00:00,0.2238,0.2309,0.2204,0.2274,2730046.9
2025-04-26 08:00:00,0.2275,0.2323,0.2215,0.222,2279989.1
2025-04-26 12:00:00,0.2219,0.2268,0.2205,0.2257,2474379.1
2025-04-26 16:00:00,0.2257,0.2271,0.2242,0.2255,874681.9
2025-04-26 20:00:00,0.2254,0.2296,0.2253,0.2286,1238156.4
2025-04-27 00:00:00,0.2286,0.2314,0.2204,0.2241,1672935.9
2025-04-27 04:00:00,0.224,0.2251,0.2191,0.2216,1428494.9
2025-04-27 08:00:00,0.2215,0.2241,0.2206,0.2235,883461.3
2025-04-27 12:00:00,0.2235,0.2274,0.2216,0.2227,3105161.0
2025-04-27 16:00:00,0.2229,0.223,0.22,0.2211,1368812.4
2025-04-27 20:00:00,0.2211,0.2218,0.2176,0.2183,726474.9
2025-04-28 00:00:00,0.2184,0.2188,0.21,0.2143,2342105.7
2025-04-28 04:00:00,0.2144,0.2238,0.2141,0.2229,2107718.6
2025-04-28 08:00:00,0.223,0.227,0.2194,0.2258,3293973.5
2025-04-28 12:00:00,0.2259,0.226,0.2147,0.2167,2290530.3
2025-04-28 16:00:00,0.2167,0.2262,0.2142,0.2249,2709009.5
2025-04-28 20:00:00,0.2252,0.2272,0.2234,0.2264,1829598.8
2025-04-29 00:00:00,0.2264,0.2313,0.2252,0.2301,2215728.5
2025-04-29 04:00:00,0.2302,0.2366,0.2283,0.2349,3730482.7
2025-04-29 08:00:00,0.235,0.2368,0.2275,0.2302,3855244.3
2025-04-29 12:00:00,0.2301,0.2318,0.2257,0.2303,1498939.9
2025-04-29 16:00:00,0.2303,0.2308,0.2259,0.2272,1144757.7
2025-04-29 20:00:00,0.2271,0.2276,0.2176,0.2219,2000186.4
2025-04-30 00:00:00,0.2218,0.2238,0.22,0.2226,943410.0
2025-04-30 04:00:00,0.2225,0.2246,0.2197,0.2209,1038364.9
2025-04-30 08:00:00,0.2209,0.2273,0.2206,0.2271,844472.8
2025-04-30 12:00:00,0.2271,0.2287,0.2122,0.2163,3964321.3
2025-04-30 16:00:00,0.2164,0.2195,0.2146,0.2175,2118680.6
2025-04-30 20:00:00,0.2174,0.2206,0.215,0.2179,1088539.1
2025-05-01 00:00:00,0.218,0.2202,0.2164,0.2169,973145.1
2025-05-01 04:00:00,0.2169,0.2197,0.2161,0.2191,646245.4
2025-05-01 08:00:00,0.2192,0.2263,0.2192,0.2243,1508603.3
2025-05-01 12:00:00,0.2244,0.2287,0.2218,0.2257,2175959.8
2025-05-01 16:00:00,0.2259,0.2297,0.2248,0.2268,2390227.5
2025-05-01 20:00:00,0.2268,0.2299,0.2237,0.2251,1455799.0
2025-05-02 00:00:00,0.2251,0.2337,0.2238,0.2325,2336376.1
2025-05-02 04:00:00,0.2326,0.2326,0.2247,0.2273,2462488.0
2025-05-02 08:00:00,0.2274,0.229,0.2262,0.2263,1146138.1
2025-05-02 12:00:00,0.2264,0.2305,0.2236,0.2282,2036349.7
2025-05-02 16:00:00,0.2282,0.231,0.2207,0.2217,2228359.0
2025-05-02 20:00:00,0.2217,0.2236,0.2208,0.2222,1352831.4
2025-05-03 00:00:00,0.2222,0.2223,0.2158,0.2201,2752021.8
2025-05-03 04:00:00,0.2199,0.2209,0.2181,0.219,757154.0
2025-05-03 08:00:00,0.219,0.2201,0.2128,0.2134,1304247.6
2025-05-03 12:00:00,0.2134,0.2156,0.2106,0.213,1487834.9
2025-05-03 16:00:00,0.2131,0.2132,0.2053,0.2108,2436097.1
2025-05-03 20:00:00,0.2109,0.2109,0.2072,0.2077,1130407.3
2025-05-04 00:00:00,0.2077,0.2102,0.2053,0.2062,1511707.4
2025-05-04 04:00:00,0.2063,0.2075,0.2044,0.2059,1291930.9
2025-05-04 08:00:00,0.206,0.2074,0.2021,0.2044,1518701.4
2025-05-04 12:00:00,0.2044,0.206,0.2015,0.2024,951140.5
2025-05-04 16:00:00,0.2023,0.2031,0.1994,0.2007,1134056.7
2025-05-04 20:00:00,0.2007,0.202,0.1988,0.2002,846289.8
2025-05-05 00:00:00,0.2002,0.2033,0.1986,0.2008,1681897.3
2025-05-05 04:00:00,0.2009,0.2036,0.1997,0.2034,803205.3
2025-05-05 08:00:00,0.2035,0.2036,0.1966,0.1985,1369119.5
2025-05-05 12:00:00,0.1986,0.2009,0.197,0.1993,1286830.3
2025-05-05 16:00:00,0.1994,0.2049,0.1992,0.2011,1363001.8
2025-05-05 20:00:00,0.2011,0.2018,0.1977,0.201,1871041.5
2025-05-06 00:00:00,0.201,0.2036,0.1982,0.2024,1719165.1
2025-05-06 04:00:00,0.2024,0.2029,0.1999,0.2002,1075579.6
2025-05-06 08:00:00,0.2001,0.2005,0.189,0.1908,4726538.3
2025-05-06 12:00:00,0.1907,0.193,0.1877,0.1896,3406457.6
2025-05-06 16:00:00,0.1896,0.1938,0.1882,0.191,2228268.5
2025-05-06 20:00:00,0.191,0.1963,0.1851,0.1954,3262121.2
2025-05-07 00:00:00,0.1955,0.2023,0.1945,0.2,3852211.7
2025-05-07 04:00:00,0.2001,0.221,0.1999,0.2164,16177079.6
2025-05-07 08:00:00,0.2165,0.2189,0.2097,0.2125,15046536.5
2025-05-07 12:00:00,0.2126,0.2133,0.2059,0.2066,5785246.2
2025-05-07 16:00:00,0.2067,0.2077,0.2032,0.2062,4018962.3
2025-05-07 20:00:00,0.206,0.2103,0.2039,0.2067,2240870.1
2025-05-08 00:00:00,0.2067,0.2142,0.2056,0.2141,2830000.7
2025-05-08 04:00:00,0.2141,0.2185,0.2127,0.2172,2500819.4
2025-05-08 08:00:00,0.2172,0.2212,0.2165,0.2206,2134858.5
2025-05-08 12:00:00,0.2206,0.2301,0.2193,0.2269,3193507.2
2025-05-08 16:00:00,0.227,0.2333,0.2259,0.2318,3330344.0
2025-05-08 20:00:00,0.232,0.2448,0.2209,0.2414,11427607.7
2025-05-09 00:00:00,0.2413,0.2467,0.2376,0.2399,3852719.7
2025-05-09 04:00:00,0.2399,0.2529,0.2399,0.2499,4506687.6
2025-05-09 08:00:00,0.2497,0.2566,0.2411,0.2444,6648078.8
2025-05-09 12:00:00,0.2446,0.2495,0.241,0.2468,2681786.4
2025-05-09 16:00:00,0.2469,0.251,0.2434,0.249,2046383.4
2025-05-09 20:00:00,0.2491,0.2545,0.2484,0.2543,1413262.4
2025-05-10 00:00:00,0.2543,0.258,0.2473,0.2525,2213786.9
2025-05-10 04:00:00,0.2524,0.2596,0.249,0.2547,3416012.3
2025-05-10 08:00:00,0.2547,0.258,0.25,0.2543,5140488.4
2025-05-10 12:00:00,0.2542,0.2603,0.2518,0.2552,3754685.1
2025-05-10 16:00:00,0.2551,0.2617,0.253,0.2588,2964312.0
2025-05-10 20:00:00,0.2589,0.2702,0.2575,0.2694,2342956.9
2025-05-11 00:00:00,0.2693,0.2707,0.2623,0.2684,2689874.9
2025-05-11 04:00:00,0.2683,0.2713,0.2565,0.2583,2597705.4
2025-05-11 08:00:00,0.2584,0.2715,0.2581,0.2714,1910911.0
2025-05-11 12:00:00,0.2713,0.2744,0.2637,0.2659,3869090.5
2025-05-11 16:00:00,0.2659,0.2734,0.2614,0.2715,2681471.1
2025-05-11 20:00:00,0.2714,0.2722,0.264,0.2672,2372381.6
2025-05-12 00:00:00,0.2673,0.2735,0.2595,0.2683,3471297.9
2025-05-12 04:00:00,0.2683,0.2827,0.2653,0.2747,3823684.0
2025-05-12 08:00:00,0.2747,0.2773,0.2696,0.27,2180966.0
2025-05-12 12:00:00,0.27,0.2771,0.2624,0.2638,3386032.0
2025-05-12 16:00:00,0.2638,0.2716,0.257,0.2619,3048353.5
2025-05-12 20:00:00,0.262,0.272,0.2611,0.2703,1703498.7
2025-05-13 00:00:00,0.2703,0.2704,0.253,0.2538,2985391.9
2025-05-13 04:00:00,0.2537,0.2656,0.2533,0.265,2040674.7
2025-05-13 08:00:00,0.265,0.2683,0.2624,0.2679,2463986.1
2025-05-13 12:00:00,0.2679,0.2725,0.2652,0.2716,2107998.8
2025-05-13 16:00:00,0.2715,0.2797,0.2692,0.2787,2977533.7
2025-05-13 20:00:00,0.2787,0.281,0.2753,0.2788,1547410.2
2025-05-14 00:00:00,0.2787,0.281,0.2719,0.2754,2326654.6
2025-05-14 04:00:00,0.2755,0.279,0.2732,0.2733,1175930.5
2025-05-14 08:00:00,0.2733,0.274,0.2585,0.2599,4432387.5
2025-05-14 12:00:00,0.2599,0.2617,0.2505,0.2551,2998009.8
2025-05-14 16:00:00,0.255,0.2559,0.248,0.2542,2276154.0
2025-05-14 20:00:00,0.2543,0.2563,0.2494,0.2518,1622569.7
2025-05-15 00:00:00,0.252,0.2536,0.2455,0.2461,1615225.6
2025-05-15 04:00:00,0.2462,0.2488,0.2376,0.2382,2019299.9
2025-05-15 08:00:00,0.2382,0.2436,0.2355,0.2401,1976616.6
2025-05-15 12:00:00,0.24,0.2448,0.2333,0.2426,2462005.7
2025-05-15 16:00:00,0.2426,0.2473,0.2367,0.2395,2318027.5
2025-05-15 20:00:00,0.2396,0.2409,0.2311,0.2371,1843166.9
2025-05-16 00:00:00,0.2371,0.2418,0.2357,0.2401,1719359.4
2025-05-16 04:00:00,0.2401,0.2417,0.2371,0.2406,1530048.7
2025-05-16 08:00:00,0.2406,0.2445,0.236,0.2419,1619476.5
2025-05-16 12:00:00,0.242,0.2435,0.2378,0.2405,1871779.8
2025-05-16 16:00:00,0.2405,0.2411,0.2328,0.2347,1769510.7
2025-05-16 20:00:00,0.2346,0.2349,0.2281,0.2309,1446413.2
2025-05-17 00:00:00,0.2309,0.2318,0.2224,0.2273,2261587.0
2025-05-17 04:00:00,0.2273,0.2289,0.2228,0.2242,1076559.4
2025-05-17 08:00:00,0.2243,0.2257,0.2212,0.2227,1805505.1
2025-05-17 12:00:00,0.2227,0.2254,0.2186,0.2216,1621867.2
2025-05-17 16:00:00,0.2217,0.2251,0.2183,0.2202,1882379.9
2025-05-17 20:00:00,0.2202,0.2244,0.2196,0.2218,1164933.3
2025-05-18 00:00:00,0.2218,0.226,0.2215,0.2245,1220563.1
2025-05-18 04:00:00,0.2246,0.2307,0.2243,0.2307,1050315.6
2025-05-18 08:00:00,0.2306,0.2341,0.2276,0.2279,1180046.3
2025-05-18 12:00:00,0.2279,0.2391,0.2265,0.2381,1611896.2
2025-05-18 16:00:00,0.2382,0.2391,0.2225,0.2231,2204760.6
2025-05-18 20:00:00,0.2231,0.2343,0.2189,0.2337,2242466.7
2025-05-19 00:00:00,0.2338,0.236,0.2212,0.222,2708543.7
2025-05-19 04:00:00,0.2221,0.2236,0.2144,0.222,2965686.7
2025-05-19 08:00:00,0.2219,0.2221,0.2148,0.2186,2232210.8
2025-05-19 12:00:00,0.2185,0.2265,0.2151,0.2249,2095098.3
2025-05-19 16:00:00,0.225,0.2308,0.2228,0.2269,1575410.1
2025-05-19 20:00:00,0.2269,0.2287,0.2239,0.2282,1193964.6
2025-05-20 00:00:00,0.2283,0.2364,0.2256,0.2317,2362152.9
2025-05-20 04:00:00,0.2316,0.2342,0.2271,0.2281,1471589.0
2025-05-20 08:00:00,0.2281,0.2302,0.2236,0.2266,1862734.9
2025-05-20 12:00:00,0.2265,0.2416,0.2255,0.2407,8702668.6
2025-05-20 16:00:00,0.2406,0.2431,0.2312,0.2361,8808469.6
2025-05-20 20:00:00,0.236,0.2381,0.2327,0.2347,1768769.8
2025-05-21 00:00:00,0.2349,0.2423,0.2329,0.2378,3116673.2
2025-05-21 04:00:00,0.2378,0.2413,0.2335,0.2348,1880417.5
2025-05-21 08:00:00,0.2349,0.24,0.2316,0.237,1750650.2
2025-05-21 12:00:00,0.237,0.2413,0.2361,0.2402,2122325.8
2025-05-21 16:00:00,0.2403,0.2441,0.2307,0.2364,3028638.3
2025-05-21 20:00:00,0.2363,0.2461,0.2354,0.2432,1789663.3
2025-05-22 00:00:00,0.2433,0.2516,0.243,0.2513,2959232.2
2025-05-22 04:00:00,0.2513,0.2514,0.2469,0.2493,1435886.0
2025-05-22 08:00:00,0.2494,0.2538,0.2473,0.2489,1441206.8
2025-05-22 12:00:00,0.2489,0.2561,0.2466,0.2531,2676191.6
2025-05-22 16:00:00,0.2532,0.2568,0.2522,0.2528,1390159.1
2025-05-22 20:00:00,0.253,0.2545,0.2483,0.2532,906359.2
2025-05-23 00:00:00,0.2533,0.2586,0.2513,0.2569,1223557.3
2025-05-23 04:00:00,0.2568,0.2569,0.2476,0.2483,1226271.5
2025-05-23 08:00:00,0.2484,0.2528,0.237,0.2401,2377237.6
2025-05-23 12:00:00,0.2402,0.2466,0.2337,0.24,3061649.1
2025-05-23 16:00:00,0.24,0.242,0.2364,0.2372,1743625.7
2025-05-23 20:00:00,0.2373,0.2376,0.2304,0.2323,1298325.7
2025-05-24 00:00:00,0.2323,0.2397,0.2316,0.2375,2122801.9
2025-05-24 04:00:00,0.2375,0.2416,0.2351,0.2358,1548679.7
2025-05-24 08:00:00,0.2359,0.24,0.2343,0.2384,1604580.0
2025-05-24 12:00:00,0.2385,0.2408,0.2368,0.2395,961088.0
2025-05-24 16:00:00,0.2394,0.2401,0.2348,0.2357,768972.0
2025-05-24 20:00:00,0.2358,0.2363,0.2305,0.2318,977777.1
2025-05-25 00:00:00,0.2319,0.2329,0.2256,0.2294,2093541.4
2025-05-25 04:00:00,0.2294,0.2297,0.2262,0.2273,639533.9
2025-05-25 08:00:00,0.2273,0.2273,0.2212,0.2242,1609823.6
2025-05-25 12:00:00,0.2241,0.2265,0.2197,0.223,1210361.7
2025-05-25 16:00:00,0.223,0.2265,0.2202,0.2251,931068.9
2025-05-25 20:00:00,0.2251,0.2299,0.223,0.2296,914717.2
2025-05-26 00:00:00,0.2297,0.2305,0.2259,0.2277,1444258.0
2025-05-26 04:00:00,0.2277,0.2305,0.2265,0.2278,1005125.7
2025-05-26 08:00:00,0.2279,0.2288,0.2239,0.225,1064478.0
2025-05-26 12:00:00,0.2251,0.2298,0.2221,0.2257,3443575.5
2025-05-26 16:00:00,0.2258,0.2266,0.2206,0.2235,1795002.6
2025-05-26 20:00:00,0.2235,0.2264,0.2226,0.2244,1240356.7
2025-05-27 00:00:00,0.2243,0.2263,0.2175,0.2223,1538009.2
2025-05-27 04:00:00,0.2223,0.227,0.2205,0.2261,1041103.3
2025-05-27 08:00:00,0.2262,0.229,0.2262,0.2286,783421.8
2025-05-27 12:00:00,0.2286,0.2311,0.2254,0.2293,1166956.5
2025-05-27 16:00:00,0.2293,0.2333,0.2283,0.2324,1637295.2
2025-05-27 20:00:00,0.2324,0.234,0.2299,0.2317,1132191.7
2025-05-28 00:00:00,0.2317,0.2323,0.2278,0.2302,1039516.3
2025-05-28 04:00:00,0.2301,0.2314,0.2276,0.229,1000190.6
2025-05-28 08:00:00,0.2291,0.231,0.2251,0.2308,1460035.4
2025-05-28 12:00:00,0.2309,0.2342,0.2219,0.2229,1687464.9
2025-05-28 16:00:00,0.223,0.2242,0.2133,0.2167,3829485.4
2025-05-28 20:00:00,0.2166,0.2237,0.2165,0.2234,1879606.8
2025-05-29 00:00:00,0.2235,0.2283,0.2195,0.2249,3748934.7
2025-05-29 04:00:00,0.2249,0.2262,0.2202,0.2222,2171528.2
2025-05-29 08:00:00,0.2222,0.2238,0.2181,0.2189,2422396.9
2025-05-29 12:00:00,0.2189,0.2205,0.2142,0.2156,2699659.2
2025-05-29 16:00:00,0.2157,0.2163,0.2103,0.2118,1491172.3
2025-05-29 20:00:00,0.2118,0.2127,0.2056,0.2071,2328993.7
2025-05-30 00:00:00,0.2071,0.2094,0.1948,0.203,4446076.3
2025-05-30 04:00:00,0.203,0.2077,0.2022,0.2039,2263149.9
2025-05-30 08:00:00,0.2039,0.2064,0.1992,0.2041,2632331.7
2025-05-30 12:00:00,0.2041,0.2047,0.1994,0.2004,1786587.9
2025-05-30 16:00:00,0.2005,0.2011,0.1935,0.1979,1990776.1
2025-05-30 20:00:00,0.1979,0.2,0.1875,0.1913,3036818.7
2025-05-31 00:00:00,0.1911,0.1919,0.1839,0.1874,3438921.1
2025-05-31 04:00:00,0.1873,0.1905,0.1865,0.1897,1018781.7
2025-05-31 08:00:00,0.1897,0.1912,0.1855,0.1863,1633384.9
2025-05-31 12:00:00,0.1863,0.1911,0.186,0.1886,2202300.0
2025-05-31 16:00:00,0.1887,0.1905,0.185,0.189,2143763.5
2025-05-31 20:00:00,0.189,0.1912,0.1884,0.189,865386.5
2025-06-01 00:00:00,0.1889,0.1912,0.187,0.1899,1588746.1
2025-06-01 04:00:00,0.1899,0.1905,0.1874,0.1884,1115879.9
2025-06-01 08:00:00,0.1884,0.1897,0.1842,0.1863,1854994.1
2025-06-01 12:00:00,0.1862,0.1903,0.1835,0.1892,1271213.4
2025-06-01 16:00:00,0.1891,0.1915,0.1877,0.1913,1146728.3
2025-06-01 20:00:00,0.1913,0.1943,0.1908,0.194,948638.3
2025-06-02 00:00:00,0.1939,0.194,0.1886,0.1898,1017298.1
2025-06-02 04:00:00,0.1898,0.1905,0.1869,0.1895,935650.2
2025-06-02 08:00:00,0.1896,0.1918,0.188,0.1895,1463410.0
2025-06-02 12:00:00,0.1895,0.1933,0.1876,0.1911,3217842.8
2025-06-02 16:00:00,0.1911,0.1936,0.1892,0.1905,3084121.8
2025-06-02 20:00:00,0.1905,0.1986,0.1905,0.1983,1432265.0
2025-06-03 00:00:00,0.1983,0.2028,0.1974,0.201,2056918.3
2025-06-03 04:00:00,0.2011,0.2036,0.1995,0.2024,1040282.4
2025-06-03 08:00:00,0.2024,0.2031,0.199,0.1997,1636175.4
2025-06-03 12:00:00,0.1997,0.2037,0.1991,0.2016,1530151.7
2025-06-03 16:00:00,0.2017,0.2024,0.1988,0.2002,2308713.5
2025-06-03 20:00:00,0.2003,0.2008,0.1954,0.1969,1438647.7
2025-06-04 00:00:00,0.197,0.201,0.1965,0.1994,1206515.7
2025-06-04 04:00:00,0.1995,0.2001,0.1975,0.1995,931612.6
2025-06-04 08:00:00,0.1995,0.2005,0.1954,0.1959,932618.2
2025-06-04 12:00:00,0.1959,0.1987,0.194,0.1985,1032041.2
2025-06-04 16:00:00,0.1985,0.1986,0.1942,0.1946,858898.0
2025-06-04 20:00:00,0.1945,0.1947,0.1911,0.1937,871499.2
2025-06-05 00:00:00,0.1937,0.1965,0.1926,0.1932,1033133.2
2025-06-05 04:00:00,0.1932,0.1962,0.1919,0.1939,1070116.2
2025-06-05 08:00:00,0.1939,0.1948,0.1918,0.1932,856903.2
2025-06-05 12:00:00,0.1933,0.1961,0.1896,0.1927,1550232.8
2025-06-05 16:00:00,0.1926,0.1929,0.1813,0.1838,2632690.8
2025-06-05 20:00:00,0.1837,0.1838,0.1738,0.1741,3233674.3
2025-06-06 00:00:00,0.1741,0.1782,0.1727,0.1779,1822939.1
2025-06-06 04:00:00,0.1779,0.1804,0.1765,0.1789,2302622.2
2025-06-06 08:00:00,0.1789,0.1805,0.178,0.1783,1413316.7
2025-06-06 12:00:00,0.1784,0.1836,0.1784,0.1827,6337503.3
2025-06-06 16:00:00,0.1828,0.1828,0.1763,0.177,1725383.0
2025-06-06 20:00:00,0.177,0.1791,0.1765,0.1769,845202.9
2025-06-07 00:00:00,0.1769,0.1802,0.1751,0.1795,1085282.8
2025-06-07 04:00:00,0.1795,0.1816,0.1787,0.1815,722230.2
2025-06-07 08:00:00,0.1815,0.1824,0.1787,0.1817,794468.7
2025-06-07 12:00:00,0.1816,0.1825,0.1795,0.1807,757312.3
2025-06-07 16:00:00,0.1807,0.183,0.1786,0.1826,699265.7
2025-06-07 20:00:00,0.1827,0.1834,0.1798,0.1813,1561876.9
2025-06-08 00:00:00,0.1814,0.1823,0.1786,0.1787,983388.7
2025-06-08 04:00:00,0.1787,0.1798,0.1772,0.1774,599570.1
2025-06-08 08:00:00,0.1773,0.1795,0.1764,0.1794,1060574.2
2025-06-08 12:00:00,0.1794,0.1802,0.1768,0.1777,1161618.4
2025-06-08 16:00:00,0.1778,0.1821,0.1647,0.1711,24162988.7
2025-06-08 20:00:00,0.1711,0.1734,0.1688,0.1693,6272266.1
2025-06-09 00:00:00,0.1693,0.171,0.1661,0.1695,6344293.7
2025-06-09 04:00:00,0.1696,0.1705,0.1657,0.1684,3725954.6
2025-06-09 08:00:00,0.1686,0.173,0.1673,0.1723,2677259.8
2025-06-09 12:00:00,0.1724,0.174,0.1681,0.1698,3274752.2
2025-06-09 16:00:00,0.1699,0.1731,0.1698,0.1719,2480293.0
2025-06-09 20:00:00,0.1719,0.179,0.1718,0.178,2686415.9
2025-06-10 00:00:00,0.1781,0.1807,0.1764,0.1777,2544515.6
2025-06-10 04:00:00,0.1778,0.1788,0.1756,0.1785,1786869.9
2025-06-10 08:00:00,0.1785,0.181,0.1773,0.1807,3791852.8
2025-06-10 12:00:00,0.1807,0.1825,0.1778,0.1805,2825975.6
2025-06-10 16:00:00,0.1806,0.1837,0.1786,0.182,1554684.6
2025-06-10 20:00:00,0.182,0.1857,0.1787,0.183,3460980.0
2025-06-11 00:00:00,0.1832,0.1835,0.1784,0.1798,2031403.0
2025-06-11 04:00:00,0.1798,0.1865,0.1778,0.1858,4787551.3
2025-06-11 08:00:00,0.1859,0.189,0.1821,0.1844,4989773.1
2025-06-11 12:00:00,0.1845,0.2028,0.1829,0.2011,20812084.0
2025-06-11 16:00:00,0.201,0.2015,0.1904,0.1926,9190888.2
2025-06-11 20:00:00,0.1927,0.1949,0.1868,0.1882,6205850.1
2025-06-12 00:00:00,0.1882,0.1975,0.1871,0.1884,27964045.0
2025-06-12 04:00:00,0.1883,0.1883,0.181,0.1824,8392269.0
2025-06-12 08:00:00,0.1823,0.1824,0.1777,0.1784,5483924.9
2025-06-12 12:00:00,0.1783,0.1817,0.1725,0.1741,6405689.5
2025-06-12 16:00:00,0.174,0.1775,0.1713,0.1721,3366986.3
2025-06-12 20:00:00,0.172,0.1739,0.1673,0.1687,3853186.2
2025-06-13 00:00:00,0.1686,0.1688,0.152,0.1559,13915419.7
2025-06-13 04:00:00,0.1558,0.1579,0.1535,0.1568,3832298.7
2025-06-13 08:00:00,0.1568,0.1588,0.1538,0.1569,4135055.2
2025-06-13 12:00:00,0.1569,0.1602,0.1547,0.1595,3419175.3
2025-06-13 16:00:00,0.1596,0.1616,0.1591,0.1607,3650301.1
2025-06-13 20:00:00,0.1607,0.1663,0.1606,0.1656,2107403.9
2025-06-14 00:00:00,0.1657,0.1713,0.1646,0.1677,3819096.9
2025-06-14 04:00:00,0.1677,0.172,0.1665,0.1699,3511325.9
2025-06-14 08:00:00,0.1699,0.1699,0.1641,0.1655,3115337.5
2025-06-14 12:00:00,0.1655,0.1666,0.1624,0.1632,1906572.2
2025-06-14 16:00:00,0.1632,0.1665,0.1621,0.1649,3585391.4
2025-06-14 20:00:00,0.1651,0.1711,0.164,0.1709,2937419.2
2025-06-15 00:00:00,0.1708,0.1713,0.1672,0.1679,1678737.2
2025-06-15 04:00:00,0.168,0.1722,0.1673,0.1708,2255587.3
2025-06-15 08:00:00,0.1709,0.1725,0.1681,0.1696,2763133.5
2025-06-15 12:00:00,0.1696,0.1711,0.1683,0.1694,2284666.9
2025-06-15 16:00:00,0.1695,0.17,0.168,0.1685,973825.4
2025-06-15 20:00:00,0.1686,0.1697,0.166,0.1691,1269141.4
2025-06-16 00:00:00,0.1691,0.1718,0.1675,0.1703,1836298.5
2025-06-16 04:00:00,0.1704,0.1738,0.1702,0.1736,1612129.0
2025-06-16 08:00:00,0.1736,0.1747,0.1718,0.1733,1283867.4
2025-06-16 12:00:00,0.1733,0.1754,0.1718,0.1737,947802.9
2025-06-16 16:00:00,0.1737,0.1749,0.1724,0.1729,702702.9
2025-06-16 20:00:00,0.1728,0.1736,0.1639,0.1648,2159740.2
2025-06-17 00:00:00,0.1647,0.1676,0.162,0.164,3844136.3
2025-06-17 04:00:00,0.164,0.1642,0.1598,0.1617,2209370.2
2025-06-17 08:00:00,0.1615,0.1622,0.1592,0.1617,1949751.6
2025-06-17 12:00:00,0.1617,0.1617,0.1551,0.1567,2323442.8
2025-06-17 16:00:00,0.1567,0.1591,0.1536,0.1578,3084329.3
2025-06-17 20:00:00,0.1578,0.1583,0.1546,0.1559,1326951.9
2025-06-18 00:00:00,0.1558,0.158,0.1547,0.1569,1026676.0
2025-06-18 04:00:00,0.1568,0.1588,0.1552,0.1568,1137963.3
2025-06-18 08:00:00,0.1566,0.1573,0.1534,0.1556,1449634.4
2025-06-18 12:00:00,0.1555,0.1564,0.1516,0.1549,3103017.4
2025-06-18 16:00:00,0.1549,0.1574,0.1528,0.1528,1660872.9
2025-06-18 20:00:00,0.1529,0.1572,0.1528,0.1564,926347.7
2025-06-19 00:00:00,0.1564,0.1584,0.155,0.1561,923702.0
2025-06-19 04:00:00,0.1562,0.157,0.1549,0.1556,629052.1
2025-06-19 08:00:00,0.1555,0.1572,0.1551,0.1559,612707.5
2025-06-19 12:00:00,0.1557,0.1566,0.1528,0.1533,816993.3
2025-06-19 16:00:00,0.1533,0.1538,0.1505,0.1512,1454634.4
2025-06-19 20:00:00,0.1511,0.1553,0.1511,0.1544,1420766.1
2025-06-20 00:00:00,0.1544,0.1548,0.1534,0.1545,696606.6
2025-06-20 04:00:00,0.1544,0.1568,0.1527,0.1564,1453092.4
2025-06-20 08:00:00,0.1564,0.1583,0.1559,0.1577,965084.5
2025-06-20 12:00:00,0.1577,0.1589,0.154,0.155,1472542.4
2025-06-20 16:00:00,0.1549,0.1551,0.1487,0.1519,2624833.5
2025-06-20 20:00:00,0.1519,0.1534,0.1447,0.1481,3509053.6
2025-06-21 00:00:00,0.1482,0.1515,0.1479,0.1508,1635524.5
2025-06-21 04:00:00,0.1508,0.1556,0.1498,0.1535,2655916.0
2025-06-21 08:00:00,0.1535,0.1549,0.1515,0.1522,1723604.8
2025-06-21 12:00:00,0.1523,0.1532,0.1488,0.1501,1367081.7
2025-06-21 16:00:00,0.1502,0.1514,0.1453,0.1455,1548060.0
2025-06-21 20:00:00,0.1455,0.1474,0.1399,0.1442,3325470.3
2025-06-22 00:00:00,0.1443,0.1462,0.1418,0.1426,2143227.6
2025-06-22 04:00:00,0.1427,0.1445,0.1422,0.1427,1173776.4
2025-06-22 08:00:00,0.1428,0.1435,0.1405,0.1422,1281825.7
2025-06-22 12:00:00,0.1423,0.1435,0.1342,0.1342,3917839.1
2025-06-22 16:00:00,0.1344,0.1365,0.133,0.1343,2383917.5
2025-06-22 20:00:00,0.1343,0.1372,0.1292,0.1362,3708273.6
2025-06-23 00:00:00,0.1362,0.1388,0.1355,0.1369,1263478.8
2025-06-23 04:00:00,0.1369,0.1408,0.1368,0.1403,1336105.3
2025-06-23 08:00:00,0.1403,0.1407,0.1391,0.1401,945120.7
2025-06-23 12:00:00,0.1401,0.1438,0.1387,0.139,2337673.5
2025-06-23 16:00:00,0.139,0.1456,0.1364,0.1453,5014871.9
2025-06-23 20:00:00,0.1454,0.154,0.1449,0.1532,2302663.1
2025-06-24 00:00:00,0.1533,0.1563,0.1531,0.1548,1876040.7
2025-06-24 04:00:00,0.1548,0.1586,0.1535,0.1566,1792329.9
2025-06-24 08:00:00,0.1565,0.1576,0.1545,0.1546,1500968.5
2025-06-24 12:00:00,0.1547,0.1564,0.1523,0.1536,2414310.5
2025-06-24 16:00:00,0.1537,0.1559,0.1493,0.1512,2363893.7
2025-06-24 20:00:00,0.1512,0.1534,0.1503,0.1532,2357921.9
2025-06-25 00:00:00,0.1533,0.1547,0.1519,0.1534,1583601.9
2025-06-25 04:00:00,0.1534,0.1537,0.1516,0.1522,811445.2
2025-06-25 08:00:00,0.1522,0.1527,0.1485,0.1507,3200186.7
2025-06-25 12:00:00,0.1508,0.1524,0.1487,0.149,1762486.8
2025-06-25 16:00:00,0.149,0.1508,0.1476,0.1486,1680117.2
2025-06-25 20:00:00,0.1487,0.1501,0.1462,0.1469,893142.8
2025-06-26 00:00:00,0.1469,0.1526,0.1468,0.1519,1478938.2
2025-06-26 04:00:00,0.1518,0.1531,0.1497,0.1529,1525094.3
2025-06-26 08:00:00,0.1528,0.1537,0.1488,0.149,2800208.1
2025-06-26 12:00:00,0.1489,0.1498,0.144,0.1472,3184130.3
2025-06-26 16:00:00,0.147,0.1482,0.1454,0.148,1666378.5
2025-06-26 20:00:00,0.148,0.1508,0.1463,0.1468,2459467.4
2025-06-27 00:00:00,0.1467,0.1484,0.1343,0.1372,21567659.2
2025-06-27 04:00:00,0.1373,0.1387,0.1334,0.1349,10948386.6
2025-06-27 08:00:00,0.1349,0.1366,0.1325,0.1359,9847327.9
2025-06-27 12:00:00,0.136,0.1376,0.1333,0.1367,9646086.4
2025-06-27 16:00:00,0.1368,0.1401,0.1316,0.1331,10370342.7
2025-06-27 20:00:00,0.1331,0.1362,0.1321,0.1354,5816780.8
2025-06-28 00:00:00,0.1354,0.1356,0.133,0.1344,5453728.2
2025-06-28 04:00:00,0.1343,0.1344,0.1323,0.1338,4304427.3
2025-06-28 08:00:00,0.1337,0.134,0.1317,0.1325,2762200.8
2025-06-28 12:00:00,0.1325,0.1338,0.1318,0.1336,2337413.4
2025-06-28 16:00:00,0.1337,0.1359,0.1303,0.1343,6423044.7
2025-06-28 20:00:00,0.1342,0.1356,0.1333,0.1338,2507070.7
2025-06-29 00:00:00,0.1338,0.1342,0.1315,0.1331,3660429.1
2025-06-29 04:00:00,0.133,0.1356,0.1327,0.1355,2323028.0
2025-06-29 08:00:00,0.1354,0.1368,0.1345,0.1354,3983797.4
2025-06-29 12:00:00,0.1355,0.1363,0.1325,0.1334,3095662.1
2025-06-29 16:00:00,0.1335,0.1353,0.1332,0.1348,1853203.5
2025-06-29 20:00:00,0.1347,0.1398,0.1338,0.1385,2765349.3
2025-06-30 00:00:00,0.1386,0.141,0.1386,0.1401,3385216.6
2025-06-30 04:00:00,0.1402,0.1425,0.1391,0.1402,4317828.1
2025-06-30 08:00:00,0.1402,0.1403,0.1352,0.1356,4723834.8
2025-06-30 12:00:00,0.1357,0.1364,0.1316,0.1337,4869939.4
2025-06-30 16:00:00,0.1337,0.1362,0.1325,0.1361,4936754.0
2025-06-30 20:00:00,0.136,0.1401,0.1331,0.1365,7975603.7
2025-07-01 00:00:00,0.1365,0.1366,0.1336,0.1346,3447032.7
2025-07-01 04:00:00,0.1345,0.1346,0.1312,0.1336,2798639.9
2025-07-01 08:00:00,0.1335,0.1335,0.1314,0.1318,2309784.3
2025-07-01 12:00:00,0.1318,0.1333,0.1304,0.1321,3760300.1
2025-07-01 16:00:00,0.1322,0.1328,0.1272,0.1272,4191056.4
2025-07-01 20:00:00,0.1271,0.1293,0.1267,0.1278,2442296.9
2025-07-02 00:00:00,0.1278,0.1292,0.1253,0.1279,3034942.4
2025-07-02 04:00:00,0.1279,0.1323,0.1279,0.1313,2215920.8
2025-07-02 08:00:00,0.1314,0.1328,0.1307,0.1318,1464279.5
2025-07-02 12:00:00,0.1319,0.1383,0.1313,0.1362,4996822.5
2025-07-02 16:00:00,0.1362,0.1425,0.136,0.1425,4797604.2
2025-07-02 20:00:00,0.1424,0.1443,0.1406,0.1409,3069959.8
2025-07-03 00:00:00,0.1409,0.1414,0.1387,0.1396,2753821.6
2025-07-03 04:00:00,0.1397,0.1424,0.1395,0.142,2623456.1
2025-07-03 08:00:00,0.142,0.1428,0.1399,0.1401,2036667.3
2025-07-03 12:00:00,0.1401,0.1417,0.1362,0.1363,2548021.5
2025-07-03 16:00:00,0.1364,0.1397,0.1363,0.1396,1769639.6
2025-07-03 20:00:00,0.1395,0.1408,0.1391,0.1402,1595191.5
2025-07-04 00:00:00,0.1402,0.1407,0.1371,0.1374,1304938.6
2025-07-04 04:00:00,0.1376,0.1385,0.1341,0.1343,1250261.8
2025-07-04 08:00:00,0.1343,0.1357,0.1331,0.1342,2067475.7
2025-07-04 12:00:00,0.1342,0.1348,0.1316,0.1321,2753757.7
2025-07-04 16:00:00,0.1322,0.1324,0.1292,0.1297,1762512.1
2025-07-04 20:00:00,0.1297,0.1313,0.1294,0.1308,1141801.1
2025-07-05 00:00:00,0.1307,0.1328,0.1298,0.1324,1262653.9
2025-07-05 04:00:00,0.1325,0.133,0.1291,0.1304,2093316.3
2025-07-05 08:00:00,0.1304,0.1307,0.1282,0.1284,1672831.1
2025-07-05 12:00:00,0.1285,0.1289,0.1276,0.1282,1568307.4
2025-07-05 16:00:00,0.1282,0.129,0.1226,0.125,4038900.6
2025-07-05 20:00:00,0.125,0.1291,0.1249,0.1285,2260413.3
2025-07-06 00:00:00,0.1285,0.1299,0.1283,0.1297,2352640.5
2025-07-06 04:00:00,0.1297,0.1353,0.1297,0.1341,4494248.3
2025-07-06 08:00:00,0.1341,0.1412,0.1325,0.1398,32077113.1
2025-07-06 12:00:00,0.1399,0.1413,0.1367,0.1387,26007494.8
2025-07-06 16:00:00,0.1387,0.1395,0.1356,0.1362,7218342.9
2025-07-06 20:00:00,0.1363,0.1394,0.1361,0.1367,5141368.1
2025-07-07 00:00:00,0.1367,0.1396,0.1358,0.1384,4265204.0
2025-07-07 04:00:00,0.1384,0.1389,0.1363,0.138,3032762.0
2025-07-07 08:00:00,0.138,0.1385,0.1359,0.1371,2938176.8
2025-07-07 12:00:00,0.1371,0.1383,0.1355,0.1369,3819704.4
2025-07-07 16:00:00,0.137,0.1379,0.1341,0.1363,4139457.6
2025-07-07 20:00:00,0.1363,0.1371,0.1339,0.137,2287930.8
2025-07-08 00:00:00,0.1369,0.1372,0.1339,0.135,2201404.7
2025-07-08 04:00:00,0.135,0.1358,0.1342,0.135,1220593.8
2025-07-08 08:00:00,0.1351,0.1373,0.1339,0.137,2159610.4
2025-07-08 12:00:00,0.137,0.1387,0.1357,0.1366,2393003.3
2025-07-08 16:00:00,0.1367,0.1395,0.1358,0.1384,2214825.8
2025-07-08 20:00:00,0.1385,0.1386,0.1369,0.1376,1226919.7
2025-07-09 00:00:00,0.1376,0.1383,0.136,0.1364,1646652.4
2025-07-09 04:00:00,0.1364,0.1379,0.1355,0.1377,1563115.8
2025-07-09 08:00:00,0.1376,0.142,0.1374,0.1417,3416310.1
2025-07-09 12:00:00,0.1418,0.1437,0.1396,0.1404,4023513.5
2025-07-09 16:00:00,0.1405,0.1457,0.1394,0.1452,2945229.2
2025-07-09 20:00:00,0.1453,0.1454,0.1427,0.1443,1633808.1
2025-07-10 00:00:00,0.1443,0.1478,0.1437,0.147,2144688.2
2025-07-10 04:00:00,0.1469,0.1527,0.1467,0.1493,3946138.6
2025-07-10 08:00:00,0.1493,0.1538,0.1491,0.1527,4463089.5
2025-07-10 12:00:00,0.1527,0.1554,0.1498,0.1549,5257283.7
2025-07-10 16:00:00,0.1549,0.163,0.1545,0.1625,7380169.1
2025-07-10 20:00:00,0.1625,0.1794,0.1624,0.1745,16185878.6
2025-07-11 00:00:00,0.1745,0.1772,0.1711,0.176,7505517.3
2025-07-11 04:00:00,0.176,0.1786,0.1706,0.1729,8135332.5
2025-07-11 08:00:00,0.1729,0.1835,0.1728,0.182,7336007.7
2025-07-11 12:00:00,0.182,0.1869,0.1711,0.1733,10561262.1
2025-07-11 16:00:00,0.1733,0.1759,0.1718,0.1747,3358780.2
2025-07-11 20:00:00,0.1748,0.1751,0.1639,0.1685,4921377.7
2025-07-12 00:00:00,0.1686,0.1725,0.1651,0.1724,3600756.6
2025-07-12 04:00:00,0.1724,0.1731,0.1655,0.1684,3439605.4
2025-07-12 08:00:00,0.1684,0.1698,0.1661,0.1675,2226698.8
2025-07-12 12:00:00,0.1676,0.1688,0.1591,0.1599,3631195.6
2025-07-12 16:00:00,0.16,0.1662,0.1589,0.1648,2322973.6
2025-07-12 20:00:00,0.1649,0.1653,0.1617,0.1624,2013751.5
2025-07-13 00:00:00,0.1624,0.1656,0.1612,0.1644,3446929.5
2025-07-13 04:00:00,0.1643,0.1665,0.1628,0.1658,1606349.3
2025-07-13 08:00:00,0.1657,0.1659,0.1626,0.165,1458862.1
2025-07-13 12:00:00,0.1649,0.1699,0.164,0.1676,2321501.4
2025-07-13 16:00:00,0.1677,0.1691,0.1657,0.1657,1432584.3
2025-07-13 20:00:00,0.1658,0.1672,0.1622,0.1646,1767005.1
2025-07-14 00:00:00,0.1645,0.1724,0.1633,0.1712,2560124.9
2025-07-14 04:00:00,0.1711,0.175,0.1695,0.1731,2575062.7
2025-07-14 08:00:00,0.1732,0.1739,0.1685,0.1704,2666356.5
2025-07-14 12:00:00,0.1704,0.1714,0.1638,0.1651,2374975.2
2025-07-14 16:00:00,0.165,0.1664,0.1597,0.1605,2020588.4
2025-07-14 20:00:00,0.1606,0.1642,0.159,0.1634,1972815.5
2025-07-15 00:00:00,0.1635,0.1644,0.1561,0.1578,2878504.0
2025-07-15 04:00:00,0.1578,0.1618,0.156,0.1607,2713305.4
2025-07-15 08:00:00,0.1607,0.1607,0.1568,0.1581,2611479.7
2025-07-15 12:00:00,0.1582,0.1638,0.1549,0.1624,3024071.6
2025-07-15 16:00:00,0.1625,0.1693,0.161,0.1617,4217721.2
2025-07-15 20:00:00,0.1617,0.1679,0.16,0.1673,1929347.9
2025-07-16 00:00:00,0.1673,0.1695,0.165,0.1664,2007903.7
2025-07-16 04:00:00,0.1664,0.1722,0.165,0.1719,2868633.6
2025-07-16 08:00:00,0.1718,0.1725,0.1693,0.17,2220970.0
2025-07-16 12:00:00,0.1701,0.1742,0.1683,0.1722,3249570.1
2025-07-16 16:00:00,0.1723,0.1773,0.1718,0.176,2894878.8
2025-07-16 20:00:00,0.1761,0.1817,0.1738,0.1748,3607900.4
2025-07-17 00:00:00,0.1748,0.1774,0.1688,0.1699,2446934.6
2025-07-17 04:00:00,0.1698,0.1721,0.1679,0.1711,2476120.2
2025-07-17 08:00:00,0.1712,0.1752,0.17,0.1734,2973652.2
2025-07-17 12:00:00,0.1733,0.1737,0.1658,0.1666,4144910.1
2025-07-17 16:00:00,0.1667,0.1692,0.1632,0.165,2951844.2
2025-07-17 20:00:00,0.165,0.1709,0.1633,0.169,2369697.5
2025-07-18 00:00:00,0.169,0.1761,0.1675,0.1755,3550345.0
2025-07-18 04:00:00,0.1757,0.1847,0.1748,0.1801,3994608.3
2025-07-18 08:00:00,0.1803,0.1854,0.1796,0.182,3050835.7
2025-07-18 12:00:00,0.182,0.196,0.1778,0.1786,12718995.9
2025-07-18 16:00:00,0.1787,0.1872,0.1787,0.1848,8362176.9
2025-07-18 20:00:00,0.1847,0.1853,0.176,0.1793,4958308.4
2025-07-19 00:00:00,0.1795,0.1809,0.1736,0.1809,2425071.5
2025-07-19 04:00:00,0.1809,0.199,0.1801,0.1911,16059218.2
2025-07-19 08:00:00,0.1911,0.2305,0.1911,0.2084,278228315.5
2025-07-19 12:00:00,0.2082,0.2085,0.1813,0.1824,62582650.0
2025-07-19 16:00:00,0.1825,0.1881,0.1786,0.1876,16436002.0
2025-07-19 20:00:00,0.1875,0.1966,0.1873,0.1931,14629959.1
2025-07-20 00:00:00,0.1931,0.1975,0.1905,0.1964,9594767.2
2025-07-20 04:00:00,0.1965,0.2085,0.195,0.1983,17101306.8
2025-07-20 08:00:00,0.1985,0.209,0.1978,0.2062,14232947.8
2025-07-20 12:00:00,0.2063,0.216,0.2042,0.2155,16265024.1
2025-07-20 16:00:00,0.2156,0.2174,0.2087,0.2088,8600721.9
2025-07-20 20:00:00,0.2087,0.211,0.2004,0.2042,6915050.4
2025-07-21 00:00:00,0.2041,0.2078,0.1993,0.2075,4074815.6
2025-07-21 04:00:00,0.2074,0.2081,0.203,0.2044,3409581.2
2025-07-21 08:00:00,0.2045,0.2058,0.1992,0.2021,4822729.7
2025-07-21 12:00:00,0.2022,0.2106,0.2014,0.2054,5562124.8
2025-07-21 16:00:00,0.2056,0.2067,0.1975,0.1987,5897582.0
2025-07-21 20:00:00,0.1987,0.2043,0.1979,0.2019,2583243.7
2025-07-22 00:00:00,0.2019,0.2056,0.1944,0.1992,4584719.8
2025-07-22 04:00:00,0.1991,0.1993,0.1899,0.1933,5423105.7
2025-07-22 08:00:00,0.1933,0.1976,0.1897,0.196,2338983.4
2025-07-22 12:00:00,0.196,0.2001,0.1922,0.1988,3439030.4
2025-07-22 16:00:00,0.1988,0.2014,0.1948,0.1962,2146645.2
2025-07-22 20:00:00,0.1961,0.2015,0.1957,0.2009,1119509.8
2025-07-23 00:00:00,0.2008,0.2018,0.1977,0.1998,1644715.2
2025-07-23 04:00:00,0.1999,0.2015,0.1929,0.1935,3171523.8
2025-07-23 08:00:00,0.1936,0.1953,0.1883,0.1922,2677863.1
2025-07-23 12:00:00,0.1922,0.1926,0.1801,0.1833,7585796.0
2025-07-23 16:00:00,0.1832,0.1833,0.1755,0.1788,4166563.0
2025-07-23 20:00:00,0.1787,0.1795,0.1712,0.1779,3590312.2
2025-07-24 00:00:00,0.178,0.1838,0.1775,0.1807,2811267.5
2025-07-24 04:00:00,0.1808,0.1815,0.1709,0.1751,5726731.9
2025-07-24 08:00:00,0.175,0.1862,0.1745,0.1841,6439482.5
2025-07-24 12:00:00,0.1842,0.1869,0.1784,0.185,4223190.4
2025-07-24 16:00:00,0.1851,0.1868,0.1794,0.1838,2682100.3
2025-07-24 20:00:00,0.1838,0.187,0.1798,0.1806,3076907.8
2025-07-25 00:00:00,0.1806,0.1817,0.1733,0.1758,2835098.5
2025-07-25 04:00:00,0.1756,0.1789,0.1731,0.177,2596003.9
2025-07-25 08:00:00,0.1769,0.183,0.1767,0.1824,2162065.7
2025-07-25 12:00:00,0.1823,0.1832,0.1726,0.1748,2694111.9
2025-07-25 16:00:00,0.175,0.1794,0.1735,0.1778,2464873.1
2025-07-25 20:00:00,0.1777,0.1835,0.1776,0.1825,1582420.1
2025-07-26 00:00:00,0.1824,0.1845,0.1809,0.1836,1915387.9
2025-07-26 04:00:00,0.1834,0.1847,0.1824,0.1831,1147943.9
2025-07-26 08:00:00,0.1832,0.1846,0.1826,0.1826,1762181.9
2025-07-26 12:00:00,0.1828,0.1836,0.1806,0.1834,1306417.1
2025-07-26 16:00:00,0.1834,0.1857,0.1818,0.1851,1810215.2
2025-07-26 20:00:00,0.1851,0.1851,0.1814,0.1816,1398039.4
2025-07-27 00:00:00,0.1817,0.1859,0.1813,0.1852,1214075.8
2025-07-27 04:00:00,0.1853,0.1866,0.1842,0.185,1127203.9
2025-07-27 08:00:00,0.185,0.1881,0.1828,0.1862,1368049.8
2025-07-27 12:00:00,0.1861,0.1869,0.1836,0.1855,1670006.6
2025-07-27 16:00:00,0.1856,0.191,0.1855,0.1888,2159719.2
2025-07-27 20:00:00,0.1889,0.1922,0.1881,0.1918,1780781.4
2025-07-28 00:00:00,0.1919,0.1944,0.1891,0.1933,2509813.0
2025-07-28 04:00:00,0.1932,0.1948,0.1907,0.1922,1797769.6
2025-07-28 08:00:00,0.1922,0.1929,0.1888,0.1895,1203330.9
2025-07-28 12:00:00,0.1896,0.1905,0.1818,0.1829,2516357.5
2025-07-28 16:00:00,0.1829,0.1832,0.1762,0.1777,2714077.9
2025-07-28 20:00:00,0.1777,0.178,0.1733,0.1753,2086512.5
2025-07-29 00:00:00,0.1753,0.1768,0.1711,0.1754,2053958.7
2025-07-29 04:00:00,0.1754,0.1824,0.1751,0.1819,2216608.7
2025-07-29 08:00:00,0.1819,0.1843,0.1769,0.1792,5452686.9
2025-07-29 12:00:00,0.1792,0.184,0.1729,0.1744,3760620.5
2025-07-29 16:00:00,0.1745,0.1763,0.1719,0.1731,1912942.0
2025-07-29 20:00:00,0.1731,0.1745,0.1697,0.1739,1875137.3
2025-07-30 00:00:00,0.1739,0.1776,0.1705,0.1758,2375705.0
2025-07-30 04:00:00,0.1758,0.1765,0.1714,0.1741,1291884.2
2025-07-30 08:00:00,0.1741,0.1755,0.1649,0.166,2979392.4
2025-07-30 12:00:00,0.1661,0.1726,0.1641,0.1716,2644204.6
2025-07-30 16:00:00,0.1718,0.1737,0.1655,0.1726,2803468.3
2025-07-30 20:00:00,0.1727,0.1746,0.1702,0.1735,2256061.7
2025-07-31 00:00:00,0.1735,0.1783,0.1735,0.1768,1558099.8
2025-07-31 04:00:00,0.1769,0.1776,0.1763,0.1768,1284194.2
2025-07-31 08:00:00,0.1768,0.179,0.175,0.1759,3460214.1
2025-07-31 12:00:00,0.1759,0.176,0.168,0.17,3259285.6
2025-07-31 16:00:00,0.1699,0.1737,0.1659,0.1664,2899176.9
2025-07-31 20:00:00,0.1663,0.1666,0.1584,0.1585,3370703.9
2025-08-01 00:00:00,0.1586,0.1623,0.1544,0.1604,4720934.2
2025-08-01 04:00:00,0.1605,0.1606,0.1574,0.1578,1954822.2
2025-08-01 08:00:00,0.1577,0.1582,0.1534,0.1571,2945936.2
2025-08-01 12:00:00,0.1571,0.16,0.1533,0.159,2747869.1
2025-08-01 16:00:00,0.159,0.1604,0.1552,0.1577,2167320.0
2025-08-01 20:00:00,0.1576,0.1582,0.1488,0.1548,3097391.7
2025-08-02 00:00:00,0.1548,0.1593,0.1542,0.159,1476854.1
2025-08-02 04:00:00,0.159,0.1603,0.152,0.1567,2482559.0
2025-08-02 08:00:00,0.1568,0.1571,0.1504,0.1521,1610643.7
2025-08-02 12:00:00,0.152,0.1528,0.1493,0.1503,2361184.5
2025-08-02 16:00:00,0.1502,0.1518,0.1464,0.1481,2689347.1
2025-08-02 20:00:00,0.1483,0.1512,0.1476,0.1494,1365796.7
2025-08-03 00:00:00,0.1495,0.1521,0.1475,0.1517,1677347.0
2025-08-03 04:00:00,0.1517,0.153,0.151,0.1525,841392.2
2025-08-03 08:00:00,0.1526,0.155,0.1521,0.1542,922033.4
2025-08-03 12:00:00,0.1542,0.1543,0.1518,0.1527,848055.6
2025-08-03 16:00:00,0.1527,0.1542,0.1518,0.1528,998736.2
2025-08-03 20:00:00,0.1528,0.1549,0.1522,0.1538,1429349.2
2025-08-04 00:00:00,0.1538,0.1574,0.153,0.1548,1539568.7
2025-08-04 04:00:00,0.1548,0.156,0.1531,0.1555,1616929.1
2025-08-04 08:00:00,0.1555,0.1561,0.1527,0.1536,1069548.1
2025-08-04 12:00:00,0.1537,0.1577,0.1529,0.1567,2317454.8
2025-08-04 16:00:00,0.1566,0.1601,0.1564,0.1577,1025381.3
2025-08-04 20:00:00,0.1576,0.1611,0.1574,0.16,1669737.9
2025-08-05 00:00:00,0.1601,0.1634,0.1588,0.1602,3662847.8
2025-08-05 04:00:00,0.1602,0.1641,0.1601,0.1622,2920475.1
2025-08-05 08:00:00,0.1622,0.1675,0.1604,0.167,7422530.7
2025-08-05 12:00:00,0.1671,0.1674,0.1565,0.1573,5027508.6
2025-08-05 16:00:00,0.1572,0.1587,0.1553,0.156,2330729.1
2025-08-05 20:00:00,0.1561,0.1579,0.1532,0.1573,2514653.5
2025-08-06 00:00:00,0.1573,0.1573,0.1531,0.1538,1069587.9
2025-08-06 04:00:00,0.1539,0.1596,0.1526,0.159,1509046.1
2025-08-06 08:00:00,0.1589,0.1601,0.1566,0.1579,2079467.0
2025-08-06 12:00:00,0.1578,0.159,0.1546,0.1587,2774117.5
2025-08-06 16:00:00,0.1587,0.1623,0.1584,0.1601,3792507.5
2025-08-06 20:00:00,0.1601,0.1603,0.1586,0.1593,733072.9
2025-08-07 00:00:00,0.1594,0.1606,0.1569,0.157,1350775.1
2025-08-07 04:00:00,0.157,0.1603,0.156,0.1595,2197914.5
2025-08-07 08:00:00,0.1594,0.1652,0.1591,0.1651,2212680.7
2025-08-07 12:00:00,0.1651,0.1656,0.1626,0.163,1469063.5
2025-08-07 16:00:00,0.1631,0.1658,0.1604,0.1658,2299996.6
2025-08-07 20:00:00,0.1656,0.1674,0.1638,0.1673,3002941.8
2025-08-08 00:00:00,0.1673,0.1703,0.1656,0.1684,3074853.5
2025-08-08 04:00:00,0.1684,0.1707,0.1673,0.1704,1587494.2
2025-08-08 08:00:00,0.1705,0.1724,0.1691,0.1709,1795342.4
2025-08-08 12:00:00,0.1709,0.1737,0.1675,0.169,1777724.3
2025-08-08 16:00:00,0.169,0.1781,0.1687,0.1779,2523569.8
2025-08-08 20:00:00,0.1779,0.1782,0.1752,0.1755,1769952.0
2025-08-09 00:00:00,0.1755,0.1775,0.1745,0.1768,1586339.4
2025-08-09 04:00:00,0.1768,0.1978,0.1757,0.1925,24417574.8
2025-08-09 08:00:00,0.1924,0.1925,0.185,0.1869,9692764.0
2025-08-09 12:00:00,0.187,0.1882,0.1822,0.1839,6634366.4
2025-08-09 16:00:00,0.184,0.1883,0.1838,0.1879,3006642.2
2025-08-09 20:00:00,0.1879,0.1925,0.1877,0.1915,3846362.2
2025-08-10 00:00:00,0.1912,0.1965,0.1891,0.191,6283954.2
2025-08-10 04:00:00,0.191,0.1929,0.1832,0.1837,3881471.8
2025-08-10 08:00:00,0.1836,0.1852,0.181,0.181,2739222.7
2025-08-10 12:00:00,0.1811,0.1839,0.1793,0.1817,3277747.9
2025-08-10 16:00:00,0.1816,0.1868,0.1809,0.1848,1746958.3
2025-08-10 20:00:00,0.1847,0.185,0.1812,0.1847,1384493.5
2025-08-11 00:00:00,0.1847,0.1899,0.1836,0.1888,2598436.1
2025-08-11 04:00:00,0.1889,0.1897,0.1816,0.1821,2214324.5
2025-08-11 08:00:00,0.182,0.1842,0.1737,0.1742,2901939.1
2025-08-11 12:00:00,0.1742,0.1805,0.173,0.1801,2185650.1
2025-08-11 16:00:00,0.1802,0.1831,0.1781,0.1819,3022762.9
2025-08-11 20:00:00,0.182,0.1845,0.1755,0.1758,2586443.4
2025-08-12 00:00:00,0.1759,0.1825,0.1759,0.1782,3926161.1
2025-08-12 04:00:00,0.1784,0.1851,0.1752,0.1786,6141956.9
2025-08-12 08:00:00,0.1787,0.1804,0.1736,0.1771,3122864.3
2025-08-12 12:00:00,0.1769,0.193,0.1754,0.1914,5320891.3
2025-08-12 16:00:00,0.1914,0.1916,0.1872,0.1889,3379439.9
2025-08-12 20:00:00,0.1889,0.1925,0.1889,0.1898,1770928.5
2025-08-13 00:00:00,0.1898,0.1942,0.1882,0.1913,4892422.2
2025-08-13 04:00:00,0.1913,0.1935,0.1895,0.1929,1599649.8
2025-08-13 08:00:00,0.1929,0.2013,0.1924,0.198,3883784.0
2025-08-13 12:00:00,0.1981,0.2008,0.1935,0.1967,5387946.4
2025-08-13 16:00:00,0.1968,0.1979,0.1931,0.1967,2024686.9
2025-08-13 20:00:00,0.1966,0.1989,0.1938,0.1978,2311115.5
2025-08-14 00:00:00,0.1978,0.2031,0.1946,0.2026,3629235.8
2025-08-14 04:00:00,0.2027,0.2042,0.197,0.1992,2641989.6
2025-08-14 08:00:00,0.1992,0.1993,0.1887,0.1904,7093631.0
2025-08-14 12:00:00,0.1904,0.1926,0.1766,0.1816,8745765.9
2025-08-14 16:00:00,0.1816,0.1816,0.1749,0.1772,2532555.4
2025-08-14 20:00:00,0.1773,0.1779,0.1732,0.1768,1456259.8
2025-08-15 00:00:00,0.1769,0.1838,0.1761,0.1827,1513474.8
2025-08-15 04:00:00,0.1827,0.1847,0.1809,0.1834,1385971.4
2025-08-15 08:00:00,0.1834,0.1844,0.1811,0.1816,1057262.9
2025-08-15 12:00:00,0.1816,0.1837,0.1699,0.1725,6195016.5
2025-08-15 16:00:00,0.1724,0.1761,0.17,0.1728,2185768.7
2025-08-15 20:00:00,0.1727,0.1784,0.1721,0.1763,1178413.9
2025-08-16 00:00:00,0.1762,0.1788,0.1754,0.1778,1086864.8
2025-08-16 04:00:00,0.1779,0.1799,0.1774,0.1793,904884.2
2025-08-16 08:00:00,0.1793,0.1803,0.1764,0.1769,1782212.8
2025-08-16 12:00:00,0.177,0.1824,0.177,0.1813,1725461.3
2025-08-16 16:00:00,0.1814,0.1818,0.1785,0.1785,1416539.3
2025-08-16 20:00:00,0.1785,0.1809,0.1785,0.1795,1123419.4
2025-08-17 00:00:00,0.1795,0.181,0.1772,0.1803,1408462.6
2025-08-17 04:00:00,0.1803,0.1823,0.1796,0.1818,863347.5
2025-08-17 08:00:00,0.1818,0.1837,0.1814,0.1832,915940.6
2025-08-17 12:00:00,0.1832,0.1833,0.1804,0.1831,1115474.2
2025-08-17 16:00:00,0.1832,0.1842,0.1767,0.1772,1496099.8
2025-08-17 20:00:00,0.1772,0.1808,0.1763,0.1783,3542574.2
2025-08-18 00:00:00,0.1782,0.1788,0.17,0.1723,3491667.5
2025-08-18 04:00:00,0.1723,0.1748,0.1688,0.1701,2183381.3
2025-08-18 08:00:00,0.1701,0.1713,0.1672,0.1702,2159677.4
2025-08-18 12:00:00,0.1703,0.1731,0.1668,0.1703,2331474.7
2025-08-18 16:00:00,0.1702,0.1733,0.1679,0.172,5581349.1
2025-08-18 20:00:00,0.172,0.1749,0.1715,0.1718,2762454.2
2025-08-19 00:00:00,0.1719,0.1764,0.169,0.1699,2882674.1
2025-08-19 04:00:00,0.1697,0.1722,0.1653,0.1667,3108108.8
2025-08-19 08:00:00,0.1668,0.1712,0.1657,0.1701,2314036.3
2025-08-19 12:00:00,0.1702,0.1705,0.1637,0.1667,3358402.2
2025-08-19 16:00:00,0.1667,0.1667,0.1625,0.1647,1919122.5
2025-08-19 20:00:00,0.1647,0.1668,0.1629,0.1634,2493275.3
2025-08-20 00:00:00,0.1634,0.1681,0.163,0.1664,1503020.3
2025-08-20 04:00:00,0.1665,0.169,0.1665,0.1673,920127.8
2025-08-20 08:00:00,0.1673,0.1704,0.1651,0.168,1425220.8
2025-08-20 12:00:00,0.1681,0.1729,0.1633,0.1706,3765742.9
2025-08-20 16:00:00,0.1706,0.1757,0.1706,0.1754,1899335.8
2025-08-20 20:00:00,0.1754,0.1774,0.1742,0.1766,1858322.7
2025-08-21 00:00:00,0.1767,0.1813,0.1756,0.1797,3433299.8
2025-08-21 04:00:00,0.1798,0.1826,0.1773,0.1812,4261341.0
2025-08-21 08:00:00,0.1812,0.1815,0.173,0.1754,4775549.1
2025-08-21 12:00:00,0.1753,0.1788,0.1727,0.1734,3792726.1
2025-08-21 16:00:00,0.1735,0.1736,0.1699,0.1703,2147520.3
2025-08-21 20:00:00,0.1704,0.1753,0.1702,0.1715,2789173.2
2025-08-22 00:00:00,0.1715,0.1768,0.1702,0.1732,2151399.6
2025-08-22 04:00:00,0.1732,0.1751,0.1716,0.1742,1464247.6
2025-08-22 08:00:00,0.1741,0.1751,0.1692,0.1694,1238264.3
2025-08-22 12:00:00,0.1694,0.1835,0.1645,0.1814,8862327.3
2025-08-22 16:00:00,0.1813,0.1889,0.1813,0.188,3323850.8
2025-08-22 20:00:00,0.188,0.1908,0.1873,0.1893,2253669.1
2025-08-23 00:00:00,0.1893,0.193,0.1837,0.1852,3092187.8
2025-08-23 04:00:00,0.1852,0.1907,0.1849,0.1857,1734976.6
2025-08-23 08:00:00,0.1858,0.1867,0.1831,0.1838,1393170.2
2025-08-23 12:00:00,0.1838,0.185,0.1817,0.1833,1545823.5
2025-08-23 16:00:00,0.1834,0.1856,0.1823,0.1856,929330.8
2025-08-23 20:00:00,0.1855,0.1867,0.1835,0.1853,768989.2
2025-08-24 00:00:00,0.1855,0.1865,0.1829,0.1844,970082.2
2025-08-24 04:00:00,0.1844,0.1847,0.1796,0.18,1514770.8
2025-08-24 08:00:00,0.18,0.1811,0.1766,0.1779,1673480.8
2025-08-24 12:00:00,0.178,0.1813,0.1773,0.1793,1170930.7
2025-08-24 16:00:00,0.1793,0.1891,0.1784,0.1812,3537594.0
2025-08-24 20:00:00,0.1814,0.1822,0.1766,0.1799,3170325.2
2025-08-25 00:00:00,0.1798,0.1823,0.1756,0.1805,1992048.6
2025-08-25 04:00:00,0.1804,0.1807,0.1707,0.1713,1915614.5
2025-08-25 08:00:00,0.1714,0.1727,0.1689,0.1708,1633813.1
2025-08-25 12:00:00,0.1707,0.1731,0.169,0.1695,1774250.7
2025-08-25 16:00:00,0.1695,0.1711,0.1634,0.1635,1856471.8
2025-08-25 20:00:00,0.1635,0.164,0.1577,0.1614,5398086.4
2025-08-26 00:00:00,0.1615,0.1646,0.1598,0.1624,1736747.0
2025-08-26 04:00:00,0.1626,0.1656,0.1619,0.1641,1120640.2
2025-08-26 08:00:00,0.1641,0.1643,0.1611,0.1622,971654.4
2025-08-26 12:00:00,0.1623,0.1673,0.161,0.1654,1897873.5
2025-08-26 16:00:00,0.1654,0.1688,0.1647,0.1683,1057545.7
2025-08-26 20:00:00,0.1684,0.1694,0.1664,0.1669,1077373.3
2025-08-27 00:00:00,0.1669,0.1699,0.1655,0.169,1377895.1
2025-08-27 04:00:00,0.169,0.1707,0.166,0.1667,1340207.4
2025-08-27 08:00:00,0.1667,0.168,0.1652,0.167,964026.7
2025-08-27 12:00:00,0.1669,0.1693,0.165,0.1673,1580133.5
2025-08-27 16:00:00,0.1674,0.1675,0.1622,0.1628,2094259.1
2025-08-27 20:00:00,0.1627,0.1654,0.1596,0.1604,2880663.6
2025-08-28 00:00:00,0.1604,0.1643,0.1603,0.1638,1754550.5
2025-08-28 04:00:00,0.1638,0.1661,0.1632,0.1654,1044248.5
2025-08-28 08:00:00,0.1654,0.1667,0.1604,0.1624,2879805.3
2025-08-28 12:00:00,0.1625,0.1692,0.1615,0.1624,8887231.2
2025-08-28 16:00:00,0.1624,0.1636,0.1594,0.1595,2155693.9
2025-08-28 20:00:00,0.1595,0.1645,0.1593,0.1644,1029523.7
2025-08-29 00:00:00,0.1644,0.1656,0.1615,0.1623,1793670.1
2025-08-29 04:00:00,0.1623,0.1631,0.1574,0.1575,2577902.5
2025-08-29 08:00:00,0.1576,0.1584,0.1536,0.1555,3231224.4
2025-08-29 12:00:00,0.1555,0.1598,0.1523,0.1538,4562795.7
2025-08-29 16:00:00,0.1539,0.1549,0.1517,0.154,1979041.9
2025-08-29 20:00:00,0.1539,0.1562,0.1524,0.1556,1727175.8
2025-08-30 00:00:00,0.1558,0.1581,0.1527,0.1569,1582929.8
2025-08-30 04:00:00,0.1571,0.1594,0.156,0.1594,1336049.2
2025-08-30 08:00:00,0.1595,0.1597,0.1576,0.1584,1003350.0
2025-08-30 12:00:00,0.1584,0.1586,0.1548,0.1566,1276098.1
2025-08-30 16:00:00,0.1567,0.1569,0.1545,0.1555,931410.4
2025-08-30 20:00:00,0.1556,0.1566,0.1548,0.1563,773900.5
2025-08-31 00:00:00,0.1563,0.1595,0.1559,0.1593,1695219.5
2025-08-31 04:00:00,0.1593,0.1594,0.1572,0.1578,617725.1
2025-08-31 08:00:00,0.1579,0.1594,0.156,0.1572,1604488.5
2025-08-31 12:00:00,0.1573,0.1573,0.1543,0.1561,1160799.0
2025-08-31 16:00:00,0.1562,0.1567,0.155,0.1551,1173692.2
2025-08-31 20:00:00,0.1553,0.156,0.1519,0.1522,1073227.8
2025-09-01 00:00:00,0.1521,0.1542,0.15,0.1509,4014411.7
2025-09-01 04:00:00,0.1509,0.154,0.1488,0.154,1983053.3
2025-09-01 08:00:00,0.1539,0.1564,0.1485,0.1491,3843059.6
2025-09-01 12:00:00,0.1492,0.1502,0.1458,0.1464,2086098.9
2025-09-01 16:00:00,0.1464,0.1473,0.1441,0.1448,3291028.3
2025-09-01 20:00:00,0.1448,0.1448,0.1405,0.1442,3180162.0
2025-09-02 00:00:00,0.1441,0.1481,0.1435,0.1479,2467564.8
2025-09-02 04:00:00,0.1479,0.1485,0.1459,0.1465,1317819.0
2025-09-02 08:00:00,0.1465,0.1481,0.1457,0.146,1419032.8
2025-09-02 12:00:00,0.1461,0.1487,0.1425,0.1431,3585521.9
2025-09-02 16:00:00,0.1432,0.1455,0.1408,0.1413,2735324.3
2025-09-02 20:00:00,0.1415,0.1448,0.1411,0.1438,1802219.3
2025-09-03 00:00:00,0.1438,0.1455,0.1418,0.1453,1714079.5
2025-09-03 04:00:00,0.1454,0.1454,0.1425,0.144,1867966.7
2025-09-03 08:00:00,0.144,0.1459,0.1431,0.145,1411500.7
2025-09-03 12:00:00,0.145,0.1479,0.144,0.1473,1899935.1
2025-09-03 16:00:00,0.1472,0.1477,0.1457,0.1469,1270818.8
2025-09-03 20:00:00,0.1469,0.147,0.1436,0.1439,1871322.7
2025-09-04 00:00:00,0.144,0.1459,0.1418,0.1418,2124358.3
2025-09-04 04:00:00,0.1419,0.1422,0.1377,0.1393,4492683.4
2025-09-04 08:00:00,0.1393,0.1403,0.1389,0.139,1393262.8
2025-09-04 12:00:00,0.1391,0.1398,0.136,0.1364,2407583.7
2025-09-04 16:00:00,0.1363,0.1375,0.1348,0.1351,1922036.0
2025-09-04 20:00:00,0.1351,0.1371,0.135,0.1352,1318363.0
2025-09-05 00:00:00,0.1351,0.1379,0.1349,0.1377,2163877.0
2025-09-05 04:00:00,0.1376,0.1409,0.137,0.1408,1603543.3
2025-09-05 08:00:00,0.1408,0.141,0.1381,0.1385,1999199.4
2025-09-05 12:00:00,0.1385,0.1406,0.1345,0.1359,4175670.8
2025-09-05 16:00:00,0.1358,0.136,0.1332,0.1343,2287975.1
2025-09-05 20:00:00,0.1344,0.1368,0.1328,0.1358,3241535.8
2025-09-06 00:00:00,0.1358,0.1365,0.1346,0.1352,1417227.1
2025-09-06 04:00:00,0.1352,0.1354,0.1322,0.1325,2628279.3
2025-09-06 08:00:00,0.1326,0.1345,0.1325,0.1336,2640229.1
2025-09-06 12:00:00,0.1336,0.1352,0.1327,0.1333,2512939.3
2025-09-06 16:00:00,0.1333,0.1338,0.1314,0.1316,2317281.1
2025-09-06 20:00:00,0.1317,0.133,0.1317,0.1324,1808012.8
2025-09-07 00:00:00,0.1324,0.136,0.1323,0.1344,2531442.5
2025-09-07 04:00:00,0.1346,0.1349,0.1328,0.1338,2082098.8
2025-09-07 08:00:00,0.1338,0.135,0.1335,0.1342,2013002.3
2025-09-07 12:00:00,0.1342,0.135,0.1328,0.1339,2703743.5
2025-09-07 16:00:00,0.1339,0.1341,0.1318,0.1328,1962988.4
2025-09-07 20:00:00,0.1327,0.1353,0.1324,0.1345,1323325.3
2025-09-08 00:00:00,0.1344,0.1367,0.1336,0.136,1930025.7
2025-09-08 04:00:00,0.136,0.1365,0.1343,0.1346,2200550.7
2025-09-08 08:00:00,0.1347,0.1372,0.1345,0.1359,3585065.3
2025-09-08 12:00:00,0.1359,0.1385,0.135,0.1378,3280618.7
2025-09-08 16:00:00,0.1378,0.1383,0.1358,0.1366,2233842.9
2025-09-08 20:00:00,0.1367,0.1376,0.1345,0.1366,1947802.6
2025-09-09 00:00:00,0.1366,0.1375,0.1346,0.1367,2328503.1
2025-09-09 04:00:00,0.1368,0.1427,0.1359,0.142,2857173.2
2025-09-09 08:00:00,0.1421,0.1439,0.1406,0.1407,2688422.6
2025-09-09 12:00:00,0.1406,0.1419,0.1347,0.1355,5173420.9
2025-09-09 16:00:00,0.1355,0.1359,0.1341,0.1352,1957088.8
2025-09-09 20:00:00,0.1352,0.1364,0.1345,0.1361,956499.1
2025-09-10 00:00:00,0.1361,0.1383,0.135,0.1381,1668890.9
2025-09-10 04:00:00,0.1381,0.1412,0.137,0.1393,3491407.8
2025-09-10 08:00:00,0.1394,0.1401,0.1386,0.1394,1781062.1
2025-09-10 12:00:00,0.1394,0.1423,0.1393,0.1408,2802844.3
2025-09-10 16:00:00,0.1409,0.1411,0.1372,0.1376,2333266.7
2025-09-10 20:00:00,0.1375,0.1398,0.1375,0.1394,1284560.3
2025-09-11 00:00:00,0.1394,0.142,0.1392,0.1419,1847193.4
2025-09-11 04:00:00,0.142,0.1486,0.1409,0.1461,8473293.3
2025-09-11 08:00:00,0.1461,0.1462,0.1423,0.1425,4014955.1
2025-09-11 12:00:00,0.1425,0.144,0.1374,0.1403,5811726.2
2025-09-11 16:00:00,0.1403,0.1418,0.14,0.1415,1753295.6
2025-09-11 20:00:00,0.1415,0.1427,0.1407,0.1423,1366561.4
2025-09-12 00:00:00,0.1423,0.1432,0.1413,0.1415,2377536.7
2025-09-12 04:00:00,0.1416,0.1464,0.1411,0.1447,3100311.7
2025-09-12 08:00:00,0.1446,0.1447,0.1426,0.1429,2386856.4
2025-09-12 12:00:00,0.1429,0.1449,0.1417,0.1439,1994075.3
2025-09-12 16:00:00,0.1439,0.147,0.1435,0.1468,2392382.0
2025-09-12 20:00:00,0.1469,0.1497,0.1458,0.1493,2127308.4
2025-09-13 00:00:00,0.1494,0.1547,0.1486,0.1532,7091885.5
2025-09-13 04:00:00,0.1532,0.1563,0.1521,0.1555,4286941.0
2025-09-13 08:00:00,0.1555,0.157,0.1549,0.1564,3853900.5
2025-09-13 12:00:00,0.1565,0.1576,0.1504,0.1544,8672090.9
2025-09-13 16:00:00,0.1544,0.1551,0.1511,0.1545,5655555.7
2025-09-13 20:00:00,0.1546,0.156,0.1543,0.1552,1274223.5
2025-09-14 00:00:00,0.1551,0.1556,0.1516,0.1519,2473608.4
2025-09-14 04:00:00,0.1519,0.1537,0.1505,0.1516,1711311.2
2025-09-14 08:00:00,0.1515,0.1523,0.1474,0.1477,2398014.5
2025-09-14 12:00:00,0.1477,0.149,0.1441,0.1449,3920691.7
2025-09-14 16:00:00,0.1448,0.1471,0.1443,0.1453,1569750.5
2025-09-14 20:00:00,0.1453,0.1469,0.1446,0.1453,1562347.9
2025-09-15 00:00:00,0.1454,0.1492,0.1447,0.1484,2428831.8
2025-09-15 04:00:00,0.1485,0.1492,0.1407,0.1408,4820342.4
2025-09-15 08:00:00,0.1408,0.1413,0.1372,0.1386,7673795.0
2025-09-15 12:00:00,0.1386,0.1397,0.1318,0.1337,6947757.7
2025-09-15 16:00:00,0.1337,0.1348,0.132,0.1337,2588562.4
2025-09-15 20:00:00,0.1337,0.1353,0.1335,0.1346,1442512.2
2025-09-16 00:00:00,0.1346,0.1349,0.1334,0.1341,2272190.5
2025-09-16 04:00:00,0.1341,0.136,0.1322,0.1351,2248791.5
2025-09-16 08:00:00,0.1351,0.1363,0.1342,0.1349,1964044.3
2025-09-16 12:00:00,0.135,0.137,0.1331,0.1369,3096530.8
2025-09-16 16:00:00,0.137,0.1393,0.1367,0.1385,3251395.0
2025-09-16 20:00:00,0.1384,0.1402,0.138,0.1389,1576110.6
2025-09-17 00:00:00,0.1389,0.1402,0.1372,0.1373,2360917.9
2025-09-17 04:00:00,0.1373,0.139,0.1354,0.138,2217213.9
2025-09-17 08:00:00,0.138,0.1381,0.1344,0.1351,1802833.6
2025-09-17 12:00:00,0.1353,0.1354,0.1309,0.1312,3422643.4
2025-09-17 16:00:00,0.1312,0.1363,0.1297,0.136,5874703.2
2025-09-17 20:00:00,0.1359,0.1397,0.1337,0.1388,3467020.3
2025-09-18 00:00:00,0.1387,0.1398,0.1377,0.139,2561908.6
2025-09-18 04:00:00,0.1391,0.1395,0.137,0.138,1774039.5
2025-09-18 08:00:00,0.1379,0.1405,0.1369,0.1375,8538497.6
2025-09-18 12:00:00,0.1375,0.1395,0.1361,0.1386,4268631.8
2025-09-18 16:00:00,0.1386,0.1403,0.1378,0.1396,3177370.9
2025-09-18 20:00:00,0.1395,0.1415,0.1386,0.1398,4077036.3
2025-09-19 00:00:00,0.1397,0.1412,0.1367,0.137,2864565.0
2025-09-19 04:00:00,0.1369,0.1386,0.1347,0.1356,2280776.7
2025-09-19 08:00:00,0.1356,0.1368,0.133,0.1336,2526861.8
2025-09-19 12:00:00,0.1335,0.1346,0.131,0.1317,3063327.4
2025-09-19 16:00:00,0.1317,0.1327,0.1298,0.1298,1917560.9
2025-09-19 20:00:00,0.1298,0.1309,0.1278,0.1297,2984277.3
2025-09-20 00:00:00,0.1297,0.1301,0.128,0.1292,2848205.6
2025-09-20 04:00:00,0.1292,0.1306,0.1285,0.1304,2873293.6
2025-09-20 08:00:00,0.1305,0.1305,0.1269,0.1285,4037468.6
2025-09-20 12:00:00,0.1286,0.1314,0.1275,0.1306,4527777.7
2025-09-20 16:00:00,0.1306,0.1313,0.1286,0.1293,2788036.6
2025-09-20 20:00:00,0.1293,0.1309,0.1288,0.1295,2016264.5
2025-09-21 00:00:00,0.1295,0.1299,0.1275,0.1291,2541763.5
2025-09-21 04:00:00,0.1292,0.1327,0.1283,0.1315,3274828.7
2025-09-21 08:00:00,0.1316,0.1322,0.127,0.1275,3276135.6
2025-09-21 12:00:00,0.1276,0.13,0.1275,0.1289,2278880.7
2025-09-21 16:00:00,0.129,0.1303,0.1276,0.1295,2327643.3
2025-09-21 20:00:00,0.1295,0.1299,0.1279,0.1285,1644414.1
2025-09-22 00:00:00,0.1285,0.1289,0.121,0.1232,7354081.7
2025-09-22 04:00:00,0.1232,0.1241,0.1092,0.1165,9653630.3
2025-09-22 08:00:00,0.1166,0.1171,0.1139,0.1143,3396419.5
2025-09-22 12:00:00,0.1143,0.1162,0.1132,0.1134,3916136.0
2025-09-22 16:00:00,0.1134,0.1141,0.112,0.1134,4030267.2
2025-09-22 20:00:00,0.1134,0.1161,0.1132,0.1155,2020303.9
2025-09-23 00:00:00,0.1155,0.116,0.1116,0.1139,1948277.7
2025-09-23 04:00:00,0.1139,0.1157,0.1132,0.1146,1807102.0
2025-09-23 08:00:00,0.1146,0.1155,0.1132,0.1136,1532926.2
2025-09-23 12:00:00,0.1136,0.1141,0.1107,0.1116,4770272.2
2025-09-23 16:00:00,0.1116,0.1132,0.1107,0.1117,2781663.4
2025-09-23 20:00:00,0.1116,0.1133,0.1114,0.1126,1215272.5
2025-09-24 00:00:00,0.1126,0.1148,0.1119,0.1125,2197558.5
2025-09-24 04:00:00,0.1124,0.1146,0.1102,0.1141,3197694.2
2025-09-24 08:00:00,0.1142,0.1158,0.1138,0.1151,1811059.3
2025-09-24 12:00:00,0.1152,0.1169,0.1146,0.1147,2127250.2
2025-09-24 16:00:00,0.1148,0.1153,0.1137,0.1142,1435300.3
2025-09-24 20:00:00,0.1141,0.1145,0.1129,0.1141,1741829.4
2025-09-25 00:00:00,0.1141,0.1144,0.1104,0.1111,2454203.3
2025-09-25 04:00:00,0.1111,0.1127,0.1092,0.1112,3430058.7
2025-09-25 08:00:00,0.1113,0.1119,0.1096,0.1101,2479853.8
2025-09-25 12:00:00,0.11,0.1114,0.1078,0.1106,3770449.4
2025-09-25 16:00:00,0.1106,0.1114,0.1049,0.1081,5556206.8
2025-09-25 20:00:00,0.1082,0.1096,0.1066,0.1082,2613505.6
2025-09-26 00:00:00,0.1083,0.1105,0.1078,0.1103,2083748.9
2025-09-26 04:00:00,0.1103,0.1113,0.1082,0.1093,1877725.4
2025-09-26 08:00:00,0.1093,0.1098,0.1066,0.1077,2175088.6
2025-09-26 12:00:00,0.1076,0.1098,0.1061,0.1092,3757239.0
2025-09-26 16:00:00,0.1093,0.1125,0.1091,0.1112,2380877.5
2025-09-26 20:00:00,0.1112,0.1122,0.1105,0.112,1181288.3
2025-09-27 00:00:00,0.1121,0.1133,0.1117,0.1126,1368547.1
2025-09-27 04:00:00,0.1127,0.114,0.1126,0.1133,1393019.9
2025-09-27 08:00:00,0.1133,0.1133,0.1111,0.1117,1613257.9
2025-09-27 12:00:00,0.1117,0.1125,0.1111,0.1123,1400216.5
2025-09-27 16:00:00,0.1124,0.1125,0.1104,0.1113,1333931.4
2025-09-27 20:00:00,0.1114,0.1126,0.1101,0.1102,1590613.7
2025-09-28 00:00:00,0.1101,0.1106,0.1077,0.1084,2075130.0
2025-09-28 04:00:00,0.1083,0.1092,0.1075,0.1082,1736603.8
2025-09-28 08:00:00,0.1082,0.1086,0.1067,0.1083,4431232.0
2025-09-28 12:00:00,0.1084,0.1099,0.1072,0.1095,1767015.3
2025-09-28 16:00:00,0.1094,0.1103,0.1082,0.1089,1737722.2
2025-09-28 20:00:00,0.1088,0.1124,0.1087,0.1124,2068408.0
2025-09-29 00:00:00,0.1123,0.113,0.1115,0.1124,1918225.8
2025-09-29 04:00:00,0.1124,0.1128,0.1105,0.1112,3084810.4
2025-09-29 08:00:00,0.1113,0.113,0.1099,0.1111,2479761.0
2025-09-29 12:00:00,0.111,0.1129,0.1088,0.1117,3852708.9
2025-09-29 16:00:00,0.1118,0.1132,0.1102,0.1118,3326179.0
2025-09-29 20:00:00,0.1117,0.1148,0.1117,0.1128,2893559.6
2025-09-30 00:00:00,0.1128,0.1133,0.1106,0.1119,2894669.0
2025-09-30 04:00:00,0.1121,0.1131,0.1111,0.1115,2218404.1
2025-09-30 08:00:00,0.1114,0.1116,0.1088,0.11,1766382.8
2025-09-30 12:00:00,0.11,0.1101,0.1071,0.108,2939660.0
2025-09-30 16:00:00,0.108,0.1095,0.1062,0.1093,2965743.6
2025-09-30 20:00:00,0.1094,0.111,0.1084,0.1102,1425752.3
2025-10-01 00:00:00,0.11,0.1109,0.109,0.1093,1384883.3
2025-10-01 04:00:00,0.1092,0.1106,0.1091,0.1097,1810576.2
2025-10-01 08:00:00,0.1097,0.1159,0.1096,0.1153,3341823.2
2025-10-01 12:00:00,0.1154,0.1164,0.1148,0.116,1772835.2
2025-10-01 16:00:00,0.1161,0.118,0.1141,0.1177,3934319.2
2025-10-01 20:00:00,0.1176,0.118,0.1165,0.1177,1233188.0
2025-10-02 00:00:00,0.1178,0.1209,0.1175,0.12,2124445.3
2025-10-02 04:00:00,0.1201,0.1223,0.1197,0.1208,2303957.9
2025-10-02 08:00:00,0.1208,0.1216,0.1205,0.1208,1105890.0
2025-10-02 12:00:00,0.1208,0.1214,0.1182,0.1201,2663218.4
2025-10-02 16:00:00,0.1202,0.1235,0.1194,0.1232,2013045.8
2025-10-02 20:00:00,0.1232,0.1237,0.1195,0.1201,2212603.9
2025-10-03 00:00:00,0.1201,0.1217,0.1183,0.1199,3469611.2
2025-10-03 04:00:00,0.12,0.1213,0.1192,0.1198,1311940.2
2025-10-03 08:00:00,0.1197,0.1207,0.1187,0.1203,1148256.7
2025-10-03 12:00:00,0.1202,0.1221,0.1184,0.122,1717786.4
2025-10-03 16:00:00,0.1221,0.1247,0.1198,0.122,3287528.8
2025-10-03 20:00:00,0.1221,0.123,0.1214,0.1218,1104667.9
2025-10-04 00:00:00,0.122,0.1231,0.1194,0.12,1345574.7
2025-10-04 04:00:00,0.1199,0.1213,0.1195,0.1208,1383352.7
2025-10-04 08:00:00,0.1208,0.1211,0.1181,0.1186,1218138.6
2025-10-04 12:00:00,0.1186,0.1196,0.1165,0.1167,1425159.2
2025-10-04 16:00:00,0.1168,0.1184,0.1161,0.1177,1904219.5
2025-10-04 20:00:00,0.1177,0.118,0.1172,0.1178,537419.6
2025-10-05 00:00:00,0.1179,0.1211,0.1162,0.1197,1599229.3
2025-10-05 04:00:00,0.1198,0.1228,0.1197,0.1227,1756502.4
2025-10-05 08:00:00,0.1228,0.123,0.1188,0.1196,2105426.9
2025-10-05 12:00:00,0.1195,0.1208,0.1188,0.1206,1399983.3
2025-10-05 16:00:00,0.1207,0.1211,0.1179,0.118,1881858.6
2025-10-05 20:00:00,0.1181,0.1188,0.1174,0.118,1140543.2
2025-10-06 00:00:00,0.1181,0.1193,0.1172,0.1181,1898620.0
2025-10-06 04:00:00,0.118,0.1191,0.1167,0.1178,1004377.5
2025-10-06 08:00:00,0.1178,0.1199,0.1176,0.1194,1554310.8
2025-10-06 12:00:00,0.1195,0.125,0.1194,0.1244,3078523.2
2025-10-06 16:00:00,0.1244,0.1258,0.1231,0.1246,2418858.6
2025-10-06 20:00:00,0.1246,0.126,0.1217,0.1218,2384428.8
2025-10-07 00:00:00,0.1218,0.1228,0.1209,0.1218,2144094.4
2025-10-07 04:00:00,0.1219,0.1235,0.1207,0.1214,1792115.9
2025-10-07 08:00:00,0.1214,0.1217,0.1197,0.1215,2454347.2
2025-10-07 12:00:00,0.1214,0.1227,0.1146,0.1152,4036308.2
2025-10-07 16:00:00,0.1152,0.1163,0.114,0.1146,2351152.2
2025-10-07 20:00:00,0.1147,0.1161,0.1134,0.114,1770280.9
2025-10-08 00:00:00,0.114,0.115,0.1119,0.1128,2581615.6
2025-10-08 04:00:00,0.1129,0.1142,0.1119,0.1141,1844863.9
2025-10-08 08:00:00,0.1141,0.1163,0.1141,0.1153,2041480.0
2025-10-08 12:00:00,0.1153,0.1182,0.1151,0.1161,2505500.7
2025-10-08 16:00:00,0.1161,0.1192,0.1158,0.1177,2156912.2
2025-10-08 20:00:00,0.1178,0.1181,0.1167,0.1172,1031969.4
2025-10-09 00:00:00,0.1173,0.1177,0.1128,0.1139,2105052.8
2025-10-09 04:00:00,0.1139,0.1155,0.113,0.1132,1552788.1
2025-10-09 08:00:00,0.1132,0.1132,0.1097,0.1111,2969124.6
2025-10-09 12:00:00,0.111,0.1131,0.11,0.1112,3284522.8
2025-10-09 16:00:00,0.1112,0.1145,0.1109,0.1141,2858825.6
2025-10-09 20:00:00,0.114,0.1149,0.1133,0.1144,1249091.3
2025-10-10 00:00:00,0.1145,0.1168,0.1141,0.1158,1654603.7
2025-10-10 04:00:00,0.1158,0.1161,0.1125,0.1126,2469866.4
2025-10-10 08:00:00,0.1126,0.115,0.1124,0.1147,1737414.0
2025-10-10 12:00:00,0.1148,0.1151,0.107,0.1082,6483168.4
2025-10-10 16:00:00,0.1082,0.1094,0.1015,0.1026,5414157.2
2025-10-10 20:00:00,0.1026,0.1028,0.0439,0.0795,61172043.3
2025-10-11 00:00:00,0.0795,0.0845,0.0781,0.0807,16423974.5
2025-10-11 04:00:00,0.0807,0.0822,0.0787,0.0798,6990613.0
2025-10-11 08:00:00,0.0798,0.0842,0.0796,0.0841,8978263.6
2025-10-11 12:00:00,0.084,0.0851,0.0807,0.084,4671991.2
2025-10-11 16:00:00,0.084,0.0846,0.0793,0.0801,3427245.4
2025-10-11 20:00:00,0.0799,0.0801,0.0756,0.0792,5956800.4
2025-10-12 00:00:00,0.0792,0.0794,0.0753,0.077,6899667.3
2025-10-12 04:00:00,0.0769,0.0793,0.0769,0.0791,3777386.3
2025-10-12 08:00:00,0.0791,0.0795,0.0772,0.0791,3946872.1
2025-10-12 12:00:00,0.0792,0.0808,0.0768,0.0804,6497378.4
2025-10-12 16:00:00,0.0805,0.086,0.0802,0.0832,11218655.9
2025-10-12 20:00:00,0.0832,0.0837,0.0806,0.0809,7745448.2
2025-10-13 00:00:00,0.081,0.0842,0.0805,0.0834,10205270.6
2025-10-13 04:00:00,0.0834,0.0862,0.0825,0.0849,3967458.1
2025-10-13 08:00:00,0.0849,0.0869,0.0829,0.085,5574419.9
2025-10-13 12:00:00,0.0849,0.0856,0.0818,0.0849,12099287.5
2025-10-13 16:00:00,0.0849,0.0878,0.0839,0.0872,4859449.9
2025-10-13 20:00:00,0.0873,0.0884,0.0866,0.0872,2584606.8
2025-10-14 00:00:00,0.0871,0.0876,0.0843,0.0847,3553647.7
2025-10-14 04:00:00,0.0847,0.0849,0.0769,0.0788,9346188.6
2025-10-14 08:00:00,0.0788,0.0821,0.0779,0.0815,12085581.3
2025-10-14 12:00:00,0.0816,0.0844,0.0797,0.0842,5640206.7
2025-10-14 16:00:00,0.0844,0.0867,0.0833,0.0856,4933087.1
2025-10-14 20:00:00,0.0856,0.0868,0.085,0.0865,2203658.2
2025-10-15 00:00:00,0.0865,0.0872,0.0846,0.0854,3410727.5
2025-10-15 04:00:00,0.0855,0.0878,0.085,0.0877,2866235.5
2025-10-15 08:00:00,0.0877,0.0891,0.0864,0.0872,4009259.1
2025-10-15 12:00:00,0.0873,0.088,0.0846,0.0853,5848372.8
2025-10-15 16:00:00,0.0855,0.0916,0.0853,0.0898,13724058.8
2025-10-15 20:00:00,0.0898,0.09,0.0859,0.0879,6250905.3
2025-10-16 00:00:00,0.0879,0.0882,0.0868,0.087,3294009.3
2025-10-16 04:00:00,0.0869,0.0895,0.0862,0.088,3776130.2
2025-10-16 08:00:00,0.0879,0.0884,0.0831,0.0874,5298407.0
2025-10-16 12:00:00,0.0873,0.0885,0.0837,0.0843,4683231.2
2025-10-16 16:00:00,0.0841,0.0865,0.0816,0.0827,5972197.1
2025-10-16 20:00:00,0.0827,0.0837,0.0814,0.0834,2456506.0
2025-10-17 00:00:00,0.0834,0.0845,0.083,0.0842,2120043.9
2025-10-17 04:00:00,0.0843,0.0865,0.0784,0.0789,10142025.2
2025-10-17 08:00:00,0.079,0.0821,0.0776,0.0811,6867180.5
2025-10-17 12:00:00,0.0812,0.0822,0.0789,0.0821,4078277.9
2025-10-17 16:00:00,0.0821,0.0835,0.0813,0.0827,3698454.6
2025-10-17 20:00:00,0.0827,0.0847,0.0825,0.0829,2963260.4
2025-10-18 00:00:00,0.0829,0.0831,0.0795,0.0822,5916998.2
2025-10-18 04:00:00,0.0821,0.0838,0.0812,0.0826,2115983.3
2025-10-18 08:00:00,0.0827,0.0833,0.082,0.0827,2589390.0
2025-10-18 12:00:00,0.0828,0.0857,0.0814,0.0821,8221442.4
2025-10-18 16:00:00,0.0822,0.0829,0.0807,0.0825,2479278.7
2025-10-18 20:00:00,0.0826,0.0836,0.0822,0.0826,2159749.1
2025-10-19 00:00:00,0.0826,0.0832,0.0814,0.0831,2055649.1
2025-10-19 04:00:00,0.0832,0.0832,0.0812,0.0818,1416736.9
2025-10-19 08:00:00,0.0819,0.0848,0.0805,0.0842,3819524.9
2025-10-19 12:00:00,0.0841,0.0862,0.0835,0.0854,2789415.2
2025-10-19 16:00:00,0.0855,0.0864,0.0848,0.0854,1674149.4
2025-10-19 20:00:00,0.0854,0.0857,0.0838,0.0841,1420129.1
2025-10-20 00:00:00,0.0841,0.0861,0.0823,0.0859,2473589.6
2025-10-20 04:00:00,0.086,0.0869,0.0852,0.0866,1911610.0
2025-10-20 08:00:00,0.0866,0.0869,0.0855,0.0862,2084722.7
2025-10-20 12:00:00,0.0861,0.0865,0.0848,0.0848,1977984.0
2025-10-20 16:00:00,0.085,0.0851,0.0829,0.0848,2269859.3
2025-10-20 20:00:00,0.0847,0.0851,0.0839,0.0842,1611996.5
2025-10-21 00:00:00,0.0841,0.0844,0.0817,0.0819,2080768.4
2025-10-21 04:00:00,0.0818,0.082,0.079,0.0802,3407147.8
2025-10-21 08:00:00,0.0801,0.0809,0.0789,0.0805,2223186.8
2025-10-21 12:00:00,0.0806,0.0856,0.0803,0.0851,4420497.4
2025-10-21 16:00:00,0.0851,0.0855,0.0825,0.0831,4150233.0
2025-10-21 20:00:00,0.0832,0.0833,0.0782,0.0785,4229534.8
2025-10-22 00:00:00,0.0785,0.0795,0.0777,0.0793,3919627.2
2025-10-22 04:00:00,0.0794,0.0802,0.078,0.079,2350180.4
2025-10-22 08:00:00,0.0791,0.0797,0.0774,0.0788,3314319.0
2025-10-22 12:00:00,0.0787,0.0801,0.0778,0.079,3392750.1
2025-10-22 16:00:00,0.0791,0.0794,0.0768,0.0777,2907395.7
2025-10-22 20:00:00,0.0777,0.0779,0.0738,0.0771,4668416.3
2025-10-23 00:00:00,0.0771,0.0783,0.0767,0.078,2117519.6
2025-10-23 04:00:00,0.078,0.0802,0.0778,0.0796,2775057.8
2025-10-23 08:00:00,0.0796,0.08,0.0774,0.0777,5189311.6
2025-10-23 12:00:00,0.0777,0.0786,0.0767,0.078,4672660.8
2025-10-23 16:00:00,0.0781,0.0796,0.0778,0.0782,2671070.5
2025-10-23 20:00:00,0.0782,0.0783,0.0769,0.0777,2822583.2
2025-10-24 00:00:00,0.0777,0.0787,0.0772,0.0781,2894664.5
2025-10-24 04:00:00,0.0781,0.0798,0.0778,0.079,2058563.6
2025-10-24 08:00:00,0.0791,0.0795,0.077,0.0778,2261148.3
2025-10-24 12:00:00,0.0778,0.0797,0.0762,0.0764,4976910.7
2025-10-24 16:00:00,0.0764,0.0769,0.0754,0.0757,4179360.3
2025-10-24 20:00:00,0.0756,0.0762,0.0753,0.0754,2863575.4
2025-10-25 00:00:00,0.0753,0.0756,0.0741,0.0741,3035408.6
2025-10-25 04:00:00,0.0741,0.0748,0.0739,0.0744,2464878.0
2025-10-25 08:00:00,0.0745,0.0751,0.0731,0.0734,4054450.3
2025-10-25 12:00:00,0.0733,0.0735,0.0717,0.0726,8326523.0
2025-10-25 16:00:00,0.0726,0.0737,0.0722,0.0732,5380195.7
2025-10-25 20:00:00,0.0732,0.074,0.0725,0.0732,5982377.1
2025-10-26 00:00:00,0.0733,0.0736,0.0722,0.0725,3558888.2
2025-10-26 04:00:00,0.0725,0.0745,0.0724,0.0744,3171186.1
2025-10-26 08:00:00,0.0744,0.0759,0.0743,0.0754,3725575.1
2025-10-26 12:00:00,0.0754,0.0759,0.074,0.075,6418719.6
2025-10-26 16:00:00,0.075,0.075,0.0734,0.0737,2111299.5
2025-10-26 20:00:00,0.0738,0.0755,0.0731,0.0744,4145471.8
2025-10-27 00:00:00,0.0744,0.0747,0.0723,0.0729,5588739.8
2025-10-27 04:00:00,0.0729,0.075,0.0725,0.0737,5281850.6
2025-10-27 08:00:00,0.0737,0.0739,0.0712,0.0719,5880089.6
2025-10-27 12:00:00,0.0719,0.072,0.0699,0.0708,5722166.0
2025-10-27 16:00:00,0.0707,0.0728,0.0707,0.0716,4766100.1
2025-10-27 20:00:00,0.0717,0.0718,0.0699,0.0704,3798881.1
2025-10-28 00:00:00,0.0704,0.0709,0.0695,0.0706,4119838.6
2025-10-28 04:00:00,0.0706,0.0721,0.0704,0.0709,4752862.2
2025-10-28 08:00:00,0.0709,0.0718,0.0705,0.0712,2982513.8
2025-10-28 12:00:00,0.0712,0.072,0.069,0.07,5401902.2
2025-10-28 16:00:00,0.07,0.0711,0.0682,0.0689,4627609.0
2025-10-28 20:00:00,0.0688,0.0688,0.0667,0.0684,6669683.8
2025-10-29 00:00:00,0.0683,0.0691,0.0681,0.069,3514374.7
2025-10-29 04:00:00,0.069,0.0696,0.0688,0.0693,2179667.0
2025-10-29 08:00:00,0.0692,0.0696,0.0686,0.0694,2352777.5
2025-10-29 12:00:00,0.0694,0.0698,0.067,0.0672,3990039.7
2025-10-29 16:00:00,0.0673,0.0696,0.0661,0.0688,7343145.4
2025-10-29 20:00:00,0.0688,0.0697,0.0682,0.0685,3602540.3
2025-10-30 00:00:00,0.0685,0.0699,0.0677,0.0691,3118205.8
2025-10-30 04:00:00,0.0691,0.0696,0.0658,0.0688,6626651.1
2025-10-30 08:00:00,0.0687,0.0688,0.0657,0.0664,6006766.1
2025-10-30 12:00:00,0.0664,0.0672,0.0632,0.0637,9287569.3
2025-10-30 16:00:00,0.0636,0.064,0.0603,0.0612,9497645.7
2025-10-30 20:00:00,0.0611,0.0627,0.0607,0.0623,5695672.6
2025-10-31 00:00:00,0.0623,0.065,0.0622,0.0648,5361491.3
2025-10-31 04:00:00,0.0649,0.0658,0.0645,0.06473,5427086.3
2025-10-31 08:00:00,0.06477,0.06576,0.0646,0.06573,7748806.1
2025-10-31 12:00:00,0.06571,0.06749,0.0649,0.06658,9165216.6
2025-10-31 16:00:00,0.06658,0.07218,0.06477,0.06657,41155971.2
2025-10-31 20:00:00,0.06655,0.06682,0.06466,0.0651,8116403.6
2025-11-01 00:00:00,0.06507,0.06544,0.06408,0.0651,6511001.2
2025-11-01 04:00:00,0.06509,0.06633,0.06453,0.06613,5495811.1
2025-11-01 08:00:00,0.06616,0.0672,0.06575,0.0668,6290452.8
2025-11-01 12:00:00,0.06679,0.06887,0.06664,0.06801,12491491.8
2025-11-01 16:00:00,0.068,0.06818,0.06646,0.06695,9933975.4
2025-11-01 20:00:00,0.06695,0.06764,0.06658,0.06746,3788048.4
2025-11-02 00:00:00,0.06744,0.06752,0.0657,0.06588,6405005.8
2025-11-02 04:00:00,0.06588,0.0691,0.06577,0.0682,9984494.5
2025-11-02 08:00:00,0.06818,0.06944,0.06596,0.06716,16599722.8
2025-11-02 12:00:00,0.06716,0.06733,0.06421,0.06477,7796774.0
2025-11-02 16:00:00,0.06476,0.06816,0.06442,0.06698,6155537.2
2025-11-02 20:00:00,0.06699,0.06812,0.06665,0.06777,4966890.1
2025-11-03 00:00:00,0.06776,0.06792,0.0639,0.06472,8498706.9
2025-11-03 04:00:00,0.0647,0.06812,0.0639,0.06598,20156483.8
2025-11-03 08:00:00,0.06599,0.06629,0.0633,0.06371,11907538.9
2025-11-03 12:00:00,0.06371,0.0643,0.058,0.05908,13845562.7
2025-11-03 16:00:00,0.05907,0.06465,0.05889,0.06172,15136271.1
2025-11-03 20:00:00,0.06172,0.06283,0.06049,0.06161,9479470.1
2025-11-04 00:00:00,0.06161,0.0626,0.06111,0.06227,8207931.7
2025-11-04 04:00:00,0.06228,0.06245,0.05915,0.0596,11352687.9
2025-11-04 08:00:00,0.0596,0.06139,0.05943,0.0609,6261814.0
2025-11-04 12:00:00,0.0609,0.06266,0.05947,0.06066,6303842.5
2025-11-04 16:00:00,0.06067,0.06103,0.05714,0.05801,9913937.9
2025-11-04 20:00:00,0.05802,0.06004,0.05536,0.05931,12209517.0
2025-11-05 00:00:00,0.05935,0.06057,0.05687,0.05989,12887065.2
2025-11-05 04:00:00,0.05989,0.06075,0.05956,0.06057,5559960.7
2025-11-05 08:00:00,0.06055,0.06068,0.05892,0.06011,7995818.5
2025-11-05 12:00:00,0.06011,0.06134,0.05991,0.06133,6264140.7
2025-11-05 16:00:00,0.06134,0.06301,0.06064,0.06188,5699040.3
2025-11-05 20:00:00,0.0619,0.06537,0.06174,0.06451,9993425.0
2025-11-06 00:00:00,0.06451,0.06715,0.06342,0.06542,13411991.8
2025-11-06 04:00:00,0.06541,0.06606,0.06315,0.06398,7288518.0
2025-11-06 08:00:00,0.06397,0.06462,0.0628,0.0635,5306246.3
2025-11-06 12:00:00,0.06348,0.06533,0.06274,0.06321,9340911.8
2025-11-06 16:00:00,0.06318,0.0655,0.06199,0.06534,6197875.3
2025-11-06 20:00:00,0.06533,0.06626,0.06377,0.06492,5168869.1
2025-11-07 00:00:00,0.06491,0.06745,0.06488,0.06731,4711668.5
2025-11-07 04:00:00,0.06733,0.06978,0.06698,0.0694,5059338.5
2025-11-07 08:00:00,0.06937,0.07055,0.06672,0.06741,9160736.4
2025-11-07 12:00:00,0.06742,0.06947,0.06498,0.06922,7821587.2
2025-11-07 16:00:00,0.06916,0.07429,0.06888,0.07395,6877814.2
2025-11-07 20:00:00,0.0739,0.07513,0.07284,0.07337,4911285.9
2025-11-08 00:00:00,0.07339,0.07548,0.07314,0.07342,7096621.8
2025-11-08 04:00:00,0.07339,0.07471,0.07235,0.07337,5683147.1
2025-11-08 08:00:00,0.0734,0.07409,0.07198,0.07376,5212690.3
2025-11-08 12:00:00,0.07372,0.07449,0.07165,0.0727,5928436.8
2025-11-08 16:00:00,0.07273,0.07439,0.07235,0.07317,4870352.7
2025-11-08 20:00:00,0.07314,0.0746,0.07276,0.07405,3182575.7
2025-11-09 00:00:00,0.07406,0.07412,0.06993,0.07043,6287450.4
2025-11-09 04:00:00,0.07043,0.07178,0.0702,0.0716,2816837.8
2025-11-09 08:00:00,0.07157,0.07228,0.07022,0.07198,3385672.7
2025-11-09 12:00:00,0.07198,0.07527,0.07188,0.07511,4649787.3
2025-11-09 16:00:00,0.07509,0.07571,0.07387,0.07511,3971180.2
2025-11-09 20:00:00,0.07511,0.07554,0.07318,0.074,3057298.6
2025-11-10 00:00:00,0.07399,0.07707,0.0735,0.0768,5992530.8
2025-11-10 04:00:00,0.07682,0.07864,0.07453,0.07543,7890046.2
2025-11-10 08:00:00,0.07548,0.07824,0.07384,0.077,7147935.4
2025-11-10 12:00:00,0.07696,0.07801,0.07474,0.07613,9199479.1
2025-11-10 16:00:00,0.07612,0.07768,0.0748,0.07585,5880955.8
2025-11-10 20:00:00,0.07582,0.07683,0.07406,0.07629,5098681.0
2025-11-11 00:00:00,0.07634,0.08063,0.07517,0.08004,13921517.9
2025-11-11 04:00:00,0.08005,0.08033,0.07532,0.0754,18837808.2
2025-11-11 08:00:00,0.07541,0.07746,0.07522,0.07561,6709527.3
2025-11-11 12:00:00,0.07559,0.07561,0.07365,0.074,5835428.6
2025-11-11 16:00:00,0.07399,0.0755,0.07275,0.07293,5060992.6
2025-11-11 20:00:00,0.07293,0.07323,0.07131,0.07171,3331076.9
2025-11-12 00:00:00,0.07173,0.07422,0.07107,0.07382,4477979.2
2025-11-12 04:00:00,0.0738,0.0748,0.07312,0.07366,3858060.0
2025-11-12 08:00:00,0.07365,0.07558,0.07347,0.07481,2827946.2
2025-11-12 12:00:00,0.07483,0.0764,0.07285,0.07325,5536775.3
2025-11-12 16:00:00,0.07325,0.07344,0.07095,0.07194,5779070.2
2025-11-12 20:00:00,0.07186,0.07331,0.07169,0.07235,3695052.3
2025-11-13 00:00:00,0.07235,0.07531,0.07205,0.07436,6114766.5
2025-11-13 04:00:00,0.07436,0.07653,0.07417,0.07546,4952007.0
2025-11-13 08:00:00,0.07544,0.07749,0.07533,0.07608,9007659.8
2025-11-13 12:00:00,0.07607,0.07681,0.07393,0.07428,8436433.5
2025-11-13 16:00:00,0.07427,0.07429,0.06949,0.06965,8616409.8
2025-11-13 20:00:00,0.06968,0.07102,0.06889,0.07033,3323536.7
2025-11-14 00:00:00,0.07029,0.071,0.06896,0.06935,3469744.3
2025-11-14 04:00:00,0.06935,0.07005,0.06654,0.06951,4864393.2
2025-11-14 08:00:00,0.06949,0.06959,0.06751,0.06788,3583897.7
2025-11-14 12:00:00,0.06791,0.06918,0.06642,0.06858,6438823.1
2025-11-14 16:00:00,0.06863,0.06948,0.06755,0.06852,2444236.5
2025-11-14 20:00:00,0.06856,0.0688,0.06545,0.06696,3517639.1
2025-11-15 00:00:00,0.06699,0.06885,0.06691,0.06816,3020234.8
2025-11-15 04:00:00,0.06816,0.06842,0.06759,0.06766,1871251.5
2025-11-15 08:00:00,0.06767,0.06784,0.06581,0.06609,3449647.9
2025-11-15 12:00:00,0.06608,0.06758,0.06593,0.06695,2212125.5
2025-11-15 16:00:00,0.06691,0.06777,0.06628,0.0672,1950647.3
2025-11-15 20:00:00,0.06721,0.06735,0.06554,0.06625,3142480.1
2025-11-16 00:00:00,0.06624,0.06635,0.06486,0.06574,2953572.2
2025-11-16 04:00:00,0.06582,0.06671,0.06564,0.0666,3073387.3
2025-11-16 08:00:00,0.0666,0.067,0.06481,0.06487,3681424.0
2025-11-16 12:00:00,0.0649,0.06521,0.06256,0.06265,3568004.2
2025-11-16 16:00:00,0.06273,0.06342,0.06129,0.06208,3907685.1
2025-11-16 20:00:00,0.06211,0.06336,0.06135,0.06286,3052981.5
2025-11-17 00:00:00,0.06287,0.06503,0.06235,0.06476,3091246.7
2025-11-17 04:00:00,0.06478,0.06537,0.06427,0.06482,2133946.9
2025-11-17 08:00:00,0.06482,0.06494,0.06382,0.06417,3458608.2
2025-11-17 12:00:00,0.06417,0.06538,0.06194,0.06333,6232169.7
2025-11-17 16:00:00,0.06335,0.06418,0.06098,0.0613,3736952.8
2025-11-17 20:00:00,0.06136,0.06187,0.06083,0.0616,2807780.6
2025-11-18 00:00:00,0.06165,0.06233,0.05988,0.0615,5636641.5
2025-11-18 04:00:00,0.06148,0.06227,0.0599,0.06031,5047867.4
2025-11-18 08:00:00,0.06032,0.06114,0.06025,0.06067,3154371.7
2025-11-18 12:00:00,0.06065,0.0618,0.05998,0.06128,3931911.1
2025-11-18 16:00:00,0.06129,0.06282,0.0612,0.06246,3435132.3
2025-11-18 20:00:00,0.06247,0.06376,0.06214,0.06274,2958125.0
2025-11-19 00:00:00,0.06275,0.06365,0.06235,0.06248,3796132.6
2025-11-19 04:00:00,0.06245,0.06258,0.06058,0.0618,3530895.7
2025-11-19 08:00:00,0.06178,0.06251,0.06025,0.06031,5782053.6
2025-11-19 12:00:00,0.06032,0.06191,0.05983,0.06007,4001580.2
2025-11-19 16:00:00,0.06007,0.06025,0.05636,0.05717,6276106.0
2025-11-19 20:00:00,0.05717,0.05922,0.0569,0.05908,3601421.4
2025-11-20 00:00:00,0.0591,0.06121,0.05897,0.06044,5707111.6
2025-11-20 04:00:00,0.06043,0.06159,0.06031,0.06137,2255406.2
2025-11-20 08:00:00,0.06139,0.06171,0.0607,0.06161,2703910.2
2025-11-20 12:00:00,0.06167,0.06486,0.06167,0.06322,7318637.4
2025-11-20 16:00:00,0.06325,0.06344,0.0589,0.0602,5691418.5
2025-11-20 20:00:00,0.06023,0.0624,0.05961,0.06084,6359445.8
2025-11-21 00:00:00,0.06084,0.06214,0.05893,0.05978,5992232.6
2025-11-21 04:00:00,0.05982,0.06035,0.05553,0.05786,5059174.1
2025-11-21 08:00:00,0.05786,0.05806,0.05576,0.05584,5982213.3
2025-11-21 12:00:00,0.05584,0.05824,0.05491,0.05704,8108640.8
2025-11-21 16:00:00,0.05708,0.0588,0.05625,0.05797,4763944.9
2025-11-21 20:00:00,0.05796,0.05838,0.05548,0.05795,6065885.7
2025-11-22 00:00:00,0.05797,0.05981,0.05792,0.05871,4593071.9
2025-11-22 04:00:00,0.05873,0.05882,0.05695,0.05802,3024143.5
2025-11-22 08:00:00,0.05802,0.05804,0.05644,0.05718,3984387.2
2025-11-22 12:00:00,0.05721,0.05767,0.05591,0.05682,2065028.1
2025-11-22 16:00:00,0.05682,0.0575,0.05656,0.05701,1711587.8
2025-11-22 20:00:00,0.05705,0.05835,0.05677,0.05752,2576438.2
2025-11-23 00:00:00,0.05752,0.05863,0.05714,0.05844,2625038.8
2025-11-23 04:00:00,0.05843,0.05924,0.05824,0.05891,2377268.1
2025-11-23 08:00:00,0.05892,0.06025,0.05871,0.06006,2999290.2
2025-11-23 12:00:00,0.06007,0.06116,0.05958,0.06019,5768119.5
2025-11-23 16:00:00,0.06021,0.06093,0.05936,0.06035,10076968.9
2025-11-23 20:00:00,0.06036,0.06059,0.05955,0.05968,1733814.5
2025-11-24 00:00:00,0.05971,0.06137,0.05933,0.06084,2679929.9
2025-11-24 04:00:00,0.06083,0.06185,0.06002,0.06088,2925488.9
2025-11-24 08:00:00,0.06087,0.06109,0.05912,0.06042,9612752.8
2025-11-24 12:00:00,0.06042,0.0609,0.05934,0.06058,10104510.1
2025-11-24 16:00:00,0.06058,0.06252,0.06048,0.06204,3050299.3
2025-11-24 20:00:00,0.06204,0.06281,0.06171,0.06182,2207619.4
2025-11-25 00:00:00,0.06182,0.062,0.0602,0.06029,3357213.8
2025-11-25 04:00:00,0.06028,0.06058,0.05957,0.05987,2509735.3
2025-11-25 08:00:00,0.05989,0.06039,0.05943,0.06001,4432848.7
2025-11-25 12:00:00,0.06001,0.06073,0.05894,0.05992,3436049.5
2025-11-25 16:00:00,0.05992,0.06061,0.0588,0.05953,3174228.3
2025-11-25 20:00:00,0.05952,0.06045,0.05894,0.06008,2396838.5
2025-11-26 00:00:00,0.06011,0.06051,0.05918,0.05922,1904672.9
2025-11-26 04:00:00,0.05923,0.0599,0.05892,0.05969,2675263.1
2025-11-26 08:00:00,0.05968,0.05972,0.05839,0.05899,1881813.0
2025-11-26 12:00:00,0.05901,0.06,0.05852,0.05953,2907377.6
2025-11-26 16:00:00,0.05953,0.06194,0.05945,0.06188,3099361.7
2025-11-26 20:00:00,0.06183,0.062,0.06122,0.06133,2537553.4
2025-11-27 00:00:00,0.06133,0.06245,0.06107,0.06167,3179829.2
2025-11-27 04:00:00,0.06169,0.06401,0.0613,0.06279,6916292.5
2025-11-27 08:00:00,0.06281,0.0634,0.06199,0.06234,6706384.5
2025-11-27 12:00:00,0.06232,0.06234,0.06016,0.06131,5755679.4
2025-11-27 16:00:00,0.06133,0.06168,0.0607,0.0609,2443096.7
2025-11-27 20:00:00,0.06092,0.06128,0.05991,0.06016,1774617.4
2025-11-28 00:00:00,0.06016,0.06043,0.05925,0.0598,2044354.3
2025-11-28 04:00:00,0.0598,0.06005,0.05934,0.05963,1773228.2
2025-11-28 08:00:00,0.05965,0.06125,0.05961,0.06064,2699194.9
2025-11-28 12:00:00,0.06059,0.06219,0.0605,0.0615,2351542.8
2025-11-28 16:00:00,0.06152,0.06152,0.05932,0.06037,2067838.5
2025-11-28 20:00:00,0.06036,0.06061,0.05953,0.05975,1656336.1
2025-11-29 00:00:00,0.05975,0.0603,0.05965,0.06006,1315300.3
2025-11-29 04:00:00,0.06002,0.06023,0.05937,0.05949,1795216.5
2025-11-29 08:00:00,0.05945,0.06006,0.0592,0.05997,1844846.2
2025-11-29 12:00:00,0.05998,0.0601,0.05911,0.05926,1516565.2
2025-11-29 16:00:00,0.05926,0.05968,0.05872,0.05931,2798222.5
2025-11-29 20:00:00,0.05931,0.05979,0.05918,0.05968,2111002.9
2025-11-30 00:00:00,0.05968,0.06053,0.05935,0.05963,2613602.2
2025-11-30 04:00:00,0.05965,0.06024,0.05908,0.05947,1759317.6
2025-11-30 08:00:00,0.05951,0.05986,0.0589,0.05905,1663450.3
2025-11-30 12:00:00,0.059,0.05977,0.05859,0.05899,2477488.3
2025-11-30 16:00:00,0.05901,0.0595,0.05889,0.05919,1273757.5
2025-11-30 20:00:00,0.05916,0.05952,0.05705,0.05791,2050768.1
2025-12-01 00:00:00,0.05793,0.05845,0.05347,0.05376,8943739.1
2025-12-01 04:00:00,0.05378,0.05497,0.05316,0.05417,6724958.1
2025-12-01 08:00:00,0.05417,0.05491,0.05384,0.054,3951830.3
2025-12-01 12:00:00,0.05398,0.05441,0.05255,0.05367,5735536.3
2025-12-01 16:00:00,0.05365,0.05377,0.05273,0.05299,2847627.5
2025-12-01 20:00:00,0.05293,0.05414,0.05293,0.05382,2227924.3
2025-12-02 00:00:00,0.05379,0.05455,0.05306,0.05345,2150238.7
2025-12-02 04:00:00,0.05343,0.05377,0.05294,0.05357,1947530.4
2025-12-02 08:00:00,0.05355,0.05533,0.05281,0.05519,4143935.3
2025-12-02 12:00:00,0.0552,0.05966,0.05485,0.05943,5441553.2
2025-12-02 16:00:00,0.05944,0.0603,0.05888,0.05925,3930956.4
2025-12-02 20:00:00,0.05927,0.0594,0.05832,0.05851,2771066.3
2025-12-03 00:00:00,0.05848,0.06116,0.05827,0.06,4396554.7
2025-12-03 04:00:00,0.05988,0.06162,0.05977,0.06095,2771238.8
2025-12-03 08:00:00,0.06097,0.06152,0.06044,0.06085,2835995.5
2025-12-03 12:00:00,0.06087,0.06125,0.05897,0.0604,3077402.9
2025-12-03 16:00:00,0.06051,0.06144,0.05997,0.06075,3122960.1
2025-12-03 20:00:00,0.06079,0.06179,0.06058,0.06125,2695429.5
2025-12-04 00:00:00,0.06125,0.06182,0.06058,0.06107,2254257.3
2025-12-04 04:00:00,0.06107,0.06148,0.06067,0.0609,1717762.1
2025-12-04 08:00:00,0.06093,0.06132,0.05995,0.06045,2209933.7
2025-12-04 12:00:00,0.06044,0.06087,0.05964,0.0606,1305416.8
2025-12-04 16:00:00,0.06062,0.06088,0.05837,0.0595,2122046.8
2025-12-04 20:00:00,0.0595,0.05991,0.05897,0.05948,1927296.7
2025-12-05 00:00:00,0.05941,0.06048,0.05932,0.05986,1487580.4
2025-12-05 04:00:00,0.05982,0.06087,0.0592,0.06073,1808685.3
2025-12-05 08:00:00,0.06068,0.0608,0.0592,0.05953,3904963.6
2025-12-05 12:00:00,0.05951,0.05958,0.05803,0.05834,2767377.7
2025-12-05 16:00:00,0.05831,0.05835,0.05625,0.05671,3451269.4
2025-12-05 20:00:00,0.05672,0.05777,0.05658,0.05701,2516021.4
2025-12-06 00:00:00,0.05702,0.0573,0.05631,0.05688,2075621.2
2025-12-06 04:00:00,0.05691,0.05691,0.05641,0.05665,1957788.2
2025-12-06 08:00:00,0.05665,0.05702,0.05615,0.05696,2381341.2
2025-12-06 12:00:00,0.05693,0.05737,0.05642,0.05684,1886574.2
2025-12-06 16:00:00,0.0568,0.05801,0.0568,0.05724,1836473.5
2025-12-06 20:00:00,0.05721,0.05803,0.05714,0.05771,1115311.7
2025-12-07 00:00:00,0.05766,0.0585,0.05754,0.05837,2062561.7
2025-12-07 04:00:00,0.0584,0.05844,0.05726,0.05727,2112572.5
2025-12-07 08:00:00,0.05728,0.05742,0.05661,0.05688,1503491.9
2025-12-07 12:00:00,0.05689,0.0571,0.05479,0.05653,3282155.4
2025-12-07 16:00:00,0.05647,0.05773,0.05586,0.05758,2086514.6
2025-12-07 20:00:00,0.05761,0.05765,0.05506,0.05554,2466833.5
2025-12-08 00:00:00,0.05554,0.05656,0.0552,0.05605,2201181.6
2025-12-08 04:00:00,0.05608,0.05685,0.05602,0.05625,2455924.7
2025-12-08 08:00:00,0.05623,0.05691,0.05601,0.05629,2456528.5
2025-12-08 12:00:00,0.0563,0.0571,0.05555,0.05584,3242913.1
2025-12-08 16:00:00,0.05584,0.05658,0.05504,0.05529,3170104.2
2025-12-08 20:00:00,0.05531,0.05604,0.05515,0.05542,2048442.4
2025-12-09 00:00:00,0.05544,0.05569,0.05233,0.05373,12278485.6
2025-12-09 04:00:00,0.05373,0.05373,0.05173,0.05229,5934108.5
2025-12-09 08:00:00,0.05229,0.05264,0.05197,0.05258,4321908.1
2025-12-09 12:00:00,0.05257,0.05624,0.05248,0.05581,7331105.2
2025-12-09 16:00:00,0.05581,0.05874,0.05581,0.05772,6466280.0
2025-12-09 20:00:00,0.05772,0.05774,0.05632,0.0568,2669423.6
2025-12-10 00:00:00,0.0568,0.05703,0.05563,0.05607,2617411.9
2025-12-10 04:00:00,0.05603,0.05674,0.0557,0.05674,2751157.4
2025-12-10 08:00:00,0.0567,0.0567,0.05552,0.05576,3599516.8
2025-12-10 12:00:00,0.05576,0.05748,0.05564,0.05732,5418313.7
2025-12-10 16:00:00,0.05732,0.05872,0.05654,0.05872,5554472.0
2025-12-10 20:00:00,0.05873,0.05941,0.05647,0.05652,3195284.5
2025-12-11 00:00:00,0.05652,0.05662,0.05325,0.05331,4037570.9
2025-12-11 04:00:00,0.0533,0.05411,0.05301,0.05357,2148586.8
2025-12-11 08:00:00,0.05358,0.05462,0.052,0.05375,7416110.3
2025-12-11 12:00:00,0.05379,0.05443,0.05343,0.05401,3595226.9
2025-12-11 16:00:00,0.054,0.05512,0.05353,0.05422,2491802.8
2025-12-11 20:00:00,0.0542,0.05592,0.0542,0.05515,2236559.8
2025-12-12 00:00:00,0.05515,0.05528,0.05422,0.0549,1596236.9
2025-12-12 04:00:00,0.05489,0.05542,0.05449,0.05513,1587204.5
2025-12-12 08:00:00,0.05513,0.0555,0.0549,0.05512,1915650.8
2025-12-12 12:00:00,0.05512,0.0554,0.05201,0.05231,5575407.9
2025-12-12 16:00:00,0.05227,0.053,0.05173,0.05249,3459633.6
2025-12-12 20:00:00,0.05248,0.05346,0.05244,0.05323,1550079.1
2025-12-13 00:00:00,0.05321,0.054,0.05313,0.05391,2561626.7
2025-12-13 04:00:00,0.0539,0.05485,0.05371,0.05457,2897427.5
2025-12-13 08:00:00,0.0546,0.05503,0.05448,0.05472,1914476.3
2025-12-13 12:00:00,0.05471,0.05525,0.05447,0.05511,3537861.0
2025-12-13 16:00:00,0.0551,0.05567,0.0551,0.05553,2250007.2
2025-12-13 20:00:00,0.05553,0.05595,0.05509,0.05594,2692978.2
2025-12-14 00:00:00,0.05589,0.0561,0.05519,0.0557,3346943.4
2025-12-14 04:00:00,0.05571,0.05577,0.05474,0.05479,2152580.0
2025-12-14 08:00:00,0.0548,0.05492,0.05385,0.05431,2322780.3
2025-12-14 12:00:00,0.05434,0.05479,0.0538,0.05416,2407712.4
2025-12-14 16:00:00,0.05418,0.05455,0.05324,0.0535,2076699.2
2025-12-14 20:00:00,0.05348,0.05387,0.05259,0.05312,1951674.6
2025-12-15 00:00:00,0.05313,0.05447,0.05294,0.05369,2859894.5
2025-12-15 04:00:00,0.0537,0.05424,0.05333,0.05354,1622074.4
2025-12-15 08:00:00,0.05351,0.05367,0.05302,0.05327,1367053.0
2025-12-15 12:00:00,0.05328,0.05348,0.05057,0.05121,3590492.9
2025-12-15 16:00:00,0.05118,0.05118,0.04929,0.05042,4516225.6
2025-12-15 20:00:00,0.05043,0.05098,0.0501,0.05086,2470407.4
2025-12-16 00:00:00,0.05086,0.05086,0.04901,0.04981,5275420.8
2025-12-16 04:00:00,0.04977,0.05057,0.04901,0.04984,3037634.2
2025-12-16 08:00:00,0.04985,0.0513,0.04982,0.05107,3241101.7
2025-12-16 12:00:00,0.05102,0.05126,0.04988,0.051,2842339.1
2025-12-16 16:00:00,0.05098,0.05185,0.0506,0.0516,2649008.4
2025-12-16 20:00:00,0.05159,0.05179,0.05105,0.05169,2851809.1
2025-12-17 00:00:00,0.05169,0.05348,0.05135,0.05301,5895200.2
2025-12-17 04:00:00,0.05304,0.0546,0.05257,0.05346,8321026.3
2025-12-17 08:00:00,0.05349,0.05353,0.05239,0.05262,5744568.1
2025-12-17 12:00:00,0.05262,0.05404,0.05119,0.0519,9947330.4
2025-12-17 16:00:00,0.05189,0.05226,0.04923,0.05001,6696158.4
2025-12-17 20:00:00,0.05001,0.05024,0.04922,0.04972,2163782.4
2025-12-18 00:00:00,0.04978,0.05009,0.04923,0.04956,3545350.2
2025-12-18 04:00:00,0.04958,0.04983,0.04868,0.04916,4133873.6
2025-12-18 08:00:00,0.04916,0.05004,0.04899,0.0496,3875586.8
2025-12-18 12:00:00,0.04962,0.05085,0.04953,0.05039,2991758.3
2025-12-18 16:00:00,0.05041,0.05045,0.04638,0.04673,4545723.6
2025-12-18 20:00:00,0.04669,0.04764,0.04657,0.04742,3248945.3
2025-12-19 00:00:00,0.04741,0.04964,0.04718,0.04926,3301616.0
2025-12-19 04:00:00,0.04926,0.05024,0.04921,0.04989,1703286.9
2025-12-19 08:00:00,0.0499,0.04993,0.04924,0.04933,1760348.2
2025-12-19 12:00:00,0.04933,0.04992,0.04883,0.04917,2245350.4
2025-12-19 16:00:00,0.04916,0.04992,0.04861,0.04976,2189995.9
2025-12-19 20:00:00,0.0498,0.05023,0.04969,0.05011,1803253.2
2025-12-20 00:00:00,0.05013,0.05036,0.04964,0.04984,2029613.6
2025-12-20 04:00:00,0.04986,0.04989,0.04897,0.04936,1797750.3
2025-12-20 08:00:00,0.04937,0.05041,0.04936,0.05033,2578100.8
2025-12-20 12:00:00,0.05034,0.0504,0.04928,0.05015,3722585.9
2025-12-20 16:00:00,0.05017,0.0504,0.05004,0.05032,1835040.4
2025-12-20 20:00:00,0.05031,0.0512,0.05026,0.05084,2024186.7
2025-12-21 00:00:00,0.05083,0.05106,0.04959,0.05018,1981204.6
2025-12-21 04:00:00,0.05015,0.05049,0.04988,0.05032,1453906.4
2025-12-21 08:00:00,0.05031,0.05063,0.0498,0.05014,2816124.2
2025-12-21 12:00:00,0.05013,0.05018,0.04828,0.04877,3593146.9
2025-12-21 16:00:00,0.04875,0.04949,0.04865,0.04922,1822919.6
2025-12-21 20:00:00,0.04925,0.04961,0.04844,0.04933,2033570.6
2025-12-22 00:00:00,0.04935,0.05031,0.04893,0.0496,2709810.2
2025-12-22 04:00:00,0.04961,0.04983,0.04933,0.04962,1862571.4
2025-12-22 08:00:00,0.04962,0.05012,0.04947,0.05004,1541687.5
2025-12-22 12:00:00,0.05006,0.05056,0.04964,0.05006,2132225.8
2025-12-22 16:00:00,0.05007,0.05024,0.04948,0.04953,1823396.7
2025-12-22 20:00:00,0.04952,0.0504,0.04906,0.05033,2036218.1
2025-12-23 00:00:00,0.05034,0.05074,0.04988,0.05016,1779206.1
2025-12-23 04:00:00,0.05014,0.0509,0.0497,0.05025,2756259.3
2025-12-23 08:00:00,0.05027,0.05061,0.04969,0.04987,1834851.4
2025-12-23 12:00:00,0.04988,0.04988,0.0488,0.04947,2233741.6
2025-12-23 16:00:00,0.04947,0.05008,0.04882,0.05004,2669716.6
2025-12-23 20:00:00,0.05004,0.0506,0.0499,0.05028,1633014.6
2025-12-24 00:00:00,0.05029,0.05069,0.0492,0.04973,2595899.8
2025-12-24 04:00:00,0.04974,0.05052,0.04934,0.04936,1902663.7
2025-12-24 08:00:00,0.04932,0.05055,0.04924,0.05039,2405529.6
2025-12-24 12:00:00,0.05042,0.0515,0.05024,0.05145,3259127.5
2025-12-24 16:00:00,0.05145,0.05236,0.05101,0.05218,2895854.7
2025-12-24 20:00:00,0.05219,0.054,0.0521,0.05357,6594040.8
2025-12-25 00:00:00,0.0536,0.05361,0.05246,0.05317,2879519.6
2025-12-25 04:00:00,0.05317,0.05321,0.05224,0.05291,2037681.0
2025-12-25 08:00:00,0.05292,0.05326,0.05166,0.05195,2159427.9
2025-12-25 12:00:00,0.05196,0.05266,0.05186,0.05236,1913258.5
2025-12-25 16:00:00,0.05238,0.0527,0.0517,0.0523,2988513.5
2025-12-25 20:00:00,0.05228,0.05255,0.05081,0.05099,2110572.6
2025-12-26 00:00:00,0.05097,0.05272,0.05067,0.05234,1870716.1
2025-12-26 04:00:00,0.05238,0.0528,0.0519,0.05198,1503121.9
2025-12-26 08:00:00,0.052,0.05265,0.05179,0.05206,2081502.3
2025-12-26 12:00:00,0.05208,0.05247,0.05112,0.05132,2025058.5
2025-12-26 16:00:00,0.05137,0.05201,0.05085,0.0518,1405088.8
2025-12-26 20:00:00,0.05184,0.05232,0.05171,0.05186,2064364.5
2025-12-27 00:00:00,0.05186,0.0522,0.05179,0.05202,1421314.6
2025-12-27 04:00:00,0.05202,0.05207,0.05151,0.0516,1181334.6
2025-12-27 08:00:00,0.05161,0.05173,0.05072,0.05152,2340991.4
2025-12-27 12:00:00,0.05153,0.05174,0.05124,0.05146,1883600.1
2025-12-27 16:00:00,0.05146,0.05165,0.05113,0.05157,1685142.7
2025-12-27 20:00:00,0.05158,0.05296,0.05158,0.05275,2249736.2
2025-12-28 00:00:00,0.05275,0.05292,0.05232,0.05245,1179149.2
2025-12-28 04:00:00,0.05245,0.0525,0.05206,0.05228,1560998.2
2025-12-28 08:00:00,0.05228,0.05237,0.05183,0.05195,1284733.5
2025-12-28 12:00:00,0.05196,0.05226,0.05163,0.05177,1762727.8
2025-12-28 16:00:00,0.05176,0.0519,0.05002,0.0504,2751129.4
2025-12-28 20:00:00,0.05043,0.05088,0.04998,0.05071,3761568.1
2025-12-29 00:00:00,0.05071,0.05186,0.05054,0.05151,2758691.5
2025-12-29 04:00:00,0.05153,0.05173,0.05065,0.05088,2041449.7
2025-12-29 08:00:00,0.05089,0.05102,0.04956,0.04974,3260551.2
2025-12-29 12:00:00,0.04973,0.04975,0.04877,0.04925,4238228.2
2025-12-29 16:00:00,0.04926,0.04957,0.04881,0.04896,2361821.5
2025-12-29 20:00:00,0.04899,0.04933,0.04863,0.04872,1873775.5
2025-12-30 00:00:00,0.04868,0.04885,0.04795,0.04837,2397240.2
2025-12-30 04:00:00,0.04837,0.04847,0.04728,0.04762,2929003.8
2025-12-30 08:00:00,0.04762,0.04825,0.04762,0.04816,4003314.9
2025-12-30 12:00:00,0.04815,0.04839,0.0472,0.04801,4066751.4
2025-12-30 16:00:00,0.04801,0.04815,0.04717,0.04771,4955059.5
2025-12-30 20:00:00,0.04774,0.04775,0.04695,0.04722,2710564.4
2025-12-31 00:00:00,0.04722,0.04875,0.04684,0.04873,3490667.6
2025-12-31 04:00:00,0.04867,0.04934,0.04735,0.04805,6189685.3
2025-12-31 08:00:00,0.04805,0.04882,0.04791,0.04826,4062552.6
2025-12-31 12:00:00,0.04827,0.04925,0.04792,0.04803,8525360.5
2025-12-31 16:00:00,0.04808,0.04816,0.04614,0.04761,5584840.7
2025-12-31 20:00:00,0.04763,0.04831,0.04732,0.04804,3612516.1
2026-01-01 00:00:00,0.04804,0.0484,0.04785,0.04803,2281943.8
2026-01-01 04:00:00,0.04807,0.04846,0.04775,0.04838,1479807.9
2026-01-01 08:00:00,0.04835,0.04899,0.04825,0.04897,1681417.6
2026-01-01 12:00:00,0.04898,0.05046,0.04839,0.05017,2716613.0
2026-01-01 16:00:00,0.05019,0.05146,0.05017,0.05145,2918296.0
2026-01-01 20:00:00,0.05142,0.05175,0.05093,0.05152,1838241.4
2026-01-02 00:00:00,0.05151,0.05156,0.05069,0.0512,1988513.5
2026-01-02 04:00:00,0.05126,0.05126,0.05048,0.05083,1828237.5
2026-01-02 08:00:00,0.05081,0.05138,0.05042,0.05072,1814001.6
2026-01-02 12:00:00,0.0507,0.05159,0.05018,0.05115,3136006.6
2026-01-02 16:00:00,0.05118,0.05325,0.05114,0.05322,3869125.2
2026-01-02 20:00:00,0.05322,0.054,0.05317,0.0536,2389447.0
2026-01-03 00:00:00,0.0536,0.05397,0.05331,0.0539,1807240.7
2026-01-03 04:00:00,0.05387,0.05399,0.0515,0.05174,4203052.2
2026-01-03 08:00:00,0.05171,0.0522,0.05159,0.05188,1429156.3
2026-01-03 12:00:00,0.05183,0.05323,0.0518,0.05248,3725911.6
2026-01-03 16:00:00,0.05249,0.05364,0.05249,0.05338,2330899.1
2026-01-03 20:00:00,0.0534,0.05364,0.05301,0.05347,1056581.2
2026-01-04 00:00:00,0.05347,0.05397,0.05321,0.0539,1718524.9
2026-01-04 04:00:00,0.0539,0.05434,0.05353,0.05393,1211606.2
2026-01-04 08:00:00,0.05393,0.05406,0.0534,0.05396,1859252.2
2026-01-04 12:00:00,0.05395,0.05467,0.05346,0.05464,2251195.2
2026-01-04 16:00:00,0.05464,0.05519,0.0534,0.05384,3196234.3
2026-01-04 20:00:00,0.05385,0.05436,0.05367,0.0541,1352636.1
2026-01-05 00:00:00,0.05408,0.05469,0.05373,0.0539,2818514.9
2026-01-05 04:00:00,0.05393,0.05397,0.05223,0.05276,3216173.4
2026-01-05 08:00:00,0.05278,0.05297,0.05192,0.05284,2653721.7
2026-01-05 12:00:00,0.05281,0.05492,0.05273,0.05481,5091702.1
2026-01-05 16:00:00,0.05481,0.05587,0.05418,0.05539,2403316.9
2026-01-05 20:00:00,0.05542,0.05585,0.05506,0.0552,1295560.5
2026-01-06 00:00:00,0.0552,0.05548,0.05461,0.0551,2525605.9
2026-01-06 04:00:00,0.05511,0.05519,0.054,0.05418,1863801.6
2026-01-06 08:00:00,0.05415,0.05501,0.05414,0.05495,1938406.6
2026-01-06 12:00:00,0.05497,0.05728,0.05479,0.05612,6108314.9
2026-01-06 16:00:00,0.05612,0.05649,0.05367,0.05488,4648627.7
2026-01-06 20:00:00,0.05483,0.05604,0.05483,0.05567,1534764.1
2026-01-07 00:00:00,0.05569,0.05578,0.05445,0.05504,1731013.6
2026-01-07 04:00:00,0.05507,0.0556,0.05462,0.05547,1675301.6
2026-01-07 08:00:00,0.05548,0.05572,0.05412,0.05473,2028991.6
2026-01-07 12:00:00,0.05473,0.05484,0.05311,0.05348,3356181.2
2026-01-07 16:00:00,0.05345,0.05414,0.05321,0.05371,2584773.2
2026-01-07 20:00:00,0.05367,0.05376,0.05247,0.05312,2795778.6
2026-01-08 00:00:00,0.0531,0.05362,0.05266,0.05275,1564300.9
2026-01-08 04:00:00,0.05279,0.05308,0.05024,0.05106,6367349.6
2026-01-08 08:00:00,0.05108,0.05126,0.04994,0.05061,2865124.2
2026-01-08 12:00:00,0.05061,0.05174,0.04958,0.05157,4265561.2
2026-01-08 16:00:00,0.05162,0.05245,0.05131,0.05218,4050138.4
2026-01-08 20:00:00,0.05217,0.05809,0.05187,0.05778,32921261.5
2026-01-09 00:00:00,0.05778,0.0595,0.05488,0.05523,38004312.5
2026-01-09 04:00:00,0.0552,0.05806,0.0549,0.05692,21629575.8
2026-01-09 08:00:00,0.05693,0.05892,0.05469,0.05508,24134180.7
2026-01-09 12:00:00,0.05503,0.05616,0.05415,0.05475,15218941.5
2026-01-09 16:00:00,0.05477,0.05519,0.05238,0.05274,11976683.1
2026-01-09 20:00:00,0.0527,0.05356,0.05262,0.05316,4849478.0
2026-01-10 00:00:00,0.05314,0.05332,0.05208,0.05308,6393289.4
2026-01-10 04:00:00,0.05305,0.05366,0.05254,0.0536,2901537.7
2026-01-10 08:00:00,0.05358,0.0544,0.05332,0.05357,4941300.0
2026-01-10 12:00:00,0.0536,0.05364,0.05257,0.05286,3329965.8
2026-01-10 16:00:00,0.05285,0.05344,0.05244,0.05341,1976171.3
2026-01-10 20:00:00,0.05341,0.05347,0.0522,0.05251,2135708.7
2026-01-11 00:00:00,0.05251,0.05292,0.05214,0.05275,1914360.2
2026-01-11 04:00:00,0.05274,0.05298,0.05248,0.05285,1678726.9
2026-01-11 08:00:00,0.05284,0.05311,0.0526,0.05292,1752709.4
2026-01-11 12:00:00,0.05293,0.05297,0.05149,0.05172,2876042.1
2026-01-11 16:00:00,0.05173,0.05236,0.05116,0.05125,2824477.2
2026-01-11 20:00:00,0.05125,0.05125,0.04937,0.0505,5414051.2
2026-01-12 00:00:00,0.05054,0.05128,0.04956,0.05058,2630455.7
2026-01-12 04:00:00,0.05054,0.05127,0.05012,0.05022,1848831.9
2026-01-12 08:00:00,0.05018,0.0504,0.04953,0.04977,1751809.8
2026-01-12 12:00:00,0.04978,0.05015,0.04892,0.05,3496741.1
2026-01-12 16:00:00,0.05003,0.05151,0.04991,0.05141,5191256.0
2026-01-12 20:00:00,0.05138,0.05383,0.05106,0.0516,13485238.8
2026-01-13 00:00:00,0.0516,0.0533,0.05121,0.05227,6418730.9
2026-01-13 04:00:00,0.05227,0.05321,0.0519,0.05241,4796139.9
2026-01-13 08:00:00,0.0524,0.05277,0.05177,0.05206,3413712.3
2026-01-13 12:00:00,0.05209,0.05337,0.05196,0.05337,4145898.3
2026-01-13 16:00:00,0.05337,0.05491,0.05309,0.05481,5146467.5
2026-01-13 20:00:00,0.05481,0.05576,0.05389,0.05539,2794336.3
2026-01-14 00:00:00,0.05538,0.05611,0.0551,0.05552,3573902.2
2026-01-14 04:00:00,0.0555,0.05553,0.05474,0.05487,3070008.6
2026-01-14 08:00:00,0.05487,0.05651,0.05454,0.05589,5146597.1
2026-01-14 12:00:00,0.05589,0.05637,0.05469,0.05571,4628063.6
2026-01-14 16:00:00,0.05571,0.05608,0.05422,0.0553,2605929.6
2026-01-14 20:00:00,0.05534,0.05565,0.0546,0.05484,2319739.7
2026-01-15 00:00:00,0.05485,0.05521,0.05349,0.05359,2994295.3
2026-01-15 04:00:00,0.05359,0.05485,0.05352,0.05472,3512763.0
2026-01-15 08:00:00,0.05471,0.05577,0.05466,0.05528,4107023.9
2026-01-15 12:00:00,0.05527,0.05657,0.05444,0.0553,5548270.8
2026-01-15 16:00:00,0.05528,0.05597,0.0534,0.05419,7222343.8
2026-01-15 20:00:00,0.05419,0.05465,0.05368,0.05442,2158133.5
2026-01-16 00:00:00,0.05443,0.05443,0.05364,0.05393,1832922.6
2026-01-16 04:00:00,0.05396,0.05461,0.05322,0.0544,2912334.5
2026-01-16 08:00:00,0.0544,0.05476,0.05343,0.05388,3237010.0
2026-01-16 12:00:00,0.05388,0.0541,0.05245,0.05286,3234427.2
2026-01-16 16:00:00,0.05284,0.05412,0.05273,0.05405,2276709.0
2026-01-16 20:00:00,0.05408,0.0551,0.05366,0.05484,3201096.9
2026-01-17 00:00:00,0.05484,0.05493,0.05416,0.05434,1677558.9
2026-01-17 04:00:00,0.05429,0.05485,0.05405,0.0547,2138699.2
2026-01-17 08:00:00,0.05474,0.05526,0.05426,0.05432,2113055.7
2026-01-17 12:00:00,0.05432,0.0556,0.05431,0.05545,2066090.7
2026-01-17 16:00:00,0.05545,0.05545,0.05421,0.05446,2641493.1
2026-01-17 20:00:00,0.05451,0.05474,0.05387,0.05402,1786813.5
2026-01-18 00:00:00,0.054,0.05455,0.05332,0.05364,1751324.9
2026-01-18 04:00:00,0.05363,0.05367,0.05287,0.05319,1141034.6
2026-01-18 08:00:00,0.0531,0.05397,0.05287,0.0537,2476947.0
2026-01-18 12:00:00,0.05369,0.05404,0.05307,0.05382,2605372.7
2026-01-18 16:00:00,0.05381,0.05425,0.05351,0.05406,1166389.3
2026-01-18 20:00:00,0.05406,0.05448,0.0515,0.05158,3313005.3
2026-01-19 00:00:00,0.05154,0.05156,0.04822,0.05105,6601809.9
2026-01-19 04:00:00,0.05105,0.05176,0.05032,0.05171,2607522.9
2026-01-19 08:00:00,0.0517,0.05218,0.05113,0.05124,3190410.7
2026-01-19 12:00:00,0.05124,0.05197,0.05103,0.0519,2634496.1
2026-01-19 16:00:00,0.05187,0.05255,0.05176,0.05237,1824677.2
2026-01-19 20:00:00,0.05239,0.05255,0.0517,0.052,1717084.2
2026-01-20 00:00:00,0.05199,0.05203,0.05117,0.05143,2145714.6
2026-01-20 04:00:00,0.05142,0.05142,0.05005,0.05006,2661073.9
2026-01-20 08:00:00,0.05007,0.05033,0.04937,0.04986,2446390.3
2026-01-20 12:00:00,0.04987,0.05078,0.04954,0.0501,3727655.4
2026-01-20 16:00:00,0.05012,0.05026,0.0484,0.04886,3325722.5
2026-01-20 20:00:00,0.04883,0.04919,0.04807,0.04832,2589810.6
2026-01-21 00:00:00,0.04835,0.04966,0.04827,0.0495,1914711.0
2026-01-21 04:00:00,0.04951,0.04999,0.04939,0.0495,1673924.9
2026-01-21 08:00:00,0.04951,0.04967,0.04852,0.04854,2444297.0
2026-01-21 12:00:00,0.0486,0.04994,0.04794,0.04971,3857897.2
2026-01-21 16:00:00,0.04975,0.04985,0.04762,0.04981,3637703.8
2026-01-21 20:00:00,0.04982,0.04991,0.0489,0.04913,1932703.7
2026-01-22 00:00:00,0.04914,0.04982,0.04912,0.04934,1238656.9
2026-01-22 04:00:00,0.04934,0.04944,0.04842,0.04864,3279334.4
2026-01-22 08:00:00,0.04864,0.04881,0.048,0.04809,2848430.4
2026-01-22 12:00:00,0.04805,0.04819,0.04657,0.04711,4624250.0
2026-01-22 16:00:00,0.04711,0.04779,0.04699,0.04749,2031507.1
2026-01-22 20:00:00,0.04747,0.04762,0.04642,0.04674,2597830.9
2026-01-23 00:00:00,0.04672,0.04705,0.04655,0.04672,2510303.6
2026-01-23 04:00:00,0.04673,0.04736,0.04665,0.04697,2599664.0
2026-01-23 08:00:00,0.047,0.04735,0.04644,0.04715,3054663.0
2026-01-23 12:00:00,0.04718,0.04769,0.04606,0.04767,4232997.0
2026-01-23 16:00:00,0.04764,0.04908,0.04746,0.04802,4171575.0
2026-01-23 20:00:00,0.04805,0.04819,0.04718,0.04763,2428171.9
2026-01-24 00:00:00,0.0476,0.04925,0.04734,0.04916,2866044.0
2026-01-24 04:00:00,0.04916,0.05094,0.04887,0.05004,7900478.0
2026-01-24 08:00:00,0.05005,0.05008,0.0487,0.04894,4791772.4
2026-01-24 12:00:00,0.04893,0.04902,0.0478,0.04787,2756664.9
2026-01-24 16:00:00,0.0479,0.0479,0.04727,0.04733,2169305.8
2026-01-24 20:00:00,0.04733,0.04779,0.04728,0.04763,1345430.5
2026-01-25 00:00:00,0.0476,0.04831,0.04746,0.04776,2913056.6
2026-01-25 04:00:00,0.04772,0.04788,0.04742,0.04777,1523045.8
2026-01-25 08:00:00,0.04778,0.04864,0.04741,0.0477,2657538.2
2026-01-25 12:00:00,0.04768,0.04778,0.04652,0.04711,4495305.1
2026-01-25 16:00:00,0.04709,0.04709,0.04463,0.04488,4871550.5
2026-01-25 20:00:00,0.04489,0.04576,0.04472,0.04568,3038528.7
2026-01-26 00:00:00,0.04568,0.04664,0.0454,0.04621,2961974.1
2026-01-26 04:00:00,0.0462,0.04685,0.04618,0.04646,1676316.9
2026-01-26 08:00:00,0.04647,0.0471,0.04617,0.04698,2421757.8
2026-01-26 12:00:00,0.04702,0.04759,0.04645,0.04693,3045332.3
2026-01-26 16:00:00,0.047,0.04743,0.04668,0.04695,2318762.1
2026-01-26 20:00:00,0.04691,0.04746,0.04665,0.04712,1577574.1
2026-01-27 00:00:00,0.04713,0.04728,0.04688,0.04702,1930694.2
2026-01-27 04:00:00,0.04698,0.0472,0.04641,0.04656,1731239.3
2026-01-27 08:00:00,0.04655,0.04658,0.04604,0.04614,1572091.4
2026-01-27 12:00:00,0.0461,0.04618,0.04539,0.04579,1895077.9
2026-01-27 16:00:00,0.0458,0.04656,0.0453,0.04642,2645409.4
2026-01-27 20:00:00,0.04641,0.047,0.0464,0.04691,1363919.3
2026-01-28 00:00:00,0.04688,0.04698,0.04638,0.04638,1893149.3
2026-01-28 04:00:00,0.04638,0.04652,0.04598,0.04628,2395339.1
2026-01-28 08:00:00,0.04628,0.04683,0.04597,0.04675,1813092.5
2026-01-28 12:00:00,0.04673,0.04679,0.0455,0.04565,1956344.5
2026-01-28 16:00:00,0.04567,0.04627,0.04549,0.04602,2197529.2
2026-01-28 20:00:00,0.04602,0.04632,0.04554,0.0458,2203415.6
2026-01-29 00:00:00,0.0458,0.04598,0.04433,0.04462,2676119.0
2026-01-29 04:00:00,0.0446,0.04505,0.04439,0.0448,1646846.4
2026-01-29 08:00:00,0.0448,0.04489,0.04429,0.04438,2462115.1
2026-01-29 12:00:00,0.04435,0.04445,0.04179,0.04258,4602349.4
2026-01-29 16:00:00,0.0426,0.04347,0.04203,0.04266,3792923.0
2026-01-29 20:00:00,0.04267,0.04333,0.04255,0.0432,2041187.9
2026-01-30 00:00:00,0.0432,0.04332,0.04145,0.04194,3510189.1
2026-01-30 04:00:00,0.04198,0.04247,0.04128,0.0419,4199646.3
2026-01-30 08:00:00,0.0419,0.04225,0.0412,0.04201,4209999.5
2026-01-30 12:00:00,0.04201,0.04218,0.04136,0.04204,5430918.9
2026-01-30 16:00:00,0.04201,0.04303,0.04159,0.04259,3985598.9
2026-01-30 20:00:00,0.0426,0.04262,0.04197,0.04257,2446649.6
2026-01-31 00:00:00,0.04257,0.04269,0.04218,0.04253,2139632.3
2026-01-31 04:00:00,0.04253,0.04285,0.04204,0.04235,2234859.1
2026-01-31 08:00:00,0.04239,0.04253,0.04136,0.04203,4021240.9
2026-01-31 12:00:00,0.04201,0.04373,0.03987,0.0404,15342811.0
2026-01-31 16:00:00,0.04038,0.04115,0.03775,0.03928,10229803.2
2026-01-31 20:00:00,0.03925,0.04106,0.03896,0.04091,6380970.9
2026-02-01 00:00:00,0.0409,0.04099,0.0403,0.04053,3494934.8
2026-02-01 04:00:00,0.04051,0.04094,0.04029,0.04061,4147149.2
2026-02-01 08:00:00,0.04061,0.04075,0.03978,0.03996,3734100.3
2026-02-01 12:00:00,0.03997,0.04091,0.03874,0.03918,9169069.6
2026-02-01 16:00:00,0.03916,0.04055,0.03892,0.04037,5604720.5
2026-02-01 20:00:00,0.04033,0.04072,0.03854,0.03928,10109851.0
2026-02-02 00:00:00,0.03928,0.04044,0.03854,0.03978,12921904.3
2026-02-02 04:00:00,0.03978,0.04057,0.03861,0.0397,5538998.4
2026-02-02 08:00:00,0.03972,0.04047,0.03959,0.04009,4050525.7
2026-02-02 12:00:00,0.04011,0.04107,0.03995,0.04084,4115141.8
2026-02-02 16:00:00,0.04086,0.04105,0.04028,0.04033,2413268.3
2026-02-02 20:00:00,0.04034,0.04052,0.04008,0.04026,2312832.9
2026-02-03 00:00:00,0.04025,0.04073,0.03971,0.0407,3295024.8
2026-02-03 04:00:00,0.0407,0.04167,0.0405,0.04101,3733561.3
2026-02-03 08:00:00,0.04102,0.04119,0.04008,0.04026,3979476.6
2026-02-03 12:00:00,0.0403,0.04114,0.04018,0.041,3918391.5
2026-02-03 16:00:00,0.04102,0.04112,0.03838,0.04015,5491874.0
2026-02-03 20:00:00,0.04013,0.04141,0.03955,0.03985,5603681.1
2026-02-04 00:00:00,0.03982,0.04074,0.03966,0.04057,2990266.2
2026-02-04 04:00:00,0.04057,0.04075,0.04014,0.04058,3367861.9
2026-02-04 08:00:00,0.04057,0.04096,0.04027,0.04057,4173226.1
2026-02-04 12:00:00,0.04061,0.04085,0.03921,0.03958,5293520.5
2026-02-04 16:00:00,0.03962,0.04065,0.03893,0.04054,5649302.8
2026-02-04 20:00:00,0.04058,0.04062,0.03895,0.03966,4351940.3
2026-02-05 00:00:00,0.03967,0.04008,0.039,0.0391,3254084.0
2026-02-05 04:00:00,0.0391,0.03945,0.03858,0.03884,3870912.0
2026-02-05 08:00:00,0.03885,0.03945,0.03756,0.03818,5326061.9
2026-02-05 12:00:00,0.03822,0.03871,0.03581,0.03656,8564465.4
2026-02-05 16:00:00,0.03665,0.0372,0.03566,0.036,9365765.1
2026-02-05 20:00:00,0.03598,0.03639,0.03447,0.03517,10531206.6
2026-02-06 00:00:00,0.03517,0.03612,0.03191,0.03575,17947571.4
2026-02-06 04:00:00,0.03573,0.03677,0.03543,0.03621,5063969.2
2026-02-06 08:00:00,0.03618,0.03716,0.0357,0.037,5531420.6
2026-02-06 12:00:00,0.03694,0.0383,0.03666,0.03809,4875654.7
2026-02-06 16:00:00,0.0381,0.03997,0.03794,0.03932,5458126.7
2026-02-06 20:00:00,0.03935,0.04009,0.03897,0.03965,3180177.7
2026-02-07 00:00:00,0.03966,0.0402,0.03935,0.03949,7645657.1
2026-02-07 04:00:00,0.03949,0.03977,0.03794,0.03831,4459263.6
2026-02-07 08:00:00,0.0383,0.03862,0.0381,0.03848,2948099.2
2026-02-07 12:00:00,0.03847,0.03968,0.03845,0.03886,3755669.4
2026-02-07 16:00:00,0.03886,0.03974,0.03874,0.03937,4135907.6
2026-02-07 20:00:00,0.03938,0.03944,0.03904,0.03917,2058112.9
2026-02-08 00:00:00,0.03922,0.03924,0.03835,0.03837,2121278.7
2026-02-08 04:00:00,0.03836,0.03857,0.03818,0.0384,2237402.5
2026-02-08 08:00:00,0.03839,0.03897,0.03822,0.03875,2909058.3
2026-02-08 12:00:00,0.03876,0.03898,0.03831,0.03845,2962959.1
2026-02-08 16:00:00,0.03846,0.03856,0.03762,0.0382,2909936.8
2026-02-08 20:00:00,0.03821,0.03833,0.03735,0.03755,2641220.0
2026-02-09 00:00:00,0.03756,0.03836,0.0374,0.03831,3286242.0
2026-02-09 04:00:00,0.03831,0.03832,0.03772,0.03778,1841363.2
2026-02-09 08:00:00,0.03778,0.03787,0.0366,0.03713,3465349.3
2026-02-09 12:00:00,0.03708,0.03802,0.03708,0.03798,3418848.1
2026-02-09 16:00:00,0.03797,0.03867,0.03759,0.03848,3695777.1
2026-02-09 20:00:00,0.0385,0.03872,0.03812,0.03825,2125678.5
2026-02-10 00:00:00,0.03827,0.0384,0.03723,0.03759,2629609.6
2026-02-10 04:00:00,0.03756,0.03788,0.03688,0.03712,2073100.6
2026-02-10 08:00:00,0.03716,0.03744,0.03695,0.0371,1919300.5
2026-02-10 12:00:00,0.03711,0.03745,0.03673,0.03731,2022490.9
2026-02-10 16:00:00,0.03732,0.03759,0.03673,0.03697,2634634.2
2026-02-10 20:00:00,0.03695,0.03703,0.03677,0.03698,1836213.6
2026-02-11 00:00:00,0.03697,0.03702,0.03616,0.03651,2258024.1
2026-02-11 04:00:00,0.0365,0.03663,0.03526,0.03531,2702450.2
2026-02-11 08:00:00,0.0353,0.03543,0.03506,0.03539,2779955.3
2026-02-11 12:00:00,0.03538,0.03649,0.03499,0.03543,6622593.6
2026-02-11 16:00:00,0.03541,0.03595,0.03506,0.03518,7820220.8
2026-02-11 20:00:00,0.03518,0.03629,0.03504,0.03575,4564230.8
2026-02-12 00:00:00,0.03575,0.03642,0.03575,0.03635,2545025.7
2026-02-12 04:00:00,0.03635,0.03683,0.03628,0.03674,2891794.8
2026-02-12 08:00:00,0.03673,0.03739,0.03645,0.03719,3531741.4
2026-02-12 12:00:00,0.03719,0.03721,0.03601,0.03602,3177879.9
2026-02-12 16:00:00,0.03604,0.03616,0.0354,0.03566,3673817.6
2026-02-12 20:00:00,0.03565,0.03615,0.03522,0.03607,2739916.0
2026-02-13 00:00:00,0.03607,0.03659,0.03551,0.03563,5248138.5
2026-02-13 04:00:00,0.03563,0.03605,0.03509,0.03601,2839219.4
2026-02-13 08:00:00,0.03599,0.03726,0.03596,0.03701,3841183.6
2026-02-13 12:00:00,0.03701,0.0376,0.03664,0.03709,3523975.2
2026-02-13 16:00:00,0.03715,0.03779,0.03699,0.03742,2596723.0
2026-02-13 20:00:00,0.03741,0.03764,0.03718,0.03722,2147604.0
2026-02-14 00:00:00,0.03721,0.03758,0.03721,0.0373,1863552.2
2026-02-14 04:00:00,0.03729,0.03737,0.03692,0.03729,1975509.4
2026-02-14 08:00:00,0.03731,0.03835,0.0373,0.03829,2544890.8
2026-02-14 12:00:00,0.0383,0.03852,0.03777,0.03845,2712553.0
2026-02-14 16:00:00,0.03848,0.03907,0.0383,0.03898,2074017.2
2026-02-14 20:00:00,0.03898,0.03915,0.0383,0.03833,1472343.5
2026-02-15 00:00:00,0.03833,0.03857,0.03755,0.03812,2525117.3
2026-02-15 04:00:00,0.03815,0.03846,0.03791,0.03813,1794561.0
2026-02-15 08:00:00,0.03813,0.03819,0.0372,0.03734,1739247.4
2026-02-15 12:00:00,0.03734,0.03742,0.0361,0.0365,3101804.4
2026-02-15 16:00:00,0.0365,0.03654,0.03571,0.0359,2638837.3
2026-02-15 20:00:00,0.03593,0.0363,0.03585,0.03622,1773532.7
2026-02-16 00:00:00,0.03622,0.03654,0.03608,0.0365,1998782.3
2026-02-16 04:00:00,0.03646,0.03678,0.03609,0.0362,2150748.0
2026-02-16 08:00:00,0.03616,0.03635,0.03536,0.03567,2075003.1
2026-02-16 12:00:00,0.03567,0.03627,0.03491,0.03514,4998620.5
2026-02-16 16:00:00,0.03508,0.0358,0.03499,0.03556,3766912.0
2026-02-16 20:00:00,0.03555,0.03611,0.03548,0.03577,1968832.0
2026-02-17 00:00:00,0.03579,0.03597,0.03529,0.0354,3279717.8
2026-02-17 04:00:00,0.03539,0.0361,0.03522,0.03552,6292005.5
2026-02-17 08:00:00,0.03553,0.03577,0.03502,0.03532,4866793.7
2026-02-17 12:00:00,0.03532,0.03558,0.03464,0.03528,3580518.6
2026-02-17 16:00:00,0.03529,0.03579,0.03504,0.03536,3777080.6
2026-02-17 20:00:00,0.03532,0.03542,0.03503,0.03511,1716412.9
2026-02-18 00:00:00,0.03511,0.03566,0.03465,0.0356,2507099.3
2026-02-18 04:00:00,0.03558,0.03606,0.03547,0.03597,1700667.7
2026-02-18 08:00:00,0.03597,0.03618,0.03499,0.03534,3294556.1
2026-02-18 12:00:00,0.03532,0.03629,0.03484,0.03592,5748555.5
2026-02-18 16:00:00,0.03596,0.03735,0.03571,0.03659,12423888.3
2026-02-18 20:00:00,0.03659,0.03671,0.03506,0.03556,7141777.0
2026-02-19 00:00:00,0.03556,0.03626,0.03524,0.03616,4481293.2
2026-02-19 04:00:00,0.03618,0.03628,0.03566,0.03628,3430935.9
2026-02-19 08:00:00,0.03627,0.03644,0.0352,0.03531,6935669.6
2026-02-19 12:00:00,0.03534,0.03549,0.03432,0.03496,6111515.4
2026-02-19 16:00:00,0.03496,0.03661,0.03461,0.03646,5963398.1
2026-02-19 20:00:00,0.03645,0.03762,0.03596,0.03644,12603614.8
2026-02-20 00:00:00,0.03645,0.03654,0.03582,0.03593,3959381.5
2026-02-20 04:00:00,0.03593,0.03619,0.03565,0.03598,3110184.5
2026-02-20 08:00:00,0.03595,0.03628,0.03563,0.03569,2427983.1
2026-02-20 12:00:00,0.03566,0.03577,0.03442,0.03499,8586126.3
2026-02-20 16:00:00,0.03503,0.0362,0.03486,0.03602,4484616.8
2026-02-20 20:00:00,0.036,0.03667,0.03568,0.03645,4011374.9
2026-02-21 00:00:00,0.03644,0.0368,0.03635,0.03648,2517219.7
2026-02-21 04:00:00,0.03648,0.03654,0.0361,0.0362,1869048.8
2026-02-21 08:00:00,0.03622,0.03731,0.03621,0.03688,4705973.2
2026-02-21 12:00:00,0.03689,0.03718,0.03631,0.03641,4629480.4
2026-02-21 16:00:00,0.03643,0.03644,0.0358,0.03585,2826599.9
2026-02-21 20:00:00,0.03587,0.03606,0.03573,0.03579,1972931.2
2026-02-22 00:00:00,0.03577,0.0359,0.03515,0.03534,2087275.7
2026-02-22 04:00:00,0.03533,0.0354,0.03511,0.03534,1675374.0
2026-02-22 08:00:00,0.03531,0.03542,0.03502,0.03518,2321265.1
2026-02-22 12:00:00,0.03516,0.03516,0.03403,0.0342,4280862.6
2026-02-22 16:00:00,0.03418,0.03426,0.0339,0.03396,1709264.9
2026-02-22 20:00:00,0.03396,0.03409,0.03368,0.03388,2923283.7
2026-02-23 00:00:00,0.03389,0.03399,0.03215,0.03243,5772997.3
2026-02-23 04:00:00,0.0324,0.03306,0.03219,0.03302,3369935.2
2026-02-23 08:00:00,0.03301,0.03379,0.03273,0.03352,5006668.3
2026-02-23 12:00:00,0.03352,0.03385,0.03218,0.03242,4553706.2
2026-02-23 16:00:00,0.03239,0.03264,0.03181,0.03228,3715236.2
2026-02-23 20:00:00,0.03227,0.03269,0.03211,0.03236,2204756.2
2026-02-24 00:00:00,0.03239,0.0328,0.03193,0.03223,2900163.4
2026-02-24 04:00:00,0.03223,0.0323,0.03182,0.03223,3006710.6
2026-02-24 08:00:00,0.0322,0.03245,0.03197,0.03215,2290195.7
2026-02-24 12:00:00,0.03213,0.03243,0.03161,0.03233,4850019.0
2026-02-24 16:00:00,0.03233,0.03256,0.03169,0.03211,3094819.5
2026-02-24 20:00:00,0.03212,0.0328,0.03209,0.03255,2725960.6
2026-02-25 00:00:00,0.03253,0.03293,0.03231,0.03244,3554945.6
2026-02-25 04:00:00,0.03243,0.03269,0.03218,0.0324,2608241.1
2026-02-25 08:00:00,0.03241,0.03288,0.03236,0.03282,4392974.6
2026-02-25 12:00:00,0.03282,0.03384,0.03271,0.03367,4566786.9
2026-02-25 16:00:00,0.03369,0.03458,0.03369,0.03449,4241300.6
2026-02-25 20:00:00,0.03449,0.03534,0.0342,0.03457,4144309.8
2026-02-26 00:00:00,0.03457,0.03509,0.03455,0.03484,2935953.0
2026-02-26 04:00:00,0.03482,0.0352,0.03454,0.03481,3559628.6
2026-02-26 08:00:00,0.03481,0.03645,0.03462,0.03489,9464074.7
2026-02-26 12:00:00,0.0349,0.03532,0.03457,0.03507,7161985.2
2026-02-26 16:00:00,0.03505,0.03509,0.0338,0.03458,7747059.9
2026-02-26 20:00:00,0.03461,0.03467,0.03401,0.03416,2213367.4
2026-02-27 00:00:00,0.03414,0.03415,0.03368,0.03409,2625992.5
2026-02-27 04:00:00,0.03411,0.03484,0.03407,0.03484,2741219.4
2026-02-27 08:00:00,0.03482,0.03519,0.03389,0.03399,6231694.8
2026-02-27 12:00:00,0.03403,0.03434,0.03375,0.03397,3013271.9
2026-02-27 16:00:00,0.03396,0.03396,0.03311,0.03322,2702495.8
2026-02-27 20:00:00,0.03323,0.03356,0.03288,0.03346,2707711.6
2026-02-28 00:00:00,0.03349,0.03371,0.03314,0.03321,2066676.7
2026-02-28 04:00:00,0.03321,0.03323,0.03106,0.03157,4657971.6
2026-02-28 08:00:00,0.03157,0.03163,0.03111,0.03133,2817643.5
2026-02-28 12:00:00,0.03133,0.03239,0.03129,0.03206,2583972.7
2026-02-28 16:00:00,0.03205,0.03315,0.0318,0.03304,2344298.8
2026-02-28 20:00:00,0.03304,0.03406,0.03297,0.03405,2558012.7
2026-03-01 00:00:00,0.03406,0.03482,0.03351,0.03457,3238606.4
2026-03-01 04:00:00,0.03457,0.03471,0.03395,0.03424,2355809.4
2026-03-01 08:00:00,0.03424,0.03429,0.03353,0.03363,2903369.1
2026-03-01 12:00:00,0.03366,0.03404,0.03304,0.03339,3741584.8
2026-03-01 16:00:00,0.03341,0.03364,0.03264,0.03283,3903786.8
2026-03-01 20:00:00,0.03286,0.03327,0.03224,0.03313,3496765.8
2026-03-02 00:00:00,0.03314,0.03394,0.03313,0.0336,2850229.2
2026-03-02 04:00:00,0.03359,0.03365,0.03226,0.03263,5112702.9
2026-03-02 08:00:00,0.03264,0.03311,0.03245,0.03306,3689597.2
2026-03-02 12:00:00,0.03307,0.03444,0.03275,0.03426,4408212.8
2026-03-02 16:00:00,0.03426,0.03483,0.03409,0.03457,3064113.2
2026-03-02 20:00:00,0.03457,0.03485,0.03382,0.03395,2085007.4
2026-03-03 00:00:00,0.03395,0.03461,0.03362,0.03451,3196975.3
2026-03-03 04:00:00,0.03452,0.03497,0.03427,0.03492,2547153.9
2026-03-03 08:00:00,0.03494,0.03501,0.03346,0.0339,3771342.8
2026-03-03 12:00:00,0.03388,0.03439,0.03338,0.03415,4099325.8
2026-03-03 16:00:00,0.03411,0.03536,0.03403,0.03504,3539640.0
2026-03-03 20:00:00,0.03507,0.03511,0.03429,0.03443,1928644.7
2026-03-04 00:00:00,0.03444,0.03447,0.03376,0.03413,3308846.6
2026-03-04 04:00:00,0.03417,0.03459,0.0339,0.03443,1828327.1
2026-03-04 08:00:00,0.03447,0.03555,0.03426,0.03487,7268047.7
2026-03-04 12:00:00,0.03487,0.03588,0.03453,0.03583,3669145.5
2026-03-04 16:00:00,0.03585,0.03593,0.03527,0.03567,3795686.0
2026-03-04 20:00:00,0.03566,0.03569,0.03473,0.03514,1732115.8
2026-03-05 00:00:00,0.03515,0.03564,0.03491,0.03533,4681551.5
2026-03-05 04:00:00,0.03531,0.03577,0.03508,0.0352,2382391.2
2026-03-05 08:00:00,0.03521,0.0359,0.03511,0.03554,1587989.4
2026-03-05 12:00:00,0.03555,0.03586,0.03507,0.03511,3642292.2
2026-03-05 16:00:00,0.03512,0.03521,0.03435,0.03497,2277438.9
2026-03-05 20:00:00,0.035,0.03541,0.03485,0.03494,1237737.1
2026-03-06 00:00:00,0.03498,0.03533,0.03471,0.03508,1791148.8
2026-03-06 04:00:00,0.03507,0.03509,0.03444,0.03479,2341455.8
2026-03-06 08:00:00,0.03482,0.03482,0.03404,0.03418,3207426.8
2026-03-06 12:00:00,0.03419,0.03491,0.03344,0.0336,4572629.3
2026-03-06 16:00:00,0.03358,0.03386,0.03295,0.03368,4044428.8
2026-03-06 20:00:00,0.03366,0.0337,0.03334,0.03341,2643076.7
2026-03-07 00:00:00,0.03341,0.03352,0.03303,0.03315,2364800.4
2026-03-07 04:00:00,0.03315,0.03353,0.0329,0.03311,2986585.2
2026-03-07 08:00:00,0.03311,0.03397,0.03291,0.03384,3512224.9
2026-03-07 12:00:00,0.03383,0.03383,0.03293,0.03311,3009476.0
2026-03-07 16:00:00,0.03311,0.03347,0.03273,0.03279,3092649.9
2026-03-07 20:00:00,0.03284,0.03295,0.03228,0.03261,3027337.9
2026-03-08 00:00:00,0.03264,0.03283,0.03234,0.03276,3598158.7
2026-03-08 04:00:00,0.03276,0.0329,0.03224,0.03276,3997858.9
2026-03-08 08:00:00,0.03273,0.03347,0.03255,0.03327,4928500.3
2026-03-08 12:00:00,0.03331,0.03354,0.03234,0.03248,4661039.6
2026-03-08 16:00:00,0.03252,0.03312,0.03213,0.03293,3588026.6
2026-03-08 20:00:00,0.03293,0.03306,0.03218,0.03254,3605759.6
2026-03-09 00:00:00,0.03251,0.03359,0.03251,0.0333,3404524.5
2026-03-09 04:00:00,0.03334,0.03395,0.03314,0.03326,2881937.9
2026-03-09 08:00:00,0.03326,0.03342,0.03293,0.03319,3696796.9
2026-03-09 12:00:00,0.03319,0.03424,0.03318,0.03416,2576425.2
2026-03-09 16:00:00,0.03415,0.03521,0.03372,0.03381,6465861.5
2026-03-09 20:00:00,0.03381,0.03396,0.03319,0.03326,1766743.8
2026-03-10 00:00:00,0.03325,0.03419,0.03317,0.03378,2297812.3
2026-03-10 04:00:00,0.03375,0.034,0.0334,0.03367,4050870.7
2026-03-10 08:00:00,0.03368,0.03415,0.0336,0.03393,2928714.5
2026-03-10 12:00:00,0.03392,0.03454,0.03343,0.03424,2786213.9
2026-03-10 16:00:00,0.03425,0.03444,0.03316,0.03327,3916492.6
2026-03-10 20:00:00,0.03326,0.0342,0.03316,0.03381,8448444.3
2026-03-11 00:00:00,0.03383,0.03394,0.0325,0.0326,7002083.2
2026-03-11 04:00:00,0.0326,0.0339,0.03252,0.03367,4209422.6
2026-03-11 08:00:00,0.03369,0.03526,0.03362,0.03488,5457966.3
2026-03-11 12:00:00,0.03486,0.06736,0.03459,0.05901,1946042810.3
2026-03-11 16:00:00,0.05901,0.067,0.05312,0.0575,2033027509.2
2026-03-11 20:00:00,0.05752,0.06591,0.05667,0.06051,1014799658.9
2026-03-12 00:00:00,0.06053,0.06767,0.05768,0.06186,1368410387.3
2026-03-12 04:00:00,0.06185,0.06489,0.05356,0.05419,1566186493.4
2026-03-12 08:00:00,0.05419,0.056,0.04925,0.05132,1204820597.3
2026-03-12 12:00:00,0.0513,0.05397,0.04734,0.04878,871484508.8
2026-03-12 16:00:00,0.04878,0.0514,0.04869,0.04997,287922820.0
2026-03-12 20:00:00,0.04996,0.05008,0.04736,0.04871,154596036.4
2026-03-13 00:00:00,0.04871,0.05289,0.0486,0.05101,284086494.3
2026-03-13 04:00:00,0.05102,0.05433,0.04985,0.05317,250961382.8
2026-03-13 08:00:00,0.05317,0.059,0.04717,0.04805,404387002.7
2026-03-13 12:00:00,0.04804,0.05125,0.04774,0.04937,158443034.7
2026-03-13 16:00:00,0.04937,0.05144,0.04894,0.0492,83228065.0
2026-03-13 20:00:00,0.04921,0.04922,0.04603,0.04652,75032240.0
2026-03-14 00:00:00,0.04652,0.04748,0.04461,0.04607,95124539.8
2026-03-14 04:00:00,0.04608,0.04647,0.04505,0.04552,41388978.7
2026-03-14 08:00:00,0.04553,0.04705,0.0448,0.04495,66660364.3
2026-03-14 12:00:00,0.04495,0.04613,0.04406,0.04553,50874533.3
2026-03-14 16:00:00,0.04553,0.04795,0.04493,0.04552,48686275.0
2026-03-14 20:00:00,0.04551,0.04572,0.04459,0.04543,27845017.8
2026-03-15 00:00:00,0.04543,0.04738,0.04494,0.0453,46989910.8
2026-03-15 04:00:00,0.04531,0.04543,0.04411,0.04447,21900855.8
2026-03-15 08:00:00,0.04447,0.046,0.04356,0.04496,50555065.3
2026-03-15 12:00:00,0.04496,0.04515,0.04367,0.04408,19653785.6
