timestamp,open,high,low,close,volume
2025-03-21 00:00:00,0.5229,0.5335,0.5223,0.526,8396933.0
2025-03-21 04:00:00,0.526,0.5308,0.5142,0.5181,12150941.0
2025-03-21 08:00:00,0.5182,0.5201,0.5028,0.5071,19045607.0
2025-03-21 12:00:00,0.5071,0.5124,0.5011,0.5013,14228246.0
2025-03-21 16:00:00,0.5014,0.5108,0.4975,0.5059,12325687.0
2025-03-21 20:00:00,0.5059,0.5107,0.4998,0.5015,13547676.0
2025-03-22 00:00:00,0.5014,0.5088,0.5007,0.5063,9568541.0
2025-03-22 04:00:00,0.5064,0.5162,0.5063,0.512,12142621.0
2025-03-22 08:00:00,0.5121,0.523,0.5116,0.5166,9900983.0
2025-03-22 12:00:00,0.5165,0.517,0.504,0.5118,15040888.0
2025-03-22 16:00:00,0.5117,0.525,0.5108,0.5185,16408918.0
2025-03-22 20:00:00,0.5185,0.5219,0.5103,0.5132,8316267.0
2025-03-23 00:00:00,0.5131,0.521,0.5098,0.521,7252281.0
2025-03-23 04:00:00,0.5209,0.5214,0.5106,0.5154,6975202.0
2025-03-23 08:00:00,0.5154,0.5223,0.511,0.517,13018816.0
2025-03-23 12:00:00,0.517,0.5212,0.5101,0.5121,13988882.0
2025-03-23 16:00:00,0.5122,0.5145,0.5034,0.5086,12166333.0
2025-03-23 20:00:00,0.5086,0.5196,0.5043,0.5194,14040799.0
2025-03-24 00:00:00,0.5195,0.5299,0.5114,0.5278,16724586.0
2025-03-24 04:00:00,0.5279,0.5486,0.5279,0.5392,18732538.0
2025-03-24 08:00:00,0.5391,0.5533,0.539,0.544,21866853.0
2025-03-24 12:00:00,0.544,0.5534,0.5405,0.5467,21158697.0
2025-03-24 16:00:00,0.5467,0.5574,0.544,0.5514,16953292.0
2025-03-24 20:00:00,0.5514,0.5531,0.5449,0.5522,8787593.0
2025-03-25 00:00:00,0.5522,0.5559,0.5442,0.5458,13228691.0
2025-03-25 04:00:00,0.5458,0.5596,0.5443,0.5514,9907097.0
2025-03-25 08:00:00,0.5514,0.5702,0.5513,0.5629,17745464.0
2025-03-25 12:00:00,0.5631,0.5682,0.5538,0.5618,20025947.0
2025-03-25 16:00:00,0.562,0.5678,0.5585,0.5654,10391714.0
2025-03-25 20:00:00,0.5654,0.5691,0.5591,0.5655,7779648.0
2025-03-26 00:00:00,0.5656,0.5675,0.5545,0.5586,11470480.0
2025-03-26 04:00:00,0.5587,0.5835,0.5557,0.5795,14551915.0
2025-03-26 08:00:00,0.5796,0.5815,0.5685,0.575,13419635.0
2025-03-26 12:00:00,0.575,0.576,0.5516,0.5564,21300574.0
2025-03-26 16:00:00,0.5563,0.5602,0.5414,0.5503,19681097.0
2025-03-26 20:00:00,0.5502,0.5583,0.5455,0.5512,9797758.0
2025-03-27 00:00:00,0.5512,0.5649,0.55,0.564,9833266.0
2025-03-27 04:00:00,0.564,0.5644,0.5524,0.5547,8070879.0
2025-03-27 08:00:00,0.5546,0.5566,0.5407,0.5417,13395465.0
2025-03-27 12:00:00,0.5417,0.5529,0.5347,0.547,17026056.0
2025-03-27 16:00:00,0.5471,0.5517,0.5413,0.5476,14918684.0
2025-03-27 20:00:00,0.5477,0.5547,0.5445,0.5486,11609973.0
2025-03-28 00:00:00,0.5486,0.5546,0.5398,0.5423,9124454.0
2025-03-28 04:00:00,0.5424,0.5431,0.5104,0.5113,24406881.0
2025-03-28 08:00:00,0.5112,0.5161,0.5069,0.5144,14499374.0
2025-03-28 12:00:00,0.5143,0.5189,0.5016,0.5051,30687460.0
2025-03-28 16:00:00,0.5052,0.5079,0.4995,0.5023,10369682.0
2025-03-28 20:00:00,0.5023,0.5106,0.5006,0.5091,10986838.0
2025-03-29 00:00:00,0.509,0.5127,0.4953,0.5072,12368430.0
2025-03-29 04:00:00,0.5072,0.5079,0.4897,0.4935,11523581.0
2025-03-29 08:00:00,0.4936,0.4965,0.4769,0.4799,21025381.0
2025-03-29 12:00:00,0.4799,0.4821,0.474,0.4755,11774611.0
2025-03-29 16:00:00,0.4756,0.4774,0.4633,0.4698,16786577.0
2025-03-29 20:00:00,0.4697,0.4714,0.4625,0.4699,10240016.0
2025-03-30 00:00:00,0.4699,0.4781,0.4636,0.4742,12220926.0
2025-03-30 04:00:00,0.4742,0.4782,0.4717,0.4742,7300096.0
2025-03-30 08:00:00,0.4743,0.4817,0.4738,0.4768,10137593.0
2025-03-30 12:00:00,0.4768,0.4793,0.4659,0.472,11947888.0
2025-03-30 16:00:00,0.472,0.4806,0.4657,0.474,10337369.0
2025-03-30 20:00:00,0.4741,0.4751,0.46,0.4683,10210778.0
2025-03-31 00:00:00,0.4684,0.4734,0.4591,0.4654,15911992.0
2025-03-31 04:00:00,0.4654,0.4737,0.4457,0.4551,27139417.0
2025-03-31 08:00:00,0.4551,0.4602,0.4431,0.4535,20882832.0
2025-03-31 12:00:00,0.4534,0.4637,0.448,0.4586,20705719.0
2025-03-31 16:00:00,0.4586,0.4635,0.452,0.4549,12606775.0
2025-03-31 20:00:00,0.4549,0.4578,0.4506,0.4535,8133477.0
2025-04-01 00:00:00,0.4535,0.4735,0.4532,0.4697,21974418.0
2025-04-01 04:00:00,0.4696,0.4754,0.4661,0.4724,16020994.0
2025-04-01 08:00:00,0.4723,0.4863,0.4709,0.4741,21035301.0
2025-04-01 12:00:00,0.4742,0.487,0.4641,0.4845,29264919.0
2025-04-01 16:00:00,0.4845,0.4884,0.474,0.4768,15594758.0
2025-04-01 20:00:00,0.4768,0.4793,0.4639,0.4687,23349045.0
2025-04-02 00:00:00,0.4688,0.4697,0.4508,0.4557,18478596.0
2025-04-02 04:00:00,0.4558,0.4572,0.4448,0.4473,18114311.0
2025-04-02 08:00:00,0.4473,0.4572,0.446,0.4498,15299792.0
2025-04-02 12:00:00,0.4498,0.4717,0.4457,0.468,28002950.0
2025-04-02 16:00:00,0.4682,0.4729,0.4582,0.4665,14847086.0
2025-04-02 20:00:00,0.4666,0.4789,0.4245,0.4302,47268892.0
2025-04-03 00:00:00,0.4302,0.4486,0.4277,0.4462,18900247.0
2025-04-03 04:00:00,0.4463,0.4519,0.4344,0.4393,11809757.0
2025-04-03 08:00:00,0.4392,0.4418,0.421,0.4245,24737045.0
2025-04-03 12:00:00,0.4246,0.4246,0.4103,0.4221,29394609.0
2025-04-03 16:00:00,0.4222,0.4312,0.4207,0.4295,15400617.0
2025-04-03 20:00:00,0.4295,0.4369,0.4261,0.4351,13322402.0
2025-04-04 00:00:00,0.4351,0.4372,0.4278,0.433,14827561.0
2025-04-04 04:00:00,0.433,0.4411,0.4293,0.4396,13271120.0
2025-04-04 08:00:00,0.4397,0.4451,0.4207,0.4272,22166337.0
2025-04-04 12:00:00,0.4271,0.444,0.4245,0.434,33580373.0
2025-04-04 16:00:00,0.4342,0.4464,0.431,0.444,19417143.0
2025-04-04 20:00:00,0.4441,0.4477,0.4411,0.4437,9814390.0
2025-04-05 00:00:00,0.4436,0.4487,0.4401,0.4422,7602294.0
2025-04-05 04:00:00,0.4421,0.4433,0.4385,0.4419,6687573.0
2025-04-05 08:00:00,0.442,0.4445,0.4391,0.4399,5730597.0
2025-04-05 12:00:00,0.44,0.4403,0.4261,0.4275,14527714.0
2025-04-05 16:00:00,0.4275,0.4327,0.4261,0.4293,13326441.0
2025-04-05 20:00:00,0.4292,0.4341,0.426,0.4331,11132223.0
2025-04-06 00:00:00,0.4332,0.4334,0.4226,0.4249,9977166.0
2025-04-06 04:00:00,0.425,0.4278,0.4207,0.4215,7386686.0
2025-04-06 08:00:00,0.4215,0.4237,0.415,0.4191,17099892.0
2025-04-06 12:00:00,0.419,0.4195,0.402,0.4073,26992732.0
2025-04-06 16:00:00,0.4072,0.4082,0.382,0.3903,54046191.0
2025-04-06 20:00:00,0.3903,0.3928,0.376,0.3842,35320946.0
2025-04-07 00:00:00,0.3843,0.3905,0.361,0.3676,36021860.0
2025-04-07 04:00:00,0.3676,0.377,0.3443,0.3501,59931737.0
2025-04-07 08:00:00,0.35,0.3783,0.347,0.367,106708698.0
2025-04-07 12:00:00,0.3671,0.4055,0.3643,0.3864,77632737.0
2025-04-07 16:00:00,0.3863,0.393,0.3781,0.3866,24720166.0
2025-04-07 20:00:00,0.3867,0.4003,0.3864,0.3918,14682265.0
2025-04-08 00:00:00,0.3917,0.4038,0.3876,0.3953,16846607.0
2025-04-08 04:00:00,0.3952,0.3996,0.3878,0.391,14060543.0
2025-04-08 08:00:00,0.391,0.4015,0.3872,0.401,15258318.0
2025-04-08 12:00:00,0.4011,0.4036,0.389,0.3932,29583781.0
2025-04-08 16:00:00,0.3931,0.3936,0.3758,0.3789,33065109.0
2025-04-08 20:00:00,0.3789,0.3834,0.3763,0.3791,18981848.0
2025-04-09 00:00:00,0.3791,0.3823,0.3621,0.3775,34765661.0
2025-04-09 04:00:00,0.3775,0.3942,0.3742,0.3917,37465490.0
2025-04-09 08:00:00,0.3917,0.3976,0.3831,0.3864,24626424.0
2025-04-09 12:00:00,0.3864,0.3994,0.382,0.3934,23568918.0
2025-04-09 16:00:00,0.3933,0.4449,0.3924,0.437,42892286.0
2025-04-09 20:00:00,0.437,0.4454,0.4364,0.4443,16706685.0
2025-04-10 00:00:00,0.4442,0.4448,0.4293,0.4314,16934556.0
2025-04-10 04:00:00,0.4315,0.4322,0.4182,0.4261,39113432.0
2025-04-10 08:00:00,0.4262,0.4265,0.4182,0.4221,12728759.0
2025-04-10 12:00:00,0.4221,0.4325,0.4061,0.408,31413224.0
2025-04-10 16:00:00,0.4079,0.4194,0.4061,0.417,14722656.0
2025-04-10 20:00:00,0.417,0.423,0.4168,0.4199,9214933.0
2025-04-11 00:00:00,0.4198,0.4299,0.4184,0.426,12473193.0
2025-04-11 04:00:00,0.4259,0.4346,0.4235,0.4319,12385461.0
2025-04-11 08:00:00,0.432,0.445,0.4288,0.4399,20164216.0
2025-04-11 12:00:00,0.44,0.4465,0.4349,0.4413,18757184.0
2025-04-11 16:00:00,0.4414,0.4527,0.4374,0.4483,15631493.0
2025-04-11 20:00:00,0.4481,0.4522,0.4454,0.4467,14482648.0
2025-04-12 00:00:00,0.4467,0.4492,0.4428,0.4465,10636869.0
2025-04-12 04:00:00,0.4465,0.4667,0.4445,0.4632,16191767.0
2025-04-12 08:00:00,0.4632,0.4687,0.4563,0.4593,14071171.0
2025-04-12 12:00:00,0.4594,0.4892,0.4583,0.4835,27413726.0
2025-04-12 16:00:00,0.4835,0.4869,0.4778,0.4814,15917165.0
2025-04-12 20:00:00,0.4816,0.4905,0.4814,0.4852,12374454.0
2025-04-13 00:00:00,0.4852,0.4876,0.4792,0.4813,9398719.0
2025-04-13 04:00:00,0.4813,0.4955,0.474,0.4806,36472383.0
2025-04-13 08:00:00,0.4807,0.5291,0.4802,0.5163,52778180.0
2025-04-13 12:00:00,0.5163,0.526,0.502,0.5055,47817034.0
2025-04-13 16:00:00,0.5056,0.5393,0.5045,0.5095,60214675.0
2025-04-13 20:00:00,0.5096,0.5139,0.4901,0.4953,36434214.0
2025-04-14 00:00:00,0.4954,0.5146,0.4934,0.4959,36693446.0
2025-04-14 04:00:00,0.496,0.498,0.4833,0.4891,30612548.0
2025-04-14 08:00:00,0.4891,0.5043,0.4866,0.5005,29897895.0
2025-04-14 12:00:00,0.5006,0.5081,0.4825,0.4852,34996082.0
2025-04-14 16:00:00,0.4851,0.5014,0.4809,0.497,24411477.0
2025-04-14 20:00:00,0.4971,0.4989,0.4836,0.4857,12992898.0
2025-04-15 00:00:00,0.4856,0.491,0.478,0.4876,21492857.0
2025-04-15 04:00:00,0.4876,0.4884,0.474,0.4785,18566195.0
2025-04-15 08:00:00,0.4785,0.4864,0.4715,0.4742,20640366.0
2025-04-15 12:00:00,0.4743,0.481,0.4582,0.4648,39574833.0
2025-04-15 16:00:00,0.4648,0.4687,0.4532,0.4588,24623982.0
2025-04-15 20:00:00,0.4588,0.4637,0.4551,0.4594,14469915.0
2025-04-16 00:00:00,0.4594,0.4663,0.4558,0.4588,13194846.0
2025-04-16 04:00:00,0.4587,0.462,0.4542,0.4556,13316787.0
2025-04-16 08:00:00,0.4555,0.4658,0.4525,0.4595,18089165.0
2025-04-16 12:00:00,0.4594,0.4683,0.452,0.4595,18433968.0
2025-04-16 16:00:00,0.4595,0.4666,0.4431,0.4636,32138055.0
2025-04-16 20:00:00,0.4635,0.4683,0.4564,0.4582,15261612.0
2025-04-17 00:00:00,0.4581,0.4642,0.4565,0.4595,7915069.0
2025-04-17 04:00:00,0.4595,0.477,0.4584,0.4722,12184156.0
2025-04-17 08:00:00,0.4722,0.4736,0.4645,0.4698,11884267.0
2025-04-17 12:00:00,0.4699,0.4727,0.4584,0.4706,19911861.0
2025-04-17 16:00:00,0.4706,0.5064,0.4675,0.4953,55550094.0
2025-04-17 20:00:00,0.4953,0.5053,0.4943,0.497,16712325.0
2025-04-18 00:00:00,0.4969,0.5075,0.4906,0.5019,19320712.0
2025-04-18 04:00:00,0.5019,0.5161,0.4991,0.515,25826070.0
2025-04-18 08:00:00,0.515,0.5197,0.5063,0.5116,24142790.0
2025-04-18 12:00:00,0.5116,0.5161,0.4998,0.5032,22759737.0
2025-04-18 16:00:00,0.5032,0.5123,0.501,0.5103,15113760.0
2025-04-18 20:00:00,0.5102,0.5143,0.4961,0.5042,23197300.0
2025-04-19 00:00:00,0.5042,0.5134,0.5036,0.5101,9793521.0
2025-04-19 04:00:00,0.5101,0.5265,0.508,0.5246,14713152.0
2025-04-19 08:00:00,0.5245,0.5362,0.523,0.5355,25996535.0
2025-04-19 12:00:00,0.5356,0.5517,0.5344,0.5472,48105142.0
2025-04-19 16:00:00,0.5473,0.5713,0.5437,0.5656,43418720.0
2025-04-19 20:00:00,0.5655,0.568,0.5535,0.5562,21342867.0
2025-04-20 00:00:00,0.5562,0.5696,0.5519,0.5691,19170338.0
2025-04-20 04:00:00,0.5691,0.5776,0.5643,0.575,30302591.0
2025-04-20 08:00:00,0.5749,0.5957,0.5739,0.583,68058769.0
2025-04-20 12:00:00,0.5829,0.6222,0.5779,0.6003,72424683.0
2025-04-20 16:00:00,0.6003,0.6165,0.5909,0.6056,40150766.0
2025-04-20 20:00:00,0.6055,0.6119,0.5945,0.6018,23203602.0
2025-04-21 00:00:00,0.6018,0.621,0.5991,0.6063,40245899.0
2025-04-21 04:00:00,0.6064,0.6141,0.597,0.6019,22921796.0
2025-04-21 08:00:00,0.6019,0.6269,0.599,0.6178,42372535.0
2025-04-21 12:00:00,0.6177,0.6543,0.6158,0.6271,58370283.0
2025-04-21 16:00:00,0.6271,0.633,0.585,0.6213,90071115.0
2025-04-21 20:00:00,0.6214,0.6288,0.6029,0.6054,27881146.0
2025-04-22 00:00:00,0.6054,0.6205,0.5923,0.5943,35139382.0
2025-04-22 04:00:00,0.5943,0.5975,0.5785,0.5888,42955221.0
2025-04-22 08:00:00,0.5888,0.5961,0.586,0.5957,27242697.0
2025-04-22 12:00:00,0.5956,0.6224,0.5934,0.6034,61559436.0
2025-04-22 16:00:00,0.6036,0.619,0.5989,0.6114,23868859.0
2025-04-22 20:00:00,0.6115,0.6395,0.6058,0.6391,28139307.0
2025-04-23 00:00:00,0.6392,0.6468,0.6298,0.639,23518656.0
2025-04-23 04:00:00,0.639,0.6442,0.6221,0.6364,27643889.0
2025-04-23 08:00:00,0.6364,0.6443,0.6189,0.6261,29805993.0
2025-04-23 12:00:00,0.6262,0.6361,0.6051,0.6199,50809028.0
2025-04-23 16:00:00,0.6199,0.6307,0.6111,0.6169,29236646.0
2025-04-23 20:00:00,0.6169,0.6259,0.6159,0.6222,12378799.0
2025-04-24 00:00:00,0.6222,0.6337,0.6072,0.6105,22980958.0
2025-04-24 04:00:00,0.6105,0.6305,0.6063,0.6151,20551587.0
2025-04-24 08:00:00,0.6151,0.6339,0.6084,0.6228,32223093.0
2025-04-24 12:00:00,0.6229,0.7193,0.6133,0.6983,120345293.0
2025-04-24 16:00:00,0.6983,0.7146,0.681,0.6971,52117811.0
2025-04-24 20:00:00,0.6971,0.7158,0.6929,0.7144,23142669.0
2025-04-25 00:00:00,0.7144,0.7153,0.6708,0.6849,41241626.0
2025-04-25 04:00:00,0.6848,0.6966,0.6821,0.6866,24221388.0
2025-04-25 08:00:00,0.6865,0.709,0.6807,0.7069,39338858.0
2025-04-25 12:00:00,0.7069,0.7128,0.6839,0.6979,32800103.0
2025-04-25 16:00:00,0.6979,0.7041,0.6868,0.7003,20300644.0
2025-04-25 20:00:00,0.7002,0.7535,0.7001,0.7507,40913205.0
2025-04-26 00:00:00,0.7507,0.801,0.7455,0.7973,55095539.0
2025-04-26 04:00:00,0.7972,0.8057,0.7672,0.7679,35441855.0
2025-04-26 08:00:00,0.7678,0.7769,0.7436,0.745,30766985.0
2025-04-26 12:00:00,0.745,0.7798,0.7379,0.7733,38137318.0
2025-04-26 16:00:00,0.7735,0.784,0.7578,0.783,22265370.0
2025-04-26 20:00:00,0.7831,0.7843,0.7637,0.7795,19616730.0
2025-04-27 00:00:00,0.7796,0.7898,0.7577,0.7864,29212425.0
2025-04-27 04:00:00,0.7864,0.7983,0.7703,0.7925,27615918.0
2025-04-27 08:00:00,0.7925,0.7946,0.7641,0.7649,19563311.0
2025-04-27 12:00:00,0.7648,0.7655,0.7407,0.745,31958430.0
2025-04-27 16:00:00,0.745,0.7595,0.722,0.7412,38430493.0
2025-04-27 20:00:00,0.7412,0.742,0.7102,0.7122,21325196.0
2025-04-28 00:00:00,0.7122,0.714,0.6862,0.7061,28929565.0
2025-04-28 04:00:00,0.7062,0.739,0.7055,0.7375,28406633.0
2025-04-28 08:00:00,0.7376,0.7386,0.71,0.723,39387802.0
2025-04-28 12:00:00,0.7228,0.7273,0.7018,0.7102,48707087.0
2025-04-28 16:00:00,0.7102,0.7257,0.7017,0.7218,24094316.0
2025-04-28 20:00:00,0.7216,0.7256,0.7093,0.7166,11235006.0
2025-04-29 00:00:00,0.7166,0.7281,0.7033,0.7199,19003863.0
2025-04-29 04:00:00,0.7199,0.7423,0.7176,0.7413,22943806.0
2025-04-29 08:00:00,0.7412,0.7444,0.7107,0.7255,25226452.0
2025-04-29 12:00:00,0.7255,0.7262,0.7075,0.7119,18324156.0
2025-04-29 16:00:00,0.7119,0.7212,0.7025,0.711,16119408.0
2025-04-29 20:00:00,0.711,0.7126,0.6868,0.7025,22250410.0
2025-04-30 00:00:00,0.7025,0.7311,0.6992,0.7283,24237329.0
2025-04-30 04:00:00,0.7283,0.7317,0.7041,0.7122,16673991.0
2025-04-30 08:00:00,0.7123,0.727,0.707,0.7228,14279994.0
2025-04-30 12:00:00,0.7229,0.723,0.6789,0.7026,43133497.0
2025-04-30 16:00:00,0.7026,0.7392,0.6917,0.7341,23367272.0
2025-04-30 20:00:00,0.7341,0.7418,0.7287,0.7374,19849354.0
2025-05-01 00:00:00,0.7374,0.788,0.7327,0.7504,36866355.0
2025-05-01 04:00:00,0.7503,0.7796,0.7448,0.7615,21719198.0
2025-05-01 08:00:00,0.7616,0.7748,0.7532,0.7704,20064415.0
2025-05-01 12:00:00,0.7704,0.7744,0.7467,0.7486,26526454.0
2025-05-01 16:00:00,0.7488,0.7564,0.7302,0.7348,23972229.0
2025-05-01 20:00:00,0.7348,0.742,0.7272,0.7304,11223256.0
2025-05-02 00:00:00,0.7304,0.7399,0.7271,0.7324,13878078.0
2025-05-02 04:00:00,0.7325,0.7361,0.7122,0.7139,18606946.0
2025-05-02 08:00:00,0.714,0.719,0.7072,0.7111,16641149.0
2025-05-02 12:00:00,0.711,0.7231,0.701,0.7097,27099155.0
2025-05-02 16:00:00,0.7098,0.7211,0.7076,0.7115,14123771.0
2025-05-02 20:00:00,0.7116,0.7185,0.7056,0.7099,10290760.0
2025-05-03 00:00:00,0.7099,0.7138,0.7007,0.7109,10025738.0
2025-05-03 04:00:00,0.7109,0.714,0.6974,0.7017,9469961.0
2025-05-03 08:00:00,0.7017,0.7026,0.68,0.6832,20493268.0
2025-05-03 12:00:00,0.6833,0.6991,0.6833,0.6919,12971539.0
2025-05-03 16:00:00,0.6918,0.6962,0.6715,0.6935,22322362.0
2025-05-03 20:00:00,0.6935,0.6951,0.6811,0.6833,7846742.0
2025-05-04 00:00:00,0.6833,0.6961,0.6791,0.6832,12174999.0
2025-05-04 04:00:00,0.6831,0.6887,0.6783,0.6866,10963577.0
2025-05-04 08:00:00,0.6866,0.6906,0.6797,0.684,14349193.0
2025-05-04 12:00:00,0.6839,0.6873,0.6679,0.6723,16586230.0
2025-05-04 16:00:00,0.6723,0.674,0.6544,0.66,24437428.0
2025-05-04 20:00:00,0.6601,0.6632,0.6469,0.6574,14046453.0
2025-05-05 00:00:00,0.6575,0.6617,0.6466,0.6548,14500970.0
2025-05-05 04:00:00,0.6549,0.6689,0.6517,0.6667,13193228.0
2025-05-05 08:00:00,0.6666,0.6785,0.6517,0.6557,21885222.0
2025-05-05 12:00:00,0.6558,0.6595,0.6423,0.6461,25027155.0
2025-05-05 16:00:00,0.6461,0.6731,0.6455,0.6612,18880003.0
2025-05-05 20:00:00,0.6614,0.6671,0.6446,0.6628,15975534.0
2025-05-06 00:00:00,0.6628,0.6687,0.6509,0.6685,13048555.0
2025-05-06 04:00:00,0.6686,0.6741,0.6545,0.6552,13402058.0
2025-05-06 08:00:00,0.6551,0.6624,0.633,0.6382,25691953.0
2025-05-06 12:00:00,0.6383,0.6555,0.632,0.6439,26875567.0
2025-05-06 16:00:00,0.6439,0.6695,0.6383,0.6594,22754122.0
2025-05-06 20:00:00,0.6595,0.69,0.6369,0.6804,30636651.0
2025-05-07 00:00:00,0.6804,0.7146,0.6803,0.6978,33425763.0
2025-05-07 04:00:00,0.6977,0.7025,0.6815,0.6991,19175861.0
2025-05-07 08:00:00,0.699,0.7042,0.6864,0.6897,15493183.0
2025-05-07 12:00:00,0.6898,0.6923,0.6686,0.6695,18719451.0
2025-05-07 16:00:00,0.6695,0.6721,0.6556,0.6613,28717186.0
2025-05-07 20:00:00,0.6613,0.6814,0.659,0.6746,13804930.0
2025-05-08 00:00:00,0.6745,0.7153,0.6745,0.7146,25150598.0
2025-05-08 04:00:00,0.7146,0.7315,0.7145,0.7245,24705753.0
2025-05-08 08:00:00,0.7246,0.7393,0.7233,0.7312,25644672.0
2025-05-08 12:00:00,0.7312,0.7624,0.7235,0.7426,43070631.0
2025-05-08 16:00:00,0.7426,0.7723,0.7423,0.7706,26777185.0
2025-05-08 20:00:00,0.7706,0.7926,0.7623,0.7792,30251183.0
2025-05-09 00:00:00,0.7791,0.7852,0.7591,0.7629,16886358.0
2025-05-09 04:00:00,0.7629,0.8324,0.7627,0.8271,39854499.0
2025-05-09 08:00:00,0.8272,0.8789,0.8255,0.8515,61985875.0
2025-05-09 12:00:00,0.8514,0.8721,0.8257,0.8372,40210706.0
2025-05-09 16:00:00,0.8375,0.8495,0.8196,0.8278,24136153.0
2025-05-09 20:00:00,0.8279,0.8361,0.8193,0.8281,19589795.0
2025-05-10 00:00:00,0.828,0.8453,0.8232,0.8404,19234821.0
2025-05-10 04:00:00,0.8404,0.8686,0.8304,0.8632,25670211.0
2025-05-10 08:00:00,0.8632,0.873,0.8438,0.8504,37705426.0
2025-05-10 12:00:00,0.8505,0.8646,0.8426,0.8439,20483104.0
2025-05-10 16:00:00,0.8439,0.8785,0.8412,0.8738,25774455.0
2025-05-10 20:00:00,0.8738,0.9075,0.8623,0.9072,31125247.0
2025-05-11 00:00:00,0.9071,0.9088,0.8714,0.8845,27228837.0
2025-05-11 04:00:00,0.8844,0.8989,0.8457,0.864,30453761.0
2025-05-11 08:00:00,0.864,0.8702,0.8441,0.8602,21135464.0
2025-05-11 12:00:00,0.8602,0.8625,0.8352,0.8465,17481739.0
2025-05-11 16:00:00,0.8467,0.8646,0.8305,0.8593,18713397.0
2025-05-11 20:00:00,0.8591,0.8624,0.8436,0.8513,10148084.0
2025-05-12 00:00:00,0.8513,0.8788,0.8379,0.8638,20429501.0
2025-05-12 04:00:00,0.8637,0.9134,0.8475,0.8863,33031112.0
2025-05-12 08:00:00,0.8863,0.9142,0.8701,0.8731,24905477.0
2025-05-12 12:00:00,0.8729,0.9004,0.8364,0.846,32639815.0
2025-05-12 16:00:00,0.8462,0.8642,0.7966,0.8291,40038261.0
2025-05-12 20:00:00,0.829,0.8384,0.82,0.8306,16493087.0
2025-05-13 00:00:00,0.8306,0.8348,0.7899,0.7932,25908864.0
2025-05-13 04:00:00,0.7931,0.8175,0.7906,0.8146,20705051.0
2025-05-13 08:00:00,0.8147,0.8286,0.8081,0.8128,23971010.0
2025-05-13 12:00:00,0.8127,0.8519,0.803,0.8408,30345947.0
2025-05-13 16:00:00,0.8408,0.8952,0.8386,0.8822,30429012.0
2025-05-13 20:00:00,0.8821,0.9057,0.8694,0.8916,28147843.0
2025-05-14 00:00:00,0.8916,0.8941,0.8596,0.874,21300216.0
2025-05-14 04:00:00,0.874,0.8867,0.8595,0.8614,18993342.0
2025-05-14 08:00:00,0.8614,0.8652,0.841,0.8503,28121401.0
2025-05-14 12:00:00,0.8504,0.856,0.8216,0.834,30425450.0
2025-05-14 16:00:00,0.8339,0.8401,0.8201,0.8376,14726736.0
2025-05-14 20:00:00,0.8377,0.8416,0.8218,0.8297,13472759.0
2025-05-15 00:00:00,0.8297,0.8393,0.8039,0.8095,22096602.0
2025-05-15 04:00:00,0.8094,0.812,0.7676,0.7695,33585580.0
2025-05-15 08:00:00,0.7695,0.796,0.7678,0.7809,29210475.0
2025-05-15 12:00:00,0.7808,0.7953,0.7501,0.7909,51356705.0
2025-05-15 16:00:00,0.791,0.818,0.7732,0.783,40958703.0
2025-05-15 20:00:00,0.7831,0.7878,0.7604,0.7809,20590010.0
2025-05-16 00:00:00,0.7808,0.7972,0.7756,0.7918,14560983.0
2025-05-16 04:00:00,0.7918,0.8006,0.7827,0.7927,14708145.0
2025-05-16 08:00:00,0.7928,0.8079,0.7723,0.7961,24301212.0
2025-05-16 12:00:00,0.7961,0.799,0.7801,0.7858,16988692.0
2025-05-16 16:00:00,0.7859,0.7928,0.7718,0.7811,15221159.0
2025-05-16 20:00:00,0.781,0.7817,0.7535,0.764,15000864.0
2025-05-17 00:00:00,0.7641,0.7663,0.734,0.7579,23784306.0
2025-05-17 04:00:00,0.758,0.7674,0.7473,0.7537,15043698.0
2025-05-17 08:00:00,0.7536,0.7574,0.7386,0.7501,17781811.0
2025-05-17 12:00:00,0.7502,0.7617,0.7355,0.7537,14753863.0
2025-05-17 16:00:00,0.7537,0.7572,0.7362,0.7412,16866023.0
2025-05-17 20:00:00,0.741,0.7591,0.7381,0.7456,15797717.0
2025-05-18 00:00:00,0.7457,0.7503,0.7288,0.7359,12199458.0
2025-05-18 04:00:00,0.736,0.7732,0.7357,0.7704,18049789.0
2025-05-18 08:00:00,0.7704,0.78,0.7597,0.7599,16558331.0
2025-05-18 12:00:00,0.7599,0.7999,0.7532,0.7962,23338716.0
2025-05-18 16:00:00,0.7963,0.7986,0.7356,0.7365,34482242.0
2025-05-18 20:00:00,0.7364,0.7823,0.7183,0.7782,32437702.0
2025-05-19 00:00:00,0.7782,0.7838,0.7278,0.7295,24162731.0
2025-05-19 04:00:00,0.7297,0.7377,0.7101,0.7272,24895250.0
2025-05-19 08:00:00,0.7272,0.7279,0.7145,0.7169,15028948.0
2025-05-19 12:00:00,0.717,0.7368,0.7043,0.7326,22963859.0
2025-05-19 16:00:00,0.7327,0.7513,0.7234,0.7341,21853743.0
2025-05-19 20:00:00,0.7342,0.7418,0.7241,0.7359,15318514.0
2025-05-20 00:00:00,0.7362,0.758,0.726,0.7438,22405308.0
2025-05-20 04:00:00,0.7438,0.7526,0.7333,0.7353,12829317.0
2025-05-20 08:00:00,0.7352,0.7389,0.7136,0.7233,17375675.0
2025-05-20 12:00:00,0.7233,0.7269,0.7105,0.7229,19258644.0
2025-05-20 16:00:00,0.7229,0.7388,0.7104,0.7338,24986217.0
2025-05-20 20:00:00,0.7338,0.758,0.7295,0.7527,26232676.0
2025-05-21 00:00:00,0.7528,0.7797,0.7416,0.7726,20654421.0
2025-05-21 04:00:00,0.7726,0.7992,0.7687,0.7797,37863212.0
2025-05-21 08:00:00,0.7798,0.801,0.764,0.7804,29872599.0
2025-05-21 12:00:00,0.7803,0.7969,0.7659,0.7936,32524438.0
2025-05-21 16:00:00,0.7937,0.831,0.7699,0.8048,61177579.0
2025-05-21 20:00:00,0.8047,0.8243,0.7899,0.8046,21687700.0
2025-05-22 00:00:00,0.8049,0.8305,0.8039,0.8243,24874166.0
2025-05-22 04:00:00,0.8247,0.8292,0.8085,0.8276,24694242.0
2025-05-22 08:00:00,0.8276,0.8449,0.8218,0.8297,25675593.0
2025-05-22 12:00:00,0.8298,0.8792,0.8261,0.8778,47576413.0
2025-05-22 16:00:00,0.8778,0.9028,0.8651,0.885,42600617.0
2025-05-22 20:00:00,0.8851,0.9109,0.8685,0.8841,38152080.0
2025-05-23 00:00:00,0.8841,0.9539,0.8736,0.9404,43656517.0
2025-05-23 04:00:00,0.9404,0.9491,0.8935,0.8982,44619575.0
2025-05-23 08:00:00,0.8982,0.9898,0.8949,0.9151,105238327.0
2025-05-23 12:00:00,0.9151,0.9452,0.8694,0.9108,112066166.0
2025-05-23 16:00:00,0.9108,0.9221,0.8883,0.8918,40352999.0
2025-05-23 20:00:00,0.8918,0.894,0.841,0.8466,38098102.0
2025-05-24 00:00:00,0.8467,0.8754,0.841,0.8671,31714023.0
2025-05-24 04:00:00,0.8672,0.8675,0.8429,0.8464,18725958.0
2025-05-24 08:00:00,0.8463,0.875,0.8361,0.868,29651916.0
2025-05-24 12:00:00,0.868,0.8766,0.8593,0.8657,22001398.0
2025-05-24 16:00:00,0.8657,0.8715,0.8536,0.8579,16155989.0
2025-05-24 20:00:00,0.858,0.8667,0.8407,0.853,16308682.0
2025-05-25 00:00:00,0.8531,0.8649,0.8389,0.8579,19167363.0
2025-05-25 04:00:00,0.8579,0.8676,0.826,0.829,23373102.0
2025-05-25 08:00:00,0.8291,0.8294,0.8076,0.8163,28532836.0
2025-05-25 12:00:00,0.8162,0.8255,0.7958,0.8052,27627847.0
2025-05-25 16:00:00,0.8052,0.8155,0.7941,0.8116,18647191.0
2025-05-25 20:00:00,0.8116,0.849,0.7976,0.8478,28301830.0
2025-05-26 00:00:00,0.8478,0.894,0.8363,0.8907,26460943.0
2025-05-26 04:00:00,0.8907,0.9377,0.8837,0.9245,39750354.0
2025-05-26 08:00:00,0.9245,0.9278,0.8967,0.9113,39548678.0
2025-05-26 12:00:00,0.9112,0.9312,0.9001,0.9186,43633821.0
2025-05-26 16:00:00,0.9186,0.9236,0.8671,0.8701,44844507.0
2025-05-26 20:00:00,0.87,0.8829,0.8626,0.869,27447396.0
2025-05-27 00:00:00,0.8691,0.8951,0.847,0.8852,32852849.0
2025-05-27 04:00:00,0.8852,0.909,0.8728,0.8964,28729914.0
2025-05-27 08:00:00,0.8965,0.9105,0.8965,0.9092,20202573.0
2025-05-27 12:00:00,0.9091,0.9309,0.888,0.9083,39707469.0
2025-05-27 16:00:00,0.9082,0.9219,0.8969,0.9009,23157902.0
2025-05-27 20:00:00,0.9009,0.9045,0.8811,0.8902,20087775.0
2025-05-28 00:00:00,0.8901,0.8942,0.8733,0.8819,17131347.0
2025-05-28 04:00:00,0.8819,0.8969,0.872,0.8811,16041347.0
2025-05-28 08:00:00,0.8811,0.8887,0.8707,0.8859,15640022.0
2025-05-28 12:00:00,0.8858,0.9208,0.857,0.8655,52607396.0
2025-05-28 16:00:00,0.8656,0.8939,0.8596,0.8616,36673787.0
2025-05-28 20:00:00,0.8615,0.9249,0.8582,0.9141,36407077.0
2025-05-29 00:00:00,0.9142,0.9313,0.9043,0.9149,26857601.0
2025-05-29 04:00:00,0.9148,0.9178,0.8928,0.9027,16211149.0
2025-05-29 08:00:00,0.9027,0.9078,0.892,0.8935,13587082.0
2025-05-29 12:00:00,0.8935,0.8938,0.8666,0.868,28973733.0
2025-05-29 16:00:00,0.868,0.8782,0.8535,0.8564,21768049.0
2025-05-29 20:00:00,0.8564,0.8722,0.8466,0.8527,15652010.0
2025-05-30 00:00:00,0.8526,0.8563,0.8101,0.8294,41866868.0
2025-05-30 04:00:00,0.8294,0.8397,0.8126,0.8193,19578511.0
2025-05-30 08:00:00,0.8193,0.8262,0.8071,0.8233,23412574.0
2025-05-30 12:00:00,0.8234,0.835,0.8058,0.8086,25347336.0
2025-05-30 16:00:00,0.8087,0.81,0.772,0.7849,44578230.0
2025-05-30 20:00:00,0.7847,0.7883,0.7384,0.7456,25456594.0
2025-05-31 00:00:00,0.7456,0.7461,0.7103,0.7221,32065181.0
2025-05-31 04:00:00,0.722,0.734,0.7109,0.7308,22923519.0
2025-05-31 08:00:00,0.7307,0.7365,0.7165,0.7188,18487946.0
2025-05-31 12:00:00,0.7187,0.7625,0.7162,0.7476,28146475.0
2025-05-31 16:00:00,0.7477,0.7697,0.7441,0.7642,14889212.0
2025-05-31 20:00:00,0.7642,0.7722,0.7517,0.7547,11693437.0
2025-06-01 00:00:00,0.7547,0.756,0.7341,0.7392,16782999.0
2025-06-01 04:00:00,0.7393,0.7518,0.7352,0.7405,10606020.0
2025-06-01 08:00:00,0.7404,0.7448,0.7209,0.7388,19251240.0
2025-06-01 12:00:00,0.7388,0.7618,0.7292,0.7576,16049413.0
2025-06-01 16:00:00,0.7575,0.774,0.7401,0.7524,21571948.0
2025-06-01 20:00:00,0.7524,0.7662,0.7463,0.7611,10824025.0
2025-06-02 00:00:00,0.7611,0.7648,0.7498,0.7615,16131569.0
2025-06-02 04:00:00,0.7614,0.7733,0.7393,0.7515,22226320.0
2025-06-02 08:00:00,0.7514,0.7549,0.7258,0.7276,17889690.0
2025-06-02 12:00:00,0.7277,0.7536,0.7229,0.7447,25503611.0
2025-06-02 16:00:00,0.7448,0.7532,0.7305,0.7355,18795392.0
2025-06-02 20:00:00,0.7355,0.7866,0.7355,0.782,25160673.0
2025-06-03 00:00:00,0.782,0.8134,0.7799,0.7879,21531494.0
2025-06-03 04:00:00,0.7878,0.7986,0.7718,0.7939,27095692.0
2025-06-03 08:00:00,0.7939,0.8144,0.7809,0.8039,19298426.0
2025-06-03 12:00:00,0.8039,0.8225,0.7931,0.8164,30341644.0
2025-06-03 16:00:00,0.8164,0.8459,0.8152,0.8396,33200783.0
2025-06-03 20:00:00,0.8396,0.8406,0.8176,0.8214,20740136.0
2025-06-04 00:00:00,0.8215,0.842,0.8126,0.8276,20747683.0
2025-06-04 04:00:00,0.8276,0.8324,0.8148,0.8203,11816848.0
2025-06-04 08:00:00,0.8203,0.8332,0.8151,0.8178,18456796.0
2025-06-04 12:00:00,0.8179,0.8257,0.8012,0.8241,30119749.0
2025-06-04 16:00:00,0.8241,0.8251,0.8035,0.8051,14982195.0
2025-06-04 20:00:00,0.8051,0.8061,0.7839,0.7961,20648000.0
2025-06-05 00:00:00,0.7962,0.817,0.7918,0.8013,14093336.0
2025-06-05 04:00:00,0.8012,0.8072,0.7826,0.7982,12358055.0
2025-06-05 08:00:00,0.7982,0.8031,0.7712,0.779,31702015.0
2025-06-05 12:00:00,0.7791,0.7976,0.755,0.7673,35256900.0
2025-06-05 16:00:00,0.7672,0.7683,0.7323,0.7362,33317655.0
2025-06-05 20:00:00,0.7361,0.7382,0.7126,0.722,39452430.0
2025-06-06 00:00:00,0.7221,0.73,0.717,0.7278,15050446.0
2025-06-06 04:00:00,0.7278,0.7446,0.7207,0.7376,18411781.0
2025-06-06 08:00:00,0.7377,0.7492,0.7353,0.739,14517576.0
2025-06-06 12:00:00,0.7391,0.7572,0.737,0.7418,27084377.0
2025-06-06 16:00:00,0.7419,0.744,0.7155,0.7183,29745863.0
2025-06-06 20:00:00,0.7184,0.7296,0.7083,0.7185,18683428.0
2025-06-07 00:00:00,0.7185,0.7553,0.7167,0.7542,17774332.0
2025-06-07 04:00:00,0.7543,0.7717,0.7473,0.7654,19554336.0
2025-06-07 08:00:00,0.7654,0.7712,0.7571,0.7663,14732890.0
2025-06-07 12:00:00,0.7664,0.7767,0.7628,0.7655,13947835.0
2025-06-07 16:00:00,0.7656,0.7674,0.7537,0.7621,14420281.0
2025-06-07 20:00:00,0.7621,0.7713,0.7615,0.7697,9074697.0
2025-06-08 00:00:00,0.7697,0.7706,0.7575,0.759,8419442.0
2025-06-08 04:00:00,0.7591,0.7642,0.7476,0.7484,10704443.0
2025-06-08 08:00:00,0.7485,0.7545,0.7357,0.7533,21804706.0
2025-06-08 12:00:00,0.7533,0.7666,0.7467,0.7618,17806233.0
2025-06-08 16:00:00,0.7619,0.7759,0.7597,0.7658,11432234.0
2025-06-08 20:00:00,0.7658,0.7677,0.7393,0.7421,16093128.0
2025-06-09 00:00:00,0.742,0.748,0.734,0.7407,14986685.0
2025-06-09 04:00:00,0.7406,0.7491,0.7299,0.7459,13993358.0
2025-06-09 08:00:00,0.7459,0.7807,0.7432,0.7773,26291389.0
2025-06-09 12:00:00,0.7774,0.7933,0.76,0.7793,40824862.0
2025-06-09 16:00:00,0.7795,0.7925,0.773,0.7745,24434386.0
2025-06-09 20:00:00,0.7745,0.8059,0.7742,0.7944,26269592.0
2025-06-10 00:00:00,0.7944,0.8088,0.7859,0.7897,18804622.0
2025-06-10 04:00:00,0.7898,0.8001,0.7809,0.7961,15381702.0
2025-06-10 08:00:00,0.7961,0.818,0.7851,0.8164,21208039.0
2025-06-10 12:00:00,0.8162,0.8217,0.7759,0.7925,36824427.0
2025-06-10 16:00:00,0.7926,0.8168,0.7925,0.8076,23186362.0
2025-06-10 20:00:00,0.8076,0.8241,0.8011,0.8169,15304704.0
2025-06-11 00:00:00,0.817,0.8217,0.807,0.8143,11154630.0
2025-06-11 04:00:00,0.8144,0.8158,0.7988,0.806,12292070.0
2025-06-11 08:00:00,0.806,0.8363,0.7765,0.806,53855591.0
2025-06-11 12:00:00,0.8058,0.8199,0.7844,0.8074,68043148.0
2025-06-11 16:00:00,0.8074,0.8324,0.7894,0.7934,33115758.0
2025-06-11 20:00:00,0.7933,0.8,0.7655,0.7756,23753577.0
2025-06-12 00:00:00,0.7757,0.7768,0.7531,0.755,18969151.0
2025-06-12 04:00:00,0.755,0.7558,0.7418,0.7446,19747779.0
2025-06-12 08:00:00,0.7446,0.7451,0.7257,0.7295,38860967.0
2025-06-12 12:00:00,0.7296,0.7541,0.727,0.7342,34080804.0
2025-06-12 16:00:00,0.7342,0.7568,0.7218,0.7275,28750067.0
2025-06-12 20:00:00,0.7275,0.7317,0.7142,0.7173,25420151.0
2025-06-13 00:00:00,0.7173,0.7179,0.6451,0.6662,81271743.0
2025-06-13 04:00:00,0.6663,0.6664,0.6485,0.6551,25952648.0
2025-06-13 08:00:00,0.6552,0.668,0.6527,0.6618,36001600.0
2025-06-13 12:00:00,0.6619,0.6758,0.6478,0.6712,31342878.0
2025-06-13 16:00:00,0.6712,0.6868,0.6522,0.6576,28818532.0
2025-06-13 20:00:00,0.6578,0.6789,0.6559,0.6763,14653211.0
2025-06-14 00:00:00,0.6763,0.6803,0.6657,0.6689,12350613.0
2025-06-14 04:00:00,0.6689,0.6783,0.6632,0.6704,11915377.0
2025-06-14 08:00:00,0.6704,0.6716,0.6632,0.671,9394004.0
2025-06-14 12:00:00,0.6709,0.6773,0.6636,0.6675,14941397.0
2025-06-14 16:00:00,0.6674,0.673,0.6514,0.6551,34835190.0
2025-06-14 20:00:00,0.6551,0.6704,0.649,0.6654,12868588.0
2025-06-15 00:00:00,0.6654,0.676,0.6654,0.6722,10254316.0
2025-06-15 04:00:00,0.6721,0.6806,0.6694,0.6737,11901327.0
2025-06-15 08:00:00,0.6736,0.6763,0.6652,0.6749,13231472.0
2025-06-15 12:00:00,0.6748,0.7036,0.6742,0.692,28467380.0
2025-06-15 16:00:00,0.6919,0.6987,0.6872,0.6902,16199841.0
2025-06-15 20:00:00,0.6902,0.6997,0.6689,0.6975,25267973.0
2025-06-16 00:00:00,0.6974,0.7186,0.6883,0.7136,23655846.0
2025-06-16 04:00:00,0.7138,0.7306,0.7119,0.723,20604581.0
2025-06-16 08:00:00,0.723,0.73,0.7181,0.7286,17218966.0
2025-06-16 12:00:00,0.7286,0.7374,0.7218,0.7299,16701884.0
2025-06-16 16:00:00,0.7298,0.7405,0.7243,0.727,15454777.0
2025-06-16 20:00:00,0.7271,0.7289,0.6906,0.6934,30080361.0
2025-06-17 00:00:00,0.6933,0.6954,0.6738,0.6855,34229115.0
2025-06-17 04:00:00,0.6856,0.6872,0.6742,0.6839,19249169.0
2025-06-17 08:00:00,0.6838,0.69,0.6713,0.6752,32328215.0
2025-06-17 12:00:00,0.6751,0.6809,0.6489,0.658,32203959.0
2025-06-17 16:00:00,0.6579,0.6769,0.6402,0.6688,33683336.0
2025-06-17 20:00:00,0.6689,0.6726,0.6511,0.6532,17091540.0
2025-06-18 00:00:00,0.6533,0.6644,0.6513,0.6588,15316588.0
2025-06-18 04:00:00,0.6588,0.6685,0.6576,0.6637,12538874.0
2025-06-18 08:00:00,0.6636,0.6658,0.6412,0.6531,19130318.0
2025-06-18 12:00:00,0.6531,0.6591,0.6333,0.6459,29484039.0
2025-06-18 16:00:00,0.6459,0.6597,0.6417,0.6472,21332379.0
2025-06-18 20:00:00,0.6474,0.6776,0.6442,0.672,22192582.0
2025-06-19 00:00:00,0.672,0.6806,0.6641,0.6768,14016717.0
2025-06-19 04:00:00,0.6769,0.6776,0.668,0.6681,8793337.0
2025-06-19 08:00:00,0.6682,0.7044,0.6676,0.6847,77475505.0
2025-06-19 12:00:00,0.6848,0.6969,0.6765,0.6781,31710862.0
2025-06-19 16:00:00,0.6782,0.6897,0.6697,0.6771,22731896.0
2025-06-19 20:00:00,0.6772,0.6828,0.6724,0.6776,11648028.0
2025-06-20 00:00:00,0.6777,0.6837,0.6705,0.6726,12785999.0
2025-06-20 04:00:00,0.6725,0.6909,0.6603,0.6894,24697379.0
2025-06-20 08:00:00,0.6894,0.6945,0.6847,0.6902,15603899.0
2025-06-20 12:00:00,0.6902,0.6994,0.6633,0.6669,28397658.0
2025-06-20 16:00:00,0.667,0.6684,0.6318,0.651,41914136.0
2025-06-20 20:00:00,0.6509,0.6633,0.6422,0.6469,15658418.0
2025-06-21 00:00:00,0.647,0.6591,0.6462,0.6541,11076503.0
2025-06-21 04:00:00,0.6541,0.6567,0.6501,0.653,6760779.0
2025-06-21 08:00:00,0.653,0.6596,0.651,0.6536,9849562.0
2025-06-21 12:00:00,0.6534,0.6556,0.633,0.6398,17607427.0
2025-06-21 16:00:00,0.6399,0.6421,0.6103,0.6124,24537011.0
2025-06-21 20:00:00,0.6124,0.6201,0.5924,0.6089,38447500.0
2025-06-22 00:00:00,0.6088,0.6217,0.5977,0.6008,24488594.0
2025-06-22 04:00:00,0.6008,0.6092,0.5986,0.6011,13145209.0
2025-06-22 08:00:00,0.6011,0.6025,0.585,0.5949,23415746.0
2025-06-22 12:00:00,0.5949,0.5999,0.5638,0.5701,65814464.0
2025-06-22 16:00:00,0.5701,0.5763,0.5583,0.5614,34366384.0
2025-06-22 20:00:00,0.5615,0.5862,0.5481,0.583,35778834.0
2025-06-23 00:00:00,0.5831,0.595,0.5826,0.587,19017217.0
2025-06-23 04:00:00,0.5871,0.6054,0.5851,0.6011,17516740.0
2025-06-23 08:00:00,0.601,0.6036,0.5892,0.5934,16403164.0
2025-06-23 12:00:00,0.5934,0.6177,0.5888,0.5955,33484283.0
2025-06-23 16:00:00,0.5955,0.624,0.5756,0.6223,47480826.0
2025-06-23 20:00:00,0.6223,0.6916,0.6217,0.6856,52813763.0
2025-06-24 00:00:00,0.6857,0.6983,0.6819,0.6888,26584331.0
2025-06-24 04:00:00,0.6888,0.7172,0.6838,0.6914,34848155.0
2025-06-24 08:00:00,0.6915,0.6934,0.6676,0.6719,45164243.0
2025-06-24 12:00:00,0.6719,0.6814,0.6675,0.6742,26536957.0
2025-06-24 16:00:00,0.6742,0.6882,0.6584,0.6626,26934412.0
2025-06-24 20:00:00,0.6626,0.6778,0.6603,0.6777,14445225.0
2025-06-25 00:00:00,0.6778,0.6836,0.671,0.6735,14998820.0
2025-06-25 04:00:00,0.6736,0.6793,0.6634,0.6785,13745443.0
2025-06-25 08:00:00,0.6785,0.6792,0.6616,0.6735,15465495.0
2025-06-25 12:00:00,0.6736,0.6792,0.6562,0.6594,27147302.0
2025-06-25 16:00:00,0.6593,0.6681,0.6525,0.6623,15629612.0
2025-06-25 20:00:00,0.6623,0.67,0.6518,0.6573,11903009.0
2025-06-26 00:00:00,0.6574,0.6774,0.6535,0.6634,16880573.0
2025-06-26 04:00:00,0.6636,0.6701,0.6523,0.6671,12647954.0
2025-06-26 08:00:00,0.6672,0.6706,0.6501,0.6526,12461369.0
2025-06-26 12:00:00,0.6527,0.6634,0.642,0.6535,28185064.0
2025-06-26 16:00:00,0.6534,0.6623,0.6424,0.6582,17050304.0
2025-06-26 20:00:00,0.6579,0.6829,0.6553,0.6636,25103006.0
2025-06-27 00:00:00,0.6635,0.6802,0.6484,0.6669,34657925.0
2025-06-27 04:00:00,0.6669,0.6838,0.6552,0.6563,17010979.0
2025-06-27 08:00:00,0.6563,0.6772,0.6563,0.6642,18557014.0
2025-06-27 12:00:00,0.6643,0.673,0.6573,0.67,19618668.0
2025-06-27 16:00:00,0.6701,0.682,0.6588,0.6666,22406000.0
2025-06-27 20:00:00,0.6667,0.6756,0.6633,0.6722,10771665.0
2025-06-28 00:00:00,0.6723,0.6755,0.6681,0.6687,6462230.0
2025-06-28 04:00:00,0.6687,0.6696,0.6626,0.6688,8089117.0
2025-06-28 08:00:00,0.6689,0.673,0.6611,0.6665,10059197.0
2025-06-28 12:00:00,0.6665,0.6708,0.6614,0.6705,8512452.0
2025-06-28 16:00:00,0.6704,0.6849,0.6702,0.6809,14888093.0
2025-06-28 20:00:00,0.6809,0.691,0.6756,0.6852,10636447.0
2025-06-29 00:00:00,0.6853,0.6942,0.6779,0.6782,10834107.0
2025-06-29 04:00:00,0.6783,0.6926,0.6775,0.6926,6746535.0
2025-06-29 08:00:00,0.6927,0.7026,0.6875,0.6902,15903067.0
2025-06-29 12:00:00,0.6902,0.6925,0.6731,0.6752,17215674.0
2025-06-29 16:00:00,0.6753,0.6847,0.6739,0.6825,10958883.0
2025-06-29 20:00:00,0.6825,0.7216,0.6749,0.7111,28278754.0
2025-06-30 00:00:00,0.7112,0.7142,0.6908,0.6938,15831056.0
2025-06-30 04:00:00,0.6938,0.7004,0.683,0.6986,16108159.0
2025-06-30 08:00:00,0.6986,0.7001,0.6811,0.6834,13998296.0
2025-06-30 12:00:00,0.6833,0.6864,0.6626,0.6774,28552778.0
2025-06-30 16:00:00,0.6775,0.6956,0.671,0.6944,18419698.0
2025-06-30 20:00:00,0.6943,0.7027,0.6748,0.6769,14154251.0
2025-07-01 00:00:00,0.6769,0.6846,0.6676,0.6728,10971097.0
2025-07-01 04:00:00,0.6727,0.6752,0.658,0.6712,34911861.0
2025-07-01 08:00:00,0.671,0.676,0.6608,0.6616,12709489.0
2025-07-01 12:00:00,0.6617,0.6711,0.6564,0.6625,15414001.0
2025-07-01 16:00:00,0.6625,0.6665,0.653,0.6589,11665564.0
2025-07-01 20:00:00,0.6589,0.6693,0.6563,0.6661,11336896.0
2025-07-02 00:00:00,0.6661,0.6756,0.6534,0.669,16245953.0
2025-07-02 04:00:00,0.669,0.6966,0.6655,0.6895,20364438.0
2025-07-02 08:00:00,0.6896,0.699,0.684,0.6884,17874275.0
2025-07-02 12:00:00,0.6883,0.7034,0.6812,0.7017,18521285.0
2025-07-02 16:00:00,0.7017,0.7231,0.7017,0.7194,34473822.0
2025-07-02 20:00:00,0.7193,0.7253,0.7094,0.7118,16396622.0
2025-07-03 00:00:00,0.7118,0.7306,0.7118,0.7212,15650819.0
2025-07-03 04:00:00,0.7213,0.7478,0.7203,0.7407,19518590.0
2025-07-03 08:00:00,0.7408,0.7446,0.7219,0.7243,17863422.0
2025-07-03 12:00:00,0.7242,0.7407,0.6994,0.7026,47435050.0
2025-07-03 16:00:00,0.7026,0.7228,0.7023,0.7218,18819241.0
2025-07-03 20:00:00,0.7219,0.7287,0.7189,0.7235,10706902.0
2025-07-04 00:00:00,0.7234,0.7306,0.7122,0.7123,12512564.0
2025-07-04 04:00:00,0.7123,0.7149,0.6904,0.6908,14512411.0
2025-07-04 08:00:00,0.6908,0.6978,0.6847,0.693,19668683.0
2025-07-04 12:00:00,0.693,0.6949,0.6759,0.6779,25707744.0
2025-07-04 16:00:00,0.6779,0.6797,0.6653,0.6689,19215451.0
2025-07-04 20:00:00,0.6689,0.6796,0.668,0.6737,12223119.0
2025-07-05 00:00:00,0.6737,0.6767,0.665,0.6715,11125052.0
2025-07-05 04:00:00,0.6715,0.677,0.6671,0.6709,9588252.0
2025-07-05 08:00:00,0.6708,0.6755,0.6661,0.6702,14151930.0
2025-07-05 12:00:00,0.6702,0.6714,0.6635,0.6639,14596986.0
2025-07-05 16:00:00,0.664,0.6685,0.6522,0.6583,18685396.0
2025-07-05 20:00:00,0.6582,0.6632,0.658,0.6616,9575889.0
2025-07-06 00:00:00,0.6617,0.6627,0.6505,0.6517,9939413.0
2025-07-06 04:00:00,0.6518,0.6592,0.6488,0.6551,11694693.0
2025-07-06 08:00:00,0.655,0.6565,0.6461,0.6556,15347582.0
2025-07-06 12:00:00,0.6555,0.6785,0.6548,0.6738,22863431.0
2025-07-06 16:00:00,0.6737,0.681,0.6663,0.6749,14573276.0
2025-07-06 20:00:00,0.6749,0.6959,0.6749,0.6808,18802677.0
2025-07-07 00:00:00,0.6808,0.6886,0.6781,0.6785,12179100.0
2025-07-07 04:00:00,0.6784,0.6807,0.6712,0.6803,11731604.0
2025-07-07 08:00:00,0.6804,0.6852,0.6674,0.671,13224007.0
2025-07-07 12:00:00,0.6709,0.677,0.6598,0.6685,22457096.0
2025-07-07 16:00:00,0.6684,0.6702,0.6575,0.6666,14710311.0
2025-07-07 20:00:00,0.6666,0.6711,0.657,0.6704,9701213.0
2025-07-08 00:00:00,0.6705,0.6741,0.6615,0.6683,15765870.0
2025-07-08 04:00:00,0.6683,0.6701,0.6619,0.6681,11306925.0
2025-07-08 08:00:00,0.6681,0.68,0.6628,0.6732,11313411.0
2025-07-08 12:00:00,0.6732,0.6771,0.6624,0.6648,16052289.0
2025-07-08 16:00:00,0.6649,0.6864,0.6609,0.682,20579093.0
2025-07-08 20:00:00,0.682,0.6849,0.6724,0.6742,8535393.0
2025-07-09 00:00:00,0.6742,0.6758,0.6625,0.6661,11935560.0
2025-07-09 04:00:00,0.6661,0.6788,0.6648,0.6776,11047995.0
2025-07-09 08:00:00,0.6777,0.6803,0.6711,0.6783,9553893.0
2025-07-09 12:00:00,0.6783,0.6866,0.6691,0.675,19728560.0
2025-07-09 16:00:00,0.675,0.7075,0.6721,0.7057,26080523.0
2025-07-09 20:00:00,0.7056,0.7146,0.6944,0.7041,27842050.0
2025-07-10 00:00:00,0.7042,0.707,0.6924,0.7007,15987041.0
2025-07-10 04:00:00,0.7006,0.7086,0.6966,0.701,14707044.0
2025-07-10 08:00:00,0.701,0.7062,0.697,0.6989,17785710.0
2025-07-10 12:00:00,0.6987,0.7039,0.6901,0.6924,23929129.0
2025-07-10 16:00:00,0.6925,0.7237,0.6916,0.713,36492714.0
2025-07-10 20:00:00,0.7129,0.7542,0.7128,0.7464,40619025.0
2025-07-11 00:00:00,0.7463,0.7472,0.7239,0.7438,33254378.0
2025-07-11 04:00:00,0.7437,0.7732,0.74,0.7449,39339858.0
2025-07-11 08:00:00,0.745,0.7626,0.7386,0.7428,30256055.0
2025-07-11 12:00:00,0.7429,0.758,0.7286,0.7319,45815367.0
2025-07-11 16:00:00,0.7319,0.751,0.7265,0.7503,32038560.0
2025-07-11 20:00:00,0.7503,0.7503,0.7032,0.7152,35224530.0
2025-07-12 00:00:00,0.7153,0.7268,0.7026,0.7225,18809871.0
2025-07-12 04:00:00,0.7225,0.723,0.6928,0.7056,27054524.0
2025-07-12 08:00:00,0.7056,0.7124,0.6996,0.7078,17374131.0
2025-07-12 12:00:00,0.7077,0.7118,0.6685,0.6758,42266996.0
2025-07-12 16:00:00,0.6757,0.6905,0.6726,0.6882,16873792.0
2025-07-12 20:00:00,0.6883,0.6904,0.6768,0.688,14528108.0
2025-07-13 00:00:00,0.688,0.6997,0.685,0.6983,18053061.0
2025-07-13 04:00:00,0.6983,0.7238,0.696,0.7181,25081071.0
2025-07-13 08:00:00,0.7182,0.7202,0.702,0.7116,16725970.0
2025-07-13 12:00:00,0.7115,0.7408,0.7089,0.7246,31571129.0
2025-07-13 16:00:00,0.7247,0.7375,0.7155,0.7287,16987736.0
2025-07-13 20:00:00,0.7288,0.7371,0.7111,0.7317,23639283.0
2025-07-14 00:00:00,0.7318,0.7467,0.7184,0.7423,23347759.0
2025-07-14 04:00:00,0.7423,0.7561,0.7319,0.7469,35691486.0
2025-07-14 08:00:00,0.747,0.7544,0.734,0.7397,28378499.0
2025-07-14 12:00:00,0.7396,0.7473,0.7135,0.7222,33407035.0
2025-07-14 16:00:00,0.7223,0.7335,0.7081,0.7136,27888061.0
2025-07-14 20:00:00,0.7137,0.7185,0.7021,0.7103,23711672.0
2025-07-15 00:00:00,0.7103,0.7126,0.6772,0.6885,35124272.0
2025-07-15 04:00:00,0.6886,0.6981,0.6831,0.6867,22057678.0
2025-07-15 08:00:00,0.6868,0.6953,0.6818,0.6915,24426260.0
2025-07-15 12:00:00,0.6916,0.7131,0.6841,0.6981,43397912.0
2025-07-15 16:00:00,0.698,0.7384,0.6974,0.7257,59200178.0
2025-07-15 20:00:00,0.7257,0.7556,0.7166,0.7501,51046901.0
2025-07-16 00:00:00,0.7502,0.7516,0.7302,0.7395,22884458.0
2025-07-16 04:00:00,0.7395,0.7693,0.7349,0.7575,33100343.0
2025-07-16 08:00:00,0.7575,0.7725,0.7493,0.7559,34202625.0
2025-07-16 12:00:00,0.7559,0.7749,0.7486,0.759,54764881.0
2025-07-16 16:00:00,0.7589,0.7848,0.7542,0.7731,29676928.0
2025-07-16 20:00:00,0.7731,0.7905,0.7681,0.7773,31060474.0
2025-07-17 00:00:00,0.7773,0.7862,0.7546,0.7601,29312700.0
2025-07-17 04:00:00,0.76,0.7788,0.7578,0.7706,22178517.0
2025-07-17 08:00:00,0.7707,0.7881,0.7662,0.7683,31691324.0
2025-07-17 12:00:00,0.7681,0.7771,0.7524,0.7658,38163250.0
2025-07-17 16:00:00,0.7657,0.7752,0.7464,0.7593,36903593.0
2025-07-17 20:00:00,0.7593,0.7809,0.7474,0.7689,30019201.0
2025-07-18 00:00:00,0.769,0.801,0.7642,0.7979,32507733.0
2025-07-18 04:00:00,0.7979,0.8375,0.7921,0.8115,45284780.0
2025-07-18 08:00:00,0.8115,0.82,0.7912,0.7963,33318626.0
2025-07-18 12:00:00,0.7964,0.8212,0.7686,0.7804,52461496.0
2025-07-18 16:00:00,0.7805,0.7844,0.755,0.7646,39686429.0
2025-07-18 20:00:00,0.7647,0.7663,0.7396,0.7586,33207435.0
2025-07-19 00:00:00,0.7587,0.7784,0.7387,0.7752,19489123.0
2025-07-19 04:00:00,0.7752,0.7778,0.7616,0.7662,15255067.0
2025-07-19 08:00:00,0.7662,0.7671,0.7517,0.7572,14688965.0
2025-07-19 12:00:00,0.7572,0.7596,0.7419,0.7554,20216782.0
2025-07-19 16:00:00,0.7554,0.7976,0.7502,0.7966,24260708.0
2025-07-19 20:00:00,0.7964,0.7965,0.7692,0.7823,21398969.0
2025-07-20 00:00:00,0.7824,0.795,0.7746,0.7849,14637597.0
2025-07-20 04:00:00,0.7848,0.7941,0.7813,0.7864,12842348.0
2025-07-20 08:00:00,0.7864,0.8142,0.7856,0.8044,26567127.0
2025-07-20 12:00:00,0.8045,0.8165,0.7963,0.813,23867620.0
2025-07-20 16:00:00,0.813,0.8188,0.8026,0.8083,28980572.0
2025-07-20 20:00:00,0.8084,0.812,0.7828,0.8016,28871379.0
2025-07-21 00:00:00,0.8016,0.811,0.7818,0.8084,21753470.0
2025-07-21 04:00:00,0.8083,0.8178,0.7972,0.8121,17177400.0
2025-07-21 08:00:00,0.8121,0.8294,0.8052,0.8201,24526904.0
2025-07-21 12:00:00,0.8202,0.885,0.8164,0.8746,71394702.0
2025-07-21 16:00:00,0.8745,0.8761,0.8306,0.8345,46055266.0
2025-07-21 20:00:00,0.8344,0.8571,0.8302,0.8421,22607847.0
2025-07-22 00:00:00,0.8421,0.856,0.8134,0.8243,38261588.0
2025-07-22 04:00:00,0.8241,0.8251,0.792,0.8006,42284730.0
2025-07-22 08:00:00,0.8006,0.802,0.7747,0.799,41530646.0
2025-07-22 12:00:00,0.799,0.8162,0.7773,0.8033,53459585.0
2025-07-22 16:00:00,0.8033,0.8126,0.7887,0.796,35925241.0
2025-07-22 20:00:00,0.7958,0.8271,0.794,0.824,24199244.0
2025-07-23 00:00:00,0.8241,0.8247,0.7969,0.8019,21337333.0
2025-07-23 04:00:00,0.8017,0.8127,0.7839,0.7889,23902243.0
2025-07-23 08:00:00,0.7889,0.7959,0.7707,0.7727,27194582.0
2025-07-23 12:00:00,0.7728,0.7763,0.7294,0.7519,73043013.0
2025-07-23 16:00:00,0.7518,0.7518,0.7243,0.7391,36250033.0
2025-07-23 20:00:00,0.7391,0.7473,0.7193,0.7471,39529328.0
2025-07-24 00:00:00,0.7472,0.7739,0.7396,0.7719,25351211.0
2025-07-24 04:00:00,0.772,0.7755,0.7095,0.7367,48919795.0
2025-07-24 08:00:00,0.7366,0.7474,0.7223,0.7443,25793161.0
2025-07-24 12:00:00,0.7443,0.7613,0.7201,0.7511,41666637.0
2025-07-24 16:00:00,0.7511,0.7537,0.7285,0.7339,28613311.0
2025-07-24 20:00:00,0.7339,0.7403,0.7174,0.722,21585680.0
2025-07-25 00:00:00,0.722,0.7317,0.7042,0.7149,33399006.0
2025-07-25 04:00:00,0.7148,0.7334,0.7075,0.7163,27333814.0
2025-07-25 08:00:00,0.7163,0.7405,0.7158,0.7355,22183517.0
2025-07-25 12:00:00,0.7356,0.7404,0.7019,0.7124,31822975.0
2025-07-25 16:00:00,0.7123,0.7249,0.7073,0.7207,14145939.0
2025-07-25 20:00:00,0.7206,0.7404,0.7188,0.7399,13890462.0
2025-07-26 00:00:00,0.7399,0.7409,0.731,0.7357,11235878.0
2025-07-26 04:00:00,0.7357,0.7385,0.7279,0.7305,10053313.0
2025-07-26 08:00:00,0.7305,0.7393,0.7303,0.7321,10724713.0
2025-07-26 12:00:00,0.7321,0.7402,0.7279,0.7394,16024272.0
2025-07-26 16:00:00,0.7394,0.7414,0.7307,0.7406,13124979.0
2025-07-26 20:00:00,0.7407,0.7416,0.7302,0.7314,10532704.0
2025-07-27 00:00:00,0.7314,0.742,0.7293,0.7377,11785611.0
2025-07-27 04:00:00,0.7377,0.7418,0.7335,0.737,10651578.0
2025-07-27 08:00:00,0.737,0.7408,0.7258,0.7353,13423900.0
2025-07-27 12:00:00,0.7353,0.7415,0.7293,0.7369,12913304.0
2025-07-27 16:00:00,0.7369,0.7422,0.7317,0.7375,19913636.0
2025-07-27 20:00:00,0.7376,0.7591,0.7362,0.7558,18501804.0
2025-07-28 00:00:00,0.7558,0.7747,0.7488,0.7686,30543960.0
2025-07-28 04:00:00,0.7685,0.7864,0.7633,0.7775,26665464.0
2025-07-28 08:00:00,0.7774,0.783,0.7642,0.7684,17433436.0
2025-07-28 12:00:00,0.7685,0.7696,0.7196,0.7237,50709175.0
2025-07-28 16:00:00,0.7238,0.7255,0.7047,0.7143,40168420.0
2025-07-28 20:00:00,0.7144,0.7172,0.7027,0.7156,24607975.0
2025-07-29 00:00:00,0.7156,0.7283,0.6959,0.7111,36401181.0
2025-07-29 04:00:00,0.7112,0.7303,0.7099,0.726,20485993.0
2025-07-29 08:00:00,0.726,0.7297,0.7096,0.7169,21892419.0
2025-07-29 12:00:00,0.7169,0.727,0.7004,0.7076,30184868.0
2025-07-29 16:00:00,0.7077,0.7172,0.7,0.701,20523564.0
2025-07-29 20:00:00,0.701,0.7088,0.688,0.7081,23795216.0
2025-07-30 00:00:00,0.7081,0.7157,0.6974,0.7082,11842726.0
2025-07-30 04:00:00,0.7082,0.7116,0.697,0.7,11500244.0
2025-07-30 08:00:00,0.6999,0.7061,0.6662,0.6709,30853425.0
2025-07-30 12:00:00,0.6708,0.6924,0.6667,0.6896,38274979.0
2025-07-30 16:00:00,0.6897,0.6997,0.6557,0.688,44195347.0
2025-07-30 20:00:00,0.6879,0.695,0.676,0.6865,18171844.0
2025-07-31 00:00:00,0.6864,0.6994,0.6842,0.6967,11637677.0
2025-07-31 04:00:00,0.6968,0.7061,0.6948,0.7017,12669856.0
2025-07-31 08:00:00,0.7018,0.7076,0.6951,0.6984,11690159.0
2025-07-31 12:00:00,0.6984,0.6993,0.6736,0.6862,22351176.0
2025-07-31 16:00:00,0.6861,0.7002,0.6751,0.677,23724537.0
2025-07-31 20:00:00,0.6771,0.68,0.6631,0.6693,17751280.0
2025-08-01 00:00:00,0.6693,0.6739,0.6525,0.6687,25776182.0
2025-08-01 04:00:00,0.6687,0.6687,0.6508,0.6589,17665840.0
2025-08-01 08:00:00,0.6588,0.6588,0.6371,0.6573,27162685.0
2025-08-01 12:00:00,0.6572,0.6655,0.6375,0.6575,33267297.0
2025-08-01 16:00:00,0.6575,0.6614,0.6325,0.6461,28685872.0
2025-08-01 20:00:00,0.6462,0.6492,0.62,0.6367,35991312.0
2025-08-02 00:00:00,0.6367,0.6433,0.6346,0.6415,7811431.0
2025-08-02 04:00:00,0.6416,0.6439,0.6216,0.6367,14047967.0
2025-08-02 08:00:00,0.6366,0.6382,0.6232,0.629,13993865.0
2025-08-02 12:00:00,0.6289,0.6297,0.6132,0.6161,18885223.0
2025-08-02 16:00:00,0.6161,0.6251,0.6025,0.6112,30260908.0
2025-08-02 20:00:00,0.6112,0.6207,0.609,0.6152,13596884.0
2025-08-03 00:00:00,0.6152,0.6265,0.6065,0.6256,11771376.0
2025-08-03 04:00:00,0.6256,0.6259,0.6211,0.6237,7083934.0
2025-08-03 08:00:00,0.6236,0.635,0.6223,0.6306,10501594.0
2025-08-03 12:00:00,0.6306,0.6338,0.6256,0.6324,9512826.0
2025-08-03 16:00:00,0.6324,0.6376,0.6289,0.6335,7458305.0
2025-08-03 20:00:00,0.6335,0.6386,0.6312,0.6345,9288285.0
2025-08-04 00:00:00,0.6344,0.6483,0.6336,0.6444,12520548.0
2025-08-04 04:00:00,0.6444,0.6522,0.6421,0.6492,11696821.0
2025-08-04 08:00:00,0.6493,0.6524,0.6383,0.6401,10989811.0
2025-08-04 12:00:00,0.6402,0.6584,0.6394,0.6543,19465551.0
2025-08-04 16:00:00,0.6541,0.6664,0.6534,0.6563,14439921.0
2025-08-04 20:00:00,0.6563,0.669,0.6558,0.6662,9859563.0
2025-08-05 00:00:00,0.6663,0.667,0.6545,0.6561,10728796.0
2025-08-05 04:00:00,0.6562,0.6584,0.6418,0.6425,17926241.0
2025-08-05 08:00:00,0.6424,0.6644,0.6408,0.6633,13265463.0
2025-08-05 12:00:00,0.6634,0.6668,0.6338,0.6381,32331527.0
2025-08-05 16:00:00,0.6381,0.6469,0.6374,0.6417,11716783.0
2025-08-05 20:00:00,0.6418,0.6477,0.6286,0.6462,11475647.0
2025-08-06 00:00:00,0.6461,0.6462,0.6291,0.633,10628245.0
2025-08-06 04:00:00,0.633,0.655,0.6285,0.6523,15477390.0
2025-08-06 08:00:00,0.6523,0.6528,0.6401,0.6404,10417038.0
2025-08-06 12:00:00,0.6405,0.6542,0.6316,0.6531,19385768.0
2025-08-06 16:00:00,0.6532,0.6566,0.6441,0.6516,11118814.0
2025-08-06 20:00:00,0.6516,0.6524,0.6464,0.6488,5923272.0
2025-08-07 00:00:00,0.6489,0.6559,0.6462,0.6462,7025459.0
2025-08-07 04:00:00,0.6461,0.6593,0.6459,0.6564,7136738.0
2025-08-07 08:00:00,0.6564,0.679,0.6508,0.6784,23983216.0
2025-08-07 12:00:00,0.6784,0.6877,0.6662,0.681,28535953.0
2025-08-07 16:00:00,0.681,0.6882,0.671,0.6881,19507796.0
2025-08-07 20:00:00,0.6882,0.6908,0.6831,0.688,14938398.0
2025-08-08 00:00:00,0.6881,0.695,0.6798,0.6903,17804190.0
2025-08-08 04:00:00,0.6903,0.6943,0.6825,0.6926,9571412.0
2025-08-08 08:00:00,0.6925,0.6977,0.6863,0.6943,11393737.0
2025-08-08 12:00:00,0.6944,0.7041,0.6813,0.687,21497031.0
2025-08-08 16:00:00,0.687,0.7101,0.6843,0.704,17916901.0
2025-08-08 20:00:00,0.704,0.7055,0.699,0.7038,7530238.0
2025-08-09 00:00:00,0.7039,0.7077,0.7012,0.7022,7563419.0
2025-08-09 04:00:00,0.7022,0.7177,0.7,0.7096,16179249.0
2025-08-09 08:00:00,0.7097,0.7172,0.7072,0.7112,16656703.0
2025-08-09 12:00:00,0.7113,0.7207,0.7048,0.7157,17270250.0
2025-08-09 16:00:00,0.7157,0.7246,0.7153,0.7209,12871736.0
2025-08-09 20:00:00,0.7209,0.7275,0.7143,0.7184,12119543.0
2025-08-10 00:00:00,0.7185,0.7279,0.7157,0.7265,10945028.0
2025-08-10 04:00:00,0.7265,0.7297,0.7014,0.7049,17551686.0
2025-08-10 08:00:00,0.7049,0.7126,0.6929,0.7005,21752171.0
2025-08-10 12:00:00,0.7005,0.7147,0.695,0.7115,14660545.0
2025-08-10 16:00:00,0.7115,0.7206,0.7094,0.7167,8911256.0
2025-08-10 20:00:00,0.7167,0.7179,0.7063,0.7157,9235082.0
2025-08-11 00:00:00,0.7158,0.7427,0.7124,0.7391,16673800.0
2025-08-11 04:00:00,0.7392,0.7443,0.7231,0.7239,16780468.0
2025-08-11 08:00:00,0.7239,0.7282,0.6942,0.6986,19898129.0
2025-08-11 12:00:00,0.6984,0.7089,0.6848,0.7074,29557655.0
2025-08-11 16:00:00,0.7074,0.7181,0.6936,0.6982,18433905.0
2025-08-11 20:00:00,0.6982,0.7019,0.6781,0.6865,14632883.0
2025-08-12 00:00:00,0.6865,0.7026,0.6841,0.6923,11505024.0
2025-08-12 04:00:00,0.6923,0.7,0.6834,0.7,9639704.0
2025-08-12 08:00:00,0.7,0.7001,0.6765,0.687,12185162.0
2025-08-12 12:00:00,0.6868,0.719,0.6834,0.7182,30617649.0
2025-08-12 16:00:00,0.7183,0.7315,0.7154,0.7258,22497153.0
2025-08-12 20:00:00,0.7258,0.7329,0.7193,0.7239,15903336.0
2025-08-13 00:00:00,0.724,0.7315,0.7156,0.7307,13758547.0
2025-08-13 04:00:00,0.7306,0.7343,0.7188,0.729,14065814.0
2025-08-13 08:00:00,0.729,0.745,0.7287,0.741,20060203.0
2025-08-13 12:00:00,0.741,0.7518,0.7301,0.7405,35733684.0
2025-08-13 16:00:00,0.7406,0.7458,0.7312,0.7435,16355317.0
2025-08-13 20:00:00,0.7436,0.7646,0.7414,0.7516,24785803.0
2025-08-14 00:00:00,0.7517,0.7665,0.7434,0.7654,20378120.0
2025-08-14 04:00:00,0.7654,0.7694,0.7451,0.7479,22888094.0
2025-08-14 08:00:00,0.7479,0.7487,0.7279,0.733,22845454.0
2025-08-14 12:00:00,0.7329,0.7404,0.6848,0.7046,61135315.0
2025-08-14 16:00:00,0.7045,0.7086,0.6889,0.7019,25342819.0
2025-08-14 20:00:00,0.7018,0.7072,0.6872,0.7057,14084247.0
2025-08-15 00:00:00,0.7057,0.7158,0.7021,0.7124,11625519.0
2025-08-15 04:00:00,0.7125,0.7185,0.7051,0.7153,11795595.0
2025-08-15 08:00:00,0.7153,0.7186,0.7056,0.7071,15229389.0
2025-08-15 12:00:00,0.7072,0.7152,0.6783,0.683,32968478.0
2025-08-15 16:00:00,0.683,0.694,0.676,0.6841,22032279.0
2025-08-15 20:00:00,0.6842,0.7087,0.6815,0.6989,14251437.0
2025-08-16 00:00:00,0.6988,0.7079,0.6974,0.7029,8453596.0
2025-08-16 04:00:00,0.7029,0.7058,0.6976,0.7037,5980991.0
2025-08-16 08:00:00,0.7037,0.7052,0.6926,0.6931,10353498.0
2025-08-16 12:00:00,0.6932,0.7106,0.6905,0.7063,16398389.0
2025-08-16 16:00:00,0.7063,0.7079,0.6995,0.7029,7954091.0
2025-08-16 20:00:00,0.7028,0.7079,0.7014,0.7056,6296970.0
2025-08-17 00:00:00,0.7056,0.7097,0.7003,0.7083,5746902.0
2025-08-17 04:00:00,0.7083,0.7128,0.7056,0.7097,7072556.0
2025-08-17 08:00:00,0.7098,0.7184,0.7083,0.7177,12946551.0
2025-08-17 12:00:00,0.7177,0.7326,0.7124,0.7313,18097739.0
2025-08-17 16:00:00,0.7314,0.7333,0.7074,0.7095,20026162.0
2025-08-17 20:00:00,0.7095,0.7122,0.7004,0.7012,13821583.0
2025-08-18 00:00:00,0.7011,0.7025,0.6718,0.678,28275197.0
2025-08-18 04:00:00,0.678,0.6839,0.6678,0.6743,16925033.0
2025-08-18 08:00:00,0.6744,0.6815,0.6697,0.6798,14592414.0
2025-08-18 12:00:00,0.6797,0.6919,0.674,0.6834,19795577.0
2025-08-18 16:00:00,0.6834,0.691,0.678,0.6855,13143582.0
2025-08-18 20:00:00,0.6855,0.6897,0.6768,0.6785,12247462.0
2025-08-19 00:00:00,0.6785,0.6881,0.6632,0.6659,16571825.0
2025-08-19 04:00:00,0.6658,0.6728,0.6604,0.6711,15221452.0
2025-08-19 08:00:00,0.6711,0.6847,0.668,0.6843,14452208.0
2025-08-19 12:00:00,0.6842,0.6847,0.6641,0.6698,20630014.0
2025-08-19 16:00:00,0.6697,0.6754,0.6591,0.6657,19828939.0
2025-08-19 20:00:00,0.6657,0.672,0.6594,0.6619,11190357.0
2025-08-20 00:00:00,0.662,0.6727,0.6616,0.6674,13140907.0
2025-08-20 04:00:00,0.6674,0.6722,0.6664,0.6692,7664968.0
2025-08-20 08:00:00,0.6693,0.6779,0.6615,0.6681,11803244.0
2025-08-20 12:00:00,0.6681,0.679,0.6523,0.6723,25366027.0
2025-08-20 16:00:00,0.6723,0.6876,0.6723,0.6872,13307254.0
2025-08-20 20:00:00,0.6874,0.6888,0.6817,0.6848,8787515.0
2025-08-21 00:00:00,0.6848,0.6865,0.674,0.6757,11545446.0
2025-08-21 04:00:00,0.6757,0.678,0.6669,0.6731,8888743.0
2025-08-21 08:00:00,0.6731,0.6738,0.6664,0.6685,8091381.0
2025-08-21 12:00:00,0.6685,0.6738,0.6617,0.6652,15066154.0
2025-08-21 16:00:00,0.6652,0.6727,0.6615,0.6676,12199851.0
2025-08-21 20:00:00,0.6676,0.6726,0.6622,0.6636,9055458.0
2025-08-22 00:00:00,0.6636,0.672,0.6574,0.6632,11833542.0
2025-08-22 04:00:00,0.6632,0.6687,0.6592,0.6652,10089678.0
2025-08-22 08:00:00,0.6652,0.6694,0.6482,0.6488,18772506.0
2025-08-22 12:00:00,0.6489,0.6983,0.6372,0.6896,96948772.0
2025-08-22 16:00:00,0.6896,0.7126,0.6887,0.7048,39231940.0
2025-08-22 20:00:00,0.7048,0.7099,0.699,0.7019,15388706.0
2025-08-23 00:00:00,0.702,0.7028,0.6742,0.6771,19313997.0
2025-08-23 04:00:00,0.6771,0.693,0.6763,0.6853,15680361.0
2025-08-23 08:00:00,0.6853,0.6914,0.6833,0.6858,12422788.0
2025-08-23 12:00:00,0.6859,0.6886,0.6806,0.6837,12613475.0
2025-08-23 16:00:00,0.6837,0.6924,0.6809,0.692,7604396.0
2025-08-23 20:00:00,0.692,0.693,0.6863,0.6909,6849757.0
2025-08-24 00:00:00,0.6909,0.6942,0.6811,0.685,8805441.0
2025-08-24 04:00:00,0.685,0.6878,0.6733,0.6749,10287492.0
2025-08-24 08:00:00,0.675,0.6782,0.6644,0.6687,25838151.0
2025-08-24 12:00:00,0.6687,0.6801,0.6677,0.6748,11075629.0
2025-08-24 16:00:00,0.6749,0.7026,0.6698,0.6847,40897174.0
2025-08-24 20:00:00,0.6847,0.6875,0.6711,0.6796,20678584.0
2025-08-25 00:00:00,0.6795,0.6853,0.6658,0.6767,14248576.0
2025-08-25 04:00:00,0.6768,0.6784,0.6472,0.6491,21093774.0
2025-08-25 08:00:00,0.6491,0.6547,0.6405,0.648,19995972.0
2025-08-25 12:00:00,0.6481,0.658,0.6453,0.6504,17379146.0
2025-08-25 16:00:00,0.6505,0.6555,0.6303,0.6306,20063556.0
2025-08-25 20:00:00,0.6307,0.6328,0.6134,0.6226,36451567.0
2025-08-26 00:00:00,0.6227,0.6329,0.6191,0.6265,14902267.0
2025-08-26 04:00:00,0.6266,0.6368,0.6265,0.6341,9473506.0
2025-08-26 08:00:00,0.634,0.6367,0.6272,0.6303,10874065.0
2025-08-26 12:00:00,0.6304,0.6429,0.6274,0.6362,22426722.0
2025-08-26 16:00:00,0.6362,0.6464,0.6337,0.6454,11090061.0
2025-08-26 20:00:00,0.6454,0.6497,0.6412,0.6462,12122493.0
2025-08-27 00:00:00,0.6462,0.6477,0.6367,0.6439,12881834.0
2025-08-27 04:00:00,0.6439,0.651,0.6411,0.6436,11881245.0
2025-08-27 08:00:00,0.6437,0.6471,0.6404,0.6422,9227655.0
2025-08-27 12:00:00,0.6421,0.648,0.6349,0.6454,18457270.0
2025-08-27 16:00:00,0.6456,0.649,0.6363,0.6403,11817324.0
2025-08-27 20:00:00,0.6403,0.6484,0.6325,0.6376,23194386.0
2025-08-28 00:00:00,0.6375,0.6453,0.6353,0.6453,10277155.0
2025-08-28 04:00:00,0.6454,0.6521,0.6437,0.6497,9396365.0
2025-08-28 08:00:00,0.6498,0.6533,0.6423,0.6474,8074941.0
2025-08-28 12:00:00,0.6474,0.6579,0.6456,0.6482,16649669.0
2025-08-28 16:00:00,0.6482,0.6506,0.6359,0.636,13460529.0
2025-08-28 20:00:00,0.6361,0.6505,0.6349,0.6499,8984322.0
2025-08-29 00:00:00,0.65,0.6528,0.6385,0.6449,9130925.0
2025-08-29 04:00:00,0.6449,0.647,0.6207,0.6217,17052736.0
2025-08-29 08:00:00,0.6217,0.6253,0.6137,0.6218,15347346.0
2025-08-29 12:00:00,0.6218,0.6371,0.6137,0.6171,27649794.0
2025-08-29 16:00:00,0.6171,0.6207,0.6085,0.6152,15239250.0
2025-08-29 20:00:00,0.6153,0.6207,0.6106,0.6176,9745946.0
2025-08-30 00:00:00,0.6177,0.6243,0.6063,0.6214,12577902.0
2025-08-30 04:00:00,0.6215,0.6252,0.6192,0.6252,5947689.0
2025-08-30 08:00:00,0.6251,0.6262,0.6201,0.6255,6160593.0
2025-08-30 12:00:00,0.6256,0.6269,0.6172,0.6258,8609029.0
2025-08-30 16:00:00,0.6257,0.6257,0.6204,0.6237,5554267.0
2025-08-30 20:00:00,0.6237,0.6249,0.6197,0.6241,4219705.0
2025-08-31 00:00:00,0.6242,0.6347,0.6238,0.6327,10343445.0
2025-08-31 04:00:00,0.6327,0.6333,0.6259,0.6265,5192013.0
2025-08-31 08:00:00,0.6266,0.6313,0.6222,0.6259,7299526.0
2025-08-31 12:00:00,0.6258,0.6265,0.6191,0.6239,8067657.0
2025-08-31 16:00:00,0.6238,0.6266,0.6205,0.6226,7024186.0
2025-08-31 20:00:00,0.6227,0.6252,0.6123,0.6125,7894670.0
2025-09-01 00:00:00,0.6125,0.6136,0.5974,0.6005,16157570.0
2025-09-01 04:00:00,0.6004,0.6152,0.5912,0.6152,17378211.0
2025-09-01 08:00:00,0.6152,0.6226,0.603,0.6041,16363099.0
2025-09-01 12:00:00,0.6042,0.6086,0.5957,0.5968,11449976.0
2025-09-01 16:00:00,0.5968,0.6002,0.5919,0.5992,9183347.0
2025-09-01 20:00:00,0.5993,0.5995,0.5771,0.5906,23049517.0
2025-09-02 00:00:00,0.5907,0.6028,0.5865,0.6012,12028092.0
2025-09-02 04:00:00,0.6012,0.6072,0.5991,0.6013,9295406.0
2025-09-02 08:00:00,0.6013,0.6059,0.5992,0.5998,8434056.0
2025-09-02 12:00:00,0.5998,0.6094,0.5872,0.5953,23911728.0
2025-09-02 16:00:00,0.5952,0.608,0.5952,0.6024,13209247.0
2025-09-02 20:00:00,0.6024,0.6178,0.6015,0.6165,11224668.0
2025-09-03 00:00:00,0.6165,0.6226,0.6134,0.618,8517013.0
2025-09-03 04:00:00,0.6179,0.62,0.613,0.616,8036777.0
2025-09-03 08:00:00,0.6159,0.6241,0.6146,0.6206,9793361.0
2025-09-03 12:00:00,0.6207,0.6283,0.617,0.6259,12661622.0
2025-09-03 16:00:00,0.6259,0.6277,0.6211,0.6246,7828006.0
2025-09-03 20:00:00,0.6246,0.6251,0.6186,0.6197,5773502.0
2025-09-04 00:00:00,0.6198,0.6227,0.6106,0.6114,8137511.0
2025-09-04 04:00:00,0.6115,0.6136,0.6012,0.6049,10041227.0
2025-09-04 08:00:00,0.6049,0.6083,0.6023,0.6043,6943013.0
2025-09-04 12:00:00,0.6043,0.6074,0.5931,0.5937,12522161.0
2025-09-04 16:00:00,0.5937,0.5952,0.5891,0.5908,10521616.0
2025-09-04 20:00:00,0.591,0.6014,0.5904,0.593,8225454.0
2025-09-05 00:00:00,0.5929,0.6014,0.5928,0.6008,9663992.0
2025-09-05 04:00:00,0.6008,0.6159,0.5994,0.6147,8851832.0
2025-09-05 08:00:00,0.6147,0.6152,0.6052,0.6106,7880427.0
2025-09-05 12:00:00,0.6106,0.6212,0.6001,0.6061,28796184.0
2025-09-05 16:00:00,0.6061,0.6127,0.6026,0.6127,7843886.0
2025-09-05 20:00:00,0.6127,0.6147,0.6079,0.6103,7865400.0
2025-09-06 00:00:00,0.6103,0.6142,0.6092,0.6119,4351518.0
2025-09-06 04:00:00,0.612,0.612,0.605,0.6062,4374363.0
2025-09-06 08:00:00,0.6061,0.6064,0.6001,0.6022,5710111.0
2025-09-06 12:00:00,0.6022,0.6056,0.5986,0.599,8179365.0
2025-09-06 16:00:00,0.599,0.6044,0.5972,0.5993,9007466.0
2025-09-06 20:00:00,0.5992,0.606,0.599,0.6036,6029221.0
2025-09-07 00:00:00,0.6037,0.6153,0.6027,0.6138,8111211.0
2025-09-07 04:00:00,0.6138,0.6259,0.6127,0.617,13886338.0
2025-09-07 08:00:00,0.617,0.6271,0.6165,0.6264,8356270.0
2025-09-07 12:00:00,0.6264,0.6363,0.624,0.6308,17846508.0
2025-09-07 16:00:00,0.6307,0.6309,0.6226,0.626,9490804.0
2025-09-07 20:00:00,0.626,0.629,0.6236,0.6251,7262961.0
2025-09-08 00:00:00,0.6251,0.6459,0.6238,0.6433,16695582.0
2025-09-08 04:00:00,0.6432,0.6566,0.6353,0.6408,25477777.0
2025-09-08 08:00:00,0.6409,0.6516,0.6392,0.6445,17368034.0
2025-09-08 12:00:00,0.6445,0.6611,0.6372,0.6567,34697911.0
2025-09-08 16:00:00,0.6566,0.658,0.6451,0.6475,21666366.0
2025-09-08 20:00:00,0.6476,0.6519,0.6423,0.6492,13590909.0
2025-09-09 00:00:00,0.6491,0.6648,0.643,0.6547,36055537.0
2025-09-09 04:00:00,0.6548,0.6831,0.651,0.6717,32223204.0
2025-09-09 08:00:00,0.6716,0.6843,0.6691,0.6698,30252052.0
2025-09-09 12:00:00,0.6696,0.6749,0.6436,0.6462,35159627.0
2025-09-09 16:00:00,0.6463,0.6491,0.6388,0.6443,17032850.0
2025-09-09 20:00:00,0.6443,0.6465,0.6389,0.645,12897895.0
2025-09-10 00:00:00,0.645,0.6545,0.6378,0.651,17880868.0
2025-09-10 04:00:00,0.651,0.6516,0.6428,0.6481,11448046.0
2025-09-10 08:00:00,0.6481,0.6498,0.6402,0.6445,11940783.0
2025-09-10 12:00:00,0.6445,0.6628,0.6445,0.6565,28602643.0
2025-09-10 16:00:00,0.6566,0.6614,0.6427,0.6459,17760696.0
2025-09-10 20:00:00,0.6459,0.658,0.6455,0.6569,9555786.0
2025-09-11 00:00:00,0.6568,0.6649,0.6554,0.6637,8980872.0
2025-09-11 04:00:00,0.6637,0.6654,0.6574,0.6637,8960289.0
2025-09-11 08:00:00,0.6637,0.6665,0.6572,0.6575,11421380.0
2025-09-11 12:00:00,0.6576,0.6679,0.6505,0.6583,25887060.0
2025-09-11 16:00:00,0.6584,0.6662,0.6577,0.6643,9271225.0
2025-09-11 20:00:00,0.6644,0.6718,0.663,0.67,9957692.0
2025-09-12 00:00:00,0.67,0.6794,0.6664,0.6693,12370985.0
2025-09-12 04:00:00,0.6693,0.6766,0.6674,0.6709,9912972.0
2025-09-12 08:00:00,0.671,0.6714,0.6615,0.6622,11092384.0
2025-09-12 12:00:00,0.6622,0.6717,0.6592,0.6668,11760034.0
2025-09-12 16:00:00,0.6668,0.6843,0.6664,0.6835,15343138.0
2025-09-12 20:00:00,0.6834,0.6835,0.6762,0.682,10095802.0
2025-09-13 00:00:00,0.6819,0.6866,0.6778,0.6842,8245602.0
2025-09-13 04:00:00,0.6842,0.6861,0.6799,0.6803,5737890.0
2025-09-13 08:00:00,0.6803,0.6983,0.6801,0.6975,17230111.0
2025-09-13 12:00:00,0.6974,0.6979,0.6817,0.6861,17960637.0
2025-09-13 16:00:00,0.6861,0.6888,0.6743,0.6829,14696374.0
2025-09-13 20:00:00,0.6829,0.6881,0.6827,0.6871,4502695.0
2025-09-14 00:00:00,0.6871,0.6886,0.6721,0.6743,9111693.0
2025-09-14 04:00:00,0.6743,0.6811,0.6687,0.6742,10789495.0
2025-09-14 08:00:00,0.6742,0.6757,0.661,0.6628,9350252.0
2025-09-14 12:00:00,0.6628,0.6656,0.6512,0.655,20477979.0
2025-09-14 16:00:00,0.6549,0.6649,0.6541,0.659,9140801.0
2025-09-14 20:00:00,0.659,0.667,0.6567,0.6591,7171499.0
2025-09-15 00:00:00,0.6592,0.666,0.6542,0.6652,8446869.0
2025-09-15 04:00:00,0.6651,0.6713,0.6507,0.6516,15018733.0
2025-09-15 08:00:00,0.6516,0.6517,0.6344,0.6387,27748221.0
2025-09-15 12:00:00,0.6388,0.6407,0.6294,0.6341,20198635.0
2025-09-15 16:00:00,0.634,0.6365,0.6284,0.6347,14501629.0
2025-09-15 20:00:00,0.6347,0.6397,0.6329,0.639,6856697.0
2025-09-16 00:00:00,0.6391,0.6407,0.6328,0.6336,7633590.0
2025-09-16 04:00:00,0.6337,0.6444,0.6265,0.6424,14028610.0
2025-09-16 08:00:00,0.6425,0.6493,0.6424,0.6439,7746867.0
2025-09-16 12:00:00,0.644,0.6499,0.6362,0.6469,14761683.0
2025-09-16 16:00:00,0.6469,0.649,0.6402,0.6447,13007319.0
2025-09-16 20:00:00,0.6446,0.6482,0.6424,0.6434,6247281.0
2025-09-17 00:00:00,0.6434,0.6468,0.6366,0.6373,8155790.0
2025-09-17 04:00:00,0.6373,0.6413,0.6323,0.6384,9218915.0
2025-09-17 08:00:00,0.6384,0.6387,0.6292,0.6331,11587479.0
2025-09-17 12:00:00,0.6331,0.6369,0.6293,0.6323,9779093.0
2025-09-17 16:00:00,0.6322,0.656,0.6284,0.6545,38437890.0
2025-09-17 20:00:00,0.6543,0.6732,0.6458,0.6675,23122906.0
2025-09-18 00:00:00,0.6675,0.68,0.6642,0.6754,13645329.0
2025-09-18 04:00:00,0.6754,0.6764,0.6619,0.6661,12093159.0
2025-09-18 08:00:00,0.6662,0.6712,0.6643,0.6686,9318930.0
2025-09-18 12:00:00,0.6686,0.6776,0.6657,0.6722,14960149.0
2025-09-18 16:00:00,0.6722,0.6797,0.6711,0.6756,12546218.0
2025-09-18 20:00:00,0.6756,0.6787,0.6679,0.6727,9983370.0
2025-09-19 00:00:00,0.6727,0.6844,0.6666,0.6678,33599132.0
2025-09-19 04:00:00,0.6677,0.6755,0.6625,0.6714,14763915.0
2025-09-19 08:00:00,0.6713,0.6747,0.6536,0.6562,16903315.0
2025-09-19 12:00:00,0.6562,0.6594,0.6446,0.6514,18794257.0
2025-09-19 16:00:00,0.6514,0.6546,0.6439,0.6452,11291772.0
2025-09-19 20:00:00,0.6451,0.65,0.6404,0.645,7152203.0
2025-09-20 00:00:00,0.6451,0.6476,0.6384,0.6443,7996061.0
2025-09-20 04:00:00,0.6442,0.6502,0.643,0.6502,6576968.0
2025-09-20 08:00:00,0.6502,0.6508,0.6394,0.645,7345122.0
2025-09-20 12:00:00,0.645,0.6558,0.641,0.6492,13133481.0
2025-09-20 16:00:00,0.6491,0.6504,0.6395,0.6436,11715205.0
2025-09-20 20:00:00,0.6435,0.6477,0.641,0.6424,4708822.0
2025-09-21 00:00:00,0.6424,0.6467,0.6392,0.6459,7762426.0
2025-09-21 04:00:00,0.6458,0.6486,0.6428,0.6475,7335255.0
2025-09-21 08:00:00,0.6475,0.6488,0.6335,0.6365,9910321.0
2025-09-21 12:00:00,0.6366,0.6453,0.6362,0.6407,10319029.0
2025-09-21 16:00:00,0.6408,0.6424,0.6331,0.6393,11005557.0
2025-09-21 20:00:00,0.6393,0.6396,0.6334,0.6341,6921338.0
2025-09-22 00:00:00,0.6339,0.6378,0.6068,0.6112,35858009.0
2025-09-22 04:00:00,0.6112,0.6129,0.5628,0.5866,48801299.0
2025-09-22 08:00:00,0.5867,0.5918,0.5812,0.5853,21260079.0
2025-09-22 12:00:00,0.5854,0.5933,0.5834,0.586,16980942.0
2025-09-22 16:00:00,0.5861,0.5904,0.583,0.5872,17542664.0
2025-09-22 20:00:00,0.5872,0.599,0.5863,0.5989,11620322.0
2025-09-23 00:00:00,0.5989,0.599,0.5851,0.5939,13796475.0
2025-09-23 04:00:00,0.594,0.605,0.5901,0.6008,16451815.0
2025-09-23 08:00:00,0.6009,0.604,0.5949,0.5972,10433732.0
2025-09-23 12:00:00,0.5972,0.5992,0.5902,0.5925,15610117.0
2025-09-23 16:00:00,0.5925,0.5998,0.5863,0.5875,18134410.0
2025-09-23 20:00:00,0.5875,0.5944,0.5836,0.5856,8611987.0
2025-09-24 00:00:00,0.5856,0.5925,0.5801,0.5834,13436824.0
2025-09-24 04:00:00,0.5834,0.5965,0.5749,0.5952,14915585.0
2025-09-24 08:00:00,0.5953,0.6003,0.593,0.5984,10666744.0
2025-09-24 12:00:00,0.5983,0.6029,0.5924,0.596,11950143.0
2025-09-24 16:00:00,0.596,0.5984,0.5921,0.5944,6177498.0
2025-09-24 20:00:00,0.5945,0.5956,0.5891,0.5914,6366816.0
2025-09-25 00:00:00,0.5914,0.5939,0.5825,0.5869,17638203.0
2025-09-25 04:00:00,0.5868,0.5882,0.5746,0.5774,20659147.0
2025-09-25 08:00:00,0.5775,0.584,0.5727,0.5752,12167410.0
2025-09-25 12:00:00,0.5752,0.5855,0.5651,0.5775,31357975.0
2025-09-25 16:00:00,0.5775,0.5785,0.5529,0.5656,38694224.0
2025-09-25 20:00:00,0.5657,0.5666,0.554,0.5595,15110615.0
2025-09-26 00:00:00,0.5596,0.5701,0.5589,0.5687,18143415.0
2025-09-26 04:00:00,0.5688,0.5695,0.561,0.5658,11233595.0
2025-09-26 08:00:00,0.5658,0.5678,0.5554,0.5611,10529485.0
2025-09-26 12:00:00,0.561,0.5699,0.5562,0.5681,17720383.0
2025-09-26 16:00:00,0.568,0.5827,0.5674,0.5775,16844054.0
2025-09-26 20:00:00,0.5774,0.585,0.5763,0.5822,8020617.0
2025-09-27 00:00:00,0.5823,0.5823,0.5774,0.5801,5188813.0
2025-09-27 04:00:00,0.5801,0.5821,0.5762,0.5774,7365161.0
2025-09-27 08:00:00,0.5773,0.5775,0.5713,0.5754,8214820.0
2025-09-27 12:00:00,0.5755,0.5787,0.571,0.5775,7089264.0
2025-09-27 16:00:00,0.5775,0.5777,0.571,0.5734,7446270.0
2025-09-27 20:00:00,0.5735,0.5785,0.5716,0.5725,5471042.0
2025-09-28 00:00:00,0.5726,0.5736,0.5657,0.5677,5912301.0
2025-09-28 04:00:00,0.5677,0.5688,0.5631,0.5667,5612539.0
2025-09-28 08:00:00,0.5667,0.5676,0.5605,0.5623,5722033.0
2025-09-28 12:00:00,0.5623,0.5698,0.5591,0.5673,11732098.0
2025-09-28 16:00:00,0.5674,0.5744,0.5673,0.5726,10073181.0
2025-09-28 20:00:00,0.5726,0.5833,0.5717,0.5803,10022421.0
2025-09-29 00:00:00,0.5804,0.5807,0.5728,0.5765,7457548.0
2025-09-29 04:00:00,0.5766,0.5769,0.5678,0.5698,12370140.0
2025-09-29 08:00:00,0.5697,0.5727,0.5635,0.5666,10580875.0
2025-09-29 12:00:00,0.5665,0.5817,0.5611,0.5743,20626914.0
2025-09-29 16:00:00,0.5744,0.5772,0.5672,0.5759,10078247.0
2025-09-29 20:00:00,0.5758,0.5812,0.5737,0.5739,9764175.0
2025-09-30 00:00:00,0.574,0.5772,0.5644,0.565,10756017.0
2025-09-30 04:00:00,0.5648,0.5689,0.5612,0.5626,9120123.0
2025-09-30 08:00:00,0.5626,0.5634,0.556,0.5587,10520713.0
2025-09-30 12:00:00,0.5586,0.5616,0.5508,0.5553,15799929.0
2025-09-30 16:00:00,0.5553,0.5572,0.5002,0.5519,38984275.0
2025-09-30 20:00:00,0.5519,0.5588,0.5431,0.5444,18618592.0
2025-10-01 00:00:00,0.5444,0.5461,0.5253,0.5261,31358523.0
2025-10-01 04:00:00,0.5262,0.5355,0.5227,0.531,26299961.0
2025-10-01 08:00:00,0.5309,0.5685,0.5304,0.5671,47334540.0
2025-10-01 12:00:00,0.5672,0.5872,0.5672,0.5872,37957549.0
2025-10-01 16:00:00,0.5872,0.5958,0.5825,0.5916,26317673.0
2025-10-01 20:00:00,0.5917,0.5945,0.5866,0.5936,12430612.0
2025-10-02 00:00:00,0.5937,0.6002,0.5926,0.5959,18213093.0
2025-10-02 04:00:00,0.5959,0.6003,0.5919,0.593,15305528.0
2025-10-02 08:00:00,0.593,0.595,0.5885,0.589,10915985.0
2025-10-02 12:00:00,0.589,0.5924,0.5798,0.5904,21398338.0
2025-10-02 16:00:00,0.5904,0.6136,0.5895,0.6123,27486999.0
2025-10-02 20:00:00,0.6123,0.6126,0.6009,0.6073,14327723.0
2025-10-03 00:00:00,0.6073,0.6074,0.5927,0.5956,14019766.0
2025-10-03 04:00:00,0.5957,0.6025,0.5925,0.595,9349775.0
2025-10-03 08:00:00,0.595,0.5974,0.5887,0.5906,9563226.0
2025-10-03 12:00:00,0.5907,0.6041,0.5873,0.6037,15818554.0
2025-10-03 16:00:00,0.6038,0.6141,0.5937,0.6014,25371976.0
2025-10-03 20:00:00,0.6014,0.6024,0.5973,0.5989,7744865.0
2025-10-04 00:00:00,0.599,0.6023,0.5877,0.5896,8436998.0
2025-10-04 04:00:00,0.5896,0.5938,0.586,0.5875,7905100.0
2025-10-04 08:00:00,0.5874,0.5886,0.5789,0.5808,12889026.0
2025-10-04 12:00:00,0.5808,0.5882,0.5746,0.5774,13648592.0
2025-10-04 16:00:00,0.5775,0.5835,0.5756,0.5835,8081800.0
2025-10-04 20:00:00,0.5835,0.5882,0.5818,0.5878,5831849.0
2025-10-05 00:00:00,0.5879,0.6036,0.5862,0.5981,14643301.0
2025-10-05 04:00:00,0.598,0.6161,0.5977,0.6158,15788373.0
2025-10-05 08:00:00,0.6158,0.6168,0.5979,0.6009,15584466.0
2025-10-05 12:00:00,0.601,0.6023,0.5944,0.5986,9950237.0
2025-10-05 16:00:00,0.5987,0.5988,0.5797,0.5803,25052826.0
2025-10-05 20:00:00,0.5803,0.5839,0.5776,0.5781,10647139.0
2025-10-06 00:00:00,0.5782,0.5841,0.5725,0.5793,17372833.0
2025-10-06 04:00:00,0.5793,0.5823,0.5744,0.5788,10487359.0
2025-10-06 08:00:00,0.5789,0.5826,0.5771,0.5779,10301355.0
2025-10-06 12:00:00,0.5778,0.5924,0.5777,0.5893,23912456.0
2025-10-06 16:00:00,0.5892,0.5971,0.5849,0.5958,19801628.0
2025-10-06 20:00:00,0.5958,0.5987,0.5825,0.5845,15739990.0
2025-10-07 00:00:00,0.5846,0.5883,0.5766,0.5785,13502671.0
2025-10-07 04:00:00,0.5785,0.5814,0.5721,0.5746,18621298.0
2025-10-07 08:00:00,0.5746,0.5792,0.5682,0.5781,16815068.0
2025-10-07 12:00:00,0.5781,0.5813,0.5587,0.5608,38918218.0
2025-10-07 16:00:00,0.5608,0.5682,0.5568,0.5575,20687924.0
2025-10-07 20:00:00,0.5576,0.562,0.555,0.5573,12012768.0
2025-10-08 00:00:00,0.5573,0.5632,0.5503,0.5549,12615555.0
2025-10-08 04:00:00,0.5548,0.5574,0.5514,0.5549,10427533.0
2025-10-08 08:00:00,0.555,0.5579,0.5479,0.5501,15235287.0
2025-10-08 12:00:00,0.55,0.5589,0.5465,0.5516,20822012.0
2025-10-08 16:00:00,0.5516,0.5634,0.5495,0.5588,22022542.0
2025-10-08 20:00:00,0.5588,0.5599,0.5508,0.5547,11781025.0
2025-10-09 00:00:00,0.5548,0.5562,0.5431,0.5495,16551861.0
2025-10-09 04:00:00,0.5495,0.5527,0.535,0.5363,22778137.0
2025-10-09 08:00:00,0.5364,0.5375,0.5238,0.5282,32705835.0
2025-10-09 12:00:00,0.5281,0.5347,0.5032,0.5044,47847096.0
2025-10-09 16:00:00,0.5044,0.5074,0.4899,0.4969,56329865.0
2025-10-09 20:00:00,0.4969,0.4992,0.487,0.4912,34057000.0
2025-10-10 00:00:00,0.4911,0.5018,0.4904,0.4948,28779912.0
2025-10-10 04:00:00,0.4946,0.5015,0.4806,0.4827,33087957.0
2025-10-10 08:00:00,0.4828,0.4931,0.4762,0.4917,48104727.0
2025-10-10 12:00:00,0.4917,0.4968,0.4622,0.475,68064984.0
2025-10-10 16:00:00,0.475,0.4775,0.4606,0.4658,45010417.0
2025-10-10 20:00:00,0.4659,0.4685,0.1152,0.3461,331044313.0
2025-10-11 00:00:00,0.3461,0.4111,0.3438,0.3871,116647434.0
2025-10-11 04:00:00,0.387,0.4111,0.3833,0.3908,46479182.0
2025-10-11 08:00:00,0.3907,0.4204,0.3855,0.4146,47809396.0
2025-10-11 12:00:00,0.4145,0.4285,0.3959,0.3977,54486557.0
2025-10-11 16:00:00,0.3977,0.4033,0.377,0.3807,40631625.0
2025-10-11 20:00:00,0.3806,0.3828,0.3621,0.3655,64588559.0
2025-10-12 00:00:00,0.3656,0.3726,0.3553,0.3651,50908026.0
2025-10-12 04:00:00,0.3652,0.3785,0.3649,0.373,26906054.0
2025-10-12 08:00:00,0.3731,0.3745,0.3645,0.3731,29723170.0
2025-10-12 12:00:00,0.373,0.3955,0.3672,0.3933,58126604.0
2025-10-12 16:00:00,0.3933,0.405,0.3857,0.3981,48896018.0
2025-10-12 20:00:00,0.3981,0.4001,0.376,0.3786,57387159.0
2025-10-13 00:00:00,0.3786,0.3854,0.3688,0.37,45689015.0
2025-10-13 04:00:00,0.37,0.3878,0.3691,0.3821,42431208.0
2025-10-13 08:00:00,0.3821,0.3874,0.3621,0.3708,62656915.0
2025-10-13 12:00:00,0.3707,0.381,0.3639,0.3707,76010045.0
2025-10-13 16:00:00,0.3708,0.3788,0.3616,0.374,89721861.0
2025-10-13 20:00:00,0.3741,0.3762,0.3683,0.3691,49539979.0
2025-10-14 00:00:00,0.3692,0.3705,0.3532,0.358,49224130.0
2025-10-14 04:00:00,0.358,0.3589,0.3303,0.3377,116142657.0
2025-10-14 08:00:00,0.3376,0.3453,0.3319,0.3353,60224153.0
2025-10-14 12:00:00,0.3352,0.3361,0.3211,0.3333,93073056.0
2025-10-14 16:00:00,0.3334,0.3391,0.3135,0.3205,101780896.0
2025-10-14 20:00:00,0.3204,0.3218,0.3053,0.3144,88373911.0
2025-10-15 00:00:00,0.3144,0.3181,0.3071,0.3111,55117262.0
2025-10-15 04:00:00,0.3111,0.3247,0.3094,0.3174,71695349.0
2025-10-15 08:00:00,0.3174,0.3219,0.3108,0.3152,54374657.0
2025-10-15 12:00:00,0.3151,0.3158,0.3,0.3026,82309687.0
2025-10-15 16:00:00,0.3026,0.3067,0.2968,0.2989,62521299.0
2025-10-15 20:00:00,0.299,0.3004,0.2867,0.2904,69087577.0
2025-10-16 00:00:00,0.2904,0.2977,0.2904,0.2912,35547217.0
2025-10-16 04:00:00,0.2912,0.2982,0.2905,0.2915,30491351.0
2025-10-16 08:00:00,0.2915,0.2972,0.2809,0.2927,52793486.0
2025-10-16 12:00:00,0.2926,0.2991,0.2754,0.2777,101227794.0
2025-10-16 16:00:00,0.2777,0.2865,0.2711,0.2735,83546253.0
2025-10-16 20:00:00,0.2736,0.2766,0.2688,0.2734,37854695.0
2025-10-17 00:00:00,0.2734,0.278,0.2726,0.277,23963052.0
2025-10-17 04:00:00,0.2771,0.2783,0.2577,0.2588,65069549.0
2025-10-17 08:00:00,0.2588,0.2736,0.253,0.269,87163453.0
2025-10-17 12:00:00,0.2689,0.2719,0.2638,0.2696,45315575.0
2025-10-17 16:00:00,0.2696,0.2733,0.2651,0.2675,35781256.0
2025-10-17 20:00:00,0.2675,0.2721,0.2661,0.2684,18386296.0
2025-10-18 00:00:00,0.2684,0.2727,0.2652,0.266,23402877.0
2025-10-18 04:00:00,0.2661,0.2663,0.2598,0.2607,37786578.0
2025-10-18 08:00:00,0.2607,0.2668,0.2602,0.2641,30604702.0
2025-10-18 12:00:00,0.2641,0.2646,0.2539,0.2553,39794391.0
2025-10-18 16:00:00,0.2553,0.2613,0.2516,0.2601,33692106.0
2025-10-18 20:00:00,0.2601,0.2643,0.2592,0.2607,24004658.0
2025-10-19 00:00:00,0.2606,0.2634,0.2576,0.2628,19509170.0
2025-10-19 04:00:00,0.2628,0.2632,0.2551,0.2586,18410587.0
2025-10-19 08:00:00,0.2585,0.2697,0.2545,0.2662,54419889.0
2025-10-19 12:00:00,0.266,0.3075,0.2634,0.2996,163708792.0
2025-10-19 16:00:00,0.2996,0.2999,0.2831,0.2947,120331235.0
2025-10-19 20:00:00,0.2947,0.2969,0.2874,0.2897,39780028.0
2025-10-20 00:00:00,0.2898,0.2944,0.2812,0.2902,67449814.0
2025-10-20 04:00:00,0.2903,0.3004,0.2858,0.2929,74662771.0
2025-10-20 08:00:00,0.2929,0.2938,0.2849,0.2866,45862585.0
2025-10-20 12:00:00,0.2866,0.2928,0.2832,0.2832,53944522.0
2025-10-20 16:00:00,0.2832,0.2833,0.2739,0.2766,56966528.0
2025-10-20 20:00:00,0.2767,0.278,0.2684,0.2691,40107561.0
2025-10-21 00:00:00,0.2692,0.2698,0.262,0.2626,44506043.0
2025-10-21 04:00:00,0.2626,0.2656,0.2573,0.2626,60124542.0
2025-10-21 08:00:00,0.2625,0.2641,0.2586,0.2618,31672595.0
2025-10-21 12:00:00,0.2618,0.2722,0.2598,0.2693,80091072.0
2025-10-21 16:00:00,0.2693,0.2706,0.2553,0.2559,80077314.0
2025-10-21 20:00:00,0.2558,0.257,0.2432,0.2439,90122606.0
2025-10-22 00:00:00,0.2439,0.2469,0.2425,0.2465,44199376.0
2025-10-22 04:00:00,0.2464,0.249,0.2431,0.2474,34565888.0
2025-10-22 08:00:00,0.2474,0.2474,0.2367,0.2406,58749022.0
2025-10-22 12:00:00,0.2405,0.2473,0.2394,0.2398,57421775.0
2025-10-22 16:00:00,0.2397,0.2434,0.233,0.2364,63113741.0
2025-10-22 20:00:00,0.2364,0.2376,0.2236,0.2362,77277579.0
2025-10-23 00:00:00,0.2362,0.2381,0.2335,0.2341,23195994.0
2025-10-23 04:00:00,0.2341,0.2392,0.2332,0.2383,30026442.0
2025-10-23 08:00:00,0.2383,0.2576,0.238,0.2463,113390283.0
2025-10-23 12:00:00,0.2462,0.249,0.2438,0.2474,40054755.0
2025-10-23 16:00:00,0.2474,0.2539,0.2472,0.2497,36748086.0
2025-10-23 20:00:00,0.2496,0.2534,0.2478,0.2515,27541001.0
2025-10-24 00:00:00,0.2514,0.2579,0.2508,0.2557,25884398.0
2025-10-24 04:00:00,0.2557,0.2697,0.2541,0.2634,53137330.0
2025-10-24 08:00:00,0.2636,0.2714,0.2565,0.2596,59814930.0
2025-10-24 12:00:00,0.2596,0.2665,0.2586,0.2601,48488206.0
2025-10-24 16:00:00,0.2601,0.2724,0.2576,0.2689,39902188.0
2025-10-24 20:00:00,0.269,0.2704,0.2631,0.2654,29513750.0
2025-10-25 00:00:00,0.2653,0.2661,0.2595,0.262,17529868.0
2025-10-25 04:00:00,0.2619,0.2641,0.2571,0.2574,24450137.0
2025-10-25 08:00:00,0.2575,0.2593,0.2541,0.256,20213349.0
2025-10-25 12:00:00,0.2559,0.2608,0.2555,0.26,17600204.0
2025-10-25 16:00:00,0.2599,0.2632,0.2588,0.2614,22259888.0
2025-10-25 20:00:00,0.2615,0.2632,0.2585,0.2592,18825628.0
2025-10-26 00:00:00,0.2592,0.2598,0.2551,0.2555,17016989.0
2025-10-26 04:00:00,0.2554,0.2637,0.2551,0.2621,17320300.0
2025-10-26 08:00:00,0.262,0.2753,0.2611,0.275,39775946.0
2025-10-26 12:00:00,0.275,0.2777,0.2714,0.2745,37950779.0
2025-10-26 16:00:00,0.2746,0.2775,0.2725,0.2772,24052566.0
2025-10-26 20:00:00,0.2773,0.2799,0.271,0.279,34021647.0
2025-10-27 00:00:00,0.2789,0.2818,0.2746,0.2752,25288962.0
2025-10-27 04:00:00,0.2751,0.2787,0.2712,0.2739,33794051.0
2025-10-27 08:00:00,0.274,0.2766,0.2676,0.2707,29348726.0
2025-10-27 12:00:00,0.2708,0.2712,0.2648,0.2695,30533131.0
2025-10-27 16:00:00,0.2695,0.2753,0.2676,0.2686,31966803.0
2025-10-27 20:00:00,0.2687,0.2687,0.2622,0.2641,25484481.0
2025-10-28 00:00:00,0.2641,0.2653,0.2606,0.2621,24754246.0
2025-10-28 04:00:00,0.2621,0.2671,0.2601,0.265,33461845.0
2025-10-28 08:00:00,0.265,0.2682,0.2642,0.2646,21740153.0
2025-10-28 12:00:00,0.2646,0.2763,0.263,0.2686,54001504.0
2025-10-28 16:00:00,0.2687,0.2721,0.2571,0.2596,41338347.0
2025-10-28 20:00:00,0.2596,0.2597,0.2508,0.2573,46326895.0
2025-10-29 00:00:00,0.2572,0.2594,0.256,0.2567,17169304.0
2025-10-29 04:00:00,0.2566,0.2616,0.2565,0.2586,19641773.0
2025-10-29 08:00:00,0.2587,0.2614,0.2552,0.2603,22194070.0
2025-10-29 12:00:00,0.2603,0.2647,0.2561,0.2583,31876392.0
2025-10-29 16:00:00,0.2583,0.2733,0.2563,0.2682,77495440.0
2025-10-29 20:00:00,0.2682,0.2719,0.2601,0.2619,29066041.0
2025-10-30 00:00:00,0.2618,0.2679,0.2603,0.2646,19691118.0
2025-10-30 04:00:00,0.2646,0.2646,0.2519,0.2595,45012676.0
2025-10-30 08:00:00,0.2596,0.2598,0.2503,0.2505,30997947.0
2025-10-30 12:00:00,0.2506,0.2515,0.2381,0.2386,60174953.0
2025-10-30 16:00:00,0.2387,0.2418,0.2303,0.2323,50818687.0
2025-10-30 20:00:00,0.2324,0.2403,0.2314,0.2402,36481426.0
2025-10-31 00:00:00,0.2401,0.2438,0.2385,0.2405,21763618.0
2025-10-31 04:00:00,0.2406,0.2435,0.2386,0.2396,22152685.0
2025-10-31 08:00:00,0.2396,0.2437,0.2377,0.2431,20541108.0
2025-10-31 12:00:00,0.243,0.244,0.239,0.2403,27057082.0
2025-10-31 16:00:00,0.2402,0.2408,0.2313,0.238,46874501.0
2025-10-31 20:00:00,0.2379,0.2384,0.2312,0.2361,25037271.0
2025-11-01 00:00:00,0.2361,0.2387,0.232,0.2363,20407847.0
2025-11-01 04:00:00,0.2362,0.2432,0.2346,0.2427,26604533.0
2025-11-01 08:00:00,0.2427,0.2496,0.2412,0.2475,39165925.0
2025-11-01 12:00:00,0.2475,0.2518,0.246,0.2514,38092027.0
2025-11-01 16:00:00,0.2514,0.262,0.2506,0.2553,47728900.0
2025-11-01 20:00:00,0.2553,0.26,0.2542,0.2589,22238524.0
2025-11-02 00:00:00,0.2589,0.2601,0.2552,0.2564,16023283.0
2025-11-02 04:00:00,0.2564,0.2739,0.2558,0.2661,66174756.0
2025-11-02 08:00:00,0.2661,0.2667,0.2588,0.2661,35257759.0
2025-11-02 12:00:00,0.2661,0.2664,0.241,0.2444,96111642.0
2025-11-02 16:00:00,0.2444,0.2459,0.2404,0.2439,30916033.0
2025-11-02 20:00:00,0.2439,0.2468,0.2368,0.2459,48216757.0
2025-11-03 00:00:00,0.2458,0.246,0.2303,0.2309,43308802.0
2025-11-03 04:00:00,0.231,0.2344,0.2264,0.2305,45765879.0
2025-11-03 08:00:00,0.2305,0.2324,0.2253,0.2274,36087617.0
2025-11-03 12:00:00,0.2274,0.2314,0.2005,0.2089,143931811.0
2025-11-03 16:00:00,0.209,0.2172,0.2077,0.2089,83546613.0
2025-11-03 20:00:00,0.2089,0.2099,0.2029,0.2088,53994832.0
2025-11-04 00:00:00,0.2088,0.2152,0.2083,0.2144,42284471.0
2025-11-04 04:00:00,0.2145,0.2159,0.203,0.2043,71571731.0
2025-11-04 08:00:00,0.2043,0.2131,0.2032,0.2088,49310276.0
2025-11-04 12:00:00,0.2088,0.2138,0.2044,0.2097,56141633.0
2025-11-04 16:00:00,0.2096,0.2119,0.1954,0.2036,117862768.0
2025-11-04 20:00:00,0.2037,0.2126,0.1939,0.2114,126397494.0
2025-11-05 00:00:00,0.2114,0.2139,0.2012,0.2111,64759835.0
2025-11-05 04:00:00,0.2111,0.2138,0.2091,0.2133,33357503.0
2025-11-05 08:00:00,0.2133,0.2146,0.2081,0.2144,33417507.0
2025-11-05 12:00:00,0.2143,0.2202,0.2139,0.2184,53293632.0
2025-11-05 16:00:00,0.2184,0.2258,0.2158,0.2215,48059542.0
2025-11-05 20:00:00,0.2215,0.2262,0.221,0.2238,24178156.0
2025-11-06 00:00:00,0.2238,0.2242,0.2175,0.2199,26200536.0
2025-11-06 04:00:00,0.2199,0.2214,0.2137,0.2146,29427307.0
2025-11-06 08:00:00,0.2145,0.216,0.2127,0.215,27939796.0
2025-11-06 12:00:00,0.215,0.2203,0.2127,0.2149,45736394.0
2025-11-06 16:00:00,0.215,0.229,0.2105,0.2249,72600614.0
2025-11-06 20:00:00,0.2248,0.2334,0.2222,0.2313,50787933.0
2025-11-07 00:00:00,0.2313,0.2494,0.2304,0.2397,105031968.0
2025-11-07 04:00:00,0.2397,0.2602,0.2364,0.259,89424003.0
2025-11-07 08:00:00,0.2591,0.2655,0.2453,0.2534,129214903.0
2025-11-07 12:00:00,0.2534,0.3613,0.2495,0.3173,482196411.0
2025-11-07 16:00:00,0.3172,0.4598,0.3094,0.3998,659447256.0
2025-11-07 20:00:00,0.3998,0.4085,0.3391,0.3655,251563008.0
2025-11-08 00:00:00,0.3655,0.3915,0.3378,0.363,180248095.0
2025-11-08 04:00:00,0.3629,0.3862,0.3415,0.3668,148685673.0
2025-11-08 08:00:00,0.3668,0.4092,0.3506,0.3824,249915118.0
2025-11-08 12:00:00,0.3824,0.3957,0.3218,0.3276,200465809.0
2025-11-08 16:00:00,0.3276,0.3451,0.3241,0.3358,121869534.0
2025-11-08 20:00:00,0.3359,0.3473,0.3295,0.3405,46247007.0
2025-11-09 00:00:00,0.3405,0.344,0.305,0.3114,124636970.0
2025-11-09 04:00:00,0.3114,0.3142,0.2849,0.2936,87857770.0
2025-11-09 08:00:00,0.2936,0.3223,0.2841,0.3164,121616902.0
2025-11-09 12:00:00,0.3164,0.3414,0.3111,0.327,121792520.0
2025-11-09 16:00:00,0.327,0.3454,0.3222,0.3442,83099440.0
2025-11-09 20:00:00,0.3442,0.3587,0.3353,0.3489,76076309.0
2025-11-10 00:00:00,0.3489,0.3551,0.329,0.3316,76848717.0
2025-11-10 04:00:00,0.3315,0.3491,0.3232,0.3479,66208286.0
2025-11-10 08:00:00,0.3479,0.3747,0.343,0.3558,156571305.0
2025-11-10 12:00:00,0.3558,0.3608,0.3337,0.3414,88764372.0
2025-11-10 16:00:00,0.3414,0.3486,0.3285,0.3434,57265912.0
2025-11-10 20:00:00,0.3433,0.3565,0.3374,0.3506,46329407.0
2025-11-11 00:00:00,0.3506,0.3896,0.3461,0.379,130072425.0
2025-11-11 04:00:00,0.3789,0.3852,0.3541,0.3561,104928333.0
2025-11-11 08:00:00,0.3561,0.3737,0.3526,0.3581,70524087.0
2025-11-11 12:00:00,0.358,0.372,0.3446,0.3583,94207574.0
2025-11-11 16:00:00,0.3582,0.3636,0.3385,0.3411,66064402.0
2025-11-11 20:00:00,0.3411,0.3421,0.3283,0.3296,55370365.0
2025-11-12 00:00:00,0.3297,0.3356,0.3239,0.3298,39754128.0
2025-11-12 04:00:00,0.3299,0.3464,0.3265,0.3422,46083071.0
2025-11-12 08:00:00,0.3422,0.36,0.34,0.342,60781457.0
2025-11-12 12:00:00,0.3419,0.3502,0.3163,0.3184,89179845.0
2025-11-12 16:00:00,0.3185,0.3211,0.3088,0.3144,71213860.0
2025-11-12 20:00:00,0.3144,0.3209,0.3089,0.3117,29488827.0
2025-11-13 00:00:00,0.3118,0.319,0.3055,0.3128,36715773.0
2025-11-13 04:00:00,0.3128,0.3214,0.3101,0.3122,43539746.0
2025-11-13 08:00:00,0.3122,0.3198,0.3043,0.3061,45578634.0
2025-11-13 12:00:00,0.3062,0.3143,0.2973,0.3,68315390.0
2025-11-13 16:00:00,0.2999,0.3017,0.2858,0.2878,82666107.0
2025-11-13 20:00:00,0.2877,0.2943,0.2783,0.2901,64365991.0
2025-11-14 00:00:00,0.29,0.2913,0.2823,0.2838,28156131.0
2025-11-14 04:00:00,0.2838,0.2879,0.27,0.2836,62986809.0
2025-11-14 08:00:00,0.2836,0.2842,0.276,0.2813,37514164.0
2025-11-14 12:00:00,0.2812,0.2858,0.2725,0.2826,68164432.0
2025-11-14 16:00:00,0.2826,0.2852,0.2746,0.2819,41375400.0
2025-11-14 20:00:00,0.2819,0.2822,0.2649,0.2706,41808510.0
2025-11-15 00:00:00,0.2707,0.2863,0.27,0.2829,40422198.0
2025-11-15 04:00:00,0.2829,0.2969,0.2807,0.2879,45260383.0
2025-11-15 08:00:00,0.288,0.2916,0.2818,0.2895,36488235.0
2025-11-15 12:00:00,0.2895,0.3034,0.2873,0.2949,78150948.0
2025-11-15 16:00:00,0.2948,0.2957,0.2881,0.2907,38324684.0
2025-11-15 20:00:00,0.2907,0.291,0.2832,0.2858,27473393.0
2025-11-16 00:00:00,0.2858,0.2895,0.2817,0.2865,24793143.0
2025-11-16 04:00:00,0.2864,0.2947,0.2826,0.2902,28225979.0
2025-11-16 08:00:00,0.2901,0.2912,0.277,0.2777,37111064.0
2025-11-16 12:00:00,0.2777,0.2817,0.2713,0.2724,35676008.0
2025-11-16 16:00:00,0.2723,0.2774,0.2642,0.271,62384878.0
2025-11-16 20:00:00,0.2711,0.2766,0.2658,0.2735,33333117.0
2025-11-17 00:00:00,0.2735,0.2816,0.271,0.2779,28986199.0
2025-11-17 04:00:00,0.278,0.2814,0.274,0.2812,23295920.0
2025-11-17 08:00:00,0.2814,0.2827,0.2777,0.2808,22144360.0
2025-11-17 12:00:00,0.2808,0.2857,0.2682,0.2749,67732673.0
2025-11-17 16:00:00,0.2749,0.2835,0.2681,0.2724,74563292.0
2025-11-17 20:00:00,0.2723,0.2734,0.2613,0.2683,62001754.0
2025-11-18 00:00:00,0.2683,0.2777,0.2637,0.2755,45506055.0
2025-11-18 04:00:00,0.2755,0.2772,0.2671,0.273,38239497.0
2025-11-18 08:00:00,0.2731,0.2832,0.2729,0.2772,46051492.0
2025-11-18 12:00:00,0.2771,0.3039,0.273,0.2991,92819326.0
2025-11-18 16:00:00,0.2991,0.3239,0.2935,0.3047,166291548.0
2025-11-18 20:00:00,0.3047,0.3106,0.2982,0.3002,57163999.0
2025-11-19 00:00:00,0.3003,0.3017,0.2865,0.288,46012797.0
2025-11-19 04:00:00,0.2879,0.2961,0.2792,0.2959,70394219.0
2025-11-19 08:00:00,0.2958,0.3058,0.292,0.3035,51106873.0
2025-11-19 12:00:00,0.3034,0.3112,0.2936,0.2975,108597781.0
2025-11-19 16:00:00,0.2975,0.3033,0.2873,0.2907,95598918.0
2025-11-19 20:00:00,0.2908,0.3369,0.2882,0.33,155954891.0
2025-11-20 00:00:00,0.3299,0.3343,0.3146,0.3165,60443322.0
2025-11-20 04:00:00,0.3164,0.325,0.315,0.3212,50539546.0
2025-11-20 08:00:00,0.3211,0.3419,0.3159,0.3301,91870415.0
2025-11-20 12:00:00,0.3301,0.3418,0.3196,0.3203,120236490.0
2025-11-20 16:00:00,0.3203,0.3233,0.3011,0.3133,140379387.0
2025-11-20 20:00:00,0.3133,0.3285,0.3076,0.3149,65657003.0
2025-11-21 00:00:00,0.3149,0.3178,0.3009,0.3029,55284348.0
2025-11-21 04:00:00,0.3029,0.3035,0.26,0.2786,115279874.0
2025-11-21 08:00:00,0.2786,0.2944,0.2758,0.2765,108072601.0
2025-11-21 12:00:00,0.2766,0.2863,0.2701,0.2751,120919351.0
2025-11-21 16:00:00,0.275,0.2951,0.2705,0.2856,109575665.0
2025-11-21 20:00:00,0.2856,0.2954,0.2778,0.295,63440469.0
2025-11-22 00:00:00,0.2949,0.2993,0.2866,0.2882,37178695.0
2025-11-22 04:00:00,0.2882,0.2892,0.2748,0.2802,43194456.0
2025-11-22 08:00:00,0.2802,0.2802,0.2657,0.2712,50182600.0
2025-11-22 12:00:00,0.2713,0.2757,0.2651,0.2695,51301095.0
2025-11-22 16:00:00,0.2695,0.2733,0.2682,0.2691,27355245.0
2025-11-22 20:00:00,0.2693,0.2823,0.2668,0.2791,30788668.0
2025-11-23 00:00:00,0.279,0.2886,0.2773,0.2874,31804761.0
2025-11-23 04:00:00,0.2874,0.2923,0.2819,0.285,25632147.0
2025-11-23 08:00:00,0.285,0.2904,0.2796,0.2821,27614743.0
2025-11-23 12:00:00,0.2822,0.2938,0.2818,0.2887,37485330.0
2025-11-23 16:00:00,0.2888,0.2933,0.2832,0.2863,31544146.0
2025-11-23 20:00:00,0.2863,0.2883,0.2744,0.2752,27389897.0
2025-11-24 00:00:00,0.2751,0.2829,0.27,0.2787,35268540.0
2025-11-24 04:00:00,0.2787,0.2836,0.2723,0.2762,30246922.0
2025-11-24 08:00:00,0.2761,0.2789,0.2682,0.2746,37300403.0
2025-11-24 12:00:00,0.2745,0.2795,0.2698,0.2776,50041902.0
2025-11-24 16:00:00,0.2776,0.2886,0.2759,0.2846,53389291.0
2025-11-24 20:00:00,0.2847,0.2885,0.276,0.277,33123471.0
2025-11-25 00:00:00,0.277,0.2791,0.2724,0.2755,24215489.0
2025-11-25 04:00:00,0.2756,0.2831,0.2742,0.2761,34761134.0
2025-11-25 08:00:00,0.2761,0.2783,0.271,0.2731,34582368.0
2025-11-25 12:00:00,0.2732,0.2759,0.2618,0.2676,68209155.0
2025-11-25 16:00:00,0.2677,0.2731,0.2629,0.2666,59310701.0
2025-11-25 20:00:00,0.2667,0.2821,0.266,0.2796,39081390.0
2025-11-26 00:00:00,0.2797,0.2821,0.2734,0.2742,26902056.0
2025-11-26 04:00:00,0.2743,0.2795,0.2719,0.2773,22365530.0
2025-11-26 08:00:00,0.2773,0.2773,0.2611,0.2634,60298707.0
2025-11-26 12:00:00,0.2635,0.2678,0.251,0.2533,84037714.0
2025-11-26 16:00:00,0.2533,0.2704,0.2532,0.2672,72501059.0
2025-11-26 20:00:00,0.2671,0.2727,0.2648,0.267,34784541.0
2025-11-27 00:00:00,0.2669,0.2703,0.2629,0.2639,33827992.0
2025-11-27 04:00:00,0.2639,0.2675,0.2633,0.2656,23348371.0
2025-11-27 08:00:00,0.2657,0.2706,0.2633,0.2649,29155761.0
2025-11-27 12:00:00,0.265,0.2695,0.2639,0.2688,24558212.0
2025-11-27 16:00:00,0.2688,0.2706,0.2664,0.268,22654996.0
2025-11-27 20:00:00,0.2679,0.2712,0.2604,0.2624,55526287.0
2025-11-28 00:00:00,0.2624,0.264,0.2572,0.2599,50256293.0
2025-11-28 04:00:00,0.26,0.2641,0.2589,0.2632,23078146.0
2025-11-28 08:00:00,0.2632,0.2802,0.2631,0.2716,85585966.0
2025-11-28 12:00:00,0.2715,0.2803,0.2713,0.2747,53638001.0
2025-11-28 16:00:00,0.2747,0.275,0.2634,0.2677,60614496.0
2025-11-28 20:00:00,0.2678,0.2705,0.2633,0.2668,37841002.0
2025-11-29 00:00:00,0.2669,0.2723,0.2662,0.2716,17810547.0
2025-11-29 04:00:00,0.2715,0.2773,0.2691,0.2704,29145003.0
2025-11-29 08:00:00,0.2704,0.2708,0.2647,0.2669,24471820.0
2025-11-29 12:00:00,0.2669,0.2671,0.2607,0.2635,27571589.0
2025-11-29 16:00:00,0.2634,0.2635,0.2573,0.2585,30192925.0
2025-11-29 20:00:00,0.2586,0.2619,0.2566,0.2594,20993530.0
2025-11-30 00:00:00,0.2593,0.2612,0.254,0.2568,24423580.0
2025-11-30 04:00:00,0.2569,0.2584,0.2536,0.2574,18655023.0
2025-11-30 08:00:00,0.2575,0.259,0.255,0.2556,17425513.0
2025-11-30 12:00:00,0.2556,0.2602,0.2541,0.2578,22361832.0
2025-11-30 16:00:00,0.2579,0.2652,0.2578,0.2604,25877991.0
2025-11-30 20:00:00,0.2605,0.2665,0.255,0.2555,25752502.0
2025-12-01 00:00:00,0.2555,0.2562,0.2272,0.2284,124889118.0
2025-12-01 04:00:00,0.2284,0.2328,0.2247,0.2307,42769460.0
2025-12-01 08:00:00,0.2306,0.2341,0.2279,0.2283,32647875.0
2025-12-01 12:00:00,0.2283,0.2324,0.2249,0.2295,63749377.0
2025-12-01 16:00:00,0.2296,0.2313,0.2254,0.2282,32902816.0
2025-12-01 20:00:00,0.2283,0.233,0.2282,0.2309,31058965.0
2025-12-02 00:00:00,0.2309,0.2345,0.2266,0.229,24290035.0
2025-12-02 04:00:00,0.2291,0.2302,0.2273,0.2289,15251206.0
2025-12-02 08:00:00,0.2289,0.2296,0.2251,0.2289,23078158.0
2025-12-02 12:00:00,0.2288,0.2647,0.2263,0.2634,119206502.0
2025-12-02 16:00:00,0.2634,0.2696,0.2599,0.2608,90709728.0
2025-12-02 20:00:00,0.2608,0.2616,0.2528,0.2556,38714894.0
2025-12-03 00:00:00,0.2555,0.259,0.2537,0.2574,24350180.0
2025-12-03 04:00:00,0.2573,0.2678,0.257,0.2634,36252370.0
2025-12-03 08:00:00,0.2634,0.2657,0.2607,0.2647,27692344.0
2025-12-03 12:00:00,0.2646,0.2718,0.2551,0.2617,90571269.0
2025-12-03 16:00:00,0.2617,0.2657,0.2588,0.2608,29814710.0
2025-12-03 20:00:00,0.2608,0.2655,0.2587,0.261,28713552.0
2025-12-04 00:00:00,0.2612,0.2644,0.2581,0.2586,22323492.0
2025-12-04 04:00:00,0.2586,0.2603,0.2556,0.259,22188745.0
2025-12-04 08:00:00,0.259,0.2632,0.2576,0.2605,21827625.0
2025-12-04 12:00:00,0.2605,0.261,0.2491,0.255,60938832.0
2025-12-04 16:00:00,0.2549,0.2563,0.2451,0.2501,42963166.0
2025-12-04 20:00:00,0.2501,0.2528,0.2485,0.2494,18953425.0
2025-12-05 00:00:00,0.2494,0.2523,0.247,0.2477,20008082.0
2025-12-05 04:00:00,0.2476,0.2519,0.2451,0.251,19644323.0
2025-12-05 08:00:00,0.251,0.2513,0.2411,0.2423,28598181.0
2025-12-05 12:00:00,0.2424,0.2439,0.234,0.2365,58013149.0
2025-12-05 16:00:00,0.2365,0.2367,0.2239,0.2288,75294061.0
2025-12-05 20:00:00,0.2288,0.2357,0.228,0.2342,27135320.0
2025-12-06 00:00:00,0.2342,0.2358,0.2312,0.2345,15074078.0
2025-12-06 04:00:00,0.2344,0.2373,0.2329,0.2361,13566646.0
2025-12-06 08:00:00,0.2362,0.2368,0.2325,0.235,14448578.0
2025-12-06 12:00:00,0.2349,0.2385,0.234,0.2342,19239551.0
2025-12-06 16:00:00,0.2341,0.2375,0.2334,0.2342,18902839.0
2025-12-06 20:00:00,0.2342,0.2369,0.2322,0.2351,13759066.0
2025-12-07 00:00:00,0.235,0.2367,0.2342,0.235,9925788.0
2025-12-07 04:00:00,0.235,0.2356,0.2316,0.2322,11140696.0
2025-12-07 08:00:00,0.2321,0.2329,0.2291,0.2306,19096493.0
2025-12-07 12:00:00,0.2305,0.2342,0.2236,0.2336,55939619.0
2025-12-07 16:00:00,0.2336,0.2538,0.2301,0.25,99173517.0
2025-12-07 20:00:00,0.25,0.2517,0.2328,0.2358,58483655.0
2025-12-08 00:00:00,0.2358,0.2401,0.2329,0.2379,34556657.0
2025-12-08 04:00:00,0.238,0.2436,0.238,0.243,27899973.0
2025-12-08 08:00:00,0.243,0.2485,0.2397,0.2402,34044808.0
2025-12-08 12:00:00,0.2403,0.2429,0.2345,0.2371,50738307.0
2025-12-08 16:00:00,0.2371,0.2416,0.2349,0.2369,30627629.0
2025-12-08 20:00:00,0.2369,0.2443,0.2368,0.2402,28144944.0
2025-12-09 00:00:00,0.2401,0.2423,0.2359,0.2394,21031010.0
2025-12-09 04:00:00,0.2395,0.2405,0.2353,0.2395,20586086.0
2025-12-09 08:00:00,0.2395,0.2405,0.236,0.2398,18641395.0
2025-12-09 12:00:00,0.2398,0.2539,0.239,0.2532,60015799.0
2025-12-09 16:00:00,0.2531,0.2687,0.2531,0.2614,113104627.0
2025-12-09 20:00:00,0.2614,0.2657,0.2556,0.2632,50450997.0
2025-12-10 00:00:00,0.2633,0.2643,0.2584,0.2596,26490259.0
2025-12-10 04:00:00,0.2595,0.2654,0.2588,0.2642,27343005.0
2025-12-10 08:00:00,0.2642,0.2657,0.2565,0.2601,38678506.0
2025-12-10 12:00:00,0.2601,0.2613,0.2561,0.258,24645243.0
2025-12-10 16:00:00,0.2581,0.2671,0.2558,0.264,56416877.0
2025-12-10 20:00:00,0.264,0.2717,0.2521,0.2523,62317519.0
2025-12-11 00:00:00,0.2524,0.2528,0.2327,0.2353,65931785.0
2025-12-11 04:00:00,0.2354,0.2429,0.2342,0.2417,30867968.0
2025-12-11 08:00:00,0.2417,0.2429,0.2382,0.2412,23014420.0
2025-12-11 12:00:00,0.2411,0.2428,0.236,0.2383,34491176.0
2025-12-11 16:00:00,0.2383,0.2435,0.2368,0.2392,33796722.0
2025-12-11 20:00:00,0.2391,0.2495,0.2388,0.2417,42759615.0
2025-12-12 00:00:00,0.2417,0.2433,0.237,0.2408,24233298.0
2025-12-12 04:00:00,0.2408,0.2472,0.2385,0.2432,27415973.0
2025-12-12 08:00:00,0.2432,0.246,0.2404,0.2449,24882986.0
2025-12-12 12:00:00,0.2448,0.2472,0.2304,0.232,50652388.0
2025-12-12 16:00:00,0.232,0.2375,0.2295,0.2352,49995503.0
2025-12-12 20:00:00,0.2352,0.2402,0.2338,0.239,17317342.0
2025-12-13 00:00:00,0.239,0.2411,0.2373,0.2389,11209907.0
2025-12-13 04:00:00,0.2388,0.2407,0.2378,0.2404,10035057.0
2025-12-13 08:00:00,0.2403,0.254,0.2392,0.2473,52949717.0
2025-12-13 12:00:00,0.2472,0.2498,0.2436,0.2457,24876543.0
2025-12-13 16:00:00,0.2456,0.2468,0.2435,0.246,14825402.0
2025-12-13 20:00:00,0.2459,0.2467,0.2422,0.2452,11903908.0
2025-12-14 00:00:00,0.2452,0.2464,0.244,0.2445,11391918.0
2025-12-14 04:00:00,0.2446,0.2454,0.2385,0.2408,19097191.0
2025-12-14 08:00:00,0.2408,0.2418,0.2358,0.2396,21108774.0
2025-12-14 12:00:00,0.2395,0.2414,0.237,0.2381,19228897.0
2025-12-14 16:00:00,0.2381,0.2405,0.2331,0.234,29307884.0
2025-12-14 20:00:00,0.234,0.2362,0.2295,0.2334,26841405.0
2025-12-15 00:00:00,0.2335,0.2428,0.2331,0.2396,28207115.0
2025-12-15 04:00:00,0.2396,0.2409,0.2367,0.2377,16433197.0
2025-12-15 08:00:00,0.2378,0.2406,0.237,0.239,19809542.0
2025-12-15 12:00:00,0.239,0.2395,0.2257,0.2291,61571829.0
2025-12-15 16:00:00,0.2292,0.2302,0.2164,0.2225,78713560.0
2025-12-15 20:00:00,0.2225,0.2247,0.2193,0.2231,25929470.0
2025-12-16 00:00:00,0.2232,0.2239,0.219,0.221,19724103.0
2025-12-16 04:00:00,0.2211,0.2219,0.2167,0.2182,21852289.0
2025-12-16 08:00:00,0.2183,0.227,0.2176,0.2243,30319911.0
2025-12-16 12:00:00,0.2243,0.2301,0.2196,0.2285,60675556.0
2025-12-16 16:00:00,0.2285,0.2291,0.2204,0.2225,35038040.0
2025-12-16 20:00:00,0.2225,0.2242,0.2197,0.2206,16835829.0
2025-12-17 00:00:00,0.2206,0.2218,0.2173,0.2175,17791364.0
2025-12-17 04:00:00,0.2176,0.2183,0.2144,0.2171,23757453.0
2025-12-17 08:00:00,0.217,0.217,0.2119,0.2141,24043341.0
2025-12-17 12:00:00,0.2141,0.224,0.2108,0.2123,81158230.0
2025-12-17 16:00:00,0.2123,0.2145,0.2036,0.2071,76196493.0
2025-12-17 20:00:00,0.2071,0.2097,0.2026,0.2034,24108067.0
2025-12-18 00:00:00,0.2035,0.2048,0.2015,0.2029,18057783.0
2025-12-18 04:00:00,0.203,0.2042,0.1999,0.202,21457396.0
2025-12-18 08:00:00,0.2021,0.2055,0.2019,0.2053,26381962.0
2025-12-18 12:00:00,0.2053,0.213,0.2045,0.2084,68795160.0
2025-12-18 16:00:00,0.2084,0.2084,0.1917,0.1924,85371551.0
2025-12-18 20:00:00,0.1923,0.1982,0.1921,0.1952,33104660.0
2025-12-19 00:00:00,0.1952,0.2043,0.1917,0.2011,34368681.0
2025-12-19 04:00:00,0.2011,0.2072,0.1997,0.2057,29806580.0
2025-12-19 08:00:00,0.2057,0.207,0.2035,0.2063,22550006.0
2025-12-19 12:00:00,0.2063,0.2127,0.2051,0.2078,48330845.0
2025-12-19 16:00:00,0.2078,0.2166,0.2072,0.2155,45712529.0
2025-12-19 20:00:00,0.2155,0.2169,0.2107,0.2111,27718920.0
2025-12-20 00:00:00,0.2112,0.2112,0.2075,0.2084,14917062.0
2025-12-20 04:00:00,0.2084,0.2129,0.2073,0.2126,20197014.0
2025-12-20 08:00:00,0.2125,0.2143,0.209,0.2111,15210266.0
2025-12-20 12:00:00,0.211,0.2112,0.2075,0.2091,13377995.0
2025-12-20 16:00:00,0.2092,0.2114,0.2081,0.2104,11104005.0
2025-12-20 20:00:00,0.2103,0.2129,0.2098,0.2116,12120859.0
2025-12-21 00:00:00,0.2116,0.2122,0.2066,0.2084,16702603.0
2025-12-21 04:00:00,0.2084,0.2094,0.2074,0.2085,10767406.0
2025-12-21 08:00:00,0.2084,0.2109,0.2074,0.2078,18476230.0
2025-12-21 12:00:00,0.2079,0.2089,0.2005,0.2032,48136376.0
2025-12-21 16:00:00,0.2032,0.207,0.2025,0.2047,24388522.0
2025-12-21 20:00:00,0.2047,0.2073,0.2016,0.2051,14774262.0
2025-12-22 00:00:00,0.2051,0.2115,0.2032,0.207,31048032.0
2025-12-22 04:00:00,0.2069,0.2085,0.2062,0.2079,17193968.0
2025-12-22 08:00:00,0.2078,0.2109,0.2077,0.2104,23005615.0
2025-12-22 12:00:00,0.2103,0.2129,0.207,0.2103,43546567.0
2025-12-22 16:00:00,0.2103,0.212,0.2027,0.2034,30643612.0
2025-12-22 20:00:00,0.2034,0.2079,0.2019,0.2079,31423909.0
2025-12-23 00:00:00,0.2079,0.2096,0.205,0.2067,21097771.0
2025-12-23 04:00:00,0.2066,0.2071,0.2029,0.2041,18094365.0
2025-12-23 08:00:00,0.204,0.2075,0.2036,0.2068,14581653.0
2025-12-23 12:00:00,0.2067,0.2075,0.2016,0.2073,34233159.0
2025-12-23 16:00:00,0.2073,0.2123,0.2061,0.209,44728223.0
2025-12-23 20:00:00,0.2089,0.2152,0.2087,0.2102,38417523.0
2025-12-24 00:00:00,0.2102,0.2117,0.2025,0.2067,29677473.0
2025-12-24 04:00:00,0.2067,0.2073,0.2025,0.2036,21688184.0
2025-12-24 08:00:00,0.2037,0.2056,0.2011,0.2039,24688251.0
2025-12-24 12:00:00,0.2039,0.2099,0.2019,0.2094,28993127.0
2025-12-24 16:00:00,0.2093,0.2108,0.2066,0.2081,23642144.0
2025-12-24 20:00:00,0.2081,0.2113,0.2078,0.2103,17884752.0
2025-12-25 00:00:00,0.2103,0.2129,0.2083,0.2127,14628590.0
2025-12-25 04:00:00,0.2126,0.2138,0.2104,0.2119,17165950.0
2025-12-25 08:00:00,0.2118,0.2138,0.2084,0.2101,21385575.0
2025-12-25 12:00:00,0.21,0.2128,0.2083,0.2115,18178068.0
2025-12-25 16:00:00,0.2115,0.2123,0.2082,0.2099,19503559.0
2025-12-25 20:00:00,0.2098,0.2104,0.201,0.2011,27825456.0
2025-12-26 00:00:00,0.2011,0.2123,0.2009,0.2076,43143365.0
2025-12-26 04:00:00,0.2077,0.2107,0.2064,0.2079,20158001.0
2025-12-26 08:00:00,0.2078,0.2114,0.2077,0.2097,16421573.0
2025-12-26 12:00:00,0.2097,0.2114,0.2044,0.2076,31777332.0
2025-12-26 16:00:00,0.2077,0.2113,0.2058,0.2104,27477021.0
2025-12-26 20:00:00,0.2104,0.2115,0.2092,0.2115,10450656.0
2025-12-27 00:00:00,0.2114,0.2165,0.2106,0.2149,16177820.0
2025-12-27 04:00:00,0.2149,0.2153,0.2126,0.2135,12282717.0
2025-12-27 08:00:00,0.2136,0.214,0.2097,0.2132,16460910.0
2025-12-27 12:00:00,0.2133,0.2136,0.2101,0.2127,17713599.0
2025-12-27 16:00:00,0.2127,0.2146,0.2124,0.2136,14837201.0
2025-12-27 20:00:00,0.2135,0.2193,0.2124,0.2176,24821784.0
2025-12-28 00:00:00,0.2177,0.218,0.2139,0.2166,13590387.0
2025-12-28 04:00:00,0.2165,0.2178,0.2147,0.2166,11991600.0
2025-12-28 08:00:00,0.2166,0.2194,0.2163,0.2184,19061000.0
2025-12-28 12:00:00,0.2184,0.2205,0.2165,0.2185,21732254.0
2025-12-28 16:00:00,0.2185,0.2196,0.2123,0.2131,31105288.0
2025-12-28 20:00:00,0.2131,0.2154,0.2118,0.215,14804155.0
2025-12-29 00:00:00,0.2151,0.2225,0.2145,0.2222,34517803.0
2025-12-29 04:00:00,0.2221,0.2223,0.217,0.2191,25923614.0
2025-12-29 08:00:00,0.219,0.2199,0.2122,0.2145,26804443.0
2025-12-29 12:00:00,0.2145,0.2157,0.2101,0.2127,53578553.0
2025-12-29 16:00:00,0.2127,0.2131,0.2087,0.2092,28279203.0
2025-12-29 20:00:00,0.2091,0.2104,0.208,0.2089,18510755.0
2025-12-30 00:00:00,0.2088,0.2098,0.2066,0.2088,15605734.0
2025-12-30 04:00:00,0.2087,0.2094,0.2064,0.2077,13457885.0
2025-12-30 08:00:00,0.2078,0.2117,0.2078,0.2088,17424516.0
2025-12-30 12:00:00,0.2088,0.2114,0.206,0.2106,28300107.0
2025-12-30 16:00:00,0.2107,0.2114,0.206,0.2082,24584364.0
2025-12-30 20:00:00,0.2082,0.2083,0.2062,0.2073,12696592.0
2025-12-31 00:00:00,0.2074,0.2101,0.2059,0.2092,17144102.0
2025-12-31 04:00:00,0.2091,0.2095,0.2072,0.2075,9235263.0
2025-12-31 08:00:00,0.2076,0.2087,0.206,0.2078,14408089.0
2025-12-31 12:00:00,0.2078,0.2082,0.2042,0.2053,28202221.0
2025-12-31 16:00:00,0.2054,0.2062,0.1986,0.2014,53258293.0
2025-12-31 20:00:00,0.2013,0.2029,0.1981,0.1985,22938851.0
2026-01-01 00:00:00,0.1984,0.2011,0.1982,0.199,15587909.0
2026-01-01 04:00:00,0.199,0.2,0.1977,0.1988,14047393.0
2026-01-01 08:00:00,0.1988,0.202,0.1987,0.2019,15212869.0
2026-01-01 12:00:00,0.202,0.2109,0.2005,0.2092,42914406.0
2026-01-01 16:00:00,0.2092,0.2114,0.208,0.2114,28477455.0
2026-01-01 20:00:00,0.2114,0.2157,0.2104,0.2132,26983337.0
2026-01-02 00:00:00,0.2132,0.217,0.2121,0.216,24997126.0
2026-01-02 04:00:00,0.2161,0.2168,0.2112,0.2124,19718438.0
2026-01-02 08:00:00,0.2124,0.2192,0.2116,0.217,39110627.0
2026-01-02 12:00:00,0.217,0.2218,0.2151,0.2187,45938986.0
2026-01-02 16:00:00,0.2187,0.2278,0.2178,0.2273,49801297.0
2026-01-02 20:00:00,0.2274,0.2315,0.2247,0.23,25560315.0
2026-01-03 00:00:00,0.2301,0.2353,0.2278,0.2344,23210312.0
2026-01-03 04:00:00,0.2344,0.2378,0.2263,0.2271,34603683.0
2026-01-03 08:00:00,0.227,0.2291,0.2254,0.2287,27744551.0
2026-01-03 12:00:00,0.2288,0.2317,0.2279,0.2289,28100214.0
2026-01-03 16:00:00,0.2289,0.2338,0.2285,0.2327,27304551.0
2026-01-03 20:00:00,0.2328,0.2407,0.2303,0.2401,33331835.0
2026-01-04 00:00:00,0.2402,0.2555,0.2386,0.2457,98820734.0
2026-01-04 04:00:00,0.2457,0.2489,0.2428,0.2468,26673401.0
2026-01-04 08:00:00,0.2468,0.2561,0.2441,0.2532,53914808.0
2026-01-04 12:00:00,0.2531,0.2641,0.2526,0.2621,75703284.0
2026-01-04 16:00:00,0.262,0.265,0.2543,0.2589,50347469.0
2026-01-04 20:00:00,0.2589,0.2698,0.2585,0.2652,46568683.0
2026-01-05 00:00:00,0.2652,0.2927,0.2641,0.2899,102195135.0
2026-01-05 04:00:00,0.29,0.2938,0.2789,0.2874,99704248.0
2026-01-05 08:00:00,0.2873,0.291,0.275,0.2796,90866907.0
2026-01-05 12:00:00,0.2797,0.2936,0.2788,0.2886,96632405.0
2026-01-05 16:00:00,0.2886,0.2905,0.2818,0.2867,50211666.0
2026-01-05 20:00:00,0.2866,0.2951,0.2866,0.2897,51646712.0
2026-01-06 00:00:00,0.2898,0.2976,0.2815,0.2942,57283021.0
2026-01-06 04:00:00,0.2942,0.3144,0.2925,0.2962,96165065.0
2026-01-06 08:00:00,0.2962,0.3099,0.2898,0.3056,61096849.0
2026-01-06 12:00:00,0.3057,0.3127,0.2946,0.2976,72533496.0
2026-01-06 16:00:00,0.2975,0.3029,0.2822,0.2914,87648109.0
2026-01-06 20:00:00,0.2913,0.3061,0.2913,0.2954,46225145.0
2026-01-07 00:00:00,0.2954,0.2956,0.2825,0.2867,38375108.0
2026-01-07 04:00:00,0.2866,0.2915,0.2828,0.2913,20211489.0
2026-01-07 08:00:00,0.2913,0.2949,0.2872,0.2912,34744363.0
2026-01-07 12:00:00,0.2911,0.2926,0.2783,0.2809,60147466.0
2026-01-07 16:00:00,0.2808,0.2835,0.275,0.2797,40987256.0
2026-01-07 20:00:00,0.2798,0.2805,0.2731,0.2748,21272612.0
2026-01-08 00:00:00,0.2748,0.2774,0.2706,0.2728,21746505.0
2026-01-08 04:00:00,0.2728,0.2798,0.2707,0.2788,27260387.0
2026-01-08 08:00:00,0.2788,0.2831,0.2667,0.2692,61560320.0
2026-01-08 12:00:00,0.2693,0.294,0.2657,0.2936,71623382.0
2026-01-08 16:00:00,0.2936,0.2977,0.2791,0.2802,75694144.0
2026-01-08 20:00:00,0.2802,0.2905,0.2754,0.2852,44334683.0
2026-01-09 00:00:00,0.2851,0.2863,0.2773,0.2811,26342552.0
2026-01-09 04:00:00,0.2811,0.2847,0.2766,0.2817,25771064.0
2026-01-09 08:00:00,0.2818,0.2827,0.2761,0.2807,27274626.0
2026-01-09 12:00:00,0.2808,0.2939,0.278,0.288,56301515.0
2026-01-09 16:00:00,0.2881,0.2954,0.2781,0.2796,47337401.0
2026-01-09 20:00:00,0.2796,0.289,0.2791,0.2858,18087830.0
2026-01-10 00:00:00,0.2859,0.2861,0.28,0.2804,12335720.0
2026-01-10 04:00:00,0.2804,0.2838,0.2773,0.2811,17272527.0
2026-01-10 08:00:00,0.281,0.2843,0.2792,0.2842,17262894.0
2026-01-10 12:00:00,0.2842,0.2846,0.2797,0.283,18120618.0
2026-01-10 16:00:00,0.283,0.2851,0.28,0.2838,14978346.0
2026-01-10 20:00:00,0.2839,0.2841,0.2781,0.2801,13708645.0
2026-01-11 00:00:00,0.2801,0.2835,0.2786,0.2827,11187632.0
2026-01-11 04:00:00,0.2826,0.2839,0.2799,0.2832,9764118.0
2026-01-11 08:00:00,0.2832,0.286,0.2815,0.2837,13416256.0
2026-01-11 12:00:00,0.2837,0.293,0.2832,0.2888,38519823.0
2026-01-11 16:00:00,0.2888,0.3068,0.2864,0.3047,62425649.0
2026-01-11 20:00:00,0.3047,0.3049,0.286,0.2919,54328395.0
2026-01-12 00:00:00,0.2918,0.3142,0.2877,0.3095,65251758.0
2026-01-12 04:00:00,0.3095,0.313,0.2932,0.2939,42838975.0
2026-01-12 08:00:00,0.2939,0.2993,0.2885,0.29,47288113.0
2026-01-12 12:00:00,0.29,0.2936,0.2806,0.2917,53980794.0
2026-01-12 16:00:00,0.2916,0.2949,0.2824,0.2844,37770138.0
2026-01-12 20:00:00,0.2844,0.2871,0.2789,0.2807,27331186.0
2026-01-13 00:00:00,0.2807,0.2843,0.2797,0.2812,20812106.0
2026-01-13 04:00:00,0.2812,0.2883,0.2811,0.2841,23005859.0
2026-01-13 08:00:00,0.2841,0.2873,0.2814,0.282,28088290.0
2026-01-13 12:00:00,0.2821,0.2914,0.2803,0.2872,53173877.0
2026-01-13 16:00:00,0.2872,0.2897,0.2842,0.2865,41555564.0
2026-01-13 20:00:00,0.2866,0.3002,0.2822,0.2933,53676378.0
2026-01-14 00:00:00,0.2934,0.2955,0.2899,0.2929,28867693.0
2026-01-14 04:00:00,0.2928,0.2941,0.2866,0.2913,27885126.0
2026-01-14 08:00:00,0.2913,0.2965,0.2882,0.2895,28413192.0
2026-01-14 12:00:00,0.2896,0.297,0.2871,0.2952,46831552.0
2026-01-14 16:00:00,0.2953,0.3023,0.2843,0.2903,68860185.0
2026-01-14 20:00:00,0.2902,0.2935,0.2834,0.2891,33988442.0
2026-01-15 00:00:00,0.2891,0.2943,0.2759,0.2783,40961448.0
2026-01-15 04:00:00,0.2783,0.287,0.2776,0.2852,24447131.0
2026-01-15 08:00:00,0.2852,0.286,0.2815,0.2847,19356807.0
2026-01-15 12:00:00,0.2846,0.29,0.2735,0.2796,47102617.0
2026-01-15 16:00:00,0.2795,0.282,0.2699,0.2723,38438446.0
2026-01-15 20:00:00,0.2722,0.2782,0.2704,0.2776,21236345.0
2026-01-16 00:00:00,0.2777,0.2794,0.2732,0.2766,16331931.0
2026-01-16 04:00:00,0.2766,0.2829,0.2713,0.2795,21766206.0
2026-01-16 08:00:00,0.2797,0.282,0.2763,0.2772,15995653.0
2026-01-16 12:00:00,0.2772,0.2796,0.2685,0.271,31266427.0
2026-01-16 16:00:00,0.271,0.2778,0.2704,0.2767,23619451.0
2026-01-16 20:00:00,0.2767,0.2826,0.2737,0.2793,20301156.0
2026-01-17 00:00:00,0.2793,0.2808,0.2769,0.2779,11915675.0
2026-01-17 04:00:00,0.2778,0.2811,0.2767,0.2801,10617406.0
2026-01-17 08:00:00,0.2801,0.2823,0.2772,0.2778,12680051.0
2026-01-17 12:00:00,0.2777,0.2854,0.2774,0.2848,24407026.0
2026-01-17 16:00:00,0.2848,0.2857,0.2801,0.2813,13385263.0
2026-01-17 20:00:00,0.2814,0.2822,0.276,0.2776,13779195.0
2026-01-18 00:00:00,0.2777,0.2802,0.2746,0.2761,14405334.0
2026-01-18 04:00:00,0.2761,0.2761,0.2716,0.2734,11392169.0
2026-01-18 08:00:00,0.2734,0.2754,0.2725,0.2748,10089061.0
2026-01-18 12:00:00,0.2748,0.2751,0.2699,0.2731,16812827.0
2026-01-18 16:00:00,0.273,0.276,0.2696,0.2724,18302912.0
2026-01-18 20:00:00,0.2725,0.2757,0.2513,0.252,49716356.0
2026-01-19 00:00:00,0.252,0.2521,0.2131,0.2446,114374718.0
2026-01-19 04:00:00,0.2446,0.2455,0.2407,0.2439,26787395.0
2026-01-19 08:00:00,0.2439,0.2466,0.2427,0.2447,21912755.0
2026-01-19 12:00:00,0.2447,0.2448,0.2405,0.2416,21962276.0
2026-01-19 16:00:00,0.2415,0.2522,0.2412,0.2492,24295495.0
2026-01-19 20:00:00,0.2492,0.2499,0.2444,0.2487,20992226.0
2026-01-20 00:00:00,0.2487,0.2496,0.2456,0.2477,18310833.0
2026-01-20 04:00:00,0.2476,0.2488,0.2408,0.2409,43911028.0
2026-01-20 08:00:00,0.2409,0.2418,0.2368,0.2371,30760066.0
2026-01-20 12:00:00,0.2372,0.2417,0.2346,0.2367,35952410.0
2026-01-20 16:00:00,0.2368,0.2378,0.2301,0.2338,33460059.0
2026-01-20 20:00:00,0.2339,0.2369,0.2286,0.2319,23691378.0
2026-01-21 00:00:00,0.2318,0.2387,0.2309,0.2372,17256380.0
2026-01-21 04:00:00,0.2372,0.2416,0.2367,0.2395,14968831.0
2026-01-21 08:00:00,0.2395,0.241,0.234,0.2348,16637099.0
2026-01-21 12:00:00,0.2348,0.2477,0.2313,0.2451,48977964.0
2026-01-21 16:00:00,0.2451,0.2462,0.2314,0.2459,49823621.0
2026-01-21 20:00:00,0.2459,0.2467,0.2374,0.2384,29610471.0
2026-01-22 00:00:00,0.2384,0.2443,0.2384,0.2413,24566428.0
2026-01-22 04:00:00,0.2412,0.2427,0.2392,0.2406,12452085.0
2026-01-22 08:00:00,0.2406,0.2451,0.2401,0.2409,17378255.0
2026-01-22 12:00:00,0.2409,0.2417,0.2329,0.2361,32235457.0
2026-01-22 16:00:00,0.2361,0.2402,0.2351,0.2364,20022692.0
2026-01-22 20:00:00,0.2364,0.2374,0.2342,0.2367,11585189.0
2026-01-23 00:00:00,0.2366,0.2398,0.2357,0.2393,11360155.0
2026-01-23 04:00:00,0.2393,0.2408,0.2367,0.2374,10726088.0
2026-01-23 08:00:00,0.2374,0.2378,0.2346,0.2361,12625236.0
2026-01-23 12:00:00,0.2361,0.2387,0.2305,0.2382,22979344.0
2026-01-23 16:00:00,0.2382,0.2436,0.2336,0.235,33013703.0
2026-01-23 20:00:00,0.2351,0.2357,0.2315,0.2318,15791447.0
2026-01-24 00:00:00,0.2319,0.2348,0.2303,0.2343,12100295.0
2026-01-24 04:00:00,0.2342,0.2359,0.2338,0.2341,7440873.0
2026-01-24 08:00:00,0.234,0.2347,0.2317,0.2329,7435099.0
2026-01-24 12:00:00,0.2329,0.2336,0.23,0.23,9521835.0
2026-01-24 16:00:00,0.2301,0.2314,0.2282,0.2305,11271220.0
2026-01-24 20:00:00,0.2305,0.233,0.2302,0.2306,7570907.0
2026-01-25 00:00:00,0.2306,0.2312,0.2259,0.2267,11926584.0
2026-01-25 04:00:00,0.2267,0.2285,0.225,0.2263,9525844.0
2026-01-25 08:00:00,0.2264,0.2304,0.2243,0.2286,13857487.0
2026-01-25 12:00:00,0.2285,0.2285,0.2246,0.2254,12748542.0
2026-01-25 16:00:00,0.2253,0.2253,0.2118,0.2133,47669718.0
2026-01-25 20:00:00,0.2132,0.2186,0.2122,0.2177,19998792.0
2026-01-26 00:00:00,0.2178,0.2235,0.2173,0.2208,17105414.0
2026-01-26 04:00:00,0.2208,0.2246,0.2207,0.2237,11172199.0
2026-01-26 08:00:00,0.2237,0.2256,0.2207,0.2212,12530242.0
2026-01-26 12:00:00,0.2213,0.2255,0.2193,0.2224,22514063.0
2026-01-26 16:00:00,0.2224,0.225,0.2202,0.2221,16235229.0
2026-01-26 20:00:00,0.2222,0.2235,0.2196,0.2204,13925494.0
2026-01-27 00:00:00,0.2205,0.2236,0.2196,0.2215,11874037.0
2026-01-27 04:00:00,0.2215,0.2236,0.22,0.2211,12339358.0
2026-01-27 08:00:00,0.2212,0.2218,0.218,0.2201,15071523.0
2026-01-27 12:00:00,0.2201,0.2219,0.2182,0.2218,20497816.0
2026-01-27 16:00:00,0.2217,0.2268,0.2189,0.2239,29938932.0
2026-01-27 20:00:00,0.2239,0.2294,0.2236,0.2282,19925509.0
2026-01-28 00:00:00,0.2282,0.2286,0.2249,0.2253,13236056.0
2026-01-28 04:00:00,0.2253,0.2272,0.2233,0.2258,10699787.0
2026-01-28 08:00:00,0.2257,0.2296,0.224,0.2296,12846364.0
2026-01-28 12:00:00,0.2295,0.2316,0.2259,0.2262,33410370.0
2026-01-28 16:00:00,0.2262,0.231,0.2245,0.228,29617269.0
2026-01-28 20:00:00,0.228,0.2391,0.2248,0.2323,47854827.0
2026-01-29 00:00:00,0.2323,0.2334,0.2211,0.2233,34212739.0
2026-01-29 04:00:00,0.2232,0.2242,0.2206,0.2226,15507773.0
2026-01-29 08:00:00,0.2225,0.2228,0.2188,0.2193,22233270.0
2026-01-29 12:00:00,0.2192,0.2201,0.2068,0.2116,62306360.0
2026-01-29 16:00:00,0.2116,0.2173,0.2076,0.2107,46515074.0
2026-01-29 20:00:00,0.2108,0.2145,0.21,0.2122,15704361.0
2026-01-30 00:00:00,0.2122,0.213,0.2023,0.2068,43861099.0
2026-01-30 04:00:00,0.2068,0.2118,0.2043,0.2079,20811643.0
2026-01-30 08:00:00,0.208,0.2121,0.206,0.2116,17452019.0
2026-01-30 12:00:00,0.2116,0.2119,0.2024,0.2051,32927696.0
2026-01-30 16:00:00,0.2051,0.2114,0.2011,0.2091,40330265.0
2026-01-30 20:00:00,0.2092,0.2093,0.2041,0.2064,20261045.0
2026-01-31 00:00:00,0.2064,0.2077,0.2049,0.2063,9082006.0
2026-01-31 04:00:00,0.2062,0.2074,0.2008,0.2023,12363869.0
2026-01-31 08:00:00,0.2023,0.2027,0.1965,0.1995,42029737.0
2026-01-31 12:00:00,0.1995,0.1998,0.186,0.1892,68409540.0
2026-01-31 16:00:00,0.1892,0.1919,0.1683,0.1816,170063811.0
2026-01-31 20:00:00,0.1814,0.1887,0.1788,0.1876,33980189.0
2026-02-01 00:00:00,0.1876,0.1903,0.1862,0.1899,23876793.0
2026-02-01 04:00:00,0.1898,0.1921,0.1885,0.1905,16862996.0
2026-02-01 08:00:00,0.1904,0.1919,0.1873,0.1903,17287052.0
2026-02-01 12:00:00,0.1903,0.1917,0.1822,0.1853,32470882.0
2026-02-01 16:00:00,0.1854,0.1886,0.1827,0.1842,38158200.0
2026-02-01 20:00:00,0.1841,0.1866,0.1767,0.1811,37169261.0
2026-02-02 00:00:00,0.181,0.1862,0.1735,0.1811,47759652.0
2026-02-02 04:00:00,0.1812,0.1847,0.1757,0.1809,44080343.0
2026-02-02 08:00:00,0.1809,0.1846,0.1805,0.1817,26165900.0
2026-02-02 12:00:00,0.1817,0.1896,0.1817,0.1884,38674064.0
2026-02-02 16:00:00,0.1884,0.1902,0.1844,0.1845,29138496.0
2026-02-02 20:00:00,0.1844,0.1859,0.1831,0.185,13414358.0
2026-02-03 00:00:00,0.185,0.1856,0.1801,0.1841,20491402.0
2026-02-03 04:00:00,0.184,0.1856,0.1821,0.1843,13065496.0
2026-02-03 08:00:00,0.1843,0.1852,0.1808,0.182,29500834.0
2026-02-03 12:00:00,0.182,0.184,0.1785,0.1837,34035703.0
2026-02-03 16:00:00,0.1836,0.1837,0.1714,0.1811,84752014.0
2026-02-03 20:00:00,0.181,0.1879,0.1786,0.1799,41718803.0
2026-02-04 00:00:00,0.1798,0.1858,0.179,0.1856,14599201.0
2026-02-04 04:00:00,0.1855,0.1867,0.1834,0.1858,9631450.0
2026-02-04 08:00:00,0.1858,0.1867,0.1817,0.1838,15794135.0
2026-02-04 12:00:00,0.1838,0.1841,0.1756,0.1781,36513585.0
2026-02-04 16:00:00,0.178,0.1822,0.174,0.1817,46414348.0
2026-02-04 20:00:00,0.1818,0.182,0.1747,0.178,18690148.0
2026-02-05 00:00:00,0.1781,0.18,0.1752,0.1757,20614503.0
2026-02-05 04:00:00,0.1756,0.177,0.1725,0.1733,27301061.0
2026-02-05 08:00:00,0.1734,0.1765,0.1655,0.1676,34152978.0
2026-02-05 12:00:00,0.1675,0.1718,0.1583,0.1627,76964697.0
2026-02-05 16:00:00,0.1628,0.1654,0.1535,0.1549,88175119.0
2026-02-05 20:00:00,0.1549,0.156,0.1467,0.1479,107541030.0
2026-02-06 00:00:00,0.1479,0.1543,0.1333,0.1492,146227784.0
2026-02-06 04:00:00,0.1492,0.1585,0.1485,0.1551,33746497.0
2026-02-06 08:00:00,0.1551,0.1619,0.1534,0.1609,60590513.0
2026-02-06 12:00:00,0.1609,0.1645,0.1594,0.163,47211177.0
2026-02-06 16:00:00,0.163,0.1724,0.1625,0.1665,47990149.0
2026-02-06 20:00:00,0.1664,0.1705,0.1646,0.1687,23605926.0
2026-02-07 00:00:00,0.1687,0.1713,0.1657,0.1693,25902431.0
2026-02-07 04:00:00,0.1692,0.171,0.161,0.1623,32192885.0
2026-02-07 08:00:00,0.1622,0.1641,0.1606,0.1619,21372621.0
2026-02-07 12:00:00,0.162,0.1678,0.1617,0.1649,31141057.0
2026-02-07 16:00:00,0.1649,0.1701,0.1643,0.1661,60919744.0
2026-02-07 20:00:00,0.1661,0.1672,0.1645,0.1652,9662186.0
2026-02-08 00:00:00,0.1653,0.1654,0.1635,0.1637,11830935.0
2026-02-08 04:00:00,0.1637,0.1648,0.1625,0.1646,13850806.0
2026-02-08 08:00:00,0.1647,0.1676,0.1629,0.1663,27011262.0
2026-02-08 12:00:00,0.1664,0.1675,0.1642,0.1648,20854998.0
2026-02-08 16:00:00,0.1648,0.1654,0.1604,0.1644,25089445.0
2026-02-08 20:00:00,0.1643,0.1662,0.1607,0.1624,22195435.0
2026-02-09 00:00:00,0.1624,0.1646,0.1613,0.1643,13780740.0
2026-02-09 04:00:00,0.1643,0.1643,0.1613,0.1615,9927749.0
2026-02-09 08:00:00,0.1615,0.1621,0.1555,0.1571,29200464.0
2026-02-09 12:00:00,0.1571,0.1608,0.1563,0.1603,25009019.0
2026-02-09 16:00:00,0.1603,0.1636,0.1584,0.1628,25841594.0
2026-02-09 20:00:00,0.1628,0.163,0.1601,0.161,14570763.0
2026-02-10 00:00:00,0.161,0.1623,0.158,0.1593,13888035.0
2026-02-10 04:00:00,0.1593,0.1604,0.1559,0.1565,13222443.0
2026-02-10 08:00:00,0.1566,0.1584,0.156,0.1564,15953837.0
2026-02-10 12:00:00,0.1565,0.1576,0.1546,0.1565,22833956.0
2026-02-10 16:00:00,0.1565,0.1584,0.1546,0.1559,18481641.0
2026-02-10 20:00:00,0.1559,0.1576,0.1554,0.1568,10258907.0
2026-02-11 00:00:00,0.1567,0.1587,0.1551,0.1562,13969374.0
2026-02-11 04:00:00,0.1563,0.1566,0.1513,0.1517,22536946.0
2026-02-11 08:00:00,0.1517,0.1527,0.1507,0.1523,14105660.0
2026-02-11 12:00:00,0.1523,0.16,0.1502,0.1521,41711105.0
2026-02-11 16:00:00,0.1521,0.1555,0.1507,0.1544,22486754.0
2026-02-11 20:00:00,0.1543,0.1572,0.1526,0.1542,16743639.0
2026-02-12 00:00:00,0.1542,0.1575,0.1542,0.1564,11011115.0
2026-02-12 04:00:00,0.1563,0.1595,0.1551,0.1592,14077640.0
2026-02-12 08:00:00,0.1592,0.1628,0.1577,0.161,17969747.0
2026-02-12 12:00:00,0.161,0.1613,0.1565,0.1567,20850693.0
2026-02-12 16:00:00,0.1567,0.1599,0.1531,0.1573,30407370.0
2026-02-12 20:00:00,0.1573,0.1594,0.1552,0.1593,13703391.0
2026-02-13 00:00:00,0.1593,0.1599,0.1576,0.1582,13939224.0
2026-02-13 04:00:00,0.1582,0.1582,0.1558,0.1574,8551245.0
2026-02-13 08:00:00,0.1575,0.1602,0.1573,0.1596,12318256.0
2026-02-13 12:00:00,0.1596,0.1671,0.1584,0.1645,38740289.0
2026-02-13 16:00:00,0.1645,0.1687,0.164,0.1661,25397274.0
2026-02-13 20:00:00,0.1661,0.1667,0.1645,0.1647,9662592.0
2026-02-14 00:00:00,0.1648,0.1683,0.1648,0.1679,15537623.0
2026-02-14 04:00:00,0.1679,0.1695,0.1663,0.1685,15918635.0
2026-02-14 08:00:00,0.1685,0.1734,0.1684,0.1719,29423273.0
2026-02-14 12:00:00,0.172,0.175,0.1701,0.1746,19518737.0
2026-02-14 16:00:00,0.1746,0.1824,0.1729,0.182,32902780.0
2026-02-14 20:00:00,0.182,0.1849,0.18,0.1811,26491531.0
2026-02-15 00:00:00,0.1811,0.1821,0.1758,0.1796,26138996.0
2026-02-15 04:00:00,0.1796,0.1817,0.1782,0.1808,16010758.0
2026-02-15 08:00:00,0.1808,0.1811,0.1751,0.1759,17267577.0
2026-02-15 12:00:00,0.1759,0.1762,0.1693,0.171,32176131.0
2026-02-15 16:00:00,0.171,0.1713,0.1683,0.1709,29085697.0
2026-02-15 20:00:00,0.171,0.1739,0.1699,0.1734,16416038.0
2026-02-16 00:00:00,0.1735,0.1749,0.1722,0.174,11372554.0
2026-02-16 04:00:00,0.1739,0.1753,0.1711,0.1716,9726399.0
2026-02-16 08:00:00,0.1715,0.1741,0.1698,0.1723,14094891.0
2026-02-16 12:00:00,0.1723,0.1758,0.169,0.17,24707510.0
2026-02-16 16:00:00,0.1701,0.1723,0.1692,0.1714,23402523.0
2026-02-16 20:00:00,0.1715,0.1743,0.1707,0.173,10818624.0
2026-02-17 00:00:00,0.1729,0.174,0.1712,0.1726,9491618.0
2026-02-17 04:00:00,0.1725,0.1734,0.1702,0.1722,7627230.0
2026-02-17 08:00:00,0.1722,0.1731,0.1691,0.1706,11223456.0
2026-02-17 12:00:00,0.1706,0.1727,0.1675,0.1707,20740022.0
2026-02-17 16:00:00,0.1708,0.1741,0.1692,0.1716,18902457.0
2026-02-17 20:00:00,0.1715,0.1721,0.1702,0.1708,6496512.0
2026-02-18 00:00:00,0.1709,0.1718,0.1694,0.1714,7526555.0
2026-02-18 04:00:00,0.1714,0.1724,0.1706,0.1719,7984866.0
2026-02-18 08:00:00,0.172,0.1731,0.1691,0.1701,10177327.0
2026-02-18 12:00:00,0.1701,0.1739,0.1684,0.1722,19354889.0
2026-02-18 16:00:00,0.1722,0.1722,0.1642,0.165,32567437.0
2026-02-18 20:00:00,0.165,0.1665,0.1631,0.1638,12113184.0
2026-02-19 00:00:00,0.1639,0.1656,0.1627,0.1652,14481407.0
2026-02-19 04:00:00,0.1652,0.167,0.1644,0.166,10825829.0
2026-02-19 08:00:00,0.1659,0.166,0.1621,0.1632,11745373.0
2026-02-19 12:00:00,0.1631,0.1635,0.1588,0.1601,24522389.0
2026-02-19 16:00:00,0.1601,0.1618,0.158,0.1608,22835785.0
2026-02-19 20:00:00,0.1609,0.1628,0.1604,0.1628,9647306.0
2026-02-20 00:00:00,0.1627,0.1653,0.1618,0.1637,13345498.0
2026-02-20 04:00:00,0.1636,0.1649,0.1615,0.1645,10711188.0
2026-02-20 08:00:00,0.1645,0.1671,0.1637,0.1648,11377125.0
2026-02-20 12:00:00,0.1649,0.1681,0.16,0.1673,35953293.0
2026-02-20 16:00:00,0.1674,0.1703,0.1638,0.168,35026555.0
2026-02-20 20:00:00,0.168,0.1686,0.1671,0.1678,9619477.0
2026-02-21 00:00:00,0.1678,0.1681,0.165,0.1661,11742474.0
2026-02-21 04:00:00,0.1662,0.1676,0.1654,0.166,7847255.0
2026-02-21 08:00:00,0.166,0.1702,0.1658,0.1686,13649773.0
2026-02-21 12:00:00,0.1686,0.1699,0.1673,0.168,10079584.0
2026-02-21 16:00:00,0.168,0.1681,0.1662,0.1663,9401908.0
2026-02-21 20:00:00,0.1663,0.1668,0.1646,0.1646,7554557.0
2026-02-22 00:00:00,0.1645,0.1646,0.1609,0.1626,15106740.0
2026-02-22 04:00:00,0.1626,0.1628,0.1614,0.1623,5512469.0
2026-02-22 08:00:00,0.1623,0.1631,0.1613,0.1616,11543443.0
2026-02-22 12:00:00,0.1616,0.1618,0.1574,0.1595,23609044.0
2026-02-22 16:00:00,0.1594,0.1598,0.1576,0.1584,9892391.0
2026-02-22 20:00:00,0.1584,0.1597,0.1572,0.1594,7066307.0
2026-02-23 00:00:00,0.1593,0.1595,0.1509,0.1528,35259799.0
2026-02-23 04:00:00,0.1529,0.1571,0.1521,0.1562,12012632.0
2026-02-23 08:00:00,0.1562,0.1595,0.1552,0.1582,13446441.0
2026-02-23 12:00:00,0.1582,0.16,0.1549,0.1551,16954571.0
2026-02-23 16:00:00,0.1551,0.1559,0.1519,0.1529,19195012.0
2026-02-23 20:00:00,0.1529,0.1551,0.1521,0.1536,11694503.0
2026-02-24 00:00:00,0.1537,0.1553,0.1514,0.1526,15302564.0
2026-02-24 04:00:00,0.1526,0.1529,0.1506,0.1517,11424452.0
2026-02-24 08:00:00,0.1517,0.1524,0.1506,0.1513,12797202.0
2026-02-24 12:00:00,0.1514,0.1555,0.147,0.1545,26716129.0
2026-02-24 16:00:00,0.1545,0.1567,0.1537,0.1538,17024903.0
2026-02-24 20:00:00,0.1539,0.1544,0.152,0.1526,12285964.0
2026-02-25 00:00:00,0.1526,0.1581,0.1522,0.1545,20937858.0
2026-02-25 04:00:00,0.1545,0.1551,0.1523,0.1542,11705555.0
2026-02-25 08:00:00,0.1542,0.158,0.1539,0.1574,15105959.0
2026-02-25 12:00:00,0.1574,0.1677,0.1571,0.1671,46002259.0
2026-02-25 16:00:00,0.1671,0.1731,0.167,0.173,34261376.0
2026-02-25 20:00:00,0.173,0.1759,0.1656,0.1676,33597398.0
2026-02-26 00:00:00,0.1676,0.1689,0.165,0.1674,19089443.0
2026-02-26 04:00:00,0.1673,0.1685,0.1644,0.165,14461240.0
2026-02-26 08:00:00,0.165,0.167,0.1628,0.1632,18174963.0
2026-02-26 12:00:00,0.1633,0.1646,0.1605,0.1623,26227434.0
2026-02-26 16:00:00,0.1623,0.1628,0.1574,0.1619,31161239.0
2026-02-26 20:00:00,0.1619,0.1625,0.1604,0.1619,9673739.0
2026-02-27 00:00:00,0.1619,0.1637,0.1605,0.1635,10998654.0
2026-02-27 04:00:00,0.1635,0.1661,0.1634,0.1656,15693078.0
2026-02-27 08:00:00,0.1655,0.1669,0.1597,0.1604,26721407.0
2026-02-27 12:00:00,0.1604,0.1612,0.1585,0.1594,22448704.0
2026-02-27 16:00:00,0.1593,0.1596,0.156,0.1567,19752226.0
2026-02-27 20:00:00,0.1567,0.1576,0.1531,0.156,15189934.0
2026-02-28 00:00:00,0.156,0.1572,0.1554,0.1559,9450786.0
2026-02-28 04:00:00,0.1559,0.1564,0.1454,0.1488,43978177.0
2026-02-28 08:00:00,0.1487,0.1488,0.1442,0.1448,29750441.0
2026-02-28 12:00:00,0.1447,0.1508,0.1446,0.1478,31373996.0
2026-02-28 16:00:00,0.1478,0.1541,0.1466,0.1532,22047644.0
2026-02-28 20:00:00,0.1533,0.1584,0.1528,0.1567,23112085.0
2026-03-01 00:00:00,0.1566,0.1621,0.1538,0.1591,28022428.0
2026-03-01 04:00:00,0.1591,0.1604,0.1573,0.1588,14891317.0
2026-03-01 08:00:00,0.1587,0.1591,0.1541,0.1548,18950162.0
2026-03-01 12:00:00,0.1548,0.1571,0.1519,0.1555,25080332.0
2026-03-01 16:00:00,0.1556,0.1564,0.1498,0.1503,25988354.0
2026-03-01 20:00:00,0.1503,0.1524,0.1475,0.1506,22114741.0
2026-03-02 00:00:00,0.1505,0.1542,0.1503,0.1525,14817320.0
2026-03-02 04:00:00,0.1525,0.1528,0.1473,0.1479,15096302.0
2026-03-02 08:00:00,0.148,0.1503,0.1463,0.1484,21026377.0
2026-03-02 12:00:00,0.1485,0.1579,0.1464,0.1567,48531049.0
2026-03-02 16:00:00,0.1567,0.1596,0.1508,0.1528,42560745.0
2026-03-02 20:00:00,0.1528,0.1539,0.1505,0.1516,17781423.0
2026-03-03 00:00:00,0.1516,0.1523,0.1476,0.1484,24932848.0
2026-03-03 04:00:00,0.1484,0.1499,0.1454,0.1478,24627914.0
2026-03-03 08:00:00,0.1477,0.1482,0.1444,0.1456,30077626.0
2026-03-03 12:00:00,0.1456,0.1488,0.1445,0.148,32163501.0
2026-03-03 16:00:00,0.148,0.1514,0.1466,0.1483,32509123.0
2026-03-03 20:00:00,0.1482,0.1494,0.1456,0.1478,20071515.0
2026-03-04 00:00:00,0.1478,0.1494,0.1466,0.1483,21742572.0
2026-03-04 04:00:00,0.1483,0.1501,0.1465,0.1496,15682141.0
2026-03-04 08:00:00,0.1497,0.1561,0.149,0.1515,52147668.0
2026-03-04 12:00:00,0.1515,0.1572,0.1498,0.1571,43144241.0
2026-03-04 16:00:00,0.1571,0.1589,0.1536,0.1579,38955151.0
2026-03-04 20:00:00,0.1578,0.158,0.1534,0.1552,23531363.0
2026-03-05 00:00:00,0.1551,0.1558,0.1531,0.1535,15663574.0
2026-03-05 04:00:00,0.1535,0.1548,0.1519,0.1526,14098389.0
2026-03-05 08:00:00,0.1526,0.157,0.1519,0.1554,33186740.0
2026-03-05 12:00:00,0.1555,0.1567,0.1524,0.1528,24651105.0
2026-03-05 16:00:00,0.1528,0.154,0.1494,0.1525,30317041.0
2026-03-05 20:00:00,0.1525,0.1548,0.1522,0.1525,14751664.0
2026-03-06 00:00:00,0.1526,0.1541,0.1514,0.1537,10684641.0
2026-03-06 04:00:00,0.1537,0.1538,0.1509,0.1528,15818380.0
2026-03-06 08:00:00,0.1528,0.1529,0.1493,0.1498,16639577.0
2026-03-06 12:00:00,0.1497,0.1501,0.1442,0.1454,46492391.0
2026-03-06 16:00:00,0.1454,0.1465,0.1436,0.1455,24040587.0
2026-03-06 20:00:00,0.1455,0.1461,0.1449,0.1457,13082753.0
2026-03-07 00:00:00,0.1456,0.1463,0.1448,0.145,9544477.0
2026-03-07 04:00:00,0.145,0.1455,0.1432,0.1441,14592198.0
2026-03-07 08:00:00,0.1441,0.1461,0.1441,0.1453,14516290.0
2026-03-07 12:00:00,0.1453,0.1461,0.1436,0.1442,18199592.0
2026-03-07 16:00:00,0.1441,0.1453,0.1425,0.1431,20841701.0
2026-03-07 20:00:00,0.1431,0.1437,0.1412,0.1429,16003331.0
2026-03-08 00:00:00,0.1428,0.1431,0.1397,0.1409,21528884.0
2026-03-08 04:00:00,0.1409,0.1422,0.1396,0.1418,13782290.0
2026-03-08 08:00:00,0.1418,0.1446,0.1409,0.1432,14725394.0
2026-03-08 12:00:00,0.1432,0.1441,0.141,0.1416,16232641.0
2026-03-08 16:00:00,0.1415,0.144,0.1408,0.1433,16281415.0
2026-03-08 20:00:00,0.1434,0.1442,0.1394,0.1409,23081038.0
2026-03-09 00:00:00,0.141,0.1449,0.1406,0.143,27291989.0
2026-03-09 04:00:00,0.143,0.1458,0.1417,0.1434,23020794.0
2026-03-09 08:00:00,0.1435,0.1448,0.1416,0.1426,23943312.0
2026-03-09 12:00:00,0.1427,0.1459,0.1426,0.1438,29158727.0
2026-03-09 16:00:00,0.1439,0.1466,0.1429,0.1443,29390463.0
2026-03-09 20:00:00,0.1443,0.1452,0.143,0.1434,15238356.0
2026-03-10 00:00:00,0.1435,0.1479,0.1429,0.1457,22545492.0
2026-03-10 04:00:00,0.1458,0.1474,0.1451,0.1471,24992487.0
2026-03-10 08:00:00,0.1471,0.1499,0.147,0.1487,25142248.0
2026-03-10 12:00:00,0.1486,0.1526,0.1463,0.1513,45806053.0
2026-03-10 16:00:00,0.1512,0.157,0.1501,0.1527,90857623.0
2026-03-10 20:00:00,0.1527,0.1546,0.1508,0.1543,33017633.0
2026-03-11 00:00:00,0.1543,0.1562,0.1536,0.1538,27987824.0
2026-03-11 04:00:00,0.1538,0.1598,0.1529,0.1586,46566392.0
2026-03-11 08:00:00,0.1585,0.164,0.1553,0.163,58297686.0
2026-03-11 12:00:00,0.163,0.1652,0.1583,0.159,55847503.0
2026-03-11 16:00:00,0.1589,0.1608,0.1564,0.1601,34594100.0
2026-03-11 20:00:00,0.1601,0.162,0.159,0.1603,19498980.0
2026-03-12 00:00:00,0.1604,0.1615,0.1582,0.1588,24411010.0
2026-03-12 04:00:00,0.1589,0.1598,0.1562,0.1577,18334527.0
2026-03-12 08:00:00,0.1576,0.161,0.1569,0.1599,21748005.0
2026-03-12 12:00:00,0.1598,0.1628,0.1577,0.1602,26108447.0
2026-03-12 16:00:00,0.1602,0.1648,0.1593,0.1633,31478571.0
2026-03-12 20:00:00,0.1633,0.1776,0.1629,0.177,66325206.0
2026-03-13 00:00:00,0.177,0.1899,0.1754,0.1886,146678317.0
2026-03-13 04:00:00,0.1886,0.1944,0.1775,0.1791,145377550.0
2026-03-13 08:00:00,0.179,0.1851,0.1772,0.1806,60980027.0
2026-03-13 12:00:00,0.1807,0.1845,0.1778,0.1791,64128114.0
2026-03-13 16:00:00,0.1792,0.1794,0.1731,0.1771,51921463.0
2026-03-13 20:00:00,0.1772,0.1794,0.1757,0.178,25566494.0
2026-03-14 00:00:00,0.178,0.183,0.1764,0.1821,30068530.0
2026-03-14 04:00:00,0.1822,0.1845,0.1777,0.1781,31884245.0
2026-03-14 08:00:00,0.1782,0.1794,0.1744,0.1746,19537205.0
2026-03-14 12:00:00,0.1746,0.177,0.1745,0.1755,15982353.0
2026-03-14 16:00:00,0.1755,0.1766,0.1726,0.1738,17109639.0
2026-03-14 20:00:00,0.1738,0.1794,0.1731,0.1786,21116996.0
2026-03-15 00:00:00,0.1786,0.1943,0.1777,0.1906,69356314.0
2026-03-15 04:00:00,0.1906,0.1933,0.1848,0.1854,39104633.0
2026-03-15 08:00:00,0.1855,0.192,0.1844,0.1907,42261262.0
2026-03-15 12:00:00,0.1906,0.2004,0.1904,0.1942,80106091.0
