timestamp,open,high,low,close,volume
2025-09-16 21:00:00,2.636,2.649,2.627,2.628,1676030.9
2025-09-16 21:15:00,2.628,2.64,2.622,2.625,933593.6
2025-09-16 21:30:00,2.625,2.64,2.613,2.613,1120458.3
2025-09-16 21:45:00,2.614,2.618,2.599,2.607,1045539.8
2025-09-16 22:00:00,2.607,2.61,2.593,2.597,1008984.3
2025-09-16 22:15:00,2.597,2.6,2.585,2.586,706059.2
2025-09-16 22:30:00,2.585,2.586,2.569,2.572,879364.7
2025-09-16 22:45:00,2.571,2.58,2.566,2.571,683374.5
2025-09-16 23:00:00,2.571,2.58,2.561,2.573,944496.5
2025-09-16 23:15:00,2.572,2.576,2.552,2.553,936126.6
2025-09-16 23:30:00,2.552,2.56,2.547,2.547,897103.6
2025-09-16 23:45:00,2.548,2.561,2.547,2.557,805425.7
2025-09-17 00:00:00,2.556,2.568,2.556,2.565,918725.4
2025-09-17 00:15:00,2.565,2.584,2.565,2.576,995842.5
2025-09-17 00:30:00,2.577,2.586,2.568,2.569,554183.6
2025-09-17 00:45:00,2.57,2.572,2.557,2.566,540183.8
2025-09-17 01:00:00,2.567,2.571,2.561,2.566,539264.1
2025-09-17 01:15:00,2.566,2.569,2.558,2.558,368096.8
2025-09-17 01:30:00,2.559,2.559,2.537,2.543,1237020.7
2025-09-17 01:45:00,2.543,2.547,2.537,2.546,443372.1
2025-09-17 02:00:00,2.546,2.553,2.545,2.551,542805.9
2025-09-17 02:15:00,2.551,2.554,2.544,2.551,261319.6
2025-09-17 02:30:00,2.552,2.557,2.546,2.556,557113.3
2025-09-17 02:45:00,2.557,2.558,2.547,2.548,295777.3
2025-09-17 03:00:00,2.549,2.559,2.546,2.557,641664.0
2025-09-17 03:15:00,2.558,2.569,2.557,2.561,1323593.8
2025-09-17 03:30:00,2.561,2.571,2.556,2.558,614619.7
2025-09-17 03:45:00,2.558,2.57,2.556,2.565,769746.9
2025-09-17 04:00:00,2.565,2.579,2.556,2.558,922452.7
2025-09-17 04:15:00,2.558,2.558,2.548,2.55,703624.4
2025-09-17 04:30:00,2.55,2.559,2.548,2.552,415161.2
2025-09-17 04:45:00,2.551,2.556,2.544,2.551,462353.3
2025-09-17 05:00:00,2.551,2.557,2.548,2.553,396386.5
2025-09-17 05:15:00,2.554,2.554,2.524,2.526,1310801.6
2025-09-17 05:30:00,2.526,2.538,2.526,2.536,445160.4
2025-09-17 05:45:00,2.537,2.552,2.528,2.548,706935.0
2025-09-17 06:00:00,2.548,2.553,2.541,2.549,602835.3
2025-09-17 06:15:00,2.55,2.557,2.544,2.554,361817.0
2025-09-17 06:30:00,2.554,2.556,2.548,2.554,348701.4
2025-09-17 06:45:00,2.555,2.561,2.55,2.56,254545.2
2025-09-17 07:00:00,2.56,2.56,2.549,2.55,277620.2
2025-09-17 07:15:00,2.551,2.553,2.542,2.546,288722.0
2025-09-17 07:30:00,2.546,2.548,2.538,2.539,472977.0
2025-09-17 07:45:00,2.539,2.546,2.539,2.542,307625.8
2025-09-17 08:00:00,2.542,2.544,2.528,2.528,673519.9
2025-09-17 08:15:00,2.529,2.534,2.526,2.529,822721.6
2025-09-17 08:30:00,2.529,2.535,2.516,2.522,3673165.2
2025-09-17 08:45:00,2.523,2.535,2.521,2.523,601009.3
2025-09-17 09:00:00,2.522,2.522,2.503,2.509,1129458.9
2025-09-17 09:15:00,2.509,2.512,2.497,2.505,1436899.4
2025-09-17 09:30:00,2.506,2.509,2.501,2.503,1046299.3
2025-09-17 09:45:00,2.503,2.505,2.495,2.496,605007.2
2025-09-17 10:00:00,2.497,2.506,2.495,2.501,489472.7
2025-09-17 10:15:00,2.502,2.504,2.475,2.482,2228849.5
2025-09-17 10:30:00,2.481,2.487,2.48,2.485,679448.1
2025-09-17 10:45:00,2.486,2.488,2.481,2.485,549666.4
2025-09-17 11:00:00,2.485,2.492,2.483,2.491,413988.4
2025-09-17 11:15:00,2.491,2.502,2.485,2.501,752118.8
2025-09-17 11:30:00,2.502,2.502,2.491,2.491,531908.9
2025-09-17 11:45:00,2.491,2.5,2.49,2.493,367371.0
2025-09-17 12:00:00,2.493,2.498,2.489,2.491,464802.9
2025-09-17 12:15:00,2.491,2.499,2.486,2.499,296521.1
2025-09-17 12:30:00,2.499,2.505,2.496,2.497,862540.5
2025-09-17 12:45:00,2.497,2.505,2.495,2.503,279136.7
2025-09-17 13:00:00,2.503,2.509,2.5,2.503,707480.3
2025-09-17 13:15:00,2.503,2.504,2.499,2.5,251073.0
2025-09-17 13:30:00,2.5,2.501,2.482,2.485,1014398.1
2025-09-17 13:45:00,2.485,2.498,2.482,2.488,760152.9
2025-09-17 14:00:00,2.488,2.492,2.483,2.487,455664.6
2025-09-17 14:15:00,2.487,2.49,2.465,2.471,1550543.0
2025-09-17 14:30:00,2.472,2.48,2.468,2.472,804415.7
2025-09-17 14:45:00,2.472,2.478,2.47,2.474,281500.8
2025-09-17 15:00:00,2.473,2.48,2.472,2.478,440104.5
2025-09-17 15:15:00,2.478,2.483,2.468,2.469,358851.8
2025-09-17 15:30:00,2.469,2.479,2.469,2.476,401030.5
2025-09-17 15:45:00,2.476,2.477,2.47,2.472,292445.6
2025-09-17 16:00:00,2.471,2.471,2.462,2.465,1068592.4
2025-09-17 16:15:00,2.464,2.476,2.454,2.475,845673.6
2025-09-17 16:30:00,2.475,2.483,2.471,2.482,546036.5
2025-09-17 16:45:00,2.483,2.498,2.481,2.495,569424.6
2025-09-17 17:00:00,2.495,2.498,2.481,2.483,768257.3
2025-09-17 17:15:00,2.483,2.488,2.479,2.484,259547.4
2025-09-17 17:30:00,2.484,2.517,2.481,2.5,1219236.0
2025-09-17 17:45:00,2.501,2.508,2.46,2.471,2288489.7
2025-09-17 18:00:00,2.469,2.521,2.462,2.489,5842458.8
2025-09-17 18:15:00,2.488,2.518,2.482,2.514,2195623.9
2025-09-17 18:30:00,2.515,2.516,2.481,2.484,1758480.4
2025-09-17 18:45:00,2.484,2.501,2.475,2.492,1504583.3
2025-09-17 19:00:00,2.492,2.523,2.49,2.51,1010010.6
2025-09-17 19:15:00,2.511,2.532,2.511,2.531,752123.8
2025-09-17 19:30:00,2.53,2.537,2.522,2.535,804145.5
2025-09-17 19:45:00,2.535,2.54,2.529,2.537,536622.4
2025-09-17 20:00:00,2.537,2.551,2.536,2.551,883795.0
2025-09-17 20:15:00,2.551,2.564,2.543,2.545,944381.5
2025-09-17 20:30:00,2.545,2.552,2.532,2.54,702690.9
2025-09-17 20:45:00,2.54,2.548,2.524,2.529,590757.4
2025-09-17 21:00:00,2.528,2.537,2.51,2.537,728916.4
2025-09-17 21:15:00,2.537,2.556,2.536,2.551,664349.1
2025-09-17 21:30:00,2.551,2.558,2.545,2.556,340786.3
2025-09-17 21:45:00,2.555,2.559,2.548,2.554,267659.8
2025-09-17 22:00:00,2.554,2.575,2.554,2.572,677844.5
2025-09-17 22:15:00,2.572,2.579,2.568,2.575,793614.6
2025-09-17 22:30:00,2.574,2.577,2.57,2.574,515576.6
2025-09-17 22:45:00,2.574,2.587,2.567,2.582,1073072.5
2025-09-17 23:00:00,2.581,2.588,2.581,2.583,633945.4
2025-09-17 23:15:00,2.584,2.584,2.566,2.574,757059.4
2025-09-17 23:30:00,2.574,2.58,2.562,2.566,601217.1
2025-09-17 23:45:00,2.566,2.572,2.565,2.569,393902.0
2025-09-18 00:00:00,2.57,2.574,2.563,2.57,646331.1
2025-09-18 00:15:00,2.57,2.573,2.555,2.557,592706.1
2025-09-18 00:30:00,2.556,2.56,2.553,2.557,544622.7
2025-09-18 00:45:00,2.557,2.561,2.552,2.559,676313.6
2025-09-18 01:00:00,2.559,2.57,2.558,2.569,439161.9
2025-09-18 01:15:00,2.569,2.57,2.562,2.562,261830.9
2025-09-18 01:30:00,2.562,2.574,2.56,2.568,901527.8
2025-09-18 01:45:00,2.569,2.573,2.563,2.567,355233.2
2025-09-18 02:00:00,2.567,2.568,2.56,2.564,343846.7
2025-09-18 02:15:00,2.565,2.568,2.555,2.558,398348.7
2025-09-18 02:30:00,2.558,2.562,2.555,2.558,297852.4
2025-09-18 02:45:00,2.559,2.569,2.558,2.568,242475.9
2025-09-18 03:00:00,2.568,2.584,2.562,2.583,779757.6
2025-09-18 03:15:00,2.583,2.588,2.578,2.581,574389.5
2025-09-18 03:30:00,2.581,2.584,2.576,2.579,422978.9
2025-09-18 03:45:00,2.579,2.585,2.579,2.581,356567.0
2025-09-18 04:00:00,2.582,2.585,2.577,2.578,352736.4
2025-09-18 04:15:00,2.578,2.58,2.567,2.568,402144.0
2025-09-18 04:30:00,2.569,2.578,2.567,2.578,285650.5
2025-09-18 04:45:00,2.579,2.581,2.575,2.58,383666.1
2025-09-18 05:00:00,2.581,2.581,2.57,2.572,391205.8
2025-09-18 05:15:00,2.573,2.576,2.568,2.569,185878.3
2025-09-18 05:30:00,2.569,2.571,2.562,2.567,509671.1
2025-09-18 05:45:00,2.567,2.569,2.561,2.568,254886.8
2025-09-18 06:00:00,2.569,2.57,2.549,2.552,743246.9
2025-09-18 06:15:00,2.552,2.556,2.542,2.545,1811489.7
2025-09-18 06:30:00,2.544,2.549,2.541,2.543,648124.6
2025-09-18 06:45:00,2.543,2.55,2.537,2.542,643958.0
2025-09-18 07:00:00,2.542,2.547,2.539,2.543,420257.5
2025-09-18 07:15:00,2.543,2.545,2.532,2.538,576792.2
2025-09-18 07:30:00,2.538,2.547,2.534,2.545,482856.1
2025-09-18 07:45:00,2.546,2.553,2.541,2.543,451363.4
2025-09-18 08:00:00,2.543,2.551,2.536,2.549,671403.9
2025-09-18 08:15:00,2.55,2.56,2.545,2.558,670498.1
2025-09-18 08:30:00,2.558,2.569,2.555,2.558,1049027.3
2025-09-18 08:45:00,2.557,2.563,2.553,2.561,559034.5
2025-09-18 09:00:00,2.562,2.566,2.556,2.558,852925.6
2025-09-18 09:15:00,2.559,2.566,2.558,2.559,323090.7
2025-09-18 09:30:00,2.558,2.56,2.549,2.551,528850.7
2025-09-18 09:45:00,2.55,2.553,2.547,2.55,342019.9
2025-09-18 10:00:00,2.55,2.553,2.537,2.54,712254.0
2025-09-18 10:15:00,2.539,2.541,2.529,2.53,659295.8
2025-09-18 10:30:00,2.529,2.538,2.529,2.536,395176.1
2025-09-18 10:45:00,2.536,2.54,2.531,2.534,217870.5
2025-09-18 11:00:00,2.533,2.537,2.529,2.532,563512.5
2025-09-18 11:15:00,2.532,2.539,2.532,2.538,237745.8
2025-09-18 11:30:00,2.538,2.543,2.533,2.536,236736.2
2025-09-18 11:45:00,2.536,2.537,2.531,2.537,186766.7
2025-09-18 12:00:00,2.537,2.545,2.531,2.544,456635.1
2025-09-18 12:15:00,2.545,2.554,2.542,2.552,489327.6
2025-09-18 12:30:00,2.552,2.554,2.542,2.548,727734.2
2025-09-18 12:45:00,2.547,2.548,2.542,2.544,520701.7
2025-09-18 13:00:00,2.544,2.551,2.538,2.55,309585.6
2025-09-18 13:15:00,2.551,2.555,2.546,2.549,520472.3
2025-09-18 13:30:00,2.549,2.562,2.541,2.543,1076249.0
2025-09-18 13:45:00,2.543,2.555,2.533,2.552,782025.3
2025-09-18 14:00:00,2.552,2.559,2.55,2.553,579832.7
2025-09-18 14:15:00,2.553,2.564,2.553,2.558,525796.1
2025-09-18 14:30:00,2.558,2.56,2.546,2.558,523140.3
2025-09-18 14:45:00,2.558,2.561,2.553,2.558,248838.5
2025-09-18 15:00:00,2.559,2.568,2.553,2.553,1169586.7
2025-09-18 15:15:00,2.554,2.562,2.552,2.552,288773.3
2025-09-18 15:30:00,2.553,2.561,2.551,2.556,261542.0
2025-09-18 15:45:00,2.556,2.562,2.556,2.558,322205.7
2025-09-18 16:00:00,2.558,2.563,2.553,2.561,1353439.0
2025-09-18 16:15:00,2.561,2.574,2.561,2.565,599482.8
2025-09-18 16:30:00,2.565,2.569,2.56,2.568,464276.4
2025-09-18 16:45:00,2.568,2.571,2.564,2.566,400112.1
2025-09-18 17:00:00,2.567,2.576,2.565,2.575,869420.8
2025-09-18 17:15:00,2.576,2.581,2.571,2.577,801972.7
2025-09-18 17:30:00,2.577,2.577,2.566,2.575,740267.1
2025-09-18 17:45:00,2.574,2.582,2.574,2.579,324415.7
2025-09-18 18:00:00,2.58,2.587,2.576,2.587,551300.3
2025-09-18 18:15:00,2.587,2.588,2.58,2.582,288846.9
2025-09-18 18:30:00,2.582,2.586,2.578,2.58,294518.7
2025-09-18 18:45:00,2.581,2.583,2.578,2.58,632878.5
2025-09-18 19:00:00,2.581,2.581,2.575,2.576,291314.0
2025-09-18 19:15:00,2.575,2.576,2.567,2.567,464303.8
2025-09-18 19:30:00,2.568,2.572,2.559,2.569,543011.6
2025-09-18 19:45:00,2.569,2.577,2.566,2.575,333428.1
2025-09-18 20:00:00,2.575,2.58,2.574,2.576,315074.5
2025-09-18 20:15:00,2.576,2.579,2.57,2.577,262915.2
2025-09-18 20:30:00,2.577,2.578,2.572,2.576,169568.6
2025-09-18 20:45:00,2.576,2.581,2.575,2.578,175932.9
2025-09-18 21:00:00,2.578,2.58,2.573,2.578,272839.7
2025-09-18 21:15:00,2.577,2.582,2.574,2.58,131365.3
2025-09-18 21:30:00,2.58,2.582,2.576,2.581,179879.3
2025-09-18 21:45:00,2.58,2.589,2.58,2.584,256586.0
2025-09-18 22:00:00,2.583,2.587,2.573,2.573,480279.0
2025-09-18 22:15:00,2.573,2.584,2.57,2.583,247269.9
2025-09-18 22:30:00,2.583,2.585,2.577,2.579,375209.9
2025-09-18 22:45:00,2.58,2.581,2.571,2.576,382005.9
2025-09-18 23:00:00,2.575,2.576,2.561,2.57,953656.2
2025-09-18 23:15:00,2.569,2.572,2.561,2.57,385493.2
2025-09-18 23:30:00,2.569,2.575,2.567,2.573,276362.1
2025-09-18 23:45:00,2.572,2.58,2.572,2.577,451216.2
2025-09-19 00:00:00,2.577,2.597,2.577,2.595,1212615.3
2025-09-19 00:15:00,2.596,2.603,2.592,2.596,605006.0
2025-09-19 00:30:00,2.597,2.608,2.596,2.603,923566.2
2025-09-19 00:45:00,2.603,2.612,2.601,2.61,658862.0
2025-09-19 01:00:00,2.611,2.613,2.597,2.601,789233.6
2025-09-19 01:15:00,2.601,2.608,2.596,2.603,432893.9
2025-09-19 01:30:00,2.603,2.608,2.593,2.596,738141.7
2025-09-19 01:45:00,2.596,2.6,2.591,2.595,726501.4
2025-09-19 02:00:00,2.595,2.604,2.591,2.594,501285.6
2025-09-19 02:15:00,2.594,2.596,2.576,2.58,1000415.9
2025-09-19 02:30:00,2.58,2.585,2.574,2.582,547757.0
2025-09-19 02:45:00,2.581,2.587,2.576,2.578,301060.6
2025-09-19 03:00:00,2.578,2.587,2.575,2.581,406095.2
2025-09-19 03:15:00,2.581,2.586,2.568,2.571,735584.1
2025-09-19 03:30:00,2.572,2.573,2.55,2.556,1420023.3
2025-09-19 03:45:00,2.556,2.559,2.547,2.557,793049.8
2025-09-19 04:00:00,2.557,2.558,2.53,2.532,2389048.4
2025-09-19 04:15:00,2.531,2.543,2.53,2.543,753580.9
2025-09-19 04:30:00,2.542,2.552,2.539,2.551,582673.3
2025-09-19 04:45:00,2.552,2.567,2.551,2.567,532670.1
2025-09-19 05:00:00,2.567,2.568,2.559,2.566,377990.5
2025-09-19 05:15:00,2.565,2.57,2.549,2.55,443363.4
2025-09-19 05:30:00,2.549,2.558,2.544,2.551,573497.1
2025-09-19 05:45:00,2.551,2.563,2.549,2.559,274800.7
2025-09-19 06:00:00,2.559,2.56,2.546,2.548,315950.4
2025-09-19 06:15:00,2.548,2.557,2.544,2.548,294849.8
2025-09-19 06:30:00,2.547,2.554,2.54,2.549,305286.5
2025-09-19 06:45:00,2.549,2.553,2.533,2.535,400272.7
2025-09-19 07:00:00,2.534,2.546,2.531,2.545,749845.2
2025-09-19 07:15:00,2.544,2.558,2.543,2.558,325070.5
2025-09-19 07:30:00,2.558,2.558,2.548,2.552,431419.4
2025-09-19 07:45:00,2.552,2.554,2.538,2.541,548393.6
2025-09-19 08:00:00,2.54,2.55,2.535,2.55,625744.5
2025-09-19 08:15:00,2.549,2.558,2.548,2.551,376932.2
2025-09-19 08:30:00,2.551,2.552,2.545,2.55,382830.0
2025-09-19 08:45:00,2.549,2.549,2.54,2.545,204206.2
2025-09-19 09:00:00,2.545,2.571,2.543,2.567,792460.7
2025-09-19 09:15:00,2.567,2.568,2.549,2.553,447545.3
2025-09-19 09:30:00,2.552,2.56,2.522,2.526,1549351.1
2025-09-19 09:45:00,2.526,2.535,2.513,2.533,1612681.7
2025-09-19 10:00:00,2.533,2.536,2.522,2.533,684373.7
2025-09-19 10:15:00,2.533,2.539,2.524,2.525,384678.8
2025-09-19 10:30:00,2.524,2.539,2.523,2.535,471763.6
2025-09-19 10:45:00,2.534,2.535,2.527,2.531,223795.2
2025-09-19 11:00:00,2.53,2.531,2.513,2.52,797345.9
2025-09-19 11:15:00,2.519,2.524,2.502,2.505,881046.9
2025-09-19 11:30:00,2.505,2.511,2.503,2.505,548760.2
2025-09-19 11:45:00,2.504,2.513,2.493,2.508,2238452.4
2025-09-19 12:00:00,2.507,2.52,2.506,2.519,457589.0
2025-09-19 12:15:00,2.519,2.522,2.504,2.506,551684.8
2025-09-19 12:30:00,2.505,2.515,2.503,2.511,229378.2
2025-09-19 12:45:00,2.511,2.514,2.509,2.509,139500.0
2025-09-19 13:00:00,2.509,2.518,2.506,2.513,314826.1
2025-09-19 13:15:00,2.513,2.524,2.509,2.518,265080.8
2025-09-19 13:30:00,2.518,2.529,2.508,2.519,463415.9
2025-09-19 13:45:00,2.519,2.529,2.516,2.519,491004.1
2025-09-19 14:00:00,2.518,2.523,2.515,2.519,262348.7
2025-09-19 14:15:00,2.52,2.522,2.508,2.511,641976.0
2025-09-19 14:30:00,2.511,2.518,2.502,2.505,412129.8
2025-09-19 14:45:00,2.504,2.507,2.483,2.498,2157076.9
2025-09-19 15:00:00,2.498,2.499,2.464,2.469,2822773.2
2025-09-19 15:15:00,2.47,2.484,2.463,2.482,1522146.7
2025-09-19 15:30:00,2.481,2.492,2.468,2.488,1482111.3
2025-09-19 15:45:00,2.488,2.492,2.48,2.49,524894.1
2025-09-19 16:00:00,2.49,2.501,2.488,2.498,1028643.1
2025-09-19 16:15:00,2.498,2.5,2.49,2.497,337773.8
2025-09-19 16:30:00,2.498,2.5,2.491,2.495,319172.4
2025-09-19 16:45:00,2.496,2.503,2.494,2.498,237619.6
2025-09-19 17:00:00,2.497,2.499,2.485,2.488,325770.1
2025-09-19 17:15:00,2.488,2.491,2.482,2.483,610151.7
2025-09-19 17:30:00,2.482,2.482,2.469,2.477,716679.4
2025-09-19 17:45:00,2.477,2.479,2.472,2.473,296144.0
2025-09-19 18:00:00,2.472,2.476,2.454,2.465,1344747.6
2025-09-19 18:15:00,2.465,2.471,2.461,2.467,348521.4
2025-09-19 18:30:00,2.467,2.476,2.465,2.474,344207.0
2025-09-19 18:45:00,2.474,2.477,2.462,2.467,254383.6
2025-09-19 19:00:00,2.466,2.475,2.466,2.469,312403.0
2025-09-19 19:15:00,2.469,2.478,2.469,2.476,198011.4
2025-09-19 19:30:00,2.475,2.476,2.466,2.468,315236.0
2025-09-19 19:45:00,2.467,2.471,2.461,2.463,488948.4
2025-09-19 20:00:00,2.462,2.471,2.461,2.467,314919.4
2025-09-19 20:15:00,2.467,2.474,2.464,2.472,345515.4
2025-09-19 20:30:00,2.472,2.473,2.468,2.47,269625.0
2025-09-19 20:45:00,2.47,2.471,2.459,2.46,348274.8
2025-09-19 21:00:00,2.459,2.464,2.451,2.463,978967.3
2025-09-19 21:15:00,2.463,2.472,2.46,2.467,766301.3
2025-09-19 21:30:00,2.467,2.478,2.464,2.472,575591.0
2025-09-19 21:45:00,2.472,2.474,2.468,2.474,283781.6
2025-09-19 22:00:00,2.473,2.478,2.473,2.477,147836.9
2025-09-19 22:15:00,2.478,2.48,2.47,2.472,165566.5
2025-09-19 22:30:00,2.472,2.474,2.466,2.466,241574.8
2025-09-19 22:45:00,2.466,2.471,2.466,2.466,164360.5
2025-09-19 23:00:00,2.466,2.469,2.45,2.451,718702.2
2025-09-19 23:15:00,2.451,2.456,2.426,2.428,2738629.3
2025-09-19 23:30:00,2.428,2.436,2.425,2.433,738060.4
2025-09-19 23:45:00,2.432,2.447,2.432,2.445,664051.2
2025-09-20 00:00:00,2.446,2.451,2.442,2.45,483731.6
2025-09-20 00:15:00,2.449,2.451,2.437,2.441,460326.3
2025-09-20 00:30:00,2.44,2.455,2.44,2.454,395570.9
2025-09-20 00:45:00,2.453,2.464,2.453,2.462,349383.4
2025-09-20 01:00:00,2.462,2.462,2.451,2.452,457009.8
2025-09-20 01:15:00,2.451,2.462,2.451,2.461,179332.3
2025-09-20 01:30:00,2.461,2.462,2.448,2.457,330711.8
2025-09-20 01:45:00,2.456,2.46,2.454,2.454,172049.6
2025-09-20 02:00:00,2.453,2.453,2.433,2.435,826630.7
2025-09-20 02:15:00,2.434,2.45,2.43,2.447,558550.2
2025-09-20 02:30:00,2.447,2.458,2.44,2.457,349739.6
2025-09-20 02:45:00,2.457,2.459,2.453,2.459,263364.5
2025-09-20 03:00:00,2.458,2.458,2.446,2.45,286979.3
2025-09-20 03:15:00,2.449,2.451,2.443,2.446,200911.2
2025-09-20 03:30:00,2.445,2.456,2.445,2.455,255614.3
2025-09-20 03:45:00,2.454,2.457,2.451,2.453,117294.2
2025-09-20 04:00:00,2.452,2.456,2.447,2.452,220297.9
2025-09-20 04:15:00,2.452,2.456,2.449,2.452,149421.0
2025-09-20 04:30:00,2.452,2.46,2.45,2.46,322752.1
2025-09-20 04:45:00,2.459,2.46,2.453,2.459,290619.1
2025-09-20 05:00:00,2.46,2.463,2.457,2.459,236838.6
2025-09-20 05:15:00,2.459,2.467,2.458,2.464,215160.1
2025-09-20 05:30:00,2.465,2.471,2.462,2.467,435549.2
2025-09-20 05:45:00,2.468,2.471,2.466,2.468,152070.3
2025-09-20 06:00:00,2.468,2.469,2.457,2.46,385659.5
2025-09-20 06:15:00,2.461,2.467,2.461,2.465,158375.0
2025-09-20 06:30:00,2.466,2.471,2.466,2.466,215035.8
2025-09-20 06:45:00,2.466,2.468,2.464,2.465,170195.1
2025-09-20 07:00:00,2.465,2.47,2.464,2.464,211803.6
2025-09-20 07:15:00,2.465,2.468,2.462,2.462,185931.6
2025-09-20 07:30:00,2.462,2.47,2.46,2.47,170890.3
2025-09-20 07:45:00,2.47,2.475,2.467,2.474,242077.3
2025-09-20 08:00:00,2.474,2.474,2.466,2.468,356438.0
2025-09-20 08:15:00,2.469,2.471,2.463,2.463,177290.4
2025-09-20 08:30:00,2.463,2.469,2.463,2.466,235110.3
2025-09-20 08:45:00,2.466,2.466,2.452,2.453,495699.8
2025-09-20 09:00:00,2.454,2.459,2.451,2.457,254497.4
2025-09-20 09:15:00,2.458,2.459,2.451,2.452,268258.1
2025-09-20 09:30:00,2.451,2.452,2.437,2.447,782251.6
2025-09-20 09:45:00,2.446,2.448,2.442,2.444,202310.0
2025-09-20 10:00:00,2.444,2.451,2.442,2.45,260903.1
2025-09-20 10:15:00,2.449,2.451,2.443,2.444,181012.6
2025-09-20 10:30:00,2.443,2.444,2.438,2.441,316540.5
2025-09-20 10:45:00,2.441,2.444,2.433,2.435,315449.3
2025-09-20 11:00:00,2.434,2.449,2.434,2.444,424508.8
2025-09-20 11:15:00,2.443,2.445,2.43,2.434,408606.5
2025-09-20 11:30:00,2.434,2.441,2.433,2.44,174780.6
2025-09-20 11:45:00,2.44,2.45,2.439,2.449,278190.4
2025-09-20 12:00:00,2.448,2.449,2.441,2.445,275068.9
2025-09-20 12:15:00,2.445,2.449,2.441,2.443,137357.0
2025-09-20 12:30:00,2.442,2.447,2.439,2.441,214581.8
2025-09-20 12:45:00,2.441,2.446,2.438,2.445,194070.9
2025-09-20 13:00:00,2.444,2.444,2.43,2.437,1190787.1
2025-09-20 13:15:00,2.436,2.447,2.434,2.445,234948.9
2025-09-20 13:30:00,2.444,2.449,2.441,2.444,266303.8
2025-09-20 13:45:00,2.443,2.447,2.439,2.44,179072.3
2025-09-20 14:00:00,2.44,2.44,2.426,2.432,617898.1
2025-09-20 14:15:00,2.431,2.44,2.43,2.439,251610.8
2025-09-20 14:30:00,2.439,2.446,2.437,2.446,193908.4
2025-09-20 14:45:00,2.445,2.463,2.444,2.46,726863.2
2025-09-20 15:00:00,2.46,2.478,2.46,2.474,700075.0
2025-09-20 15:15:00,2.475,2.478,2.468,2.473,518706.3
2025-09-20 15:30:00,2.474,2.475,2.464,2.469,432540.0
2025-09-20 15:45:00,2.47,2.471,2.464,2.468,374616.6
2025-09-20 16:00:00,2.468,2.473,2.466,2.466,434832.6
2025-09-20 16:15:00,2.467,2.468,2.457,2.461,343065.1
2025-09-20 16:30:00,2.461,2.473,2.457,2.469,296464.4
2025-09-20 16:45:00,2.468,2.47,2.464,2.468,210988.1
2025-09-20 17:00:00,2.469,2.471,2.458,2.46,290773.0
2025-09-20 17:15:00,2.46,2.464,2.453,2.461,318335.0
2025-09-20 17:30:00,2.461,2.465,2.458,2.461,173924.5
2025-09-20 17:45:00,2.462,2.462,2.455,2.455,141840.4
2025-09-20 18:00:00,2.456,2.456,2.444,2.448,819355.6
2025-09-20 18:15:00,2.448,2.453,2.446,2.452,255631.3
2025-09-20 18:30:00,2.452,2.452,2.439,2.442,318092.9
2025-09-20 18:45:00,2.442,2.444,2.437,2.442,187356.2
2025-09-20 19:00:00,2.442,2.446,2.438,2.445,182091.5
2025-09-20 19:15:00,2.445,2.453,2.445,2.451,195871.5
2025-09-20 19:30:00,2.452,2.453,2.443,2.444,143185.4
2025-09-20 19:45:00,2.444,2.447,2.441,2.446,128726.2
2025-09-20 20:00:00,2.446,2.451,2.443,2.447,149995.3
2025-09-20 20:15:00,2.447,2.452,2.446,2.451,106814.2
2025-09-20 20:30:00,2.451,2.456,2.45,2.453,207171.9
2025-09-20 20:45:00,2.453,2.457,2.451,2.453,93898.1
2025-09-20 21:00:00,2.453,2.459,2.45,2.458,157568.1
2025-09-20 21:15:00,2.459,2.459,2.454,2.457,90346.0
2025-09-20 21:30:00,2.457,2.461,2.454,2.46,174119.4
2025-09-20 21:45:00,2.46,2.46,2.449,2.451,310867.6
2025-09-20 22:00:00,2.452,2.455,2.45,2.454,188291.0
2025-09-20 22:15:00,2.455,2.456,2.45,2.451,198047.6
2025-09-20 22:30:00,2.451,2.453,2.444,2.448,149184.4
2025-09-20 22:45:00,2.448,2.453,2.448,2.45,65821.5
2025-09-20 23:00:00,2.45,2.451,2.442,2.444,163577.0
2025-09-20 23:15:00,2.443,2.445,2.438,2.441,195790.4
2025-09-20 23:30:00,2.441,2.443,2.438,2.44,194412.6
2025-09-20 23:45:00,2.439,2.445,2.438,2.443,83376.6
2025-09-21 00:00:00,2.442,2.445,2.44,2.444,289487.3
2025-09-21 00:15:00,2.443,2.445,2.439,2.441,148820.5
2025-09-21 00:30:00,2.44,2.451,2.438,2.449,256658.2
2025-09-21 00:45:00,2.449,2.455,2.445,2.446,182494.5
2025-09-21 01:00:00,2.447,2.451,2.437,2.437,613314.2
2025-09-21 01:15:00,2.438,2.446,2.437,2.442,270784.1
2025-09-21 01:30:00,2.443,2.443,2.432,2.435,329908.5
2025-09-21 01:45:00,2.436,2.439,2.432,2.436,174381.9
2025-09-21 02:00:00,2.437,2.444,2.434,2.443,285692.3
2025-09-21 02:15:00,2.442,2.446,2.421,2.436,1095639.6
2025-09-21 02:30:00,2.435,2.444,2.432,2.441,305957.6
2025-09-21 02:45:00,2.44,2.446,2.44,2.446,146442.4
2025-09-21 03:00:00,2.445,2.446,2.439,2.444,338859.1
2025-09-21 03:15:00,2.444,2.448,2.44,2.445,405660.9
2025-09-21 03:30:00,2.445,2.447,2.441,2.444,244782.1
2025-09-21 03:45:00,2.443,2.45,2.442,2.45,165139.2
2025-09-21 04:00:00,2.449,2.45,2.441,2.443,301882.1
2025-09-21 04:15:00,2.442,2.449,2.442,2.444,154925.0
2025-09-21 04:30:00,2.443,2.45,2.442,2.447,120962.3
2025-09-21 04:45:00,2.447,2.45,2.443,2.45,83041.4
2025-09-21 05:00:00,2.45,2.453,2.444,2.446,279290.4
2025-09-21 05:15:00,2.445,2.451,2.445,2.449,159048.3
2025-09-21 05:30:00,2.449,2.453,2.446,2.452,155733.6
2025-09-21 05:45:00,2.453,2.464,2.452,2.463,344857.8
2025-09-21 06:00:00,2.464,2.474,2.464,2.47,941670.3
2025-09-21 06:15:00,2.471,2.473,2.466,2.469,337371.3
2025-09-21 06:30:00,2.47,2.471,2.464,2.469,275468.3
2025-09-21 06:45:00,2.469,2.47,2.464,2.464,360348.9
2025-09-21 07:00:00,2.465,2.468,2.459,2.467,262835.0
2025-09-21 07:15:00,2.467,2.472,2.461,2.47,445631.1
2025-09-21 07:30:00,2.47,2.473,2.468,2.468,276822.1
2025-09-21 07:45:00,2.468,2.47,2.462,2.464,224393.0
2025-09-21 08:00:00,2.464,2.467,2.456,2.457,278921.1
2025-09-21 08:15:00,2.457,2.458,2.45,2.45,269802.3
2025-09-21 08:30:00,2.45,2.455,2.448,2.452,380895.0
2025-09-21 08:45:00,2.452,2.456,2.451,2.452,238195.2
2025-09-21 09:00:00,2.453,2.455,2.442,2.442,507305.1
2025-09-21 09:15:00,2.442,2.443,2.421,2.423,1633868.5
2025-09-21 09:30:00,2.422,2.429,2.408,2.427,1868225.1
2025-09-21 09:45:00,2.427,2.433,2.421,2.429,460541.9
2025-09-21 10:00:00,2.429,2.436,2.427,2.432,251296.2
2025-09-21 10:15:00,2.433,2.433,2.425,2.431,270668.9
2025-09-21 10:30:00,2.431,2.435,2.427,2.428,206637.1
2025-09-21 10:45:00,2.428,2.429,2.42,2.42,418930.6
2025-09-21 11:00:00,2.421,2.434,2.417,2.432,455219.1
2025-09-21 11:15:00,2.432,2.432,2.426,2.427,172152.1
2025-09-21 11:30:00,2.428,2.432,2.425,2.428,274019.0
2025-09-21 11:45:00,2.428,2.43,2.421,2.425,266989.0
2025-09-21 12:00:00,2.426,2.436,2.424,2.434,294652.9
2025-09-21 12:15:00,2.435,2.443,2.433,2.437,194033.2
2025-09-21 12:30:00,2.437,2.442,2.433,2.434,288927.0
2025-09-21 12:45:00,2.434,2.437,2.428,2.431,570234.5
2025-09-21 13:00:00,2.432,2.438,2.431,2.434,204872.0
2025-09-21 13:15:00,2.434,2.437,2.431,2.435,116778.6
2025-09-21 13:30:00,2.436,2.441,2.428,2.431,349487.5
2025-09-21 13:45:00,2.431,2.439,2.429,2.435,462695.0
2025-09-21 14:00:00,2.436,2.439,2.431,2.436,213343.1
2025-09-21 14:15:00,2.437,2.439,2.432,2.432,114827.7
2025-09-21 14:30:00,2.432,2.435,2.425,2.435,256910.7
2025-09-21 14:45:00,2.434,2.439,2.423,2.424,420500.2
2025-09-21 15:00:00,2.425,2.431,2.422,2.43,554667.9
2025-09-21 15:15:00,2.431,2.435,2.421,2.421,152571.2
2025-09-21 15:30:00,2.422,2.426,2.415,2.425,458620.1
2025-09-21 15:45:00,2.425,2.429,2.416,2.419,281335.2
2025-09-21 16:00:00,2.419,2.426,2.418,2.422,301266.2
2025-09-21 16:15:00,2.422,2.426,2.405,2.415,1484896.1
2025-09-21 16:30:00,2.415,2.417,2.396,2.401,1586058.3
2025-09-21 16:45:00,2.4,2.411,2.396,2.408,431791.4
2025-09-21 17:00:00,2.408,2.412,2.395,2.4,539727.8
2025-09-21 17:15:00,2.399,2.402,2.389,2.398,741868.1
2025-09-21 17:30:00,2.398,2.406,2.392,2.406,375698.4
2025-09-21 17:45:00,2.405,2.422,2.403,2.42,514801.7
2025-09-21 18:00:00,2.421,2.426,2.419,2.419,472914.2
2025-09-21 18:15:00,2.42,2.424,2.413,2.414,213660.7
2025-09-21 18:30:00,2.415,2.423,2.413,2.421,226382.9
2025-09-21 18:45:00,2.422,2.427,2.419,2.427,333657.5
2025-09-21 19:00:00,2.427,2.427,2.404,2.411,572657.3
2025-09-21 19:15:00,2.411,2.416,2.404,2.416,284511.2
2025-09-21 19:30:00,2.416,2.417,2.41,2.414,136080.4
2025-09-21 19:45:00,2.414,2.42,2.412,2.419,175610.3
2025-09-21 20:00:00,2.419,2.419,2.407,2.411,398698.7
2025-09-21 20:15:00,2.411,2.42,2.408,2.419,150074.1
2025-09-21 20:30:00,2.418,2.418,2.406,2.407,236215.2
2025-09-21 20:45:00,2.406,2.412,2.406,2.41,142378.9
2025-09-21 21:00:00,2.409,2.414,2.408,2.414,249808.5
2025-09-21 21:15:00,2.414,2.414,2.404,2.405,217415.0
2025-09-21 21:30:00,2.405,2.416,2.403,2.416,232859.1
2025-09-21 21:45:00,2.416,2.416,2.408,2.409,95590.4
2025-09-21 22:00:00,2.409,2.413,2.395,2.399,612765.4
2025-09-21 22:15:00,2.398,2.407,2.395,2.405,280516.6
2025-09-21 22:30:00,2.405,2.412,2.4,2.412,116126.0
2025-09-21 22:45:00,2.412,2.42,2.41,2.417,153550.0
2025-09-21 23:00:00,2.417,2.418,2.396,2.401,588864.9
2025-09-21 23:15:00,2.401,2.403,2.396,2.402,249173.9
2025-09-21 23:30:00,2.401,2.403,2.395,2.399,236809.3
2025-09-21 23:45:00,2.399,2.401,2.394,2.395,146596.7
2025-09-22 00:00:00,2.395,2.41,2.392,2.399,593499.7
2025-09-22 00:15:00,2.398,2.404,2.375,2.385,1857485.1
2025-09-22 00:30:00,2.385,2.385,2.33,2.349,7760752.7
2025-09-22 00:45:00,2.348,2.353,2.325,2.34,2708706.6
2025-09-22 01:00:00,2.34,2.351,2.329,2.338,1627703.7
2025-09-22 01:15:00,2.338,2.356,2.332,2.355,1829870.2
2025-09-22 01:30:00,2.354,2.361,2.352,2.356,711055.9
2025-09-22 01:45:00,2.356,2.358,2.343,2.345,893567.1
2025-09-22 02:00:00,2.345,2.356,2.336,2.35,1566708.6
2025-09-22 02:15:00,2.35,2.353,2.332,2.342,1272547.5
2025-09-22 02:30:00,2.342,2.343,2.301,2.33,4601564.2
2025-09-22 02:45:00,2.331,2.343,2.327,2.335,2786473.3
2025-09-22 03:00:00,2.335,2.351,2.333,2.338,1550020.8
2025-09-22 03:15:00,2.339,2.349,2.338,2.347,589118.9
2025-09-22 03:30:00,2.347,2.347,2.335,2.341,518147.1
2025-09-22 03:45:00,2.341,2.347,2.339,2.342,427675.9
2025-09-22 04:00:00,2.341,2.346,2.334,2.34,834102.2
2025-09-22 04:15:00,2.339,2.349,2.336,2.348,539038.3
2025-09-22 04:30:00,2.348,2.351,2.345,2.347,333651.3
2025-09-22 04:45:00,2.347,2.349,2.34,2.341,256326.3
2025-09-22 05:00:00,2.341,2.343,2.336,2.341,460885.2
2025-09-22 05:15:00,2.341,2.344,2.337,2.337,674437.4
2025-09-22 05:30:00,2.337,2.337,2.323,2.324,507613.1
2025-09-22 05:45:00,2.323,2.332,2.297,2.297,1405923.3
2025-09-22 06:00:00,2.297,2.302,2.155,2.249,15323443.7
2025-09-22 06:15:00,2.249,2.268,2.242,2.26,3681628.4
2025-09-22 06:30:00,2.26,2.269,2.252,2.268,1459822.3
2025-09-22 06:45:00,2.268,2.272,2.262,2.268,868430.5
2025-09-22 07:00:00,2.267,2.269,2.26,2.263,1086681.5
2025-09-22 07:15:00,2.262,2.276,2.262,2.274,1358438.2
2025-09-22 07:30:00,2.274,2.279,2.263,2.267,1314870.5
2025-09-22 07:45:00,2.267,2.272,2.258,2.26,1312712.0
2025-09-22 08:00:00,2.259,2.264,2.237,2.257,2643102.7
2025-09-22 08:15:00,2.257,2.262,2.247,2.262,907030.0
2025-09-22 08:30:00,2.261,2.268,2.257,2.264,546687.7
2025-09-22 08:45:00,2.263,2.269,2.258,2.261,380303.6
2025-09-22 09:00:00,2.26,2.265,2.254,2.261,444952.5
2025-09-22 09:15:00,2.26,2.264,2.254,2.256,479034.5
2025-09-22 09:30:00,2.256,2.259,2.244,2.25,697557.2
2025-09-22 09:45:00,2.249,2.252,2.236,2.243,1140670.0
2025-09-22 10:00:00,2.243,2.259,2.24,2.254,566737.4
2025-09-22 10:15:00,2.253,2.262,2.252,2.26,467058.8
2025-09-22 10:30:00,2.259,2.259,2.247,2.252,391745.0
2025-09-22 10:45:00,2.252,2.266,2.251,2.264,495525.7
2025-09-22 11:00:00,2.264,2.267,2.26,2.261,434261.3
2025-09-22 11:15:00,2.261,2.262,2.254,2.257,392276.2
2025-09-22 11:30:00,2.256,2.257,2.248,2.252,329913.7
2025-09-22 11:45:00,2.252,2.256,2.247,2.252,350315.3
2025-09-22 12:00:00,2.252,2.255,2.244,2.252,576253.5
2025-09-22 12:15:00,2.251,2.264,2.251,2.261,549913.8
2025-09-22 12:30:00,2.26,2.261,2.244,2.246,1610554.1
2025-09-22 12:45:00,2.245,2.26,2.245,2.257,627380.4
2025-09-22 13:00:00,2.256,2.266,2.253,2.265,401385.6
2025-09-22 13:15:00,2.266,2.266,2.253,2.256,649037.2
2025-09-22 13:30:00,2.257,2.259,2.248,2.254,414700.8
2025-09-22 13:45:00,2.254,2.269,2.249,2.268,553487.7
2025-09-22 14:00:00,2.268,2.271,2.257,2.257,555039.6
2025-09-22 14:15:00,2.258,2.269,2.257,2.269,503543.6
2025-09-22 14:30:00,2.269,2.271,2.254,2.254,553928.4
2025-09-22 14:45:00,2.255,2.256,2.242,2.247,511672.8
2025-09-22 15:00:00,2.247,2.251,2.237,2.242,711432.0
2025-09-22 15:15:00,2.243,2.245,2.234,2.244,473121.7
2025-09-22 15:30:00,2.244,2.245,2.234,2.235,482963.2
2025-09-22 15:45:00,2.235,2.245,2.232,2.236,607931.1
2025-09-22 16:00:00,2.237,2.25,2.235,2.246,685097.1
2025-09-22 16:15:00,2.247,2.251,2.241,2.243,538809.7
2025-09-22 16:30:00,2.244,2.245,2.233,2.234,394989.8
2025-09-22 16:45:00,2.234,2.241,2.23,2.239,405170.4
2025-09-22 17:00:00,2.239,2.242,2.225,2.234,831824.0
2025-09-22 17:15:00,2.235,2.246,2.228,2.243,464570.3
2025-09-22 17:30:00,2.244,2.247,2.238,2.244,428240.5
2025-09-22 17:45:00,2.245,2.249,2.244,2.245,360517.1
2025-09-22 18:00:00,2.246,2.248,2.243,2.245,374065.5
2025-09-22 18:15:00,2.246,2.252,2.242,2.247,436858.5
2025-09-22 18:30:00,2.247,2.252,2.243,2.243,187712.6
2025-09-22 18:45:00,2.244,2.246,2.238,2.238,300908.5
2025-09-22 19:00:00,2.239,2.242,2.237,2.24,246716.2
2025-09-22 19:15:00,2.239,2.244,2.234,2.236,195384.3
2025-09-22 19:30:00,2.235,2.236,2.219,2.23,1166635.6
2025-09-22 19:45:00,2.229,2.23,2.22,2.227,615374.6
2025-09-22 20:00:00,2.227,2.236,2.223,2.235,464512.2
2025-09-22 20:15:00,2.234,2.237,2.229,2.234,167281.7
2025-09-22 20:30:00,2.233,2.247,2.233,2.245,478292.9
2025-09-22 20:45:00,2.245,2.249,2.24,2.246,320607.9
2025-09-22 21:00:00,2.246,2.247,2.24,2.241,245789.6
2025-09-22 21:15:00,2.241,2.252,2.241,2.249,169600.7
2025-09-22 21:30:00,2.25,2.259,2.247,2.257,184243.7
2025-09-22 21:45:00,2.257,2.26,2.252,2.256,278871.4
2025-09-22 22:00:00,2.257,2.257,2.251,2.253,292676.3
2025-09-22 22:15:00,2.253,2.256,2.25,2.251,550684.5
2025-09-22 22:30:00,2.252,2.255,2.251,2.253,155984.3
2025-09-22 22:45:00,2.253,2.257,2.251,2.254,136171.9
2025-09-22 23:00:00,2.254,2.259,2.253,2.257,205216.5
2025-09-22 23:15:00,2.258,2.264,2.257,2.26,179033.7
2025-09-22 23:30:00,2.26,2.264,2.259,2.262,200598.1
2025-09-22 23:45:00,2.263,2.264,2.257,2.259,584677.9
2025-09-23 00:00:00,2.259,2.263,2.255,2.259,414916.6
2025-09-23 00:15:00,2.259,2.266,2.259,2.264,370411.8
2025-09-23 00:30:00,2.265,2.268,2.253,2.254,260146.0
2025-09-23 00:45:00,2.255,2.256,2.251,2.252,220926.0
2025-09-23 01:00:00,2.252,2.254,2.241,2.244,926426.7
2025-09-23 01:15:00,2.243,2.259,2.242,2.258,287963.9
2025-09-23 01:30:00,2.259,2.259,2.244,2.248,214694.7
2025-09-23 01:45:00,2.247,2.253,2.237,2.238,341563.1
2025-09-23 02:00:00,2.238,2.25,2.237,2.245,351388.9
2025-09-23 02:15:00,2.245,2.245,2.234,2.235,311101.3
2025-09-23 02:30:00,2.235,2.239,2.231,2.235,340487.3
2025-09-23 02:45:00,2.235,2.238,2.224,2.229,514066.4
2025-09-23 03:00:00,2.229,2.235,2.21,2.234,2314861.9
2025-09-23 03:15:00,2.233,2.254,2.233,2.25,909391.0
2025-09-23 03:30:00,2.25,2.262,2.25,2.255,788510.7
2025-09-23 03:45:00,2.255,2.261,2.253,2.254,295198.6
2025-09-23 04:00:00,2.255,2.262,2.246,2.249,866226.8
2025-09-23 04:15:00,2.248,2.251,2.242,2.244,294424.5
2025-09-23 04:30:00,2.244,2.248,2.236,2.245,471720.4
2025-09-23 04:45:00,2.245,2.248,2.241,2.245,270002.6
2025-09-23 05:00:00,2.245,2.249,2.237,2.247,501115.0
2025-09-23 05:15:00,2.248,2.25,2.24,2.247,273517.6
2025-09-23 05:30:00,2.248,2.253,2.247,2.25,282285.3
2025-09-23 05:45:00,2.25,2.251,2.242,2.243,307338.0
2025-09-23 06:00:00,2.243,2.253,2.241,2.249,341890.6
2025-09-23 06:15:00,2.25,2.257,2.248,2.256,388818.2
2025-09-23 06:30:00,2.256,2.271,2.256,2.265,1292039.1
2025-09-23 06:45:00,2.265,2.269,2.261,2.267,415097.9
2025-09-23 07:00:00,2.267,2.269,2.26,2.263,332036.2
2025-09-23 07:15:00,2.264,2.271,2.261,2.261,395931.1
2025-09-23 07:30:00,2.261,2.265,2.258,2.259,357994.4
2025-09-23 07:45:00,2.259,2.263,2.257,2.257,283298.3
2025-09-23 08:00:00,2.258,2.267,2.257,2.263,458598.8
2025-09-23 08:15:00,2.264,2.271,2.262,2.267,372368.9
2025-09-23 08:30:00,2.268,2.269,2.257,2.267,439475.6
2025-09-23 08:45:00,2.267,2.269,2.263,2.266,185016.5
2025-09-23 09:00:00,2.266,2.275,2.262,2.272,401038.1
2025-09-23 09:15:00,2.273,2.273,2.263,2.266,371783.5
2025-09-23 09:30:00,2.267,2.27,2.261,2.266,422471.3
2025-09-23 09:45:00,2.266,2.267,2.257,2.266,1120151.4
2025-09-23 10:00:00,2.265,2.267,2.261,2.266,698739.8
2025-09-23 10:15:00,2.266,2.272,2.257,2.264,884551.7
2025-09-23 10:30:00,2.263,2.272,2.261,2.268,312421.9
2025-09-23 10:45:00,2.269,2.283,2.268,2.277,1000963.9
2025-09-23 11:00:00,2.278,2.278,2.268,2.27,296596.3
2025-09-23 11:15:00,2.27,2.273,2.267,2.27,259013.0
2025-09-23 11:30:00,2.269,2.273,2.267,2.272,243498.4
2025-09-23 11:45:00,2.272,2.274,2.269,2.27,173057.1
2025-09-23 12:00:00,2.271,2.277,2.267,2.276,269213.9
2025-09-23 12:15:00,2.277,2.28,2.27,2.271,255558.7
2025-09-23 12:30:00,2.271,2.277,2.268,2.276,374236.1
2025-09-23 12:45:00,2.277,2.28,2.27,2.272,216092.8
2025-09-23 13:00:00,2.272,2.273,2.267,2.27,204114.5
2025-09-23 13:15:00,2.27,2.272,2.266,2.27,220196.3
2025-09-23 13:30:00,2.27,2.277,2.261,2.266,477376.7
2025-09-23 13:45:00,2.267,2.271,2.262,2.267,340028.2
2025-09-23 14:00:00,2.268,2.286,2.266,2.282,599522.4
2025-09-23 14:15:00,2.283,2.285,2.271,2.277,531005.7
2025-09-23 14:30:00,2.278,2.279,2.263,2.274,501725.0
2025-09-23 14:45:00,2.274,2.274,2.265,2.267,254858.3
2025-09-23 15:00:00,2.266,2.274,2.252,2.27,1124476.0
2025-09-23 15:15:00,2.27,2.278,2.262,2.275,393015.8
2025-09-23 15:30:00,2.275,2.28,2.27,2.271,310704.3
2025-09-23 15:45:00,2.27,2.275,2.267,2.27,191380.3
2025-09-23 16:00:00,2.271,2.274,2.256,2.263,443660.8
2025-09-23 16:15:00,2.264,2.274,2.26,2.268,342548.2
2025-09-23 16:30:00,2.268,2.27,2.255,2.259,668048.4
2025-09-23 16:45:00,2.26,2.282,2.259,2.272,546962.6
2025-09-23 17:00:00,2.272,2.274,2.262,2.263,295707.2
2025-09-23 17:15:00,2.264,2.268,2.258,2.258,216531.5
2025-09-23 17:30:00,2.258,2.262,2.239,2.243,1981876.1
2025-09-23 17:45:00,2.243,2.253,2.241,2.244,460688.6
2025-09-23 18:00:00,2.244,2.252,2.241,2.25,499474.5
2025-09-23 18:15:00,2.25,2.252,2.241,2.246,491137.5
2025-09-23 18:30:00,2.247,2.251,2.237,2.238,402901.4
2025-09-23 18:45:00,2.239,2.24,2.232,2.237,526100.2
2025-09-23 19:00:00,2.238,2.251,2.238,2.247,363005.1
2025-09-23 19:15:00,2.247,2.254,2.241,2.244,220646.0
2025-09-23 19:30:00,2.244,2.245,2.235,2.236,412759.7
2025-09-23 19:45:00,2.236,2.236,2.227,2.232,596588.6
2025-09-23 20:00:00,2.232,2.246,2.23,2.242,687158.7
2025-09-23 20:15:00,2.241,2.243,2.233,2.235,831662.1
2025-09-23 20:30:00,2.234,2.245,2.23,2.244,425135.8
2025-09-23 20:45:00,2.244,2.249,2.236,2.249,243244.6
2025-09-23 21:00:00,2.248,2.249,2.239,2.245,264783.2
2025-09-23 21:15:00,2.246,2.25,2.24,2.25,126663.1
2025-09-23 21:30:00,2.249,2.26,2.248,2.259,212626.8
2025-09-23 21:45:00,2.259,2.26,2.256,2.256,90001.0
2025-09-23 22:00:00,2.256,2.259,2.249,2.255,235953.7
2025-09-23 22:15:00,2.255,2.255,2.243,2.245,140021.1
2025-09-23 22:30:00,2.244,2.253,2.244,2.25,165796.0
2025-09-23 22:45:00,2.249,2.251,2.245,2.247,178291.5
2025-09-23 23:00:00,2.246,2.252,2.243,2.247,240595.6
2025-09-23 23:15:00,2.246,2.249,2.232,2.234,291162.2
2025-09-23 23:30:00,2.233,2.244,2.232,2.24,309720.9
2025-09-23 23:45:00,2.239,2.241,2.235,2.237,139636.4
2025-09-24 00:00:00,2.237,2.244,2.234,2.244,492615.9
2025-09-24 00:15:00,2.244,2.257,2.242,2.254,356021.1
2025-09-24 00:30:00,2.255,2.255,2.248,2.253,300548.2
2025-09-24 00:45:00,2.252,2.258,2.245,2.247,270005.1
2025-09-24 01:00:00,2.247,2.253,2.24,2.252,244026.1
2025-09-24 01:15:00,2.253,2.258,2.249,2.257,180300.8
2025-09-24 01:30:00,2.258,2.268,2.254,2.265,965654.9
2025-09-24 01:45:00,2.266,2.272,2.265,2.269,600960.2
2025-09-24 02:00:00,2.27,2.271,2.257,2.258,352353.2
2025-09-24 02:15:00,2.258,2.265,2.253,2.262,382838.5
2025-09-24 02:30:00,2.263,2.266,2.257,2.262,272699.7
2025-09-24 02:45:00,2.261,2.268,2.256,2.264,648143.5
2025-09-24 03:00:00,2.264,2.266,2.251,2.257,371415.2
2025-09-24 03:15:00,2.257,2.257,2.224,2.232,1353944.0
2025-09-24 03:30:00,2.232,2.247,2.232,2.244,1103715.6
2025-09-24 03:45:00,2.243,2.245,2.23,2.233,472427.1
2025-09-24 04:00:00,2.232,2.233,2.198,2.225,4164140.5
2025-09-24 04:15:00,2.224,2.243,2.215,2.242,1546309.8
2025-09-24 04:30:00,2.242,2.264,2.241,2.257,1241136.9
2025-09-24 04:45:00,2.257,2.26,2.247,2.248,596247.0
2025-09-24 05:00:00,2.248,2.256,2.246,2.252,348918.9
2025-09-24 05:15:00,2.252,2.26,2.248,2.255,252559.8
2025-09-24 05:30:00,2.255,2.262,2.247,2.26,325186.6
2025-09-24 05:45:00,2.261,2.267,2.259,2.264,370015.8
2025-09-24 06:00:00,2.265,2.269,2.262,2.267,215913.8
2025-09-24 06:15:00,2.267,2.27,2.259,2.262,357292.1
2025-09-24 06:30:00,2.261,2.27,2.259,2.265,329751.5
2025-09-24 06:45:00,2.265,2.272,2.265,2.267,277109.7
2025-09-24 07:00:00,2.268,2.27,2.261,2.263,356536.3
2025-09-24 07:15:00,2.264,2.271,2.256,2.257,352773.9
2025-09-24 07:30:00,2.258,2.266,2.256,2.264,210506.4
2025-09-24 07:45:00,2.265,2.268,2.262,2.264,216598.3
2025-09-24 08:00:00,2.265,2.268,2.262,2.265,317130.2
2025-09-24 08:15:00,2.266,2.266,2.259,2.261,283223.4
2025-09-24 08:30:00,2.261,2.268,2.261,2.265,164241.7
2025-09-24 08:45:00,2.265,2.268,2.262,2.267,319458.3
2025-09-24 09:00:00,2.268,2.27,2.264,2.265,220308.1
2025-09-24 09:15:00,2.266,2.269,2.264,2.267,167724.4
2025-09-24 09:30:00,2.268,2.275,2.267,2.27,214833.0
2025-09-24 09:45:00,2.271,2.272,2.265,2.267,267011.8
2025-09-24 10:00:00,2.268,2.27,2.264,2.266,242620.3
2025-09-24 10:15:00,2.266,2.27,2.264,2.264,688619.7
2025-09-24 10:30:00,2.264,2.268,2.263,2.266,270909.4
2025-09-24 10:45:00,2.267,2.271,2.264,2.269,163043.8
2025-09-24 11:00:00,2.27,2.281,2.266,2.277,428214.6
2025-09-24 11:15:00,2.278,2.281,2.274,2.274,250717.0
2025-09-24 11:30:00,2.275,2.279,2.271,2.275,289345.7
2025-09-24 11:45:00,2.275,2.278,2.27,2.275,257253.5
2025-09-24 12:00:00,2.276,2.281,2.273,2.275,322389.8
2025-09-24 12:15:00,2.275,2.278,2.271,2.274,320130.3
2025-09-24 12:30:00,2.274,2.281,2.274,2.279,140402.4
2025-09-24 12:45:00,2.279,2.281,2.272,2.273,242499.2
2025-09-24 13:00:00,2.273,2.281,2.272,2.275,164401.6
2025-09-24 13:15:00,2.275,2.277,2.271,2.272,146432.5
2025-09-24 13:30:00,2.272,2.281,2.265,2.274,537804.8
2025-09-24 13:45:00,2.275,2.276,2.26,2.262,609586.4
2025-09-24 14:00:00,2.261,2.273,2.261,2.271,431541.5
2025-09-24 14:15:00,2.27,2.277,2.27,2.273,203005.5
2025-09-24 14:30:00,2.273,2.279,2.271,2.278,190660.2
2025-09-24 14:45:00,2.278,2.295,2.275,2.284,922292.6
2025-09-24 15:00:00,2.285,2.288,2.271,2.278,2630904.3
2025-09-24 15:15:00,2.279,2.286,2.275,2.281,878568.0
2025-09-24 15:30:00,2.282,2.283,2.276,2.279,248872.5
2025-09-24 15:45:00,2.28,2.281,2.267,2.269,553674.3
2025-09-24 16:00:00,2.27,2.271,2.262,2.267,493098.5
2025-09-24 16:15:00,2.267,2.276,2.265,2.272,260127.4
2025-09-24 16:30:00,2.272,2.276,2.27,2.272,203119.9
2025-09-24 16:45:00,2.273,2.274,2.269,2.27,156161.2
2025-09-24 17:00:00,2.271,2.277,2.269,2.273,167536.1
2025-09-24 17:15:00,2.274,2.276,2.268,2.271,124612.9
2025-09-24 17:30:00,2.271,2.277,2.27,2.273,353934.6
2025-09-24 17:45:00,2.274,2.274,2.268,2.27,195585.8
2025-09-24 18:00:00,2.271,2.273,2.263,2.266,280083.3
2025-09-24 18:15:00,2.266,2.27,2.263,2.268,150103.8
2025-09-24 18:30:00,2.268,2.27,2.254,2.257,1205820.4
2025-09-24 18:45:00,2.256,2.258,2.249,2.256,577446.0
2025-09-24 19:00:00,2.255,2.258,2.252,2.254,293324.1
2025-09-24 19:15:00,2.253,2.256,2.25,2.25,220669.2
2025-09-24 19:30:00,2.251,2.252,2.244,2.247,367321.4
2025-09-24 19:45:00,2.246,2.255,2.244,2.252,228660.8
2025-09-24 20:00:00,2.252,2.255,2.249,2.251,293958.1
2025-09-24 20:15:00,2.251,2.253,2.245,2.246,247539.0
2025-09-24 20:30:00,2.245,2.246,2.23,2.241,1326254.8
2025-09-24 20:45:00,2.241,2.245,2.239,2.242,409403.4
2025-09-24 21:00:00,2.241,2.246,2.237,2.244,410081.0
2025-09-24 21:15:00,2.243,2.244,2.231,2.231,305940.2
2025-09-24 21:30:00,2.232,2.233,2.226,2.231,557198.7
2025-09-24 21:45:00,2.231,2.232,2.21,2.22,941603.5
2025-09-24 22:00:00,2.22,2.235,2.218,2.233,729087.1
2025-09-24 22:15:00,2.233,2.235,2.225,2.23,233354.0
2025-09-24 22:30:00,2.231,2.233,2.226,2.231,288305.8
2025-09-24 22:45:00,2.23,2.234,2.224,2.227,261736.8
2025-09-24 23:00:00,2.226,2.232,2.224,2.23,344205.9
2025-09-24 23:15:00,2.229,2.231,2.219,2.22,338409.7
2025-09-24 23:30:00,2.219,2.223,2.216,2.22,577534.8
2025-09-24 23:45:00,2.22,2.226,2.213,2.225,526275.4
2025-09-25 00:00:00,2.226,2.229,2.222,2.228,340088.8
2025-09-25 00:15:00,2.229,2.229,2.214,2.218,436000.7
2025-09-25 00:30:00,2.217,2.227,2.216,2.221,556032.7
2025-09-25 00:45:00,2.221,2.223,2.211,2.216,655074.0
2025-09-25 01:00:00,2.216,2.224,2.209,2.219,814547.9
2025-09-25 01:15:00,2.22,2.224,2.215,2.22,520647.2
2025-09-25 01:30:00,2.22,2.223,2.206,2.211,939064.7
2025-09-25 01:45:00,2.211,2.216,2.205,2.212,777684.2
2025-09-25 02:00:00,2.213,2.229,2.212,2.214,484745.9
2025-09-25 02:15:00,2.214,2.215,2.2,2.212,1034162.4
2025-09-25 02:30:00,2.212,2.238,2.211,2.225,1215781.4
2025-09-25 02:45:00,2.225,2.231,2.224,2.227,396058.6
2025-09-25 03:00:00,2.227,2.227,2.218,2.221,195073.4
2025-09-25 03:15:00,2.22,2.222,2.2,2.202,1052172.1
2025-09-25 03:30:00,2.201,2.21,2.195,2.2,1007663.4
2025-09-25 03:45:00,2.199,2.213,2.198,2.211,665360.4
2025-09-25 04:00:00,2.211,2.218,2.201,2.204,460130.1
2025-09-25 04:15:00,2.204,2.206,2.181,2.198,2572621.2
2025-09-25 04:30:00,2.197,2.198,2.179,2.192,1124121.8
2025-09-25 04:45:00,2.192,2.197,2.164,2.182,2360032.1
2025-09-25 05:00:00,2.182,2.193,2.171,2.191,1308556.0
2025-09-25 05:15:00,2.19,2.206,2.188,2.204,568688.9
2025-09-25 05:30:00,2.203,2.205,2.197,2.204,474784.4
2025-09-25 05:45:00,2.204,2.21,2.2,2.203,265947.5
2025-09-25 06:00:00,2.202,2.206,2.188,2.19,532838.7
2025-09-25 06:15:00,2.189,2.198,2.186,2.193,571005.9
2025-09-25 06:30:00,2.193,2.2,2.187,2.189,452359.9
2025-09-25 06:45:00,2.188,2.194,2.184,2.187,265458.8
2025-09-25 07:00:00,2.187,2.199,2.184,2.193,824392.0
2025-09-25 07:15:00,2.192,2.207,2.191,2.202,519726.3
2025-09-25 07:30:00,2.203,2.207,2.198,2.205,271187.9
2025-09-25 07:45:00,2.204,2.208,2.194,2.199,380857.0
2025-09-25 08:00:00,2.199,2.208,2.197,2.206,559430.4
2025-09-25 08:15:00,2.206,2.21,2.197,2.208,545639.5
2025-09-25 08:30:00,2.209,2.209,2.191,2.193,536508.4
2025-09-25 08:45:00,2.193,2.2,2.188,2.2,465408.7
2025-09-25 09:00:00,2.199,2.207,2.194,2.207,370034.8
2025-09-25 09:15:00,2.206,2.213,2.202,2.205,599865.4
2025-09-25 09:30:00,2.205,2.212,2.2,2.201,510458.6
2025-09-25 09:45:00,2.2,2.202,2.191,2.194,416925.3
2025-09-25 10:00:00,2.194,2.2,2.19,2.199,307368.1
2025-09-25 10:15:00,2.2,2.207,2.198,2.199,344113.5
2025-09-25 10:30:00,2.198,2.199,2.19,2.192,405893.2
2025-09-25 10:45:00,2.191,2.194,2.189,2.191,213235.8
2025-09-25 11:00:00,2.191,2.198,2.186,2.193,480099.8
2025-09-25 11:15:00,2.192,2.194,2.183,2.19,607651.0
2025-09-25 11:30:00,2.189,2.192,2.186,2.189,433609.2
2025-09-25 11:45:00,2.189,2.191,2.177,2.188,795614.4
2025-09-25 12:00:00,2.187,2.198,2.185,2.193,600679.1
2025-09-25 12:15:00,2.192,2.192,2.15,2.155,2579104.2
2025-09-25 12:30:00,2.156,2.198,2.148,2.196,3248979.4
2025-09-25 12:45:00,2.195,2.205,2.189,2.195,981352.3
2025-09-25 13:00:00,2.195,2.198,2.179,2.196,1362124.4
2025-09-25 13:15:00,2.195,2.211,2.193,2.206,1320333.0
2025-09-25 13:30:00,2.206,2.21,2.18,2.185,1762066.1
2025-09-25 13:45:00,2.184,2.198,2.184,2.194,908348.1
2025-09-25 14:00:00,2.194,2.213,2.194,2.211,1079739.0
2025-09-25 14:15:00,2.211,2.223,2.209,2.212,1271230.5
2025-09-25 14:30:00,2.211,2.217,2.201,2.204,680723.8
2025-09-25 14:45:00,2.204,2.205,2.197,2.2,326703.5
2025-09-25 15:00:00,2.201,2.205,2.195,2.196,583372.7
2025-09-25 15:15:00,2.195,2.196,2.184,2.189,850258.5
2025-09-25 15:30:00,2.19,2.197,2.187,2.19,367997.0
2025-09-25 15:45:00,2.191,2.198,2.186,2.195,408645.3
2025-09-25 16:00:00,2.194,2.2,2.188,2.194,467934.6
2025-09-25 16:15:00,2.195,2.196,2.173,2.175,1287461.8
2025-09-25 16:30:00,2.174,2.179,2.165,2.172,1489999.7
2025-09-25 16:45:00,2.172,2.177,2.158,2.163,1484825.5
2025-09-25 17:00:00,2.162,2.165,2.127,2.128,3284417.4
2025-09-25 17:15:00,2.128,2.152,2.124,2.144,4851069.9
2025-09-25 17:30:00,2.144,2.147,2.101,2.123,4713487.2
2025-09-25 17:45:00,2.123,2.128,2.083,2.1,4106059.1
2025-09-25 18:00:00,2.1,2.117,2.092,2.116,2245063.1
2025-09-25 18:15:00,2.115,2.14,2.108,2.139,2357518.8
2025-09-25 18:30:00,2.139,2.151,2.135,2.147,1041859.6
2025-09-25 18:45:00,2.146,2.158,2.14,2.156,1462147.2
2025-09-25 19:00:00,2.156,2.16,2.153,2.154,1426954.8
2025-09-25 19:15:00,2.154,2.167,2.15,2.159,1365688.2
2025-09-25 19:30:00,2.158,2.162,2.144,2.147,541724.6
2025-09-25 19:45:00,2.147,2.147,2.135,2.141,566040.8
2025-09-25 20:00:00,2.141,2.145,2.13,2.134,730769.3
2025-09-25 20:15:00,2.133,2.143,2.13,2.135,343400.8
2025-09-25 20:30:00,2.134,2.135,2.112,2.122,1203968.3
2025-09-25 20:45:00,2.121,2.126,2.109,2.12,1034125.6
2025-09-25 21:00:00,2.12,2.14,2.118,2.129,922713.6
2025-09-25 21:15:00,2.129,2.134,2.118,2.121,598249.3
2025-09-25 21:30:00,2.121,2.122,2.108,2.116,702631.8
2025-09-25 21:45:00,2.117,2.135,2.116,2.131,439953.3
2025-09-25 22:00:00,2.131,2.142,2.125,2.14,493727.0
2025-09-25 22:15:00,2.141,2.144,2.128,2.13,366359.0
2025-09-25 22:30:00,2.13,2.132,2.124,2.128,287724.3
2025-09-25 22:45:00,2.128,2.128,2.115,2.121,701698.6
2025-09-25 23:00:00,2.122,2.135,2.12,2.121,499506.4
2025-09-25 23:15:00,2.122,2.126,2.116,2.122,460880.8
2025-09-25 23:30:00,2.121,2.122,2.099,2.112,2258022.4
2025-09-25 23:45:00,2.113,2.119,2.108,2.119,650816.6
2025-09-26 00:00:00,2.119,2.134,2.115,2.133,1004806.1
2025-09-26 00:15:00,2.132,2.14,2.129,2.135,422361.2
2025-09-26 00:30:00,2.134,2.134,2.113,2.115,773915.9
2025-09-26 00:45:00,2.115,2.149,2.112,2.143,821390.8
2025-09-26 01:00:00,2.144,2.15,2.134,2.145,636499.2
2025-09-26 01:15:00,2.145,2.152,2.141,2.141,424647.1
2025-09-26 01:30:00,2.141,2.146,2.136,2.141,381404.2
2025-09-26 01:45:00,2.141,2.15,2.136,2.141,680659.5
2025-09-26 02:00:00,2.142,2.153,2.135,2.141,275123.4
2025-09-26 02:15:00,2.14,2.148,2.136,2.138,257793.6
2025-09-26 02:30:00,2.137,2.144,2.133,2.142,250990.3
2025-09-26 02:45:00,2.143,2.149,2.136,2.14,277695.2
2025-09-26 03:00:00,2.14,2.147,2.134,2.146,341823.6
2025-09-26 03:15:00,2.147,2.15,2.137,2.137,266462.8
2025-09-26 03:30:00,2.138,2.144,2.136,2.142,369294.3
2025-09-26 03:45:00,2.142,2.148,2.135,2.146,379165.8
2025-09-26 04:00:00,2.147,2.15,2.14,2.143,389127.4
2025-09-26 04:15:00,2.144,2.151,2.141,2.143,467838.6
2025-09-26 04:30:00,2.143,2.143,2.132,2.135,425178.9
2025-09-26 04:45:00,2.136,2.14,2.134,2.136,196454.5
2025-09-26 05:00:00,2.137,2.147,2.134,2.144,291894.1
2025-09-26 05:15:00,2.145,2.15,2.145,2.148,305345.0
2025-09-26 05:30:00,2.149,2.149,2.138,2.139,247049.2
2025-09-26 05:45:00,2.139,2.142,2.131,2.135,457114.6
2025-09-26 06:00:00,2.136,2.138,2.123,2.133,756434.5
2025-09-26 06:15:00,2.134,2.147,2.132,2.14,495765.0
2025-09-26 06:30:00,2.139,2.145,2.136,2.142,273474.6
2025-09-26 06:45:00,2.142,2.143,2.126,2.129,546206.1
2025-09-26 07:00:00,2.13,2.14,2.13,2.138,535894.1
2025-09-26 07:15:00,2.139,2.143,2.134,2.134,478860.1
2025-09-26 07:30:00,2.133,2.133,2.121,2.123,670958.0
2025-09-26 07:45:00,2.122,2.135,2.119,2.134,526386.9
2025-09-26 08:00:00,2.134,2.14,2.131,2.134,815968.6
2025-09-26 08:15:00,2.134,2.141,2.129,2.138,1481994.3
2025-09-26 08:30:00,2.137,2.141,2.132,2.138,334638.3
2025-09-26 08:45:00,2.138,2.14,2.132,2.133,380352.5
2025-09-26 09:00:00,2.134,2.139,2.129,2.137,470666.4
2025-09-26 09:15:00,2.138,2.138,2.129,2.131,326701.9
2025-09-26 09:30:00,2.131,2.133,2.113,2.117,738983.8
2025-09-26 09:45:00,2.117,2.126,2.116,2.122,606009.0
2025-09-26 10:00:00,2.123,2.125,2.101,2.103,1681241.5
2025-09-26 10:15:00,2.104,2.108,2.098,2.103,1072702.6
2025-09-26 10:30:00,2.103,2.11,2.096,2.102,817258.1
2025-09-26 10:45:00,2.103,2.11,2.1,2.105,326666.4
2025-09-26 11:00:00,2.104,2.106,2.094,2.098,1401780.4
2025-09-26 11:15:00,2.099,2.11,2.097,2.106,705062.5
2025-09-26 11:30:00,2.107,2.121,2.106,2.116,754816.9
2025-09-26 11:45:00,2.116,2.123,2.114,2.117,401166.0
2025-09-26 12:00:00,2.117,2.117,2.099,2.1,756235.1
2025-09-26 12:15:00,2.099,2.12,2.098,2.117,652464.5
2025-09-26 12:30:00,2.117,2.145,2.106,2.138,3195259.1
2025-09-26 12:45:00,2.139,2.14,2.126,2.134,580528.5
2025-09-26 13:00:00,2.134,2.137,2.125,2.13,576042.0
2025-09-26 13:15:00,2.131,2.135,2.124,2.126,326016.2
2025-09-26 13:30:00,2.127,2.145,2.121,2.141,1049078.0
2025-09-26 13:45:00,2.142,2.156,2.138,2.148,1811462.8
2025-09-26 14:00:00,2.148,2.152,2.138,2.139,681159.0
2025-09-26 14:15:00,2.139,2.146,2.128,2.136,774018.1
2025-09-26 14:30:00,2.136,2.141,2.127,2.136,676258.2
2025-09-26 14:45:00,2.136,2.142,2.132,2.137,515543.8
2025-09-26 15:00:00,2.137,2.151,2.135,2.139,544222.0
2025-09-26 15:15:00,2.14,2.153,2.137,2.15,379321.9
2025-09-26 15:30:00,2.151,2.155,2.146,2.151,264188.9
2025-09-26 15:45:00,2.152,2.152,2.144,2.146,298168.1
2025-09-26 16:00:00,2.147,2.164,2.145,2.155,761829.6
2025-09-26 16:15:00,2.156,2.172,2.155,2.163,750491.3
2025-09-26 16:30:00,2.163,2.167,2.16,2.165,360330.8
2025-09-26 16:45:00,2.166,2.174,2.164,2.171,297083.3
2025-09-26 17:00:00,2.172,2.18,2.17,2.175,657287.7
2025-09-26 17:15:00,2.176,2.191,2.174,2.188,1171220.1
2025-09-26 17:30:00,2.188,2.191,2.18,2.181,1259551.5
2025-09-26 17:45:00,2.182,2.189,2.18,2.187,643162.2
2025-09-26 18:00:00,2.187,2.197,2.187,2.195,713150.0
2025-09-26 18:15:00,2.196,2.202,2.195,2.196,378912.3
2025-09-26 18:30:00,2.196,2.199,2.186,2.187,618991.9
2025-09-26 18:45:00,2.187,2.195,2.184,2.193,464864.5
2025-09-26 19:00:00,2.193,2.195,2.183,2.189,469066.1
2025-09-26 19:15:00,2.189,2.194,2.18,2.182,319592.1
2025-09-26 19:30:00,2.181,2.185,2.175,2.178,905112.1
2025-09-26 19:45:00,2.178,2.187,2.176,2.184,287968.1
2025-09-26 20:00:00,2.184,2.189,2.179,2.188,467519.6
2025-09-26 20:15:00,2.189,2.19,2.181,2.183,314425.0
2025-09-26 20:30:00,2.183,2.185,2.178,2.179,204056.8
2025-09-26 20:45:00,2.179,2.183,2.178,2.18,235309.4
2025-09-26 21:00:00,2.179,2.183,2.176,2.182,251094.5
2025-09-26 21:15:00,2.183,2.188,2.177,2.186,287616.2
2025-09-26 21:30:00,2.187,2.189,2.18,2.181,282856.1
2025-09-26 21:45:00,2.182,2.192,2.181,2.19,128934.0
2025-09-26 22:00:00,2.191,2.196,2.188,2.194,326840.4
2025-09-26 22:15:00,2.195,2.197,2.19,2.19,180403.2
2025-09-26 22:30:00,2.191,2.195,2.19,2.191,117914.4
2025-09-26 22:45:00,2.192,2.194,2.188,2.189,117227.1
2025-09-26 23:00:00,2.189,2.19,2.186,2.188,193202.0
2025-09-26 23:15:00,2.189,2.193,2.187,2.192,147246.8
2025-09-26 23:30:00,2.193,2.195,2.189,2.19,259033.9
2025-09-26 23:45:00,2.191,2.195,2.19,2.193,91471.6
2025-09-27 00:00:00,2.194,2.195,2.187,2.188,455562.7
2025-09-27 00:15:00,2.188,2.194,2.188,2.192,204184.9
2025-09-27 00:30:00,2.192,2.194,2.188,2.189,190820.0
2025-09-27 00:45:00,2.19,2.194,2.186,2.194,209048.5
2025-09-27 01:00:00,2.193,2.195,2.188,2.192,277205.1
2025-09-27 01:15:00,2.191,2.192,2.184,2.189,293052.4
2025-09-27 01:30:00,2.188,2.19,2.185,2.189,175088.8
2025-09-27 01:45:00,2.188,2.191,2.188,2.189,149735.7
2025-09-27 02:00:00,2.188,2.19,2.185,2.19,138656.9
2025-09-27 02:15:00,2.19,2.191,2.184,2.189,103055.5
2025-09-27 02:30:00,2.188,2.192,2.185,2.192,133912.2
2025-09-27 02:45:00,2.191,2.192,2.185,2.187,117672.6
2025-09-27 03:00:00,2.186,2.191,2.183,2.185,278103.5
2025-09-27 03:15:00,2.184,2.193,2.183,2.192,216523.3
2025-09-27 03:30:00,2.191,2.195,2.187,2.189,189086.3
2025-09-27 03:45:00,2.189,2.191,2.184,2.186,123884.4
2025-09-27 04:00:00,2.185,2.189,2.183,2.183,159252.6
2025-09-27 04:15:00,2.184,2.189,2.183,2.188,220498.6
2025-09-27 04:30:00,2.188,2.19,2.184,2.186,252283.2
2025-09-27 04:45:00,2.185,2.188,2.183,2.187,103750.4
2025-09-27 05:00:00,2.187,2.187,2.179,2.182,222067.7
2025-09-27 05:15:00,2.182,2.185,2.179,2.184,208544.5
2025-09-27 05:30:00,2.184,2.19,2.182,2.19,195075.2
2025-09-27 05:45:00,2.189,2.192,2.188,2.19,299086.2
2025-09-27 06:00:00,2.189,2.19,2.185,2.186,227043.5
2025-09-27 06:15:00,2.186,2.188,2.183,2.186,119820.4
2025-09-27 06:30:00,2.185,2.19,2.183,2.188,154360.8
2025-09-27 06:45:00,2.188,2.192,2.184,2.191,177628.0
2025-09-27 07:00:00,2.191,2.195,2.187,2.188,240505.9
2025-09-27 07:15:00,2.188,2.19,2.182,2.184,196416.6
2025-09-27 07:30:00,2.185,2.188,2.181,2.188,457336.1
2025-09-27 07:45:00,2.187,2.188,2.184,2.186,229134.9
2025-09-27 08:00:00,2.186,2.187,2.176,2.182,667282.8
2025-09-27 08:15:00,2.181,2.195,2.178,2.194,613389.7
2025-09-27 08:30:00,2.195,2.195,2.187,2.188,322892.0
2025-09-27 08:45:00,2.187,2.189,2.176,2.177,463558.8
2025-09-27 09:00:00,2.177,2.181,2.163,2.168,1103798.9
2025-09-27 09:15:00,2.167,2.174,2.166,2.171,394329.6
2025-09-27 09:30:00,2.171,2.183,2.169,2.179,643703.8
2025-09-27 09:45:00,2.179,2.186,2.178,2.183,244225.1
2025-09-27 10:00:00,2.183,2.185,2.18,2.181,200401.7
2025-09-27 10:15:00,2.181,2.186,2.179,2.18,267522.1
2025-09-27 10:30:00,2.181,2.197,2.181,2.193,508182.1
2025-09-27 10:45:00,2.194,2.195,2.186,2.187,314826.6
2025-09-27 11:00:00,2.187,2.189,2.184,2.186,151844.6
2025-09-27 11:15:00,2.185,2.191,2.185,2.188,193633.1
2025-09-27 11:30:00,2.189,2.19,2.186,2.187,178932.0
2025-09-27 11:45:00,2.188,2.19,2.184,2.189,149024.8
2025-09-27 12:00:00,2.189,2.191,2.184,2.187,264363.4
2025-09-27 12:15:00,2.187,2.19,2.182,2.184,296929.9
2025-09-27 12:30:00,2.184,2.19,2.182,2.186,313269.6
2025-09-27 12:45:00,2.186,2.196,2.185,2.191,442128.5
2025-09-27 13:00:00,2.192,2.195,2.185,2.185,281731.7
2025-09-27 13:15:00,2.186,2.19,2.185,2.188,142803.1
2025-09-27 13:30:00,2.189,2.195,2.188,2.194,249789.8
2025-09-27 13:45:00,2.195,2.195,2.188,2.19,258891.6
2025-09-27 14:00:00,2.191,2.197,2.189,2.194,345420.5
2025-09-27 14:15:00,2.195,2.195,2.19,2.192,141147.4
2025-09-27 14:30:00,2.192,2.194,2.189,2.19,134729.8
2025-09-27 14:45:00,2.19,2.191,2.186,2.188,202656.9
2025-09-27 15:00:00,2.188,2.188,2.175,2.181,502391.1
2025-09-27 15:15:00,2.181,2.186,2.18,2.182,265676.9
2025-09-27 15:30:00,2.183,2.188,2.18,2.185,161329.2
2025-09-27 15:45:00,2.185,2.194,2.185,2.191,263012.1
2025-09-27 16:00:00,2.192,2.193,2.186,2.187,245555.0
2025-09-27 16:15:00,2.188,2.189,2.182,2.184,238409.8
2025-09-27 16:30:00,2.184,2.189,2.182,2.185,230506.8
2025-09-27 16:45:00,2.184,2.186,2.179,2.181,173272.1
2025-09-27 17:00:00,2.182,2.183,2.17,2.171,718462.1
2025-09-27 17:15:00,2.172,2.172,2.164,2.169,650388.0
2025-09-27 17:30:00,2.17,2.18,2.168,2.175,351325.8
2025-09-27 17:45:00,2.176,2.181,2.172,2.179,214186.2
2025-09-27 18:00:00,2.179,2.181,2.172,2.175,366363.1
2025-09-27 18:15:00,2.175,2.179,2.171,2.177,146690.1
2025-09-27 18:30:00,2.177,2.178,2.169,2.171,151621.4
2025-09-27 18:45:00,2.17,2.178,2.17,2.177,165403.1
2025-09-27 19:00:00,2.178,2.179,2.175,2.177,208354.9
2025-09-27 19:15:00,2.176,2.183,2.175,2.183,111814.7
2025-09-27 19:30:00,2.182,2.183,2.177,2.18,174480.1
2025-09-27 19:45:00,2.179,2.184,2.179,2.183,258902.4
2025-09-27 20:00:00,2.183,2.188,2.183,2.185,254018.9
2025-09-27 20:15:00,2.184,2.185,2.181,2.183,128578.6
2025-09-27 20:30:00,2.183,2.189,2.182,2.185,538729.7
2025-09-27 20:45:00,2.184,2.186,2.181,2.185,128135.8
2025-09-27 21:00:00,2.185,2.187,2.181,2.186,222867.1
2025-09-27 21:15:00,2.186,2.188,2.184,2.186,183479.4
2025-09-27 21:30:00,2.187,2.19,2.185,2.188,113436.0
2025-09-27 21:45:00,2.189,2.193,2.188,2.19,149862.9
2025-09-27 22:00:00,2.191,2.196,2.189,2.195,328009.7
2025-09-27 22:15:00,2.195,2.21,2.194,2.21,651363.0
2025-09-27 22:30:00,2.21,2.21,2.198,2.198,412046.2
2025-09-27 22:45:00,2.198,2.199,2.192,2.195,168700.0
2025-09-27 23:00:00,2.194,2.199,2.19,2.193,333328.7
2025-09-27 23:15:00,2.194,2.195,2.187,2.187,239197.4
2025-09-27 23:30:00,2.188,2.191,2.186,2.189,202605.9
2025-09-27 23:45:00,2.188,2.193,2.186,2.188,228978.1
2025-09-28 00:00:00,2.188,2.191,2.177,2.182,821620.0
2025-09-28 00:15:00,2.182,2.192,2.18,2.19,222532.2
2025-09-28 00:30:00,2.19,2.192,2.178,2.183,286814.2
2025-09-28 00:45:00,2.184,2.184,2.177,2.179,216606.2
2025-09-28 01:00:00,2.179,2.18,2.17,2.172,589358.9
2025-09-28 01:15:00,2.173,2.18,2.172,2.174,288537.5
2025-09-28 01:30:00,2.174,2.174,2.161,2.163,521826.9
2025-09-28 01:45:00,2.164,2.171,2.163,2.167,272343.1
2025-09-28 02:00:00,2.167,2.17,2.162,2.164,409640.0
2025-09-28 02:15:00,2.163,2.172,2.163,2.169,191970.9
2025-09-28 02:30:00,2.169,2.172,2.162,2.164,207998.5
2025-09-28 02:45:00,2.165,2.167,2.159,2.166,214816.2
2025-09-28 03:00:00,2.167,2.17,2.166,2.168,217652.7
2025-09-28 03:15:00,2.169,2.171,2.164,2.166,97502.1
2025-09-28 03:30:00,2.167,2.169,2.157,2.162,529699.6
2025-09-28 03:45:00,2.162,2.165,2.16,2.164,156429.4
2025-09-28 04:00:00,2.164,2.166,2.159,2.159,337181.2
2025-09-28 04:15:00,2.159,2.165,2.159,2.159,197342.7
2025-09-28 04:30:00,2.159,2.168,2.159,2.165,185784.1
2025-09-28 04:45:00,2.165,2.166,2.159,2.162,199228.8
2025-09-28 05:00:00,2.162,2.164,2.151,2.153,1085500.8
2025-09-28 05:15:00,2.154,2.163,2.153,2.162,285263.3
2025-09-28 05:30:00,2.161,2.164,2.154,2.156,283190.3
2025-09-28 05:45:00,2.156,2.157,2.152,2.155,161764.0
2025-09-28 06:00:00,2.155,2.159,2.151,2.152,302833.0
2025-09-28 06:15:00,2.151,2.153,2.137,2.137,1257618.1
2025-09-28 06:30:00,2.138,2.151,2.137,2.147,642166.6
2025-09-28 06:45:00,2.147,2.149,2.144,2.147,401221.2
2025-09-28 07:00:00,2.148,2.153,2.142,2.146,310291.8
2025-09-28 07:15:00,2.146,2.157,2.145,2.152,474922.5
2025-09-28 07:30:00,2.151,2.156,2.148,2.151,439588.8
2025-09-28 07:45:00,2.151,2.153,2.147,2.151,156222.9
2025-09-28 08:00:00,2.152,2.156,2.147,2.148,276314.9
2025-09-28 08:15:00,2.149,2.152,2.14,2.143,426402.6
2025-09-28 08:30:00,2.142,2.145,2.138,2.141,447831.3
2025-09-28 08:45:00,2.142,2.15,2.139,2.141,506359.7
2025-09-28 09:00:00,2.141,2.145,2.135,2.137,561499.7
2025-09-28 09:15:00,2.137,2.142,2.133,2.141,600630.3
2025-09-28 09:30:00,2.141,2.148,2.14,2.147,451106.1
2025-09-28 09:45:00,2.147,2.148,2.139,2.14,445846.6
2025-09-28 10:00:00,2.141,2.141,2.126,2.134,1010644.9
2025-09-28 10:15:00,2.134,2.14,2.134,2.137,279679.8
2025-09-28 10:30:00,2.138,2.144,2.137,2.141,191334.7
2025-09-28 10:45:00,2.142,2.144,2.139,2.141,225743.0
2025-09-28 11:00:00,2.14,2.143,2.138,2.14,122322.6
2025-09-28 11:15:00,2.139,2.142,2.13,2.133,290607.2
2025-09-28 11:30:00,2.132,2.14,2.131,2.134,300484.5
2025-09-28 11:45:00,2.133,2.14,2.13,2.138,192295.5
2025-09-28 12:00:00,2.139,2.139,2.125,2.132,512096.4
2025-09-28 12:15:00,2.131,2.133,2.127,2.13,363092.3
2025-09-28 12:30:00,2.13,2.13,2.123,2.127,553661.7
2025-09-28 12:45:00,2.126,2.135,2.124,2.131,223281.2
2025-09-28 13:00:00,2.132,2.139,2.128,2.136,491345.4
2025-09-28 13:15:00,2.136,2.149,2.134,2.146,888375.4
2025-09-28 13:30:00,2.147,2.154,2.144,2.15,426464.9
2025-09-28 13:45:00,2.151,2.165,2.146,2.159,590506.7
2025-09-28 14:00:00,2.16,2.162,2.155,2.157,324525.4
2025-09-28 14:15:00,2.158,2.167,2.157,2.164,528828.6
2025-09-28 14:30:00,2.165,2.166,2.162,2.164,349921.4
2025-09-28 14:45:00,2.163,2.167,2.16,2.164,219557.4
2025-09-28 15:00:00,2.165,2.168,2.16,2.164,345199.2
2025-09-28 15:15:00,2.165,2.168,2.161,2.163,174247.9
2025-09-28 15:30:00,2.162,2.164,2.158,2.161,203643.4
2025-09-28 15:45:00,2.16,2.164,2.158,2.162,202820.7
2025-09-28 16:00:00,2.162,2.18,2.162,2.168,1244782.0
2025-09-28 16:15:00,2.168,2.168,2.16,2.164,548005.3
2025-09-28 16:30:00,2.163,2.164,2.156,2.161,272756.1
2025-09-28 16:45:00,2.16,2.167,2.16,2.165,210508.2
2025-09-28 17:00:00,2.166,2.173,2.164,2.171,380119.5
2025-09-28 17:15:00,2.171,2.172,2.16,2.165,336837.9
2025-09-28 17:30:00,2.166,2.175,2.165,2.172,211645.7
2025-09-28 17:45:00,2.172,2.176,2.165,2.167,251977.5
2025-09-28 18:00:00,2.168,2.171,2.166,2.167,159061.0
2025-09-28 18:15:00,2.167,2.17,2.165,2.166,81284.1
2025-09-28 18:30:00,2.167,2.17,2.166,2.169,151779.1
2025-09-28 18:45:00,2.17,2.175,2.168,2.174,178631.4
2025-09-28 19:00:00,2.175,2.176,2.168,2.17,247347.5
2025-09-28 19:15:00,2.169,2.172,2.166,2.171,116667.2
2025-09-28 19:30:00,2.17,2.178,2.169,2.175,498663.5
2025-09-28 19:45:00,2.175,2.179,2.174,2.179,202698.2
2025-09-28 20:00:00,2.179,2.18,2.175,2.178,588696.5
2025-09-28 20:15:00,2.179,2.187,2.177,2.185,214951.8
2025-09-28 20:30:00,2.186,2.192,2.184,2.187,555250.5
2025-09-28 20:45:00,2.188,2.19,2.179,2.18,341508.9
2025-09-28 21:00:00,2.18,2.193,2.18,2.188,397116.5
2025-09-28 21:15:00,2.189,2.189,2.183,2.184,283416.1
2025-09-28 21:30:00,2.185,2.185,2.179,2.181,266853.7
2025-09-28 21:45:00,2.181,2.186,2.181,2.185,79587.0
2025-09-28 22:00:00,2.186,2.216,2.186,2.204,1169167.4
2025-09-28 22:15:00,2.205,2.214,2.204,2.208,467217.5
2025-09-28 22:30:00,2.208,2.216,2.208,2.214,497528.0
2025-09-28 22:45:00,2.215,2.22,2.211,2.211,457894.9
2025-09-28 23:00:00,2.212,2.216,2.208,2.21,664716.8
2025-09-28 23:15:00,2.211,2.214,2.205,2.21,407479.8
2025-09-28 23:30:00,2.21,2.216,2.209,2.213,806431.3
2025-09-28 23:45:00,2.214,2.215,2.21,2.213,254046.6
2025-09-29 00:00:00,2.214,2.215,2.206,2.207,697193.0
2025-09-29 00:15:00,2.207,2.213,2.203,2.209,292409.4
2025-09-29 00:30:00,2.209,2.21,2.203,2.205,253742.7
2025-09-29 00:45:00,2.205,2.21,2.199,2.2,344672.0
2025-09-29 01:00:00,2.201,2.205,2.196,2.2,435689.6
2025-09-29 01:15:00,2.201,2.204,2.196,2.199,239364.1
2025-09-29 01:30:00,2.199,2.202,2.196,2.201,193686.5
2025-09-29 01:45:00,2.201,2.202,2.191,2.192,256653.6
2025-09-29 02:00:00,2.192,2.197,2.187,2.196,370976.7
2025-09-29 02:15:00,2.196,2.205,2.194,2.199,181686.6
2025-09-29 02:30:00,2.2,2.202,2.193,2.195,316225.2
2025-09-29 02:45:00,2.195,2.2,2.193,2.199,118102.0
2025-09-29 03:00:00,2.198,2.199,2.191,2.193,174061.6
2025-09-29 03:15:00,2.193,2.2,2.191,2.199,130367.5
2025-09-29 03:30:00,2.199,2.201,2.197,2.198,226314.8
2025-09-29 03:45:00,2.198,2.201,2.196,2.2,210418.1
2025-09-29 04:00:00,2.201,2.201,2.192,2.194,669368.1
2025-09-29 04:15:00,2.194,2.196,2.184,2.187,359209.9
2025-09-29 04:30:00,2.187,2.194,2.184,2.192,188421.4
2025-09-29 04:45:00,2.192,2.193,2.188,2.189,205477.2
2025-09-29 05:00:00,2.188,2.19,2.176,2.183,626173.2
2025-09-29 05:15:00,2.182,2.185,2.178,2.184,417911.7
2025-09-29 05:30:00,2.183,2.189,2.181,2.187,223300.1
2025-09-29 05:45:00,2.188,2.191,2.188,2.19,170050.1
2025-09-29 06:00:00,2.19,2.19,2.179,2.182,253560.8
2025-09-29 06:15:00,2.182,2.188,2.178,2.185,247613.4
2025-09-29 06:30:00,2.184,2.188,2.184,2.186,195588.3
2025-09-29 06:45:00,2.187,2.188,2.179,2.18,165819.5
2025-09-29 07:00:00,2.179,2.182,2.177,2.179,177108.8
2025-09-29 07:15:00,2.178,2.181,2.172,2.18,418335.1
2025-09-29 07:30:00,2.179,2.191,2.179,2.185,424874.8
2025-09-29 07:45:00,2.184,2.188,2.183,2.184,152257.9
2025-09-29 08:00:00,2.185,2.188,2.18,2.183,531990.4
2025-09-29 08:15:00,2.183,2.19,2.18,2.188,427121.9
2025-09-29 08:30:00,2.189,2.191,2.185,2.19,243829.6
2025-09-29 08:45:00,2.191,2.195,2.187,2.187,480829.6
2025-09-29 09:00:00,2.186,2.193,2.183,2.183,297035.7
2025-09-29 09:15:00,2.184,2.187,2.181,2.184,293601.2
2025-09-29 09:30:00,2.184,2.186,2.176,2.178,311310.4
2025-09-29 09:45:00,2.177,2.181,2.176,2.179,375436.6
2025-09-29 10:00:00,2.179,2.184,2.177,2.181,187138.9
2025-09-29 10:15:00,2.182,2.187,2.181,2.184,183884.3
2025-09-29 10:30:00,2.185,2.186,2.173,2.177,375912.7
2025-09-29 10:45:00,2.177,2.179,2.169,2.171,570477.8
2025-09-29 11:00:00,2.171,2.172,2.158,2.162,1265724.5
2025-09-29 11:15:00,2.162,2.173,2.161,2.172,407236.9
2025-09-29 11:30:00,2.173,2.177,2.17,2.176,253847.9
2025-09-29 11:45:00,2.177,2.178,2.171,2.174,99112.4
2025-09-29 12:00:00,2.173,2.173,2.166,2.171,308037.4
2025-09-29 12:15:00,2.171,2.177,2.169,2.177,444776.5
2025-09-29 12:30:00,2.176,2.181,2.155,2.161,1286780.5
2025-09-29 12:45:00,2.161,2.169,2.153,2.156,724320.6
2025-09-29 13:00:00,2.155,2.16,2.143,2.158,1477630.3
2025-09-29 13:15:00,2.159,2.164,2.155,2.157,535063.0
2025-09-29 13:30:00,2.158,2.185,2.155,2.184,1032593.8
2025-09-29 13:45:00,2.183,2.196,2.176,2.188,1741779.7
2025-09-29 14:00:00,2.189,2.201,2.187,2.199,1220031.3
2025-09-29 14:15:00,2.199,2.21,2.196,2.199,983379.3
2025-09-29 14:30:00,2.2,2.209,2.198,2.204,447713.8
2025-09-29 14:45:00,2.205,2.215,2.204,2.21,657170.2
2025-09-29 15:00:00,2.211,2.217,2.2,2.203,717660.0
2025-09-29 15:15:00,2.203,2.203,2.189,2.194,638218.3
2025-09-29 15:30:00,2.193,2.201,2.19,2.197,340672.9
2025-09-29 15:45:00,2.196,2.197,2.187,2.191,332621.5
2025-09-29 16:00:00,2.191,2.2,2.189,2.198,299799.4
2025-09-29 16:15:00,2.198,2.202,2.187,2.188,210141.6
2025-09-29 16:30:00,2.189,2.195,2.184,2.186,328288.4
2025-09-29 16:45:00,2.186,2.188,2.171,2.173,459808.8
2025-09-29 17:00:00,2.173,2.18,2.164,2.176,728560.5
2025-09-29 17:15:00,2.177,2.178,2.167,2.174,357437.1
2025-09-29 17:30:00,2.174,2.185,2.171,2.182,232948.6
2025-09-29 17:45:00,2.182,2.188,2.182,2.186,313569.7
2025-09-29 18:00:00,2.187,2.187,2.179,2.181,342444.1
2025-09-29 18:15:00,2.18,2.185,2.178,2.183,186873.3
2025-09-29 18:30:00,2.183,2.186,2.181,2.184,172915.5
2025-09-29 18:45:00,2.184,2.188,2.182,2.185,124857.6
2025-09-29 19:00:00,2.186,2.192,2.183,2.191,310433.3
2025-09-29 19:15:00,2.191,2.193,2.183,2.19,161124.6
2025-09-29 19:30:00,2.191,2.197,2.186,2.197,206484.0
2025-09-29 19:45:00,2.197,2.206,2.194,2.203,512890.6
2025-09-29 20:00:00,2.204,2.214,2.201,2.212,451709.9
2025-09-29 20:15:00,2.212,2.213,2.205,2.21,296688.6
2025-09-29 20:30:00,2.211,2.227,2.208,2.226,1181740.3
2025-09-29 20:45:00,2.226,2.231,2.223,2.229,594640.9
2025-09-29 21:00:00,2.23,2.232,2.224,2.227,672285.4
2025-09-29 21:15:00,2.227,2.231,2.224,2.229,178893.2
2025-09-29 21:30:00,2.229,2.229,2.223,2.224,215777.2
2025-09-29 21:45:00,2.224,2.224,2.217,2.219,257753.0
2025-09-29 22:00:00,2.218,2.221,2.213,2.219,453139.6
2025-09-29 22:15:00,2.219,2.221,2.215,2.218,162938.2
2025-09-29 22:30:00,2.217,2.22,2.211,2.216,297453.0
2025-09-29 22:45:00,2.216,2.219,2.212,2.215,241411.1
2025-09-29 23:00:00,2.214,2.218,2.209,2.212,485945.9
2025-09-29 23:15:00,2.212,2.216,2.208,2.212,231858.3
2025-09-29 23:30:00,2.213,2.216,2.209,2.211,320900.9
2025-09-29 23:45:00,2.21,2.212,2.207,2.21,238370.1
2025-09-30 00:00:00,2.209,2.211,2.204,2.204,556336.8
2025-09-30 00:15:00,2.203,2.205,2.193,2.195,537558.6
2025-09-30 00:30:00,2.194,2.204,2.193,2.203,174119.0
2025-09-30 00:45:00,2.202,2.211,2.187,2.19,966156.4
2025-09-30 01:00:00,2.189,2.197,2.186,2.196,289383.6
2025-09-30 01:15:00,2.196,2.2,2.189,2.191,277806.9
2025-09-30 01:30:00,2.19,2.19,2.178,2.179,769414.2
2025-09-30 01:45:00,2.178,2.186,2.172,2.185,891510.9
2025-09-30 02:00:00,2.184,2.186,2.181,2.184,303605.3
2025-09-30 02:15:00,2.183,2.189,2.182,2.186,302347.5
2025-09-30 02:30:00,2.185,2.19,2.183,2.187,211575.4
2025-09-30 02:45:00,2.187,2.192,2.181,2.183,289976.7
2025-09-30 03:00:00,2.182,2.188,2.179,2.187,379803.2
2025-09-30 03:15:00,2.187,2.197,2.185,2.191,189396.0
2025-09-30 03:30:00,2.192,2.196,2.188,2.195,226223.7
2025-09-30 03:45:00,2.195,2.197,2.186,2.189,232616.7
2025-09-30 04:00:00,2.189,2.192,2.187,2.188,236154.4
2025-09-30 04:15:00,2.187,2.194,2.186,2.192,214332.1
2025-09-30 04:30:00,2.192,2.197,2.191,2.194,209639.4
2025-09-30 04:45:00,2.193,2.195,2.189,2.191,164721.3
2025-09-30 05:00:00,2.191,2.197,2.189,2.195,388852.5
2025-09-30 05:15:00,2.195,2.197,2.186,2.194,185239.5
2025-09-30 05:30:00,2.194,2.197,2.191,2.194,207655.9
2025-09-30 05:45:00,2.194,2.202,2.189,2.197,336800.1
2025-09-30 06:00:00,2.198,2.201,2.191,2.196,390476.4
2025-09-30 06:15:00,2.196,2.199,2.19,2.195,275583.0
2025-09-30 06:30:00,2.195,2.201,2.195,2.198,324331.1
2025-09-30 06:45:00,2.198,2.199,2.187,2.188,236615.1
2025-09-30 07:00:00,2.189,2.195,2.185,2.189,448606.3
2025-09-30 07:15:00,2.189,2.19,2.184,2.184,206860.6
2025-09-30 07:30:00,2.184,2.185,2.173,2.174,590606.6
2025-09-30 07:45:00,2.175,2.182,2.172,2.179,473351.9
2025-09-30 08:00:00,2.18,2.181,2.175,2.177,317352.0
2025-09-30 08:15:00,2.177,2.181,2.175,2.178,284767.5
2025-09-30 08:30:00,2.179,2.184,2.174,2.176,292459.3
2025-09-30 08:45:00,2.176,2.18,2.174,2.175,191020.8
2025-09-30 09:00:00,2.176,2.179,2.169,2.171,525475.7
2025-09-30 09:15:00,2.171,2.185,2.168,2.184,504288.3
2025-09-30 09:30:00,2.185,2.188,2.168,2.174,728094.8
2025-09-30 09:45:00,2.173,2.176,2.169,2.172,455531.5
2025-09-30 10:00:00,2.171,2.177,2.169,2.174,408066.4
2025-09-30 10:15:00,2.173,2.18,2.171,2.173,166921.9
2025-09-30 10:30:00,2.173,2.177,2.17,2.175,190884.6
2025-09-30 10:45:00,2.174,2.178,2.171,2.171,185552.3
2025-09-30 11:00:00,2.172,2.173,2.159,2.163,866710.0
2025-09-30 11:15:00,2.162,2.17,2.158,2.168,341221.1
2025-09-30 11:30:00,2.168,2.176,2.167,2.174,490016.1
2025-09-30 11:45:00,2.174,2.177,2.173,2.174,228931.4
2025-09-30 12:00:00,2.175,2.176,2.17,2.17,211767.5
2025-09-30 12:15:00,2.171,2.18,2.17,2.177,368234.3
2025-09-30 12:30:00,2.178,2.181,2.172,2.175,234551.9
2025-09-30 12:45:00,2.175,2.178,2.165,2.165,296886.4
2025-09-30 13:00:00,2.166,2.172,2.158,2.165,412280.2
2025-09-30 13:15:00,2.166,2.176,2.163,2.172,359910.0
2025-09-30 13:30:00,2.172,2.183,2.164,2.18,508503.7
2025-09-30 13:45:00,2.18,2.187,2.166,2.173,554066.5
2025-09-30 14:00:00,2.173,2.178,2.162,2.171,862126.7
2025-09-30 14:15:00,2.171,2.177,2.16,2.162,702228.3
2025-09-30 14:30:00,2.163,2.166,2.157,2.16,555874.7
2025-09-30 14:45:00,2.16,2.17,2.155,2.168,506490.6
2025-09-30 15:00:00,2.168,2.169,2.131,2.143,2719186.9
2025-09-30 15:15:00,2.142,2.144,2.127,2.134,2293862.1
2025-09-30 15:30:00,2.134,2.145,2.133,2.143,1026281.3
2025-09-30 15:45:00,2.142,2.152,2.136,2.151,526750.6
2025-09-30 16:00:00,2.151,2.151,2.141,2.143,741994.7
2025-09-30 16:15:00,2.143,2.154,2.14,2.153,473546.8
2025-09-30 16:30:00,2.153,2.155,2.142,2.147,421387.1
2025-09-30 16:45:00,2.147,2.157,2.145,2.152,324684.4
2025-09-30 17:00:00,2.152,2.159,2.149,2.155,513954.7
2025-09-30 17:15:00,2.154,2.161,2.151,2.157,417011.0
2025-09-30 17:30:00,2.157,2.161,2.148,2.151,710862.0
2025-09-30 17:45:00,2.15,2.153,2.144,2.149,519283.1
2025-09-30 18:00:00,2.148,2.158,2.142,2.158,519333.9
2025-09-30 18:15:00,2.157,2.16,2.152,2.159,139675.0
2025-09-30 18:30:00,2.158,2.159,2.152,2.157,178233.9
2025-09-30 18:45:00,2.157,2.161,2.155,2.158,380549.2
2025-09-30 19:00:00,2.159,2.167,2.157,2.161,358404.0
2025-09-30 19:15:00,2.162,2.167,2.158,2.166,274069.1
2025-09-30 19:30:00,2.166,2.175,2.165,2.173,713351.0
2025-09-30 19:45:00,2.173,2.187,2.172,2.185,917396.5
2025-09-30 20:00:00,2.185,2.191,2.183,2.186,660781.5
2025-09-30 20:15:00,2.186,2.194,2.185,2.191,554188.5
2025-09-30 20:30:00,2.19,2.194,2.187,2.193,178118.4
2025-09-30 20:45:00,2.193,2.2,2.192,2.197,433938.2
2025-09-30 21:00:00,2.197,2.2,2.192,2.193,313413.7
2025-09-30 21:15:00,2.193,2.201,2.192,2.192,484654.4
2025-09-30 21:30:00,2.192,2.196,2.189,2.195,298711.2
2025-09-30 21:45:00,2.194,2.195,2.184,2.186,193313.4
2025-09-30 22:00:00,2.186,2.197,2.185,2.194,375996.6
2025-09-30 22:15:00,2.194,2.197,2.191,2.192,162380.1
2025-09-30 22:30:00,2.192,2.193,2.183,2.187,297753.0
2025-09-30 22:45:00,2.187,2.189,2.178,2.181,284733.3
2025-09-30 23:00:00,2.181,2.183,2.174,2.182,517757.2
2025-09-30 23:15:00,2.181,2.187,2.179,2.184,196578.1
2025-09-30 23:30:00,2.184,2.185,2.18,2.184,107436.4
2025-09-30 23:45:00,2.185,2.188,2.183,2.187,87981.0
2025-10-01 00:00:00,2.187,2.192,2.185,2.187,285646.2
2025-10-01 00:15:00,2.186,2.187,2.174,2.176,390940.3
2025-10-01 00:30:00,2.175,2.179,2.168,2.17,405375.3
2025-10-01 00:45:00,2.171,2.181,2.169,2.179,399272.8
2025-10-01 01:00:00,2.179,2.183,2.174,2.18,215453.5
2025-10-01 01:15:00,2.181,2.184,2.174,2.183,336372.2
2025-10-01 01:30:00,2.183,2.188,2.177,2.186,173664.8
2025-10-01 01:45:00,2.187,2.195,2.185,2.193,263896.8
2025-10-01 02:00:00,2.194,2.195,2.189,2.192,235118.9
2025-10-01 02:15:00,2.192,2.196,2.191,2.192,154712.9
2025-10-01 02:30:00,2.192,2.193,2.184,2.185,198018.1
2025-10-01 02:45:00,2.185,2.189,2.181,2.184,290362.9
2025-10-01 03:00:00,2.184,2.185,2.181,2.183,219411.9
2025-10-01 03:15:00,2.183,2.184,2.177,2.179,340450.5
2025-10-01 03:30:00,2.179,2.182,2.172,2.173,261452.5
2025-10-01 03:45:00,2.173,2.174,2.164,2.164,533436.0
2025-10-01 04:00:00,2.164,2.179,2.162,2.174,628423.1
2025-10-01 04:15:00,2.173,2.18,2.172,2.178,212050.2
2025-10-01 04:30:00,2.178,2.184,2.177,2.181,314413.2
2025-10-01 04:45:00,2.18,2.183,2.176,2.179,261044.0
2025-10-01 05:00:00,2.178,2.197,2.178,2.192,607283.0
2025-10-01 05:15:00,2.192,2.198,2.19,2.193,380926.4
2025-10-01 05:30:00,2.193,2.198,2.189,2.195,218589.8
2025-10-01 05:45:00,2.195,2.196,2.186,2.188,294969.7
2025-10-01 06:00:00,2.187,2.191,2.185,2.186,233057.6
2025-10-01 06:15:00,2.185,2.191,2.181,2.187,351224.7
2025-10-01 06:30:00,2.186,2.188,2.181,2.185,182529.1
2025-10-01 06:45:00,2.184,2.185,2.177,2.18,245449.9
2025-10-01 07:00:00,2.179,2.185,2.177,2.183,212292.1
2025-10-01 07:15:00,2.182,2.189,2.182,2.187,135542.7
2025-10-01 07:30:00,2.187,2.191,2.185,2.189,257726.0
2025-10-01 07:45:00,2.188,2.189,2.181,2.182,409790.1
2025-10-01 08:00:00,2.181,2.187,2.18,2.183,250006.4
2025-10-01 08:15:00,2.183,2.197,2.18,2.196,572310.3
2025-10-01 08:30:00,2.196,2.244,2.195,2.242,3469422.1
2025-10-01 08:45:00,2.242,2.262,2.239,2.261,4028994.2
2025-10-01 09:00:00,2.261,2.268,2.258,2.265,1357835.1
2025-10-01 09:15:00,2.264,2.268,2.253,2.264,1153614.0
2025-10-01 09:30:00,2.264,2.273,2.261,2.273,919166.8
2025-10-01 09:45:00,2.273,2.273,2.266,2.268,565572.0
2025-10-01 10:00:00,2.268,2.269,2.25,2.252,687793.0
2025-10-01 10:15:00,2.251,2.26,2.251,2.256,274398.2
2025-10-01 10:30:00,2.256,2.257,2.251,2.253,523628.8
2025-10-01 10:45:00,2.253,2.258,2.249,2.252,421559.3
2025-10-01 11:00:00,2.252,2.257,2.252,2.256,234371.1
2025-10-01 11:15:00,2.256,2.258,2.253,2.253,300925.5
2025-10-01 11:30:00,2.253,2.254,2.248,2.251,427074.1
2025-10-01 11:45:00,2.25,2.257,2.248,2.254,338941.0
2025-10-01 12:00:00,2.255,2.258,2.251,2.254,667196.8
2025-10-01 12:15:00,2.255,2.261,2.249,2.251,962907.2
2025-10-01 12:30:00,2.252,2.252,2.243,2.244,800083.2
2025-10-01 12:45:00,2.244,2.248,2.238,2.24,339271.6
2025-10-01 13:00:00,2.24,2.249,2.239,2.248,588442.0
2025-10-01 13:15:00,2.248,2.254,2.247,2.25,720584.7
2025-10-01 13:30:00,2.251,2.256,2.247,2.251,608737.4
2025-10-01 13:45:00,2.252,2.256,2.246,2.251,694289.3
2025-10-01 14:00:00,2.252,2.262,2.247,2.255,872645.2
2025-10-01 14:15:00,2.255,2.261,2.251,2.256,448650.6
2025-10-01 14:30:00,2.257,2.264,2.251,2.263,497666.0
2025-10-01 14:45:00,2.262,2.262,2.251,2.255,523378.6
2025-10-01 15:00:00,2.255,2.258,2.247,2.253,467094.8
2025-10-01 15:15:00,2.252,2.262,2.252,2.259,268227.0
2025-10-01 15:30:00,2.259,2.264,2.254,2.262,357978.2
2025-10-01 15:45:00,2.263,2.265,2.255,2.26,330296.3
2025-10-01 16:00:00,2.261,2.264,2.256,2.262,441933.6
2025-10-01 16:15:00,2.262,2.264,2.258,2.261,657172.2
2025-10-01 16:30:00,2.261,2.263,2.255,2.259,621968.5
2025-10-01 16:45:00,2.259,2.261,2.249,2.253,398011.2
2025-10-01 17:00:00,2.253,2.256,2.251,2.252,329137.6
2025-10-01 17:15:00,2.252,2.258,2.251,2.257,249976.3
2025-10-01 17:30:00,2.257,2.26,2.255,2.258,224470.5
2025-10-01 17:45:00,2.257,2.259,2.251,2.256,274111.5
2025-10-01 18:00:00,2.255,2.264,2.255,2.261,296899.1
2025-10-01 18:15:00,2.261,2.271,2.258,2.269,464952.9
2025-10-01 18:30:00,2.269,2.284,2.268,2.28,843980.0
2025-10-01 18:45:00,2.28,2.285,2.28,2.281,603585.2
2025-10-01 19:00:00,2.282,2.287,2.279,2.286,310419.5
2025-10-01 19:15:00,2.287,2.299,2.286,2.298,1093658.5
2025-10-01 19:30:00,2.299,2.3,2.292,2.294,717763.1
2025-10-01 19:45:00,2.293,2.3,2.292,2.293,663697.7
2025-10-01 20:00:00,2.294,2.298,2.287,2.289,901013.2
2025-10-01 20:15:00,2.289,2.294,2.286,2.291,495217.7
2025-10-01 20:30:00,2.291,2.293,2.288,2.293,231261.4
2025-10-01 20:45:00,2.293,2.295,2.291,2.292,214888.0
2025-10-01 21:00:00,2.293,2.294,2.285,2.287,665765.9
2025-10-01 21:15:00,2.287,2.29,2.282,2.287,362078.4
2025-10-01 21:30:00,2.287,2.288,2.28,2.287,401421.7
2025-10-01 21:45:00,2.287,2.288,2.28,2.285,109896.2
2025-10-01 22:00:00,2.285,2.298,2.285,2.289,394449.8
2025-10-01 22:15:00,2.289,2.29,2.286,2.289,162682.2
2025-10-01 22:30:00,2.288,2.288,2.281,2.285,167111.5
2025-10-01 22:45:00,2.285,2.29,2.284,2.288,202452.9
2025-10-01 23:00:00,2.288,2.289,2.284,2.287,190049.5
2025-10-01 23:15:00,2.288,2.293,2.286,2.289,261076.8
2025-10-01 23:30:00,2.289,2.295,2.288,2.292,270304.2
2025-10-01 23:45:00,2.292,2.298,2.29,2.295,274652.1
2025-10-02 00:00:00,2.296,2.307,2.293,2.305,1113704.5
2025-10-02 00:15:00,2.305,2.306,2.294,2.296,449722.3
2025-10-02 00:30:00,2.296,2.301,2.292,2.294,481764.1
2025-10-02 00:45:00,2.293,2.297,2.291,2.292,417017.0
2025-10-02 01:00:00,2.293,2.295,2.289,2.294,298450.8
2025-10-02 01:15:00,2.295,2.299,2.289,2.294,260087.3
2025-10-02 01:30:00,2.295,2.305,2.294,2.305,262201.3
2025-10-02 01:45:00,2.305,2.319,2.304,2.318,1009413.9
2025-10-02 02:00:00,2.317,2.321,2.307,2.315,603434.7
2025-10-02 02:15:00,2.315,2.319,2.309,2.318,665915.0
2025-10-02 02:30:00,2.319,2.331,2.317,2.328,688181.7
2025-10-02 02:45:00,2.329,2.332,2.321,2.326,475698.5
2025-10-02 03:00:00,2.327,2.329,2.322,2.325,389968.1
2025-10-02 03:15:00,2.325,2.326,2.319,2.322,308473.2
2025-10-02 03:30:00,2.323,2.327,2.319,2.32,245359.1
2025-10-02 03:45:00,2.32,2.324,2.317,2.319,368659.5
2025-10-02 04:00:00,2.319,2.325,2.317,2.322,342007.2
2025-10-02 04:15:00,2.323,2.325,2.317,2.318,233134.9
2025-10-02 04:30:00,2.319,2.319,2.31,2.316,429141.6
2025-10-02 04:45:00,2.317,2.326,2.314,2.325,271199.1
2025-10-02 05:00:00,2.326,2.333,2.325,2.332,289751.8
2025-10-02 05:15:00,2.333,2.339,2.326,2.336,564682.3
2025-10-02 05:30:00,2.337,2.34,2.331,2.336,506631.0
2025-10-02 05:45:00,2.336,2.339,2.333,2.336,388944.2
2025-10-02 06:00:00,2.337,2.341,2.333,2.338,306392.0
2025-10-02 06:15:00,2.339,2.345,2.335,2.341,428986.7
2025-10-02 06:30:00,2.342,2.352,2.34,2.343,1333536.0
2025-10-02 06:45:00,2.344,2.344,2.334,2.336,531156.7
2025-10-02 07:00:00,2.337,2.338,2.332,2.335,347007.7
2025-10-02 07:15:00,2.336,2.338,2.332,2.332,228184.4
2025-10-02 07:30:00,2.332,2.333,2.325,2.325,542932.2
2025-10-02 07:45:00,2.325,2.328,2.321,2.322,410372.5
2025-10-02 08:00:00,2.323,2.328,2.32,2.32,581168.1
2025-10-02 08:15:00,2.32,2.326,2.319,2.324,366240.0
2025-10-02 08:30:00,2.323,2.326,2.32,2.323,279183.5
2025-10-02 08:45:00,2.323,2.326,2.321,2.322,217533.4
2025-10-02 09:00:00,2.322,2.322,2.317,2.319,520392.7
2025-10-02 09:15:00,2.32,2.326,2.319,2.324,133749.2
2025-10-02 09:30:00,2.324,2.329,2.321,2.324,299347.0
2025-10-02 09:45:00,2.324,2.327,2.322,2.326,243440.8
2025-10-02 10:00:00,2.326,2.329,2.321,2.326,179484.6
2025-10-02 10:15:00,2.327,2.328,2.322,2.322,246799.5
2025-10-02 10:30:00,2.322,2.343,2.322,2.342,514529.5
2025-10-02 10:45:00,2.343,2.346,2.339,2.341,506929.9
2025-10-02 11:00:00,2.341,2.346,2.337,2.343,555843.1
2025-10-02 11:15:00,2.344,2.35,2.341,2.342,493856.2
2025-10-02 11:30:00,2.342,2.356,2.342,2.35,697447.8
2025-10-02 11:45:00,2.351,2.355,2.339,2.342,609555.6
2025-10-02 12:00:00,2.343,2.354,2.34,2.352,499205.0
2025-10-02 12:15:00,2.353,2.359,2.35,2.357,518152.4
2025-10-02 12:30:00,2.358,2.359,2.349,2.35,417736.6
2025-10-02 12:45:00,2.351,2.361,2.348,2.357,469186.3
2025-10-02 13:00:00,2.358,2.361,2.348,2.349,390887.1
2025-10-02 13:15:00,2.35,2.35,2.333,2.347,921262.9
2025-10-02 13:30:00,2.347,2.353,2.336,2.344,1108302.3
2025-10-02 13:45:00,2.344,2.355,2.344,2.346,743693.6
2025-10-02 14:00:00,2.346,2.349,2.331,2.335,668029.8
2025-10-02 14:15:00,2.335,2.343,2.331,2.341,412953.4
2025-10-02 14:30:00,2.341,2.343,2.313,2.317,1094909.5
2025-10-02 14:45:00,2.317,2.322,2.304,2.319,1873602.7
2025-10-02 15:00:00,2.319,2.331,2.305,2.326,1585945.8
2025-10-02 15:15:00,2.327,2.33,2.32,2.327,564903.5
2025-10-02 15:30:00,2.326,2.326,2.313,2.323,471584.7
2025-10-02 15:45:00,2.322,2.336,2.322,2.335,476571.7
2025-10-02 16:00:00,2.334,2.356,2.332,2.349,1475568.9
2025-10-02 16:15:00,2.349,2.352,2.34,2.343,601949.5
2025-10-02 16:30:00,2.342,2.346,2.329,2.332,644165.6
2025-10-02 16:45:00,2.332,2.343,2.331,2.341,529952.4
2025-10-02 17:00:00,2.34,2.347,2.336,2.344,639189.7
2025-10-02 17:15:00,2.344,2.355,2.339,2.355,510602.4
2025-10-02 17:30:00,2.355,2.374,2.353,2.374,1113446.4
2025-10-02 17:45:00,2.374,2.386,2.373,2.377,1479817.8
2025-10-02 18:00:00,2.377,2.387,2.377,2.386,820654.6
2025-10-02 18:15:00,2.385,2.39,2.381,2.385,580094.6
2025-10-02 18:30:00,2.385,2.387,2.378,2.381,660737.2
2025-10-02 18:45:00,2.38,2.386,2.379,2.384,305469.7
2025-10-02 19:00:00,2.383,2.392,2.38,2.391,1007315.4
2025-10-02 19:15:00,2.391,2.391,2.382,2.391,607513.5
2025-10-02 19:30:00,2.391,2.391,2.383,2.385,218133.1
2025-10-02 19:45:00,2.385,2.389,2.38,2.381,236924.0
2025-10-02 20:00:00,2.382,2.389,2.382,2.385,262232.3
2025-10-02 20:15:00,2.385,2.39,2.379,2.381,334574.7
2025-10-02 20:30:00,2.382,2.383,2.373,2.383,553387.3
2025-10-02 20:45:00,2.383,2.385,2.379,2.384,242165.2
2025-10-02 21:00:00,2.383,2.397,2.382,2.396,289084.8
2025-10-02 21:15:00,2.396,2.396,2.387,2.394,353639.1
2025-10-02 21:30:00,2.394,2.394,2.386,2.39,255391.2
2025-10-02 21:45:00,2.39,2.394,2.387,2.389,118225.5
2025-10-02 22:00:00,2.389,2.398,2.386,2.392,275931.5
2025-10-02 22:15:00,2.392,2.392,2.379,2.387,563458.6
2025-10-02 22:30:00,2.386,2.389,2.38,2.384,228278.8
2025-10-02 22:45:00,2.383,2.389,2.382,2.385,230395.2
2025-10-02 23:00:00,2.385,2.387,2.381,2.382,199899.3
2025-10-02 23:15:00,2.382,2.388,2.378,2.38,418802.2
2025-10-02 23:30:00,2.38,2.382,2.378,2.38,258210.0
2025-10-02 23:45:00,2.379,2.386,2.377,2.384,275631.7
2025-10-03 00:00:00,2.384,2.386,2.364,2.37,784014.0
2025-10-03 00:15:00,2.37,2.379,2.369,2.374,476962.3
2025-10-03 00:30:00,2.374,2.374,2.357,2.359,695146.0
2025-10-03 00:45:00,2.358,2.364,2.354,2.359,389151.8
2025-10-03 01:00:00,2.358,2.364,2.354,2.357,641303.4
2025-10-03 01:15:00,2.356,2.361,2.345,2.349,885376.9
2025-10-03 01:30:00,2.349,2.361,2.347,2.35,703322.3
2025-10-03 01:45:00,2.349,2.353,2.336,2.34,642695.1
2025-10-03 02:00:00,2.339,2.352,2.337,2.352,449584.4
2025-10-03 02:15:00,2.352,2.353,2.34,2.34,393725.2
2025-10-03 02:30:00,2.34,2.348,2.335,2.343,694609.4
2025-10-03 02:45:00,2.342,2.348,2.337,2.345,193818.9
2025-10-03 03:00:00,2.345,2.359,2.343,2.35,656933.6
2025-10-03 03:15:00,2.35,2.359,2.347,2.348,341506.3
2025-10-03 03:30:00,2.349,2.351,2.342,2.343,229356.4
2025-10-03 03:45:00,2.342,2.349,2.334,2.338,639798.2
2025-10-03 04:00:00,2.338,2.346,2.335,2.344,209489.7
2025-10-03 04:15:00,2.344,2.356,2.342,2.349,353222.7
2025-10-03 04:30:00,2.349,2.35,2.339,2.344,301461.8
2025-10-03 04:45:00,2.344,2.352,2.342,2.351,181774.1
2025-10-03 05:00:00,2.352,2.354,2.344,2.348,198922.4
2025-10-03 05:15:00,2.348,2.35,2.344,2.346,120600.9
2025-10-03 05:30:00,2.345,2.348,2.336,2.338,297047.6
2025-10-03 05:45:00,2.338,2.343,2.334,2.343,120400.8
2025-10-03 06:00:00,2.343,2.343,2.336,2.339,210163.5
2025-10-03 06:15:00,2.339,2.34,2.335,2.337,155357.8
2025-10-03 06:30:00,2.337,2.343,2.336,2.341,192379.0
2025-10-03 06:45:00,2.34,2.34,2.315,2.33,1478734.0
2025-10-03 07:00:00,2.33,2.33,2.32,2.327,489806.7
2025-10-03 07:15:00,2.326,2.331,2.317,2.32,614749.9
2025-10-03 07:30:00,2.321,2.328,2.319,2.322,389280.3
2025-10-03 07:45:00,2.322,2.331,2.321,2.33,188871.8
2025-10-03 08:00:00,2.331,2.332,2.322,2.324,264297.5
2025-10-03 08:15:00,2.323,2.328,2.312,2.325,921128.9
2025-10-03 08:30:00,2.325,2.33,2.322,2.328,430214.3
2025-10-03 08:45:00,2.329,2.334,2.327,2.332,272212.8
2025-10-03 09:00:00,2.332,2.333,2.324,2.325,277974.6
2025-10-03 09:15:00,2.326,2.335,2.322,2.333,352642.5
2025-10-03 09:30:00,2.333,2.334,2.322,2.325,256290.8
2025-10-03 09:45:00,2.325,2.332,2.325,2.329,268539.4
2025-10-03 10:00:00,2.33,2.33,2.324,2.327,219113.0
2025-10-03 10:15:00,2.327,2.331,2.326,2.33,138916.1
2025-10-03 10:30:00,2.33,2.332,2.325,2.329,194699.5
2025-10-03 10:45:00,2.329,2.331,2.325,2.325,140580.3
2025-10-03 11:00:00,2.325,2.328,2.319,2.321,269507.2
2025-10-03 11:15:00,2.321,2.324,2.315,2.321,411318.3
2025-10-03 11:30:00,2.321,2.324,2.318,2.321,220448.6
2025-10-03 11:45:00,2.322,2.325,2.32,2.321,216003.2
2025-10-03 12:00:00,2.322,2.325,2.315,2.324,408023.9
2025-10-03 12:15:00,2.324,2.329,2.319,2.32,352478.7
2025-10-03 12:30:00,2.321,2.329,2.32,2.324,295600.1
2025-10-03 12:45:00,2.324,2.329,2.321,2.327,240591.6
2025-10-03 13:00:00,2.328,2.328,2.314,2.318,749393.9
2025-10-03 13:15:00,2.317,2.339,2.315,2.337,571600.6
2025-10-03 13:30:00,2.338,2.348,2.33,2.333,1040440.4
2025-10-03 13:45:00,2.333,2.346,2.332,2.339,596904.5
2025-10-03 14:00:00,2.339,2.34,2.327,2.334,757857.5
2025-10-03 14:15:00,2.334,2.339,2.321,2.337,610777.9
2025-10-03 14:30:00,2.337,2.344,2.332,2.343,392956.2
2025-10-03 14:45:00,2.343,2.354,2.341,2.347,542013.0
2025-10-03 15:00:00,2.346,2.347,2.34,2.345,536703.3
2025-10-03 15:15:00,2.346,2.371,2.346,2.359,1001131.1
2025-10-03 15:30:00,2.358,2.374,2.357,2.373,827227.4
2025-10-03 15:45:00,2.374,2.388,2.368,2.386,745421.3
2025-10-03 16:00:00,2.385,2.408,2.385,2.404,2889086.4
2025-10-03 16:15:00,2.404,2.415,2.393,2.409,1427113.5
2025-10-03 16:30:00,2.41,2.432,2.404,2.432,1802498.8
2025-10-03 16:45:00,2.431,2.432,2.395,2.399,1612076.6
2025-10-03 17:00:00,2.398,2.404,2.351,2.397,4582736.6
2025-10-03 17:15:00,2.397,2.402,2.384,2.386,1207916.8
2025-10-03 17:30:00,2.386,2.395,2.379,2.388,759897.8
2025-10-03 17:45:00,2.389,2.39,2.364,2.37,1449852.4
2025-10-03 18:00:00,2.371,2.38,2.36,2.378,954259.3
2025-10-03 18:15:00,2.377,2.398,2.376,2.395,535892.5
2025-10-03 18:30:00,2.395,2.406,2.39,2.404,614729.6
2025-10-03 18:45:00,2.404,2.417,2.402,2.412,595025.6
2025-10-03 19:00:00,2.412,2.416,2.405,2.414,611825.4
2025-10-03 19:15:00,2.414,2.427,2.414,2.422,666005.8
2025-10-03 19:30:00,2.422,2.427,2.418,2.422,406518.1
2025-10-03 19:45:00,2.421,2.422,2.411,2.415,595409.5
2025-10-03 20:00:00,2.415,2.417,2.406,2.409,525516.5
2025-10-03 20:15:00,2.409,2.416,2.407,2.412,255005.0
2025-10-03 20:30:00,2.413,2.418,2.411,2.418,179446.9
2025-10-03 20:45:00,2.418,2.418,2.409,2.413,176755.0
2025-10-03 21:00:00,2.413,2.416,2.406,2.409,358923.7
2025-10-03 21:15:00,2.409,2.41,2.404,2.406,194395.1
2025-10-03 21:30:00,2.406,2.408,2.398,2.401,346806.2
2025-10-03 21:45:00,2.401,2.407,2.396,2.404,206880.4
2025-10-03 22:00:00,2.405,2.412,2.405,2.41,260859.0
2025-10-03 22:15:00,2.41,2.412,2.404,2.406,138229.0
2025-10-03 22:30:00,2.407,2.407,2.401,2.402,120160.8
2025-10-03 22:45:00,2.403,2.406,2.398,2.402,179346.5
2025-10-03 23:00:00,2.402,2.402,2.392,2.393,390272.2
2025-10-03 23:15:00,2.393,2.401,2.392,2.395,383551.4
2025-10-03 23:30:00,2.394,2.399,2.389,2.395,218655.3
2025-10-03 23:45:00,2.395,2.395,2.388,2.39,171779.1
2025-10-04 00:00:00,2.391,2.405,2.391,2.398,809224.5
2025-10-04 00:15:00,2.398,2.402,2.385,2.386,217859.2
2025-10-04 00:30:00,2.385,2.395,2.385,2.394,217969.1
2025-10-04 00:45:00,2.393,2.4,2.391,2.4,137326.1
2025-10-04 01:00:00,2.399,2.4,2.381,2.383,309582.0
2025-10-04 01:15:00,2.383,2.389,2.376,2.379,466335.6
2025-10-04 01:30:00,2.379,2.384,2.373,2.379,374812.6
2025-10-04 01:45:00,2.378,2.379,2.367,2.375,550647.7
2025-10-04 02:00:00,2.374,2.381,2.364,2.367,476309.7
2025-10-04 02:15:00,2.366,2.37,2.359,2.37,592808.2
2025-10-04 02:30:00,2.369,2.373,2.366,2.372,227037.8
2025-10-04 02:45:00,2.371,2.377,2.369,2.373,189634.2
2025-10-04 03:00:00,2.372,2.376,2.356,2.359,540790.8
2025-10-04 03:15:00,2.358,2.363,2.352,2.362,399030.4
2025-10-04 03:30:00,2.361,2.366,2.36,2.365,210404.0
2025-10-04 03:45:00,2.364,2.366,2.36,2.364,294286.4
2025-10-04 04:00:00,2.363,2.37,2.362,2.365,179701.0
2025-10-04 04:15:00,2.365,2.366,2.353,2.356,299168.6
2025-10-04 04:30:00,2.355,2.362,2.353,2.359,285309.0
2025-10-04 04:45:00,2.359,2.366,2.359,2.362,342782.2
2025-10-04 05:00:00,2.361,2.369,2.36,2.368,221534.1
2025-10-04 05:15:00,2.369,2.373,2.363,2.371,247011.5
2025-10-04 05:30:00,2.37,2.371,2.361,2.362,115127.2
2025-10-04 05:45:00,2.361,2.371,2.36,2.37,205379.8
2025-10-04 06:00:00,2.369,2.377,2.369,2.372,257433.5
2025-10-04 06:15:00,2.372,2.377,2.369,2.37,284066.1
2025-10-04 06:30:00,2.369,2.374,2.367,2.37,161146.7
2025-10-04 06:45:00,2.37,2.373,2.369,2.371,90120.9
2025-10-04 07:00:00,2.371,2.372,2.366,2.366,123944.3
2025-10-04 07:15:00,2.367,2.367,2.362,2.364,125710.2
2025-10-04 07:30:00,2.365,2.367,2.361,2.361,138174.0
2025-10-04 07:45:00,2.361,2.362,2.354,2.359,212700.9
2025-10-04 08:00:00,2.359,2.363,2.353,2.353,346983.7
2025-10-04 08:15:00,2.353,2.354,2.343,2.345,645130.2
2025-10-04 08:30:00,2.345,2.349,2.336,2.339,858286.2
2025-10-04 08:45:00,2.338,2.342,2.334,2.338,581791.1
2025-10-04 09:00:00,2.338,2.345,2.331,2.344,583866.0
2025-10-04 09:15:00,2.344,2.345,2.336,2.337,326017.0
2025-10-04 09:30:00,2.338,2.338,2.331,2.336,372593.8
2025-10-04 09:45:00,2.336,2.337,2.317,2.319,2119756.8
2025-10-04 10:00:00,2.319,2.332,2.318,2.326,1029906.3
2025-10-04 10:15:00,2.327,2.332,2.325,2.329,293797.6
2025-10-04 10:30:00,2.33,2.33,2.308,2.313,1373915.1
2025-10-04 10:45:00,2.313,2.316,2.303,2.308,1010932.6
2025-10-04 11:00:00,2.308,2.316,2.306,2.309,472181.3
2025-10-04 11:15:00,2.308,2.315,2.303,2.314,510974.1
2025-10-04 11:30:00,2.315,2.317,2.308,2.312,622503.7
2025-10-04 11:45:00,2.312,2.319,2.312,2.315,242874.9
2025-10-04 12:00:00,2.315,2.322,2.312,2.319,466148.1
2025-10-04 12:15:00,2.319,2.323,2.317,2.319,393864.0
2025-10-04 12:30:00,2.32,2.326,2.317,2.323,351497.2
2025-10-04 12:45:00,2.323,2.324,2.314,2.318,269996.9
2025-10-04 13:00:00,2.318,2.342,2.316,2.335,912021.9
2025-10-04 13:15:00,2.335,2.342,2.331,2.332,449174.1
2025-10-04 13:30:00,2.332,2.342,2.331,2.337,313115.6
2025-10-04 13:45:00,2.337,2.34,2.33,2.331,268566.3
2025-10-04 14:00:00,2.331,2.338,2.327,2.336,347488.1
2025-10-04 14:15:00,2.336,2.34,2.327,2.329,291002.5
2025-10-04 14:30:00,2.33,2.331,2.323,2.323,139880.7
2025-10-04 14:45:00,2.323,2.324,2.302,2.302,1462456.6
2025-10-04 15:00:00,2.302,2.313,2.295,2.302,1497287.4
2025-10-04 15:15:00,2.302,2.306,2.269,2.274,6047651.2
2025-10-04 15:30:00,2.275,2.281,2.267,2.28,2290970.6
2025-10-04 15:45:00,2.28,2.288,2.277,2.283,1029073.9
2025-10-04 16:00:00,2.283,2.288,2.279,2.282,634924.4
2025-10-04 16:15:00,2.282,2.287,2.274,2.281,726316.6
2025-10-04 16:30:00,2.281,2.293,2.281,2.289,538174.0
2025-10-04 16:45:00,2.29,2.292,2.285,2.292,351726.3
2025-10-04 17:00:00,2.291,2.297,2.287,2.288,392052.1
2025-10-04 17:15:00,2.287,2.295,2.285,2.294,232531.9
2025-10-04 17:30:00,2.295,2.296,2.283,2.286,398917.7
2025-10-04 17:45:00,2.286,2.292,2.282,2.291,218098.9
2025-10-04 18:00:00,2.29,2.294,2.29,2.292,182751.5
2025-10-04 18:15:00,2.292,2.293,2.286,2.289,218188.4
2025-10-04 18:30:00,2.289,2.291,2.283,2.288,214946.2
2025-10-04 18:45:00,2.287,2.288,2.282,2.285,223821.2
2025-10-04 19:00:00,2.285,2.291,2.283,2.291,230987.4
2025-10-04 19:15:00,2.291,2.296,2.289,2.294,307807.8
2025-10-04 19:30:00,2.295,2.298,2.292,2.293,236961.2
2025-10-04 19:45:00,2.293,2.299,2.292,2.299,98406.1
2025-10-04 20:00:00,2.299,2.303,2.298,2.3,204986.3
2025-10-04 20:15:00,2.3,2.307,2.299,2.305,246557.7
2025-10-04 20:30:00,2.305,2.307,2.301,2.307,247152.6
2025-10-04 20:45:00,2.306,2.307,2.3,2.301,158001.6
2025-10-04 21:00:00,2.3,2.309,2.3,2.309,151004.1
2025-10-04 21:15:00,2.309,2.312,2.306,2.311,154131.4
2025-10-04 21:30:00,2.311,2.312,2.307,2.309,145598.9
2025-10-04 21:45:00,2.309,2.311,2.305,2.305,62557.0
2025-10-04 22:00:00,2.305,2.311,2.305,2.306,191423.5
2025-10-04 22:15:00,2.305,2.308,2.302,2.307,191798.3
2025-10-04 22:30:00,2.308,2.314,2.308,2.314,259539.8
2025-10-04 22:45:00,2.315,2.317,2.312,2.312,160056.6
2025-10-04 23:00:00,2.313,2.314,2.307,2.308,245295.1
2025-10-04 23:15:00,2.308,2.313,2.307,2.312,114464.6
2025-10-04 23:30:00,2.312,2.314,2.311,2.314,172032.9
2025-10-04 23:45:00,2.315,2.315,2.311,2.312,103209.0
2025-10-05 00:00:00,2.313,2.314,2.308,2.312,169226.4
2025-10-05 00:15:00,2.312,2.323,2.31,2.32,490829.0
2025-10-05 00:30:00,2.321,2.321,2.304,2.305,420180.8
2025-10-05 00:45:00,2.305,2.305,2.294,2.296,507995.7
2025-10-05 01:00:00,2.296,2.305,2.293,2.301,283300.8
2025-10-05 01:15:00,2.302,2.304,2.294,2.303,205294.0
2025-10-05 01:30:00,2.303,2.306,2.3,2.306,280509.3
2025-10-05 01:45:00,2.306,2.306,2.301,2.303,120220.2
2025-10-05 02:00:00,2.303,2.303,2.298,2.302,149701.1
2025-10-05 02:15:00,2.301,2.307,2.299,2.307,280447.0
2025-10-05 02:30:00,2.307,2.339,2.305,2.326,2577948.8
2025-10-05 02:45:00,2.327,2.345,2.326,2.344,838196.1
2025-10-05 03:00:00,2.344,2.353,2.341,2.346,1300083.8
2025-10-05 03:15:00,2.345,2.345,2.334,2.343,779492.6
2025-10-05 03:30:00,2.342,2.352,2.342,2.35,562456.7
2025-10-05 03:45:00,2.351,2.354,2.336,2.338,648381.5
2025-10-05 04:00:00,2.337,2.344,2.335,2.34,326340.3
2025-10-05 04:15:00,2.34,2.347,2.338,2.338,341722.6
2025-10-05 04:30:00,2.338,2.344,2.335,2.34,451519.7
2025-10-05 04:45:00,2.341,2.369,2.34,2.363,2419133.4
2025-10-05 05:00:00,2.364,2.371,2.359,2.363,860744.5
2025-10-05 05:15:00,2.364,2.372,2.36,2.371,241029.6
2025-10-05 05:30:00,2.372,2.377,2.368,2.374,703981.2
2025-10-05 05:45:00,2.375,2.376,2.369,2.375,405706.7
2025-10-05 06:00:00,2.376,2.376,2.37,2.374,289544.1
2025-10-05 06:15:00,2.375,2.376,2.365,2.369,249356.2
2025-10-05 06:30:00,2.37,2.372,2.362,2.368,350146.4
2025-10-05 06:45:00,2.368,2.374,2.364,2.366,215859.0
2025-10-05 07:00:00,2.366,2.384,2.366,2.381,484826.7
2025-10-05 07:15:00,2.381,2.389,2.381,2.383,335921.0
2025-10-05 07:30:00,2.382,2.394,2.38,2.391,544069.0
2025-10-05 07:45:00,2.392,2.405,2.387,2.404,673865.6
2025-10-05 08:00:00,2.404,2.417,2.397,2.401,1451914.9
2025-10-05 08:15:00,2.401,2.405,2.396,2.396,303567.8
2025-10-05 08:30:00,2.396,2.399,2.389,2.392,540701.9
2025-10-05 08:45:00,2.392,2.393,2.388,2.39,283110.5
2025-10-05 09:00:00,2.391,2.393,2.385,2.392,406943.6
2025-10-05 09:15:00,2.393,2.397,2.387,2.391,417042.8
2025-10-05 09:30:00,2.391,2.392,2.371,2.375,2615761.1
2025-10-05 09:45:00,2.375,2.384,2.364,2.374,1231138.6
2025-10-05 10:00:00,2.374,2.376,2.361,2.372,1271466.6
2025-10-05 10:15:00,2.372,2.387,2.37,2.376,625125.9
2025-10-05 10:30:00,2.375,2.375,2.367,2.374,896844.5
2025-10-05 10:45:00,2.374,2.38,2.367,2.368,257816.3
2025-10-05 11:00:00,2.368,2.372,2.357,2.36,906915.0
2025-10-05 11:15:00,2.359,2.369,2.356,2.368,405105.9
2025-10-05 11:30:00,2.368,2.368,2.359,2.365,221327.2
2025-10-05 11:45:00,2.365,2.372,2.364,2.367,252901.4
2025-10-05 12:00:00,2.368,2.369,2.354,2.363,476693.3
2025-10-05 12:15:00,2.362,2.368,2.358,2.36,229853.6
2025-10-05 12:30:00,2.36,2.364,2.351,2.352,453605.1
2025-10-05 12:45:00,2.351,2.358,2.35,2.351,381628.1
2025-10-05 13:00:00,2.351,2.358,2.349,2.356,430009.7
2025-10-05 13:15:00,2.355,2.359,2.351,2.358,264522.3
2025-10-05 13:30:00,2.357,2.365,2.353,2.361,260675.6
2025-10-05 13:45:00,2.36,2.365,2.357,2.362,176999.6
2025-10-05 14:00:00,2.361,2.378,2.36,2.375,622379.8
2025-10-05 14:15:00,2.376,2.377,2.366,2.368,262162.3
2025-10-05 14:30:00,2.368,2.371,2.352,2.356,471569.4
2025-10-05 14:45:00,2.355,2.361,2.348,2.361,714677.6
2025-10-05 15:00:00,2.36,2.366,2.358,2.366,224516.6
2025-10-05 15:15:00,2.366,2.374,2.365,2.368,426997.8
2025-10-05 15:30:00,2.368,2.368,2.359,2.364,502012.4
2025-10-05 15:45:00,2.364,2.371,2.363,2.37,191482.7
2025-10-05 16:00:00,2.37,2.378,2.367,2.373,468268.3
2025-10-05 16:15:00,2.372,2.374,2.366,2.369,290599.0
2025-10-05 16:30:00,2.368,2.37,2.362,2.364,267362.6
2025-10-05 16:45:00,2.363,2.374,2.349,2.372,1402867.9
2025-10-05 17:00:00,2.373,2.379,2.364,2.368,432134.2
2025-10-05 17:15:00,2.367,2.374,2.364,2.366,177946.8
2025-10-05 17:30:00,2.365,2.365,2.355,2.359,340200.8
2025-10-05 17:45:00,2.358,2.36,2.338,2.346,1371034.6
2025-10-05 18:00:00,2.345,2.35,2.327,2.334,1016979.9
2025-10-05 18:15:00,2.334,2.342,2.33,2.341,293158.7
2025-10-05 18:30:00,2.34,2.351,2.339,2.348,461139.7
2025-10-05 18:45:00,2.347,2.353,2.343,2.344,236960.0
2025-10-05 19:00:00,2.344,2.344,2.319,2.327,1337707.9
2025-10-05 19:15:00,2.328,2.337,2.324,2.332,609280.0
2025-10-05 19:30:00,2.332,2.332,2.323,2.324,589480.5
2025-10-05 19:45:00,2.323,2.326,2.31,2.313,1250408.3
2025-10-05 20:00:00,2.314,2.323,2.304,2.319,1481383.0
2025-10-05 20:15:00,2.318,2.322,2.314,2.318,425279.8
2025-10-05 20:30:00,2.318,2.33,2.318,2.325,369591.3
2025-10-05 20:45:00,2.325,2.328,2.319,2.321,211559.5
2025-10-05 21:00:00,2.32,2.324,2.317,2.324,342995.8
2025-10-05 21:15:00,2.324,2.326,2.317,2.324,243177.4
2025-10-05 21:30:00,2.324,2.329,2.321,2.329,165813.5
2025-10-05 21:45:00,2.328,2.329,2.322,2.325,142517.7
2025-10-05 22:00:00,2.326,2.336,2.32,2.323,559177.2
2025-10-05 22:15:00,2.323,2.33,2.32,2.326,279835.4
2025-10-05 22:30:00,2.326,2.33,2.324,2.33,232440.1
2025-10-05 22:45:00,2.329,2.336,2.326,2.334,666684.4
2025-10-05 23:00:00,2.335,2.337,2.329,2.333,338892.8
2025-10-05 23:15:00,2.333,2.335,2.329,2.334,188271.5
2025-10-05 23:30:00,2.335,2.338,2.331,2.331,259742.7
2025-10-05 23:45:00,2.331,2.334,2.328,2.33,220967.0
2025-10-06 00:00:00,2.33,2.33,2.313,2.325,907225.9
2025-10-06 00:15:00,2.325,2.35,2.325,2.33,1275727.1
2025-10-06 00:30:00,2.33,2.337,2.321,2.329,795401.0
2025-10-06 00:45:00,2.33,2.332,2.311,2.318,655074.4
2025-10-06 01:00:00,2.318,2.329,2.308,2.325,1139626.6
2025-10-06 01:15:00,2.325,2.344,2.317,2.339,1202510.5
2025-10-06 01:30:00,2.34,2.354,2.337,2.338,759000.7
2025-10-06 01:45:00,2.339,2.343,2.333,2.338,404841.4
2025-10-06 02:00:00,2.339,2.347,2.336,2.343,351929.8
2025-10-06 02:15:00,2.343,2.351,2.34,2.34,386199.3
2025-10-06 02:30:00,2.34,2.344,2.328,2.341,490286.4
2025-10-06 02:45:00,2.341,2.36,2.34,2.349,721289.5
2025-10-06 03:00:00,2.349,2.35,2.343,2.347,320879.9
2025-10-06 03:15:00,2.347,2.349,2.342,2.346,391400.4
2025-10-06 03:30:00,2.346,2.352,2.34,2.342,286426.6
2025-10-06 03:45:00,2.342,2.343,2.335,2.34,363316.4
2025-10-06 04:00:00,2.341,2.342,2.331,2.335,278486.6
2025-10-06 04:15:00,2.336,2.341,2.333,2.337,211068.5
2025-10-06 04:30:00,2.337,2.34,2.325,2.329,271545.3
2025-10-06 04:45:00,2.33,2.333,2.321,2.324,511252.9
2025-10-06 05:00:00,2.325,2.327,2.316,2.316,315423.1
2025-10-06 05:15:00,2.316,2.33,2.315,2.33,334648.1
2025-10-06 05:30:00,2.33,2.331,2.319,2.323,202600.4
2025-10-06 05:45:00,2.322,2.334,2.322,2.332,274707.1
2025-10-06 06:00:00,2.332,2.342,2.331,2.341,387757.5
2025-10-06 06:15:00,2.341,2.354,2.335,2.354,416900.0
2025-10-06 06:30:00,2.353,2.362,2.35,2.354,776931.1
2025-10-06 06:45:00,2.353,2.354,2.342,2.353,619332.9
2025-10-06 07:00:00,2.353,2.361,2.35,2.358,444171.5
2025-10-06 07:15:00,2.358,2.36,2.349,2.352,255223.3
2025-10-06 07:30:00,2.352,2.353,2.332,2.337,640266.9
2025-10-06 07:45:00,2.336,2.344,2.33,2.343,548193.4
2025-10-06 08:00:00,2.344,2.354,2.344,2.348,343778.6
2025-10-06 08:15:00,2.348,2.351,2.344,2.35,245561.7
2025-10-06 08:30:00,2.351,2.36,2.351,2.353,471429.1
2025-10-06 08:45:00,2.353,2.356,2.351,2.354,301564.2
2025-10-06 09:00:00,2.354,2.36,2.351,2.355,289944.0
2025-10-06 09:15:00,2.354,2.361,2.35,2.354,411940.5
2025-10-06 09:30:00,2.355,2.356,2.351,2.352,192381.7
2025-10-06 09:45:00,2.351,2.358,2.351,2.353,250720.2
2025-10-06 10:00:00,2.353,2.357,2.347,2.35,236859.3
2025-10-06 10:15:00,2.35,2.353,2.345,2.349,389023.1
2025-10-06 10:30:00,2.349,2.35,2.34,2.341,481615.5
2025-10-06 10:45:00,2.342,2.352,2.342,2.348,321982.7
2025-10-06 11:00:00,2.349,2.349,2.341,2.344,208144.7
2025-10-06 11:15:00,2.345,2.363,2.343,2.361,459691.9
2025-10-06 11:30:00,2.362,2.364,2.35,2.354,299039.7
2025-10-06 11:45:00,2.354,2.358,2.35,2.351,171332.5
2025-10-06 12:00:00,2.351,2.363,2.351,2.362,225536.7
2025-10-06 12:15:00,2.363,2.37,2.362,2.365,479038.4
2025-10-06 12:30:00,2.365,2.371,2.363,2.364,321172.9
2025-10-06 12:45:00,2.364,2.37,2.364,2.367,240400.3
2025-10-06 13:00:00,2.368,2.375,2.367,2.368,708664.9
2025-10-06 13:15:00,2.369,2.382,2.363,2.379,700511.6
2025-10-06 13:30:00,2.379,2.414,2.378,2.4,4716140.1
2025-10-06 13:45:00,2.4,2.422,2.39,2.416,1792528.4
2025-10-06 14:00:00,2.416,2.43,2.404,2.417,5015346.9
2025-10-06 14:15:00,2.417,2.421,2.402,2.412,807861.5
2025-10-06 14:30:00,2.412,2.423,2.402,2.407,970214.4
2025-10-06 14:45:00,2.407,2.41,2.398,2.403,677719.5
2025-10-06 15:00:00,2.403,2.415,2.402,2.414,556939.0
2025-10-06 15:15:00,2.414,2.425,2.413,2.425,561864.2
2025-10-06 15:30:00,2.425,2.426,2.415,2.419,719454.4
2025-10-06 15:45:00,2.419,2.421,2.414,2.416,229061.4
2025-10-06 16:00:00,2.416,2.425,2.405,2.41,679755.5
2025-10-06 16:15:00,2.41,2.416,2.404,2.406,399514.2
2025-10-06 16:30:00,2.405,2.412,2.401,2.407,424869.8
2025-10-06 16:45:00,2.408,2.414,2.402,2.413,226695.8
2025-10-06 17:00:00,2.413,2.415,2.407,2.414,402784.0
2025-10-06 17:15:00,2.415,2.425,2.41,2.423,450037.9
2025-10-06 17:30:00,2.424,2.428,2.411,2.423,502073.6
2025-10-06 17:45:00,2.423,2.43,2.418,2.422,311205.4
2025-10-06 18:00:00,2.421,2.426,2.42,2.423,390170.9
2025-10-06 18:15:00,2.423,2.425,2.419,2.421,241998.2
2025-10-06 18:30:00,2.422,2.422,2.411,2.417,340671.0
2025-10-06 18:45:00,2.416,2.424,2.416,2.421,371850.8
2025-10-06 19:00:00,2.421,2.422,2.414,2.418,225160.8
2025-10-06 19:15:00,2.418,2.419,2.412,2.415,166558.8
2025-10-06 19:30:00,2.414,2.423,2.413,2.414,257772.0
2025-10-06 19:45:00,2.414,2.421,2.414,2.419,197434.4
2025-10-06 20:00:00,2.419,2.428,2.415,2.419,383308.0
2025-10-06 20:15:00,2.418,2.419,2.41,2.414,413038.1
2025-10-06 20:30:00,2.413,2.416,2.404,2.406,571445.4
2025-10-06 20:45:00,2.406,2.415,2.405,2.413,265390.0
2025-10-06 21:00:00,2.412,2.416,2.406,2.407,385723.8
2025-10-06 21:15:00,2.408,2.412,2.397,2.409,686976.3
2025-10-06 21:30:00,2.408,2.416,2.403,2.415,365867.0
2025-10-06 21:45:00,2.415,2.417,2.404,2.413,205913.9
2025-10-06 22:00:00,2.413,2.422,2.411,2.417,601608.4
2025-10-06 22:15:00,2.417,2.418,2.411,2.415,207344.3
2025-10-06 22:30:00,2.414,2.416,2.405,2.409,166195.2
2025-10-06 22:45:00,2.408,2.415,2.405,2.415,282064.7
2025-10-06 23:00:00,2.415,2.416,2.406,2.407,267950.0
2025-10-06 23:15:00,2.407,2.41,2.402,2.409,300849.5
2025-10-06 23:30:00,2.409,2.41,2.405,2.409,167931.2
2025-10-06 23:45:00,2.408,2.409,2.404,2.407,169159.6
2025-10-07 00:00:00,2.406,2.414,2.405,2.41,216378.7
2025-10-07 00:15:00,2.41,2.412,2.401,2.403,442371.1
2025-10-07 00:30:00,2.403,2.411,2.402,2.411,187616.5
2025-10-07 00:45:00,2.411,2.411,2.401,2.411,177475.9
2025-10-07 01:00:00,2.41,2.416,2.407,2.409,231825.9
2025-10-07 01:15:00,2.409,2.41,2.393,2.401,451225.9
2025-10-07 01:30:00,2.402,2.403,2.394,2.4,175949.8
2025-10-07 01:45:00,2.4,2.4,2.396,2.4,132264.8
2025-10-07 02:00:00,2.4,2.406,2.398,2.4,212485.1
2025-10-07 02:15:00,2.4,2.405,2.395,2.403,163181.7
2025-10-07 02:30:00,2.403,2.406,2.39,2.395,345551.8
2025-10-07 02:45:00,2.395,2.4,2.395,2.396,104508.1
2025-10-07 03:00:00,2.395,2.403,2.392,2.402,274603.0
2025-10-07 03:15:00,2.402,2.402,2.388,2.389,263030.9
2025-10-07 03:30:00,2.389,2.393,2.388,2.393,101861.1
2025-10-07 03:45:00,2.393,2.397,2.392,2.395,105603.8
2025-10-07 04:00:00,2.395,2.395,2.381,2.384,522682.4
2025-10-07 04:15:00,2.383,2.392,2.379,2.392,239633.6
2025-10-07 04:30:00,2.391,2.405,2.391,2.403,338703.4
2025-10-07 04:45:00,2.402,2.414,2.402,2.407,494354.2
2025-10-07 05:00:00,2.407,2.409,2.397,2.402,392775.3
2025-10-07 05:15:00,2.401,2.412,2.401,2.407,264292.2
2025-10-07 05:30:00,2.408,2.411,2.401,2.41,409251.2
2025-10-07 05:45:00,2.409,2.41,2.4,2.402,189300.1
2025-10-07 06:00:00,2.402,2.406,2.398,2.399,388207.7
2025-10-07 06:15:00,2.398,2.399,2.386,2.387,339349.6
2025-10-07 06:30:00,2.386,2.392,2.368,2.377,1435063.1
2025-10-07 06:45:00,2.377,2.381,2.374,2.377,725501.7
2025-10-07 07:00:00,2.376,2.385,2.374,2.381,469735.4
2025-10-07 07:15:00,2.381,2.39,2.374,2.39,603025.1
2025-10-07 07:30:00,2.389,2.39,2.368,2.373,802586.8
2025-10-07 07:45:00,2.372,2.378,2.369,2.376,246894.0
2025-10-07 08:00:00,2.376,2.376,2.353,2.367,2073246.8
2025-10-07 08:15:00,2.367,2.37,2.357,2.359,856666.4
2025-10-07 08:30:00,2.359,2.373,2.35,2.372,889939.9
2025-10-07 08:45:00,2.372,2.38,2.365,2.373,611659.1
2025-10-07 09:00:00,2.373,2.386,2.371,2.385,618320.5
2025-10-07 09:15:00,2.384,2.389,2.382,2.385,330614.2
2025-10-07 09:30:00,2.385,2.388,2.379,2.383,330958.5
2025-10-07 09:45:00,2.383,2.388,2.381,2.386,370116.5
2025-10-07 10:00:00,2.386,2.393,2.379,2.392,614883.3
2025-10-07 10:15:00,2.392,2.392,2.385,2.388,436483.9
2025-10-07 10:30:00,2.388,2.399,2.387,2.39,266456.3
2025-10-07 10:45:00,2.391,2.393,2.388,2.39,184184.6
2025-10-07 11:00:00,2.391,2.393,2.385,2.386,405811.7
2025-10-07 11:15:00,2.386,2.398,2.386,2.392,517711.5
2025-10-07 11:30:00,2.393,2.398,2.39,2.392,367593.2
2025-10-07 11:45:00,2.393,2.403,2.391,2.401,345666.4
2025-10-07 12:00:00,2.401,2.406,2.394,2.398,372874.0
2025-10-07 12:15:00,2.399,2.4,2.392,2.394,380662.4
2025-10-07 12:30:00,2.394,2.396,2.389,2.392,320070.0
2025-10-07 12:45:00,2.393,2.409,2.391,2.408,581992.2
2025-10-07 13:00:00,2.408,2.41,2.4,2.4,424386.1
2025-10-07 13:15:00,2.4,2.404,2.396,2.402,530562.7
2025-10-07 13:30:00,2.403,2.404,2.355,2.372,2787426.2
2025-10-07 13:45:00,2.372,2.382,2.357,2.377,1738687.2
2025-10-07 14:00:00,2.378,2.381,2.335,2.348,3885539.8
2025-10-07 14:15:00,2.348,2.358,2.33,2.337,1470400.9
2025-10-07 14:30:00,2.336,2.347,2.325,2.336,1949523.3
2025-10-07 14:45:00,2.337,2.34,2.322,2.324,1906144.2
2025-10-07 15:00:00,2.324,2.33,2.285,2.303,6978111.6
2025-10-07 15:15:00,2.303,2.315,2.298,2.3,1321660.2
2025-10-07 15:30:00,2.3,2.3,2.277,2.29,3174820.1
2025-10-07 15:45:00,2.29,2.295,2.279,2.29,1701753.0
2025-10-07 16:00:00,2.289,2.293,2.268,2.277,3026675.6
2025-10-07 16:15:00,2.276,2.287,2.27,2.276,1607363.9
2025-10-07 16:30:00,2.276,2.302,2.273,2.295,1448547.5
2025-10-07 16:45:00,2.295,2.311,2.293,2.302,1224937.2
2025-10-07 17:00:00,2.301,2.309,2.299,2.302,456709.6
2025-10-07 17:15:00,2.303,2.308,2.298,2.304,382167.2
2025-10-07 17:30:00,2.303,2.307,2.297,2.302,277305.5
2025-10-07 17:45:00,2.301,2.307,2.29,2.291,534256.1
2025-10-07 18:00:00,2.291,2.301,2.288,2.299,565903.2
2025-10-07 18:15:00,2.298,2.3,2.283,2.29,770749.9
2025-10-07 18:30:00,2.289,2.292,2.281,2.286,349322.2
2025-10-07 18:45:00,2.286,2.287,2.279,2.28,335139.2
2025-10-07 19:00:00,2.28,2.289,2.277,2.279,783993.6
2025-10-07 19:15:00,2.28,2.291,2.279,2.281,522895.5
2025-10-07 19:30:00,2.281,2.288,2.278,2.279,425049.3
2025-10-07 19:45:00,2.279,2.295,2.277,2.285,401849.8
2025-10-07 20:00:00,2.286,2.303,2.283,2.299,581814.3
2025-10-07 20:15:00,2.299,2.307,2.295,2.306,377465.3
2025-10-07 20:30:00,2.306,2.313,2.304,2.306,465970.9
2025-10-07 20:45:00,2.305,2.313,2.304,2.305,217994.5
2025-10-07 21:00:00,2.304,2.307,2.298,2.303,517452.1
2025-10-07 21:15:00,2.303,2.31,2.301,2.307,290343.0
2025-10-07 21:30:00,2.307,2.309,2.292,2.294,293875.6
2025-10-07 21:45:00,2.294,2.296,2.284,2.291,391647.2
2025-10-07 22:00:00,2.292,2.296,2.285,2.294,282130.9
2025-10-07 22:15:00,2.295,2.304,2.293,2.299,350481.3
2025-10-07 22:30:00,2.299,2.305,2.294,2.299,183739.3
2025-10-07 22:45:00,2.3,2.302,2.296,2.297,105376.6
2025-10-07 23:00:00,2.298,2.3,2.292,2.293,163657.9
2025-10-07 23:15:00,2.293,2.296,2.289,2.293,149704.3
2025-10-07 23:30:00,2.294,2.294,2.277,2.284,569146.9
2025-10-07 23:45:00,2.284,2.285,2.273,2.279,637587.0
2025-10-08 00:00:00,2.279,2.288,2.276,2.283,596128.1
2025-10-08 00:15:00,2.282,2.293,2.282,2.288,478375.2
2025-10-08 00:30:00,2.287,2.299,2.275,2.295,566145.2
2025-10-08 00:45:00,2.296,2.301,2.292,2.294,273150.4
2025-10-08 01:00:00,2.293,2.301,2.29,2.296,329456.7
2025-10-08 01:15:00,2.296,2.307,2.292,2.301,257818.3
2025-10-08 01:30:00,2.301,2.307,2.298,2.3,220810.3
2025-10-08 01:45:00,2.299,2.304,2.299,2.302,192585.8
2025-10-08 02:00:00,2.302,2.306,2.294,2.296,379021.4
2025-10-08 02:15:00,2.296,2.306,2.295,2.304,169171.2
2025-10-08 02:30:00,2.303,2.304,2.291,2.293,192474.5
2025-10-08 02:45:00,2.292,2.298,2.29,2.293,159177.1
2025-10-08 03:00:00,2.292,2.293,2.279,2.281,332295.8
2025-10-08 03:15:00,2.281,2.284,2.246,2.262,2153456.0
2025-10-08 03:30:00,2.262,2.271,2.259,2.265,849647.9
2025-10-08 03:45:00,2.265,2.273,2.263,2.267,415181.6
2025-10-08 04:00:00,2.267,2.278,2.252,2.277,1320542.6
2025-10-08 04:15:00,2.277,2.283,2.27,2.275,433701.5
2025-10-08 04:30:00,2.274,2.283,2.274,2.277,346706.9
2025-10-08 04:45:00,2.277,2.281,2.274,2.279,208977.3
2025-10-08 05:00:00,2.279,2.279,2.267,2.27,343717.9
2025-10-08 05:15:00,2.27,2.272,2.259,2.266,411304.2
2025-10-08 05:30:00,2.266,2.269,2.261,2.262,283060.8
2025-10-08 05:45:00,2.261,2.268,2.257,2.267,209902.7
2025-10-08 06:00:00,2.266,2.269,2.257,2.267,507980.3
2025-10-08 06:15:00,2.266,2.27,2.26,2.263,387188.3
2025-10-08 06:30:00,2.262,2.271,2.261,2.267,280599.7
2025-10-08 06:45:00,2.266,2.278,2.266,2.276,227782.3
2025-10-08 07:00:00,2.276,2.281,2.272,2.275,236202.5
2025-10-08 07:15:00,2.275,2.279,2.271,2.277,193325.1
2025-10-08 07:30:00,2.277,2.279,2.27,2.276,217607.2
2025-10-08 07:45:00,2.276,2.285,2.272,2.285,257337.0
2025-10-08 08:00:00,2.285,2.289,2.283,2.284,483415.8
2025-10-08 08:15:00,2.284,2.292,2.281,2.288,309008.8
2025-10-08 08:30:00,2.288,2.304,2.286,2.303,592272.9
2025-10-08 08:45:00,2.304,2.305,2.291,2.295,249411.6
2025-10-08 09:00:00,2.296,2.298,2.29,2.292,273866.8
2025-10-08 09:15:00,2.292,2.292,2.283,2.286,337218.1
2025-10-08 09:30:00,2.286,2.291,2.284,2.29,387580.9
2025-10-08 09:45:00,2.291,2.292,2.284,2.291,155794.8
2025-10-08 10:00:00,2.292,2.299,2.288,2.289,306326.0
2025-10-08 10:15:00,2.289,2.293,2.286,2.29,167810.0
2025-10-08 10:30:00,2.29,2.297,2.287,2.294,198365.3
2025-10-08 10:45:00,2.295,2.296,2.291,2.293,253774.3
2025-10-08 11:00:00,2.293,2.299,2.29,2.296,278734.8
2025-10-08 11:15:00,2.296,2.297,2.288,2.289,200486.2
2025-10-08 11:30:00,2.289,2.289,2.283,2.283,346260.5
2025-10-08 11:45:00,2.283,2.289,2.282,2.286,256310.1
2025-10-08 12:00:00,2.287,2.293,2.282,2.289,432470.4
2025-10-08 12:15:00,2.29,2.29,2.28,2.287,369334.2
2025-10-08 12:30:00,2.286,2.291,2.28,2.289,273450.6
2025-10-08 12:45:00,2.289,2.29,2.282,2.287,138436.9
2025-10-08 13:00:00,2.286,2.292,2.283,2.292,384205.7
2025-10-08 13:15:00,2.292,2.295,2.283,2.284,333517.9
2025-10-08 13:30:00,2.283,2.291,2.275,2.281,524321.4
2025-10-08 13:45:00,2.281,2.297,2.271,2.296,820508.9
2025-10-08 14:00:00,2.296,2.322,2.295,2.312,2128350.3
2025-10-08 14:15:00,2.312,2.32,2.303,2.303,690468.4
2025-10-08 14:30:00,2.303,2.309,2.295,2.297,613947.8
2025-10-08 14:45:00,2.297,2.301,2.284,2.289,581413.5
2025-10-08 15:00:00,2.29,2.309,2.288,2.304,385660.7
2025-10-08 15:15:00,2.304,2.31,2.297,2.305,414205.4
2025-10-08 15:30:00,2.305,2.308,2.301,2.307,243976.4
2025-10-08 15:45:00,2.307,2.307,2.298,2.301,361586.6
2025-10-08 16:00:00,2.3,2.315,2.296,2.315,309230.4
2025-10-08 16:15:00,2.315,2.32,2.312,2.319,387423.1
2025-10-08 16:30:00,2.318,2.321,2.314,2.32,292984.6
2025-10-08 16:45:00,2.319,2.334,2.318,2.333,638271.1
2025-10-08 17:00:00,2.333,2.358,2.331,2.356,1352686.9
2025-10-08 17:15:00,2.356,2.386,2.355,2.386,2684522.8
2025-10-08 17:30:00,2.386,2.409,2.386,2.394,3909225.5
2025-10-08 17:45:00,2.393,2.42,2.393,2.41,1812586.6
2025-10-08 18:00:00,2.41,2.415,2.4,2.407,1625745.0
2025-10-08 18:15:00,2.406,2.414,2.393,2.395,1106952.0
2025-10-08 18:30:00,2.396,2.398,2.381,2.384,930551.9
2025-10-08 18:45:00,2.385,2.393,2.381,2.381,651451.4
2025-10-08 19:00:00,2.381,2.384,2.37,2.371,963770.6
2025-10-08 19:15:00,2.372,2.384,2.367,2.379,709617.4
2025-10-08 19:30:00,2.38,2.384,2.373,2.375,302378.8
2025-10-08 19:45:00,2.376,2.38,2.373,2.377,222565.1
2025-10-08 20:00:00,2.378,2.381,2.37,2.376,313650.7
2025-10-08 20:15:00,2.377,2.386,2.377,2.38,315404.3
2025-10-08 20:30:00,2.381,2.381,2.373,2.375,232315.1
2025-10-08 20:45:00,2.375,2.376,2.363,2.364,564781.1
2025-10-08 21:00:00,2.365,2.372,2.364,2.365,326269.2
2025-10-08 21:15:00,2.366,2.377,2.366,2.375,232598.1
2025-10-08 21:30:00,2.375,2.377,2.371,2.377,340822.8
2025-10-08 21:45:00,2.377,2.378,2.367,2.375,112831.3
2025-10-08 22:00:00,2.375,2.384,2.374,2.378,313868.4
2025-10-08 22:15:00,2.378,2.382,2.376,2.379,133072.6
2025-10-08 22:30:00,2.379,2.38,2.376,2.377,128357.7
2025-10-08 22:45:00,2.377,2.38,2.372,2.374,241913.3
2025-10-08 23:00:00,2.373,2.374,2.363,2.367,502856.1
2025-10-08 23:15:00,2.366,2.371,2.363,2.37,289668.4
2025-10-08 23:30:00,2.37,2.376,2.365,2.367,248855.6
2025-10-08 23:45:00,2.366,2.368,2.362,2.365,188426.7
2025-10-09 00:00:00,2.365,2.367,2.352,2.356,723962.9
2025-10-09 00:15:00,2.356,2.368,2.353,2.353,589002.8
2025-10-09 00:30:00,2.354,2.357,2.346,2.35,733409.3
2025-10-09 00:45:00,2.35,2.353,2.341,2.342,296951.6
2025-10-09 01:00:00,2.342,2.344,2.336,2.338,679412.9
2025-10-09 01:15:00,2.337,2.343,2.33,2.331,639389.1
2025-10-09 01:30:00,2.331,2.333,2.321,2.325,617867.9
2025-10-09 01:45:00,2.325,2.338,2.324,2.335,396439.2
2025-10-09 02:00:00,2.335,2.337,2.318,2.33,700882.6
2025-10-09 02:15:00,2.331,2.332,2.319,2.321,1086575.4
2025-10-09 02:30:00,2.32,2.324,2.291,2.299,2287776.3
2025-10-09 02:45:00,2.299,2.304,2.286,2.294,1306208.0
2025-10-09 03:00:00,2.293,2.314,2.293,2.311,811536.8
2025-10-09 03:15:00,2.31,2.319,2.309,2.315,533804.8
2025-10-09 03:30:00,2.315,2.32,2.31,2.313,350388.0
2025-10-09 03:45:00,2.312,2.32,2.311,2.317,283968.9
2025-10-09 04:00:00,2.317,2.32,2.309,2.31,336316.5
2025-10-09 04:15:00,2.309,2.322,2.308,2.32,514098.9
2025-10-09 04:30:00,2.321,2.322,2.309,2.312,251774.3
2025-10-09 04:45:00,2.311,2.321,2.311,2.319,248871.4
2025-10-09 05:00:00,2.32,2.326,2.316,2.317,468925.9
2025-10-09 05:15:00,2.316,2.317,2.31,2.316,227176.2
2025-10-09 05:30:00,2.316,2.322,2.31,2.315,374725.9
2025-10-09 05:45:00,2.315,2.317,2.31,2.314,227274.1
2025-10-09 06:00:00,2.314,2.315,2.3,2.303,753801.5
2025-10-09 06:15:00,2.302,2.305,2.293,2.302,712709.7
2025-10-09 06:30:00,2.301,2.308,2.299,2.304,448983.3
2025-10-09 06:45:00,2.303,2.306,2.292,2.296,428839.7
2025-10-09 07:00:00,2.295,2.299,2.283,2.288,1679052.2
2025-10-09 07:15:00,2.287,2.293,2.28,2.285,509526.7
2025-10-09 07:30:00,2.284,2.285,2.276,2.28,1215786.5
2025-10-09 07:45:00,2.28,2.294,2.279,2.285,417049.6
2025-10-09 08:00:00,2.285,2.287,2.271,2.273,1024169.4
2025-10-09 08:15:00,2.273,2.277,2.252,2.255,2571058.7
2025-10-09 08:30:00,2.255,2.269,2.254,2.258,1266322.9
2025-10-09 08:45:00,2.257,2.264,2.247,2.251,1194408.7
2025-10-09 09:00:00,2.25,2.261,2.25,2.26,780244.2
2025-10-09 09:15:00,2.26,2.264,2.25,2.259,669311.7
2025-10-09 09:30:00,2.259,2.267,2.258,2.26,502023.5
2025-10-09 09:45:00,2.26,2.267,2.258,2.261,618589.9
2025-10-09 10:00:00,2.26,2.265,2.258,2.262,503362.0
2025-10-09 10:15:00,2.262,2.264,2.251,2.252,394249.9
2025-10-09 10:30:00,2.253,2.27,2.252,2.265,569435.2
2025-10-09 10:45:00,2.266,2.272,2.26,2.267,438761.4
2025-10-09 11:00:00,2.266,2.273,2.266,2.269,478037.6
2025-10-09 11:15:00,2.269,2.281,2.269,2.278,294251.3
2025-10-09 11:30:00,2.278,2.281,2.271,2.279,509984.2
2025-10-09 11:45:00,2.279,2.28,2.27,2.271,367731.8
2025-10-09 12:00:00,2.271,2.282,2.268,2.278,557080.8
2025-10-09 12:15:00,2.279,2.284,2.274,2.278,421319.3
2025-10-09 12:30:00,2.279,2.299,2.275,2.292,1209191.5
2025-10-09 12:45:00,2.292,2.295,2.286,2.291,480341.9
2025-10-09 13:00:00,2.292,2.294,2.278,2.278,549577.8
2025-10-09 13:15:00,2.278,2.287,2.277,2.284,459356.4
2025-10-09 13:30:00,2.283,2.283,2.264,2.267,1383287.5
2025-10-09 13:45:00,2.267,2.276,2.252,2.256,1438629.8
2025-10-09 14:00:00,2.255,2.266,2.243,2.263,2149639.2
2025-10-09 14:15:00,2.263,2.266,2.243,2.245,1326322.7
2025-10-09 14:30:00,2.246,2.246,2.228,2.234,2388853.7
2025-10-09 14:45:00,2.235,2.256,2.231,2.252,1210968.9
2025-10-09 15:00:00,2.253,2.264,2.252,2.258,844104.2
2025-10-09 15:15:00,2.258,2.264,2.247,2.248,557183.7
2025-10-09 15:30:00,2.247,2.255,2.236,2.238,850516.4
2025-10-09 15:45:00,2.238,2.254,2.237,2.248,588152.1
2025-10-09 16:00:00,2.248,2.256,2.244,2.248,420627.9
2025-10-09 16:15:00,2.248,2.257,2.238,2.25,1665877.5
2025-10-09 16:30:00,2.249,2.252,2.241,2.25,421681.1
2025-10-09 16:45:00,2.249,2.251,2.216,2.228,2164005.5
2025-10-09 17:00:00,2.227,2.249,2.223,2.244,1817002.9
2025-10-09 17:15:00,2.243,2.252,2.242,2.244,629683.0
2025-10-09 17:30:00,2.244,2.257,2.243,2.252,547904.9
2025-10-09 17:45:00,2.251,2.272,2.25,2.269,1454030.5
2025-10-09 18:00:00,2.269,2.272,2.259,2.266,646898.3
2025-10-09 18:15:00,2.267,2.271,2.262,2.266,610502.6
2025-10-09 18:30:00,2.266,2.269,2.258,2.262,408579.4
2025-10-09 18:45:00,2.261,2.263,2.255,2.255,232914.1
2025-10-09 19:00:00,2.255,2.262,2.254,2.259,353735.9
2025-10-09 19:15:00,2.26,2.271,2.257,2.269,342798.0
2025-10-09 19:30:00,2.27,2.271,2.262,2.263,162102.8
2025-10-09 19:45:00,2.263,2.27,2.262,2.268,290491.8
2025-10-09 20:00:00,2.269,2.273,2.263,2.263,711751.7
2025-10-09 20:15:00,2.264,2.271,2.262,2.266,252238.2
2025-10-09 20:30:00,2.267,2.27,2.266,2.267,168185.6
2025-10-09 20:45:00,2.268,2.272,2.266,2.272,457857.0
2025-10-09 21:00:00,2.273,2.277,2.268,2.276,328584.7
2025-10-09 21:15:00,2.276,2.28,2.272,2.272,349824.5
2025-10-09 21:30:00,2.272,2.28,2.268,2.277,276154.7
2025-10-09 21:45:00,2.277,2.278,2.274,2.278,87875.0
2025-10-09 22:00:00,2.279,2.283,2.276,2.282,258866.2
2025-10-09 22:15:00,2.283,2.291,2.281,2.29,330218.4
2025-10-09 22:30:00,2.29,2.304,2.288,2.302,544352.2
2025-10-09 22:45:00,2.303,2.312,2.3,2.303,510770.5
2025-10-09 23:00:00,2.304,2.305,2.293,2.293,401687.5
2025-10-09 23:15:00,2.294,2.3,2.291,2.298,183961.8
2025-10-09 23:30:00,2.298,2.301,2.296,2.298,200039.4
2025-10-09 23:45:00,2.298,2.301,2.296,2.297,198346.9
2025-10-10 00:00:00,2.297,2.3,2.292,2.292,449166.7
2025-10-10 00:15:00,2.292,2.298,2.288,2.297,345646.1
2025-10-10 00:30:00,2.298,2.311,2.295,2.304,709822.9
2025-10-10 00:45:00,2.305,2.31,2.297,2.305,429024.3
2025-10-10 01:00:00,2.306,2.312,2.303,2.31,418055.1
2025-10-10 01:15:00,2.311,2.314,2.307,2.31,352006.0
2025-10-10 01:30:00,2.311,2.314,2.303,2.303,410939.5
2025-10-10 01:45:00,2.304,2.311,2.303,2.308,332203.6
2025-10-10 02:00:00,2.309,2.31,2.296,2.303,534400.6
2025-10-10 02:15:00,2.302,2.312,2.302,2.309,351717.5
2025-10-10 02:30:00,2.31,2.31,2.302,2.306,258921.4
2025-10-10 02:45:00,2.305,2.306,2.296,2.298,481346.3
2025-10-10 03:00:00,2.298,2.299,2.287,2.296,696606.4
2025-10-10 03:15:00,2.296,2.326,2.295,2.325,1034369.7
2025-10-10 03:30:00,2.325,2.35,2.325,2.348,1940720.1
2025-10-10 03:45:00,2.349,2.364,2.336,2.337,1953917.1
2025-10-10 04:00:00,2.336,2.347,2.331,2.337,817107.8
2025-10-10 04:15:00,2.337,2.339,2.327,2.328,370902.1
2025-10-10 04:30:00,2.329,2.335,2.323,2.328,429541.6
2025-10-10 04:45:00,2.329,2.341,2.326,2.34,692129.0
2025-10-10 05:00:00,2.341,2.342,2.327,2.332,732622.7
2025-10-10 05:15:00,2.333,2.353,2.332,2.349,670264.8
2025-10-10 05:30:00,2.35,2.374,2.342,2.373,1294072.1
2025-10-10 05:45:00,2.373,2.391,2.372,2.387,2245228.9
2025-10-10 06:00:00,2.388,2.39,2.372,2.38,1036026.2
2025-10-10 06:15:00,2.38,2.383,2.372,2.374,586524.4
2025-10-10 06:30:00,2.374,2.377,2.356,2.362,1015721.4
2025-10-10 06:45:00,2.362,2.368,2.351,2.357,434888.8
2025-10-10 07:00:00,2.357,2.367,2.348,2.362,930102.2
2025-10-10 07:15:00,2.363,2.373,2.349,2.368,627342.1
2025-10-10 07:30:00,2.368,2.377,2.359,2.368,525567.4
2025-10-10 07:45:00,2.369,2.37,2.347,2.351,599674.8
2025-10-10 08:00:00,2.351,2.37,2.35,2.367,804907.3
2025-10-10 08:15:00,2.368,2.378,2.361,2.363,484670.8
2025-10-10 08:30:00,2.363,2.37,2.354,2.356,669219.0
2025-10-10 08:45:00,2.356,2.373,2.356,2.371,442525.6
2025-10-10 09:00:00,2.371,2.376,2.362,2.364,642009.5
2025-10-10 09:15:00,2.364,2.384,2.358,2.38,735607.8
2025-10-10 09:30:00,2.379,2.382,2.369,2.37,456788.9
2025-10-10 09:45:00,2.37,2.375,2.353,2.363,906616.5
2025-10-10 10:00:00,2.363,2.371,2.361,2.367,381796.2
2025-10-10 10:15:00,2.368,2.379,2.368,2.37,338165.8
2025-10-10 10:30:00,2.37,2.375,2.364,2.37,320817.4
2025-10-10 10:45:00,2.37,2.381,2.37,2.377,377577.4
2025-10-10 11:00:00,2.377,2.383,2.373,2.376,678574.4
2025-10-10 11:15:00,2.376,2.38,2.373,2.378,289898.3
2025-10-10 11:30:00,2.379,2.385,2.374,2.375,443456.8
2025-10-10 11:45:00,2.376,2.387,2.373,2.38,552665.4
2025-10-10 12:00:00,2.381,2.388,2.373,2.375,707898.8
2025-10-10 12:15:00,2.375,2.388,2.372,2.382,677846.7
2025-10-10 12:30:00,2.383,2.406,2.383,2.404,2057109.8
2025-10-10 12:45:00,2.404,2.416,2.397,2.408,1519582.5
2025-10-10 13:00:00,2.408,2.412,2.401,2.404,1100407.9
2025-10-10 13:15:00,2.405,2.448,2.405,2.43,3258566.8
2025-10-10 13:30:00,2.431,2.436,2.408,2.412,2491083.0
2025-10-10 13:45:00,2.413,2.416,2.394,2.402,1451233.7
2025-10-10 14:00:00,2.403,2.407,2.387,2.39,1299844.8
2025-10-10 14:15:00,2.39,2.393,2.375,2.379,1442683.3
2025-10-10 14:30:00,2.379,2.39,2.375,2.382,894259.6
2025-10-10 14:45:00,2.382,2.39,2.352,2.366,3435350.3
2025-10-10 15:00:00,2.366,2.369,2.333,2.353,5869911.3
2025-10-10 15:15:00,2.353,2.358,2.31,2.313,6367185.2
2025-10-10 15:30:00,2.312,2.313,2.267,2.313,9819253.0
2025-10-10 15:45:00,2.312,2.315,2.291,2.296,2186391.9
2025-10-10 16:00:00,2.296,2.311,2.284,2.296,2366357.5
2025-10-10 16:15:00,2.297,2.316,2.288,2.306,1820460.3
2025-10-10 16:30:00,2.306,2.316,2.296,2.298,1040411.8
2025-10-10 16:45:00,2.297,2.298,2.281,2.287,1639269.2
2025-10-10 17:00:00,2.286,2.292,2.271,2.276,2816058.3
2025-10-10 17:15:00,2.276,2.288,2.274,2.287,886085.0
2025-10-10 17:30:00,2.287,2.288,2.256,2.259,2281614.6
2025-10-10 17:45:00,2.259,2.265,2.247,2.257,1714677.5
2025-10-10 18:00:00,2.257,2.261,2.249,2.255,836818.6
2025-10-10 18:15:00,2.254,2.263,2.243,2.255,1276337.2
2025-10-10 18:30:00,2.254,2.259,2.242,2.247,924662.5
2025-10-10 18:45:00,2.247,2.253,2.238,2.239,1198733.9
2025-10-10 19:00:00,2.239,2.246,2.226,2.23,1846396.4
2025-10-10 19:15:00,2.229,2.234,2.186,2.189,4628511.5
2025-10-10 19:30:00,2.19,2.221,2.186,2.221,2938474.1
2025-10-10 19:45:00,2.221,2.228,2.208,2.212,1183985.0
2025-10-10 20:00:00,2.212,2.22,2.203,2.217,1162977.7
2025-10-10 20:15:00,2.217,2.229,2.213,2.228,667774.7
2025-10-10 20:30:00,2.228,2.231,2.221,2.227,840495.6
2025-10-10 20:45:00,2.226,2.232,2.079,2.092,16875140.7
2025-10-10 21:00:00,2.092,2.107,1.851,1.915,22880083.1
2025-10-10 21:15:00,1.915,1.944,1.381,1.381,13182900.5
2025-10-10 21:30:00,1.381,1.381,1.381,1.381,437069.1
2025-10-10 21:45:00,1.381,1.761,1.381,1.563,15443823.9
2025-10-10 22:00:00,1.564,1.589,1.401,1.529,20778451.9
2025-10-10 22:15:00,1.531,1.532,1.412,1.446,14432925.5
2025-10-10 22:30:00,1.446,1.538,1.432,1.532,9658934.6
2025-10-10 22:45:00,1.532,1.619,1.525,1.609,8400949.2
2025-10-10 23:00:00,1.609,1.65,1.588,1.608,8967619.8
2025-10-10 23:15:00,1.608,1.701,1.608,1.696,5582046.1
2025-10-10 23:30:00,1.697,1.746,1.674,1.746,5824052.5
2025-10-10 23:45:00,1.746,1.748,1.655,1.668,6625493.9
2025-10-11 00:00:00,1.668,1.715,1.655,1.689,5819089.5
2025-10-11 00:15:00,1.689,1.698,1.637,1.694,4552908.8
2025-10-11 00:30:00,1.694,1.694,1.661,1.673,3481579.3
2025-10-11 00:45:00,1.673,1.699,1.672,1.682,2271394.0
2025-10-11 01:00:00,1.681,1.688,1.64,1.652,3153754.3
2025-10-11 01:15:00,1.652,1.654,1.586,1.614,6832517.4
2025-10-11 01:30:00,1.615,1.626,1.598,1.602,3715727.0
2025-10-11 01:45:00,1.601,1.625,1.6,1.618,2563849.8
2025-10-11 02:00:00,1.617,1.663,1.616,1.662,3283560.8
2025-10-11 02:15:00,1.662,1.703,1.661,1.694,3331167.3
2025-10-11 02:30:00,1.694,1.724,1.691,1.722,2312105.8
2025-10-11 02:45:00,1.722,1.755,1.709,1.74,3639189.1
2025-10-11 03:00:00,1.74,1.749,1.682,1.699,3772022.1
2025-10-11 03:15:00,1.7,1.701,1.67,1.683,2891029.5
2025-10-11 03:30:00,1.683,1.693,1.663,1.684,1747640.9
2025-10-11 03:45:00,1.685,1.697,1.681,1.692,1392163.8
2025-10-11 04:00:00,1.691,1.703,1.689,1.693,1228644.6
2025-10-11 04:15:00,1.693,1.706,1.69,1.701,857400.9
2025-10-11 04:30:00,1.701,1.701,1.681,1.699,1242700.2
2025-10-11 04:45:00,1.699,1.71,1.686,1.708,1234067.0
2025-10-11 05:00:00,1.707,1.718,1.698,1.706,1458452.3
2025-10-11 05:15:00,1.706,1.71,1.678,1.681,1131662.6
2025-10-11 05:30:00,1.68,1.694,1.67,1.684,1407849.4
2025-10-11 05:45:00,1.684,1.705,1.682,1.684,1349563.0
2025-10-11 06:00:00,1.685,1.701,1.68,1.699,1155041.6
2025-10-11 06:15:00,1.699,1.715,1.691,1.712,964315.6
2025-10-11 06:30:00,1.711,1.716,1.696,1.704,841513.0
2025-10-11 06:45:00,1.704,1.71,1.673,1.681,1026697.6
2025-10-11 07:00:00,1.682,1.69,1.669,1.687,1747227.8
2025-10-11 07:15:00,1.688,1.699,1.675,1.685,1263383.2
2025-10-11 07:30:00,1.685,1.694,1.67,1.678,1064306.9
2025-10-11 07:45:00,1.679,1.688,1.67,1.68,1232472.9
2025-10-11 08:00:00,1.679,1.682,1.658,1.678,2383238.1
2025-10-11 08:15:00,1.678,1.715,1.677,1.703,1996145.7
2025-10-11 08:30:00,1.703,1.713,1.692,1.702,1324734.1
2025-10-11 08:45:00,1.701,1.712,1.7,1.71,1161391.3
2025-10-11 09:00:00,1.709,1.73,1.708,1.711,1870418.3
2025-10-11 09:15:00,1.711,1.714,1.697,1.711,1237038.5
2025-10-11 09:30:00,1.711,1.711,1.698,1.704,1116710.6
2025-10-11 09:45:00,1.703,1.705,1.68,1.69,2080329.8
2025-10-11 10:00:00,1.689,1.702,1.688,1.698,813946.4
2025-10-11 10:15:00,1.698,1.702,1.689,1.7,887120.3
2025-10-11 10:30:00,1.701,1.701,1.647,1.664,3369323.9
2025-10-11 10:45:00,1.664,1.671,1.661,1.67,2318793.8
2025-10-11 11:00:00,1.67,1.673,1.657,1.664,1265952.9
2025-10-11 11:15:00,1.664,1.665,1.643,1.664,1820474.6
2025-10-11 11:30:00,1.665,1.668,1.653,1.666,1487571.8
2025-10-11 11:45:00,1.666,1.677,1.664,1.667,838384.0
2025-10-11 12:00:00,1.667,1.669,1.657,1.666,1112539.4
2025-10-11 12:15:00,1.666,1.674,1.656,1.664,859811.9
2025-10-11 12:30:00,1.665,1.665,1.646,1.654,1033401.0
2025-10-11 12:45:00,1.653,1.653,1.633,1.653,1865313.3
2025-10-11 13:00:00,1.652,1.656,1.642,1.65,1330314.8
2025-10-11 13:15:00,1.65,1.653,1.636,1.641,1608639.3
2025-10-11 13:30:00,1.641,1.642,1.603,1.637,5269571.4
2025-10-11 13:45:00,1.637,1.655,1.635,1.65,2258438.4
2025-10-11 14:00:00,1.65,1.655,1.644,1.647,1515885.1
2025-10-11 14:15:00,1.647,1.647,1.633,1.642,1440868.6
2025-10-11 14:30:00,1.641,1.652,1.638,1.645,1076244.0
2025-10-11 14:45:00,1.645,1.652,1.639,1.651,1050473.8
2025-10-11 15:00:00,1.651,1.664,1.65,1.656,1267039.8
2025-10-11 15:15:00,1.655,1.661,1.648,1.66,1306154.1
2025-10-11 15:30:00,1.659,1.66,1.643,1.647,984375.8
2025-10-11 15:45:00,1.647,1.655,1.645,1.65,1054953.6
2025-10-11 16:00:00,1.65,1.671,1.644,1.669,2301270.7
2025-10-11 16:15:00,1.669,1.67,1.655,1.658,1197763.6
2025-10-11 16:30:00,1.658,1.658,1.636,1.645,1690046.6
2025-10-11 16:45:00,1.644,1.655,1.64,1.649,819147.5
2025-10-11 17:00:00,1.648,1.661,1.644,1.658,1021876.5
2025-10-11 17:15:00,1.657,1.659,1.646,1.655,876101.1
2025-10-11 17:30:00,1.655,1.658,1.646,1.652,721607.2
2025-10-11 17:45:00,1.652,1.653,1.641,1.651,669643.1
2025-10-11 18:00:00,1.65,1.651,1.639,1.64,517087.2
2025-10-11 18:15:00,1.641,1.642,1.633,1.636,805186.4
2025-10-11 18:30:00,1.635,1.645,1.632,1.641,720507.2
2025-10-11 18:45:00,1.641,1.642,1.633,1.634,456730.5
2025-10-11 19:00:00,1.634,1.634,1.605,1.615,3262207.3
2025-10-11 19:15:00,1.615,1.616,1.58,1.6,3822747.0
2025-10-11 19:30:00,1.6,1.6,1.575,1.584,1787177.7
2025-10-11 19:45:00,1.584,1.591,1.556,1.573,2974222.3
2025-10-11 20:00:00,1.572,1.576,1.548,1.556,2115863.7
2025-10-11 20:15:00,1.556,1.567,1.529,1.537,3559992.9
2025-10-11 20:30:00,1.537,1.538,1.513,1.521,4889888.2
2025-10-11 20:45:00,1.521,1.541,1.509,1.523,3216429.3
2025-10-11 21:00:00,1.523,1.524,1.493,1.505,4033864.7
2025-10-11 21:15:00,1.505,1.545,1.5,1.526,3445337.3
2025-10-11 21:30:00,1.527,1.535,1.515,1.524,1327209.5
2025-10-11 21:45:00,1.524,1.546,1.523,1.543,864140.9
2025-10-11 22:00:00,1.543,1.552,1.538,1.548,2169894.5
2025-10-11 22:15:00,1.548,1.556,1.539,1.556,1834202.2
2025-10-11 22:30:00,1.556,1.564,1.549,1.551,1349000.9
2025-10-11 22:45:00,1.55,1.562,1.548,1.561,1047974.0
2025-10-11 23:00:00,1.561,1.567,1.558,1.563,1265299.7
2025-10-11 23:15:00,1.563,1.57,1.56,1.564,1052535.3
2025-10-11 23:30:00,1.563,1.565,1.556,1.561,849700.7
2025-10-11 23:45:00,1.562,1.563,1.555,1.563,882728.7
2025-10-12 00:00:00,1.562,1.564,1.547,1.55,1152475.8
2025-10-12 00:15:00,1.549,1.559,1.543,1.544,1078580.2
2025-10-12 00:30:00,1.543,1.566,1.542,1.544,2067873.4
2025-10-12 00:45:00,1.543,1.546,1.523,1.529,2081963.6
2025-10-12 01:00:00,1.528,1.549,1.524,1.547,2191272.6
2025-10-12 01:15:00,1.546,1.554,1.529,1.531,2717751.7
2025-10-12 01:30:00,1.531,1.54,1.521,1.534,2533230.3
2025-10-12 01:45:00,1.534,1.542,1.513,1.515,2005284.9
2025-10-12 02:00:00,1.515,1.517,1.498,1.513,4013400.8
2025-10-12 02:15:00,1.514,1.528,1.511,1.521,2535289.4
2025-10-12 02:30:00,1.522,1.529,1.504,1.51,2337914.9
2025-10-12 02:45:00,1.51,1.516,1.492,1.514,2532421.5
2025-10-12 03:00:00,1.515,1.543,1.511,1.536,4537467.6
2025-10-12 03:15:00,1.535,1.547,1.524,1.538,2277633.8
2025-10-12 03:30:00,1.539,1.556,1.535,1.543,1951082.8
2025-10-12 03:45:00,1.544,1.547,1.534,1.536,1154301.2
2025-10-12 04:00:00,1.536,1.556,1.535,1.554,1429002.2
2025-10-12 04:15:00,1.554,1.565,1.553,1.559,1514735.1
2025-10-12 04:30:00,1.559,1.566,1.548,1.554,1244793.1
2025-10-12 04:45:00,1.553,1.56,1.549,1.555,751039.3
2025-10-12 05:00:00,1.556,1.559,1.549,1.553,850522.0
2025-10-12 05:15:00,1.553,1.559,1.551,1.554,789626.2
2025-10-12 05:30:00,1.555,1.559,1.551,1.552,833452.0
2025-10-12 05:45:00,1.553,1.558,1.548,1.548,760434.6
2025-10-12 06:00:00,1.548,1.556,1.544,1.55,1025652.0
2025-10-12 06:15:00,1.551,1.567,1.549,1.561,918345.8
2025-10-12 06:30:00,1.561,1.562,1.553,1.561,874162.0
2025-10-12 06:45:00,1.561,1.569,1.559,1.567,1130510.3
2025-10-12 07:00:00,1.568,1.577,1.56,1.56,1612593.4
2025-10-12 07:15:00,1.56,1.571,1.557,1.557,1101216.8
2025-10-12 07:30:00,1.557,1.566,1.554,1.565,1152270.2
2025-10-12 07:45:00,1.565,1.576,1.563,1.575,1099393.0
2025-10-12 08:00:00,1.575,1.58,1.572,1.572,1259371.7
2025-10-12 08:15:00,1.573,1.581,1.572,1.575,952797.6
2025-10-12 08:30:00,1.575,1.576,1.562,1.563,1510165.4
2025-10-12 08:45:00,1.563,1.568,1.559,1.56,724438.9
2025-10-12 09:00:00,1.56,1.56,1.535,1.547,3280751.5
2025-10-12 09:15:00,1.547,1.55,1.543,1.545,993262.2
2025-10-12 09:30:00,1.545,1.555,1.543,1.554,952006.0
2025-10-12 09:45:00,1.554,1.568,1.55,1.565,1476316.8
2025-10-12 10:00:00,1.566,1.575,1.555,1.559,1212352.9
2025-10-12 10:15:00,1.559,1.568,1.557,1.564,680174.6
2025-10-12 10:30:00,1.565,1.569,1.559,1.559,1192784.7
2025-10-12 10:45:00,1.559,1.566,1.556,1.557,628013.2
2025-10-12 11:00:00,1.557,1.568,1.557,1.563,830569.7
2025-10-12 11:15:00,1.562,1.565,1.556,1.561,518718.9
2025-10-12 11:30:00,1.561,1.568,1.557,1.56,735382.0
2025-10-12 11:45:00,1.56,1.56,1.553,1.556,687960.5
2025-10-12 12:00:00,1.556,1.571,1.555,1.567,1206006.3
2025-10-12 12:15:00,1.567,1.575,1.562,1.57,991336.0
2025-10-12 12:30:00,1.57,1.576,1.558,1.562,984034.3
2025-10-12 12:45:00,1.562,1.563,1.554,1.559,705410.3
2025-10-12 13:00:00,1.559,1.569,1.554,1.565,810441.4
2025-10-12 13:15:00,1.565,1.57,1.544,1.55,1531160.0
2025-10-12 13:30:00,1.551,1.554,1.532,1.551,2978562.1
2025-10-12 13:45:00,1.551,1.552,1.533,1.541,1393052.4
2025-10-12 14:00:00,1.541,1.557,1.54,1.553,1172220.7
2025-10-12 14:15:00,1.554,1.561,1.55,1.56,965445.3
2025-10-12 14:30:00,1.559,1.565,1.548,1.556,1289286.2
2025-10-12 14:45:00,1.557,1.624,1.556,1.6,11358228.1
2025-10-12 15:00:00,1.6,1.634,1.596,1.63,5021422.9
2025-10-12 15:15:00,1.631,1.654,1.619,1.637,4305565.2
2025-10-12 15:30:00,1.637,1.637,1.606,1.623,3122056.3
2025-10-12 15:45:00,1.623,1.649,1.623,1.642,1755980.6
2025-10-12 16:00:00,1.642,1.669,1.641,1.657,3276190.5
2025-10-12 16:15:00,1.656,1.664,1.648,1.662,1433108.8
2025-10-12 16:30:00,1.662,1.677,1.643,1.676,2463187.7
2025-10-12 16:45:00,1.676,1.687,1.652,1.664,3640283.6
2025-10-12 17:00:00,1.664,1.678,1.66,1.674,1460996.5
2025-10-12 17:15:00,1.675,1.681,1.664,1.674,1203609.9
2025-10-12 17:30:00,1.674,1.677,1.666,1.671,1014318.0
2025-10-12 17:45:00,1.671,1.677,1.654,1.666,1441937.8
2025-10-12 18:00:00,1.667,1.678,1.664,1.671,790834.8
2025-10-12 18:15:00,1.672,1.674,1.662,1.666,669482.0
2025-10-12 18:30:00,1.666,1.671,1.654,1.655,795196.6
2025-10-12 18:45:00,1.655,1.664,1.649,1.661,1150780.9
2025-10-12 19:00:00,1.661,1.676,1.661,1.676,772696.9
2025-10-12 19:15:00,1.675,1.68,1.67,1.678,785924.6
2025-10-12 19:30:00,1.678,1.682,1.672,1.676,656952.5
2025-10-12 19:45:00,1.676,1.689,1.676,1.688,810417.1
2025-10-12 20:00:00,1.689,1.693,1.678,1.678,1095352.7
2025-10-12 20:15:00,1.679,1.688,1.676,1.687,754296.1
2025-10-12 20:30:00,1.687,1.691,1.68,1.684,754250.0
2025-10-12 20:45:00,1.684,1.694,1.671,1.676,1143785.3
2025-10-12 21:00:00,1.676,1.683,1.666,1.676,966319.4
2025-10-12 21:15:00,1.675,1.681,1.652,1.664,1152691.6
2025-10-12 21:30:00,1.664,1.665,1.643,1.658,1282820.2
2025-10-12 21:45:00,1.658,1.668,1.657,1.664,355913.7
2025-10-12 22:00:00,1.665,1.678,1.653,1.66,1398385.9
2025-10-12 22:15:00,1.66,1.667,1.644,1.652,1058856.6
2025-10-12 22:30:00,1.652,1.66,1.646,1.653,887426.1
2025-10-12 22:45:00,1.653,1.661,1.648,1.659,826030.6
2025-10-12 23:00:00,1.658,1.659,1.647,1.654,908890.7
2025-10-12 23:15:00,1.653,1.653,1.64,1.649,860581.3
2025-10-12 23:30:00,1.649,1.658,1.646,1.652,598574.9
2025-10-12 23:45:00,1.651,1.66,1.649,1.657,534606.6
2025-10-13 00:00:00,1.658,1.658,1.643,1.652,914302.7
2025-10-13 00:15:00,1.653,1.673,1.652,1.655,1324143.7
2025-10-13 00:30:00,1.655,1.655,1.637,1.643,1405366.9
2025-10-13 00:45:00,1.642,1.654,1.636,1.644,984911.4
2025-10-13 01:00:00,1.643,1.647,1.631,1.637,1208350.0
2025-10-13 01:15:00,1.637,1.651,1.633,1.643,693251.0
2025-10-13 01:30:00,1.642,1.654,1.642,1.653,519955.1
2025-10-13 01:45:00,1.653,1.66,1.649,1.658,523628.1
2025-10-13 02:00:00,1.657,1.662,1.642,1.644,1227287.9
2025-10-13 02:15:00,1.645,1.65,1.639,1.642,564368.6
2025-10-13 02:30:00,1.641,1.648,1.639,1.644,460822.8
2025-10-13 02:45:00,1.644,1.655,1.644,1.65,589432.7
2025-10-13 03:00:00,1.65,1.655,1.647,1.651,811763.1
2025-10-13 03:15:00,1.652,1.656,1.647,1.649,548668.0
2025-10-13 03:30:00,1.649,1.652,1.64,1.646,835694.1
2025-10-13 03:45:00,1.646,1.648,1.638,1.642,532659.8
2025-10-13 04:00:00,1.643,1.646,1.636,1.639,552579.2
2025-10-13 04:15:00,1.64,1.644,1.628,1.633,881587.3
2025-10-13 04:30:00,1.632,1.643,1.631,1.637,687765.9
2025-10-13 04:45:00,1.636,1.647,1.633,1.644,540683.6
2025-10-13 05:00:00,1.644,1.646,1.633,1.637,550037.3
2025-10-13 05:15:00,1.636,1.64,1.624,1.635,720619.3
2025-10-13 05:30:00,1.635,1.636,1.626,1.626,460834.1
2025-10-13 05:45:00,1.626,1.634,1.625,1.63,434097.8
2025-10-13 06:00:00,1.63,1.643,1.623,1.639,814469.1
2025-10-13 06:15:00,1.639,1.649,1.637,1.649,697982.7
2025-10-13 06:30:00,1.648,1.661,1.643,1.644,1065239.9
2025-10-13 06:45:00,1.644,1.659,1.643,1.656,664966.9
2025-10-13 07:00:00,1.656,1.667,1.654,1.662,1130367.5
2025-10-13 07:15:00,1.662,1.67,1.658,1.668,582221.5
2025-10-13 07:30:00,1.668,1.671,1.661,1.664,826797.7
2025-10-13 07:45:00,1.664,1.664,1.647,1.652,1339668.9
2025-10-13 08:00:00,1.652,1.666,1.651,1.659,1111199.3
2025-10-13 08:15:00,1.66,1.667,1.658,1.666,824260.8
2025-10-13 08:30:00,1.667,1.677,1.663,1.67,760714.4
2025-10-13 08:45:00,1.671,1.677,1.664,1.675,542586.6
2025-10-13 09:00:00,1.675,1.676,1.66,1.664,1074987.4
2025-10-13 09:15:00,1.664,1.67,1.66,1.663,846217.0
2025-10-13 09:30:00,1.663,1.678,1.663,1.674,802498.3
2025-10-13 09:45:00,1.675,1.683,1.673,1.68,670392.0
2025-10-13 10:00:00,1.679,1.685,1.669,1.673,950331.4
2025-10-13 10:15:00,1.672,1.677,1.664,1.671,592545.1
2025-10-13 10:30:00,1.671,1.673,1.662,1.664,1050620.0
2025-10-13 10:45:00,1.664,1.673,1.663,1.672,769894.9
2025-10-13 11:00:00,1.672,1.673,1.636,1.656,5424729.2
2025-10-13 11:15:00,1.656,1.657,1.593,1.598,5518987.7
2025-10-13 11:30:00,1.598,1.639,1.596,1.635,3205897.2
2025-10-13 11:45:00,1.636,1.642,1.627,1.629,1130873.0
2025-10-13 12:00:00,1.629,1.646,1.612,1.642,1822601.6
2025-10-13 12:15:00,1.642,1.642,1.626,1.634,1010575.9
2025-10-13 12:30:00,1.634,1.651,1.631,1.643,1203927.8
2025-10-13 12:45:00,1.643,1.65,1.63,1.632,796525.9
2025-10-13 13:00:00,1.632,1.641,1.627,1.631,1052403.5
2025-10-13 13:15:00,1.631,1.642,1.627,1.63,891053.8
2025-10-13 13:30:00,1.631,1.678,1.629,1.65,7821213.8
2025-10-13 13:45:00,1.651,1.665,1.638,1.661,2037638.8
2025-10-13 14:00:00,1.661,1.667,1.649,1.654,1732208.2
2025-10-13 14:15:00,1.654,1.657,1.625,1.638,2505606.1
2025-10-13 14:30:00,1.638,1.656,1.62,1.643,2524240.8
2025-10-13 14:45:00,1.644,1.647,1.626,1.633,1354860.1
2025-10-13 15:00:00,1.634,1.654,1.632,1.649,1140366.5
2025-10-13 15:15:00,1.648,1.664,1.647,1.648,1053345.1
2025-10-13 15:30:00,1.648,1.661,1.645,1.649,939556.8
2025-10-13 15:45:00,1.649,1.665,1.649,1.659,1037335.0
2025-10-13 16:00:00,1.659,1.669,1.657,1.662,1819117.5
2025-10-13 16:15:00,1.662,1.669,1.645,1.657,1928299.4
2025-10-13 16:30:00,1.656,1.66,1.647,1.649,743789.7
2025-10-13 16:45:00,1.649,1.67,1.649,1.667,905450.7
2025-10-13 17:00:00,1.667,1.686,1.664,1.669,1640588.0
2025-10-13 17:15:00,1.669,1.678,1.667,1.672,653282.8
2025-10-13 17:30:00,1.672,1.679,1.666,1.669,884797.5
2025-10-13 17:45:00,1.669,1.699,1.662,1.696,2106676.2
2025-10-13 18:00:00,1.697,1.698,1.676,1.679,1228498.7
2025-10-13 18:15:00,1.679,1.697,1.676,1.696,939024.3
2025-10-13 18:30:00,1.695,1.699,1.686,1.694,835853.6
2025-10-13 18:45:00,1.694,1.695,1.68,1.688,751847.2
2025-10-13 19:00:00,1.688,1.704,1.685,1.702,1291662.9
2025-10-13 19:15:00,1.701,1.709,1.696,1.704,1174512.4
2025-10-13 19:30:00,1.703,1.719,1.703,1.717,1011281.5
2025-10-13 19:45:00,1.718,1.721,1.709,1.717,851907.1
2025-10-13 20:00:00,1.718,1.723,1.71,1.711,734296.6
2025-10-13 20:15:00,1.711,1.713,1.706,1.712,475883.8
2025-10-13 20:30:00,1.712,1.72,1.71,1.718,410747.6
2025-10-13 20:45:00,1.719,1.73,1.718,1.728,562288.3
2025-10-13 21:00:00,1.729,1.737,1.722,1.73,731906.3
2025-10-13 21:15:00,1.73,1.739,1.725,1.728,749249.0
2025-10-13 21:30:00,1.728,1.735,1.724,1.732,411679.0
2025-10-13 21:45:00,1.731,1.733,1.721,1.727,446884.4
2025-10-13 22:00:00,1.727,1.732,1.719,1.723,673015.9
2025-10-13 22:15:00,1.722,1.729,1.714,1.716,709984.8
2025-10-13 22:30:00,1.715,1.727,1.713,1.724,693886.4
2025-10-13 22:45:00,1.724,1.727,1.716,1.722,734291.0
2025-10-13 23:00:00,1.721,1.728,1.716,1.723,478641.5
2025-10-13 23:15:00,1.722,1.727,1.721,1.724,298806.6
2025-10-13 23:30:00,1.724,1.736,1.724,1.729,1194157.8
2025-10-13 23:45:00,1.729,1.73,1.723,1.728,575122.7
2025-10-14 00:00:00,1.728,1.735,1.725,1.726,601993.4
2025-10-14 00:15:00,1.726,1.736,1.725,1.726,568684.7
2025-10-14 00:30:00,1.727,1.734,1.722,1.73,415455.8
2025-10-14 00:45:00,1.73,1.732,1.718,1.732,527257.9
2025-10-14 01:00:00,1.731,1.735,1.723,1.73,1096662.6
2025-10-14 01:15:00,1.73,1.737,1.725,1.732,610362.5
2025-10-14 01:30:00,1.731,1.736,1.728,1.736,509727.7
2025-10-14 01:45:00,1.736,1.738,1.728,1.732,599486.1
2025-10-14 02:00:00,1.732,1.732,1.715,1.716,911918.7
2025-10-14 02:15:00,1.715,1.718,1.702,1.714,1230609.1
2025-10-14 02:30:00,1.714,1.719,1.705,1.712,723974.3
2025-10-14 02:45:00,1.712,1.716,1.701,1.703,737287.8
2025-10-14 03:00:00,1.703,1.706,1.682,1.693,2384605.9
2025-10-14 03:15:00,1.693,1.702,1.685,1.689,1240672.7
2025-10-14 03:30:00,1.688,1.7,1.687,1.694,789776.4
2025-10-14 03:45:00,1.694,1.704,1.689,1.691,623021.8
2025-10-14 04:00:00,1.69,1.696,1.672,1.685,1488260.9
2025-10-14 04:15:00,1.684,1.691,1.681,1.685,784687.9
2025-10-14 04:30:00,1.685,1.685,1.664,1.669,1146053.1
2025-10-14 04:45:00,1.668,1.671,1.648,1.663,2023600.1
2025-10-14 05:00:00,1.662,1.678,1.66,1.672,1306021.6
2025-10-14 05:15:00,1.671,1.674,1.657,1.661,1018588.5
2025-10-14 05:30:00,1.661,1.663,1.63,1.643,3399924.6
2025-10-14 05:45:00,1.642,1.651,1.638,1.643,957034.0
2025-10-14 06:00:00,1.643,1.655,1.642,1.644,793201.4
2025-10-14 06:15:00,1.644,1.649,1.627,1.631,1606380.3
2025-10-14 06:30:00,1.63,1.638,1.595,1.601,4882257.4
2025-10-14 06:45:00,1.601,1.609,1.554,1.595,8102096.6
2025-10-14 07:00:00,1.594,1.604,1.584,1.599,2312046.3
2025-10-14 07:15:00,1.6,1.608,1.59,1.6,1541742.6
2025-10-14 07:30:00,1.6,1.601,1.579,1.589,1993821.0
2025-10-14 07:45:00,1.588,1.592,1.579,1.589,1603638.5
2025-10-14 08:00:00,1.588,1.594,1.574,1.591,1991060.7
2025-10-14 08:15:00,1.592,1.596,1.579,1.595,1348510.4
2025-10-14 08:30:00,1.596,1.61,1.593,1.606,1576172.4
2025-10-14 08:45:00,1.607,1.608,1.595,1.602,998569.4
2025-10-14 09:00:00,1.602,1.615,1.6,1.606,1376988.0
2025-10-14 09:15:00,1.606,1.616,1.604,1.609,810069.4
2025-10-14 09:30:00,1.609,1.617,1.606,1.61,917333.5
2025-10-14 09:45:00,1.61,1.613,1.599,1.605,842178.4
2025-10-14 10:00:00,1.605,1.606,1.588,1.593,1238795.3
2025-10-14 10:15:00,1.594,1.594,1.577,1.586,2132306.4
2025-10-14 10:30:00,1.586,1.597,1.564,1.584,3638905.8
2025-10-14 10:45:00,1.585,1.594,1.578,1.592,915449.9
2025-10-14 11:00:00,1.592,1.61,1.591,1.608,1180037.7
2025-10-14 11:15:00,1.609,1.611,1.604,1.609,619643.4
2025-10-14 11:30:00,1.609,1.614,1.602,1.603,914942.2
2025-10-14 11:45:00,1.604,1.612,1.603,1.605,442761.9
2025-10-14 12:00:00,1.604,1.606,1.595,1.602,695369.4
2025-10-14 12:15:00,1.603,1.603,1.59,1.594,772865.9
2025-10-14 12:30:00,1.593,1.597,1.584,1.589,976325.4
2025-10-14 12:45:00,1.589,1.596,1.581,1.584,823759.8
2025-10-14 13:00:00,1.584,1.595,1.583,1.591,912441.3
2025-10-14 13:15:00,1.59,1.603,1.583,1.602,1206876.2
2025-10-14 13:30:00,1.602,1.612,1.569,1.597,3405061.1
2025-10-14 13:45:00,1.596,1.619,1.59,1.604,2402010.1
2025-10-14 14:00:00,1.604,1.621,1.596,1.621,1614895.6
2025-10-14 14:15:00,1.621,1.632,1.614,1.616,2852464.2
2025-10-14 14:30:00,1.616,1.626,1.602,1.623,1468047.6
2025-10-14 14:45:00,1.624,1.634,1.61,1.614,1229075.7
2025-10-14 15:00:00,1.614,1.627,1.605,1.609,1254986.6
2025-10-14 15:15:00,1.608,1.622,1.604,1.618,1610605.5
2025-10-14 15:30:00,1.618,1.64,1.617,1.636,1489001.0
2025-10-14 15:45:00,1.637,1.657,1.635,1.652,1785060.1
2025-10-14 16:00:00,1.652,1.658,1.639,1.653,2200806.0
2025-10-14 16:15:00,1.654,1.685,1.651,1.666,2632418.5
2025-10-14 16:30:00,1.667,1.672,1.654,1.667,1174955.6
2025-10-14 16:45:00,1.667,1.68,1.655,1.664,2295136.5
2025-10-14 17:00:00,1.663,1.685,1.639,1.679,2769845.7
2025-10-14 17:15:00,1.679,1.684,1.672,1.677,877233.0
2025-10-14 17:30:00,1.677,1.68,1.665,1.675,1167059.6
2025-10-14 17:45:00,1.674,1.68,1.662,1.664,863918.4
2025-10-14 18:00:00,1.664,1.68,1.663,1.678,739066.5
2025-10-14 18:15:00,1.677,1.682,1.668,1.671,1086510.3
2025-10-14 18:30:00,1.671,1.678,1.663,1.667,944063.7
2025-10-14 18:45:00,1.667,1.674,1.661,1.668,702080.0
2025-10-14 19:00:00,1.668,1.677,1.665,1.677,405823.4
2025-10-14 19:15:00,1.676,1.684,1.675,1.679,313800.4
2025-10-14 19:30:00,1.678,1.68,1.641,1.648,3170618.3
2025-10-14 19:45:00,1.647,1.673,1.645,1.666,1660090.3
2025-10-14 20:00:00,1.666,1.676,1.657,1.668,1008788.7
2025-10-14 20:15:00,1.667,1.677,1.666,1.673,549828.6
2025-10-14 20:30:00,1.673,1.678,1.669,1.678,423266.0
2025-10-14 20:45:00,1.677,1.679,1.674,1.678,249924.0
2025-10-14 21:00:00,1.678,1.679,1.661,1.664,614069.2
2025-10-14 21:15:00,1.664,1.671,1.662,1.669,980277.3
2025-10-14 21:30:00,1.669,1.672,1.663,1.669,497675.3
2025-10-14 21:45:00,1.669,1.679,1.666,1.677,273163.9
2025-10-14 22:00:00,1.677,1.687,1.676,1.682,569724.8
2025-10-14 22:15:00,1.683,1.684,1.673,1.674,317568.9
2025-10-14 22:30:00,1.673,1.676,1.669,1.672,485595.3
2025-10-14 22:45:00,1.671,1.675,1.665,1.673,421271.9
2025-10-14 23:00:00,1.672,1.681,1.671,1.678,408370.5
2025-10-14 23:15:00,1.679,1.682,1.675,1.677,606824.2
2025-10-14 23:30:00,1.678,1.68,1.673,1.673,410307.7
2025-10-14 23:45:00,1.674,1.679,1.672,1.674,350598.8
2025-10-15 00:00:00,1.674,1.676,1.662,1.665,941784.0
2025-10-15 00:15:00,1.664,1.671,1.658,1.666,1132381.9
2025-10-15 00:30:00,1.666,1.671,1.659,1.668,787334.0
2025-10-15 00:45:00,1.667,1.673,1.664,1.671,350472.5
2025-10-15 01:00:00,1.67,1.673,1.656,1.662,740935.7
2025-10-15 01:15:00,1.661,1.665,1.653,1.655,473069.1
2025-10-15 01:30:00,1.654,1.663,1.651,1.659,701174.9
2025-10-15 01:45:00,1.66,1.669,1.656,1.664,654367.5
2025-10-15 02:00:00,1.664,1.671,1.662,1.671,579892.7
2025-10-15 02:15:00,1.67,1.684,1.669,1.683,913025.1
2025-10-15 02:30:00,1.683,1.686,1.674,1.675,568624.1
2025-10-15 02:45:00,1.675,1.681,1.673,1.673,367960.7
2025-10-15 03:00:00,1.674,1.678,1.665,1.668,879173.6
2025-10-15 03:15:00,1.667,1.669,1.658,1.667,492253.3
2025-10-15 03:30:00,1.668,1.668,1.655,1.659,467887.1
2025-10-15 03:45:00,1.659,1.663,1.651,1.659,549813.5
2025-10-15 04:00:00,1.66,1.664,1.654,1.661,362832.3
2025-10-15 04:15:00,1.662,1.668,1.661,1.664,299588.3
2025-10-15 04:30:00,1.664,1.667,1.658,1.66,372911.0
2025-10-15 04:45:00,1.661,1.672,1.66,1.664,823835.5
2025-10-15 05:00:00,1.665,1.674,1.665,1.672,536202.8
2025-10-15 05:15:00,1.672,1.675,1.664,1.666,500942.1
2025-10-15 05:30:00,1.666,1.673,1.66,1.67,577322.0
2025-10-15 05:45:00,1.671,1.671,1.665,1.667,107413.6
2025-10-15 06:00:00,1.668,1.67,1.658,1.662,588931.9
2025-10-15 06:15:00,1.663,1.664,1.651,1.658,574554.6
2025-10-15 06:30:00,1.658,1.675,1.655,1.668,1068523.2
2025-10-15 06:45:00,1.669,1.674,1.667,1.673,414027.6
2025-10-15 07:00:00,1.674,1.677,1.667,1.676,474453.9
2025-10-15 07:15:00,1.675,1.683,1.67,1.671,481196.5
2025-10-15 07:30:00,1.67,1.672,1.665,1.667,332866.4
2025-10-15 07:45:00,1.668,1.677,1.667,1.676,402016.6
2025-10-15 08:00:00,1.676,1.685,1.674,1.684,762326.2
2025-10-15 08:15:00,1.684,1.695,1.679,1.693,1348866.9
2025-10-15 08:30:00,1.693,1.712,1.692,1.701,3345979.7
2025-10-15 08:45:00,1.701,1.701,1.691,1.692,1018035.3
2025-10-15 09:00:00,1.692,1.692,1.684,1.686,821974.7
2025-10-15 09:15:00,1.686,1.687,1.669,1.672,1686254.9
2025-10-15 09:30:00,1.672,1.678,1.666,1.673,865334.8
2025-10-15 09:45:00,1.674,1.678,1.663,1.668,665257.5
2025-10-15 10:00:00,1.668,1.677,1.665,1.674,702917.5
2025-10-15 10:15:00,1.674,1.676,1.662,1.667,643100.7
2025-10-15 10:30:00,1.667,1.669,1.655,1.663,828792.4
2025-10-15 10:45:00,1.663,1.666,1.66,1.663,483684.6
2025-10-15 11:00:00,1.663,1.668,1.66,1.662,542183.1
2025-10-15 11:15:00,1.662,1.664,1.646,1.662,1409113.2
2025-10-15 11:30:00,1.663,1.671,1.658,1.671,594230.4
2025-10-15 11:45:00,1.671,1.671,1.658,1.659,647644.3
2025-10-15 12:00:00,1.659,1.669,1.658,1.661,761448.6
2025-10-15 12:15:00,1.66,1.663,1.643,1.647,1327960.1
2025-10-15 12:30:00,1.647,1.653,1.643,1.649,1189438.2
2025-10-15 12:45:00,1.648,1.655,1.647,1.65,684984.5
2025-10-15 13:00:00,1.65,1.651,1.633,1.642,1793666.9
2025-10-15 13:15:00,1.641,1.645,1.637,1.64,604969.1
2025-10-15 13:30:00,1.639,1.658,1.63,1.642,2245995.8
2025-10-15 13:45:00,1.642,1.647,1.609,1.642,4677746.0
2025-10-15 14:00:00,1.643,1.66,1.641,1.651,1831749.9
2025-10-15 14:15:00,1.652,1.656,1.643,1.645,854051.5
2025-10-15 14:30:00,1.646,1.647,1.628,1.632,1433847.3
2025-10-15 14:45:00,1.631,1.632,1.612,1.623,1951243.3
2025-10-15 15:00:00,1.623,1.633,1.612,1.621,1584934.8
2025-10-15 15:15:00,1.62,1.635,1.613,1.624,1446617.5
2025-10-15 15:30:00,1.623,1.627,1.608,1.614,1571120.2
2025-10-15 15:45:00,1.614,1.618,1.603,1.616,1914476.9
2025-10-15 16:00:00,1.616,1.619,1.606,1.613,1875637.9
2025-10-15 16:15:00,1.613,1.622,1.604,1.617,998947.6
2025-10-15 16:30:00,1.618,1.621,1.612,1.615,779453.2
2025-10-15 16:45:00,1.615,1.625,1.611,1.617,579938.6
2025-10-15 17:00:00,1.616,1.616,1.598,1.599,2071780.9
2025-10-15 17:15:00,1.598,1.614,1.596,1.606,1335431.5
2025-10-15 17:30:00,1.606,1.611,1.6,1.609,663005.4
2025-10-15 17:45:00,1.609,1.617,1.609,1.616,827101.0
2025-10-15 18:00:00,1.616,1.618,1.605,1.61,651843.6
2025-10-15 18:15:00,1.61,1.617,1.607,1.612,608820.5
2025-10-15 18:30:00,1.613,1.617,1.608,1.611,581862.0
2025-10-15 18:45:00,1.61,1.625,1.607,1.622,622623.4
2025-10-15 19:00:00,1.622,1.623,1.61,1.614,471566.0
2025-10-15 19:15:00,1.613,1.621,1.611,1.618,431497.9
2025-10-15 19:30:00,1.618,1.62,1.605,1.611,563037.0
2025-10-15 19:45:00,1.61,1.611,1.597,1.604,816491.1
2025-10-15 20:00:00,1.605,1.612,1.602,1.607,580603.6
2025-10-15 20:15:00,1.607,1.612,1.594,1.597,481801.1
2025-10-15 20:30:00,1.596,1.607,1.575,1.606,4019541.6
2025-10-15 20:45:00,1.606,1.608,1.595,1.595,815590.4
2025-10-15 21:00:00,1.596,1.599,1.579,1.591,1157126.1
2025-10-15 21:15:00,1.59,1.603,1.583,1.6,978834.7
2025-10-15 21:30:00,1.6,1.608,1.596,1.6,489205.1
2025-10-15 21:45:00,1.6,1.602,1.583,1.59,383261.9
2025-10-15 22:00:00,1.59,1.599,1.588,1.599,654114.7
2025-10-15 22:15:00,1.599,1.604,1.594,1.598,354729.9
2025-10-15 22:30:00,1.597,1.605,1.596,1.6,468070.0
2025-10-15 22:45:00,1.599,1.601,1.586,1.591,766004.8
2025-10-15 23:00:00,1.591,1.601,1.589,1.6,669195.0
2025-10-15 23:15:00,1.6,1.601,1.592,1.599,320923.8
2025-10-15 23:30:00,1.598,1.604,1.597,1.603,406452.0
2025-10-15 23:45:00,1.602,1.604,1.597,1.602,303100.1
2025-10-16 00:00:00,1.603,1.605,1.595,1.597,458953.4
2025-10-16 00:15:00,1.596,1.606,1.596,1.602,432080.2
2025-10-16 00:30:00,1.602,1.603,1.596,1.599,459613.0
2025-10-16 00:45:00,1.599,1.604,1.594,1.596,341050.3
2025-10-16 01:00:00,1.595,1.612,1.594,1.606,660573.3
2025-10-16 01:15:00,1.607,1.609,1.601,1.603,312051.0
2025-10-16 01:30:00,1.604,1.609,1.602,1.605,332820.7
2025-10-16 01:45:00,1.605,1.613,1.602,1.61,512027.5
2025-10-16 02:00:00,1.611,1.616,1.605,1.609,871019.1
2025-10-16 02:15:00,1.61,1.611,1.605,1.609,338994.3
2025-10-16 02:30:00,1.61,1.61,1.597,1.598,641297.3
2025-10-16 02:45:00,1.599,1.607,1.596,1.605,485043.9
2025-10-16 03:00:00,1.606,1.607,1.599,1.6,717829.3
2025-10-16 03:15:00,1.601,1.607,1.598,1.604,356244.7
2025-10-16 03:30:00,1.604,1.604,1.596,1.6,375774.6
2025-10-16 03:45:00,1.6,1.601,1.591,1.592,499876.4
2025-10-16 04:00:00,1.592,1.603,1.591,1.599,521710.6
2025-10-16 04:15:00,1.6,1.603,1.598,1.602,307295.6
2025-10-16 04:30:00,1.603,1.606,1.592,1.593,305841.4
2025-10-16 04:45:00,1.593,1.597,1.585,1.591,722055.5
2025-10-16 05:00:00,1.591,1.596,1.586,1.595,647108.1
2025-10-16 05:15:00,1.594,1.596,1.589,1.591,541991.3
2025-10-16 05:30:00,1.591,1.603,1.59,1.599,851593.5
2025-10-16 05:45:00,1.6,1.602,1.579,1.592,1107632.3
2025-10-16 06:00:00,1.591,1.596,1.589,1.594,598516.5
2025-10-16 06:15:00,1.593,1.6,1.593,1.599,665988.6
2025-10-16 06:30:00,1.6,1.608,1.6,1.602,1007608.7
2025-10-16 06:45:00,1.602,1.611,1.602,1.609,667770.6
2025-10-16 07:00:00,1.609,1.611,1.603,1.605,560676.3
2025-10-16 07:15:00,1.606,1.606,1.592,1.592,669224.7
2025-10-16 07:30:00,1.593,1.599,1.591,1.598,499910.4
2025-10-16 07:45:00,1.598,1.6,1.592,1.595,868483.7
2025-10-16 08:00:00,1.595,1.598,1.588,1.595,621479.3
2025-10-16 08:15:00,1.596,1.596,1.586,1.586,552838.1
2025-10-16 08:30:00,1.587,1.59,1.578,1.583,1305261.4
2025-10-16 08:45:00,1.584,1.587,1.578,1.579,1249801.2
2025-10-16 09:00:00,1.58,1.589,1.572,1.584,1696331.8
2025-10-16 09:15:00,1.583,1.59,1.576,1.576,727282.6
2025-10-16 09:30:00,1.577,1.577,1.524,1.574,10348755.6
2025-10-16 09:45:00,1.574,1.596,1.574,1.583,3551739.3
2025-10-16 10:00:00,1.583,1.598,1.573,1.592,3825097.3
2025-10-16 10:15:00,1.592,1.602,1.589,1.59,1614503.0
2025-10-16 10:30:00,1.589,1.594,1.585,1.592,1067327.1
2025-10-16 10:45:00,1.592,1.595,1.59,1.592,401946.5
2025-10-16 11:00:00,1.591,1.598,1.588,1.594,819403.5
2025-10-16 11:15:00,1.594,1.597,1.585,1.587,733105.2
2025-10-16 11:30:00,1.587,1.592,1.582,1.59,652778.8
2025-10-16 11:45:00,1.59,1.599,1.589,1.598,458986.0
2025-10-16 12:00:00,1.599,1.611,1.597,1.598,1291539.7
2025-10-16 12:15:00,1.599,1.604,1.597,1.599,546039.7
2025-10-16 12:30:00,1.599,1.609,1.596,1.604,1013980.5
2025-10-16 12:45:00,1.605,1.608,1.597,1.598,862112.7
2025-10-16 13:00:00,1.598,1.602,1.591,1.593,792173.3
2025-10-16 13:15:00,1.593,1.597,1.585,1.593,1693745.0
2025-10-16 13:30:00,1.594,1.602,1.59,1.595,972394.8
2025-10-16 13:45:00,1.596,1.6,1.576,1.583,1606209.6
2025-10-16 14:00:00,1.583,1.585,1.563,1.567,2283883.8
2025-10-16 14:15:00,1.567,1.574,1.55,1.562,3095112.0
2025-10-16 14:30:00,1.563,1.594,1.562,1.592,2024720.1
2025-10-16 14:45:00,1.592,1.594,1.571,1.572,1322913.4
2025-10-16 15:00:00,1.572,1.577,1.561,1.575,1534531.5
2025-10-16 15:15:00,1.574,1.577,1.554,1.557,1162568.8
2025-10-16 15:30:00,1.557,1.567,1.544,1.55,3006026.8
2025-10-16 15:45:00,1.55,1.551,1.523,1.534,4139834.2
2025-10-16 16:00:00,1.535,1.542,1.51,1.532,5589437.7
2025-10-16 16:15:00,1.532,1.536,1.517,1.531,2283829.3
2025-10-16 16:30:00,1.53,1.544,1.517,1.533,1923062.7
2025-10-16 16:45:00,1.532,1.561,1.529,1.56,2095664.4
2025-10-16 17:00:00,1.56,1.561,1.543,1.545,2235103.7
2025-10-16 17:15:00,1.544,1.56,1.544,1.552,1243915.1
2025-10-16 17:30:00,1.551,1.555,1.537,1.54,1646438.7
2025-10-16 17:45:00,1.54,1.543,1.533,1.538,1004160.7
2025-10-16 18:00:00,1.538,1.538,1.517,1.523,2145223.8
2025-10-16 18:15:00,1.522,1.53,1.516,1.521,2035863.7
2025-10-16 18:30:00,1.52,1.537,1.515,1.529,4424946.9
2025-10-16 18:45:00,1.528,1.534,1.521,1.529,1563300.9
2025-10-16 19:00:00,1.529,1.531,1.507,1.511,3091559.4
2025-10-16 19:15:00,1.51,1.514,1.49,1.504,4594725.8
2025-10-16 19:30:00,1.504,1.505,1.482,1.494,4602598.1
2025-10-16 19:45:00,1.495,1.509,1.484,1.495,2925195.9
2025-10-16 20:00:00,1.495,1.501,1.486,1.487,1228684.7
2025-10-16 20:15:00,1.487,1.494,1.475,1.484,1724963.9
2025-10-16 20:30:00,1.483,1.485,1.461,1.469,3958403.3
2025-10-16 20:45:00,1.468,1.478,1.465,1.471,1239401.4
2025-10-16 21:00:00,1.47,1.479,1.467,1.477,951475.8
2025-10-16 21:15:00,1.477,1.483,1.473,1.481,749884.9
2025-10-16 21:30:00,1.481,1.489,1.479,1.486,826134.5
2025-10-16 21:45:00,1.485,1.499,1.484,1.498,515074.8
2025-10-16 22:00:00,1.498,1.501,1.487,1.487,966345.9
2025-10-16 22:15:00,1.487,1.492,1.486,1.488,707975.2
2025-10-16 22:30:00,1.488,1.491,1.481,1.483,556262.2
2025-10-16 22:45:00,1.482,1.486,1.477,1.478,535477.3
2025-10-16 23:00:00,1.477,1.486,1.475,1.484,852754.1
2025-10-16 23:15:00,1.484,1.492,1.482,1.487,461099.6
2025-10-16 23:30:00,1.488,1.488,1.481,1.485,428312.7
2025-10-16 23:45:00,1.484,1.492,1.484,1.491,368500.9
2025-10-17 00:00:00,1.492,1.492,1.486,1.489,752151.1
2025-10-17 00:15:00,1.489,1.495,1.488,1.493,515257.3
2025-10-17 00:30:00,1.493,1.501,1.489,1.494,769054.5
2025-10-17 00:45:00,1.495,1.501,1.49,1.501,690107.6
2025-10-17 01:00:00,1.502,1.514,1.5,1.504,1439785.2
2025-10-17 01:15:00,1.504,1.509,1.499,1.503,496567.1
2025-10-17 01:30:00,1.503,1.507,1.494,1.498,643059.1
2025-10-17 01:45:00,1.497,1.5,1.49,1.496,480242.3
2025-10-17 02:00:00,1.496,1.5,1.49,1.492,546557.4
2025-10-17 02:15:00,1.491,1.491,1.481,1.483,806690.2
2025-10-17 02:30:00,1.483,1.492,1.481,1.49,517729.0
2025-10-17 02:45:00,1.49,1.496,1.486,1.492,337503.2
2025-10-17 03:00:00,1.491,1.497,1.49,1.494,434667.9
2025-10-17 03:15:00,1.494,1.499,1.493,1.496,585714.8
2025-10-17 03:30:00,1.495,1.5,1.493,1.495,580922.2
2025-10-17 03:45:00,1.494,1.504,1.494,1.503,370118.0
2025-10-17 04:00:00,1.503,1.503,1.497,1.5,438256.5
2025-10-17 04:15:00,1.499,1.503,1.494,1.496,369994.3
2025-10-17 04:30:00,1.496,1.505,1.495,1.499,461652.3
2025-10-17 04:45:00,1.5,1.506,1.499,1.502,511920.9
2025-10-17 05:00:00,1.501,1.503,1.495,1.496,684321.7
2025-10-17 05:15:00,1.496,1.501,1.491,1.5,605440.9
2025-10-17 05:30:00,1.499,1.503,1.485,1.489,1035373.7
2025-10-17 05:45:00,1.488,1.489,1.481,1.485,636760.0
2025-10-17 06:00:00,1.485,1.491,1.482,1.486,502030.0
2025-10-17 06:15:00,1.485,1.487,1.467,1.471,1367423.6
2025-10-17 06:30:00,1.47,1.472,1.436,1.448,6309476.9
2025-10-17 06:45:00,1.449,1.455,1.428,1.439,4537722.0
2025-10-17 07:00:00,1.438,1.443,1.413,1.424,5259314.6
2025-10-17 07:15:00,1.424,1.436,1.417,1.421,2430123.4
2025-10-17 07:30:00,1.421,1.426,1.404,1.409,4017835.9
2025-10-17 07:45:00,1.409,1.421,1.396,1.402,3709636.0
2025-10-17 08:00:00,1.402,1.414,1.392,1.399,3711619.6
2025-10-17 08:15:00,1.399,1.402,1.375,1.394,6880553.8
2025-10-17 08:30:00,1.393,1.412,1.389,1.398,2702133.5
2025-10-17 08:45:00,1.398,1.403,1.394,1.397,1628946.5
2025-10-17 09:00:00,1.397,1.411,1.393,1.405,2517290.2
2025-10-17 09:15:00,1.405,1.413,1.403,1.412,1335705.7
2025-10-17 09:30:00,1.413,1.439,1.411,1.421,2417320.6
2025-10-17 09:45:00,1.421,1.427,1.416,1.416,969449.2
2025-10-17 10:00:00,1.417,1.425,1.405,1.412,1531805.2
2025-10-17 10:15:00,1.411,1.414,1.388,1.398,3083712.1
2025-10-17 10:30:00,1.398,1.411,1.397,1.405,2921101.4
2025-10-17 10:45:00,1.405,1.418,1.404,1.412,1790956.9
2025-10-17 11:00:00,1.412,1.445,1.411,1.441,3146316.2
2025-10-17 11:15:00,1.441,1.456,1.441,1.443,3464353.5
2025-10-17 11:30:00,1.444,1.448,1.433,1.439,1395055.6
2025-10-17 11:45:00,1.439,1.445,1.435,1.442,1078063.0
2025-10-17 12:00:00,1.443,1.452,1.441,1.446,1220091.5
2025-10-17 12:15:00,1.446,1.453,1.441,1.444,865093.3
2025-10-17 12:30:00,1.445,1.451,1.441,1.446,562091.2
2025-10-17 12:45:00,1.447,1.448,1.439,1.44,645091.0
2025-10-17 13:00:00,1.439,1.449,1.438,1.438,885277.4
2025-10-17 13:15:00,1.438,1.449,1.436,1.443,1044832.3
2025-10-17 13:30:00,1.443,1.461,1.436,1.44,2614866.2
2025-10-17 13:45:00,1.439,1.463,1.429,1.451,3084683.6
2025-10-17 14:00:00,1.451,1.457,1.439,1.448,1864924.6
2025-10-17 14:15:00,1.448,1.45,1.434,1.435,1201231.1
2025-10-17 14:30:00,1.435,1.443,1.421,1.436,2225123.8
2025-10-17 14:45:00,1.436,1.451,1.434,1.437,1421533.1
2025-10-17 15:00:00,1.437,1.447,1.435,1.437,957185.4
2025-10-17 15:15:00,1.437,1.449,1.436,1.445,960662.2
2025-10-17 15:30:00,1.444,1.449,1.431,1.443,1018699.3
2025-10-17 15:45:00,1.442,1.462,1.442,1.462,1201799.2
2025-10-17 16:00:00,1.461,1.48,1.458,1.464,2773097.1
2025-10-17 16:15:00,1.465,1.473,1.456,1.458,1646392.4
2025-10-17 16:30:00,1.459,1.463,1.452,1.457,996780.4
2025-10-17 16:45:00,1.457,1.462,1.448,1.453,1410030.1
2025-10-17 17:00:00,1.452,1.459,1.45,1.457,810015.3
2025-10-17 17:15:00,1.457,1.459,1.448,1.455,511768.7
2025-10-17 17:30:00,1.455,1.462,1.451,1.458,911362.2
2025-10-17 17:45:00,1.459,1.467,1.451,1.463,552461.4
2025-10-17 18:00:00,1.463,1.47,1.462,1.462,618049.1
2025-10-17 18:15:00,1.463,1.474,1.462,1.468,693441.5
2025-10-17 18:30:00,1.469,1.477,1.467,1.467,731953.1
2025-10-17 18:45:00,1.467,1.471,1.458,1.46,990535.8
2025-10-17 19:00:00,1.461,1.466,1.46,1.463,596542.8
2025-10-17 19:15:00,1.464,1.466,1.456,1.459,836627.5
2025-10-17 19:30:00,1.46,1.46,1.449,1.456,836384.2
2025-10-17 19:45:00,1.457,1.46,1.454,1.458,408622.4
2025-10-17 20:00:00,1.458,1.464,1.454,1.462,524040.4
2025-10-17 20:15:00,1.463,1.474,1.462,1.47,984264.3
2025-10-17 20:30:00,1.471,1.474,1.465,1.468,850100.2
2025-10-17 20:45:00,1.468,1.474,1.468,1.469,487495.5
2025-10-17 21:00:00,1.469,1.483,1.468,1.482,1259153.0
2025-10-17 21:15:00,1.482,1.484,1.473,1.475,754310.5
2025-10-17 21:30:00,1.475,1.477,1.47,1.472,472871.8
2025-10-17 21:45:00,1.472,1.474,1.47,1.472,219906.3
2025-10-17 22:00:00,1.473,1.475,1.467,1.468,499671.8
2025-10-17 22:15:00,1.468,1.471,1.467,1.469,231506.1
2025-10-17 22:30:00,1.47,1.471,1.463,1.464,625903.3
2025-10-17 22:45:00,1.465,1.471,1.465,1.469,247750.2
2025-10-17 23:00:00,1.47,1.47,1.463,1.464,429947.0
2025-10-17 23:15:00,1.465,1.465,1.459,1.46,589516.4
2025-10-17 23:30:00,1.459,1.465,1.457,1.463,704209.5
2025-10-17 23:45:00,1.463,1.465,1.462,1.464,360674.6
2025-10-18 00:00:00,1.463,1.466,1.461,1.463,498077.6
2025-10-18 00:15:00,1.462,1.476,1.462,1.473,685892.8
2025-10-18 00:30:00,1.473,1.475,1.469,1.473,539700.4
2025-10-18 00:45:00,1.474,1.475,1.47,1.471,300534.0
2025-10-18 01:00:00,1.472,1.48,1.471,1.478,660257.3
2025-10-18 01:15:00,1.479,1.485,1.476,1.484,664217.1
2025-10-18 01:30:00,1.484,1.488,1.481,1.486,543481.9
2025-10-18 01:45:00,1.487,1.498,1.484,1.494,1368202.5
2025-10-18 02:00:00,1.495,1.504,1.491,1.492,1193256.9
2025-10-18 02:15:00,1.493,1.496,1.489,1.492,935485.1
2025-10-18 02:30:00,1.493,1.496,1.486,1.487,549650.7
2025-10-18 02:45:00,1.487,1.49,1.481,1.488,715976.0
2025-10-18 03:00:00,1.489,1.494,1.489,1.491,420690.7
2025-10-18 03:15:00,1.492,1.495,1.489,1.49,363992.0
2025-10-18 03:30:00,1.491,1.498,1.49,1.494,428474.9
2025-10-18 03:45:00,1.493,1.497,1.491,1.492,328116.0
2025-10-18 04:00:00,1.493,1.493,1.484,1.486,598230.0
2025-10-18 04:15:00,1.487,1.487,1.482,1.485,319345.2
2025-10-18 04:30:00,1.486,1.487,1.48,1.483,495539.2
2025-10-18 04:45:00,1.484,1.485,1.477,1.479,652461.2
2025-10-18 05:00:00,1.479,1.482,1.478,1.481,309778.1
2025-10-18 05:15:00,1.48,1.482,1.472,1.473,858119.1
2025-10-18 05:30:00,1.474,1.48,1.469,1.478,804701.2
2025-10-18 05:45:00,1.479,1.484,1.478,1.482,518306.9
2025-10-18 06:00:00,1.483,1.488,1.48,1.483,595614.2
2025-10-18 06:15:00,1.484,1.484,1.475,1.476,631331.0
2025-10-18 06:30:00,1.477,1.478,1.472,1.473,318351.8
2025-10-18 06:45:00,1.474,1.482,1.472,1.481,408218.8
2025-10-18 07:00:00,1.482,1.504,1.481,1.494,1856270.4
2025-10-18 07:15:00,1.495,1.496,1.485,1.488,610980.0
2025-10-18 07:30:00,1.488,1.493,1.484,1.488,553136.9
2025-10-18 07:45:00,1.488,1.491,1.477,1.48,746193.8
2025-10-18 08:00:00,1.48,1.491,1.48,1.49,727694.4
2025-10-18 08:15:00,1.49,1.492,1.486,1.488,360085.2
2025-10-18 08:30:00,1.488,1.49,1.485,1.486,327760.6
2025-10-18 08:45:00,1.487,1.489,1.483,1.483,394740.6
2025-10-18 09:00:00,1.484,1.488,1.482,1.485,537881.6
2025-10-18 09:15:00,1.485,1.498,1.482,1.494,764185.9
2025-10-18 09:30:00,1.494,1.496,1.49,1.494,302880.5
2025-10-18 09:45:00,1.494,1.497,1.49,1.493,431520.6
2025-10-18 10:00:00,1.494,1.496,1.488,1.488,448557.8
2025-10-18 10:15:00,1.489,1.491,1.486,1.49,306321.5
2025-10-18 10:30:00,1.491,1.499,1.49,1.497,416462.0
2025-10-18 10:45:00,1.498,1.498,1.491,1.497,422763.5
2025-10-18 11:00:00,1.498,1.504,1.497,1.5,508040.7
2025-10-18 11:15:00,1.501,1.506,1.493,1.493,678791.0
2025-10-18 11:30:00,1.494,1.499,1.492,1.498,438924.0
2025-10-18 11:45:00,1.499,1.501,1.495,1.499,383436.6
2025-10-18 12:00:00,1.5,1.503,1.496,1.501,342285.7
2025-10-18 12:15:00,1.501,1.505,1.498,1.5,326680.9
2025-10-18 12:30:00,1.501,1.507,1.495,1.506,1736558.8
2025-10-18 12:45:00,1.507,1.509,1.5,1.501,608338.9
2025-10-18 13:00:00,1.502,1.502,1.493,1.5,556189.4
2025-10-18 13:15:00,1.5,1.501,1.493,1.5,518527.3
2025-10-18 13:30:00,1.5,1.5,1.492,1.496,604865.4
2025-10-18 13:45:00,1.496,1.504,1.494,1.497,453263.9
2025-10-18 14:00:00,1.497,1.501,1.486,1.492,867043.4
2025-10-18 14:15:00,1.491,1.494,1.491,1.494,422499.8
2025-10-18 14:30:00,1.494,1.505,1.494,1.502,513487.7
2025-10-18 14:45:00,1.501,1.505,1.499,1.503,401694.6
2025-10-18 15:00:00,1.503,1.508,1.501,1.503,681883.4
2025-10-18 15:15:00,1.503,1.511,1.499,1.501,1834768.7
2025-10-18 15:30:00,1.5,1.5,1.483,1.495,3250707.3
2025-10-18 15:45:00,1.496,1.498,1.493,1.495,240763.1
2025-10-18 16:00:00,1.494,1.496,1.482,1.485,809738.8
2025-10-18 16:15:00,1.485,1.487,1.478,1.482,904095.3
2025-10-18 16:30:00,1.482,1.482,1.475,1.481,745989.2
2025-10-18 16:45:00,1.481,1.487,1.479,1.485,407702.2
2025-10-18 17:00:00,1.486,1.487,1.481,1.486,469264.1
2025-10-18 17:15:00,1.487,1.497,1.486,1.494,485171.9
2025-10-18 17:30:00,1.494,1.498,1.489,1.49,493962.2
2025-10-18 17:45:00,1.489,1.497,1.487,1.496,372763.8
2025-10-18 18:00:00,1.495,1.499,1.49,1.492,322867.3
2025-10-18 18:15:00,1.491,1.494,1.489,1.492,175811.4
2025-10-18 18:30:00,1.491,1.495,1.49,1.491,199766.0
2025-10-18 18:45:00,1.49,1.493,1.488,1.49,391614.3
2025-10-18 19:00:00,1.489,1.492,1.486,1.489,270902.1
2025-10-18 19:15:00,1.488,1.493,1.488,1.491,251678.2
2025-10-18 19:30:00,1.491,1.492,1.489,1.491,203545.1
2025-10-18 19:45:00,1.491,1.494,1.49,1.492,156328.6
2025-10-18 20:00:00,1.493,1.498,1.491,1.491,362886.2
2025-10-18 20:15:00,1.492,1.499,1.49,1.498,130752.9
2025-10-18 20:30:00,1.499,1.501,1.494,1.496,316371.8
2025-10-18 20:45:00,1.497,1.5,1.492,1.494,251930.1
2025-10-18 21:00:00,1.494,1.496,1.489,1.493,341398.0
2025-10-18 21:15:00,1.492,1.495,1.489,1.495,225339.5
2025-10-18 21:30:00,1.496,1.497,1.493,1.494,137769.1
2025-10-18 21:45:00,1.494,1.499,1.494,1.498,86956.7
2025-10-18 22:00:00,1.498,1.499,1.494,1.495,274687.4
2025-10-18 22:15:00,1.496,1.498,1.494,1.498,175780.6
2025-10-18 22:30:00,1.497,1.499,1.494,1.494,197352.4
2025-10-18 22:45:00,1.495,1.495,1.492,1.494,173046.7
2025-10-18 23:00:00,1.495,1.495,1.491,1.492,218941.4
2025-10-18 23:15:00,1.492,1.494,1.49,1.492,171556.2
2025-10-18 23:30:00,1.493,1.494,1.49,1.49,284540.9
2025-10-18 23:45:00,1.491,1.494,1.49,1.493,257677.9
2025-10-19 00:00:00,1.494,1.495,1.486,1.487,491555.6
2025-10-19 00:15:00,1.487,1.491,1.487,1.488,242352.6
2025-10-19 00:30:00,1.488,1.489,1.48,1.482,454786.2
2025-10-19 00:45:00,1.482,1.485,1.478,1.485,331137.5
2025-10-19 01:00:00,1.484,1.485,1.478,1.482,357980.1
2025-10-19 01:15:00,1.481,1.49,1.48,1.488,282252.9
2025-10-19 01:30:00,1.488,1.488,1.483,1.487,375541.9
2025-10-19 01:45:00,1.487,1.491,1.486,1.49,247948.5
2025-10-19 02:00:00,1.489,1.49,1.486,1.489,220519.7
2025-10-19 02:15:00,1.489,1.494,1.487,1.492,374690.5
2025-10-19 02:30:00,1.491,1.493,1.487,1.488,221037.0
2025-10-19 02:45:00,1.489,1.491,1.486,1.491,181548.9
2025-10-19 03:00:00,1.49,1.491,1.488,1.489,143178.6
2025-10-19 03:15:00,1.488,1.499,1.488,1.499,333483.5
2025-10-19 03:30:00,1.498,1.509,1.497,1.506,840507.1
2025-10-19 03:45:00,1.507,1.513,1.504,1.508,796755.0
2025-10-19 04:00:00,1.509,1.51,1.5,1.501,446266.2
2025-10-19 04:15:00,1.501,1.502,1.497,1.498,291060.4
2025-10-19 04:30:00,1.498,1.501,1.495,1.495,178736.5
2025-10-19 04:45:00,1.496,1.498,1.493,1.496,425933.9
2025-10-19 05:00:00,1.496,1.499,1.494,1.495,262944.7
2025-10-19 05:15:00,1.494,1.501,1.493,1.494,376023.0
2025-10-19 05:30:00,1.495,1.498,1.49,1.49,433150.5
2025-10-19 05:45:00,1.491,1.491,1.485,1.489,552825.6
2025-10-19 06:00:00,1.49,1.492,1.485,1.485,274612.4
2025-10-19 06:15:00,1.486,1.487,1.484,1.486,369557.3
2025-10-19 06:30:00,1.485,1.486,1.479,1.481,469261.8
2025-10-19 06:45:00,1.482,1.485,1.48,1.484,173835.7
2025-10-19 07:00:00,1.485,1.489,1.483,1.487,334706.1
2025-10-19 07:15:00,1.486,1.49,1.484,1.485,273749.1
2025-10-19 07:30:00,1.486,1.489,1.482,1.483,307150.0
2025-10-19 07:45:00,1.484,1.491,1.482,1.49,290550.4
2025-10-19 08:00:00,1.491,1.494,1.488,1.488,458419.9
2025-10-19 08:15:00,1.489,1.506,1.473,1.489,3428079.5
2025-10-19 08:30:00,1.489,1.49,1.481,1.483,537201.9
2025-10-19 08:45:00,1.483,1.486,1.479,1.48,494729.8
2025-10-19 09:00:00,1.48,1.48,1.469,1.475,1187235.2
2025-10-19 09:15:00,1.476,1.48,1.467,1.468,582159.1
2025-10-19 09:30:00,1.468,1.491,1.468,1.488,1332609.7
2025-10-19 09:45:00,1.488,1.509,1.486,1.498,3018061.7
2025-10-19 10:00:00,1.499,1.506,1.493,1.498,1095571.9
2025-10-19 10:15:00,1.497,1.523,1.495,1.518,2015416.7
2025-10-19 10:30:00,1.518,1.521,1.511,1.52,1328391.0
2025-10-19 10:45:00,1.52,1.521,1.512,1.518,444166.3
2025-10-19 11:00:00,1.518,1.532,1.518,1.527,1645230.9
2025-10-19 11:15:00,1.528,1.53,1.515,1.518,804913.4
2025-10-19 11:30:00,1.517,1.52,1.513,1.513,403778.8
2025-10-19 11:45:00,1.514,1.516,1.511,1.514,504549.1
2025-10-19 12:00:00,1.514,1.516,1.505,1.508,616347.9
2025-10-19 12:15:00,1.507,1.513,1.505,1.506,561152.6
2025-10-19 12:30:00,1.505,1.512,1.504,1.505,711851.9
2025-10-19 12:45:00,1.504,1.508,1.501,1.507,505082.0
2025-10-19 13:00:00,1.508,1.511,1.502,1.506,765732.6
2025-10-19 13:15:00,1.506,1.51,1.504,1.509,546203.4
2025-10-19 13:30:00,1.508,1.52,1.508,1.518,1253920.3
2025-10-19 13:45:00,1.519,1.532,1.517,1.528,1091257.6
2025-10-19 14:00:00,1.527,1.529,1.518,1.522,1008449.1
2025-10-19 14:15:00,1.523,1.534,1.521,1.531,942052.4
2025-10-19 14:30:00,1.531,1.533,1.523,1.528,751852.5
2025-10-19 14:45:00,1.528,1.542,1.527,1.537,1732349.5
2025-10-19 15:00:00,1.538,1.547,1.533,1.536,2225157.1
2025-10-19 15:15:00,1.535,1.543,1.534,1.538,432971.0
2025-10-19 15:30:00,1.537,1.542,1.535,1.539,702674.2
2025-10-19 15:45:00,1.539,1.542,1.536,1.538,259601.5
2025-10-19 16:00:00,1.538,1.539,1.532,1.534,1013468.1
2025-10-19 16:15:00,1.534,1.535,1.528,1.535,852173.6
2025-10-19 16:30:00,1.535,1.546,1.531,1.544,675490.4
2025-10-19 16:45:00,1.545,1.546,1.537,1.542,736309.4
2025-10-19 17:00:00,1.542,1.556,1.541,1.552,1420518.3
2025-10-19 17:15:00,1.552,1.555,1.542,1.543,867601.2
2025-10-19 17:30:00,1.543,1.544,1.536,1.539,418631.3
2025-10-19 17:45:00,1.538,1.539,1.534,1.535,294754.5
2025-10-19 18:00:00,1.535,1.539,1.531,1.535,769674.7
2025-10-19 18:15:00,1.535,1.537,1.531,1.535,368382.9
2025-10-19 18:30:00,1.535,1.54,1.534,1.54,269839.0
2025-10-19 18:45:00,1.539,1.541,1.537,1.538,327237.8
2025-10-19 19:00:00,1.538,1.539,1.529,1.535,460437.3
2025-10-19 19:15:00,1.534,1.537,1.533,1.536,146002.9
2025-10-19 19:30:00,1.536,1.538,1.533,1.537,323541.4
2025-10-19 19:45:00,1.536,1.54,1.534,1.54,314039.3
2025-10-19 20:00:00,1.539,1.55,1.538,1.546,841850.6
2025-10-19 20:15:00,1.547,1.55,1.543,1.547,784658.0
2025-10-19 20:30:00,1.547,1.548,1.542,1.545,277768.7
2025-10-19 20:45:00,1.545,1.553,1.545,1.552,489367.2
2025-10-19 21:00:00,1.552,1.553,1.54,1.543,578179.3
2025-10-19 21:15:00,1.543,1.543,1.536,1.537,294845.2
2025-10-19 21:30:00,1.536,1.541,1.533,1.54,365534.4
2025-10-19 21:45:00,1.539,1.543,1.539,1.543,156252.5
2025-10-19 22:00:00,1.543,1.548,1.54,1.545,487994.6
2025-10-19 22:15:00,1.544,1.549,1.543,1.547,261409.3
2025-10-19 22:30:00,1.546,1.549,1.544,1.547,246856.7
2025-10-19 22:45:00,1.547,1.548,1.543,1.545,220431.1
2025-10-19 23:00:00,1.544,1.545,1.536,1.537,434432.0
2025-10-19 23:15:00,1.538,1.539,1.535,1.537,234430.0
2025-10-19 23:30:00,1.536,1.54,1.528,1.531,1005411.7
2025-10-19 23:45:00,1.53,1.532,1.528,1.532,348552.5
2025-10-20 00:00:00,1.532,1.533,1.521,1.523,840597.3
2025-10-20 00:15:00,1.523,1.525,1.504,1.509,4372976.0
2025-10-20 00:30:00,1.508,1.518,1.499,1.514,1543173.0
2025-10-20 00:45:00,1.514,1.52,1.512,1.518,593990.8
2025-10-20 01:00:00,1.519,1.524,1.513,1.519,766302.1
2025-10-20 01:15:00,1.519,1.522,1.515,1.519,264725.7
2025-10-20 01:30:00,1.519,1.521,1.514,1.519,415189.2
2025-10-20 01:45:00,1.519,1.522,1.514,1.517,350428.6
2025-10-20 02:00:00,1.516,1.517,1.509,1.514,427398.4
2025-10-20 02:15:00,1.514,1.525,1.513,1.52,550545.9
2025-10-20 02:30:00,1.519,1.527,1.516,1.524,475135.7
2025-10-20 02:45:00,1.524,1.531,1.523,1.528,416772.9
2025-10-20 03:00:00,1.528,1.529,1.525,1.528,474050.2
2025-10-20 03:15:00,1.529,1.536,1.528,1.532,455552.4
2025-10-20 03:30:00,1.531,1.541,1.528,1.538,541443.5
2025-10-20 03:45:00,1.537,1.572,1.536,1.564,2014510.6
2025-10-20 04:00:00,1.565,1.574,1.563,1.569,1027648.6
2025-10-20 04:15:00,1.569,1.572,1.56,1.562,596407.6
2025-10-20 04:30:00,1.562,1.57,1.562,1.563,594145.0
2025-10-20 04:45:00,1.564,1.572,1.563,1.57,896862.8
2025-10-20 05:00:00,1.571,1.571,1.563,1.569,454696.5
2025-10-20 05:15:00,1.57,1.571,1.564,1.567,322331.7
2025-10-20 05:30:00,1.568,1.573,1.567,1.571,454784.5
2025-10-20 05:45:00,1.571,1.581,1.569,1.576,700215.0
2025-10-20 06:00:00,1.577,1.581,1.573,1.578,469780.2
2025-10-20 06:15:00,1.579,1.593,1.579,1.591,1051060.3
2025-10-20 06:30:00,1.592,1.599,1.59,1.598,1070416.7
2025-10-20 06:45:00,1.598,1.599,1.589,1.589,631226.0
2025-10-20 07:00:00,1.59,1.593,1.584,1.59,553743.8
2025-10-20 07:15:00,1.591,1.592,1.584,1.585,381314.5
2025-10-20 07:30:00,1.586,1.587,1.578,1.581,810693.5
2025-10-20 07:45:00,1.58,1.585,1.578,1.585,438587.4
2025-10-20 08:00:00,1.584,1.587,1.581,1.586,466475.5
2025-10-20 08:15:00,1.587,1.587,1.58,1.587,427228.6
2025-10-20 08:30:00,1.587,1.601,1.586,1.591,1041290.0
2025-10-20 08:45:00,1.59,1.592,1.584,1.587,327910.4
2025-10-20 09:00:00,1.587,1.59,1.582,1.588,388416.4
2025-10-20 09:15:00,1.588,1.589,1.581,1.584,350796.1
2025-10-20 09:30:00,1.584,1.588,1.582,1.586,459779.0
2025-10-20 09:45:00,1.587,1.59,1.583,1.587,193708.9
2025-10-20 10:00:00,1.588,1.594,1.587,1.591,399909.3
2025-10-20 10:15:00,1.592,1.601,1.592,1.601,707315.3
2025-10-20 10:30:00,1.6,1.608,1.596,1.597,1434929.0
2025-10-20 10:45:00,1.596,1.602,1.589,1.599,1004435.2
2025-10-20 11:00:00,1.6,1.601,1.591,1.592,767291.8
2025-10-20 11:15:00,1.592,1.603,1.591,1.599,695043.1
2025-10-20 11:30:00,1.6,1.607,1.597,1.604,639856.8
2025-10-20 11:45:00,1.605,1.617,1.604,1.616,1494239.6
2025-10-20 12:00:00,1.617,1.617,1.609,1.614,808277.7
2025-10-20 12:15:00,1.615,1.619,1.608,1.609,660036.4
2025-10-20 12:30:00,1.609,1.612,1.601,1.603,595238.2
2025-10-20 12:45:00,1.602,1.605,1.598,1.603,450934.1
2025-10-20 13:00:00,1.604,1.607,1.598,1.599,506587.3
2025-10-20 13:15:00,1.598,1.605,1.596,1.604,362058.0
2025-10-20 13:30:00,1.603,1.615,1.603,1.612,749418.2
2025-10-20 13:45:00,1.612,1.619,1.61,1.614,893281.8
2025-10-20 14:00:00,1.615,1.619,1.611,1.612,753540.7
2025-10-20 14:15:00,1.613,1.623,1.606,1.621,1114526.6
2025-10-20 14:30:00,1.621,1.628,1.62,1.623,1217093.4
2025-10-20 14:45:00,1.624,1.627,1.619,1.622,692469.0
2025-10-20 15:00:00,1.623,1.625,1.609,1.609,1076555.3
2025-10-20 15:15:00,1.609,1.613,1.601,1.605,1164649.4
2025-10-20 15:30:00,1.604,1.607,1.598,1.602,655697.7
2025-10-20 15:45:00,1.602,1.607,1.588,1.59,1445795.2
2025-10-20 16:00:00,1.59,1.592,1.56,1.587,4298749.6
2025-10-20 16:15:00,1.587,1.592,1.58,1.583,751097.3
2025-10-20 16:30:00,1.583,1.584,1.57,1.575,1015980.0
2025-10-20 16:45:00,1.575,1.579,1.567,1.578,634127.4
2025-10-20 17:00:00,1.578,1.585,1.567,1.569,704333.1
2025-10-20 17:15:00,1.568,1.579,1.568,1.572,548973.3
2025-10-20 17:30:00,1.572,1.573,1.565,1.571,515239.2
2025-10-20 17:45:00,1.57,1.581,1.57,1.575,509729.2
2025-10-20 18:00:00,1.575,1.58,1.573,1.574,263899.3
2025-10-20 18:15:00,1.573,1.582,1.57,1.581,416606.0
2025-10-20 18:30:00,1.58,1.584,1.577,1.582,219622.9
2025-10-20 18:45:00,1.582,1.588,1.58,1.587,367580.7
2025-10-20 19:00:00,1.587,1.588,1.578,1.583,738064.2
2025-10-20 19:15:00,1.582,1.584,1.577,1.584,240836.9
2025-10-20 19:30:00,1.584,1.591,1.579,1.589,357822.5
2025-10-20 19:45:00,1.588,1.599,1.588,1.593,685069.4
2025-10-20 20:00:00,1.594,1.597,1.588,1.594,546657.8
2025-10-20 20:15:00,1.595,1.6,1.592,1.593,300068.0
2025-10-20 20:30:00,1.594,1.597,1.59,1.596,232512.6
2025-10-20 20:45:00,1.597,1.598,1.592,1.595,186161.6
2025-10-20 21:00:00,1.595,1.601,1.591,1.594,869712.2
2025-10-20 21:15:00,1.595,1.595,1.586,1.591,460906.6
2025-10-20 21:30:00,1.59,1.591,1.583,1.588,295581.0
2025-10-20 21:45:00,1.588,1.588,1.582,1.585,126128.7
2025-10-20 22:00:00,1.585,1.592,1.585,1.59,556770.5
2025-10-20 22:15:00,1.591,1.592,1.586,1.586,329188.9
2025-10-20 22:30:00,1.587,1.59,1.586,1.589,214812.0
2025-10-20 22:45:00,1.589,1.59,1.586,1.588,325015.0
2025-10-20 23:00:00,1.589,1.589,1.583,1.584,281903.0
2025-10-20 23:15:00,1.585,1.59,1.584,1.589,331029.5
2025-10-20 23:30:00,1.59,1.591,1.581,1.581,395515.0
2025-10-20 23:45:00,1.582,1.583,1.578,1.579,301935.2
2025-10-21 00:00:00,1.579,1.581,1.572,1.574,641863.6
2025-10-21 00:15:00,1.574,1.581,1.574,1.578,374057.8
2025-10-21 00:30:00,1.579,1.583,1.576,1.581,363723.6
2025-10-21 00:45:00,1.581,1.582,1.576,1.576,324932.6
2025-10-21 01:00:00,1.577,1.578,1.564,1.569,1322436.5
2025-10-21 01:15:00,1.568,1.576,1.568,1.575,233953.6
2025-10-21 01:30:00,1.576,1.576,1.566,1.571,369460.8
2025-10-21 01:45:00,1.57,1.572,1.561,1.569,734109.1
2025-10-21 02:00:00,1.568,1.57,1.56,1.565,910366.9
2025-10-21 02:15:00,1.564,1.565,1.555,1.563,789829.2
2025-10-21 02:30:00,1.562,1.565,1.559,1.559,534148.1
2025-10-21 02:45:00,1.559,1.561,1.552,1.554,701135.4
2025-10-21 03:00:00,1.554,1.559,1.551,1.555,784359.3
2025-10-21 03:15:00,1.554,1.559,1.553,1.555,540278.7
2025-10-21 03:30:00,1.554,1.557,1.551,1.555,500625.0
2025-10-21 03:45:00,1.554,1.556,1.548,1.552,806565.3
2025-10-21 04:00:00,1.551,1.553,1.526,1.537,3967655.2
2025-10-21 04:15:00,1.536,1.54,1.53,1.539,1074760.6
2025-10-21 04:30:00,1.538,1.539,1.521,1.523,1368561.9
2025-10-21 04:45:00,1.523,1.528,1.515,1.52,1547179.0
2025-10-21 05:00:00,1.52,1.525,1.515,1.521,1026601.7
2025-10-21 05:15:00,1.521,1.528,1.517,1.524,668428.9
2025-10-21 05:30:00,1.525,1.53,1.519,1.524,950456.9
2025-10-21 05:45:00,1.525,1.529,1.519,1.522,585291.8
2025-10-21 06:00:00,1.522,1.525,1.518,1.52,644978.2
2025-10-21 06:15:00,1.52,1.534,1.519,1.531,935649.6
2025-10-21 06:30:00,1.53,1.535,1.528,1.529,517461.9
2025-10-21 06:45:00,1.53,1.536,1.529,1.533,565693.2
2025-10-21 07:00:00,1.533,1.534,1.526,1.526,649399.5
2025-10-21 07:15:00,1.527,1.54,1.527,1.54,974290.6
2025-10-21 07:30:00,1.54,1.544,1.539,1.541,486535.5
2025-10-21 07:45:00,1.542,1.544,1.54,1.541,356264.7
2025-10-21 08:00:00,1.541,1.541,1.532,1.533,983756.8
2025-10-21 08:15:00,1.533,1.537,1.532,1.534,550607.5
2025-10-21 08:30:00,1.534,1.534,1.526,1.526,717643.4
2025-10-21 08:45:00,1.527,1.54,1.524,1.536,1002480.1
2025-10-21 09:00:00,1.536,1.537,1.53,1.536,364302.4
2025-10-21 09:15:00,1.536,1.547,1.534,1.546,739169.1
2025-10-21 09:30:00,1.547,1.553,1.545,1.548,1099232.4
2025-10-21 09:45:00,1.548,1.558,1.548,1.551,1260426.3
2025-10-21 10:00:00,1.552,1.564,1.55,1.56,1665902.1
2025-10-21 10:15:00,1.559,1.569,1.559,1.566,1255013.9
2025-10-21 10:30:00,1.567,1.577,1.561,1.563,2072136.3
2025-10-21 10:45:00,1.562,1.578,1.556,1.564,2527352.4
2025-10-21 11:00:00,1.563,1.563,1.552,1.554,1127320.2
2025-10-21 11:15:00,1.554,1.558,1.55,1.556,676121.3
2025-10-21 11:30:00,1.556,1.56,1.553,1.554,459804.5
2025-10-21 11:45:00,1.554,1.562,1.554,1.558,466509.4
2025-10-21 12:00:00,1.558,1.558,1.549,1.554,933636.4
2025-10-21 12:15:00,1.555,1.571,1.555,1.562,1198838.7
2025-10-21 12:30:00,1.563,1.569,1.559,1.568,836769.6
2025-10-21 12:45:00,1.568,1.569,1.553,1.555,730349.6
2025-10-21 13:00:00,1.555,1.558,1.544,1.552,1243464.4
2025-10-21 13:15:00,1.553,1.554,1.547,1.552,620853.0
2025-10-21 13:30:00,1.552,1.563,1.547,1.553,1133543.5
2025-10-21 13:45:00,1.553,1.554,1.543,1.552,1426445.4
2025-10-21 14:00:00,1.552,1.578,1.552,1.574,1914564.2
2025-10-21 14:15:00,1.574,1.588,1.567,1.569,2537371.1
2025-10-21 14:30:00,1.57,1.578,1.569,1.576,910472.5
2025-10-21 14:45:00,1.575,1.603,1.572,1.602,2301099.6
2025-10-21 15:00:00,1.602,1.627,1.594,1.622,3511746.1
2025-10-21 15:15:00,1.621,1.641,1.617,1.628,3163247.0
2025-10-21 15:30:00,1.627,1.638,1.623,1.635,1863405.6
2025-10-21 15:45:00,1.635,1.639,1.626,1.629,1189496.1
2025-10-21 16:00:00,1.628,1.648,1.628,1.648,2046485.3
2025-10-21 16:15:00,1.647,1.649,1.635,1.641,1939714.9
2025-10-21 16:30:00,1.641,1.651,1.639,1.643,2747857.3
2025-10-21 16:45:00,1.643,1.652,1.617,1.621,4246161.3
2025-10-21 17:00:00,1.621,1.64,1.617,1.635,2064654.4
2025-10-21 17:15:00,1.634,1.637,1.611,1.635,2588158.9
2025-10-21 17:30:00,1.635,1.646,1.628,1.642,1630853.0
2025-10-21 17:45:00,1.642,1.646,1.636,1.641,1013568.7
2025-10-21 18:00:00,1.641,1.646,1.626,1.631,1143720.0
2025-10-21 18:15:00,1.63,1.643,1.627,1.637,956532.0
2025-10-21 18:30:00,1.636,1.638,1.63,1.634,721632.0
2025-10-21 18:45:00,1.634,1.638,1.628,1.634,493802.5
2025-10-21 19:00:00,1.634,1.636,1.627,1.635,494544.8
2025-10-21 19:15:00,1.634,1.635,1.623,1.629,552589.5
2025-10-21 19:30:00,1.629,1.634,1.625,1.627,446798.5
2025-10-21 19:45:00,1.627,1.631,1.623,1.625,312388.6
2025-10-21 20:00:00,1.625,1.629,1.614,1.621,721733.0
2025-10-21 20:15:00,1.62,1.621,1.603,1.614,1482372.0
2025-10-21 20:30:00,1.613,1.616,1.608,1.614,525326.0
2025-10-21 20:45:00,1.613,1.618,1.607,1.611,592830.1
2025-10-21 21:00:00,1.61,1.614,1.608,1.612,528601.7
2025-10-21 21:15:00,1.611,1.612,1.58,1.595,2882588.6
2025-10-21 21:30:00,1.595,1.606,1.591,1.606,669670.0
2025-10-21 21:45:00,1.605,1.606,1.601,1.605,244113.6
2025-10-21 22:00:00,1.605,1.606,1.593,1.604,741237.1
2025-10-21 22:15:00,1.603,1.605,1.586,1.588,1052657.0
2025-10-21 22:30:00,1.588,1.592,1.57,1.581,3031592.2
2025-10-21 22:45:00,1.581,1.591,1.575,1.578,985163.6
2025-10-21 23:00:00,1.577,1.582,1.574,1.579,749163.7
2025-10-21 23:15:00,1.578,1.584,1.568,1.574,1441668.6
2025-10-21 23:30:00,1.573,1.573,1.553,1.557,2861251.7
2025-10-21 23:45:00,1.556,1.564,1.553,1.56,2130965.8
2025-10-22 00:00:00,1.56,1.568,1.554,1.567,1495693.2
2025-10-22 00:15:00,1.566,1.567,1.554,1.559,844372.4
2025-10-22 00:30:00,1.558,1.568,1.544,1.556,2000204.6
2025-10-22 00:45:00,1.556,1.561,1.553,1.556,937741.9
2025-10-22 01:00:00,1.556,1.57,1.555,1.565,1020411.1
2025-10-22 01:15:00,1.564,1.565,1.555,1.563,895971.7
2025-10-22 01:30:00,1.563,1.568,1.556,1.567,687891.6
2025-10-22 01:45:00,1.568,1.575,1.564,1.565,1072993.9
2025-10-22 02:00:00,1.566,1.572,1.564,1.571,469736.1
2025-10-22 02:15:00,1.571,1.572,1.566,1.566,348590.2
2025-10-22 02:30:00,1.567,1.568,1.553,1.555,785814.3
2025-10-22 02:45:00,1.556,1.558,1.553,1.555,492188.4
2025-10-22 03:00:00,1.556,1.557,1.543,1.544,1201449.8
2025-10-22 03:15:00,1.544,1.552,1.54,1.549,1037535.8
2025-10-22 03:30:00,1.55,1.553,1.547,1.552,661234.3
2025-10-22 03:45:00,1.553,1.559,1.552,1.559,424084.1
2025-10-22 04:00:00,1.559,1.567,1.556,1.561,726668.0
2025-10-22 04:15:00,1.562,1.568,1.56,1.568,631636.7
2025-10-22 04:30:00,1.567,1.568,1.56,1.562,774304.0
2025-10-22 04:45:00,1.563,1.569,1.561,1.567,816968.3
2025-10-22 05:00:00,1.568,1.568,1.555,1.555,589563.2
2025-10-22 05:15:00,1.555,1.557,1.529,1.541,2588095.5
2025-10-22 05:30:00,1.54,1.545,1.536,1.543,944373.6
2025-10-22 05:45:00,1.544,1.549,1.541,1.544,480916.3
2025-10-22 06:00:00,1.545,1.546,1.538,1.541,1027903.2
2025-10-22 06:15:00,1.542,1.543,1.534,1.534,681043.9
2025-10-22 06:30:00,1.535,1.54,1.534,1.538,818705.1
2025-10-22 06:45:00,1.539,1.539,1.53,1.534,1064582.3
2025-10-22 07:00:00,1.533,1.533,1.525,1.528,1398513.3
2025-10-22 07:15:00,1.527,1.535,1.527,1.532,712101.7
2025-10-22 07:30:00,1.532,1.54,1.53,1.535,812644.2
2025-10-22 07:45:00,1.535,1.544,1.53,1.539,1041265.2
2025-10-22 08:00:00,1.54,1.54,1.531,1.531,525409.4
2025-10-22 08:15:00,1.531,1.537,1.529,1.535,401726.3
2025-10-22 08:30:00,1.535,1.536,1.529,1.536,308160.7
2025-10-22 08:45:00,1.536,1.538,1.528,1.53,506171.0
2025-10-22 09:00:00,1.529,1.532,1.523,1.523,926733.0
2025-10-22 09:15:00,1.524,1.53,1.518,1.529,1168550.1
2025-10-22 09:30:00,1.53,1.531,1.513,1.514,1530268.6
2025-10-22 09:45:00,1.515,1.52,1.511,1.517,1011843.2
2025-10-22 10:00:00,1.517,1.523,1.512,1.521,868401.4
2025-10-22 10:15:00,1.522,1.525,1.511,1.512,958822.7
2025-10-22 10:30:00,1.513,1.514,1.506,1.51,1258126.8
2025-10-22 10:45:00,1.511,1.515,1.505,1.507,759434.5
2025-10-22 11:00:00,1.508,1.528,1.491,1.526,3581785.3
2025-10-22 11:15:00,1.526,1.533,1.522,1.524,1479779.2
2025-10-22 11:30:00,1.525,1.53,1.52,1.521,799201.8
2025-10-22 11:45:00,1.521,1.525,1.517,1.523,839242.3
2025-10-22 12:00:00,1.524,1.528,1.519,1.527,898532.8
2025-10-22 12:15:00,1.527,1.538,1.526,1.531,922855.3
2025-10-22 12:30:00,1.532,1.535,1.528,1.53,551585.6
2025-10-22 12:45:00,1.531,1.531,1.522,1.528,662951.8
2025-10-22 13:00:00,1.529,1.538,1.527,1.535,687792.4
2025-10-22 13:15:00,1.535,1.537,1.528,1.529,342421.3
2025-10-22 13:30:00,1.529,1.539,1.519,1.531,2027011.7
2025-10-22 13:45:00,1.532,1.552,1.529,1.548,1794504.8
2025-10-22 14:00:00,1.549,1.551,1.536,1.541,1802470.6
2025-10-22 14:15:00,1.54,1.545,1.524,1.529,2288801.6
2025-10-22 14:30:00,1.529,1.537,1.521,1.526,1770322.9
2025-10-22 14:45:00,1.527,1.552,1.52,1.552,1880132.1
2025-10-22 15:00:00,1.552,1.559,1.54,1.542,2036953.7
2025-10-22 15:15:00,1.543,1.544,1.529,1.535,905095.4
2025-10-22 15:30:00,1.534,1.55,1.531,1.549,993087.0
2025-10-22 15:45:00,1.549,1.553,1.544,1.546,569076.6
2025-10-22 16:00:00,1.545,1.55,1.54,1.541,777294.4
2025-10-22 16:15:00,1.54,1.545,1.532,1.542,832722.8
2025-10-22 16:30:00,1.542,1.554,1.526,1.547,3221424.1
2025-10-22 16:45:00,1.547,1.553,1.538,1.541,750019.7
2025-10-22 17:00:00,1.541,1.55,1.539,1.543,639169.1
2025-10-22 17:15:00,1.542,1.547,1.538,1.542,708416.7
2025-10-22 17:30:00,1.541,1.551,1.533,1.536,775067.5
2025-10-22 17:45:00,1.535,1.54,1.522,1.528,1219497.3
2025-10-22 18:00:00,1.528,1.535,1.522,1.524,1136200.1
2025-10-22 18:15:00,1.523,1.533,1.513,1.531,1318504.8
2025-10-22 18:30:00,1.531,1.534,1.521,1.522,598107.9
2025-10-22 18:45:00,1.523,1.529,1.522,1.526,608056.6
2025-10-22 19:00:00,1.525,1.539,1.522,1.532,1132411.5
2025-10-22 19:15:00,1.532,1.538,1.53,1.534,454825.3
2025-10-22 19:30:00,1.534,1.535,1.524,1.525,366923.6
2025-10-22 19:45:00,1.525,1.529,1.509,1.526,1442778.8
2025-10-22 20:00:00,1.526,1.53,1.521,1.524,957700.9
2025-10-22 20:15:00,1.523,1.523,1.511,1.512,491376.8
2025-10-22 20:30:00,1.512,1.522,1.505,1.521,1135018.9
2025-10-22 20:45:00,1.521,1.521,1.506,1.509,711751.4
2025-10-22 21:00:00,1.509,1.509,1.457,1.479,7744095.9
2025-10-22 21:15:00,1.48,1.494,1.477,1.481,1870327.9
2025-10-22 21:30:00,1.48,1.489,1.478,1.483,719026.5
2025-10-22 21:45:00,1.483,1.492,1.482,1.483,495714.1
2025-10-22 22:00:00,1.482,1.496,1.481,1.485,965048.1
2025-10-22 22:15:00,1.485,1.487,1.476,1.479,889449.1
2025-10-22 22:30:00,1.478,1.489,1.477,1.486,819601.6
2025-10-22 22:45:00,1.485,1.49,1.481,1.487,438557.6
2025-10-22 23:00:00,1.486,1.5,1.486,1.498,785874.3
2025-10-22 23:15:00,1.498,1.519,1.497,1.512,1738749.1
2025-10-22 23:30:00,1.512,1.524,1.512,1.515,882736.5
2025-10-22 23:45:00,1.516,1.522,1.514,1.518,862592.1
2025-10-23 00:00:00,1.519,1.527,1.515,1.527,915216.3
2025-10-23 00:15:00,1.526,1.529,1.519,1.523,597744.1
2025-10-23 00:30:00,1.524,1.529,1.52,1.522,318744.6
2025-10-23 00:45:00,1.523,1.525,1.52,1.523,448418.8
2025-10-23 01:00:00,1.522,1.53,1.521,1.527,598328.4
2025-10-23 01:15:00,1.528,1.53,1.519,1.522,563628.2
2025-10-23 01:30:00,1.523,1.527,1.52,1.521,334923.8
2025-10-23 01:45:00,1.522,1.524,1.52,1.52,341712.3
2025-10-23 02:00:00,1.521,1.525,1.52,1.524,301488.2
2025-10-23 02:15:00,1.524,1.528,1.523,1.525,334079.0
2025-10-23 02:30:00,1.526,1.528,1.524,1.527,214300.7
2025-10-23 02:45:00,1.526,1.528,1.523,1.525,248873.8
2025-10-23 03:00:00,1.526,1.534,1.524,1.53,495764.1
2025-10-23 03:15:00,1.53,1.533,1.528,1.532,215337.6
2025-10-23 03:30:00,1.533,1.534,1.528,1.529,338143.8
2025-10-23 03:45:00,1.53,1.53,1.527,1.529,252282.7
2025-10-23 04:00:00,1.53,1.531,1.525,1.525,337169.0
2025-10-23 04:15:00,1.526,1.534,1.524,1.531,273476.3
2025-10-23 04:30:00,1.532,1.541,1.528,1.539,427287.3
2025-10-23 04:45:00,1.54,1.541,1.533,1.533,279753.1
2025-10-23 05:00:00,1.534,1.537,1.533,1.536,288170.7
2025-10-23 05:15:00,1.536,1.537,1.531,1.531,241849.7
2025-10-23 05:30:00,1.532,1.533,1.528,1.529,251233.6
2025-10-23 05:45:00,1.529,1.534,1.528,1.533,342574.5
2025-10-23 06:00:00,1.534,1.538,1.532,1.537,351081.6
2025-10-23 06:15:00,1.537,1.554,1.537,1.551,1338743.0
2025-10-23 06:30:00,1.551,1.554,1.546,1.548,551820.2
2025-10-23 06:45:00,1.548,1.554,1.548,1.552,454713.7
2025-10-23 07:00:00,1.553,1.554,1.544,1.546,529876.6
2025-10-23 07:15:00,1.545,1.548,1.54,1.543,354776.0
2025-10-23 07:30:00,1.544,1.548,1.541,1.546,502064.2
2025-10-23 07:45:00,1.547,1.549,1.544,1.545,370590.7
2025-10-23 08:00:00,1.546,1.553,1.545,1.551,317082.5
2025-10-23 08:15:00,1.552,1.553,1.547,1.551,420593.0
2025-10-23 08:30:00,1.552,1.553,1.545,1.546,576751.8
2025-10-23 08:45:00,1.547,1.549,1.541,1.543,553618.9
2025-10-23 09:00:00,1.542,1.543,1.536,1.537,655989.9
2025-10-23 09:15:00,1.537,1.54,1.536,1.538,305591.2
2025-10-23 09:30:00,1.537,1.542,1.536,1.542,284024.0
2025-10-23 09:45:00,1.541,1.545,1.539,1.542,377146.1
2025-10-23 10:00:00,1.543,1.547,1.542,1.546,328519.2
2025-10-23 10:15:00,1.547,1.551,1.546,1.547,589857.9
2025-10-23 10:30:00,1.546,1.55,1.544,1.55,783202.3
2025-10-23 10:45:00,1.549,1.554,1.548,1.55,480857.1
2025-10-23 11:00:00,1.55,1.553,1.547,1.552,450015.4
2025-10-23 11:15:00,1.552,1.554,1.547,1.549,358997.9
2025-10-23 11:30:00,1.548,1.549,1.542,1.545,495751.0
2025-10-23 11:45:00,1.544,1.547,1.541,1.545,354415.2
2025-10-23 12:00:00,1.544,1.545,1.528,1.539,1508003.0
2025-10-23 12:15:00,1.538,1.545,1.536,1.543,290549.1
2025-10-23 12:30:00,1.542,1.544,1.537,1.544,494183.3
2025-10-23 12:45:00,1.543,1.546,1.539,1.546,430217.3
2025-10-23 13:00:00,1.546,1.546,1.539,1.545,432322.0
2025-10-23 13:15:00,1.546,1.55,1.543,1.55,511656.1
2025-10-23 13:30:00,1.55,1.563,1.548,1.555,1410640.5
2025-10-23 13:45:00,1.555,1.559,1.552,1.557,470913.1
2025-10-23 14:00:00,1.557,1.559,1.544,1.546,978676.5
2025-10-23 14:15:00,1.545,1.553,1.539,1.548,953874.5
2025-10-23 14:30:00,1.548,1.558,1.546,1.549,499820.2
2025-10-23 14:45:00,1.549,1.552,1.547,1.551,292838.5
2025-10-23 15:00:00,1.551,1.564,1.545,1.56,1015376.1
2025-10-23 15:15:00,1.561,1.564,1.555,1.561,511271.3
2025-10-23 15:30:00,1.561,1.569,1.556,1.557,814199.7
2025-10-23 15:45:00,1.557,1.564,1.556,1.558,516400.2
2025-10-23 16:00:00,1.558,1.564,1.555,1.559,514448.5
2025-10-23 16:15:00,1.559,1.563,1.552,1.554,674332.5
2025-10-23 16:30:00,1.553,1.558,1.553,1.557,279002.0
2025-10-23 16:45:00,1.556,1.572,1.556,1.567,861106.6
2025-10-23 17:00:00,1.567,1.569,1.553,1.56,979819.9
2025-10-23 17:15:00,1.561,1.564,1.558,1.559,596764.4
2025-10-23 17:30:00,1.56,1.577,1.559,1.572,1152495.2
2025-10-23 17:45:00,1.573,1.578,1.571,1.574,619324.3
2025-10-23 18:00:00,1.575,1.576,1.566,1.566,564922.5
2025-10-23 18:15:00,1.567,1.57,1.566,1.566,316051.7
2025-10-23 18:30:00,1.566,1.568,1.561,1.563,507604.8
2025-10-23 18:45:00,1.563,1.564,1.557,1.56,476592.0
2025-10-23 19:00:00,1.56,1.561,1.552,1.558,651950.2
2025-10-23 19:15:00,1.558,1.563,1.554,1.561,341165.0
2025-10-23 19:30:00,1.562,1.562,1.557,1.559,370793.6
2025-10-23 19:45:00,1.56,1.563,1.558,1.559,155952.7
2025-10-23 20:00:00,1.56,1.561,1.55,1.552,601865.6
2025-10-23 20:15:00,1.553,1.556,1.552,1.554,362041.8
2025-10-23 20:30:00,1.555,1.556,1.549,1.551,181570.0
2025-10-23 20:45:00,1.551,1.553,1.536,1.543,1222437.0
2025-10-23 21:00:00,1.542,1.549,1.539,1.545,697767.5
2025-10-23 21:15:00,1.546,1.547,1.543,1.544,495387.8
2025-10-23 21:30:00,1.543,1.546,1.54,1.541,579875.7
2025-10-23 21:45:00,1.541,1.543,1.537,1.54,343543.9
2025-10-23 22:00:00,1.539,1.546,1.538,1.541,646966.8
2025-10-23 22:15:00,1.542,1.545,1.541,1.544,271768.4
2025-10-23 22:30:00,1.545,1.551,1.544,1.545,511903.8
2025-10-23 22:45:00,1.546,1.55,1.545,1.546,229831.6
2025-10-23 23:00:00,1.546,1.549,1.544,1.548,197108.8
2025-10-23 23:15:00,1.548,1.55,1.545,1.547,348762.4
2025-10-23 23:30:00,1.547,1.551,1.545,1.55,298562.3
2025-10-23 23:45:00,1.551,1.556,1.55,1.555,307157.9
2025-10-24 00:00:00,1.555,1.557,1.55,1.555,644220.5
2025-10-24 00:15:00,1.555,1.557,1.549,1.55,444878.9
2025-10-24 00:30:00,1.55,1.558,1.55,1.554,416760.8
2025-10-24 00:45:00,1.554,1.562,1.554,1.557,475310.5
2025-10-24 01:00:00,1.558,1.561,1.556,1.558,330631.0
2025-10-24 01:15:00,1.557,1.558,1.551,1.552,241634.4
2025-10-24 01:30:00,1.552,1.556,1.55,1.555,280256.2
2025-10-24 01:45:00,1.555,1.56,1.554,1.556,444537.1
2025-10-24 02:00:00,1.556,1.558,1.553,1.554,303953.4
2025-10-24 02:15:00,1.555,1.556,1.551,1.553,220087.8
2025-10-24 02:30:00,1.554,1.556,1.549,1.554,393211.7
2025-10-24 02:45:00,1.553,1.556,1.551,1.553,510799.7
2025-10-24 03:00:00,1.554,1.555,1.55,1.552,350825.7
2025-10-24 03:15:00,1.552,1.554,1.549,1.552,393255.2
2025-10-24 03:30:00,1.552,1.553,1.548,1.55,393320.7
2025-10-24 03:45:00,1.55,1.552,1.547,1.551,323098.1
2025-10-24 04:00:00,1.551,1.555,1.546,1.554,446259.3
2025-10-24 04:15:00,1.555,1.565,1.552,1.562,524996.1
2025-10-24 04:30:00,1.563,1.576,1.562,1.574,1267344.2
2025-10-24 04:45:00,1.574,1.581,1.573,1.575,1218629.6
2025-10-24 05:00:00,1.576,1.58,1.571,1.576,873277.0
2025-10-24 05:15:00,1.577,1.578,1.572,1.574,179149.3
2025-10-24 05:30:00,1.574,1.577,1.572,1.575,431179.3
2025-10-24 05:45:00,1.575,1.579,1.573,1.574,236552.7
2025-10-24 06:00:00,1.575,1.575,1.57,1.573,636851.8
2025-10-24 06:15:00,1.574,1.575,1.57,1.574,298368.9
2025-10-24 06:30:00,1.575,1.577,1.571,1.572,422483.6
2025-10-24 06:45:00,1.572,1.577,1.57,1.575,184017.1
2025-10-24 07:00:00,1.576,1.579,1.571,1.572,630629.2
2025-10-24 07:15:00,1.572,1.573,1.569,1.572,190685.4
2025-10-24 07:30:00,1.573,1.573,1.566,1.566,375983.3
2025-10-24 07:45:00,1.565,1.568,1.56,1.568,872500.6
2025-10-24 08:00:00,1.568,1.571,1.561,1.568,365623.7
2025-10-24 08:15:00,1.567,1.569,1.564,1.566,297166.2
2025-10-24 08:30:00,1.566,1.577,1.564,1.577,380436.4
2025-10-24 08:45:00,1.576,1.579,1.573,1.574,533825.3
2025-10-24 09:00:00,1.574,1.575,1.568,1.572,539889.6
2025-10-24 09:15:00,1.571,1.573,1.57,1.571,220784.8
2025-10-24 09:30:00,1.571,1.572,1.565,1.569,450373.6
2025-10-24 09:45:00,1.568,1.571,1.565,1.567,192037.2
2025-10-24 10:00:00,1.568,1.568,1.562,1.566,364879.7
2025-10-24 10:15:00,1.567,1.567,1.559,1.56,314441.1
2025-10-24 10:30:00,1.56,1.566,1.559,1.562,396196.2
2025-10-24 10:45:00,1.563,1.563,1.559,1.559,203826.5
2025-10-24 11:00:00,1.56,1.561,1.556,1.559,337042.1
2025-10-24 11:15:00,1.559,1.56,1.552,1.555,687631.1
2025-10-24 11:30:00,1.555,1.558,1.541,1.553,2020246.4
2025-10-24 11:45:00,1.554,1.56,1.551,1.559,598227.9
2025-10-24 12:00:00,1.56,1.566,1.56,1.562,922593.8
2025-10-24 12:15:00,1.561,1.565,1.555,1.563,653853.7
2025-10-24 12:30:00,1.562,1.596,1.56,1.576,4272815.4
2025-10-24 12:45:00,1.576,1.577,1.564,1.57,830387.3
2025-10-24 13:00:00,1.57,1.572,1.565,1.566,487636.5
2025-10-24 13:15:00,1.567,1.572,1.566,1.568,497209.5
2025-10-24 13:30:00,1.569,1.571,1.554,1.555,1239814.5
2025-10-24 13:45:00,1.554,1.563,1.547,1.562,1328974.5
2025-10-24 14:00:00,1.562,1.562,1.549,1.556,771468.1
2025-10-24 14:15:00,1.556,1.558,1.534,1.542,2278186.1
2025-10-24 14:30:00,1.542,1.548,1.538,1.545,1346260.8
2025-10-24 14:45:00,1.546,1.547,1.539,1.545,983540.1
2025-10-24 15:00:00,1.546,1.552,1.537,1.548,998551.5
2025-10-24 15:15:00,1.548,1.556,1.546,1.551,661356.4
2025-10-24 15:30:00,1.551,1.553,1.542,1.544,826726.5
2025-10-24 15:45:00,1.544,1.544,1.537,1.542,787173.1
2025-10-24 16:00:00,1.542,1.544,1.53,1.537,1609432.2
2025-10-24 16:15:00,1.537,1.544,1.536,1.541,880394.0
2025-10-24 16:30:00,1.542,1.542,1.531,1.535,524266.8
2025-10-24 16:45:00,1.536,1.538,1.534,1.536,414116.2
2025-10-24 17:00:00,1.536,1.545,1.536,1.539,756802.0
2025-10-24 17:15:00,1.539,1.548,1.538,1.546,323483.2
2025-10-24 17:30:00,1.545,1.547,1.544,1.545,239814.3
2025-10-24 17:45:00,1.545,1.548,1.54,1.541,392957.0
2025-10-24 18:00:00,1.541,1.548,1.539,1.547,298886.9
2025-10-24 18:15:00,1.546,1.549,1.545,1.546,331922.0
2025-10-24 18:30:00,1.547,1.549,1.545,1.549,246414.7
2025-10-24 18:45:00,1.549,1.553,1.547,1.553,211584.1
2025-10-24 19:00:00,1.552,1.561,1.552,1.559,465751.4
2025-10-24 19:15:00,1.558,1.565,1.557,1.565,723749.2
2025-10-24 19:30:00,1.564,1.565,1.56,1.565,382579.1
2025-10-24 19:45:00,1.565,1.566,1.561,1.563,411084.4
2025-10-24 20:00:00,1.563,1.568,1.561,1.566,453675.1
2025-10-24 20:15:00,1.565,1.571,1.565,1.568,363801.9
2025-10-24 20:30:00,1.568,1.571,1.566,1.569,539075.5
2025-10-24 20:45:00,1.569,1.57,1.565,1.567,201180.1
2025-10-24 21:00:00,1.566,1.574,1.564,1.565,720544.9
2025-10-24 21:15:00,1.565,1.573,1.564,1.571,448345.4
2025-10-24 21:30:00,1.571,1.572,1.567,1.571,484877.0
2025-10-24 21:45:00,1.571,1.574,1.569,1.573,157996.5
2025-10-24 22:00:00,1.573,1.574,1.569,1.571,225587.3
2025-10-24 22:15:00,1.572,1.575,1.571,1.573,216521.7
2025-10-24 22:30:00,1.573,1.575,1.57,1.57,365884.8
2025-10-24 22:45:00,1.571,1.571,1.567,1.569,323615.3
2025-10-24 23:00:00,1.57,1.571,1.566,1.568,304930.0
2025-10-24 23:15:00,1.567,1.571,1.566,1.569,215869.5
2025-10-24 23:30:00,1.569,1.572,1.565,1.567,471390.6
2025-10-24 23:45:00,1.568,1.57,1.567,1.569,133594.5
2025-10-25 00:00:00,1.568,1.571,1.566,1.567,600623.7
2025-10-25 00:15:00,1.566,1.57,1.565,1.567,228965.0
2025-10-25 00:30:00,1.566,1.573,1.564,1.571,422426.8
2025-10-25 00:45:00,1.572,1.578,1.568,1.571,687132.1
2025-10-25 01:00:00,1.571,1.573,1.567,1.573,346442.5
2025-10-25 01:15:00,1.573,1.576,1.568,1.573,467082.2
2025-10-25 01:30:00,1.574,1.577,1.567,1.568,342188.0
2025-10-25 01:45:00,1.569,1.57,1.566,1.567,356048.2
2025-10-25 02:00:00,1.567,1.569,1.561,1.564,575522.4
2025-10-25 02:15:00,1.564,1.567,1.563,1.565,224118.8
2025-10-25 02:30:00,1.565,1.566,1.56,1.565,359785.6
2025-10-25 02:45:00,1.565,1.569,1.563,1.564,285021.4
2025-10-25 03:00:00,1.564,1.566,1.557,1.562,522033.0
2025-10-25 03:15:00,1.562,1.563,1.559,1.56,328169.7
2025-10-25 03:30:00,1.56,1.561,1.557,1.56,207340.9
2025-10-25 03:45:00,1.56,1.56,1.555,1.557,390769.0
2025-10-25 04:00:00,1.556,1.56,1.555,1.56,291534.5
2025-10-25 04:15:00,1.559,1.565,1.559,1.562,342957.3
2025-10-25 04:30:00,1.562,1.563,1.558,1.559,206390.8
2025-10-25 04:45:00,1.558,1.562,1.556,1.56,529882.5
2025-10-25 05:00:00,1.56,1.56,1.552,1.555,516345.6
2025-10-25 05:15:00,1.554,1.557,1.551,1.556,268692.4
2025-10-25 05:30:00,1.556,1.556,1.552,1.555,485284.5
2025-10-25 05:45:00,1.555,1.558,1.553,1.556,171085.4
2025-10-25 06:00:00,1.555,1.557,1.552,1.555,514177.1
2025-10-25 06:15:00,1.554,1.555,1.548,1.55,619930.8
2025-10-25 06:30:00,1.549,1.552,1.548,1.551,282036.4
2025-10-25 06:45:00,1.55,1.551,1.548,1.549,181484.5
2025-10-25 07:00:00,1.549,1.55,1.546,1.549,311611.3
2025-10-25 07:15:00,1.549,1.556,1.549,1.555,696458.0
2025-10-25 07:30:00,1.555,1.56,1.547,1.548,833085.5
2025-10-25 07:45:00,1.549,1.551,1.548,1.55,392095.1
2025-10-25 08:00:00,1.55,1.553,1.549,1.552,326223.9
2025-10-25 08:15:00,1.552,1.559,1.552,1.557,289322.5
2025-10-25 08:30:00,1.558,1.558,1.553,1.556,326476.9
2025-10-25 08:45:00,1.555,1.56,1.554,1.559,376113.3
2025-10-25 09:00:00,1.559,1.56,1.555,1.557,274653.4
2025-10-25 09:15:00,1.557,1.558,1.552,1.552,365689.6
2025-10-25 09:30:00,1.553,1.557,1.551,1.554,419636.1
2025-10-25 09:45:00,1.555,1.556,1.549,1.549,425901.0
2025-10-25 10:00:00,1.549,1.551,1.54,1.543,996628.7
2025-10-25 10:15:00,1.544,1.549,1.544,1.547,266790.8
2025-10-25 10:30:00,1.547,1.552,1.546,1.55,279813.3
2025-10-25 10:45:00,1.551,1.552,1.546,1.547,265885.0
2025-10-25 11:00:00,1.547,1.55,1.544,1.546,243426.7
2025-10-25 11:15:00,1.547,1.552,1.546,1.551,279820.2
2025-10-25 11:30:00,1.551,1.553,1.549,1.55,297021.0
2025-10-25 11:45:00,1.551,1.555,1.55,1.552,281816.8
2025-10-25 12:00:00,1.553,1.558,1.55,1.556,389590.8
2025-10-25 12:15:00,1.556,1.559,1.555,1.556,266817.4
2025-10-25 12:30:00,1.556,1.558,1.553,1.555,301529.8
2025-10-25 12:45:00,1.556,1.56,1.554,1.558,332119.5
2025-10-25 13:00:00,1.558,1.558,1.55,1.552,752821.7
2025-10-25 13:15:00,1.553,1.557,1.552,1.556,316823.2
2025-10-25 13:30:00,1.555,1.557,1.552,1.555,596771.5
2025-10-25 13:45:00,1.555,1.557,1.552,1.556,216678.0
2025-10-25 14:00:00,1.557,1.558,1.554,1.556,438987.4
2025-10-25 14:15:00,1.557,1.562,1.556,1.559,553222.0
2025-10-25 14:30:00,1.56,1.568,1.558,1.566,850863.9
2025-10-25 14:45:00,1.567,1.568,1.562,1.566,474718.0
2025-10-25 15:00:00,1.567,1.567,1.559,1.56,664366.1
2025-10-25 15:15:00,1.561,1.564,1.56,1.563,450734.1
2025-10-25 15:30:00,1.563,1.564,1.559,1.56,421961.1
2025-10-25 15:45:00,1.561,1.565,1.56,1.563,417763.8
2025-10-25 16:00:00,1.563,1.565,1.56,1.562,520951.5
2025-10-25 16:15:00,1.563,1.565,1.561,1.563,325443.9
2025-10-25 16:30:00,1.563,1.565,1.56,1.561,589083.9
2025-10-25 16:45:00,1.561,1.565,1.558,1.561,589995.0
2025-10-25 17:00:00,1.561,1.568,1.559,1.566,255937.9
2025-10-25 17:15:00,1.567,1.568,1.562,1.562,325339.7
2025-10-25 17:30:00,1.563,1.566,1.562,1.563,172127.0
2025-10-25 17:45:00,1.564,1.564,1.561,1.561,152691.2
2025-10-25 18:00:00,1.561,1.564,1.557,1.564,535789.7
2025-10-25 18:15:00,1.564,1.568,1.562,1.567,197566.6
2025-10-25 18:30:00,1.568,1.572,1.566,1.568,449473.7
2025-10-25 18:45:00,1.569,1.57,1.566,1.568,254159.8
2025-10-25 19:00:00,1.569,1.569,1.564,1.564,218531.0
2025-10-25 19:15:00,1.565,1.567,1.563,1.565,166769.5
2025-10-25 19:30:00,1.565,1.569,1.565,1.565,224216.6
2025-10-25 19:45:00,1.565,1.568,1.564,1.567,134911.9
2025-10-25 20:00:00,1.568,1.568,1.565,1.565,155985.2
2025-10-25 20:15:00,1.566,1.568,1.565,1.565,158372.4
2025-10-25 20:30:00,1.566,1.566,1.561,1.564,242158.9
2025-10-25 20:45:00,1.565,1.568,1.561,1.561,302304.2
2025-10-25 21:00:00,1.562,1.565,1.561,1.562,214962.1
2025-10-25 21:15:00,1.562,1.564,1.56,1.562,127401.4
2025-10-25 21:30:00,1.562,1.562,1.558,1.558,218637.5
2025-10-25 21:45:00,1.559,1.563,1.558,1.562,134417.6
2025-10-25 22:00:00,1.561,1.562,1.557,1.557,207178.5
2025-10-25 22:15:00,1.558,1.561,1.557,1.56,164444.4
2025-10-25 22:30:00,1.561,1.566,1.56,1.564,176640.6
2025-10-25 22:45:00,1.565,1.569,1.564,1.565,174806.1
2025-10-25 23:00:00,1.566,1.566,1.562,1.565,221684.9
2025-10-25 23:15:00,1.565,1.565,1.559,1.562,156677.5
2025-10-25 23:30:00,1.562,1.563,1.559,1.561,162668.1
2025-10-25 23:45:00,1.561,1.562,1.559,1.559,115065.1
2025-10-26 00:00:00,1.56,1.561,1.554,1.558,631028.5
2025-10-26 00:15:00,1.558,1.564,1.558,1.564,361837.8
2025-10-26 00:30:00,1.563,1.565,1.56,1.564,372208.7
2025-10-26 00:45:00,1.564,1.566,1.559,1.56,260737.4
2025-10-26 01:00:00,1.561,1.563,1.559,1.56,264483.8
2025-10-26 01:15:00,1.561,1.563,1.557,1.558,157187.1
2025-10-26 01:30:00,1.559,1.56,1.555,1.555,302224.3
2025-10-26 01:45:00,1.556,1.557,1.545,1.552,1144692.2
2025-10-26 02:00:00,1.551,1.553,1.547,1.551,637838.3
2025-10-26 02:15:00,1.552,1.554,1.549,1.553,379873.4
2025-10-26 02:30:00,1.554,1.556,1.551,1.554,206897.3
2025-10-26 02:45:00,1.553,1.555,1.545,1.55,532139.4
2025-10-26 03:00:00,1.549,1.55,1.545,1.546,278669.9
2025-10-26 03:15:00,1.547,1.553,1.545,1.551,484020.7
2025-10-26 03:30:00,1.552,1.552,1.544,1.544,318633.7
2025-10-26 03:45:00,1.545,1.549,1.543,1.547,318897.6
2025-10-26 04:00:00,1.547,1.552,1.545,1.551,298278.2
2025-10-26 04:15:00,1.552,1.556,1.55,1.554,165954.3
2025-10-26 04:30:00,1.555,1.556,1.553,1.554,133751.4
2025-10-26 04:45:00,1.554,1.559,1.554,1.557,291551.4
2025-10-26 05:00:00,1.558,1.56,1.554,1.558,398605.1
2025-10-26 05:15:00,1.559,1.561,1.557,1.559,254722.6
2025-10-26 05:30:00,1.56,1.563,1.558,1.561,252878.3
2025-10-26 05:45:00,1.562,1.564,1.56,1.561,179805.9
2025-10-26 06:00:00,1.562,1.563,1.559,1.562,254632.0
2025-10-26 06:15:00,1.562,1.564,1.559,1.563,167007.3
2025-10-26 06:30:00,1.564,1.564,1.559,1.562,208028.2
2025-10-26 06:45:00,1.563,1.564,1.56,1.562,317698.9
2025-10-26 07:00:00,1.562,1.564,1.56,1.562,176960.9
2025-10-26 07:15:00,1.563,1.565,1.562,1.564,130406.7
2025-10-26 07:30:00,1.564,1.568,1.564,1.567,270938.9
2025-10-26 07:45:00,1.567,1.572,1.567,1.57,385084.3
2025-10-26 08:00:00,1.571,1.577,1.57,1.574,645477.0
2025-10-26 08:15:00,1.575,1.577,1.572,1.576,466773.0
2025-10-26 08:30:00,1.577,1.578,1.574,1.577,267083.2
2025-10-26 08:45:00,1.576,1.581,1.576,1.577,507255.3
2025-10-26 09:00:00,1.577,1.579,1.574,1.574,635456.5
2025-10-26 09:15:00,1.575,1.599,1.574,1.598,1658508.8
2025-10-26 09:30:00,1.598,1.6,1.588,1.589,1262953.4
2025-10-26 09:45:00,1.59,1.597,1.588,1.595,834510.0
2025-10-26 10:00:00,1.596,1.598,1.588,1.593,527721.1
2025-10-26 10:15:00,1.594,1.594,1.589,1.59,428903.4
2025-10-26 10:30:00,1.59,1.594,1.587,1.592,456552.1
2025-10-26 10:45:00,1.592,1.596,1.591,1.593,349175.5
2025-10-26 11:00:00,1.594,1.596,1.589,1.595,395342.1
2025-10-26 11:15:00,1.594,1.604,1.594,1.602,596662.4
2025-10-26 11:30:00,1.603,1.628,1.602,1.622,2169746.4
2025-10-26 11:45:00,1.622,1.631,1.615,1.627,2014269.7
2025-10-26 12:00:00,1.628,1.632,1.621,1.631,1842466.4
2025-10-26 12:15:00,1.632,1.639,1.621,1.627,1644980.2
2025-10-26 12:30:00,1.626,1.631,1.621,1.622,1022236.3
2025-10-26 12:45:00,1.622,1.632,1.622,1.627,789247.2
2025-10-26 13:00:00,1.628,1.63,1.624,1.626,429844.0
2025-10-26 13:15:00,1.626,1.635,1.621,1.635,524386.8
2025-10-26 13:30:00,1.634,1.643,1.63,1.638,914799.6
2025-10-26 13:45:00,1.638,1.64,1.632,1.636,833146.8
2025-10-26 14:00:00,1.636,1.636,1.631,1.635,341556.7
2025-10-26 14:15:00,1.634,1.635,1.626,1.629,966609.4
2025-10-26 14:30:00,1.629,1.639,1.628,1.638,399212.7
2025-10-26 14:45:00,1.637,1.639,1.633,1.639,293100.7
2025-10-26 15:00:00,1.639,1.64,1.63,1.635,383172.1
2025-10-26 15:15:00,1.636,1.638,1.633,1.635,285701.3
2025-10-26 15:30:00,1.636,1.645,1.635,1.64,661024.7
2025-10-26 15:45:00,1.639,1.646,1.639,1.644,283764.9
2025-10-26 16:00:00,1.644,1.645,1.634,1.635,929880.8
2025-10-26 16:15:00,1.635,1.642,1.628,1.637,971943.4
2025-10-26 16:30:00,1.637,1.641,1.632,1.639,295756.8
2025-10-26 16:45:00,1.639,1.641,1.631,1.634,518147.3
2025-10-26 17:00:00,1.633,1.636,1.629,1.636,393361.9
2025-10-26 17:15:00,1.635,1.636,1.632,1.633,196327.4
2025-10-26 17:30:00,1.633,1.637,1.632,1.637,285751.1
2025-10-26 17:45:00,1.636,1.639,1.635,1.638,174018.8
2025-10-26 18:00:00,1.638,1.646,1.637,1.643,608292.0
2025-10-26 18:15:00,1.643,1.648,1.641,1.642,865946.7
2025-10-26 18:30:00,1.641,1.65,1.64,1.645,647342.0
2025-10-26 18:45:00,1.645,1.646,1.642,1.644,240289.8
2025-10-26 19:00:00,1.645,1.647,1.641,1.644,289203.4
2025-10-26 19:15:00,1.645,1.647,1.642,1.645,221952.6
2025-10-26 19:30:00,1.646,1.646,1.642,1.644,384005.3
2025-10-26 19:45:00,1.645,1.646,1.64,1.646,463741.5
2025-10-26 20:00:00,1.645,1.646,1.634,1.638,893425.0
2025-10-26 20:15:00,1.637,1.638,1.626,1.632,1494137.9
2025-10-26 20:30:00,1.632,1.641,1.631,1.639,1010571.9
2025-10-26 20:45:00,1.638,1.639,1.63,1.631,396250.2
2025-10-26 21:00:00,1.632,1.639,1.631,1.639,325218.3
2025-10-26 21:15:00,1.638,1.639,1.628,1.631,309143.4
2025-10-26 21:30:00,1.63,1.644,1.628,1.638,705176.3
2025-10-26 21:45:00,1.637,1.643,1.635,1.643,439872.3
2025-10-26 22:00:00,1.643,1.673,1.642,1.66,3721270.0
2025-10-26 22:15:00,1.661,1.666,1.654,1.662,1552284.6
2025-10-26 22:30:00,1.663,1.667,1.655,1.663,540017.7
2025-10-26 22:45:00,1.663,1.668,1.661,1.664,732589.1
2025-10-26 23:00:00,1.664,1.667,1.658,1.66,524728.1
2025-10-26 23:15:00,1.66,1.663,1.656,1.656,321851.9
2025-10-26 23:30:00,1.657,1.66,1.653,1.656,401409.4
2025-10-26 23:45:00,1.656,1.658,1.649,1.652,385727.4
2025-10-27 00:00:00,1.652,1.658,1.647,1.654,450302.9
2025-10-27 00:15:00,1.654,1.658,1.652,1.658,330008.5
2025-10-27 00:30:00,1.657,1.663,1.654,1.66,468945.6
2025-10-27 00:45:00,1.661,1.661,1.654,1.659,284633.7
2025-10-27 01:00:00,1.659,1.66,1.655,1.659,359364.5
2025-10-27 01:15:00,1.659,1.668,1.657,1.661,522065.4
2025-10-27 01:30:00,1.662,1.67,1.66,1.666,578170.9
2025-10-27 01:45:00,1.667,1.676,1.665,1.671,647391.1
2025-10-27 02:00:00,1.671,1.674,1.668,1.669,392747.7
2025-10-27 02:15:00,1.67,1.672,1.663,1.663,640407.8
2025-10-27 02:30:00,1.664,1.669,1.661,1.668,317653.9
2025-10-27 02:45:00,1.669,1.669,1.664,1.665,263860.0
2025-10-27 03:00:00,1.666,1.669,1.664,1.666,190600.2
2025-10-27 03:15:00,1.666,1.669,1.662,1.664,481896.2
2025-10-27 03:30:00,1.665,1.667,1.662,1.662,189150.9
2025-10-27 03:45:00,1.662,1.671,1.662,1.67,264355.7
2025-10-27 04:00:00,1.67,1.671,1.666,1.668,379779.6
2025-10-27 04:15:00,1.668,1.678,1.668,1.672,599394.1
2025-10-27 04:30:00,1.673,1.677,1.671,1.676,317611.4
2025-10-27 04:45:00,1.677,1.678,1.67,1.671,311934.4
2025-10-27 05:00:00,1.672,1.68,1.67,1.678,807195.2
2025-10-27 05:15:00,1.678,1.685,1.677,1.682,616762.2
2025-10-27 05:30:00,1.682,1.683,1.671,1.673,569074.9
2025-10-27 05:45:00,1.673,1.674,1.668,1.669,452190.3
2025-10-27 06:00:00,1.67,1.67,1.664,1.668,457960.5
2025-10-27 06:15:00,1.668,1.674,1.667,1.672,182855.8
2025-10-27 06:30:00,1.673,1.673,1.665,1.668,258440.4
2025-10-27 06:45:00,1.668,1.674,1.668,1.668,464226.5
2025-10-27 07:00:00,1.669,1.672,1.66,1.661,621839.6
2025-10-27 07:15:00,1.661,1.666,1.661,1.663,331422.3
2025-10-27 07:30:00,1.663,1.667,1.652,1.66,1193110.4
2025-10-27 07:45:00,1.661,1.668,1.659,1.666,632243.7
2025-10-27 08:00:00,1.666,1.667,1.658,1.66,593298.5
2025-10-27 08:15:00,1.66,1.665,1.64,1.644,1582442.1
2025-10-27 08:30:00,1.643,1.654,1.643,1.651,674109.0
2025-10-27 08:45:00,1.651,1.652,1.643,1.649,726197.1
2025-10-27 09:00:00,1.648,1.65,1.622,1.632,5111742.6
2025-10-27 09:15:00,1.632,1.637,1.625,1.627,1059171.3
2025-10-27 09:30:00,1.626,1.631,1.623,1.628,1083491.7
2025-10-27 09:45:00,1.627,1.632,1.622,1.63,986383.1
2025-10-27 10:00:00,1.629,1.631,1.624,1.627,387964.2
2025-10-27 10:15:00,1.627,1.635,1.627,1.63,452440.9
2025-10-27 10:30:00,1.63,1.633,1.627,1.628,223227.9
2025-10-27 10:45:00,1.629,1.634,1.625,1.626,427366.4
2025-10-27 11:00:00,1.626,1.635,1.626,1.631,554754.0
2025-10-27 11:15:00,1.632,1.635,1.619,1.626,824970.4
2025-10-27 11:30:00,1.625,1.636,1.623,1.634,665935.0
2025-10-27 11:45:00,1.634,1.638,1.629,1.637,752321.4
2025-10-27 12:00:00,1.637,1.638,1.63,1.633,534485.5
2025-10-27 12:15:00,1.633,1.633,1.626,1.63,968289.2
2025-10-27 12:30:00,1.63,1.63,1.618,1.624,993640.0
2025-10-27 12:45:00,1.623,1.625,1.618,1.619,496858.0
2025-10-27 13:00:00,1.619,1.631,1.619,1.626,847078.9
2025-10-27 13:15:00,1.626,1.629,1.622,1.623,460573.6
2025-10-27 13:30:00,1.623,1.628,1.601,1.615,5137080.8
2025-10-27 13:45:00,1.614,1.627,1.612,1.622,2629410.3
2025-10-27 14:00:00,1.623,1.626,1.602,1.61,2366933.9
2025-10-27 14:15:00,1.611,1.617,1.605,1.616,1238571.3
2025-10-27 14:30:00,1.616,1.619,1.61,1.616,1000423.0
2025-10-27 14:45:00,1.616,1.619,1.613,1.616,454111.4
2025-10-27 15:00:00,1.615,1.629,1.615,1.629,721685.7
2025-10-27 15:15:00,1.629,1.634,1.622,1.631,791619.8
2025-10-27 15:30:00,1.631,1.631,1.625,1.627,568645.2
2025-10-27 15:45:00,1.627,1.631,1.624,1.628,491138.6
2025-10-27 16:00:00,1.628,1.655,1.628,1.653,2928902.9
2025-10-27 16:15:00,1.654,1.654,1.64,1.649,1589000.4
2025-10-27 16:30:00,1.65,1.657,1.646,1.652,1010275.5
2025-10-27 16:45:00,1.653,1.665,1.651,1.662,699549.0
2025-10-27 17:00:00,1.663,1.664,1.657,1.663,743814.0
2025-10-27 17:15:00,1.663,1.67,1.659,1.661,1299338.8
2025-10-27 17:30:00,1.662,1.675,1.66,1.675,995921.0
2025-10-27 17:45:00,1.675,1.676,1.669,1.671,818827.1
2025-10-27 18:00:00,1.67,1.677,1.67,1.673,511638.4
2025-10-27 18:15:00,1.673,1.674,1.665,1.667,626148.0
2025-10-27 18:30:00,1.667,1.673,1.665,1.672,605027.0
2025-10-27 18:45:00,1.671,1.672,1.661,1.664,527175.1
2025-10-27 19:00:00,1.663,1.669,1.658,1.668,853526.4
2025-10-27 19:15:00,1.668,1.669,1.662,1.665,534616.5
2025-10-27 19:30:00,1.665,1.666,1.655,1.658,1008474.9
2025-10-27 19:45:00,1.659,1.663,1.656,1.657,326304.0
2025-10-27 20:00:00,1.658,1.659,1.648,1.651,983291.8
2025-10-27 20:15:00,1.652,1.659,1.65,1.652,732682.2
2025-10-27 20:30:00,1.652,1.656,1.647,1.65,732282.8
2025-10-27 20:45:00,1.651,1.657,1.649,1.651,538763.5
2025-10-27 21:00:00,1.652,1.66,1.65,1.654,301914.7
2025-10-27 21:15:00,1.655,1.659,1.638,1.644,929739.3
2025-10-27 21:30:00,1.643,1.657,1.643,1.656,476730.6
2025-10-27 21:45:00,1.656,1.663,1.648,1.648,398073.0
2025-10-27 22:00:00,1.648,1.654,1.643,1.65,602966.4
2025-10-27 22:15:00,1.651,1.655,1.648,1.651,260207.2
2025-10-27 22:30:00,1.652,1.653,1.637,1.638,506313.2
2025-10-27 22:45:00,1.638,1.646,1.636,1.64,615915.7
2025-10-27 23:00:00,1.639,1.64,1.632,1.636,853320.8
2025-10-27 23:15:00,1.637,1.641,1.625,1.64,953281.4
2025-10-27 23:30:00,1.64,1.645,1.636,1.639,386827.8
2025-10-27 23:45:00,1.639,1.641,1.637,1.639,222001.3
2025-10-28 00:00:00,1.639,1.64,1.631,1.634,566695.1
2025-10-28 00:15:00,1.633,1.642,1.632,1.639,465032.1
2025-10-28 00:30:00,1.639,1.64,1.622,1.629,1330011.5
2025-10-28 00:45:00,1.629,1.632,1.621,1.629,739000.6
2025-10-28 01:00:00,1.628,1.636,1.628,1.632,459786.7
2025-10-28 01:15:00,1.633,1.635,1.626,1.63,327339.2
2025-10-28 01:30:00,1.63,1.637,1.626,1.635,531947.5
2025-10-28 01:45:00,1.635,1.637,1.628,1.628,513416.1
2025-10-28 02:00:00,1.628,1.635,1.62,1.624,524056.5
2025-10-28 02:15:00,1.624,1.625,1.609,1.618,1775062.2
2025-10-28 02:30:00,1.617,1.622,1.615,1.618,395082.0
2025-10-28 02:45:00,1.617,1.618,1.602,1.615,1186384.7
2025-10-28 03:00:00,1.615,1.622,1.606,1.607,1109969.3
2025-10-28 03:15:00,1.607,1.619,1.607,1.618,455436.0
2025-10-28 03:30:00,1.619,1.619,1.607,1.613,596264.9
2025-10-28 03:45:00,1.613,1.617,1.608,1.615,820838.7
2025-10-28 04:00:00,1.616,1.625,1.612,1.624,697547.4
2025-10-28 04:15:00,1.625,1.631,1.625,1.628,873222.0
2025-10-28 04:30:00,1.629,1.635,1.628,1.63,721611.9
2025-10-28 04:45:00,1.629,1.64,1.629,1.634,675825.7
2025-10-28 05:00:00,1.633,1.64,1.633,1.635,409130.4
2025-10-28 05:15:00,1.635,1.64,1.63,1.63,609990.6
2025-10-28 05:30:00,1.63,1.632,1.623,1.623,670223.5
2025-10-28 05:45:00,1.622,1.624,1.612,1.617,1234285.6
2025-10-28 06:00:00,1.617,1.623,1.616,1.618,348972.3
2025-10-28 06:15:00,1.619,1.621,1.615,1.618,273288.0
2025-10-28 06:30:00,1.618,1.636,1.615,1.633,596532.2
2025-10-28 06:45:00,1.634,1.65,1.632,1.647,1132491.9
2025-10-28 07:00:00,1.647,1.651,1.635,1.639,1356059.0
2025-10-28 07:15:00,1.639,1.641,1.632,1.632,733555.4
2025-10-28 07:30:00,1.633,1.636,1.628,1.631,555963.4
2025-10-28 07:45:00,1.631,1.633,1.623,1.625,473482.1
2025-10-28 08:00:00,1.625,1.628,1.624,1.626,379943.1
2025-10-28 08:15:00,1.626,1.633,1.626,1.631,293743.0
2025-10-28 08:30:00,1.631,1.637,1.628,1.634,641189.9
2025-10-28 08:45:00,1.634,1.636,1.629,1.63,160940.7
2025-10-28 09:00:00,1.63,1.635,1.627,1.629,385018.9
2025-10-28 09:15:00,1.629,1.633,1.625,1.625,268410.1
2025-10-28 09:30:00,1.626,1.633,1.625,1.631,626351.5
2025-10-28 09:45:00,1.631,1.637,1.63,1.634,210150.8
2025-10-28 10:00:00,1.635,1.637,1.632,1.634,358106.7
2025-10-28 10:15:00,1.634,1.639,1.632,1.637,410195.5
2025-10-28 10:30:00,1.637,1.637,1.626,1.627,419748.5
2025-10-28 10:45:00,1.627,1.636,1.627,1.634,265341.7
2025-10-28 11:00:00,1.635,1.636,1.63,1.632,211247.7
2025-10-28 11:15:00,1.633,1.639,1.631,1.633,379890.8
2025-10-28 11:30:00,1.634,1.639,1.631,1.632,262833.9
2025-10-28 11:45:00,1.632,1.633,1.624,1.624,617159.4
2025-10-28 12:00:00,1.624,1.627,1.619,1.625,858549.5
2025-10-28 12:15:00,1.625,1.628,1.618,1.621,507475.9
2025-10-28 12:30:00,1.621,1.624,1.613,1.623,1293111.5
2025-10-28 12:45:00,1.624,1.633,1.623,1.629,613179.6
2025-10-28 13:00:00,1.63,1.637,1.63,1.633,650559.0
2025-10-28 13:15:00,1.634,1.645,1.633,1.64,764762.9
2025-10-28 13:30:00,1.639,1.644,1.634,1.643,639368.5
2025-10-28 13:45:00,1.642,1.647,1.635,1.639,628048.7
2025-10-28 14:00:00,1.639,1.641,1.633,1.638,452582.6
2025-10-28 14:15:00,1.639,1.646,1.63,1.634,554782.8
2025-10-28 14:30:00,1.635,1.637,1.611,1.615,1835089.0
2025-10-28 14:45:00,1.614,1.626,1.586,1.62,3988889.9
2025-10-28 15:00:00,1.621,1.629,1.618,1.625,647647.4
2025-10-28 15:15:00,1.625,1.626,1.613,1.613,1244663.7
2025-10-28 15:30:00,1.613,1.617,1.607,1.61,1094153.9
2025-10-28 15:45:00,1.61,1.622,1.61,1.617,574250.4
2025-10-28 16:00:00,1.617,1.625,1.615,1.618,494562.8
2025-10-28 16:15:00,1.619,1.62,1.609,1.615,557947.0
2025-10-28 16:30:00,1.615,1.63,1.615,1.62,1076450.7
2025-10-28 16:45:00,1.621,1.635,1.621,1.63,594618.5
2025-10-28 17:00:00,1.63,1.636,1.627,1.633,558826.0
2025-10-28 17:15:00,1.633,1.634,1.627,1.629,355427.2
2025-10-28 17:30:00,1.63,1.632,1.624,1.626,653452.3
2025-10-28 17:45:00,1.626,1.629,1.624,1.626,240973.3
2025-10-28 18:00:00,1.626,1.63,1.619,1.63,546660.0
2025-10-28 18:15:00,1.63,1.633,1.62,1.622,384453.5
2025-10-28 18:30:00,1.623,1.626,1.615,1.616,758565.7
2025-10-28 18:45:00,1.617,1.622,1.614,1.618,445281.8
2025-10-28 19:00:00,1.619,1.62,1.614,1.614,352170.9
2025-10-28 19:15:00,1.615,1.615,1.593,1.595,1919570.4
2025-10-28 19:30:00,1.594,1.608,1.588,1.602,1199345.9
2025-10-28 19:45:00,1.601,1.602,1.583,1.594,1365105.4
2025-10-28 20:00:00,1.593,1.594,1.572,1.578,2230069.8
2025-10-28 20:15:00,1.577,1.584,1.553,1.56,4258363.5
2025-10-28 20:30:00,1.56,1.576,1.554,1.567,1576748.1
2025-10-28 20:45:00,1.566,1.566,1.55,1.557,904217.1
2025-10-28 21:00:00,1.556,1.558,1.528,1.549,3225164.3
2025-10-28 21:15:00,1.549,1.552,1.539,1.54,836018.5
2025-10-28 21:30:00,1.54,1.556,1.538,1.555,941909.6
2025-10-28 21:45:00,1.555,1.561,1.55,1.55,778936.2
2025-10-28 22:00:00,1.55,1.552,1.542,1.545,1186825.1
2025-10-28 22:15:00,1.545,1.557,1.543,1.557,441884.2
2025-10-28 22:30:00,1.557,1.56,1.552,1.557,639530.0
2025-10-28 22:45:00,1.556,1.564,1.556,1.561,621866.0
2025-10-28 23:00:00,1.561,1.563,1.558,1.56,400700.9
2025-10-28 23:15:00,1.559,1.564,1.553,1.554,633487.5
2025-10-28 23:30:00,1.554,1.56,1.553,1.555,405043.3
2025-10-28 23:45:00,1.556,1.56,1.555,1.556,730153.3
2025-10-29 00:00:00,1.556,1.558,1.551,1.556,890655.1
2025-10-29 00:15:00,1.556,1.56,1.554,1.558,539956.9
2025-10-29 00:30:00,1.558,1.561,1.554,1.556,323335.3
2025-10-29 00:45:00,1.556,1.557,1.551,1.556,332674.8
2025-10-29 01:00:00,1.555,1.558,1.552,1.556,528228.7
2025-10-29 01:15:00,1.555,1.56,1.554,1.555,373882.7
2025-10-29 01:30:00,1.555,1.57,1.555,1.564,818668.2
2025-10-29 01:45:00,1.564,1.565,1.555,1.562,742924.9
2025-10-29 02:00:00,1.561,1.564,1.559,1.563,267662.9
2025-10-29 02:15:00,1.562,1.564,1.558,1.56,525064.3
2025-10-29 02:30:00,1.56,1.562,1.557,1.56,230208.3
2025-10-29 02:45:00,1.559,1.562,1.557,1.557,432453.6
2025-10-29 03:00:00,1.557,1.558,1.549,1.552,758694.4
2025-10-29 03:15:00,1.552,1.555,1.55,1.551,332805.0
2025-10-29 03:30:00,1.552,1.556,1.551,1.555,430304.9
2025-10-29 03:45:00,1.555,1.559,1.554,1.555,541814.7
2025-10-29 04:00:00,1.555,1.558,1.554,1.557,463154.4
2025-10-29 04:15:00,1.557,1.56,1.556,1.56,252091.6
2025-10-29 04:30:00,1.56,1.565,1.559,1.561,531511.7
2025-10-29 04:45:00,1.561,1.565,1.561,1.562,313284.7
2025-10-29 05:00:00,1.562,1.567,1.561,1.563,317554.9
2025-10-29 05:15:00,1.563,1.571,1.563,1.57,344243.2
2025-10-29 05:30:00,1.57,1.574,1.567,1.568,328909.8
2025-10-29 05:45:00,1.568,1.571,1.565,1.568,418599.6
2025-10-29 06:00:00,1.568,1.572,1.565,1.568,345295.5
2025-10-29 06:15:00,1.568,1.57,1.565,1.565,231525.7
2025-10-29 06:30:00,1.565,1.568,1.563,1.564,239138.5
2025-10-29 06:45:00,1.564,1.572,1.564,1.569,328011.7
2025-10-29 07:00:00,1.57,1.571,1.568,1.57,290205.9
2025-10-29 07:15:00,1.57,1.576,1.568,1.573,393455.6
2025-10-29 07:30:00,1.574,1.574,1.568,1.569,505962.0
2025-10-29 07:45:00,1.568,1.581,1.567,1.577,619889.6
2025-10-29 08:00:00,1.578,1.58,1.572,1.573,665225.1
2025-10-29 08:15:00,1.572,1.578,1.572,1.577,379965.0
2025-10-29 08:30:00,1.578,1.578,1.569,1.573,473767.6
2025-10-29 08:45:00,1.573,1.575,1.567,1.57,370397.2
2025-10-29 09:00:00,1.57,1.572,1.563,1.563,559863.3
2025-10-29 09:15:00,1.564,1.572,1.564,1.568,343916.3
2025-10-29 09:30:00,1.568,1.577,1.568,1.575,331317.8
2025-10-29 09:45:00,1.576,1.577,1.573,1.575,187421.8
2025-10-29 10:00:00,1.575,1.581,1.574,1.576,318723.5
2025-10-29 10:15:00,1.576,1.594,1.575,1.592,1037171.4
2025-10-29 10:30:00,1.593,1.599,1.588,1.597,802567.7
2025-10-29 10:45:00,1.596,1.602,1.595,1.598,885024.4
2025-10-29 11:00:00,1.598,1.628,1.597,1.606,3248506.2
2025-10-29 11:15:00,1.607,1.623,1.606,1.621,1126802.1
2025-10-29 11:30:00,1.622,1.626,1.62,1.622,1067625.2
2025-10-29 11:45:00,1.623,1.631,1.621,1.624,852777.3
2025-10-29 12:00:00,1.624,1.643,1.623,1.638,1711816.2
2025-10-29 12:15:00,1.639,1.639,1.619,1.624,1647571.8
2025-10-29 12:30:00,1.624,1.626,1.615,1.617,1164225.2
2025-10-29 12:45:00,1.618,1.618,1.611,1.615,711354.1
2025-10-29 13:00:00,1.615,1.62,1.615,1.619,820964.3
2025-10-29 13:15:00,1.619,1.625,1.617,1.621,653364.2
2025-10-29 13:30:00,1.622,1.624,1.607,1.618,1175792.7
2025-10-29 13:45:00,1.619,1.619,1.608,1.614,932089.2
2025-10-29 14:00:00,1.614,1.619,1.609,1.616,817896.5
2025-10-29 14:15:00,1.616,1.62,1.608,1.611,852177.3
2025-10-29 14:30:00,1.611,1.622,1.608,1.618,675511.4
2025-10-29 14:45:00,1.617,1.627,1.616,1.623,510259.7
2025-10-29 15:00:00,1.623,1.627,1.614,1.616,917079.6
2025-10-29 15:15:00,1.616,1.623,1.611,1.612,843674.5
2025-10-29 15:30:00,1.612,1.617,1.597,1.602,1559151.1
2025-10-29 15:45:00,1.602,1.604,1.588,1.599,2173005.8
2025-10-29 16:00:00,1.599,1.601,1.591,1.595,1048650.0
2025-10-29 16:15:00,1.595,1.611,1.593,1.604,978438.2
2025-10-29 16:30:00,1.604,1.605,1.598,1.602,912010.2
2025-10-29 16:45:00,1.603,1.606,1.595,1.597,642729.4
2025-10-29 17:00:00,1.597,1.606,1.596,1.599,474864.7
2025-10-29 17:15:00,1.599,1.602,1.595,1.598,396661.9
2025-10-29 17:30:00,1.598,1.628,1.597,1.625,1101231.8
2025-10-29 17:45:00,1.625,1.637,1.619,1.637,751161.0
2025-10-29 18:00:00,1.637,1.641,1.614,1.618,2213066.8
2025-10-29 18:15:00,1.618,1.633,1.617,1.62,543057.6
2025-10-29 18:30:00,1.621,1.635,1.538,1.561,14879677.7
2025-10-29 18:45:00,1.562,1.611,1.559,1.602,3452928.8
2025-10-29 19:00:00,1.602,1.632,1.6,1.631,2119535.0
2025-10-29 19:15:00,1.631,1.635,1.614,1.616,1411253.8
2025-10-29 19:30:00,1.617,1.618,1.593,1.601,1533371.8
2025-10-29 19:45:00,1.601,1.619,1.6,1.615,812510.0
2025-10-29 20:00:00,1.615,1.624,1.599,1.608,1401772.7
2025-10-29 20:15:00,1.607,1.631,1.605,1.63,547702.9
2025-10-29 20:30:00,1.63,1.633,1.618,1.627,426610.0
2025-10-29 20:45:00,1.627,1.628,1.621,1.624,258715.6
2025-10-29 21:00:00,1.623,1.624,1.61,1.613,595593.7
2025-10-29 21:15:00,1.613,1.616,1.609,1.611,335585.5
2025-10-29 21:30:00,1.611,1.625,1.611,1.613,276486.4
2025-10-29 21:45:00,1.614,1.618,1.61,1.615,227301.2
2025-10-29 22:00:00,1.614,1.62,1.606,1.616,1122407.2
2025-10-29 22:15:00,1.615,1.619,1.613,1.615,252201.9
2025-10-29 22:30:00,1.614,1.616,1.609,1.612,191555.4
2025-10-29 22:45:00,1.613,1.615,1.607,1.609,219245.3
2025-10-29 23:00:00,1.609,1.611,1.596,1.597,514567.6
2025-10-29 23:15:00,1.597,1.603,1.594,1.596,609690.3
2025-10-29 23:30:00,1.596,1.597,1.575,1.581,1685395.1
2025-10-29 23:45:00,1.582,1.588,1.579,1.582,734957.9
2025-10-30 00:00:00,1.583,1.59,1.573,1.589,919145.6
2025-10-30 00:15:00,1.589,1.595,1.585,1.588,648005.9
2025-10-30 00:30:00,1.588,1.597,1.584,1.592,625054.5
2025-10-30 00:45:00,1.593,1.604,1.588,1.6,647512.0
2025-10-30 01:00:00,1.6,1.601,1.589,1.592,838932.7
2025-10-30 01:15:00,1.592,1.596,1.589,1.589,270703.3
2025-10-30 01:30:00,1.589,1.597,1.589,1.596,297087.0
2025-10-30 01:45:00,1.597,1.603,1.596,1.596,444406.2
2025-10-30 02:00:00,1.597,1.6,1.594,1.598,306713.5
2025-10-30 02:15:00,1.599,1.606,1.599,1.603,438450.8
2025-10-30 02:30:00,1.604,1.609,1.603,1.607,237988.6
2025-10-30 02:45:00,1.607,1.608,1.603,1.605,284213.0
2025-10-30 03:00:00,1.606,1.607,1.6,1.603,463783.2
2025-10-30 03:15:00,1.604,1.607,1.596,1.598,522075.4
2025-10-30 03:30:00,1.599,1.603,1.587,1.587,1100591.1
2025-10-30 03:45:00,1.588,1.589,1.579,1.585,770456.1
2025-10-30 04:00:00,1.585,1.586,1.555,1.559,2665168.2
2025-10-30 04:15:00,1.558,1.562,1.515,1.531,4868516.3
2025-10-30 04:30:00,1.531,1.557,1.522,1.54,3942379.6
2025-10-30 04:45:00,1.54,1.551,1.533,1.537,1003702.7
2025-10-30 05:00:00,1.537,1.541,1.531,1.539,1420145.5
2025-10-30 05:15:00,1.538,1.54,1.528,1.534,1171258.8
2025-10-30 05:30:00,1.534,1.558,1.53,1.555,1581986.4
2025-10-30 05:45:00,1.555,1.566,1.553,1.562,1292706.9
2025-10-30 06:00:00,1.562,1.563,1.551,1.553,1130415.1
2025-10-30 06:15:00,1.553,1.554,1.543,1.55,1271126.4
2025-10-30 06:30:00,1.549,1.567,1.548,1.564,1056607.9
2025-10-30 06:45:00,1.564,1.568,1.558,1.559,609085.1
2025-10-30 07:00:00,1.558,1.58,1.557,1.575,1184212.1
2025-10-30 07:15:00,1.575,1.582,1.573,1.578,1002049.5
2025-10-30 07:30:00,1.578,1.581,1.576,1.579,608493.9
2025-10-30 07:45:00,1.58,1.581,1.572,1.573,648343.4
2025-10-30 08:00:00,1.574,1.574,1.557,1.56,1284181.6
2025-10-30 08:15:00,1.56,1.562,1.555,1.556,729600.5
2025-10-30 08:30:00,1.556,1.562,1.553,1.559,746796.0
2025-10-30 08:45:00,1.559,1.56,1.549,1.549,675094.4
2025-10-30 09:00:00,1.55,1.553,1.544,1.544,1174853.6
2025-10-30 09:15:00,1.545,1.548,1.538,1.548,1414279.8
2025-10-30 09:30:00,1.548,1.553,1.541,1.543,690152.1
2025-10-30 09:45:00,1.544,1.551,1.54,1.543,517973.4
2025-10-30 10:00:00,1.544,1.55,1.539,1.542,617340.4
2025-10-30 10:15:00,1.543,1.55,1.541,1.545,325930.4
2025-10-30 10:30:00,1.546,1.552,1.537,1.537,657420.8
2025-10-30 10:45:00,1.538,1.547,1.535,1.543,686673.5
2025-10-30 11:00:00,1.543,1.548,1.538,1.542,653571.0
2025-10-30 11:15:00,1.542,1.547,1.538,1.544,459101.9
2025-10-30 11:30:00,1.544,1.548,1.538,1.541,348463.0
2025-10-30 11:45:00,1.542,1.546,1.534,1.535,581216.5
2025-10-30 12:00:00,1.535,1.537,1.528,1.536,1331235.1
2025-10-30 12:15:00,1.536,1.537,1.513,1.518,3097951.9
2025-10-30 12:30:00,1.518,1.53,1.5,1.501,3258458.3
2025-10-30 12:45:00,1.5,1.518,1.5,1.515,2630038.2
2025-10-30 13:00:00,1.516,1.52,1.508,1.511,1334648.4
2025-10-30 13:15:00,1.512,1.513,1.5,1.505,1406949.2
2025-10-30 13:30:00,1.505,1.507,1.473,1.489,5136893.9
2025-10-30 13:45:00,1.488,1.5,1.48,1.482,1811828.3
2025-10-30 14:00:00,1.483,1.494,1.475,1.487,1895367.8
2025-10-30 14:15:00,1.486,1.489,1.477,1.48,1144862.8
2025-10-30 14:30:00,1.479,1.489,1.474,1.486,1517743.0
2025-10-30 14:45:00,1.486,1.487,1.476,1.48,1146438.6
2025-10-30 15:00:00,1.48,1.483,1.459,1.471,2911636.8
2025-10-30 15:15:00,1.472,1.472,1.456,1.464,2117562.9
2025-10-30 15:30:00,1.465,1.465,1.451,1.46,2056806.5
2025-10-30 15:45:00,1.461,1.464,1.454,1.46,833277.4
2025-10-30 16:00:00,1.461,1.471,1.451,1.467,1982204.1
2025-10-30 16:15:00,1.466,1.468,1.458,1.465,1096004.1
2025-10-30 16:30:00,1.465,1.465,1.451,1.454,1000829.4
2025-10-30 16:45:00,1.454,1.461,1.452,1.457,852620.7
2025-10-30 17:00:00,1.456,1.457,1.433,1.44,3746104.7
2025-10-30 17:15:00,1.44,1.441,1.419,1.425,3654017.6
2025-10-30 17:30:00,1.425,1.426,1.411,1.422,2866607.6
2025-10-30 17:45:00,1.422,1.439,1.422,1.431,1382971.0
2025-10-30 18:00:00,1.43,1.432,1.422,1.423,1088610.3
2025-10-30 18:15:00,1.423,1.428,1.414,1.418,828751.5
2025-10-30 18:30:00,1.417,1.423,1.402,1.405,1967369.3
2025-10-30 18:45:00,1.404,1.416,1.403,1.411,1095017.3
2025-10-30 19:00:00,1.41,1.417,1.396,1.411,2401195.9
2025-10-30 19:15:00,1.411,1.415,1.404,1.41,1020086.3
2025-10-30 19:30:00,1.41,1.416,1.397,1.406,1573920.0
2025-10-30 19:45:00,1.405,1.418,1.402,1.407,1417045.3
2025-10-30 20:00:00,1.407,1.421,1.402,1.415,1446061.3
2025-10-30 20:15:00,1.415,1.421,1.412,1.415,852771.9
2025-10-30 20:30:00,1.416,1.423,1.407,1.414,2209432.4
2025-10-30 20:45:00,1.414,1.424,1.413,1.422,1164998.7
2025-10-30 21:00:00,1.422,1.43,1.419,1.422,931233.4
2025-10-30 21:15:00,1.422,1.426,1.417,1.423,662925.7
2025-10-30 21:30:00,1.424,1.427,1.417,1.423,502097.9
2025-10-30 21:45:00,1.424,1.43,1.421,1.427,570840.0
2025-10-30 22:00:00,1.428,1.433,1.425,1.43,908158.7
2025-10-30 22:15:00,1.43,1.435,1.429,1.432,524720.5
2025-10-30 22:30:00,1.432,1.438,1.43,1.436,497187.3
2025-10-30 22:45:00,1.436,1.44,1.433,1.439,565147.9
2025-10-30 23:00:00,1.44,1.443,1.436,1.439,590300.8
2025-10-30 23:15:00,1.439,1.447,1.436,1.446,785882.7
2025-10-30 23:30:00,1.447,1.456,1.444,1.451,1251570.9
2025-10-30 23:45:00,1.451,1.464,1.451,1.462,922177.7
2025-10-31 00:00:00,1.463,1.467,1.456,1.465,1245931.4
2025-10-31 00:15:00,1.465,1.465,1.456,1.459,864332.1
2025-10-31 00:30:00,1.459,1.463,1.455,1.458,751478.2
2025-10-31 00:45:00,1.458,1.47,1.456,1.462,713616.7
2025-10-31 01:00:00,1.462,1.477,1.46,1.472,897864.0
2025-10-31 01:15:00,1.472,1.478,1.47,1.475,616609.4
2025-10-31 01:30:00,1.475,1.478,1.471,1.473,1087025.9
2025-10-31 01:45:00,1.473,1.48,1.47,1.478,516000.3
2025-10-31 02:00:00,1.479,1.481,1.466,1.469,781063.0
2025-10-31 02:15:00,1.469,1.481,1.467,1.48,614744.5
2025-10-31 02:30:00,1.48,1.484,1.475,1.477,685704.4
2025-10-31 02:45:00,1.476,1.487,1.473,1.486,536073.3
2025-10-31 03:00:00,1.487,1.488,1.477,1.48,886720.5
2025-10-31 03:15:00,1.479,1.484,1.477,1.479,440848.9
2025-10-31 03:30:00,1.479,1.48,1.472,1.475,565832.9
2025-10-31 03:45:00,1.474,1.479,1.472,1.476,404977.3
2025-10-31 04:00:00,1.476,1.489,1.475,1.489,978416.6
2025-10-31 04:15:00,1.488,1.491,1.482,1.487,789086.0
2025-10-31 04:30:00,1.486,1.5,1.486,1.499,848607.5
2025-10-31 04:45:00,1.499,1.502,1.497,1.499,826627.8
2025-10-31 05:00:00,1.498,1.506,1.495,1.499,847901.3
2025-10-31 05:15:00,1.499,1.502,1.496,1.499,358795.5
2025-10-31 05:30:00,1.499,1.502,1.493,1.496,521794.3
2025-10-31 05:45:00,1.496,1.498,1.492,1.497,465508.1
2025-10-31 06:00:00,1.496,1.5,1.495,1.497,587816.0
2025-10-31 06:15:00,1.498,1.504,1.496,1.504,725214.8
2025-10-31 06:30:00,1.504,1.506,1.5,1.5,645790.7
2025-10-31 06:45:00,1.501,1.505,1.5,1.504,478670.9
2025-10-31 07:00:00,1.504,1.511,1.501,1.509,1167210.6
2025-10-31 07:15:00,1.51,1.517,1.506,1.516,737684.7
2025-10-31 07:30:00,1.515,1.522,1.512,1.514,1186328.8
2025-10-31 07:45:00,1.514,1.52,1.513,1.518,717670.4
2025-10-31 08:00:00,1.517,1.52,1.506,1.511,1081869.9
2025-10-31 08:15:00,1.511,1.52,1.508,1.515,925700.8
2025-10-31 08:30:00,1.514,1.515,1.502,1.505,1150994.7
2025-10-31 08:45:00,1.504,1.508,1.504,1.506,541553.2
2025-10-31 09:00:00,1.505,1.51,1.498,1.5,1090418.7
2025-10-31 09:15:00,1.5,1.503,1.493,1.494,1026793.1
2025-10-31 09:30:00,1.495,1.499,1.493,1.495,555048.2
2025-10-31 09:45:00,1.496,1.503,1.495,1.5,580141.4
2025-10-31 10:00:00,1.499,1.505,1.498,1.502,744764.1
2025-10-31 10:15:00,1.501,1.504,1.498,1.501,473197.3
2025-10-31 10:30:00,1.5,1.507,1.499,1.507,518345.2
2025-10-31 10:45:00,1.506,1.507,1.495,1.496,1013032.1
2025-10-31 11:00:00,1.495,1.499,1.492,1.493,822643.4
2025-10-31 11:15:00,1.492,1.501,1.491,1.501,788585.8
2025-10-31 11:30:00,1.501,1.506,1.496,1.504,572710.2
2025-10-31 11:45:00,1.504,1.518,1.504,1.515,983976.1
2025-10-31 12:00:00,1.516,1.516,1.506,1.509,1037415.2
2025-10-31 12:15:00,1.508,1.512,1.506,1.507,616435.9
2025-10-31 12:30:00,1.508,1.514,1.503,1.506,1029247.8
2025-10-31 12:45:00,1.505,1.506,1.501,1.501,626538.0
2025-10-31 13:00:00,1.502,1.508,1.501,1.506,332145.9
2025-10-31 13:15:00,1.506,1.512,1.502,1.503,603043.2
2025-10-31 13:30:00,1.503,1.503,1.494,1.499,833164.8
2025-10-31 13:45:00,1.498,1.513,1.498,1.512,511928.3
2025-10-31 14:00:00,1.513,1.517,1.506,1.509,781040.9
2025-10-31 14:15:00,1.508,1.512,1.503,1.506,335517.1
2025-10-31 14:30:00,1.506,1.513,1.504,1.506,1074827.4
2025-10-31 14:45:00,1.506,1.52,1.505,1.516,1069664.1
2025-10-31 15:00:00,1.517,1.527,1.512,1.526,1649366.0
2025-10-31 15:15:00,1.527,1.528,1.519,1.519,619182.2
2025-10-31 15:30:00,1.52,1.52,1.508,1.513,760266.6
2025-10-31 15:45:00,1.513,1.521,1.499,1.501,2218795.7
2025-10-31 16:00:00,1.5,1.503,1.491,1.492,2052200.1
2025-10-31 16:15:00,1.491,1.497,1.487,1.496,1557448.2
2025-10-31 16:30:00,1.496,1.496,1.486,1.486,705712.9
2025-10-31 16:45:00,1.486,1.489,1.47,1.473,2496762.0
2025-10-31 17:00:00,1.473,1.481,1.468,1.474,1123316.1
2025-10-31 17:15:00,1.475,1.476,1.461,1.468,1614118.5
2025-10-31 17:30:00,1.469,1.48,1.466,1.478,1142451.1
2025-10-31 17:45:00,1.479,1.485,1.472,1.474,818199.7
2025-10-31 18:00:00,1.475,1.487,1.475,1.484,693745.9
2025-10-31 18:15:00,1.483,1.485,1.479,1.482,675264.0
2025-10-31 18:30:00,1.482,1.499,1.472,1.496,1545879.4
2025-10-31 18:45:00,1.495,1.496,1.487,1.49,565352.3
2025-10-31 19:00:00,1.49,1.49,1.482,1.487,479830.7
2025-10-31 19:15:00,1.487,1.503,1.485,1.499,864282.2
2025-10-31 19:30:00,1.5,1.511,1.5,1.51,722537.7
2025-10-31 19:45:00,1.51,1.517,1.509,1.51,1151501.1
2025-10-31 20:00:00,1.51,1.513,1.504,1.507,768138.4
2025-10-31 20:15:00,1.506,1.511,1.505,1.507,388816.9
2025-10-31 20:30:00,1.508,1.51,1.504,1.508,484738.4
2025-10-31 20:45:00,1.509,1.513,1.496,1.498,662615.1
2025-10-31 21:00:00,1.498,1.504,1.495,1.496,560788.3
2025-10-31 21:15:00,1.496,1.503,1.496,1.502,185714.5
2025-10-31 21:30:00,1.503,1.507,1.498,1.5,1092345.8
2025-10-31 21:45:00,1.499,1.503,1.498,1.501,188372.4
2025-10-31 22:00:00,1.501,1.511,1.501,1.506,418162.8
2025-10-31 22:15:00,1.507,1.511,1.501,1.503,555550.8
2025-10-31 22:30:00,1.503,1.507,1.5,1.5,361158.3
2025-10-31 22:45:00,1.501,1.506,1.501,1.503,191041.9
2025-10-31 23:00:00,1.504,1.506,1.502,1.502,202123.8
2025-10-31 23:15:00,1.503,1.509,1.501,1.508,362600.0
2025-10-31 23:30:00,1.508,1.512,1.507,1.511,428422.8
2025-10-31 23:45:00,1.511,1.518,1.509,1.515,1501222.3
2025-11-01 00:00:00,1.515,1.515,1.506,1.508,831896.5
2025-11-01 00:15:00,1.508,1.515,1.506,1.512,780087.0
2025-11-01 00:30:00,1.513,1.524,1.509,1.523,1309380.2
2025-11-01 00:45:00,1.524,1.535,1.523,1.529,1564650.8
2025-11-01 01:00:00,1.528,1.542,1.521,1.524,1352000.2
2025-11-01 01:15:00,1.525,1.532,1.523,1.529,322679.1
2025-11-01 01:30:00,1.529,1.538,1.528,1.538,428130.7
2025-11-01 01:45:00,1.537,1.538,1.529,1.529,337844.6
2025-11-01 02:00:00,1.529,1.53,1.514,1.517,823770.2
2025-11-01 02:15:00,1.517,1.526,1.517,1.522,229929.1
2025-11-01 02:30:00,1.522,1.524,1.519,1.523,287517.7
2025-11-01 02:45:00,1.523,1.537,1.523,1.536,668031.4
2025-11-01 03:00:00,1.537,1.539,1.53,1.536,891560.9
2025-11-01 03:15:00,1.536,1.543,1.534,1.536,604769.9
2025-11-01 03:30:00,1.537,1.542,1.535,1.541,399917.9
2025-11-01 03:45:00,1.54,1.542,1.535,1.537,256463.6
2025-11-01 04:00:00,1.538,1.541,1.535,1.538,317364.1
2025-11-01 04:15:00,1.537,1.543,1.533,1.542,327153.2
2025-11-01 04:30:00,1.543,1.544,1.534,1.538,324979.6
2025-11-01 04:45:00,1.537,1.539,1.534,1.536,391990.1
2025-11-01 05:00:00,1.535,1.539,1.534,1.539,391521.2
2025-11-01 05:15:00,1.539,1.543,1.537,1.54,245597.9
2025-11-01 05:30:00,1.54,1.541,1.534,1.538,381861.9
2025-11-01 05:45:00,1.538,1.539,1.532,1.534,293448.3
2025-11-01 06:00:00,1.534,1.536,1.53,1.534,352957.0
2025-11-01 06:15:00,1.534,1.535,1.53,1.533,380627.4
2025-11-01 06:30:00,1.533,1.534,1.527,1.529,412932.0
2025-11-01 06:45:00,1.529,1.538,1.529,1.538,412137.5
2025-11-01 07:00:00,1.538,1.544,1.534,1.541,823251.0
2025-11-01 07:15:00,1.541,1.558,1.54,1.556,1796274.3
2025-11-01 07:30:00,1.556,1.558,1.55,1.555,810763.4
2025-11-01 07:45:00,1.556,1.568,1.55,1.56,1264109.8
2025-11-01 08:00:00,1.56,1.571,1.56,1.567,978071.1
2025-11-01 08:15:00,1.567,1.572,1.559,1.56,900376.2
2025-11-01 08:30:00,1.56,1.563,1.554,1.557,571317.1
2025-11-01 08:45:00,1.557,1.57,1.555,1.568,656559.7
2025-11-01 09:00:00,1.569,1.575,1.564,1.57,860122.4
2025-11-01 09:15:00,1.571,1.571,1.566,1.569,448288.5
2025-11-01 09:30:00,1.569,1.57,1.56,1.562,489385.7
2025-11-01 09:45:00,1.561,1.567,1.561,1.564,256060.1
2025-11-01 10:00:00,1.564,1.573,1.564,1.571,782733.8
2025-11-01 10:15:00,1.571,1.582,1.568,1.579,1136364.3
2025-11-01 10:30:00,1.58,1.592,1.579,1.59,762917.7
2025-11-01 10:45:00,1.591,1.604,1.59,1.597,1935326.1
2025-11-01 11:00:00,1.597,1.642,1.597,1.621,4638822.3
2025-11-01 11:15:00,1.621,1.632,1.608,1.614,2887489.7
2025-11-01 11:30:00,1.614,1.629,1.606,1.626,1851235.2
2025-11-01 11:45:00,1.626,1.635,1.623,1.634,1752379.2
2025-11-01 12:00:00,1.634,1.671,1.634,1.648,5318234.0
2025-11-01 12:15:00,1.649,1.661,1.642,1.655,1650775.9
2025-11-01 12:30:00,1.655,1.673,1.654,1.668,1671651.4
2025-11-01 12:45:00,1.669,1.691,1.659,1.687,2966496.5
2025-11-01 13:00:00,1.687,1.715,1.678,1.695,6630831.4
2025-11-01 13:15:00,1.695,1.701,1.679,1.699,2731743.6
2025-11-01 13:30:00,1.699,1.713,1.663,1.678,3453899.1
2025-11-01 13:45:00,1.678,1.706,1.677,1.691,2392562.7
2025-11-01 14:00:00,1.69,1.702,1.669,1.669,2523172.3
2025-11-01 14:15:00,1.67,1.696,1.665,1.695,2383817.8
2025-11-01 14:30:00,1.694,1.695,1.678,1.684,1629757.2
2025-11-01 14:45:00,1.683,1.693,1.671,1.689,1822213.9
2025-11-01 15:00:00,1.688,1.705,1.685,1.69,2765592.9
2025-11-01 15:15:00,1.69,1.693,1.676,1.681,1223529.8
2025-11-01 15:30:00,1.68,1.689,1.67,1.682,1089344.9
2025-11-01 15:45:00,1.682,1.682,1.671,1.676,935961.0
2025-11-01 16:00:00,1.676,1.68,1.664,1.666,1972533.5
2025-11-01 16:15:00,1.667,1.683,1.665,1.667,1149665.5
2025-11-01 16:30:00,1.666,1.687,1.666,1.687,940462.9
2025-11-01 16:45:00,1.686,1.703,1.68,1.682,2640647.8
2025-11-01 17:00:00,1.681,1.704,1.681,1.697,1510041.7
2025-11-01 17:15:00,1.697,1.714,1.697,1.71,1716695.0
2025-11-01 17:30:00,1.711,1.712,1.663,1.686,4429046.6
2025-11-01 17:45:00,1.685,1.693,1.677,1.68,665743.6
2025-11-01 18:00:00,1.679,1.687,1.673,1.682,657979.4
2025-11-01 18:15:00,1.681,1.686,1.675,1.68,463851.8
2025-11-01 18:30:00,1.679,1.683,1.674,1.681,437862.9
2025-11-01 18:45:00,1.68,1.691,1.678,1.69,320734.2
2025-11-01 19:00:00,1.689,1.694,1.685,1.687,473921.9
2025-11-01 19:15:00,1.688,1.697,1.682,1.69,783123.0
2025-11-01 19:30:00,1.689,1.691,1.681,1.685,344085.6
2025-11-01 19:45:00,1.685,1.688,1.683,1.688,162654.2
2025-11-01 20:00:00,1.688,1.69,1.679,1.681,438747.1
2025-11-01 20:15:00,1.681,1.688,1.678,1.684,364279.4
2025-11-01 20:30:00,1.684,1.684,1.676,1.681,350324.5
2025-11-01 20:45:00,1.681,1.682,1.669,1.673,407306.2
2025-11-01 21:00:00,1.673,1.675,1.668,1.669,548940.6
2025-11-01 21:15:00,1.67,1.679,1.669,1.675,265837.7
2025-11-01 21:30:00,1.674,1.676,1.665,1.666,260101.5
2025-11-01 21:45:00,1.666,1.667,1.653,1.656,1050240.4
2025-11-01 22:00:00,1.655,1.663,1.655,1.656,818213.6
2025-11-01 22:15:00,1.655,1.662,1.654,1.657,506088.0
2025-11-01 22:30:00,1.657,1.659,1.652,1.653,541346.1
2025-11-01 22:45:00,1.654,1.662,1.653,1.66,1070345.3
2025-11-01 23:00:00,1.66,1.669,1.659,1.667,847946.7
2025-11-01 23:15:00,1.667,1.676,1.665,1.674,755903.1
2025-11-01 23:30:00,1.674,1.675,1.666,1.666,655248.8
2025-11-01 23:45:00,1.666,1.674,1.665,1.67,556666.9
2025-11-02 00:00:00,1.67,1.671,1.66,1.668,1242800.4
2025-11-02 00:15:00,1.668,1.686,1.667,1.678,2287699.8
2025-11-02 00:30:00,1.677,1.682,1.667,1.673,953068.8
2025-11-02 00:45:00,1.673,1.678,1.671,1.675,436196.4
2025-11-02 01:00:00,1.676,1.676,1.667,1.671,511769.7
2025-11-02 01:15:00,1.672,1.682,1.671,1.673,554409.9
2025-11-02 01:30:00,1.674,1.696,1.672,1.689,2497134.0
2025-11-02 01:45:00,1.69,1.69,1.681,1.686,911466.9
2025-11-02 02:00:00,1.686,1.688,1.677,1.68,1079497.5
2025-11-02 02:15:00,1.68,1.686,1.674,1.681,622540.6
2025-11-02 02:30:00,1.681,1.688,1.676,1.679,450183.8
2025-11-02 02:45:00,1.68,1.682,1.672,1.673,488899.3
2025-11-02 03:00:00,1.674,1.677,1.668,1.675,827768.3
2025-11-02 03:15:00,1.676,1.676,1.658,1.664,1641249.0
2025-11-02 03:30:00,1.665,1.668,1.659,1.667,658522.0
2025-11-02 03:45:00,1.668,1.671,1.662,1.663,422478.5
2025-11-02 04:00:00,1.663,1.673,1.662,1.672,472962.2
2025-11-02 04:15:00,1.671,1.679,1.671,1.676,517653.6
2025-11-02 04:30:00,1.677,1.677,1.663,1.674,727540.3
2025-11-02 04:45:00,1.675,1.679,1.671,1.675,716748.0
2025-11-02 05:00:00,1.675,1.681,1.672,1.68,640870.7
2025-11-02 05:15:00,1.679,1.681,1.674,1.675,441730.9
2025-11-02 05:30:00,1.675,1.678,1.668,1.677,598841.5
2025-11-02 05:45:00,1.678,1.707,1.677,1.7,2540571.5
2025-11-02 06:00:00,1.701,1.702,1.69,1.695,1381424.0
2025-11-02 06:15:00,1.695,1.701,1.692,1.696,1026849.1
2025-11-02 06:30:00,1.696,1.698,1.685,1.689,856066.0
2025-11-02 06:45:00,1.688,1.696,1.688,1.692,445646.1
2025-11-02 07:00:00,1.693,1.696,1.69,1.691,552367.7
2025-11-02 07:15:00,1.692,1.703,1.691,1.697,928730.4
2025-11-02 07:30:00,1.698,1.706,1.694,1.704,942142.6
2025-11-02 07:45:00,1.704,1.71,1.702,1.706,1032404.1
2025-11-02 08:00:00,1.706,1.718,1.703,1.716,1584003.3
2025-11-02 08:15:00,1.717,1.724,1.704,1.709,1987901.8
2025-11-02 08:30:00,1.709,1.711,1.704,1.705,705118.7
2025-11-02 08:45:00,1.706,1.723,1.703,1.721,1092581.7
2025-11-02 09:00:00,1.722,1.739,1.72,1.737,2516541.3
2025-11-02 09:15:00,1.737,1.794,1.737,1.782,8852526.2
2025-11-02 09:30:00,1.783,1.783,1.737,1.738,6538389.9
2025-11-02 09:45:00,1.738,1.746,1.727,1.732,4028394.0
2025-11-02 10:00:00,1.731,1.744,1.722,1.733,2607599.6
2025-11-02 10:15:00,1.734,1.74,1.695,1.7,3244797.6
2025-11-02 10:30:00,1.7,1.709,1.693,1.701,1868854.8
2025-11-02 10:45:00,1.702,1.706,1.667,1.678,5268662.8
2025-11-02 11:00:00,1.678,1.687,1.671,1.68,1413740.1
2025-11-02 11:15:00,1.681,1.693,1.679,1.687,1254636.3
2025-11-02 11:30:00,1.688,1.691,1.68,1.682,1092167.9
2025-11-02 11:45:00,1.682,1.685,1.67,1.676,1266110.3
2025-11-02 12:00:00,1.677,1.678,1.655,1.674,2817967.4
2025-11-02 12:15:00,1.674,1.689,1.66,1.688,4051171.9
2025-11-02 12:30:00,1.689,1.689,1.671,1.675,1721656.4
2025-11-02 12:45:00,1.676,1.683,1.674,1.678,888898.8
2025-11-02 13:00:00,1.678,1.679,1.671,1.673,726962.9
2025-11-02 13:15:00,1.674,1.675,1.651,1.66,3220611.0
2025-11-02 13:30:00,1.661,1.667,1.659,1.663,1094326.1
2025-11-02 13:45:00,1.663,1.667,1.653,1.665,1111534.9
2025-11-02 14:00:00,1.665,1.675,1.657,1.658,1329391.5
2025-11-02 14:15:00,1.659,1.662,1.635,1.64,5288447.6
2025-11-02 14:30:00,1.639,1.649,1.627,1.629,1888654.1
2025-11-02 14:45:00,1.629,1.633,1.62,1.63,2284366.4
2025-11-02 15:00:00,1.63,1.638,1.624,1.63,2022325.3
2025-11-02 15:15:00,1.63,1.644,1.629,1.643,1197926.4
2025-11-02 15:30:00,1.644,1.644,1.631,1.633,851219.5
2025-11-02 15:45:00,1.633,1.64,1.629,1.633,1450420.3
2025-11-02 16:00:00,1.633,1.639,1.616,1.618,2587266.8
2025-11-02 16:15:00,1.619,1.631,1.61,1.627,1499365.4
2025-11-02 16:30:00,1.628,1.637,1.625,1.636,764518.8
2025-11-02 16:45:00,1.636,1.641,1.633,1.638,817561.0
2025-11-02 17:00:00,1.639,1.64,1.633,1.637,710228.8
2025-11-02 17:15:00,1.637,1.638,1.63,1.632,653539.2
2025-11-02 17:30:00,1.632,1.633,1.624,1.632,493138.3
2025-11-02 17:45:00,1.633,1.636,1.629,1.636,346708.9
2025-11-02 18:00:00,1.636,1.64,1.628,1.629,653738.6
2025-11-02 18:15:00,1.628,1.635,1.625,1.634,469647.2
2025-11-02 18:30:00,1.634,1.637,1.63,1.636,215548.1
2025-11-02 18:45:00,1.637,1.637,1.627,1.63,370658.9
2025-11-02 19:00:00,1.63,1.634,1.627,1.63,267434.6
2025-11-02 19:15:00,1.631,1.632,1.618,1.618,573871.8
2025-11-02 19:30:00,1.619,1.628,1.619,1.622,575795.5
2025-11-02 19:45:00,1.623,1.628,1.621,1.625,328434.8
2025-11-02 20:00:00,1.624,1.629,1.618,1.62,543901.4
2025-11-02 20:15:00,1.62,1.628,1.62,1.626,368004.9
2025-11-02 20:30:00,1.625,1.636,1.624,1.633,534903.9
2025-11-02 20:45:00,1.633,1.637,1.632,1.636,329522.8
2025-11-02 21:00:00,1.637,1.64,1.632,1.634,467743.7
2025-11-02 21:15:00,1.633,1.633,1.629,1.631,364012.0
2025-11-02 21:30:00,1.631,1.636,1.628,1.631,282330.8
2025-11-02 21:45:00,1.632,1.634,1.626,1.626,200255.4
2025-11-02 22:00:00,1.626,1.638,1.625,1.633,519552.4
2025-11-02 22:15:00,1.634,1.652,1.633,1.643,881373.9
2025-11-02 22:30:00,1.643,1.646,1.634,1.645,722418.8
2025-11-02 22:45:00,1.646,1.654,1.639,1.649,688149.5
2025-11-02 23:00:00,1.65,1.665,1.649,1.664,1296319.1
2025-11-02 23:15:00,1.665,1.672,1.652,1.654,1878312.1
2025-11-02 23:30:00,1.654,1.663,1.653,1.658,737891.5
2025-11-02 23:45:00,1.657,1.669,1.656,1.666,623915.4
2025-11-03 00:00:00,1.665,1.667,1.653,1.658,1268389.0
2025-11-03 00:15:00,1.659,1.663,1.648,1.649,713602.9
2025-11-03 00:30:00,1.648,1.657,1.645,1.65,600635.9
2025-11-03 00:45:00,1.65,1.655,1.643,1.648,934647.6
2025-11-03 01:00:00,1.648,1.66,1.645,1.65,1918931.9
2025-11-03 01:15:00,1.65,1.656,1.642,1.646,754711.3
2025-11-03 01:30:00,1.645,1.657,1.641,1.656,1001405.0
2025-11-03 01:45:00,1.655,1.659,1.645,1.647,794576.7
2025-11-03 02:00:00,1.647,1.648,1.628,1.648,1884191.9
2025-11-03 02:15:00,1.647,1.649,1.626,1.629,1960298.4
2025-11-03 02:30:00,1.628,1.643,1.627,1.635,1518959.1
2025-11-03 02:45:00,1.635,1.65,1.63,1.648,835980.0
2025-11-03 03:00:00,1.649,1.651,1.59,1.592,5879068.7
2025-11-03 03:15:00,1.591,1.605,1.578,1.595,4123991.1
2025-11-03 03:30:00,1.594,1.595,1.574,1.588,2367283.4
2025-11-03 03:45:00,1.587,1.587,1.564,1.571,2000891.1
2025-11-03 04:00:00,1.57,1.57,1.551,1.562,2449011.0
2025-11-03 04:15:00,1.561,1.565,1.551,1.554,1271103.1
2025-11-03 04:30:00,1.554,1.564,1.55,1.552,1046585.6
2025-11-03 04:45:00,1.552,1.571,1.55,1.568,856667.5
2025-11-03 05:00:00,1.568,1.575,1.562,1.567,1100853.5
2025-11-03 05:15:00,1.566,1.567,1.554,1.555,940561.7
2025-11-03 05:30:00,1.555,1.558,1.527,1.536,5556131.7
2025-11-03 05:45:00,1.536,1.537,1.516,1.518,2259009.1
2025-11-03 06:00:00,1.518,1.523,1.507,1.511,2906658.2
2025-11-03 06:15:00,1.511,1.52,1.505,1.517,1584442.6
2025-11-03 06:30:00,1.518,1.52,1.509,1.512,1080348.8
2025-11-03 06:45:00,1.512,1.532,1.493,1.527,4024004.4
2025-11-03 07:00:00,1.527,1.529,1.519,1.524,910222.6
2025-11-03 07:15:00,1.525,1.533,1.519,1.519,1193857.8
2025-11-03 07:30:00,1.52,1.535,1.514,1.52,1451253.2
2025-11-03 07:45:00,1.52,1.525,1.512,1.522,1461314.3
2025-11-03 08:00:00,1.522,1.522,1.513,1.514,879479.7
2025-11-03 08:15:00,1.513,1.517,1.503,1.506,1641781.6
2025-11-03 08:30:00,1.505,1.513,1.503,1.512,952848.0
2025-11-03 08:45:00,1.512,1.525,1.504,1.519,1669255.1
2025-11-03 09:00:00,1.519,1.532,1.515,1.525,1464635.1
2025-11-03 09:15:00,1.525,1.526,1.507,1.518,1241392.3
2025-11-03 09:30:00,1.518,1.52,1.509,1.517,806825.3
2025-11-03 09:45:00,1.517,1.519,1.504,1.505,1164173.8
2025-11-03 10:00:00,1.505,1.517,1.504,1.509,1283097.3
2025-11-03 10:15:00,1.509,1.522,1.507,1.52,1044961.4
2025-11-03 10:30:00,1.519,1.519,1.506,1.511,1106643.7
2025-11-03 10:45:00,1.51,1.515,1.5,1.507,1292734.6
2025-11-03 11:00:00,1.508,1.527,1.508,1.521,1678221.6
2025-11-03 11:15:00,1.522,1.542,1.522,1.541,1585986.9
2025-11-03 11:30:00,1.54,1.545,1.535,1.539,788389.5
2025-11-03 11:45:00,1.539,1.543,1.529,1.53,779494.0
2025-11-03 12:00:00,1.531,1.538,1.528,1.532,881662.7
2025-11-03 12:15:00,1.533,1.543,1.532,1.539,798520.6
2025-11-03 12:30:00,1.54,1.541,1.531,1.533,1198988.3
2025-11-03 12:45:00,1.534,1.54,1.532,1.533,671195.6
2025-11-03 13:00:00,1.533,1.538,1.531,1.534,563537.9
2025-11-03 13:15:00,1.533,1.536,1.526,1.531,1134903.4
2025-11-03 13:30:00,1.53,1.555,1.53,1.544,1321597.7
2025-11-03 13:45:00,1.544,1.55,1.536,1.538,749599.6
2025-11-03 14:00:00,1.538,1.556,1.538,1.538,1217503.9
2025-11-03 14:15:00,1.538,1.542,1.535,1.54,685401.7
2025-11-03 14:30:00,1.539,1.546,1.535,1.546,1005263.5
2025-11-03 14:45:00,1.545,1.563,1.543,1.561,1312424.9
2025-11-03 15:00:00,1.562,1.564,1.549,1.557,1177967.4
2025-11-03 15:15:00,1.556,1.56,1.493,1.501,7623111.8
2025-11-03 15:30:00,1.5,1.525,1.439,1.483,20962385.1
2025-11-03 15:45:00,1.482,1.487,1.457,1.471,7172228.6
2025-11-03 16:00:00,1.472,1.495,1.452,1.489,4566857.2
2025-11-03 16:15:00,1.489,1.508,1.483,1.494,3021794.1
2025-11-03 16:30:00,1.495,1.51,1.494,1.501,1943436.0
2025-11-03 16:45:00,1.502,1.509,1.488,1.491,1597381.4
2025-11-03 17:00:00,1.491,1.495,1.487,1.489,1509265.9
2025-11-03 17:15:00,1.49,1.514,1.486,1.487,2380042.0
2025-11-03 17:30:00,1.488,1.501,1.486,1.489,1231286.8
2025-11-03 17:45:00,1.489,1.518,1.487,1.517,3805310.5
2025-11-03 18:00:00,1.518,1.519,1.493,1.495,1528652.2
2025-11-03 18:15:00,1.494,1.496,1.478,1.48,1275793.3
2025-11-03 18:30:00,1.481,1.487,1.473,1.474,1257687.7
2025-11-03 18:45:00,1.474,1.475,1.466,1.469,974871.8
2025-11-03 19:00:00,1.469,1.472,1.455,1.462,2027947.1
2025-11-03 19:15:00,1.461,1.466,1.433,1.441,5470788.1
2025-11-03 19:30:00,1.441,1.448,1.437,1.443,1503059.8
2025-11-03 19:45:00,1.443,1.446,1.424,1.428,1893291.4
2025-11-03 20:00:00,1.429,1.432,1.412,1.415,2388524.1
2025-11-03 20:15:00,1.416,1.421,1.406,1.416,1585843.1
2025-11-03 20:30:00,1.415,1.426,1.411,1.423,1466222.9
2025-11-03 20:45:00,1.424,1.425,1.4,1.412,2560427.1
2025-11-03 21:00:00,1.411,1.434,1.41,1.417,2175321.1
2025-11-03 21:15:00,1.417,1.429,1.403,1.422,2154994.4
2025-11-03 21:30:00,1.422,1.431,1.417,1.424,1050775.8
2025-11-03 21:45:00,1.424,1.427,1.419,1.422,841700.7
2025-11-03 22:00:00,1.422,1.423,1.415,1.419,1098622.9
2025-11-03 22:15:00,1.419,1.428,1.41,1.411,1074378.8
2025-11-03 22:30:00,1.41,1.427,1.404,1.427,1652542.1
2025-11-03 22:45:00,1.427,1.468,1.425,1.447,3761538.3
2025-11-03 23:00:00,1.446,1.447,1.413,1.429,4396704.9
2025-11-03 23:15:00,1.429,1.446,1.425,1.445,1008831.5
2025-11-03 23:30:00,1.445,1.448,1.438,1.441,901768.8
2025-11-03 23:45:00,1.441,1.443,1.434,1.44,646272.2
2025-11-04 00:00:00,1.441,1.444,1.432,1.435,981919.0
2025-11-04 00:15:00,1.435,1.439,1.422,1.428,1004357.2
2025-11-04 00:30:00,1.429,1.464,1.429,1.458,2083996.3
2025-11-04 00:45:00,1.459,1.46,1.448,1.456,1041421.7
2025-11-04 01:00:00,1.456,1.459,1.449,1.459,1170956.2
2025-11-04 01:15:00,1.458,1.487,1.458,1.478,2811562.4
2025-11-04 01:30:00,1.479,1.484,1.469,1.472,1170176.6
2025-11-04 01:45:00,1.472,1.478,1.465,1.475,979707.1
2025-11-04 02:00:00,1.474,1.485,1.47,1.481,873362.8
2025-11-04 02:15:00,1.481,1.488,1.471,1.473,909781.8
2025-11-04 02:30:00,1.473,1.483,1.472,1.479,949692.9
2025-11-04 02:45:00,1.478,1.482,1.472,1.476,836151.0
2025-11-04 03:00:00,1.476,1.492,1.471,1.491,1204540.2
2025-11-04 03:15:00,1.491,1.519,1.483,1.512,2830196.6
2025-11-04 03:30:00,1.513,1.52,1.509,1.514,1256924.0
2025-11-04 03:45:00,1.514,1.518,1.507,1.515,705605.7
2025-11-04 04:00:00,1.516,1.531,1.512,1.523,1705875.3
2025-11-04 04:15:00,1.523,1.535,1.507,1.534,2525809.2
2025-11-04 04:30:00,1.534,1.557,1.529,1.539,3444283.0
2025-11-04 04:45:00,1.54,1.552,1.535,1.545,2108006.4
2025-11-04 05:00:00,1.546,1.546,1.533,1.536,1347129.6
2025-11-04 05:15:00,1.537,1.538,1.501,1.501,4457200.6
2025-11-04 05:30:00,1.501,1.504,1.476,1.488,5682604.5
2025-11-04 05:45:00,1.487,1.492,1.442,1.448,8680665.8
2025-11-04 06:00:00,1.448,1.484,1.435,1.483,3979977.6
2025-11-04 06:15:00,1.483,1.5,1.478,1.483,3181568.2
2025-11-04 06:30:00,1.483,1.488,1.465,1.473,1708160.2
2025-11-04 06:45:00,1.473,1.482,1.47,1.478,1093701.3
2025-11-04 07:00:00,1.477,1.483,1.464,1.47,2030735.9
2025-11-04 07:15:00,1.469,1.477,1.443,1.447,2811287.6
2025-11-04 07:30:00,1.446,1.477,1.446,1.453,3724466.1
2025-11-04 07:45:00,1.453,1.457,1.444,1.452,1217035.3
2025-11-04 08:00:00,1.451,1.458,1.439,1.453,1699507.7
2025-11-04 08:15:00,1.453,1.479,1.449,1.474,1744022.6
2025-11-04 08:30:00,1.474,1.494,1.472,1.482,2201738.1
2025-11-04 08:45:00,1.482,1.485,1.474,1.48,1426205.6
2025-11-04 09:00:00,1.479,1.481,1.461,1.464,1639992.9
2025-11-04 09:15:00,1.463,1.476,1.459,1.467,1239043.2
2025-11-04 09:30:00,1.466,1.472,1.454,1.46,1407676.7
2025-11-04 09:45:00,1.459,1.472,1.457,1.47,1234258.7
2025-11-04 10:00:00,1.469,1.485,1.467,1.477,1427772.5
2025-11-04 10:15:00,1.477,1.49,1.477,1.481,1285145.7
2025-11-04 10:30:00,1.48,1.487,1.476,1.479,992592.6
2025-11-04 10:45:00,1.479,1.484,1.475,1.479,857978.9
2025-11-04 11:00:00,1.479,1.49,1.475,1.484,1560997.3
2025-11-04 11:15:00,1.484,1.486,1.468,1.468,1868789.5
2025-11-04 11:30:00,1.468,1.477,1.463,1.473,1237435.2
2025-11-04 11:45:00,1.473,1.475,1.464,1.469,781826.4
2025-11-04 12:00:00,1.47,1.47,1.458,1.46,1499079.2
2025-11-04 12:15:00,1.461,1.467,1.457,1.466,946952.7
2025-11-04 12:30:00,1.465,1.466,1.445,1.452,2119425.6
2025-11-04 12:45:00,1.452,1.46,1.449,1.453,1450876.2
2025-11-04 13:00:00,1.452,1.462,1.444,1.452,1484201.6
2025-11-04 13:15:00,1.451,1.466,1.443,1.444,2658302.0
2025-11-04 13:30:00,1.444,1.462,1.437,1.45,1532470.0
2025-11-04 13:45:00,1.45,1.457,1.446,1.456,600651.7
2025-11-04 14:00:00,1.455,1.456,1.418,1.429,5753037.7
2025-11-04 14:15:00,1.429,1.439,1.42,1.43,1370647.3
2025-11-04 14:30:00,1.43,1.468,1.424,1.466,3523659.8
2025-11-04 14:45:00,1.466,1.488,1.461,1.481,3838824.4
2025-11-04 15:00:00,1.482,1.489,1.462,1.463,2347802.8
2025-11-04 15:15:00,1.463,1.488,1.463,1.471,2967985.4
2025-11-04 15:30:00,1.471,1.487,1.461,1.482,4008067.4
2025-11-04 15:45:00,1.481,1.481,1.452,1.454,2569450.1
2025-11-04 16:00:00,1.453,1.464,1.432,1.446,4769372.0
2025-11-04 16:15:00,1.446,1.448,1.422,1.438,3475214.3
2025-11-04 16:30:00,1.438,1.445,1.417,1.42,2398933.0
2025-11-04 16:45:00,1.419,1.422,1.407,1.414,2821279.6
2025-11-04 17:00:00,1.414,1.414,1.361,1.372,10074529.7
2025-11-04 17:15:00,1.372,1.399,1.36,1.384,5202617.1
2025-11-04 17:30:00,1.384,1.403,1.379,1.381,2614303.8
2025-11-04 17:45:00,1.381,1.392,1.373,1.383,2857463.4
2025-11-04 18:00:00,1.382,1.383,1.36,1.375,3035513.6
2025-11-04 18:15:00,1.375,1.376,1.334,1.347,5716154.2
2025-11-04 18:30:00,1.346,1.366,1.324,1.365,6521904.4
2025-11-04 18:45:00,1.364,1.367,1.34,1.362,3526805.1
2025-11-04 19:00:00,1.362,1.373,1.346,1.354,3264541.8
2025-11-04 19:15:00,1.355,1.373,1.348,1.355,2405393.5
2025-11-04 19:30:00,1.355,1.361,1.339,1.352,2310104.6
2025-11-04 19:45:00,1.351,1.353,1.341,1.345,1381373.5
2025-11-04 20:00:00,1.345,1.348,1.329,1.336,2165942.6
2025-11-04 20:15:00,1.335,1.335,1.277,1.322,13014897.1
2025-11-04 20:30:00,1.322,1.356,1.309,1.35,3199228.0
2025-11-04 20:45:00,1.351,1.354,1.329,1.337,2534019.4
2025-11-04 21:00:00,1.337,1.338,1.317,1.32,2332637.0
2025-11-04 21:15:00,1.319,1.327,1.303,1.308,1699356.8
2025-11-04 21:30:00,1.308,1.309,1.267,1.289,6513515.9
2025-11-04 21:45:00,1.288,1.333,1.288,1.328,5979549.3
2025-11-04 22:00:00,1.328,1.349,1.315,1.348,3709969.6
2025-11-04 22:15:00,1.349,1.361,1.346,1.361,2108700.6
2025-11-04 22:30:00,1.36,1.371,1.356,1.361,1661260.3
2025-11-04 22:45:00,1.36,1.373,1.36,1.37,1001773.8
2025-11-04 23:00:00,1.371,1.384,1.367,1.37,2398719.4
2025-11-04 23:15:00,1.37,1.371,1.359,1.366,814836.0
2025-11-04 23:30:00,1.366,1.367,1.359,1.365,867391.6
2025-11-04 23:45:00,1.365,1.371,1.362,1.366,1156795.7
2025-11-05 00:00:00,1.366,1.367,1.354,1.363,1311635.3
2025-11-05 00:15:00,1.362,1.377,1.356,1.357,1459440.8
2025-11-05 00:30:00,1.357,1.361,1.349,1.35,1673408.0
2025-11-05 00:45:00,1.35,1.362,1.349,1.356,1028974.4
2025-11-05 01:00:00,1.356,1.356,1.333,1.338,2077467.8
2025-11-05 01:15:00,1.338,1.338,1.305,1.309,3280024.6
2025-11-05 01:30:00,1.309,1.321,1.295,1.306,4275759.1
2025-11-05 01:45:00,1.306,1.348,1.306,1.343,3075089.3
2025-11-05 02:00:00,1.342,1.372,1.342,1.367,2838966.7
2025-11-05 02:15:00,1.367,1.376,1.358,1.366,1704864.3
2025-11-05 02:30:00,1.366,1.383,1.361,1.383,2016772.3
2025-11-05 02:45:00,1.383,1.392,1.373,1.392,2408816.4
2025-11-05 03:00:00,1.392,1.402,1.386,1.39,1767058.5
2025-11-05 03:15:00,1.389,1.394,1.382,1.394,1010351.5
2025-11-05 03:30:00,1.393,1.403,1.39,1.402,2501333.5
2025-11-05 03:45:00,1.401,1.406,1.396,1.4,1049367.9
2025-11-05 04:00:00,1.4,1.404,1.391,1.394,970320.9
2025-11-05 04:15:00,1.393,1.396,1.385,1.386,890335.0
2025-11-05 04:30:00,1.387,1.401,1.385,1.4,931088.0
2025-11-05 04:45:00,1.4,1.401,1.387,1.39,584334.8
2025-11-05 05:00:00,1.391,1.403,1.389,1.401,813647.9
2025-11-05 05:15:00,1.401,1.402,1.392,1.396,586052.6
2025-11-05 05:30:00,1.395,1.403,1.393,1.395,711292.8
2025-11-05 05:45:00,1.395,1.395,1.387,1.391,650983.0
2025-11-05 06:00:00,1.391,1.392,1.383,1.384,863241.0
2025-11-05 06:15:00,1.384,1.391,1.376,1.378,1007174.8
2025-11-05 06:30:00,1.377,1.386,1.376,1.381,1389279.4
2025-11-05 06:45:00,1.381,1.387,1.378,1.387,676765.8
2025-11-05 07:00:00,1.386,1.388,1.371,1.377,1644497.1
2025-11-05 07:15:00,1.378,1.378,1.367,1.371,850358.2
2025-11-05 07:30:00,1.371,1.382,1.37,1.38,732333.3
2025-11-05 07:45:00,1.38,1.382,1.372,1.374,928137.5
2025-11-05 08:00:00,1.373,1.373,1.348,1.362,3109847.4
2025-11-05 08:15:00,1.362,1.365,1.35,1.355,2201323.0
2025-11-05 08:30:00,1.355,1.369,1.354,1.357,1337029.3
2025-11-05 08:45:00,1.357,1.36,1.344,1.357,1681632.7
2025-11-05 09:00:00,1.357,1.369,1.354,1.362,1349415.3
2025-11-05 09:15:00,1.361,1.37,1.358,1.369,1001700.8
2025-11-05 09:30:00,1.37,1.37,1.36,1.364,810700.0
2025-11-05 09:45:00,1.364,1.366,1.36,1.363,586842.6
2025-11-05 10:00:00,1.363,1.367,1.354,1.357,1405335.3
2025-11-05 10:15:00,1.356,1.36,1.351,1.356,1057331.7
2025-11-05 10:30:00,1.356,1.361,1.351,1.354,944624.3
2025-11-05 10:45:00,1.354,1.356,1.341,1.345,1610423.1
2025-11-05 11:00:00,1.344,1.359,1.343,1.354,1298184.0
2025-11-05 11:15:00,1.355,1.367,1.354,1.361,964994.6
2025-11-05 11:30:00,1.361,1.372,1.361,1.37,965854.3
2025-11-05 11:45:00,1.371,1.375,1.367,1.371,1207544.1
2025-11-05 12:00:00,1.372,1.375,1.363,1.367,1143800.4
2025-11-05 12:15:00,1.367,1.382,1.363,1.375,1878907.5
2025-11-05 12:30:00,1.376,1.376,1.368,1.374,814795.4
2025-11-05 12:45:00,1.374,1.374,1.362,1.365,824739.1
2025-11-05 13:00:00,1.365,1.37,1.358,1.359,893793.8
2025-11-05 13:15:00,1.36,1.361,1.354,1.357,973733.5
2025-11-05 13:30:00,1.356,1.371,1.355,1.365,1248674.7
2025-11-05 13:45:00,1.365,1.38,1.363,1.369,1552895.6
2025-11-05 14:00:00,1.369,1.373,1.361,1.361,1097576.9
2025-11-05 14:15:00,1.361,1.362,1.349,1.35,1613952.5
2025-11-05 14:30:00,1.35,1.358,1.336,1.35,3465402.8
2025-11-05 14:45:00,1.351,1.367,1.347,1.351,1714126.6
2025-11-05 15:00:00,1.352,1.362,1.345,1.354,1613147.0
2025-11-05 15:15:00,1.355,1.363,1.352,1.358,887920.4
2025-11-05 15:30:00,1.358,1.371,1.357,1.365,1732569.8
2025-11-05 15:45:00,1.365,1.376,1.364,1.375,1172344.8
2025-11-05 16:00:00,1.375,1.378,1.356,1.357,1954206.1
2025-11-05 16:15:00,1.358,1.376,1.354,1.372,2602571.5
2025-11-05 16:30:00,1.372,1.395,1.372,1.388,4268576.3
2025-11-05 16:45:00,1.388,1.4,1.388,1.399,1807178.8
2025-11-05 17:00:00,1.4,1.402,1.391,1.393,1226637.0
2025-11-05 17:15:00,1.392,1.408,1.391,1.403,1352964.9
2025-11-05 17:30:00,1.403,1.415,1.402,1.406,1245303.4
2025-11-05 17:45:00,1.407,1.407,1.374,1.393,4684901.1
2025-11-05 18:00:00,1.393,1.41,1.391,1.401,3222001.3
2025-11-05 18:15:00,1.4,1.408,1.396,1.405,1260347.8
2025-11-05 18:30:00,1.405,1.411,1.401,1.405,830650.6
2025-11-05 18:45:00,1.406,1.412,1.403,1.407,706527.1
2025-11-05 19:00:00,1.407,1.409,1.394,1.4,869858.7
2025-11-05 19:15:00,1.401,1.406,1.397,1.4,711736.4
2025-11-05 19:30:00,1.401,1.41,1.4,1.407,565432.3
2025-11-05 19:45:00,1.407,1.408,1.399,1.402,705605.4
2025-11-05 20:00:00,1.402,1.416,1.402,1.414,839282.6
2025-11-05 20:15:00,1.414,1.415,1.402,1.403,738436.2
2025-11-05 20:30:00,1.404,1.409,1.401,1.403,680114.4
2025-11-05 20:45:00,1.404,1.405,1.397,1.403,621702.7
2025-11-05 21:00:00,1.403,1.403,1.394,1.4,611084.7
2025-11-05 21:15:00,1.4,1.406,1.397,1.399,668027.2
2025-11-05 21:30:00,1.4,1.402,1.388,1.393,876127.1
2025-11-05 21:45:00,1.393,1.402,1.392,1.394,480541.2
2025-11-05 22:00:00,1.395,1.403,1.393,1.401,1012303.8
2025-11-05 22:15:00,1.401,1.406,1.398,1.401,260186.6
2025-11-05 22:30:00,1.402,1.409,1.399,1.406,369221.1
2025-11-05 22:45:00,1.406,1.412,1.402,1.411,518045.0
2025-11-05 23:00:00,1.411,1.412,1.403,1.404,773523.0
2025-11-05 23:15:00,1.405,1.41,1.403,1.407,416830.6
2025-11-05 23:30:00,1.407,1.407,1.397,1.401,741592.4
2025-11-05 23:45:00,1.402,1.402,1.395,1.397,571978.1
2025-11-06 00:00:00,1.397,1.397,1.384,1.391,1350737.5
2025-11-06 00:15:00,1.391,1.394,1.368,1.381,4404699.2
2025-11-06 00:30:00,1.38,1.383,1.373,1.377,999923.2
2025-11-06 00:45:00,1.377,1.38,1.373,1.376,571935.0
2025-11-06 01:00:00,1.376,1.376,1.361,1.363,1208651.9
2025-11-06 01:15:00,1.364,1.368,1.346,1.349,1678532.2
2025-11-06 01:30:00,1.349,1.362,1.349,1.357,1076212.5
2025-11-06 01:45:00,1.357,1.37,1.356,1.368,1074346.5
2025-11-06 02:00:00,1.367,1.368,1.352,1.354,1162688.2
2025-11-06 02:15:00,1.354,1.364,1.349,1.351,768499.5
2025-11-06 02:30:00,1.351,1.375,1.35,1.372,1148184.7
2025-11-06 02:45:00,1.373,1.381,1.372,1.373,864293.8
2025-11-06 03:00:00,1.373,1.38,1.372,1.373,812144.7
2025-11-06 03:15:00,1.373,1.382,1.373,1.374,608524.6
2025-11-06 03:30:00,1.375,1.381,1.374,1.378,510628.2
2025-11-06 03:45:00,1.379,1.382,1.376,1.38,550031.4
2025-11-06 04:00:00,1.381,1.385,1.376,1.38,1287476.7
2025-11-06 04:15:00,1.38,1.384,1.373,1.373,657949.6
2025-11-06 04:30:00,1.374,1.378,1.37,1.377,489622.1
2025-11-06 04:45:00,1.377,1.386,1.375,1.376,871175.7
2025-11-06 05:00:00,1.376,1.379,1.362,1.365,1192911.1
2025-11-06 05:15:00,1.365,1.365,1.354,1.357,1523600.4
2025-11-06 05:30:00,1.357,1.359,1.344,1.349,1587472.3
2025-11-06 05:45:00,1.349,1.35,1.337,1.34,1178990.9
2025-11-06 06:00:00,1.34,1.348,1.338,1.341,1248910.8
2025-11-06 06:15:00,1.341,1.347,1.336,1.346,1123419.0
2025-11-06 06:30:00,1.345,1.349,1.337,1.343,814320.2
2025-11-06 06:45:00,1.343,1.343,1.321,1.325,3058732.6
2025-11-06 07:00:00,1.325,1.343,1.324,1.339,1694695.6
2025-11-06 07:15:00,1.34,1.348,1.324,1.343,1349089.3
2025-11-06 07:30:00,1.344,1.344,1.331,1.336,869211.4
2025-11-06 07:45:00,1.335,1.341,1.333,1.334,744505.5
2025-11-06 08:00:00,1.334,1.338,1.329,1.333,742260.8
2025-11-06 08:15:00,1.333,1.338,1.331,1.335,934348.1
2025-11-06 08:30:00,1.336,1.337,1.327,1.327,652931.1
2025-11-06 08:45:00,1.328,1.335,1.322,1.333,1046872.7
2025-11-06 09:00:00,1.334,1.34,1.327,1.339,940334.2
2025-11-06 09:15:00,1.339,1.341,1.333,1.333,680748.3
2025-11-06 09:30:00,1.334,1.344,1.333,1.341,741670.3
2025-11-06 09:45:00,1.342,1.343,1.336,1.338,589330.8
2025-11-06 10:00:00,1.338,1.341,1.328,1.336,1266799.9
2025-11-06 10:15:00,1.337,1.347,1.334,1.343,888594.2
2025-11-06 10:30:00,1.344,1.352,1.342,1.346,1243697.0
2025-11-06 10:45:00,1.347,1.357,1.341,1.353,1210479.3
2025-11-06 11:00:00,1.354,1.354,1.341,1.344,1120816.6
2025-11-06 11:15:00,1.344,1.353,1.342,1.351,616836.9
2025-11-06 11:30:00,1.351,1.356,1.347,1.35,1147201.8
2025-11-06 11:45:00,1.351,1.356,1.345,1.347,737891.1
2025-11-06 12:00:00,1.347,1.355,1.344,1.348,1057900.9
2025-11-06 12:15:00,1.349,1.351,1.339,1.341,1535128.6
2025-11-06 12:30:00,1.341,1.347,1.337,1.339,1765727.8
2025-11-06 12:45:00,1.339,1.343,1.334,1.335,1552878.6
2025-11-06 13:00:00,1.335,1.348,1.334,1.345,873407.1
2025-11-06 13:15:00,1.346,1.369,1.344,1.368,2689909.2
2025-11-06 13:30:00,1.368,1.384,1.362,1.382,4196026.9
2025-11-06 13:45:00,1.383,1.409,1.382,1.395,4671424.2
2025-11-06 14:00:00,1.395,1.407,1.375,1.383,3420441.7
2025-11-06 14:15:00,1.383,1.403,1.378,1.401,2932042.8
2025-11-06 14:30:00,1.402,1.408,1.375,1.393,3978080.1
2025-11-06 14:45:00,1.393,1.419,1.381,1.387,4859096.0
2025-11-06 15:00:00,1.387,1.407,1.385,1.39,3371577.5
2025-11-06 15:15:00,1.39,1.408,1.384,1.394,2693818.4
2025-11-06 15:30:00,1.395,1.396,1.366,1.369,3858783.5
2025-11-06 15:45:00,1.368,1.382,1.356,1.378,5074454.2
2025-11-06 16:00:00,1.378,1.39,1.369,1.37,2816738.9
2025-11-06 16:15:00,1.371,1.386,1.36,1.385,3071826.9
2025-11-06 16:30:00,1.385,1.394,1.37,1.387,4509747.7
2025-11-06 16:45:00,1.386,1.43,1.382,1.427,5842570.0
2025-11-06 17:00:00,1.428,1.483,1.428,1.468,11198032.7
2025-11-06 17:15:00,1.468,1.485,1.451,1.477,7136975.1
2025-11-06 17:30:00,1.477,1.508,1.473,1.497,7410110.7
2025-11-06 17:45:00,1.496,1.54,1.494,1.538,4950740.6
2025-11-06 18:00:00,1.538,1.559,1.524,1.549,6992530.1
2025-11-06 18:15:00,1.548,1.578,1.526,1.576,5699440.0
2025-11-06 18:30:00,1.576,1.671,1.565,1.625,13375078.5
2025-11-06 18:45:00,1.626,1.666,1.605,1.64,10762147.1
2025-11-06 19:00:00,1.64,1.697,1.639,1.697,10380858.7
2025-11-06 19:15:00,1.696,1.74,1.666,1.722,13748716.9
2025-11-06 19:30:00,1.722,1.814,1.714,1.766,23604690.3
2025-11-06 19:45:00,1.766,1.797,1.693,1.747,18675348.5
2025-11-06 20:00:00,1.748,1.84,1.744,1.785,14912446.7
2025-11-06 20:15:00,1.786,1.817,1.748,1.757,8889878.0
2025-11-06 20:30:00,1.756,1.81,1.721,1.806,10183850.7
2025-11-06 20:45:00,1.806,1.905,1.767,1.771,17646332.4
2025-11-06 21:00:00,1.77,1.796,1.74,1.785,10038110.4
2025-11-06 21:15:00,1.785,1.815,1.764,1.805,4696222.8
2025-11-06 21:30:00,1.805,1.831,1.784,1.792,6593435.0
2025-11-06 21:45:00,1.791,1.821,1.778,1.798,5021082.3
2025-11-06 22:00:00,1.798,1.815,1.761,1.785,5889748.3
2025-11-06 22:15:00,1.785,1.883,1.784,1.877,6582230.5
2025-11-06 22:30:00,1.876,1.924,1.844,1.9,9591805.3
2025-11-06 22:45:00,1.9,1.938,1.864,1.908,6369310.0
2025-11-06 23:00:00,1.908,1.912,1.85,1.858,7693642.5
2025-11-06 23:15:00,1.858,1.881,1.822,1.837,6795105.4
2025-11-06 23:30:00,1.837,1.882,1.821,1.878,5132488.2
2025-11-06 23:45:00,1.878,1.934,1.873,1.891,7916438.6
2025-11-07 00:00:00,1.892,2.038,1.862,2.006,24106026.8
2025-11-07 00:15:00,2.007,2.088,1.976,2.078,16739116.4
2025-11-07 00:30:00,2.079,2.179,1.99,2.097,27778539.3
2025-11-07 00:45:00,2.097,2.155,2.037,2.055,14741934.9
2025-11-07 01:00:00,2.055,2.099,2.002,2.063,17714234.7
2025-11-07 01:15:00,2.063,2.207,2.048,2.181,17509705.1
2025-11-07 01:30:00,2.18,2.254,2.113,2.122,18767658.5
2025-11-07 01:45:00,2.121,2.129,2.048,2.104,13103755.7
2025-11-07 02:00:00,2.103,2.108,2.011,2.07,11583824.9
2025-11-07 02:15:00,2.071,2.113,2.051,2.064,9004548.8
2025-11-07 02:30:00,2.065,2.09,2.047,2.065,6628009.0
2025-11-07 02:45:00,2.065,2.087,2.051,2.083,3651024.8
2025-11-07 03:00:00,2.083,2.118,2.061,2.062,7943830.4
2025-11-07 03:15:00,2.062,2.106,2.055,2.061,4198470.0
2025-11-07 03:30:00,2.061,2.123,2.056,2.095,7648783.5
2025-11-07 03:45:00,2.095,2.141,2.06,2.125,5531728.3
2025-11-07 04:00:00,2.126,2.219,2.083,2.097,13884621.6
2025-11-07 04:15:00,2.096,2.125,2.077,2.108,7134525.4
2025-11-07 04:30:00,2.108,2.11,2.035,2.05,7172752.8
2025-11-07 04:45:00,2.049,2.06,1.988,2.047,10096103.4
2025-11-07 05:00:00,2.047,2.076,2.043,2.066,4184072.7
2025-11-07 05:15:00,2.066,2.151,2.065,2.136,7370212.9
2025-11-07 05:30:00,2.137,2.184,2.122,2.132,8399505.5
2025-11-07 05:45:00,2.133,2.156,2.106,2.131,4550867.6
2025-11-07 06:00:00,2.131,2.182,2.115,2.158,8648326.0
2025-11-07 06:15:00,2.157,2.288,2.156,2.272,11962402.5
2025-11-07 06:30:00,2.273,2.276,2.145,2.175,11759288.7
2025-11-07 06:45:00,2.176,2.183,2.14,2.163,6825859.9
2025-11-07 07:00:00,2.163,2.166,2.11,2.128,8006131.3
2025-11-07 07:15:00,2.128,2.144,2.1,2.121,4905020.6
2025-11-07 07:30:00,2.121,2.161,2.113,2.149,6379746.5
2025-11-07 07:45:00,2.149,2.236,2.147,2.198,8487173.9
2025-11-07 08:00:00,2.198,2.2,2.123,2.143,6723943.5
2025-11-07 08:15:00,2.143,2.168,2.113,2.12,4326206.8
2025-11-07 08:30:00,2.12,2.13,2.087,2.098,6915043.4
2025-11-07 08:45:00,2.098,2.121,2.086,2.103,3664954.8
2025-11-07 09:00:00,2.103,2.175,2.103,2.172,7025522.4
2025-11-07 09:15:00,2.172,2.218,2.149,2.172,8825985.4
2025-11-07 09:30:00,2.171,2.206,2.15,2.204,6753286.3
2025-11-07 09:45:00,2.203,2.329,2.198,2.314,19006695.2
2025-11-07 10:00:00,2.313,2.372,2.251,2.291,19914853.7
2025-11-07 10:15:00,2.292,2.299,2.209,2.235,10190154.0
2025-11-07 10:30:00,2.236,2.303,2.203,2.211,9144692.5
2025-11-07 10:45:00,2.21,2.248,2.187,2.236,5818167.6
2025-11-07 11:00:00,2.235,2.24,2.127,2.138,10736592.8
2025-11-07 11:15:00,2.139,2.169,2.071,2.124,11874392.9
2025-11-07 11:30:00,2.124,2.125,2.057,2.08,10014235.4
2025-11-07 11:45:00,2.08,2.12,2.046,2.088,9316752.3
2025-11-07 12:00:00,2.089,2.128,2.05,2.064,8824189.4
2025-11-07 12:15:00,2.064,2.159,2.054,2.147,8099379.1
2025-11-07 12:30:00,2.146,2.149,2.063,2.073,8564883.4
2025-11-07 12:45:00,2.072,2.1,2.057,2.076,6347296.9
2025-11-07 13:00:00,2.076,2.106,2.022,2.102,12662315.6
2025-11-07 13:15:00,2.102,2.151,2.096,2.113,8084159.1
2025-11-07 13:30:00,2.113,2.162,2.109,2.13,6135017.9
2025-11-07 13:45:00,2.131,2.199,2.128,2.168,8742621.7
2025-11-07 14:00:00,2.168,2.23,2.162,2.217,13126114.2
2025-11-07 14:15:00,2.217,2.226,2.159,2.183,7927291.3
2025-11-07 14:30:00,2.184,2.267,2.149,2.263,14630732.7
2025-11-07 14:45:00,2.262,2.319,2.236,2.278,12434882.4
2025-11-07 15:00:00,2.279,2.39,2.265,2.374,14018588.4
2025-11-07 15:15:00,2.375,2.508,2.348,2.415,26954248.5
2025-11-07 15:30:00,2.416,2.42,2.307,2.338,13660280.7
2025-11-07 15:45:00,2.337,2.505,2.317,2.496,14578799.3
2025-11-07 16:00:00,2.496,2.682,2.449,2.629,34258719.6
2025-11-07 16:15:00,2.629,2.95,2.608,2.775,39315972.1
2025-11-07 16:30:00,2.775,3.032,2.718,2.942,32782451.8
2025-11-07 16:45:00,2.941,3.153,2.898,2.968,34920135.0
2025-11-07 17:00:00,2.968,3.029,2.802,2.895,20635425.9
2025-11-07 17:15:00,2.894,3.025,2.85,2.941,12843199.8
2025-11-07 17:30:00,2.942,2.997,2.867,2.981,11911194.6
2025-11-07 17:45:00,2.98,3.47,2.933,3.42,34443809.6
2025-11-07 18:00:00,3.419,3.855,3.311,3.826,43733863.2
2025-11-07 18:15:00,3.826,3.974,3.607,3.702,38101445.6
2025-11-07 18:30:00,3.703,3.804,3.557,3.638,19693633.5
2025-11-07 18:45:00,3.639,3.744,3.233,3.344,31212881.4
2025-11-07 19:00:00,3.343,3.524,3.287,3.473,16879774.8
2025-11-07 19:15:00,3.472,3.5,3.291,3.296,13724413.4
2025-11-07 19:30:00,3.296,3.347,3.171,3.321,13659280.5
2025-11-07 19:45:00,3.321,3.324,3.224,3.295,7963659.0
2025-11-07 20:00:00,3.294,3.319,3.236,3.262,8501192.2
2025-11-07 20:15:00,3.261,3.422,3.254,3.421,10913973.7
2025-11-07 20:30:00,3.421,3.422,3.324,3.381,6577646.1
2025-11-07 20:45:00,3.381,3.465,3.366,3.408,7031531.0
2025-11-07 21:00:00,3.408,3.608,3.387,3.605,10141884.8
2025-11-07 21:15:00,3.605,3.693,3.464,3.467,12242372.9
2025-11-07 21:30:00,3.466,3.567,3.435,3.552,6638969.3
2025-11-07 21:45:00,3.553,3.594,3.489,3.504,7143649.4
2025-11-07 22:00:00,3.505,3.549,3.442,3.495,6050965.2
2025-11-07 22:15:00,3.494,3.528,3.353,3.406,7182574.6
2025-11-07 22:30:00,3.407,3.422,3.34,3.378,3573118.7
2025-11-07 22:45:00,3.378,3.451,3.345,3.39,5506814.1
2025-11-07 23:00:00,3.39,3.394,3.249,3.291,9727981.0
2025-11-07 23:15:00,3.292,3.31,3.264,3.289,3773560.9
2025-11-07 23:30:00,3.29,3.378,3.283,3.337,4794886.0
2025-11-07 23:45:00,3.338,3.38,3.279,3.374,5671258.4
2025-11-08 00:00:00,3.374,3.493,3.362,3.437,11754399.4
2025-11-08 00:15:00,3.438,3.462,3.032,3.055,19784650.9
2025-11-08 00:30:00,3.055,3.157,3.052,3.086,9742618.8
2025-11-08 00:45:00,3.086,3.089,2.906,2.944,14198993.3
2025-11-08 01:00:00,2.944,2.996,2.923,2.957,7749559.0
2025-11-08 01:15:00,2.958,3.148,2.957,3.134,8991287.2
2025-11-08 01:30:00,3.133,3.195,3.061,3.173,12556368.9
2025-11-08 01:45:00,3.173,3.254,3.124,3.227,10403803.7
2025-11-08 02:00:00,3.227,3.251,3.149,3.155,6569774.4
2025-11-08 02:15:00,3.154,3.236,3.135,3.212,4810264.5
2025-11-08 02:30:00,3.211,3.399,3.191,3.382,9330438.7
2025-11-08 02:45:00,3.383,3.386,3.268,3.293,5988729.1
2025-11-08 03:00:00,3.293,3.365,3.253,3.283,5819671.9
2025-11-08 03:15:00,3.284,3.371,3.264,3.277,3982366.2
2025-11-08 03:30:00,3.277,3.29,3.15,3.173,6478418.9
2025-11-08 03:45:00,3.173,3.219,3.112,3.135,6264466.8
2025-11-08 04:00:00,3.135,3.342,3.135,3.307,8371442.3
2025-11-08 04:15:00,3.307,3.386,3.264,3.297,6869812.0
2025-11-08 04:30:00,3.297,3.429,3.276,3.418,8099821.7
2025-11-08 04:45:00,3.417,3.46,3.25,3.318,9533643.9
2025-11-08 05:00:00,3.317,3.351,3.281,3.3,4534469.1
2025-11-08 05:15:00,3.301,3.335,3.242,3.306,3945570.5
2025-11-08 05:30:00,3.307,3.351,3.203,3.229,6893822.0
2025-11-08 05:45:00,3.229,3.26,3.108,3.164,11302229.9
2025-11-08 06:00:00,3.163,3.196,3.042,3.164,12478434.6
2025-11-08 06:15:00,3.164,3.164,3.067,3.113,5935608.9
2025-11-08 06:30:00,3.114,3.196,3.046,3.17,6487136.7
2025-11-08 06:45:00,3.17,3.228,3.13,3.14,5899660.3
2025-11-08 07:00:00,3.14,3.194,3.096,3.171,5871988.2
2025-11-08 07:15:00,3.17,3.22,3.137,3.193,5522396.4
2025-11-08 07:30:00,3.193,3.32,3.157,3.26,7469590.0
2025-11-08 07:45:00,3.261,3.322,3.25,3.264,5900419.2
2025-11-08 08:00:00,3.265,3.339,3.234,3.324,6014299.7
2025-11-08 08:15:00,3.324,3.366,3.214,3.298,10418125.2
2025-11-08 08:30:00,3.298,3.59,3.296,3.551,18152802.7
2025-11-08 08:45:00,3.55,3.617,3.301,3.346,18650670.1
2025-11-08 09:00:00,3.347,3.39,3.243,3.318,12309529.7
2025-11-08 09:15:00,3.318,3.388,3.296,3.368,5925837.4
2025-11-08 09:30:00,3.367,3.369,3.258,3.279,4450189.6
2025-11-08 09:45:00,3.279,3.318,3.19,3.294,7118068.6
2025-11-08 10:00:00,3.294,3.38,3.292,3.375,5389964.2
2025-11-08 10:15:00,3.374,3.39,3.295,3.352,4612299.6
2025-11-08 10:30:00,3.351,3.384,3.293,3.298,3791620.3
2025-11-08 10:45:00,3.299,3.375,3.273,3.301,4109430.3
2025-11-08 11:00:00,3.301,3.305,3.248,3.261,4198182.8
2025-11-08 11:15:00,3.262,3.338,3.221,3.3,7176827.4
2025-11-08 11:30:00,3.299,3.312,3.11,3.207,10962861.6
2025-11-08 11:45:00,3.207,3.295,3.188,3.278,5648878.3
2025-11-08 12:00:00,3.277,3.355,3.242,3.304,6987956.0
2025-11-08 12:15:00,3.304,3.413,3.304,3.362,7854026.8
2025-11-08 12:30:00,3.363,3.373,3.295,3.343,5628860.0
2025-11-08 12:45:00,3.342,3.376,3.305,3.367,4053246.3
2025-11-08 13:00:00,3.367,3.446,3.31,3.42,6058446.1
2025-11-08 13:15:00,3.42,3.521,3.331,3.359,12616426.5
2025-11-08 13:30:00,3.358,3.374,3.211,3.283,13828270.8
2025-11-08 13:45:00,3.283,3.289,3.163,3.201,8166389.5
2025-11-08 14:00:00,3.202,3.24,3.033,3.058,15076262.6
2025-11-08 14:15:00,3.058,3.131,2.985,3.082,14538483.3
2025-11-08 14:30:00,3.082,3.151,3.052,3.064,8216803.7
2025-11-08 14:45:00,3.063,3.132,3.019,3.107,7244178.8
2025-11-08 15:00:00,3.108,3.114,3.036,3.097,5841300.1
2025-11-08 15:15:00,3.097,3.101,2.95,3.008,13172888.2
2025-11-08 15:30:00,3.009,3.023,2.943,2.975,6834723.8
2025-11-08 15:45:00,2.974,3.002,2.851,2.883,13326078.3
2025-11-08 16:00:00,2.883,2.94,2.737,2.851,24358761.0
2025-11-08 16:15:00,2.85,2.859,2.745,2.793,11552941.9
2025-11-08 16:30:00,2.793,2.852,2.756,2.815,10360373.5
2025-11-08 16:45:00,2.815,2.849,2.778,2.845,5456342.9
2025-11-08 17:00:00,2.845,2.847,2.78,2.802,5350834.0
2025-11-08 17:15:00,2.801,2.876,2.796,2.849,5750520.4
2025-11-08 17:30:00,2.848,2.862,2.808,2.843,3921161.5
2025-11-08 17:45:00,2.844,2.872,2.77,2.797,4557836.1
2025-11-08 18:00:00,2.796,2.912,2.766,2.901,6352446.4
2025-11-08 18:15:00,2.901,2.91,2.807,2.829,4520993.2
2025-11-08 18:30:00,2.83,2.872,2.83,2.858,2857082.5
2025-11-08 18:45:00,2.858,2.909,2.84,2.874,4603944.2
2025-11-08 19:00:00,2.875,2.906,2.845,2.894,3179238.4
2025-11-08 19:15:00,2.894,2.897,2.789,2.811,4988265.5
2025-11-08 19:30:00,2.811,2.85,2.811,2.839,1675063.1
2025-11-08 19:45:00,2.839,2.844,2.801,2.84,1717901.0
2025-11-08 20:00:00,2.84,2.874,2.811,2.818,2481110.9
2025-11-08 20:15:00,2.818,2.846,2.803,2.844,1490162.4
2025-11-08 20:30:00,2.845,2.87,2.835,2.864,1823216.8
2025-11-08 20:45:00,2.864,2.866,2.825,2.834,2505673.4
2025-11-08 21:00:00,2.834,2.879,2.764,2.771,5349266.2
2025-11-08 21:15:00,2.77,2.819,2.755,2.816,3784375.4
2025-11-08 21:30:00,2.816,2.875,2.783,2.865,3841193.0
2025-11-08 21:45:00,2.865,2.947,2.856,2.918,7491270.7
2025-11-08 22:00:00,2.917,2.988,2.902,2.959,4519240.4
2025-11-08 22:15:00,2.958,3.047,2.938,3.026,6188666.8
2025-11-08 22:30:00,3.026,3.138,3.023,3.051,7556900.0
2025-11-08 22:45:00,3.051,3.201,3.043,3.053,7128348.4
2025-11-08 23:00:00,3.053,3.062,3.002,3.016,7359800.0
2025-11-08 23:15:00,3.017,3.05,2.972,2.975,4662326.1
2025-11-08 23:30:00,2.976,2.979,2.936,2.966,4263866.8
2025-11-08 23:45:00,2.966,2.978,2.946,2.956,1806512.3
2025-11-09 00:00:00,2.956,2.998,2.867,2.896,8666130.8
2025-11-09 00:15:00,2.897,2.92,2.86,2.905,5534627.1
2025-11-09 00:30:00,2.906,2.933,2.889,2.901,2542262.8
2025-11-09 00:45:00,2.901,2.927,2.873,2.916,2203023.0
2025-11-09 01:00:00,2.915,2.957,2.888,2.92,4570838.4
2025-11-09 01:15:00,2.921,2.931,2.894,2.902,1220365.8
2025-11-09 01:30:00,2.903,2.903,2.821,2.851,5570597.5
2025-11-09 01:45:00,2.85,2.9,2.849,2.891,2232310.0
2025-11-09 02:00:00,2.891,2.892,2.83,2.873,2750203.5
2025-11-09 02:15:00,2.873,2.88,2.808,2.824,2553475.5
2025-11-09 02:30:00,2.824,2.824,2.725,2.759,6853380.5
2025-11-09 02:45:00,2.758,2.794,2.622,2.657,14641160.4
2025-11-09 03:00:00,2.657,2.689,2.631,2.646,6378800.6
2025-11-09 03:15:00,2.647,2.654,2.521,2.572,15738258.2
2025-11-09 03:30:00,2.571,2.601,2.537,2.54,5580091.2
2025-11-09 03:45:00,2.54,2.573,2.522,2.558,3687482.8
2025-11-09 04:00:00,2.557,2.586,2.53,2.568,4182944.1
2025-11-09 04:15:00,2.568,2.599,2.558,2.583,4095779.2
2025-11-09 04:30:00,2.583,2.609,2.525,2.556,4395614.7
2025-11-09 04:45:00,2.556,2.572,2.544,2.545,1980626.2
2025-11-09 05:00:00,2.545,2.565,2.5,2.525,5586705.5
2025-11-09 05:15:00,2.524,2.545,2.493,2.52,6245130.8
2025-11-09 05:30:00,2.521,2.546,2.516,2.538,3001757.2
2025-11-09 05:45:00,2.538,2.557,2.534,2.547,1601759.4
2025-11-09 06:00:00,2.547,2.555,2.519,2.554,1938661.6
2025-11-09 06:15:00,2.554,2.597,2.547,2.582,4603018.9
2025-11-09 06:30:00,2.582,2.582,2.551,2.556,2422927.5
2025-11-09 06:45:00,2.556,2.557,2.513,2.534,3920006.6
2025-11-09 07:00:00,2.535,2.596,2.534,2.595,3190972.3
2025-11-09 07:15:00,2.595,2.595,2.563,2.59,2347524.3
2025-11-09 07:30:00,2.59,2.645,2.586,2.614,4647662.3
2025-11-09 07:45:00,2.613,2.632,2.596,2.628,2454108.4
2025-11-09 08:00:00,2.628,2.691,2.617,2.678,5903857.3
2025-11-09 08:15:00,2.679,2.68,2.593,2.604,5035189.1
2025-11-09 08:30:00,2.604,2.621,2.575,2.598,4069991.3
2025-11-09 08:45:00,2.597,2.608,2.586,2.601,1973458.5
2025-11-09 09:00:00,2.601,2.672,2.601,2.66,3569003.3
2025-11-09 09:15:00,2.66,2.67,2.61,2.626,4576875.9
2025-11-09 09:30:00,2.627,2.629,2.572,2.579,3367954.8
2025-11-09 09:45:00,2.58,2.585,2.532,2.556,6107082.8
2025-11-09 10:00:00,2.556,2.565,2.532,2.549,3958304.4
2025-11-09 10:15:00,2.549,2.58,2.548,2.571,3196446.5
2025-11-09 10:30:00,2.571,2.578,2.533,2.55,2694028.2
2025-11-09 10:45:00,2.55,2.589,2.54,2.585,3665967.3
2025-11-09 11:00:00,2.585,2.661,2.583,2.651,7915374.4
2025-11-09 11:15:00,2.651,2.652,2.606,2.644,3522443.0
2025-11-09 11:30:00,2.643,2.669,2.627,2.659,2775389.2
2025-11-09 11:45:00,2.658,2.759,2.655,2.752,12062006.4
2025-11-09 12:00:00,2.751,2.8,2.701,2.719,8919122.1
2025-11-09 12:15:00,2.719,2.725,2.661,2.714,6876420.1
2025-11-09 12:30:00,2.714,2.715,2.659,2.708,3654176.5
2025-11-09 12:45:00,2.709,2.709,2.651,2.666,2581299.6
2025-11-09 13:00:00,2.666,2.695,2.656,2.673,2722691.4
2025-11-09 13:15:00,2.673,2.713,2.637,2.712,3515559.7
2025-11-09 13:30:00,2.712,2.779,2.702,2.745,6336002.2
2025-11-09 13:45:00,2.745,2.764,2.693,2.709,4463468.8
2025-11-09 14:00:00,2.708,2.723,2.669,2.707,4446806.1
2025-11-09 14:15:00,2.707,2.762,2.678,2.751,5089556.0
2025-11-09 14:30:00,2.751,2.867,2.718,2.797,11806366.7
2025-11-09 14:45:00,2.797,2.83,2.729,2.742,6127944.5
2025-11-09 15:00:00,2.742,2.838,2.737,2.801,5665821.8
2025-11-09 15:15:00,2.801,2.817,2.762,2.774,3240273.1
2025-11-09 15:30:00,2.773,2.783,2.739,2.75,2975698.0
2025-11-09 15:45:00,2.75,2.776,2.722,2.741,3655047.5
2025-11-09 16:00:00,2.741,2.762,2.727,2.735,2474238.0
2025-11-09 16:15:00,2.734,2.742,2.668,2.677,5866758.3
2025-11-09 16:30:00,2.677,2.706,2.669,2.703,1981535.0
2025-11-09 16:45:00,2.703,2.743,2.692,2.699,2634462.2
2025-11-09 17:00:00,2.699,2.729,2.679,2.702,1881464.2
2025-11-09 17:15:00,2.702,2.702,2.651,2.69,2291705.9
2025-11-09 17:30:00,2.69,2.714,2.681,2.713,1942978.5
2025-11-09 17:45:00,2.712,2.766,2.708,2.719,3262153.4
2025-11-09 18:00:00,2.718,2.727,2.662,2.671,2387740.7
2025-11-09 18:15:00,2.671,2.723,2.657,2.712,2183079.1
2025-11-09 18:30:00,2.712,2.748,2.706,2.725,1594330.9
2025-11-09 18:45:00,2.726,2.817,2.72,2.799,4126530.7
2025-11-09 19:00:00,2.801,2.829,2.769,2.818,4477508.1
2025-11-09 19:15:00,2.817,2.847,2.76,2.774,4908144.8
2025-11-09 19:30:00,2.773,2.801,2.758,2.778,1983026.7
2025-11-09 19:45:00,2.777,2.916,2.773,2.903,7210119.7
2025-11-09 20:00:00,2.902,2.929,2.84,2.884,5795192.8
2025-11-09 20:15:00,2.884,2.959,2.88,2.892,4812555.7
2025-11-09 20:30:00,2.892,2.92,2.841,2.845,5782931.8
2025-11-09 20:45:00,2.845,2.873,2.827,2.856,2067620.2
2025-11-09 21:00:00,2.857,2.9,2.828,2.846,3954697.8
2025-11-09 21:15:00,2.847,2.881,2.817,2.843,3618157.3
2025-11-09 21:30:00,2.843,2.843,2.812,2.838,1444857.3
2025-11-09 21:45:00,2.838,2.863,2.817,2.821,1360250.5
2025-11-09 22:00:00,2.82,2.82,2.78,2.796,2246927.0
2025-11-09 22:15:00,2.796,2.807,2.756,2.762,2436650.7
2025-11-09 22:30:00,2.762,2.784,2.743,2.779,1780818.8
2025-11-09 22:45:00,2.78,2.827,2.771,2.82,1803278.8
2025-11-09 23:00:00,2.821,2.851,2.806,2.807,3085733.5
2025-11-09 23:15:00,2.806,2.806,2.724,2.736,3798286.2
2025-11-09 23:30:00,2.736,2.756,2.731,2.749,1917723.0
2025-11-09 23:45:00,2.75,2.788,2.748,2.781,1938042.3
2025-11-10 00:00:00,2.78,2.783,2.684,2.713,5078779.9
2025-11-10 00:15:00,2.713,2.746,2.694,2.731,3956250.1
2025-11-10 00:30:00,2.731,2.775,2.724,2.745,2816872.2
2025-11-10 00:45:00,2.745,2.793,2.741,2.746,2765304.2
2025-11-10 01:00:00,2.746,2.753,2.663,2.665,4648178.8
2025-11-10 01:15:00,2.665,2.684,2.637,2.664,4194336.7
2025-11-10 01:30:00,2.664,2.688,2.645,2.66,2273423.5
2025-11-10 01:45:00,2.66,2.675,2.626,2.639,2080172.8
2025-11-10 02:00:00,2.639,2.725,2.629,2.716,4009156.9
2025-11-10 02:15:00,2.716,2.731,2.68,2.684,1663703.5
2025-11-10 02:30:00,2.684,2.701,2.651,2.66,2124558.3
2025-11-10 02:45:00,2.659,2.708,2.657,2.702,1931646.1
2025-11-10 03:00:00,2.703,2.775,2.7,2.771,2807502.6
2025-11-10 03:15:00,2.771,2.88,2.771,2.879,5628506.1
2025-11-10 03:30:00,2.879,2.923,2.815,2.819,6882274.9
2025-11-10 03:45:00,2.819,2.848,2.791,2.8,2867276.8
2025-11-10 04:00:00,2.801,2.812,2.762,2.768,2974387.2
2025-11-10 04:15:00,2.768,2.768,2.717,2.725,3171032.5
2025-11-10 04:30:00,2.724,2.727,2.674,2.683,4506825.6
2025-11-10 04:45:00,2.684,2.743,2.679,2.727,3569309.5
2025-11-10 05:00:00,2.727,2.756,2.72,2.737,2412040.0
2025-11-10 05:15:00,2.737,2.749,2.692,2.697,2544383.4
2025-11-10 05:30:00,2.697,2.708,2.677,2.69,1945058.2
2025-11-10 05:45:00,2.691,2.725,2.683,2.72,1872346.6
2025-11-10 06:00:00,2.72,2.74,2.676,2.692,2147021.3
2025-11-10 06:15:00,2.693,2.702,2.651,2.666,2655697.4
2025-11-10 06:30:00,2.666,2.685,2.661,2.67,1503852.2
2025-11-10 06:45:00,2.67,2.702,2.666,2.693,1266618.0
2025-11-10 07:00:00,2.693,2.718,2.666,2.677,2865220.4
2025-11-10 07:15:00,2.678,2.678,2.62,2.647,4270507.7
2025-11-10 07:30:00,2.647,2.657,2.608,2.637,4723393.1
2025-11-10 07:45:00,2.638,2.646,2.618,2.622,1495624.8
2025-11-10 08:00:00,2.623,2.641,2.62,2.629,2387854.7
2025-11-10 08:15:00,2.629,2.656,2.625,2.641,1248493.9
2025-11-10 08:30:00,2.641,2.641,2.575,2.605,4995692.5
2025-11-10 08:45:00,2.606,2.62,2.591,2.604,2062999.4
2025-11-10 09:00:00,2.605,2.63,2.601,2.626,1589462.9
2025-11-10 09:15:00,2.626,2.637,2.614,2.634,1501514.9
2025-11-10 09:30:00,2.634,2.642,2.609,2.612,1828936.8
2025-11-10 09:45:00,2.613,2.643,2.602,2.64,1760537.1
2025-11-10 10:00:00,2.641,2.655,2.606,2.611,2477460.5
2025-11-10 10:15:00,2.612,2.66,2.608,2.616,2710279.6
2025-11-10 10:30:00,2.617,2.624,2.554,2.591,5134537.4
2025-11-10 10:45:00,2.59,2.604,2.584,2.589,1251132.4
2025-11-10 11:00:00,2.59,2.626,2.582,2.622,2418641.0
2025-11-10 11:15:00,2.622,2.624,2.6,2.606,1427918.8
2025-11-10 11:30:00,2.606,2.64,2.595,2.635,1579341.3
2025-11-10 11:45:00,2.635,2.644,2.617,2.619,1028144.3
2025-11-10 12:00:00,2.62,2.623,2.579,2.602,3177312.5
2025-11-10 12:15:00,2.602,2.629,2.6,2.624,1196307.0
2025-11-10 12:30:00,2.623,2.626,2.539,2.579,5653005.3
2025-11-10 12:45:00,2.578,2.587,2.562,2.582,1830712.0
2025-11-10 13:00:00,2.583,2.613,2.576,2.591,2815400.5
2025-11-10 13:15:00,2.591,2.617,2.567,2.605,2563682.0
2025-11-10 13:30:00,2.605,2.615,2.578,2.581,1663389.2
2025-11-10 13:45:00,2.581,2.592,2.547,2.559,3682295.9
2025-11-10 14:00:00,2.559,2.559,2.509,2.532,4583691.9
2025-11-10 14:15:00,2.532,2.549,2.51,2.535,2930459.7
2025-11-10 14:30:00,2.535,2.554,2.518,2.542,4011632.7
2025-11-10 14:45:00,2.542,2.546,2.462,2.524,9575045.5
2025-11-10 15:00:00,2.525,2.543,2.504,2.517,3823331.5
2025-11-10 15:15:00,2.517,2.536,2.513,2.52,1859538.1
2025-11-10 15:30:00,2.52,2.537,2.509,2.524,1554862.7
2025-11-10 15:45:00,2.523,2.524,2.49,2.512,2555646.3
2025-11-10 16:00:00,2.512,2.529,2.507,2.515,2108374.8
2025-11-10 16:15:00,2.516,2.556,2.515,2.531,2374344.1
2025-11-10 16:30:00,2.531,2.565,2.462,2.492,6077982.7
2025-11-10 16:45:00,2.493,2.519,2.477,2.484,3417294.2
2025-11-10 17:00:00,2.483,2.525,2.478,2.517,2933777.6
2025-11-10 17:15:00,2.517,2.538,2.511,2.518,1968840.4
2025-11-10 17:30:00,2.518,2.529,2.503,2.519,2112225.3
2025-11-10 17:45:00,2.519,2.552,2.515,2.526,3413138.9
2025-11-10 18:00:00,2.527,2.539,2.516,2.529,1485816.6
2025-11-10 18:15:00,2.529,2.559,2.529,2.554,1475461.6
2025-11-10 18:30:00,2.555,2.566,2.539,2.547,1353594.2
2025-11-10 18:45:00,2.547,2.559,2.536,2.546,1034801.5
2025-11-10 19:00:00,2.545,2.573,2.536,2.564,2125996.2
2025-11-10 19:15:00,2.565,2.587,2.564,2.58,1520261.7
2025-11-10 19:30:00,2.579,2.598,2.552,2.581,1522295.9
2025-11-10 19:45:00,2.581,2.595,2.57,2.577,1189257.0
2025-11-10 20:00:00,2.577,2.634,2.568,2.624,2749285.0
2025-11-10 20:15:00,2.624,2.624,2.593,2.597,1719423.4
2025-11-10 20:30:00,2.597,2.616,2.585,2.603,1020464.4
2025-11-10 20:45:00,2.604,2.606,2.584,2.593,1170351.6
2025-11-10 21:00:00,2.593,2.599,2.561,2.574,1816116.0
2025-11-10 21:15:00,2.574,2.574,2.552,2.568,1355394.8
2025-11-10 21:30:00,2.568,2.586,2.56,2.573,2423555.9
2025-11-10 21:45:00,2.573,2.574,2.543,2.563,1631197.9
2025-11-10 22:00:00,2.564,2.568,2.516,2.528,2010585.3
2025-11-10 22:15:00,2.528,2.549,2.519,2.539,1342996.1
2025-11-10 22:30:00,2.538,2.568,2.536,2.554,1250006.0
2025-11-10 22:45:00,2.555,2.589,2.552,2.575,1009363.5
2025-11-10 23:00:00,2.575,2.59,2.555,2.571,1214440.4
2025-11-10 23:15:00,2.571,2.575,2.541,2.548,989858.5
2025-11-10 23:30:00,2.548,2.55,2.516,2.528,1135754.3
2025-11-10 23:45:00,2.529,2.559,2.528,2.554,909819.3
2025-11-11 00:00:00,2.554,2.65,2.531,2.612,5728844.6
2025-11-11 00:15:00,2.612,2.616,2.5,2.513,4904539.6
2025-11-11 00:30:00,2.512,2.541,2.502,2.513,2928837.9
2025-11-11 00:45:00,2.512,2.55,2.488,2.547,3044598.2
2025-11-11 01:00:00,2.547,2.644,2.539,2.638,5389037.7
2025-11-11 01:15:00,2.638,2.681,2.599,2.612,5226220.8
2025-11-11 01:30:00,2.612,2.614,2.517,2.528,5148305.0
2025-11-11 01:45:00,2.527,2.556,2.502,2.523,2603344.4
2025-11-11 02:00:00,2.524,2.55,2.509,2.541,2176966.4
2025-11-11 02:15:00,2.541,2.542,2.507,2.533,1518296.2
2025-11-11 02:30:00,2.533,2.579,2.529,2.554,1967250.5
2025-11-11 02:45:00,2.554,2.559,2.52,2.534,1134138.1
2025-11-11 03:00:00,2.533,2.564,2.533,2.562,1713157.0
2025-11-11 03:15:00,2.562,2.582,2.544,2.575,1435462.8
2025-11-11 03:30:00,2.576,2.627,2.574,2.593,3980258.5
2025-11-11 03:45:00,2.593,2.618,2.566,2.575,2383430.5
2025-11-11 04:00:00,2.574,2.598,2.554,2.562,1683632.0
2025-11-11 04:15:00,2.562,2.586,2.54,2.545,1667218.5
2025-11-11 04:30:00,2.544,2.555,2.506,2.517,2805403.4
2025-11-11 04:45:00,2.517,2.52,2.491,2.501,2443321.9
2025-11-11 05:00:00,2.501,2.501,2.406,2.419,9161080.1
2025-11-11 05:15:00,2.419,2.438,2.333,2.378,9618202.1
2025-11-11 05:30:00,2.378,2.393,2.367,2.375,3974189.9
2025-11-11 05:45:00,2.374,2.403,2.369,2.386,3016498.9
2025-11-11 06:00:00,2.385,2.415,2.383,2.405,2801247.2
2025-11-11 06:15:00,2.405,2.43,2.401,2.424,2649820.6
2025-11-11 06:30:00,2.423,2.435,2.416,2.423,1546708.4
2025-11-11 06:45:00,2.423,2.423,2.379,2.392,3121132.3
2025-11-11 07:00:00,2.392,2.402,2.373,2.388,2244450.1
2025-11-11 07:15:00,2.387,2.405,2.365,2.398,2176919.9
2025-11-11 07:30:00,2.397,2.402,2.35,2.359,2674470.0
2025-11-11 07:45:00,2.359,2.37,2.324,2.349,4038268.4
2025-11-11 08:00:00,2.349,2.365,2.346,2.352,1995358.2
2025-11-11 08:15:00,2.352,2.363,2.338,2.339,1750440.1
2025-11-11 08:30:00,2.339,2.345,2.324,2.333,2020500.7
2025-11-11 08:45:00,2.334,2.358,2.333,2.356,2021974.5
2025-11-11 09:00:00,2.355,2.381,2.351,2.353,2453737.1
2025-11-11 09:15:00,2.353,2.359,2.331,2.357,2125926.3
2025-11-11 09:30:00,2.357,2.366,2.338,2.34,1389105.4
2025-11-11 09:45:00,2.339,2.355,2.333,2.352,1318322.6
2025-11-11 10:00:00,2.352,2.387,2.35,2.374,2027692.4
2025-11-11 10:15:00,2.373,2.398,2.37,2.39,1539634.7
2025-11-11 10:30:00,2.39,2.394,2.381,2.392,805794.3
2025-11-11 10:45:00,2.393,2.403,2.372,2.377,1116753.8
2025-11-11 11:00:00,2.377,2.41,2.373,2.386,1908372.3
2025-11-11 11:15:00,2.386,2.392,2.371,2.378,1233156.7
2025-11-11 11:30:00,2.377,2.397,2.372,2.392,861617.2
2025-11-11 11:45:00,2.391,2.394,2.368,2.39,845280.4
2025-11-11 12:00:00,2.39,2.406,2.378,2.386,1381028.2
2025-11-11 12:15:00,2.385,2.393,2.357,2.364,1689819.8
2025-11-11 12:30:00,2.364,2.398,2.363,2.395,1442853.5
2025-11-11 12:45:00,2.395,2.419,2.383,2.4,2700887.0
2025-11-11 13:00:00,2.4,2.435,2.398,2.423,2514493.7
2025-11-11 13:15:00,2.424,2.43,2.402,2.416,2003837.3
2025-11-11 13:30:00,2.416,2.432,2.398,2.425,1718928.7
2025-11-11 13:45:00,2.425,2.431,2.386,2.391,2659264.9
2025-11-11 14:00:00,2.391,2.395,2.369,2.382,2899175.5
2025-11-11 14:15:00,2.381,2.427,2.375,2.396,2808085.2
2025-11-11 14:30:00,2.396,2.419,2.395,2.406,1711249.4
2025-11-11 14:45:00,2.405,2.421,2.388,2.42,2014473.8
2025-11-11 15:00:00,2.42,2.42,2.375,2.382,2441099.5
2025-11-11 15:15:00,2.381,2.398,2.378,2.389,1206449.6
2025-11-11 15:30:00,2.388,2.393,2.352,2.385,2765475.5
2025-11-11 15:45:00,2.384,2.416,2.382,2.405,1831858.1
2025-11-11 16:00:00,2.406,2.437,2.404,2.408,3216920.3
2025-11-11 16:15:00,2.409,2.422,2.38,2.394,2243706.0
2025-11-11 16:30:00,2.394,2.417,2.387,2.404,1394507.8
2025-11-11 16:45:00,2.404,2.412,2.388,2.398,815741.9
2025-11-11 17:00:00,2.399,2.409,2.386,2.395,669417.5
2025-11-11 17:15:00,2.394,2.395,2.362,2.369,1528873.4
2025-11-11 17:30:00,2.368,2.371,2.327,2.354,4250948.3
2025-11-11 17:45:00,2.354,2.368,2.348,2.362,864848.0
2025-11-11 18:00:00,2.363,2.369,2.342,2.356,1231420.8
2025-11-11 18:15:00,2.357,2.358,2.309,2.335,3061644.4
2025-11-11 18:30:00,2.336,2.347,2.331,2.336,1073234.2
2025-11-11 18:45:00,2.336,2.346,2.318,2.322,1678722.0
2025-11-11 19:00:00,2.323,2.326,2.27,2.292,7785994.0
2025-11-11 19:15:00,2.291,2.317,2.291,2.307,1438017.9
2025-11-11 19:30:00,2.308,2.318,2.296,2.303,1017993.7
2025-11-11 19:45:00,2.303,2.305,2.275,2.283,1897001.4
2025-11-11 20:00:00,2.284,2.304,2.277,2.28,1629027.1
2025-11-11 20:15:00,2.279,2.296,2.279,2.288,955385.8
2025-11-11 20:30:00,2.287,2.287,2.187,2.242,9354195.8
2025-11-11 20:45:00,2.242,2.251,2.221,2.231,3335591.9
2025-11-11 21:00:00,2.231,2.265,2.231,2.24,3535702.9
2025-11-11 21:15:00,2.239,2.246,2.226,2.229,2068872.2
2025-11-11 21:30:00,2.229,2.23,2.206,2.216,1935558.5
2025-11-11 21:45:00,2.215,2.234,2.214,2.224,2459930.4
2025-11-11 22:00:00,2.223,2.226,2.194,2.224,2673956.6
2025-11-11 22:15:00,2.223,2.234,2.204,2.23,1616836.8
2025-11-11 22:30:00,2.229,2.252,2.227,2.238,1717856.1
2025-11-11 22:45:00,2.238,2.252,2.235,2.242,794476.5
2025-11-11 23:00:00,2.242,2.247,2.232,2.237,1429733.5
2025-11-11 23:15:00,2.237,2.252,2.234,2.242,818419.4
2025-11-11 23:30:00,2.242,2.246,2.224,2.243,1373882.6
2025-11-11 23:45:00,2.243,2.245,2.212,2.227,1990633.8
2025-11-12 00:00:00,2.227,2.273,2.202,2.22,3847981.9
2025-11-12 00:15:00,2.219,2.241,2.209,2.216,1776008.0
2025-11-12 00:30:00,2.215,2.225,2.189,2.223,2115354.5
2025-11-12 00:45:00,2.222,2.23,2.176,2.18,1958004.7
2025-11-12 01:00:00,2.18,2.231,2.18,2.229,1733439.2
2025-11-12 01:15:00,2.228,2.24,2.205,2.21,1937286.9
2025-11-12 01:30:00,2.21,2.234,2.198,2.229,2054117.9
2025-11-12 01:45:00,2.229,2.253,2.217,2.25,1536273.3
2025-11-12 02:00:00,2.25,2.268,2.246,2.262,1441851.8
2025-11-12 02:15:00,2.263,2.272,2.242,2.251,1495001.6
2025-11-12 02:30:00,2.252,2.257,2.228,2.246,1444743.6
2025-11-12 02:45:00,2.245,2.264,2.233,2.262,1086300.3
2025-11-12 03:00:00,2.263,2.279,2.255,2.271,1257530.4
2025-11-12 03:15:00,2.271,2.272,2.253,2.259,712171.0
2025-11-12 03:30:00,2.259,2.266,2.254,2.261,588098.7
2025-11-12 03:45:00,2.262,2.268,2.245,2.261,1014387.6
2025-11-12 04:00:00,2.262,2.263,2.248,2.261,744676.6
2025-11-12 04:15:00,2.26,2.266,2.256,2.259,848192.8
2025-11-12 04:30:00,2.259,2.268,2.253,2.255,875602.8
2025-11-12 04:45:00,2.255,2.267,2.248,2.259,740757.6
2025-11-12 05:00:00,2.259,2.265,2.251,2.26,550243.0
2025-11-12 05:15:00,2.26,2.283,2.256,2.269,1075248.4
2025-11-12 05:30:00,2.269,2.282,2.256,2.281,771151.8
2025-11-12 05:45:00,2.28,2.28,2.257,2.265,789104.0
2025-11-12 06:00:00,2.265,2.276,2.248,2.269,990378.0
2025-11-12 06:15:00,2.269,2.274,2.264,2.27,673374.7
2025-11-12 06:30:00,2.27,2.286,2.266,2.276,1245229.7
2025-11-12 06:45:00,2.277,2.287,2.266,2.267,1119654.0
2025-11-12 07:00:00,2.267,2.277,2.255,2.274,1353510.5
2025-11-12 07:15:00,2.274,2.275,2.254,2.261,804762.8
2025-11-12 07:30:00,2.261,2.328,2.254,2.322,5355067.3
2025-11-12 07:45:00,2.321,2.322,2.282,2.288,2297017.7
2025-11-12 08:00:00,2.287,2.302,2.273,2.302,1736545.8
2025-11-12 08:15:00,2.302,2.307,2.289,2.306,1397081.3
2025-11-12 08:30:00,2.307,2.352,2.306,2.341,3354159.5
2025-11-12 08:45:00,2.341,2.36,2.321,2.332,1982901.7
2025-11-12 09:00:00,2.333,2.338,2.323,2.334,1354248.8
2025-11-12 09:15:00,2.333,2.352,2.322,2.331,1444122.0
2025-11-12 09:30:00,2.332,2.343,2.323,2.332,1310570.0
2025-11-12 09:45:00,2.332,2.334,2.322,2.326,517706.4
2025-11-12 10:00:00,2.327,2.338,2.322,2.336,755816.8
2025-11-12 10:15:00,2.336,2.346,2.329,2.34,869774.0
2025-11-12 10:30:00,2.34,2.346,2.324,2.331,1109902.7
2025-11-12 10:45:00,2.331,2.346,2.327,2.334,1090573.7
2025-11-12 11:00:00,2.335,2.36,2.33,2.333,2436304.2
2025-11-12 11:15:00,2.333,2.336,2.306,2.315,2880646.7
2025-11-12 11:30:00,2.315,2.327,2.302,2.303,1548331.6
2025-11-12 11:45:00,2.304,2.313,2.294,2.302,1355592.6
2025-11-12 12:00:00,2.302,2.307,2.283,2.305,1582333.7
2025-11-12 12:15:00,2.306,2.318,2.298,2.301,1329821.3
2025-11-12 12:30:00,2.301,2.302,2.279,2.286,1595439.4
2025-11-12 12:45:00,2.286,2.3,2.284,2.295,711426.1
2025-11-12 13:00:00,2.296,2.301,2.287,2.295,783415.0
2025-11-12 13:15:00,2.296,2.314,2.296,2.308,1126386.2
2025-11-12 13:30:00,2.308,2.314,2.296,2.311,955355.0
2025-11-12 13:45:00,2.311,2.323,2.301,2.308,838349.3
2025-11-12 14:00:00,2.309,2.31,2.294,2.3,742522.6
2025-11-12 14:15:00,2.301,2.302,2.285,2.291,871774.4
2025-11-12 14:30:00,2.291,2.291,2.263,2.279,2348181.6
2025-11-12 14:45:00,2.279,2.28,2.211,2.248,6725438.9
2025-11-12 15:00:00,2.248,2.261,2.226,2.228,3706573.3
2025-11-12 15:15:00,2.229,2.238,2.205,2.218,3697387.3
2025-11-12 15:30:00,2.219,2.231,2.188,2.201,4162516.9
2025-11-12 15:45:00,2.201,2.202,2.158,2.166,5407321.9
2025-11-12 16:00:00,2.165,2.178,2.105,2.127,8756983.2
2025-11-12 16:15:00,2.127,2.149,2.118,2.13,4247779.0
2025-11-12 16:30:00,2.13,2.143,2.117,2.121,2578552.6
2025-11-12 16:45:00,2.122,2.132,2.101,2.114,2082463.1
2025-11-12 17:00:00,2.115,2.127,2.085,2.096,3121169.4
2025-11-12 17:15:00,2.096,2.108,2.081,2.102,2890439.8
2025-11-12 17:30:00,2.102,2.172,2.1,2.143,5845293.3
2025-11-12 17:45:00,2.143,2.175,2.142,2.172,3104776.4
2025-11-12 18:00:00,2.173,2.189,2.166,2.177,2623065.7
2025-11-12 18:15:00,2.177,2.189,2.162,2.165,1742778.6
2025-11-12 18:30:00,2.165,2.174,2.154,2.157,1014066.2
2025-11-12 18:45:00,2.158,2.161,2.146,2.156,955750.2
2025-11-12 19:00:00,2.157,2.161,2.143,2.147,1401515.3
2025-11-12 19:15:00,2.148,2.162,2.148,2.158,779130.1
2025-11-12 19:30:00,2.159,2.17,2.151,2.152,1125521.4
2025-11-12 19:45:00,2.152,2.161,2.146,2.154,765553.2
2025-11-12 20:00:00,2.154,2.177,2.148,2.167,981627.9
2025-11-12 20:15:00,2.167,2.193,2.163,2.192,1387539.1
2025-11-12 20:30:00,2.193,2.231,2.184,2.23,2663674.2
2025-11-12 20:45:00,2.231,2.238,2.197,2.201,2905025.3
2025-11-12 21:00:00,2.202,2.203,2.176,2.181,1529812.5
2025-11-12 21:15:00,2.181,2.188,2.165,2.186,1558175.4
2025-11-12 21:30:00,2.186,2.204,2.183,2.201,1158951.7
2025-11-12 21:45:00,2.201,2.201,2.182,2.183,650818.0
2025-11-12 22:00:00,2.183,2.188,2.167,2.18,1359181.7
2025-11-12 22:15:00,2.18,2.194,2.175,2.179,1144271.0
2025-11-12 22:30:00,2.18,2.195,2.177,2.184,651932.1
2025-11-12 22:45:00,2.184,2.204,2.184,2.198,476817.0
2025-11-12 23:00:00,2.198,2.202,2.183,2.188,785364.1
2025-11-12 23:15:00,2.189,2.196,2.183,2.184,377528.4
2025-11-12 23:30:00,2.185,2.193,2.172,2.175,699880.2
2025-11-12 23:45:00,2.174,2.196,2.168,2.196,552834.2
2025-11-13 00:00:00,2.195,2.212,2.187,2.2,1183531.3
2025-11-13 00:15:00,2.2,2.219,2.196,2.216,1087523.5
2025-11-13 00:30:00,2.217,2.235,2.205,2.208,2044794.9
2025-11-13 00:45:00,2.208,2.209,2.186,2.19,992309.1
2025-11-13 01:00:00,2.19,2.223,2.19,2.214,1705129.4
2025-11-13 01:15:00,2.214,2.214,2.188,2.192,997420.3
2025-11-13 01:30:00,2.192,2.205,2.188,2.201,917930.1
2025-11-13 01:45:00,2.201,2.204,2.176,2.182,781127.2
2025-11-13 02:00:00,2.183,2.194,2.181,2.184,848045.9
2025-11-13 02:15:00,2.185,2.193,2.179,2.186,403105.3
2025-11-13 02:30:00,2.185,2.191,2.178,2.181,479770.9
2025-11-13 02:45:00,2.18,2.183,2.164,2.178,1197285.0
2025-11-13 03:00:00,2.179,2.181,2.15,2.166,1538452.3
2025-11-13 03:15:00,2.165,2.2,2.153,2.198,2010322.9
2025-11-13 03:30:00,2.199,2.227,2.196,2.214,1543240.8
2025-11-13 03:45:00,2.214,2.22,2.191,2.193,1117524.9
2025-11-13 04:00:00,2.194,2.199,2.173,2.192,1577331.9
2025-11-13 04:15:00,2.192,2.208,2.181,2.2,1047466.9
2025-11-13 04:30:00,2.201,2.203,2.179,2.195,632062.3
2025-11-13 04:45:00,2.195,2.2,2.181,2.185,924396.7
2025-11-13 05:00:00,2.185,2.193,2.174,2.175,744128.2
2025-11-13 05:15:00,2.175,2.189,2.172,2.183,433824.9
2025-11-13 05:30:00,2.184,2.201,2.181,2.2,788900.3
2025-11-13 05:45:00,2.2,2.225,2.197,2.217,1647096.4
2025-11-13 06:00:00,2.217,2.223,2.198,2.199,1506618.2
2025-11-13 06:15:00,2.198,2.214,2.196,2.209,719575.7
2025-11-13 06:30:00,2.21,2.211,2.185,2.191,1176078.1
2025-11-13 06:45:00,2.191,2.197,2.183,2.184,540927.8
2025-11-13 07:00:00,2.185,2.196,2.183,2.189,827609.2
2025-11-13 07:15:00,2.189,2.196,2.187,2.187,365025.6
2025-11-13 07:30:00,2.187,2.191,2.172,2.178,961210.4
2025-11-13 07:45:00,2.177,2.178,2.157,2.164,1592207.9
2025-11-13 08:00:00,2.163,2.177,2.157,2.176,1208354.7
2025-11-13 08:15:00,2.176,2.187,2.176,2.185,827597.9
2025-11-13 08:30:00,2.185,2.209,2.182,2.2,1195159.0
2025-11-13 08:45:00,2.201,2.204,2.185,2.194,1080250.3
2025-11-13 09:00:00,2.193,2.198,2.166,2.179,1671536.8
2025-11-13 09:15:00,2.179,2.192,2.171,2.185,827109.2
2025-11-13 09:30:00,2.185,2.189,2.162,2.164,1468644.0
2025-11-13 09:45:00,2.163,2.172,2.153,2.159,895605.8
2025-11-13 10:00:00,2.159,2.176,2.158,2.166,767150.6
2025-11-13 10:15:00,2.166,2.181,2.164,2.167,606306.4
2025-11-13 10:30:00,2.166,2.166,2.141,2.152,2107309.2
2025-11-13 10:45:00,2.152,2.156,2.127,2.134,1634113.8
2025-11-13 11:00:00,2.134,2.153,2.134,2.152,1269354.4
2025-11-13 11:15:00,2.152,2.156,2.143,2.15,605966.3
2025-11-13 11:30:00,2.149,2.158,2.145,2.157,447720.1
2025-11-13 11:45:00,2.157,2.159,2.144,2.148,623419.1
2025-11-13 12:00:00,2.148,2.172,2.148,2.172,1656171.4
2025-11-13 12:15:00,2.171,2.192,2.171,2.179,1546417.8
2025-11-13 12:30:00,2.179,2.185,2.164,2.174,974857.8
2025-11-13 12:45:00,2.173,2.176,2.162,2.168,549727.2
2025-11-13 13:00:00,2.167,2.175,2.163,2.172,663457.4
2025-11-13 13:15:00,2.173,2.175,2.157,2.164,716319.3
2025-11-13 13:30:00,2.164,2.167,2.129,2.139,2345313.2
2025-11-13 13:45:00,2.139,2.145,2.129,2.137,1174609.7
2025-11-13 14:00:00,2.136,2.142,2.111,2.12,2405491.7
2025-11-13 14:15:00,2.121,2.142,2.114,2.138,1228549.6
2025-11-13 14:30:00,2.138,2.153,2.108,2.125,2770285.5
2025-11-13 14:45:00,2.124,2.185,2.119,2.168,3446054.3
2025-11-13 15:00:00,2.169,2.169,2.137,2.154,2297640.4
2025-11-13 15:15:00,2.154,2.159,2.114,2.122,1697524.8
2025-11-13 15:30:00,2.122,2.123,2.102,2.107,1819522.2
2025-11-13 15:45:00,2.106,2.118,2.091,2.117,1990976.0
2025-11-13 16:00:00,2.116,2.132,2.106,2.128,2047198.2
2025-11-13 16:15:00,2.128,2.13,2.078,2.093,2825495.4
2025-11-13 16:30:00,2.092,2.096,2.066,2.074,2983449.5
2025-11-13 16:45:00,2.074,2.081,2.05,2.057,2675531.3
2025-11-13 17:00:00,2.056,2.07,2.048,2.06,2458287.2
2025-11-13 17:15:00,2.059,2.068,2.038,2.06,1968400.5
2025-11-13 17:30:00,2.06,2.065,2.034,2.042,1681047.1
2025-11-13 17:45:00,2.041,2.05,2.034,2.046,1297615.7
2025-11-13 18:00:00,2.046,2.059,2.004,2.036,3650344.3
2025-11-13 18:15:00,2.036,2.049,2.02,2.029,2332789.9
2025-11-13 18:30:00,2.029,2.058,2.014,2.057,2866347.8
2025-11-13 18:45:00,2.057,2.061,2.025,2.037,1730861.8
2025-11-13 19:00:00,2.038,2.039,2.016,2.019,3198315.3
2025-11-13 19:15:00,2.019,2.029,2.002,2.023,2292193.4
2025-11-13 19:30:00,2.023,2.029,2.003,2.021,1232272.6
2025-11-13 19:45:00,2.021,2.034,2.01,2.03,1624856.6
2025-11-13 20:00:00,2.031,2.054,2.024,2.05,1502258.4
2025-11-13 20:15:00,2.05,2.058,2.03,2.045,1465776.3
2025-11-13 20:30:00,2.045,2.05,2.022,2.023,1231917.1
2025-11-13 20:45:00,2.022,2.035,2.016,2.033,1295584.3
2025-11-13 21:00:00,2.033,2.038,2.013,2.019,789540.9
2025-11-13 21:15:00,2.018,2.021,1.993,2.0,2292470.3
2025-11-13 21:30:00,2.0,2.022,1.998,2.018,2168639.7
2025-11-13 21:45:00,2.018,2.024,2.008,2.017,468672.6
2025-11-13 22:00:00,2.017,2.043,2.014,2.035,1087965.6
2025-11-13 22:15:00,2.036,2.051,2.026,2.047,840459.3
2025-11-13 22:30:00,2.048,2.057,2.033,2.052,1221418.7
2025-11-13 22:45:00,2.052,2.068,2.046,2.057,613675.8
2025-11-13 23:00:00,2.057,2.084,2.054,2.082,1260968.3
2025-11-13 23:15:00,2.083,2.089,2.076,2.078,893375.3
2025-11-13 23:30:00,2.078,2.085,2.074,2.081,553927.2
2025-11-13 23:45:00,2.081,2.089,2.066,2.067,1053717.6
2025-11-14 00:00:00,2.067,2.077,2.055,2.059,1491408.2
2025-11-14 00:15:00,2.059,2.078,2.048,2.072,2096907.7
2025-11-14 00:30:00,2.072,2.123,2.069,2.121,2930798.7
2025-11-14 00:45:00,2.121,2.137,2.085,2.088,3220248.2
2025-11-14 01:00:00,2.089,2.137,2.076,2.116,2572576.0
2025-11-14 01:15:00,2.117,2.133,2.096,2.125,1753444.2
2025-11-14 01:30:00,2.126,2.127,2.101,2.116,1248091.0
2025-11-14 01:45:00,2.116,2.122,2.099,2.107,913482.6
2025-11-14 02:00:00,2.108,2.118,2.098,2.099,1030690.2
2025-11-14 02:15:00,2.1,2.116,2.097,2.11,837523.3
2025-11-14 02:30:00,2.111,2.121,2.104,2.115,1030862.6
2025-11-14 02:45:00,2.116,2.121,2.098,2.103,592786.6
2025-11-14 03:00:00,2.103,2.12,2.1,2.107,1045791.7
2025-11-14 03:15:00,2.107,2.113,2.067,2.083,3024924.5
2025-11-14 03:30:00,2.083,2.085,2.069,2.079,1136860.7
2025-11-14 03:45:00,2.078,2.09,2.072,2.088,738555.4
2025-11-14 04:00:00,2.089,2.089,2.058,2.077,1158804.8
2025-11-14 04:15:00,2.077,2.078,2.065,2.078,849895.4
2025-11-14 04:30:00,2.078,2.079,1.998,2.054,6005303.8
2025-11-14 04:45:00,2.055,2.078,2.05,2.065,2002309.7
2025-11-14 05:00:00,2.065,2.087,2.034,2.039,3575396.5
2025-11-14 05:15:00,2.039,2.073,2.038,2.066,1086194.1
2025-11-14 05:30:00,2.066,2.089,2.051,2.083,1430424.8
2025-11-14 05:45:00,2.083,2.11,2.068,2.104,1270725.3
2025-11-14 06:00:00,2.104,2.104,2.067,2.087,1555496.1
2025-11-14 06:15:00,2.087,2.088,2.064,2.069,686756.1
2025-11-14 06:30:00,2.068,2.08,2.061,2.069,1715307.8
2025-11-14 06:45:00,2.07,2.125,2.052,2.123,2671977.6
2025-11-14 07:00:00,2.123,2.129,2.095,2.113,1887382.7
2025-11-14 07:15:00,2.112,2.122,2.101,2.113,1099136.3
2025-11-14 07:30:00,2.113,2.115,2.096,2.111,1185048.0
2025-11-14 07:45:00,2.112,2.141,2.11,2.14,1682640.3
2025-11-14 08:00:00,2.141,2.17,2.114,2.142,4534725.9
2025-11-14 08:15:00,2.142,2.155,2.121,2.123,2108284.2
2025-11-14 08:30:00,2.122,2.14,2.106,2.121,1724293.5
2025-11-14 08:45:00,2.121,2.131,2.109,2.13,849635.9
2025-11-14 09:00:00,2.131,2.131,2.086,2.1,2592971.0
2025-11-14 09:15:00,2.1,2.103,2.082,2.083,1251253.4
2025-11-14 09:30:00,2.083,2.098,2.056,2.095,2993369.6
2025-11-14 09:45:00,2.096,2.103,2.085,2.091,873613.3
2025-11-14 10:00:00,2.091,2.11,2.09,2.107,594170.1
2025-11-14 10:15:00,2.108,2.123,2.1,2.113,807923.4
2025-11-14 10:30:00,2.113,2.12,2.103,2.109,721708.3
2025-11-14 10:45:00,2.109,2.112,2.101,2.102,447999.9
2025-11-14 11:00:00,2.102,2.103,2.076,2.083,1517657.5
2025-11-14 11:15:00,2.083,2.094,2.071,2.078,1052676.2
2025-11-14 11:30:00,2.078,2.083,2.046,2.06,2186626.4
2025-11-14 11:45:00,2.06,2.069,2.052,2.061,1314748.3
2025-11-14 12:00:00,2.062,2.062,2.017,2.023,3416612.8
2025-11-14 12:15:00,2.023,2.047,2.014,2.038,2023538.8
2025-11-14 12:30:00,2.037,2.05,2.006,2.027,3320324.9
2025-11-14 12:45:00,2.027,2.088,2.025,2.077,2950591.0
2025-11-14 13:00:00,2.078,2.093,2.068,2.075,1920297.6
2025-11-14 13:15:00,2.075,2.076,2.053,2.064,1319190.3
2025-11-14 13:30:00,2.064,2.069,2.041,2.054,1689701.8
2025-11-14 13:45:00,2.054,2.083,2.042,2.068,1648890.6
2025-11-14 14:00:00,2.067,2.081,2.053,2.062,2228953.2
2025-11-14 14:15:00,2.062,2.065,2.036,2.038,1342229.3
2025-11-14 14:30:00,2.039,2.083,2.012,2.075,4361503.4
2025-11-14 14:45:00,2.075,2.093,2.065,2.068,2058826.2
2025-11-14 15:00:00,2.069,2.081,2.043,2.05,2063097.2
2025-11-14 15:15:00,2.051,2.084,2.046,2.072,1778422.8
2025-11-14 15:30:00,2.072,2.079,2.039,2.052,2075472.6
2025-11-14 15:45:00,2.052,2.075,2.029,2.035,1919147.4
2025-11-14 16:00:00,2.036,2.039,2.019,2.031,1815742.6
2025-11-14 16:15:00,2.03,2.058,2.009,2.042,2619636.4
2025-11-14 16:30:00,2.042,2.056,2.023,2.026,1729669.6
2025-11-14 16:45:00,2.026,2.039,2.014,2.034,1152398.3
2025-11-14 17:00:00,2.033,2.051,2.028,2.042,1253742.3
2025-11-14 17:15:00,2.041,2.042,2.003,2.005,2741632.3
2025-11-14 17:30:00,2.004,2.005,1.977,1.985,3964475.6
2025-11-14 17:45:00,1.984,1.988,1.957,1.975,4085462.1
2025-11-14 18:00:00,1.976,2.027,1.973,2.024,2040231.8
2025-11-14 18:15:00,2.024,2.028,2.009,2.015,1257010.4
2025-11-14 18:30:00,2.014,2.017,1.988,1.994,2161229.4
2025-11-14 18:45:00,1.993,2.001,1.986,1.996,897709.5
2025-11-14 19:00:00,1.996,2.007,1.991,2.006,876910.8
2025-11-14 19:15:00,2.005,2.038,2.005,2.026,1404899.0
2025-11-14 19:30:00,2.025,2.026,2.004,2.021,1292422.5
2025-11-14 19:45:00,2.02,2.036,2.019,2.031,877100.2
2025-11-14 20:00:00,2.031,2.031,2.013,2.02,815363.5
2025-11-14 20:15:00,2.02,2.021,1.991,1.995,1222090.0
2025-11-14 20:30:00,1.994,2.001,1.954,1.963,2277953.8
2025-11-14 20:45:00,1.963,1.976,1.946,1.97,2508003.5
2025-11-14 21:00:00,1.97,2.008,1.965,2.008,1730134.1
2025-11-14 21:15:00,2.008,2.013,1.994,2.01,1190030.5
2025-11-14 21:30:00,2.009,2.021,2.0,2.018,901170.6
2025-11-14 21:45:00,2.018,2.02,2.002,2.005,593582.7
2025-11-14 22:00:00,2.005,2.034,2.004,2.006,1401254.3
2025-11-14 22:15:00,2.006,2.022,1.996,2.02,770761.2
2025-11-14 22:30:00,2.02,2.032,2.012,2.023,646703.9
2025-11-14 22:45:00,2.023,2.026,1.996,2.005,688019.6
2025-11-14 23:00:00,2.005,2.005,1.929,1.962,4613053.7
2025-11-14 23:15:00,1.962,1.982,1.956,1.968,1285030.6
2025-11-14 23:30:00,1.969,1.993,1.966,1.982,870312.8
2025-11-14 23:45:00,1.982,1.999,1.979,1.996,1508875.9
2025-11-15 00:00:00,1.997,2.015,1.99,1.998,1602267.0
2025-11-15 00:15:00,1.999,2.008,1.982,1.987,786069.6
2025-11-15 00:30:00,1.987,1.995,1.973,1.993,1055735.1
2025-11-15 00:45:00,1.994,2.008,1.977,2.008,744774.1
2025-11-15 01:00:00,2.008,2.023,2.001,2.017,960349.1
2025-11-15 01:15:00,2.017,2.041,2.015,2.038,1028684.6
2025-11-15 01:30:00,2.039,2.062,2.032,2.048,1632373.3
2025-11-15 01:45:00,2.047,2.056,2.037,2.038,827891.7
2025-11-15 02:00:00,2.038,2.038,2.021,2.027,1137247.2
2025-11-15 02:15:00,2.027,2.035,2.019,2.033,595273.2
2025-11-15 02:30:00,2.033,2.037,2.022,2.03,760344.9
2025-11-15 02:45:00,2.03,2.039,2.024,2.036,888080.8
2025-11-15 03:00:00,2.036,2.042,2.02,2.031,843652.7
2025-11-15 03:15:00,2.031,2.037,2.022,2.03,777632.0
2025-11-15 03:30:00,2.03,2.053,2.028,2.053,949735.8
2025-11-15 03:45:00,2.053,2.059,2.034,2.04,983213.9
2025-11-15 04:00:00,2.04,2.05,2.038,2.047,699178.8
2025-11-15 04:15:00,2.048,2.066,2.04,2.045,1163700.3
2025-11-15 04:30:00,2.045,2.097,2.044,2.074,2133929.9
2025-11-15 04:45:00,2.074,2.076,2.042,2.053,1401338.8
2025-11-15 05:00:00,2.054,2.054,2.035,2.042,1026803.5
2025-11-15 05:15:00,2.042,2.075,2.038,2.066,1383995.8
2025-11-15 05:30:00,2.067,2.081,2.053,2.068,1838407.4
2025-11-15 05:45:00,2.068,2.093,2.063,2.082,1241478.4
2025-11-15 06:00:00,2.082,2.092,2.067,2.086,1247013.9
2025-11-15 06:15:00,2.086,2.127,2.082,2.113,2331100.5
2025-11-15 06:30:00,2.113,2.199,2.111,2.194,7270048.3
2025-11-15 06:45:00,2.194,2.196,2.122,2.138,5383415.2
2025-11-15 07:00:00,2.138,2.142,2.088,2.1,3873119.1
2025-11-15 07:15:00,2.099,2.115,2.092,2.114,1690495.8
2025-11-15 07:30:00,2.114,2.114,2.092,2.104,1198714.8
2025-11-15 07:45:00,2.105,2.112,2.092,2.094,679107.9
2025-11-15 08:00:00,2.094,2.101,2.049,2.06,4961170.9
2025-11-15 08:15:00,2.059,2.068,2.052,2.054,1700038.5
2025-11-15 08:30:00,2.053,2.061,2.041,2.047,2317818.6
2025-11-15 08:45:00,2.047,2.049,2.024,2.035,2252325.2
2025-11-15 09:00:00,2.034,2.05,2.032,2.041,1138069.0
2025-11-15 09:15:00,2.041,2.051,2.034,2.045,927907.5
2025-11-15 09:30:00,2.045,2.048,2.024,2.029,1131024.7
2025-11-15 09:45:00,2.029,2.029,2.002,2.012,2175564.0
2025-11-15 10:00:00,2.012,2.025,2.006,2.022,2128541.1
2025-11-15 10:15:00,2.022,2.03,2.015,2.021,1009818.0
2025-11-15 10:30:00,2.022,2.035,2.021,2.034,760110.5
2025-11-15 10:45:00,2.034,2.047,2.03,2.043,1025317.2
2025-11-15 11:00:00,2.044,2.057,2.034,2.054,1035406.2
2025-11-15 11:15:00,2.055,2.057,2.04,2.047,937646.2
2025-11-15 11:30:00,2.047,2.051,2.034,2.042,767056.4
2025-11-15 11:45:00,2.042,2.048,2.024,2.043,900051.5
2025-11-15 12:00:00,2.043,2.045,2.028,2.034,932970.2
2025-11-15 12:15:00,2.034,2.059,2.027,2.057,1230918.8
2025-11-15 12:30:00,2.057,2.075,2.051,2.066,1224201.2
2025-11-15 12:45:00,2.067,2.08,2.062,2.07,885765.2
2025-11-15 13:00:00,2.071,2.103,2.064,2.101,1545257.6
2025-11-15 13:15:00,2.101,2.151,2.093,2.094,4332436.4
2025-11-15 13:30:00,2.095,2.143,2.084,2.13,3355454.4
2025-11-15 13:45:00,2.131,2.167,2.113,2.143,4296374.0
2025-11-15 14:00:00,2.142,2.17,2.126,2.154,4067219.5
2025-11-15 14:15:00,2.154,2.164,2.103,2.114,4196459.4
2025-11-15 14:30:00,2.113,2.133,2.091,2.113,3060585.8
2025-11-15 14:45:00,2.113,2.119,2.097,2.106,1252313.9
2025-11-15 15:00:00,2.106,2.112,2.085,2.103,1548388.3
2025-11-15 15:15:00,2.103,2.117,2.097,2.103,1187820.4
2025-11-15 15:30:00,2.104,2.124,2.097,2.109,1083176.8
2025-11-15 15:45:00,2.109,2.109,2.094,2.096,776998.9
2025-11-15 16:00:00,2.095,2.119,2.091,2.097,1947642.8
2025-11-15 16:15:00,2.097,2.097,2.05,2.071,3116662.2
2025-11-15 16:30:00,2.071,2.09,2.07,2.087,1006273.1
2025-11-15 16:45:00,2.087,2.116,2.083,2.112,1960457.9
2025-11-15 17:00:00,2.113,2.154,2.105,2.109,2629352.2
2025-11-15 17:15:00,2.109,2.122,2.096,2.1,1526187.3
2025-11-15 17:30:00,2.1,2.106,2.09,2.105,1477225.8
2025-11-15 17:45:00,2.106,2.117,2.101,2.116,788365.6
2025-11-15 18:00:00,2.116,2.116,2.101,2.107,898646.4
2025-11-15 18:15:00,2.106,2.107,2.093,2.096,551369.5
2025-11-15 18:30:00,2.095,2.102,2.092,2.095,658594.6
2025-11-15 18:45:00,2.095,2.103,2.09,2.103,619890.7
2025-11-15 19:00:00,2.102,2.103,2.095,2.097,432489.7
2025-11-15 19:15:00,2.097,2.102,2.095,2.099,394803.8
2025-11-15 19:30:00,2.099,2.099,2.093,2.097,355291.3
2025-11-15 19:45:00,2.096,2.097,2.09,2.095,433501.3
2025-11-15 20:00:00,2.094,2.095,2.09,2.091,443734.1
2025-11-15 20:15:00,2.091,2.094,2.09,2.091,1560508.1
2025-11-15 20:30:00,2.091,2.092,2.041,2.055,6160853.9
2025-11-15 20:45:00,2.054,2.059,2.04,2.045,1514957.3
2025-11-15 21:00:00,2.044,2.066,2.044,2.061,725850.9
2025-11-15 21:15:00,2.061,2.065,2.053,2.056,391362.3
2025-11-15 21:30:00,2.056,2.059,2.026,2.035,1552251.4
2025-11-15 21:45:00,2.035,2.036,2.023,2.026,712304.2
2025-11-15 22:00:00,2.025,2.042,2.019,2.041,1105099.9
2025-11-15 22:15:00,2.041,2.047,2.033,2.043,695582.7
2025-11-15 22:30:00,2.044,2.06,2.037,2.046,752762.6
2025-11-15 22:45:00,2.046,2.054,2.045,2.048,366043.9
2025-11-15 23:00:00,2.048,2.049,2.032,2.032,966882.6
2025-11-15 23:15:00,2.033,2.042,2.025,2.031,573651.6
2025-11-15 23:30:00,2.031,2.034,2.022,2.029,643914.2
2025-11-15 23:45:00,2.028,2.041,2.028,2.033,583952.2
2025-11-16 00:00:00,2.033,2.044,2.02,2.022,1463128.0
2025-11-16 00:15:00,2.021,2.021,2.001,2.008,1623703.6
2025-11-16 00:30:00,2.007,2.015,1.987,2.012,2395154.2
2025-11-16 00:45:00,2.011,2.038,2.008,2.033,1364481.6
2025-11-16 01:00:00,2.033,2.05,2.013,2.048,1506511.8
2025-11-16 01:15:00,2.049,2.061,2.028,2.044,1238570.4
2025-11-16 01:30:00,2.044,2.052,1.995,2.013,2316021.0
2025-11-16 01:45:00,2.013,2.058,2.004,2.037,3173254.4
2025-11-16 02:00:00,2.037,2.047,2.021,2.034,1021902.4
2025-11-16 02:15:00,2.034,2.064,2.033,2.057,870828.3
2025-11-16 02:30:00,2.057,2.063,2.047,2.06,708212.9
2025-11-16 02:45:00,2.06,2.071,2.054,2.064,959752.6
2025-11-16 03:00:00,2.065,2.066,2.051,2.052,997543.9
2025-11-16 03:15:00,2.052,2.069,2.052,2.058,760526.7
2025-11-16 03:30:00,2.057,2.058,2.044,2.052,1238202.5
2025-11-16 03:45:00,2.051,2.065,2.049,2.063,441324.8
2025-11-16 04:00:00,2.062,2.066,2.05,2.055,485319.1
2025-11-16 04:15:00,2.054,2.057,2.044,2.046,564546.7
2025-11-16 04:30:00,2.045,2.046,2.028,2.038,1143328.9
2025-11-16 04:45:00,2.038,2.046,2.035,2.043,882063.5
2025-11-16 05:00:00,2.043,2.072,2.038,2.07,884188.8
2025-11-16 05:15:00,2.07,2.073,2.06,2.061,809174.4
2025-11-16 05:30:00,2.062,2.066,2.053,2.062,587818.3
2025-11-16 05:45:00,2.061,2.062,2.052,2.055,239254.3
2025-11-16 06:00:00,2.055,2.072,2.048,2.069,622586.4
2025-11-16 06:15:00,2.069,2.135,2.068,2.112,6460086.2
2025-11-16 06:30:00,2.112,2.133,2.073,2.088,4213183.0
2025-11-16 06:45:00,2.088,2.091,2.074,2.08,824607.7
2025-11-16 07:00:00,2.08,2.081,2.054,2.059,3475121.8
2025-11-16 07:15:00,2.058,2.064,2.055,2.061,628392.4
2025-11-16 07:30:00,2.061,2.07,2.043,2.046,979684.5
2025-11-16 07:45:00,2.047,2.061,2.047,2.056,975200.5
2025-11-16 08:00:00,2.056,2.066,2.046,2.047,902201.3
2025-11-16 08:15:00,2.048,2.053,2.037,2.038,1017954.8
2025-11-16 08:30:00,2.039,2.053,2.037,2.05,491696.4
2025-11-16 08:45:00,2.051,2.053,2.041,2.05,487591.1
2025-11-16 09:00:00,2.05,2.055,2.043,2.049,695904.4
2025-11-16 09:15:00,2.049,2.049,2.031,2.048,919995.9
2025-11-16 09:30:00,2.048,2.06,2.045,2.052,877847.4
2025-11-16 09:45:00,2.053,2.069,2.049,2.063,1131582.0
2025-11-16 10:00:00,2.063,2.064,2.047,2.052,719676.5
2025-11-16 10:15:00,2.053,2.062,2.047,2.053,697041.4
2025-11-16 10:30:00,2.054,2.056,2.045,2.046,591440.0
2025-11-16 10:45:00,2.046,2.049,2.033,2.038,1053595.7
2025-11-16 11:00:00,2.038,2.045,2.01,2.019,2184466.0
2025-11-16 11:15:00,2.018,2.026,1.997,2.001,2234644.1
2025-11-16 11:30:00,2.001,2.008,1.977,1.985,3265325.8
2025-11-16 11:45:00,1.985,1.992,1.968,1.979,2236455.6
2025-11-16 12:00:00,1.978,1.998,1.969,1.982,1771055.1
2025-11-16 12:15:00,1.983,1.998,1.983,1.996,1347641.4
2025-11-16 12:30:00,1.996,1.997,1.957,1.981,2770891.0
2025-11-16 12:45:00,1.982,1.987,1.968,1.982,1098349.4
2025-11-16 13:00:00,1.982,2.002,1.973,1.992,1808615.5
2025-11-16 13:15:00,1.993,1.997,1.973,1.974,1085620.2
2025-11-16 13:30:00,1.974,1.991,1.97,1.982,1665630.7
2025-11-16 13:45:00,1.981,1.995,1.976,1.99,826693.4
2025-11-16 14:00:00,1.99,1.997,1.973,1.976,1192321.6
2025-11-16 14:15:00,1.976,1.986,1.975,1.98,892648.5
2025-11-16 14:30:00,1.98,2.002,1.976,2.0,1261175.6
2025-11-16 14:45:00,2.0,2.004,1.992,1.994,673524.3
2025-11-16 15:00:00,1.994,1.999,1.983,1.985,1028558.5
2025-11-16 15:15:00,1.984,1.993,1.98,1.988,641539.2
2025-11-16 15:30:00,1.988,1.99,1.978,1.98,668698.4
2025-11-16 15:45:00,1.98,1.983,1.933,1.942,5488486.4
2025-11-16 16:00:00,1.942,1.966,1.936,1.943,2868545.7
2025-11-16 16:15:00,1.943,1.949,1.922,1.931,2710120.1
2025-11-16 16:30:00,1.931,1.944,1.925,1.929,1720754.7
2025-11-16 16:45:00,1.928,1.934,1.905,1.918,2788145.5
2025-11-16 17:00:00,1.918,1.922,1.901,1.912,1346729.1
2025-11-16 17:15:00,1.912,1.927,1.891,1.903,2078859.2
2025-11-16 17:30:00,1.903,1.912,1.871,1.887,3644138.8
2025-11-16 17:45:00,1.887,1.91,1.875,1.905,2536479.6
2025-11-16 18:00:00,1.904,1.939,1.901,1.932,3297594.5
2025-11-16 18:15:00,1.933,1.941,1.917,1.927,1595534.1
2025-11-16 18:30:00,1.927,1.929,1.906,1.91,1187572.8
2025-11-16 18:45:00,1.91,1.918,1.9,1.91,1068789.7
2025-11-16 19:00:00,1.91,1.934,1.908,1.931,1339635.7
2025-11-16 19:15:00,1.931,1.938,1.917,1.923,738466.9
2025-11-16 19:30:00,1.924,1.931,1.911,1.917,475867.4
2025-11-16 19:45:00,1.918,1.924,1.907,1.911,439371.2
2025-11-16 20:00:00,1.911,1.925,1.904,1.919,626369.7
2025-11-16 20:15:00,1.919,1.93,1.907,1.924,658218.7
2025-11-16 20:30:00,1.924,1.926,1.914,1.915,498772.0
2025-11-16 20:45:00,1.915,1.918,1.91,1.911,414520.0
2025-11-16 21:00:00,1.911,1.915,1.897,1.901,1192083.2
2025-11-16 21:15:00,1.902,1.905,1.886,1.888,902077.4
2025-11-16 21:30:00,1.888,1.906,1.887,1.903,818111.0
2025-11-16 21:45:00,1.904,1.915,1.903,1.914,663029.5
2025-11-16 22:00:00,1.914,1.937,1.905,1.93,1037178.7
2025-11-16 22:15:00,1.931,1.947,1.923,1.938,1050631.7
2025-11-16 22:30:00,1.938,1.94,1.924,1.927,737067.4
2025-11-16 22:45:00,1.927,1.967,1.927,1.964,1127792.8
2025-11-16 23:00:00,1.965,1.966,1.925,1.958,3072867.5
2025-11-16 23:15:00,1.958,1.968,1.943,1.966,1200460.9
2025-11-16 23:30:00,1.967,1.971,1.957,1.96,693955.6
2025-11-16 23:45:00,1.96,1.966,1.953,1.959,523282.1
2025-11-17 00:00:00,1.958,1.969,1.953,1.953,882783.2
2025-11-17 00:15:00,1.954,1.972,1.93,1.971,1615765.7
2025-11-17 00:30:00,1.971,1.99,1.963,1.981,1305966.6
2025-11-17 00:45:00,1.981,1.988,1.975,1.98,585303.1
2025-11-17 01:00:00,1.981,1.984,1.963,1.966,839087.3
2025-11-17 01:15:00,1.966,1.971,1.955,1.964,739375.3
2025-11-17 01:30:00,1.965,1.966,1.952,1.964,739779.0
2025-11-17 01:45:00,1.965,1.966,1.953,1.961,456367.5
2025-11-17 02:00:00,1.962,1.976,1.954,1.972,1358268.1
2025-11-17 02:15:00,1.973,1.977,1.963,1.967,710244.6
2025-11-17 02:30:00,1.968,1.977,1.963,1.969,473087.1
2025-11-17 02:45:00,1.97,1.99,1.967,1.987,622101.3
2025-11-17 03:00:00,1.988,1.995,1.977,1.994,1351244.8
2025-11-17 03:15:00,1.995,2.0,1.985,1.987,998439.1
2025-11-17 03:30:00,1.988,1.996,1.984,1.984,456749.3
2025-11-17 03:45:00,1.985,1.988,1.979,1.984,430272.0
2025-11-17 04:00:00,1.984,1.987,1.974,1.976,772717.6
2025-11-17 04:15:00,1.976,1.988,1.97,1.987,1009233.9
2025-11-17 04:30:00,1.987,1.987,1.97,1.974,495646.6
2025-11-17 04:45:00,1.975,1.976,1.965,1.969,500777.4
2025-11-17 05:00:00,1.969,1.975,1.962,1.969,720570.4
2025-11-17 05:15:00,1.968,1.981,1.968,1.978,561512.9
2025-11-17 05:30:00,1.979,1.984,1.969,1.983,517491.4
2025-11-17 05:45:00,1.983,1.985,1.975,1.977,432379.9
2025-11-17 06:00:00,1.977,1.983,1.964,1.969,834974.2
2025-11-17 06:15:00,1.968,1.983,1.965,1.975,834692.7
2025-11-17 06:30:00,1.975,1.976,1.965,1.966,359590.4
2025-11-17 06:45:00,1.966,1.986,1.965,1.985,427684.4
2025-11-17 07:00:00,1.985,1.994,1.981,1.984,885620.3
2025-11-17 07:15:00,1.983,2.002,1.982,1.99,1099240.9
2025-11-17 07:30:00,1.989,1.996,1.988,1.993,453039.1
2025-11-17 07:45:00,1.993,2.008,1.991,1.999,903696.7
2025-11-17 08:00:00,1.998,2.003,1.994,1.997,388849.9
2025-11-17 08:15:00,1.997,2.003,1.993,1.997,527632.7
2025-11-17 08:30:00,1.997,1.997,1.985,1.99,716740.6
2025-11-17 08:45:00,1.99,1.995,1.989,1.995,360218.8
2025-11-17 09:00:00,1.994,2.006,1.991,2.004,599046.7
2025-11-17 09:15:00,2.004,2.019,1.999,2.001,1160081.1
2025-11-17 09:30:00,2.001,2.006,1.995,2.001,477626.2
2025-11-17 09:45:00,2.001,2.004,1.996,2.001,369500.7
2025-11-17 10:00:00,2.002,2.003,1.99,1.999,713037.9
2025-11-17 10:15:00,2.0,2.003,1.991,1.993,595000.6
2025-11-17 10:30:00,1.992,1.996,1.986,1.992,415561.6
2025-11-17 10:45:00,1.993,1.997,1.988,1.989,275262.0
2025-11-17 11:00:00,1.988,1.992,1.986,1.991,439807.7
2025-11-17 11:15:00,1.992,2.002,1.989,2.001,571018.2
2025-11-17 11:30:00,2.001,2.014,1.991,1.992,1852728.7
2025-11-17 11:45:00,1.992,1.997,1.977,1.994,2148326.7
2025-11-17 12:00:00,1.993,2.0,1.99,1.993,650822.2
2025-11-17 12:15:00,1.993,2.002,1.993,2.002,510834.4
2025-11-17 12:30:00,2.001,2.007,1.994,1.998,583486.7
2025-11-17 12:45:00,1.997,2.005,1.993,1.996,951059.1
2025-11-17 13:00:00,1.995,1.999,1.969,1.976,1931951.6
2025-11-17 13:15:00,1.975,1.983,1.96,1.965,1751101.7
2025-11-17 13:30:00,1.964,1.971,1.943,1.947,2651725.0
2025-11-17 13:45:00,1.946,1.951,1.916,1.935,3381027.1
2025-11-17 14:00:00,1.934,1.951,1.926,1.939,1643533.1
2025-11-17 14:15:00,1.938,1.959,1.934,1.947,1501417.3
2025-11-17 14:30:00,1.946,2.025,1.938,1.987,5791931.0
2025-11-17 14:45:00,1.986,2.005,1.97,1.979,2070792.4
2025-11-17 15:00:00,1.979,2.001,1.963,1.98,2153287.0
2025-11-17 15:15:00,1.98,1.998,1.951,1.992,2010687.7
2025-11-17 15:30:00,1.992,1.997,1.966,1.981,1518002.2
2025-11-17 15:45:00,1.98,1.983,1.956,1.972,1236486.2
2025-11-17 16:00:00,1.972,1.972,1.941,1.946,1460978.1
2025-11-17 16:15:00,1.946,1.983,1.934,1.98,2388735.5
2025-11-17 16:30:00,1.98,2.022,1.976,2.003,2550366.5
2025-11-17 16:45:00,2.003,2.091,1.992,2.079,7102330.9
2025-11-17 17:00:00,2.079,2.082,2.041,2.064,4578640.2
2025-11-17 17:15:00,2.064,2.068,2.024,2.035,2658391.7
2025-11-17 17:30:00,2.035,2.058,2.014,2.024,2648160.2
2025-11-17 17:45:00,2.023,2.052,2.013,2.048,2259570.8
2025-11-17 18:00:00,2.048,2.106,2.044,2.079,5877724.1
2025-11-17 18:15:00,2.078,2.09,2.043,2.057,3581317.8
2025-11-17 18:30:00,2.056,2.119,2.053,2.113,3599995.0
2025-11-17 18:45:00,2.112,2.168,2.106,2.132,8586854.3
2025-11-17 19:00:00,2.132,2.165,2.083,2.098,7773470.2
2025-11-17 19:15:00,2.098,2.134,2.077,2.129,4321568.6
2025-11-17 19:30:00,2.129,2.14,2.094,2.101,3436164.0
2025-11-17 19:45:00,2.1,2.143,2.088,2.139,3954418.8
2025-11-17 20:00:00,2.139,2.142,2.082,2.087,3942616.1
2025-11-17 20:15:00,2.087,2.088,2.032,2.047,5851173.3
2025-11-17 20:30:00,2.048,2.067,2.028,2.047,2735881.0
2025-11-17 20:45:00,2.048,2.074,2.037,2.039,2343637.2
2025-11-17 21:00:00,2.039,2.042,2.014,2.023,2582184.5
2025-11-17 21:15:00,2.024,2.024,1.981,1.995,3064312.0
2025-11-17 21:30:00,1.996,2.001,1.976,1.985,2161938.2
2025-11-17 21:45:00,1.985,2.005,1.971,2.005,1588465.9
2025-11-17 22:00:00,2.005,2.018,1.99,2.007,1838742.6
2025-11-17 22:15:00,2.007,2.027,2.001,2.025,1434817.1
2025-11-17 22:30:00,2.026,2.078,2.019,2.074,2458094.8
2025-11-17 22:45:00,2.073,2.087,2.048,2.053,1179894.7
2025-11-17 23:00:00,2.054,2.06,2.02,2.023,2070968.4
2025-11-17 23:15:00,2.023,2.024,2.001,2.004,1702232.8
2025-11-17 23:30:00,2.005,2.01,1.992,2.005,2235637.7
2025-11-17 23:45:00,2.005,2.03,2.004,2.019,1552599.4
2025-11-18 00:00:00,2.018,2.02,1.995,1.997,1390542.8
2025-11-18 00:15:00,1.997,2.04,1.979,2.027,4013701.4
2025-11-18 00:30:00,2.026,2.035,1.998,2.018,2209705.9
2025-11-18 00:45:00,2.018,2.095,1.998,2.072,6001867.3
2025-11-18 01:00:00,2.072,2.121,2.056,2.109,6370644.2
2025-11-18 01:15:00,2.11,2.133,2.092,2.113,4450069.0
2025-11-18 01:30:00,2.114,2.157,2.111,2.155,5453542.0
2025-11-18 01:45:00,2.155,2.171,2.124,2.167,4060782.9
2025-11-18 02:00:00,2.167,2.182,2.141,2.163,5282938.6
2025-11-18 02:15:00,2.163,2.172,2.119,2.159,4114824.8
2025-11-18 02:30:00,2.158,2.205,2.158,2.166,5264271.0
2025-11-18 02:45:00,2.167,2.169,2.1,2.11,4722449.6
2025-11-18 03:00:00,2.11,2.113,2.073,2.099,5141196.7
2025-11-18 03:15:00,2.1,2.11,2.054,2.067,4107309.0
2025-11-18 03:30:00,2.067,2.109,2.057,2.087,3840838.1
2025-11-18 03:45:00,2.086,2.103,2.055,2.061,3715096.7
2025-11-18 04:00:00,2.06,2.071,2.038,2.047,2701328.6
2025-11-18 04:15:00,2.048,2.092,2.043,2.088,2876442.3
2025-11-18 04:30:00,2.089,2.094,2.07,2.074,2265749.8
2025-11-18 04:45:00,2.073,2.112,2.054,2.101,2973296.6
2025-11-18 05:00:00,2.102,2.121,2.074,2.111,2418433.1
2025-11-18 05:15:00,2.112,2.121,2.089,2.104,2624065.4
2025-11-18 05:30:00,2.104,2.143,2.069,2.077,5801117.4
2025-11-18 05:45:00,2.078,2.107,2.075,2.09,3327661.5
2025-11-18 06:00:00,2.09,2.119,2.073,2.103,2058682.5
2025-11-18 06:15:00,2.104,2.104,2.056,2.061,2540553.3
2025-11-18 06:30:00,2.06,2.065,2.024,2.027,2579437.1
2025-11-18 06:45:00,2.026,2.038,2.007,2.014,2961677.6
2025-11-18 07:00:00,2.014,2.028,1.998,2.012,2642748.9
2025-11-18 07:15:00,2.012,2.018,1.971,2.011,3860536.3
2025-11-18 07:30:00,2.011,2.032,2.0,2.014,2379616.2
2025-11-18 07:45:00,2.014,2.022,1.998,1.998,1584621.1
2025-11-18 08:00:00,1.999,2.011,1.985,1.999,2190423.0
2025-11-18 08:15:00,1.999,2.022,1.966,1.984,4682444.0
2025-11-18 08:30:00,1.984,2.021,1.982,2.004,2508173.6
2025-11-18 08:45:00,2.005,2.005,1.989,2.002,1816620.3
2025-11-18 09:00:00,2.001,2.005,1.974,1.981,2493834.7
2025-11-18 09:15:00,1.981,1.99,1.953,1.957,4112645.6
2025-11-18 09:30:00,1.957,1.965,1.947,1.963,2698790.3
2025-11-18 09:45:00,1.964,1.986,1.958,1.979,1964434.9
2025-11-18 10:00:00,1.979,1.987,1.957,1.959,1612368.5
2025-11-18 10:15:00,1.96,1.97,1.943,1.955,1996440.4
2025-11-18 10:30:00,1.956,1.974,1.955,1.967,1361262.5
2025-11-18 10:45:00,1.968,1.981,1.967,1.979,1080768.7
2025-11-18 11:00:00,1.98,1.98,1.952,1.956,1358761.8
2025-11-18 11:15:00,1.957,1.958,1.928,1.94,3527871.3
2025-11-18 11:30:00,1.941,1.948,1.929,1.946,1368340.0
2025-11-18 11:45:00,1.946,1.952,1.935,1.94,985579.1
2025-11-18 12:00:00,1.94,1.946,1.919,1.924,1962035.0
2025-11-18 12:15:00,1.923,1.945,1.923,1.928,1454597.8
2025-11-18 12:30:00,1.929,1.955,1.926,1.95,1170322.1
2025-11-18 12:45:00,1.949,1.951,1.934,1.941,931303.0
2025-11-18 13:00:00,1.94,1.94,1.908,1.921,2604782.4
2025-11-18 13:15:00,1.922,1.932,1.915,1.926,1308229.0
2025-11-18 13:30:00,1.926,1.934,1.89,1.917,5115834.6
2025-11-18 13:45:00,1.917,1.933,1.913,1.926,1269204.9
2025-11-18 14:00:00,1.927,1.936,1.918,1.922,1403661.5
2025-11-18 14:15:00,1.922,1.95,1.913,1.937,2017699.2
2025-11-18 14:30:00,1.936,1.963,1.919,1.934,4760394.8
2025-11-18 14:45:00,1.934,1.951,1.91,1.911,2409561.5
2025-11-18 15:00:00,1.91,1.946,1.897,1.938,3501759.0
2025-11-18 15:15:00,1.938,1.97,1.933,1.959,3747417.6
2025-11-18 15:30:00,1.958,1.975,1.95,1.958,2088228.0
2025-11-18 15:45:00,1.957,1.957,1.941,1.946,1696653.4
2025-11-18 16:00:00,1.946,1.975,1.933,1.961,3567258.0
2025-11-18 16:15:00,1.96,2.018,1.954,2.01,4707993.7
2025-11-18 16:30:00,2.01,2.035,1.997,2.006,3681514.9
2025-11-18 16:45:00,2.006,2.014,1.996,2.005,1718266.7
2025-11-18 17:00:00,2.005,2.012,1.987,1.989,2604539.2
2025-11-18 17:15:00,1.988,1.997,1.976,1.976,2190049.9
2025-11-18 17:30:00,1.976,1.989,1.956,1.978,3368076.7
2025-11-18 17:45:00,1.977,1.983,1.966,1.979,1774254.0
2025-11-18 18:00:00,1.979,2.007,1.977,2.002,1249699.1
2025-11-18 18:15:00,2.003,2.003,1.982,1.983,970520.8
2025-11-18 18:30:00,1.983,1.993,1.978,1.982,940128.5
2025-11-18 18:45:00,1.981,1.992,1.974,1.981,1057355.2
2025-11-18 19:00:00,1.98,1.985,1.97,1.978,1299300.6
2025-11-18 19:15:00,1.979,1.985,1.974,1.983,487043.4
2025-11-18 19:30:00,1.983,1.991,1.97,1.973,760927.7
2025-11-18 19:45:00,1.972,1.974,1.951,1.96,1201222.6
2025-11-18 20:00:00,1.961,1.968,1.954,1.963,931910.5
2025-11-18 20:15:00,1.963,1.969,1.959,1.967,501728.6
2025-11-18 20:30:00,1.966,1.973,1.954,1.969,703523.4
2025-11-18 20:45:00,1.97,1.974,1.96,1.963,608735.7
2025-11-18 21:00:00,1.963,1.975,1.954,1.974,673091.9
2025-11-18 21:15:00,1.974,1.976,1.966,1.969,495805.3
2025-11-18 21:30:00,1.969,1.969,1.945,1.953,1197777.1
2025-11-18 21:45:00,1.953,1.954,1.936,1.939,1155104.8
2025-11-18 22:00:00,1.939,1.964,1.938,1.963,836727.8
2025-11-18 22:15:00,1.962,1.984,1.958,1.979,948323.1
2025-11-18 22:30:00,1.979,1.993,1.974,1.992,1083897.6
2025-11-18 22:45:00,1.992,2.011,1.991,2.008,1718775.3
2025-11-18 23:00:00,2.009,2.009,1.981,1.988,1655801.6
2025-11-18 23:15:00,1.988,1.997,1.983,1.993,1023753.9
2025-11-18 23:30:00,1.994,1.996,1.98,1.982,1161942.6
2025-11-18 23:45:00,1.981,1.989,1.979,1.985,473906.1
2025-11-19 00:00:00,1.985,2.001,1.965,1.969,1540567.3
2025-11-19 00:15:00,1.97,1.979,1.951,1.974,1360494.4
2025-11-19 00:30:00,1.974,2.01,1.974,2.009,1515920.0
2025-11-19 00:45:00,2.008,2.023,1.998,2.007,2591487.4
2025-11-19 01:00:00,2.007,2.009,1.989,2.002,1500496.2
2025-11-19 01:15:00,2.003,2.023,1.998,2.007,921831.9
2025-11-19 01:30:00,2.006,2.009,1.993,1.997,1073397.1
2025-11-19 01:45:00,1.998,1.998,1.981,1.988,788976.0
2025-11-19 02:00:00,1.989,2.003,1.984,1.999,777629.6
2025-11-19 02:15:00,1.999,2.006,1.981,1.985,1538142.1
2025-11-19 02:30:00,1.985,1.996,1.967,1.967,1012757.0
2025-11-19 02:45:00,1.968,1.983,1.967,1.977,696818.3
2025-11-19 03:00:00,1.977,1.985,1.955,1.957,1277340.4
2025-11-19 03:15:00,1.956,1.958,1.943,1.948,1775334.2
2025-11-19 03:30:00,1.948,1.948,1.924,1.933,2189097.2
2025-11-19 03:45:00,1.933,1.937,1.917,1.922,1540782.8
2025-11-19 04:00:00,1.922,1.928,1.915,1.92,1344441.8
2025-11-19 04:15:00,1.92,1.937,1.92,1.924,944318.3
2025-11-19 04:30:00,1.923,1.931,1.919,1.921,957525.0
2025-11-19 04:45:00,1.921,1.923,1.912,1.916,1028690.5
2025-11-19 05:00:00,1.916,1.918,1.897,1.901,2485768.2
2025-11-19 05:15:00,1.9,1.909,1.849,1.858,6790500.1
2025-11-19 05:30:00,1.859,1.865,1.814,1.82,7525153.6
2025-11-19 05:45:00,1.82,1.835,1.818,1.829,2353690.7
2025-11-19 06:00:00,1.829,1.836,1.817,1.826,2615390.4
2025-11-19 06:15:00,1.826,1.831,1.783,1.804,7508793.2
2025-11-19 06:30:00,1.804,1.826,1.801,1.823,2798935.1
2025-11-19 06:45:00,1.822,1.855,1.817,1.849,2518150.4
2025-11-19 07:00:00,1.849,1.859,1.843,1.851,2368243.6
2025-11-19 07:15:00,1.851,1.86,1.845,1.854,1146533.6
2025-11-19 07:30:00,1.855,1.879,1.851,1.876,1803754.2
2025-11-19 07:45:00,1.876,1.883,1.871,1.876,1325472.0
2025-11-19 08:00:00,1.876,1.901,1.876,1.895,3067295.6
2025-11-19 08:15:00,1.895,1.897,1.885,1.89,1207698.0
2025-11-19 08:30:00,1.89,1.893,1.877,1.883,1272068.0
2025-11-19 08:45:00,1.882,1.899,1.88,1.892,1274858.7
2025-11-19 09:00:00,1.892,1.903,1.882,1.901,1310720.9
2025-11-19 09:15:00,1.901,1.904,1.887,1.902,1213549.1
2025-11-19 09:30:00,1.902,1.922,1.902,1.914,1555023.2
2025-11-19 09:45:00,1.914,1.916,1.901,1.912,926144.6
2025-11-19 10:00:00,1.912,1.923,1.903,1.92,1084901.2
2025-11-19 10:15:00,1.92,1.94,1.911,1.912,2073642.5
2025-11-19 10:30:00,1.912,1.918,1.902,1.906,798995.9
2025-11-19 10:45:00,1.905,1.914,1.901,1.912,676804.4
2025-11-19 11:00:00,1.912,1.922,1.91,1.922,788413.2
2025-11-19 11:15:00,1.921,1.923,1.91,1.912,614582.9
2025-11-19 11:30:00,1.911,1.925,1.911,1.917,573916.5
2025-11-19 11:45:00,1.918,1.918,1.903,1.909,991911.4
2025-11-19 12:00:00,1.909,1.927,1.904,1.92,1252427.3
2025-11-19 12:15:00,1.92,1.92,1.91,1.91,589714.3
2025-11-19 12:30:00,1.91,1.914,1.903,1.906,484621.0
2025-11-19 12:45:00,1.906,1.914,1.906,1.91,676050.9
2025-11-19 13:00:00,1.911,1.912,1.895,1.9,1797814.2
2025-11-19 13:15:00,1.9,1.908,1.886,1.895,1343955.2
2025-11-19 13:30:00,1.894,1.898,1.883,1.889,1110739.9
2025-11-19 13:45:00,1.888,1.891,1.874,1.876,1820496.8
2025-11-19 14:00:00,1.876,1.879,1.86,1.875,3097536.2
2025-11-19 14:15:00,1.876,1.876,1.844,1.856,3671777.0
2025-11-19 14:30:00,1.857,1.877,1.855,1.872,2487256.0
2025-11-19 14:45:00,1.873,1.879,1.863,1.879,1213977.6
2025-11-19 15:00:00,1.88,1.916,1.877,1.891,3585566.8
2025-11-19 15:15:00,1.892,1.902,1.861,1.87,2106344.2
2025-11-19 15:30:00,1.871,1.872,1.848,1.863,3641809.9
2025-11-19 15:45:00,1.863,1.863,1.839,1.842,2381883.8
2025-11-19 16:00:00,1.841,1.856,1.835,1.844,1929635.4
2025-11-19 16:15:00,1.844,1.849,1.817,1.822,2246643.8
2025-11-19 16:30:00,1.821,1.83,1.809,1.821,2053992.7
2025-11-19 16:45:00,1.821,1.829,1.811,1.824,1406919.3
2025-11-19 17:00:00,1.824,1.833,1.816,1.822,1561680.3
2025-11-19 17:15:00,1.823,1.833,1.817,1.823,767239.9
2025-11-19 17:30:00,1.824,1.828,1.8,1.819,2419960.0
2025-11-19 17:45:00,1.818,1.828,1.81,1.815,991727.4
2025-11-19 18:00:00,1.815,1.817,1.795,1.802,2195751.7
2025-11-19 18:15:00,1.803,1.803,1.766,1.778,3920494.1
2025-11-19 18:30:00,1.778,1.788,1.771,1.774,1782578.4
2025-11-19 18:45:00,1.774,1.785,1.772,1.782,1541718.4
2025-11-19 19:00:00,1.782,1.787,1.771,1.775,1108877.7
2025-11-19 19:15:00,1.775,1.776,1.758,1.765,1817828.6
2025-11-19 19:30:00,1.765,1.785,1.761,1.782,919062.7
2025-11-19 19:45:00,1.782,1.797,1.78,1.793,875858.5
2025-11-19 20:00:00,1.793,1.799,1.781,1.791,880276.6
2025-11-19 20:15:00,1.792,1.798,1.786,1.794,937469.7
2025-11-19 20:30:00,1.795,1.803,1.785,1.794,834224.7
2025-11-19 20:45:00,1.795,1.813,1.79,1.809,1002227.8
2025-11-19 21:00:00,1.81,1.827,1.804,1.812,1010030.6
2025-11-19 21:15:00,1.811,1.853,1.809,1.837,2645486.2
2025-11-19 21:30:00,1.837,1.847,1.832,1.846,934520.7
2025-11-19 21:45:00,1.847,1.861,1.841,1.856,748497.0
2025-11-19 22:00:00,1.856,1.864,1.847,1.848,975522.3
2025-11-19 22:15:00,1.849,1.856,1.84,1.856,605621.0
2025-11-19 22:30:00,1.856,1.86,1.846,1.858,401847.5
2025-11-19 22:45:00,1.858,1.868,1.853,1.861,449803.3
2025-11-19 23:00:00,1.861,1.89,1.86,1.885,1361474.5
2025-11-19 23:15:00,1.886,1.888,1.874,1.876,716644.2
2025-11-19 23:30:00,1.875,1.881,1.872,1.875,738279.2
2025-11-19 23:45:00,1.874,1.882,1.873,1.88,572837.1
2025-11-20 00:00:00,1.88,1.88,1.861,1.869,894355.1
2025-11-20 00:15:00,1.868,1.874,1.865,1.865,492076.6
2025-11-20 00:30:00,1.865,1.874,1.862,1.873,1196370.1
2025-11-20 00:45:00,1.872,1.878,1.863,1.865,602610.1
2025-11-20 01:00:00,1.864,1.877,1.86,1.869,943380.9
2025-11-20 01:15:00,1.868,1.876,1.865,1.868,460068.6
2025-11-20 01:30:00,1.869,1.888,1.867,1.884,878546.4
2025-11-20 01:45:00,1.884,1.895,1.878,1.891,1345351.8
2025-11-20 02:00:00,1.892,1.905,1.882,1.886,2029783.8
2025-11-20 02:15:00,1.886,1.887,1.869,1.877,634667.9
2025-11-20 02:30:00,1.877,1.883,1.869,1.87,789164.7
2025-11-20 02:45:00,1.87,1.878,1.867,1.875,510880.3
2025-11-20 03:00:00,1.874,1.877,1.868,1.873,408864.1
2025-11-20 03:15:00,1.872,1.873,1.86,1.862,682978.6
2025-11-20 03:30:00,1.861,1.866,1.844,1.857,1990917.4
2025-11-20 03:45:00,1.857,1.862,1.855,1.856,665664.7
2025-11-20 04:00:00,1.856,1.87,1.853,1.869,526137.8
2025-11-20 04:15:00,1.868,1.869,1.859,1.861,598679.5
2025-11-20 04:30:00,1.86,1.864,1.855,1.863,523787.2
2025-11-20 04:45:00,1.862,1.876,1.862,1.876,668888.5
2025-11-20 05:00:00,1.876,1.882,1.868,1.875,831580.7
2025-11-20 05:15:00,1.874,1.875,1.865,1.867,514315.1
2025-11-20 05:30:00,1.866,1.873,1.865,1.868,477544.8
2025-11-20 05:45:00,1.867,1.873,1.863,1.87,529679.2
2025-11-20 06:00:00,1.87,1.875,1.862,1.871,698466.0
2025-11-20 06:15:00,1.87,1.891,1.868,1.889,932605.1
2025-11-20 06:30:00,1.889,1.89,1.868,1.871,1124808.6
2025-11-20 06:45:00,1.871,1.871,1.859,1.869,1489180.0
2025-11-20 07:00:00,1.868,1.876,1.862,1.871,704753.3
2025-11-20 07:15:00,1.872,1.873,1.868,1.872,261409.8
2025-11-20 07:30:00,1.873,1.878,1.871,1.875,367415.6
2025-11-20 07:45:00,1.876,1.882,1.875,1.88,558143.6
2025-11-20 08:00:00,1.88,1.88,1.868,1.869,472608.8
2025-11-20 08:15:00,1.868,1.875,1.867,1.871,420292.4
2025-11-20 08:30:00,1.871,1.876,1.869,1.874,248845.4
2025-11-20 08:45:00,1.873,1.878,1.866,1.87,396512.8
2025-11-20 09:00:00,1.87,1.873,1.867,1.869,406334.4
2025-11-20 09:15:00,1.868,1.87,1.86,1.863,573319.7
2025-11-20 09:30:00,1.863,1.872,1.863,1.867,617825.0
2025-11-20 09:45:00,1.867,1.867,1.852,1.862,1026339.1
2025-11-20 10:00:00,1.863,1.865,1.848,1.852,1302677.0
2025-11-20 10:15:00,1.851,1.866,1.85,1.863,743886.6
2025-11-20 10:30:00,1.863,1.866,1.856,1.86,333235.0
2025-11-20 10:45:00,1.86,1.872,1.859,1.871,433265.0
2025-11-20 11:00:00,1.87,1.882,1.865,1.881,676908.0
2025-11-20 11:15:00,1.88,1.881,1.866,1.869,514942.5
2025-11-20 11:30:00,1.868,1.87,1.86,1.866,536116.2
2025-11-20 11:45:00,1.866,1.872,1.86,1.87,498972.7
2025-11-20 12:00:00,1.87,1.872,1.857,1.858,639472.3
2025-11-20 12:15:00,1.857,1.871,1.857,1.869,763074.4
2025-11-20 12:30:00,1.869,1.877,1.863,1.865,786650.4
2025-11-20 12:45:00,1.866,1.884,1.863,1.881,839914.5
2025-11-20 13:00:00,1.88,1.886,1.87,1.881,1444970.1
2025-11-20 13:15:00,1.88,1.88,1.864,1.875,879510.6
2025-11-20 13:30:00,1.875,1.9,1.858,1.863,2184365.0
2025-11-20 13:45:00,1.862,1.876,1.858,1.86,1082421.3
2025-11-20 14:00:00,1.86,1.862,1.837,1.844,2746875.2
2025-11-20 14:15:00,1.843,1.883,1.842,1.878,2129011.4
2025-11-20 14:30:00,1.879,1.891,1.867,1.873,2016936.2
2025-11-20 14:45:00,1.873,1.893,1.863,1.89,1949525.1
2025-11-20 15:00:00,1.891,1.892,1.849,1.871,2597336.0
2025-11-20 15:15:00,1.871,1.888,1.865,1.879,1190187.8
2025-11-20 15:30:00,1.879,1.88,1.862,1.868,893358.9
2025-11-20 15:45:00,1.868,1.869,1.843,1.848,1395182.4
2025-11-20 16:00:00,1.849,1.854,1.794,1.806,5823096.2
2025-11-20 16:15:00,1.806,1.83,1.789,1.807,4665769.4
2025-11-20 16:30:00,1.807,1.812,1.787,1.788,1985698.7
2025-11-20 16:45:00,1.788,1.799,1.775,1.787,2421692.2
2025-11-20 17:00:00,1.787,1.798,1.764,1.775,3108658.2
2025-11-20 17:15:00,1.774,1.789,1.765,1.783,2335993.9
2025-11-20 17:30:00,1.782,1.808,1.776,1.793,2058353.3
2025-11-20 17:45:00,1.793,1.797,1.779,1.787,1296207.9
2025-11-20 18:00:00,1.787,1.804,1.777,1.8,1675800.4
2025-11-20 18:15:00,1.801,1.802,1.783,1.79,1038292.8
2025-11-20 18:30:00,1.791,1.791,1.77,1.775,1238373.9
2025-11-20 18:45:00,1.775,1.781,1.773,1.775,884072.5
2025-11-20 19:00:00,1.775,1.777,1.753,1.763,2552376.1
2025-11-20 19:15:00,1.763,1.791,1.761,1.779,1417553.6
2025-11-20 19:30:00,1.78,1.781,1.768,1.777,689933.4
2025-11-20 19:45:00,1.778,1.787,1.771,1.782,509092.8
2025-11-20 20:00:00,1.783,1.787,1.764,1.765,1960623.3
2025-11-20 20:15:00,1.765,1.771,1.756,1.77,952203.1
2025-11-20 20:30:00,1.77,1.774,1.76,1.766,826764.9
2025-11-20 20:45:00,1.767,1.778,1.764,1.773,432206.2
2025-11-20 21:00:00,1.773,1.791,1.771,1.789,730229.7
2025-11-20 21:15:00,1.788,1.814,1.786,1.804,1273962.1
2025-11-20 21:30:00,1.804,1.812,1.801,1.81,1447468.3
2025-11-20 21:45:00,1.809,1.811,1.792,1.796,694429.6
2025-11-20 22:00:00,1.796,1.816,1.793,1.815,622769.6
2025-11-20 22:15:00,1.816,1.834,1.816,1.829,917027.3
2025-11-20 22:30:00,1.83,1.836,1.817,1.829,924624.8
2025-11-20 22:45:00,1.829,1.841,1.827,1.835,524412.6
2025-11-20 23:00:00,1.835,1.838,1.814,1.829,1106325.1
2025-11-20 23:15:00,1.83,1.834,1.818,1.822,751965.0
2025-11-20 23:30:00,1.822,1.828,1.806,1.817,1108518.0
2025-11-20 23:45:00,1.817,1.824,1.815,1.82,686553.3
2025-11-21 00:00:00,1.82,1.833,1.814,1.825,1325470.1
2025-11-21 00:15:00,1.826,1.838,1.82,1.836,601543.7
2025-11-21 00:30:00,1.836,1.838,1.815,1.818,742889.1
2025-11-21 00:45:00,1.818,1.837,1.818,1.836,552444.9
2025-11-21 01:00:00,1.837,1.854,1.837,1.847,1088631.5
2025-11-21 01:15:00,1.848,1.867,1.839,1.858,1438641.3
2025-11-21 01:30:00,1.859,1.859,1.842,1.842,610429.6
2025-11-21 01:45:00,1.843,1.846,1.833,1.841,607753.5
2025-11-21 02:00:00,1.842,1.848,1.828,1.829,877246.8
2025-11-21 02:15:00,1.83,1.845,1.821,1.832,1051843.7
2025-11-21 02:30:00,1.831,1.831,1.815,1.816,1568042.0
2025-11-21 02:45:00,1.817,1.829,1.788,1.793,2343616.6
2025-11-21 03:00:00,1.793,1.821,1.793,1.797,2004551.5
2025-11-21 03:15:00,1.797,1.8,1.773,1.795,2371433.7
2025-11-21 03:30:00,1.794,1.806,1.782,1.803,1068417.8
2025-11-21 03:45:00,1.803,1.806,1.795,1.795,544199.7
2025-11-21 04:00:00,1.794,1.802,1.787,1.793,913824.2
2025-11-21 04:15:00,1.792,1.792,1.774,1.781,894725.0
2025-11-21 04:30:00,1.781,1.782,1.738,1.766,3952158.0
2025-11-21 04:45:00,1.766,1.781,1.755,1.776,1444081.3
2025-11-21 05:00:00,1.775,1.783,1.766,1.783,835386.1
2025-11-21 05:15:00,1.782,1.789,1.774,1.785,1063243.6
2025-11-21 05:30:00,1.784,1.788,1.755,1.761,972670.1
2025-11-21 05:45:00,1.76,1.765,1.749,1.755,1091759.0
2025-11-21 06:00:00,1.756,1.763,1.743,1.759,906262.0
2025-11-21 06:15:00,1.759,1.763,1.747,1.752,550107.0
2025-11-21 06:30:00,1.751,1.758,1.73,1.743,1758051.3
2025-11-21 06:45:00,1.743,1.751,1.737,1.74,798159.8
2025-11-21 07:00:00,1.739,1.751,1.721,1.727,1756021.8
2025-11-21 07:15:00,1.727,1.741,1.724,1.735,1655621.0
2025-11-21 07:30:00,1.735,1.737,1.533,1.669,18618133.3
2025-11-21 07:45:00,1.67,1.672,1.634,1.646,7086674.5
2025-11-21 08:00:00,1.646,1.67,1.637,1.651,3534641.2
2025-11-21 08:15:00,1.65,1.659,1.641,1.644,2055747.6
2025-11-21 08:30:00,1.643,1.653,1.634,1.651,2483383.3
2025-11-21 08:45:00,1.652,1.674,1.65,1.663,2005552.6
2025-11-21 09:00:00,1.664,1.673,1.659,1.663,1509155.3
2025-11-21 09:15:00,1.662,1.663,1.642,1.646,1161423.9
2025-11-21 09:30:00,1.646,1.647,1.628,1.631,1947236.3
2025-11-21 09:45:00,1.63,1.635,1.621,1.625,1331500.1
2025-11-21 10:00:00,1.625,1.65,1.612,1.633,2728629.2
2025-11-21 10:15:00,1.633,1.649,1.626,1.634,1215925.8
2025-11-21 10:30:00,1.635,1.648,1.634,1.641,1511749.1
2025-11-21 10:45:00,1.641,1.642,1.617,1.622,1272234.0
2025-11-21 11:00:00,1.623,1.633,1.616,1.623,2499705.7
2025-11-21 11:15:00,1.624,1.626,1.608,1.608,1398440.7
2025-11-21 11:30:00,1.609,1.615,1.596,1.602,1963293.8
2025-11-21 11:45:00,1.603,1.606,1.594,1.601,1265370.7
2025-11-21 12:00:00,1.602,1.614,1.599,1.608,1183839.5
2025-11-21 12:15:00,1.608,1.608,1.572,1.58,4151417.8
2025-11-21 12:30:00,1.58,1.643,1.58,1.639,6134626.6
2025-11-21 12:45:00,1.64,1.654,1.631,1.635,3137561.1
2025-11-21 13:00:00,1.635,1.656,1.631,1.655,2381171.9
2025-11-21 13:15:00,1.656,1.667,1.643,1.645,2048987.7
2025-11-21 13:30:00,1.645,1.663,1.643,1.661,930790.5
2025-11-21 13:45:00,1.661,1.668,1.652,1.654,1251720.1
2025-11-21 14:00:00,1.654,1.657,1.644,1.644,987063.9
2025-11-21 14:15:00,1.644,1.645,1.636,1.643,1103505.1
2025-11-21 14:30:00,1.642,1.682,1.639,1.669,4202202.5
2025-11-21 14:45:00,1.67,1.683,1.656,1.673,2210733.1
2025-11-21 15:00:00,1.674,1.679,1.661,1.667,1646660.2
2025-11-21 15:15:00,1.667,1.69,1.66,1.67,3068569.5
2025-11-21 15:30:00,1.67,1.676,1.651,1.664,2657527.9
2025-11-21 15:45:00,1.665,1.671,1.652,1.664,1838267.6
2025-11-21 16:00:00,1.664,1.667,1.637,1.648,3422962.9
2025-11-21 16:15:00,1.648,1.666,1.638,1.664,1759372.8
2025-11-21 16:30:00,1.664,1.676,1.651,1.653,1849327.9
2025-11-21 16:45:00,1.653,1.694,1.644,1.693,2379576.7
2025-11-21 17:00:00,1.694,1.713,1.687,1.697,3430038.4
2025-11-21 17:15:00,1.697,1.701,1.678,1.68,2018524.2
2025-11-21 17:30:00,1.681,1.693,1.679,1.685,1177878.9
2025-11-21 17:45:00,1.686,1.69,1.674,1.678,809757.0
2025-11-21 18:00:00,1.679,1.682,1.652,1.656,2689547.1
2025-11-21 18:15:00,1.657,1.668,1.647,1.667,1557056.0
2025-11-21 18:30:00,1.667,1.69,1.662,1.688,1819612.9
2025-11-21 18:45:00,1.689,1.708,1.685,1.689,1563413.5
2025-11-21 19:00:00,1.689,1.693,1.672,1.674,1258210.0
2025-11-21 19:15:00,1.674,1.691,1.671,1.686,547378.1
2025-11-21 19:30:00,1.686,1.69,1.676,1.68,679664.5
2025-11-21 19:45:00,1.68,1.682,1.669,1.674,477705.9
2025-11-21 20:00:00,1.675,1.676,1.656,1.667,878958.8
2025-11-21 20:15:00,1.667,1.668,1.639,1.641,992687.6
2025-11-21 20:30:00,1.642,1.659,1.639,1.653,948248.8
2025-11-21 20:45:00,1.653,1.663,1.644,1.658,1249478.8
2025-11-21 21:00:00,1.658,1.662,1.642,1.653,1038335.9
2025-11-21 21:15:00,1.653,1.677,1.645,1.672,1066735.8
2025-11-21 21:30:00,1.673,1.686,1.667,1.68,732147.8
2025-11-21 21:45:00,1.681,1.684,1.67,1.674,423293.9
2025-11-21 22:00:00,1.675,1.679,1.663,1.666,495367.9
2025-11-21 22:15:00,1.666,1.669,1.645,1.649,717296.5
2025-11-21 22:30:00,1.649,1.652,1.635,1.64,1219762.4
2025-11-21 22:45:00,1.641,1.646,1.615,1.616,1853813.8
2025-11-21 23:00:00,1.616,1.625,1.608,1.622,1522188.9
2025-11-21 23:15:00,1.623,1.655,1.622,1.654,1100945.7
2025-11-21 23:30:00,1.655,1.662,1.649,1.662,555673.4
2025-11-21 23:45:00,1.661,1.666,1.656,1.658,574836.4
2025-11-22 00:00:00,1.659,1.668,1.655,1.661,770065.3
2025-11-22 00:15:00,1.661,1.662,1.637,1.641,932715.9
2025-11-22 00:30:00,1.641,1.654,1.64,1.652,561358.3
2025-11-22 00:45:00,1.653,1.657,1.645,1.654,564361.2
2025-11-22 01:00:00,1.654,1.668,1.653,1.662,994193.0
2025-11-22 01:15:00,1.662,1.664,1.647,1.652,334526.2
2025-11-22 01:30:00,1.652,1.663,1.649,1.65,625024.7
2025-11-22 01:45:00,1.65,1.664,1.65,1.662,378160.6
2025-11-22 02:00:00,1.662,1.666,1.651,1.652,584871.0
2025-11-22 02:15:00,1.652,1.658,1.644,1.65,472200.6
2025-11-22 02:30:00,1.65,1.65,1.634,1.638,921917.8
2025-11-22 02:45:00,1.638,1.645,1.634,1.644,378587.1
2025-11-22 03:00:00,1.644,1.656,1.638,1.656,678993.9
2025-11-22 03:15:00,1.655,1.658,1.65,1.652,421133.6
2025-11-22 03:30:00,1.652,1.655,1.635,1.645,782147.6
2025-11-22 03:45:00,1.646,1.647,1.639,1.643,273620.5
2025-11-22 04:00:00,1.643,1.646,1.615,1.62,1603640.6
2025-11-22 04:15:00,1.619,1.627,1.614,1.624,878356.8
2025-11-22 04:30:00,1.623,1.63,1.609,1.617,1056309.8
2025-11-22 04:45:00,1.616,1.639,1.616,1.637,721368.8
2025-11-22 05:00:00,1.636,1.643,1.625,1.627,710378.3
2025-11-22 05:15:00,1.626,1.627,1.611,1.624,778467.4
2025-11-22 05:30:00,1.624,1.625,1.604,1.61,821037.5
2025-11-22 05:45:00,1.61,1.623,1.607,1.617,542348.8
2025-11-22 06:00:00,1.617,1.623,1.607,1.619,582355.4
2025-11-22 06:15:00,1.619,1.637,1.613,1.63,869526.1
2025-11-22 06:30:00,1.631,1.641,1.629,1.632,649903.5
2025-11-22 06:45:00,1.631,1.639,1.628,1.635,428256.2
2025-11-22 07:00:00,1.635,1.636,1.626,1.629,456954.4
2025-11-22 07:15:00,1.628,1.637,1.623,1.626,489714.6
2025-11-22 07:30:00,1.626,1.637,1.623,1.632,730041.6
2025-11-22 07:45:00,1.631,1.635,1.627,1.633,366880.2
2025-11-22 08:00:00,1.632,1.634,1.625,1.627,439729.1
2025-11-22 08:15:00,1.627,1.627,1.597,1.603,1400522.8
2025-11-22 08:30:00,1.602,1.607,1.591,1.602,1672999.5
2025-11-22 08:45:00,1.602,1.616,1.6,1.609,907248.0
2025-11-22 09:00:00,1.609,1.619,1.608,1.616,566088.6
2025-11-22 09:15:00,1.616,1.617,1.601,1.608,436649.5
2025-11-22 09:30:00,1.609,1.629,1.607,1.619,1477525.4
2025-11-22 09:45:00,1.619,1.623,1.614,1.618,1865489.0
2025-11-22 10:00:00,1.618,1.621,1.613,1.615,782573.5
2025-11-22 10:15:00,1.616,1.617,1.595,1.601,830306.7
2025-11-22 10:30:00,1.602,1.603,1.595,1.599,545365.5
2025-11-22 10:45:00,1.599,1.607,1.592,1.606,664183.2
2025-11-22 11:00:00,1.606,1.622,1.6,1.621,921913.6
2025-11-22 11:15:00,1.621,1.632,1.615,1.629,433598.6
2025-11-22 11:30:00,1.629,1.629,1.618,1.623,593901.9
2025-11-22 11:45:00,1.624,1.626,1.62,1.621,217036.3
2025-11-22 12:00:00,1.621,1.621,1.606,1.61,727256.2
2025-11-22 12:15:00,1.61,1.613,1.606,1.609,462977.8
2025-11-22 12:30:00,1.609,1.616,1.607,1.609,496189.4
2025-11-22 12:45:00,1.609,1.615,1.604,1.61,692682.5
2025-11-22 13:00:00,1.61,1.618,1.601,1.613,774924.9
2025-11-22 13:15:00,1.613,1.615,1.6,1.604,537135.6
2025-11-22 13:30:00,1.605,1.608,1.592,1.601,634944.2
2025-11-22 13:45:00,1.602,1.612,1.597,1.603,610006.8
2025-11-22 14:00:00,1.603,1.619,1.602,1.617,633616.3
2025-11-22 14:15:00,1.618,1.632,1.616,1.624,913184.3
2025-11-22 14:30:00,1.624,1.628,1.618,1.618,595339.1
2025-11-22 14:45:00,1.619,1.623,1.609,1.616,747925.8
2025-11-22 15:00:00,1.617,1.62,1.601,1.604,801687.6
2025-11-22 15:15:00,1.604,1.613,1.603,1.608,562616.8
2025-11-22 15:30:00,1.609,1.611,1.592,1.596,1207547.9
2025-11-22 15:45:00,1.597,1.605,1.59,1.602,1094121.3
2025-11-22 16:00:00,1.602,1.62,1.6,1.614,764721.2
2025-11-22 16:15:00,1.615,1.617,1.607,1.609,849266.5
2025-11-22 16:30:00,1.609,1.621,1.6,1.612,3861868.5
2025-11-22 16:45:00,1.612,1.616,1.604,1.609,1906036.7
2025-11-22 17:00:00,1.609,1.611,1.601,1.605,705271.2
2025-11-22 17:15:00,1.606,1.612,1.601,1.611,553370.3
2025-11-22 17:30:00,1.612,1.613,1.605,1.606,320713.8
2025-11-22 17:45:00,1.605,1.605,1.596,1.603,535789.2
2025-11-22 18:00:00,1.602,1.603,1.592,1.597,660840.3
2025-11-22 18:15:00,1.597,1.599,1.592,1.596,402096.8
2025-11-22 18:30:00,1.595,1.602,1.591,1.601,450819.1
2025-11-22 18:45:00,1.6,1.609,1.599,1.608,264892.9
2025-11-22 19:00:00,1.608,1.61,1.597,1.605,503744.3
2025-11-22 19:15:00,1.605,1.606,1.574,1.585,2199752.4
2025-11-22 19:30:00,1.584,1.591,1.581,1.585,776492.6
2025-11-22 19:45:00,1.585,1.593,1.583,1.586,430732.8
2025-11-22 20:00:00,1.586,1.601,1.586,1.6,443613.1
2025-11-22 20:15:00,1.599,1.602,1.593,1.599,260169.1
2025-11-22 20:30:00,1.599,1.599,1.567,1.57,1317225.3
2025-11-22 20:45:00,1.57,1.581,1.568,1.581,1620815.1
2025-11-22 21:00:00,1.58,1.588,1.579,1.582,453054.6
2025-11-22 21:15:00,1.581,1.593,1.581,1.593,261644.2
2025-11-22 21:30:00,1.593,1.595,1.585,1.59,299126.3
2025-11-22 21:45:00,1.591,1.592,1.584,1.586,175718.9
2025-11-22 22:00:00,1.586,1.593,1.578,1.592,465468.2
2025-11-22 22:15:00,1.592,1.602,1.591,1.594,709503.8
2025-11-22 22:30:00,1.593,1.609,1.592,1.606,655469.6
2025-11-22 22:45:00,1.606,1.646,1.606,1.63,2723931.0
2025-11-22 23:00:00,1.63,1.639,1.618,1.625,993961.8
2025-11-22 23:15:00,1.625,1.627,1.612,1.613,790813.2
2025-11-22 23:30:00,1.614,1.626,1.612,1.618,720381.6
2025-11-22 23:45:00,1.618,1.618,1.611,1.613,392053.2
2025-11-23 00:00:00,1.613,1.623,1.612,1.615,1035153.6
2025-11-23 00:15:00,1.615,1.624,1.613,1.614,477176.2
2025-11-23 00:30:00,1.614,1.616,1.601,1.609,977572.6
2025-11-23 00:45:00,1.608,1.613,1.602,1.61,306888.6
2025-11-23 01:00:00,1.61,1.623,1.607,1.622,460271.1
2025-11-23 01:15:00,1.621,1.632,1.619,1.63,416725.1
2025-11-23 01:30:00,1.631,1.652,1.628,1.652,1189323.3
2025-11-23 01:45:00,1.652,1.653,1.638,1.643,659173.7
2025-11-23 02:00:00,1.644,1.658,1.64,1.647,841384.6
2025-11-23 02:15:00,1.647,1.662,1.642,1.657,905161.2
2025-11-23 02:30:00,1.658,1.669,1.654,1.662,1238547.6
2025-11-23 02:45:00,1.661,1.665,1.656,1.663,524280.6
2025-11-23 03:00:00,1.662,1.663,1.643,1.645,903873.7
2025-11-23 03:15:00,1.645,1.651,1.641,1.647,639839.3
2025-11-23 03:30:00,1.648,1.66,1.647,1.658,468213.9
2025-11-23 03:45:00,1.659,1.663,1.655,1.661,190491.5
2025-11-23 04:00:00,1.662,1.68,1.661,1.673,1778493.5
2025-11-23 04:15:00,1.673,1.683,1.663,1.667,767447.6
2025-11-23 04:30:00,1.666,1.674,1.665,1.667,291810.2
2025-11-23 04:45:00,1.666,1.676,1.666,1.674,686105.6
2025-11-23 05:00:00,1.675,1.675,1.665,1.67,328639.3
2025-11-23 05:15:00,1.671,1.675,1.666,1.669,238099.5
2025-11-23 05:30:00,1.669,1.674,1.667,1.67,253342.2
2025-11-23 05:45:00,1.669,1.682,1.667,1.681,481181.2
2025-11-23 06:00:00,1.682,1.684,1.668,1.668,681601.2
2025-11-23 06:15:00,1.669,1.672,1.661,1.665,611182.0
2025-11-23 06:30:00,1.664,1.666,1.653,1.66,1084572.2
2025-11-23 06:45:00,1.659,1.663,1.655,1.661,272051.4
2025-11-23 07:00:00,1.662,1.665,1.65,1.663,816618.8
2025-11-23 07:15:00,1.662,1.664,1.648,1.651,920890.7
2025-11-23 07:30:00,1.65,1.656,1.649,1.651,582085.6
2025-11-23 07:45:00,1.651,1.656,1.648,1.653,323357.5
2025-11-23 08:00:00,1.654,1.662,1.653,1.658,674970.7
2025-11-23 08:15:00,1.658,1.659,1.651,1.656,497511.0
2025-11-23 08:30:00,1.655,1.66,1.65,1.652,220770.7
2025-11-23 08:45:00,1.651,1.662,1.651,1.658,314305.4
2025-11-23 09:00:00,1.659,1.661,1.654,1.659,299063.3
2025-11-23 09:15:00,1.659,1.662,1.654,1.656,345122.9
2025-11-23 09:30:00,1.656,1.669,1.655,1.665,548643.7
2025-11-23 09:45:00,1.665,1.665,1.653,1.654,580402.8
2025-11-23 10:00:00,1.655,1.656,1.644,1.645,993803.4
2025-11-23 10:15:00,1.645,1.647,1.638,1.645,974314.8
2025-11-23 10:30:00,1.644,1.645,1.64,1.644,319427.0
2025-11-23 10:45:00,1.643,1.647,1.642,1.644,336592.2
2025-11-23 11:00:00,1.643,1.648,1.632,1.637,1109795.9
2025-11-23 11:15:00,1.637,1.642,1.628,1.637,639456.4
2025-11-23 11:30:00,1.637,1.647,1.636,1.644,428522.5
2025-11-23 11:45:00,1.644,1.648,1.639,1.642,248775.2
2025-11-23 12:00:00,1.643,1.657,1.641,1.654,492895.5
2025-11-23 12:15:00,1.654,1.665,1.653,1.661,866991.6
2025-11-23 12:30:00,1.662,1.665,1.651,1.656,743828.6
2025-11-23 12:45:00,1.656,1.656,1.65,1.653,268930.1
2025-11-23 13:00:00,1.652,1.658,1.644,1.648,475371.6
2025-11-23 13:15:00,1.648,1.652,1.645,1.649,260421.3
2025-11-23 13:30:00,1.649,1.654,1.647,1.652,213993.4
2025-11-23 13:45:00,1.653,1.658,1.65,1.653,420586.6
2025-11-23 14:00:00,1.652,1.662,1.639,1.64,1552447.8
2025-11-23 14:15:00,1.639,1.644,1.636,1.636,594708.7
2025-11-23 14:30:00,1.636,1.642,1.63,1.636,1335588.9
2025-11-23 14:45:00,1.636,1.641,1.623,1.626,975755.6
2025-11-23 15:00:00,1.626,1.634,1.621,1.63,967867.9
2025-11-23 15:15:00,1.63,1.634,1.623,1.626,620058.7
2025-11-23 15:30:00,1.626,1.642,1.623,1.638,909984.1
2025-11-23 15:45:00,1.639,1.646,1.633,1.638,604895.8
2025-11-23 16:00:00,1.638,1.643,1.628,1.63,764995.9
2025-11-23 16:15:00,1.63,1.633,1.624,1.627,620211.5
2025-11-23 16:30:00,1.627,1.647,1.625,1.646,1041489.7
2025-11-23 16:45:00,1.645,1.646,1.626,1.628,606538.7
2025-11-23 17:00:00,1.627,1.631,1.621,1.627,870698.5
2025-11-23 17:15:00,1.627,1.628,1.614,1.625,709041.9
2025-11-23 17:30:00,1.625,1.628,1.619,1.627,476701.1
2025-11-23 17:45:00,1.626,1.628,1.612,1.617,488227.8
2025-11-23 18:00:00,1.618,1.629,1.618,1.624,429002.0
2025-11-23 18:15:00,1.623,1.634,1.622,1.627,409972.1
2025-11-23 18:30:00,1.627,1.639,1.622,1.638,710634.1
2025-11-23 18:45:00,1.638,1.638,1.626,1.633,451691.4
2025-11-23 19:00:00,1.633,1.638,1.628,1.633,375815.0
2025-11-23 19:15:00,1.633,1.647,1.633,1.642,468573.3
2025-11-23 19:30:00,1.642,1.651,1.642,1.646,505446.1
2025-11-23 19:45:00,1.646,1.646,1.635,1.636,514652.8
2025-11-23 20:00:00,1.636,1.642,1.63,1.636,554519.4
2025-11-23 20:15:00,1.635,1.643,1.633,1.639,681339.7
2025-11-23 20:30:00,1.639,1.64,1.634,1.638,304975.8
2025-11-23 20:45:00,1.639,1.64,1.632,1.634,219840.7
2025-11-23 21:00:00,1.634,1.636,1.622,1.627,624058.0
2025-11-23 21:15:00,1.627,1.636,1.625,1.635,670748.4
2025-11-23 21:30:00,1.635,1.641,1.633,1.636,654787.7
2025-11-23 21:45:00,1.636,1.65,1.632,1.647,354012.8
2025-11-23 22:00:00,1.647,1.651,1.628,1.631,697349.1
2025-11-23 22:15:00,1.631,1.636,1.626,1.635,398583.0
2025-11-23 22:30:00,1.634,1.636,1.628,1.63,273072.4
2025-11-23 22:45:00,1.631,1.638,1.63,1.634,259320.8
2025-11-23 23:00:00,1.634,1.638,1.613,1.615,1262165.0
2025-11-23 23:15:00,1.615,1.618,1.606,1.616,1025958.2
2025-11-23 23:30:00,1.617,1.619,1.608,1.611,612190.4
2025-11-23 23:45:00,1.612,1.614,1.604,1.61,436909.2
2025-11-24 00:00:00,1.609,1.61,1.597,1.602,1031657.3
2025-11-24 00:15:00,1.602,1.614,1.592,1.613,905285.9
2025-11-24 00:30:00,1.613,1.619,1.605,1.613,547055.2
2025-11-24 00:45:00,1.614,1.622,1.605,1.607,504324.1
2025-11-24 01:00:00,1.608,1.611,1.601,1.605,492405.1
2025-11-24 01:15:00,1.605,1.617,1.602,1.61,723132.0
2025-11-24 01:30:00,1.61,1.612,1.6,1.605,570136.0
2025-11-24 01:45:00,1.606,1.62,1.601,1.618,535987.2
2025-11-24 02:00:00,1.617,1.649,1.613,1.647,2346316.9
2025-11-24 02:15:00,1.646,1.653,1.639,1.644,1340874.6
2025-11-24 02:30:00,1.643,1.647,1.63,1.635,1083384.1
2025-11-24 02:45:00,1.635,1.641,1.628,1.641,371652.5
2025-11-24 03:00:00,1.64,1.643,1.634,1.636,397304.1
2025-11-24 03:15:00,1.636,1.654,1.632,1.642,814585.6
2025-11-24 03:30:00,1.642,1.65,1.637,1.64,418330.3
2025-11-24 03:45:00,1.639,1.642,1.633,1.637,370952.0
2025-11-24 04:00:00,1.637,1.648,1.634,1.639,550919.5
2025-11-24 04:15:00,1.638,1.638,1.609,1.614,1868918.5
2025-11-24 04:30:00,1.615,1.624,1.614,1.621,556415.2
2025-11-24 04:45:00,1.621,1.625,1.619,1.621,338528.1
2025-11-24 05:00:00,1.621,1.654,1.616,1.649,1668725.6
2025-11-24 05:15:00,1.65,1.656,1.647,1.651,1221696.2
2025-11-24 05:30:00,1.651,1.651,1.639,1.642,739636.5
2025-11-24 05:45:00,1.641,1.644,1.637,1.641,448451.9
2025-11-24 06:00:00,1.641,1.653,1.627,1.632,2107874.2
2025-11-24 06:15:00,1.633,1.643,1.627,1.633,694705.9
2025-11-24 06:30:00,1.632,1.636,1.62,1.627,1447345.8
2025-11-24 06:45:00,1.627,1.637,1.624,1.637,873706.7
2025-11-24 07:00:00,1.636,1.639,1.628,1.635,424356.0
2025-11-24 07:15:00,1.635,1.642,1.63,1.64,377428.5
2025-11-24 07:30:00,1.639,1.651,1.636,1.648,564056.2
2025-11-24 07:45:00,1.647,1.649,1.637,1.639,889378.5
2025-11-24 08:00:00,1.638,1.645,1.634,1.644,704628.9
2025-11-24 08:15:00,1.644,1.649,1.633,1.636,1054728.7
2025-11-24 08:30:00,1.636,1.638,1.632,1.633,401043.6
2025-11-24 08:45:00,1.634,1.634,1.621,1.631,1428550.5
2025-11-24 09:00:00,1.63,1.631,1.612,1.614,1100575.9
2025-11-24 09:15:00,1.614,1.615,1.594,1.596,1837797.8
2025-11-24 09:30:00,1.597,1.606,1.594,1.594,1398738.5
2025-11-24 09:45:00,1.595,1.599,1.593,1.597,906483.2
2025-11-24 10:00:00,1.597,1.607,1.593,1.601,1178397.1
2025-11-24 10:15:00,1.601,1.61,1.6,1.607,473487.2
2025-11-24 10:30:00,1.608,1.613,1.604,1.607,762570.7
2025-11-24 10:45:00,1.608,1.612,1.604,1.607,523497.1
2025-11-24 11:00:00,1.607,1.61,1.597,1.605,631868.2
2025-11-24 11:15:00,1.604,1.605,1.6,1.603,287878.1
2025-11-24 11:30:00,1.603,1.611,1.601,1.61,581383.2
2025-11-24 11:45:00,1.611,1.614,1.607,1.611,505964.5
2025-11-24 12:00:00,1.61,1.611,1.6,1.602,650043.7
2025-11-24 12:15:00,1.602,1.606,1.601,1.603,440055.7
2025-11-24 12:30:00,1.604,1.608,1.594,1.596,973300.1
2025-11-24 12:45:00,1.597,1.602,1.587,1.592,1031215.5
2025-11-24 13:00:00,1.592,1.613,1.59,1.606,1050488.5
2025-11-24 13:15:00,1.607,1.614,1.603,1.612,475265.8
2025-11-24 13:30:00,1.612,1.619,1.609,1.618,769568.0
2025-11-24 13:45:00,1.619,1.619,1.603,1.603,682905.1
2025-11-24 14:00:00,1.603,1.603,1.594,1.595,937087.4
2025-11-24 14:15:00,1.594,1.599,1.592,1.592,817183.4
2025-11-24 14:30:00,1.593,1.631,1.592,1.602,4259888.5
2025-11-24 14:45:00,1.601,1.628,1.592,1.628,2176138.0
2025-11-24 15:00:00,1.628,1.647,1.628,1.645,2635289.5
2025-11-24 15:15:00,1.645,1.646,1.624,1.63,1072272.6
2025-11-24 15:30:00,1.63,1.65,1.624,1.65,1036184.7
2025-11-24 15:45:00,1.65,1.653,1.635,1.641,1125685.6
2025-11-24 16:00:00,1.64,1.654,1.635,1.642,1582102.2
2025-11-24 16:15:00,1.642,1.653,1.638,1.642,703111.6
2025-11-24 16:30:00,1.641,1.646,1.634,1.645,689085.4
2025-11-24 16:45:00,1.645,1.651,1.638,1.645,873221.8
2025-11-24 17:00:00,1.645,1.651,1.64,1.642,637684.8
2025-11-24 17:15:00,1.641,1.669,1.64,1.666,1879670.7
2025-11-24 17:30:00,1.666,1.675,1.66,1.665,1496572.3
2025-11-24 17:45:00,1.664,1.674,1.658,1.672,822686.2
2025-11-24 18:00:00,1.673,1.68,1.67,1.672,1286372.3
2025-11-24 18:15:00,1.672,1.676,1.664,1.668,804030.0
2025-11-24 18:30:00,1.668,1.676,1.663,1.671,1009018.0
2025-11-24 18:45:00,1.67,1.675,1.667,1.67,401575.1
2025-11-24 19:00:00,1.67,1.676,1.663,1.666,771678.1
2025-11-24 19:15:00,1.666,1.667,1.654,1.663,1307693.6
2025-11-24 19:30:00,1.662,1.665,1.654,1.659,717016.6
2025-11-24 19:45:00,1.659,1.66,1.654,1.656,802823.4
2025-11-24 20:00:00,1.657,1.669,1.651,1.663,948144.1
2025-11-24 20:15:00,1.663,1.666,1.659,1.664,488840.5
2025-11-24 20:30:00,1.664,1.667,1.659,1.666,309952.7
2025-11-24 20:45:00,1.666,1.672,1.661,1.667,749957.2
2025-11-24 21:00:00,1.666,1.667,1.661,1.665,415569.8
2025-11-24 21:15:00,1.665,1.667,1.662,1.664,180327.9
2025-11-24 21:30:00,1.664,1.668,1.652,1.653,511489.0
2025-11-24 21:45:00,1.652,1.653,1.645,1.647,875925.4
2025-11-24 22:00:00,1.646,1.662,1.645,1.655,586888.9
2025-11-24 22:15:00,1.654,1.654,1.647,1.652,246058.2
2025-11-24 22:30:00,1.651,1.662,1.651,1.656,394004.8
2025-11-24 22:45:00,1.655,1.66,1.65,1.658,305214.3
2025-11-24 23:00:00,1.658,1.66,1.655,1.658,239410.8
2025-11-24 23:15:00,1.657,1.66,1.653,1.655,189794.4
2025-11-24 23:30:00,1.655,1.655,1.648,1.651,287260.7
2025-11-24 23:45:00,1.65,1.651,1.636,1.641,971623.3
2025-11-25 00:00:00,1.641,1.646,1.632,1.64,938932.0
2025-11-25 00:15:00,1.641,1.646,1.636,1.64,408093.5
2025-11-25 00:30:00,1.641,1.652,1.636,1.65,513039.5
2025-11-25 00:45:00,1.65,1.654,1.645,1.646,361910.5
2025-11-25 01:00:00,1.646,1.649,1.635,1.647,1368195.2
2025-11-25 01:15:00,1.647,1.65,1.641,1.642,439278.8
2025-11-25 01:30:00,1.642,1.647,1.64,1.643,234889.5
2025-11-25 01:45:00,1.643,1.644,1.634,1.635,346635.3
2025-11-25 02:00:00,1.634,1.636,1.624,1.626,1297246.7
2025-11-25 02:15:00,1.627,1.63,1.613,1.616,1775464.2
2025-11-25 02:30:00,1.615,1.621,1.613,1.619,645301.0
2025-11-25 02:45:00,1.618,1.631,1.618,1.631,430307.4
2025-11-25 03:00:00,1.63,1.634,1.624,1.626,494947.7
2025-11-25 03:15:00,1.626,1.634,1.623,1.634,303265.0
2025-11-25 03:30:00,1.633,1.634,1.618,1.62,361360.9
2025-11-25 03:45:00,1.619,1.623,1.617,1.621,529390.2
2025-11-25 04:00:00,1.621,1.624,1.616,1.624,438432.2
2025-11-25 04:15:00,1.624,1.625,1.608,1.615,1248058.4
2025-11-25 04:30:00,1.614,1.623,1.614,1.618,452543.5
2025-11-25 04:45:00,1.618,1.624,1.616,1.621,260932.5
2025-11-25 05:00:00,1.62,1.62,1.613,1.617,457569.2
2025-11-25 05:15:00,1.616,1.622,1.611,1.614,396234.0
2025-11-25 05:30:00,1.614,1.623,1.612,1.623,531179.7
2025-11-25 05:45:00,1.622,1.624,1.616,1.618,369584.5
2025-11-25 06:00:00,1.617,1.617,1.609,1.61,479891.1
2025-11-25 06:15:00,1.611,1.613,1.601,1.603,778997.3
2025-11-25 06:30:00,1.604,1.605,1.598,1.603,927241.7
2025-11-25 06:45:00,1.602,1.61,1.602,1.607,664548.0
2025-11-25 07:00:00,1.607,1.613,1.601,1.61,549357.8
2025-11-25 07:15:00,1.61,1.614,1.603,1.607,553476.4
2025-11-25 07:30:00,1.608,1.615,1.605,1.612,441591.5
2025-11-25 07:45:00,1.612,1.613,1.602,1.605,738391.1
2025-11-25 08:00:00,1.605,1.611,1.604,1.606,533489.5
2025-11-25 08:15:00,1.606,1.617,1.606,1.614,722937.0
2025-11-25 08:30:00,1.614,1.618,1.61,1.616,556259.8
2025-11-25 08:45:00,1.617,1.62,1.602,1.606,1363413.5
2025-11-25 09:00:00,1.606,1.611,1.603,1.605,781725.2
2025-11-25 09:15:00,1.604,1.606,1.588,1.592,2199363.4
2025-11-25 09:30:00,1.592,1.61,1.591,1.608,857651.8
2025-11-25 09:45:00,1.607,1.614,1.605,1.61,563123.7
2025-11-25 10:00:00,1.61,1.61,1.6,1.607,854789.7
2025-11-25 10:15:00,1.608,1.609,1.598,1.605,660819.0
2025-11-25 10:30:00,1.606,1.611,1.603,1.606,686987.5
2025-11-25 10:45:00,1.606,1.61,1.602,1.607,403332.0
2025-11-25 11:00:00,1.608,1.609,1.6,1.603,399476.5
2025-11-25 11:15:00,1.604,1.608,1.597,1.603,665433.2
2025-11-25 11:30:00,1.603,1.604,1.597,1.601,702667.3
2025-11-25 11:45:00,1.601,1.602,1.593,1.595,497512.7
2025-11-25 12:00:00,1.595,1.61,1.592,1.608,1433665.3
2025-11-25 12:15:00,1.609,1.613,1.602,1.605,725656.9
2025-11-25 12:30:00,1.605,1.611,1.599,1.605,719479.5
2025-11-25 12:45:00,1.605,1.608,1.602,1.606,379997.5
2025-11-25 13:00:00,1.606,1.607,1.6,1.605,337620.7
2025-11-25 13:15:00,1.606,1.611,1.604,1.608,429309.2
2025-11-25 13:30:00,1.609,1.613,1.583,1.589,2490549.7
2025-11-25 13:45:00,1.589,1.592,1.581,1.587,982914.4
2025-11-25 14:00:00,1.587,1.598,1.585,1.592,1541691.5
2025-11-25 14:15:00,1.593,1.603,1.589,1.6,648963.7
2025-11-25 14:30:00,1.599,1.604,1.577,1.586,2435745.8
2025-11-25 14:45:00,1.585,1.586,1.565,1.583,3326592.3
2025-11-25 15:00:00,1.584,1.594,1.569,1.585,1622136.6
2025-11-25 15:15:00,1.585,1.589,1.579,1.588,615209.7
2025-11-25 15:30:00,1.589,1.604,1.589,1.602,1339821.0
2025-11-25 15:45:00,1.603,1.606,1.594,1.598,649905.3
2025-11-25 16:00:00,1.598,1.609,1.597,1.605,631311.0
2025-11-25 16:15:00,1.605,1.626,1.604,1.625,1381068.4
2025-11-25 16:30:00,1.626,1.633,1.618,1.622,1114709.0
2025-11-25 16:45:00,1.623,1.64,1.62,1.64,1431329.8
2025-11-25 17:00:00,1.639,1.66,1.638,1.657,3734739.5
2025-11-25 17:15:00,1.657,1.714,1.654,1.713,5512890.1
2025-11-25 17:30:00,1.713,1.738,1.676,1.712,9347749.8
2025-11-25 17:45:00,1.712,1.714,1.686,1.687,1986921.2
2025-11-25 18:00:00,1.688,1.703,1.672,1.677,2357695.2
2025-11-25 18:15:00,1.676,1.722,1.676,1.698,2897727.4
2025-11-25 18:30:00,1.698,1.706,1.679,1.684,2003221.5
2025-11-25 18:45:00,1.684,1.691,1.675,1.677,1035895.8
2025-11-25 19:00:00,1.677,1.681,1.653,1.654,2765122.4
2025-11-25 19:15:00,1.653,1.654,1.632,1.635,2338907.2
2025-11-25 19:30:00,1.635,1.646,1.627,1.641,1317271.1
2025-11-25 19:45:00,1.642,1.654,1.637,1.651,858174.1
2025-11-25 20:00:00,1.651,1.662,1.649,1.654,825462.8
2025-11-25 20:15:00,1.655,1.658,1.646,1.653,702828.8
2025-11-25 20:30:00,1.653,1.667,1.647,1.654,922048.7
2025-11-25 20:45:00,1.654,1.657,1.649,1.652,471552.0
2025-11-25 21:00:00,1.652,1.655,1.644,1.648,696809.5
2025-11-25 21:15:00,1.648,1.658,1.647,1.654,350013.6
2025-11-25 21:30:00,1.655,1.658,1.646,1.649,827407.7
2025-11-25 21:45:00,1.649,1.652,1.645,1.646,270763.7
2025-11-25 22:00:00,1.645,1.645,1.617,1.621,2340413.5
2025-11-25 22:15:00,1.622,1.641,1.619,1.638,1138204.9
2025-11-25 22:30:00,1.639,1.663,1.636,1.652,1103938.9
2025-11-25 22:45:00,1.652,1.658,1.641,1.651,835579.2
2025-11-25 23:00:00,1.651,1.665,1.645,1.663,1183062.9
2025-11-25 23:15:00,1.662,1.668,1.656,1.659,870031.0
2025-11-25 23:30:00,1.659,1.668,1.656,1.666,935067.6
2025-11-25 23:45:00,1.666,1.672,1.656,1.67,1130374.5
2025-11-26 00:00:00,1.67,1.672,1.66,1.661,797067.2
2025-11-26 00:15:00,1.662,1.673,1.659,1.673,627238.4
2025-11-26 00:30:00,1.673,1.683,1.665,1.669,819032.0
2025-11-26 00:45:00,1.668,1.67,1.656,1.658,649692.7
2025-11-26 01:00:00,1.657,1.667,1.657,1.662,547892.6
2025-11-26 01:15:00,1.662,1.665,1.646,1.655,1171804.5
2025-11-26 01:30:00,1.655,1.671,1.653,1.666,964208.0
2025-11-26 01:45:00,1.666,1.666,1.655,1.66,402372.9
2025-11-26 02:00:00,1.66,1.663,1.653,1.657,472152.6
2025-11-26 02:15:00,1.657,1.658,1.64,1.645,1343287.7
2025-11-26 02:30:00,1.646,1.655,1.643,1.653,538647.2
2025-11-26 02:45:00,1.653,1.655,1.648,1.651,385562.3
2025-11-26 03:00:00,1.65,1.653,1.646,1.648,446302.3
2025-11-26 03:15:00,1.648,1.653,1.646,1.653,310442.2
2025-11-26 03:30:00,1.653,1.653,1.645,1.648,733677.8
2025-11-26 03:45:00,1.648,1.649,1.632,1.637,1398232.7
2025-11-26 04:00:00,1.637,1.638,1.626,1.628,765848.8
2025-11-26 04:15:00,1.628,1.637,1.625,1.636,398982.1
2025-11-26 04:30:00,1.636,1.638,1.632,1.635,517567.1
2025-11-26 04:45:00,1.635,1.637,1.631,1.632,427288.0
2025-11-26 05:00:00,1.631,1.641,1.629,1.633,527910.1
2025-11-26 05:15:00,1.633,1.645,1.632,1.643,902881.7
2025-11-26 05:30:00,1.643,1.648,1.642,1.645,596869.2
2025-11-26 05:45:00,1.645,1.645,1.638,1.642,367970.7
2025-11-26 06:00:00,1.641,1.645,1.636,1.64,524882.0
2025-11-26 06:15:00,1.64,1.64,1.63,1.632,588642.8
2025-11-26 06:30:00,1.632,1.641,1.631,1.639,417341.3
2025-11-26 06:45:00,1.64,1.646,1.634,1.644,456483.4
2025-11-26 07:00:00,1.644,1.647,1.638,1.643,457457.0
2025-11-26 07:15:00,1.642,1.647,1.641,1.644,426076.3
2025-11-26 07:30:00,1.645,1.651,1.643,1.648,591417.5
2025-11-26 07:45:00,1.648,1.652,1.645,1.649,313953.0
2025-11-26 08:00:00,1.649,1.65,1.643,1.644,518751.9
2025-11-26 08:15:00,1.644,1.645,1.63,1.631,915089.0
2025-11-26 08:30:00,1.63,1.634,1.625,1.631,707219.7
2025-11-26 08:45:00,1.631,1.631,1.619,1.621,1449018.1
2025-11-26 09:00:00,1.62,1.623,1.615,1.619,1340063.3
2025-11-26 09:15:00,1.619,1.62,1.611,1.615,824868.2
2025-11-26 09:30:00,1.614,1.618,1.611,1.614,1220263.2
2025-11-26 09:45:00,1.613,1.615,1.607,1.611,925641.3
2025-11-26 10:00:00,1.611,1.62,1.611,1.617,499272.3
2025-11-26 10:15:00,1.617,1.62,1.611,1.612,552176.7
2025-11-26 10:30:00,1.612,1.613,1.606,1.611,755874.6
2025-11-26 10:45:00,1.612,1.616,1.61,1.613,593952.4
2025-11-26 11:00:00,1.613,1.618,1.608,1.612,575886.0
2025-11-26 11:15:00,1.613,1.614,1.608,1.61,371612.2
2025-11-26 11:30:00,1.609,1.612,1.601,1.611,1433925.2
2025-11-26 11:45:00,1.611,1.614,1.604,1.611,903653.8
2025-11-26 12:00:00,1.611,1.613,1.599,1.604,2152654.9
2025-11-26 12:15:00,1.603,1.608,1.596,1.607,963525.5
2025-11-26 12:30:00,1.608,1.614,1.604,1.611,620646.5
2025-11-26 12:45:00,1.612,1.616,1.611,1.612,532074.4
2025-11-26 13:00:00,1.612,1.618,1.611,1.612,588173.5
2025-11-26 13:15:00,1.612,1.623,1.612,1.62,438322.2
2025-11-26 13:30:00,1.62,1.633,1.612,1.628,1061705.9
2025-11-26 13:45:00,1.628,1.635,1.627,1.634,967924.6
2025-11-26 14:00:00,1.634,1.637,1.626,1.634,764354.8
2025-11-26 14:15:00,1.635,1.641,1.628,1.639,636331.5
2025-11-26 14:30:00,1.639,1.671,1.633,1.656,2727943.0
2025-11-26 14:45:00,1.656,1.671,1.643,1.648,2889299.7
2025-11-26 15:00:00,1.647,1.658,1.641,1.643,1662157.0
2025-11-26 15:15:00,1.642,1.643,1.628,1.64,1626275.2
2025-11-26 15:30:00,1.641,1.644,1.625,1.626,1202806.5
2025-11-26 15:45:00,1.626,1.634,1.618,1.633,1371155.2
2025-11-26 16:00:00,1.634,1.651,1.633,1.65,1618486.2
2025-11-26 16:15:00,1.651,1.661,1.642,1.649,1364837.9
2025-11-26 16:30:00,1.649,1.665,1.648,1.657,1345155.9
2025-11-26 16:45:00,1.656,1.66,1.651,1.657,593606.7
2025-11-26 17:00:00,1.657,1.665,1.655,1.657,725741.7
2025-11-26 17:15:00,1.656,1.681,1.648,1.679,1628511.5
2025-11-26 17:30:00,1.679,1.696,1.677,1.691,2556692.1
2025-11-26 17:45:00,1.69,1.695,1.679,1.689,1825016.0
2025-11-26 18:00:00,1.69,1.699,1.684,1.689,2076168.6
2025-11-26 18:15:00,1.689,1.702,1.687,1.7,1988017.5
2025-11-26 18:30:00,1.699,1.7,1.683,1.684,983269.3
2025-11-26 18:45:00,1.684,1.696,1.684,1.69,642900.7
2025-11-26 19:00:00,1.69,1.691,1.681,1.685,655625.4
2025-11-26 19:15:00,1.685,1.688,1.679,1.684,699071.2
2025-11-26 19:30:00,1.683,1.686,1.679,1.683,642537.9
2025-11-26 19:45:00,1.682,1.687,1.681,1.684,254052.6
2025-11-26 20:00:00,1.683,1.693,1.679,1.69,1305745.9
2025-11-26 20:15:00,1.69,1.691,1.682,1.689,385760.5
2025-11-26 20:30:00,1.688,1.692,1.68,1.681,520815.3
2025-11-26 20:45:00,1.68,1.682,1.674,1.679,774091.5
2025-11-26 21:00:00,1.679,1.68,1.674,1.676,364301.4
2025-11-26 21:15:00,1.676,1.687,1.672,1.685,622632.7
2025-11-26 21:30:00,1.685,1.69,1.681,1.683,559337.7
2025-11-26 21:45:00,1.683,1.687,1.68,1.683,289458.8
2025-11-26 22:00:00,1.683,1.684,1.677,1.678,470827.5
2025-11-26 22:15:00,1.679,1.683,1.672,1.676,435321.1
2025-11-26 22:30:00,1.676,1.679,1.667,1.669,636772.4
2025-11-26 22:45:00,1.668,1.676,1.666,1.673,541585.8
2025-11-26 23:00:00,1.673,1.678,1.671,1.673,497168.0
2025-11-26 23:15:00,1.673,1.674,1.666,1.669,452246.5
2025-11-26 23:30:00,1.668,1.673,1.666,1.669,436492.7
2025-11-26 23:45:00,1.668,1.677,1.668,1.674,374631.6
2025-11-27 00:00:00,1.674,1.675,1.665,1.668,764649.5
2025-11-27 00:15:00,1.668,1.672,1.667,1.671,454824.8
2025-11-27 00:30:00,1.671,1.672,1.661,1.668,956581.7
2025-11-27 00:45:00,1.668,1.679,1.666,1.672,862138.6
2025-11-27 01:00:00,1.671,1.679,1.669,1.672,605362.7
2025-11-27 01:15:00,1.672,1.675,1.667,1.673,305762.5
2025-11-27 01:30:00,1.672,1.682,1.671,1.682,342673.8
2025-11-27 01:45:00,1.681,1.688,1.677,1.684,685063.7
2025-11-27 02:00:00,1.683,1.693,1.677,1.69,718323.3
2025-11-27 02:15:00,1.689,1.699,1.689,1.699,686900.4
2025-11-27 02:30:00,1.698,1.7,1.691,1.697,465799.0
2025-11-27 02:45:00,1.698,1.699,1.683,1.686,757620.1
2025-11-27 03:00:00,1.686,1.689,1.683,1.685,675927.2
2025-11-27 03:15:00,1.684,1.686,1.675,1.678,687300.7
2025-11-27 03:30:00,1.678,1.678,1.666,1.669,749706.2
2025-11-27 03:45:00,1.668,1.67,1.665,1.667,345124.8
2025-11-27 04:00:00,1.666,1.678,1.665,1.674,652603.0
2025-11-27 04:15:00,1.674,1.681,1.673,1.674,630402.0
2025-11-27 04:30:00,1.674,1.683,1.674,1.681,290324.0
2025-11-27 04:45:00,1.681,1.683,1.677,1.679,405387.4
2025-11-27 05:00:00,1.678,1.68,1.67,1.672,368335.1
2025-11-27 05:15:00,1.671,1.677,1.667,1.672,426492.4
2025-11-27 05:30:00,1.671,1.671,1.657,1.664,904287.6
2025-11-27 05:45:00,1.663,1.666,1.662,1.665,284978.7
2025-11-27 06:00:00,1.664,1.667,1.663,1.667,294736.4
2025-11-27 06:15:00,1.666,1.67,1.664,1.669,300896.0
2025-11-27 06:30:00,1.668,1.671,1.667,1.669,280495.4
2025-11-27 06:45:00,1.669,1.673,1.666,1.669,351253.3
2025-11-27 07:00:00,1.669,1.669,1.663,1.665,457895.5
2025-11-27 07:15:00,1.665,1.665,1.659,1.663,385720.7
2025-11-27 07:30:00,1.662,1.663,1.647,1.65,1305390.4
2025-11-27 07:45:00,1.65,1.657,1.648,1.651,611964.7
2025-11-27 08:00:00,1.65,1.652,1.643,1.644,1152219.4
2025-11-27 08:15:00,1.644,1.646,1.638,1.64,1058743.9
2025-11-27 08:30:00,1.641,1.644,1.638,1.641,620529.7
2025-11-27 08:45:00,1.641,1.644,1.64,1.643,428548.8
2025-11-27 09:00:00,1.642,1.643,1.637,1.64,506184.8
2025-11-27 09:15:00,1.64,1.649,1.638,1.645,747689.9
2025-11-27 09:30:00,1.644,1.661,1.644,1.654,1039169.1
2025-11-27 09:45:00,1.653,1.655,1.65,1.654,713263.7
2025-11-27 10:00:00,1.653,1.655,1.646,1.648,398561.3
2025-11-27 10:15:00,1.647,1.653,1.646,1.646,269322.4
2025-11-27 10:30:00,1.646,1.656,1.644,1.652,882887.2
2025-11-27 10:45:00,1.652,1.655,1.651,1.653,476660.1
2025-11-27 11:00:00,1.653,1.658,1.649,1.652,595641.7
2025-11-27 11:15:00,1.652,1.653,1.643,1.647,357622.5
2025-11-27 11:30:00,1.646,1.65,1.644,1.647,426489.8
2025-11-27 11:45:00,1.647,1.649,1.645,1.647,382266.7
2025-11-27 12:00:00,1.647,1.649,1.644,1.645,532744.2
2025-11-27 12:15:00,1.645,1.647,1.634,1.64,755735.3
2025-11-27 12:30:00,1.64,1.646,1.639,1.641,560193.1
2025-11-27 12:45:00,1.641,1.643,1.631,1.635,858722.1
2025-11-27 13:00:00,1.634,1.644,1.633,1.64,699926.2
2025-11-27 13:15:00,1.64,1.645,1.635,1.645,547558.1
2025-11-27 13:30:00,1.644,1.645,1.637,1.64,468680.1
2025-11-27 13:45:00,1.641,1.645,1.637,1.642,388565.9
2025-11-27 14:00:00,1.643,1.646,1.639,1.646,425790.0
2025-11-27 14:15:00,1.646,1.657,1.642,1.655,712365.4
2025-11-27 14:30:00,1.656,1.658,1.649,1.65,766455.4
2025-11-27 14:45:00,1.65,1.655,1.646,1.654,720039.7
2025-11-27 15:00:00,1.654,1.66,1.652,1.652,990491.8
2025-11-27 15:15:00,1.652,1.663,1.652,1.66,748700.7
2025-11-27 15:30:00,1.661,1.662,1.655,1.659,452302.3
2025-11-27 15:45:00,1.659,1.668,1.659,1.666,573303.9
2025-11-27 16:00:00,1.667,1.671,1.657,1.67,836611.8
2025-11-27 16:15:00,1.67,1.674,1.661,1.662,1099045.5
2025-11-27 16:30:00,1.662,1.669,1.659,1.667,631663.4
2025-11-27 16:45:00,1.666,1.667,1.659,1.664,559927.3
2025-11-27 17:00:00,1.665,1.667,1.662,1.666,303063.5
2025-11-27 17:15:00,1.666,1.668,1.659,1.66,635748.9
2025-11-27 17:30:00,1.66,1.665,1.657,1.658,515098.5
2025-11-27 17:45:00,1.658,1.661,1.656,1.66,258375.4
2025-11-27 18:00:00,1.659,1.662,1.656,1.659,392465.4
2025-11-27 18:15:00,1.659,1.662,1.656,1.658,329210.5
2025-11-27 18:30:00,1.658,1.665,1.657,1.662,401759.8
2025-11-27 18:45:00,1.662,1.663,1.656,1.657,398477.5
2025-11-27 19:00:00,1.656,1.657,1.649,1.653,592659.7
2025-11-27 19:15:00,1.653,1.654,1.65,1.653,197503.7
2025-11-27 19:30:00,1.653,1.656,1.65,1.653,347806.7
2025-11-27 19:45:00,1.653,1.654,1.647,1.65,253197.9
2025-11-27 20:00:00,1.65,1.653,1.649,1.652,298739.0
2025-11-27 20:15:00,1.652,1.654,1.65,1.653,163330.3
2025-11-27 20:30:00,1.653,1.655,1.65,1.653,235987.3
2025-11-27 20:45:00,1.653,1.656,1.651,1.654,176305.1
2025-11-27 21:00:00,1.654,1.656,1.651,1.656,292196.4
2025-11-27 21:15:00,1.655,1.661,1.655,1.659,348143.0
2025-11-27 21:30:00,1.658,1.659,1.652,1.652,361388.2
2025-11-27 21:45:00,1.653,1.656,1.645,1.646,458408.3
2025-11-27 22:00:00,1.646,1.649,1.645,1.649,292574.1
2025-11-27 22:15:00,1.649,1.651,1.645,1.647,138527.0
2025-11-27 22:30:00,1.646,1.648,1.616,1.622,2475795.3
2025-11-27 22:45:00,1.622,1.629,1.618,1.627,750025.5
2025-11-27 23:00:00,1.626,1.634,1.623,1.628,639381.8
2025-11-27 23:15:00,1.627,1.631,1.622,1.622,545396.9
2025-11-27 23:30:00,1.622,1.623,1.609,1.62,1900543.1
2025-11-27 23:45:00,1.619,1.622,1.612,1.615,806408.3
2025-11-28 00:00:00,1.616,1.623,1.614,1.616,1159255.0
2025-11-28 00:15:00,1.616,1.623,1.613,1.621,824551.9
2025-11-28 00:30:00,1.62,1.623,1.616,1.62,605901.6
2025-11-28 00:45:00,1.619,1.623,1.618,1.622,394303.0
2025-11-28 01:00:00,1.621,1.623,1.609,1.614,834731.4
2025-11-28 01:15:00,1.613,1.616,1.611,1.613,472897.6
2025-11-28 01:30:00,1.614,1.615,1.605,1.609,966595.6
2025-11-28 01:45:00,1.609,1.61,1.597,1.601,1476921.0
2025-11-28 02:00:00,1.6,1.603,1.586,1.596,1748300.1
2025-11-28 02:15:00,1.596,1.599,1.581,1.589,1437074.7
2025-11-28 02:30:00,1.59,1.597,1.589,1.595,605326.6
2025-11-28 02:45:00,1.594,1.605,1.594,1.602,1034266.3
2025-11-28 03:00:00,1.602,1.612,1.601,1.606,594359.8
2025-11-28 03:15:00,1.607,1.61,1.605,1.607,253172.9
2025-11-28 03:30:00,1.607,1.613,1.606,1.612,392311.9
2025-11-28 03:45:00,1.611,1.614,1.61,1.612,323095.2
2025-11-28 04:00:00,1.612,1.619,1.61,1.615,431487.2
2025-11-28 04:15:00,1.615,1.618,1.614,1.616,257791.7
2025-11-28 04:30:00,1.616,1.617,1.609,1.61,440619.2
2025-11-28 04:45:00,1.609,1.612,1.607,1.607,395366.4
2025-11-28 05:00:00,1.607,1.613,1.604,1.61,450098.2
2025-11-28 05:15:00,1.611,1.612,1.607,1.61,321660.8
2025-11-28 05:30:00,1.61,1.611,1.606,1.609,385824.2
2025-11-28 05:45:00,1.61,1.616,1.609,1.613,306295.4
2025-11-28 06:00:00,1.613,1.614,1.597,1.598,2630043.0
2025-11-28 06:15:00,1.598,1.602,1.597,1.597,885041.2
2025-11-28 06:30:00,1.597,1.609,1.597,1.605,1617745.2
2025-11-28 06:45:00,1.605,1.608,1.605,1.605,242140.9
2025-11-28 07:00:00,1.605,1.606,1.602,1.604,354997.6
2025-11-28 07:15:00,1.605,1.612,1.603,1.61,478926.4
2025-11-28 07:30:00,1.611,1.614,1.606,1.608,548886.0
2025-11-28 07:45:00,1.608,1.61,1.605,1.606,609981.1
2025-11-28 08:00:00,1.606,1.625,1.605,1.623,1031950.0
2025-11-28 08:15:00,1.623,1.632,1.62,1.629,1111291.2
2025-11-28 08:30:00,1.629,1.63,1.622,1.622,616374.5
2025-11-28 08:45:00,1.622,1.644,1.621,1.64,2179986.7
2025-11-28 09:00:00,1.64,1.641,1.625,1.632,1836529.7
2025-11-28 09:15:00,1.633,1.634,1.627,1.633,730313.9
2025-11-28 09:30:00,1.633,1.634,1.627,1.63,409593.2
2025-11-28 09:45:00,1.631,1.633,1.623,1.625,463031.3
2025-11-28 10:00:00,1.625,1.627,1.622,1.623,432505.4
2025-11-28 10:15:00,1.624,1.629,1.622,1.624,442584.1
2025-11-28 10:30:00,1.624,1.628,1.623,1.626,222755.3
2025-11-28 10:45:00,1.626,1.631,1.625,1.628,523833.0
2025-11-28 11:00:00,1.628,1.63,1.613,1.613,988476.1
2025-11-28 11:15:00,1.613,1.619,1.604,1.616,1773853.8
2025-11-28 11:30:00,1.616,1.623,1.615,1.617,539024.0
2025-11-28 11:45:00,1.617,1.622,1.617,1.618,427156.6
2025-11-28 12:00:00,1.618,1.628,1.617,1.622,663024.3
2025-11-28 12:15:00,1.622,1.626,1.619,1.624,303434.6
2025-11-28 12:30:00,1.624,1.627,1.622,1.622,351773.5
2025-11-28 12:45:00,1.623,1.625,1.621,1.623,215132.3
2025-11-28 13:00:00,1.623,1.625,1.614,1.618,1031668.3
2025-11-28 13:15:00,1.619,1.621,1.616,1.619,313292.5
2025-11-28 13:30:00,1.619,1.627,1.616,1.624,482870.4
2025-11-28 13:45:00,1.625,1.64,1.625,1.633,1346806.9
2025-11-28 14:00:00,1.633,1.636,1.631,1.631,608230.4
2025-11-28 14:15:00,1.631,1.644,1.63,1.638,962287.3
2025-11-28 14:30:00,1.639,1.642,1.626,1.626,1452355.8
2025-11-28 14:45:00,1.627,1.632,1.623,1.631,614783.1
2025-11-28 15:00:00,1.631,1.638,1.631,1.637,643449.2
2025-11-28 15:15:00,1.638,1.65,1.635,1.649,962635.6
2025-11-28 15:30:00,1.65,1.653,1.645,1.648,1156517.0
2025-11-28 15:45:00,1.647,1.649,1.639,1.647,1020949.0
2025-11-28 16:00:00,1.648,1.652,1.64,1.644,1143856.9
2025-11-28 16:15:00,1.644,1.658,1.631,1.639,2227245.8
2025-11-28 16:30:00,1.639,1.668,1.632,1.661,2130445.8
2025-11-28 16:45:00,1.661,1.674,1.653,1.663,2182832.1
2025-11-28 17:00:00,1.664,1.664,1.633,1.635,1819887.9
2025-11-28 17:15:00,1.635,1.643,1.612,1.617,2850014.1
2025-11-28 17:30:00,1.616,1.625,1.606,1.606,1645118.3
2025-11-28 17:45:00,1.606,1.612,1.597,1.603,1605257.8
2025-11-28 18:00:00,1.603,1.612,1.588,1.611,2085941.8
2025-11-28 18:15:00,1.611,1.616,1.609,1.609,534542.8
2025-11-28 18:30:00,1.61,1.622,1.608,1.62,534274.4
2025-11-28 18:45:00,1.62,1.623,1.61,1.614,642218.5
2025-11-28 19:00:00,1.615,1.616,1.609,1.614,409426.3
2025-11-28 19:15:00,1.615,1.628,1.614,1.626,535980.7
2025-11-28 19:30:00,1.626,1.637,1.626,1.634,498662.4
2025-11-28 19:45:00,1.635,1.636,1.629,1.63,236714.2
2025-11-28 20:00:00,1.63,1.631,1.623,1.623,519574.6
2025-11-28 20:15:00,1.623,1.627,1.619,1.624,438960.2
2025-11-28 20:30:00,1.625,1.629,1.624,1.626,179189.6
2025-11-28 20:45:00,1.627,1.632,1.622,1.632,280155.7
2025-11-28 21:00:00,1.632,1.637,1.629,1.63,544320.2
2025-11-28 21:15:00,1.631,1.631,1.623,1.625,326707.6
2025-11-28 21:30:00,1.625,1.629,1.623,1.629,261532.8
2025-11-28 21:45:00,1.629,1.629,1.615,1.615,265929.4
2025-11-28 22:00:00,1.616,1.621,1.61,1.615,816226.4
2025-11-28 22:15:00,1.615,1.619,1.61,1.616,390200.6
2025-11-28 22:30:00,1.616,1.619,1.61,1.612,274503.4
2025-11-28 22:45:00,1.611,1.625,1.607,1.624,308777.8
2025-11-28 23:00:00,1.624,1.628,1.62,1.621,285780.3
2025-11-28 23:15:00,1.62,1.623,1.617,1.618,161503.0
2025-11-28 23:30:00,1.617,1.618,1.613,1.614,376048.6
2025-11-28 23:45:00,1.614,1.619,1.613,1.616,279277.2
2025-11-29 00:00:00,1.616,1.621,1.613,1.616,461162.0
2025-11-29 00:15:00,1.616,1.619,1.609,1.616,637667.1
2025-11-29 00:30:00,1.617,1.621,1.611,1.62,351597.3
2025-11-29 00:45:00,1.619,1.626,1.618,1.625,272217.4
2025-11-29 01:00:00,1.625,1.634,1.624,1.632,452505.1
2025-11-29 01:15:00,1.631,1.636,1.626,1.627,528592.7
2025-11-29 01:30:00,1.627,1.635,1.626,1.63,518925.2
2025-11-29 01:45:00,1.63,1.634,1.628,1.63,217756.6
2025-11-29 02:00:00,1.63,1.634,1.627,1.63,473337.6
2025-11-29 02:15:00,1.63,1.632,1.619,1.619,441249.7
2025-11-29 02:30:00,1.619,1.621,1.613,1.617,557935.7
2025-11-29 02:45:00,1.617,1.624,1.616,1.623,236319.7
2025-11-29 03:00:00,1.623,1.627,1.617,1.625,550673.5
2025-11-29 03:15:00,1.626,1.627,1.619,1.619,270166.9
2025-11-29 03:30:00,1.619,1.62,1.613,1.617,285044.2
2025-11-29 03:45:00,1.617,1.624,1.617,1.619,487547.3
2025-11-29 04:00:00,1.619,1.62,1.613,1.616,547055.3
2025-11-29 04:15:00,1.615,1.618,1.611,1.617,311890.1
2025-11-29 04:30:00,1.618,1.62,1.614,1.617,207134.4
2025-11-29 04:45:00,1.617,1.626,1.617,1.624,366543.6
2025-11-29 05:00:00,1.625,1.625,1.615,1.615,285254.4
2025-11-29 05:15:00,1.615,1.622,1.615,1.618,217520.9
2025-11-29 05:30:00,1.619,1.62,1.613,1.614,283670.2
2025-11-29 05:45:00,1.615,1.616,1.612,1.613,185732.2
2025-11-29 06:00:00,1.614,1.616,1.611,1.615,282660.3
2025-11-29 06:15:00,1.615,1.616,1.601,1.608,1113530.4
2025-11-29 06:30:00,1.608,1.609,1.597,1.609,1043462.1
2025-11-29 06:45:00,1.609,1.611,1.606,1.607,248332.1
2025-11-29 07:00:00,1.607,1.61,1.605,1.609,399413.0
2025-11-29 07:15:00,1.61,1.612,1.606,1.607,195617.5
2025-11-29 07:30:00,1.608,1.608,1.6,1.603,688135.7
2025-11-29 07:45:00,1.604,1.604,1.6,1.602,229557.4
2025-11-29 08:00:00,1.601,1.607,1.598,1.601,731429.8
2025-11-29 08:15:00,1.602,1.606,1.598,1.599,365583.4
2025-11-29 08:30:00,1.599,1.602,1.597,1.598,403571.8
2025-11-29 08:45:00,1.598,1.599,1.591,1.594,842053.6
2025-11-29 09:00:00,1.595,1.6,1.593,1.596,372393.6
2025-11-29 09:15:00,1.596,1.599,1.59,1.595,703922.3
2025-11-29 09:30:00,1.595,1.601,1.591,1.598,1136848.7
2025-11-29 09:45:00,1.598,1.602,1.597,1.599,362211.2
2025-11-29 10:00:00,1.6,1.605,1.597,1.604,414279.6
2025-11-29 10:15:00,1.603,1.61,1.596,1.607,621260.6
2025-11-29 10:30:00,1.608,1.615,1.606,1.613,507043.9
2025-11-29 10:45:00,1.613,1.617,1.61,1.614,444503.3
2025-11-29 11:00:00,1.615,1.627,1.613,1.627,737621.5
2025-11-29 11:15:00,1.627,1.636,1.621,1.628,1219339.4
2025-11-29 11:30:00,1.628,1.631,1.623,1.626,1145844.4
2025-11-29 11:45:00,1.626,1.63,1.617,1.62,1041259.6
2025-11-29 12:00:00,1.619,1.62,1.614,1.614,501216.9
2025-11-29 12:15:00,1.615,1.615,1.609,1.609,397065.9
2025-11-29 12:30:00,1.609,1.612,1.608,1.609,321755.8
2025-11-29 12:45:00,1.61,1.612,1.607,1.607,198930.8
2025-11-29 13:00:00,1.607,1.608,1.602,1.603,458325.3
2025-11-29 13:15:00,1.603,1.605,1.6,1.604,1028500.4
2025-11-29 13:30:00,1.604,1.605,1.595,1.599,808166.1
2025-11-29 13:45:00,1.6,1.604,1.599,1.602,252940.4
2025-11-29 14:00:00,1.602,1.603,1.594,1.6,713629.4
2025-11-29 14:15:00,1.6,1.602,1.599,1.6,285506.9
2025-11-29 14:30:00,1.6,1.602,1.595,1.599,450112.0
2025-11-29 14:45:00,1.599,1.606,1.596,1.596,519879.8
2025-11-29 15:00:00,1.596,1.603,1.595,1.602,460467.6
2025-11-29 15:15:00,1.602,1.613,1.599,1.602,923799.2
2025-11-29 15:30:00,1.602,1.606,1.601,1.601,393765.6
2025-11-29 15:45:00,1.601,1.608,1.601,1.605,592146.4
2025-11-29 16:00:00,1.605,1.605,1.599,1.599,392500.2
2025-11-29 16:15:00,1.599,1.608,1.599,1.6,565776.7
2025-11-29 16:30:00,1.601,1.603,1.598,1.601,332462.8
2025-11-29 16:45:00,1.601,1.603,1.598,1.599,280886.5
2025-11-29 17:00:00,1.6,1.602,1.592,1.594,960281.7
2025-11-29 17:15:00,1.594,1.602,1.593,1.6,371824.4
2025-11-29 17:30:00,1.6,1.601,1.581,1.595,1899167.2
2025-11-29 17:45:00,1.594,1.597,1.589,1.59,548406.1
2025-11-29 18:00:00,1.591,1.593,1.572,1.583,2668259.0
2025-11-29 18:15:00,1.583,1.586,1.576,1.578,1128242.2
2025-11-29 18:30:00,1.578,1.59,1.572,1.588,1287473.5
2025-11-29 18:45:00,1.588,1.593,1.584,1.589,540078.7
2025-11-29 19:00:00,1.59,1.595,1.586,1.592,589665.8
2025-11-29 19:15:00,1.592,1.597,1.591,1.594,243291.4
2025-11-29 19:30:00,1.595,1.595,1.592,1.592,255087.6
2025-11-29 19:45:00,1.593,1.593,1.588,1.588,259144.7
2025-11-29 20:00:00,1.588,1.59,1.581,1.581,627245.1
2025-11-29 20:15:00,1.581,1.584,1.578,1.583,348983.6
2025-11-29 20:30:00,1.582,1.586,1.581,1.586,222048.8
2025-11-29 20:45:00,1.585,1.595,1.583,1.594,474399.0
2025-11-29 21:00:00,1.595,1.596,1.588,1.588,262405.7
2025-11-29 21:15:00,1.589,1.594,1.586,1.591,284464.1
2025-11-29 21:30:00,1.591,1.594,1.591,1.592,180407.0
2025-11-29 21:45:00,1.593,1.594,1.588,1.589,207530.0
2025-11-29 22:00:00,1.59,1.591,1.587,1.59,359157.6
2025-11-29 22:15:00,1.591,1.593,1.589,1.589,194654.4
2025-11-29 22:30:00,1.589,1.592,1.587,1.59,227203.1
2025-11-29 22:45:00,1.59,1.591,1.586,1.586,98646.2
2025-11-29 23:00:00,1.587,1.589,1.583,1.586,406522.1
2025-11-29 23:15:00,1.587,1.599,1.586,1.595,478853.1
2025-11-29 23:30:00,1.595,1.6,1.594,1.595,382697.8
2025-11-29 23:45:00,1.596,1.61,1.595,1.603,1057818.7
2025-11-30 00:00:00,1.603,1.604,1.595,1.598,569769.7
2025-11-30 00:15:00,1.599,1.601,1.597,1.597,461219.7
2025-11-30 00:30:00,1.597,1.603,1.594,1.596,406351.7
2025-11-30 00:45:00,1.597,1.6,1.594,1.6,247865.6
2025-11-30 01:00:00,1.6,1.609,1.599,1.603,617010.1
2025-11-30 01:15:00,1.603,1.608,1.601,1.603,445950.9
2025-11-30 01:30:00,1.603,1.609,1.603,1.605,190946.7
2025-11-30 01:45:00,1.606,1.615,1.604,1.611,409599.6
2025-11-30 02:00:00,1.611,1.628,1.61,1.613,1844998.4
2025-11-30 02:15:00,1.613,1.616,1.609,1.612,470874.7
2025-11-30 02:30:00,1.613,1.615,1.605,1.608,346884.7
2025-11-30 02:45:00,1.609,1.613,1.606,1.607,232329.9
2025-11-30 03:00:00,1.608,1.61,1.601,1.601,434172.8
2025-11-30 03:15:00,1.602,1.602,1.593,1.599,651542.2
2025-11-30 03:30:00,1.599,1.608,1.598,1.607,339707.3
2025-11-30 03:45:00,1.607,1.616,1.603,1.615,369394.8
2025-11-30 04:00:00,1.616,1.619,1.611,1.615,546950.9
2025-11-30 04:15:00,1.615,1.618,1.609,1.612,219999.2
2025-11-30 04:30:00,1.612,1.614,1.606,1.607,329479.4
2025-11-30 04:45:00,1.606,1.613,1.606,1.612,154039.1
2025-11-30 05:00:00,1.613,1.618,1.609,1.61,509990.6
2025-11-30 05:15:00,1.61,1.613,1.604,1.609,313176.6
2025-11-30 05:30:00,1.609,1.618,1.607,1.614,319774.1
2025-11-30 05:45:00,1.614,1.616,1.61,1.611,381795.2
2025-11-30 06:00:00,1.611,1.619,1.61,1.614,726860.7
2025-11-30 06:15:00,1.614,1.624,1.613,1.623,483617.4
2025-11-30 06:30:00,1.622,1.629,1.619,1.62,661660.3
2025-11-30 06:45:00,1.621,1.621,1.614,1.616,318990.0
2025-11-30 07:00:00,1.616,1.627,1.616,1.624,516607.9
2025-11-30 07:15:00,1.624,1.628,1.62,1.625,275809.8
2025-11-30 07:30:00,1.624,1.627,1.623,1.624,293123.7
2025-11-30 07:45:00,1.624,1.63,1.622,1.629,344018.6
2025-11-30 08:00:00,1.63,1.634,1.623,1.633,676096.9
2025-11-30 08:15:00,1.633,1.642,1.628,1.628,961476.3
2025-11-30 08:30:00,1.629,1.632,1.621,1.63,586008.6
2025-11-30 08:45:00,1.631,1.631,1.624,1.628,367031.4
2025-11-30 09:00:00,1.628,1.638,1.626,1.636,886688.9
2025-11-30 09:15:00,1.636,1.636,1.626,1.628,412512.3
2025-11-30 09:30:00,1.629,1.633,1.623,1.631,889624.0
2025-11-30 09:45:00,1.632,1.633,1.622,1.628,2783067.6
2025-11-30 10:00:00,1.629,1.631,1.606,1.611,3083158.5
2025-11-30 10:15:00,1.611,1.617,1.61,1.614,935748.0
2025-11-30 10:30:00,1.615,1.618,1.612,1.614,867248.2
2025-11-30 10:45:00,1.614,1.62,1.612,1.616,947984.9
2025-11-30 11:00:00,1.616,1.62,1.611,1.612,712279.6
2025-11-30 11:15:00,1.613,1.615,1.609,1.613,623354.6
2025-11-30 11:30:00,1.614,1.615,1.611,1.611,355032.9
2025-11-30 11:45:00,1.612,1.616,1.609,1.613,466716.3
2025-11-30 12:00:00,1.614,1.616,1.602,1.614,741902.1
2025-11-30 12:15:00,1.615,1.619,1.611,1.612,614200.8
2025-11-30 12:30:00,1.612,1.62,1.607,1.619,629481.1
2025-11-30 12:45:00,1.619,1.624,1.616,1.619,691577.0
2025-11-30 13:00:00,1.62,1.622,1.615,1.617,469960.8
2025-11-30 13:15:00,1.618,1.629,1.618,1.625,912598.1
2025-11-30 13:30:00,1.626,1.629,1.622,1.623,744279.5
2025-11-30 13:45:00,1.624,1.627,1.62,1.621,536981.2
2025-11-30 14:00:00,1.622,1.623,1.617,1.621,440931.8
2025-11-30 14:15:00,1.621,1.622,1.614,1.614,457600.8
2025-11-30 14:30:00,1.614,1.617,1.605,1.606,967771.7
2025-11-30 14:45:00,1.607,1.612,1.605,1.611,568458.9
2025-11-30 15:00:00,1.612,1.612,1.599,1.6,1000898.6
2025-11-30 15:15:00,1.6,1.604,1.594,1.602,931068.1
2025-11-30 15:30:00,1.603,1.603,1.595,1.599,696374.8
2025-11-30 15:45:00,1.6,1.606,1.6,1.603,361322.6
2025-11-30 16:00:00,1.604,1.607,1.595,1.606,1314212.3
2025-11-30 16:15:00,1.607,1.612,1.605,1.608,707009.0
2025-11-30 16:30:00,1.609,1.61,1.605,1.605,493054.1
2025-11-30 16:45:00,1.605,1.611,1.605,1.609,429549.3
2025-11-30 17:00:00,1.608,1.609,1.596,1.598,830251.9
2025-11-30 17:15:00,1.599,1.602,1.597,1.599,455357.9
2025-11-30 17:30:00,1.6,1.604,1.598,1.603,605463.4
2025-11-30 17:45:00,1.603,1.606,1.6,1.603,427715.4
2025-11-30 18:00:00,1.604,1.606,1.601,1.603,453607.2
2025-11-30 18:15:00,1.603,1.607,1.602,1.605,327852.6
2025-11-30 18:30:00,1.605,1.613,1.604,1.609,444727.4
2025-11-30 18:45:00,1.609,1.612,1.607,1.609,262296.3
2025-11-30 19:00:00,1.609,1.611,1.601,1.601,379220.0
2025-11-30 19:15:00,1.601,1.603,1.598,1.6,320021.9
2025-11-30 19:30:00,1.601,1.607,1.6,1.602,242459.9
2025-11-30 19:45:00,1.602,1.606,1.6,1.602,223401.5
2025-11-30 20:00:00,1.603,1.612,1.602,1.611,257870.6
2025-11-30 20:15:00,1.611,1.611,1.603,1.606,238380.9
2025-11-30 20:30:00,1.607,1.607,1.601,1.602,302874.6
2025-11-30 20:45:00,1.602,1.605,1.601,1.603,294711.5
2025-11-30 21:00:00,1.604,1.607,1.598,1.601,423743.9
2025-11-30 21:15:00,1.602,1.604,1.595,1.6,571203.7
2025-11-30 21:30:00,1.601,1.606,1.599,1.6,268940.5
2025-11-30 21:45:00,1.6,1.604,1.599,1.602,173328.4
2025-11-30 22:00:00,1.602,1.609,1.601,1.608,251954.8
2025-11-30 22:15:00,1.608,1.611,1.606,1.608,271000.6
2025-11-30 22:30:00,1.608,1.608,1.6,1.605,326595.2
2025-11-30 22:45:00,1.606,1.613,1.601,1.61,188657.5
2025-11-30 23:00:00,1.61,1.611,1.595,1.598,644837.7
2025-11-30 23:15:00,1.598,1.599,1.587,1.589,1026662.2
2025-11-30 23:30:00,1.59,1.592,1.577,1.586,1964177.5
2025-11-30 23:45:00,1.587,1.588,1.556,1.569,3336978.3
2025-12-01 00:00:00,1.568,1.573,1.467,1.505,19075825.4
2025-12-01 00:15:00,1.505,1.514,1.484,1.489,6549663.9
2025-12-01 00:30:00,1.49,1.495,1.471,1.477,4443003.4
2025-12-01 00:45:00,1.477,1.484,1.457,1.458,3930876.6
2025-12-01 01:00:00,1.458,1.491,1.456,1.475,4006314.7
2025-12-01 01:15:00,1.475,1.49,1.474,1.481,1846030.9
2025-12-01 01:30:00,1.482,1.492,1.477,1.481,2650997.1
2025-12-01 01:45:00,1.48,1.484,1.473,1.474,833489.4
2025-12-01 02:00:00,1.474,1.487,1.472,1.48,1863745.3
2025-12-01 02:15:00,1.481,1.486,1.477,1.481,1091997.0
2025-12-01 02:30:00,1.482,1.485,1.472,1.481,1667136.5
2025-12-01 02:45:00,1.48,1.481,1.473,1.474,653361.5
2025-12-01 03:00:00,1.474,1.478,1.463,1.472,1685416.6
2025-12-01 03:15:00,1.472,1.473,1.459,1.464,1259560.9
2025-12-01 03:30:00,1.464,1.47,1.455,1.469,1501062.0
2025-12-01 03:45:00,1.469,1.471,1.46,1.461,728383.4
2025-12-01 04:00:00,1.461,1.47,1.459,1.467,1013696.6
2025-12-01 04:15:00,1.467,1.474,1.462,1.464,1147836.6
2025-12-01 04:30:00,1.465,1.469,1.457,1.463,707693.3
2025-12-01 04:45:00,1.464,1.465,1.459,1.464,578466.6
2025-12-01 05:00:00,1.464,1.471,1.462,1.468,786575.5
2025-12-01 05:15:00,1.468,1.476,1.46,1.473,891364.3
2025-12-01 05:30:00,1.473,1.473,1.462,1.462,624073.0
2025-12-01 05:45:00,1.462,1.466,1.46,1.462,686628.1
2025-12-01 06:00:00,1.462,1.465,1.459,1.462,757803.5
2025-12-01 06:15:00,1.462,1.467,1.458,1.461,917237.3
2025-12-01 06:30:00,1.461,1.465,1.459,1.463,419056.5
2025-12-01 06:45:00,1.464,1.47,1.46,1.46,526541.3
2025-12-01 07:00:00,1.46,1.461,1.441,1.45,2934305.0
2025-12-01 07:15:00,1.45,1.456,1.445,1.449,806599.1
2025-12-01 07:30:00,1.449,1.457,1.448,1.455,560721.2
2025-12-01 07:45:00,1.455,1.46,1.455,1.457,777075.1
2025-12-01 08:00:00,1.457,1.461,1.453,1.454,953436.7
2025-12-01 08:15:00,1.454,1.459,1.452,1.455,412106.2
2025-12-01 08:30:00,1.455,1.461,1.449,1.46,838665.3
2025-12-01 08:45:00,1.46,1.464,1.459,1.463,496498.2
2025-12-01 09:00:00,1.464,1.47,1.456,1.458,1012694.6
2025-12-01 09:15:00,1.458,1.462,1.456,1.459,365747.4
2025-12-01 09:30:00,1.459,1.461,1.457,1.459,426681.6
2025-12-01 09:45:00,1.46,1.46,1.452,1.455,648528.5
2025-12-01 10:00:00,1.456,1.463,1.456,1.459,474873.4
2025-12-01 10:15:00,1.46,1.462,1.458,1.458,369749.6
2025-12-01 10:30:00,1.458,1.464,1.458,1.46,374469.4
2025-12-01 10:45:00,1.46,1.462,1.457,1.458,479621.2
2025-12-01 11:00:00,1.459,1.46,1.452,1.452,592389.0
2025-12-01 11:15:00,1.452,1.459,1.452,1.455,319090.2
2025-12-01 11:30:00,1.456,1.457,1.448,1.452,734234.6
2025-12-01 11:45:00,1.452,1.463,1.451,1.462,783446.3
2025-12-01 12:00:00,1.462,1.463,1.456,1.46,1337181.8
2025-12-01 12:15:00,1.459,1.466,1.456,1.456,692618.6
2025-12-01 12:30:00,1.457,1.458,1.442,1.448,1469329.2
2025-12-01 12:45:00,1.448,1.455,1.427,1.451,3985887.7
2025-12-01 13:00:00,1.451,1.467,1.448,1.457,1761010.6
2025-12-01 13:15:00,1.457,1.459,1.453,1.453,772967.6
2025-12-01 13:30:00,1.453,1.455,1.45,1.453,946071.6
2025-12-01 13:45:00,1.453,1.458,1.45,1.457,725622.7
2025-12-01 14:00:00,1.457,1.462,1.449,1.458,1413658.4
2025-12-01 14:15:00,1.458,1.462,1.453,1.459,766047.8
2025-12-01 14:30:00,1.46,1.476,1.457,1.462,1908221.9
2025-12-01 14:45:00,1.463,1.469,1.461,1.463,954364.4
2025-12-01 15:00:00,1.463,1.469,1.458,1.459,1088518.0
2025-12-01 15:15:00,1.459,1.464,1.443,1.45,2437428.8
2025-12-01 15:30:00,1.451,1.456,1.435,1.448,2967844.6
2025-12-01 15:45:00,1.448,1.467,1.44,1.461,1888731.4
2025-12-01 16:00:00,1.461,1.461,1.449,1.451,932142.1
2025-12-01 16:15:00,1.451,1.457,1.443,1.446,1067326.4
2025-12-01 16:30:00,1.445,1.459,1.443,1.452,989238.0
2025-12-01 16:45:00,1.453,1.456,1.443,1.447,1066149.9
2025-12-01 17:00:00,1.447,1.458,1.446,1.451,679403.9
2025-12-01 17:15:00,1.452,1.452,1.443,1.446,806983.7
2025-12-01 17:30:00,1.446,1.454,1.443,1.454,586535.5
2025-12-01 17:45:00,1.454,1.457,1.444,1.444,519818.6
2025-12-01 18:00:00,1.445,1.459,1.444,1.458,618755.5
2025-12-01 18:15:00,1.458,1.463,1.455,1.457,714423.6
2025-12-01 18:30:00,1.457,1.459,1.447,1.448,370134.5
2025-12-01 18:45:00,1.449,1.464,1.446,1.459,543636.1
2025-12-01 19:00:00,1.46,1.463,1.455,1.46,459167.4
2025-12-01 19:15:00,1.46,1.463,1.454,1.457,426655.1
2025-12-01 19:30:00,1.458,1.462,1.455,1.456,405706.0
2025-12-01 19:45:00,1.456,1.465,1.455,1.462,357840.3
2025-12-01 20:00:00,1.463,1.484,1.463,1.478,1190499.6
2025-12-01 20:15:00,1.478,1.479,1.471,1.474,459185.4
2025-12-01 20:30:00,1.475,1.485,1.473,1.484,477415.2
2025-12-01 20:45:00,1.484,1.485,1.476,1.477,478939.2
2025-12-01 21:00:00,1.478,1.488,1.477,1.481,711714.6
2025-12-01 21:15:00,1.481,1.499,1.481,1.494,753677.4
2025-12-01 21:30:00,1.494,1.5,1.493,1.497,1012092.3
2025-12-01 21:45:00,1.498,1.498,1.486,1.489,624115.5
2025-12-01 22:00:00,1.49,1.497,1.489,1.492,380688.9
2025-12-01 22:15:00,1.493,1.497,1.491,1.491,279802.7
2025-12-01 22:30:00,1.491,1.493,1.485,1.489,328249.7
2025-12-01 22:45:00,1.488,1.493,1.483,1.484,174101.6
2025-12-01 23:00:00,1.484,1.492,1.479,1.479,747191.4
2025-12-01 23:15:00,1.48,1.489,1.479,1.487,571500.6
2025-12-01 23:30:00,1.488,1.489,1.479,1.482,490175.0
2025-12-01 23:45:00,1.481,1.483,1.479,1.48,385718.5
2025-12-02 00:00:00,1.48,1.488,1.48,1.486,595675.8
2025-12-02 00:15:00,1.486,1.489,1.481,1.484,632075.1
2025-12-02 00:30:00,1.483,1.487,1.478,1.48,567484.1
2025-12-02 00:45:00,1.48,1.488,1.477,1.483,677007.8
2025-12-02 01:00:00,1.482,1.5,1.48,1.485,1205652.4
2025-12-02 01:15:00,1.486,1.487,1.478,1.48,525241.7
2025-12-02 01:30:00,1.481,1.482,1.473,1.477,761382.4
2025-12-02 01:45:00,1.477,1.479,1.475,1.479,225362.9
2025-12-02 02:00:00,1.479,1.479,1.47,1.476,633316.7
2025-12-02 02:15:00,1.475,1.481,1.474,1.476,447433.3
2025-12-02 02:30:00,1.475,1.477,1.47,1.477,436749.5
2025-12-02 02:45:00,1.476,1.478,1.47,1.471,287303.6
2025-12-02 03:00:00,1.47,1.477,1.469,1.475,514753.3
2025-12-02 03:15:00,1.475,1.48,1.468,1.47,520556.5
2025-12-02 03:30:00,1.469,1.481,1.465,1.48,782831.7
2025-12-02 03:45:00,1.48,1.481,1.475,1.476,439562.0
2025-12-02 04:00:00,1.477,1.481,1.474,1.479,802415.3
2025-12-02 04:15:00,1.478,1.479,1.47,1.472,576062.3
2025-12-02 04:30:00,1.472,1.473,1.468,1.471,378576.6
2025-12-02 04:45:00,1.471,1.474,1.469,1.471,296366.3
2025-12-02 05:00:00,1.47,1.474,1.467,1.472,505539.0
2025-12-02 05:15:00,1.472,1.479,1.47,1.474,429290.0
2025-12-02 05:30:00,1.475,1.475,1.471,1.473,517744.1
2025-12-02 05:45:00,1.473,1.479,1.472,1.478,294174.2
2025-12-02 06:00:00,1.477,1.478,1.472,1.477,623566.7
2025-12-02 06:15:00,1.476,1.479,1.473,1.474,246322.4
2025-12-02 06:30:00,1.475,1.479,1.474,1.476,296030.5
2025-12-02 06:45:00,1.475,1.478,1.474,1.477,251920.4
2025-12-02 07:00:00,1.476,1.478,1.473,1.474,242890.4
2025-12-02 07:15:00,1.475,1.476,1.472,1.472,232273.0
2025-12-02 07:30:00,1.473,1.474,1.467,1.471,621960.4
2025-12-02 07:45:00,1.47,1.471,1.467,1.468,326553.0
2025-12-02 08:00:00,1.469,1.471,1.463,1.464,834379.8
2025-12-02 08:15:00,1.464,1.465,1.458,1.459,812648.5
2025-12-02 08:30:00,1.458,1.462,1.452,1.457,1063462.5
2025-12-02 08:45:00,1.458,1.465,1.455,1.458,518124.1
2025-12-02 09:00:00,1.457,1.467,1.457,1.46,500004.9
2025-12-02 09:15:00,1.459,1.462,1.456,1.461,329003.3
2025-12-02 09:30:00,1.461,1.461,1.457,1.46,292748.1
2025-12-02 09:45:00,1.46,1.467,1.46,1.465,306424.0
2025-12-02 10:00:00,1.465,1.468,1.463,1.466,356143.8
2025-12-02 10:15:00,1.466,1.467,1.461,1.461,222577.7
2025-12-02 10:30:00,1.462,1.468,1.461,1.467,225882.7
2025-12-02 10:45:00,1.467,1.48,1.466,1.476,1023269.5
2025-12-02 11:00:00,1.475,1.476,1.47,1.472,600756.3
2025-12-02 11:15:00,1.472,1.481,1.47,1.48,530397.7
2025-12-02 11:30:00,1.481,1.484,1.477,1.479,687633.4
2025-12-02 11:45:00,1.48,1.484,1.477,1.481,539192.1
2025-12-02 12:00:00,1.48,1.484,1.479,1.48,349179.9
2025-12-02 12:15:00,1.48,1.48,1.473,1.475,476211.3
2025-12-02 12:30:00,1.476,1.478,1.471,1.476,538139.1
2025-12-02 12:45:00,1.475,1.477,1.467,1.468,735318.2
2025-12-02 13:00:00,1.468,1.47,1.459,1.467,1131284.1
2025-12-02 13:15:00,1.467,1.476,1.467,1.472,786995.2
2025-12-02 13:30:00,1.473,1.474,1.468,1.47,505596.5
2025-12-02 13:45:00,1.469,1.475,1.467,1.472,630392.5
2025-12-02 14:00:00,1.472,1.481,1.467,1.476,1571045.8
2025-12-02 14:15:00,1.477,1.488,1.475,1.482,1363080.0
2025-12-02 14:30:00,1.481,1.49,1.477,1.49,2239607.0
2025-12-02 14:45:00,1.49,1.5,1.489,1.498,1980763.4
2025-12-02 15:00:00,1.499,1.539,1.498,1.534,3844475.8
2025-12-02 15:15:00,1.535,1.553,1.531,1.532,3189728.9
2025-12-02 15:30:00,1.533,1.575,1.527,1.564,2945422.5
2025-12-02 15:45:00,1.565,1.576,1.555,1.566,2936227.8
2025-12-02 16:00:00,1.565,1.569,1.547,1.55,2940041.8
2025-12-02 16:15:00,1.55,1.552,1.537,1.538,2201594.2
2025-12-02 16:30:00,1.538,1.547,1.534,1.538,1449727.5
2025-12-02 16:45:00,1.537,1.546,1.537,1.542,667581.8
2025-12-02 17:00:00,1.541,1.547,1.531,1.535,934963.5
2025-12-02 17:15:00,1.536,1.55,1.533,1.543,872406.4
2025-12-02 17:30:00,1.544,1.548,1.541,1.545,1057239.1
2025-12-02 17:45:00,1.544,1.546,1.532,1.534,706037.2
2025-12-02 18:00:00,1.534,1.544,1.534,1.544,826267.2
2025-12-02 18:15:00,1.543,1.549,1.54,1.543,484667.1
2025-12-02 18:30:00,1.542,1.548,1.54,1.54,520440.2
2025-12-02 18:45:00,1.541,1.544,1.54,1.543,318301.0
2025-12-02 19:00:00,1.544,1.552,1.544,1.549,501808.1
2025-12-02 19:15:00,1.549,1.554,1.548,1.55,487837.8
2025-12-02 19:30:00,1.55,1.557,1.548,1.552,584572.4
2025-12-02 19:45:00,1.553,1.553,1.536,1.536,813501.4
2025-12-02 20:00:00,1.536,1.539,1.532,1.537,821112.6
2025-12-02 20:15:00,1.536,1.537,1.527,1.528,817743.8
2025-12-02 20:30:00,1.528,1.536,1.523,1.525,1308438.1
2025-12-02 20:45:00,1.524,1.531,1.522,1.531,742288.7
2025-12-02 21:00:00,1.53,1.532,1.527,1.529,557453.0
2025-12-02 21:15:00,1.53,1.531,1.525,1.529,448238.9
2025-12-02 21:30:00,1.528,1.532,1.527,1.53,433389.6
2025-12-02 21:45:00,1.529,1.532,1.528,1.529,180570.1
2025-12-02 22:00:00,1.53,1.536,1.529,1.531,417827.9
2025-12-02 22:15:00,1.532,1.535,1.53,1.534,184880.1
2025-12-02 22:30:00,1.533,1.548,1.533,1.542,642911.7
2025-12-02 22:45:00,1.541,1.543,1.537,1.541,202834.4
2025-12-02 23:00:00,1.542,1.546,1.538,1.539,325845.1
2025-12-02 23:15:00,1.538,1.54,1.531,1.532,297131.8
2025-12-02 23:30:00,1.533,1.535,1.527,1.529,458041.1
2025-12-02 23:45:00,1.529,1.533,1.528,1.531,407384.8
2025-12-03 00:00:00,1.53,1.536,1.528,1.532,443690.9
2025-12-03 00:15:00,1.532,1.535,1.525,1.528,444668.8
2025-12-03 00:30:00,1.528,1.539,1.523,1.539,585465.5
2025-12-03 00:45:00,1.539,1.541,1.534,1.536,422834.3
2025-12-03 01:00:00,1.535,1.539,1.53,1.535,407774.2
2025-12-03 01:15:00,1.536,1.54,1.535,1.539,292991.1
2025-12-03 01:30:00,1.539,1.539,1.534,1.538,265706.3
2025-12-03 01:45:00,1.537,1.546,1.536,1.541,456131.6
2025-12-03 02:00:00,1.541,1.559,1.539,1.558,1093454.2
2025-12-03 02:15:00,1.559,1.562,1.554,1.559,1018787.2
2025-12-03 02:30:00,1.559,1.559,1.55,1.551,656669.5
2025-12-03 02:45:00,1.552,1.554,1.547,1.553,432620.5
2025-12-03 03:00:00,1.553,1.563,1.551,1.554,735467.1
2025-12-03 03:15:00,1.553,1.556,1.551,1.553,223476.3
2025-12-03 03:30:00,1.552,1.556,1.545,1.547,555296.1
2025-12-03 03:45:00,1.546,1.548,1.542,1.547,432959.5
2025-12-03 04:00:00,1.546,1.553,1.546,1.551,328012.9
2025-12-03 04:15:00,1.551,1.56,1.55,1.551,619645.4
2025-12-03 04:30:00,1.552,1.566,1.549,1.566,785054.6
2025-12-03 04:45:00,1.565,1.576,1.562,1.568,1047060.3
2025-12-03 05:00:00,1.569,1.579,1.566,1.569,1214973.8
2025-12-03 05:15:00,1.57,1.572,1.564,1.571,1124805.7
2025-12-03 05:30:00,1.571,1.573,1.567,1.569,634136.5
2025-12-03 05:45:00,1.569,1.573,1.566,1.566,394512.4
2025-12-03 06:00:00,1.567,1.58,1.566,1.576,828102.7
2025-12-03 06:15:00,1.576,1.589,1.576,1.589,700185.1
2025-12-03 06:30:00,1.589,1.591,1.577,1.578,1632462.0
2025-12-03 06:45:00,1.579,1.58,1.572,1.577,676463.0
2025-12-03 07:00:00,1.578,1.583,1.567,1.571,1638327.3
2025-12-03 07:15:00,1.57,1.572,1.567,1.569,379959.3
2025-12-03 07:30:00,1.569,1.571,1.567,1.569,334344.0
2025-12-03 07:45:00,1.57,1.57,1.566,1.569,279746.0
2025-12-03 08:00:00,1.569,1.574,1.567,1.569,594009.4
2025-12-03 08:15:00,1.569,1.57,1.563,1.566,457703.7
2025-12-03 08:30:00,1.567,1.572,1.565,1.572,361677.4
2025-12-03 08:45:00,1.572,1.577,1.57,1.573,329296.5
2025-12-03 09:00:00,1.574,1.576,1.57,1.574,442342.4
2025-12-03 09:15:00,1.575,1.575,1.567,1.569,298000.9
2025-12-03 09:30:00,1.569,1.57,1.56,1.567,1007889.8
2025-12-03 09:45:00,1.568,1.572,1.567,1.57,358475.4
2025-12-03 10:00:00,1.57,1.572,1.567,1.567,231650.3
2025-12-03 10:15:00,1.568,1.573,1.566,1.572,379182.3
2025-12-03 10:30:00,1.572,1.572,1.559,1.56,693477.2
2025-12-03 10:45:00,1.56,1.564,1.557,1.557,397178.9
2025-12-03 11:00:00,1.558,1.561,1.555,1.557,526767.5
2025-12-03 11:15:00,1.557,1.563,1.553,1.561,698872.9
2025-12-03 11:30:00,1.562,1.566,1.559,1.565,406386.8
2025-12-03 11:45:00,1.565,1.576,1.564,1.57,621210.6
2025-12-03 12:00:00,1.571,1.574,1.567,1.567,421599.6
2025-12-03 12:15:00,1.568,1.571,1.563,1.565,302155.5
2025-12-03 12:30:00,1.564,1.567,1.56,1.562,403182.5
2025-12-03 12:45:00,1.563,1.569,1.56,1.564,303474.1
2025-12-03 13:00:00,1.564,1.568,1.563,1.566,465035.3
2025-12-03 13:15:00,1.567,1.573,1.565,1.569,523988.6
2025-12-03 13:30:00,1.569,1.574,1.567,1.573,420595.9
2025-12-03 13:45:00,1.574,1.576,1.569,1.573,465420.8
2025-12-03 14:00:00,1.574,1.574,1.53,1.55,5421688.1
2025-12-03 14:15:00,1.55,1.561,1.55,1.559,879369.6
2025-12-03 14:30:00,1.559,1.595,1.548,1.582,2841026.7
2025-12-03 14:45:00,1.582,1.583,1.562,1.567,1414658.9
2025-12-03 15:00:00,1.567,1.581,1.555,1.558,2281603.4
2025-12-03 15:15:00,1.559,1.573,1.558,1.571,981319.8
2025-12-03 15:30:00,1.57,1.579,1.567,1.576,861482.8
2025-12-03 15:45:00,1.576,1.578,1.572,1.575,388714.3
2025-12-03 16:00:00,1.575,1.58,1.556,1.557,2366288.9
2025-12-03 16:15:00,1.557,1.566,1.555,1.56,1578963.4
2025-12-03 16:30:00,1.56,1.575,1.559,1.574,725520.4
2025-12-03 16:45:00,1.574,1.575,1.564,1.567,508963.6
2025-12-03 17:00:00,1.567,1.576,1.566,1.575,737426.9
2025-12-03 17:15:00,1.574,1.576,1.566,1.573,386173.4
2025-12-03 17:30:00,1.572,1.584,1.571,1.573,904390.7
2025-12-03 17:45:00,1.572,1.58,1.57,1.578,761624.8
2025-12-03 18:00:00,1.578,1.593,1.577,1.588,938132.7
2025-12-03 18:15:00,1.588,1.589,1.581,1.589,594770.9
2025-12-03 18:30:00,1.589,1.593,1.584,1.585,552592.6
2025-12-03 18:45:00,1.585,1.585,1.57,1.577,1041640.1
2025-12-03 19:00:00,1.576,1.58,1.573,1.577,440258.4
2025-12-03 19:15:00,1.576,1.582,1.575,1.58,241445.5
2025-12-03 19:30:00,1.58,1.582,1.577,1.582,187703.8
2025-12-03 19:45:00,1.582,1.589,1.58,1.587,694574.7
2025-12-03 20:00:00,1.587,1.589,1.582,1.586,644562.9
2025-12-03 20:15:00,1.586,1.589,1.579,1.581,485779.4
2025-12-03 20:30:00,1.58,1.586,1.579,1.585,365911.3
2025-12-03 20:45:00,1.585,1.595,1.58,1.584,760742.1
2025-12-03 21:00:00,1.584,1.589,1.582,1.587,515413.4
2025-12-03 21:15:00,1.586,1.594,1.584,1.592,367450.3
2025-12-03 21:30:00,1.592,1.593,1.589,1.592,194201.4
2025-12-03 21:45:00,1.593,1.605,1.589,1.602,495478.5
2025-12-03 22:00:00,1.601,1.609,1.594,1.6,898448.3
2025-12-03 22:15:00,1.601,1.603,1.595,1.599,338758.7
2025-12-03 22:30:00,1.598,1.601,1.587,1.6,676951.7
2025-12-03 22:45:00,1.599,1.61,1.599,1.606,547881.1
2025-12-03 23:00:00,1.606,1.621,1.604,1.607,1319536.7
2025-12-03 23:15:00,1.607,1.608,1.6,1.601,494503.9
2025-12-03 23:30:00,1.601,1.603,1.595,1.596,476103.0
2025-12-03 23:45:00,1.597,1.6,1.594,1.596,474462.3
2025-12-04 00:00:00,1.595,1.604,1.592,1.593,600408.8
2025-12-04 00:15:00,1.593,1.597,1.592,1.594,430311.8
2025-12-04 00:30:00,1.595,1.601,1.59,1.6,527496.7
2025-12-04 00:45:00,1.599,1.602,1.591,1.592,441306.4
2025-12-04 01:00:00,1.592,1.613,1.589,1.611,794305.9
2025-12-04 01:15:00,1.612,1.613,1.598,1.601,813947.9
2025-12-04 01:30:00,1.601,1.603,1.597,1.6,364764.9
2025-12-04 01:45:00,1.6,1.601,1.59,1.591,576930.7
2025-12-04 02:00:00,1.592,1.599,1.59,1.598,412616.1
2025-12-04 02:15:00,1.599,1.605,1.597,1.602,372548.3
2025-12-04 02:30:00,1.602,1.605,1.598,1.602,355242.2
2025-12-04 02:45:00,1.603,1.606,1.6,1.602,275545.9
2025-12-04 03:00:00,1.603,1.609,1.6,1.601,369320.7
2025-12-04 03:15:00,1.602,1.603,1.598,1.6,239360.7
2025-12-04 03:30:00,1.6,1.602,1.595,1.596,316460.1
2025-12-04 03:45:00,1.595,1.596,1.591,1.593,284311.4
2025-12-04 04:00:00,1.592,1.601,1.592,1.596,255960.3
2025-12-04 04:15:00,1.597,1.598,1.591,1.594,197180.0
2025-12-04 04:30:00,1.594,1.595,1.588,1.591,300067.8
2025-12-04 04:45:00,1.591,1.595,1.588,1.595,263987.9
2025-12-04 05:00:00,1.595,1.598,1.588,1.594,310029.9
2025-12-04 05:15:00,1.593,1.594,1.589,1.593,233723.6
2025-12-04 05:30:00,1.593,1.596,1.585,1.587,551792.2
2025-12-04 05:45:00,1.586,1.594,1.586,1.594,544842.4
2025-12-04 06:00:00,1.594,1.596,1.592,1.594,178816.7
2025-12-04 06:15:00,1.594,1.599,1.591,1.599,481519.9
2025-12-04 06:30:00,1.599,1.607,1.599,1.606,681243.1
2025-12-04 06:45:00,1.606,1.606,1.6,1.602,379405.1
2025-12-04 07:00:00,1.602,1.602,1.587,1.59,520937.7
2025-12-04 07:15:00,1.591,1.597,1.589,1.596,464471.2
2025-12-04 07:30:00,1.595,1.603,1.595,1.603,335662.2
2025-12-04 07:45:00,1.603,1.605,1.6,1.603,188535.7
2025-12-04 08:00:00,1.603,1.606,1.596,1.597,365805.0
2025-12-04 08:15:00,1.597,1.602,1.596,1.597,250823.1
2025-12-04 08:30:00,1.596,1.605,1.596,1.602,312458.6
2025-12-04 08:45:00,1.601,1.603,1.597,1.6,181678.1
2025-12-04 09:00:00,1.6,1.611,1.6,1.607,823191.4
2025-12-04 09:15:00,1.607,1.607,1.6,1.606,287795.4
2025-12-04 09:30:00,1.605,1.609,1.604,1.608,397985.7
2025-12-04 09:45:00,1.607,1.612,1.604,1.608,803534.7
2025-12-04 10:00:00,1.608,1.614,1.608,1.612,454399.9
2025-12-04 10:15:00,1.612,1.612,1.608,1.61,325140.1
2025-12-04 10:30:00,1.609,1.609,1.6,1.604,319511.7
2025-12-04 10:45:00,1.603,1.605,1.6,1.603,583321.5
2025-12-04 11:00:00,1.603,1.604,1.598,1.599,412064.1
2025-12-04 11:15:00,1.599,1.601,1.594,1.597,293355.5
2025-12-04 11:30:00,1.596,1.598,1.59,1.592,868295.1
2025-12-04 11:45:00,1.591,1.599,1.589,1.598,566366.6
2025-12-04 12:00:00,1.598,1.601,1.595,1.596,212420.8
2025-12-04 12:15:00,1.596,1.598,1.588,1.589,531552.2
2025-12-04 12:30:00,1.588,1.595,1.586,1.592,549710.3
2025-12-04 12:45:00,1.592,1.594,1.588,1.593,254676.6
2025-12-04 13:00:00,1.593,1.596,1.581,1.584,1049364.3
2025-12-04 13:15:00,1.584,1.592,1.583,1.588,587442.6
2025-12-04 13:30:00,1.588,1.59,1.577,1.583,776138.7
2025-12-04 13:45:00,1.582,1.583,1.576,1.581,611465.5
2025-12-04 14:00:00,1.582,1.587,1.58,1.587,482366.3
2025-12-04 14:15:00,1.586,1.59,1.582,1.589,235675.7
2025-12-04 14:30:00,1.589,1.589,1.574,1.58,851931.2
2025-12-04 14:45:00,1.579,1.581,1.564,1.568,2048725.0
2025-12-04 15:00:00,1.568,1.587,1.568,1.585,1226908.3
2025-12-04 15:15:00,1.585,1.589,1.578,1.585,808031.6
2025-12-04 15:30:00,1.585,1.604,1.582,1.594,1432038.9
2025-12-04 15:45:00,1.594,1.595,1.587,1.594,599745.0
2025-12-04 16:00:00,1.594,1.594,1.572,1.583,2007594.5
2025-12-04 16:15:00,1.582,1.593,1.582,1.584,639469.3
2025-12-04 16:30:00,1.583,1.584,1.573,1.578,965887.5
2025-12-04 16:45:00,1.578,1.58,1.572,1.576,583998.1
2025-12-04 17:00:00,1.576,1.577,1.568,1.571,616031.7
2025-12-04 17:15:00,1.571,1.573,1.565,1.566,492895.3
2025-12-04 17:30:00,1.566,1.566,1.552,1.561,1301811.6
2025-12-04 17:45:00,1.561,1.565,1.557,1.564,659539.3
2025-12-04 18:00:00,1.564,1.565,1.558,1.565,564907.6
2025-12-04 18:15:00,1.564,1.566,1.558,1.565,379995.9
2025-12-04 18:30:00,1.564,1.567,1.551,1.553,630711.9
2025-12-04 18:45:00,1.553,1.556,1.545,1.548,1382349.7
2025-12-04 19:00:00,1.548,1.55,1.529,1.531,3217334.9
2025-12-04 19:15:00,1.53,1.538,1.513,1.527,4459416.2
2025-12-04 19:30:00,1.527,1.548,1.524,1.544,1671398.2
2025-12-04 19:45:00,1.544,1.55,1.54,1.544,463620.4
2025-12-04 20:00:00,1.543,1.548,1.534,1.542,815251.1
2025-12-04 20:15:00,1.541,1.548,1.538,1.542,337419.6
2025-12-04 20:30:00,1.541,1.549,1.54,1.548,440595.1
2025-12-04 20:45:00,1.547,1.557,1.546,1.551,654482.6
2025-12-04 21:00:00,1.551,1.556,1.549,1.554,497101.8
2025-12-04 21:15:00,1.554,1.557,1.549,1.55,205439.7
2025-12-04 21:30:00,1.549,1.554,1.548,1.55,219923.7
2025-12-04 21:45:00,1.55,1.55,1.54,1.542,324365.5
2025-12-04 22:00:00,1.542,1.545,1.54,1.544,395353.2
2025-12-04 22:15:00,1.544,1.545,1.537,1.542,379943.3
2025-12-04 22:30:00,1.542,1.548,1.541,1.547,303007.5
2025-12-04 22:45:00,1.546,1.551,1.544,1.547,151191.9
2025-12-04 23:00:00,1.548,1.55,1.544,1.545,499786.8
2025-12-04 23:15:00,1.545,1.549,1.544,1.548,164070.4
2025-12-04 23:30:00,1.547,1.551,1.541,1.544,409180.4
2025-12-04 23:45:00,1.543,1.545,1.54,1.543,241315.1
2025-12-05 00:00:00,1.544,1.551,1.543,1.544,346544.2
2025-12-05 00:15:00,1.543,1.558,1.542,1.551,597735.6
2025-12-05 00:30:00,1.551,1.553,1.547,1.55,375595.7
2025-12-05 00:45:00,1.55,1.551,1.542,1.543,519350.9
2025-12-05 01:00:00,1.543,1.552,1.542,1.547,237670.0
2025-12-05 01:15:00,1.547,1.558,1.547,1.553,364307.0
2025-12-05 01:30:00,1.553,1.558,1.551,1.553,302919.6
2025-12-05 01:45:00,1.552,1.561,1.551,1.558,426687.8
2025-12-05 02:00:00,1.557,1.562,1.553,1.56,691206.2
2025-12-05 02:15:00,1.561,1.57,1.56,1.569,553540.8
2025-12-05 02:30:00,1.568,1.576,1.566,1.574,821572.3
2025-12-05 02:45:00,1.573,1.573,1.557,1.559,851303.0
2025-12-05 03:00:00,1.56,1.564,1.556,1.562,592726.3
2025-12-05 03:15:00,1.561,1.562,1.552,1.555,531299.4
2025-12-05 03:30:00,1.555,1.557,1.551,1.552,308662.8
2025-12-05 03:45:00,1.551,1.555,1.546,1.549,564885.3
2025-12-05 04:00:00,1.549,1.552,1.547,1.549,299156.5
2025-12-05 04:15:00,1.548,1.549,1.541,1.542,548537.9
2025-12-05 04:30:00,1.541,1.542,1.534,1.539,942997.9
2025-12-05 04:45:00,1.538,1.548,1.535,1.544,643240.4
2025-12-05 05:00:00,1.544,1.548,1.542,1.543,340420.5
2025-12-05 05:15:00,1.543,1.544,1.538,1.54,296133.0
2025-12-05 05:30:00,1.539,1.542,1.537,1.541,233810.1
2025-12-05 05:45:00,1.541,1.542,1.539,1.541,172261.1
2025-12-05 06:00:00,1.54,1.551,1.54,1.547,578375.9
2025-12-05 06:15:00,1.547,1.55,1.545,1.549,236583.8
2025-12-05 06:30:00,1.548,1.553,1.544,1.55,390913.3
2025-12-05 06:45:00,1.551,1.554,1.549,1.551,257239.6
2025-12-05 07:00:00,1.552,1.56,1.548,1.556,608691.5
2025-12-05 07:15:00,1.556,1.556,1.552,1.553,379268.0
2025-12-05 07:30:00,1.554,1.555,1.552,1.553,268721.1
2025-12-05 07:45:00,1.553,1.562,1.551,1.561,417387.0
2025-12-05 08:00:00,1.56,1.561,1.55,1.555,484369.1
2025-12-05 08:15:00,1.554,1.556,1.55,1.554,390994.6
2025-12-05 08:30:00,1.554,1.554,1.545,1.551,615906.4
2025-12-05 08:45:00,1.551,1.554,1.549,1.553,274632.1
2025-12-05 09:00:00,1.553,1.553,1.544,1.546,603798.5
2025-12-05 09:15:00,1.545,1.545,1.528,1.53,1543951.0
2025-12-05 09:30:00,1.53,1.537,1.527,1.536,1321212.6
2025-12-05 09:45:00,1.535,1.537,1.531,1.533,522938.3
2025-12-05 10:00:00,1.534,1.541,1.531,1.538,658016.1
2025-12-05 10:15:00,1.538,1.544,1.537,1.54,296435.1
2025-12-05 10:30:00,1.539,1.544,1.537,1.541,179143.4
2025-12-05 10:45:00,1.542,1.543,1.537,1.538,169436.0
2025-12-05 11:00:00,1.538,1.54,1.536,1.537,246590.7
2025-12-05 11:15:00,1.536,1.538,1.529,1.535,493792.5
2025-12-05 11:30:00,1.536,1.536,1.514,1.521,2079494.6
2025-12-05 11:45:00,1.521,1.53,1.52,1.526,552458.0
2025-12-05 12:00:00,1.526,1.528,1.522,1.526,598450.4
2025-12-05 12:15:00,1.525,1.529,1.523,1.526,317066.2
2025-12-05 12:30:00,1.526,1.533,1.525,1.53,553503.9
2025-12-05 12:45:00,1.531,1.532,1.527,1.528,213272.4
2025-12-05 13:00:00,1.529,1.535,1.523,1.529,527715.2
2025-12-05 13:15:00,1.53,1.531,1.521,1.524,487440.8
2025-12-05 13:30:00,1.524,1.527,1.511,1.514,1234774.4
2025-12-05 13:45:00,1.515,1.517,1.501,1.509,2044774.2
2025-12-05 14:00:00,1.51,1.514,1.505,1.506,723302.4
2025-12-05 14:15:00,1.506,1.512,1.504,1.51,616676.4
2025-12-05 14:30:00,1.51,1.519,1.506,1.508,1281294.5
2025-12-05 14:45:00,1.509,1.516,1.501,1.51,938378.6
2025-12-05 15:00:00,1.511,1.541,1.51,1.527,2734275.3
2025-12-05 15:15:00,1.528,1.531,1.522,1.526,758790.8
2025-12-05 15:30:00,1.526,1.534,1.518,1.522,668106.6
2025-12-05 15:45:00,1.521,1.524,1.504,1.509,1430937.1
2025-12-05 16:00:00,1.508,1.509,1.469,1.485,6375940.1
2025-12-05 16:15:00,1.484,1.493,1.477,1.481,2038334.5
2025-12-05 16:30:00,1.482,1.482,1.444,1.455,4156213.4
2025-12-05 16:45:00,1.454,1.472,1.447,1.466,2053143.6
2025-12-05 17:00:00,1.465,1.475,1.462,1.464,1619472.5
2025-12-05 17:15:00,1.464,1.473,1.462,1.466,754902.8
2025-12-05 17:30:00,1.466,1.474,1.459,1.468,1029277.4
2025-12-05 17:45:00,1.468,1.475,1.463,1.467,1509622.4
2025-12-05 18:00:00,1.467,1.479,1.464,1.472,970034.4
2025-12-05 18:15:00,1.472,1.475,1.46,1.464,1102671.1
2025-12-05 18:30:00,1.463,1.466,1.452,1.454,1476464.8
2025-12-05 18:45:00,1.454,1.458,1.451,1.451,573857.0
2025-12-05 19:00:00,1.451,1.455,1.438,1.452,2335315.4
2025-12-05 19:15:00,1.452,1.461,1.449,1.455,834284.1
2025-12-05 19:30:00,1.455,1.462,1.455,1.459,357971.0
2025-12-05 19:45:00,1.459,1.465,1.457,1.46,397816.5
2025-12-05 20:00:00,1.46,1.466,1.458,1.465,427487.2
2025-12-05 20:15:00,1.465,1.47,1.463,1.464,574012.3
2025-12-05 20:30:00,1.465,1.465,1.458,1.459,408523.6
2025-12-05 20:45:00,1.459,1.46,1.453,1.456,407445.2
2025-12-05 21:00:00,1.457,1.466,1.457,1.464,442061.9
2025-12-05 21:15:00,1.465,1.468,1.462,1.465,368397.6
2025-12-05 21:30:00,1.465,1.468,1.462,1.462,401852.2
2025-12-05 21:45:00,1.463,1.47,1.462,1.469,321097.8
2025-12-05 22:00:00,1.469,1.469,1.46,1.461,494624.7
2025-12-05 22:15:00,1.462,1.473,1.462,1.473,334130.1
2025-12-05 22:30:00,1.473,1.481,1.471,1.481,598142.8
2025-12-05 22:45:00,1.481,1.484,1.475,1.475,203926.4
2025-12-05 23:00:00,1.476,1.477,1.466,1.474,492199.5
2025-12-05 23:15:00,1.473,1.481,1.473,1.48,361287.9
2025-12-05 23:30:00,1.48,1.488,1.479,1.484,618564.4
2025-12-05 23:45:00,1.484,1.49,1.484,1.484,498487.5
2025-12-06 00:00:00,1.485,1.486,1.479,1.48,428457.2
2025-12-06 00:15:00,1.48,1.48,1.475,1.477,247871.3
2025-12-06 00:30:00,1.478,1.49,1.477,1.487,460037.1
2025-12-06 00:45:00,1.487,1.487,1.483,1.486,200088.7
2025-12-06 01:00:00,1.485,1.488,1.482,1.487,207623.6
2025-12-06 01:15:00,1.486,1.491,1.486,1.488,240427.2
2025-12-06 01:30:00,1.488,1.489,1.485,1.485,179940.7
2025-12-06 01:45:00,1.486,1.489,1.479,1.481,373860.1
2025-12-06 02:00:00,1.48,1.481,1.472,1.48,465694.9
2025-12-06 02:15:00,1.48,1.481,1.477,1.48,156655.9
2025-12-06 02:30:00,1.479,1.482,1.478,1.479,175769.1
2025-12-06 02:45:00,1.48,1.485,1.479,1.485,135758.5
2025-12-06 03:00:00,1.484,1.491,1.484,1.49,278664.1
2025-12-06 03:15:00,1.489,1.49,1.483,1.486,192012.4
2025-12-06 03:30:00,1.485,1.49,1.484,1.489,135888.2
2025-12-06 03:45:00,1.488,1.489,1.484,1.486,148197.2
2025-12-06 04:00:00,1.485,1.486,1.479,1.48,224443.4
2025-12-06 04:15:00,1.479,1.482,1.477,1.479,183084.9
2025-12-06 04:30:00,1.478,1.482,1.477,1.481,261687.7
2025-12-06 04:45:00,1.481,1.482,1.478,1.48,107461.6
2025-12-06 05:00:00,1.479,1.481,1.477,1.481,253667.7
2025-12-06 05:15:00,1.48,1.482,1.475,1.481,330844.3
2025-12-06 05:30:00,1.48,1.481,1.473,1.477,253166.0
2025-12-06 05:45:00,1.477,1.481,1.475,1.479,217168.2
2025-12-06 06:00:00,1.478,1.482,1.477,1.481,312868.6
2025-12-06 06:15:00,1.48,1.481,1.476,1.48,232574.3
2025-12-06 06:30:00,1.479,1.482,1.475,1.476,170654.7
2025-12-06 06:45:00,1.476,1.478,1.475,1.477,202287.0
2025-12-06 07:00:00,1.476,1.478,1.474,1.477,274533.5
2025-12-06 07:15:00,1.476,1.477,1.473,1.474,227041.7
2025-12-06 07:30:00,1.474,1.478,1.467,1.478,894553.1
2025-12-06 07:45:00,1.477,1.48,1.476,1.478,239436.4
2025-12-06 08:00:00,1.479,1.479,1.473,1.475,216489.9
2025-12-06 08:15:00,1.474,1.479,1.469,1.47,496293.6
2025-12-06 08:30:00,1.471,1.476,1.467,1.475,553491.1
2025-12-06 08:45:00,1.474,1.476,1.466,1.468,322071.5
2025-12-06 09:00:00,1.468,1.476,1.467,1.474,310904.1
2025-12-06 09:15:00,1.475,1.478,1.474,1.477,257271.2
2025-12-06 09:30:00,1.477,1.48,1.474,1.479,242112.4
2025-12-06 09:45:00,1.48,1.481,1.476,1.477,230405.7
2025-12-06 10:00:00,1.477,1.478,1.472,1.476,250002.3
2025-12-06 10:15:00,1.475,1.478,1.47,1.47,215912.9
2025-12-06 10:30:00,1.47,1.474,1.469,1.472,271720.6
2025-12-06 10:45:00,1.473,1.474,1.469,1.47,208613.8
2025-12-06 11:00:00,1.47,1.476,1.467,1.474,228473.7
2025-12-06 11:15:00,1.475,1.477,1.473,1.476,223405.5
2025-12-06 11:30:00,1.476,1.48,1.476,1.479,279578.0
2025-12-06 11:45:00,1.479,1.483,1.478,1.479,359962.2
2025-12-06 12:00:00,1.48,1.481,1.473,1.476,616581.0
2025-12-06 12:15:00,1.475,1.481,1.475,1.477,178474.2
2025-12-06 12:30:00,1.477,1.48,1.476,1.479,220173.4
2025-12-06 12:45:00,1.478,1.479,1.474,1.475,208213.9
2025-12-06 13:00:00,1.474,1.476,1.471,1.475,368026.6
2025-12-06 13:15:00,1.475,1.477,1.473,1.475,186053.5
2025-12-06 13:30:00,1.474,1.48,1.473,1.479,358800.4
2025-12-06 13:45:00,1.479,1.48,1.475,1.476,155338.6
2025-12-06 14:00:00,1.476,1.48,1.474,1.48,246023.7
2025-12-06 14:15:00,1.479,1.497,1.479,1.486,1462728.0
2025-12-06 14:30:00,1.485,1.492,1.484,1.491,447586.6
2025-12-06 14:45:00,1.491,1.493,1.484,1.485,294405.6
2025-12-06 15:00:00,1.485,1.487,1.48,1.482,600256.3
2025-12-06 15:15:00,1.482,1.482,1.473,1.476,733175.1
2025-12-06 15:30:00,1.477,1.483,1.475,1.482,501406.6
2025-12-06 15:45:00,1.482,1.483,1.475,1.477,321291.0
2025-12-06 16:00:00,1.476,1.487,1.475,1.484,651706.7
2025-12-06 16:15:00,1.484,1.487,1.484,1.485,310479.9
2025-12-06 16:30:00,1.486,1.489,1.482,1.486,367050.2
2025-12-06 16:45:00,1.487,1.49,1.484,1.485,242339.3
2025-12-06 17:00:00,1.486,1.49,1.481,1.484,145309.5
2025-12-06 17:15:00,1.484,1.491,1.483,1.491,206248.8
2025-12-06 17:30:00,1.491,1.492,1.487,1.487,286986.5
2025-12-06 17:45:00,1.488,1.492,1.486,1.492,190501.8
2025-12-06 18:00:00,1.491,1.493,1.486,1.491,433828.8
2025-12-06 18:15:00,1.492,1.498,1.491,1.497,489313.4
2025-12-06 18:30:00,1.497,1.497,1.491,1.492,240013.6
2025-12-06 18:45:00,1.491,1.493,1.486,1.488,316168.6
2025-12-06 19:00:00,1.489,1.491,1.472,1.479,1859777.6
2025-12-06 19:15:00,1.479,1.482,1.476,1.482,368586.4
2025-12-06 19:30:00,1.482,1.483,1.471,1.474,581121.9
2025-12-06 19:45:00,1.474,1.479,1.474,1.479,234322.3
2025-12-06 20:00:00,1.478,1.484,1.478,1.478,477637.2
2025-12-06 20:15:00,1.478,1.482,1.476,1.478,282434.6
2025-12-06 20:30:00,1.478,1.483,1.477,1.482,218254.4
2025-12-06 20:45:00,1.483,1.484,1.479,1.482,214678.8
2025-12-06 21:00:00,1.482,1.493,1.479,1.486,955962.5
2025-12-06 21:15:00,1.486,1.489,1.483,1.484,277007.5
2025-12-06 21:30:00,1.484,1.487,1.482,1.482,176601.6
2025-12-06 21:45:00,1.483,1.488,1.481,1.486,173420.6
2025-12-06 22:00:00,1.487,1.489,1.483,1.488,135151.1
2025-12-06 22:15:00,1.488,1.492,1.484,1.484,194810.8
2025-12-06 22:30:00,1.484,1.488,1.484,1.485,158562.3
2025-12-06 22:45:00,1.485,1.486,1.48,1.483,187387.2
2025-12-06 23:00:00,1.483,1.49,1.481,1.489,308206.1
2025-12-06 23:15:00,1.489,1.493,1.48,1.482,530313.5
2025-12-06 23:30:00,1.482,1.487,1.48,1.487,133365.0
2025-12-06 23:45:00,1.487,1.492,1.485,1.49,149184.2
2025-12-07 00:00:00,1.49,1.501,1.488,1.499,587953.6
2025-12-07 00:15:00,1.5,1.507,1.496,1.499,825017.9
2025-12-07 00:30:00,1.499,1.505,1.498,1.503,332156.9
2025-12-07 00:45:00,1.502,1.505,1.499,1.502,187746.8
2025-12-07 01:00:00,1.501,1.503,1.498,1.501,267611.3
2025-12-07 01:15:00,1.501,1.503,1.497,1.5,262773.7
2025-12-07 01:30:00,1.5,1.501,1.497,1.499,170497.1
2025-12-07 01:45:00,1.498,1.499,1.493,1.493,196092.5
2025-12-07 02:00:00,1.494,1.496,1.492,1.494,323260.4
2025-12-07 02:15:00,1.494,1.499,1.493,1.495,174379.0
2025-12-07 02:30:00,1.495,1.497,1.487,1.49,294877.8
2025-12-07 02:45:00,1.491,1.496,1.489,1.493,199191.3
2025-12-07 03:00:00,1.494,1.496,1.491,1.493,239562.2
2025-12-07 03:15:00,1.493,1.494,1.49,1.492,81447.7
2025-12-07 03:30:00,1.493,1.498,1.492,1.496,143683.1
2025-12-07 03:45:00,1.497,1.501,1.496,1.498,275880.0
2025-12-07 04:00:00,1.498,1.5,1.496,1.498,309988.4
2025-12-07 04:15:00,1.497,1.5,1.494,1.495,103159.6
2025-12-07 04:30:00,1.495,1.496,1.491,1.492,144647.9
2025-12-07 04:45:00,1.493,1.496,1.491,1.492,132703.0
2025-12-07 05:00:00,1.491,1.494,1.49,1.492,183889.8
2025-12-07 05:15:00,1.492,1.495,1.489,1.494,293636.5
2025-12-07 05:30:00,1.494,1.501,1.493,1.501,176721.2
2025-12-07 05:45:00,1.5,1.501,1.497,1.499,250508.6
2025-12-07 06:00:00,1.499,1.501,1.495,1.498,305752.7
2025-12-07 06:15:00,1.498,1.501,1.496,1.501,154417.0
2025-12-07 06:30:00,1.5,1.503,1.499,1.502,146967.9
2025-12-07 06:45:00,1.503,1.503,1.499,1.503,196012.3
2025-12-07 07:00:00,1.503,1.503,1.492,1.495,453585.5
2025-12-07 07:15:00,1.495,1.497,1.493,1.494,209742.0
2025-12-07 07:30:00,1.495,1.495,1.486,1.487,416731.2
2025-12-07 07:45:00,1.487,1.493,1.486,1.49,397592.1
2025-12-07 08:00:00,1.49,1.491,1.481,1.482,653875.2
2025-12-07 08:15:00,1.482,1.486,1.481,1.484,402993.5
2025-12-07 08:30:00,1.484,1.491,1.484,1.489,243266.7
2025-12-07 08:45:00,1.489,1.49,1.483,1.483,190637.5
2025-12-07 09:00:00,1.484,1.487,1.483,1.485,259298.2
2025-12-07 09:15:00,1.485,1.486,1.471,1.475,1534745.2
2025-12-07 09:30:00,1.476,1.48,1.473,1.475,341995.2
2025-12-07 09:45:00,1.475,1.477,1.468,1.473,651556.2
2025-12-07 10:00:00,1.473,1.479,1.47,1.478,450123.0
2025-12-07 10:15:00,1.477,1.479,1.474,1.474,328063.3
2025-12-07 10:30:00,1.475,1.479,1.47,1.477,480851.7
2025-12-07 10:45:00,1.477,1.478,1.472,1.473,255254.9
2025-12-07 11:00:00,1.473,1.477,1.471,1.476,332078.2
2025-12-07 11:15:00,1.477,1.48,1.475,1.476,239597.5
2025-12-07 11:30:00,1.476,1.478,1.474,1.477,278857.7
2025-12-07 11:45:00,1.477,1.477,1.47,1.472,390882.5
2025-12-07 12:00:00,1.472,1.476,1.47,1.474,330660.5
2025-12-07 12:15:00,1.475,1.477,1.469,1.472,351437.1
2025-12-07 12:30:00,1.472,1.474,1.47,1.472,279255.5
2025-12-07 12:45:00,1.473,1.484,1.472,1.479,773695.3
2025-12-07 13:00:00,1.48,1.483,1.471,1.472,649099.4
2025-12-07 13:15:00,1.473,1.475,1.458,1.468,1577983.2
2025-12-07 13:30:00,1.468,1.47,1.463,1.464,620853.4
2025-12-07 13:45:00,1.465,1.467,1.462,1.463,445740.9
2025-12-07 14:00:00,1.463,1.465,1.453,1.457,1369986.0
2025-12-07 14:15:00,1.456,1.46,1.41,1.431,8351512.3
2025-12-07 14:30:00,1.431,1.443,1.422,1.435,2651652.6
2025-12-07 14:45:00,1.436,1.439,1.427,1.429,1048040.9
2025-12-07 15:00:00,1.429,1.449,1.427,1.441,1685590.0
2025-12-07 15:15:00,1.441,1.445,1.436,1.437,779462.1
2025-12-07 15:30:00,1.437,1.446,1.435,1.437,859410.3
2025-12-07 15:45:00,1.436,1.463,1.433,1.455,2410081.7
2025-12-07 16:00:00,1.456,1.456,1.442,1.447,1217584.6
2025-12-07 16:15:00,1.446,1.451,1.441,1.444,830872.0
2025-12-07 16:30:00,1.443,1.448,1.441,1.446,518004.9
2025-12-07 16:45:00,1.446,1.457,1.442,1.457,470583.5
2025-12-07 17:00:00,1.456,1.46,1.448,1.459,848308.5
2025-12-07 17:15:00,1.459,1.481,1.459,1.479,2555308.7
2025-12-07 17:30:00,1.478,1.494,1.478,1.486,1902388.2
2025-12-07 17:45:00,1.485,1.493,1.482,1.485,1332297.7
2025-12-07 18:00:00,1.485,1.498,1.485,1.495,986238.0
2025-12-07 18:15:00,1.494,1.501,1.491,1.497,1405338.9
2025-12-07 18:30:00,1.497,1.5,1.493,1.497,908674.5
2025-12-07 18:45:00,1.497,1.498,1.491,1.494,407432.3
2025-12-07 19:00:00,1.494,1.498,1.49,1.494,710944.2
2025-12-07 19:15:00,1.493,1.496,1.487,1.489,591940.5
2025-12-07 19:30:00,1.489,1.494,1.487,1.493,274040.8
2025-12-07 19:45:00,1.493,1.495,1.491,1.494,259641.4
2025-12-07 20:00:00,1.494,1.496,1.49,1.491,286084.5
2025-12-07 20:15:00,1.492,1.495,1.49,1.494,311492.1
2025-12-07 20:30:00,1.493,1.494,1.49,1.493,372283.8
2025-12-07 20:45:00,1.492,1.493,1.489,1.492,303235.8
2025-12-07 21:00:00,1.492,1.492,1.486,1.487,381046.8
2025-12-07 21:15:00,1.487,1.487,1.478,1.48,935397.0
2025-12-07 21:30:00,1.479,1.481,1.463,1.465,1345472.6
2025-12-07 21:45:00,1.465,1.467,1.443,1.453,2065820.2
2025-12-07 22:00:00,1.453,1.454,1.419,1.443,4861260.7
2025-12-07 22:15:00,1.444,1.446,1.434,1.443,1071077.6
2025-12-07 22:30:00,1.444,1.458,1.443,1.457,1130985.2
2025-12-07 22:45:00,1.456,1.461,1.438,1.446,1022653.5
2025-12-07 23:00:00,1.446,1.451,1.44,1.443,639684.9
2025-12-07 23:15:00,1.444,1.455,1.443,1.452,772718.2
2025-12-07 23:30:00,1.453,1.455,1.448,1.45,385217.4
2025-12-07 23:45:00,1.451,1.456,1.45,1.453,405070.4
2025-12-08 00:00:00,1.453,1.455,1.447,1.452,757714.1
2025-12-08 00:15:00,1.451,1.457,1.448,1.454,369433.4
2025-12-08 00:30:00,1.453,1.46,1.449,1.454,556966.2
2025-12-08 00:45:00,1.455,1.458,1.45,1.45,499971.3
2025-12-08 01:00:00,1.451,1.462,1.45,1.459,936700.0
2025-12-08 01:15:00,1.458,1.471,1.456,1.469,737332.4
2025-12-08 01:30:00,1.47,1.486,1.469,1.476,1219490.4
2025-12-08 01:45:00,1.477,1.477,1.466,1.467,606664.6
2025-12-08 02:00:00,1.468,1.474,1.466,1.472,441230.3
2025-12-08 02:15:00,1.472,1.474,1.47,1.472,294673.8
2025-12-08 02:30:00,1.471,1.477,1.47,1.476,417827.4
2025-12-08 02:45:00,1.476,1.483,1.475,1.482,303516.4
2025-12-08 03:00:00,1.482,1.485,1.481,1.482,523000.5
2025-12-08 03:15:00,1.481,1.487,1.481,1.485,626931.6
2025-12-08 03:30:00,1.485,1.486,1.478,1.482,441665.0
2025-12-08 03:45:00,1.481,1.485,1.479,1.481,316797.8
2025-12-08 04:00:00,1.48,1.486,1.48,1.484,321876.4
2025-12-08 04:15:00,1.483,1.489,1.483,1.484,398839.7
2025-12-08 04:30:00,1.483,1.496,1.483,1.489,595918.1
2025-12-08 04:45:00,1.488,1.491,1.487,1.489,302374.8
2025-12-08 05:00:00,1.489,1.49,1.485,1.488,270937.5
2025-12-08 05:15:00,1.487,1.496,1.486,1.494,1191208.6
2025-12-08 05:30:00,1.493,1.5,1.493,1.496,538134.9
2025-12-08 05:45:00,1.496,1.499,1.494,1.497,337606.2
2025-12-08 06:00:00,1.497,1.504,1.495,1.503,448188.6
2025-12-08 06:15:00,1.503,1.505,1.498,1.503,388290.2
2025-12-08 06:30:00,1.504,1.521,1.503,1.513,1554220.8
2025-12-08 06:45:00,1.513,1.518,1.505,1.507,1761637.3
2025-12-08 07:00:00,1.508,1.514,1.507,1.51,503609.5
2025-12-08 07:15:00,1.51,1.512,1.507,1.512,389216.0
2025-12-08 07:30:00,1.512,1.514,1.509,1.514,500803.4
2025-12-08 07:45:00,1.513,1.514,1.508,1.513,398731.1
2025-12-08 08:00:00,1.513,1.514,1.506,1.511,422734.2
2025-12-08 08:15:00,1.511,1.517,1.511,1.513,370345.1
2025-12-08 08:30:00,1.513,1.514,1.506,1.51,412714.4
2025-12-08 08:45:00,1.51,1.512,1.506,1.51,386119.0
2025-12-08 09:00:00,1.511,1.529,1.51,1.522,1417972.5
2025-12-08 09:15:00,1.521,1.523,1.516,1.517,402077.6
2025-12-08 09:30:00,1.518,1.52,1.511,1.513,807978.8
2025-12-08 09:45:00,1.514,1.514,1.509,1.511,426658.4
2025-12-08 10:00:00,1.511,1.513,1.505,1.51,448276.3
2025-12-08 10:15:00,1.511,1.512,1.505,1.506,388235.4
2025-12-08 10:30:00,1.506,1.509,1.504,1.506,272058.0
2025-12-08 10:45:00,1.507,1.509,1.506,1.506,134166.3
2025-12-08 11:00:00,1.506,1.508,1.503,1.505,414838.2
2025-12-08 11:15:00,1.505,1.508,1.502,1.505,366352.0
2025-12-08 11:30:00,1.505,1.505,1.501,1.502,479297.8
2025-12-08 11:45:00,1.502,1.504,1.496,1.503,764953.6
2025-12-08 12:00:00,1.503,1.503,1.499,1.502,375987.2
2025-12-08 12:15:00,1.501,1.502,1.496,1.498,362871.9
2025-12-08 12:30:00,1.498,1.499,1.493,1.496,512107.4
2025-12-08 12:45:00,1.495,1.505,1.494,1.502,515668.6
2025-12-08 13:00:00,1.503,1.51,1.5,1.505,497667.3
2025-12-08 13:15:00,1.505,1.507,1.499,1.502,396649.8
2025-12-08 13:30:00,1.502,1.503,1.496,1.502,533192.9
2025-12-08 13:45:00,1.503,1.508,1.5,1.502,514636.5
2025-12-08 14:00:00,1.502,1.508,1.5,1.505,476485.3
2025-12-08 14:15:00,1.506,1.506,1.495,1.503,457651.4
2025-12-08 14:30:00,1.502,1.519,1.496,1.518,2072959.5
2025-12-08 14:45:00,1.517,1.522,1.503,1.505,1279872.9
2025-12-08 15:00:00,1.505,1.512,1.496,1.504,1550563.3
2025-12-08 15:15:00,1.503,1.509,1.487,1.496,1944469.8
2025-12-08 15:30:00,1.495,1.503,1.489,1.49,875962.7
2025-12-08 15:45:00,1.489,1.501,1.488,1.498,597896.6
2025-12-08 16:00:00,1.498,1.507,1.49,1.5,1301651.5
2025-12-08 16:15:00,1.499,1.516,1.497,1.515,1129502.8
2025-12-08 16:30:00,1.514,1.521,1.509,1.515,716189.8
2025-12-08 16:45:00,1.514,1.516,1.505,1.51,504765.2
2025-12-08 17:00:00,1.509,1.518,1.507,1.507,830024.5
2025-12-08 17:15:00,1.507,1.508,1.5,1.503,1229630.3
2025-12-08 17:30:00,1.503,1.507,1.497,1.498,482504.9
2025-12-08 17:45:00,1.498,1.509,1.494,1.508,595833.2
2025-12-08 18:00:00,1.507,1.513,1.505,1.507,446038.0
2025-12-08 18:15:00,1.507,1.511,1.498,1.499,382281.4
2025-12-08 18:30:00,1.498,1.505,1.496,1.504,575408.9
2025-12-08 18:45:00,1.503,1.507,1.489,1.497,821051.6
2025-12-08 19:00:00,1.496,1.5,1.494,1.498,553197.4
2025-12-08 19:15:00,1.498,1.5,1.494,1.498,257974.2
2025-12-08 19:30:00,1.498,1.505,1.496,1.5,319165.7
2025-12-08 19:45:00,1.5,1.505,1.497,1.499,198831.2
2025-12-08 20:00:00,1.499,1.502,1.497,1.501,310384.5
2025-12-08 20:15:00,1.5,1.505,1.499,1.5,260342.7
2025-12-08 20:30:00,1.5,1.503,1.496,1.503,240805.1
2025-12-08 20:45:00,1.502,1.51,1.499,1.507,420885.1
2025-12-08 21:00:00,1.507,1.516,1.503,1.504,490241.3
2025-12-08 21:15:00,1.505,1.51,1.504,1.509,152366.5
2025-12-08 21:30:00,1.509,1.517,1.509,1.514,432197.9
2025-12-08 21:45:00,1.513,1.516,1.51,1.515,260971.3
2025-12-08 22:00:00,1.515,1.516,1.51,1.511,473051.7
2025-12-08 22:15:00,1.51,1.512,1.503,1.505,244960.8
2025-12-08 22:30:00,1.505,1.509,1.499,1.501,294650.6
2025-12-08 22:45:00,1.501,1.508,1.501,1.507,103911.7
2025-12-08 23:00:00,1.508,1.51,1.5,1.501,451123.2
2025-12-08 23:15:00,1.502,1.503,1.496,1.5,527630.0
2025-12-08 23:30:00,1.501,1.504,1.499,1.502,222249.3
2025-12-08 23:45:00,1.502,1.506,1.501,1.503,296509.5
2025-12-09 00:00:00,1.502,1.509,1.501,1.508,417242.2
2025-12-09 00:15:00,1.509,1.513,1.503,1.505,430629.3
2025-12-09 00:30:00,1.505,1.506,1.496,1.498,382376.5
2025-12-09 00:45:00,1.499,1.501,1.493,1.495,695916.7
2025-12-09 01:00:00,1.495,1.499,1.493,1.496,377410.8
2025-12-09 01:15:00,1.497,1.5,1.492,1.492,344133.7
2025-12-09 01:30:00,1.493,1.497,1.492,1.493,350949.2
2025-12-09 01:45:00,1.493,1.495,1.479,1.485,1468112.5
2025-12-09 02:00:00,1.485,1.49,1.484,1.485,572937.8
2025-12-09 02:15:00,1.485,1.491,1.484,1.488,233467.8
2025-12-09 02:30:00,1.489,1.492,1.487,1.489,345412.2
2025-12-09 02:45:00,1.488,1.492,1.483,1.483,383059.9
2025-12-09 03:00:00,1.484,1.487,1.478,1.48,645300.6
2025-12-09 03:15:00,1.481,1.485,1.474,1.483,774679.0
2025-12-09 03:30:00,1.482,1.493,1.481,1.492,528860.9
2025-12-09 03:45:00,1.491,1.497,1.489,1.495,527113.1
2025-12-09 04:00:00,1.495,1.495,1.488,1.488,350633.1
2025-12-09 04:15:00,1.488,1.49,1.487,1.487,216873.4
2025-12-09 04:30:00,1.488,1.488,1.474,1.478,846026.6
2025-12-09 04:45:00,1.478,1.48,1.476,1.477,318503.2
2025-12-09 05:00:00,1.478,1.48,1.472,1.475,520506.8
2025-12-09 05:15:00,1.474,1.479,1.471,1.478,417274.0
2025-12-09 05:30:00,1.478,1.483,1.477,1.482,344457.9
2025-12-09 05:45:00,1.482,1.483,1.478,1.479,309323.1
2025-12-09 06:00:00,1.479,1.485,1.477,1.479,494104.4
2025-12-09 06:15:00,1.48,1.481,1.476,1.478,257681.3
2025-12-09 06:30:00,1.478,1.482,1.473,1.481,391327.8
2025-12-09 06:45:00,1.482,1.487,1.48,1.483,585414.1
2025-12-09 07:00:00,1.483,1.486,1.479,1.481,448686.5
2025-12-09 07:15:00,1.481,1.489,1.48,1.489,239413.3
2025-12-09 07:30:00,1.489,1.49,1.486,1.489,402217.1
2025-12-09 07:45:00,1.49,1.491,1.487,1.489,305552.4
2025-12-09 08:00:00,1.489,1.49,1.485,1.488,323664.3
2025-12-09 08:15:00,1.488,1.49,1.486,1.486,348362.2
2025-12-09 08:30:00,1.486,1.487,1.483,1.486,327724.6
2025-12-09 08:45:00,1.487,1.489,1.483,1.485,362027.0
2025-12-09 09:00:00,1.486,1.486,1.481,1.483,303829.8
2025-12-09 09:15:00,1.483,1.484,1.48,1.48,274961.6
2025-12-09 09:30:00,1.481,1.481,1.471,1.472,592416.2
2025-12-09 09:45:00,1.473,1.477,1.469,1.474,517636.4
2025-12-09 10:00:00,1.475,1.48,1.473,1.478,487950.3
2025-12-09 10:15:00,1.478,1.481,1.476,1.48,217729.1
2025-12-09 10:30:00,1.479,1.481,1.465,1.472,856579.0
2025-12-09 10:45:00,1.473,1.475,1.469,1.474,562979.6
2025-12-09 11:00:00,1.474,1.475,1.471,1.472,199680.0
2025-12-09 11:15:00,1.473,1.475,1.47,1.474,257014.9
2025-12-09 11:30:00,1.475,1.477,1.473,1.477,196362.0
2025-12-09 11:45:00,1.477,1.478,1.466,1.467,1072885.5
2025-12-09 12:00:00,1.467,1.473,1.464,1.471,664433.6
2025-12-09 12:15:00,1.471,1.484,1.471,1.478,843678.8
2025-12-09 12:30:00,1.477,1.481,1.476,1.48,400845.9
2025-12-09 12:45:00,1.48,1.485,1.478,1.483,326784.2
2025-12-09 13:00:00,1.483,1.484,1.476,1.476,320438.5
2025-12-09 13:15:00,1.477,1.482,1.476,1.482,511667.4
2025-12-09 13:30:00,1.481,1.485,1.474,1.475,653409.0
2025-12-09 13:45:00,1.475,1.479,1.471,1.479,504966.2
2025-12-09 14:00:00,1.479,1.488,1.478,1.479,606895.8
2025-12-09 14:15:00,1.479,1.484,1.47,1.478,571569.3
2025-12-09 14:30:00,1.477,1.484,1.47,1.476,965079.4
2025-12-09 14:45:00,1.475,1.481,1.473,1.48,445646.0
2025-12-09 15:00:00,1.481,1.505,1.478,1.486,2672968.9
2025-12-09 15:15:00,1.485,1.504,1.483,1.498,889468.3
2025-12-09 15:30:00,1.497,1.518,1.495,1.517,1910019.0
2025-12-09 15:45:00,1.516,1.529,1.511,1.528,2759364.5
2025-12-09 16:00:00,1.528,1.552,1.528,1.552,4573716.6
2025-12-09 16:15:00,1.551,1.568,1.542,1.557,3059271.0
2025-12-09 16:30:00,1.557,1.576,1.557,1.573,3068517.9
2025-12-09 16:45:00,1.572,1.588,1.568,1.578,2062893.6
2025-12-09 17:00:00,1.578,1.595,1.578,1.588,1894966.5
2025-12-09 17:15:00,1.588,1.592,1.568,1.581,1973619.6
2025-12-09 17:30:00,1.581,1.584,1.572,1.577,992874.6
2025-12-09 17:45:00,1.577,1.583,1.567,1.577,1207408.9
2025-12-09 18:00:00,1.577,1.581,1.571,1.58,1485977.2
2025-12-09 18:15:00,1.58,1.583,1.574,1.582,1043449.9
2025-12-09 18:30:00,1.582,1.585,1.577,1.578,642694.4
2025-12-09 18:45:00,1.578,1.578,1.567,1.575,1273668.9
2025-12-09 19:00:00,1.575,1.576,1.565,1.568,757845.9
2025-12-09 19:15:00,1.568,1.57,1.566,1.569,295580.6
2025-12-09 19:30:00,1.569,1.573,1.563,1.565,617904.5
2025-12-09 19:45:00,1.565,1.565,1.553,1.557,957041.8
2025-12-09 20:00:00,1.558,1.564,1.555,1.56,746768.7
2025-12-09 20:15:00,1.56,1.562,1.537,1.548,1871998.2
2025-12-09 20:30:00,1.547,1.552,1.54,1.548,1125262.6
2025-12-09 20:45:00,1.548,1.552,1.545,1.549,632489.7
2025-12-09 21:00:00,1.549,1.551,1.541,1.548,446591.6
2025-12-09 21:15:00,1.548,1.55,1.542,1.549,348437.5
2025-12-09 21:30:00,1.549,1.55,1.541,1.543,490418.3
2025-12-09 21:45:00,1.542,1.542,1.524,1.539,2624414.5
2025-12-09 22:00:00,1.539,1.549,1.537,1.546,903071.5
2025-12-09 22:15:00,1.546,1.549,1.541,1.545,468247.8
2025-12-09 22:30:00,1.544,1.551,1.54,1.55,706781.0
2025-12-09 22:45:00,1.55,1.553,1.545,1.549,316196.5
2025-12-09 23:00:00,1.549,1.552,1.542,1.543,551009.6
2025-12-09 23:15:00,1.543,1.552,1.541,1.551,389386.2
2025-12-09 23:30:00,1.551,1.551,1.547,1.549,480937.2
2025-12-09 23:45:00,1.549,1.549,1.543,1.544,270006.8
2025-12-10 00:00:00,1.543,1.547,1.538,1.538,612723.4
2025-12-10 00:15:00,1.539,1.539,1.531,1.535,561095.5
2025-12-10 00:30:00,1.534,1.537,1.529,1.533,699677.8
2025-12-10 00:45:00,1.533,1.534,1.524,1.527,1013882.3
2025-12-10 01:00:00,1.527,1.53,1.519,1.521,694536.4
2025-12-10 01:15:00,1.521,1.527,1.518,1.524,476777.4
2025-12-10 01:30:00,1.523,1.523,1.514,1.519,788186.0
2025-12-10 01:45:00,1.518,1.522,1.517,1.521,422885.8
2025-12-10 02:00:00,1.52,1.525,1.518,1.525,394561.3
2025-12-10 02:15:00,1.524,1.531,1.523,1.53,581380.4
2025-12-10 02:30:00,1.53,1.533,1.524,1.528,581112.7
2025-12-10 02:45:00,1.527,1.529,1.524,1.527,295717.6
2025-12-10 03:00:00,1.527,1.529,1.524,1.527,286527.2
2025-12-10 03:15:00,1.528,1.528,1.52,1.521,423788.7
2025-12-10 03:30:00,1.521,1.522,1.518,1.52,283251.7
2025-12-10 03:45:00,1.521,1.522,1.516,1.516,255068.9
2025-12-10 04:00:00,1.516,1.52,1.512,1.519,818921.7
2025-12-10 04:15:00,1.519,1.525,1.515,1.516,515793.1
2025-12-10 04:30:00,1.516,1.521,1.515,1.517,432206.6
2025-12-10 04:45:00,1.517,1.522,1.515,1.515,235551.0
2025-12-10 05:00:00,1.516,1.518,1.514,1.517,346331.6
2025-12-10 05:15:00,1.517,1.521,1.515,1.516,344467.5
2025-12-10 05:30:00,1.516,1.518,1.511,1.517,375800.1
2025-12-10 05:45:00,1.517,1.518,1.513,1.516,381519.0
2025-12-10 06:00:00,1.517,1.518,1.508,1.514,790751.0
2025-12-10 06:15:00,1.514,1.514,1.509,1.511,237129.2
2025-12-10 06:30:00,1.511,1.512,1.504,1.506,538719.8
2025-12-10 06:45:00,1.506,1.511,1.504,1.508,457129.5
2025-12-10 07:00:00,1.508,1.51,1.503,1.503,589858.3
2025-12-10 07:15:00,1.504,1.505,1.491,1.493,1818241.6
2025-12-10 07:30:00,1.493,1.494,1.486,1.49,1218296.4
2025-12-10 07:45:00,1.49,1.498,1.489,1.496,729438.5
2025-12-10 08:00:00,1.497,1.498,1.491,1.493,633752.5
2025-12-10 08:15:00,1.492,1.493,1.486,1.487,703472.1
2025-12-10 08:30:00,1.487,1.489,1.481,1.482,1080751.1
2025-12-10 08:45:00,1.483,1.486,1.48,1.481,511988.5
2025-12-10 09:00:00,1.48,1.486,1.477,1.485,984010.8
2025-12-10 09:15:00,1.486,1.487,1.481,1.485,555317.8
2025-12-10 09:30:00,1.485,1.493,1.485,1.49,661730.8
2025-12-10 09:45:00,1.489,1.499,1.488,1.495,814771.2
2025-12-10 10:00:00,1.495,1.505,1.492,1.495,1287741.6
2025-12-10 10:15:00,1.496,1.496,1.483,1.484,985850.3
2025-12-10 10:30:00,1.484,1.487,1.479,1.481,977670.5
2025-12-10 10:45:00,1.482,1.485,1.48,1.48,530538.0
2025-12-10 11:00:00,1.48,1.487,1.478,1.483,559106.7
2025-12-10 11:15:00,1.483,1.487,1.482,1.483,551638.6
2025-12-10 11:30:00,1.483,1.485,1.474,1.481,1103174.7
2025-12-10 11:45:00,1.481,1.487,1.48,1.485,638484.6
2025-12-10 12:00:00,1.485,1.487,1.478,1.478,623664.7
2025-12-10 12:15:00,1.479,1.48,1.476,1.477,521938.7
2025-12-10 12:30:00,1.477,1.482,1.476,1.478,530944.4
2025-12-10 12:45:00,1.478,1.483,1.475,1.481,329689.9
2025-12-10 13:00:00,1.481,1.484,1.478,1.48,472563.2
2025-12-10 13:15:00,1.481,1.489,1.479,1.487,671521.0
2025-12-10 13:30:00,1.488,1.489,1.483,1.485,587931.9
2025-12-10 13:45:00,1.485,1.487,1.483,1.486,448497.1
2025-12-10 14:00:00,1.487,1.488,1.481,1.483,740826.1
2025-12-10 14:15:00,1.484,1.488,1.483,1.485,502633.8
2025-12-10 14:30:00,1.484,1.488,1.478,1.482,1165552.0
2025-12-10 14:45:00,1.482,1.487,1.479,1.484,891871.9
2025-12-10 15:00:00,1.484,1.494,1.481,1.491,933515.1
2025-12-10 15:15:00,1.49,1.495,1.485,1.488,647553.9
2025-12-10 15:30:00,1.488,1.489,1.476,1.483,974787.8
2025-12-10 15:45:00,1.484,1.489,1.48,1.487,465736.7
2025-12-10 16:00:00,1.488,1.492,1.478,1.49,1520682.0
2025-12-10 16:15:00,1.49,1.499,1.488,1.496,879446.6
2025-12-10 16:30:00,1.497,1.497,1.488,1.493,543217.9
2025-12-10 16:45:00,1.494,1.5,1.491,1.493,668109.1
2025-12-10 17:00:00,1.494,1.497,1.49,1.496,394174.9
2025-12-10 17:15:00,1.496,1.51,1.494,1.502,979140.3
2025-12-10 17:30:00,1.502,1.503,1.498,1.499,577720.0
2025-12-10 17:45:00,1.499,1.5,1.492,1.495,563282.7
2025-12-10 18:00:00,1.495,1.495,1.483,1.492,1399761.4
2025-12-10 18:15:00,1.491,1.501,1.488,1.495,1620448.6
2025-12-10 18:30:00,1.494,1.519,1.488,1.505,1965980.2
2025-12-10 18:45:00,1.504,1.511,1.49,1.499,1186341.2
2025-12-10 19:00:00,1.498,1.527,1.483,1.513,5267040.1
2025-12-10 19:15:00,1.513,1.519,1.499,1.505,1642659.6
2025-12-10 19:30:00,1.505,1.525,1.503,1.516,3083481.8
2025-12-10 19:45:00,1.515,1.524,1.511,1.519,1112330.8
2025-12-10 20:00:00,1.519,1.549,1.511,1.548,2276963.0
2025-12-10 20:15:00,1.547,1.553,1.52,1.533,3365611.0
2025-12-10 20:30:00,1.534,1.542,1.532,1.538,1274402.1
2025-12-10 20:45:00,1.538,1.538,1.502,1.511,3176797.1
2025-12-10 21:00:00,1.51,1.516,1.496,1.509,3024282.9
2025-12-10 21:15:00,1.509,1.517,1.505,1.508,1057554.0
2025-12-10 21:30:00,1.508,1.509,1.499,1.503,1051660.9
2025-12-10 21:45:00,1.502,1.502,1.483,1.485,1406410.9
2025-12-10 22:00:00,1.485,1.489,1.468,1.472,2270008.2
2025-12-10 22:15:00,1.472,1.481,1.456,1.476,2670296.8
2025-12-10 22:30:00,1.476,1.489,1.473,1.486,685623.9
2025-12-10 22:45:00,1.486,1.49,1.481,1.485,497183.5
2025-12-10 23:00:00,1.485,1.488,1.478,1.484,715624.3
2025-12-10 23:15:00,1.483,1.484,1.476,1.477,350523.6
2025-12-10 23:30:00,1.477,1.478,1.468,1.471,438228.8
2025-12-10 23:45:00,1.47,1.471,1.464,1.465,869319.6
2025-12-11 00:00:00,1.466,1.468,1.462,1.465,843417.1
2025-12-11 00:15:00,1.465,1.465,1.457,1.459,735389.6
2025-12-11 00:30:00,1.459,1.461,1.439,1.445,2779613.4
2025-12-11 00:45:00,1.445,1.446,1.428,1.429,2500523.8
2025-12-11 01:00:00,1.428,1.428,1.402,1.407,5620704.4
2025-12-11 01:15:00,1.407,1.411,1.385,1.406,5672658.2
2025-12-11 01:30:00,1.406,1.415,1.401,1.405,1923883.7
2025-12-11 01:45:00,1.404,1.408,1.394,1.397,1290356.1
2025-12-11 02:00:00,1.396,1.397,1.367,1.378,5425180.5
2025-12-11 02:15:00,1.378,1.395,1.37,1.388,2650124.4
2025-12-11 02:30:00,1.388,1.391,1.383,1.387,1235564.7
2025-12-11 02:45:00,1.387,1.389,1.382,1.386,700440.7
2025-12-11 03:00:00,1.385,1.385,1.368,1.378,1700780.2
2025-12-11 03:15:00,1.377,1.388,1.373,1.382,1078150.9
2025-12-11 03:30:00,1.381,1.383,1.374,1.379,1304725.9
2025-12-11 03:45:00,1.379,1.383,1.377,1.379,550701.7
2025-12-11 04:00:00,1.38,1.388,1.371,1.385,1111942.7
2025-12-11 04:15:00,1.386,1.39,1.383,1.386,783469.6
2025-12-11 04:30:00,1.387,1.394,1.385,1.392,760843.8
2025-12-11 04:45:00,1.393,1.399,1.389,1.394,877847.1
2025-12-11 05:00:00,1.394,1.396,1.386,1.387,718571.8
2025-12-11 05:15:00,1.387,1.392,1.386,1.389,660845.0
2025-12-11 05:30:00,1.389,1.393,1.388,1.392,399848.5
2025-12-11 05:45:00,1.393,1.4,1.393,1.397,529446.9
2025-12-11 06:00:00,1.397,1.404,1.395,1.404,657476.8
2025-12-11 06:15:00,1.403,1.404,1.395,1.396,715557.9
2025-12-11 06:30:00,1.396,1.405,1.396,1.401,813143.3
2025-12-11 06:45:00,1.402,1.402,1.394,1.397,706296.9
2025-12-11 07:00:00,1.397,1.399,1.395,1.397,569434.0
2025-12-11 07:15:00,1.397,1.4,1.395,1.395,425892.4
2025-12-11 07:30:00,1.396,1.397,1.386,1.387,716064.5
2025-12-11 07:45:00,1.388,1.391,1.386,1.387,608220.6
2025-12-11 08:00:00,1.387,1.388,1.381,1.383,1166125.1
2025-12-11 08:15:00,1.384,1.386,1.378,1.38,908110.0
2025-12-11 08:30:00,1.38,1.38,1.373,1.374,1148624.9
2025-12-11 08:45:00,1.374,1.382,1.374,1.38,971723.4
2025-12-11 09:00:00,1.38,1.384,1.377,1.378,720282.7
2025-12-11 09:15:00,1.379,1.382,1.377,1.38,605853.6
2025-12-11 09:30:00,1.381,1.383,1.377,1.377,912768.6
2025-12-11 09:45:00,1.377,1.379,1.373,1.376,607741.1
2025-12-11 10:00:00,1.376,1.379,1.375,1.375,353811.8
2025-12-11 10:15:00,1.376,1.376,1.368,1.372,1068736.2
2025-12-11 10:30:00,1.371,1.374,1.369,1.373,500363.0
2025-12-11 10:45:00,1.373,1.381,1.373,1.379,403108.4
2025-12-11 11:00:00,1.379,1.383,1.378,1.38,396046.1
2025-12-11 11:15:00,1.381,1.385,1.378,1.384,532530.9
2025-12-11 11:30:00,1.385,1.388,1.384,1.385,391413.1
2025-12-11 11:45:00,1.384,1.391,1.382,1.384,1255162.0
2025-12-11 12:00:00,1.385,1.387,1.381,1.384,659631.9
2025-12-11 12:15:00,1.383,1.4,1.383,1.394,1143960.3
2025-12-11 12:30:00,1.393,1.395,1.388,1.39,656950.0
2025-12-11 12:45:00,1.39,1.392,1.385,1.385,429628.4
2025-12-11 13:00:00,1.386,1.388,1.377,1.377,1147522.7
2025-12-11 13:15:00,1.378,1.38,1.372,1.377,1073550.7
2025-12-11 13:30:00,1.377,1.381,1.374,1.378,688862.9
2025-12-11 13:45:00,1.379,1.382,1.376,1.38,506328.9
2025-12-11 14:00:00,1.381,1.382,1.378,1.38,351317.8
2025-12-11 14:15:00,1.381,1.383,1.377,1.377,453596.9
2025-12-11 14:30:00,1.378,1.383,1.368,1.377,2151139.5
2025-12-11 14:45:00,1.377,1.379,1.359,1.372,3834179.9
2025-12-11 15:00:00,1.373,1.38,1.365,1.374,1363834.3
2025-12-11 15:15:00,1.375,1.386,1.369,1.375,1086649.6
2025-12-11 15:30:00,1.376,1.378,1.366,1.369,811018.7
2025-12-11 15:45:00,1.369,1.375,1.365,1.372,805240.0
2025-12-11 16:00:00,1.372,1.375,1.361,1.367,1507183.3
2025-12-11 16:15:00,1.367,1.371,1.364,1.365,536942.1
2025-12-11 16:30:00,1.365,1.377,1.36,1.372,1197845.2
2025-12-11 16:45:00,1.372,1.375,1.363,1.366,854817.0
2025-12-11 17:00:00,1.367,1.369,1.361,1.363,933385.5
2025-12-11 17:15:00,1.363,1.377,1.362,1.371,590403.4
2025-12-11 17:30:00,1.371,1.373,1.365,1.365,647054.8
2025-12-11 17:45:00,1.366,1.368,1.361,1.363,708260.9
2025-12-11 18:00:00,1.363,1.363,1.348,1.359,3287973.7
2025-12-11 18:15:00,1.36,1.364,1.357,1.359,964711.4
2025-12-11 18:30:00,1.359,1.377,1.357,1.374,1379539.3
2025-12-11 18:45:00,1.375,1.377,1.359,1.364,1958890.7
2025-12-11 19:00:00,1.364,1.369,1.355,1.359,1004002.7
2025-12-11 19:15:00,1.358,1.367,1.354,1.364,1225582.0
2025-12-11 19:30:00,1.364,1.373,1.361,1.369,1138040.0
2025-12-11 19:45:00,1.37,1.373,1.354,1.356,1410086.5
2025-12-11 20:00:00,1.356,1.364,1.354,1.361,1219909.0
2025-12-11 20:15:00,1.361,1.362,1.35,1.352,1208332.2
2025-12-11 20:30:00,1.353,1.367,1.351,1.364,1435202.9
2025-12-11 20:45:00,1.363,1.368,1.357,1.365,873495.0
2025-12-11 21:00:00,1.365,1.373,1.362,1.371,1775472.8
2025-12-11 21:15:00,1.371,1.388,1.371,1.385,2316758.2
2025-12-11 21:30:00,1.385,1.394,1.38,1.388,1969928.4
2025-12-11 21:45:00,1.389,1.39,1.377,1.378,1553795.0
2025-12-11 22:00:00,1.379,1.384,1.376,1.38,879656.1
2025-12-11 22:15:00,1.379,1.382,1.359,1.363,1766505.9
2025-12-11 22:30:00,1.363,1.371,1.357,1.363,1445754.6
2025-12-11 22:45:00,1.363,1.368,1.356,1.367,440725.9
2025-12-11 23:00:00,1.366,1.37,1.358,1.362,1083464.8
2025-12-11 23:15:00,1.363,1.37,1.361,1.369,727929.5
2025-12-11 23:30:00,1.368,1.379,1.368,1.376,568897.0
2025-12-11 23:45:00,1.376,1.38,1.374,1.378,526243.0
2025-12-12 00:00:00,1.378,1.38,1.37,1.374,1034248.4
2025-12-12 00:15:00,1.373,1.378,1.371,1.374,598926.6
2025-12-12 00:30:00,1.374,1.383,1.373,1.379,538431.1
2025-12-12 00:45:00,1.379,1.381,1.362,1.364,1074677.5
2025-12-12 01:00:00,1.364,1.379,1.364,1.378,1101097.6
2025-12-12 01:15:00,1.378,1.389,1.378,1.388,1113218.3
2025-12-12 01:30:00,1.387,1.395,1.383,1.384,1294408.5
2025-12-12 01:45:00,1.383,1.385,1.377,1.382,617752.1
2025-12-12 02:00:00,1.381,1.395,1.379,1.393,781006.9
2025-12-12 02:15:00,1.393,1.397,1.391,1.391,773308.9
2025-12-12 02:30:00,1.392,1.392,1.386,1.389,595979.5
2025-12-12 02:45:00,1.388,1.393,1.388,1.389,365421.1
2025-12-12 03:00:00,1.389,1.395,1.388,1.388,370967.6
2025-12-12 03:15:00,1.388,1.389,1.378,1.385,710430.1
2025-12-12 03:30:00,1.384,1.388,1.382,1.386,372716.2
2025-12-12 03:45:00,1.386,1.389,1.385,1.386,337525.3
2025-12-12 04:00:00,1.386,1.395,1.385,1.393,723707.4
2025-12-12 04:15:00,1.394,1.394,1.389,1.391,637036.4
2025-12-12 04:30:00,1.392,1.394,1.386,1.39,591675.9
2025-12-12 04:45:00,1.391,1.392,1.388,1.388,291952.0
2025-12-12 05:00:00,1.389,1.395,1.388,1.389,392705.3
2025-12-12 05:15:00,1.39,1.391,1.383,1.387,466962.8
2025-12-12 05:30:00,1.387,1.393,1.385,1.392,588789.1
2025-12-12 05:45:00,1.393,1.395,1.389,1.393,590565.1
2025-12-12 06:00:00,1.394,1.405,1.393,1.403,1115959.0
2025-12-12 06:15:00,1.403,1.403,1.395,1.396,644813.9
2025-12-12 06:30:00,1.397,1.397,1.393,1.395,418298.3
2025-12-12 06:45:00,1.395,1.396,1.388,1.391,510684.0
2025-12-12 07:00:00,1.392,1.394,1.388,1.39,527984.5
2025-12-12 07:15:00,1.391,1.395,1.39,1.392,458159.8
2025-12-12 07:30:00,1.393,1.395,1.386,1.389,952199.8
2025-12-12 07:45:00,1.389,1.391,1.384,1.385,560804.5
2025-12-12 08:00:00,1.386,1.389,1.384,1.387,423301.8
2025-12-12 08:15:00,1.388,1.392,1.384,1.388,1284440.5
2025-12-12 08:30:00,1.389,1.389,1.383,1.385,646231.3
2025-12-12 08:45:00,1.386,1.389,1.383,1.389,432872.7
2025-12-12 09:00:00,1.388,1.394,1.388,1.393,636902.2
2025-12-12 09:15:00,1.394,1.396,1.39,1.39,533305.9
2025-12-12 09:30:00,1.391,1.393,1.389,1.39,517107.4
2025-12-12 09:45:00,1.389,1.402,1.389,1.398,1236004.2
2025-12-12 10:00:00,1.398,1.412,1.397,1.411,1531791.1
2025-12-12 10:15:00,1.41,1.414,1.399,1.404,1878845.8
2025-12-12 10:30:00,1.405,1.405,1.398,1.4,641476.3
2025-12-12 10:45:00,1.4,1.403,1.398,1.399,755232.6
2025-12-12 11:00:00,1.399,1.403,1.396,1.397,637958.2
2025-12-12 11:15:00,1.397,1.398,1.392,1.396,636255.5
2025-12-12 11:30:00,1.396,1.399,1.394,1.395,604019.9
2025-12-12 11:45:00,1.396,1.399,1.389,1.391,1480219.0
2025-12-12 12:00:00,1.392,1.396,1.391,1.395,428356.3
2025-12-12 12:15:00,1.394,1.396,1.391,1.392,627832.0
2025-12-12 12:30:00,1.392,1.395,1.386,1.388,752056.9
2025-12-12 12:45:00,1.388,1.394,1.387,1.391,610432.3
2025-12-12 13:00:00,1.391,1.391,1.387,1.389,558532.1
2025-12-12 13:15:00,1.39,1.391,1.385,1.386,546876.5
2025-12-12 13:30:00,1.386,1.389,1.383,1.383,742006.4
2025-12-12 13:45:00,1.384,1.387,1.383,1.385,539754.0
2025-12-12 14:00:00,1.385,1.387,1.366,1.373,2986666.2
2025-12-12 14:15:00,1.372,1.379,1.372,1.373,815419.6
2025-12-12 14:30:00,1.373,1.382,1.369,1.378,2660070.1
2025-12-12 14:45:00,1.378,1.38,1.368,1.373,1676134.7
2025-12-12 15:00:00,1.373,1.374,1.357,1.363,4508944.4
2025-12-12 15:15:00,1.363,1.367,1.337,1.345,8151317.1
2025-12-12 15:30:00,1.345,1.35,1.333,1.345,5252086.9
2025-12-12 15:45:00,1.345,1.349,1.314,1.327,7499048.3
2025-12-12 16:00:00,1.326,1.333,1.318,1.322,3507734.3
2025-12-12 16:15:00,1.322,1.327,1.3,1.315,6413104.2
2025-12-12 16:30:00,1.315,1.315,1.298,1.303,3196173.6
2025-12-12 16:45:00,1.303,1.311,1.301,1.306,1671174.4
2025-12-12 17:00:00,1.307,1.326,1.305,1.315,1948958.0
2025-12-12 17:15:00,1.316,1.324,1.311,1.311,1229497.2
2025-12-12 17:30:00,1.311,1.315,1.309,1.314,691525.9
2025-12-12 17:45:00,1.314,1.32,1.313,1.314,522169.1
2025-12-12 18:00:00,1.314,1.323,1.311,1.318,1355116.4
2025-12-12 18:15:00,1.318,1.323,1.308,1.317,1375850.0
2025-12-12 18:30:00,1.316,1.321,1.313,1.316,911481.6
2025-12-12 18:45:00,1.317,1.319,1.312,1.313,730860.9
2025-12-12 19:00:00,1.313,1.315,1.305,1.308,1249255.2
2025-12-12 19:15:00,1.308,1.314,1.307,1.311,612423.2
2025-12-12 19:30:00,1.311,1.317,1.311,1.312,592558.2
2025-12-12 19:45:00,1.312,1.317,1.31,1.315,399418.8
2025-12-12 20:00:00,1.316,1.319,1.313,1.315,720630.2
2025-12-12 20:15:00,1.314,1.321,1.314,1.316,607746.6
2025-12-12 20:30:00,1.315,1.317,1.31,1.311,408322.5
2025-12-12 20:45:00,1.31,1.316,1.31,1.314,616844.6
2025-12-12 21:00:00,1.313,1.318,1.312,1.315,488571.5
2025-12-12 21:15:00,1.316,1.317,1.314,1.316,238528.5
2025-12-12 21:30:00,1.317,1.322,1.317,1.32,499127.2
2025-12-12 21:45:00,1.32,1.322,1.318,1.319,318246.1
2025-12-12 22:00:00,1.32,1.329,1.318,1.328,970513.9
2025-12-12 22:15:00,1.328,1.334,1.327,1.333,549092.6
2025-12-12 22:30:00,1.332,1.338,1.33,1.337,331343.1
2025-12-12 22:45:00,1.338,1.338,1.335,1.335,243035.4
2025-12-12 23:00:00,1.336,1.342,1.336,1.34,557752.0
2025-12-12 23:15:00,1.34,1.341,1.336,1.338,524381.1
2025-12-12 23:30:00,1.338,1.342,1.334,1.336,679699.7
2025-12-12 23:45:00,1.337,1.344,1.336,1.344,459846.8
2025-12-13 00:00:00,1.344,1.351,1.344,1.344,1421458.3
2025-12-13 00:15:00,1.344,1.345,1.339,1.339,382659.2
2025-12-13 00:30:00,1.339,1.342,1.336,1.34,528935.0
2025-12-13 00:45:00,1.34,1.341,1.338,1.339,237797.1
2025-12-13 01:00:00,1.339,1.341,1.334,1.335,626240.8
2025-12-13 01:15:00,1.335,1.341,1.331,1.337,873554.2
2025-12-13 01:30:00,1.337,1.338,1.328,1.33,859728.4
2025-12-13 01:45:00,1.329,1.331,1.328,1.329,366777.7
2025-12-13 02:00:00,1.329,1.334,1.328,1.33,539379.4
2025-12-13 02:15:00,1.33,1.335,1.329,1.333,503107.8
2025-12-13 02:30:00,1.333,1.337,1.332,1.335,561852.7
2025-12-13 02:45:00,1.336,1.342,1.335,1.342,519307.3
2025-12-13 03:00:00,1.342,1.346,1.341,1.344,551484.1
2025-12-13 03:15:00,1.343,1.347,1.342,1.344,468171.4
2025-12-13 03:30:00,1.343,1.351,1.343,1.349,830006.7
2025-12-13 03:45:00,1.349,1.35,1.345,1.346,472448.2
2025-12-13 04:00:00,1.346,1.35,1.345,1.347,516348.8
2025-12-13 04:15:00,1.347,1.35,1.346,1.347,277139.1
2025-12-13 04:30:00,1.347,1.348,1.344,1.345,226549.9
2025-12-13 04:45:00,1.345,1.35,1.343,1.35,530302.8
2025-12-13 05:00:00,1.349,1.35,1.343,1.344,429100.2
2025-12-13 05:15:00,1.344,1.345,1.341,1.345,290543.6
2025-12-13 05:30:00,1.344,1.345,1.336,1.339,895079.6
2025-12-13 05:45:00,1.338,1.341,1.338,1.339,276635.9
2025-12-13 06:00:00,1.338,1.339,1.336,1.338,356265.3
2025-12-13 06:15:00,1.337,1.338,1.336,1.337,208631.6
2025-12-13 06:30:00,1.338,1.341,1.336,1.34,298752.9
2025-12-13 06:45:00,1.339,1.34,1.337,1.34,265800.8
2025-12-13 07:00:00,1.339,1.343,1.338,1.34,518126.9
2025-12-13 07:15:00,1.339,1.344,1.338,1.343,387998.5
2025-12-13 07:30:00,1.343,1.343,1.34,1.34,215250.0
2025-12-13 07:45:00,1.341,1.342,1.339,1.342,260714.9
2025-12-13 08:00:00,1.341,1.347,1.341,1.345,546658.7
2025-12-13 08:15:00,1.346,1.351,1.344,1.345,1057590.7
2025-12-13 08:30:00,1.344,1.346,1.342,1.344,497411.8
2025-12-13 08:45:00,1.343,1.348,1.343,1.345,299761.0
2025-12-13 09:00:00,1.344,1.347,1.344,1.346,229673.4
2025-12-13 09:15:00,1.345,1.346,1.343,1.345,309830.2
2025-12-13 09:30:00,1.345,1.348,1.343,1.346,305081.7
2025-12-13 09:45:00,1.346,1.348,1.344,1.344,352467.6
2025-12-13 10:00:00,1.344,1.347,1.343,1.346,295458.9
2025-12-13 10:15:00,1.346,1.349,1.345,1.347,299197.9
2025-12-13 10:30:00,1.347,1.35,1.345,1.35,320565.9
2025-12-13 10:45:00,1.349,1.35,1.344,1.345,343027.6
2025-12-13 11:00:00,1.345,1.346,1.342,1.343,317230.3
2025-12-13 11:15:00,1.343,1.345,1.34,1.343,341193.1
2025-12-13 11:30:00,1.342,1.344,1.339,1.341,445288.5
2025-12-13 11:45:00,1.341,1.343,1.337,1.34,679214.9
2025-12-13 12:00:00,1.339,1.347,1.339,1.346,539857.7
2025-12-13 12:15:00,1.347,1.347,1.342,1.343,445874.4
2025-12-13 12:30:00,1.343,1.345,1.337,1.339,411296.9
2025-12-13 12:45:00,1.338,1.344,1.338,1.342,304012.3
2025-12-13 13:00:00,1.342,1.342,1.338,1.339,390146.1
2025-12-13 13:15:00,1.338,1.342,1.338,1.338,406529.5
2025-12-13 13:30:00,1.339,1.342,1.338,1.339,338811.3
2025-12-13 13:45:00,1.34,1.341,1.338,1.339,339617.1
2025-12-13 14:00:00,1.338,1.34,1.335,1.339,1218921.9
2025-12-13 14:15:00,1.339,1.341,1.332,1.335,760960.1
2025-12-13 14:30:00,1.334,1.338,1.333,1.336,555980.6
2025-12-13 14:45:00,1.336,1.338,1.335,1.337,364523.9
2025-12-13 15:00:00,1.337,1.348,1.336,1.346,677223.6
2025-12-13 15:15:00,1.345,1.351,1.344,1.35,771593.0
2025-12-13 15:30:00,1.349,1.35,1.347,1.348,410301.4
2025-12-13 15:45:00,1.348,1.35,1.345,1.35,506841.1
2025-12-13 16:00:00,1.35,1.352,1.345,1.35,1103186.2
2025-12-13 16:15:00,1.35,1.35,1.344,1.346,367815.5
2025-12-13 16:30:00,1.345,1.349,1.344,1.347,314913.9
2025-12-13 16:45:00,1.347,1.348,1.345,1.347,227356.2
2025-12-13 17:00:00,1.346,1.347,1.339,1.341,695522.7
2025-12-13 17:15:00,1.342,1.343,1.339,1.341,352130.0
2025-12-13 17:30:00,1.34,1.344,1.338,1.343,297616.8
2025-12-13 17:45:00,1.342,1.344,1.341,1.342,224205.4
2025-12-13 18:00:00,1.341,1.345,1.34,1.344,299013.9
2025-12-13 18:15:00,1.343,1.344,1.34,1.342,265270.2
2025-12-13 18:30:00,1.343,1.345,1.341,1.344,207543.7
2025-12-13 18:45:00,1.343,1.344,1.339,1.34,138641.4
2025-12-13 19:00:00,1.341,1.35,1.34,1.349,721705.9
2025-12-13 19:15:00,1.349,1.35,1.345,1.346,343650.6
2025-12-13 19:30:00,1.347,1.35,1.345,1.35,316245.9
2025-12-13 19:45:00,1.35,1.351,1.345,1.346,273931.5
2025-12-13 20:00:00,1.347,1.351,1.346,1.35,364299.0
2025-12-13 20:15:00,1.35,1.351,1.347,1.348,226357.0
2025-12-13 20:30:00,1.349,1.349,1.345,1.347,334292.1
2025-12-13 20:45:00,1.348,1.349,1.343,1.345,181057.3
2025-12-13 21:00:00,1.345,1.347,1.34,1.34,441672.9
2025-12-13 21:15:00,1.341,1.343,1.34,1.341,193872.6
2025-12-13 21:30:00,1.341,1.341,1.333,1.339,945065.5
2025-12-13 21:45:00,1.339,1.344,1.338,1.343,335052.5
2025-12-13 22:00:00,1.342,1.344,1.337,1.339,329366.6
2025-12-13 22:15:00,1.338,1.344,1.338,1.343,174909.0
2025-12-13 22:30:00,1.344,1.348,1.343,1.345,238308.6
2025-12-13 22:45:00,1.346,1.346,1.343,1.343,83876.5
2025-12-13 23:00:00,1.343,1.348,1.342,1.346,230616.8
2025-12-13 23:15:00,1.347,1.35,1.345,1.348,220960.8
2025-12-13 23:30:00,1.349,1.351,1.346,1.349,283119.1
2025-12-13 23:45:00,1.35,1.351,1.348,1.349,160569.8
2025-12-14 00:00:00,1.349,1.35,1.345,1.349,498461.5
2025-12-14 00:15:00,1.348,1.35,1.345,1.347,182038.3
2025-12-14 00:30:00,1.347,1.35,1.346,1.35,206750.7
2025-12-14 00:45:00,1.35,1.351,1.345,1.345,221547.8
2025-12-14 01:00:00,1.346,1.349,1.345,1.347,188093.6
2025-12-14 01:15:00,1.348,1.348,1.345,1.348,271197.0
2025-12-14 01:30:00,1.348,1.348,1.344,1.344,364170.5
2025-12-14 01:45:00,1.344,1.346,1.344,1.345,128831.2
2025-12-14 02:00:00,1.346,1.348,1.345,1.347,217957.1
2025-12-14 02:15:00,1.348,1.357,1.346,1.355,492727.0
2025-12-14 02:30:00,1.355,1.358,1.353,1.353,554575.9
2025-12-14 02:45:00,1.353,1.358,1.353,1.357,198018.1
2025-12-14 03:00:00,1.357,1.358,1.352,1.352,341880.9
2025-12-14 03:15:00,1.352,1.353,1.349,1.35,607031.6
2025-12-14 03:30:00,1.351,1.353,1.349,1.351,304745.5
2025-12-14 03:45:00,1.351,1.352,1.349,1.35,219786.3
2025-12-14 04:00:00,1.351,1.352,1.348,1.349,291991.8
2025-12-14 04:15:00,1.349,1.354,1.348,1.351,472739.4
2025-12-14 04:30:00,1.35,1.353,1.344,1.344,527606.9
2025-12-14 04:45:00,1.345,1.352,1.344,1.351,352544.5
2025-12-14 05:00:00,1.351,1.351,1.335,1.338,1070606.0
2025-12-14 05:15:00,1.338,1.34,1.327,1.33,1209819.0
2025-12-14 05:30:00,1.33,1.336,1.326,1.335,1119374.8
2025-12-14 05:45:00,1.335,1.337,1.333,1.333,365308.0
2025-12-14 06:00:00,1.333,1.334,1.329,1.331,489717.7
2025-12-14 06:15:00,1.332,1.334,1.33,1.331,311193.6
2025-12-14 06:30:00,1.331,1.339,1.329,1.336,385825.5
2025-12-14 06:45:00,1.337,1.338,1.332,1.333,194962.8
2025-12-14 07:00:00,1.333,1.335,1.332,1.334,269530.5
2025-12-14 07:15:00,1.334,1.336,1.332,1.335,283436.2
2025-12-14 07:30:00,1.335,1.337,1.332,1.333,259168.7
2025-12-14 07:45:00,1.333,1.336,1.332,1.335,344943.0
2025-12-14 08:00:00,1.335,1.341,1.334,1.337,554445.5
2025-12-14 08:15:00,1.338,1.339,1.334,1.337,267731.9
2025-12-14 08:30:00,1.338,1.338,1.334,1.336,306370.7
2025-12-14 08:45:00,1.336,1.336,1.33,1.331,401988.8
2025-12-14 09:00:00,1.33,1.334,1.329,1.33,496771.6
2025-12-14 09:15:00,1.33,1.333,1.329,1.331,204931.2
2025-12-14 09:30:00,1.331,1.335,1.329,1.333,368916.5
2025-12-14 09:45:00,1.334,1.334,1.331,1.333,226283.2
2025-12-14 10:00:00,1.333,1.333,1.317,1.324,1641371.0
2025-12-14 10:15:00,1.324,1.332,1.322,1.329,682585.5
2025-12-14 10:30:00,1.329,1.33,1.325,1.33,425237.7
2025-12-14 10:45:00,1.329,1.332,1.327,1.328,331341.8
2025-12-14 11:00:00,1.327,1.329,1.323,1.326,739716.8
2025-12-14 11:15:00,1.325,1.326,1.32,1.32,499930.3
2025-12-14 11:30:00,1.321,1.324,1.313,1.316,1500128.3
2025-12-14 11:45:00,1.315,1.324,1.307,1.32,2387421.5
2025-12-14 12:00:00,1.321,1.324,1.316,1.319,649131.6
2025-12-14 12:15:00,1.32,1.327,1.32,1.321,546205.6
2025-12-14 12:30:00,1.321,1.326,1.32,1.323,499547.1
2025-12-14 12:45:00,1.324,1.327,1.322,1.322,351043.6
2025-12-14 13:00:00,1.322,1.322,1.315,1.318,664475.1
2025-12-14 13:15:00,1.318,1.32,1.314,1.316,388750.4
2025-12-14 13:30:00,1.316,1.318,1.309,1.311,1091215.9
2025-12-14 13:45:00,1.312,1.315,1.309,1.314,771865.8
2025-12-14 14:00:00,1.315,1.318,1.309,1.311,782765.8
2025-12-14 14:15:00,1.312,1.314,1.307,1.308,696678.1
2025-12-14 14:30:00,1.309,1.309,1.294,1.298,3151580.8
2025-12-14 14:45:00,1.299,1.305,1.296,1.299,1446771.9
2025-12-14 15:00:00,1.299,1.302,1.295,1.299,1221448.8
2025-12-14 15:15:00,1.3,1.303,1.297,1.299,754370.5
2025-12-14 15:30:00,1.299,1.306,1.297,1.304,880804.2
2025-12-14 15:45:00,1.305,1.305,1.3,1.303,480119.6
2025-12-14 16:00:00,1.302,1.305,1.3,1.304,799515.9
2025-12-14 16:15:00,1.304,1.314,1.3,1.311,1640682.3
2025-12-14 16:30:00,1.312,1.313,1.305,1.307,880449.5
2025-12-14 16:45:00,1.306,1.311,1.306,1.31,813640.9
2025-12-14 17:00:00,1.31,1.312,1.296,1.3,1124900.3
2025-12-14 17:15:00,1.3,1.304,1.296,1.3,996225.9
2025-12-14 17:30:00,1.299,1.302,1.295,1.302,609247.6
2025-12-14 17:45:00,1.301,1.302,1.298,1.3,566563.5
2025-12-14 18:00:00,1.299,1.307,1.297,1.306,464865.5
2025-12-14 18:15:00,1.306,1.31,1.3,1.302,867290.8
2025-12-14 18:30:00,1.301,1.306,1.301,1.303,570850.4
2025-12-14 18:45:00,1.303,1.311,1.301,1.31,311752.2
2025-12-14 19:00:00,1.31,1.311,1.301,1.304,550272.5
2025-12-14 19:15:00,1.304,1.306,1.3,1.305,333588.3
2025-12-14 19:30:00,1.306,1.306,1.3,1.301,340092.8
2025-12-14 19:45:00,1.301,1.305,1.301,1.304,475460.1
2025-12-14 20:00:00,1.304,1.31,1.297,1.31,1198176.5
2025-12-14 20:15:00,1.309,1.313,1.302,1.304,839017.5
2025-12-14 20:30:00,1.303,1.306,1.302,1.304,533347.3
2025-12-14 20:45:00,1.304,1.305,1.3,1.301,179861.8
2025-12-14 21:00:00,1.301,1.303,1.299,1.301,352743.8
2025-12-14 21:15:00,1.3,1.305,1.3,1.302,212089.9
2025-12-14 21:30:00,1.303,1.303,1.297,1.298,454582.7
2025-12-14 21:45:00,1.299,1.3,1.294,1.299,746507.8
2025-12-14 22:00:00,1.299,1.304,1.299,1.301,386393.8
2025-12-14 22:15:00,1.302,1.304,1.298,1.3,349514.1
2025-12-14 22:30:00,1.301,1.302,1.295,1.3,726036.5
2025-12-14 22:45:00,1.299,1.308,1.299,1.307,311935.7
2025-12-14 23:00:00,1.308,1.312,1.303,1.307,724828.9
2025-12-14 23:15:00,1.307,1.31,1.304,1.308,550759.0
2025-12-14 23:30:00,1.309,1.316,1.294,1.313,1878031.2
2025-12-14 23:45:00,1.314,1.316,1.309,1.314,859449.3
2025-12-15 00:00:00,1.313,1.325,1.311,1.313,1461856.2
2025-12-15 00:15:00,1.313,1.328,1.312,1.32,925585.2
2025-12-15 00:30:00,1.321,1.325,1.315,1.319,484787.4
2025-12-15 00:45:00,1.318,1.325,1.318,1.323,409718.4
2025-12-15 01:00:00,1.324,1.332,1.323,1.332,752601.5
2025-12-15 01:15:00,1.331,1.332,1.329,1.329,510309.2
2025-12-15 01:30:00,1.33,1.341,1.328,1.333,1237639.6
2025-12-15 01:45:00,1.334,1.338,1.331,1.334,677986.4
2025-12-15 02:00:00,1.335,1.342,1.335,1.335,812488.3
2025-12-15 02:15:00,1.336,1.348,1.335,1.339,2684624.2
2025-12-15 02:30:00,1.339,1.34,1.333,1.334,583503.7
2025-12-15 02:45:00,1.334,1.335,1.326,1.329,848206.9
2025-12-15 03:00:00,1.329,1.329,1.324,1.326,426898.6
2025-12-15 03:15:00,1.325,1.337,1.325,1.334,637062.5
2025-12-15 03:30:00,1.334,1.335,1.331,1.331,443913.3
2025-12-15 03:45:00,1.331,1.334,1.33,1.333,355033.9
2025-12-15 04:00:00,1.333,1.339,1.332,1.334,713352.0
2025-12-15 04:15:00,1.335,1.336,1.332,1.335,306746.5
2025-12-15 04:30:00,1.334,1.338,1.333,1.335,236139.5
2025-12-15 04:45:00,1.335,1.337,1.334,1.335,174853.4
2025-12-15 05:00:00,1.336,1.338,1.333,1.336,268193.8
2025-12-15 05:15:00,1.336,1.34,1.336,1.338,321565.9
2025-12-15 05:30:00,1.338,1.339,1.336,1.338,284391.2
2025-12-15 05:45:00,1.337,1.34,1.337,1.34,169047.9
2025-12-15 06:00:00,1.34,1.341,1.335,1.336,319113.4
2025-12-15 06:15:00,1.336,1.339,1.335,1.337,268936.3
2025-12-15 06:30:00,1.336,1.339,1.336,1.338,263109.0
2025-12-15 06:45:00,1.338,1.343,1.332,1.332,1344209.4
2025-12-15 07:00:00,1.332,1.333,1.327,1.329,625449.9
2025-12-15 07:15:00,1.329,1.331,1.327,1.328,482159.4
2025-12-15 07:30:00,1.328,1.329,1.324,1.326,564235.7
2025-12-15 07:45:00,1.327,1.333,1.326,1.333,552744.6
2025-12-15 08:00:00,1.332,1.335,1.33,1.333,1108598.3
2025-12-15 08:15:00,1.334,1.337,1.333,1.336,379972.2
2025-12-15 08:30:00,1.336,1.336,1.333,1.335,250545.6
2025-12-15 08:45:00,1.334,1.336,1.332,1.334,196680.7
2025-12-15 09:00:00,1.333,1.337,1.332,1.335,524025.3
2025-12-15 09:15:00,1.335,1.336,1.332,1.334,433735.2
2025-12-15 09:30:00,1.335,1.336,1.332,1.333,325440.0
2025-12-15 09:45:00,1.332,1.336,1.331,1.333,470935.3
2025-12-15 10:00:00,1.332,1.334,1.331,1.333,545317.8
2025-12-15 10:15:00,1.332,1.336,1.331,1.334,751676.2
2025-12-15 10:30:00,1.333,1.336,1.328,1.329,610703.8
2025-12-15 10:45:00,1.328,1.33,1.328,1.33,304003.4
2025-12-15 11:00:00,1.329,1.331,1.328,1.33,381950.2
2025-12-15 11:15:00,1.329,1.33,1.329,1.33,51601.2
2025-12-15 11:30:00,1.329,1.33,1.325,1.327,699661.5
2025-12-15 11:45:00,1.326,1.331,1.326,1.33,525207.9
2025-12-15 12:00:00,1.33,1.33,1.325,1.327,460796.0
2025-12-15 12:15:00,1.326,1.333,1.326,1.331,634563.1
2025-12-15 12:30:00,1.332,1.336,1.331,1.332,679830.8
2025-12-15 12:45:00,1.332,1.333,1.33,1.331,391666.0
2025-12-15 13:00:00,1.331,1.331,1.321,1.327,1710687.7
2025-12-15 13:15:00,1.326,1.328,1.323,1.323,716605.5
2025-12-15 13:30:00,1.324,1.327,1.32,1.326,1224978.1
2025-12-15 13:45:00,1.326,1.329,1.323,1.325,1200184.3
2025-12-15 14:00:00,1.324,1.327,1.313,1.319,2299986.1
2025-12-15 14:15:00,1.319,1.321,1.313,1.318,1076347.5
2025-12-15 14:30:00,1.317,1.326,1.311,1.318,2084893.4
2025-12-15 14:45:00,1.318,1.32,1.274,1.291,9158365.6
2025-12-15 15:00:00,1.291,1.291,1.269,1.278,5253101.1
2025-12-15 15:15:00,1.278,1.278,1.246,1.255,10238006.0
2025-12-15 15:30:00,1.254,1.265,1.25,1.261,2469812.6
2025-12-15 15:45:00,1.26,1.268,1.253,1.257,1901892.0
2025-12-15 16:00:00,1.257,1.26,1.244,1.247,2651062.9
2025-12-15 16:15:00,1.247,1.261,1.246,1.255,1030238.9
2025-12-15 16:30:00,1.256,1.256,1.236,1.24,3213238.2
2025-12-15 16:45:00,1.241,1.25,1.236,1.242,2116888.6
2025-12-15 17:00:00,1.242,1.245,1.237,1.238,1028896.8
2025-12-15 17:15:00,1.238,1.244,1.236,1.238,1107775.4
2025-12-15 17:30:00,1.237,1.244,1.23,1.24,2149014.3
2025-12-15 17:45:00,1.239,1.245,1.236,1.239,1508146.6
2025-12-15 18:00:00,1.239,1.241,1.233,1.239,1816109.8
2025-12-15 18:15:00,1.239,1.244,1.233,1.236,805247.2
2025-12-15 18:30:00,1.236,1.239,1.222,1.232,3789600.1
2025-12-15 18:45:00,1.231,1.244,1.23,1.243,1202884.2
2025-12-15 19:00:00,1.242,1.255,1.241,1.243,2461989.4
2025-12-15 19:15:00,1.243,1.251,1.241,1.247,978786.3
2025-12-15 19:30:00,1.247,1.251,1.246,1.246,1025229.8
2025-12-15 19:45:00,1.247,1.247,1.24,1.242,672082.8
2025-12-15 20:00:00,1.243,1.243,1.23,1.235,1621266.3
2025-12-15 20:15:00,1.235,1.236,1.229,1.232,1067469.0
2025-12-15 20:30:00,1.232,1.242,1.231,1.238,884215.5
2025-12-15 20:45:00,1.238,1.239,1.233,1.233,662311.7
2025-12-15 21:00:00,1.234,1.236,1.231,1.234,743630.3
2025-12-15 21:15:00,1.234,1.241,1.234,1.24,740735.4
2025-12-15 21:30:00,1.241,1.244,1.237,1.238,720420.8
2025-12-15 21:45:00,1.238,1.244,1.238,1.244,357800.7
2025-12-15 22:00:00,1.245,1.248,1.243,1.245,712917.3
2025-12-15 22:15:00,1.246,1.248,1.241,1.245,573922.5
2025-12-15 22:30:00,1.245,1.251,1.245,1.247,416143.3
2025-12-15 22:45:00,1.248,1.255,1.247,1.254,436243.6
2025-12-15 23:00:00,1.255,1.261,1.253,1.26,708932.8
2025-12-15 23:15:00,1.261,1.261,1.255,1.256,627943.9
2025-12-15 23:30:00,1.257,1.264,1.256,1.262,823646.0
2025-12-15 23:45:00,1.262,1.265,1.261,1.263,592406.1
2025-12-16 00:00:00,1.264,1.265,1.256,1.256,780719.8
2025-12-16 00:15:00,1.257,1.261,1.254,1.26,627647.5
2025-12-16 00:30:00,1.26,1.261,1.253,1.254,551525.3
2025-12-16 00:45:00,1.255,1.255,1.246,1.247,682448.2
2025-12-16 01:00:00,1.248,1.256,1.246,1.253,796556.6
2025-12-16 01:15:00,1.254,1.254,1.247,1.248,426797.8
2025-12-16 01:30:00,1.249,1.253,1.246,1.25,792734.4
2025-12-16 01:45:00,1.251,1.254,1.248,1.252,570869.7
2025-12-16 02:00:00,1.253,1.255,1.248,1.253,714875.7
2025-12-16 02:15:00,1.254,1.263,1.253,1.262,523703.6
2025-12-16 02:30:00,1.263,1.263,1.258,1.261,543451.3
2025-12-16 02:45:00,1.261,1.265,1.259,1.261,688507.3
2025-12-16 03:00:00,1.262,1.265,1.254,1.257,880381.8
2025-12-16 03:15:00,1.257,1.26,1.253,1.254,716312.8
2025-12-16 03:30:00,1.254,1.258,1.245,1.256,1158203.4
2025-12-16 03:45:00,1.256,1.259,1.256,1.258,420107.3
2025-12-16 04:00:00,1.259,1.261,1.253,1.253,577375.5
2025-12-16 04:15:00,1.254,1.254,1.248,1.249,795473.8
2025-12-16 04:30:00,1.249,1.25,1.246,1.247,564765.0
2025-12-16 04:45:00,1.247,1.252,1.236,1.251,1458881.2
2025-12-16 05:00:00,1.252,1.253,1.249,1.25,616538.0
2025-12-16 05:15:00,1.25,1.254,1.25,1.251,511505.0
2025-12-16 05:30:00,1.251,1.256,1.251,1.254,403458.6
2025-12-16 05:45:00,1.254,1.257,1.251,1.252,514486.5
2025-12-16 06:00:00,1.251,1.255,1.25,1.253,480462.6
2025-12-16 06:15:00,1.254,1.26,1.252,1.259,431251.0
2025-12-16 06:30:00,1.258,1.261,1.257,1.257,499762.1
2025-12-16 06:45:00,1.258,1.262,1.257,1.26,438125.3
2025-12-16 07:00:00,1.26,1.261,1.256,1.256,412052.0
2025-12-16 07:15:00,1.257,1.258,1.247,1.249,1169042.3
2025-12-16 07:30:00,1.25,1.253,1.243,1.246,817459.3
2025-12-16 07:45:00,1.246,1.255,1.245,1.252,895934.1
2025-12-16 08:00:00,1.251,1.259,1.25,1.257,899671.1
2025-12-16 08:15:00,1.258,1.259,1.255,1.259,550347.7
2025-12-16 08:30:00,1.258,1.259,1.253,1.259,392534.2
2025-12-16 08:45:00,1.258,1.261,1.253,1.256,606943.8
2025-12-16 09:00:00,1.257,1.259,1.256,1.258,269029.8
2025-12-16 09:15:00,1.259,1.262,1.256,1.259,532322.4
2025-12-16 09:30:00,1.259,1.262,1.257,1.262,579985.6
2025-12-16 09:45:00,1.261,1.262,1.257,1.26,310255.2
2025-12-16 10:00:00,1.259,1.263,1.258,1.26,316645.4
2025-12-16 10:15:00,1.26,1.262,1.256,1.257,490685.7
2025-12-16 10:30:00,1.257,1.274,1.256,1.272,1215935.0
2025-12-16 10:45:00,1.273,1.28,1.269,1.272,1029938.9
2025-12-16 11:00:00,1.272,1.278,1.271,1.278,743690.7
2025-12-16 11:15:00,1.277,1.284,1.276,1.281,1010697.9
2025-12-16 11:30:00,1.282,1.284,1.278,1.28,760501.0
2025-12-16 11:45:00,1.281,1.287,1.276,1.278,1404041.6
2025-12-16 12:00:00,1.278,1.282,1.277,1.281,982560.3
2025-12-16 12:15:00,1.281,1.281,1.274,1.275,496159.5
2025-12-16 12:30:00,1.275,1.276,1.271,1.274,535430.9
2025-12-16 12:45:00,1.274,1.277,1.271,1.273,638750.6
2025-12-16 13:00:00,1.273,1.274,1.266,1.268,792633.4
2025-12-16 13:15:00,1.269,1.274,1.266,1.271,1004048.4
2025-12-16 13:30:00,1.272,1.283,1.253,1.26,3634516.9
2025-12-16 13:45:00,1.26,1.264,1.253,1.253,1316264.3
2025-12-16 14:00:00,1.254,1.269,1.243,1.264,2494576.4
2025-12-16 14:15:00,1.264,1.269,1.261,1.263,663702.6
2025-12-16 14:30:00,1.263,1.273,1.257,1.261,1410724.6
2025-12-16 14:45:00,1.261,1.274,1.254,1.266,1446660.1
2025-12-16 15:00:00,1.267,1.268,1.257,1.265,775646.9
2025-12-16 15:15:00,1.264,1.265,1.256,1.262,619161.6
2025-12-16 15:30:00,1.261,1.272,1.261,1.271,1470415.5
2025-12-16 15:45:00,1.27,1.286,1.269,1.281,1402358.5
2025-12-16 16:00:00,1.281,1.291,1.279,1.28,2051209.0
2025-12-16 16:15:00,1.281,1.283,1.276,1.279,961673.0
2025-12-16 16:30:00,1.28,1.28,1.269,1.274,804783.2
2025-12-16 16:45:00,1.274,1.278,1.272,1.274,367260.7
2025-12-16 17:00:00,1.273,1.278,1.273,1.276,476717.9
2025-12-16 17:15:00,1.276,1.277,1.265,1.268,688808.6
2025-12-16 17:30:00,1.268,1.271,1.263,1.265,608032.8
2025-12-16 17:45:00,1.265,1.269,1.265,1.267,433234.9
2025-12-16 18:00:00,1.267,1.273,1.266,1.273,701676.3
2025-12-16 18:15:00,1.272,1.276,1.27,1.273,458703.9
2025-12-16 18:30:00,1.273,1.281,1.273,1.281,560386.9
2025-12-16 18:45:00,1.281,1.285,1.279,1.28,850001.1
2025-12-16 19:00:00,1.281,1.281,1.275,1.275,515220.8
2025-12-16 19:15:00,1.276,1.277,1.271,1.277,498633.8
2025-12-16 19:30:00,1.277,1.282,1.276,1.28,478963.7
2025-12-16 19:45:00,1.279,1.283,1.276,1.281,373380.5
2025-12-16 20:00:00,1.28,1.288,1.28,1.285,1156327.5
2025-12-16 20:15:00,1.285,1.286,1.281,1.285,522773.6
2025-12-16 20:30:00,1.285,1.292,1.284,1.288,421503.7
2025-12-16 20:45:00,1.287,1.289,1.283,1.286,463759.1
2025-12-16 21:00:00,1.286,1.287,1.283,1.285,489020.8
2025-12-16 21:15:00,1.285,1.286,1.278,1.281,990807.5
2025-12-16 21:30:00,1.28,1.285,1.28,1.283,393622.8
2025-12-16 21:45:00,1.282,1.283,1.279,1.281,229829.1
2025-12-16 22:00:00,1.28,1.284,1.278,1.279,434206.1
2025-12-16 22:15:00,1.279,1.284,1.278,1.284,381366.3
2025-12-16 22:30:00,1.283,1.284,1.281,1.282,223306.3
2025-12-16 22:45:00,1.281,1.283,1.28,1.283,117012.4
2025-12-16 23:00:00,1.282,1.284,1.279,1.281,504268.4
2025-12-16 23:15:00,1.281,1.283,1.28,1.282,571614.4
2025-12-16 23:30:00,1.282,1.283,1.279,1.283,392816.6
2025-12-16 23:45:00,1.282,1.29,1.281,1.287,754369.2
2025-12-17 00:00:00,1.287,1.288,1.28,1.281,675127.5
2025-12-17 00:15:00,1.281,1.296,1.28,1.293,1517808.1
2025-12-17 00:30:00,1.293,1.298,1.29,1.297,792440.8
2025-12-17 00:45:00,1.298,1.298,1.288,1.291,1230222.1
2025-12-17 01:00:00,1.292,1.304,1.291,1.299,1121755.0
2025-12-17 01:15:00,1.299,1.316,1.299,1.311,1928598.6
2025-12-17 01:30:00,1.312,1.314,1.303,1.304,946233.7
2025-12-17 01:45:00,1.304,1.311,1.303,1.311,738841.2
2025-12-17 02:00:00,1.311,1.318,1.308,1.31,1540366.2
2025-12-17 02:15:00,1.311,1.312,1.3,1.306,1314986.3
2025-12-17 02:30:00,1.305,1.314,1.303,1.313,774163.2
2025-12-17 02:45:00,1.313,1.32,1.312,1.317,958889.5
2025-12-17 03:00:00,1.317,1.32,1.31,1.31,945533.7
2025-12-17 03:15:00,1.311,1.317,1.31,1.314,719523.3
2025-12-17 03:30:00,1.314,1.317,1.309,1.315,531626.5
2025-12-17 03:45:00,1.315,1.318,1.313,1.315,324515.9
2025-12-17 04:00:00,1.315,1.319,1.313,1.315,662017.9
2025-12-17 04:15:00,1.316,1.317,1.301,1.303,1108963.7
2025-12-17 04:30:00,1.303,1.305,1.297,1.303,1198026.6
2025-12-17 04:45:00,1.304,1.305,1.3,1.305,354166.2
2025-12-17 05:00:00,1.304,1.316,1.298,1.314,1138061.4
2025-12-17 05:15:00,1.315,1.318,1.31,1.315,1289251.6
2025-12-17 05:30:00,1.316,1.316,1.302,1.308,1624971.1
2025-12-17 05:45:00,1.308,1.317,1.306,1.306,1401325.8
2025-12-17 06:00:00,1.306,1.312,1.305,1.311,1051625.4
2025-12-17 06:15:00,1.311,1.312,1.307,1.309,496297.8
2025-12-17 06:30:00,1.309,1.31,1.303,1.303,750156.1
2025-12-17 06:45:00,1.303,1.306,1.302,1.304,378807.2
2025-12-17 07:00:00,1.305,1.305,1.295,1.297,988550.2
2025-12-17 07:15:00,1.298,1.301,1.295,1.296,687302.5
2025-12-17 07:30:00,1.296,1.304,1.295,1.297,612623.2
2025-12-17 07:45:00,1.298,1.299,1.295,1.298,245807.8
2025-12-17 08:00:00,1.297,1.302,1.294,1.301,624602.5
2025-12-17 08:15:00,1.302,1.303,1.282,1.286,1408483.4
2025-12-17 08:30:00,1.286,1.288,1.273,1.279,2701225.5
2025-12-17 08:45:00,1.279,1.285,1.279,1.282,979350.5
2025-12-17 09:00:00,1.283,1.283,1.273,1.275,1450085.2
2025-12-17 09:15:00,1.275,1.278,1.265,1.269,1615699.3
2025-12-17 09:30:00,1.269,1.274,1.268,1.272,556486.4
2025-12-17 09:45:00,1.273,1.274,1.271,1.272,364351.6
2025-12-17 10:00:00,1.272,1.276,1.266,1.276,828530.0
2025-12-17 10:15:00,1.275,1.278,1.272,1.275,1176812.6
2025-12-17 10:30:00,1.276,1.279,1.273,1.277,656126.9
2025-12-17 10:45:00,1.278,1.28,1.272,1.274,353307.2
2025-12-17 11:00:00,1.274,1.281,1.274,1.278,501003.9
2025-12-17 11:15:00,1.278,1.279,1.276,1.277,422909.2
2025-12-17 11:30:00,1.277,1.282,1.276,1.281,618615.7
2025-12-17 11:45:00,1.281,1.282,1.278,1.281,465863.0
2025-12-17 12:00:00,1.282,1.284,1.279,1.279,799704.7
2025-12-17 12:15:00,1.279,1.281,1.276,1.278,441807.1
2025-12-17 12:30:00,1.278,1.282,1.277,1.277,504320.1
2025-12-17 12:45:00,1.277,1.285,1.276,1.279,484558.5
2025-12-17 13:00:00,1.28,1.284,1.274,1.274,547025.4
2025-12-17 13:15:00,1.275,1.276,1.271,1.273,579803.6
2025-12-17 13:30:00,1.273,1.281,1.271,1.278,671037.9
2025-12-17 13:45:00,1.279,1.29,1.278,1.287,1136141.0
2025-12-17 14:00:00,1.288,1.29,1.283,1.285,816070.7
2025-12-17 14:15:00,1.286,1.289,1.284,1.284,435320.6
2025-12-17 14:30:00,1.285,1.289,1.275,1.279,1698196.5
2025-12-17 14:45:00,1.28,1.311,1.259,1.31,6990848.9
2025-12-17 15:00:00,1.31,1.319,1.301,1.313,3175368.9
2025-12-17 15:15:00,1.314,1.316,1.298,1.302,1465010.9
2025-12-17 15:30:00,1.303,1.303,1.28,1.284,2631473.7
2025-12-17 15:45:00,1.284,1.287,1.27,1.275,3608590.8
2025-12-17 16:00:00,1.275,1.285,1.265,1.265,1717921.5
2025-12-17 16:15:00,1.265,1.267,1.236,1.241,5323577.2
2025-12-17 16:30:00,1.24,1.248,1.231,1.24,3216459.6
2025-12-17 16:45:00,1.239,1.249,1.238,1.249,1355884.1
2025-12-17 17:00:00,1.248,1.253,1.238,1.246,1825063.7
2025-12-17 17:15:00,1.246,1.254,1.243,1.25,911217.1
2025-12-17 17:30:00,1.249,1.253,1.234,1.234,1546993.8
2025-12-17 17:45:00,1.235,1.24,1.229,1.234,1294162.3
2025-12-17 18:00:00,1.234,1.244,1.233,1.241,844815.9
2025-12-17 18:15:00,1.241,1.245,1.237,1.242,734128.8
2025-12-17 18:30:00,1.242,1.242,1.223,1.23,1999017.8
2025-12-17 18:45:00,1.23,1.233,1.216,1.221,3004212.2
2025-12-17 19:00:00,1.221,1.226,1.215,1.218,3211214.8
2025-12-17 19:15:00,1.218,1.225,1.209,1.211,2281294.0
2025-12-17 19:30:00,1.21,1.217,1.208,1.211,945009.4
2025-12-17 19:45:00,1.21,1.221,1.21,1.221,937480.8
2025-12-17 20:00:00,1.221,1.225,1.218,1.224,1120101.9
2025-12-17 20:15:00,1.224,1.243,1.224,1.237,1360533.6
2025-12-17 20:30:00,1.238,1.238,1.227,1.23,560625.3
2025-12-17 20:45:00,1.229,1.23,1.217,1.219,1261113.4
2025-12-17 21:00:00,1.22,1.225,1.219,1.222,900226.7
2025-12-17 21:15:00,1.221,1.222,1.216,1.219,673954.9
2025-12-17 21:30:00,1.218,1.22,1.208,1.212,919224.8
2025-12-17 21:45:00,1.213,1.216,1.207,1.214,1048078.7
2025-12-17 22:00:00,1.213,1.217,1.206,1.215,1164399.5
2025-12-17 22:15:00,1.216,1.223,1.21,1.216,909780.8
2025-12-17 22:30:00,1.215,1.218,1.215,1.216,524334.7
2025-12-17 22:45:00,1.217,1.224,1.214,1.222,465106.8
2025-12-17 23:00:00,1.221,1.223,1.216,1.217,1070519.3
2025-12-17 23:15:00,1.217,1.22,1.216,1.219,552923.9
2025-12-17 23:30:00,1.219,1.224,1.219,1.222,923533.9
2025-12-17 23:45:00,1.222,1.224,1.22,1.224,318997.9
2025-12-18 00:00:00,1.224,1.225,1.219,1.221,609707.5
2025-12-18 00:15:00,1.222,1.227,1.221,1.226,902157.9
2025-12-18 00:30:00,1.226,1.23,1.225,1.226,482721.8
2025-12-18 00:45:00,1.227,1.231,1.226,1.228,411324.7
2025-12-18 01:00:00,1.228,1.229,1.214,1.217,960862.7
2025-12-18 01:15:00,1.218,1.22,1.213,1.216,539839.6
2025-12-18 01:30:00,1.216,1.223,1.216,1.22,589749.4
2025-12-18 01:45:00,1.22,1.222,1.215,1.219,457490.1
2025-12-18 02:00:00,1.218,1.225,1.214,1.221,864432.0
2025-12-18 02:15:00,1.221,1.23,1.217,1.22,811217.3
2025-12-18 02:30:00,1.219,1.226,1.218,1.222,458581.1
2025-12-18 02:45:00,1.222,1.224,1.22,1.22,361650.3
2025-12-18 03:00:00,1.22,1.222,1.216,1.216,570052.7
2025-12-18 03:15:00,1.216,1.217,1.207,1.209,1394076.9
2025-12-18 03:30:00,1.209,1.209,1.196,1.201,3008917.5
2025-12-18 03:45:00,1.201,1.205,1.199,1.204,819124.2
2025-12-18 04:00:00,1.203,1.208,1.201,1.205,962672.8
2025-12-18 04:15:00,1.205,1.206,1.201,1.204,641933.5
2025-12-18 04:30:00,1.203,1.208,1.201,1.206,763209.3
2025-12-18 04:45:00,1.205,1.207,1.203,1.204,592181.4
2025-12-18 05:00:00,1.204,1.205,1.193,1.195,1880216.6
2025-12-18 05:15:00,1.195,1.198,1.186,1.195,2993105.4
2025-12-18 05:30:00,1.195,1.199,1.183,1.196,1969782.8
2025-12-18 05:45:00,1.196,1.197,1.191,1.193,650307.3
2025-12-18 06:00:00,1.192,1.201,1.19,1.199,827655.1
2025-12-18 06:15:00,1.199,1.201,1.197,1.2,880403.1
2025-12-18 06:30:00,1.2,1.206,1.199,1.202,969187.1
2025-12-18 06:45:00,1.202,1.206,1.2,1.203,506675.3
2025-12-18 07:00:00,1.204,1.211,1.203,1.209,1084056.8
2025-12-18 07:15:00,1.21,1.215,1.207,1.214,949614.2
2025-12-18 07:30:00,1.215,1.215,1.209,1.21,668538.9
2025-12-18 07:45:00,1.211,1.216,1.209,1.215,1048486.9
2025-12-18 08:00:00,1.215,1.218,1.212,1.213,838693.7
2025-12-18 08:15:00,1.214,1.22,1.211,1.217,768945.7
2025-12-18 08:30:00,1.218,1.219,1.212,1.213,553599.3
2025-12-18 08:45:00,1.214,1.216,1.212,1.215,522412.5
2025-12-18 09:00:00,1.216,1.216,1.211,1.212,603122.8
2025-12-18 09:15:00,1.213,1.215,1.211,1.213,433214.8
2025-12-18 09:30:00,1.213,1.218,1.213,1.217,676962.8
2025-12-18 09:45:00,1.217,1.219,1.208,1.21,841199.4
2025-12-18 10:00:00,1.21,1.217,1.21,1.216,560407.3
2025-12-18 10:15:00,1.215,1.218,1.214,1.218,511792.7
2025-12-18 10:30:00,1.217,1.222,1.217,1.22,430654.0
2025-12-18 10:45:00,1.221,1.222,1.219,1.22,451518.1
2025-12-18 11:00:00,1.221,1.222,1.217,1.218,468291.0
2025-12-18 11:15:00,1.218,1.221,1.217,1.22,319407.8
2025-12-18 11:30:00,1.219,1.224,1.219,1.222,372725.0
2025-12-18 11:45:00,1.222,1.226,1.222,1.224,315644.9
2025-12-18 12:00:00,1.225,1.227,1.221,1.221,597573.3
2025-12-18 12:15:00,1.221,1.223,1.219,1.22,487765.9
2025-12-18 12:30:00,1.221,1.227,1.221,1.225,821910.1
2025-12-18 12:45:00,1.226,1.227,1.22,1.222,525241.4
2025-12-18 13:00:00,1.222,1.238,1.222,1.235,1708233.2
2025-12-18 13:15:00,1.236,1.237,1.224,1.227,1224702.8
2025-12-18 13:30:00,1.228,1.252,1.228,1.249,3186877.9
2025-12-18 13:45:00,1.249,1.256,1.247,1.253,2322511.0
2025-12-18 14:00:00,1.254,1.265,1.239,1.242,2843623.7
2025-12-18 14:15:00,1.242,1.256,1.241,1.252,1075947.4
2025-12-18 14:30:00,1.253,1.263,1.239,1.243,1725251.0
2025-12-18 14:45:00,1.243,1.251,1.238,1.247,878384.2
2025-12-18 15:00:00,1.246,1.258,1.241,1.245,1690465.3
2025-12-18 15:15:00,1.245,1.258,1.241,1.258,947084.6
2025-12-18 15:30:00,1.258,1.266,1.252,1.263,1355934.6
2025-12-18 15:45:00,1.263,1.264,1.257,1.26,620869.3
2025-12-18 16:00:00,1.26,1.266,1.258,1.26,989854.4
2025-12-18 16:15:00,1.26,1.263,1.257,1.26,763604.9
2025-12-18 16:30:00,1.261,1.262,1.255,1.26,516784.5
2025-12-18 16:45:00,1.26,1.264,1.256,1.257,463759.0
2025-12-18 17:00:00,1.257,1.258,1.218,1.224,4166223.4
2025-12-18 17:15:00,1.223,1.223,1.19,1.204,9672505.5
2025-12-18 17:30:00,1.205,1.22,1.198,1.217,1956703.5
2025-12-18 17:45:00,1.217,1.221,1.21,1.215,1020420.8
2025-12-18 18:00:00,1.214,1.224,1.21,1.22,840830.7
2025-12-18 18:15:00,1.219,1.22,1.208,1.209,877077.0
2025-12-18 18:30:00,1.21,1.212,1.202,1.202,1095803.3
2025-12-18 18:45:00,1.203,1.203,1.189,1.192,1756066.9
2025-12-18 19:00:00,1.193,1.195,1.18,1.187,2289676.4
2025-12-18 19:15:00,1.186,1.193,1.18,1.191,1916575.2
2025-12-18 19:30:00,1.19,1.194,1.171,1.172,3063924.3
2025-12-18 19:45:00,1.173,1.176,1.159,1.165,3748153.3
2025-12-18 20:00:00,1.164,1.179,1.162,1.175,2346815.3
2025-12-18 20:15:00,1.175,1.177,1.171,1.173,851932.4
2025-12-18 20:30:00,1.174,1.175,1.169,1.173,1049386.5
2025-12-18 20:45:00,1.172,1.178,1.171,1.173,1201543.2
2025-12-18 21:00:00,1.172,1.189,1.172,1.187,1656031.9
2025-12-18 21:15:00,1.187,1.195,1.185,1.195,892782.3
2025-12-18 21:30:00,1.195,1.198,1.19,1.192,860541.9
2025-12-18 21:45:00,1.192,1.201,1.19,1.2,755468.7
2025-12-18 22:00:00,1.2,1.203,1.197,1.198,653970.5
2025-12-18 22:15:00,1.198,1.2,1.19,1.193,535251.5
2025-12-18 22:30:00,1.193,1.195,1.188,1.189,514741.3
2025-12-18 22:45:00,1.188,1.193,1.185,1.191,430496.6
2025-12-18 23:00:00,1.191,1.195,1.188,1.194,501160.6
2025-12-18 23:15:00,1.194,1.195,1.187,1.19,538883.4
2025-12-18 23:30:00,1.189,1.194,1.186,1.188,666020.6
2025-12-18 23:45:00,1.187,1.191,1.185,1.186,609732.5
2025-12-19 00:00:00,1.187,1.19,1.182,1.183,867662.8
2025-12-19 00:15:00,1.182,1.191,1.177,1.186,2330343.0
2025-12-19 00:30:00,1.187,1.189,1.183,1.186,762779.4
2025-12-19 00:45:00,1.186,1.193,1.185,1.191,575472.7
2025-12-19 01:00:00,1.191,1.193,1.186,1.191,525065.8
2025-12-19 01:15:00,1.19,1.193,1.186,1.186,417960.0
2025-12-19 01:30:00,1.186,1.19,1.185,1.185,390857.5
2025-12-19 01:45:00,1.185,1.186,1.178,1.183,539324.7
2025-12-19 02:00:00,1.183,1.187,1.179,1.184,620485.3
2025-12-19 02:15:00,1.185,1.194,1.183,1.192,520731.7
2025-12-19 02:30:00,1.193,1.199,1.192,1.199,1035323.7
2025-12-19 02:45:00,1.2,1.205,1.199,1.2,881121.5
2025-12-19 03:00:00,1.201,1.219,1.2,1.217,1269048.4
2025-12-19 03:15:00,1.216,1.238,1.209,1.236,2989938.3
2025-12-19 03:30:00,1.235,1.243,1.225,1.23,1602729.9
2025-12-19 03:45:00,1.23,1.236,1.227,1.231,974090.3
2025-12-19 04:00:00,1.232,1.239,1.229,1.237,1035368.8
2025-12-19 04:15:00,1.238,1.24,1.232,1.235,642252.7
2025-12-19 04:30:00,1.236,1.237,1.232,1.233,512379.3
2025-12-19 04:45:00,1.233,1.24,1.233,1.239,432610.9
2025-12-19 05:00:00,1.24,1.247,1.238,1.243,1349958.4
2025-12-19 05:15:00,1.243,1.243,1.238,1.241,492271.8
2025-12-19 05:30:00,1.24,1.243,1.238,1.238,418967.5
2025-12-19 05:45:00,1.238,1.242,1.236,1.24,409101.6
2025-12-19 06:00:00,1.24,1.244,1.239,1.24,388128.8
2025-12-19 06:15:00,1.241,1.241,1.238,1.24,456483.7
2025-12-19 06:30:00,1.24,1.242,1.237,1.239,223853.7
2025-12-19 06:45:00,1.24,1.246,1.236,1.244,826182.3
2025-12-19 07:00:00,1.245,1.261,1.244,1.253,2163632.5
2025-12-19 07:15:00,1.254,1.255,1.244,1.246,746609.9
2025-12-19 07:30:00,1.247,1.248,1.243,1.246,459777.5
2025-12-19 07:45:00,1.246,1.249,1.245,1.247,659500.9
2025-12-19 08:00:00,1.248,1.252,1.247,1.249,548766.4
2025-12-19 08:15:00,1.249,1.253,1.248,1.249,323912.7
2025-12-19 08:30:00,1.248,1.255,1.248,1.25,411979.0
2025-12-19 08:45:00,1.251,1.256,1.25,1.253,483550.6
2025-12-19 09:00:00,1.254,1.256,1.252,1.253,322891.0
2025-12-19 09:15:00,1.254,1.256,1.251,1.253,381214.2
2025-12-19 09:30:00,1.254,1.254,1.249,1.251,293759.4
2025-12-19 09:45:00,1.252,1.253,1.248,1.249,403666.4
2025-12-19 10:00:00,1.25,1.252,1.244,1.246,516948.5
2025-12-19 10:15:00,1.246,1.248,1.24,1.242,570121.7
2025-12-19 10:30:00,1.242,1.246,1.242,1.244,485072.2
2025-12-19 10:45:00,1.245,1.247,1.244,1.245,307903.3
2025-12-19 11:00:00,1.245,1.248,1.242,1.247,527572.5
2025-12-19 11:15:00,1.247,1.252,1.246,1.251,357556.2
2025-12-19 11:30:00,1.252,1.254,1.248,1.251,384415.3
2025-12-19 11:45:00,1.252,1.253,1.25,1.251,342155.1
2025-12-19 12:00:00,1.252,1.257,1.247,1.255,1222964.2
2025-12-19 12:15:00,1.255,1.258,1.254,1.254,460622.2
2025-12-19 12:30:00,1.255,1.258,1.252,1.253,563502.4
2025-12-19 12:45:00,1.253,1.254,1.245,1.247,855874.7
2025-12-19 13:00:00,1.247,1.253,1.244,1.252,699162.3
2025-12-19 13:15:00,1.253,1.253,1.25,1.253,294162.9
2025-12-19 13:30:00,1.253,1.256,1.249,1.256,719815.9
2025-12-19 13:45:00,1.256,1.258,1.255,1.257,446305.7
2025-12-19 14:00:00,1.257,1.264,1.255,1.262,918514.9
2025-12-19 14:15:00,1.262,1.264,1.249,1.255,1210831.7
2025-12-19 14:30:00,1.254,1.269,1.249,1.269,1623905.4
2025-12-19 14:45:00,1.268,1.271,1.254,1.259,1896930.3
2025-12-19 15:00:00,1.259,1.266,1.255,1.264,787809.1
2025-12-19 15:15:00,1.264,1.282,1.256,1.267,3001675.0
2025-12-19 15:30:00,1.267,1.276,1.263,1.27,994288.3
2025-12-19 15:45:00,1.27,1.27,1.264,1.269,693281.2
2025-12-19 16:00:00,1.268,1.289,1.268,1.286,1634185.3
2025-12-19 16:15:00,1.286,1.29,1.282,1.283,1234965.2
2025-12-19 16:30:00,1.284,1.296,1.282,1.283,1272611.8
2025-12-19 16:45:00,1.284,1.284,1.273,1.276,999400.2
2025-12-19 17:00:00,1.277,1.283,1.274,1.281,922474.4
2025-12-19 17:15:00,1.281,1.284,1.274,1.276,767435.3
2025-12-19 17:30:00,1.275,1.277,1.264,1.269,1508946.6
2025-12-19 17:45:00,1.269,1.277,1.263,1.264,1418431.7
2025-12-19 18:00:00,1.265,1.271,1.264,1.27,704086.3
2025-12-19 18:15:00,1.27,1.277,1.269,1.273,814540.2
2025-12-19 18:30:00,1.274,1.284,1.27,1.283,626990.0
2025-12-19 18:45:00,1.282,1.291,1.28,1.287,1305116.9
2025-12-19 19:00:00,1.288,1.29,1.284,1.286,857190.0
2025-12-19 19:15:00,1.287,1.296,1.287,1.293,791951.1
2025-12-19 19:30:00,1.293,1.303,1.291,1.302,1590994.3
2025-12-19 19:45:00,1.301,1.34,1.3,1.32,5701285.0
2025-12-19 20:00:00,1.321,1.357,1.321,1.349,6111862.2
2025-12-19 20:15:00,1.348,1.352,1.327,1.329,4237045.5
2025-12-19 20:30:00,1.33,1.331,1.321,1.323,1228745.4
2025-12-19 20:45:00,1.323,1.329,1.321,1.326,1042156.0
2025-12-19 21:00:00,1.327,1.327,1.312,1.313,1013389.3
2025-12-19 21:15:00,1.314,1.314,1.308,1.311,1221498.3
2025-12-19 21:30:00,1.312,1.313,1.305,1.307,971596.6
2025-12-19 21:45:00,1.306,1.308,1.302,1.303,533642.8
2025-12-19 22:00:00,1.303,1.308,1.302,1.304,752984.9
2025-12-19 22:15:00,1.303,1.311,1.302,1.31,717040.7
2025-12-19 22:30:00,1.311,1.315,1.309,1.311,448425.4
2025-12-19 22:45:00,1.311,1.312,1.304,1.305,233898.6
2025-12-19 23:00:00,1.305,1.307,1.302,1.305,400548.7
2025-12-19 23:15:00,1.306,1.312,1.305,1.312,455969.2
2025-12-19 23:30:00,1.311,1.315,1.306,1.314,594223.5
2025-12-19 23:45:00,1.315,1.318,1.306,1.308,712026.1
2025-12-20 00:00:00,1.308,1.308,1.299,1.303,1103906.1
2025-12-20 00:15:00,1.303,1.305,1.3,1.304,479262.3
2025-12-20 00:30:00,1.305,1.305,1.3,1.301,323146.1
2025-12-20 00:45:00,1.301,1.306,1.301,1.302,310595.9
2025-12-20 01:00:00,1.303,1.304,1.3,1.302,161437.7
2025-12-20 01:15:00,1.303,1.306,1.299,1.299,539237.6
2025-12-20 01:30:00,1.3,1.303,1.299,1.301,279121.7
2025-12-20 01:45:00,1.302,1.302,1.299,1.301,271126.0
2025-12-20 02:00:00,1.301,1.302,1.299,1.299,255846.4
2025-12-20 02:15:00,1.3,1.304,1.296,1.296,513998.2
2025-12-20 02:30:00,1.297,1.3,1.292,1.295,561918.6
2025-12-20 02:45:00,1.296,1.296,1.292,1.293,317527.9
2025-12-20 03:00:00,1.293,1.296,1.292,1.295,340330.2
2025-12-20 03:15:00,1.296,1.301,1.295,1.299,407921.1
2025-12-20 03:30:00,1.3,1.306,1.3,1.305,613832.5
2025-12-20 03:45:00,1.306,1.306,1.301,1.301,271693.3
2025-12-20 04:00:00,1.301,1.303,1.294,1.295,522581.4
2025-12-20 04:15:00,1.295,1.296,1.293,1.294,254827.6
2025-12-20 04:30:00,1.295,1.297,1.294,1.295,158702.7
2025-12-20 04:45:00,1.295,1.296,1.292,1.295,274701.6
2025-12-20 05:00:00,1.295,1.302,1.294,1.3,363399.6
2025-12-20 05:15:00,1.299,1.303,1.297,1.297,361534.2
2025-12-20 05:30:00,1.298,1.302,1.297,1.298,278713.9
2025-12-20 05:45:00,1.299,1.3,1.296,1.296,241332.9
2025-12-20 06:00:00,1.297,1.3,1.296,1.298,185455.8
2025-12-20 06:15:00,1.299,1.3,1.297,1.299,283229.5
2025-12-20 06:30:00,1.299,1.3,1.297,1.299,188697.6
2025-12-20 06:45:00,1.3,1.3,1.297,1.299,246767.0
2025-12-20 07:00:00,1.3,1.301,1.296,1.297,486675.9
2025-12-20 07:15:00,1.298,1.298,1.293,1.298,477426.1
2025-12-20 07:30:00,1.297,1.305,1.296,1.302,651016.3
2025-12-20 07:45:00,1.303,1.307,1.302,1.306,300998.8
2025-12-20 08:00:00,1.307,1.311,1.303,1.309,685791.2
2025-12-20 08:15:00,1.309,1.315,1.309,1.312,605596.9
2025-12-20 08:30:00,1.313,1.314,1.308,1.309,467552.8
2025-12-20 08:45:00,1.31,1.312,1.306,1.307,288677.0
2025-12-20 09:00:00,1.308,1.312,1.308,1.309,485778.8
2025-12-20 09:15:00,1.31,1.312,1.308,1.31,422697.8
2025-12-20 09:30:00,1.311,1.316,1.309,1.314,483517.4
2025-12-20 09:45:00,1.315,1.315,1.31,1.31,205983.4
2025-12-20 10:00:00,1.311,1.312,1.309,1.311,203091.9
2025-12-20 10:15:00,1.312,1.312,1.306,1.309,449607.2
2025-12-20 10:30:00,1.31,1.31,1.307,1.308,298490.3
2025-12-20 10:45:00,1.309,1.309,1.306,1.306,213600.5
2025-12-20 11:00:00,1.307,1.308,1.305,1.306,270114.2
2025-12-20 11:15:00,1.307,1.313,1.305,1.311,419710.0
2025-12-20 11:30:00,1.312,1.314,1.31,1.313,231051.0
2025-12-20 11:45:00,1.314,1.316,1.313,1.315,262329.0
2025-12-20 12:00:00,1.316,1.317,1.31,1.312,601877.2
2025-12-20 12:15:00,1.312,1.313,1.309,1.31,198988.9
2025-12-20 12:30:00,1.309,1.31,1.305,1.308,315493.1
2025-12-20 12:45:00,1.307,1.31,1.307,1.309,191666.1
2025-12-20 13:00:00,1.309,1.31,1.301,1.305,736566.6
2025-12-20 13:15:00,1.305,1.309,1.301,1.306,922536.2
2025-12-20 13:30:00,1.306,1.311,1.305,1.309,377317.6
2025-12-20 13:45:00,1.31,1.315,1.309,1.313,440354.5
2025-12-20 14:00:00,1.313,1.313,1.307,1.31,451484.9
2025-12-20 14:15:00,1.31,1.313,1.308,1.311,412973.0
2025-12-20 14:30:00,1.311,1.319,1.31,1.319,450962.2
2025-12-20 14:45:00,1.319,1.323,1.316,1.32,587995.7
2025-12-20 15:00:00,1.321,1.321,1.311,1.316,460617.1
2025-12-20 15:15:00,1.316,1.319,1.313,1.316,684820.0
2025-12-20 15:30:00,1.316,1.318,1.314,1.316,441307.7
2025-12-20 15:45:00,1.316,1.319,1.314,1.315,337612.8
2025-12-20 16:00:00,1.314,1.316,1.311,1.312,436911.8
2025-12-20 16:15:00,1.312,1.314,1.31,1.311,397454.9
2025-12-20 16:30:00,1.31,1.311,1.308,1.309,415875.5
2025-12-20 16:45:00,1.31,1.313,1.309,1.311,260412.9
2025-12-20 17:00:00,1.312,1.314,1.31,1.312,381003.1
2025-12-20 17:15:00,1.312,1.314,1.311,1.313,283807.1
2025-12-20 17:30:00,1.313,1.313,1.308,1.309,282820.4
2025-12-20 17:45:00,1.31,1.311,1.308,1.31,279112.0
2025-12-20 18:00:00,1.31,1.312,1.309,1.31,194262.6
2025-12-20 18:15:00,1.31,1.313,1.309,1.311,212650.1
2025-12-20 18:30:00,1.312,1.315,1.311,1.314,362865.6
2025-12-20 18:45:00,1.314,1.317,1.312,1.315,327042.9
2025-12-20 19:00:00,1.314,1.317,1.313,1.317,317070.5
2025-12-20 19:15:00,1.317,1.318,1.314,1.315,226702.0
2025-12-20 19:30:00,1.316,1.316,1.314,1.315,139200.3
2025-12-20 19:45:00,1.316,1.317,1.311,1.313,204204.3
2025-12-20 20:00:00,1.313,1.314,1.31,1.31,226918.4
2025-12-20 20:15:00,1.311,1.312,1.31,1.311,195632.8
2025-12-20 20:30:00,1.311,1.314,1.31,1.311,162415.4
2025-12-20 20:45:00,1.31,1.314,1.31,1.313,151378.1
2025-12-20 21:00:00,1.314,1.329,1.313,1.326,1662240.1
2025-12-20 21:15:00,1.327,1.331,1.325,1.33,765642.2
2025-12-20 21:30:00,1.33,1.335,1.33,1.332,972256.8
2025-12-20 21:45:00,1.333,1.334,1.325,1.327,558643.3
2025-12-20 22:00:00,1.328,1.331,1.324,1.331,484046.1
2025-12-20 22:15:00,1.33,1.346,1.33,1.34,1250176.3
2025-12-20 22:30:00,1.34,1.356,1.34,1.348,1567179.9
2025-12-20 22:45:00,1.348,1.366,1.343,1.357,1447725.9
2025-12-20 23:00:00,1.357,1.358,1.346,1.352,1210913.3
2025-12-20 23:15:00,1.352,1.368,1.352,1.359,2596878.3
2025-12-20 23:30:00,1.359,1.388,1.359,1.372,3952898.2
2025-12-20 23:45:00,1.372,1.378,1.368,1.372,1656280.7
2025-12-21 00:00:00,1.373,1.377,1.361,1.362,2893119.0
2025-12-21 00:15:00,1.362,1.365,1.354,1.355,1561246.4
2025-12-21 00:30:00,1.354,1.356,1.344,1.347,1726024.7
2025-12-21 00:45:00,1.348,1.352,1.345,1.35,673714.7
2025-12-21 01:00:00,1.351,1.351,1.345,1.346,551380.8
2025-12-21 01:15:00,1.347,1.361,1.344,1.357,2387564.6
2025-12-21 01:30:00,1.357,1.361,1.329,1.332,4002740.6
2025-12-21 01:45:00,1.331,1.338,1.33,1.333,844239.2
2025-12-21 02:00:00,1.333,1.334,1.328,1.332,1058710.8
2025-12-21 02:15:00,1.333,1.333,1.316,1.329,2114886.5
2025-12-21 02:30:00,1.329,1.329,1.319,1.323,923077.8
2025-12-21 02:45:00,1.322,1.326,1.319,1.323,1032405.0
2025-12-21 03:00:00,1.324,1.33,1.321,1.329,762350.8
2025-12-21 03:15:00,1.329,1.333,1.327,1.33,655110.7
2025-12-21 03:30:00,1.33,1.334,1.329,1.333,688886.6
2025-12-21 03:45:00,1.334,1.335,1.331,1.333,387772.9
2025-12-21 04:00:00,1.333,1.336,1.331,1.334,555111.2
2025-12-21 04:15:00,1.335,1.34,1.334,1.339,565547.9
2025-12-21 04:30:00,1.34,1.34,1.329,1.329,647960.3
2025-12-21 04:45:00,1.33,1.331,1.328,1.329,230519.3
2025-12-21 05:00:00,1.33,1.334,1.328,1.331,396174.7
2025-12-21 05:15:00,1.332,1.334,1.327,1.327,447501.7
2025-12-21 05:30:00,1.327,1.329,1.321,1.325,1226210.0
2025-12-21 05:45:00,1.326,1.326,1.322,1.323,342467.4
2025-12-21 06:00:00,1.323,1.33,1.322,1.327,607449.8
2025-12-21 06:15:00,1.327,1.332,1.325,1.328,559455.9
2025-12-21 06:30:00,1.328,1.331,1.328,1.328,213948.8
2025-12-21 06:45:00,1.329,1.33,1.326,1.328,138476.0
2025-12-21 07:00:00,1.329,1.33,1.326,1.326,243733.3
2025-12-21 07:15:00,1.327,1.335,1.325,1.332,422556.2
2025-12-21 07:30:00,1.333,1.333,1.327,1.327,225188.2
2025-12-21 07:45:00,1.328,1.331,1.326,1.33,600001.9
2025-12-21 08:00:00,1.33,1.33,1.324,1.325,388655.4
2025-12-21 08:15:00,1.326,1.332,1.325,1.329,462397.0
2025-12-21 08:30:00,1.33,1.337,1.328,1.333,869301.3
2025-12-21 08:45:00,1.334,1.336,1.331,1.332,307014.0
2025-12-21 09:00:00,1.332,1.335,1.326,1.33,419988.3
2025-12-21 09:15:00,1.33,1.334,1.327,1.329,246173.2
2025-12-21 09:30:00,1.33,1.335,1.329,1.329,451046.9
2025-12-21 09:45:00,1.329,1.335,1.329,1.33,600226.1
2025-12-21 10:00:00,1.331,1.335,1.329,1.329,292342.2
2025-12-21 10:15:00,1.33,1.331,1.324,1.325,598615.0
2025-12-21 10:30:00,1.325,1.326,1.306,1.313,3634429.1
2025-12-21 10:45:00,1.313,1.315,1.309,1.311,652014.7
2025-12-21 11:00:00,1.311,1.313,1.306,1.307,1041032.9
2025-12-21 11:15:00,1.307,1.312,1.305,1.309,685425.0
2025-12-21 11:30:00,1.309,1.311,1.308,1.309,358302.7
2025-12-21 11:45:00,1.309,1.309,1.306,1.306,244134.8
2025-12-21 12:00:00,1.306,1.31,1.303,1.308,941925.9
2025-12-21 12:15:00,1.308,1.312,1.307,1.309,834673.4
2025-12-21 12:30:00,1.309,1.311,1.294,1.298,1858330.8
2025-12-21 12:45:00,1.298,1.303,1.296,1.303,708226.7
2025-12-21 13:00:00,1.303,1.304,1.282,1.289,2930475.3
2025-12-21 13:15:00,1.289,1.29,1.27,1.273,2827744.2
2025-12-21 13:30:00,1.273,1.277,1.264,1.267,2662512.1
2025-12-21 13:45:00,1.267,1.268,1.256,1.261,2507464.7
2025-12-21 14:00:00,1.261,1.274,1.258,1.265,1989089.0
2025-12-21 14:15:00,1.266,1.271,1.263,1.264,990606.5
2025-12-21 14:30:00,1.265,1.269,1.263,1.266,553998.3
2025-12-21 14:45:00,1.267,1.269,1.264,1.267,537439.9
2025-12-21 15:00:00,1.266,1.271,1.265,1.268,544115.4
2025-12-21 15:15:00,1.268,1.271,1.264,1.268,575898.1
2025-12-21 15:30:00,1.267,1.27,1.263,1.265,608607.8
2025-12-21 15:45:00,1.265,1.275,1.265,1.271,971811.3
2025-12-21 16:00:00,1.271,1.274,1.266,1.266,662561.4
2025-12-21 16:15:00,1.266,1.275,1.263,1.273,878615.9
2025-12-21 16:30:00,1.273,1.276,1.272,1.273,365948.0
2025-12-21 16:45:00,1.273,1.278,1.272,1.276,384817.5
2025-12-21 17:00:00,1.277,1.279,1.271,1.277,546155.3
2025-12-21 17:15:00,1.278,1.282,1.274,1.275,785700.4
2025-12-21 17:30:00,1.276,1.277,1.271,1.271,549163.3
2025-12-21 17:45:00,1.272,1.272,1.265,1.267,1145400.4
2025-12-21 18:00:00,1.267,1.268,1.255,1.258,1984100.9
2025-12-21 18:15:00,1.258,1.262,1.257,1.26,603827.8
2025-12-21 18:30:00,1.261,1.265,1.26,1.264,400375.1
2025-12-21 18:45:00,1.265,1.265,1.261,1.263,345407.8
2025-12-21 19:00:00,1.264,1.266,1.261,1.264,475588.7
2025-12-21 19:15:00,1.264,1.264,1.261,1.263,517879.3
2025-12-21 19:30:00,1.264,1.264,1.257,1.261,511654.5
2025-12-21 19:45:00,1.262,1.266,1.26,1.264,300761.0
2025-12-21 20:00:00,1.264,1.267,1.261,1.261,212030.3
2025-12-21 20:15:00,1.262,1.263,1.258,1.26,526145.1
2025-12-21 20:30:00,1.26,1.261,1.257,1.259,295446.0
2025-12-21 20:45:00,1.26,1.264,1.259,1.263,253667.1
2025-12-21 21:00:00,1.263,1.27,1.26,1.269,689219.8
2025-12-21 21:15:00,1.27,1.273,1.268,1.268,606947.6
2025-12-21 21:30:00,1.268,1.269,1.262,1.262,477464.3
2025-12-21 21:45:00,1.263,1.263,1.259,1.261,359164.8
2025-12-21 22:00:00,1.261,1.265,1.258,1.264,476348.8
2025-12-21 22:15:00,1.264,1.268,1.262,1.263,340160.2
2025-12-21 22:30:00,1.264,1.268,1.262,1.267,323098.2
2025-12-21 22:45:00,1.268,1.29,1.267,1.283,1456772.2
2025-12-21 23:00:00,1.284,1.288,1.277,1.277,1227720.5
2025-12-21 23:15:00,1.278,1.282,1.275,1.275,953736.2
2025-12-21 23:30:00,1.275,1.275,1.27,1.272,566034.1
2025-12-21 23:45:00,1.272,1.277,1.272,1.277,530370.6
2025-12-22 00:00:00,1.277,1.294,1.275,1.292,2312645.6
2025-12-22 00:15:00,1.292,1.298,1.278,1.283,2317785.0
2025-12-22 00:30:00,1.284,1.292,1.279,1.29,909124.3
2025-12-22 00:45:00,1.291,1.293,1.285,1.285,875233.9
2025-12-22 01:00:00,1.285,1.293,1.284,1.291,662244.7
2025-12-22 01:15:00,1.292,1.298,1.29,1.29,555545.0
2025-12-22 01:30:00,1.291,1.3,1.29,1.294,668123.7
2025-12-22 01:45:00,1.295,1.298,1.284,1.288,959527.2
2025-12-22 02:00:00,1.289,1.289,1.269,1.278,2059061.0
2025-12-22 02:15:00,1.277,1.281,1.272,1.273,652918.0
2025-12-22 02:30:00,1.274,1.278,1.272,1.276,425337.9
2025-12-22 02:45:00,1.276,1.28,1.275,1.28,277245.8
2025-12-22 03:00:00,1.28,1.287,1.272,1.286,513806.4
2025-12-22 03:15:00,1.285,1.293,1.285,1.293,499861.9
2025-12-22 03:30:00,1.293,1.294,1.283,1.286,885460.5
2025-12-22 03:45:00,1.285,1.289,1.283,1.286,231163.3
2025-12-22 04:00:00,1.286,1.289,1.285,1.286,408552.2
2025-12-22 04:15:00,1.286,1.295,1.285,1.294,388686.8
2025-12-22 04:30:00,1.293,1.294,1.287,1.292,493405.9
2025-12-22 04:45:00,1.291,1.297,1.289,1.296,594606.3
2025-12-22 05:00:00,1.295,1.299,1.29,1.294,660114.7
2025-12-22 05:15:00,1.293,1.295,1.288,1.289,345697.1
2025-12-22 05:30:00,1.288,1.291,1.283,1.287,580128.9
2025-12-22 05:45:00,1.287,1.291,1.286,1.287,482930.7
2025-12-22 06:00:00,1.287,1.292,1.285,1.288,490052.3
2025-12-22 06:15:00,1.287,1.293,1.287,1.289,416645.5
2025-12-22 06:30:00,1.29,1.297,1.289,1.297,407112.3
2025-12-22 06:45:00,1.296,1.297,1.29,1.291,281722.8
2025-12-22 07:00:00,1.291,1.305,1.289,1.303,883844.3
2025-12-22 07:15:00,1.302,1.308,1.301,1.306,558301.9
2025-12-22 07:30:00,1.307,1.31,1.302,1.305,610726.0
2025-12-22 07:45:00,1.306,1.308,1.301,1.306,427568.7
2025-12-22 08:00:00,1.307,1.318,1.306,1.31,1483700.4
2025-12-22 08:15:00,1.311,1.324,1.31,1.321,1329159.3
2025-12-22 08:30:00,1.322,1.323,1.312,1.315,620427.5
2025-12-22 08:45:00,1.315,1.317,1.308,1.31,453026.1
2025-12-22 09:00:00,1.31,1.312,1.305,1.305,461437.5
2025-12-22 09:15:00,1.306,1.314,1.305,1.313,467149.8
2025-12-22 09:30:00,1.313,1.316,1.309,1.31,402223.2
2025-12-22 09:45:00,1.31,1.312,1.307,1.311,306930.3
2025-12-22 10:00:00,1.312,1.316,1.309,1.315,334326.3
2025-12-22 10:15:00,1.315,1.318,1.314,1.315,525327.6
2025-12-22 10:30:00,1.315,1.324,1.315,1.32,590601.9
2025-12-22 10:45:00,1.321,1.321,1.316,1.316,307065.1
2025-12-22 11:00:00,1.316,1.325,1.316,1.322,476904.9
2025-12-22 11:15:00,1.323,1.324,1.314,1.317,721933.8
2025-12-22 11:30:00,1.317,1.324,1.316,1.316,620976.0
2025-12-22 11:45:00,1.316,1.322,1.314,1.316,477032.7
2025-12-22 12:00:00,1.316,1.32,1.315,1.316,791446.3
2025-12-22 12:15:00,1.317,1.32,1.314,1.316,559482.3
2025-12-22 12:30:00,1.316,1.323,1.312,1.314,855230.1
2025-12-22 12:45:00,1.314,1.318,1.311,1.317,273333.7
2025-12-22 13:00:00,1.318,1.319,1.313,1.316,267492.2
2025-12-22 13:15:00,1.316,1.318,1.313,1.314,341343.6
2025-12-22 13:30:00,1.314,1.315,1.31,1.313,309453.5
2025-12-22 13:45:00,1.312,1.316,1.311,1.313,716188.8
2025-12-22 14:00:00,1.312,1.324,1.312,1.32,1245528.4
2025-12-22 14:15:00,1.32,1.325,1.316,1.317,356753.6
2025-12-22 14:30:00,1.317,1.321,1.307,1.32,3170818.6
2025-12-22 14:45:00,1.32,1.331,1.317,1.32,1321587.8
2025-12-22 15:00:00,1.321,1.329,1.309,1.311,1325818.2
2025-12-22 15:15:00,1.312,1.318,1.309,1.315,1310748.6
2025-12-22 15:30:00,1.315,1.317,1.308,1.315,1047244.9
2025-12-22 15:45:00,1.316,1.322,1.313,1.318,573991.5
2025-12-22 16:00:00,1.319,1.324,1.316,1.323,871109.6
2025-12-22 16:15:00,1.323,1.328,1.32,1.328,751710.8
2025-12-22 16:30:00,1.327,1.327,1.316,1.316,580733.7
2025-12-22 16:45:00,1.316,1.321,1.316,1.319,239007.5
2025-12-22 17:00:00,1.319,1.32,1.311,1.313,759956.9
2025-12-22 17:15:00,1.313,1.316,1.31,1.315,542781.9
2025-12-22 17:30:00,1.315,1.32,1.312,1.316,509701.5
2025-12-22 17:45:00,1.315,1.32,1.314,1.318,364742.7
2025-12-22 18:00:00,1.317,1.322,1.316,1.318,527954.2
2025-12-22 18:15:00,1.319,1.325,1.318,1.325,962365.7
2025-12-22 18:30:00,1.324,1.327,1.32,1.322,750541.9
2025-12-22 18:45:00,1.322,1.324,1.31,1.313,883276.4
2025-12-22 19:00:00,1.312,1.313,1.302,1.307,1307664.9
2025-12-22 19:15:00,1.306,1.314,1.302,1.304,767137.5
2025-12-22 19:30:00,1.303,1.307,1.297,1.303,1250913.1
2025-12-22 19:45:00,1.302,1.306,1.296,1.304,991711.4
2025-12-22 20:00:00,1.304,1.312,1.288,1.288,3326726.5
2025-12-22 20:15:00,1.288,1.29,1.275,1.279,2258081.2
2025-12-22 20:30:00,1.279,1.286,1.277,1.286,1059030.6
2025-12-22 20:45:00,1.285,1.289,1.281,1.285,1296237.5
2025-12-22 21:00:00,1.284,1.292,1.283,1.289,945735.8
2025-12-22 21:15:00,1.288,1.292,1.286,1.29,511078.1
2025-12-22 21:30:00,1.291,1.297,1.288,1.295,912955.4
2025-12-22 21:45:00,1.295,1.295,1.288,1.291,337742.4
2025-12-22 22:00:00,1.291,1.292,1.285,1.29,648423.6
2025-12-22 22:15:00,1.29,1.298,1.289,1.297,339664.3
2025-12-22 22:30:00,1.297,1.298,1.292,1.297,183520.1
2025-12-22 22:45:00,1.297,1.31,1.296,1.307,429389.4
2025-12-22 23:00:00,1.308,1.308,1.297,1.301,511419.9
2025-12-22 23:15:00,1.302,1.302,1.297,1.299,281881.8
2025-12-22 23:30:00,1.299,1.3,1.294,1.298,354665.5
2025-12-22 23:45:00,1.298,1.3,1.294,1.298,581373.5
2025-12-23 00:00:00,1.298,1.3,1.295,1.298,410893.9
2025-12-23 00:15:00,1.298,1.303,1.296,1.301,633138.8
2025-12-23 00:30:00,1.301,1.306,1.299,1.3,603921.6
2025-12-23 00:45:00,1.301,1.304,1.3,1.301,271098.8
2025-12-23 01:00:00,1.302,1.307,1.3,1.301,381026.6
2025-12-23 01:15:00,1.302,1.304,1.297,1.298,297881.0
2025-12-23 01:30:00,1.298,1.299,1.289,1.292,969742.1
2025-12-23 01:45:00,1.292,1.294,1.29,1.294,406538.6
2025-12-23 02:00:00,1.293,1.295,1.286,1.293,565688.2
2025-12-23 02:15:00,1.293,1.297,1.292,1.293,371151.5
2025-12-23 02:30:00,1.294,1.295,1.282,1.286,880546.3
2025-12-23 02:45:00,1.285,1.287,1.282,1.283,625331.6
2025-12-23 03:00:00,1.283,1.285,1.275,1.284,1217186.4
2025-12-23 03:15:00,1.284,1.291,1.283,1.286,617553.5
2025-12-23 03:30:00,1.285,1.288,1.284,1.287,403905.0
2025-12-23 03:45:00,1.287,1.289,1.286,1.286,194043.6
2025-12-23 04:00:00,1.287,1.289,1.283,1.286,385068.6
2025-12-23 04:15:00,1.285,1.288,1.283,1.284,365716.9
2025-12-23 04:30:00,1.284,1.284,1.279,1.282,403040.0
2025-12-23 04:45:00,1.281,1.283,1.279,1.28,297164.8
2025-12-23 05:00:00,1.279,1.282,1.275,1.28,798570.0
2025-12-23 05:15:00,1.279,1.283,1.279,1.282,275246.3
2025-12-23 05:30:00,1.283,1.283,1.272,1.281,1402952.7
2025-12-23 05:45:00,1.28,1.282,1.278,1.279,270017.6
2025-12-23 06:00:00,1.278,1.283,1.276,1.28,581944.4
2025-12-23 06:15:00,1.28,1.282,1.272,1.275,1212978.9
2025-12-23 06:30:00,1.274,1.275,1.268,1.269,1118277.3
2025-12-23 06:45:00,1.27,1.273,1.268,1.271,577491.8
2025-12-23 07:00:00,1.27,1.274,1.268,1.269,403070.1
2025-12-23 07:15:00,1.27,1.275,1.268,1.272,491680.8
2025-12-23 07:30:00,1.273,1.275,1.271,1.272,160341.3
2025-12-23 07:45:00,1.271,1.274,1.269,1.271,338105.6
2025-12-23 08:00:00,1.27,1.276,1.269,1.275,439177.7
2025-12-23 08:15:00,1.275,1.281,1.275,1.279,498476.6
2025-12-23 08:30:00,1.278,1.281,1.277,1.278,287333.9
2025-12-23 08:45:00,1.278,1.279,1.274,1.278,352069.5
2025-12-23 09:00:00,1.278,1.28,1.277,1.277,340829.5
2025-12-23 09:15:00,1.276,1.278,1.271,1.278,445351.2
2025-12-23 09:30:00,1.277,1.28,1.276,1.278,293893.3
2025-12-23 09:45:00,1.277,1.281,1.277,1.28,385193.9
2025-12-23 10:00:00,1.28,1.287,1.279,1.283,465105.6
2025-12-23 10:15:00,1.283,1.283,1.28,1.281,312867.0
2025-12-23 10:30:00,1.28,1.284,1.279,1.283,294295.8
2025-12-23 10:45:00,1.282,1.286,1.281,1.282,237181.7
2025-12-23 11:00:00,1.282,1.284,1.28,1.281,244746.4
2025-12-23 11:15:00,1.282,1.286,1.28,1.282,377366.4
2025-12-23 11:30:00,1.282,1.286,1.28,1.285,259068.3
2025-12-23 11:45:00,1.286,1.286,1.28,1.281,269747.4
2025-12-23 12:00:00,1.281,1.282,1.276,1.277,549619.8
2025-12-23 12:15:00,1.277,1.28,1.274,1.277,532105.7
2025-12-23 12:30:00,1.277,1.281,1.274,1.28,271235.4
2025-12-23 12:45:00,1.281,1.285,1.281,1.284,291895.9
2025-12-23 13:00:00,1.283,1.292,1.282,1.292,1987791.7
2025-12-23 13:15:00,1.292,1.294,1.29,1.292,553438.4
2025-12-23 13:30:00,1.292,1.297,1.276,1.288,2203195.9
2025-12-23 13:45:00,1.287,1.292,1.281,1.289,957215.8
2025-12-23 14:00:00,1.29,1.303,1.289,1.296,1447588.8
2025-12-23 14:15:00,1.297,1.297,1.288,1.29,1075314.3
2025-12-23 14:30:00,1.289,1.299,1.285,1.291,1566494.6
2025-12-23 14:45:00,1.29,1.293,1.273,1.285,2715976.0
2025-12-23 15:00:00,1.284,1.296,1.283,1.289,1550006.3
2025-12-23 15:15:00,1.29,1.302,1.29,1.298,1109526.9
2025-12-23 15:30:00,1.298,1.305,1.295,1.295,1280974.7
2025-12-23 15:45:00,1.296,1.304,1.294,1.302,698948.8
2025-12-23 16:00:00,1.303,1.315,1.3,1.308,1888154.2
2025-12-23 16:15:00,1.309,1.322,1.309,1.316,2240134.3
2025-12-23 16:30:00,1.317,1.324,1.316,1.317,1199194.9
2025-12-23 16:45:00,1.318,1.326,1.318,1.321,1163198.0
2025-12-23 17:00:00,1.322,1.346,1.322,1.333,4037380.6
2025-12-23 17:15:00,1.334,1.343,1.325,1.329,1506936.0
2025-12-23 17:30:00,1.33,1.332,1.326,1.328,1285849.7
2025-12-23 17:45:00,1.329,1.33,1.307,1.31,2387375.4
2025-12-23 18:00:00,1.309,1.314,1.305,1.307,2126158.5
2025-12-23 18:15:00,1.307,1.316,1.306,1.314,1499042.5
2025-12-23 18:30:00,1.314,1.335,1.314,1.33,2420875.4
2025-12-23 18:45:00,1.329,1.329,1.318,1.32,589501.2
2025-12-23 19:00:00,1.32,1.325,1.316,1.322,630376.2
2025-12-23 19:15:00,1.321,1.331,1.32,1.324,806262.8
2025-12-23 19:30:00,1.323,1.331,1.323,1.326,595812.8
2025-12-23 19:45:00,1.327,1.327,1.319,1.322,431631.2
2025-12-23 20:00:00,1.323,1.326,1.32,1.323,557977.6
2025-12-23 20:15:00,1.324,1.342,1.324,1.34,1594041.3
2025-12-23 20:30:00,1.341,1.353,1.34,1.348,2231701.5
2025-12-23 20:45:00,1.349,1.352,1.342,1.345,865465.9
2025-12-23 21:00:00,1.345,1.347,1.334,1.337,716945.7
2025-12-23 21:15:00,1.336,1.337,1.332,1.333,637301.3
2025-12-23 21:30:00,1.334,1.336,1.331,1.335,390397.1
2025-12-23 21:45:00,1.336,1.338,1.328,1.329,499322.9
2025-12-23 22:00:00,1.329,1.332,1.32,1.323,784094.2
2025-12-23 22:15:00,1.324,1.328,1.316,1.317,700872.0
2025-12-23 22:30:00,1.318,1.32,1.312,1.319,791719.3
2025-12-23 22:45:00,1.319,1.322,1.314,1.316,375986.3
2025-12-23 23:00:00,1.317,1.317,1.306,1.313,975485.4
2025-12-23 23:15:00,1.312,1.313,1.308,1.31,490868.2
2025-12-23 23:30:00,1.309,1.315,1.308,1.312,667850.1
2025-12-23 23:45:00,1.312,1.314,1.309,1.31,352302.5
2025-12-24 00:00:00,1.31,1.313,1.306,1.307,782908.7
2025-12-24 00:15:00,1.306,1.317,1.306,1.315,757449.1
2025-12-24 00:30:00,1.315,1.315,1.302,1.31,896107.6
2025-12-24 00:45:00,1.31,1.313,1.307,1.312,651731.0
2025-12-24 01:00:00,1.312,1.317,1.309,1.309,692764.8
2025-12-24 01:15:00,1.31,1.31,1.305,1.305,450687.4
2025-12-24 01:30:00,1.305,1.306,1.295,1.298,1400551.1
2025-12-24 01:45:00,1.298,1.303,1.296,1.301,495438.9
2025-12-24 02:00:00,1.301,1.301,1.288,1.291,1264644.0
2025-12-24 02:15:00,1.291,1.294,1.285,1.289,883036.3
2025-12-24 02:30:00,1.289,1.29,1.278,1.283,1522222.2
2025-12-24 02:45:00,1.282,1.285,1.276,1.279,1175274.9
2025-12-24 03:00:00,1.278,1.28,1.275,1.28,904590.1
2025-12-24 03:15:00,1.279,1.285,1.276,1.284,674406.6
2025-12-24 03:30:00,1.284,1.29,1.283,1.287,648236.0
2025-12-24 03:45:00,1.286,1.291,1.286,1.29,549812.8
2025-12-24 04:00:00,1.29,1.299,1.288,1.296,707603.7
2025-12-24 04:15:00,1.295,1.296,1.288,1.289,471064.0
2025-12-24 04:30:00,1.288,1.289,1.283,1.284,556009.5
2025-12-24 04:45:00,1.283,1.284,1.28,1.281,422218.9
2025-12-24 05:00:00,1.28,1.283,1.278,1.282,500952.1
2025-12-24 05:15:00,1.281,1.285,1.278,1.279,502527.5
2025-12-24 05:30:00,1.278,1.28,1.271,1.274,853264.0
2025-12-24 05:45:00,1.273,1.279,1.272,1.275,620994.9
2025-12-24 06:00:00,1.275,1.276,1.264,1.265,1422613.9
2025-12-24 06:15:00,1.265,1.272,1.265,1.27,536524.7
2025-12-24 06:30:00,1.271,1.277,1.269,1.275,484832.0
2025-12-24 06:45:00,1.275,1.279,1.274,1.275,402672.1
2025-12-24 07:00:00,1.275,1.28,1.275,1.277,470790.5
2025-12-24 07:15:00,1.278,1.278,1.272,1.275,525538.0
2025-12-24 07:30:00,1.275,1.278,1.273,1.276,351328.1
2025-12-24 07:45:00,1.277,1.281,1.272,1.272,723094.3
2025-12-24 08:00:00,1.273,1.273,1.269,1.27,797187.8
2025-12-24 08:15:00,1.27,1.274,1.263,1.269,961913.2
2025-12-24 08:30:00,1.27,1.273,1.262,1.272,805928.1
2025-12-24 08:45:00,1.272,1.272,1.268,1.271,525420.8
2025-12-24 09:00:00,1.271,1.278,1.27,1.273,618483.5
2025-12-24 09:15:00,1.274,1.276,1.27,1.273,500712.3
2025-12-24 09:30:00,1.273,1.274,1.269,1.269,621425.0
2025-12-24 09:45:00,1.27,1.273,1.265,1.267,384039.6
2025-12-24 10:00:00,1.267,1.273,1.267,1.271,428030.7
2025-12-24 10:15:00,1.271,1.275,1.268,1.271,899943.8
2025-12-24 10:30:00,1.272,1.275,1.27,1.274,338515.7
2025-12-24 10:45:00,1.275,1.279,1.274,1.274,443789.2
2025-12-24 11:00:00,1.275,1.282,1.274,1.279,511117.2
2025-12-24 11:15:00,1.28,1.28,1.277,1.277,206294.0
2025-12-24 11:30:00,1.278,1.279,1.275,1.276,431619.2
2025-12-24 11:45:00,1.276,1.279,1.275,1.277,189549.1
2025-12-24 12:00:00,1.278,1.281,1.275,1.28,475602.7
2025-12-24 12:15:00,1.28,1.283,1.277,1.28,572420.5
2025-12-24 12:30:00,1.28,1.282,1.279,1.279,294605.6
2025-12-24 12:45:00,1.279,1.283,1.278,1.281,342697.2
2025-12-24 13:00:00,1.281,1.285,1.28,1.282,643522.1
2025-12-24 13:15:00,1.283,1.285,1.282,1.282,276891.8
2025-12-24 13:30:00,1.283,1.285,1.274,1.277,1525811.1
2025-12-24 13:45:00,1.277,1.281,1.276,1.278,373780.7
2025-12-24 14:00:00,1.279,1.286,1.278,1.283,604557.9
2025-12-24 14:15:00,1.284,1.284,1.276,1.277,363323.9
2025-12-24 14:30:00,1.278,1.285,1.262,1.28,2717640.5
2025-12-24 14:45:00,1.28,1.285,1.271,1.276,1079534.6
2025-12-24 15:00:00,1.276,1.281,1.27,1.273,812725.9
2025-12-24 15:15:00,1.273,1.276,1.266,1.27,1553161.6
2025-12-24 15:30:00,1.271,1.283,1.27,1.28,1330000.2
2025-12-24 15:45:00,1.281,1.283,1.273,1.277,871190.6
2025-12-24 16:00:00,1.277,1.282,1.275,1.278,925166.3
2025-12-24 16:15:00,1.278,1.278,1.267,1.267,956128.9
2025-12-24 16:30:00,1.267,1.285,1.267,1.279,2035234.0
2025-12-24 16:45:00,1.279,1.281,1.274,1.276,601478.3
2025-12-24 17:00:00,1.276,1.28,1.272,1.274,572283.3
2025-12-24 17:15:00,1.273,1.278,1.273,1.275,477197.6
2025-12-24 17:30:00,1.274,1.279,1.268,1.27,1152988.7
2025-12-24 17:45:00,1.271,1.273,1.266,1.268,516558.3
2025-12-24 18:00:00,1.268,1.27,1.264,1.268,738779.1
2025-12-24 18:15:00,1.268,1.275,1.268,1.272,901573.4
2025-12-24 18:30:00,1.273,1.273,1.269,1.27,271906.2
2025-12-24 18:45:00,1.27,1.272,1.268,1.27,426705.4
2025-12-24 19:00:00,1.269,1.272,1.265,1.267,336751.0
2025-12-24 19:15:00,1.266,1.27,1.265,1.27,516622.5
2025-12-24 19:30:00,1.27,1.276,1.268,1.274,308569.4
2025-12-24 19:45:00,1.275,1.278,1.273,1.276,379833.9
2025-12-24 20:00:00,1.277,1.279,1.273,1.274,329829.6
2025-12-24 20:15:00,1.275,1.279,1.274,1.277,342536.2
2025-12-24 20:30:00,1.276,1.279,1.272,1.273,255804.2
2025-12-24 20:45:00,1.272,1.273,1.27,1.271,215581.4
2025-12-24 21:00:00,1.27,1.274,1.267,1.271,553937.9
2025-12-24 21:15:00,1.27,1.272,1.268,1.27,325748.9
2025-12-24 21:30:00,1.269,1.272,1.268,1.271,351725.0
2025-12-24 21:45:00,1.27,1.272,1.268,1.271,260039.7
2025-12-24 22:00:00,1.27,1.276,1.269,1.273,634594.1
2025-12-24 22:15:00,1.273,1.275,1.27,1.272,297783.2
2025-12-24 22:30:00,1.273,1.279,1.272,1.277,422421.3
2025-12-24 22:45:00,1.276,1.278,1.275,1.277,135658.4
2025-12-24 23:00:00,1.276,1.277,1.267,1.271,699912.1
2025-12-24 23:15:00,1.271,1.273,1.269,1.272,457064.9
2025-12-24 23:30:00,1.272,1.274,1.271,1.271,211220.5
2025-12-24 23:45:00,1.271,1.273,1.27,1.27,177018.7
2025-12-25 00:00:00,1.271,1.274,1.269,1.272,689160.6
2025-12-25 00:15:00,1.272,1.275,1.271,1.272,335790.0
2025-12-25 00:30:00,1.271,1.274,1.268,1.27,469107.0
2025-12-25 00:45:00,1.27,1.271,1.267,1.268,271882.0
2025-12-25 01:00:00,1.267,1.269,1.266,1.268,251432.6
2025-12-25 01:15:00,1.267,1.269,1.266,1.268,172516.0
2025-12-25 01:30:00,1.268,1.272,1.266,1.272,234840.3
2025-12-25 01:45:00,1.271,1.273,1.27,1.271,198694.8
2025-12-25 02:00:00,1.272,1.272,1.268,1.272,263378.0
2025-12-25 02:15:00,1.271,1.281,1.27,1.279,623026.6
2025-12-25 02:30:00,1.279,1.283,1.277,1.283,438927.2
2025-12-25 02:45:00,1.283,1.285,1.28,1.284,567798.6
2025-12-25 03:00:00,1.284,1.289,1.284,1.285,742836.0
2025-12-25 03:15:00,1.285,1.288,1.283,1.285,545597.6
2025-12-25 03:30:00,1.286,1.286,1.281,1.283,518373.3
2025-12-25 03:45:00,1.284,1.284,1.281,1.282,295483.9
2025-12-25 04:00:00,1.281,1.283,1.276,1.279,532729.9
2025-12-25 04:15:00,1.279,1.281,1.277,1.28,274895.3
2025-12-25 04:30:00,1.28,1.281,1.277,1.28,278984.4
2025-12-25 04:45:00,1.279,1.284,1.277,1.281,369065.9
2025-12-25 05:00:00,1.282,1.282,1.277,1.278,282641.3
2025-12-25 05:15:00,1.278,1.281,1.277,1.279,187364.3
2025-12-25 05:30:00,1.279,1.28,1.273,1.276,578098.1
2025-12-25 05:45:00,1.275,1.277,1.274,1.276,326460.3
2025-12-25 06:00:00,1.277,1.277,1.273,1.275,303377.0
2025-12-25 06:15:00,1.274,1.278,1.273,1.276,339730.9
2025-12-25 06:30:00,1.276,1.28,1.275,1.279,472458.1
2025-12-25 06:45:00,1.28,1.283,1.279,1.282,266272.4
2025-12-25 07:00:00,1.281,1.283,1.277,1.278,288678.5
2025-12-25 07:15:00,1.279,1.279,1.276,1.277,180647.4
2025-12-25 07:30:00,1.277,1.279,1.275,1.279,174425.1
2025-12-25 07:45:00,1.278,1.287,1.278,1.286,745242.3
2025-12-25 08:00:00,1.286,1.297,1.284,1.289,1846615.7
2025-12-25 08:15:00,1.29,1.291,1.277,1.281,1813800.8
2025-12-25 08:30:00,1.28,1.282,1.279,1.279,379630.7
2025-12-25 08:45:00,1.28,1.281,1.277,1.278,377355.2
2025-12-25 09:00:00,1.279,1.279,1.272,1.273,1031251.5
2025-12-25 09:15:00,1.272,1.274,1.27,1.271,693546.2
2025-12-25 09:30:00,1.272,1.272,1.266,1.268,858410.4
2025-12-25 09:45:00,1.268,1.273,1.267,1.27,409063.3
2025-12-25 10:00:00,1.27,1.271,1.261,1.266,1458921.8
2025-12-25 10:15:00,1.267,1.273,1.264,1.27,1051146.0
2025-12-25 10:30:00,1.271,1.271,1.253,1.258,2976663.4
2025-12-25 10:45:00,1.258,1.259,1.255,1.257,604737.2
2025-12-25 11:00:00,1.257,1.262,1.256,1.257,537229.9
2025-12-25 11:15:00,1.257,1.261,1.257,1.258,477947.5
2025-12-25 11:30:00,1.258,1.261,1.256,1.258,551566.0
2025-12-25 11:45:00,1.258,1.265,1.258,1.26,558446.0
2025-12-25 12:00:00,1.26,1.262,1.257,1.259,789605.2
2025-12-25 12:15:00,1.259,1.265,1.258,1.264,550428.6
2025-12-25 12:30:00,1.264,1.266,1.263,1.265,392944.1
2025-12-25 12:45:00,1.264,1.266,1.263,1.265,471059.0
2025-12-25 13:00:00,1.266,1.272,1.266,1.268,1202151.2
2025-12-25 13:15:00,1.269,1.27,1.263,1.265,346921.3
2025-12-25 13:30:00,1.266,1.27,1.262,1.268,465573.2
2025-12-25 13:45:00,1.268,1.269,1.265,1.265,343652.1
2025-12-25 14:00:00,1.266,1.268,1.263,1.263,325278.5
2025-12-25 14:15:00,1.263,1.264,1.258,1.259,514431.5
2025-12-25 14:30:00,1.26,1.263,1.259,1.26,387799.6
2025-12-25 14:45:00,1.261,1.268,1.26,1.265,410119.5
2025-12-25 15:00:00,1.265,1.266,1.263,1.265,385836.5
2025-12-25 15:15:00,1.265,1.278,1.263,1.272,1075938.3
2025-12-25 15:30:00,1.273,1.285,1.268,1.283,916958.5
2025-12-25 15:45:00,1.284,1.286,1.279,1.281,980699.3
2025-12-25 16:00:00,1.282,1.287,1.281,1.285,587421.8
2025-12-25 16:15:00,1.286,1.296,1.286,1.293,1154728.8
2025-12-25 16:30:00,1.294,1.296,1.281,1.284,1454072.4
2025-12-25 16:45:00,1.285,1.285,1.268,1.272,1632513.0
2025-12-25 17:00:00,1.271,1.271,1.262,1.266,1225335.8
2025-12-25 17:15:00,1.266,1.267,1.261,1.263,810041.5
2025-12-25 17:30:00,1.264,1.271,1.262,1.268,763905.8
2025-12-25 17:45:00,1.268,1.273,1.267,1.27,425938.4
2025-12-25 18:00:00,1.271,1.273,1.269,1.272,727885.6
2025-12-25 18:15:00,1.271,1.274,1.27,1.274,366102.0
2025-12-25 18:30:00,1.274,1.279,1.271,1.275,790747.5
2025-12-25 18:45:00,1.274,1.278,1.274,1.275,400744.0
2025-12-25 19:00:00,1.275,1.283,1.274,1.277,644195.0
2025-12-25 19:15:00,1.276,1.277,1.271,1.273,493963.3
2025-12-25 19:30:00,1.272,1.274,1.271,1.273,242931.8
2025-12-25 19:45:00,1.272,1.276,1.271,1.276,219221.4
2025-12-25 20:00:00,1.275,1.277,1.272,1.277,333232.8
2025-12-25 20:15:00,1.276,1.278,1.265,1.268,653647.8
2025-12-25 20:30:00,1.267,1.269,1.264,1.266,897559.3
2025-12-25 20:45:00,1.265,1.269,1.265,1.268,289101.1
2025-12-25 21:00:00,1.268,1.268,1.264,1.267,874053.4
2025-12-25 21:15:00,1.267,1.27,1.266,1.269,362894.9
2025-12-25 21:30:00,1.268,1.271,1.268,1.268,159100.2
2025-12-25 21:45:00,1.269,1.269,1.266,1.268,422145.0
2025-12-25 22:00:00,1.268,1.269,1.263,1.267,697241.8
2025-12-25 22:15:00,1.266,1.268,1.263,1.264,233221.9
2025-12-25 22:30:00,1.264,1.266,1.258,1.26,753691.1
2025-12-25 22:45:00,1.259,1.259,1.197,1.226,7792247.4
2025-12-25 23:00:00,1.226,1.232,1.222,1.228,1109190.4
2025-12-25 23:15:00,1.229,1.23,1.223,1.224,715752.0
2025-12-25 23:30:00,1.223,1.224,1.207,1.213,2703597.4
2025-12-25 23:45:00,1.213,1.214,1.206,1.212,1510654.4
2025-12-26 00:00:00,1.212,1.216,1.205,1.211,1743176.6
2025-12-26 00:15:00,1.21,1.216,1.206,1.211,1047874.7
2025-12-26 00:30:00,1.211,1.218,1.208,1.211,728872.4
2025-12-26 00:45:00,1.211,1.217,1.21,1.217,592474.1
2025-12-26 01:00:00,1.216,1.221,1.215,1.22,806309.5
2025-12-26 01:15:00,1.221,1.227,1.219,1.225,654708.2
2025-12-26 01:30:00,1.225,1.229,1.225,1.226,1048669.0
2025-12-26 01:45:00,1.225,1.228,1.222,1.223,518624.5
2025-12-26 02:00:00,1.223,1.239,1.222,1.239,909958.9
2025-12-26 02:15:00,1.238,1.255,1.238,1.25,3174998.6
2025-12-26 02:30:00,1.25,1.254,1.245,1.249,1183667.2
2025-12-26 02:45:00,1.249,1.251,1.245,1.248,722293.9
2025-12-26 03:00:00,1.247,1.254,1.247,1.249,783282.1
2025-12-26 03:15:00,1.248,1.249,1.241,1.245,670161.5
2025-12-26 03:30:00,1.244,1.245,1.239,1.243,417126.3
2025-12-26 03:45:00,1.243,1.249,1.242,1.246,748986.9
2025-12-26 04:00:00,1.246,1.247,1.24,1.243,620077.7
2025-12-26 04:15:00,1.242,1.245,1.24,1.242,725818.7
2025-12-26 04:30:00,1.243,1.246,1.24,1.245,857289.0
2025-12-26 04:45:00,1.245,1.247,1.244,1.247,287412.7
2025-12-26 05:00:00,1.246,1.248,1.239,1.241,1019880.6
2025-12-26 05:15:00,1.241,1.243,1.24,1.242,223902.7
2025-12-26 05:30:00,1.241,1.243,1.24,1.242,209490.2
2025-12-26 05:45:00,1.241,1.246,1.239,1.246,365641.9
2025-12-26 06:00:00,1.245,1.25,1.244,1.249,525298.1
2025-12-26 06:15:00,1.248,1.252,1.246,1.246,278714.6
2025-12-26 06:30:00,1.246,1.249,1.245,1.247,156226.8
2025-12-26 06:45:00,1.246,1.247,1.242,1.243,680466.0
2025-12-26 07:00:00,1.243,1.246,1.243,1.245,298555.0
2025-12-26 07:15:00,1.245,1.248,1.244,1.244,346652.5
2025-12-26 07:30:00,1.245,1.245,1.235,1.237,1453842.1
2025-12-26 07:45:00,1.236,1.239,1.233,1.233,729887.5
2025-12-26 08:00:00,1.234,1.24,1.232,1.234,515357.7
2025-12-26 08:15:00,1.233,1.237,1.233,1.235,301177.5
2025-12-26 08:30:00,1.235,1.235,1.231,1.232,575305.9
2025-12-26 08:45:00,1.232,1.235,1.229,1.233,651406.8
2025-12-26 09:00:00,1.234,1.235,1.232,1.233,590566.2
2025-12-26 09:15:00,1.233,1.237,1.233,1.235,390655.3
2025-12-26 09:30:00,1.236,1.242,1.236,1.241,408609.5
2025-12-26 09:45:00,1.241,1.245,1.239,1.243,780092.9
2025-12-26 10:00:00,1.243,1.245,1.242,1.243,216660.6
2025-12-26 10:15:00,1.244,1.246,1.241,1.245,255420.2
2025-12-26 10:30:00,1.245,1.246,1.242,1.245,333711.6
2025-12-26 10:45:00,1.245,1.248,1.241,1.241,508013.0
2025-12-26 11:00:00,1.242,1.243,1.24,1.242,402378.6
2025-12-26 11:15:00,1.241,1.258,1.24,1.254,1749347.4
2025-12-26 11:30:00,1.254,1.256,1.247,1.249,823699.5
2025-12-26 11:45:00,1.249,1.251,1.241,1.244,1553112.8
2025-12-26 12:00:00,1.243,1.245,1.241,1.241,495086.3
2025-12-26 12:15:00,1.242,1.243,1.239,1.241,457133.6
2025-12-26 12:30:00,1.24,1.243,1.239,1.242,233329.6
2025-12-26 12:45:00,1.243,1.245,1.241,1.242,520119.3
2025-12-26 13:00:00,1.243,1.246,1.24,1.243,351073.2
2025-12-26 13:15:00,1.243,1.244,1.241,1.242,353067.9
2025-12-26 13:30:00,1.242,1.246,1.241,1.243,396160.4
2025-12-26 13:45:00,1.244,1.247,1.243,1.244,386199.1
2025-12-26 14:00:00,1.243,1.244,1.238,1.24,599598.2
2025-12-26 14:15:00,1.24,1.244,1.24,1.241,294123.1
2025-12-26 14:30:00,1.242,1.243,1.232,1.236,1428694.4
2025-12-26 14:45:00,1.235,1.235,1.219,1.225,3393104.5
2025-12-26 15:00:00,1.225,1.229,1.21,1.22,4034369.2
2025-12-26 15:15:00,1.22,1.226,1.217,1.224,1745044.4
2025-12-26 15:30:00,1.224,1.231,1.223,1.227,788110.3
2025-12-26 15:45:00,1.228,1.232,1.223,1.225,756999.0
2025-12-26 16:00:00,1.225,1.23,1.224,1.225,582370.1
2025-12-26 16:15:00,1.226,1.228,1.223,1.224,338958.2
2025-12-26 16:30:00,1.225,1.227,1.223,1.224,390756.4
2025-12-26 16:45:00,1.224,1.226,1.214,1.215,1222978.8
2025-12-26 17:00:00,1.215,1.22,1.215,1.217,662178.3
2025-12-26 17:15:00,1.217,1.228,1.216,1.226,718212.4
2025-12-26 17:30:00,1.225,1.231,1.225,1.23,573890.2
2025-12-26 17:45:00,1.23,1.23,1.224,1.227,493872.2
2025-12-26 18:00:00,1.226,1.227,1.224,1.227,400611.8
2025-12-26 18:15:00,1.226,1.233,1.225,1.23,657136.3
2025-12-26 18:30:00,1.229,1.235,1.229,1.233,376051.5
2025-12-26 18:45:00,1.233,1.234,1.228,1.231,281128.5
2025-12-26 19:00:00,1.23,1.233,1.229,1.232,208470.1
2025-12-26 19:15:00,1.232,1.235,1.229,1.234,370220.8
2025-12-26 19:30:00,1.234,1.24,1.234,1.24,299966.0
2025-12-26 19:45:00,1.24,1.242,1.237,1.239,447904.3
2025-12-26 20:00:00,1.239,1.241,1.237,1.239,218440.2
2025-12-26 20:15:00,1.239,1.241,1.237,1.24,288054.0
2025-12-26 20:30:00,1.239,1.241,1.237,1.24,234523.6
2025-12-26 20:45:00,1.24,1.243,1.24,1.24,423366.0
2025-12-26 21:00:00,1.241,1.242,1.235,1.237,447691.9
2025-12-26 21:15:00,1.238,1.238,1.233,1.234,279672.9
2025-12-26 21:30:00,1.233,1.233,1.23,1.231,340890.8
2025-12-26 21:45:00,1.231,1.232,1.229,1.229,302366.5
2025-12-26 22:00:00,1.23,1.231,1.224,1.226,787201.7
2025-12-26 22:15:00,1.226,1.23,1.226,1.226,346775.3
2025-12-26 22:30:00,1.226,1.229,1.226,1.228,273547.9
2025-12-26 22:45:00,1.228,1.233,1.227,1.231,280575.2
2025-12-26 23:00:00,1.231,1.233,1.23,1.23,234455.8
2025-12-26 23:15:00,1.231,1.231,1.227,1.228,354144.6
2025-12-26 23:30:00,1.229,1.229,1.225,1.226,228084.8
2025-12-26 23:45:00,1.226,1.228,1.225,1.226,231681.1
2025-12-27 00:00:00,1.226,1.233,1.225,1.231,604875.4
2025-12-27 00:15:00,1.23,1.237,1.229,1.234,490467.9
2025-12-27 00:30:00,1.234,1.237,1.232,1.236,288223.5
2025-12-27 00:45:00,1.236,1.241,1.233,1.238,872172.1
2025-12-27 01:00:00,1.237,1.239,1.231,1.232,743489.2
2025-12-27 01:15:00,1.232,1.235,1.231,1.234,187214.6
2025-12-27 01:30:00,1.235,1.25,1.233,1.241,1562346.7
2025-12-27 01:45:00,1.242,1.245,1.237,1.244,506192.9
2025-12-27 02:00:00,1.243,1.245,1.239,1.241,329960.3
2025-12-27 02:15:00,1.242,1.251,1.24,1.25,1106992.5
2025-12-27 02:30:00,1.25,1.253,1.246,1.248,648300.4
2025-12-27 02:45:00,1.249,1.249,1.242,1.243,394478.3
2025-12-27 03:00:00,1.242,1.25,1.241,1.249,949115.0
2025-12-27 03:15:00,1.249,1.25,1.245,1.248,292478.6
2025-12-27 03:30:00,1.249,1.268,1.248,1.248,2823834.7
2025-12-27 03:45:00,1.248,1.251,1.248,1.25,303322.2
2025-12-27 04:00:00,1.251,1.258,1.247,1.249,1164855.9
2025-12-27 04:15:00,1.25,1.25,1.245,1.246,364030.1
2025-12-27 04:30:00,1.247,1.247,1.244,1.245,289773.5
2025-12-27 04:45:00,1.245,1.246,1.234,1.238,1382145.9
2025-12-27 05:00:00,1.238,1.24,1.236,1.239,504461.9
2025-12-27 05:15:00,1.239,1.24,1.236,1.238,312409.4
2025-12-27 05:30:00,1.239,1.24,1.237,1.237,191723.2
2025-12-27 05:45:00,1.238,1.239,1.237,1.238,238771.2
2025-12-27 06:00:00,1.237,1.241,1.236,1.241,482516.9
2025-12-27 06:15:00,1.24,1.243,1.239,1.24,393310.9
2025-12-27 06:30:00,1.24,1.24,1.235,1.238,412991.8
2025-12-27 06:45:00,1.238,1.24,1.237,1.238,145235.5
2025-12-27 07:00:00,1.238,1.241,1.238,1.238,280862.8
2025-12-27 07:15:00,1.239,1.242,1.237,1.24,472978.8
2025-12-27 07:30:00,1.24,1.241,1.238,1.239,195879.4
2025-12-27 07:45:00,1.239,1.242,1.238,1.242,197719.9
2025-12-27 08:00:00,1.242,1.248,1.24,1.246,865860.4
2025-12-27 08:15:00,1.247,1.25,1.246,1.246,481157.7
2025-12-27 08:30:00,1.247,1.247,1.243,1.246,641109.0
2025-12-27 08:45:00,1.245,1.253,1.243,1.251,517943.9
2025-12-27 09:00:00,1.252,1.255,1.24,1.243,3100365.8
2025-12-27 09:15:00,1.242,1.245,1.236,1.238,807435.6
2025-12-27 09:30:00,1.237,1.241,1.237,1.24,495255.1
2025-12-27 09:45:00,1.24,1.241,1.235,1.236,453027.4
2025-12-27 10:00:00,1.235,1.236,1.231,1.232,852947.0
2025-12-27 10:15:00,1.232,1.235,1.227,1.228,743963.2
2025-12-27 10:30:00,1.227,1.23,1.22,1.227,1477414.2
2025-12-27 10:45:00,1.226,1.232,1.225,1.231,732315.9
2025-12-27 11:00:00,1.231,1.235,1.228,1.229,448084.8
2025-12-27 11:15:00,1.228,1.235,1.226,1.235,807712.5
2025-12-27 11:30:00,1.234,1.24,1.234,1.237,770474.9
2025-12-27 11:45:00,1.238,1.243,1.235,1.241,838151.1
2025-12-27 12:00:00,1.241,1.244,1.237,1.24,806494.2
2025-12-27 12:15:00,1.239,1.243,1.237,1.24,442846.0
2025-12-27 12:30:00,1.24,1.242,1.239,1.241,205202.2
2025-12-27 12:45:00,1.242,1.245,1.24,1.242,420174.1
2025-12-27 13:00:00,1.241,1.243,1.24,1.242,280402.4
2025-12-27 13:15:00,1.241,1.243,1.237,1.239,563808.7
2025-12-27 13:30:00,1.238,1.24,1.236,1.239,306036.5
2025-12-27 13:45:00,1.238,1.239,1.236,1.239,313731.9
2025-12-27 14:00:00,1.238,1.242,1.237,1.24,405655.2
2025-12-27 14:15:00,1.239,1.241,1.236,1.239,211082.9
2025-12-27 14:30:00,1.238,1.243,1.238,1.242,281762.7
2025-12-27 14:45:00,1.241,1.243,1.24,1.243,208442.4
2025-12-27 15:00:00,1.242,1.244,1.24,1.244,325694.6
2025-12-27 15:15:00,1.243,1.245,1.241,1.245,369586.9
2025-12-27 15:30:00,1.244,1.251,1.242,1.248,838179.8
2025-12-27 15:45:00,1.249,1.263,1.247,1.254,3022403.6
2025-12-27 16:00:00,1.254,1.258,1.25,1.253,933644.4
2025-12-27 16:15:00,1.254,1.256,1.251,1.254,617350.7
2025-12-27 16:30:00,1.255,1.257,1.253,1.254,527557.9
2025-12-27 16:45:00,1.255,1.256,1.248,1.249,610447.7
2025-12-27 17:00:00,1.248,1.25,1.244,1.246,655936.3
2025-12-27 17:15:00,1.247,1.248,1.244,1.245,185175.5
2025-12-27 17:30:00,1.245,1.248,1.243,1.246,501771.9
2025-12-27 17:45:00,1.246,1.249,1.243,1.248,304322.0
2025-12-27 18:00:00,1.248,1.249,1.245,1.246,439850.9
2025-12-27 18:15:00,1.246,1.247,1.243,1.246,242582.7
2025-12-27 18:30:00,1.245,1.248,1.244,1.247,228106.0
2025-12-27 18:45:00,1.246,1.248,1.245,1.247,212727.5
2025-12-27 19:00:00,1.246,1.248,1.246,1.247,170758.4
2025-12-27 19:15:00,1.247,1.248,1.245,1.247,126673.6
2025-12-27 19:30:00,1.246,1.247,1.242,1.245,309379.5
2025-12-27 19:45:00,1.244,1.247,1.243,1.247,141762.1
2025-12-27 20:00:00,1.246,1.252,1.246,1.249,352933.0
2025-12-27 20:15:00,1.249,1.251,1.247,1.248,355048.2
2025-12-27 20:30:00,1.248,1.25,1.246,1.247,198941.5
2025-12-27 20:45:00,1.247,1.249,1.246,1.249,84285.3
2025-12-27 21:00:00,1.248,1.256,1.248,1.255,302652.8
2025-12-27 21:15:00,1.256,1.265,1.256,1.264,939015.5
2025-12-27 21:30:00,1.265,1.292,1.264,1.277,4305160.1
2025-12-27 21:45:00,1.277,1.287,1.275,1.287,1601384.5
2025-12-27 22:00:00,1.287,1.331,1.286,1.327,7031359.9
2025-12-27 22:15:00,1.327,1.331,1.299,1.303,3366468.3
2025-12-27 22:30:00,1.303,1.308,1.295,1.297,1313903.2
2025-12-27 22:45:00,1.297,1.312,1.296,1.308,824865.7
2025-12-27 23:00:00,1.308,1.329,1.306,1.319,1888896.6
2025-12-27 23:15:00,1.318,1.322,1.302,1.303,1543608.3
2025-12-27 23:30:00,1.303,1.313,1.302,1.309,1443961.9
2025-12-27 23:45:00,1.308,1.329,1.308,1.316,2184073.3
2025-12-28 00:00:00,1.315,1.32,1.307,1.31,1477507.9
2025-12-28 00:15:00,1.31,1.325,1.309,1.319,1844770.2
2025-12-28 00:30:00,1.318,1.32,1.311,1.314,847754.3
2025-12-28 00:45:00,1.314,1.317,1.311,1.313,807402.9
2025-12-28 01:00:00,1.313,1.321,1.303,1.304,1804279.0
2025-12-28 01:15:00,1.305,1.306,1.297,1.304,1271253.9
2025-12-28 01:30:00,1.304,1.311,1.304,1.308,971926.7
2025-12-28 01:45:00,1.309,1.311,1.306,1.308,585826.3
2025-12-28 02:00:00,1.309,1.313,1.308,1.31,614717.7
2025-12-28 02:15:00,1.31,1.312,1.307,1.311,382980.3
2025-12-28 02:30:00,1.311,1.318,1.309,1.318,618934.4
2025-12-28 02:45:00,1.318,1.319,1.314,1.316,435810.5
2025-12-28 03:00:00,1.316,1.318,1.312,1.316,531938.8
2025-12-28 03:15:00,1.316,1.323,1.315,1.319,626571.5
2025-12-28 03:30:00,1.32,1.327,1.32,1.326,1115835.4
2025-12-28 03:45:00,1.326,1.328,1.317,1.321,1112323.6
2025-12-28 04:00:00,1.322,1.328,1.318,1.32,1154075.1
2025-12-28 04:15:00,1.32,1.321,1.314,1.316,1083469.7
2025-12-28 04:30:00,1.317,1.323,1.313,1.321,721850.7
2025-12-28 04:45:00,1.322,1.324,1.319,1.322,518502.8
2025-12-28 05:00:00,1.322,1.323,1.314,1.32,748278.4
2025-12-28 05:15:00,1.32,1.324,1.318,1.322,499777.2
2025-12-28 05:30:00,1.323,1.334,1.321,1.321,1095279.4
2025-12-28 05:45:00,1.321,1.325,1.319,1.323,803523.6
2025-12-28 06:00:00,1.324,1.326,1.318,1.324,583145.4
2025-12-28 06:15:00,1.325,1.331,1.324,1.326,757842.6
2025-12-28 06:30:00,1.327,1.347,1.326,1.338,2781074.7
2025-12-28 06:45:00,1.337,1.349,1.333,1.347,1438817.9
2025-12-28 07:00:00,1.348,1.378,1.347,1.37,4181319.1
2025-12-28 07:15:00,1.371,1.376,1.359,1.36,2395125.3
2025-12-28 07:30:00,1.361,1.366,1.357,1.36,1456143.8
2025-12-28 07:45:00,1.361,1.368,1.358,1.366,1543629.4
2025-12-28 08:00:00,1.365,1.372,1.357,1.367,1981443.0
2025-12-28 08:15:00,1.368,1.376,1.358,1.369,1601320.3
2025-12-28 08:30:00,1.368,1.374,1.365,1.369,1814054.4
2025-12-28 08:45:00,1.369,1.371,1.362,1.363,1343793.4
2025-12-28 09:00:00,1.364,1.366,1.35,1.359,2197697.3
2025-12-28 09:15:00,1.358,1.359,1.346,1.349,1662541.5
2025-12-28 09:30:00,1.35,1.351,1.34,1.345,2093789.6
2025-12-28 09:45:00,1.346,1.346,1.341,1.342,595207.2
2025-12-28 10:00:00,1.342,1.356,1.342,1.349,1397791.4
2025-12-28 10:15:00,1.35,1.354,1.346,1.352,728414.8
2025-12-28 10:30:00,1.353,1.354,1.345,1.347,721365.9
2025-12-28 10:45:00,1.347,1.35,1.341,1.343,669653.1
2025-12-28 11:00:00,1.342,1.344,1.338,1.342,928635.4
2025-12-28 11:15:00,1.342,1.344,1.336,1.343,1838587.9
2025-12-28 11:30:00,1.342,1.344,1.334,1.339,1193461.4
2025-12-28 11:45:00,1.338,1.35,1.337,1.349,1120975.1
2025-12-28 12:00:00,1.349,1.355,1.346,1.35,889537.6
2025-12-28 12:15:00,1.351,1.352,1.345,1.347,684381.3
2025-12-28 12:30:00,1.346,1.349,1.338,1.34,938682.7
2025-12-28 12:45:00,1.34,1.341,1.334,1.337,960920.0
2025-12-28 13:00:00,1.337,1.34,1.333,1.339,645198.9
2025-12-28 13:15:00,1.339,1.341,1.336,1.336,453840.2
2025-12-28 13:30:00,1.337,1.341,1.336,1.34,391786.4
2025-12-28 13:45:00,1.341,1.342,1.335,1.34,519939.9
2025-12-28 14:00:00,1.341,1.348,1.34,1.344,1060063.7
2025-12-28 14:15:00,1.345,1.36,1.345,1.36,1003807.7
2025-12-28 14:30:00,1.36,1.369,1.356,1.362,2239305.2
2025-12-28 14:45:00,1.362,1.37,1.36,1.366,1455140.2
2025-12-28 15:00:00,1.366,1.368,1.361,1.366,1080196.7
2025-12-28 15:15:00,1.366,1.367,1.351,1.354,1495663.8
2025-12-28 15:30:00,1.354,1.354,1.343,1.349,1612687.9
2025-12-28 15:45:00,1.348,1.356,1.344,1.351,1510089.4
2025-12-28 16:00:00,1.35,1.356,1.347,1.35,836518.2
2025-12-28 16:15:00,1.35,1.359,1.349,1.352,1159728.4
2025-12-28 16:30:00,1.351,1.352,1.345,1.349,657596.1
2025-12-28 16:45:00,1.349,1.357,1.349,1.351,763441.0
2025-12-28 17:00:00,1.35,1.358,1.349,1.357,1168658.9
2025-12-28 17:15:00,1.358,1.359,1.35,1.35,691210.7
2025-12-28 17:30:00,1.35,1.351,1.347,1.35,529435.8
2025-12-28 17:45:00,1.349,1.35,1.344,1.344,537914.7
2025-12-28 18:00:00,1.344,1.346,1.334,1.335,1761181.3
2025-12-28 18:15:00,1.336,1.337,1.313,1.324,4601841.2
2025-12-28 18:30:00,1.324,1.326,1.321,1.323,1201536.7
2025-12-28 18:45:00,1.323,1.323,1.315,1.318,1057162.2
2025-12-28 19:00:00,1.318,1.323,1.315,1.32,1386406.3
2025-12-28 19:15:00,1.319,1.322,1.314,1.315,502757.2
2025-12-28 19:30:00,1.315,1.318,1.313,1.315,822996.9
2025-12-28 19:45:00,1.315,1.32,1.314,1.318,432126.0
2025-12-28 20:00:00,1.318,1.328,1.316,1.317,1490519.5
2025-12-28 20:15:00,1.318,1.322,1.318,1.321,595530.3
2025-12-28 20:30:00,1.321,1.326,1.319,1.325,655410.0
2025-12-28 20:45:00,1.325,1.326,1.318,1.32,1077180.7
2025-12-28 21:00:00,1.32,1.325,1.302,1.311,4159483.8
2025-12-28 21:15:00,1.31,1.314,1.307,1.314,1099177.9
2025-12-28 21:30:00,1.313,1.317,1.312,1.313,752916.3
2025-12-28 21:45:00,1.314,1.318,1.313,1.318,553440.6
2025-12-28 22:00:00,1.317,1.321,1.314,1.317,667465.9
2025-12-28 22:15:00,1.316,1.319,1.311,1.318,574390.5
2025-12-28 22:30:00,1.319,1.321,1.316,1.319,356888.1
2025-12-28 22:45:00,1.32,1.325,1.318,1.323,404363.1
2025-12-28 23:00:00,1.324,1.325,1.317,1.319,556662.5
2025-12-28 23:15:00,1.32,1.33,1.318,1.326,605100.7
2025-12-28 23:30:00,1.327,1.333,1.325,1.331,633844.8
2025-12-28 23:45:00,1.332,1.338,1.332,1.333,931146.4
2025-12-29 00:00:00,1.334,1.335,1.327,1.33,801298.7
2025-12-29 00:15:00,1.33,1.347,1.327,1.342,2319952.9
2025-12-29 00:30:00,1.343,1.346,1.33,1.335,2475190.8
2025-12-29 00:45:00,1.335,1.342,1.335,1.336,1167452.0
2025-12-29 01:00:00,1.337,1.338,1.328,1.329,565959.0
2025-12-29 01:15:00,1.329,1.33,1.323,1.327,605928.5
2025-12-29 01:30:00,1.327,1.342,1.323,1.334,1481833.9
2025-12-29 01:45:00,1.334,1.339,1.334,1.337,939139.7
2025-12-29 02:00:00,1.338,1.354,1.336,1.352,1973065.6
2025-12-29 02:15:00,1.352,1.354,1.337,1.342,2092521.7
2025-12-29 02:30:00,1.342,1.344,1.334,1.335,1068136.1
2025-12-29 02:45:00,1.335,1.34,1.335,1.338,344754.0
2025-12-29 03:00:00,1.338,1.345,1.337,1.343,739182.5
2025-12-29 03:15:00,1.344,1.345,1.341,1.342,377429.1
2025-12-29 03:30:00,1.343,1.351,1.341,1.347,1410872.5
2025-12-29 03:45:00,1.348,1.353,1.346,1.352,947484.1
2025-12-29 04:00:00,1.351,1.355,1.348,1.355,682759.9
2025-12-29 04:15:00,1.354,1.357,1.35,1.353,761219.6
2025-12-29 04:30:00,1.352,1.358,1.347,1.354,1184815.9
2025-12-29 04:45:00,1.354,1.361,1.352,1.361,1194896.6
2025-12-29 05:00:00,1.36,1.363,1.344,1.349,1725262.6
2025-12-29 05:15:00,1.349,1.35,1.345,1.349,530305.9
2025-12-29 05:30:00,1.348,1.355,1.344,1.355,825313.4
2025-12-29 05:45:00,1.354,1.355,1.345,1.347,479327.9
2025-12-29 06:00:00,1.346,1.349,1.342,1.347,786997.3
2025-12-29 06:15:00,1.346,1.351,1.345,1.345,660620.4
2025-12-29 06:30:00,1.346,1.348,1.345,1.346,454088.6
2025-12-29 06:45:00,1.345,1.347,1.343,1.345,513846.8
2025-12-29 07:00:00,1.346,1.347,1.331,1.341,1459980.5
2025-12-29 07:15:00,1.34,1.347,1.34,1.343,848242.9
2025-12-29 07:30:00,1.344,1.355,1.343,1.349,1312636.5
2025-12-29 07:45:00,1.349,1.354,1.348,1.348,297436.1
2025-12-29 08:00:00,1.348,1.35,1.344,1.345,1109318.1
2025-12-29 08:15:00,1.345,1.346,1.342,1.345,538551.0
2025-12-29 08:30:00,1.346,1.346,1.337,1.338,463115.9
2025-12-29 08:45:00,1.337,1.341,1.334,1.337,1128343.4
2025-12-29 09:00:00,1.336,1.342,1.334,1.338,1141628.7
2025-12-29 09:15:00,1.338,1.34,1.336,1.338,459913.1
2025-12-29 09:30:00,1.339,1.339,1.318,1.325,2367112.3
2025-12-29 09:45:00,1.324,1.333,1.319,1.333,1216716.6
2025-12-29 10:00:00,1.332,1.345,1.331,1.345,1000710.4
2025-12-29 10:15:00,1.344,1.346,1.339,1.344,794547.2
2025-12-29 10:30:00,1.344,1.351,1.34,1.349,848880.7
2025-12-29 10:45:00,1.35,1.373,1.349,1.362,3705332.1
2025-12-29 11:00:00,1.363,1.365,1.351,1.358,2496485.3
2025-12-29 11:15:00,1.357,1.363,1.356,1.363,737823.7
2025-12-29 11:30:00,1.362,1.374,1.36,1.369,2003517.2
2025-12-29 11:45:00,1.369,1.374,1.361,1.364,1621454.5
2025-12-29 12:00:00,1.364,1.364,1.334,1.342,3536129.7
2025-12-29 12:15:00,1.341,1.368,1.333,1.364,2851769.1
2025-12-29 12:30:00,1.365,1.375,1.363,1.37,2491236.9
2025-12-29 12:45:00,1.369,1.376,1.368,1.375,1295248.1
2025-12-29 13:00:00,1.375,1.376,1.351,1.353,2407267.7
2025-12-29 13:15:00,1.352,1.363,1.332,1.336,5025498.0
2025-12-29 13:30:00,1.336,1.344,1.336,1.343,1306627.6
2025-12-29 13:45:00,1.342,1.344,1.335,1.339,810449.3
2025-12-29 14:00:00,1.338,1.345,1.335,1.343,1155170.7
2025-12-29 14:15:00,1.342,1.343,1.322,1.332,2130869.4
2025-12-29 14:30:00,1.331,1.349,1.329,1.337,2656199.5
2025-12-29 14:45:00,1.337,1.338,1.321,1.327,1580781.5
2025-12-29 15:00:00,1.327,1.338,1.327,1.336,1482888.8
2025-12-29 15:15:00,1.336,1.343,1.334,1.342,897458.9
2025-12-29 15:30:00,1.342,1.347,1.338,1.345,693229.5
2025-12-29 15:45:00,1.345,1.346,1.334,1.337,1260348.8
2025-12-29 16:00:00,1.337,1.346,1.335,1.343,920510.9
2025-12-29 16:15:00,1.343,1.346,1.337,1.342,939033.3
2025-12-29 16:30:00,1.343,1.358,1.342,1.355,994688.3
2025-12-29 16:45:00,1.355,1.362,1.355,1.356,1755339.4
2025-12-29 17:00:00,1.357,1.365,1.349,1.349,1496064.0
2025-12-29 17:15:00,1.349,1.35,1.335,1.34,1089914.1
2025-12-29 17:30:00,1.341,1.343,1.337,1.34,500130.7
2025-12-29 17:45:00,1.341,1.351,1.34,1.349,564753.0
2025-12-29 18:00:00,1.35,1.353,1.342,1.344,594212.9
2025-12-29 18:15:00,1.344,1.352,1.344,1.35,392505.6
2025-12-29 18:30:00,1.35,1.353,1.346,1.347,355426.6
2025-12-29 18:45:00,1.348,1.348,1.339,1.342,385819.7
2025-12-29 19:00:00,1.343,1.354,1.335,1.349,1476285.1
2025-12-29 19:15:00,1.35,1.35,1.341,1.343,672315.9
2025-12-29 19:30:00,1.343,1.345,1.334,1.34,765529.9
2025-12-29 19:45:00,1.341,1.345,1.339,1.341,442682.8
2025-12-29 20:00:00,1.34,1.353,1.339,1.351,985754.8
2025-12-29 20:15:00,1.352,1.357,1.345,1.346,823467.2
2025-12-29 20:30:00,1.345,1.348,1.333,1.335,862340.4
2025-12-29 20:45:00,1.334,1.34,1.334,1.339,406256.2
2025-12-29 21:00:00,1.34,1.349,1.34,1.347,491123.1
2025-12-29 21:15:00,1.347,1.348,1.338,1.339,486739.6
2025-12-29 21:30:00,1.339,1.34,1.333,1.334,550021.2
2025-12-29 21:45:00,1.335,1.337,1.325,1.328,853582.3
2025-12-29 22:00:00,1.328,1.329,1.324,1.326,732132.6
2025-12-29 22:15:00,1.326,1.336,1.325,1.332,451743.5
2025-12-29 22:30:00,1.333,1.337,1.333,1.335,269953.3
2025-12-29 22:45:00,1.336,1.336,1.325,1.325,209122.4
2025-12-29 23:00:00,1.326,1.333,1.322,1.329,742044.7
2025-12-29 23:15:00,1.33,1.333,1.326,1.327,494865.2
2025-12-29 23:30:00,1.328,1.33,1.323,1.325,511440.3
2025-12-29 23:45:00,1.324,1.325,1.309,1.317,2677196.0
2025-12-30 00:00:00,1.317,1.322,1.313,1.318,1093927.6
2025-12-30 00:15:00,1.318,1.319,1.295,1.3,3099317.0
2025-12-30 00:30:00,1.3,1.305,1.284,1.29,4467403.0
2025-12-30 00:45:00,1.29,1.295,1.288,1.293,1212405.8
2025-12-30 01:00:00,1.292,1.298,1.287,1.294,1306372.9
2025-12-30 01:15:00,1.295,1.299,1.292,1.296,608198.5
2025-12-30 01:30:00,1.295,1.298,1.293,1.297,687595.7
2025-12-30 01:45:00,1.297,1.302,1.297,1.302,993242.5
2025-12-30 02:00:00,1.302,1.312,1.301,1.303,1460457.3
2025-12-30 02:15:00,1.303,1.307,1.301,1.302,503437.3
2025-12-30 02:30:00,1.302,1.303,1.297,1.301,831663.6
2025-12-30 02:45:00,1.301,1.301,1.292,1.295,1272932.8
2025-12-30 03:00:00,1.294,1.298,1.291,1.292,656305.7
2025-12-30 03:15:00,1.292,1.301,1.289,1.3,960910.3
2025-12-30 03:30:00,1.299,1.304,1.298,1.303,514301.1
2025-12-30 03:45:00,1.302,1.314,1.302,1.311,695356.4
2025-12-30 04:00:00,1.311,1.315,1.303,1.307,1000031.2
2025-12-30 04:15:00,1.306,1.315,1.305,1.314,787065.4
2025-12-30 04:30:00,1.314,1.315,1.304,1.309,772681.7
2025-12-30 04:45:00,1.309,1.31,1.305,1.307,291462.6
2025-12-30 05:00:00,1.307,1.307,1.303,1.306,387961.1
2025-12-30 05:15:00,1.305,1.307,1.302,1.304,280746.7
2025-12-30 05:30:00,1.303,1.304,1.294,1.296,1032532.0
2025-12-30 05:45:00,1.296,1.314,1.294,1.307,1086899.5
2025-12-30 06:00:00,1.308,1.312,1.305,1.31,1054234.7
2025-12-30 06:15:00,1.311,1.314,1.307,1.311,530355.6
2025-12-30 06:30:00,1.311,1.314,1.307,1.31,422878.2
2025-12-30 06:45:00,1.311,1.314,1.309,1.312,366317.3
2025-12-30 07:00:00,1.311,1.315,1.309,1.313,366268.6
2025-12-30 07:15:00,1.313,1.316,1.31,1.312,655826.3
2025-12-30 07:30:00,1.311,1.317,1.307,1.314,895124.5
2025-12-30 07:45:00,1.313,1.313,1.308,1.309,294742.9
2025-12-30 08:00:00,1.308,1.326,1.307,1.318,1665080.5
2025-12-30 08:15:00,1.318,1.326,1.312,1.316,1186152.4
2025-12-30 08:30:00,1.316,1.322,1.315,1.317,737667.0
2025-12-30 08:45:00,1.317,1.32,1.316,1.316,213265.7
2025-12-30 09:00:00,1.316,1.321,1.314,1.318,594588.8
2025-12-30 09:15:00,1.319,1.321,1.316,1.316,635720.2
2025-12-30 09:30:00,1.317,1.322,1.316,1.321,352428.4
2025-12-30 09:45:00,1.321,1.335,1.321,1.327,1479269.2
2025-12-30 10:00:00,1.328,1.333,1.323,1.326,1005883.7
2025-12-30 10:15:00,1.326,1.328,1.323,1.326,296833.8
2025-12-30 10:30:00,1.326,1.333,1.325,1.332,668622.1
2025-12-30 10:45:00,1.333,1.333,1.327,1.328,419812.3
2025-12-30 11:00:00,1.329,1.331,1.326,1.328,447097.7
2025-12-30 11:15:00,1.329,1.335,1.326,1.333,539523.4
2025-12-30 11:30:00,1.334,1.337,1.33,1.332,422502.2
2025-12-30 11:45:00,1.332,1.337,1.329,1.334,360453.8
2025-12-30 12:00:00,1.335,1.337,1.333,1.334,351310.0
2025-12-30 12:15:00,1.335,1.338,1.334,1.337,601275.9
2025-12-30 12:30:00,1.338,1.341,1.335,1.335,492558.1
2025-12-30 12:45:00,1.336,1.336,1.33,1.332,600112.7
2025-12-30 13:00:00,1.332,1.334,1.328,1.33,637342.4
2025-12-30 13:15:00,1.331,1.335,1.329,1.331,256755.8
2025-12-30 13:30:00,1.332,1.332,1.325,1.328,572512.2
2025-12-30 13:45:00,1.327,1.329,1.325,1.327,414076.3
2025-12-30 14:00:00,1.326,1.327,1.312,1.323,1931871.9
2025-12-30 14:15:00,1.322,1.332,1.319,1.321,1014641.7
2025-12-30 14:30:00,1.32,1.329,1.315,1.325,1428906.7
2025-12-30 14:45:00,1.326,1.338,1.325,1.328,1711737.7
2025-12-30 15:00:00,1.329,1.332,1.313,1.317,1988097.2
2025-12-30 15:15:00,1.317,1.323,1.315,1.321,902290.3
2025-12-30 15:30:00,1.321,1.323,1.318,1.321,614114.3
2025-12-30 15:45:00,1.321,1.327,1.317,1.324,615169.2
2025-12-30 16:00:00,1.325,1.327,1.318,1.319,911284.4
2025-12-30 16:15:00,1.32,1.33,1.32,1.321,875913.1
2025-12-30 16:30:00,1.322,1.324,1.316,1.318,1064966.5
2025-12-30 16:45:00,1.319,1.321,1.316,1.318,749351.8
2025-12-30 17:00:00,1.319,1.323,1.318,1.318,277580.7
2025-12-30 17:15:00,1.319,1.321,1.317,1.319,282602.4
2025-12-30 17:30:00,1.318,1.319,1.316,1.318,302138.8
2025-12-30 17:45:00,1.318,1.336,1.314,1.333,1783127.8
2025-12-30 18:00:00,1.334,1.334,1.324,1.328,732437.5
2025-12-30 18:15:00,1.329,1.331,1.323,1.324,300913.5
2025-12-30 18:30:00,1.325,1.328,1.323,1.328,583331.8
2025-12-30 18:45:00,1.328,1.328,1.319,1.323,527891.8
2025-12-30 19:00:00,1.324,1.325,1.313,1.323,1001863.4
2025-12-30 19:15:00,1.323,1.331,1.322,1.33,593670.5
2025-12-30 19:30:00,1.33,1.333,1.328,1.329,393121.6
2025-12-30 19:45:00,1.329,1.338,1.327,1.336,860103.6
2025-12-30 20:00:00,1.335,1.336,1.328,1.33,456218.7
2025-12-30 20:15:00,1.329,1.334,1.327,1.328,403995.9
2025-12-30 20:30:00,1.328,1.329,1.325,1.328,280840.3
2025-12-30 20:45:00,1.328,1.328,1.322,1.323,337126.7
2025-12-30 21:00:00,1.322,1.324,1.318,1.321,327701.9
2025-12-30 21:15:00,1.32,1.323,1.319,1.321,232821.4
2025-12-30 21:30:00,1.321,1.321,1.307,1.312,1195946.8
2025-12-30 21:45:00,1.311,1.314,1.309,1.314,459820.5
2025-12-30 22:00:00,1.314,1.316,1.311,1.316,406249.5
2025-12-30 22:15:00,1.315,1.32,1.313,1.319,567951.4
2025-12-30 22:30:00,1.318,1.319,1.313,1.315,176177.2
2025-12-30 22:45:00,1.315,1.316,1.313,1.316,173848.6
2025-12-30 23:00:00,1.315,1.319,1.313,1.318,271764.5
2025-12-30 23:15:00,1.318,1.318,1.313,1.317,288345.4
2025-12-30 23:30:00,1.317,1.319,1.314,1.316,327586.5
2025-12-30 23:45:00,1.316,1.322,1.315,1.321,361129.5
2025-12-31 00:00:00,1.321,1.323,1.315,1.322,409987.3
2025-12-31 00:15:00,1.322,1.324,1.314,1.318,869166.3
2025-12-31 00:30:00,1.317,1.32,1.314,1.317,552463.4
2025-12-31 00:45:00,1.317,1.317,1.313,1.317,421774.2
2025-12-31 01:00:00,1.316,1.325,1.313,1.324,834180.0
2025-12-31 01:15:00,1.325,1.341,1.324,1.334,2028228.9
2025-12-31 01:30:00,1.334,1.339,1.333,1.335,1076309.6
2025-12-31 01:45:00,1.334,1.349,1.333,1.348,1857210.5
2025-12-31 02:00:00,1.349,1.353,1.337,1.347,1652894.3
2025-12-31 02:15:00,1.348,1.349,1.33,1.333,1920276.7
2025-12-31 02:30:00,1.334,1.336,1.328,1.33,816900.3
2025-12-31 02:45:00,1.33,1.335,1.328,1.334,644945.2
2025-12-31 03:00:00,1.334,1.34,1.334,1.336,503163.9
2025-12-31 03:15:00,1.337,1.337,1.328,1.329,532607.5
2025-12-31 03:30:00,1.329,1.33,1.324,1.325,500084.8
2025-12-31 03:45:00,1.325,1.329,1.322,1.327,339717.2
2025-12-31 04:00:00,1.327,1.329,1.325,1.325,311099.8
2025-12-31 04:15:00,1.325,1.328,1.321,1.323,361351.4
2025-12-31 04:30:00,1.323,1.327,1.316,1.318,858782.4
2025-12-31 04:45:00,1.318,1.324,1.317,1.321,628654.4
2025-12-31 05:00:00,1.321,1.325,1.32,1.322,505321.9
2025-12-31 05:15:00,1.322,1.325,1.318,1.324,505616.2
2025-12-31 05:30:00,1.325,1.325,1.319,1.32,436261.3
2025-12-31 05:45:00,1.32,1.321,1.317,1.32,333312.1
2025-12-31 06:00:00,1.321,1.323,1.318,1.32,263097.3
2025-12-31 06:15:00,1.32,1.323,1.318,1.318,237238.5
2025-12-31 06:30:00,1.319,1.321,1.316,1.319,383880.8
2025-12-31 06:45:00,1.32,1.322,1.319,1.321,169931.8
2025-12-31 07:00:00,1.321,1.326,1.319,1.325,346471.2
2025-12-31 07:15:00,1.326,1.329,1.317,1.319,769413.0
2025-12-31 07:30:00,1.319,1.326,1.317,1.322,612755.7
2025-12-31 07:45:00,1.323,1.334,1.321,1.332,795523.9
2025-12-31 08:00:00,1.333,1.343,1.332,1.336,1141796.3
2025-12-31 08:15:00,1.337,1.337,1.328,1.331,936714.1
2025-12-31 08:30:00,1.331,1.332,1.318,1.322,924199.6
2025-12-31 08:45:00,1.323,1.324,1.319,1.322,479915.7
2025-12-31 09:00:00,1.322,1.324,1.319,1.321,527249.7
2025-12-31 09:15:00,1.321,1.324,1.32,1.32,357431.6
2025-12-31 09:30:00,1.32,1.323,1.319,1.319,408331.4
2025-12-31 09:45:00,1.32,1.326,1.319,1.323,251194.4
2025-12-31 10:00:00,1.323,1.324,1.319,1.322,447334.9
2025-12-31 10:15:00,1.322,1.328,1.319,1.32,486334.1
2025-12-31 10:30:00,1.32,1.321,1.316,1.318,499861.4
2025-12-31 10:45:00,1.319,1.32,1.317,1.319,347559.6
2025-12-31 11:00:00,1.32,1.326,1.319,1.322,572134.3
2025-12-31 11:15:00,1.323,1.329,1.322,1.327,427442.3
2025-12-31 11:30:00,1.328,1.334,1.327,1.332,852450.9
2025-12-31 11:45:00,1.332,1.335,1.33,1.332,587902.8
2025-12-31 12:00:00,1.332,1.334,1.329,1.33,580023.6
2025-12-31 12:15:00,1.33,1.333,1.324,1.326,734584.9
2025-12-31 12:30:00,1.326,1.334,1.324,1.325,966034.3
2025-12-31 12:45:00,1.325,1.326,1.32,1.323,512039.4
2025-12-31 13:00:00,1.323,1.323,1.317,1.321,568270.3
2025-12-31 13:15:00,1.321,1.325,1.319,1.325,524703.7
2025-12-31 13:30:00,1.325,1.326,1.32,1.323,570715.6
2025-12-31 13:45:00,1.323,1.331,1.322,1.33,460709.0
2025-12-31 14:00:00,1.331,1.336,1.325,1.333,1119907.5
2025-12-31 14:15:00,1.333,1.334,1.322,1.323,809510.3
2025-12-31 14:30:00,1.323,1.326,1.319,1.325,1520915.3
2025-12-31 14:45:00,1.326,1.331,1.319,1.327,1320957.4
2025-12-31 15:00:00,1.328,1.328,1.308,1.32,1833496.1
2025-12-31 15:15:00,1.32,1.327,1.318,1.323,1059538.9
2025-12-31 15:30:00,1.324,1.324,1.306,1.311,2436705.7
2025-12-31 15:45:00,1.311,1.316,1.31,1.314,806260.2
2025-12-31 16:00:00,1.314,1.315,1.308,1.31,1251421.5
2025-12-31 16:15:00,1.311,1.316,1.308,1.309,681596.1
2025-12-31 16:30:00,1.309,1.309,1.264,1.286,6906769.7
2025-12-31 16:45:00,1.285,1.287,1.279,1.28,1946635.4
2025-12-31 17:00:00,1.28,1.282,1.269,1.272,1756700.3
2025-12-31 17:15:00,1.271,1.281,1.268,1.274,1338920.8
2025-12-31 17:30:00,1.274,1.277,1.262,1.267,1703551.2
2025-12-31 17:45:00,1.267,1.27,1.264,1.267,1023727.8
2025-12-31 18:00:00,1.266,1.273,1.257,1.268,2636040.8
2025-12-31 18:15:00,1.267,1.274,1.266,1.273,672081.9
2025-12-31 18:30:00,1.272,1.273,1.27,1.272,426937.7
2025-12-31 18:45:00,1.271,1.272,1.265,1.266,516990.0
2025-12-31 19:00:00,1.267,1.277,1.267,1.275,839055.6
2025-12-31 19:15:00,1.274,1.285,1.274,1.284,727276.1
2025-12-31 19:30:00,1.284,1.288,1.281,1.283,974077.2
2025-12-31 19:45:00,1.282,1.283,1.279,1.28,692648.6
2025-12-31 20:00:00,1.279,1.281,1.27,1.274,1059022.4
2025-12-31 20:15:00,1.274,1.287,1.272,1.282,1162834.9
2025-12-31 20:30:00,1.281,1.289,1.277,1.288,1097167.5
2025-12-31 20:45:00,1.288,1.3,1.287,1.295,1382004.6
2025-12-31 21:00:00,1.296,1.301,1.29,1.297,1023161.1
2025-12-31 21:15:00,1.296,1.302,1.296,1.3,407629.5
2025-12-31 21:30:00,1.3,1.31,1.299,1.31,1072105.5
2025-12-31 21:45:00,1.31,1.31,1.302,1.304,1246737.0
2025-12-31 22:00:00,1.303,1.309,1.295,1.307,1530910.4
2025-12-31 22:15:00,1.306,1.309,1.301,1.307,586378.5
2025-12-31 22:30:00,1.308,1.311,1.306,1.308,556521.5
2025-12-31 22:45:00,1.308,1.308,1.305,1.307,204746.1
2025-12-31 23:00:00,1.306,1.306,1.303,1.305,313180.6
2025-12-31 23:15:00,1.304,1.306,1.301,1.302,561998.4
2025-12-31 23:30:00,1.302,1.302,1.297,1.301,703739.3
2025-12-31 23:45:00,1.301,1.302,1.294,1.297,798233.2
2026-01-01 00:00:00,1.297,1.311,1.296,1.305,1936475.4
2026-01-01 00:15:00,1.305,1.309,1.303,1.308,851841.3
2026-01-01 00:30:00,1.309,1.309,1.302,1.303,1030891.4
2026-01-01 00:45:00,1.303,1.305,1.299,1.299,439196.3
2026-01-01 01:00:00,1.299,1.306,1.298,1.302,639522.2
2026-01-01 01:15:00,1.303,1.305,1.294,1.295,987530.2
2026-01-01 01:30:00,1.295,1.295,1.289,1.292,1013107.1
2026-01-01 01:45:00,1.291,1.293,1.288,1.289,395950.7
2026-01-01 02:00:00,1.289,1.292,1.287,1.289,464217.8
2026-01-01 02:15:00,1.289,1.293,1.287,1.288,388634.3
2026-01-01 02:30:00,1.288,1.291,1.285,1.287,543744.3
2026-01-01 02:45:00,1.286,1.29,1.285,1.289,297213.3
2026-01-01 03:00:00,1.289,1.291,1.288,1.29,282916.4
2026-01-01 03:15:00,1.291,1.291,1.287,1.288,172204.1
2026-01-01 03:30:00,1.287,1.289,1.286,1.287,266095.7
2026-01-01 03:45:00,1.288,1.288,1.283,1.285,285485.9
2026-01-01 04:00:00,1.284,1.284,1.278,1.281,603318.4
2026-01-01 04:15:00,1.28,1.283,1.277,1.278,412308.8
2026-01-01 04:30:00,1.277,1.282,1.276,1.279,668685.5
2026-01-01 04:45:00,1.278,1.282,1.278,1.28,551227.2
2026-01-01 05:00:00,1.28,1.294,1.28,1.289,1252190.3
2026-01-01 05:15:00,1.288,1.292,1.288,1.291,380973.1
2026-01-01 05:30:00,1.29,1.293,1.289,1.291,592643.9
2026-01-01 05:45:00,1.29,1.294,1.29,1.293,323736.6
2026-01-01 06:00:00,1.293,1.294,1.288,1.289,508345.6
2026-01-01 06:15:00,1.29,1.291,1.287,1.288,425465.5
2026-01-01 06:30:00,1.287,1.291,1.287,1.291,421152.6
2026-01-01 06:45:00,1.29,1.291,1.288,1.289,141986.4
2026-01-01 07:00:00,1.289,1.293,1.289,1.29,302551.9
2026-01-01 07:15:00,1.29,1.296,1.289,1.295,469293.2
2026-01-01 07:30:00,1.295,1.302,1.294,1.298,472056.2
2026-01-01 07:45:00,1.297,1.299,1.294,1.297,402734.5
2026-01-01 08:00:00,1.297,1.297,1.292,1.293,569615.0
2026-01-01 08:15:00,1.294,1.297,1.292,1.293,225971.1
2026-01-01 08:30:00,1.294,1.298,1.293,1.296,411730.7
2026-01-01 08:45:00,1.296,1.303,1.295,1.303,498879.2
2026-01-01 09:00:00,1.303,1.309,1.302,1.304,979105.5
2026-01-01 09:15:00,1.305,1.308,1.304,1.307,338732.1
2026-01-01 09:30:00,1.307,1.308,1.304,1.307,374585.6
2026-01-01 09:45:00,1.307,1.307,1.301,1.303,308198.3
2026-01-01 10:00:00,1.302,1.306,1.3,1.303,399851.0
2026-01-01 10:15:00,1.303,1.304,1.3,1.302,174838.1
2026-01-01 10:30:00,1.302,1.306,1.302,1.305,329060.7
2026-01-01 10:45:00,1.304,1.307,1.303,1.307,335845.2
2026-01-01 11:00:00,1.306,1.307,1.301,1.304,243209.4
2026-01-01 11:15:00,1.304,1.307,1.302,1.306,289303.9
2026-01-01 11:30:00,1.306,1.307,1.304,1.307,203790.6
2026-01-01 11:45:00,1.307,1.32,1.306,1.317,1554133.1
2026-01-01 12:00:00,1.318,1.328,1.318,1.321,2491063.7
2026-01-01 12:15:00,1.32,1.321,1.313,1.314,1085470.2
2026-01-01 12:30:00,1.314,1.329,1.312,1.326,1461566.7
2026-01-01 12:45:00,1.326,1.334,1.325,1.333,1687884.5
2026-01-01 13:00:00,1.333,1.336,1.33,1.334,1258879.8
2026-01-01 13:15:00,1.334,1.338,1.331,1.336,990148.0
2026-01-01 13:30:00,1.336,1.367,1.334,1.362,4642940.6
2026-01-01 13:45:00,1.362,1.398,1.362,1.394,8441955.6
2026-01-01 14:00:00,1.394,1.472,1.394,1.464,23977715.9
2026-01-01 14:15:00,1.464,1.481,1.447,1.475,9039531.1
2026-01-01 14:30:00,1.476,1.489,1.462,1.488,7077399.6
2026-01-01 14:45:00,1.487,1.522,1.478,1.483,10403928.0
2026-01-01 15:00:00,1.483,1.488,1.46,1.485,8496417.0
2026-01-01 15:15:00,1.485,1.515,1.48,1.487,7539158.2
2026-01-01 15:30:00,1.487,1.51,1.484,1.495,7016930.8
2026-01-01 15:45:00,1.494,1.511,1.477,1.503,6934799.7
2026-01-01 16:00:00,1.503,1.519,1.486,1.515,6785737.6
2026-01-01 16:15:00,1.515,1.542,1.488,1.513,12885132.2
2026-01-01 16:30:00,1.513,1.528,1.503,1.519,6055893.9
2026-01-01 16:45:00,1.519,1.526,1.504,1.514,4852077.2
2026-01-01 17:00:00,1.515,1.552,1.507,1.549,8670966.1
2026-01-01 17:15:00,1.549,1.551,1.514,1.517,6528159.7
2026-01-01 17:30:00,1.516,1.532,1.514,1.519,4562611.6
2026-01-01 17:45:00,1.519,1.541,1.516,1.535,3982713.8
2026-01-01 18:00:00,1.536,1.545,1.527,1.537,3177017.0
2026-01-01 18:15:00,1.537,1.544,1.523,1.526,2467322.6
2026-01-01 18:30:00,1.526,1.534,1.515,1.527,3773719.8
2026-01-01 18:45:00,1.526,1.53,1.512,1.522,2426899.6
2026-01-01 19:00:00,1.521,1.532,1.52,1.521,2238836.3
2026-01-01 19:15:00,1.52,1.522,1.505,1.51,3243636.6
2026-01-01 19:30:00,1.51,1.52,1.5,1.512,2711523.5
2026-01-01 19:45:00,1.511,1.519,1.502,1.517,2080303.6
2026-01-01 20:00:00,1.517,1.529,1.508,1.509,2096832.3
2026-01-01 20:15:00,1.509,1.51,1.492,1.496,2739129.0
2026-01-01 20:30:00,1.496,1.5,1.493,1.498,1471068.7
2026-01-01 20:45:00,1.499,1.504,1.493,1.495,1807294.0
2026-01-01 21:00:00,1.494,1.504,1.486,1.499,2258413.2
2026-01-01 21:15:00,1.498,1.499,1.491,1.494,1274914.2
2026-01-01 21:30:00,1.494,1.496,1.491,1.492,802508.7
2026-01-01 21:45:00,1.491,1.5,1.49,1.499,1044940.1
2026-01-01 22:00:00,1.498,1.509,1.497,1.501,1503540.9
2026-01-01 22:15:00,1.5,1.501,1.481,1.488,1588305.1
2026-01-01 22:30:00,1.487,1.488,1.474,1.483,2142971.1
2026-01-01 22:45:00,1.482,1.499,1.481,1.496,820123.0
2026-01-01 23:00:00,1.495,1.499,1.483,1.485,1431297.4
2026-01-01 23:15:00,1.485,1.489,1.483,1.486,1133621.4
2026-01-01 23:30:00,1.485,1.489,1.481,1.485,1220365.1
2026-01-01 23:45:00,1.485,1.488,1.482,1.484,923109.9
2026-01-02 00:00:00,1.484,1.492,1.475,1.479,2070063.5
2026-01-02 00:15:00,1.479,1.505,1.477,1.495,3026793.6
2026-01-02 00:30:00,1.495,1.495,1.483,1.489,1851696.8
2026-01-02 00:45:00,1.489,1.493,1.481,1.485,1503664.5
2026-01-02 01:00:00,1.486,1.493,1.474,1.487,2734724.8
2026-01-02 01:15:00,1.487,1.491,1.475,1.478,1381116.3
2026-01-02 01:30:00,1.478,1.486,1.477,1.484,1483253.9
2026-01-02 01:45:00,1.484,1.485,1.465,1.475,2635180.5
2026-01-02 02:00:00,1.474,1.475,1.455,1.467,3344341.3
2026-01-02 02:15:00,1.466,1.468,1.459,1.461,1080250.3
2026-01-02 02:30:00,1.46,1.462,1.45,1.459,2051222.7
2026-01-02 02:45:00,1.459,1.47,1.458,1.468,1657571.2
2026-01-02 03:00:00,1.467,1.484,1.464,1.483,3107261.5
2026-01-02 03:15:00,1.484,1.487,1.473,1.482,2468838.2
2026-01-02 03:30:00,1.481,1.489,1.479,1.484,1544201.3
2026-01-02 03:45:00,1.483,1.489,1.482,1.489,1159060.7
2026-01-02 04:00:00,1.488,1.491,1.477,1.48,2034712.6
2026-01-02 04:15:00,1.479,1.48,1.472,1.477,1338825.1
2026-01-02 04:30:00,1.476,1.478,1.472,1.475,1076949.0
2026-01-02 04:45:00,1.474,1.476,1.466,1.469,1330937.4
2026-01-02 05:00:00,1.469,1.473,1.464,1.472,1117758.4
2026-01-02 05:15:00,1.472,1.475,1.467,1.47,855517.4
2026-01-02 05:30:00,1.47,1.471,1.456,1.459,1928377.3
2026-01-02 05:45:00,1.46,1.467,1.456,1.466,877381.4
2026-01-02 06:00:00,1.467,1.468,1.461,1.464,1510276.8
2026-01-02 06:15:00,1.463,1.465,1.458,1.463,1269350.8
2026-01-02 06:30:00,1.462,1.466,1.46,1.462,1282613.6
2026-01-02 06:45:00,1.461,1.463,1.448,1.451,1961630.6
2026-01-02 07:00:00,1.45,1.453,1.435,1.443,2739819.4
2026-01-02 07:15:00,1.442,1.446,1.437,1.438,1966401.2
2026-01-02 07:30:00,1.438,1.447,1.435,1.445,1929238.8
2026-01-02 07:45:00,1.444,1.449,1.444,1.449,1121036.2
2026-01-02 08:00:00,1.449,1.453,1.445,1.446,1481780.8
2026-01-02 08:15:00,1.446,1.448,1.443,1.445,1049132.7
2026-01-02 08:30:00,1.444,1.447,1.44,1.443,1313587.2
2026-01-02 08:45:00,1.444,1.448,1.44,1.447,1324365.8
2026-01-02 09:00:00,1.447,1.45,1.441,1.446,1625112.2
2026-01-02 09:15:00,1.447,1.448,1.443,1.445,1094038.8
2026-01-02 09:30:00,1.445,1.455,1.445,1.455,1366369.0
2026-01-02 09:45:00,1.454,1.466,1.451,1.455,3370287.7
2026-01-02 10:00:00,1.455,1.46,1.451,1.456,1683876.9
2026-01-02 10:15:00,1.457,1.458,1.452,1.453,1174677.6
2026-01-02 10:30:00,1.454,1.46,1.453,1.454,959518.9
2026-01-02 10:45:00,1.455,1.461,1.454,1.455,1171454.0
2026-01-02 11:00:00,1.456,1.457,1.443,1.444,2243214.6
2026-01-02 11:15:00,1.444,1.445,1.432,1.434,4337142.3
2026-01-02 11:30:00,1.434,1.435,1.42,1.424,3903500.6
2026-01-02 11:45:00,1.425,1.429,1.416,1.427,3508842.3
2026-01-02 12:00:00,1.427,1.434,1.425,1.429,1616306.6
2026-01-02 12:15:00,1.43,1.433,1.428,1.429,860566.3
2026-01-02 12:30:00,1.43,1.439,1.427,1.435,1897275.2
2026-01-02 12:45:00,1.436,1.438,1.433,1.435,1036710.4
2026-01-02 13:00:00,1.434,1.435,1.428,1.429,1529757.9
2026-01-02 13:15:00,1.43,1.435,1.428,1.431,1410700.4
2026-01-02 13:30:00,1.431,1.434,1.424,1.432,1497546.7
2026-01-02 13:45:00,1.433,1.433,1.425,1.426,1126310.9
2026-01-02 14:00:00,1.426,1.432,1.424,1.43,1501778.8
2026-01-02 14:15:00,1.43,1.438,1.42,1.436,2277107.0
2026-01-02 14:30:00,1.437,1.444,1.421,1.436,4487675.9
2026-01-02 14:45:00,1.436,1.452,1.431,1.434,3821958.0
2026-01-02 15:00:00,1.435,1.443,1.427,1.434,2949359.4
2026-01-02 15:15:00,1.433,1.439,1.421,1.434,2741736.1
2026-01-02 15:30:00,1.433,1.449,1.432,1.445,2418381.6
2026-01-02 15:45:00,1.444,1.445,1.429,1.433,1633807.9
2026-01-02 16:00:00,1.433,1.447,1.431,1.447,2573074.3
2026-01-02 16:15:00,1.446,1.455,1.444,1.447,2600259.5
2026-01-02 16:30:00,1.447,1.462,1.445,1.448,3035417.3
2026-01-02 16:45:00,1.448,1.455,1.443,1.455,1696761.7
2026-01-02 17:00:00,1.455,1.459,1.446,1.448,2615048.1
2026-01-02 17:15:00,1.449,1.458,1.448,1.455,1745242.3
2026-01-02 17:30:00,1.456,1.458,1.449,1.454,1501250.7
2026-01-02 17:45:00,1.454,1.456,1.45,1.453,1159919.7
2026-01-02 18:00:00,1.453,1.464,1.45,1.464,2229391.1
2026-01-02 18:15:00,1.463,1.467,1.46,1.461,1658072.5
2026-01-02 18:30:00,1.462,1.462,1.454,1.456,1154314.2
2026-01-02 18:45:00,1.457,1.46,1.443,1.453,2457709.4
2026-01-02 19:00:00,1.453,1.459,1.451,1.455,1671722.5
2026-01-02 19:15:00,1.455,1.464,1.455,1.461,1472655.1
2026-01-02 19:30:00,1.461,1.464,1.459,1.46,844588.5
2026-01-02 19:45:00,1.459,1.469,1.459,1.468,1009543.8
2026-01-02 20:00:00,1.467,1.474,1.466,1.469,1445275.1
2026-01-02 20:15:00,1.469,1.469,1.462,1.463,1198531.3
2026-01-02 20:30:00,1.462,1.465,1.459,1.464,779282.4
2026-01-02 20:45:00,1.464,1.477,1.46,1.474,2377766.6
2026-01-02 21:00:00,1.475,1.476,1.465,1.469,1127956.5
2026-01-02 21:15:00,1.469,1.478,1.467,1.477,983208.4
2026-01-02 21:30:00,1.478,1.479,1.468,1.475,1770125.6
2026-01-02 21:45:00,1.475,1.479,1.47,1.475,1522656.6
2026-01-02 22:00:00,1.476,1.484,1.471,1.475,2873278.1
2026-01-02 22:15:00,1.475,1.486,1.475,1.482,1313733.0
2026-01-02 22:30:00,1.483,1.486,1.476,1.479,1192690.3
2026-01-02 22:45:00,1.48,1.501,1.479,1.493,2371733.8
2026-01-02 23:00:00,1.493,1.504,1.49,1.496,2237528.5
2026-01-02 23:15:00,1.497,1.506,1.492,1.499,1637307.8
2026-01-02 23:30:00,1.499,1.502,1.493,1.501,1004996.4
2026-01-02 23:45:00,1.502,1.504,1.499,1.504,946536.6
2026-01-03 00:00:00,1.504,1.504,1.492,1.495,1457740.4
2026-01-03 00:15:00,1.495,1.498,1.486,1.497,1443808.0
2026-01-03 00:30:00,1.497,1.53,1.493,1.526,4176215.7
2026-01-03 00:45:00,1.526,1.532,1.511,1.513,2607343.9
2026-01-03 01:00:00,1.513,1.517,1.508,1.514,1798091.3
2026-01-03 01:15:00,1.514,1.515,1.5,1.51,1413929.0
2026-01-03 01:30:00,1.511,1.524,1.51,1.522,1222424.1
2026-01-03 01:45:00,1.523,1.528,1.52,1.527,899547.8
2026-01-03 02:00:00,1.527,1.548,1.522,1.542,3978976.9
2026-01-03 02:15:00,1.542,1.559,1.54,1.553,3873866.2
2026-01-03 02:30:00,1.553,1.576,1.545,1.555,4615086.4
2026-01-03 02:45:00,1.555,1.574,1.554,1.557,1685985.1
2026-01-03 03:00:00,1.558,1.56,1.536,1.54,2025805.4
2026-01-03 03:15:00,1.541,1.544,1.529,1.535,1647996.4
2026-01-03 03:30:00,1.535,1.541,1.531,1.531,919712.7
2026-01-03 03:45:00,1.532,1.544,1.531,1.54,840595.5
2026-01-03 04:00:00,1.541,1.544,1.53,1.534,1288062.4
2026-01-03 04:15:00,1.534,1.537,1.53,1.53,896718.4
2026-01-03 04:30:00,1.53,1.536,1.527,1.527,951303.0
2026-01-03 04:45:00,1.528,1.536,1.519,1.535,1937663.9
2026-01-03 05:00:00,1.536,1.537,1.524,1.529,671563.7
2026-01-03 05:15:00,1.53,1.53,1.52,1.523,761570.4
2026-01-03 05:30:00,1.523,1.525,1.51,1.515,1978835.2
2026-01-03 05:45:00,1.516,1.523,1.512,1.521,1500061.3
2026-01-03 06:00:00,1.522,1.534,1.522,1.526,1413791.3
2026-01-03 06:15:00,1.527,1.53,1.516,1.516,657499.3
2026-01-03 06:30:00,1.517,1.522,1.506,1.506,1915239.0
2026-01-03 06:45:00,1.505,1.512,1.502,1.504,2545090.5
2026-01-03 07:00:00,1.504,1.508,1.476,1.482,6621192.4
2026-01-03 07:15:00,1.481,1.482,1.45,1.463,4688642.7
2026-01-03 07:30:00,1.463,1.471,1.458,1.468,1562958.6
2026-01-03 07:45:00,1.468,1.472,1.465,1.468,859670.6
2026-01-03 08:00:00,1.467,1.475,1.459,1.465,1476475.4
2026-01-03 08:15:00,1.465,1.472,1.461,1.469,849941.3
2026-01-03 08:30:00,1.47,1.477,1.467,1.468,1254436.1
2026-01-03 08:45:00,1.468,1.473,1.466,1.469,883198.6
2026-01-03 09:00:00,1.47,1.473,1.463,1.464,952466.1
2026-01-03 09:15:00,1.463,1.476,1.463,1.473,659036.3
2026-01-03 09:30:00,1.474,1.479,1.468,1.472,1608691.1
2026-01-03 09:45:00,1.472,1.477,1.468,1.469,1202249.7
2026-01-03 10:00:00,1.468,1.472,1.466,1.467,632726.3
2026-01-03 10:15:00,1.466,1.469,1.463,1.464,914705.5
2026-01-03 10:30:00,1.463,1.472,1.463,1.469,603948.1
2026-01-03 10:45:00,1.47,1.47,1.463,1.464,1043443.3
2026-01-03 11:00:00,1.464,1.465,1.461,1.465,479699.6
2026-01-03 11:15:00,1.465,1.467,1.462,1.463,389681.0
2026-01-03 11:30:00,1.463,1.463,1.459,1.462,632678.8
2026-01-03 11:45:00,1.463,1.468,1.46,1.462,892341.2
2026-01-03 12:00:00,1.462,1.463,1.454,1.458,1739023.4
2026-01-03 12:15:00,1.458,1.466,1.457,1.465,985271.1
2026-01-03 12:30:00,1.465,1.466,1.46,1.463,725672.0
2026-01-03 12:45:00,1.463,1.469,1.462,1.466,1079799.5
2026-01-03 13:00:00,1.466,1.472,1.464,1.468,978865.6
2026-01-03 13:15:00,1.468,1.475,1.468,1.47,985621.1
2026-01-03 13:30:00,1.47,1.479,1.47,1.472,836281.6
2026-01-03 13:45:00,1.473,1.479,1.472,1.478,680311.5
2026-01-03 14:00:00,1.478,1.478,1.469,1.472,1275980.9
2026-01-03 14:15:00,1.473,1.474,1.469,1.472,731433.9
2026-01-03 14:30:00,1.472,1.473,1.468,1.468,537009.0
2026-01-03 14:45:00,1.469,1.47,1.464,1.466,672806.5
2026-01-03 15:00:00,1.467,1.467,1.458,1.463,1462943.3
2026-01-03 15:15:00,1.463,1.467,1.46,1.467,474335.1
2026-01-03 15:30:00,1.467,1.47,1.465,1.467,503788.4
2026-01-03 15:45:00,1.467,1.469,1.463,1.465,466128.9
2026-01-03 16:00:00,1.464,1.472,1.461,1.468,1299691.0
2026-01-03 16:15:00,1.469,1.471,1.463,1.469,695457.8
2026-01-03 16:30:00,1.47,1.476,1.469,1.474,915472.0
2026-01-03 16:45:00,1.475,1.477,1.467,1.468,810766.4
2026-01-03 17:00:00,1.468,1.47,1.465,1.468,395141.1
2026-01-03 17:15:00,1.467,1.471,1.466,1.469,297308.5
2026-01-03 17:30:00,1.469,1.475,1.468,1.473,302382.6
2026-01-03 17:45:00,1.473,1.474,1.469,1.472,476529.1
2026-01-03 18:00:00,1.471,1.471,1.461,1.465,882030.2
2026-01-03 18:15:00,1.465,1.471,1.464,1.471,552977.9
2026-01-03 18:30:00,1.471,1.477,1.47,1.475,467897.7
2026-01-03 18:45:00,1.474,1.478,1.472,1.475,389356.5
2026-01-03 19:00:00,1.475,1.475,1.47,1.473,367203.8
2026-01-03 19:15:00,1.472,1.476,1.472,1.474,239570.7
2026-01-03 19:30:00,1.474,1.474,1.469,1.472,388806.9
2026-01-03 19:45:00,1.471,1.476,1.47,1.476,420155.3
2026-01-03 20:00:00,1.476,1.477,1.469,1.473,472269.8
2026-01-03 20:15:00,1.472,1.488,1.472,1.485,1798414.2
2026-01-03 20:30:00,1.485,1.501,1.485,1.492,1590549.6
2026-01-03 20:45:00,1.492,1.494,1.483,1.484,890021.7
2026-01-03 21:00:00,1.484,1.489,1.483,1.488,676483.4
2026-01-03 21:15:00,1.489,1.498,1.487,1.494,918245.7
2026-01-03 21:30:00,1.494,1.501,1.49,1.492,933575.0
2026-01-03 21:45:00,1.492,1.493,1.486,1.488,548004.0
2026-01-03 22:00:00,1.488,1.495,1.484,1.491,859612.2
2026-01-03 22:15:00,1.492,1.493,1.487,1.488,465818.1
2026-01-03 22:30:00,1.488,1.492,1.487,1.491,371584.9
2026-01-03 22:45:00,1.492,1.494,1.486,1.488,193143.2
2026-01-03 23:00:00,1.488,1.489,1.479,1.482,1012088.9
2026-01-03 23:15:00,1.483,1.487,1.481,1.485,580856.0
2026-01-03 23:30:00,1.485,1.496,1.484,1.492,1288597.1
2026-01-03 23:45:00,1.492,1.496,1.49,1.492,532557.1
2026-01-04 00:00:00,1.492,1.503,1.488,1.497,2316434.5
2026-01-04 00:15:00,1.497,1.5,1.49,1.493,1260700.7
2026-01-04 00:30:00,1.493,1.501,1.491,1.493,1371798.7
2026-01-04 00:45:00,1.493,1.5,1.492,1.496,976434.3
2026-01-04 01:00:00,1.497,1.498,1.492,1.496,1200897.1
2026-01-04 01:15:00,1.497,1.509,1.492,1.498,1708150.7
2026-01-04 01:30:00,1.498,1.503,1.496,1.497,1341723.4
2026-01-04 01:45:00,1.497,1.5,1.494,1.497,728328.4
2026-01-04 02:00:00,1.498,1.498,1.491,1.493,1464219.6
2026-01-04 02:15:00,1.494,1.505,1.493,1.499,674716.9
2026-01-04 02:30:00,1.5,1.502,1.476,1.487,5300056.4
2026-01-04 02:45:00,1.487,1.488,1.48,1.484,1438304.8
2026-01-04 03:00:00,1.484,1.494,1.483,1.492,1016664.0
2026-01-04 03:15:00,1.493,1.493,1.488,1.492,661618.7
2026-01-04 03:30:00,1.492,1.495,1.489,1.493,771007.9
2026-01-04 03:45:00,1.494,1.498,1.492,1.493,713175.0
2026-01-04 04:00:00,1.492,1.494,1.488,1.493,701255.4
2026-01-04 04:15:00,1.493,1.494,1.487,1.49,621119.4
2026-01-04 04:30:00,1.489,1.493,1.484,1.486,666766.3
2026-01-04 04:45:00,1.486,1.489,1.48,1.482,913715.9
2026-01-04 05:00:00,1.481,1.484,1.479,1.482,554651.8
2026-01-04 05:15:00,1.483,1.487,1.481,1.484,672955.9
2026-01-04 05:30:00,1.485,1.486,1.479,1.482,646480.3
2026-01-04 05:45:00,1.483,1.491,1.482,1.49,524929.9
2026-01-04 06:00:00,1.491,1.496,1.486,1.494,1095479.4
2026-01-04 06:15:00,1.495,1.498,1.487,1.487,1343308.3
2026-01-04 06:30:00,1.488,1.491,1.47,1.475,1751404.5
2026-01-04 06:45:00,1.474,1.478,1.461,1.471,1822749.7
2026-01-04 07:00:00,1.471,1.476,1.469,1.474,748723.8
2026-01-04 07:15:00,1.475,1.476,1.47,1.476,984793.1
2026-01-04 07:30:00,1.475,1.481,1.472,1.479,591165.9
2026-01-04 07:45:00,1.48,1.485,1.478,1.481,643003.5
2026-01-04 08:00:00,1.481,1.486,1.472,1.485,1345999.7
2026-01-04 08:15:00,1.485,1.486,1.48,1.484,982312.7
2026-01-04 08:30:00,1.484,1.51,1.483,1.507,3239727.2
2026-01-04 08:45:00,1.506,1.521,1.504,1.517,3549364.0
2026-01-04 09:00:00,1.517,1.524,1.498,1.503,5455550.4
2026-01-04 09:15:00,1.503,1.511,1.495,1.497,2170611.4
2026-01-04 09:30:00,1.497,1.508,1.496,1.507,1288327.7
2026-01-04 09:45:00,1.507,1.515,1.504,1.505,1474006.1
2026-01-04 10:00:00,1.505,1.513,1.502,1.509,1365403.8
2026-01-04 10:15:00,1.509,1.513,1.5,1.501,1585861.0
2026-01-04 10:30:00,1.501,1.506,1.498,1.499,1052415.9
2026-01-04 10:45:00,1.5,1.5,1.493,1.494,873328.3
2026-01-04 11:00:00,1.495,1.498,1.488,1.494,1323305.8
2026-01-04 11:15:00,1.494,1.498,1.491,1.495,1022482.7
2026-01-04 11:30:00,1.496,1.504,1.495,1.501,842297.4
2026-01-04 11:45:00,1.501,1.503,1.497,1.5,708486.7
2026-01-04 12:00:00,1.5,1.508,1.497,1.506,1155070.7
2026-01-04 12:15:00,1.507,1.513,1.502,1.51,1051212.4
2026-01-04 12:30:00,1.51,1.515,1.504,1.504,1126932.3
2026-01-04 12:45:00,1.505,1.51,1.502,1.502,808350.8
2026-01-04 13:00:00,1.503,1.509,1.5,1.505,990002.5
2026-01-04 13:15:00,1.505,1.508,1.493,1.5,2579002.4
2026-01-04 13:30:00,1.501,1.504,1.497,1.498,643244.7
2026-01-04 13:45:00,1.499,1.51,1.497,1.508,1097679.2
2026-01-04 14:00:00,1.507,1.508,1.499,1.502,844973.8
2026-01-04 14:15:00,1.503,1.503,1.495,1.497,666691.1
2026-01-04 14:30:00,1.497,1.503,1.494,1.499,844328.9
2026-01-04 14:45:00,1.499,1.504,1.495,1.501,941173.6
2026-01-04 15:00:00,1.501,1.506,1.499,1.502,776933.3
2026-01-04 15:15:00,1.502,1.506,1.497,1.498,831226.4
2026-01-04 15:30:00,1.497,1.498,1.488,1.495,1257951.4
2026-01-04 15:45:00,1.494,1.502,1.488,1.5,1149464.8
2026-01-04 16:00:00,1.501,1.507,1.5,1.504,1120535.6
2026-01-04 16:15:00,1.504,1.506,1.496,1.501,1279408.3
2026-01-04 16:30:00,1.501,1.508,1.499,1.504,684860.2
2026-01-04 16:45:00,1.504,1.509,1.504,1.507,797542.6
2026-01-04 17:00:00,1.507,1.513,1.503,1.503,1367235.3
2026-01-04 17:15:00,1.503,1.507,1.494,1.495,1221328.1
2026-01-04 17:30:00,1.496,1.504,1.495,1.501,1166687.9
2026-01-04 17:45:00,1.501,1.507,1.501,1.502,572088.7
2026-01-04 18:00:00,1.503,1.505,1.5,1.5,910143.1
2026-01-04 18:15:00,1.501,1.503,1.495,1.498,1029527.5
2026-01-04 18:30:00,1.499,1.499,1.485,1.493,1978869.3
2026-01-04 18:45:00,1.493,1.498,1.489,1.496,511226.9
2026-01-04 19:00:00,1.496,1.496,1.474,1.479,2966342.4
2026-01-04 19:15:00,1.478,1.493,1.477,1.489,1666399.7
2026-01-04 19:30:00,1.488,1.493,1.484,1.485,826453.2
2026-01-04 19:45:00,1.485,1.492,1.485,1.49,519468.2
2026-01-04 20:00:00,1.489,1.49,1.483,1.49,1214972.0
2026-01-04 20:15:00,1.489,1.494,1.485,1.493,501859.0
2026-01-04 20:30:00,1.492,1.495,1.491,1.492,530930.3
2026-01-04 20:45:00,1.492,1.492,1.486,1.488,499613.3
2026-01-04 21:00:00,1.487,1.497,1.482,1.491,1274674.9
2026-01-04 21:15:00,1.49,1.493,1.485,1.486,516690.0
2026-01-04 21:30:00,1.486,1.488,1.477,1.479,876699.1
2026-01-04 21:45:00,1.479,1.488,1.475,1.487,786789.6
2026-01-04 22:00:00,1.486,1.494,1.484,1.487,946897.1
2026-01-04 22:15:00,1.487,1.495,1.484,1.493,844070.0
2026-01-04 22:30:00,1.492,1.494,1.482,1.487,585169.5
2026-01-04 22:45:00,1.487,1.491,1.485,1.49,268821.5
2026-01-04 23:00:00,1.49,1.502,1.49,1.492,947721.0
2026-01-04 23:15:00,1.492,1.499,1.488,1.491,650030.7
2026-01-04 23:30:00,1.491,1.494,1.488,1.489,502655.1
2026-01-04 23:45:00,1.488,1.493,1.484,1.492,581155.8
2026-01-05 00:00:00,1.492,1.502,1.488,1.492,1196270.7
2026-01-05 00:15:00,1.493,1.509,1.491,1.497,1958970.6
2026-01-05 00:30:00,1.496,1.508,1.493,1.499,2188780.2
2026-01-05 00:45:00,1.499,1.508,1.498,1.5,1017088.9
2026-01-05 01:00:00,1.501,1.519,1.497,1.516,3025466.9
2026-01-05 01:15:00,1.515,1.521,1.507,1.514,2450574.7
2026-01-05 01:30:00,1.513,1.533,1.511,1.523,2872980.7
2026-01-05 01:45:00,1.524,1.529,1.517,1.519,954276.0
2026-01-05 02:00:00,1.52,1.539,1.519,1.521,3103223.8
2026-01-05 02:15:00,1.521,1.529,1.505,1.511,2251963.1
2026-01-05 02:30:00,1.512,1.517,1.51,1.513,755791.5
2026-01-05 02:45:00,1.514,1.519,1.513,1.515,588958.5
2026-01-05 03:00:00,1.515,1.52,1.511,1.512,630129.4
2026-01-05 03:15:00,1.513,1.516,1.508,1.51,755773.4
2026-01-05 03:30:00,1.51,1.521,1.509,1.511,1289768.0
2026-01-05 03:45:00,1.512,1.522,1.511,1.517,593809.9
2026-01-05 04:00:00,1.518,1.528,1.514,1.515,2157957.8
2026-01-05 04:15:00,1.515,1.52,1.504,1.506,1426831.2
2026-01-05 04:30:00,1.505,1.507,1.488,1.497,2891204.0
2026-01-05 04:45:00,1.497,1.506,1.497,1.504,690490.7
2026-01-05 05:00:00,1.503,1.503,1.495,1.498,830492.0
2026-01-05 05:15:00,1.497,1.508,1.497,1.504,414394.8
2026-01-05 05:30:00,1.504,1.516,1.503,1.51,943365.0
2026-01-05 05:45:00,1.509,1.511,1.498,1.5,867925.6
2026-01-05 06:00:00,1.499,1.502,1.492,1.495,1143123.4
2026-01-05 06:15:00,1.494,1.498,1.483,1.485,1167634.4
2026-01-05 06:30:00,1.484,1.485,1.475,1.481,2323787.3
2026-01-05 06:45:00,1.48,1.488,1.478,1.483,1210296.6
2026-01-05 07:00:00,1.483,1.483,1.466,1.479,3643080.4
2026-01-05 07:15:00,1.479,1.488,1.478,1.487,1133682.7
2026-01-05 07:30:00,1.487,1.496,1.486,1.493,1254231.9
2026-01-05 07:45:00,1.493,1.495,1.488,1.489,563202.1
2026-01-05 08:00:00,1.489,1.493,1.487,1.489,902451.5
2026-01-05 08:15:00,1.49,1.491,1.482,1.484,812504.7
2026-01-05 08:30:00,1.483,1.484,1.471,1.475,1275150.4
2026-01-05 08:45:00,1.476,1.485,1.475,1.48,619399.0
2026-01-05 09:00:00,1.48,1.482,1.468,1.471,1673034.3
2026-01-05 09:15:00,1.472,1.474,1.469,1.47,886083.8
2026-01-05 09:30:00,1.47,1.476,1.467,1.47,1087820.9
2026-01-05 09:45:00,1.471,1.474,1.467,1.468,731777.7
2026-01-05 10:00:00,1.469,1.479,1.468,1.477,1150614.2
2026-01-05 10:15:00,1.478,1.481,1.474,1.474,1165914.7
2026-01-05 10:30:00,1.475,1.475,1.458,1.468,2137533.1
2026-01-05 10:45:00,1.469,1.474,1.468,1.472,726299.9
2026-01-05 11:00:00,1.473,1.473,1.467,1.468,831886.0
2026-01-05 11:15:00,1.469,1.479,1.468,1.473,869795.4
2026-01-05 11:30:00,1.474,1.478,1.471,1.476,758746.0
2026-01-05 11:45:00,1.476,1.489,1.475,1.48,2660301.8
2026-01-05 12:00:00,1.481,1.496,1.481,1.492,3636665.6
2026-01-05 12:15:00,1.492,1.494,1.487,1.491,1142669.2
2026-01-05 12:30:00,1.492,1.52,1.49,1.514,3481194.2
2026-01-05 12:45:00,1.514,1.547,1.514,1.527,9229708.5
2026-01-05 13:00:00,1.527,1.534,1.514,1.522,4479346.9
2026-01-05 13:15:00,1.523,1.523,1.507,1.51,2369703.3
2026-01-05 13:30:00,1.51,1.515,1.503,1.504,1554266.6
2026-01-05 13:45:00,1.505,1.511,1.497,1.509,2051687.2
2026-01-05 14:00:00,1.51,1.521,1.509,1.514,1358268.7
2026-01-05 14:15:00,1.514,1.538,1.513,1.537,3065844.3
2026-01-05 14:30:00,1.538,1.553,1.522,1.541,4847373.3
2026-01-05 14:45:00,1.541,1.545,1.534,1.54,2449342.4
2026-01-05 15:00:00,1.541,1.574,1.54,1.571,6330142.0
2026-01-05 15:15:00,1.571,1.623,1.57,1.612,10738155.0
2026-01-05 15:30:00,1.613,1.64,1.603,1.629,6647988.4
2026-01-05 15:45:00,1.629,1.657,1.622,1.651,5276752.3
2026-01-05 16:00:00,1.65,1.688,1.638,1.659,10856353.1
2026-01-05 16:15:00,1.658,1.66,1.586,1.589,11932883.2
2026-01-05 16:30:00,1.59,1.595,1.576,1.58,4388661.6
2026-01-05 16:45:00,1.581,1.592,1.573,1.589,3148037.3
2026-01-05 17:00:00,1.589,1.605,1.588,1.598,3019632.0
2026-01-05 17:15:00,1.598,1.601,1.575,1.59,3891691.2
2026-01-05 17:30:00,1.589,1.607,1.582,1.605,2923648.3
2026-01-05 17:45:00,1.604,1.629,1.604,1.625,3909909.8
2026-01-05 18:00:00,1.625,1.629,1.613,1.619,2051783.4
2026-01-05 18:15:00,1.619,1.619,1.594,1.606,2419101.7
2026-01-05 18:30:00,1.606,1.608,1.596,1.602,1156284.0
2026-01-05 18:45:00,1.602,1.609,1.6,1.606,1099973.5
2026-01-05 19:00:00,1.607,1.611,1.599,1.601,1083676.7
2026-01-05 19:15:00,1.6,1.601,1.586,1.587,1587284.6
2026-01-05 19:30:00,1.588,1.595,1.579,1.583,2161480.1
2026-01-05 19:45:00,1.582,1.584,1.568,1.581,2277336.6
2026-01-05 20:00:00,1.582,1.608,1.58,1.599,3426845.6
2026-01-05 20:15:00,1.599,1.602,1.587,1.599,1514743.8
2026-01-05 20:30:00,1.599,1.599,1.587,1.588,1381101.5
2026-01-05 20:45:00,1.589,1.595,1.584,1.593,669205.4
2026-01-05 21:00:00,1.593,1.593,1.585,1.591,616904.1
2026-01-05 21:15:00,1.591,1.6,1.586,1.587,1019077.2
2026-01-05 21:30:00,1.587,1.59,1.577,1.588,1353835.1
2026-01-05 21:45:00,1.588,1.588,1.57,1.58,1505665.2
2026-01-05 22:00:00,1.579,1.586,1.574,1.585,869050.4
2026-01-05 22:15:00,1.585,1.589,1.583,1.587,487816.8
2026-01-05 22:30:00,1.587,1.594,1.586,1.591,428231.8
2026-01-05 22:45:00,1.591,1.592,1.578,1.583,635153.9
2026-01-05 23:00:00,1.583,1.584,1.561,1.57,2043191.3
2026-01-05 23:15:00,1.57,1.576,1.567,1.569,1460126.1
2026-01-05 23:30:00,1.569,1.574,1.566,1.571,1128252.0
2026-01-05 23:45:00,1.571,1.572,1.567,1.567,503630.3
2026-01-06 00:00:00,1.568,1.578,1.564,1.566,1507736.4
2026-01-06 00:15:00,1.566,1.57,1.545,1.552,3782341.9
2026-01-06 00:30:00,1.552,1.556,1.548,1.554,1159874.4
2026-01-06 00:45:00,1.554,1.559,1.55,1.559,1709669.5
2026-01-06 01:00:00,1.558,1.568,1.556,1.567,1328041.7
2026-01-06 01:15:00,1.567,1.577,1.564,1.574,1892363.1
2026-01-06 01:30:00,1.574,1.576,1.56,1.565,1245352.0
2026-01-06 01:45:00,1.564,1.565,1.547,1.557,3246958.0
2026-01-06 02:00:00,1.557,1.562,1.554,1.56,755478.2
2026-01-06 02:15:00,1.56,1.573,1.557,1.57,813167.6
2026-01-06 02:30:00,1.57,1.573,1.565,1.568,512376.6
2026-01-06 02:45:00,1.569,1.573,1.565,1.57,780982.4
2026-01-06 03:00:00,1.571,1.587,1.569,1.583,1391201.9
2026-01-06 03:15:00,1.584,1.584,1.576,1.581,670577.7
2026-01-06 03:30:00,1.582,1.6,1.582,1.598,1578722.8
2026-01-06 03:45:00,1.599,1.6,1.586,1.59,1555510.8
2026-01-06 04:00:00,1.591,1.593,1.579,1.591,1891334.4
2026-01-06 04:15:00,1.591,1.595,1.587,1.588,882978.5
2026-01-06 04:30:00,1.589,1.595,1.584,1.586,711095.7
2026-01-06 04:45:00,1.586,1.592,1.586,1.589,447049.5
2026-01-06 05:00:00,1.589,1.59,1.58,1.58,634510.2
2026-01-06 05:15:00,1.581,1.584,1.573,1.577,1488641.3
2026-01-06 05:30:00,1.577,1.584,1.572,1.575,778135.0
2026-01-06 05:45:00,1.575,1.578,1.569,1.572,901214.8
2026-01-06 06:00:00,1.571,1.575,1.564,1.57,1029349.2
2026-01-06 06:15:00,1.571,1.572,1.561,1.57,762294.1
2026-01-06 06:30:00,1.571,1.589,1.571,1.588,1247164.1
2026-01-06 06:45:00,1.589,1.589,1.577,1.579,956856.5
2026-01-06 07:00:00,1.579,1.58,1.572,1.573,676726.5
2026-01-06 07:15:00,1.574,1.576,1.564,1.567,1030562.4
2026-01-06 07:30:00,1.566,1.569,1.557,1.563,1074310.3
2026-01-06 07:45:00,1.563,1.566,1.554,1.56,1281608.1
2026-01-06 08:00:00,1.561,1.568,1.559,1.563,1180951.7
2026-01-06 08:15:00,1.564,1.566,1.555,1.558,962290.8
2026-01-06 08:30:00,1.558,1.561,1.556,1.559,458360.8
2026-01-06 08:45:00,1.559,1.562,1.556,1.557,815965.8
2026-01-06 09:00:00,1.557,1.567,1.555,1.563,879240.4
2026-01-06 09:15:00,1.564,1.567,1.56,1.561,585133.3
2026-01-06 09:30:00,1.561,1.567,1.558,1.565,772329.5
2026-01-06 09:45:00,1.565,1.566,1.562,1.563,723260.9
2026-01-06 10:00:00,1.563,1.571,1.562,1.566,784874.7
2026-01-06 10:15:00,1.567,1.569,1.561,1.564,546455.6
2026-01-06 10:30:00,1.564,1.57,1.563,1.568,380151.7
2026-01-06 10:45:00,1.568,1.571,1.564,1.566,493003.6
2026-01-06 11:00:00,1.567,1.571,1.564,1.568,891077.5
2026-01-06 11:15:00,1.568,1.574,1.567,1.572,826068.3
2026-01-06 11:30:00,1.573,1.573,1.565,1.569,791820.8
2026-01-06 11:45:00,1.57,1.58,1.569,1.578,1588008.1
2026-01-06 12:00:00,1.578,1.588,1.575,1.583,1649062.4
2026-01-06 12:15:00,1.583,1.585,1.577,1.582,1005182.7
2026-01-06 12:30:00,1.582,1.584,1.577,1.58,1012016.9
2026-01-06 12:45:00,1.581,1.587,1.581,1.584,471447.0
2026-01-06 13:00:00,1.584,1.592,1.58,1.591,1246357.9
2026-01-06 13:15:00,1.592,1.598,1.59,1.594,1707812.9
2026-01-06 13:30:00,1.595,1.6,1.592,1.592,990390.3
2026-01-06 13:45:00,1.593,1.593,1.583,1.587,1581297.7
2026-01-06 14:00:00,1.586,1.607,1.584,1.603,1596381.1
2026-01-06 14:15:00,1.604,1.611,1.601,1.604,1891833.4
2026-01-06 14:30:00,1.605,1.605,1.588,1.589,1915320.0
2026-01-06 14:45:00,1.59,1.593,1.573,1.586,3452206.8
2026-01-06 15:00:00,1.587,1.594,1.582,1.584,1790195.5
2026-01-06 15:15:00,1.585,1.604,1.585,1.599,1384788.5
2026-01-06 15:30:00,1.6,1.603,1.573,1.58,4762067.9
2026-01-06 15:45:00,1.58,1.591,1.575,1.59,1133840.6
2026-01-06 16:00:00,1.591,1.602,1.571,1.59,3205715.2
2026-01-06 16:15:00,1.59,1.592,1.565,1.57,2358598.5
2026-01-06 16:30:00,1.57,1.58,1.555,1.563,2867641.8
2026-01-06 16:45:00,1.564,1.576,1.551,1.57,2434871.1
2026-01-06 17:00:00,1.57,1.576,1.564,1.572,1031199.5
2026-01-06 17:15:00,1.572,1.574,1.562,1.571,474858.3
2026-01-06 17:30:00,1.571,1.577,1.557,1.56,1312055.3
2026-01-06 17:45:00,1.56,1.56,1.517,1.526,7601539.4
2026-01-06 18:00:00,1.525,1.542,1.52,1.538,2679775.5
2026-01-06 18:15:00,1.539,1.541,1.531,1.535,1036881.0
2026-01-06 18:30:00,1.536,1.539,1.531,1.534,678658.7
2026-01-06 18:45:00,1.533,1.542,1.533,1.536,507342.3
2026-01-06 19:00:00,1.535,1.544,1.533,1.544,525373.5
2026-01-06 19:15:00,1.543,1.544,1.537,1.542,652168.4
2026-01-06 19:30:00,1.541,1.542,1.53,1.534,877575.8
2026-01-06 19:45:00,1.534,1.539,1.533,1.535,699368.6
2026-01-06 20:00:00,1.534,1.55,1.534,1.548,1022709.7
2026-01-06 20:15:00,1.548,1.558,1.548,1.555,1037618.4
2026-01-06 20:30:00,1.554,1.568,1.554,1.565,1128444.2
2026-01-06 20:45:00,1.566,1.574,1.566,1.572,796072.8
2026-01-06 21:00:00,1.571,1.58,1.565,1.578,983227.4
2026-01-06 21:15:00,1.578,1.597,1.576,1.582,2169664.3
2026-01-06 21:30:00,1.582,1.592,1.582,1.587,1138836.7
2026-01-06 21:45:00,1.588,1.594,1.584,1.589,801603.5
2026-01-06 22:00:00,1.588,1.604,1.588,1.597,1398786.0
2026-01-06 22:15:00,1.597,1.601,1.583,1.587,1149421.9
2026-01-06 22:30:00,1.586,1.588,1.575,1.584,855676.8
2026-01-06 22:45:00,1.584,1.589,1.582,1.584,409793.1
2026-01-06 23:00:00,1.583,1.587,1.581,1.584,471071.2
2026-01-06 23:15:00,1.583,1.586,1.579,1.585,652370.1
2026-01-06 23:30:00,1.584,1.589,1.581,1.586,880675.8
2026-01-06 23:45:00,1.585,1.594,1.582,1.591,1084535.2
2026-01-07 00:00:00,1.592,1.605,1.586,1.588,1925024.3
2026-01-07 00:15:00,1.589,1.605,1.587,1.603,1080808.3
2026-01-07 00:30:00,1.604,1.605,1.573,1.579,2891542.8
2026-01-07 00:45:00,1.578,1.581,1.567,1.569,1200463.9
2026-01-07 01:00:00,1.569,1.575,1.566,1.57,822461.5
2026-01-07 01:15:00,1.569,1.583,1.557,1.58,1759076.2
2026-01-07 01:30:00,1.579,1.581,1.564,1.57,1762720.3
2026-01-07 01:45:00,1.569,1.572,1.561,1.563,920336.7
2026-01-07 02:00:00,1.564,1.565,1.552,1.565,1723713.9
2026-01-07 02:15:00,1.565,1.571,1.558,1.56,2286066.8
2026-01-07 02:30:00,1.559,1.565,1.556,1.565,730103.1
2026-01-07 02:45:00,1.564,1.572,1.564,1.57,564436.3
2026-01-07 03:00:00,1.57,1.579,1.57,1.578,724200.8
2026-01-07 03:15:00,1.577,1.58,1.573,1.576,527050.9
2026-01-07 03:30:00,1.575,1.577,1.563,1.565,1091426.5
2026-01-07 03:45:00,1.564,1.569,1.563,1.567,273674.0
2026-01-07 04:00:00,1.567,1.572,1.565,1.57,574235.7
2026-01-07 04:15:00,1.569,1.573,1.564,1.571,421779.6
2026-01-07 04:30:00,1.571,1.572,1.559,1.569,1027096.3
2026-01-07 04:45:00,1.568,1.57,1.563,1.565,431617.1
2026-01-07 05:00:00,1.564,1.568,1.559,1.568,639613.6
2026-01-07 05:15:00,1.567,1.574,1.563,1.563,570288.1
2026-01-07 05:30:00,1.563,1.572,1.562,1.564,440449.7
2026-01-07 05:45:00,1.563,1.564,1.556,1.557,646150.1
2026-01-07 06:00:00,1.556,1.561,1.547,1.559,1720529.3
2026-01-07 06:15:00,1.559,1.567,1.558,1.565,362843.5
2026-01-07 06:30:00,1.566,1.567,1.554,1.558,394356.3
2026-01-07 06:45:00,1.559,1.56,1.556,1.557,245732.2
2026-01-07 07:00:00,1.558,1.573,1.557,1.571,578660.4
2026-01-07 07:15:00,1.572,1.588,1.572,1.586,1266281.0
2026-01-07 07:30:00,1.586,1.593,1.583,1.588,893778.5
2026-01-07 07:45:00,1.588,1.593,1.584,1.589,830682.5
2026-01-07 08:00:00,1.589,1.591,1.585,1.59,901144.1
2026-01-07 08:15:00,1.59,1.595,1.582,1.586,1324336.2
2026-01-07 08:30:00,1.587,1.591,1.582,1.586,989368.9
2026-01-07 08:45:00,1.585,1.599,1.582,1.593,1298077.7
2026-01-07 09:00:00,1.593,1.594,1.575,1.581,1392563.4
2026-01-07 09:15:00,1.581,1.587,1.566,1.57,1299932.0
2026-01-07 09:30:00,1.57,1.573,1.552,1.555,1470331.7
2026-01-07 09:45:00,1.556,1.559,1.55,1.554,1826495.2
2026-01-07 10:00:00,1.554,1.563,1.552,1.561,973716.8
2026-01-07 10:15:00,1.561,1.562,1.554,1.557,528923.7
2026-01-07 10:30:00,1.557,1.567,1.556,1.563,809011.2
2026-01-07 10:45:00,1.563,1.569,1.558,1.56,762938.3
2026-01-07 11:00:00,1.56,1.564,1.558,1.562,594178.0
2026-01-07 11:15:00,1.563,1.568,1.56,1.56,537834.2
2026-01-07 11:30:00,1.56,1.566,1.558,1.562,554289.0
2026-01-07 11:45:00,1.562,1.566,1.555,1.565,586637.9
2026-01-07 12:00:00,1.565,1.565,1.554,1.562,753842.4
2026-01-07 12:15:00,1.561,1.571,1.554,1.559,5059160.7
2026-01-07 12:30:00,1.56,1.563,1.554,1.557,490183.6
2026-01-07 12:45:00,1.557,1.558,1.549,1.554,966553.2
2026-01-07 13:00:00,1.554,1.561,1.543,1.545,1541543.3
2026-01-07 13:15:00,1.544,1.558,1.543,1.553,1217337.8
2026-01-07 13:30:00,1.552,1.555,1.546,1.548,862992.1
2026-01-07 13:45:00,1.547,1.547,1.532,1.536,2242853.7
2026-01-07 14:00:00,1.537,1.539,1.511,1.521,4802858.5
2026-01-07 14:15:00,1.521,1.524,1.515,1.517,1714544.8
2026-01-07 14:30:00,1.518,1.545,1.508,1.538,4233373.5
2026-01-07 14:45:00,1.538,1.545,1.536,1.539,1521232.5
2026-01-07 15:00:00,1.54,1.542,1.503,1.519,5997108.2
2026-01-07 15:15:00,1.519,1.52,1.493,1.514,6510618.0
2026-01-07 15:30:00,1.513,1.516,1.504,1.506,1613869.7
2026-01-07 15:45:00,1.506,1.51,1.502,1.507,1641072.2
2026-01-07 16:00:00,1.507,1.525,1.505,1.52,2141771.9
2026-01-07 16:15:00,1.52,1.527,1.516,1.52,912279.3
2026-01-07 16:30:00,1.521,1.523,1.505,1.516,1867006.6
2026-01-07 16:45:00,1.515,1.519,1.509,1.515,845643.4
2026-01-07 17:00:00,1.516,1.521,1.511,1.517,1369662.2
2026-01-07 17:15:00,1.518,1.527,1.517,1.525,850225.4
2026-01-07 17:30:00,1.525,1.53,1.523,1.527,864121.8
2026-01-07 17:45:00,1.526,1.528,1.517,1.524,918937.9
2026-01-07 18:00:00,1.523,1.53,1.521,1.529,735287.0
2026-01-07 18:15:00,1.529,1.531,1.517,1.529,953719.2
2026-01-07 18:30:00,1.529,1.544,1.529,1.532,2011593.8
2026-01-07 18:45:00,1.531,1.537,1.522,1.53,1190382.6
2026-01-07 19:00:00,1.529,1.535,1.517,1.52,1183957.1
2026-01-07 19:15:00,1.52,1.522,1.514,1.519,1179444.5
2026-01-07 19:30:00,1.519,1.531,1.518,1.528,1108974.4
2026-01-07 19:45:00,1.528,1.533,1.528,1.53,595854.7
2026-01-07 20:00:00,1.529,1.529,1.514,1.516,1343382.6
2026-01-07 20:15:00,1.516,1.518,1.51,1.512,859900.5
2026-01-07 20:30:00,1.511,1.516,1.509,1.514,1016827.4
2026-01-07 20:45:00,1.514,1.517,1.511,1.514,746386.1
2026-01-07 21:00:00,1.513,1.52,1.512,1.515,894161.4
2026-01-07 21:15:00,1.516,1.518,1.513,1.515,442544.2
2026-01-07 21:30:00,1.515,1.518,1.512,1.513,723398.3
2026-01-07 21:45:00,1.514,1.514,1.507,1.509,447519.9
2026-01-07 22:00:00,1.509,1.512,1.501,1.508,955722.1
2026-01-07 22:15:00,1.507,1.516,1.507,1.514,595794.4
2026-01-07 22:30:00,1.513,1.527,1.512,1.514,957594.0
2026-01-07 22:45:00,1.513,1.515,1.503,1.512,323289.7
2026-01-07 23:00:00,1.511,1.521,1.504,1.521,892191.0
2026-01-07 23:15:00,1.52,1.531,1.52,1.528,1262306.9
2026-01-07 23:30:00,1.528,1.528,1.516,1.517,602659.0
2026-01-07 23:45:00,1.517,1.52,1.514,1.518,300893.4
2026-01-08 00:00:00,1.518,1.523,1.51,1.51,826080.6
2026-01-08 00:15:00,1.511,1.516,1.508,1.509,1047186.6
2026-01-08 00:30:00,1.509,1.512,1.506,1.511,874888.8
2026-01-08 00:45:00,1.51,1.52,1.51,1.516,794060.8
2026-01-08 01:00:00,1.517,1.521,1.515,1.517,632820.9
2026-01-08 01:15:00,1.517,1.527,1.511,1.525,1057004.6
2026-01-08 01:30:00,1.525,1.525,1.518,1.518,398929.0
2026-01-08 01:45:00,1.518,1.524,1.517,1.521,676064.7
2026-01-08 02:00:00,1.521,1.524,1.515,1.522,1024696.6
2026-01-08 02:15:00,1.522,1.525,1.509,1.513,1059892.0
2026-01-08 02:30:00,1.513,1.513,1.503,1.509,1234115.8
2026-01-08 02:45:00,1.509,1.511,1.502,1.508,964965.4
2026-01-08 03:00:00,1.508,1.519,1.506,1.515,1258085.7
2026-01-08 03:15:00,1.514,1.517,1.507,1.509,594473.1
2026-01-08 03:30:00,1.508,1.514,1.491,1.499,1938137.2
2026-01-08 03:45:00,1.498,1.506,1.497,1.498,998743.6
2026-01-08 04:00:00,1.497,1.507,1.495,1.501,873920.0
2026-01-08 04:15:00,1.501,1.515,1.498,1.514,922228.5
2026-01-08 04:30:00,1.515,1.516,1.51,1.512,811458.6
2026-01-08 04:45:00,1.513,1.515,1.508,1.511,485476.2
2026-01-08 05:00:00,1.512,1.519,1.508,1.515,887055.0
2026-01-08 05:15:00,1.514,1.519,1.512,1.517,890592.4
2026-01-08 05:30:00,1.517,1.529,1.517,1.52,1613082.3
2026-01-08 05:45:00,1.521,1.523,1.515,1.518,506449.1
2026-01-08 06:00:00,1.518,1.522,1.506,1.512,1988049.0
2026-01-08 06:15:00,1.512,1.512,1.496,1.501,1681605.3
2026-01-08 06:30:00,1.501,1.508,1.499,1.505,714547.6
2026-01-08 06:45:00,1.506,1.507,1.474,1.476,3976427.9
2026-01-08 07:00:00,1.477,1.488,1.466,1.487,3052124.8
2026-01-08 07:15:00,1.486,1.497,1.484,1.496,1007449.7
2026-01-08 07:30:00,1.497,1.5,1.492,1.494,1226623.5
2026-01-08 07:45:00,1.494,1.499,1.491,1.497,722317.1
2026-01-08 08:00:00,1.496,1.499,1.49,1.496,738621.3
2026-01-08 08:15:00,1.495,1.501,1.493,1.498,818082.0
2026-01-08 08:30:00,1.498,1.501,1.486,1.489,1121589.2
2026-01-08 08:45:00,1.489,1.489,1.474,1.477,1778780.6
2026-01-08 09:00:00,1.477,1.485,1.476,1.481,871034.6
2026-01-08 09:15:00,1.48,1.481,1.469,1.47,1221259.7
2026-01-08 09:30:00,1.47,1.474,1.463,1.473,1514517.0
2026-01-08 09:45:00,1.474,1.479,1.466,1.471,1378862.9
2026-01-08 10:00:00,1.47,1.472,1.451,1.465,3676337.7
2026-01-08 10:15:00,1.466,1.478,1.464,1.475,951847.0
2026-01-08 10:30:00,1.476,1.478,1.472,1.473,898027.5
2026-01-08 10:45:00,1.474,1.478,1.473,1.473,1224346.3
2026-01-08 11:00:00,1.473,1.477,1.465,1.469,1001660.1
2026-01-08 11:15:00,1.468,1.474,1.46,1.47,2143425.6
2026-01-08 11:30:00,1.47,1.473,1.463,1.468,1604066.3
2026-01-08 11:45:00,1.468,1.475,1.467,1.473,690524.9
2026-01-08 12:00:00,1.474,1.476,1.463,1.468,1261879.1
2026-01-08 12:15:00,1.468,1.472,1.466,1.47,876335.1
2026-01-08 12:30:00,1.469,1.471,1.461,1.466,1187185.4
2026-01-08 12:45:00,1.466,1.467,1.457,1.465,861431.3
2026-01-08 13:00:00,1.465,1.47,1.463,1.466,470024.5
2026-01-08 13:15:00,1.467,1.472,1.464,1.47,703971.9
2026-01-08 13:30:00,1.471,1.472,1.46,1.466,757981.8
2026-01-08 13:45:00,1.467,1.468,1.459,1.464,548649.0
2026-01-08 14:00:00,1.464,1.469,1.454,1.464,1364590.4
2026-01-08 14:15:00,1.465,1.467,1.453,1.461,1576898.6
2026-01-08 14:30:00,1.46,1.468,1.453,1.456,2459256.0
2026-01-08 14:45:00,1.455,1.476,1.45,1.467,1978973.6
2026-01-08 15:00:00,1.468,1.477,1.461,1.471,1750387.7
2026-01-08 15:15:00,1.471,1.486,1.469,1.485,1840920.4
2026-01-08 15:30:00,1.485,1.488,1.474,1.48,1214954.5
2026-01-08 15:45:00,1.481,1.496,1.477,1.494,1448094.4
2026-01-08 16:00:00,1.495,1.499,1.485,1.486,1908775.9
2026-01-08 16:15:00,1.487,1.488,1.481,1.488,725770.5
2026-01-08 16:30:00,1.487,1.494,1.478,1.491,1075823.6
2026-01-08 16:45:00,1.491,1.496,1.486,1.494,966526.4
2026-01-08 17:00:00,1.495,1.504,1.493,1.494,1262477.1
2026-01-08 17:15:00,1.493,1.495,1.484,1.487,1233240.1
2026-01-08 17:30:00,1.487,1.494,1.486,1.493,602895.0
2026-01-08 17:45:00,1.493,1.499,1.49,1.497,862526.9
2026-01-08 18:00:00,1.497,1.497,1.488,1.489,621117.3
2026-01-08 18:15:00,1.489,1.491,1.483,1.487,496777.5
2026-01-08 18:30:00,1.487,1.493,1.481,1.486,823509.8
2026-01-08 18:45:00,1.485,1.49,1.481,1.483,1091542.9
2026-01-08 19:00:00,1.483,1.489,1.48,1.485,881348.8
2026-01-08 19:15:00,1.484,1.484,1.475,1.479,621409.0
2026-01-08 19:30:00,1.478,1.488,1.478,1.483,575687.9
2026-01-08 19:45:00,1.482,1.485,1.478,1.481,759000.9
2026-01-08 20:00:00,1.481,1.481,1.471,1.474,1492443.4
2026-01-08 20:15:00,1.473,1.477,1.472,1.474,627371.5
2026-01-08 20:30:00,1.473,1.484,1.473,1.481,654681.7
2026-01-08 20:45:00,1.482,1.49,1.481,1.488,875541.4
2026-01-08 21:00:00,1.487,1.496,1.487,1.493,732525.3
2026-01-08 21:15:00,1.493,1.495,1.49,1.493,591863.6
2026-01-08 21:30:00,1.494,1.505,1.493,1.503,595427.1
2026-01-08 21:45:00,1.503,1.507,1.501,1.504,625180.6
2026-01-08 22:00:00,1.505,1.513,1.504,1.51,826516.3
2026-01-08 22:15:00,1.509,1.51,1.501,1.503,714178.6
2026-01-08 22:30:00,1.503,1.504,1.492,1.496,682680.5
2026-01-08 22:45:00,1.497,1.505,1.497,1.503,345561.5
2026-01-08 23:00:00,1.503,1.508,1.501,1.505,373769.2
2026-01-08 23:15:00,1.505,1.51,1.504,1.507,403627.4
2026-01-08 23:30:00,1.507,1.508,1.497,1.498,682709.9
2026-01-08 23:45:00,1.498,1.501,1.494,1.495,564578.9
2026-01-09 00:00:00,1.496,1.502,1.495,1.499,485217.6
2026-01-09 00:15:00,1.5,1.501,1.495,1.496,422933.9
2026-01-09 00:30:00,1.496,1.503,1.496,1.502,492121.4
2026-01-09 00:45:00,1.502,1.508,1.501,1.506,521202.3
2026-01-09 01:00:00,1.506,1.514,1.506,1.512,434691.1
2026-01-09 01:15:00,1.513,1.52,1.499,1.518,1902365.2
2026-01-09 01:30:00,1.518,1.522,1.494,1.499,2138391.9
2026-01-09 01:45:00,1.5,1.507,1.498,1.505,618911.2
2026-01-09 02:00:00,1.504,1.516,1.504,1.515,846841.4
2026-01-09 02:15:00,1.514,1.515,1.506,1.507,526953.9
2026-01-09 02:30:00,1.507,1.509,1.504,1.507,441176.7
2026-01-09 02:45:00,1.508,1.509,1.502,1.503,403325.5
2026-01-09 03:00:00,1.503,1.514,1.498,1.513,602028.5
2026-01-09 03:15:00,1.513,1.516,1.505,1.506,792536.2
2026-01-09 03:30:00,1.506,1.513,1.504,1.511,882623.1
2026-01-09 03:45:00,1.51,1.517,1.509,1.516,532998.7
2026-01-09 04:00:00,1.515,1.519,1.513,1.515,397244.3
2026-01-09 04:15:00,1.515,1.525,1.514,1.522,645652.7
2026-01-09 04:30:00,1.522,1.523,1.512,1.518,801609.9
2026-01-09 04:45:00,1.517,1.519,1.512,1.514,447607.8
2026-01-09 05:00:00,1.515,1.52,1.512,1.515,582507.2
2026-01-09 05:15:00,1.516,1.518,1.511,1.514,583150.2
2026-01-09 05:30:00,1.515,1.519,1.512,1.518,405774.0
2026-01-09 05:45:00,1.518,1.524,1.517,1.524,403522.3
2026-01-09 06:00:00,1.523,1.524,1.519,1.523,588561.8
2026-01-09 06:15:00,1.524,1.529,1.517,1.519,741203.4
2026-01-09 06:30:00,1.519,1.524,1.518,1.519,522932.2
2026-01-09 06:45:00,1.519,1.522,1.516,1.518,528836.1
2026-01-09 07:00:00,1.518,1.52,1.514,1.516,609776.3
2026-01-09 07:15:00,1.516,1.519,1.514,1.515,624430.8
2026-01-09 07:30:00,1.515,1.517,1.509,1.509,1124431.2
2026-01-09 07:45:00,1.509,1.511,1.506,1.509,465885.6
2026-01-09 08:00:00,1.509,1.512,1.497,1.501,1773259.0
2026-01-09 08:15:00,1.501,1.506,1.5,1.501,787038.9
2026-01-09 08:30:00,1.501,1.502,1.487,1.489,1915715.6
2026-01-09 08:45:00,1.488,1.49,1.471,1.481,2739558.8
2026-01-09 09:00:00,1.481,1.492,1.479,1.482,1747132.9
2026-01-09 09:15:00,1.481,1.488,1.475,1.487,2455688.2
2026-01-09 09:30:00,1.488,1.489,1.483,1.485,699470.5
2026-01-09 09:45:00,1.486,1.487,1.48,1.482,451417.2
2026-01-09 10:00:00,1.482,1.488,1.478,1.485,605275.6
2026-01-09 10:15:00,1.485,1.488,1.482,1.485,703070.7
2026-01-09 10:30:00,1.484,1.486,1.481,1.484,390536.1
2026-01-09 10:45:00,1.483,1.49,1.482,1.489,497527.1
2026-01-09 11:00:00,1.49,1.494,1.487,1.493,555004.9
2026-01-09 11:15:00,1.493,1.495,1.487,1.49,504302.9
2026-01-09 11:30:00,1.489,1.493,1.486,1.488,581693.4
2026-01-09 11:45:00,1.489,1.491,1.484,1.486,518217.7
2026-01-09 12:00:00,1.487,1.493,1.482,1.483,672390.0
2026-01-09 12:15:00,1.483,1.484,1.478,1.483,618675.6
2026-01-09 12:30:00,1.484,1.485,1.479,1.481,408347.1
2026-01-09 12:45:00,1.481,1.484,1.48,1.481,214806.0
2026-01-09 13:00:00,1.482,1.494,1.481,1.491,483609.7
2026-01-09 13:15:00,1.491,1.501,1.491,1.496,1120384.8
2026-01-09 13:30:00,1.497,1.508,1.49,1.494,1554970.9
2026-01-09 13:45:00,1.495,1.499,1.491,1.496,513595.2
2026-01-09 14:00:00,1.497,1.498,1.482,1.483,966534.5
2026-01-09 14:15:00,1.483,1.489,1.482,1.486,518447.3
2026-01-09 14:30:00,1.487,1.496,1.477,1.482,1530575.0
2026-01-09 14:45:00,1.482,1.487,1.477,1.483,1086000.9
2026-01-09 15:00:00,1.483,1.488,1.472,1.486,1399532.2
2026-01-09 15:15:00,1.486,1.519,1.483,1.514,1912086.0
2026-01-09 15:30:00,1.514,1.526,1.504,1.506,3061596.3
2026-01-09 15:45:00,1.506,1.515,1.498,1.514,1425895.0
2026-01-09 16:00:00,1.514,1.529,1.512,1.527,1472893.7
2026-01-09 16:15:00,1.527,1.533,1.517,1.519,1488510.6
2026-01-09 16:30:00,1.518,1.525,1.513,1.517,576131.9
2026-01-09 16:45:00,1.517,1.526,1.515,1.525,564037.0
2026-01-09 17:00:00,1.525,1.526,1.509,1.514,862194.6
2026-01-09 17:15:00,1.513,1.513,1.498,1.503,1113840.8
2026-01-09 17:30:00,1.503,1.505,1.495,1.501,934666.7
2026-01-09 17:45:00,1.501,1.514,1.499,1.513,444361.0
2026-01-09 18:00:00,1.513,1.515,1.504,1.506,493925.3
2026-01-09 18:15:00,1.505,1.505,1.484,1.486,1262439.4
2026-01-09 18:30:00,1.486,1.496,1.478,1.495,1098500.3
2026-01-09 18:45:00,1.494,1.499,1.49,1.496,647173.9
2026-01-09 19:00:00,1.495,1.496,1.483,1.484,619889.1
2026-01-09 19:15:00,1.483,1.485,1.478,1.482,842734.6
2026-01-09 19:30:00,1.482,1.482,1.475,1.478,859295.9
2026-01-09 19:45:00,1.477,1.487,1.475,1.48,645351.5
2026-01-09 20:00:00,1.479,1.485,1.477,1.481,612007.6
2026-01-09 20:15:00,1.481,1.486,1.48,1.484,740803.8
2026-01-09 20:30:00,1.484,1.494,1.481,1.483,596828.0
2026-01-09 20:45:00,1.483,1.488,1.48,1.482,564331.7
2026-01-09 21:00:00,1.482,1.485,1.476,1.483,531123.0
2026-01-09 21:15:00,1.482,1.493,1.48,1.491,616629.8
2026-01-09 21:30:00,1.49,1.495,1.486,1.489,367155.2
2026-01-09 21:45:00,1.49,1.495,1.488,1.493,297863.1
2026-01-09 22:00:00,1.493,1.493,1.486,1.488,731622.7
2026-01-09 22:15:00,1.488,1.491,1.483,1.489,561675.5
2026-01-09 22:30:00,1.49,1.495,1.487,1.487,675684.8
2026-01-09 22:45:00,1.488,1.49,1.486,1.487,257422.9
2026-01-09 23:00:00,1.488,1.489,1.484,1.486,320448.7
2026-01-09 23:15:00,1.486,1.491,1.485,1.487,424518.7
2026-01-09 23:30:00,1.486,1.489,1.482,1.484,285866.2
2026-01-09 23:45:00,1.484,1.488,1.483,1.488,283565.8
2026-01-10 00:00:00,1.488,1.489,1.48,1.481,454939.6
2026-01-10 00:15:00,1.48,1.482,1.477,1.481,461941.6
2026-01-10 00:30:00,1.482,1.482,1.475,1.478,409782.2
2026-01-10 00:45:00,1.478,1.48,1.474,1.478,583695.4
2026-01-10 01:00:00,1.479,1.482,1.474,1.478,400243.7
2026-01-10 01:15:00,1.477,1.483,1.476,1.481,438452.2
2026-01-10 01:30:00,1.482,1.483,1.478,1.482,607817.4
2026-01-10 01:45:00,1.481,1.484,1.479,1.481,296523.8
2026-01-10 02:00:00,1.482,1.486,1.481,1.485,364893.8
2026-01-10 02:15:00,1.486,1.486,1.482,1.483,714866.7
2026-01-10 02:30:00,1.484,1.484,1.473,1.474,485924.5
2026-01-10 02:45:00,1.475,1.479,1.473,1.477,249992.9
2026-01-10 03:00:00,1.476,1.478,1.463,1.466,1397038.0
2026-01-10 03:15:00,1.465,1.473,1.463,1.472,396641.8
2026-01-10 03:30:00,1.472,1.473,1.464,1.468,588915.1
2026-01-10 03:45:00,1.468,1.475,1.468,1.473,344225.4
2026-01-10 04:00:00,1.473,1.473,1.457,1.461,950018.8
2026-01-10 04:15:00,1.462,1.466,1.46,1.462,316319.2
2026-01-10 04:30:00,1.463,1.467,1.46,1.466,261043.0
2026-01-10 04:45:00,1.466,1.469,1.463,1.465,272640.8
2026-01-10 05:00:00,1.465,1.466,1.461,1.464,279851.4
2026-01-10 05:15:00,1.464,1.465,1.46,1.462,339682.8
2026-01-10 05:30:00,1.462,1.466,1.461,1.465,192072.5
2026-01-10 05:45:00,1.465,1.468,1.464,1.465,260372.4
2026-01-10 06:00:00,1.465,1.47,1.464,1.467,271035.5
2026-01-10 06:15:00,1.468,1.47,1.463,1.469,580314.2
2026-01-10 06:30:00,1.47,1.473,1.466,1.472,375977.7
2026-01-10 06:45:00,1.473,1.474,1.468,1.469,333705.5
2026-01-10 07:00:00,1.469,1.481,1.467,1.479,708715.3
2026-01-10 07:15:00,1.479,1.48,1.475,1.476,576594.1
2026-01-10 07:30:00,1.477,1.482,1.476,1.478,642694.8
2026-01-10 07:45:00,1.479,1.483,1.478,1.48,346074.7
2026-01-10 08:00:00,1.48,1.483,1.479,1.481,582540.9
2026-01-10 08:15:00,1.481,1.483,1.478,1.481,395656.0
2026-01-10 08:30:00,1.482,1.483,1.478,1.48,337485.1
2026-01-10 08:45:00,1.481,1.482,1.479,1.481,185308.4
2026-01-10 09:00:00,1.482,1.489,1.48,1.485,645444.6
2026-01-10 09:15:00,1.486,1.489,1.484,1.487,265757.9
2026-01-10 09:30:00,1.488,1.492,1.486,1.49,365756.2
2026-01-10 09:45:00,1.49,1.494,1.488,1.49,431133.7
2026-01-10 10:00:00,1.491,1.494,1.489,1.492,341226.7
2026-01-10 10:15:00,1.492,1.493,1.486,1.487,352799.2
2026-01-10 10:30:00,1.487,1.492,1.486,1.49,273046.8
2026-01-10 10:45:00,1.49,1.494,1.489,1.492,217367.1
2026-01-10 11:00:00,1.492,1.494,1.489,1.49,512952.8
2026-01-10 11:15:00,1.491,1.493,1.489,1.49,404435.7
2026-01-10 11:30:00,1.49,1.496,1.49,1.495,214910.3
2026-01-10 11:45:00,1.495,1.498,1.492,1.497,260340.3
2026-01-10 12:00:00,1.498,1.499,1.493,1.496,459002.3
2026-01-10 12:15:00,1.496,1.5,1.495,1.497,334570.4
2026-01-10 12:30:00,1.497,1.502,1.494,1.499,565021.5
2026-01-10 12:45:00,1.499,1.507,1.498,1.503,541133.6
2026-01-10 13:00:00,1.504,1.505,1.499,1.502,373354.3
2026-01-10 13:15:00,1.503,1.508,1.502,1.503,449474.8
2026-01-10 13:30:00,1.503,1.509,1.502,1.507,585210.3
2026-01-10 13:45:00,1.508,1.509,1.504,1.505,368027.3
2026-01-10 14:00:00,1.505,1.506,1.495,1.498,964635.1
2026-01-10 14:15:00,1.498,1.498,1.492,1.493,556658.0
2026-01-10 14:30:00,1.493,1.493,1.489,1.489,266035.8
2026-01-10 14:45:00,1.49,1.492,1.488,1.492,396892.9
2026-01-10 15:00:00,1.492,1.495,1.489,1.491,303740.0
2026-01-10 15:15:00,1.492,1.493,1.488,1.489,188380.1
2026-01-10 15:30:00,1.488,1.492,1.487,1.49,149286.5
2026-01-10 15:45:00,1.489,1.492,1.488,1.491,166445.9
2026-01-10 16:00:00,1.49,1.495,1.486,1.488,686202.9
2026-01-10 16:15:00,1.488,1.49,1.484,1.488,380131.7
2026-01-10 16:30:00,1.488,1.492,1.485,1.487,474710.2
2026-01-10 16:45:00,1.488,1.489,1.484,1.488,200337.0
2026-01-10 17:00:00,1.488,1.491,1.488,1.491,441614.5
2026-01-10 17:15:00,1.49,1.493,1.489,1.492,181830.4
2026-01-10 17:30:00,1.492,1.493,1.485,1.488,188609.4
2026-01-10 17:45:00,1.487,1.488,1.477,1.481,914006.1
2026-01-10 18:00:00,1.482,1.483,1.477,1.482,646039.0
2026-01-10 18:15:00,1.482,1.489,1.479,1.488,376795.8
2026-01-10 18:30:00,1.488,1.492,1.487,1.49,416485.5
2026-01-10 18:45:00,1.489,1.491,1.488,1.489,338643.6
2026-01-10 19:00:00,1.489,1.507,1.487,1.505,1396204.6
2026-01-10 19:15:00,1.506,1.509,1.499,1.503,895360.7
2026-01-10 19:30:00,1.504,1.508,1.503,1.503,502541.3
2026-01-10 19:45:00,1.503,1.507,1.5,1.506,696161.6
2026-01-10 20:00:00,1.507,1.508,1.504,1.505,675274.4
2026-01-10 20:15:00,1.506,1.507,1.498,1.5,819673.6
2026-01-10 20:30:00,1.499,1.5,1.495,1.495,580062.2
2026-01-10 20:45:00,1.496,1.498,1.495,1.496,318666.4
2026-01-10 21:00:00,1.495,1.498,1.487,1.49,1340948.6
2026-01-10 21:15:00,1.491,1.495,1.487,1.489,883280.8
2026-01-10 21:30:00,1.489,1.49,1.485,1.487,412194.9
2026-01-10 21:45:00,1.486,1.488,1.483,1.484,328473.7
2026-01-10 22:00:00,1.483,1.488,1.482,1.485,439896.9
2026-01-10 22:15:00,1.484,1.486,1.48,1.484,266309.9
2026-01-10 22:30:00,1.484,1.488,1.484,1.487,306543.7
2026-01-10 22:45:00,1.488,1.488,1.473,1.475,446537.6
2026-01-10 23:00:00,1.474,1.483,1.473,1.477,551961.6
2026-01-10 23:15:00,1.476,1.482,1.476,1.48,247998.1
2026-01-10 23:30:00,1.48,1.483,1.477,1.482,261036.7
2026-01-10 23:45:00,1.482,1.484,1.479,1.48,143346.2
2026-01-11 00:00:00,1.481,1.484,1.476,1.482,665287.2
2026-01-11 00:15:00,1.482,1.484,1.479,1.483,302534.2
2026-01-11 00:30:00,1.483,1.484,1.479,1.482,259822.3
2026-01-11 00:45:00,1.482,1.488,1.481,1.485,378201.3
2026-01-11 01:00:00,1.486,1.49,1.485,1.486,313591.2
2026-01-11 01:15:00,1.487,1.493,1.486,1.491,362150.7
2026-01-11 01:30:00,1.491,1.496,1.488,1.494,416182.8
2026-01-11 01:45:00,1.494,1.494,1.491,1.493,221160.7
2026-01-11 02:00:00,1.493,1.494,1.488,1.493,220508.1
2026-01-11 02:15:00,1.494,1.495,1.49,1.492,403709.1
2026-01-11 02:30:00,1.493,1.493,1.49,1.491,257294.1
2026-01-11 02:45:00,1.491,1.492,1.487,1.488,161489.5
2026-01-11 03:00:00,1.488,1.49,1.485,1.486,255271.3
2026-01-11 03:15:00,1.487,1.49,1.485,1.485,291951.3
2026-01-11 03:30:00,1.485,1.487,1.485,1.485,139341.3
2026-01-11 03:45:00,1.485,1.487,1.485,1.486,205844.3
2026-01-11 04:00:00,1.486,1.489,1.482,1.484,625020.5
2026-01-11 04:15:00,1.483,1.484,1.479,1.48,312565.9
2026-01-11 04:30:00,1.48,1.484,1.48,1.481,179823.7
2026-01-11 04:45:00,1.482,1.488,1.481,1.488,241370.4
2026-01-11 05:00:00,1.487,1.488,1.486,1.486,117019.7
2026-01-11 05:15:00,1.487,1.487,1.48,1.481,353708.2
2026-01-11 05:30:00,1.482,1.486,1.482,1.484,291170.8
2026-01-11 05:45:00,1.484,1.488,1.482,1.484,397216.2
2026-01-11 06:00:00,1.485,1.487,1.482,1.484,216945.7
2026-01-11 06:15:00,1.484,1.485,1.474,1.476,697218.2
2026-01-11 06:30:00,1.477,1.479,1.475,1.477,228227.9
2026-01-11 06:45:00,1.478,1.484,1.478,1.483,155741.7
2026-01-11 07:00:00,1.483,1.484,1.478,1.48,305325.6
2026-01-11 07:15:00,1.481,1.483,1.478,1.48,193211.6
2026-01-11 07:30:00,1.481,1.482,1.478,1.481,255466.3
2026-01-11 07:45:00,1.482,1.484,1.479,1.482,214774.6
2026-01-11 08:00:00,1.482,1.483,1.479,1.48,260755.1
2026-01-11 08:15:00,1.481,1.483,1.48,1.48,162070.7
2026-01-11 08:30:00,1.481,1.485,1.479,1.481,388608.1
2026-01-11 08:45:00,1.481,1.487,1.48,1.484,347596.4
2026-01-11 09:00:00,1.484,1.487,1.479,1.48,787822.8
2026-01-11 09:15:00,1.48,1.486,1.48,1.484,269421.9
2026-01-11 09:30:00,1.485,1.487,1.481,1.483,420665.9
2026-01-11 09:45:00,1.484,1.492,1.484,1.489,620394.6
2026-01-11 10:00:00,1.49,1.492,1.486,1.491,436446.5
2026-01-11 10:15:00,1.492,1.492,1.486,1.487,306736.1
2026-01-11 10:30:00,1.488,1.488,1.483,1.483,526504.1
2026-01-11 10:45:00,1.483,1.487,1.482,1.486,246230.9
2026-01-11 11:00:00,1.487,1.489,1.484,1.486,236297.9
2026-01-11 11:15:00,1.487,1.49,1.486,1.487,195646.2
2026-01-11 11:30:00,1.488,1.492,1.488,1.49,348552.4
2026-01-11 11:45:00,1.49,1.507,1.489,1.506,1675523.4
2026-01-11 12:00:00,1.506,1.507,1.498,1.504,990447.7
2026-01-11 12:15:00,1.505,1.506,1.498,1.5,595236.1
2026-01-11 12:30:00,1.501,1.502,1.499,1.5,328597.3
2026-01-11 12:45:00,1.5,1.507,1.499,1.505,790978.9
2026-01-11 13:00:00,1.506,1.508,1.503,1.506,254458.7
2026-01-11 13:15:00,1.507,1.507,1.496,1.497,751567.7
2026-01-11 13:30:00,1.498,1.498,1.491,1.492,713933.4
2026-01-11 13:45:00,1.493,1.495,1.491,1.492,378656.7
2026-01-11 14:00:00,1.493,1.494,1.491,1.493,295503.9
2026-01-11 14:15:00,1.494,1.496,1.491,1.494,306692.3
2026-01-11 14:30:00,1.495,1.495,1.487,1.489,539748.2
2026-01-11 14:45:00,1.49,1.498,1.489,1.496,497046.3
2026-01-11 15:00:00,1.496,1.498,1.483,1.484,915693.5
2026-01-11 15:15:00,1.484,1.488,1.483,1.484,463887.9
2026-01-11 15:30:00,1.484,1.486,1.474,1.477,1405928.7
2026-01-11 15:45:00,1.477,1.481,1.468,1.477,1792250.3
2026-01-11 16:00:00,1.477,1.482,1.476,1.477,631473.6
2026-01-11 16:15:00,1.478,1.493,1.477,1.489,959256.0
2026-01-11 16:30:00,1.489,1.501,1.489,1.494,1507731.6
2026-01-11 16:45:00,1.493,1.495,1.488,1.493,618241.7
2026-01-11 17:00:00,1.493,1.502,1.493,1.499,612572.5
2026-01-11 17:15:00,1.499,1.499,1.491,1.492,412805.8
2026-01-11 17:30:00,1.493,1.507,1.484,1.505,2860764.9
2026-01-11 17:45:00,1.505,1.515,1.501,1.509,1328603.5
2026-01-11 18:00:00,1.51,1.512,1.5,1.503,867455.7
2026-01-11 18:15:00,1.503,1.505,1.501,1.501,196779.1
2026-01-11 18:30:00,1.502,1.503,1.495,1.499,554359.2
2026-01-11 18:45:00,1.499,1.504,1.497,1.5,365040.7
2026-01-11 19:00:00,1.5,1.506,1.499,1.503,490822.4
2026-01-11 19:15:00,1.503,1.504,1.497,1.498,229774.4
2026-01-11 19:30:00,1.498,1.499,1.495,1.496,242196.4
2026-01-11 19:45:00,1.496,1.496,1.489,1.489,476836.7
2026-01-11 20:00:00,1.489,1.49,1.464,1.473,5262441.2
2026-01-11 20:15:00,1.472,1.472,1.453,1.461,2480551.1
2026-01-11 20:30:00,1.46,1.469,1.457,1.467,825435.3
2026-01-11 20:45:00,1.466,1.468,1.465,1.467,330137.1
2026-01-11 21:00:00,1.466,1.466,1.455,1.461,826486.9
2026-01-11 21:15:00,1.461,1.465,1.46,1.462,350387.3
2026-01-11 21:30:00,1.461,1.466,1.46,1.463,538341.5
2026-01-11 21:45:00,1.462,1.471,1.461,1.469,591242.9
2026-01-11 22:00:00,1.468,1.468,1.442,1.449,2776440.6
2026-01-11 22:15:00,1.449,1.452,1.444,1.45,762628.9
2026-01-11 22:30:00,1.449,1.46,1.448,1.46,528027.8
2026-01-11 22:45:00,1.459,1.459,1.443,1.445,787251.4
2026-01-11 23:00:00,1.444,1.449,1.427,1.448,2528945.5
2026-01-11 23:15:00,1.448,1.459,1.446,1.45,1200120.7
2026-01-11 23:30:00,1.45,1.453,1.446,1.452,656121.7
2026-01-11 23:45:00,1.452,1.457,1.45,1.455,588786.3
2026-01-12 00:00:00,1.455,1.457,1.449,1.453,835929.2
2026-01-12 00:15:00,1.453,1.467,1.451,1.464,1041710.6
2026-01-12 00:30:00,1.464,1.469,1.449,1.45,1063246.0
2026-01-12 00:45:00,1.451,1.467,1.441,1.467,1365549.3
2026-01-12 01:00:00,1.466,1.484,1.464,1.478,2246067.2
2026-01-12 01:15:00,1.478,1.503,1.474,1.501,1515278.5
2026-01-12 01:30:00,1.501,1.503,1.48,1.484,1880234.8
2026-01-12 01:45:00,1.484,1.493,1.483,1.49,840916.5
2026-01-12 02:00:00,1.49,1.504,1.489,1.503,1245198.0
2026-01-12 02:15:00,1.502,1.507,1.49,1.495,1166839.0
2026-01-12 02:30:00,1.496,1.498,1.49,1.496,599396.4
2026-01-12 02:45:00,1.497,1.506,1.497,1.504,974163.1
2026-01-12 03:00:00,1.504,1.508,1.497,1.508,1386681.6
2026-01-12 03:15:00,1.508,1.51,1.503,1.506,804507.1
2026-01-12 03:30:00,1.506,1.508,1.493,1.494,805225.5
2026-01-12 03:45:00,1.495,1.497,1.487,1.489,399420.3
2026-01-12 04:00:00,1.488,1.493,1.483,1.492,929743.3
2026-01-12 04:15:00,1.492,1.494,1.49,1.49,340785.7
2026-01-12 04:30:00,1.49,1.507,1.489,1.502,1579180.0
2026-01-12 04:45:00,1.502,1.505,1.501,1.502,309447.9
2026-01-12 05:00:00,1.503,1.507,1.496,1.501,814452.0
2026-01-12 05:15:00,1.502,1.507,1.5,1.506,444758.2
2026-01-12 05:30:00,1.506,1.508,1.499,1.5,506822.1
2026-01-12 05:45:00,1.501,1.501,1.497,1.5,343535.4
2026-01-12 06:00:00,1.5,1.501,1.487,1.494,1569698.2
2026-01-12 06:15:00,1.495,1.496,1.488,1.49,620030.5
2026-01-12 06:30:00,1.489,1.492,1.485,1.489,527477.5
2026-01-12 06:45:00,1.49,1.49,1.483,1.485,348660.1
2026-01-12 07:00:00,1.486,1.495,1.483,1.486,623072.0
2026-01-12 07:15:00,1.485,1.488,1.478,1.483,980390.4
2026-01-12 07:30:00,1.483,1.483,1.468,1.471,1571440.4
2026-01-12 07:45:00,1.471,1.472,1.466,1.469,792351.9
2026-01-12 08:00:00,1.468,1.478,1.468,1.473,759429.4
2026-01-12 08:15:00,1.472,1.476,1.469,1.469,587288.7
2026-01-12 08:30:00,1.47,1.47,1.45,1.452,2632682.1
2026-01-12 08:45:00,1.452,1.462,1.447,1.46,925081.4
2026-01-12 09:00:00,1.46,1.461,1.454,1.456,660342.3
2026-01-12 09:15:00,1.457,1.462,1.454,1.455,630253.0
2026-01-12 09:30:00,1.454,1.46,1.454,1.457,498984.4
2026-01-12 09:45:00,1.457,1.459,1.452,1.454,331209.6
2026-01-12 10:00:00,1.455,1.461,1.453,1.456,529930.9
2026-01-12 10:15:00,1.455,1.46,1.455,1.457,716273.0
2026-01-12 10:30:00,1.456,1.459,1.454,1.455,336174.8
2026-01-12 10:45:00,1.455,1.456,1.45,1.453,338104.5
2026-01-12 11:00:00,1.452,1.459,1.451,1.457,439565.3
2026-01-12 11:15:00,1.457,1.464,1.456,1.462,474474.2
2026-01-12 11:30:00,1.462,1.465,1.46,1.462,440579.9
2026-01-12 11:45:00,1.462,1.466,1.461,1.462,223420.9
2026-01-12 12:00:00,1.463,1.466,1.459,1.461,496883.6
2026-01-12 12:15:00,1.461,1.463,1.459,1.459,299397.6
2026-01-12 12:30:00,1.459,1.461,1.454,1.457,643725.6
2026-01-12 12:45:00,1.457,1.463,1.457,1.458,405377.4
2026-01-12 13:00:00,1.458,1.462,1.449,1.452,1011597.6
2026-01-12 13:15:00,1.451,1.454,1.448,1.452,462078.8
2026-01-12 13:30:00,1.451,1.454,1.44,1.445,954717.0
2026-01-12 13:45:00,1.445,1.448,1.44,1.443,1234471.6
2026-01-12 14:00:00,1.442,1.45,1.442,1.448,609990.8
2026-01-12 14:15:00,1.448,1.449,1.432,1.444,2004339.6
2026-01-12 14:30:00,1.443,1.464,1.442,1.454,1758710.8
2026-01-12 14:45:00,1.454,1.463,1.45,1.459,682231.7
2026-01-12 15:00:00,1.46,1.462,1.454,1.462,657744.8
2026-01-12 15:15:00,1.462,1.474,1.46,1.472,1300706.7
2026-01-12 15:30:00,1.473,1.495,1.47,1.487,3740090.5
2026-01-12 15:45:00,1.487,1.492,1.482,1.487,962137.3
2026-01-12 16:00:00,1.487,1.49,1.479,1.482,1815070.6
2026-01-12 16:15:00,1.483,1.492,1.479,1.491,973978.4
2026-01-12 16:30:00,1.491,1.498,1.482,1.487,1348229.3
2026-01-12 16:45:00,1.486,1.487,1.479,1.485,669061.9
2026-01-12 17:00:00,1.485,1.487,1.478,1.481,608182.6
2026-01-12 17:15:00,1.481,1.487,1.47,1.473,846223.2
2026-01-12 17:30:00,1.472,1.473,1.457,1.465,1953942.3
2026-01-12 17:45:00,1.465,1.47,1.464,1.467,656493.5
2026-01-12 18:00:00,1.467,1.47,1.46,1.465,1234818.3
2026-01-12 18:15:00,1.466,1.473,1.465,1.472,501166.6
2026-01-12 18:30:00,1.471,1.472,1.434,1.449,4485331.7
2026-01-12 18:45:00,1.449,1.454,1.447,1.453,954383.5
2026-01-12 19:00:00,1.452,1.463,1.447,1.458,1007996.4
2026-01-12 19:15:00,1.458,1.463,1.457,1.461,554493.1
2026-01-12 19:30:00,1.462,1.467,1.46,1.462,718474.9
2026-01-12 19:45:00,1.462,1.47,1.459,1.468,466800.7
2026-01-12 20:00:00,1.469,1.484,1.466,1.48,1227051.9
2026-01-12 20:15:00,1.481,1.482,1.473,1.474,738430.9
2026-01-12 20:30:00,1.474,1.475,1.461,1.463,583889.1
2026-01-12 20:45:00,1.462,1.466,1.459,1.46,516882.0
2026-01-12 21:00:00,1.461,1.463,1.453,1.46,571861.5
2026-01-12 21:15:00,1.46,1.462,1.456,1.456,579035.1
2026-01-12 21:30:00,1.456,1.458,1.453,1.453,360022.8
2026-01-12 21:45:00,1.453,1.456,1.443,1.453,869299.7
2026-01-12 22:00:00,1.454,1.464,1.452,1.46,623237.8
2026-01-12 22:15:00,1.46,1.462,1.456,1.459,334787.4
2026-01-12 22:30:00,1.459,1.469,1.457,1.465,514232.6
2026-01-12 22:45:00,1.465,1.466,1.459,1.464,279348.0
2026-01-12 23:00:00,1.465,1.465,1.455,1.46,359750.3
2026-01-12 23:15:00,1.46,1.468,1.459,1.466,364332.6
2026-01-12 23:30:00,1.467,1.469,1.459,1.461,454739.3
2026-01-12 23:45:00,1.461,1.464,1.459,1.46,232250.0
2026-01-13 00:00:00,1.459,1.468,1.458,1.464,677381.5
2026-01-13 00:15:00,1.463,1.472,1.462,1.466,654298.3
2026-01-13 00:30:00,1.467,1.468,1.458,1.463,531895.3
2026-01-13 00:45:00,1.463,1.464,1.461,1.461,278886.5
2026-01-13 01:00:00,1.462,1.468,1.461,1.465,313777.3
2026-01-13 01:15:00,1.466,1.469,1.462,1.464,422273.8
2026-01-13 01:30:00,1.465,1.467,1.455,1.457,392678.0
2026-01-13 01:45:00,1.456,1.464,1.455,1.464,364396.5
2026-01-13 02:00:00,1.464,1.476,1.463,1.469,581035.1
2026-01-13 02:15:00,1.47,1.473,1.467,1.468,367881.9
2026-01-13 02:30:00,1.468,1.47,1.461,1.464,546995.6
2026-01-13 02:45:00,1.463,1.466,1.459,1.461,330301.3
2026-01-13 03:00:00,1.46,1.464,1.456,1.461,901974.5
2026-01-13 03:15:00,1.461,1.467,1.461,1.464,618918.5
2026-01-13 03:30:00,1.465,1.471,1.462,1.47,681353.6
2026-01-13 03:45:00,1.47,1.473,1.466,1.469,296968.3
2026-01-13 04:00:00,1.469,1.478,1.468,1.476,817706.0
2026-01-13 04:15:00,1.476,1.478,1.471,1.474,567615.1
2026-01-13 04:30:00,1.474,1.478,1.469,1.476,418350.7
2026-01-13 04:45:00,1.476,1.479,1.473,1.478,347300.0
2026-01-13 05:00:00,1.478,1.486,1.478,1.484,734287.9
2026-01-13 05:15:00,1.484,1.495,1.482,1.49,1483885.7
2026-01-13 05:30:00,1.491,1.493,1.484,1.485,860539.8
2026-01-13 05:45:00,1.486,1.488,1.479,1.481,662427.4
2026-01-13 06:00:00,1.482,1.488,1.48,1.487,1082038.4
2026-01-13 06:15:00,1.488,1.488,1.483,1.483,305097.4
2026-01-13 06:30:00,1.483,1.489,1.482,1.483,552983.5
2026-01-13 06:45:00,1.484,1.493,1.484,1.489,800088.4
2026-01-13 07:00:00,1.489,1.492,1.484,1.485,803654.0
2026-01-13 07:15:00,1.486,1.486,1.482,1.483,340111.6
2026-01-13 07:30:00,1.484,1.485,1.482,1.484,248691.0
2026-01-13 07:45:00,1.484,1.486,1.482,1.485,200706.3
2026-01-13 08:00:00,1.485,1.487,1.48,1.48,419158.7
2026-01-13 08:15:00,1.481,1.483,1.477,1.478,427268.3
2026-01-13 08:30:00,1.479,1.483,1.476,1.481,1172591.0
2026-01-13 08:45:00,1.482,1.487,1.48,1.484,627320.6
2026-01-13 09:00:00,1.484,1.487,1.481,1.485,763457.9
2026-01-13 09:15:00,1.486,1.487,1.48,1.485,609652.2
2026-01-13 09:30:00,1.486,1.489,1.477,1.481,862010.1
2026-01-13 09:45:00,1.482,1.487,1.48,1.485,710871.9
2026-01-13 10:00:00,1.486,1.492,1.484,1.487,1010600.2
2026-01-13 10:15:00,1.488,1.492,1.487,1.489,789385.1
2026-01-13 10:30:00,1.49,1.492,1.482,1.484,559646.8
2026-01-13 10:45:00,1.484,1.493,1.484,1.489,440091.0
2026-01-13 11:00:00,1.49,1.492,1.483,1.484,756356.6
2026-01-13 11:15:00,1.484,1.5,1.484,1.499,1147175.8
2026-01-13 11:30:00,1.5,1.5,1.491,1.491,1053574.8
2026-01-13 11:45:00,1.492,1.494,1.49,1.491,550185.2
2026-01-13 12:00:00,1.492,1.493,1.484,1.486,835149.8
2026-01-13 12:15:00,1.487,1.494,1.487,1.488,791383.9
2026-01-13 12:30:00,1.488,1.495,1.488,1.493,855297.0
2026-01-13 12:45:00,1.493,1.543,1.49,1.535,8995303.7
2026-01-13 13:00:00,1.535,1.544,1.517,1.521,6191017.9
2026-01-13 13:15:00,1.521,1.528,1.513,1.514,1512348.5
2026-01-13 13:30:00,1.515,1.53,1.513,1.52,3388818.1
2026-01-13 13:45:00,1.521,1.523,1.516,1.519,807149.8
2026-01-13 14:00:00,1.519,1.529,1.513,1.524,1611354.4
2026-01-13 14:15:00,1.525,1.532,1.523,1.531,1334868.8
2026-01-13 14:30:00,1.531,1.548,1.528,1.543,2485190.4
2026-01-13 14:45:00,1.544,1.547,1.527,1.529,2191124.2
2026-01-13 15:00:00,1.528,1.535,1.52,1.534,2396730.0
2026-01-13 15:15:00,1.535,1.54,1.52,1.535,1674624.1
2026-01-13 15:30:00,1.535,1.577,1.534,1.569,7125496.0
2026-01-13 15:45:00,1.568,1.572,1.555,1.565,3264714.0
2026-01-13 16:00:00,1.565,1.586,1.563,1.571,4458948.0
2026-01-13 16:15:00,1.571,1.579,1.56,1.568,1853268.0
2026-01-13 16:30:00,1.568,1.589,1.566,1.582,2220638.8
2026-01-13 16:45:00,1.581,1.599,1.58,1.589,2624090.6
2026-01-13 17:00:00,1.589,1.591,1.568,1.572,1924425.9
2026-01-13 17:15:00,1.571,1.574,1.559,1.562,1588719.1
2026-01-13 17:30:00,1.562,1.563,1.543,1.548,3232483.6
2026-01-13 17:45:00,1.547,1.554,1.545,1.552,863410.7
2026-01-13 18:00:00,1.551,1.559,1.543,1.546,2328403.1
2026-01-13 18:15:00,1.546,1.548,1.535,1.536,2114299.4
2026-01-13 18:30:00,1.536,1.539,1.533,1.534,735171.4
2026-01-13 18:45:00,1.533,1.542,1.528,1.532,1600731.8
2026-01-13 19:00:00,1.532,1.538,1.521,1.528,2965990.9
2026-01-13 19:15:00,1.527,1.534,1.527,1.534,810735.9
2026-01-13 19:30:00,1.534,1.542,1.532,1.535,963889.6
2026-01-13 19:45:00,1.534,1.542,1.534,1.54,519360.9
2026-01-13 20:00:00,1.541,1.546,1.539,1.54,755197.2
2026-01-13 20:15:00,1.539,1.54,1.529,1.534,799616.6
2026-01-13 20:30:00,1.533,1.534,1.523,1.53,1322684.2
2026-01-13 20:45:00,1.529,1.531,1.524,1.529,560418.3
2026-01-13 21:00:00,1.529,1.537,1.528,1.533,890907.8
2026-01-13 21:15:00,1.533,1.54,1.531,1.537,450949.9
2026-01-13 21:30:00,1.537,1.539,1.533,1.539,394128.2
2026-01-13 21:45:00,1.539,1.544,1.538,1.544,288641.5
2026-01-13 22:00:00,1.543,1.592,1.542,1.576,4506875.4
2026-01-13 22:15:00,1.576,1.585,1.569,1.576,1885021.7
2026-01-13 22:30:00,1.576,1.594,1.573,1.594,819201.4
2026-01-13 22:45:00,1.594,1.598,1.582,1.586,767136.6
2026-01-13 23:00:00,1.586,1.595,1.577,1.585,2101951.7
2026-01-13 23:15:00,1.586,1.589,1.573,1.574,844285.4
2026-01-13 23:30:00,1.574,1.575,1.567,1.571,1085170.8
2026-01-13 23:45:00,1.571,1.576,1.567,1.576,584715.7
2026-01-14 00:00:00,1.576,1.586,1.574,1.576,1482534.9
2026-01-14 00:15:00,1.576,1.583,1.572,1.58,709125.9
2026-01-14 00:30:00,1.58,1.581,1.571,1.578,497982.4
2026-01-14 00:45:00,1.577,1.585,1.575,1.584,528504.5
2026-01-14 01:00:00,1.584,1.59,1.58,1.583,997543.5
2026-01-14 01:15:00,1.583,1.584,1.575,1.576,504181.3
2026-01-14 01:30:00,1.577,1.579,1.568,1.569,665838.7
2026-01-14 01:45:00,1.57,1.576,1.568,1.572,641127.6
2026-01-14 02:00:00,1.572,1.58,1.569,1.578,733457.4
2026-01-14 02:15:00,1.578,1.579,1.568,1.569,475138.3
2026-01-14 02:30:00,1.569,1.573,1.567,1.572,421752.9
2026-01-14 02:45:00,1.572,1.574,1.563,1.57,724260.4
2026-01-14 03:00:00,1.571,1.577,1.568,1.574,613053.7
2026-01-14 03:15:00,1.574,1.577,1.57,1.571,541178.4
2026-01-14 03:30:00,1.572,1.581,1.571,1.581,442843.4
2026-01-14 03:45:00,1.58,1.584,1.579,1.583,398775.0
2026-01-14 04:00:00,1.583,1.586,1.569,1.573,1397088.1
2026-01-14 04:15:00,1.572,1.582,1.571,1.578,541159.6
2026-01-14 04:30:00,1.578,1.579,1.572,1.573,644905.3
2026-01-14 04:45:00,1.573,1.577,1.571,1.571,310387.5
2026-01-14 05:00:00,1.572,1.573,1.564,1.566,684149.5
2026-01-14 05:15:00,1.566,1.569,1.557,1.56,1173803.2
2026-01-14 05:30:00,1.56,1.567,1.559,1.562,589043.4
2026-01-14 05:45:00,1.562,1.571,1.562,1.57,670848.0
2026-01-14 06:00:00,1.57,1.572,1.565,1.571,693683.9
2026-01-14 06:15:00,1.571,1.572,1.565,1.566,515200.4
2026-01-14 06:30:00,1.565,1.566,1.557,1.561,2509754.2
2026-01-14 06:45:00,1.561,1.575,1.56,1.573,589890.8
2026-01-14 07:00:00,1.574,1.581,1.573,1.575,1028396.8
2026-01-14 07:15:00,1.574,1.576,1.566,1.568,930032.7
2026-01-14 07:30:00,1.567,1.57,1.564,1.567,571114.5
2026-01-14 07:45:00,1.568,1.572,1.564,1.565,387728.8
2026-01-14 08:00:00,1.566,1.571,1.564,1.569,730649.9
2026-01-14 08:15:00,1.569,1.571,1.565,1.565,528671.6
2026-01-14 08:30:00,1.566,1.567,1.556,1.557,1845419.4
2026-01-14 08:45:00,1.557,1.563,1.555,1.558,755893.7
2026-01-14 09:00:00,1.558,1.573,1.558,1.571,1075862.4
2026-01-14 09:15:00,1.572,1.578,1.571,1.572,798621.5
2026-01-14 09:30:00,1.573,1.58,1.573,1.575,1113729.1
2026-01-14 09:45:00,1.575,1.585,1.575,1.584,845358.5
2026-01-14 10:00:00,1.585,1.591,1.583,1.589,1750625.3
2026-01-14 10:15:00,1.59,1.597,1.578,1.582,2095154.7
2026-01-14 10:30:00,1.583,1.588,1.573,1.579,1339087.6
2026-01-14 10:45:00,1.579,1.588,1.578,1.58,809599.2
2026-01-14 11:00:00,1.581,1.583,1.574,1.579,1044577.7
2026-01-14 11:15:00,1.58,1.582,1.567,1.577,1106901.1
2026-01-14 11:30:00,1.577,1.58,1.57,1.573,680159.2
2026-01-14 11:45:00,1.573,1.576,1.568,1.574,1043079.0
2026-01-14 12:00:00,1.574,1.584,1.573,1.58,1115356.1
2026-01-14 12:15:00,1.581,1.584,1.576,1.581,703646.2
2026-01-14 12:30:00,1.581,1.581,1.575,1.576,590888.3
2026-01-14 12:45:00,1.576,1.578,1.572,1.576,648125.5
2026-01-14 13:00:00,1.577,1.578,1.567,1.572,996439.9
2026-01-14 13:15:00,1.573,1.583,1.571,1.579,1251828.0
2026-01-14 13:30:00,1.579,1.58,1.573,1.577,880634.2
2026-01-14 13:45:00,1.578,1.578,1.569,1.577,808035.6
2026-01-14 14:00:00,1.577,1.603,1.576,1.598,2422526.5
2026-01-14 14:15:00,1.599,1.604,1.589,1.596,2085749.8
2026-01-14 14:30:00,1.596,1.603,1.586,1.6,2279466.3
2026-01-14 14:45:00,1.6,1.614,1.597,1.612,3469479.0
2026-01-14 15:00:00,1.613,1.62,1.603,1.616,2548563.1
2026-01-14 15:15:00,1.615,1.639,1.608,1.627,4757437.9
2026-01-14 15:30:00,1.628,1.636,1.617,1.631,2617073.9
2026-01-14 15:45:00,1.632,1.633,1.612,1.619,2461214.9
2026-01-14 16:00:00,1.62,1.648,1.62,1.642,3901696.3
2026-01-14 16:15:00,1.642,1.645,1.61,1.614,3156067.5
2026-01-14 16:30:00,1.615,1.622,1.606,1.614,2007125.6
2026-01-14 16:45:00,1.614,1.614,1.603,1.611,1760742.2
2026-01-14 17:00:00,1.612,1.617,1.606,1.613,1122699.0
2026-01-14 17:15:00,1.614,1.619,1.609,1.613,736011.0
2026-01-14 17:30:00,1.613,1.614,1.577,1.593,5992127.1
2026-01-14 17:45:00,1.594,1.595,1.577,1.584,1650360.2
2026-01-14 18:00:00,1.584,1.591,1.579,1.582,1607546.6
2026-01-14 18:15:00,1.582,1.585,1.572,1.583,1247800.6
2026-01-14 18:30:00,1.584,1.587,1.552,1.557,3776639.6
2026-01-14 18:45:00,1.557,1.572,1.552,1.568,1507990.7
2026-01-14 19:00:00,1.567,1.57,1.562,1.566,1283548.3
2026-01-14 19:15:00,1.565,1.582,1.565,1.581,1358761.8
2026-01-14 19:30:00,1.581,1.584,1.566,1.573,969521.1
2026-01-14 19:45:00,1.572,1.573,1.567,1.571,392009.0
2026-01-14 20:00:00,1.571,1.582,1.57,1.576,1189425.2
2026-01-14 20:15:00,1.576,1.576,1.566,1.568,542441.6
2026-01-14 20:30:00,1.568,1.578,1.567,1.573,800046.0
2026-01-14 20:45:00,1.574,1.578,1.567,1.576,577631.2
2026-01-14 21:00:00,1.576,1.584,1.573,1.579,627596.4
2026-01-14 21:15:00,1.579,1.602,1.574,1.602,2421314.9
2026-01-14 21:30:00,1.602,1.608,1.591,1.592,1588088.2
2026-01-14 21:45:00,1.591,1.596,1.587,1.593,1087382.5
2026-01-14 22:00:00,1.592,1.593,1.58,1.588,1224451.2
2026-01-14 22:15:00,1.587,1.598,1.581,1.582,846823.5
2026-01-14 22:30:00,1.583,1.587,1.568,1.576,1140003.1
2026-01-14 22:45:00,1.575,1.58,1.57,1.572,389935.0
2026-01-14 23:00:00,1.573,1.583,1.572,1.582,746507.7
2026-01-14 23:15:00,1.583,1.592,1.577,1.58,1235277.8
2026-01-14 23:30:00,1.58,1.588,1.576,1.586,722748.6
2026-01-14 23:45:00,1.586,1.592,1.585,1.589,463196.8
2026-01-15 00:00:00,1.59,1.604,1.582,1.601,2434742.0
2026-01-15 00:15:00,1.602,1.61,1.594,1.605,1852559.1
2026-01-15 00:30:00,1.606,1.617,1.6,1.61,1593999.5
2026-01-15 00:45:00,1.611,1.629,1.603,1.628,2061829.4
2026-01-15 01:00:00,1.627,1.671,1.625,1.649,7119344.9
2026-01-15 01:15:00,1.65,1.682,1.641,1.671,3593098.4
2026-01-15 01:30:00,1.671,1.676,1.649,1.671,4731912.3
2026-01-15 01:45:00,1.671,1.673,1.639,1.648,4035360.9
2026-01-15 02:00:00,1.647,1.66,1.624,1.627,3664286.7
2026-01-15 02:15:00,1.626,1.636,1.62,1.621,2194480.0
2026-01-15 02:30:00,1.622,1.623,1.596,1.603,3555767.6
2026-01-15 02:45:00,1.604,1.604,1.577,1.583,3354597.4
2026-01-15 03:00:00,1.583,1.591,1.579,1.584,2150481.2
2026-01-15 03:15:00,1.585,1.591,1.557,1.56,3498126.4
2026-01-15 03:30:00,1.56,1.563,1.539,1.547,4583378.8
2026-01-15 03:45:00,1.546,1.554,1.544,1.549,1405649.1
2026-01-15 04:00:00,1.549,1.561,1.545,1.555,1848177.6
2026-01-15 04:15:00,1.556,1.56,1.551,1.554,981104.5
2026-01-15 04:30:00,1.553,1.565,1.551,1.557,1352780.2
2026-01-15 04:45:00,1.558,1.569,1.558,1.564,1058019.1
2026-01-15 05:00:00,1.564,1.58,1.561,1.562,3147732.1
2026-01-15 05:15:00,1.561,1.569,1.56,1.563,633067.6
2026-01-15 05:30:00,1.564,1.572,1.559,1.571,880119.2
2026-01-15 05:45:00,1.572,1.573,1.566,1.568,818799.5
2026-01-15 06:00:00,1.568,1.571,1.557,1.561,955521.4
2026-01-15 06:15:00,1.561,1.581,1.561,1.572,1693414.4
2026-01-15 06:30:00,1.572,1.572,1.557,1.564,2377121.1
2026-01-15 06:45:00,1.564,1.567,1.561,1.561,301698.3
2026-01-15 07:00:00,1.561,1.57,1.56,1.568,605285.1
2026-01-15 07:15:00,1.568,1.575,1.564,1.574,367735.7
2026-01-15 07:30:00,1.575,1.596,1.573,1.591,1431177.8
2026-01-15 07:45:00,1.592,1.599,1.581,1.583,1670675.1
2026-01-15 08:00:00,1.583,1.584,1.575,1.578,986019.3
2026-01-15 08:15:00,1.578,1.582,1.559,1.561,1329962.3
2026-01-15 08:30:00,1.561,1.569,1.558,1.564,1070692.5
2026-01-15 08:45:00,1.565,1.57,1.563,1.568,496350.0
2026-01-15 09:00:00,1.568,1.57,1.552,1.554,1314628.9
2026-01-15 09:15:00,1.555,1.564,1.55,1.562,902915.6
2026-01-15 09:30:00,1.561,1.573,1.556,1.57,1113591.1
2026-01-15 09:45:00,1.57,1.577,1.567,1.567,924895.4
2026-01-15 10:00:00,1.568,1.577,1.566,1.568,872798.8
2026-01-15 10:15:00,1.568,1.572,1.558,1.559,976016.2
2026-01-15 10:30:00,1.559,1.564,1.557,1.563,572644.9
2026-01-15 10:45:00,1.562,1.571,1.561,1.567,623778.3
2026-01-15 11:00:00,1.567,1.572,1.567,1.57,445155.7
2026-01-15 11:15:00,1.57,1.576,1.568,1.57,439498.0
2026-01-15 11:30:00,1.57,1.574,1.563,1.571,1146564.6
2026-01-15 11:45:00,1.571,1.572,1.556,1.564,1594229.5
2026-01-15 12:00:00,1.564,1.577,1.562,1.572,914775.7
2026-01-15 12:15:00,1.573,1.574,1.565,1.567,502606.9
2026-01-15 12:30:00,1.567,1.575,1.565,1.569,640864.9
2026-01-15 12:45:00,1.569,1.58,1.567,1.579,787186.7
2026-01-15 13:00:00,1.578,1.584,1.573,1.58,950385.6
2026-01-15 13:15:00,1.58,1.588,1.58,1.586,635321.8
2026-01-15 13:30:00,1.586,1.588,1.573,1.576,972849.0
2026-01-15 13:45:00,1.577,1.585,1.573,1.574,816477.7
2026-01-15 14:00:00,1.574,1.582,1.573,1.577,583183.4
2026-01-15 14:15:00,1.578,1.578,1.564,1.566,1247042.5
2026-01-15 14:30:00,1.567,1.571,1.552,1.555,3051802.0
2026-01-15 14:45:00,1.554,1.565,1.544,1.554,2386033.5
2026-01-15 15:00:00,1.554,1.561,1.548,1.55,883304.2
2026-01-15 15:15:00,1.55,1.554,1.526,1.533,3316351.2
2026-01-15 15:30:00,1.533,1.538,1.518,1.523,2495221.9
2026-01-15 15:45:00,1.523,1.529,1.502,1.528,5184065.1
2026-01-15 16:00:00,1.529,1.531,1.506,1.507,2832126.4
2026-01-15 16:15:00,1.507,1.514,1.495,1.501,2124381.5
2026-01-15 16:30:00,1.501,1.518,1.501,1.512,1539703.3
2026-01-15 16:45:00,1.512,1.52,1.512,1.514,947169.0
2026-01-15 17:00:00,1.514,1.523,1.508,1.508,904067.5
2026-01-15 17:15:00,1.509,1.515,1.504,1.514,1124771.7
2026-01-15 17:30:00,1.514,1.523,1.513,1.518,813845.9
2026-01-15 17:45:00,1.517,1.52,1.493,1.497,2649794.0
2026-01-15 18:00:00,1.497,1.504,1.482,1.487,2586018.2
2026-01-15 18:15:00,1.487,1.488,1.479,1.485,1671672.8
2026-01-15 18:30:00,1.485,1.489,1.469,1.482,3157283.1
2026-01-15 18:45:00,1.482,1.485,1.473,1.475,1340847.7
2026-01-15 19:00:00,1.475,1.477,1.455,1.47,2863375.4
2026-01-15 19:15:00,1.471,1.478,1.467,1.469,752433.5
2026-01-15 19:30:00,1.469,1.48,1.467,1.473,1129951.5
2026-01-15 19:45:00,1.472,1.48,1.471,1.478,701554.5
2026-01-15 20:00:00,1.478,1.488,1.475,1.485,1079658.9
2026-01-15 20:15:00,1.485,1.488,1.482,1.484,853849.0
2026-01-15 20:30:00,1.484,1.492,1.476,1.479,1153319.1
2026-01-15 20:45:00,1.479,1.483,1.474,1.481,707974.0
2026-01-15 21:00:00,1.48,1.494,1.478,1.488,1364378.2
2026-01-15 21:15:00,1.488,1.497,1.486,1.492,836292.3
2026-01-15 21:30:00,1.492,1.493,1.487,1.489,479777.4
2026-01-15 21:45:00,1.489,1.495,1.488,1.495,449310.5
2026-01-15 22:00:00,1.494,1.499,1.491,1.496,683485.8
2026-01-15 22:15:00,1.495,1.502,1.494,1.5,443436.7
2026-01-15 22:30:00,1.5,1.506,1.497,1.499,533400.9
2026-01-15 22:45:00,1.5,1.5,1.497,1.498,144509.1
2026-01-15 23:00:00,1.498,1.499,1.492,1.498,596448.7
2026-01-15 23:15:00,1.499,1.508,1.498,1.5,739659.4
2026-01-15 23:30:00,1.5,1.503,1.498,1.501,385720.9
2026-01-15 23:45:00,1.5,1.505,1.5,1.502,364188.5
2026-01-16 00:00:00,1.502,1.506,1.497,1.502,575969.2
2026-01-16 00:15:00,1.502,1.512,1.501,1.51,632500.1
2026-01-16 00:30:00,1.51,1.511,1.506,1.507,660979.3
2026-01-16 00:45:00,1.507,1.509,1.501,1.502,697858.4
2026-01-16 01:00:00,1.502,1.503,1.495,1.497,562282.7
2026-01-16 01:15:00,1.497,1.504,1.497,1.498,445283.5
2026-01-16 01:30:00,1.499,1.507,1.499,1.503,496819.7
2026-01-16 01:45:00,1.503,1.508,1.501,1.507,373332.5
2026-01-16 02:00:00,1.507,1.507,1.496,1.501,656522.4
2026-01-16 02:15:00,1.5,1.537,1.497,1.536,2167202.8
2026-01-16 02:30:00,1.537,1.552,1.527,1.549,4115492.0
2026-01-16 02:45:00,1.549,1.564,1.542,1.552,4007389.0
2026-01-16 03:00:00,1.552,1.567,1.55,1.555,1431854.3
2026-01-16 03:15:00,1.556,1.556,1.543,1.544,1157057.5
2026-01-16 03:30:00,1.545,1.545,1.537,1.538,757839.5
2026-01-16 03:45:00,1.539,1.544,1.531,1.536,962598.2
2026-01-16 04:00:00,1.535,1.539,1.533,1.536,749832.0
2026-01-16 04:15:00,1.537,1.537,1.523,1.523,1107808.9
2026-01-16 04:30:00,1.523,1.527,1.516,1.518,1078234.4
2026-01-16 04:45:00,1.518,1.52,1.505,1.512,1294828.4
2026-01-16 05:00:00,1.512,1.523,1.511,1.52,631915.7
2026-01-16 05:15:00,1.52,1.535,1.519,1.527,1107772.1
2026-01-16 05:30:00,1.527,1.542,1.526,1.535,1215424.4
2026-01-16 05:45:00,1.535,1.545,1.528,1.529,1181604.6
2026-01-16 06:00:00,1.529,1.532,1.523,1.523,622464.5
2026-01-16 06:15:00,1.523,1.531,1.521,1.525,556245.9
2026-01-16 06:30:00,1.525,1.532,1.523,1.529,518620.5
2026-01-16 06:45:00,1.53,1.532,1.527,1.53,485034.1
2026-01-16 07:00:00,1.53,1.534,1.524,1.531,545160.8
2026-01-16 07:15:00,1.53,1.53,1.517,1.519,538101.4
2026-01-16 07:30:00,1.52,1.52,1.511,1.512,776295.4
2026-01-16 07:45:00,1.513,1.518,1.512,1.515,518224.6
2026-01-16 08:00:00,1.515,1.521,1.513,1.518,865973.7
2026-01-16 08:15:00,1.518,1.521,1.514,1.517,400671.8
2026-01-16 08:30:00,1.517,1.528,1.514,1.527,929014.4
2026-01-16 08:45:00,1.527,1.53,1.516,1.517,1323053.7
2026-01-16 09:00:00,1.517,1.525,1.516,1.523,566793.0
2026-01-16 09:15:00,1.523,1.527,1.52,1.526,428416.9
2026-01-16 09:30:00,1.526,1.534,1.522,1.532,615773.1
2026-01-16 09:45:00,1.532,1.537,1.529,1.532,873907.0
2026-01-16 10:00:00,1.533,1.534,1.525,1.53,594759.9
2026-01-16 10:15:00,1.53,1.53,1.525,1.527,311802.3
2026-01-16 10:30:00,1.527,1.529,1.523,1.526,462459.0
2026-01-16 10:45:00,1.526,1.527,1.518,1.52,458794.4
2026-01-16 11:00:00,1.52,1.525,1.517,1.517,478113.6
2026-01-16 11:15:00,1.517,1.523,1.511,1.522,1358418.8
2026-01-16 11:30:00,1.523,1.531,1.515,1.516,3111543.4
2026-01-16 11:45:00,1.516,1.534,1.515,1.533,541027.0
2026-01-16 12:00:00,1.533,1.535,1.528,1.529,698520.8
2026-01-16 12:15:00,1.53,1.531,1.523,1.524,390776.9
2026-01-16 12:30:00,1.524,1.526,1.517,1.518,463062.9
2026-01-16 12:45:00,1.519,1.522,1.517,1.519,353026.3
2026-01-16 13:00:00,1.519,1.52,1.505,1.512,1161242.3
2026-01-16 13:15:00,1.511,1.513,1.507,1.512,676386.8
2026-01-16 13:30:00,1.511,1.516,1.506,1.515,1101587.5
2026-01-16 13:45:00,1.515,1.518,1.511,1.512,349673.1
2026-01-16 14:00:00,1.512,1.516,1.509,1.509,572533.8
2026-01-16 14:15:00,1.509,1.515,1.508,1.514,671282.3
2026-01-16 14:30:00,1.514,1.517,1.507,1.513,1072386.6
2026-01-16 14:45:00,1.513,1.519,1.509,1.509,709550.1
2026-01-16 15:00:00,1.51,1.521,1.506,1.518,893788.4
2026-01-16 15:15:00,1.518,1.519,1.494,1.494,2308737.5
2026-01-16 15:30:00,1.495,1.497,1.478,1.488,2858672.8
2026-01-16 15:45:00,1.488,1.488,1.473,1.481,1670681.7
2026-01-16 16:00:00,1.481,1.493,1.478,1.489,1212540.9
2026-01-16 16:15:00,1.489,1.494,1.482,1.491,1037833.8
2026-01-16 16:30:00,1.492,1.5,1.489,1.498,812924.8
2026-01-16 16:45:00,1.498,1.501,1.491,1.493,751750.7
2026-01-16 17:00:00,1.494,1.496,1.485,1.488,572997.1
2026-01-16 17:15:00,1.488,1.497,1.482,1.493,949891.3
2026-01-16 17:30:00,1.493,1.503,1.493,1.501,427750.7
2026-01-16 17:45:00,1.502,1.506,1.496,1.503,499565.4
2026-01-16 18:00:00,1.503,1.507,1.5,1.503,372371.0
2026-01-16 18:15:00,1.503,1.508,1.499,1.502,481743.8
2026-01-16 18:30:00,1.502,1.502,1.496,1.498,576538.4
2026-01-16 18:45:00,1.499,1.5,1.492,1.493,368471.3
2026-01-16 19:00:00,1.493,1.494,1.484,1.485,971172.3
2026-01-16 19:15:00,1.485,1.488,1.48,1.484,882676.0
2026-01-16 19:30:00,1.484,1.496,1.484,1.491,505654.5
2026-01-16 19:45:00,1.491,1.495,1.49,1.493,289141.2
2026-01-16 20:00:00,1.493,1.494,1.486,1.491,787766.4
2026-01-16 20:15:00,1.492,1.497,1.488,1.497,580941.0
2026-01-16 20:30:00,1.497,1.506,1.496,1.504,1107216.3
2026-01-16 20:45:00,1.503,1.507,1.501,1.506,364784.9
2026-01-16 21:00:00,1.507,1.513,1.503,1.507,971320.4
2026-01-16 21:15:00,1.507,1.507,1.504,1.505,417914.3
2026-01-16 21:30:00,1.506,1.511,1.504,1.508,384321.6
2026-01-16 21:45:00,1.508,1.51,1.504,1.506,356120.6
2026-01-16 22:00:00,1.506,1.51,1.5,1.504,609814.7
2026-01-16 22:15:00,1.503,1.51,1.502,1.503,471959.4
2026-01-16 22:30:00,1.503,1.509,1.501,1.508,694841.2
2026-01-16 22:45:00,1.508,1.509,1.505,1.509,139937.4
2026-01-16 23:00:00,1.509,1.516,1.507,1.515,560985.0
2026-01-16 23:15:00,1.515,1.521,1.511,1.52,829513.9
2026-01-16 23:30:00,1.52,1.522,1.513,1.514,651990.7
2026-01-16 23:45:00,1.514,1.52,1.514,1.519,349860.7
2026-01-17 00:00:00,1.519,1.521,1.508,1.519,1691858.7
2026-01-17 00:15:00,1.52,1.524,1.512,1.513,920595.1
2026-01-17 00:30:00,1.513,1.516,1.508,1.513,537258.3
2026-01-17 00:45:00,1.513,1.52,1.511,1.516,516673.8
2026-01-17 01:00:00,1.516,1.526,1.514,1.519,699861.1
2026-01-17 01:15:00,1.519,1.524,1.517,1.522,358085.9
2026-01-17 01:30:00,1.522,1.522,1.517,1.519,379013.5
2026-01-17 01:45:00,1.519,1.522,1.518,1.521,163150.4
2026-01-17 02:00:00,1.521,1.525,1.515,1.517,566649.1
2026-01-17 02:15:00,1.517,1.519,1.51,1.514,444505.1
2026-01-17 02:30:00,1.513,1.514,1.504,1.507,678828.0
2026-01-17 02:45:00,1.506,1.511,1.506,1.511,269821.6
2026-01-17 03:00:00,1.511,1.511,1.505,1.508,366401.5
2026-01-17 03:15:00,1.507,1.514,1.506,1.508,286846.3
2026-01-17 03:30:00,1.507,1.508,1.499,1.507,908392.8
2026-01-17 03:45:00,1.506,1.51,1.504,1.507,320643.3
2026-01-17 04:00:00,1.507,1.507,1.499,1.505,466965.5
2026-01-17 04:15:00,1.504,1.511,1.503,1.511,391052.5
2026-01-17 04:30:00,1.511,1.516,1.51,1.514,442606.3
2026-01-17 04:45:00,1.515,1.52,1.513,1.518,347073.7
2026-01-17 05:00:00,1.517,1.521,1.516,1.518,385327.1
2026-01-17 05:15:00,1.518,1.52,1.514,1.519,450713.3
2026-01-17 05:30:00,1.518,1.523,1.516,1.521,564025.6
2026-01-17 05:45:00,1.52,1.521,1.512,1.514,454940.7
2026-01-17 06:00:00,1.513,1.518,1.511,1.516,701124.1
2026-01-17 06:15:00,1.516,1.519,1.513,1.515,451536.4
2026-01-17 06:30:00,1.514,1.516,1.51,1.511,300123.3
2026-01-17 06:45:00,1.511,1.513,1.51,1.512,260265.7
2026-01-17 07:00:00,1.512,1.516,1.506,1.514,634434.0
2026-01-17 07:15:00,1.514,1.523,1.513,1.523,427564.5
2026-01-17 07:30:00,1.523,1.534,1.522,1.531,1193650.1
2026-01-17 07:45:00,1.531,1.535,1.528,1.53,840223.4
2026-01-17 08:00:00,1.53,1.535,1.529,1.533,737240.3
2026-01-17 08:15:00,1.532,1.533,1.526,1.529,765605.9
2026-01-17 08:30:00,1.529,1.538,1.527,1.537,986944.9
2026-01-17 08:45:00,1.537,1.546,1.533,1.538,2107633.8
2026-01-17 09:00:00,1.538,1.544,1.538,1.542,777713.9
2026-01-17 09:15:00,1.541,1.543,1.534,1.542,822699.7
2026-01-17 09:30:00,1.542,1.555,1.535,1.543,3293033.7
2026-01-17 09:45:00,1.543,1.546,1.539,1.545,1052212.5
2026-01-17 10:00:00,1.546,1.554,1.542,1.552,618403.8
2026-01-17 10:15:00,1.552,1.57,1.55,1.568,2049054.7
2026-01-17 10:30:00,1.568,1.569,1.557,1.561,1213692.8
2026-01-17 10:45:00,1.561,1.562,1.55,1.555,997945.3
2026-01-17 11:00:00,1.554,1.56,1.548,1.555,1605988.1
2026-01-17 11:15:00,1.554,1.554,1.544,1.547,1356841.9
2026-01-17 11:30:00,1.547,1.548,1.542,1.544,576550.1
2026-01-17 11:45:00,1.544,1.544,1.536,1.536,926026.1
2026-01-17 12:00:00,1.536,1.547,1.533,1.545,1023344.9
2026-01-17 12:15:00,1.545,1.556,1.541,1.554,1014482.9
2026-01-17 12:30:00,1.555,1.563,1.555,1.561,1640102.5
2026-01-17 12:45:00,1.562,1.562,1.556,1.56,738443.2
2026-01-17 13:00:00,1.56,1.562,1.552,1.558,1116274.5
2026-01-17 13:15:00,1.557,1.563,1.554,1.556,895076.8
2026-01-17 13:30:00,1.556,1.565,1.553,1.556,1112679.3
2026-01-17 13:45:00,1.557,1.561,1.555,1.558,485177.4
2026-01-17 14:00:00,1.558,1.559,1.552,1.554,503879.0
2026-01-17 14:15:00,1.553,1.555,1.547,1.549,729454.3
2026-01-17 14:30:00,1.549,1.577,1.548,1.57,1742609.2
2026-01-17 14:45:00,1.57,1.591,1.57,1.58,2393921.5
2026-01-17 15:00:00,1.581,1.596,1.579,1.581,2364836.7
2026-01-17 15:15:00,1.582,1.582,1.562,1.565,1824350.8
2026-01-17 15:30:00,1.566,1.588,1.565,1.573,2716281.4
2026-01-17 15:45:00,1.573,1.579,1.571,1.578,820443.3
2026-01-17 16:00:00,1.579,1.581,1.569,1.571,1244108.7
2026-01-17 16:15:00,1.571,1.574,1.564,1.57,972413.1
2026-01-17 16:30:00,1.57,1.574,1.558,1.567,1224692.3
2026-01-17 16:45:00,1.567,1.572,1.564,1.57,761710.7
2026-01-17 17:00:00,1.571,1.576,1.565,1.571,917943.0
2026-01-17 17:15:00,1.571,1.572,1.564,1.565,787508.8
2026-01-17 17:30:00,1.566,1.566,1.554,1.562,1343397.3
2026-01-17 17:45:00,1.562,1.565,1.557,1.562,794345.6
2026-01-17 18:00:00,1.562,1.566,1.555,1.565,548672.9
2026-01-17 18:15:00,1.565,1.57,1.564,1.565,495413.1
2026-01-17 18:30:00,1.564,1.571,1.564,1.568,551835.9
2026-01-17 18:45:00,1.567,1.57,1.565,1.567,432897.6
2026-01-17 19:00:00,1.566,1.571,1.565,1.567,519615.6
2026-01-17 19:15:00,1.566,1.568,1.56,1.567,517690.9
2026-01-17 19:30:00,1.566,1.567,1.559,1.559,681417.1
2026-01-17 19:45:00,1.56,1.564,1.553,1.563,561771.1
2026-01-17 20:00:00,1.563,1.567,1.561,1.565,408979.8
2026-01-17 20:15:00,1.564,1.569,1.562,1.563,349761.4
2026-01-17 20:30:00,1.562,1.563,1.555,1.556,636666.7
2026-01-17 20:45:00,1.557,1.559,1.554,1.555,529408.4
2026-01-17 21:00:00,1.555,1.556,1.548,1.548,658500.4
2026-01-17 21:15:00,1.549,1.565,1.548,1.556,2557481.5
2026-01-17 21:30:00,1.556,1.558,1.552,1.557,551760.8
2026-01-17 21:45:00,1.557,1.562,1.556,1.562,204451.4
2026-01-17 22:00:00,1.561,1.563,1.554,1.558,435543.1
2026-01-17 22:15:00,1.557,1.561,1.549,1.551,378900.4
2026-01-17 22:30:00,1.55,1.551,1.541,1.547,964328.5
2026-01-17 22:45:00,1.547,1.551,1.541,1.548,329319.1
2026-01-17 23:00:00,1.547,1.55,1.543,1.549,473780.0
2026-01-17 23:15:00,1.549,1.553,1.547,1.551,372360.7
2026-01-17 23:30:00,1.551,1.555,1.545,1.55,716171.0
2026-01-17 23:45:00,1.549,1.552,1.544,1.549,354238.2
2026-01-18 00:00:00,1.55,1.569,1.547,1.565,1476667.9
2026-01-18 00:15:00,1.566,1.571,1.558,1.561,1113351.4
2026-01-18 00:30:00,1.562,1.566,1.552,1.554,723209.4
2026-01-18 00:45:00,1.553,1.558,1.548,1.552,742238.7
2026-01-18 01:00:00,1.552,1.555,1.534,1.539,2226131.3
2026-01-18 01:15:00,1.539,1.546,1.535,1.54,531224.9
2026-01-18 01:30:00,1.539,1.539,1.527,1.53,1174749.7
2026-01-18 01:45:00,1.529,1.531,1.524,1.531,825357.5
2026-01-18 02:00:00,1.53,1.539,1.53,1.535,1003143.9
2026-01-18 02:15:00,1.534,1.54,1.53,1.533,821531.5
2026-01-18 02:30:00,1.532,1.533,1.525,1.528,717670.5
2026-01-18 02:45:00,1.528,1.533,1.527,1.532,436733.3
2026-01-18 03:00:00,1.532,1.538,1.53,1.537,573440.5
2026-01-18 03:15:00,1.537,1.537,1.531,1.534,396895.7
2026-01-18 03:30:00,1.535,1.538,1.533,1.536,426662.6
2026-01-18 03:45:00,1.536,1.538,1.53,1.531,389123.4
2026-01-18 04:00:00,1.532,1.533,1.52,1.524,969482.5
2026-01-18 04:15:00,1.524,1.529,1.522,1.527,549820.3
2026-01-18 04:30:00,1.528,1.53,1.524,1.528,285846.8
2026-01-18 04:45:00,1.528,1.531,1.526,1.529,222464.1
2026-01-18 05:00:00,1.529,1.531,1.523,1.53,310693.4
2026-01-18 05:15:00,1.531,1.534,1.528,1.531,567543.1
2026-01-18 05:30:00,1.532,1.534,1.525,1.532,517759.5
2026-01-18 05:45:00,1.533,1.534,1.528,1.531,452866.9
2026-01-18 06:00:00,1.531,1.537,1.529,1.532,340174.1
2026-01-18 06:15:00,1.532,1.532,1.524,1.525,394494.5
2026-01-18 06:30:00,1.525,1.528,1.522,1.526,344419.4
2026-01-18 06:45:00,1.527,1.529,1.524,1.526,203876.5
2026-01-18 07:00:00,1.526,1.526,1.516,1.516,693312.2
2026-01-18 07:15:00,1.517,1.526,1.516,1.523,379297.2
2026-01-18 07:30:00,1.524,1.529,1.518,1.528,675462.6
2026-01-18 07:45:00,1.529,1.532,1.526,1.528,396657.1
2026-01-18 08:00:00,1.528,1.53,1.522,1.524,519360.7
2026-01-18 08:15:00,1.524,1.53,1.523,1.527,369981.3
2026-01-18 08:30:00,1.527,1.529,1.523,1.524,472244.0
2026-01-18 08:45:00,1.524,1.526,1.52,1.521,405153.1
2026-01-18 09:00:00,1.521,1.527,1.519,1.525,442355.7
2026-01-18 09:15:00,1.524,1.527,1.521,1.523,349295.3
2026-01-18 09:30:00,1.523,1.528,1.522,1.524,360041.1
2026-01-18 09:45:00,1.524,1.528,1.524,1.526,212266.0
2026-01-18 10:00:00,1.526,1.528,1.521,1.524,352350.6
2026-01-18 10:15:00,1.524,1.529,1.523,1.524,227029.2
2026-01-18 10:30:00,1.525,1.528,1.522,1.525,354518.0
2026-01-18 10:45:00,1.525,1.528,1.521,1.527,282557.3
2026-01-18 11:00:00,1.528,1.528,1.522,1.525,351705.4
2026-01-18 11:15:00,1.525,1.529,1.524,1.526,421216.9
2026-01-18 11:30:00,1.526,1.538,1.526,1.536,832925.9
2026-01-18 11:45:00,1.536,1.54,1.531,1.534,430247.2
2026-01-18 12:00:00,1.534,1.537,1.53,1.534,752773.9
2026-01-18 12:15:00,1.534,1.543,1.531,1.542,489613.6
2026-01-18 12:30:00,1.543,1.552,1.538,1.55,1025976.6
2026-01-18 12:45:00,1.55,1.558,1.534,1.535,3671100.5
2026-01-18 13:00:00,1.536,1.538,1.524,1.526,1916406.5
2026-01-18 13:15:00,1.526,1.529,1.519,1.522,1181562.5
2026-01-18 13:30:00,1.523,1.531,1.519,1.526,1087457.7
2026-01-18 13:45:00,1.526,1.532,1.522,1.527,908298.3
2026-01-18 14:00:00,1.527,1.53,1.522,1.529,474834.7
2026-01-18 14:15:00,1.529,1.54,1.527,1.529,1146388.3
2026-01-18 14:30:00,1.529,1.533,1.521,1.521,693916.2
2026-01-18 14:45:00,1.521,1.524,1.506,1.508,2121655.6
2026-01-18 15:00:00,1.508,1.519,1.506,1.514,1331903.3
2026-01-18 15:15:00,1.514,1.525,1.513,1.521,616715.2
2026-01-18 15:30:00,1.521,1.53,1.521,1.528,702508.2
2026-01-18 15:45:00,1.529,1.537,1.525,1.536,1300104.2
2026-01-18 16:00:00,1.536,1.559,1.528,1.552,4133466.9
2026-01-18 16:15:00,1.552,1.555,1.541,1.544,1918052.4
2026-01-18 16:30:00,1.545,1.548,1.537,1.543,1491444.5
2026-01-18 16:45:00,1.543,1.545,1.536,1.539,621623.1
2026-01-18 17:00:00,1.539,1.542,1.532,1.532,744413.4
2026-01-18 17:15:00,1.533,1.538,1.531,1.534,514202.8
2026-01-18 17:30:00,1.534,1.536,1.52,1.522,1332270.0
2026-01-18 17:45:00,1.522,1.532,1.519,1.528,1080370.4
2026-01-18 18:00:00,1.528,1.531,1.522,1.528,731159.8
2026-01-18 18:15:00,1.528,1.542,1.526,1.542,551261.1
2026-01-18 18:30:00,1.542,1.548,1.538,1.54,857097.2
2026-01-18 18:45:00,1.54,1.553,1.54,1.547,927772.2
2026-01-18 19:00:00,1.547,1.551,1.541,1.544,1165568.0
2026-01-18 19:15:00,1.544,1.545,1.54,1.54,584844.4
2026-01-18 19:30:00,1.541,1.544,1.538,1.54,337742.0
2026-01-18 19:45:00,1.54,1.54,1.53,1.538,984157.9
2026-01-18 20:00:00,1.538,1.544,1.536,1.542,683781.8
2026-01-18 20:15:00,1.542,1.557,1.542,1.554,1146440.6
2026-01-18 20:30:00,1.554,1.555,1.544,1.55,916515.6
2026-01-18 20:45:00,1.549,1.549,1.541,1.544,297546.9
2026-01-18 21:00:00,1.543,1.551,1.542,1.547,966304.1
2026-01-18 21:15:00,1.546,1.548,1.541,1.543,245002.6
2026-01-18 21:30:00,1.543,1.545,1.539,1.543,401771.4
2026-01-18 21:45:00,1.542,1.548,1.542,1.545,392910.2
2026-01-18 22:00:00,1.546,1.552,1.545,1.55,434667.2
2026-01-18 22:15:00,1.55,1.551,1.544,1.545,257661.9
2026-01-18 22:30:00,1.544,1.547,1.542,1.544,258616.8
2026-01-18 22:45:00,1.544,1.547,1.543,1.547,121945.2
2026-01-18 23:00:00,1.546,1.546,1.512,1.513,2414519.2
2026-01-18 23:15:00,1.513,1.52,1.485,1.486,3544126.9
2026-01-18 23:30:00,1.485,1.497,1.478,1.482,2831997.5
2026-01-18 23:45:00,1.482,1.482,1.443,1.448,6137411.4
2026-01-19 00:00:00,1.448,1.448,1.255,1.354,27620064.9
2026-01-19 00:15:00,1.354,1.372,1.339,1.353,8287346.0
2026-01-19 00:30:00,1.353,1.363,1.344,1.36,4556059.6
2026-01-19 00:45:00,1.36,1.366,1.354,1.36,2093709.3
2026-01-19 01:00:00,1.36,1.375,1.354,1.367,2334982.3
2026-01-19 01:15:00,1.368,1.374,1.357,1.361,1848297.5
2026-01-19 01:30:00,1.36,1.367,1.351,1.352,1822508.2
2026-01-19 01:45:00,1.352,1.365,1.348,1.361,1500864.7
2026-01-19 02:00:00,1.361,1.371,1.355,1.365,1912640.2
2026-01-19 02:15:00,1.365,1.371,1.364,1.366,1064780.8
2026-01-19 02:30:00,1.365,1.371,1.364,1.366,508486.4
2026-01-19 02:45:00,1.366,1.37,1.364,1.367,512492.7
2026-01-19 03:00:00,1.367,1.367,1.363,1.364,979265.2
2026-01-19 03:15:00,1.364,1.371,1.363,1.37,876210.1
2026-01-19 03:30:00,1.37,1.375,1.366,1.372,748284.1
2026-01-19 03:45:00,1.373,1.382,1.372,1.377,1079293.7
2026-01-19 04:00:00,1.377,1.381,1.371,1.371,1062226.4
2026-01-19 04:15:00,1.371,1.375,1.369,1.375,467163.6
2026-01-19 04:30:00,1.374,1.377,1.373,1.374,594019.5
2026-01-19 04:45:00,1.374,1.377,1.371,1.374,697836.2
2026-01-19 05:00:00,1.374,1.38,1.373,1.373,880267.5
2026-01-19 05:15:00,1.373,1.374,1.367,1.372,780724.6
2026-01-19 05:30:00,1.372,1.38,1.37,1.372,921596.4
2026-01-19 05:45:00,1.372,1.389,1.372,1.382,914871.0
2026-01-19 06:00:00,1.383,1.386,1.378,1.38,617292.6
2026-01-19 06:15:00,1.38,1.394,1.378,1.392,795038.9
2026-01-19 06:30:00,1.392,1.397,1.378,1.381,1093249.1
2026-01-19 06:45:00,1.381,1.383,1.377,1.38,797621.0
2026-01-19 07:00:00,1.38,1.382,1.376,1.38,542629.3
2026-01-19 07:15:00,1.381,1.391,1.38,1.389,871286.8
2026-01-19 07:30:00,1.39,1.396,1.388,1.391,733121.5
2026-01-19 07:45:00,1.392,1.395,1.387,1.39,516669.8
2026-01-19 08:00:00,1.391,1.391,1.384,1.384,698400.0
2026-01-19 08:15:00,1.384,1.398,1.383,1.392,1493733.5
2026-01-19 08:30:00,1.392,1.399,1.386,1.389,1224587.3
2026-01-19 08:45:00,1.389,1.402,1.389,1.395,747928.3
2026-01-19 09:00:00,1.396,1.397,1.39,1.391,857873.9
2026-01-19 09:15:00,1.391,1.395,1.39,1.392,467787.5
2026-01-19 09:30:00,1.393,1.399,1.393,1.396,523926.1
2026-01-19 09:45:00,1.396,1.398,1.392,1.395,355205.5
2026-01-19 10:00:00,1.396,1.396,1.382,1.384,1352910.8
2026-01-19 10:15:00,1.384,1.385,1.374,1.377,1233754.6
2026-01-19 10:30:00,1.377,1.379,1.37,1.374,719791.9
2026-01-19 10:45:00,1.374,1.379,1.372,1.375,679964.0
2026-01-19 11:00:00,1.375,1.379,1.374,1.376,524539.3
2026-01-19 11:15:00,1.376,1.381,1.371,1.376,599903.4
2026-01-19 11:30:00,1.376,1.378,1.369,1.373,670642.9
2026-01-19 11:45:00,1.373,1.376,1.365,1.369,1216124.2
2026-01-19 12:00:00,1.369,1.373,1.361,1.367,1118647.0
2026-01-19 12:15:00,1.368,1.372,1.364,1.367,787931.8
2026-01-19 12:30:00,1.368,1.373,1.366,1.366,642120.9
2026-01-19 12:45:00,1.366,1.367,1.358,1.361,1226032.8
2026-01-19 13:00:00,1.361,1.369,1.358,1.364,1024598.6
2026-01-19 13:15:00,1.364,1.366,1.36,1.363,652917.8
2026-01-19 13:30:00,1.363,1.365,1.36,1.361,656316.5
2026-01-19 13:45:00,1.362,1.365,1.36,1.363,567304.7
2026-01-19 14:00:00,1.362,1.374,1.359,1.371,1537644.8
2026-01-19 14:15:00,1.372,1.382,1.37,1.379,987146.5
2026-01-19 14:30:00,1.379,1.381,1.37,1.372,852011.4
2026-01-19 14:45:00,1.373,1.374,1.366,1.367,958214.2
2026-01-19 15:00:00,1.368,1.37,1.361,1.363,977744.0
2026-01-19 15:15:00,1.363,1.366,1.36,1.363,796712.4
2026-01-19 15:30:00,1.363,1.368,1.36,1.365,529833.0
2026-01-19 15:45:00,1.365,1.369,1.365,1.367,377675.5
2026-01-19 16:00:00,1.367,1.377,1.364,1.375,1359619.3
2026-01-19 16:15:00,1.376,1.383,1.374,1.379,748872.9
2026-01-19 16:30:00,1.379,1.384,1.378,1.38,490933.3
2026-01-19 16:45:00,1.381,1.386,1.378,1.384,781093.4
2026-01-19 17:00:00,1.385,1.386,1.377,1.38,786818.0
2026-01-19 17:15:00,1.381,1.384,1.379,1.382,319447.1
2026-01-19 17:30:00,1.382,1.383,1.377,1.379,512676.1
2026-01-19 17:45:00,1.379,1.384,1.377,1.379,428502.6
2026-01-19 18:00:00,1.38,1.382,1.375,1.377,550257.0
2026-01-19 18:15:00,1.378,1.379,1.372,1.374,482950.5
2026-01-19 18:30:00,1.375,1.382,1.374,1.381,698862.9
2026-01-19 18:45:00,1.381,1.386,1.38,1.386,397367.0
2026-01-19 19:00:00,1.386,1.392,1.386,1.39,618365.4
2026-01-19 19:15:00,1.39,1.405,1.39,1.399,1262819.7
2026-01-19 19:30:00,1.399,1.401,1.394,1.397,629356.8
2026-01-19 19:45:00,1.396,1.398,1.389,1.391,511669.6
2026-01-19 20:00:00,1.391,1.393,1.382,1.384,694245.2
2026-01-19 20:15:00,1.383,1.386,1.381,1.386,865807.5
2026-01-19 20:30:00,1.385,1.386,1.381,1.383,418455.7
2026-01-19 20:45:00,1.382,1.384,1.379,1.383,369803.5
2026-01-19 21:00:00,1.382,1.387,1.38,1.38,520283.9
2026-01-19 21:15:00,1.381,1.382,1.377,1.381,359656.0
2026-01-19 21:30:00,1.38,1.382,1.377,1.38,353974.4
2026-01-19 21:45:00,1.38,1.381,1.376,1.376,679238.8
2026-01-19 22:00:00,1.376,1.378,1.365,1.369,1112226.2
2026-01-19 22:15:00,1.37,1.383,1.37,1.383,768653.6
2026-01-19 22:30:00,1.382,1.382,1.37,1.371,693307.0
2026-01-19 22:45:00,1.372,1.378,1.368,1.368,426203.8
2026-01-19 23:00:00,1.368,1.381,1.368,1.379,1087911.8
2026-01-19 23:15:00,1.379,1.388,1.373,1.386,1234820.4
2026-01-19 23:30:00,1.387,1.397,1.386,1.388,1070131.6
2026-01-19 23:45:00,1.388,1.389,1.381,1.382,619110.4
2026-01-20 00:00:00,1.383,1.385,1.378,1.381,1146773.1
2026-01-20 00:15:00,1.381,1.386,1.377,1.381,1371653.6
2026-01-20 00:30:00,1.381,1.385,1.379,1.383,694130.6
2026-01-20 00:45:00,1.383,1.384,1.375,1.376,688783.2
2026-01-20 01:00:00,1.376,1.381,1.37,1.378,1078555.6
2026-01-20 01:15:00,1.377,1.388,1.377,1.387,723190.7
2026-01-20 01:30:00,1.387,1.387,1.378,1.378,696016.5
2026-01-20 01:45:00,1.379,1.383,1.377,1.378,283181.1
2026-01-20 02:00:00,1.379,1.379,1.369,1.371,701265.0
2026-01-20 02:15:00,1.371,1.374,1.363,1.363,1150999.3
2026-01-20 02:30:00,1.364,1.378,1.363,1.376,1103736.8
2026-01-20 02:45:00,1.376,1.382,1.374,1.377,850261.1
2026-01-20 03:00:00,1.377,1.382,1.377,1.38,702001.1
2026-01-20 03:15:00,1.38,1.382,1.374,1.374,399000.4
2026-01-20 03:30:00,1.375,1.38,1.37,1.379,1149332.9
2026-01-20 03:45:00,1.378,1.383,1.373,1.373,586634.1
2026-01-20 04:00:00,1.373,1.374,1.367,1.368,675250.5
2026-01-20 04:15:00,1.368,1.375,1.368,1.374,761433.9
2026-01-20 04:30:00,1.375,1.382,1.372,1.381,856334.7
2026-01-20 04:45:00,1.381,1.385,1.374,1.374,1017342.5
2026-01-20 05:00:00,1.375,1.382,1.366,1.367,1892189.6
2026-01-20 05:15:00,1.368,1.373,1.363,1.372,1006046.4
2026-01-20 05:30:00,1.371,1.372,1.366,1.369,553139.1
2026-01-20 05:45:00,1.368,1.374,1.367,1.368,614942.6
2026-01-20 06:00:00,1.369,1.369,1.357,1.359,1183750.9
2026-01-20 06:15:00,1.358,1.361,1.343,1.361,3123567.6
2026-01-20 06:30:00,1.36,1.361,1.351,1.353,1518045.9
2026-01-20 06:45:00,1.353,1.355,1.346,1.351,918883.0
2026-01-20 07:00:00,1.35,1.36,1.349,1.359,857985.9
2026-01-20 07:15:00,1.358,1.36,1.352,1.356,524357.4
2026-01-20 07:30:00,1.356,1.362,1.353,1.357,1142905.4
2026-01-20 07:45:00,1.357,1.357,1.348,1.35,944943.3
2026-01-20 08:00:00,1.349,1.353,1.335,1.343,2178523.7
2026-01-20 08:15:00,1.343,1.349,1.341,1.345,1294889.2
2026-01-20 08:30:00,1.346,1.346,1.332,1.335,2177101.3
2026-01-20 08:45:00,1.335,1.342,1.333,1.342,1543839.5
2026-01-20 09:00:00,1.342,1.348,1.338,1.347,950402.3
2026-01-20 09:15:00,1.347,1.347,1.341,1.342,396903.3
2026-01-20 09:30:00,1.343,1.345,1.338,1.341,622469.7
2026-01-20 09:45:00,1.342,1.346,1.34,1.345,719478.0
2026-01-20 10:00:00,1.345,1.354,1.343,1.354,934922.2
2026-01-20 10:15:00,1.354,1.354,1.349,1.352,507749.1
2026-01-20 10:30:00,1.353,1.355,1.346,1.347,582388.0
2026-01-20 10:45:00,1.347,1.349,1.345,1.347,524295.2
2026-01-20 11:00:00,1.347,1.351,1.346,1.346,583981.9
2026-01-20 11:15:00,1.346,1.348,1.343,1.345,507531.8
2026-01-20 11:30:00,1.346,1.346,1.337,1.341,675484.2
2026-01-20 11:45:00,1.342,1.343,1.337,1.338,378713.4
2026-01-20 12:00:00,1.337,1.344,1.336,1.341,896119.5
2026-01-20 12:15:00,1.342,1.35,1.341,1.348,722060.0
2026-01-20 12:30:00,1.348,1.349,1.344,1.347,498793.5
2026-01-20 12:45:00,1.347,1.349,1.337,1.338,1133643.0
2026-01-20 13:00:00,1.338,1.341,1.333,1.335,1393919.7
2026-01-20 13:15:00,1.334,1.339,1.327,1.337,1778114.4
2026-01-20 13:30:00,1.337,1.34,1.332,1.335,1147635.3
2026-01-20 13:45:00,1.335,1.336,1.325,1.325,1296704.1
2026-01-20 14:00:00,1.326,1.337,1.325,1.337,1039989.3
2026-01-20 14:15:00,1.336,1.337,1.33,1.333,1094158.3
2026-01-20 14:30:00,1.333,1.355,1.33,1.35,2217269.6
2026-01-20 14:45:00,1.349,1.349,1.334,1.341,3060677.3
2026-01-20 15:00:00,1.34,1.343,1.322,1.338,2854829.2
2026-01-20 15:15:00,1.338,1.343,1.333,1.338,1755535.3
2026-01-20 15:30:00,1.338,1.342,1.331,1.332,1344893.6
2026-01-20 15:45:00,1.332,1.336,1.328,1.336,927681.0
2026-01-20 16:00:00,1.335,1.342,1.327,1.335,1310938.2
2026-01-20 16:15:00,1.335,1.34,1.323,1.325,963858.0
2026-01-20 16:30:00,1.325,1.329,1.31,1.316,2815138.3
2026-01-20 16:45:00,1.317,1.325,1.313,1.321,1597007.8
2026-01-20 17:00:00,1.32,1.33,1.318,1.325,993679.0
2026-01-20 17:15:00,1.324,1.326,1.316,1.318,1236045.0
2026-01-20 17:30:00,1.319,1.321,1.307,1.312,1749882.9
2026-01-20 17:45:00,1.312,1.317,1.304,1.311,2138597.7
2026-01-20 18:00:00,1.311,1.314,1.307,1.311,1103256.1
2026-01-20 18:15:00,1.312,1.312,1.3,1.304,1422133.2
2026-01-20 18:30:00,1.303,1.307,1.298,1.301,1625332.3
2026-01-20 18:45:00,1.301,1.304,1.298,1.301,1584030.2
2026-01-20 19:00:00,1.301,1.311,1.301,1.307,1304902.5
2026-01-20 19:15:00,1.307,1.309,1.303,1.304,659955.2
2026-01-20 19:30:00,1.304,1.308,1.3,1.304,1022532.9
2026-01-20 19:45:00,1.303,1.308,1.301,1.307,596342.4
2026-01-20 20:00:00,1.306,1.309,1.301,1.305,590222.6
2026-01-20 20:15:00,1.305,1.316,1.305,1.315,1013448.2
2026-01-20 20:30:00,1.315,1.316,1.308,1.309,420812.4
2026-01-20 20:45:00,1.31,1.316,1.309,1.314,480092.7
2026-01-20 21:00:00,1.315,1.316,1.311,1.311,493102.2
2026-01-20 21:15:00,1.312,1.312,1.304,1.306,449838.1
2026-01-20 21:30:00,1.306,1.308,1.302,1.306,791689.4
2026-01-20 21:45:00,1.305,1.307,1.303,1.306,436833.9
2026-01-20 22:00:00,1.307,1.312,1.305,1.31,626291.3
2026-01-20 22:15:00,1.31,1.31,1.304,1.308,397151.0
2026-01-20 22:30:00,1.308,1.315,1.286,1.314,2893588.4
2026-01-20 22:45:00,1.314,1.316,1.307,1.309,919478.9
2026-01-20 23:00:00,1.309,1.312,1.302,1.312,883277.3
2026-01-20 23:15:00,1.311,1.312,1.303,1.305,774990.1
2026-01-20 23:30:00,1.305,1.312,1.305,1.309,579199.6
2026-01-20 23:45:00,1.308,1.313,1.307,1.31,329137.7
2026-01-21 00:00:00,1.311,1.317,1.309,1.315,917112.7
2026-01-21 00:15:00,1.314,1.318,1.311,1.315,708058.9
2026-01-21 00:30:00,1.315,1.324,1.315,1.322,805889.0
2026-01-21 00:45:00,1.321,1.332,1.321,1.331,791406.5
2026-01-21 01:00:00,1.332,1.344,1.331,1.344,1337585.7
2026-01-21 01:15:00,1.344,1.349,1.338,1.34,1137168.6
2026-01-21 01:30:00,1.341,1.344,1.337,1.34,1052073.4
2026-01-21 01:45:00,1.34,1.343,1.336,1.341,622248.8
2026-01-21 02:00:00,1.342,1.345,1.339,1.343,989798.4
2026-01-21 02:15:00,1.344,1.349,1.341,1.345,1075230.2
2026-01-21 02:30:00,1.346,1.347,1.339,1.344,934152.7
2026-01-21 02:45:00,1.344,1.351,1.343,1.349,693901.6
2026-01-21 03:00:00,1.348,1.356,1.348,1.356,1256102.5
2026-01-21 03:15:00,1.356,1.361,1.351,1.355,1203503.2
2026-01-21 03:30:00,1.356,1.357,1.349,1.35,1291998.9
2026-01-21 03:45:00,1.35,1.352,1.348,1.348,498425.0
2026-01-21 04:00:00,1.348,1.351,1.342,1.342,556188.5
2026-01-21 04:15:00,1.342,1.35,1.342,1.35,243774.6
2026-01-21 04:30:00,1.349,1.354,1.348,1.353,561275.2
2026-01-21 04:45:00,1.354,1.354,1.35,1.351,310176.8
2026-01-21 05:00:00,1.351,1.356,1.351,1.351,463766.8
2026-01-21 05:15:00,1.351,1.352,1.344,1.345,517141.0
2026-01-21 05:30:00,1.345,1.35,1.343,1.35,353897.3
2026-01-21 05:45:00,1.35,1.356,1.349,1.353,736804.5
2026-01-21 06:00:00,1.353,1.354,1.351,1.352,374530.4
2026-01-21 06:15:00,1.352,1.354,1.35,1.351,250417.6
2026-01-21 06:30:00,1.352,1.353,1.348,1.35,387273.7
2026-01-21 06:45:00,1.351,1.354,1.349,1.352,328652.6
2026-01-21 07:00:00,1.352,1.358,1.349,1.354,666565.6
2026-01-21 07:15:00,1.355,1.359,1.354,1.358,381744.1
2026-01-21 07:30:00,1.358,1.358,1.345,1.349,1041771.6
2026-01-21 07:45:00,1.348,1.352,1.346,1.351,441812.4
2026-01-21 08:00:00,1.351,1.358,1.349,1.352,685782.4
2026-01-21 08:15:00,1.352,1.354,1.349,1.349,249041.0
2026-01-21 08:30:00,1.349,1.351,1.34,1.342,718785.0
2026-01-21 08:45:00,1.342,1.348,1.34,1.348,620458.7
2026-01-21 09:00:00,1.347,1.348,1.342,1.346,378296.8
2026-01-21 09:15:00,1.346,1.348,1.344,1.346,338408.9
2026-01-21 09:30:00,1.346,1.352,1.345,1.35,562222.5
2026-01-21 09:45:00,1.349,1.353,1.349,1.349,896035.3
2026-01-21 10:00:00,1.349,1.358,1.348,1.353,673954.3
2026-01-21 10:15:00,1.352,1.355,1.351,1.355,242789.8
2026-01-21 10:30:00,1.355,1.358,1.353,1.357,539153.9
2026-01-21 10:45:00,1.357,1.357,1.35,1.35,352561.5
2026-01-21 11:00:00,1.35,1.35,1.346,1.35,526172.2
2026-01-21 11:15:00,1.349,1.349,1.346,1.349,411060.5
2026-01-21 11:30:00,1.349,1.349,1.344,1.344,398094.6
2026-01-21 11:45:00,1.345,1.346,1.332,1.335,1209468.1
2026-01-21 12:00:00,1.335,1.336,1.322,1.327,2231170.1
2026-01-21 12:15:00,1.328,1.331,1.321,1.329,1382818.7
2026-01-21 12:30:00,1.328,1.337,1.324,1.336,1042583.7
2026-01-21 12:45:00,1.335,1.339,1.334,1.336,492604.0
2026-01-21 13:00:00,1.335,1.34,1.333,1.338,729024.2
2026-01-21 13:15:00,1.339,1.34,1.331,1.333,707194.8
2026-01-21 13:30:00,1.333,1.334,1.326,1.326,698725.6
2026-01-21 13:45:00,1.327,1.328,1.317,1.322,1375698.1
2026-01-21 14:00:00,1.322,1.352,1.321,1.349,2615617.4
2026-01-21 14:15:00,1.349,1.351,1.34,1.343,1454709.3
2026-01-21 14:30:00,1.343,1.354,1.341,1.345,1340478.3
2026-01-21 14:45:00,1.345,1.351,1.342,1.348,663750.2
2026-01-21 15:00:00,1.347,1.353,1.342,1.352,911021.3
2026-01-21 15:15:00,1.352,1.357,1.347,1.347,1173148.3
2026-01-21 15:30:00,1.348,1.348,1.337,1.343,950131.1
2026-01-21 15:45:00,1.342,1.351,1.342,1.351,547086.7
2026-01-21 16:00:00,1.351,1.351,1.342,1.343,584069.5
2026-01-21 16:15:00,1.342,1.343,1.328,1.335,1126679.8
2026-01-21 16:30:00,1.335,1.336,1.303,1.305,2439647.7
2026-01-21 16:45:00,1.304,1.321,1.297,1.301,2787058.0
2026-01-21 17:00:00,1.3,1.319,1.299,1.302,1971952.3
2026-01-21 17:15:00,1.301,1.313,1.298,1.307,1847167.6
2026-01-21 17:30:00,1.308,1.316,1.298,1.311,2091861.6
2026-01-21 17:45:00,1.31,1.319,1.308,1.317,757536.6
2026-01-21 18:00:00,1.317,1.325,1.311,1.32,1119344.7
2026-01-21 18:15:00,1.32,1.322,1.311,1.314,975423.0
2026-01-21 18:30:00,1.314,1.321,1.312,1.318,707384.3
2026-01-21 18:45:00,1.317,1.328,1.314,1.322,1060880.1
2026-01-21 19:00:00,1.322,1.325,1.314,1.317,1030774.0
2026-01-21 19:15:00,1.316,1.346,1.315,1.344,2914335.4
2026-01-21 19:30:00,1.344,1.364,1.341,1.363,3031180.8
2026-01-21 19:45:00,1.363,1.368,1.358,1.368,2001900.6
2026-01-21 20:00:00,1.368,1.371,1.356,1.356,1430363.0
2026-01-21 20:15:00,1.356,1.358,1.35,1.351,833621.5
2026-01-21 20:30:00,1.351,1.357,1.348,1.353,825740.3
2026-01-21 20:45:00,1.353,1.367,1.353,1.367,668911.0
2026-01-21 21:00:00,1.367,1.368,1.361,1.365,634188.6
2026-01-21 21:15:00,1.365,1.376,1.364,1.367,957706.5
2026-01-21 21:30:00,1.368,1.375,1.367,1.374,419189.5
2026-01-21 21:45:00,1.374,1.375,1.367,1.367,461666.8
2026-01-21 22:00:00,1.368,1.374,1.367,1.367,432955.7
2026-01-21 22:15:00,1.367,1.368,1.359,1.36,495958.8
2026-01-21 22:30:00,1.36,1.361,1.355,1.357,350204.3
2026-01-21 22:45:00,1.358,1.361,1.355,1.357,170681.4
2026-01-21 23:00:00,1.357,1.362,1.353,1.359,645890.5
2026-01-21 23:15:00,1.36,1.36,1.353,1.358,521637.3
2026-01-21 23:30:00,1.357,1.358,1.346,1.347,974974.3
2026-01-21 23:45:00,1.347,1.349,1.342,1.348,667867.5
2026-01-22 00:00:00,1.348,1.352,1.347,1.351,830317.5
2026-01-22 00:15:00,1.352,1.353,1.348,1.349,741621.7
2026-01-22 00:30:00,1.349,1.358,1.349,1.357,589336.3
2026-01-22 00:45:00,1.356,1.358,1.353,1.353,349227.2
2026-01-22 01:00:00,1.354,1.358,1.35,1.353,457304.7
2026-01-22 01:15:00,1.353,1.358,1.351,1.358,709386.9
2026-01-22 01:30:00,1.357,1.357,1.353,1.354,506438.2
2026-01-22 01:45:00,1.354,1.358,1.352,1.356,231906.1
2026-01-22 02:00:00,1.357,1.36,1.354,1.356,725372.5
2026-01-22 02:15:00,1.356,1.359,1.355,1.357,410371.9
2026-01-22 02:30:00,1.357,1.359,1.354,1.358,288501.6
2026-01-22 02:45:00,1.358,1.36,1.353,1.355,373385.5
2026-01-22 03:00:00,1.354,1.36,1.354,1.358,493722.3
2026-01-22 03:15:00,1.359,1.359,1.351,1.352,301934.3
2026-01-22 03:30:00,1.352,1.352,1.343,1.35,585704.2
2026-01-22 03:45:00,1.351,1.353,1.349,1.349,254095.0
2026-01-22 04:00:00,1.35,1.353,1.348,1.35,598176.6
2026-01-22 04:15:00,1.35,1.355,1.35,1.354,226197.2
2026-01-22 04:30:00,1.354,1.357,1.351,1.357,334686.5
2026-01-22 04:45:00,1.357,1.358,1.353,1.353,280856.5
2026-01-22 05:00:00,1.353,1.356,1.351,1.354,224058.0
2026-01-22 05:15:00,1.354,1.355,1.35,1.352,273251.9
2026-01-22 05:30:00,1.352,1.352,1.349,1.35,351950.9
2026-01-22 05:45:00,1.35,1.351,1.343,1.348,567822.6
2026-01-22 06:00:00,1.348,1.351,1.344,1.347,464544.7
2026-01-22 06:15:00,1.348,1.349,1.339,1.341,636332.1
2026-01-22 06:30:00,1.34,1.347,1.339,1.347,465184.1
2026-01-22 06:45:00,1.346,1.351,1.346,1.347,327879.9
2026-01-22 07:00:00,1.348,1.349,1.343,1.343,264146.2
2026-01-22 07:15:00,1.344,1.345,1.337,1.342,644614.0
2026-01-22 07:30:00,1.341,1.347,1.339,1.345,453653.5
2026-01-22 07:45:00,1.345,1.347,1.342,1.343,328107.4
2026-01-22 08:00:00,1.343,1.345,1.334,1.338,1431417.2
2026-01-22 08:15:00,1.338,1.344,1.336,1.338,938294.5
2026-01-22 08:30:00,1.338,1.341,1.335,1.339,442346.6
2026-01-22 08:45:00,1.338,1.351,1.337,1.351,1179016.9
2026-01-22 09:00:00,1.351,1.354,1.344,1.352,666903.4
2026-01-22 09:15:00,1.352,1.355,1.349,1.349,485551.9
2026-01-22 09:30:00,1.349,1.355,1.349,1.355,406660.0
2026-01-22 09:45:00,1.355,1.356,1.351,1.353,339448.1
2026-01-22 10:00:00,1.353,1.355,1.35,1.351,266786.8
2026-01-22 10:15:00,1.35,1.352,1.348,1.351,428529.7
2026-01-22 10:30:00,1.351,1.354,1.349,1.352,417596.3
2026-01-22 10:45:00,1.352,1.354,1.35,1.351,216617.6
2026-01-22 11:00:00,1.351,1.351,1.345,1.345,518969.0
2026-01-22 11:15:00,1.345,1.348,1.34,1.342,783223.2
2026-01-22 11:30:00,1.341,1.345,1.34,1.343,432541.0
2026-01-22 11:45:00,1.344,1.346,1.341,1.341,233428.6
2026-01-22 12:00:00,1.341,1.343,1.339,1.34,445017.5
2026-01-22 12:15:00,1.34,1.344,1.34,1.343,570328.5
2026-01-22 12:30:00,1.342,1.343,1.338,1.34,292475.0
2026-01-22 12:45:00,1.34,1.343,1.339,1.342,226901.1
2026-01-22 13:00:00,1.342,1.343,1.338,1.34,383270.8
2026-01-22 13:15:00,1.34,1.348,1.339,1.348,542288.8
2026-01-22 13:30:00,1.348,1.351,1.336,1.338,952557.4
2026-01-22 13:45:00,1.338,1.342,1.333,1.337,1158241.1
2026-01-22 14:00:00,1.337,1.342,1.332,1.341,935719.9
2026-01-22 14:15:00,1.34,1.341,1.33,1.332,1028085.5
2026-01-22 14:30:00,1.333,1.339,1.324,1.329,1621942.7
2026-01-22 14:45:00,1.329,1.33,1.319,1.323,1258417.7
2026-01-22 15:00:00,1.323,1.326,1.317,1.322,1368108.4
2026-01-22 15:15:00,1.323,1.328,1.309,1.311,1237111.3
2026-01-22 15:30:00,1.311,1.326,1.309,1.326,926178.6
2026-01-22 15:45:00,1.326,1.332,1.321,1.323,808481.0
2026-01-22 16:00:00,1.323,1.329,1.321,1.321,894370.7
2026-01-22 16:15:00,1.322,1.328,1.318,1.322,1260389.0
2026-01-22 16:30:00,1.323,1.326,1.319,1.325,603412.4
2026-01-22 16:45:00,1.325,1.333,1.325,1.328,668369.0
2026-01-22 17:00:00,1.328,1.333,1.327,1.33,687481.5
2026-01-22 17:15:00,1.331,1.332,1.319,1.322,773631.1
2026-01-22 17:30:00,1.323,1.325,1.321,1.323,412368.0
2026-01-22 17:45:00,1.323,1.332,1.322,1.33,452001.0
2026-01-22 18:00:00,1.331,1.331,1.321,1.321,982595.0
2026-01-22 18:15:00,1.321,1.328,1.32,1.321,663729.6
2026-01-22 18:30:00,1.322,1.326,1.316,1.317,908507.1
2026-01-22 18:45:00,1.317,1.317,1.308,1.31,702776.8
2026-01-22 19:00:00,1.309,1.312,1.305,1.31,613296.0
2026-01-22 19:15:00,1.311,1.314,1.306,1.312,481580.9
2026-01-22 19:30:00,1.313,1.32,1.313,1.318,404970.4
2026-01-22 19:45:00,1.318,1.32,1.312,1.316,614075.0
2026-01-22 20:00:00,1.316,1.317,1.311,1.316,591871.0
2026-01-22 20:15:00,1.316,1.319,1.305,1.308,842083.4
2026-01-22 20:30:00,1.308,1.312,1.303,1.306,681262.1
2026-01-22 20:45:00,1.306,1.309,1.305,1.307,242437.4
2026-01-22 21:00:00,1.307,1.313,1.306,1.311,491135.4
2026-01-22 21:15:00,1.311,1.318,1.309,1.314,425263.7
2026-01-22 21:30:00,1.315,1.315,1.31,1.31,263978.4
2026-01-22 21:45:00,1.31,1.314,1.308,1.311,339463.1
2026-01-22 22:00:00,1.311,1.318,1.308,1.314,681447.4
2026-01-22 22:15:00,1.313,1.316,1.31,1.312,476422.8
2026-01-22 22:30:00,1.312,1.314,1.308,1.313,265325.1
2026-01-22 22:45:00,1.313,1.315,1.313,1.313,92016.8
2026-01-22 23:00:00,1.313,1.314,1.305,1.311,778483.8
2026-01-22 23:15:00,1.312,1.316,1.311,1.314,297451.7
2026-01-22 23:30:00,1.314,1.319,1.313,1.315,252608.7
2026-01-22 23:45:00,1.314,1.318,1.313,1.318,324559.8
2026-01-23 00:00:00,1.317,1.319,1.314,1.317,876995.0
2026-01-23 00:15:00,1.318,1.32,1.317,1.318,510440.3
2026-01-23 00:30:00,1.317,1.321,1.315,1.318,374106.3
2026-01-23 00:45:00,1.319,1.322,1.317,1.318,448486.0
2026-01-23 01:00:00,1.318,1.327,1.318,1.326,465404.1
2026-01-23 01:15:00,1.326,1.33,1.325,1.329,354191.2
2026-01-23 01:30:00,1.33,1.344,1.33,1.343,891286.1
2026-01-23 01:45:00,1.343,1.343,1.334,1.338,648290.8
2026-01-23 02:00:00,1.339,1.341,1.331,1.337,676387.3
2026-01-23 02:15:00,1.337,1.338,1.333,1.334,417611.4
2026-01-23 02:30:00,1.335,1.338,1.332,1.333,256349.9
2026-01-23 02:45:00,1.333,1.335,1.33,1.33,206883.0
2026-01-23 03:00:00,1.331,1.336,1.327,1.335,570699.8
2026-01-23 03:15:00,1.335,1.342,1.335,1.34,786128.8
2026-01-23 03:30:00,1.341,1.342,1.335,1.339,364747.1
2026-01-23 03:45:00,1.34,1.34,1.335,1.336,282142.6
2026-01-23 04:00:00,1.336,1.341,1.334,1.34,542757.7
2026-01-23 04:15:00,1.341,1.344,1.336,1.343,454640.2
2026-01-23 04:30:00,1.343,1.348,1.341,1.347,620970.0
2026-01-23 04:45:00,1.348,1.367,1.347,1.356,1772604.8
2026-01-23 05:00:00,1.356,1.356,1.347,1.354,1132315.5
2026-01-23 05:15:00,1.353,1.354,1.349,1.353,919675.1
2026-01-23 05:30:00,1.354,1.355,1.347,1.348,566376.8
2026-01-23 05:45:00,1.349,1.356,1.346,1.355,325533.4
2026-01-23 06:00:00,1.356,1.364,1.355,1.363,842644.5
2026-01-23 06:15:00,1.363,1.368,1.352,1.354,1514763.1
2026-01-23 06:30:00,1.355,1.363,1.353,1.357,755536.8
2026-01-23 06:45:00,1.358,1.359,1.347,1.349,812576.4
2026-01-23 07:00:00,1.349,1.353,1.343,1.345,761092.5
2026-01-23 07:15:00,1.346,1.349,1.344,1.345,334397.8
2026-01-23 07:30:00,1.346,1.347,1.342,1.344,524112.0
2026-01-23 07:45:00,1.345,1.345,1.341,1.343,260438.7
2026-01-23 08:00:00,1.344,1.346,1.34,1.345,560694.1
2026-01-23 08:15:00,1.344,1.345,1.339,1.34,468014.7
2026-01-23 08:30:00,1.34,1.343,1.33,1.332,961137.1
2026-01-23 08:45:00,1.333,1.336,1.327,1.332,609336.7
2026-01-23 09:00:00,1.331,1.338,1.331,1.337,598385.4
2026-01-23 09:15:00,1.336,1.337,1.332,1.333,733457.0
2026-01-23 09:30:00,1.333,1.335,1.329,1.335,891291.4
2026-01-23 09:45:00,1.335,1.336,1.328,1.33,644450.5
2026-01-23 10:00:00,1.329,1.333,1.323,1.333,1279446.1
2026-01-23 10:15:00,1.332,1.333,1.322,1.326,1881650.5
2026-01-23 10:30:00,1.326,1.329,1.324,1.328,977058.1
2026-01-23 10:45:00,1.329,1.331,1.327,1.329,322079.9
2026-01-23 11:00:00,1.329,1.335,1.328,1.335,578326.6
2026-01-23 11:15:00,1.334,1.337,1.332,1.336,565759.1
2026-01-23 11:30:00,1.335,1.335,1.321,1.322,1159528.8
2026-01-23 11:45:00,1.322,1.324,1.309,1.317,3191466.3
2026-01-23 12:00:00,1.317,1.319,1.313,1.315,1068644.1
2026-01-23 12:15:00,1.315,1.317,1.312,1.316,388015.9
2026-01-23 12:30:00,1.315,1.318,1.312,1.318,488506.6
2026-01-23 12:45:00,1.318,1.321,1.317,1.318,309116.3
2026-01-23 13:00:00,1.318,1.322,1.317,1.321,573483.3
2026-01-23 13:15:00,1.321,1.325,1.319,1.322,558133.1
2026-01-23 13:30:00,1.322,1.327,1.317,1.322,907547.1
2026-01-23 13:45:00,1.321,1.326,1.313,1.315,1246613.8
2026-01-23 14:00:00,1.314,1.318,1.313,1.316,527354.8
2026-01-23 14:15:00,1.317,1.32,1.314,1.318,674280.9
2026-01-23 14:30:00,1.318,1.318,1.299,1.305,3537672.7
2026-01-23 14:45:00,1.306,1.307,1.294,1.303,2800700.3
2026-01-23 15:00:00,1.303,1.31,1.302,1.303,1347736.6
2026-01-23 15:15:00,1.303,1.318,1.298,1.313,1658337.7
2026-01-23 15:30:00,1.313,1.32,1.31,1.315,883053.6
2026-01-23 15:45:00,1.315,1.33,1.315,1.327,1021370.8
2026-01-23 16:00:00,1.327,1.33,1.324,1.326,1378520.4
2026-01-23 16:15:00,1.327,1.328,1.316,1.318,1011184.6
2026-01-23 16:30:00,1.317,1.336,1.313,1.336,1298262.6
2026-01-23 16:45:00,1.336,1.34,1.328,1.329,1078734.8
2026-01-23 17:00:00,1.329,1.33,1.319,1.324,1201353.8
2026-01-23 17:15:00,1.324,1.345,1.324,1.344,1362585.7
2026-01-23 17:30:00,1.343,1.351,1.337,1.34,1948948.8
2026-01-23 17:45:00,1.34,1.345,1.333,1.335,731724.4
2026-01-23 18:00:00,1.335,1.342,1.329,1.335,987963.1
2026-01-23 18:15:00,1.335,1.339,1.331,1.337,631848.0
2026-01-23 18:30:00,1.337,1.34,1.33,1.332,541912.9
2026-01-23 18:45:00,1.332,1.332,1.325,1.329,722859.2
2026-01-23 19:00:00,1.328,1.329,1.319,1.32,1182292.2
2026-01-23 19:15:00,1.32,1.321,1.307,1.31,1904159.1
2026-01-23 19:30:00,1.31,1.312,1.303,1.31,1191163.5
2026-01-23 19:45:00,1.311,1.312,1.305,1.311,575935.7
2026-01-23 20:00:00,1.311,1.314,1.306,1.311,727642.6
2026-01-23 20:15:00,1.312,1.313,1.305,1.306,1076216.9
2026-01-23 20:30:00,1.307,1.307,1.296,1.302,1779268.2
2026-01-23 20:45:00,1.302,1.306,1.297,1.303,802135.0
2026-01-23 21:00:00,1.302,1.31,1.3,1.308,474531.7
2026-01-23 21:15:00,1.308,1.311,1.305,1.308,433078.6
2026-01-23 21:30:00,1.308,1.309,1.303,1.305,471028.5
2026-01-23 21:45:00,1.306,1.308,1.304,1.305,370941.0
2026-01-23 22:00:00,1.305,1.314,1.304,1.311,702387.6
2026-01-23 22:15:00,1.31,1.317,1.308,1.315,411222.2
2026-01-23 22:30:00,1.315,1.318,1.312,1.313,350445.5
2026-01-23 22:45:00,1.313,1.316,1.312,1.315,126564.3
2026-01-23 23:00:00,1.315,1.315,1.309,1.311,306267.5
2026-01-23 23:15:00,1.311,1.314,1.309,1.31,185114.0
2026-01-23 23:30:00,1.31,1.312,1.309,1.311,121073.8
2026-01-23 23:45:00,1.311,1.313,1.31,1.311,267636.8
2026-01-24 00:00:00,1.311,1.317,1.311,1.312,734882.1
2026-01-24 00:15:00,1.312,1.313,1.308,1.309,420314.2
2026-01-24 00:30:00,1.309,1.314,1.308,1.309,346560.0
2026-01-24 00:45:00,1.309,1.312,1.308,1.309,251822.1
2026-01-24 01:00:00,1.308,1.309,1.302,1.307,960297.4
2026-01-24 01:15:00,1.307,1.312,1.307,1.31,346587.9
2026-01-24 01:30:00,1.309,1.313,1.305,1.311,342230.8
2026-01-24 01:45:00,1.31,1.314,1.31,1.313,312971.5
2026-01-24 02:00:00,1.314,1.316,1.311,1.313,419910.8
2026-01-24 02:15:00,1.312,1.315,1.312,1.313,149264.3
2026-01-24 02:30:00,1.313,1.314,1.31,1.312,228597.5
2026-01-24 02:45:00,1.312,1.314,1.307,1.311,860364.6
2026-01-24 03:00:00,1.311,1.318,1.31,1.317,512910.1
2026-01-24 03:15:00,1.317,1.321,1.314,1.32,600059.9
2026-01-24 03:30:00,1.319,1.324,1.317,1.322,492256.8
2026-01-24 03:45:00,1.321,1.322,1.317,1.318,288159.8
2026-01-24 04:00:00,1.319,1.321,1.317,1.32,305328.3
2026-01-24 04:15:00,1.321,1.322,1.317,1.317,332825.2
2026-01-24 04:30:00,1.318,1.321,1.315,1.319,389515.4
2026-01-24 04:45:00,1.319,1.32,1.317,1.318,182871.0
2026-01-24 05:00:00,1.318,1.319,1.311,1.311,448277.4
2026-01-24 05:15:00,1.311,1.314,1.31,1.312,236610.8
2026-01-24 05:30:00,1.312,1.314,1.311,1.312,224774.1
2026-01-24 05:45:00,1.312,1.318,1.312,1.318,410103.3
2026-01-24 06:00:00,1.317,1.32,1.316,1.318,338294.6
2026-01-24 06:15:00,1.318,1.32,1.315,1.317,204103.6
2026-01-24 06:30:00,1.318,1.319,1.316,1.317,193177.1
2026-01-24 06:45:00,1.318,1.319,1.315,1.316,174676.4
2026-01-24 07:00:00,1.316,1.318,1.315,1.315,199473.5
2026-01-24 07:15:00,1.315,1.316,1.311,1.312,383464.3
2026-01-24 07:30:00,1.312,1.317,1.312,1.317,203204.9
2026-01-24 07:45:00,1.317,1.318,1.313,1.313,409787.9
2026-01-24 08:00:00,1.313,1.316,1.309,1.312,618915.3
2026-01-24 08:15:00,1.312,1.313,1.31,1.312,180655.2
2026-01-24 08:30:00,1.312,1.317,1.312,1.317,152601.7
2026-01-24 08:45:00,1.317,1.321,1.315,1.319,321288.3
2026-01-24 09:00:00,1.319,1.32,1.315,1.317,286692.2
2026-01-24 09:15:00,1.317,1.318,1.316,1.317,119412.3
2026-01-24 09:30:00,1.317,1.319,1.315,1.316,244667.8
2026-01-24 09:45:00,1.317,1.318,1.313,1.314,206854.6
2026-01-24 10:00:00,1.314,1.316,1.313,1.314,195047.1
2026-01-24 10:15:00,1.314,1.315,1.311,1.313,239901.7
2026-01-24 10:30:00,1.314,1.318,1.314,1.317,271149.2
2026-01-24 10:45:00,1.318,1.319,1.315,1.316,220744.0
2026-01-24 11:00:00,1.316,1.32,1.315,1.318,265026.1
2026-01-24 11:15:00,1.319,1.319,1.316,1.317,315946.3
2026-01-24 11:30:00,1.317,1.317,1.314,1.315,194691.9
2026-01-24 11:45:00,1.316,1.319,1.314,1.319,218681.4
2026-01-24 12:00:00,1.319,1.32,1.315,1.315,390591.3
2026-01-24 12:15:00,1.316,1.321,1.315,1.32,677541.4
2026-01-24 12:30:00,1.321,1.321,1.317,1.318,368935.1
2026-01-24 12:45:00,1.318,1.319,1.316,1.317,263628.4
2026-01-24 13:00:00,1.317,1.32,1.316,1.318,385905.1
2026-01-24 13:15:00,1.318,1.318,1.314,1.316,241175.2
2026-01-24 13:30:00,1.316,1.319,1.315,1.318,268217.0
2026-01-24 13:45:00,1.318,1.319,1.312,1.312,230735.9
2026-01-24 14:00:00,1.312,1.315,1.311,1.312,844627.4
2026-01-24 14:15:00,1.313,1.316,1.311,1.313,379623.2
2026-01-24 14:30:00,1.314,1.316,1.313,1.314,274257.5
2026-01-24 14:45:00,1.315,1.318,1.312,1.313,594427.5
2026-01-24 15:00:00,1.314,1.318,1.313,1.318,360015.5
2026-01-24 15:15:00,1.317,1.318,1.311,1.311,399800.3
2026-01-24 15:30:00,1.311,1.313,1.301,1.303,1317630.7
2026-01-24 15:45:00,1.302,1.307,1.301,1.305,1026011.0
2026-01-24 16:00:00,1.304,1.305,1.297,1.3,2185973.9
2026-01-24 16:15:00,1.3,1.302,1.295,1.3,669892.2
2026-01-24 16:30:00,1.3,1.303,1.298,1.299,476117.6
2026-01-24 16:45:00,1.299,1.304,1.299,1.302,728530.6
2026-01-24 17:00:00,1.303,1.305,1.3,1.304,294468.0
2026-01-24 17:15:00,1.304,1.305,1.303,1.303,297598.2
2026-01-24 17:30:00,1.303,1.306,1.301,1.302,526761.5
2026-01-24 17:45:00,1.302,1.304,1.301,1.303,210460.5
2026-01-24 18:00:00,1.303,1.305,1.301,1.302,222569.0
2026-01-24 18:15:00,1.303,1.304,1.302,1.303,167133.7
2026-01-24 18:30:00,1.304,1.306,1.302,1.303,161773.6
2026-01-24 18:45:00,1.304,1.305,1.3,1.3,272729.0
2026-01-24 19:00:00,1.301,1.303,1.298,1.298,367315.8
2026-01-24 19:15:00,1.298,1.299,1.296,1.299,392085.8
2026-01-24 19:30:00,1.298,1.302,1.298,1.301,193665.6
2026-01-24 19:45:00,1.302,1.303,1.298,1.298,193797.6
2026-01-24 20:00:00,1.298,1.304,1.297,1.303,328784.5
2026-01-24 20:15:00,1.304,1.309,1.303,1.306,616492.5
2026-01-24 20:30:00,1.306,1.307,1.304,1.305,178089.9
2026-01-24 20:45:00,1.306,1.309,1.304,1.307,216174.3
2026-01-24 21:00:00,1.307,1.309,1.305,1.308,406028.4
2026-01-24 21:15:00,1.308,1.311,1.307,1.31,246069.3
2026-01-24 21:30:00,1.31,1.313,1.308,1.312,414566.1
2026-01-24 21:45:00,1.311,1.311,1.308,1.31,278260.1
2026-01-24 22:00:00,1.311,1.317,1.309,1.315,400121.8
2026-01-24 22:15:00,1.315,1.318,1.313,1.316,430221.4
2026-01-24 22:30:00,1.316,1.317,1.315,1.315,224293.6
2026-01-24 22:45:00,1.315,1.319,1.315,1.318,246654.0
2026-01-24 23:00:00,1.317,1.321,1.317,1.321,319410.4
2026-01-24 23:15:00,1.321,1.321,1.317,1.32,419715.4
2026-01-24 23:30:00,1.319,1.321,1.315,1.316,228214.8
2026-01-24 23:45:00,1.315,1.318,1.312,1.314,425518.4
2026-01-25 00:00:00,1.314,1.321,1.313,1.319,745893.3
2026-01-25 00:15:00,1.318,1.321,1.315,1.317,778356.4
2026-01-25 00:30:00,1.317,1.318,1.311,1.313,1113184.4
2026-01-25 00:45:00,1.314,1.321,1.311,1.321,487591.3
2026-01-25 01:00:00,1.321,1.329,1.321,1.321,1465697.9
2026-01-25 01:15:00,1.322,1.322,1.315,1.315,350933.8
2026-01-25 01:30:00,1.315,1.316,1.308,1.309,922234.4
2026-01-25 01:45:00,1.309,1.312,1.308,1.311,236560.0
2026-01-25 02:00:00,1.312,1.314,1.309,1.312,696122.8
2026-01-25 02:15:00,1.312,1.313,1.31,1.31,252443.0
2026-01-25 02:30:00,1.31,1.313,1.304,1.304,317778.9
2026-01-25 02:45:00,1.304,1.311,1.304,1.308,417065.9
2026-01-25 03:00:00,1.308,1.312,1.308,1.309,347393.0
2026-01-25 03:15:00,1.31,1.31,1.304,1.305,510884.1
2026-01-25 03:30:00,1.305,1.305,1.298,1.304,863519.4
2026-01-25 03:45:00,1.303,1.306,1.301,1.304,513576.4
2026-01-25 04:00:00,1.303,1.307,1.3,1.3,546614.8
2026-01-25 04:15:00,1.301,1.307,1.301,1.306,345537.5
2026-01-25 04:30:00,1.307,1.311,1.306,1.308,418754.8
2026-01-25 04:45:00,1.308,1.308,1.303,1.303,223759.4
2026-01-25 05:00:00,1.304,1.305,1.302,1.303,178631.3
2026-01-25 05:15:00,1.304,1.304,1.3,1.302,419669.7
2026-01-25 05:30:00,1.302,1.303,1.299,1.3,776451.1
2026-01-25 05:45:00,1.3,1.305,1.3,1.305,218951.3
2026-01-25 06:00:00,1.304,1.305,1.3,1.302,664215.4
2026-01-25 06:15:00,1.301,1.304,1.3,1.3,415049.2
2026-01-25 06:30:00,1.301,1.308,1.3,1.307,797717.5
2026-01-25 06:45:00,1.307,1.309,1.302,1.303,316632.7
2026-01-25 07:00:00,1.303,1.304,1.298,1.298,457289.2
2026-01-25 07:15:00,1.299,1.308,1.298,1.306,492994.9
2026-01-25 07:30:00,1.307,1.309,1.304,1.306,405655.3
2026-01-25 07:45:00,1.307,1.307,1.303,1.306,192579.7
2026-01-25 08:00:00,1.306,1.308,1.305,1.305,267516.4
2026-01-25 08:15:00,1.305,1.308,1.301,1.302,323663.4
2026-01-25 08:30:00,1.302,1.302,1.287,1.295,2077455.5
2026-01-25 08:45:00,1.296,1.296,1.29,1.294,813283.7
2026-01-25 09:00:00,1.294,1.296,1.289,1.294,618648.2
2026-01-25 09:15:00,1.294,1.299,1.293,1.295,505846.6
2026-01-25 09:30:00,1.294,1.3,1.293,1.3,441283.2
2026-01-25 09:45:00,1.3,1.304,1.296,1.299,553522.5
2026-01-25 10:00:00,1.3,1.304,1.3,1.303,212303.2
2026-01-25 10:15:00,1.303,1.306,1.302,1.306,339414.2
2026-01-25 10:30:00,1.306,1.307,1.3,1.301,498230.7
2026-01-25 10:45:00,1.302,1.303,1.297,1.298,302995.4
2026-01-25 11:00:00,1.298,1.299,1.292,1.294,473034.8
2026-01-25 11:15:00,1.295,1.301,1.294,1.3,350403.8
2026-01-25 11:30:00,1.3,1.301,1.294,1.297,473561.5
2026-01-25 11:45:00,1.297,1.297,1.292,1.295,480641.1
2026-01-25 12:00:00,1.295,1.295,1.287,1.292,1184522.9
2026-01-25 12:15:00,1.292,1.292,1.272,1.279,3493220.5
2026-01-25 12:30:00,1.279,1.284,1.278,1.282,642923.8
2026-01-25 12:45:00,1.281,1.288,1.281,1.288,674654.5
2026-01-25 13:00:00,1.287,1.29,1.284,1.286,731562.9
2026-01-25 13:15:00,1.287,1.289,1.281,1.282,517917.9
2026-01-25 13:30:00,1.282,1.287,1.28,1.285,329915.2
2026-01-25 13:45:00,1.285,1.289,1.285,1.287,440174.9
2026-01-25 14:00:00,1.288,1.289,1.281,1.281,524866.5
2026-01-25 14:15:00,1.281,1.285,1.273,1.276,926143.2
2026-01-25 14:30:00,1.277,1.281,1.275,1.277,579539.7
2026-01-25 14:45:00,1.277,1.281,1.275,1.28,593584.1
2026-01-25 15:00:00,1.28,1.285,1.278,1.283,779374.9
2026-01-25 15:15:00,1.282,1.288,1.279,1.286,691018.9
2026-01-25 15:30:00,1.286,1.287,1.28,1.28,405147.1
2026-01-25 15:45:00,1.28,1.283,1.278,1.281,638023.8
2026-01-25 16:00:00,1.282,1.282,1.261,1.265,4537793.8
2026-01-25 16:15:00,1.266,1.267,1.25,1.261,4369248.7
2026-01-25 16:30:00,1.26,1.264,1.254,1.26,1479559.7
2026-01-25 16:45:00,1.26,1.267,1.258,1.265,903409.1
2026-01-25 17:00:00,1.265,1.269,1.262,1.263,1212672.0
2026-01-25 17:15:00,1.263,1.264,1.257,1.259,768535.5
2026-01-25 17:30:00,1.259,1.271,1.258,1.269,740525.0
2026-01-25 17:45:00,1.27,1.272,1.266,1.267,903016.6
2026-01-25 18:00:00,1.267,1.268,1.243,1.259,2480301.4
2026-01-25 18:15:00,1.259,1.262,1.252,1.254,1594733.5
2026-01-25 18:30:00,1.254,1.254,1.238,1.243,2553209.7
2026-01-25 18:45:00,1.244,1.249,1.242,1.247,1180943.9
2026-01-25 19:00:00,1.248,1.251,1.244,1.244,1118642.2
2026-01-25 19:15:00,1.245,1.245,1.227,1.231,3964966.3
2026-01-25 19:30:00,1.231,1.237,1.226,1.234,1766334.5
2026-01-25 19:45:00,1.233,1.234,1.209,1.222,4599946.2
2026-01-25 20:00:00,1.223,1.231,1.222,1.224,1650105.9
2026-01-25 20:15:00,1.223,1.229,1.222,1.225,719550.4
2026-01-25 20:30:00,1.224,1.225,1.215,1.224,1461620.4
2026-01-25 20:45:00,1.224,1.236,1.223,1.235,1568231.0
2026-01-25 21:00:00,1.235,1.244,1.235,1.241,1407415.1
2026-01-25 21:15:00,1.242,1.243,1.238,1.239,627652.2
2026-01-25 21:30:00,1.24,1.242,1.233,1.235,834104.1
2026-01-25 21:45:00,1.236,1.24,1.233,1.238,546406.0
2026-01-25 22:00:00,1.239,1.241,1.235,1.241,649575.8
2026-01-25 22:15:00,1.24,1.241,1.231,1.233,680702.1
2026-01-25 22:30:00,1.233,1.242,1.229,1.241,609774.5
2026-01-25 22:45:00,1.242,1.242,1.233,1.239,345164.1
2026-01-25 23:00:00,1.239,1.248,1.235,1.244,1157533.4
2026-01-25 23:15:00,1.243,1.249,1.241,1.244,630671.4
2026-01-25 23:30:00,1.245,1.249,1.242,1.246,656779.6
2026-01-25 23:45:00,1.246,1.253,1.246,1.251,627706.7
2026-01-26 00:00:00,1.251,1.253,1.246,1.252,1197644.9
2026-01-26 00:15:00,1.252,1.255,1.248,1.249,927848.7
2026-01-26 00:30:00,1.25,1.251,1.244,1.245,415158.8
2026-01-26 00:45:00,1.245,1.259,1.245,1.259,719974.1
2026-01-26 01:00:00,1.259,1.275,1.256,1.272,1416223.4
2026-01-26 01:15:00,1.272,1.274,1.266,1.268,835114.5
2026-01-26 01:30:00,1.269,1.273,1.268,1.271,581270.7
2026-01-26 01:45:00,1.27,1.276,1.269,1.271,898181.0
2026-01-26 02:00:00,1.272,1.273,1.259,1.26,886213.3
2026-01-26 02:15:00,1.26,1.269,1.259,1.269,631446.8
2026-01-26 02:30:00,1.268,1.27,1.264,1.265,572917.5
2026-01-26 02:45:00,1.265,1.268,1.263,1.264,284768.1
2026-01-26 03:00:00,1.264,1.272,1.264,1.268,561942.4
2026-01-26 03:15:00,1.267,1.269,1.263,1.263,326989.8
2026-01-26 03:30:00,1.263,1.264,1.259,1.263,399405.8
2026-01-26 03:45:00,1.262,1.264,1.259,1.262,491200.4
2026-01-26 04:00:00,1.262,1.266,1.26,1.265,370251.4
2026-01-26 04:15:00,1.265,1.271,1.263,1.27,623590.3
2026-01-26 04:30:00,1.27,1.272,1.263,1.264,359587.2
2026-01-26 04:45:00,1.264,1.267,1.264,1.266,317716.7
2026-01-26 05:00:00,1.265,1.267,1.263,1.265,257469.7
2026-01-26 05:15:00,1.264,1.266,1.262,1.266,301929.1
2026-01-26 05:30:00,1.266,1.267,1.263,1.266,289433.7
2026-01-26 05:45:00,1.266,1.267,1.264,1.265,487962.6
2026-01-26 06:00:00,1.266,1.267,1.262,1.263,278698.8
2026-01-26 06:15:00,1.262,1.268,1.262,1.268,502509.6
2026-01-26 06:30:00,1.268,1.27,1.265,1.269,475825.7
2026-01-26 06:45:00,1.27,1.277,1.268,1.277,739973.2
2026-01-26 07:00:00,1.277,1.279,1.273,1.277,471021.6
2026-01-26 07:15:00,1.278,1.281,1.273,1.273,603946.1
2026-01-26 07:30:00,1.273,1.275,1.269,1.272,490614.5
2026-01-26 07:45:00,1.272,1.275,1.27,1.273,199738.1
2026-01-26 08:00:00,1.272,1.275,1.27,1.27,358987.7
2026-01-26 08:15:00,1.271,1.284,1.27,1.277,1090019.5
2026-01-26 08:30:00,1.277,1.278,1.27,1.271,460400.3
2026-01-26 08:45:00,1.271,1.271,1.268,1.269,266485.4
2026-01-26 09:00:00,1.27,1.27,1.262,1.263,694577.5
2026-01-26 09:15:00,1.262,1.264,1.261,1.263,424814.2
2026-01-26 09:30:00,1.263,1.264,1.259,1.261,422653.3
2026-01-26 09:45:00,1.261,1.262,1.256,1.258,492871.4
2026-01-26 10:00:00,1.258,1.259,1.252,1.257,1307748.3
2026-01-26 10:15:00,1.258,1.262,1.257,1.26,533556.9
2026-01-26 10:30:00,1.261,1.261,1.257,1.259,248375.5
2026-01-26 10:45:00,1.259,1.259,1.256,1.259,223434.2
2026-01-26 11:00:00,1.259,1.262,1.257,1.261,397827.3
2026-01-26 11:15:00,1.261,1.262,1.257,1.258,178537.1
2026-01-26 11:30:00,1.257,1.259,1.256,1.257,314851.0
2026-01-26 11:45:00,1.256,1.259,1.255,1.258,261325.9
2026-01-26 12:00:00,1.258,1.263,1.257,1.26,436499.5
2026-01-26 12:15:00,1.261,1.262,1.258,1.259,360673.8
2026-01-26 12:30:00,1.258,1.259,1.254,1.256,886556.1
2026-01-26 12:45:00,1.256,1.265,1.255,1.264,1282886.6
2026-01-26 13:00:00,1.263,1.264,1.26,1.264,448533.2
2026-01-26 13:15:00,1.264,1.266,1.262,1.264,439583.2
2026-01-26 13:30:00,1.263,1.265,1.262,1.264,540878.0
2026-01-26 13:45:00,1.263,1.266,1.262,1.265,468165.7
2026-01-26 14:00:00,1.265,1.267,1.258,1.26,901628.3
2026-01-26 14:15:00,1.26,1.263,1.258,1.259,362799.6
2026-01-26 14:30:00,1.259,1.279,1.255,1.272,2365478.2
2026-01-26 14:45:00,1.271,1.279,1.269,1.278,1005162.6
2026-01-26 15:00:00,1.277,1.288,1.271,1.287,2243538.5
2026-01-26 15:15:00,1.286,1.29,1.278,1.28,1491357.7
2026-01-26 15:30:00,1.28,1.282,1.263,1.268,1724195.6
2026-01-26 15:45:00,1.267,1.276,1.265,1.273,767251.2
2026-01-26 16:00:00,1.273,1.279,1.268,1.27,879411.0
2026-01-26 16:15:00,1.269,1.277,1.263,1.273,1063830.5
2026-01-26 16:30:00,1.273,1.276,1.266,1.268,807246.3
2026-01-26 16:45:00,1.267,1.277,1.266,1.271,1103787.7
2026-01-26 17:00:00,1.271,1.274,1.266,1.267,1036139.7
2026-01-26 17:15:00,1.266,1.271,1.263,1.264,1050136.7
2026-01-26 17:30:00,1.264,1.268,1.258,1.267,949353.7
2026-01-26 17:45:00,1.266,1.273,1.266,1.27,502408.1
2026-01-26 18:00:00,1.269,1.273,1.266,1.272,739559.7
2026-01-26 18:15:00,1.272,1.276,1.268,1.275,726683.1
2026-01-26 18:30:00,1.275,1.284,1.272,1.274,1044208.5
2026-01-26 18:45:00,1.273,1.279,1.271,1.275,633686.1
2026-01-26 19:00:00,1.276,1.281,1.272,1.272,415995.7
2026-01-26 19:15:00,1.272,1.276,1.27,1.271,293703.5
2026-01-26 19:30:00,1.27,1.273,1.266,1.271,489066.5
2026-01-26 19:45:00,1.27,1.273,1.265,1.268,323019.2
2026-01-26 20:00:00,1.267,1.269,1.262,1.263,423578.7
2026-01-26 20:15:00,1.262,1.266,1.259,1.263,655814.9
2026-01-26 20:30:00,1.263,1.264,1.259,1.26,488994.1
2026-01-26 20:45:00,1.26,1.263,1.256,1.259,536180.3
2026-01-26 21:00:00,1.259,1.262,1.257,1.262,424012.1
2026-01-26 21:15:00,1.261,1.265,1.26,1.264,221768.6
2026-01-26 21:30:00,1.265,1.278,1.263,1.274,1025605.2
2026-01-26 21:45:00,1.275,1.276,1.27,1.272,526106.7
2026-01-26 22:00:00,1.271,1.275,1.27,1.272,499142.2
2026-01-26 22:15:00,1.272,1.273,1.267,1.268,234245.4
2026-01-26 22:30:00,1.268,1.275,1.267,1.271,517585.0
2026-01-26 22:45:00,1.272,1.275,1.27,1.271,171606.8
2026-01-26 23:00:00,1.271,1.272,1.267,1.268,331027.6
2026-01-26 23:15:00,1.268,1.27,1.265,1.269,365742.9
2026-01-26 23:30:00,1.27,1.275,1.27,1.271,414543.3
2026-01-26 23:45:00,1.271,1.272,1.266,1.267,248160.3
2026-01-27 00:00:00,1.267,1.272,1.266,1.27,1000761.9
2026-01-27 00:15:00,1.27,1.272,1.268,1.269,511877.0
2026-01-27 00:30:00,1.269,1.275,1.268,1.272,295181.6
2026-01-27 00:45:00,1.273,1.276,1.27,1.273,334789.9
2026-01-27 01:00:00,1.273,1.273,1.268,1.27,340107.0
2026-01-27 01:15:00,1.269,1.279,1.268,1.277,724241.5
2026-01-27 01:30:00,1.278,1.282,1.275,1.28,629821.3
2026-01-27 01:45:00,1.28,1.285,1.277,1.279,445797.8
2026-01-27 02:00:00,1.279,1.285,1.279,1.282,933251.7
2026-01-27 02:15:00,1.281,1.282,1.276,1.276,435624.9
2026-01-27 02:30:00,1.276,1.282,1.276,1.28,412594.8
2026-01-27 02:45:00,1.28,1.283,1.279,1.282,638067.1
2026-01-27 03:00:00,1.282,1.285,1.274,1.275,812826.9
2026-01-27 03:15:00,1.275,1.278,1.274,1.276,444447.3
2026-01-27 03:30:00,1.276,1.278,1.273,1.275,363359.6
2026-01-27 03:45:00,1.276,1.276,1.27,1.272,451184.5
2026-01-27 04:00:00,1.273,1.282,1.272,1.277,1078478.3
2026-01-27 04:15:00,1.277,1.279,1.274,1.275,453404.9
2026-01-27 04:30:00,1.275,1.276,1.272,1.273,272701.6
2026-01-27 04:45:00,1.274,1.276,1.271,1.275,205062.9
2026-01-27 05:00:00,1.275,1.277,1.273,1.274,416735.0
2026-01-27 05:15:00,1.275,1.275,1.27,1.274,402726.2
2026-01-27 05:30:00,1.275,1.276,1.272,1.273,525718.0
2026-01-27 05:45:00,1.272,1.274,1.271,1.274,131350.1
2026-01-27 06:00:00,1.274,1.276,1.271,1.273,422837.2
2026-01-27 06:15:00,1.272,1.274,1.271,1.271,231052.0
2026-01-27 06:30:00,1.271,1.272,1.267,1.267,405251.9
2026-01-27 06:45:00,1.267,1.268,1.265,1.267,374603.4
2026-01-27 07:00:00,1.267,1.27,1.265,1.269,352940.3
2026-01-27 07:15:00,1.27,1.27,1.266,1.269,523923.4
2026-01-27 07:30:00,1.269,1.275,1.269,1.272,451674.9
2026-01-27 07:45:00,1.273,1.275,1.269,1.271,324142.2
2026-01-27 08:00:00,1.271,1.277,1.271,1.271,498104.6
2026-01-27 08:15:00,1.271,1.273,1.27,1.272,279343.7
2026-01-27 08:30:00,1.272,1.273,1.268,1.271,226771.5
2026-01-27 08:45:00,1.271,1.274,1.27,1.271,237518.2
2026-01-27 09:00:00,1.272,1.272,1.265,1.265,420545.1
2026-01-27 09:15:00,1.265,1.268,1.263,1.267,448986.5
2026-01-27 09:30:00,1.267,1.27,1.266,1.27,296762.0
2026-01-27 09:45:00,1.269,1.27,1.264,1.264,211724.4
2026-01-27 10:00:00,1.264,1.267,1.26,1.265,1133078.2
2026-01-27 10:15:00,1.265,1.266,1.264,1.265,297676.0
2026-01-27 10:30:00,1.265,1.266,1.262,1.263,355458.3
2026-01-27 10:45:00,1.263,1.265,1.262,1.263,262590.7
2026-01-27 11:00:00,1.264,1.265,1.26,1.263,403864.2
2026-01-27 11:15:00,1.263,1.266,1.261,1.264,472120.7
2026-01-27 11:30:00,1.265,1.27,1.257,1.261,1934346.7
2026-01-27 11:45:00,1.261,1.262,1.258,1.259,589515.5
2026-01-27 12:00:00,1.258,1.26,1.256,1.258,556692.6
2026-01-27 12:15:00,1.258,1.261,1.258,1.259,476019.5
2026-01-27 12:30:00,1.259,1.26,1.253,1.255,740586.9
2026-01-27 12:45:00,1.256,1.258,1.254,1.258,398885.8
2026-01-27 13:00:00,1.257,1.26,1.256,1.26,503272.8
2026-01-27 13:15:00,1.26,1.26,1.255,1.256,422094.6
2026-01-27 13:30:00,1.255,1.262,1.253,1.257,614543.9
2026-01-27 13:45:00,1.258,1.258,1.252,1.254,555690.0
2026-01-27 14:00:00,1.253,1.26,1.251,1.26,668278.5
2026-01-27 14:15:00,1.26,1.266,1.256,1.256,1183682.0
2026-01-27 14:30:00,1.257,1.258,1.244,1.245,3042645.6
2026-01-27 14:45:00,1.246,1.25,1.244,1.246,1513237.8
2026-01-27 15:00:00,1.246,1.259,1.245,1.253,1370049.1
2026-01-27 15:15:00,1.254,1.255,1.248,1.248,744841.1
2026-01-27 15:30:00,1.248,1.254,1.247,1.251,473298.5
2026-01-27 15:45:00,1.251,1.264,1.251,1.263,726083.7
2026-01-27 16:00:00,1.263,1.273,1.26,1.272,2079675.4
2026-01-27 16:15:00,1.272,1.276,1.265,1.268,1249346.0
2026-01-27 16:30:00,1.268,1.288,1.267,1.288,2401625.2
2026-01-27 16:45:00,1.287,1.293,1.28,1.284,2242261.9
2026-01-27 17:00:00,1.284,1.285,1.264,1.265,1747051.5
2026-01-27 17:15:00,1.266,1.266,1.253,1.263,2158171.7
2026-01-27 17:30:00,1.262,1.268,1.25,1.25,1568125.2
2026-01-27 17:45:00,1.251,1.254,1.248,1.253,1429758.8
2026-01-27 18:00:00,1.253,1.26,1.249,1.256,1444081.8
2026-01-27 18:15:00,1.255,1.259,1.254,1.256,547549.9
2026-01-27 18:30:00,1.256,1.261,1.253,1.258,1040742.0
2026-01-27 18:45:00,1.257,1.275,1.257,1.269,1146576.2
2026-01-27 19:00:00,1.269,1.269,1.263,1.268,702890.8
2026-01-27 19:15:00,1.268,1.271,1.266,1.269,365380.9
2026-01-27 19:30:00,1.268,1.272,1.265,1.271,388985.0
2026-01-27 19:45:00,1.271,1.275,1.269,1.27,491939.6
2026-01-27 20:00:00,1.269,1.276,1.268,1.276,575212.3
2026-01-27 20:15:00,1.275,1.287,1.273,1.286,1834006.0
2026-01-27 20:30:00,1.285,1.286,1.276,1.277,1036263.3
2026-01-27 20:45:00,1.277,1.289,1.277,1.286,1186527.9
2026-01-27 21:00:00,1.286,1.288,1.279,1.28,1156444.0
2026-01-27 21:15:00,1.281,1.282,1.276,1.277,491559.5
2026-01-27 21:30:00,1.277,1.278,1.272,1.274,668898.7
2026-01-27 21:45:00,1.275,1.277,1.272,1.273,303209.3
2026-01-27 22:00:00,1.273,1.28,1.273,1.279,658535.9
2026-01-27 22:15:00,1.279,1.28,1.274,1.277,319176.1
2026-01-27 22:30:00,1.277,1.284,1.276,1.284,440769.6
2026-01-27 22:45:00,1.283,1.283,1.275,1.276,338654.8
2026-01-27 23:00:00,1.277,1.277,1.274,1.277,268878.1
2026-01-27 23:15:00,1.277,1.277,1.274,1.276,384085.4
2026-01-27 23:30:00,1.276,1.277,1.273,1.274,603430.4
2026-01-27 23:45:00,1.275,1.278,1.27,1.271,1017693.8
2026-01-28 00:00:00,1.272,1.275,1.267,1.269,922136.8
2026-01-28 00:15:00,1.269,1.27,1.264,1.267,681012.1
2026-01-28 00:30:00,1.268,1.268,1.262,1.263,513966.5
2026-01-28 00:45:00,1.263,1.274,1.263,1.273,594425.5
2026-01-28 01:00:00,1.273,1.275,1.267,1.27,681646.4
2026-01-28 01:15:00,1.269,1.271,1.263,1.264,327773.1
2026-01-28 01:30:00,1.264,1.267,1.262,1.266,425347.0
2026-01-28 01:45:00,1.265,1.27,1.265,1.269,381206.0
2026-01-28 02:00:00,1.268,1.271,1.264,1.267,492099.1
2026-01-28 02:15:00,1.267,1.27,1.265,1.269,278578.3
2026-01-28 02:30:00,1.269,1.271,1.264,1.266,474425.0
2026-01-28 02:45:00,1.266,1.27,1.264,1.269,274298.7
2026-01-28 03:00:00,1.269,1.271,1.267,1.268,329127.5
2026-01-28 03:15:00,1.268,1.269,1.264,1.268,367926.5
2026-01-28 03:30:00,1.267,1.271,1.264,1.268,366897.3
2026-01-28 03:45:00,1.268,1.27,1.265,1.267,228044.2
2026-01-28 04:00:00,1.266,1.267,1.262,1.263,442581.9
2026-01-28 04:15:00,1.262,1.265,1.26,1.262,546369.9
2026-01-28 04:30:00,1.262,1.269,1.261,1.267,320751.1
2026-01-28 04:45:00,1.266,1.268,1.265,1.268,251250.5
2026-01-28 05:00:00,1.268,1.272,1.266,1.268,644634.4
2026-01-28 05:15:00,1.267,1.269,1.266,1.267,242821.3
2026-01-28 05:30:00,1.267,1.281,1.266,1.274,1075831.5
2026-01-28 05:45:00,1.274,1.279,1.273,1.278,626148.2
2026-01-28 06:00:00,1.278,1.281,1.276,1.279,720167.6
2026-01-28 06:15:00,1.279,1.28,1.274,1.276,461304.8
2026-01-28 06:30:00,1.276,1.278,1.271,1.273,253856.1
2026-01-28 06:45:00,1.272,1.28,1.272,1.279,322225.7
2026-01-28 07:00:00,1.279,1.28,1.275,1.277,485964.8
2026-01-28 07:15:00,1.276,1.278,1.271,1.275,629945.0
2026-01-28 07:30:00,1.275,1.276,1.272,1.275,369258.0
2026-01-28 07:45:00,1.274,1.276,1.272,1.275,181593.3
2026-01-28 08:00:00,1.275,1.276,1.273,1.275,239907.9
2026-01-28 08:15:00,1.274,1.278,1.271,1.272,379607.5
2026-01-28 08:30:00,1.271,1.274,1.269,1.272,387033.1
2026-01-28 08:45:00,1.271,1.272,1.267,1.269,858431.3
2026-01-28 09:00:00,1.268,1.271,1.267,1.268,312029.9
2026-01-28 09:15:00,1.268,1.269,1.264,1.267,645116.9
2026-01-28 09:30:00,1.267,1.28,1.267,1.277,592873.0
2026-01-28 09:45:00,1.278,1.279,1.275,1.278,429475.2
2026-01-28 10:00:00,1.278,1.28,1.275,1.28,532359.3
2026-01-28 10:15:00,1.28,1.283,1.274,1.276,430065.1
2026-01-28 10:30:00,1.276,1.279,1.276,1.277,338421.2
2026-01-28 10:45:00,1.277,1.277,1.274,1.276,341173.8
2026-01-28 11:00:00,1.275,1.277,1.274,1.275,266565.1
2026-01-28 11:15:00,1.274,1.28,1.274,1.278,309021.3
2026-01-28 11:30:00,1.278,1.281,1.275,1.281,341975.7
2026-01-28 11:45:00,1.28,1.288,1.279,1.286,907427.0
2026-01-28 12:00:00,1.287,1.288,1.28,1.281,969606.9
2026-01-28 12:15:00,1.281,1.283,1.278,1.281,428843.4
2026-01-28 12:30:00,1.28,1.281,1.274,1.276,468804.8
2026-01-28 12:45:00,1.277,1.28,1.274,1.277,480278.2
2026-01-28 13:00:00,1.278,1.283,1.277,1.279,654498.2
2026-01-28 13:15:00,1.279,1.282,1.276,1.278,515638.3
2026-01-28 13:30:00,1.279,1.282,1.276,1.281,508813.3
2026-01-28 13:45:00,1.281,1.281,1.274,1.277,338621.6
2026-01-28 14:00:00,1.277,1.278,1.27,1.271,847952.4
2026-01-28 14:15:00,1.271,1.272,1.262,1.266,1034101.2
2026-01-28 14:30:00,1.266,1.274,1.264,1.269,1178666.9
2026-01-28 14:45:00,1.268,1.27,1.262,1.265,1087478.6
2026-01-28 15:00:00,1.265,1.272,1.257,1.26,1313932.3
2026-01-28 15:15:00,1.26,1.267,1.256,1.264,1260402.4
2026-01-28 15:30:00,1.264,1.267,1.261,1.264,410488.2
2026-01-28 15:45:00,1.263,1.267,1.26,1.261,519318.7
2026-01-28 16:00:00,1.261,1.264,1.253,1.254,1461125.6
2026-01-28 16:15:00,1.254,1.265,1.253,1.264,932074.5
2026-01-28 16:30:00,1.264,1.267,1.255,1.259,762986.3
2026-01-28 16:45:00,1.258,1.265,1.258,1.261,340541.8
2026-01-28 17:00:00,1.26,1.266,1.26,1.264,378128.4
2026-01-28 17:15:00,1.263,1.266,1.26,1.261,297889.0
2026-01-28 17:30:00,1.261,1.267,1.255,1.265,800137.2
2026-01-28 17:45:00,1.265,1.277,1.265,1.27,1454832.3
2026-01-28 18:00:00,1.27,1.27,1.259,1.264,1444931.8
2026-01-28 18:15:00,1.263,1.27,1.262,1.263,396298.1
2026-01-28 18:30:00,1.264,1.266,1.26,1.262,366469.8
2026-01-28 18:45:00,1.262,1.265,1.259,1.264,487324.0
2026-01-28 19:00:00,1.265,1.271,1.26,1.267,1115281.5
2026-01-28 19:15:00,1.266,1.271,1.265,1.267,463047.2
2026-01-28 19:30:00,1.267,1.272,1.263,1.266,757187.4
2026-01-28 19:45:00,1.266,1.278,1.265,1.274,595875.7
2026-01-28 20:00:00,1.273,1.279,1.271,1.274,535867.9
2026-01-28 20:15:00,1.273,1.283,1.273,1.28,771730.6
2026-01-28 20:30:00,1.28,1.281,1.269,1.269,580062.6
2026-01-28 20:45:00,1.27,1.271,1.264,1.267,474215.2
2026-01-28 21:00:00,1.268,1.277,1.257,1.273,2497408.1
2026-01-28 21:15:00,1.273,1.276,1.269,1.273,616533.2
2026-01-28 21:30:00,1.272,1.277,1.267,1.275,508346.5
2026-01-28 21:45:00,1.275,1.281,1.272,1.278,585847.1
2026-01-28 22:00:00,1.278,1.279,1.274,1.276,674439.0
2026-01-28 22:15:00,1.275,1.284,1.272,1.283,579606.3
2026-01-28 22:30:00,1.283,1.286,1.28,1.283,737475.3
2026-01-28 22:45:00,1.283,1.289,1.281,1.288,394665.7
2026-01-28 23:00:00,1.288,1.29,1.281,1.286,600635.7
2026-01-28 23:15:00,1.285,1.29,1.282,1.283,456976.1
2026-01-28 23:30:00,1.283,1.284,1.278,1.283,625692.8
2026-01-28 23:45:00,1.283,1.285,1.278,1.28,507518.0
2026-01-29 00:00:00,1.28,1.284,1.274,1.275,1028907.1
2026-01-29 00:15:00,1.275,1.278,1.272,1.274,549264.8
2026-01-29 00:30:00,1.274,1.275,1.265,1.266,932041.5
2026-01-29 00:45:00,1.267,1.272,1.264,1.271,601210.4
2026-01-29 01:00:00,1.271,1.273,1.268,1.269,420890.6
2026-01-29 01:15:00,1.269,1.271,1.259,1.267,930385.1
2026-01-29 01:30:00,1.267,1.268,1.259,1.263,850996.9
2026-01-29 01:45:00,1.263,1.266,1.258,1.264,1105714.3
2026-01-29 02:00:00,1.264,1.267,1.261,1.266,938439.8
2026-01-29 02:15:00,1.265,1.266,1.261,1.263,409529.9
2026-01-29 02:30:00,1.262,1.263,1.234,1.246,4502511.0
2026-01-29 02:45:00,1.246,1.247,1.234,1.241,2166161.4
2026-01-29 03:00:00,1.241,1.249,1.237,1.247,1225220.4
2026-01-29 03:15:00,1.246,1.248,1.239,1.241,850058.6
2026-01-29 03:30:00,1.24,1.245,1.237,1.244,829352.9
2026-01-29 03:45:00,1.245,1.246,1.239,1.241,690837.4
2026-01-29 04:00:00,1.242,1.243,1.23,1.232,1365561.4
2026-01-29 04:15:00,1.233,1.238,1.227,1.237,1350228.7
2026-01-29 04:30:00,1.238,1.24,1.235,1.238,463523.5
2026-01-29 04:45:00,1.238,1.242,1.237,1.24,520074.9
2026-01-29 05:00:00,1.24,1.243,1.237,1.241,618093.2
2026-01-29 05:15:00,1.241,1.244,1.24,1.242,384199.0
2026-01-29 05:30:00,1.243,1.246,1.241,1.242,427519.5
2026-01-29 05:45:00,1.243,1.244,1.237,1.241,325940.1
2026-01-29 06:00:00,1.24,1.242,1.237,1.238,344774.7
2026-01-29 06:15:00,1.239,1.244,1.238,1.244,385737.3
2026-01-29 06:30:00,1.244,1.244,1.24,1.243,295009.9
2026-01-29 06:45:00,1.244,1.244,1.239,1.244,344889.2
2026-01-29 07:00:00,1.243,1.251,1.243,1.246,781626.7
2026-01-29 07:15:00,1.247,1.249,1.244,1.245,246967.7
2026-01-29 07:30:00,1.246,1.247,1.242,1.244,353774.0
2026-01-29 07:45:00,1.244,1.245,1.24,1.242,573466.7
2026-01-29 08:00:00,1.242,1.242,1.236,1.236,834142.6
2026-01-29 08:15:00,1.236,1.244,1.234,1.244,766148.7
2026-01-29 08:30:00,1.244,1.245,1.236,1.237,701729.6
2026-01-29 08:45:00,1.237,1.239,1.234,1.238,474877.9
2026-01-29 09:00:00,1.237,1.24,1.236,1.237,241716.2
2026-01-29 09:15:00,1.237,1.238,1.235,1.236,301154.5
2026-01-29 09:30:00,1.236,1.241,1.235,1.237,298447.2
2026-01-29 09:45:00,1.238,1.24,1.234,1.235,499075.6
2026-01-29 10:00:00,1.236,1.236,1.233,1.233,422668.9
2026-01-29 10:15:00,1.234,1.234,1.231,1.232,360301.2
2026-01-29 10:30:00,1.232,1.232,1.228,1.228,679059.6
2026-01-29 10:45:00,1.228,1.232,1.226,1.229,591388.4
2026-01-29 11:00:00,1.229,1.232,1.225,1.229,842237.2
2026-01-29 11:15:00,1.229,1.229,1.223,1.226,1047658.1
2026-01-29 11:30:00,1.226,1.231,1.226,1.227,417041.8
2026-01-29 11:45:00,1.228,1.229,1.225,1.226,497787.0
2026-01-29 12:00:00,1.226,1.228,1.224,1.226,770256.8
2026-01-29 12:15:00,1.227,1.228,1.224,1.225,430973.6
2026-01-29 12:30:00,1.225,1.227,1.214,1.22,1739122.0
2026-01-29 12:45:00,1.22,1.223,1.218,1.221,592191.2
2026-01-29 13:00:00,1.221,1.227,1.22,1.226,580037.1
2026-01-29 13:15:00,1.226,1.23,1.224,1.23,348890.8
2026-01-29 13:30:00,1.229,1.231,1.226,1.226,529640.7
2026-01-29 13:45:00,1.227,1.231,1.226,1.23,454975.7
2026-01-29 14:00:00,1.231,1.233,1.229,1.23,594444.6
2026-01-29 14:15:00,1.23,1.232,1.223,1.224,757606.3
2026-01-29 14:30:00,1.224,1.23,1.212,1.217,2714332.8
2026-01-29 14:45:00,1.216,1.221,1.197,1.203,4808537.1
2026-01-29 15:00:00,1.202,1.204,1.172,1.182,12837480.7
2026-01-29 15:15:00,1.182,1.201,1.175,1.198,5373627.8
2026-01-29 15:30:00,1.197,1.202,1.183,1.191,3907603.0
2026-01-29 15:45:00,1.191,1.205,1.188,1.199,3628367.4
2026-01-29 16:00:00,1.198,1.201,1.191,1.199,2682153.0
2026-01-29 16:15:00,1.199,1.207,1.195,1.195,1546261.2
2026-01-29 16:30:00,1.195,1.201,1.194,1.198,1136075.5
2026-01-29 16:45:00,1.199,1.209,1.199,1.207,1134288.6
2026-01-29 17:00:00,1.208,1.215,1.207,1.212,1139613.0
2026-01-29 17:15:00,1.212,1.22,1.207,1.207,1548077.5
2026-01-29 17:30:00,1.208,1.209,1.198,1.199,812904.9
2026-01-29 17:45:00,1.2,1.201,1.189,1.19,1538032.0
2026-01-29 18:00:00,1.19,1.194,1.188,1.188,1276656.3
2026-01-29 18:15:00,1.188,1.19,1.17,1.177,3755583.2
2026-01-29 18:30:00,1.177,1.183,1.168,1.177,2806366.8
2026-01-29 18:45:00,1.177,1.177,1.156,1.159,4455314.8
2026-01-29 19:00:00,1.158,1.165,1.155,1.162,2500240.7
2026-01-29 19:15:00,1.163,1.167,1.159,1.166,1286205.8
2026-01-29 19:30:00,1.167,1.182,1.166,1.18,1789367.8
2026-01-29 19:45:00,1.18,1.183,1.176,1.177,796781.6
2026-01-29 20:00:00,1.177,1.181,1.173,1.176,819660.5
2026-01-29 20:15:00,1.177,1.181,1.176,1.176,756381.7
2026-01-29 20:30:00,1.176,1.184,1.176,1.183,824720.7
2026-01-29 20:45:00,1.182,1.188,1.179,1.186,1078441.1
2026-01-29 21:00:00,1.186,1.193,1.186,1.191,726888.1
2026-01-29 21:15:00,1.19,1.191,1.185,1.187,478419.9
2026-01-29 21:30:00,1.188,1.191,1.184,1.189,683660.1
2026-01-29 21:45:00,1.188,1.192,1.187,1.188,478215.0
2026-01-29 22:00:00,1.189,1.194,1.184,1.184,507073.3
2026-01-29 22:15:00,1.185,1.189,1.183,1.189,357889.2
2026-01-29 22:30:00,1.189,1.193,1.186,1.187,333815.5
2026-01-29 22:45:00,1.187,1.19,1.187,1.187,133322.2
2026-01-29 23:00:00,1.188,1.189,1.183,1.186,650359.9
2026-01-29 23:15:00,1.186,1.19,1.185,1.186,600162.9
2026-01-29 23:30:00,1.187,1.193,1.187,1.191,886386.1
2026-01-29 23:45:00,1.192,1.194,1.189,1.193,520382.4
2026-01-30 00:00:00,1.193,1.195,1.189,1.19,573399.8
2026-01-30 00:15:00,1.19,1.192,1.188,1.188,495146.5
2026-01-30 00:30:00,1.188,1.192,1.185,1.19,599269.4
2026-01-30 00:45:00,1.191,1.196,1.19,1.193,466742.5
2026-01-30 01:00:00,1.192,1.195,1.189,1.193,349436.7
2026-01-30 01:15:00,1.194,1.197,1.188,1.193,843701.5
2026-01-30 01:30:00,1.193,1.195,1.127,1.156,10748446.9
2026-01-30 01:45:00,1.156,1.172,1.153,1.168,3524127.0
2026-01-30 02:00:00,1.169,1.169,1.157,1.158,1507787.4
2026-01-30 02:15:00,1.159,1.162,1.142,1.148,2194261.2
2026-01-30 02:30:00,1.147,1.162,1.143,1.159,1379693.0
2026-01-30 02:45:00,1.159,1.162,1.149,1.153,823367.6
2026-01-30 03:00:00,1.152,1.161,1.15,1.159,1003966.7
2026-01-30 03:15:00,1.159,1.16,1.154,1.154,568646.4
2026-01-30 03:30:00,1.154,1.157,1.151,1.153,695329.7
2026-01-30 03:45:00,1.153,1.155,1.15,1.153,756188.3
2026-01-30 04:00:00,1.153,1.159,1.153,1.158,980177.0
2026-01-30 04:15:00,1.158,1.171,1.157,1.168,993025.2
2026-01-30 04:30:00,1.168,1.171,1.163,1.165,761580.5
2026-01-30 04:45:00,1.165,1.17,1.164,1.165,646206.7
2026-01-30 05:00:00,1.165,1.168,1.163,1.163,437286.6
2026-01-30 05:15:00,1.164,1.169,1.162,1.167,533138.8
2026-01-30 05:30:00,1.167,1.17,1.164,1.165,497214.7
2026-01-30 05:45:00,1.164,1.166,1.162,1.163,195425.1
2026-01-30 06:00:00,1.163,1.164,1.155,1.155,810562.1
2026-01-30 06:15:00,1.155,1.156,1.146,1.149,859199.0
2026-01-30 06:30:00,1.149,1.15,1.143,1.144,1136354.2
2026-01-30 06:45:00,1.143,1.152,1.138,1.15,1655950.0
2026-01-30 07:00:00,1.15,1.171,1.15,1.169,1775496.8
2026-01-30 07:15:00,1.169,1.17,1.165,1.166,523159.0
2026-01-30 07:30:00,1.165,1.166,1.157,1.159,917582.6
2026-01-30 07:45:00,1.16,1.169,1.159,1.165,690946.7
2026-01-30 08:00:00,1.165,1.169,1.162,1.168,565445.6
2026-01-30 08:15:00,1.169,1.171,1.166,1.167,892722.8
2026-01-30 08:30:00,1.166,1.167,1.158,1.163,1052401.1
2026-01-30 08:45:00,1.163,1.165,1.159,1.162,675544.7
2026-01-30 09:00:00,1.163,1.167,1.162,1.164,549024.7
2026-01-30 09:15:00,1.164,1.166,1.157,1.161,878761.1
2026-01-30 09:30:00,1.16,1.166,1.16,1.165,448345.3
2026-01-30 09:45:00,1.165,1.165,1.156,1.162,597049.6
2026-01-30 10:00:00,1.161,1.164,1.158,1.162,299925.2
2026-01-30 10:15:00,1.161,1.167,1.159,1.163,494190.8
2026-01-30 10:30:00,1.164,1.165,1.16,1.161,404354.2
2026-01-30 10:45:00,1.161,1.167,1.161,1.166,394411.9
2026-01-30 11:00:00,1.167,1.17,1.164,1.167,539587.0
2026-01-30 11:15:00,1.167,1.169,1.165,1.167,539861.2
2026-01-30 11:30:00,1.167,1.171,1.166,1.167,485648.7
2026-01-30 11:45:00,1.167,1.183,1.166,1.178,1531749.3
2026-01-30 12:00:00,1.179,1.181,1.171,1.172,801997.6
2026-01-30 12:15:00,1.171,1.173,1.168,1.169,540799.4
2026-01-30 12:30:00,1.169,1.172,1.167,1.169,474828.7
2026-01-30 12:45:00,1.17,1.172,1.166,1.169,496337.3
2026-01-30 13:00:00,1.17,1.172,1.162,1.164,1131991.3
2026-01-30 13:15:00,1.164,1.166,1.162,1.165,670732.1
2026-01-30 13:30:00,1.165,1.17,1.153,1.162,3142906.8
2026-01-30 13:45:00,1.163,1.163,1.156,1.162,745884.7
2026-01-30 14:00:00,1.161,1.172,1.161,1.168,1132259.0
2026-01-30 14:15:00,1.168,1.168,1.164,1.165,723577.9
2026-01-30 14:30:00,1.166,1.177,1.163,1.175,2966537.9
2026-01-30 14:45:00,1.175,1.177,1.161,1.165,1975980.3
2026-01-30 15:00:00,1.166,1.173,1.165,1.168,1268347.2
2026-01-30 15:15:00,1.168,1.171,1.155,1.157,2256450.3
2026-01-30 15:30:00,1.156,1.176,1.153,1.174,2627649.3
2026-01-30 15:45:00,1.175,1.181,1.172,1.177,2062758.7
2026-01-30 16:00:00,1.177,1.177,1.165,1.176,2128532.7
2026-01-30 16:15:00,1.175,1.181,1.165,1.177,1870662.9
2026-01-30 16:30:00,1.177,1.188,1.174,1.183,1780004.9
2026-01-30 16:45:00,1.183,1.183,1.174,1.175,828349.5
2026-01-30 17:00:00,1.175,1.176,1.168,1.171,1284147.6
2026-01-30 17:15:00,1.17,1.185,1.169,1.183,908931.5
2026-01-30 17:30:00,1.183,1.183,1.173,1.179,1106342.7
2026-01-30 17:45:00,1.179,1.181,1.175,1.176,677015.2
2026-01-30 18:00:00,1.176,1.179,1.165,1.171,1252505.3
2026-01-30 18:15:00,1.17,1.171,1.146,1.164,4427927.0
2026-01-30 18:30:00,1.164,1.179,1.159,1.178,2042487.2
2026-01-30 18:45:00,1.178,1.193,1.174,1.189,3253270.8
2026-01-30 19:00:00,1.189,1.198,1.189,1.192,2117858.0
2026-01-30 19:15:00,1.191,1.199,1.19,1.195,1025249.1
2026-01-30 19:30:00,1.195,1.196,1.186,1.186,1097357.6
2026-01-30 19:45:00,1.185,1.192,1.182,1.185,923644.9
2026-01-30 20:00:00,1.185,1.186,1.176,1.18,1674033.1
2026-01-30 20:15:00,1.18,1.185,1.172,1.174,2226460.8
2026-01-30 20:30:00,1.174,1.18,1.162,1.17,2753424.8
2026-01-30 20:45:00,1.17,1.174,1.165,1.166,1583900.3
2026-01-30 21:00:00,1.166,1.171,1.163,1.168,1247050.6
2026-01-30 21:15:00,1.168,1.179,1.168,1.17,1387445.7
2026-01-30 21:30:00,1.169,1.175,1.166,1.168,701181.5
2026-01-30 21:45:00,1.169,1.176,1.169,1.174,976432.0
2026-01-30 22:00:00,1.174,1.176,1.168,1.168,774331.9
2026-01-30 22:15:00,1.168,1.17,1.163,1.164,620039.7
2026-01-30 22:30:00,1.164,1.174,1.164,1.172,538613.8
2026-01-30 22:45:00,1.171,1.174,1.169,1.171,292524.3
2026-01-30 23:00:00,1.171,1.175,1.169,1.171,656053.9
2026-01-30 23:15:00,1.172,1.175,1.167,1.168,771881.3
2026-01-30 23:30:00,1.168,1.174,1.167,1.173,541541.6
2026-01-30 23:45:00,1.174,1.177,1.172,1.174,426479.6
2026-01-31 00:00:00,1.174,1.176,1.172,1.174,521257.4
2026-01-31 00:15:00,1.173,1.176,1.172,1.174,741554.3
2026-01-31 00:30:00,1.174,1.177,1.172,1.173,439528.8
2026-01-31 00:45:00,1.173,1.174,1.17,1.171,398067.2
2026-01-31 01:00:00,1.171,1.176,1.171,1.174,339587.4
2026-01-31 01:15:00,1.175,1.176,1.171,1.173,247231.5
2026-01-31 01:30:00,1.173,1.173,1.166,1.17,482259.2
2026-01-31 01:45:00,1.17,1.172,1.168,1.171,371563.4
2026-01-31 02:00:00,1.171,1.171,1.165,1.168,336895.7
2026-01-31 02:15:00,1.168,1.169,1.162,1.166,545393.7
2026-01-31 02:30:00,1.167,1.175,1.165,1.171,605535.0
2026-01-31 02:45:00,1.171,1.172,1.169,1.169,239775.0
2026-01-31 03:00:00,1.169,1.173,1.167,1.169,324038.2
2026-01-31 03:15:00,1.169,1.171,1.167,1.168,189762.1
2026-01-31 03:30:00,1.168,1.17,1.167,1.167,389771.8
2026-01-31 03:45:00,1.167,1.168,1.164,1.166,411383.0
2026-01-31 04:00:00,1.166,1.17,1.165,1.167,262736.1
2026-01-31 04:15:00,1.168,1.169,1.164,1.167,454373.4
2026-01-31 04:30:00,1.168,1.168,1.163,1.163,526558.2
2026-01-31 04:45:00,1.163,1.166,1.162,1.164,320990.1
2026-01-31 05:00:00,1.165,1.166,1.162,1.165,366856.3
2026-01-31 05:15:00,1.166,1.169,1.163,1.167,603746.5
2026-01-31 05:30:00,1.168,1.168,1.165,1.167,216986.8
2026-01-31 05:45:00,1.166,1.17,1.166,1.167,224273.2
2026-01-31 06:00:00,1.168,1.17,1.166,1.167,350303.9
2026-01-31 06:15:00,1.167,1.169,1.156,1.158,984346.7
2026-01-31 06:30:00,1.157,1.161,1.156,1.159,571655.9
2026-01-31 06:45:00,1.16,1.163,1.158,1.162,342470.3
2026-01-31 07:00:00,1.163,1.172,1.161,1.168,1364872.2
2026-01-31 07:15:00,1.168,1.169,1.164,1.164,527929.1
2026-01-31 07:30:00,1.165,1.165,1.152,1.156,1378634.3
2026-01-31 07:45:00,1.156,1.163,1.155,1.162,480695.3
2026-01-31 08:00:00,1.163,1.164,1.157,1.159,766097.1
2026-01-31 08:15:00,1.159,1.16,1.142,1.149,2379966.4
2026-01-31 08:30:00,1.148,1.15,1.134,1.144,3919683.6
2026-01-31 08:45:00,1.143,1.153,1.14,1.15,1423109.8
2026-01-31 09:00:00,1.151,1.157,1.149,1.156,807134.8
2026-01-31 09:15:00,1.156,1.157,1.149,1.153,678321.0
2026-01-31 09:30:00,1.152,1.16,1.152,1.153,874377.4
2026-01-31 09:45:00,1.154,1.154,1.148,1.149,402775.5
2026-01-31 10:00:00,1.15,1.151,1.139,1.14,1798763.1
2026-01-31 10:15:00,1.14,1.145,1.138,1.144,3220192.4
2026-01-31 10:30:00,1.144,1.149,1.141,1.145,880344.4
2026-01-31 10:45:00,1.146,1.147,1.14,1.141,598713.8
2026-01-31 11:00:00,1.142,1.142,1.134,1.136,740861.1
2026-01-31 11:15:00,1.136,1.143,1.136,1.141,729313.3
2026-01-31 11:30:00,1.142,1.143,1.141,1.142,474229.8
2026-01-31 11:45:00,1.142,1.142,1.137,1.139,611056.4
2026-01-31 12:00:00,1.139,1.141,1.132,1.136,1110872.2
2026-01-31 12:15:00,1.135,1.14,1.134,1.138,790834.0
2026-01-31 12:30:00,1.139,1.139,1.132,1.136,741790.0
2026-01-31 12:45:00,1.137,1.138,1.132,1.136,854349.0
2026-01-31 13:00:00,1.136,1.136,1.125,1.128,1705477.0
2026-01-31 13:15:00,1.127,1.131,1.121,1.127,2022958.6
2026-01-31 13:30:00,1.127,1.128,1.114,1.12,3146022.0
2026-01-31 13:45:00,1.12,1.123,1.117,1.121,1098170.3
2026-01-31 14:00:00,1.122,1.126,1.108,1.113,2717510.5
2026-01-31 14:15:00,1.114,1.117,1.068,1.078,12809728.9
2026-01-31 14:30:00,1.078,1.086,1.058,1.063,8787009.8
2026-01-31 14:45:00,1.063,1.085,1.057,1.078,3421839.7
2026-01-31 15:00:00,1.079,1.095,1.077,1.084,6561042.3
2026-01-31 15:15:00,1.083,1.086,1.078,1.083,1593034.8
2026-01-31 15:30:00,1.083,1.09,1.082,1.083,1435166.1
2026-01-31 15:45:00,1.083,1.086,1.074,1.076,1517862.8
2026-01-31 16:00:00,1.076,1.08,1.07,1.072,1936657.6
2026-01-31 16:15:00,1.073,1.091,1.065,1.076,4587235.2
2026-01-31 16:30:00,1.077,1.077,1.069,1.07,1361762.7
2026-01-31 16:45:00,1.071,1.071,1.052,1.055,4672049.5
2026-01-31 17:00:00,1.055,1.059,0.996,1.022,18355482.9
2026-01-31 17:15:00,1.023,1.036,1.017,1.024,6442096.4
2026-01-31 17:30:00,1.024,1.03,1.009,1.019,4881262.3
2026-01-31 17:45:00,1.019,1.024,1.009,1.013,2577804.7
2026-01-31 18:00:00,1.014,1.027,1.011,1.024,3046472.0
2026-01-31 18:15:00,1.025,1.025,1.011,1.02,2890885.5
2026-01-31 18:30:00,1.02,1.022,0.943,0.994,15489237.7
2026-01-31 18:45:00,0.994,1.019,0.99,1.005,12368797.8
2026-01-31 19:00:00,1.005,1.017,1.0,1.014,4885390.9
2026-01-31 19:15:00,1.014,1.023,1.011,1.017,3275317.3
2026-01-31 19:30:00,1.018,1.02,1.001,1.007,2741076.7
2026-01-31 19:45:00,1.007,1.017,1.005,1.013,1741456.9
2026-01-31 20:00:00,1.013,1.018,1.004,1.005,1880862.4
2026-01-31 20:15:00,1.005,1.02,1.002,1.002,1990270.1
2026-01-31 20:30:00,1.003,1.01,0.996,1.009,1841468.2
2026-01-31 20:45:00,1.01,1.016,1.004,1.012,1921575.5
2026-01-31 21:00:00,1.013,1.02,1.007,1.012,1670662.9
2026-01-31 21:15:00,1.012,1.025,1.008,1.022,1909380.1
2026-01-31 21:30:00,1.023,1.035,1.017,1.031,2224575.6
2026-01-31 21:45:00,1.031,1.033,1.026,1.029,851861.6
2026-01-31 22:00:00,1.029,1.033,1.026,1.026,1297142.8
2026-01-31 22:15:00,1.027,1.03,1.024,1.028,716338.3
2026-01-31 22:30:00,1.028,1.03,1.025,1.027,828422.2
2026-01-31 22:45:00,1.027,1.035,1.025,1.033,376928.2
2026-01-31 23:00:00,1.033,1.037,1.032,1.035,645996.8
2026-01-31 23:15:00,1.035,1.059,1.034,1.05,3564609.7
2026-01-31 23:30:00,1.051,1.056,1.047,1.05,1372475.7
2026-01-31 23:45:00,1.05,1.053,1.044,1.052,1140904.0
2026-02-01 00:00:00,1.052,1.059,1.049,1.058,1691753.2
2026-02-01 00:15:00,1.059,1.061,1.054,1.056,1416194.1
2026-02-01 00:30:00,1.056,1.057,1.049,1.053,676056.7
2026-02-01 00:45:00,1.054,1.059,1.053,1.056,579259.9
2026-02-01 01:00:00,1.056,1.058,1.047,1.049,1199542.5
2026-02-01 01:15:00,1.049,1.055,1.043,1.054,802974.4
2026-02-01 01:30:00,1.054,1.054,1.047,1.049,749712.5
2026-02-01 01:45:00,1.049,1.055,1.048,1.054,661953.2
2026-02-01 02:00:00,1.054,1.059,1.052,1.057,990247.2
2026-02-01 02:15:00,1.057,1.059,1.051,1.054,1041344.0
2026-02-01 02:30:00,1.054,1.057,1.052,1.056,514646.7
2026-02-01 02:45:00,1.056,1.06,1.055,1.057,919931.4
2026-02-01 03:00:00,1.058,1.059,1.053,1.057,760610.9
2026-02-01 03:15:00,1.057,1.058,1.053,1.054,665023.6
2026-02-01 03:30:00,1.054,1.056,1.051,1.054,604176.8
2026-02-01 03:45:00,1.054,1.055,1.053,1.054,347534.9
2026-02-01 04:00:00,1.055,1.06,1.053,1.059,644028.3
2026-02-01 04:15:00,1.059,1.06,1.054,1.056,770281.2
2026-02-01 04:30:00,1.056,1.062,1.055,1.062,555060.8
2026-02-01 04:45:00,1.062,1.063,1.06,1.062,541760.9
2026-02-01 05:00:00,1.062,1.064,1.058,1.06,1002301.6
2026-02-01 05:15:00,1.06,1.065,1.056,1.065,990242.1
2026-02-01 05:30:00,1.065,1.065,1.056,1.057,734186.6
2026-02-01 05:45:00,1.057,1.06,1.057,1.059,683938.9
2026-02-01 06:00:00,1.059,1.067,1.059,1.066,1012341.5
2026-02-01 06:15:00,1.066,1.068,1.062,1.063,587553.4
2026-02-01 06:30:00,1.063,1.064,1.052,1.057,1541047.1
2026-02-01 06:45:00,1.057,1.058,1.053,1.055,919849.1
2026-02-01 07:00:00,1.055,1.059,1.052,1.055,927959.9
2026-02-01 07:15:00,1.055,1.057,1.052,1.055,437161.2
2026-02-01 07:30:00,1.054,1.068,1.051,1.067,1357734.4
2026-02-01 07:45:00,1.067,1.067,1.062,1.062,650230.0
2026-02-01 08:00:00,1.063,1.066,1.061,1.062,882676.3
2026-02-01 08:15:00,1.062,1.065,1.06,1.064,888010.8
2026-02-01 08:30:00,1.064,1.072,1.062,1.072,747736.6
2026-02-01 08:45:00,1.072,1.072,1.064,1.065,516267.9
2026-02-01 09:00:00,1.064,1.067,1.06,1.06,404555.1
2026-02-01 09:15:00,1.061,1.061,1.054,1.056,566539.3
2026-02-01 09:30:00,1.056,1.063,1.055,1.062,993898.6
2026-02-01 09:45:00,1.061,1.068,1.06,1.066,1045413.8
2026-02-01 10:00:00,1.067,1.076,1.065,1.074,1374782.0
2026-02-01 10:15:00,1.073,1.074,1.07,1.073,772743.6
2026-02-01 10:30:00,1.072,1.073,1.055,1.057,1952937.3
2026-02-01 10:45:00,1.056,1.062,1.053,1.056,1207788.7
2026-02-01 11:00:00,1.056,1.062,1.055,1.062,569606.2
2026-02-01 11:15:00,1.062,1.062,1.057,1.058,278111.7
2026-02-01 11:30:00,1.058,1.072,1.058,1.07,1000954.8
2026-02-01 11:45:00,1.069,1.072,1.064,1.067,642597.7
2026-02-01 12:00:00,1.066,1.067,1.06,1.063,693104.4
2026-02-01 12:15:00,1.063,1.064,1.056,1.061,1044774.5
2026-02-01 12:30:00,1.06,1.069,1.06,1.062,1060616.7
2026-02-01 12:45:00,1.062,1.064,1.06,1.063,275189.4
2026-02-01 13:00:00,1.063,1.073,1.062,1.071,1218271.5
2026-02-01 13:15:00,1.072,1.072,1.066,1.069,662760.3
2026-02-01 13:30:00,1.07,1.071,1.062,1.064,550707.5
2026-02-01 13:45:00,1.063,1.066,1.057,1.062,1140653.4
2026-02-01 14:00:00,1.061,1.066,1.058,1.058,1113408.8
2026-02-01 14:15:00,1.059,1.059,1.051,1.052,1560698.7
2026-02-01 14:30:00,1.052,1.056,1.04,1.05,3783265.6
2026-02-01 14:45:00,1.051,1.068,1.05,1.058,1940628.7
2026-02-01 15:00:00,1.058,1.058,1.045,1.046,1260651.3
2026-02-01 15:15:00,1.046,1.047,1.029,1.03,3308069.9
2026-02-01 15:30:00,1.029,1.037,1.021,1.029,2998811.7
2026-02-01 15:45:00,1.03,1.046,1.028,1.038,1843617.3
2026-02-01 16:00:00,1.039,1.047,1.033,1.041,1735285.7
2026-02-01 16:15:00,1.041,1.051,1.027,1.044,1625927.9
2026-02-01 16:30:00,1.045,1.047,1.031,1.034,1446979.6
2026-02-01 16:45:00,1.033,1.041,1.031,1.038,835097.0
2026-02-01 17:00:00,1.038,1.044,1.037,1.042,889394.9
2026-02-01 17:15:00,1.041,1.042,1.03,1.037,1183840.2
2026-02-01 17:30:00,1.036,1.039,1.029,1.034,1218486.9
2026-02-01 17:45:00,1.035,1.041,1.03,1.039,741931.6
2026-02-01 18:00:00,1.04,1.063,1.04,1.062,2816876.8
2026-02-01 18:15:00,1.061,1.065,1.05,1.055,1993441.5
2026-02-01 18:30:00,1.055,1.056,1.05,1.051,957234.6
2026-02-01 18:45:00,1.05,1.053,1.046,1.05,1107913.5
2026-02-01 19:00:00,1.051,1.055,1.047,1.05,698058.6
2026-02-01 19:15:00,1.049,1.055,1.045,1.053,655044.7
2026-02-01 19:30:00,1.052,1.055,1.047,1.048,569329.0
2026-02-01 19:45:00,1.047,1.048,1.036,1.044,1235919.5
2026-02-01 20:00:00,1.043,1.048,1.039,1.042,656216.2
2026-02-01 20:15:00,1.041,1.045,1.032,1.033,983500.9
2026-02-01 20:30:00,1.032,1.058,1.032,1.052,1408347.2
2026-02-01 20:45:00,1.051,1.052,1.043,1.046,613111.0
2026-02-01 21:00:00,1.046,1.047,1.036,1.041,835694.7
2026-02-01 21:15:00,1.042,1.043,1.037,1.04,675681.6
2026-02-01 21:30:00,1.04,1.046,1.037,1.038,2403294.1
2026-02-01 21:45:00,1.039,1.042,1.033,1.038,1082970.6
2026-02-01 22:00:00,1.037,1.057,1.036,1.054,1645762.3
2026-02-01 22:15:00,1.053,1.054,1.04,1.05,742420.6
2026-02-01 22:30:00,1.049,1.057,1.049,1.051,834328.5
2026-02-01 22:45:00,1.051,1.053,1.044,1.047,303440.3
2026-02-01 23:00:00,1.046,1.048,1.01,1.032,5553625.6
2026-02-01 23:15:00,1.032,1.043,1.023,1.039,4135839.6
2026-02-01 23:30:00,1.039,1.055,1.034,1.046,1505536.5
2026-02-01 23:45:00,1.046,1.046,1.032,1.034,1357119.9
2026-02-02 00:00:00,1.035,1.05,1.026,1.044,2027103.4
2026-02-02 00:15:00,1.044,1.059,1.043,1.056,2046109.3
2026-02-02 00:30:00,1.056,1.062,1.052,1.059,1225797.7
2026-02-02 00:45:00,1.06,1.061,1.052,1.054,934622.6
2026-02-02 01:00:00,1.054,1.062,1.038,1.04,1958237.2
2026-02-02 01:15:00,1.039,1.066,1.037,1.064,1924463.7
2026-02-02 01:30:00,1.064,1.064,1.053,1.058,1179094.4
2026-02-02 01:45:00,1.059,1.06,1.051,1.054,576272.5
2026-02-02 02:00:00,1.054,1.055,1.045,1.049,1098606.6
2026-02-02 02:15:00,1.048,1.057,1.047,1.052,896885.6
2026-02-02 02:30:00,1.052,1.053,1.042,1.046,740410.2
2026-02-02 02:45:00,1.045,1.048,1.039,1.043,713604.9
2026-02-02 03:00:00,1.042,1.045,1.027,1.028,1479050.6
2026-02-02 03:15:00,1.028,1.03,1.008,1.013,5957531.7
2026-02-02 03:30:00,1.012,1.022,1.005,1.012,3655367.3
2026-02-02 03:45:00,1.011,1.047,1.009,1.043,3986709.9
2026-02-02 04:00:00,1.043,1.044,1.025,1.028,1381117.8
2026-02-02 04:15:00,1.027,1.053,1.026,1.052,1733701.6
2026-02-02 04:30:00,1.051,1.055,1.045,1.048,1368823.4
2026-02-02 04:45:00,1.047,1.048,1.04,1.041,991105.2
2026-02-02 05:00:00,1.04,1.042,1.026,1.028,1028034.6
2026-02-02 05:15:00,1.029,1.03,1.012,1.018,1917532.9
2026-02-02 05:30:00,1.017,1.024,1.011,1.017,1611741.1
2026-02-02 05:45:00,1.017,1.029,1.015,1.02,1423498.3
2026-02-02 06:00:00,1.02,1.025,1.01,1.02,1907342.1
2026-02-02 06:15:00,1.021,1.032,1.017,1.023,1261197.8
2026-02-02 06:30:00,1.022,1.049,1.003,1.036,5075197.6
2026-02-02 06:45:00,1.036,1.045,1.029,1.036,2226545.5
2026-02-02 07:00:00,1.035,1.044,1.03,1.034,1685570.7
2026-02-02 07:15:00,1.034,1.039,1.03,1.033,886827.1
2026-02-02 07:30:00,1.034,1.038,1.031,1.035,943571.9
2026-02-02 07:45:00,1.036,1.041,1.03,1.03,1014636.2
2026-02-02 08:00:00,1.03,1.036,1.03,1.032,975958.7
2026-02-02 08:15:00,1.033,1.038,1.028,1.029,1186590.1
2026-02-02 08:30:00,1.03,1.037,1.029,1.033,710277.9
2026-02-02 08:45:00,1.032,1.037,1.031,1.033,665913.0
2026-02-02 09:00:00,1.032,1.035,1.025,1.03,1351501.7
2026-02-02 09:15:00,1.029,1.04,1.027,1.04,1477758.7
2026-02-02 09:30:00,1.04,1.046,1.033,1.038,1729087.6
2026-02-02 09:45:00,1.039,1.049,1.038,1.042,1435347.2
2026-02-02 10:00:00,1.043,1.049,1.042,1.047,717365.4
2026-02-02 10:15:00,1.047,1.048,1.041,1.045,891813.5
2026-02-02 10:30:00,1.045,1.049,1.041,1.043,581347.2
2026-02-02 10:45:00,1.044,1.046,1.042,1.045,302319.0
2026-02-02 11:00:00,1.044,1.049,1.043,1.048,937561.8
2026-02-02 11:15:00,1.047,1.05,1.045,1.049,490910.6
2026-02-02 11:30:00,1.049,1.054,1.049,1.051,786623.9
2026-02-02 11:45:00,1.051,1.055,1.047,1.048,1042549.3
2026-02-02 12:00:00,1.048,1.054,1.048,1.052,867795.4
2026-02-02 12:15:00,1.051,1.059,1.051,1.053,1210102.8
2026-02-02 12:30:00,1.053,1.055,1.051,1.052,860277.1
2026-02-02 12:45:00,1.052,1.057,1.052,1.056,621831.7
2026-02-02 13:00:00,1.055,1.055,1.05,1.053,597215.9
2026-02-02 13:15:00,1.053,1.059,1.05,1.057,988208.4
2026-02-02 13:30:00,1.057,1.068,1.056,1.068,1315553.4
2026-02-02 13:45:00,1.067,1.068,1.06,1.063,982324.3
2026-02-02 14:00:00,1.063,1.066,1.05,1.058,1992789.8
2026-02-02 14:15:00,1.057,1.063,1.054,1.06,995883.5
2026-02-02 14:30:00,1.06,1.077,1.059,1.071,4030392.2
2026-02-02 14:45:00,1.072,1.078,1.068,1.07,1538335.9
2026-02-02 15:00:00,1.07,1.083,1.069,1.079,2085234.2
2026-02-02 15:15:00,1.079,1.085,1.073,1.083,2634165.7
2026-02-02 15:30:00,1.082,1.091,1.076,1.085,2125735.5
2026-02-02 15:45:00,1.085,1.088,1.08,1.084,1037719.6
2026-02-02 16:00:00,1.084,1.091,1.081,1.087,1538977.0
2026-02-02 16:15:00,1.088,1.093,1.086,1.091,1116783.2
2026-02-02 16:30:00,1.092,1.092,1.085,1.087,761579.1
2026-02-02 16:45:00,1.087,1.087,1.079,1.081,923811.9
2026-02-02 17:00:00,1.08,1.086,1.079,1.082,1068320.5
2026-02-02 17:15:00,1.082,1.085,1.079,1.08,637704.2
2026-02-02 17:30:00,1.081,1.083,1.072,1.074,905129.8
2026-02-02 17:45:00,1.075,1.078,1.071,1.076,750402.6
2026-02-02 18:00:00,1.076,1.078,1.074,1.074,568561.2
2026-02-02 18:15:00,1.074,1.079,1.073,1.078,729951.5
2026-02-02 18:30:00,1.078,1.088,1.078,1.085,1095366.2
2026-02-02 18:45:00,1.086,1.088,1.083,1.084,596478.5
2026-02-02 19:00:00,1.085,1.086,1.08,1.081,568822.5
2026-02-02 19:15:00,1.081,1.082,1.077,1.078,513363.2
2026-02-02 19:30:00,1.078,1.08,1.075,1.079,475309.8
2026-02-02 19:45:00,1.08,1.083,1.077,1.079,1164840.0
2026-02-02 20:00:00,1.078,1.082,1.075,1.078,1074567.5
2026-02-02 20:15:00,1.078,1.082,1.078,1.079,576691.1
2026-02-02 20:30:00,1.079,1.08,1.074,1.074,472179.1
2026-02-02 20:45:00,1.074,1.079,1.073,1.077,796558.6
2026-02-02 21:00:00,1.077,1.086,1.077,1.083,722530.8
2026-02-02 21:15:00,1.083,1.085,1.079,1.08,255954.8
2026-02-02 21:30:00,1.08,1.084,1.08,1.081,407047.6
2026-02-02 21:45:00,1.081,1.086,1.081,1.083,294460.6
2026-02-02 22:00:00,1.083,1.085,1.083,1.083,382670.2
2026-02-02 22:15:00,1.083,1.084,1.08,1.083,268981.5
2026-02-02 22:30:00,1.083,1.087,1.083,1.085,236569.2
2026-02-02 22:45:00,1.085,1.086,1.083,1.085,276798.7
2026-02-02 23:00:00,1.085,1.086,1.082,1.084,630443.4
2026-02-02 23:15:00,1.084,1.085,1.08,1.081,352950.0
2026-02-02 23:30:00,1.081,1.085,1.081,1.084,522816.5
2026-02-02 23:45:00,1.085,1.085,1.081,1.081,269822.3
2026-02-03 00:00:00,1.082,1.085,1.075,1.079,1297083.6
2026-02-03 00:15:00,1.079,1.085,1.079,1.083,887260.1
2026-02-03 00:30:00,1.084,1.084,1.079,1.082,770906.3
2026-02-03 00:45:00,1.082,1.086,1.08,1.084,573303.4
2026-02-03 01:00:00,1.084,1.085,1.077,1.079,671126.9
2026-02-03 01:15:00,1.079,1.081,1.075,1.079,599274.4
2026-02-03 01:30:00,1.079,1.079,1.075,1.077,868576.3
2026-02-03 01:45:00,1.078,1.08,1.076,1.078,434084.2
2026-02-03 02:00:00,1.077,1.078,1.066,1.068,1054610.8
2026-02-03 02:15:00,1.067,1.072,1.066,1.067,1040693.3
2026-02-03 02:30:00,1.067,1.07,1.063,1.067,1355864.0
2026-02-03 02:45:00,1.066,1.067,1.061,1.061,1224362.3
2026-02-03 03:00:00,1.061,1.067,1.056,1.065,1945882.3
2026-02-03 03:15:00,1.065,1.069,1.059,1.067,1172759.2
2026-02-03 03:30:00,1.067,1.076,1.067,1.074,1041561.8
2026-02-03 03:45:00,1.074,1.082,1.072,1.081,1004671.5
2026-02-03 04:00:00,1.08,1.084,1.077,1.083,513005.2
2026-02-03 04:15:00,1.084,1.084,1.08,1.081,815776.5
2026-02-03 04:30:00,1.081,1.093,1.08,1.093,1299034.1
2026-02-03 04:45:00,1.093,1.094,1.089,1.089,685582.0
2026-02-03 05:00:00,1.09,1.091,1.083,1.083,871190.6
2026-02-03 05:15:00,1.083,1.09,1.082,1.086,1055804.7
2026-02-03 05:30:00,1.086,1.087,1.083,1.085,735828.8
2026-02-03 05:45:00,1.085,1.087,1.078,1.08,565155.4
2026-02-03 06:00:00,1.081,1.083,1.074,1.077,1147709.3
2026-02-03 06:15:00,1.077,1.089,1.075,1.086,1018224.4
2026-02-03 06:30:00,1.086,1.089,1.083,1.085,602831.4
2026-02-03 06:45:00,1.085,1.089,1.084,1.087,417672.6
2026-02-03 07:00:00,1.087,1.092,1.084,1.088,947898.6
2026-02-03 07:15:00,1.089,1.091,1.085,1.087,619461.7
2026-02-03 07:30:00,1.087,1.094,1.086,1.09,744061.1
2026-02-03 07:45:00,1.09,1.091,1.087,1.088,479641.3
2026-02-03 08:00:00,1.089,1.09,1.083,1.083,1095008.3
2026-02-03 08:15:00,1.083,1.09,1.083,1.087,723476.4
2026-02-03 08:30:00,1.087,1.089,1.084,1.088,431099.3
2026-02-03 08:45:00,1.089,1.09,1.082,1.082,340787.9
2026-02-03 09:00:00,1.083,1.089,1.074,1.076,1911706.2
2026-02-03 09:15:00,1.075,1.079,1.068,1.069,2358781.8
2026-02-03 09:30:00,1.07,1.078,1.069,1.075,1089079.0
2026-02-03 09:45:00,1.075,1.078,1.074,1.076,579002.9
2026-02-03 10:00:00,1.077,1.08,1.075,1.078,416690.5
2026-02-03 10:15:00,1.079,1.079,1.075,1.076,314624.8
2026-02-03 10:30:00,1.076,1.077,1.069,1.071,703556.1
2026-02-03 10:45:00,1.071,1.072,1.069,1.071,433302.4
2026-02-03 11:00:00,1.072,1.075,1.071,1.074,259401.7
2026-02-03 11:15:00,1.075,1.077,1.073,1.075,402774.7
2026-02-03 11:30:00,1.075,1.079,1.074,1.077,1040986.6
2026-02-03 11:45:00,1.077,1.081,1.076,1.078,570232.5
2026-02-03 12:00:00,1.078,1.085,1.074,1.082,1021464.0
2026-02-03 12:15:00,1.083,1.088,1.08,1.086,596263.1
2026-02-03 12:30:00,1.086,1.089,1.085,1.087,718470.7
2026-02-03 12:45:00,1.087,1.093,1.087,1.09,736097.5
2026-02-03 13:00:00,1.09,1.094,1.087,1.088,865002.6
2026-02-03 13:15:00,1.087,1.088,1.083,1.087,1037771.6
2026-02-03 13:30:00,1.087,1.087,1.082,1.083,634056.6
2026-02-03 13:45:00,1.083,1.09,1.081,1.087,886517.7
2026-02-03 14:00:00,1.088,1.088,1.083,1.085,669885.3
2026-02-03 14:15:00,1.085,1.089,1.081,1.085,986080.3
2026-02-03 14:30:00,1.085,1.086,1.073,1.077,2710690.1
2026-02-03 14:45:00,1.077,1.082,1.066,1.067,2113166.9
2026-02-03 15:00:00,1.067,1.081,1.066,1.07,1790103.6
2026-02-03 15:15:00,1.07,1.092,1.067,1.084,3865753.8
2026-02-03 15:30:00,1.084,1.089,1.076,1.079,1988656.9
2026-02-03 15:45:00,1.079,1.093,1.078,1.092,1801633.1
2026-02-03 16:00:00,1.092,1.092,1.079,1.083,1292462.0
2026-02-03 16:15:00,1.083,1.084,1.075,1.077,2699403.3
2026-02-03 16:30:00,1.076,1.078,1.071,1.072,2259646.8
2026-02-03 16:45:00,1.073,1.075,1.069,1.07,1839041.4
2026-02-03 17:00:00,1.07,1.073,1.064,1.065,2090526.3
2026-02-03 17:15:00,1.065,1.071,1.064,1.067,1401835.1
2026-02-03 17:30:00,1.067,1.068,1.05,1.05,2454453.9
2026-02-03 17:45:00,1.051,1.057,1.043,1.044,3830830.5
2026-02-03 18:00:00,1.045,1.05,1.039,1.04,3084396.9
2026-02-03 18:15:00,1.041,1.042,1.026,1.029,5138043.8
2026-02-03 18:30:00,1.028,1.035,1.023,1.027,2136341.5
2026-02-03 18:45:00,1.026,1.027,1.014,1.016,3786840.2
2026-02-03 19:00:00,1.016,1.054,1.016,1.05,4651472.4
2026-02-03 19:15:00,1.05,1.063,1.047,1.059,2635102.1
2026-02-03 19:30:00,1.06,1.074,1.059,1.069,2252285.7
2026-02-03 19:45:00,1.069,1.069,1.061,1.068,1733492.4
2026-02-03 20:00:00,1.067,1.071,1.057,1.058,1503955.9
2026-02-03 20:15:00,1.059,1.086,1.057,1.081,2245977.3
2026-02-03 20:30:00,1.081,1.112,1.081,1.099,6154532.1
2026-02-03 20:45:00,1.098,1.108,1.096,1.105,1961017.9
2026-02-03 21:00:00,1.104,1.112,1.102,1.107,2595517.0
2026-02-03 21:15:00,1.107,1.107,1.091,1.092,1107477.2
2026-02-03 21:30:00,1.092,1.095,1.087,1.089,1005810.0
2026-02-03 21:45:00,1.09,1.091,1.084,1.085,665758.9
2026-02-03 22:00:00,1.086,1.087,1.074,1.077,1213500.9
2026-02-03 22:15:00,1.077,1.082,1.072,1.08,953651.7
2026-02-03 22:30:00,1.08,1.085,1.078,1.08,619526.6
2026-02-03 22:45:00,1.08,1.081,1.069,1.073,553635.1
2026-02-03 23:00:00,1.074,1.075,1.064,1.075,1187645.3
2026-02-03 23:15:00,1.074,1.075,1.068,1.068,727994.6
2026-02-03 23:30:00,1.069,1.071,1.066,1.067,648139.8
2026-02-03 23:45:00,1.068,1.069,1.059,1.066,1411267.5
2026-02-04 00:00:00,1.066,1.069,1.06,1.062,1011735.1
2026-02-04 00:15:00,1.061,1.073,1.061,1.073,1258819.6
2026-02-04 00:30:00,1.072,1.081,1.071,1.077,1133112.4
2026-02-04 00:45:00,1.077,1.078,1.073,1.074,554152.1
2026-02-04 01:00:00,1.075,1.086,1.074,1.085,785700.0
2026-02-04 01:15:00,1.086,1.086,1.081,1.083,1023227.9
2026-02-04 01:30:00,1.082,1.089,1.082,1.086,783482.6
2026-02-04 01:45:00,1.086,1.086,1.08,1.083,890988.2
2026-02-04 02:00:00,1.082,1.084,1.079,1.08,590712.7
2026-02-04 02:15:00,1.081,1.083,1.076,1.078,777320.4
2026-02-04 02:30:00,1.077,1.079,1.072,1.076,701923.2
2026-02-04 02:45:00,1.077,1.079,1.072,1.077,656322.2
2026-02-04 03:00:00,1.077,1.09,1.074,1.088,1119329.7
2026-02-04 03:15:00,1.087,1.088,1.082,1.083,443361.0
2026-02-04 03:30:00,1.083,1.094,1.082,1.09,1338802.0
2026-02-04 03:45:00,1.089,1.091,1.087,1.089,605492.4
2026-02-04 04:00:00,1.089,1.091,1.086,1.091,613553.4
2026-02-04 04:15:00,1.09,1.091,1.086,1.088,453502.7
2026-02-04 04:30:00,1.089,1.09,1.087,1.088,545225.3
2026-02-04 04:45:00,1.087,1.089,1.086,1.088,364431.7
2026-02-04 05:00:00,1.088,1.09,1.087,1.087,465982.8
2026-02-04 05:15:00,1.087,1.09,1.086,1.09,500890.8
2026-02-04 05:30:00,1.09,1.09,1.084,1.085,528049.5
2026-02-04 05:45:00,1.086,1.087,1.079,1.083,926292.6
2026-02-04 06:00:00,1.082,1.089,1.081,1.087,600395.4
2026-02-04 06:15:00,1.087,1.088,1.081,1.083,433195.3
2026-02-04 06:30:00,1.082,1.09,1.08,1.09,699255.6
2026-02-04 06:45:00,1.089,1.092,1.085,1.086,817090.2
2026-02-04 07:00:00,1.085,1.086,1.078,1.085,1808522.8
2026-02-04 07:15:00,1.085,1.087,1.081,1.086,681207.9
2026-02-04 07:30:00,1.086,1.093,1.084,1.091,1105819.1
2026-02-04 07:45:00,1.091,1.093,1.089,1.09,523690.7
2026-02-04 08:00:00,1.089,1.092,1.087,1.088,693723.6
2026-02-04 08:15:00,1.088,1.092,1.086,1.087,559960.0
2026-02-04 08:30:00,1.087,1.095,1.085,1.095,722333.5
2026-02-04 08:45:00,1.095,1.1,1.092,1.094,1366172.5
2026-02-04 09:00:00,1.094,1.095,1.09,1.091,575716.7
2026-02-04 09:15:00,1.09,1.093,1.088,1.09,895128.4
2026-02-04 09:30:00,1.091,1.093,1.086,1.09,793162.6
2026-02-04 09:45:00,1.091,1.094,1.09,1.092,376704.2
2026-02-04 10:00:00,1.092,1.098,1.092,1.095,793872.0
2026-02-04 10:15:00,1.096,1.099,1.092,1.092,766027.2
2026-02-04 10:30:00,1.093,1.096,1.092,1.094,445881.3
2026-02-04 10:45:00,1.095,1.096,1.093,1.094,320617.3
2026-02-04 11:00:00,1.094,1.095,1.08,1.084,3442040.6
2026-02-04 11:15:00,1.084,1.093,1.082,1.089,1113613.4
2026-02-04 11:30:00,1.088,1.097,1.087,1.09,826372.5
2026-02-04 11:45:00,1.09,1.092,1.088,1.089,405801.9
2026-02-04 12:00:00,1.089,1.092,1.088,1.091,454587.2
2026-02-04 12:15:00,1.09,1.092,1.085,1.086,663200.6
2026-02-04 12:30:00,1.085,1.088,1.084,1.084,448656.7
2026-02-04 12:45:00,1.085,1.088,1.083,1.086,641591.3
2026-02-04 13:00:00,1.087,1.087,1.083,1.085,496040.3
2026-02-04 13:15:00,1.085,1.086,1.082,1.083,627329.8
2026-02-04 13:30:00,1.082,1.084,1.076,1.078,2450060.0
2026-02-04 13:45:00,1.078,1.079,1.067,1.068,2035291.6
2026-02-04 14:00:00,1.069,1.076,1.068,1.073,1514087.1
2026-02-04 14:15:00,1.073,1.075,1.068,1.071,775226.4
2026-02-04 14:30:00,1.07,1.08,1.057,1.07,4185830.5
2026-02-04 14:45:00,1.069,1.08,1.056,1.057,2238639.8
2026-02-04 15:00:00,1.058,1.072,1.051,1.066,3293234.0
2026-02-04 15:15:00,1.067,1.07,1.055,1.057,1876448.1
2026-02-04 15:30:00,1.058,1.059,1.036,1.047,4101614.2
2026-02-04 15:45:00,1.046,1.052,1.041,1.05,1521446.1
2026-02-04 16:00:00,1.05,1.063,1.047,1.055,2675101.8
2026-02-04 16:15:00,1.056,1.059,1.042,1.052,2959626.8
2026-02-04 16:30:00,1.051,1.051,1.035,1.037,1772909.1
2026-02-04 16:45:00,1.037,1.051,1.035,1.047,2072998.9
2026-02-04 17:00:00,1.047,1.055,1.037,1.052,1827177.0
2026-02-04 17:15:00,1.052,1.055,1.034,1.035,2071129.5
2026-02-04 17:30:00,1.034,1.048,1.034,1.047,2957397.9
2026-02-04 17:45:00,1.046,1.052,1.041,1.05,1178018.6
2026-02-04 18:00:00,1.049,1.05,1.031,1.036,3421380.3
2026-02-04 18:15:00,1.036,1.051,1.027,1.044,2437852.6
2026-02-04 18:30:00,1.044,1.066,1.04,1.063,3828565.7
2026-02-04 18:45:00,1.064,1.064,1.05,1.052,1273966.4
2026-02-04 19:00:00,1.052,1.06,1.049,1.05,1339997.4
2026-02-04 19:15:00,1.051,1.057,1.046,1.049,1085787.2
2026-02-04 19:30:00,1.049,1.06,1.048,1.059,923797.2
2026-02-04 19:45:00,1.059,1.073,1.058,1.07,2384939.6
2026-02-04 20:00:00,1.069,1.071,1.06,1.061,1301665.4
2026-02-04 20:15:00,1.062,1.068,1.06,1.062,930440.8
2026-02-04 20:30:00,1.063,1.063,1.057,1.057,781151.7
2026-02-04 20:45:00,1.058,1.06,1.056,1.058,371194.4
2026-02-04 21:00:00,1.059,1.063,1.052,1.055,960569.2
2026-02-04 21:15:00,1.056,1.056,1.048,1.054,1047161.6
2026-02-04 21:30:00,1.053,1.057,1.045,1.048,1253190.6
2026-02-04 21:45:00,1.047,1.051,1.04,1.05,1275351.9
2026-02-04 22:00:00,1.05,1.05,1.03,1.036,1705328.7
2026-02-04 22:15:00,1.035,1.062,1.035,1.06,955464.8
2026-02-04 22:30:00,1.06,1.062,1.04,1.042,713434.4
2026-02-04 22:45:00,1.042,1.047,1.035,1.038,557568.5
2026-02-04 23:00:00,1.037,1.044,1.035,1.043,788368.8
2026-02-04 23:15:00,1.043,1.057,1.041,1.052,1626334.1
2026-02-04 23:30:00,1.052,1.059,1.05,1.052,862344.5
2026-02-04 23:45:00,1.052,1.055,1.047,1.05,1085000.0
2026-02-05 00:00:00,1.05,1.051,1.045,1.046,697394.0
2026-02-05 00:15:00,1.046,1.055,1.045,1.054,591974.3
2026-02-05 00:30:00,1.054,1.054,1.044,1.05,783064.2
2026-02-05 00:45:00,1.049,1.054,1.047,1.049,570521.2
2026-02-05 01:00:00,1.05,1.058,1.049,1.054,785285.5
2026-02-05 01:15:00,1.054,1.06,1.039,1.057,1228081.3
2026-02-05 01:30:00,1.058,1.062,1.046,1.052,1964612.6
2026-02-05 01:45:00,1.053,1.054,1.046,1.048,691481.1
2026-02-05 02:00:00,1.048,1.05,1.039,1.039,861602.7
2026-02-05 02:15:00,1.039,1.05,1.037,1.047,1444586.1
2026-02-05 02:30:00,1.048,1.058,1.047,1.053,1177904.1
2026-02-05 02:45:00,1.053,1.053,1.038,1.04,1458900.0
2026-02-05 03:00:00,1.04,1.05,1.037,1.044,1445089.2
2026-02-05 03:15:00,1.045,1.049,1.036,1.044,1366657.8
2026-02-05 03:30:00,1.044,1.044,1.037,1.04,1190564.2
2026-02-05 03:45:00,1.039,1.042,1.036,1.041,1013414.0
2026-02-05 04:00:00,1.041,1.047,1.034,1.037,1580746.1
2026-02-05 04:15:00,1.037,1.043,1.032,1.038,1358923.7
2026-02-05 04:30:00,1.038,1.044,1.034,1.044,1155242.2
2026-02-05 04:45:00,1.044,1.044,1.035,1.039,862338.7
2026-02-05 05:00:00,1.038,1.043,1.034,1.039,742251.6
2026-02-05 05:15:00,1.04,1.042,1.025,1.031,2167011.2
2026-02-05 05:30:00,1.032,1.05,1.028,1.046,1316434.1
2026-02-05 05:45:00,1.047,1.048,1.037,1.038,1113699.4
2026-02-05 06:00:00,1.039,1.04,1.03,1.033,1067691.0
2026-02-05 06:15:00,1.034,1.037,1.028,1.03,678544.1
2026-02-05 06:30:00,1.03,1.037,1.03,1.034,705853.4
2026-02-05 06:45:00,1.035,1.038,1.027,1.029,1059303.4
2026-02-05 07:00:00,1.029,1.044,1.028,1.033,1490485.7
2026-02-05 07:15:00,1.033,1.043,1.031,1.039,1159049.7
2026-02-05 07:30:00,1.039,1.042,1.031,1.034,652415.3
2026-02-05 07:45:00,1.034,1.036,1.028,1.029,930934.1
2026-02-05 08:00:00,1.029,1.035,1.029,1.032,955518.1
2026-02-05 08:15:00,1.033,1.038,1.03,1.036,771616.0
2026-02-05 08:30:00,1.036,1.043,1.036,1.04,723997.2
2026-02-05 08:45:00,1.039,1.041,1.036,1.037,571538.2
2026-02-05 09:00:00,1.037,1.048,1.037,1.045,1711085.0
2026-02-05 09:15:00,1.046,1.05,1.043,1.044,1035984.1
2026-02-05 09:30:00,1.044,1.05,1.038,1.038,2911081.6
2026-02-05 09:45:00,1.038,1.042,1.038,1.039,1058686.0
2026-02-05 10:00:00,1.039,1.04,1.032,1.035,1121801.4
2026-02-05 10:15:00,1.035,1.04,1.033,1.034,963840.3
2026-02-05 10:30:00,1.034,1.036,1.029,1.03,818268.7
2026-02-05 10:45:00,1.029,1.031,1.009,1.015,3621031.4
2026-02-05 11:00:00,1.014,1.019,1.001,1.005,2920565.4
2026-02-05 11:15:00,1.005,1.01,0.985,0.989,4299855.5
2026-02-05 11:30:00,0.99,1.012,0.99,1.008,3082565.1
2026-02-05 11:45:00,1.008,1.009,0.997,1.001,1772926.4
2026-02-05 12:00:00,1.001,1.004,0.997,0.999,1647789.6
2026-02-05 12:15:00,1.0,1.002,0.987,0.997,4669380.5
2026-02-05 12:30:00,0.997,1.003,0.99,0.991,1882478.3
2026-02-05 12:45:00,0.991,0.998,0.986,0.995,2547448.1
2026-02-05 13:00:00,0.994,1.002,0.993,0.994,1496457.3
2026-02-05 13:15:00,0.993,0.994,0.986,0.988,1251809.6
2026-02-05 13:30:00,0.988,0.995,0.987,0.991,1791019.6
2026-02-05 13:45:00,0.991,0.993,0.986,0.99,1365253.0
2026-02-05 14:00:00,0.99,1.004,0.989,0.998,2769847.8
2026-02-05 14:15:00,0.998,1.007,0.994,1.006,1105975.1
2026-02-05 14:30:00,1.006,1.021,1.002,1.012,3777180.2
2026-02-05 14:45:00,1.012,1.016,0.994,0.996,2353456.4
2026-02-05 15:00:00,0.996,1.001,0.958,0.962,7800774.5
2026-02-05 15:15:00,0.962,0.977,0.935,0.938,12166061.4
2026-02-05 15:30:00,0.938,0.962,0.925,0.959,10316065.2
2026-02-05 15:45:00,0.959,0.973,0.951,0.953,5311763.9
2026-02-05 16:00:00,0.954,0.957,0.938,0.94,4107614.3
2026-02-05 16:15:00,0.94,0.965,0.937,0.96,5234819.9
2026-02-05 16:30:00,0.961,0.968,0.947,0.948,3314845.8
2026-02-05 16:45:00,0.948,0.964,0.94,0.953,3955759.1
2026-02-05 17:00:00,0.953,0.96,0.929,0.936,4778939.3
2026-02-05 17:15:00,0.936,0.954,0.921,0.95,6082743.5
2026-02-05 17:30:00,0.95,0.953,0.93,0.94,3919137.7
2026-02-05 17:45:00,0.94,0.944,0.929,0.931,1469869.6
2026-02-05 18:00:00,0.931,0.939,0.928,0.935,2120644.6
2026-02-05 18:15:00,0.935,0.937,0.92,0.93,3374713.8
2026-02-05 18:30:00,0.93,0.933,0.921,0.925,2546890.8
2026-02-05 18:45:00,0.924,0.944,0.921,0.941,3858864.9
2026-02-05 19:00:00,0.941,0.944,0.931,0.935,2178216.4
2026-02-05 19:15:00,0.934,0.942,0.928,0.934,1759440.9
2026-02-05 19:30:00,0.934,0.941,0.931,0.933,2088594.5
2026-02-05 19:45:00,0.933,0.935,0.926,0.93,1383208.6
2026-02-05 20:00:00,0.931,0.939,0.921,0.922,2427329.3
2026-02-05 20:15:00,0.922,0.923,0.871,0.886,16256175.3
2026-02-05 20:30:00,0.887,0.905,0.875,0.898,7700512.7
2026-02-05 20:45:00,0.899,0.901,0.875,0.889,5878537.8
2026-02-05 21:00:00,0.889,0.915,0.887,0.889,6794370.2
2026-02-05 21:15:00,0.89,0.908,0.877,0.906,5660204.7
2026-02-05 21:30:00,0.906,0.91,0.89,0.894,2457750.3
2026-02-05 21:45:00,0.894,0.9,0.884,0.89,2368747.9
2026-02-05 22:00:00,0.89,0.901,0.882,0.893,3532024.1
2026-02-05 22:15:00,0.894,0.907,0.877,0.904,3590583.9
2026-02-05 22:30:00,0.904,0.912,0.894,0.9,2116023.7
2026-02-05 22:45:00,0.899,0.907,0.896,0.897,921640.1
2026-02-05 23:00:00,0.897,0.917,0.895,0.912,2584439.4
2026-02-05 23:15:00,0.912,0.914,0.899,0.904,1924757.5
2026-02-05 23:30:00,0.903,0.908,0.887,0.891,2829724.9
2026-02-05 23:45:00,0.89,0.893,0.878,0.882,2572685.4
2026-02-06 00:00:00,0.883,0.888,0.803,0.815,17554260.2
2026-02-06 00:15:00,0.815,0.837,0.774,0.822,33182822.9
2026-02-06 00:30:00,0.822,0.877,0.818,0.868,10153041.8
2026-02-06 00:45:00,0.868,0.879,0.86,0.863,5019818.7
2026-02-06 01:00:00,0.862,0.881,0.857,0.873,4688422.5
2026-02-06 01:15:00,0.873,0.886,0.872,0.878,2994447.6
2026-02-06 01:30:00,0.878,0.888,0.875,0.885,2897349.1
2026-02-06 01:45:00,0.885,0.9,0.883,0.899,2793021.7
2026-02-06 02:00:00,0.9,0.907,0.889,0.892,3439015.4
2026-02-06 02:15:00,0.891,0.895,0.877,0.881,2357303.2
2026-02-06 02:30:00,0.881,0.888,0.878,0.883,2393549.1
2026-02-06 02:45:00,0.883,0.885,0.871,0.876,1859925.5
2026-02-06 03:00:00,0.876,0.881,0.87,0.871,2344471.4
2026-02-06 03:15:00,0.871,0.877,0.868,0.876,1852338.0
2026-02-06 03:30:00,0.876,0.882,0.873,0.875,1656140.0
2026-02-06 03:45:00,0.875,0.88,0.871,0.878,1836141.3
2026-02-06 04:00:00,0.879,0.88,0.872,0.878,1446961.0
2026-02-06 04:15:00,0.877,0.889,0.876,0.885,1493323.7
2026-02-06 04:30:00,0.885,0.887,0.877,0.881,1439459.6
2026-02-06 04:45:00,0.881,0.889,0.881,0.886,1227395.4
2026-02-06 05:00:00,0.886,0.9,0.884,0.898,1583084.7
2026-02-06 05:15:00,0.898,0.9,0.893,0.897,1853574.2
2026-02-06 05:30:00,0.898,0.909,0.897,0.907,2301256.1
2026-02-06 05:45:00,0.907,0.918,0.905,0.914,3471739.6
2026-02-06 06:00:00,0.914,0.919,0.911,0.912,2665356.2
2026-02-06 06:15:00,0.912,0.913,0.904,0.907,2207618.4
2026-02-06 06:30:00,0.908,0.909,0.896,0.898,1821440.3
2026-02-06 06:45:00,0.899,0.902,0.892,0.894,2316453.8
2026-02-06 07:00:00,0.894,0.895,0.883,0.887,2594529.1
2026-02-06 07:15:00,0.888,0.892,0.883,0.891,2413454.1
2026-02-06 07:30:00,0.89,0.9,0.89,0.896,1771000.1
2026-02-06 07:45:00,0.895,0.898,0.889,0.892,1628064.7
2026-02-06 08:00:00,0.892,0.897,0.886,0.893,2508148.7
2026-02-06 08:15:00,0.894,0.895,0.885,0.887,3188518.1
2026-02-06 08:30:00,0.886,0.89,0.882,0.885,2207168.5
2026-02-06 08:45:00,0.885,0.892,0.885,0.888,1493825.4
2026-02-06 09:00:00,0.888,0.891,0.886,0.888,1796921.0
2026-02-06 09:15:00,0.888,0.897,0.885,0.897,3224292.7
2026-02-06 09:30:00,0.896,0.907,0.895,0.906,2610351.6
2026-02-06 09:45:00,0.906,0.914,0.903,0.912,2393487.5
2026-02-06 10:00:00,0.913,0.916,0.906,0.911,2975427.9
2026-02-06 10:15:00,0.912,0.924,0.911,0.92,2738870.4
2026-02-06 10:30:00,0.92,0.924,0.918,0.92,2337806.7
2026-02-06 10:45:00,0.92,0.924,0.917,0.922,1835273.9
2026-02-06 11:00:00,0.923,0.923,0.918,0.921,1798118.3
2026-02-06 11:15:00,0.921,0.925,0.917,0.92,1827997.6
2026-02-06 11:30:00,0.92,0.925,0.917,0.918,2390351.7
2026-02-06 11:45:00,0.918,0.922,0.911,0.912,4283293.6
2026-02-06 12:00:00,0.913,0.913,0.906,0.911,3758253.5
2026-02-06 12:15:00,0.91,0.913,0.907,0.911,2124764.6
2026-02-06 12:30:00,0.911,0.913,0.909,0.91,2074779.3
2026-02-06 12:45:00,0.91,0.914,0.908,0.912,1752258.7
2026-02-06 13:00:00,0.913,0.92,0.911,0.919,3550305.0
2026-02-06 13:15:00,0.918,0.925,0.913,0.92,3757842.6
2026-02-06 13:30:00,0.919,0.924,0.917,0.923,3152295.0
2026-02-06 13:45:00,0.922,0.926,0.92,0.922,2605366.4
2026-02-06 14:00:00,0.922,0.925,0.917,0.921,2284281.1
2026-02-06 14:15:00,0.921,0.926,0.916,0.924,2125729.6
2026-02-06 14:30:00,0.924,0.943,0.923,0.942,5641471.7
2026-02-06 14:45:00,0.942,0.952,0.939,0.948,3397247.0
2026-02-06 15:00:00,0.947,0.947,0.934,0.935,3398362.4
2026-02-06 15:15:00,0.934,0.944,0.932,0.94,2405958.0
2026-02-06 15:30:00,0.939,0.947,0.938,0.946,2104367.0
2026-02-06 15:45:00,0.945,0.948,0.942,0.946,2262144.0
2026-02-06 16:00:00,0.946,0.956,0.94,0.955,2396227.8
2026-02-06 16:15:00,0.954,0.964,0.95,0.962,3045490.5
2026-02-06 16:30:00,0.961,0.967,0.959,0.965,2786476.2
2026-02-06 16:45:00,0.966,0.972,0.962,0.966,2572432.8
2026-02-06 17:00:00,0.967,0.972,0.962,0.968,3144499.3
2026-02-06 17:15:00,0.967,0.982,0.966,0.979,2870181.4
2026-02-06 17:30:00,0.979,0.988,0.975,0.983,3519044.5
2026-02-06 17:45:00,0.983,0.986,0.972,0.974,2606992.0
2026-02-06 18:00:00,0.975,0.976,0.957,0.961,3659861.0
2026-02-06 18:15:00,0.961,0.962,0.954,0.957,2235918.9
2026-02-06 18:30:00,0.958,0.967,0.955,0.964,1654865.3
2026-02-06 18:45:00,0.963,0.969,0.961,0.964,1604141.1
2026-02-06 19:00:00,0.964,0.968,0.96,0.963,1914939.2
2026-02-06 19:15:00,0.962,0.969,0.958,0.965,1975774.2
2026-02-06 19:30:00,0.964,0.968,0.962,0.968,1501682.5
2026-02-06 19:45:00,0.967,0.972,0.965,0.97,1911167.7
2026-02-06 20:00:00,0.971,0.971,0.961,0.962,1263404.1
2026-02-06 20:15:00,0.962,0.965,0.959,0.964,902073.2
2026-02-06 20:30:00,0.963,0.976,0.962,0.968,2108037.2
2026-02-06 20:45:00,0.967,0.97,0.962,0.964,1786770.2
2026-02-06 21:00:00,0.963,0.966,0.959,0.964,1534125.7
2026-02-06 21:15:00,0.965,0.97,0.963,0.968,916935.1
2026-02-06 21:30:00,0.968,0.969,0.963,0.967,856456.4
2026-02-06 21:45:00,0.967,0.968,0.965,0.966,599408.1
2026-02-06 22:00:00,0.967,0.974,0.965,0.97,1331785.7
2026-02-06 22:15:00,0.969,0.976,0.968,0.974,1633675.4
2026-02-06 22:30:00,0.975,0.984,0.974,0.979,1307650.0
2026-02-06 22:45:00,0.979,0.986,0.978,0.981,433201.7
2026-02-06 23:00:00,0.981,0.986,0.977,0.978,1269568.9
2026-02-06 23:15:00,0.977,0.977,0.97,0.975,2520894.1
2026-02-06 23:30:00,0.975,0.98,0.975,0.978,984656.0
2026-02-06 23:45:00,0.977,0.978,0.974,0.975,541633.3
2026-02-07 00:00:00,0.975,0.976,0.969,0.974,1389659.3
2026-02-07 00:15:00,0.975,0.976,0.966,0.967,1232972.8
2026-02-07 00:30:00,0.966,0.969,0.962,0.962,1247627.4
2026-02-07 00:45:00,0.962,0.973,0.962,0.969,1315917.8
2026-02-07 01:00:00,0.969,0.969,0.963,0.964,1370825.5
2026-02-07 01:15:00,0.963,0.97,0.963,0.968,1283085.7
2026-02-07 01:30:00,0.969,0.973,0.966,0.97,1217201.9
2026-02-07 01:45:00,0.97,0.976,0.969,0.975,982521.6
2026-02-07 02:00:00,0.975,0.976,0.972,0.975,1030441.4
2026-02-07 02:15:00,0.975,0.979,0.973,0.976,1345131.5
2026-02-07 02:30:00,0.977,0.978,0.974,0.975,619119.3
2026-02-07 02:45:00,0.975,0.977,0.972,0.976,739014.6
2026-02-07 03:00:00,0.977,0.991,0.974,0.989,2273337.9
2026-02-07 03:15:00,0.989,0.99,0.984,0.988,950553.1
2026-02-07 03:30:00,0.988,0.992,0.985,0.991,1056707.1
2026-02-07 03:45:00,0.991,0.992,0.987,0.989,1124408.7
2026-02-07 04:00:00,0.989,0.993,0.987,0.99,1996982.7
2026-02-07 04:15:00,0.99,0.993,0.984,0.986,1571345.6
2026-02-07 04:30:00,0.985,0.99,0.978,0.98,1488638.4
2026-02-07 04:45:00,0.98,0.983,0.979,0.982,650734.0
2026-02-07 05:00:00,0.981,0.984,0.979,0.981,1123030.3
2026-02-07 05:15:00,0.982,0.988,0.98,0.981,1709344.7
2026-02-07 05:30:00,0.98,0.984,0.978,0.981,852333.1
2026-02-07 05:45:00,0.981,0.982,0.975,0.98,1123111.1
2026-02-07 06:00:00,0.98,0.985,0.979,0.985,1131963.2
2026-02-07 06:15:00,0.985,0.986,0.979,0.983,907109.8
2026-02-07 06:30:00,0.983,0.987,0.982,0.982,747911.4
2026-02-07 06:45:00,0.982,0.983,0.967,0.968,2748015.7
2026-02-07 07:00:00,0.968,0.973,0.951,0.953,3563144.3
2026-02-07 07:15:00,0.953,0.958,0.943,0.955,4073310.1
2026-02-07 07:30:00,0.955,0.963,0.949,0.959,2551465.1
2026-02-07 07:45:00,0.959,0.959,0.951,0.951,1386041.5
2026-02-07 08:00:00,0.952,0.956,0.947,0.953,2009416.0
2026-02-07 08:15:00,0.953,0.955,0.947,0.952,1867350.6
2026-02-07 08:30:00,0.953,0.959,0.953,0.954,1239075.1
2026-02-07 08:45:00,0.953,0.956,0.953,0.954,713083.7
2026-02-07 09:00:00,0.955,0.962,0.953,0.96,1785952.0
2026-02-07 09:15:00,0.961,0.961,0.953,0.954,739374.5
2026-02-07 09:30:00,0.953,0.957,0.95,0.953,1245220.4
2026-02-07 09:45:00,0.952,0.954,0.95,0.952,612877.5
2026-02-07 10:00:00,0.953,0.956,0.952,0.956,977573.9
2026-02-07 10:15:00,0.955,0.955,0.952,0.953,738091.9
2026-02-07 10:30:00,0.953,0.954,0.948,0.951,930006.4
2026-02-07 10:45:00,0.95,0.955,0.948,0.954,669489.3
2026-02-07 11:00:00,0.953,0.956,0.951,0.951,1167838.5
2026-02-07 11:15:00,0.952,0.955,0.951,0.953,533970.2
2026-02-07 11:30:00,0.953,0.956,0.952,0.954,792242.7
2026-02-07 11:45:00,0.954,0.958,0.953,0.956,960040.9
2026-02-07 12:00:00,0.956,0.975,0.955,0.973,2763755.4
2026-02-07 12:15:00,0.974,0.99,0.972,0.982,3054195.3
2026-02-07 12:30:00,0.983,0.991,0.98,0.982,1743193.4
2026-02-07 12:45:00,0.983,0.986,0.98,0.983,1478525.3
2026-02-07 13:00:00,0.984,0.989,0.978,0.979,1467953.9
2026-02-07 13:15:00,0.979,0.983,0.978,0.981,1387063.3
2026-02-07 13:30:00,0.98,0.982,0.975,0.976,1332827.8
2026-02-07 13:45:00,0.976,0.982,0.975,0.981,575797.2
2026-02-07 14:00:00,0.982,0.984,0.978,0.979,698310.7
2026-02-07 14:15:00,0.98,0.981,0.976,0.977,611914.2
2026-02-07 14:30:00,0.977,0.978,0.967,0.97,1164332.2
2026-02-07 14:45:00,0.971,0.972,0.963,0.964,1282431.8
2026-02-07 15:00:00,0.965,0.974,0.963,0.972,1774947.4
2026-02-07 15:15:00,0.973,0.979,0.97,0.974,1893891.5
2026-02-07 15:30:00,0.975,0.98,0.973,0.975,1845899.6
2026-02-07 15:45:00,0.975,0.977,0.971,0.972,903626.8
2026-02-07 16:00:00,0.973,0.999,0.968,0.988,21761061.6
2026-02-07 16:15:00,0.987,0.996,0.973,0.986,9170998.8
2026-02-07 16:30:00,0.986,0.987,0.977,0.978,1604091.7
2026-02-07 16:45:00,0.979,0.98,0.975,0.976,810975.9
2026-02-07 17:00:00,0.977,0.979,0.973,0.974,1007351.6
2026-02-07 17:15:00,0.975,0.978,0.973,0.975,774054.4
2026-02-07 17:30:00,0.976,0.984,0.973,0.98,1111415.2
2026-02-07 17:45:00,0.981,0.981,0.975,0.978,683801.5
2026-02-07 18:00:00,0.978,0.984,0.978,0.981,666321.2
2026-02-07 18:15:00,0.982,0.994,0.982,0.993,1384440.8
2026-02-07 18:30:00,0.993,0.997,0.991,0.994,1134232.3
2026-02-07 18:45:00,0.993,0.997,0.99,0.992,748228.6
2026-02-07 19:00:00,0.991,0.991,0.987,0.989,1222065.9
2026-02-07 19:15:00,0.989,0.99,0.986,0.987,695062.0
2026-02-07 19:30:00,0.987,0.988,0.983,0.986,714272.2
2026-02-07 19:45:00,0.986,0.987,0.983,0.986,450279.1
2026-02-07 20:00:00,0.985,0.987,0.981,0.982,726061.6
2026-02-07 20:15:00,0.982,0.985,0.981,0.984,409302.0
2026-02-07 20:30:00,0.985,0.986,0.983,0.983,402853.9
2026-02-07 20:45:00,0.984,0.99,0.983,0.987,876919.4
2026-02-07 21:00:00,0.987,0.99,0.984,0.986,671835.5
2026-02-07 21:15:00,0.985,0.986,0.982,0.984,655885.0
2026-02-07 21:30:00,0.984,0.985,0.981,0.982,401978.4
2026-02-07 21:45:00,0.981,0.981,0.978,0.98,875813.4
2026-02-07 22:00:00,0.981,0.983,0.978,0.981,712106.7
2026-02-07 22:15:00,0.98,0.981,0.976,0.981,439000.2
2026-02-07 22:30:00,0.981,0.982,0.975,0.978,564245.0
2026-02-07 22:45:00,0.977,0.978,0.974,0.976,210581.3
2026-02-07 23:00:00,0.976,0.976,0.969,0.974,953178.9
2026-02-07 23:15:00,0.975,0.975,0.969,0.973,737985.7
2026-02-07 23:30:00,0.973,0.975,0.972,0.973,398617.2
2026-02-07 23:45:00,0.973,0.976,0.973,0.975,507903.6
2026-02-08 00:00:00,0.975,0.975,0.97,0.973,713535.3
2026-02-08 00:15:00,0.972,0.973,0.969,0.972,839525.9
2026-02-08 00:30:00,0.971,0.975,0.97,0.971,471892.9
2026-02-08 00:45:00,0.972,0.976,0.971,0.974,633704.0
2026-02-08 01:00:00,0.975,0.98,0.974,0.979,809260.8
2026-02-08 01:15:00,0.98,0.98,0.974,0.976,423282.3
2026-02-08 01:30:00,0.976,0.978,0.973,0.974,900973.2
2026-02-08 01:45:00,0.973,0.977,0.972,0.975,480160.9
2026-02-08 02:00:00,0.976,0.978,0.974,0.976,691890.3
2026-02-08 02:15:00,0.977,0.98,0.975,0.977,732017.7
2026-02-08 02:30:00,0.978,0.979,0.973,0.974,614220.2
2026-02-08 02:45:00,0.975,0.975,0.97,0.973,470180.0
2026-02-08 03:00:00,0.974,0.976,0.971,0.972,660151.2
2026-02-08 03:15:00,0.973,0.974,0.97,0.972,456869.7
2026-02-08 03:30:00,0.972,0.974,0.968,0.969,710314.2
2026-02-08 03:45:00,0.97,0.97,0.964,0.967,1097376.1
2026-02-08 04:00:00,0.968,0.969,0.963,0.964,815088.8
2026-02-08 04:15:00,0.963,0.97,0.961,0.969,842739.4
2026-02-08 04:30:00,0.969,0.97,0.965,0.967,442983.8
2026-02-08 04:45:00,0.966,0.969,0.965,0.969,334552.7
2026-02-08 05:00:00,0.969,0.969,0.965,0.967,641802.8
2026-02-08 05:15:00,0.967,0.968,0.965,0.966,483344.9
2026-02-08 05:30:00,0.965,0.966,0.962,0.964,356734.0
2026-02-08 05:45:00,0.964,0.966,0.962,0.963,293824.1
2026-02-08 06:00:00,0.963,0.966,0.961,0.964,845277.2
2026-02-08 06:15:00,0.964,0.965,0.962,0.962,736924.7
2026-02-08 06:30:00,0.963,0.964,0.96,0.961,386635.3
2026-02-08 06:45:00,0.962,0.963,0.959,0.961,343308.6
2026-02-08 07:00:00,0.962,0.963,0.957,0.96,1226916.1
2026-02-08 07:15:00,0.961,0.962,0.955,0.958,633362.3
2026-02-08 07:30:00,0.958,0.962,0.957,0.957,610708.5
2026-02-08 07:45:00,0.958,0.962,0.957,0.961,645853.6
2026-02-08 08:00:00,0.961,0.965,0.96,0.962,901999.9
2026-02-08 08:15:00,0.962,0.971,0.959,0.969,1769796.2
2026-02-08 08:30:00,0.969,0.977,0.966,0.97,2899417.1
2026-02-08 08:45:00,0.971,0.976,0.97,0.974,1010527.9
2026-02-08 09:00:00,0.975,0.976,0.97,0.971,1125874.2
2026-02-08 09:15:00,0.97,0.971,0.968,0.968,584282.0
2026-02-08 09:30:00,0.969,0.972,0.963,0.964,1866094.3
2026-02-08 09:45:00,0.964,0.968,0.963,0.966,874886.1
2026-02-08 10:00:00,0.967,0.969,0.961,0.961,1651559.7
2026-02-08 10:15:00,0.961,0.963,0.948,0.951,2836431.9
2026-02-08 10:30:00,0.951,0.952,0.949,0.949,746340.1
2026-02-08 10:45:00,0.949,0.954,0.949,0.952,737447.8
2026-02-08 11:00:00,0.951,0.958,0.95,0.957,803245.6
2026-02-08 11:15:00,0.957,0.962,0.956,0.959,1266995.9
2026-02-08 11:30:00,0.958,0.965,0.958,0.962,1801757.0
2026-02-08 11:45:00,0.962,0.964,0.96,0.962,1260873.4
2026-02-08 12:00:00,0.963,0.963,0.956,0.956,886031.8
2026-02-08 12:15:00,0.956,0.959,0.955,0.958,865744.3
2026-02-08 12:30:00,0.959,0.959,0.95,0.952,1139611.9
2026-02-08 12:45:00,0.951,0.957,0.951,0.955,1411212.3
2026-02-08 13:00:00,0.956,0.957,0.949,0.951,1437946.0
2026-02-08 13:15:00,0.951,0.958,0.951,0.957,1186765.5
2026-02-08 13:30:00,0.957,0.957,0.951,0.952,1331350.5
2026-02-08 13:45:00,0.952,0.958,0.952,0.955,1222995.1
2026-02-08 14:00:00,0.954,0.958,0.954,0.955,1204845.4
2026-02-08 14:15:00,0.955,0.956,0.952,0.955,713215.9
2026-02-08 14:30:00,0.955,0.959,0.955,0.958,508627.0
2026-02-08 14:45:00,0.959,0.961,0.956,0.958,868703.6
2026-02-08 15:00:00,0.958,0.96,0.956,0.957,1542458.1
2026-02-08 15:15:00,0.957,0.957,0.945,0.947,1917145.9
2026-02-08 15:30:00,0.947,0.949,0.944,0.947,1536101.1
2026-02-08 15:45:00,0.947,0.948,0.944,0.946,826211.9
2026-02-08 16:00:00,0.946,0.947,0.941,0.942,1692507.9
2026-02-08 16:15:00,0.942,0.948,0.942,0.945,936151.4
2026-02-08 16:30:00,0.946,0.946,0.932,0.934,3459456.2
2026-02-08 16:45:00,0.933,0.933,0.918,0.924,4268690.2
2026-02-08 17:00:00,0.924,0.93,0.922,0.928,2203204.6
2026-02-08 17:15:00,0.929,0.935,0.927,0.93,1165821.3
2026-02-08 17:30:00,0.93,0.934,0.93,0.934,592542.1
2026-02-08 17:45:00,0.933,0.936,0.932,0.936,582243.3
2026-02-08 18:00:00,0.935,0.942,0.934,0.94,1138273.8
2026-02-08 18:15:00,0.94,0.942,0.937,0.941,854049.6
2026-02-08 18:30:00,0.941,0.95,0.94,0.946,1442233.6
2026-02-08 18:45:00,0.946,0.947,0.939,0.94,841630.9
2026-02-08 19:00:00,0.94,0.942,0.936,0.938,932178.3
2026-02-08 19:15:00,0.937,0.941,0.937,0.939,933439.5
2026-02-08 19:30:00,0.939,0.943,0.937,0.943,528929.5
2026-02-08 19:45:00,0.942,0.945,0.939,0.945,1516528.3
2026-02-08 20:00:00,0.945,0.945,0.936,0.939,1069719.5
2026-02-08 20:15:00,0.94,0.941,0.935,0.936,812324.3
2026-02-08 20:30:00,0.936,0.939,0.936,0.937,721374.3
2026-02-08 20:45:00,0.937,0.938,0.933,0.934,805501.3
2026-02-08 21:00:00,0.935,0.936,0.933,0.935,748409.5
2026-02-08 21:15:00,0.935,0.937,0.933,0.935,727586.0
2026-02-08 21:30:00,0.935,0.935,0.924,0.926,1605008.7
2026-02-08 21:45:00,0.926,0.929,0.924,0.928,979329.9
2026-02-08 22:00:00,0.929,0.931,0.927,0.93,1363111.7
2026-02-08 22:15:00,0.93,0.932,0.928,0.929,821500.4
2026-02-08 22:30:00,0.928,0.929,0.921,0.926,976135.4
2026-02-08 22:45:00,0.927,0.931,0.925,0.931,486405.5
2026-02-08 23:00:00,0.931,0.957,0.93,0.939,3766015.6
2026-02-08 23:15:00,0.939,0.942,0.927,0.931,2250637.5
2026-02-08 23:30:00,0.931,0.933,0.923,0.931,2340709.4
2026-02-08 23:45:00,0.932,0.938,0.931,0.932,926096.3
2026-02-09 00:00:00,0.933,0.936,0.93,0.933,1691029.5
2026-02-09 00:15:00,0.933,0.935,0.926,0.926,1118066.0
2026-02-09 00:30:00,0.926,0.929,0.922,0.924,1079798.8
2026-02-09 00:45:00,0.924,0.929,0.922,0.927,635404.3
2026-02-09 01:00:00,0.928,0.931,0.925,0.928,1117935.4
2026-02-09 01:15:00,0.928,0.938,0.926,0.934,1026810.6
2026-02-09 01:30:00,0.935,0.935,0.923,0.926,1096007.2
2026-02-09 01:45:00,0.927,0.933,0.926,0.929,1675803.5
2026-02-09 02:00:00,0.929,0.93,0.925,0.928,1190411.8
2026-02-09 02:15:00,0.927,0.929,0.926,0.927,550365.5
2026-02-09 02:30:00,0.927,0.938,0.927,0.937,1110961.7
2026-02-09 02:45:00,0.937,0.938,0.932,0.934,522258.1
2026-02-09 03:00:00,0.933,0.937,0.933,0.935,802566.4
2026-02-09 03:15:00,0.934,0.938,0.933,0.937,533985.7
2026-02-09 03:30:00,0.938,0.947,0.938,0.946,1235421.8
2026-02-09 03:45:00,0.945,0.947,0.943,0.946,539503.9
2026-02-09 04:00:00,0.945,0.945,0.938,0.939,757888.3
2026-02-09 04:15:00,0.938,0.942,0.938,0.938,564181.4
2026-02-09 04:30:00,0.938,0.939,0.934,0.936,482922.8
2026-02-09 04:45:00,0.936,0.937,0.934,0.934,217821.5
2026-02-09 05:00:00,0.935,0.935,0.932,0.932,497176.9
2026-02-09 05:15:00,0.932,0.937,0.932,0.936,288954.2
2026-02-09 05:30:00,0.937,0.938,0.935,0.936,201411.2
2026-02-09 05:45:00,0.937,0.938,0.935,0.936,329462.3
2026-02-09 06:00:00,0.937,0.937,0.93,0.93,865975.3
2026-02-09 06:15:00,0.931,0.931,0.924,0.925,1072477.1
2026-02-09 06:30:00,0.925,0.93,0.925,0.928,528914.2
2026-02-09 06:45:00,0.928,0.931,0.928,0.93,357810.4
2026-02-09 07:00:00,0.93,0.934,0.928,0.932,395857.9
2026-02-09 07:15:00,0.933,0.934,0.93,0.932,368333.6
2026-02-09 07:30:00,0.931,0.932,0.927,0.928,923431.0
2026-02-09 07:45:00,0.929,0.931,0.927,0.928,411429.9
2026-02-09 08:00:00,0.929,0.931,0.927,0.927,788165.6
2026-02-09 08:15:00,0.928,0.928,0.921,0.921,1506061.9
2026-02-09 08:30:00,0.922,0.922,0.909,0.917,3540235.5
2026-02-09 08:45:00,0.916,0.919,0.914,0.914,590823.4
2026-02-09 09:00:00,0.914,0.918,0.913,0.914,1168664.5
2026-02-09 09:15:00,0.915,0.916,0.912,0.914,739730.8
2026-02-09 09:30:00,0.914,0.916,0.907,0.909,2383385.2
2026-02-09 09:45:00,0.909,0.911,0.907,0.909,1035052.5
2026-02-09 10:00:00,0.909,0.912,0.906,0.907,1135531.6
2026-02-09 10:15:00,0.906,0.908,0.897,0.899,2763958.5
2026-02-09 10:30:00,0.899,0.9,0.892,0.893,3462208.0
2026-02-09 10:45:00,0.894,0.899,0.891,0.898,2674158.7
2026-02-09 11:00:00,0.897,0.904,0.897,0.899,1485830.3
2026-02-09 11:15:00,0.899,0.902,0.897,0.901,1390088.6
2026-02-09 11:30:00,0.901,0.905,0.9,0.905,1515002.0
2026-02-09 11:45:00,0.905,0.91,0.903,0.906,1707955.9
2026-02-09 12:00:00,0.906,0.909,0.905,0.907,1329646.1
2026-02-09 12:15:00,0.908,0.908,0.906,0.906,584866.7
2026-02-09 12:30:00,0.907,0.912,0.906,0.91,691339.2
2026-02-09 12:45:00,0.911,0.911,0.908,0.91,384945.4
2026-02-09 13:00:00,0.91,0.912,0.907,0.911,629240.0
2026-02-09 13:15:00,0.911,0.912,0.908,0.909,490042.0
2026-02-09 13:30:00,0.909,0.91,0.905,0.906,935424.5
2026-02-09 13:45:00,0.906,0.906,0.9,0.901,2617686.9
2026-02-09 14:00:00,0.9,0.904,0.898,0.9,1298101.2
2026-02-09 14:15:00,0.9,0.902,0.897,0.9,1341176.1
2026-02-09 14:30:00,0.899,0.915,0.896,0.908,2853566.7
2026-02-09 14:45:00,0.907,0.913,0.906,0.91,1492547.6
2026-02-09 15:00:00,0.91,0.919,0.91,0.913,1728760.6
2026-02-09 15:15:00,0.914,0.916,0.904,0.905,1205553.0
2026-02-09 15:30:00,0.905,0.918,0.903,0.915,1206066.6
2026-02-09 15:45:00,0.916,0.92,0.913,0.919,811007.1
2026-02-09 16:00:00,0.919,0.92,0.91,0.913,1760510.7
2026-02-09 16:15:00,0.913,0.919,0.911,0.918,624204.9
2026-02-09 16:30:00,0.918,0.925,0.912,0.923,1293223.9
2026-02-09 16:45:00,0.922,0.932,0.922,0.924,1707170.3
2026-02-09 17:00:00,0.924,0.927,0.918,0.919,1405015.1
2026-02-09 17:15:00,0.919,0.922,0.918,0.921,649232.5
2026-02-09 17:30:00,0.921,0.939,0.921,0.935,3198206.5
2026-02-09 17:45:00,0.934,0.936,0.93,0.931,963515.9
2026-02-09 18:00:00,0.932,0.935,0.928,0.929,1362835.4
2026-02-09 18:15:00,0.929,0.932,0.927,0.929,1879487.1
2026-02-09 18:30:00,0.929,0.936,0.928,0.933,1420577.8
2026-02-09 18:45:00,0.932,0.935,0.931,0.933,634079.4
2026-02-09 19:00:00,0.932,0.934,0.929,0.93,623332.2
2026-02-09 19:15:00,0.93,0.932,0.929,0.932,557786.7
2026-02-09 19:30:00,0.932,0.938,0.931,0.935,1188797.3
2026-02-09 19:45:00,0.934,0.94,0.934,0.939,924018.6
2026-02-09 20:00:00,0.939,0.943,0.935,0.942,1718271.7
2026-02-09 20:15:00,0.943,0.943,0.937,0.938,1709450.1
2026-02-09 20:30:00,0.937,0.946,0.937,0.943,821779.7
2026-02-09 20:45:00,0.944,0.946,0.941,0.945,1043135.9
2026-02-09 21:00:00,0.945,0.947,0.941,0.942,549474.3
2026-02-09 21:15:00,0.942,0.944,0.941,0.942,364097.3
2026-02-09 21:30:00,0.942,0.943,0.927,0.934,3754158.4
2026-02-09 21:45:00,0.933,0.943,0.931,0.939,1403847.6
2026-02-09 22:00:00,0.939,0.944,0.937,0.944,1131958.5
2026-02-09 22:15:00,0.943,0.943,0.938,0.941,654334.6
2026-02-09 22:30:00,0.941,0.943,0.939,0.943,501002.5
2026-02-09 22:45:00,0.942,0.943,0.94,0.941,257880.8
2026-02-09 23:00:00,0.942,0.944,0.935,0.938,1230341.8
2026-02-09 23:15:00,0.939,0.94,0.936,0.937,699054.5
2026-02-09 23:30:00,0.938,0.94,0.936,0.938,340399.1
2026-02-09 23:45:00,0.938,0.939,0.935,0.936,599478.6
2026-02-10 00:00:00,0.936,0.94,0.936,0.937,940733.3
2026-02-10 00:15:00,0.938,0.939,0.935,0.937,605723.1
2026-02-10 00:30:00,0.938,0.941,0.936,0.937,874329.5
2026-02-10 00:45:00,0.937,0.938,0.936,0.936,342772.0
2026-02-10 01:00:00,0.936,0.941,0.935,0.938,1123958.1
2026-02-10 01:15:00,0.937,0.939,0.936,0.938,947435.0
2026-02-10 01:30:00,0.938,0.942,0.936,0.94,797877.7
2026-02-10 01:45:00,0.941,0.942,0.938,0.94,560485.3
2026-02-10 02:00:00,0.941,0.943,0.939,0.94,749242.7
2026-02-10 02:15:00,0.94,0.942,0.938,0.94,897884.7
2026-02-10 02:30:00,0.939,0.942,0.939,0.94,811093.6
2026-02-10 02:45:00,0.939,0.941,0.938,0.938,647817.8
2026-02-10 03:00:00,0.939,0.94,0.932,0.935,1414052.9
2026-02-10 03:15:00,0.935,0.936,0.927,0.928,2316414.5
2026-02-10 03:30:00,0.927,0.929,0.921,0.927,2104717.2
2026-02-10 03:45:00,0.926,0.93,0.925,0.929,962348.0
2026-02-10 04:00:00,0.928,0.934,0.928,0.934,1292662.5
2026-02-10 04:15:00,0.934,0.935,0.931,0.934,667510.4
2026-02-10 04:30:00,0.933,0.935,0.931,0.933,522329.0
2026-02-10 04:45:00,0.932,0.938,0.932,0.937,530989.8
2026-02-10 05:00:00,0.937,0.937,0.934,0.937,789719.0
2026-02-10 05:15:00,0.937,0.937,0.931,0.932,543506.4
2026-02-10 05:30:00,0.931,0.934,0.928,0.93,1342297.8
2026-02-10 05:45:00,0.929,0.929,0.924,0.927,1589158.7
2026-02-10 06:00:00,0.927,0.93,0.925,0.926,1086165.3
2026-02-10 06:15:00,0.926,0.927,0.921,0.924,784423.7
2026-02-10 06:30:00,0.923,0.926,0.92,0.922,1605671.6
2026-02-10 06:45:00,0.921,0.922,0.909,0.912,3307885.9
2026-02-10 07:00:00,0.912,0.921,0.912,0.916,2160794.4
2026-02-10 07:15:00,0.916,0.917,0.912,0.916,969215.0
2026-02-10 07:30:00,0.915,0.917,0.914,0.915,525187.2
2026-02-10 07:45:00,0.915,0.918,0.914,0.918,777138.2
2026-02-10 08:00:00,0.918,0.919,0.914,0.915,1228447.8
2026-02-10 08:15:00,0.915,0.921,0.913,0.92,1161519.1
2026-02-10 08:30:00,0.919,0.92,0.916,0.919,686711.0
2026-02-10 08:45:00,0.919,0.92,0.917,0.918,433903.0
2026-02-10 09:00:00,0.918,0.923,0.918,0.921,956202.5
2026-02-10 09:15:00,0.921,0.922,0.918,0.918,602296.3
2026-02-10 09:30:00,0.919,0.921,0.918,0.92,763676.6
2026-02-10 09:45:00,0.92,0.921,0.916,0.919,711747.4
2026-02-10 10:00:00,0.919,0.92,0.916,0.917,390410.2
2026-02-10 10:15:00,0.918,0.922,0.916,0.921,681489.9
2026-02-10 10:30:00,0.92,0.92,0.916,0.917,353700.8
2026-02-10 10:45:00,0.917,0.919,0.916,0.917,519343.8
2026-02-10 11:00:00,0.917,0.92,0.917,0.917,435073.9
2026-02-10 11:15:00,0.917,0.92,0.917,0.919,397494.0
2026-02-10 11:30:00,0.918,0.922,0.915,0.917,988673.7
2026-02-10 11:45:00,0.917,0.918,0.912,0.912,1685928.9
2026-02-10 12:00:00,0.912,0.915,0.91,0.91,1401803.1
2026-02-10 12:15:00,0.91,0.911,0.907,0.909,1070222.3
2026-02-10 12:30:00,0.909,0.911,0.905,0.907,830319.3
2026-02-10 12:45:00,0.906,0.91,0.905,0.909,557258.2
2026-02-10 13:00:00,0.909,0.912,0.908,0.911,1281885.7
2026-02-10 13:15:00,0.911,0.911,0.908,0.909,512659.2
2026-02-10 13:30:00,0.909,0.914,0.908,0.909,1105321.0
2026-02-10 13:45:00,0.91,0.911,0.908,0.91,738071.6
2026-02-10 14:00:00,0.909,0.912,0.908,0.911,708570.4
2026-02-10 14:15:00,0.911,0.918,0.911,0.913,1246073.3
2026-02-10 14:30:00,0.914,0.919,0.903,0.909,2822146.7
2026-02-10 14:45:00,0.91,0.912,0.902,0.91,2133724.6
2026-02-10 15:00:00,0.91,0.917,0.906,0.909,2019645.3
2026-02-10 15:15:00,0.909,0.917,0.906,0.912,1975135.4
2026-02-10 15:30:00,0.913,0.916,0.911,0.912,1921425.3
2026-02-10 15:45:00,0.912,0.913,0.907,0.909,1156396.7
2026-02-10 16:00:00,0.909,0.913,0.904,0.912,1471248.2
2026-02-10 16:15:00,0.912,0.914,0.906,0.907,1187591.4
2026-02-10 16:30:00,0.907,0.911,0.905,0.908,1167527.0
2026-02-10 16:45:00,0.908,0.91,0.904,0.909,1348447.6
2026-02-10 17:00:00,0.909,0.909,0.901,0.901,1738097.5
2026-02-10 17:15:00,0.902,0.909,0.901,0.905,1504495.0
2026-02-10 17:30:00,0.906,0.912,0.905,0.91,1201000.5
2026-02-10 17:45:00,0.909,0.91,0.906,0.908,557558.5
2026-02-10 18:00:00,0.909,0.91,0.902,0.903,814209.6
2026-02-10 18:15:00,0.903,0.906,0.891,0.892,2990127.5
2026-02-10 18:30:00,0.892,0.895,0.887,0.89,2471832.9
2026-02-10 18:45:00,0.889,0.89,0.883,0.89,2366689.9
2026-02-10 19:00:00,0.889,0.89,0.882,0.884,2089732.9
2026-02-10 19:15:00,0.884,0.885,0.878,0.884,2294283.8
2026-02-10 19:30:00,0.883,0.894,0.883,0.893,1364245.1
2026-02-10 19:45:00,0.892,0.893,0.887,0.889,1308357.5
2026-02-10 20:00:00,0.889,0.891,0.885,0.885,504782.9
2026-02-10 20:15:00,0.885,0.89,0.885,0.889,1310882.8
2026-02-10 20:30:00,0.888,0.894,0.886,0.894,1196486.9
2026-02-10 20:45:00,0.893,0.895,0.891,0.893,849952.4
2026-02-10 21:00:00,0.893,0.896,0.892,0.895,762146.4
2026-02-10 21:15:00,0.894,0.895,0.889,0.89,430204.2
2026-02-10 21:30:00,0.889,0.89,0.887,0.888,752699.8
2026-02-10 21:45:00,0.888,0.892,0.887,0.89,516672.0
2026-02-10 22:00:00,0.89,0.892,0.888,0.891,569195.5
2026-02-10 22:15:00,0.891,0.894,0.89,0.894,626308.5
2026-02-10 22:30:00,0.893,0.904,0.893,0.902,2329688.7
2026-02-10 22:45:00,0.902,0.902,0.895,0.896,391582.0
2026-02-10 23:00:00,0.896,0.899,0.895,0.897,483171.5
2026-02-10 23:15:00,0.896,0.898,0.893,0.895,899148.9
2026-02-10 23:30:00,0.895,0.902,0.895,0.9,632260.4
2026-02-10 23:45:00,0.9,0.901,0.899,0.9,341348.2
2026-02-11 00:00:00,0.901,0.902,0.897,0.897,957424.7
2026-02-11 00:15:00,0.897,0.903,0.897,0.901,653620.4
2026-02-11 00:30:00,0.902,0.902,0.898,0.899,642624.4
2026-02-11 00:45:00,0.899,0.902,0.899,0.9,331663.6
2026-02-11 01:00:00,0.9,0.902,0.897,0.9,2684612.6
2026-02-11 01:15:00,0.9,0.902,0.894,0.895,1322409.3
2026-02-11 01:30:00,0.896,0.9,0.895,0.898,760824.6
2026-02-11 01:45:00,0.898,0.9,0.897,0.898,390829.4
2026-02-11 02:00:00,0.898,0.904,0.898,0.898,670428.5
2026-02-11 02:15:00,0.898,0.901,0.898,0.9,407449.3
2026-02-11 02:30:00,0.9,0.901,0.896,0.896,434552.6
2026-02-11 02:45:00,0.896,0.897,0.888,0.888,1943126.6
2026-02-11 03:00:00,0.888,0.891,0.887,0.887,1200364.0
2026-02-11 03:15:00,0.887,0.89,0.882,0.888,1829811.3
2026-02-11 03:30:00,0.888,0.895,0.888,0.892,1550709.4
2026-02-11 03:45:00,0.892,0.893,0.884,0.886,2098934.1
2026-02-11 04:00:00,0.886,0.887,0.88,0.881,2257972.8
2026-02-11 04:15:00,0.88,0.886,0.877,0.884,2532862.4
2026-02-11 04:30:00,0.884,0.885,0.879,0.881,1893803.9
2026-02-11 04:45:00,0.881,0.885,0.879,0.882,1425820.7
2026-02-11 05:00:00,0.882,0.888,0.882,0.886,1171222.5
2026-02-11 05:15:00,0.887,0.888,0.884,0.884,824903.4
2026-02-11 05:30:00,0.884,0.886,0.881,0.881,1041620.8
2026-02-11 05:45:00,0.881,0.883,0.878,0.879,1580825.4
2026-02-11 06:00:00,0.879,0.883,0.876,0.876,2490598.9
2026-02-11 06:15:00,0.876,0.877,0.865,0.875,4714461.5
2026-02-11 06:30:00,0.874,0.875,0.871,0.872,963041.8
2026-02-11 06:45:00,0.872,0.873,0.866,0.868,1325084.1
2026-02-11 07:00:00,0.868,0.872,0.867,0.87,817328.6
2026-02-11 07:15:00,0.869,0.871,0.867,0.869,783436.2
2026-02-11 07:30:00,0.87,0.876,0.869,0.875,926881.0
2026-02-11 07:45:00,0.874,0.875,0.87,0.87,486006.4
2026-02-11 08:00:00,0.87,0.872,0.866,0.87,838275.6
2026-02-11 08:15:00,0.87,0.871,0.868,0.87,754124.0
2026-02-11 08:30:00,0.869,0.873,0.868,0.872,579340.8
2026-02-11 08:45:00,0.871,0.874,0.87,0.874,662076.1
2026-02-11 09:00:00,0.874,0.876,0.87,0.873,633911.3
2026-02-11 09:15:00,0.872,0.874,0.871,0.874,477418.0
2026-02-11 09:30:00,0.874,0.876,0.87,0.87,626083.6
2026-02-11 09:45:00,0.871,0.872,0.868,0.87,454859.7
2026-02-11 10:00:00,0.869,0.871,0.867,0.867,557436.8
2026-02-11 10:15:00,0.868,0.872,0.867,0.871,946774.5
2026-02-11 10:30:00,0.871,0.872,0.861,0.864,1842469.7
2026-02-11 10:45:00,0.865,0.866,0.862,0.864,1439315.2
2026-02-11 11:00:00,0.864,0.868,0.864,0.866,746879.9
2026-02-11 11:15:00,0.866,0.872,0.864,0.871,757259.0
2026-02-11 11:30:00,0.87,0.872,0.869,0.87,412261.4
2026-02-11 11:45:00,0.87,0.874,0.868,0.873,347977.4
2026-02-11 12:00:00,0.873,0.875,0.869,0.871,797645.6
2026-02-11 12:15:00,0.87,0.877,0.87,0.876,565055.9
2026-02-11 12:30:00,0.876,0.879,0.874,0.876,804896.1
2026-02-11 12:45:00,0.875,0.876,0.872,0.875,535826.9
2026-02-11 13:00:00,0.874,0.876,0.873,0.874,477911.6
2026-02-11 13:15:00,0.874,0.875,0.87,0.872,633950.8
2026-02-11 13:30:00,0.873,0.884,0.872,0.88,2292422.6
2026-02-11 13:45:00,0.879,0.886,0.875,0.885,1169666.5
2026-02-11 14:00:00,0.885,0.904,0.884,0.903,4366604.4
2026-02-11 14:15:00,0.902,0.905,0.891,0.892,2631526.4
2026-02-11 14:30:00,0.892,0.895,0.874,0.878,3446531.9
2026-02-11 14:45:00,0.878,0.88,0.859,0.864,4478478.5
2026-02-11 15:00:00,0.864,0.87,0.851,0.859,4233216.3
2026-02-11 15:15:00,0.859,0.868,0.856,0.861,2189434.7
2026-02-11 15:30:00,0.861,0.867,0.86,0.865,1433880.9
2026-02-11 15:45:00,0.865,0.866,0.854,0.861,1586687.4
2026-02-11 16:00:00,0.861,0.876,0.859,0.876,2672464.6
2026-02-11 16:15:00,0.876,0.877,0.868,0.87,1130220.7
2026-02-11 16:30:00,0.869,0.872,0.86,0.862,1687059.6
2026-02-11 16:45:00,0.863,0.864,0.857,0.858,1006348.1
2026-02-11 17:00:00,0.859,0.865,0.857,0.863,1223829.1
2026-02-11 17:15:00,0.863,0.874,0.862,0.874,1246176.5
2026-02-11 17:30:00,0.873,0.878,0.872,0.874,1104614.8
2026-02-11 17:45:00,0.874,0.876,0.87,0.872,822030.7
2026-02-11 18:00:00,0.871,0.873,0.866,0.87,993802.8
2026-02-11 18:15:00,0.869,0.885,0.869,0.883,1685668.3
2026-02-11 18:30:00,0.883,0.886,0.879,0.884,1116107.9
2026-02-11 18:45:00,0.883,0.889,0.883,0.887,835272.4
2026-02-11 19:00:00,0.887,0.892,0.884,0.889,1411122.8
2026-02-11 19:15:00,0.889,0.891,0.884,0.884,732618.4
2026-02-11 19:30:00,0.884,0.888,0.881,0.887,823386.3
2026-02-11 19:45:00,0.886,0.888,0.882,0.883,986350.7
2026-02-11 20:00:00,0.883,0.885,0.877,0.881,717488.7
2026-02-11 20:15:00,0.881,0.884,0.874,0.875,784063.3
2026-02-11 20:30:00,0.875,0.881,0.874,0.881,736258.8
2026-02-11 20:45:00,0.88,0.889,0.879,0.887,868020.2
2026-02-11 21:00:00,0.887,0.888,0.883,0.887,622916.8
2026-02-11 21:15:00,0.887,0.895,0.884,0.894,1292828.3
2026-02-11 21:30:00,0.895,0.898,0.891,0.892,1471798.4
2026-02-11 21:45:00,0.893,0.896,0.891,0.892,432744.0
2026-02-11 22:00:00,0.893,0.896,0.891,0.895,1055132.9
2026-02-11 22:15:00,0.895,0.897,0.891,0.894,978304.7
2026-02-11 22:30:00,0.894,0.897,0.889,0.89,842032.6
2026-02-11 22:45:00,0.89,0.89,0.884,0.886,525367.7
2026-02-11 23:00:00,0.885,0.889,0.879,0.882,1122235.5
2026-02-11 23:15:00,0.882,0.883,0.875,0.878,1159826.6
2026-02-11 23:30:00,0.877,0.881,0.875,0.881,867499.8
2026-02-11 23:45:00,0.881,0.882,0.878,0.879,460581.8
2026-02-12 00:00:00,0.879,0.885,0.878,0.883,1020905.9
2026-02-12 00:15:00,0.884,0.887,0.881,0.882,932113.6
2026-02-12 00:30:00,0.882,0.891,0.882,0.889,715102.4
2026-02-12 00:45:00,0.889,0.893,0.888,0.889,724151.9
2026-02-12 01:00:00,0.89,0.892,0.889,0.891,614570.6
2026-02-12 01:15:00,0.892,0.896,0.89,0.894,777608.3
2026-02-12 01:30:00,0.894,0.897,0.892,0.893,807285.6
2026-02-12 01:45:00,0.894,0.894,0.891,0.891,256363.6
2026-02-12 02:00:00,0.891,0.894,0.888,0.89,687566.4
2026-02-12 02:15:00,0.889,0.893,0.888,0.892,558323.2
2026-02-12 02:30:00,0.892,0.9,0.892,0.899,944354.3
2026-02-12 02:45:00,0.899,0.9,0.898,0.9,542382.1
2026-02-12 03:00:00,0.9,0.905,0.898,0.904,1111731.5
2026-02-12 03:15:00,0.904,0.905,0.9,0.903,520072.3
2026-02-12 03:30:00,0.903,0.907,0.901,0.906,1096486.5
2026-02-12 03:45:00,0.906,0.908,0.904,0.905,1398674.4
2026-02-12 04:00:00,0.905,0.906,0.902,0.903,756809.0
2026-02-12 04:15:00,0.904,0.904,0.9,0.902,590340.2
2026-02-12 04:30:00,0.902,0.906,0.9,0.906,452955.7
2026-02-12 04:45:00,0.905,0.906,0.901,0.902,406903.7
2026-02-12 05:00:00,0.902,0.903,0.897,0.899,477878.1
2026-02-12 05:15:00,0.898,0.903,0.896,0.9,1156895.2
2026-02-12 05:30:00,0.899,0.906,0.899,0.904,639970.1
2026-02-12 05:45:00,0.903,0.905,0.902,0.904,191937.8
2026-02-12 06:00:00,0.904,0.908,0.903,0.907,531939.7
2026-02-12 06:15:00,0.907,0.912,0.906,0.911,1073737.9
2026-02-12 06:30:00,0.912,0.914,0.91,0.911,493210.3
2026-02-12 06:45:00,0.912,0.913,0.909,0.91,367639.4
2026-02-12 07:00:00,0.91,0.911,0.906,0.909,568665.1
2026-02-12 07:15:00,0.909,0.914,0.907,0.911,422682.8
2026-02-12 07:30:00,0.911,0.915,0.91,0.913,785686.4
2026-02-12 07:45:00,0.913,0.92,0.912,0.918,919525.1
2026-02-12 08:00:00,0.918,0.922,0.917,0.921,1040928.4
2026-02-12 08:15:00,0.92,0.921,0.913,0.914,1076837.5
2026-02-12 08:30:00,0.914,0.914,0.909,0.909,722265.4
2026-02-12 08:45:00,0.909,0.917,0.908,0.914,679357.5
2026-02-12 09:00:00,0.914,0.917,0.911,0.915,1208960.8
2026-02-12 09:15:00,0.914,0.919,0.914,0.916,953496.4
2026-02-12 09:30:00,0.917,0.921,0.915,0.92,603098.0
2026-02-12 09:45:00,0.92,0.924,0.919,0.922,1343717.6
2026-02-12 10:00:00,0.922,0.924,0.921,0.923,598150.7
2026-02-12 10:15:00,0.923,0.924,0.92,0.921,686214.8
2026-02-12 10:30:00,0.921,0.927,0.921,0.925,842180.7
2026-02-12 10:45:00,0.926,0.933,0.925,0.931,864278.8
2026-02-12 11:00:00,0.932,0.933,0.924,0.926,1696674.8
2026-02-12 11:15:00,0.925,0.93,0.924,0.929,691527.3
2026-02-12 11:30:00,0.929,0.93,0.925,0.926,500839.3
2026-02-12 11:45:00,0.925,0.927,0.922,0.923,469287.4
2026-02-12 12:00:00,0.924,0.925,0.916,0.918,1300280.7
2026-02-12 12:15:00,0.918,0.918,0.914,0.916,902314.4
2026-02-12 12:30:00,0.916,0.917,0.913,0.914,799626.3
2026-02-12 12:45:00,0.914,0.917,0.911,0.914,964644.0
2026-02-12 13:00:00,0.913,0.914,0.909,0.911,1195245.9
2026-02-12 13:15:00,0.911,0.911,0.905,0.908,1475888.9
2026-02-12 13:30:00,0.907,0.914,0.907,0.912,1508571.1
2026-02-12 13:45:00,0.913,0.915,0.909,0.913,1228309.0
2026-02-12 14:00:00,0.914,0.915,0.904,0.907,1574664.6
2026-02-12 14:15:00,0.906,0.908,0.904,0.907,773529.4
2026-02-12 14:30:00,0.906,0.913,0.906,0.907,2344015.5
2026-02-12 14:45:00,0.907,0.914,0.906,0.911,1381410.6
2026-02-12 15:00:00,0.912,0.914,0.903,0.91,1863563.7
2026-02-12 15:15:00,0.91,0.919,0.908,0.918,833539.4
2026-02-12 15:30:00,0.918,0.919,0.902,0.906,1105728.3
2026-02-12 15:45:00,0.906,0.908,0.898,0.899,1987442.7
2026-02-12 16:00:00,0.899,0.903,0.887,0.889,3040150.0
2026-02-12 16:15:00,0.888,0.894,0.882,0.884,2640667.0
2026-02-12 16:30:00,0.884,0.896,0.881,0.894,2060476.0
2026-02-12 16:45:00,0.893,0.896,0.885,0.889,1845167.6
2026-02-12 17:00:00,0.888,0.893,0.881,0.885,2235645.2
2026-02-12 17:15:00,0.885,0.897,0.884,0.893,2739743.9
2026-02-12 17:30:00,0.894,0.898,0.889,0.893,1508650.4
2026-02-12 17:45:00,0.893,0.894,0.888,0.889,1092732.8
2026-02-12 18:00:00,0.888,0.895,0.887,0.894,1285407.9
2026-02-12 18:15:00,0.894,0.895,0.886,0.888,1033370.1
2026-02-12 18:30:00,0.887,0.894,0.885,0.891,982524.0
2026-02-12 18:45:00,0.89,0.896,0.89,0.894,937767.3
2026-02-12 19:00:00,0.895,0.897,0.891,0.896,656005.9
2026-02-12 19:15:00,0.896,0.91,0.895,0.907,1438565.7
2026-02-12 19:30:00,0.907,0.913,0.904,0.908,1209208.2
2026-02-12 19:45:00,0.908,0.91,0.902,0.903,1099859.7
2026-02-12 20:00:00,0.902,0.906,0.895,0.898,1213459.6
2026-02-12 20:15:00,0.897,0.901,0.896,0.899,512397.3
2026-02-12 20:30:00,0.899,0.901,0.896,0.899,659653.0
2026-02-12 20:45:00,0.898,0.899,0.892,0.895,505231.6
2026-02-12 21:00:00,0.894,0.9,0.894,0.9,934937.6
2026-02-12 21:15:00,0.9,0.902,0.896,0.898,541691.4
2026-02-12 21:30:00,0.898,0.903,0.897,0.9,680547.9
2026-02-12 21:45:00,0.9,0.902,0.898,0.9,249414.4
2026-02-12 22:00:00,0.9,0.9,0.896,0.897,583753.8
2026-02-12 22:15:00,0.898,0.9,0.894,0.899,495450.0
2026-02-12 22:30:00,0.899,0.906,0.898,0.905,725784.6
2026-02-12 22:45:00,0.905,0.912,0.905,0.91,627281.0
2026-02-12 23:00:00,0.911,0.914,0.908,0.909,1407901.8
2026-02-12 23:15:00,0.909,0.915,0.908,0.912,594910.1
2026-02-12 23:30:00,0.913,0.913,0.91,0.911,417295.4
2026-02-12 23:45:00,0.911,0.915,0.911,0.913,535704.0
2026-02-13 00:00:00,0.913,0.916,0.911,0.912,982024.9
2026-02-13 00:15:00,0.911,0.912,0.907,0.908,557977.5
2026-02-13 00:30:00,0.907,0.908,0.899,0.901,798519.2
2026-02-13 00:45:00,0.9,0.904,0.9,0.902,482147.5
2026-02-13 01:00:00,0.902,0.905,0.901,0.902,796058.3
2026-02-13 01:15:00,0.902,0.904,0.898,0.9,631230.4
2026-02-13 01:30:00,0.9,0.904,0.899,0.901,530656.0
2026-02-13 01:45:00,0.901,0.904,0.899,0.901,535438.8
2026-02-13 02:00:00,0.902,0.903,0.9,0.901,391081.4
2026-02-13 02:15:00,0.901,0.902,0.897,0.899,594430.1
2026-02-13 02:30:00,0.899,0.901,0.897,0.9,588591.4
2026-02-13 02:45:00,0.9,0.904,0.899,0.901,444801.1
2026-02-13 03:00:00,0.9,0.901,0.895,0.897,807854.4
2026-02-13 03:15:00,0.896,0.9,0.895,0.9,339522.9
2026-02-13 03:30:00,0.9,0.903,0.899,0.9,534180.4
2026-02-13 03:45:00,0.9,0.901,0.898,0.899,311699.9
2026-02-13 04:00:00,0.899,0.9,0.894,0.895,822410.7
2026-02-13 04:15:00,0.894,0.898,0.891,0.893,762019.1
2026-02-13 04:30:00,0.892,0.895,0.891,0.893,988460.6
2026-02-13 04:45:00,0.892,0.895,0.892,0.892,248795.8
2026-02-13 05:00:00,0.893,0.895,0.889,0.892,516188.6
2026-02-13 05:15:00,0.891,0.894,0.89,0.892,388351.6
2026-02-13 05:30:00,0.892,0.895,0.891,0.894,455833.3
2026-02-13 05:45:00,0.894,0.895,0.89,0.891,320090.8
2026-02-13 06:00:00,0.89,0.892,0.889,0.889,462935.4
2026-02-13 06:15:00,0.889,0.89,0.884,0.886,1277837.9
2026-02-13 06:30:00,0.886,0.891,0.884,0.89,376966.7
2026-02-13 06:45:00,0.89,0.897,0.889,0.895,615401.4
2026-02-13 07:00:00,0.896,0.901,0.895,0.901,1040615.9
2026-02-13 07:15:00,0.901,0.903,0.897,0.899,747049.0
2026-02-13 07:30:00,0.898,0.899,0.895,0.896,358677.6
2026-02-13 07:45:00,0.895,0.898,0.894,0.896,416593.2
2026-02-13 08:00:00,0.897,0.897,0.895,0.895,360455.2
2026-02-13 08:15:00,0.895,0.901,0.894,0.9,433528.5
2026-02-13 08:30:00,0.901,0.903,0.899,0.902,628322.1
2026-02-13 08:45:00,0.902,0.906,0.9,0.903,512139.1
2026-02-13 09:00:00,0.904,0.904,0.898,0.899,332477.8
2026-02-13 09:15:00,0.898,0.902,0.898,0.901,320513.8
2026-02-13 09:30:00,0.901,0.903,0.899,0.901,797570.8
2026-02-13 09:45:00,0.901,0.903,0.9,0.901,389084.0
2026-02-13 10:00:00,0.901,0.902,0.899,0.901,650591.8
2026-02-13 10:15:00,0.902,0.905,0.901,0.903,607972.0
2026-02-13 10:30:00,0.903,0.907,0.902,0.906,652520.5
2026-02-13 10:45:00,0.906,0.907,0.904,0.905,406416.5
2026-02-13 11:00:00,0.904,0.906,0.902,0.903,427244.9
2026-02-13 11:15:00,0.902,0.905,0.902,0.904,419758.8
2026-02-13 11:30:00,0.904,0.904,0.9,0.903,379217.4
2026-02-13 11:45:00,0.902,0.904,0.9,0.903,501142.2
2026-02-13 12:00:00,0.903,0.903,0.897,0.899,685269.8
2026-02-13 12:15:00,0.898,0.901,0.897,0.9,293519.4
2026-02-13 12:30:00,0.901,0.903,0.899,0.9,248155.3
2026-02-13 12:45:00,0.901,0.903,0.899,0.902,360369.3
2026-02-13 13:00:00,0.902,0.903,0.898,0.901,350685.4
2026-02-13 13:15:00,0.9,0.908,0.9,0.906,819443.0
2026-02-13 13:30:00,0.906,0.911,0.903,0.904,1477305.1
2026-02-13 13:45:00,0.903,0.907,0.901,0.905,556357.5
2026-02-13 14:00:00,0.905,0.906,0.899,0.9,548512.3
2026-02-13 14:15:00,0.9,0.907,0.9,0.907,527742.1
2026-02-13 14:30:00,0.907,0.915,0.906,0.912,3070377.2
2026-02-13 14:45:00,0.913,0.921,0.911,0.912,2484420.2
2026-02-13 15:00:00,0.913,0.929,0.912,0.927,2386438.8
2026-02-13 15:15:00,0.927,0.934,0.922,0.932,1824332.8
2026-02-13 15:30:00,0.933,0.939,0.93,0.931,3259222.4
2026-02-13 15:45:00,0.931,0.932,0.925,0.93,3304934.7
2026-02-13 16:00:00,0.93,0.94,0.927,0.939,2617401.9
2026-02-13 16:15:00,0.94,0.955,0.939,0.945,4164483.2
2026-02-13 16:30:00,0.946,0.953,0.944,0.949,1463677.4
2026-02-13 16:45:00,0.95,0.951,0.945,0.947,870713.4
2026-02-13 17:00:00,0.946,0.947,0.941,0.946,1273810.0
2026-02-13 17:15:00,0.946,0.95,0.944,0.948,879710.1
2026-02-13 17:30:00,0.949,0.95,0.945,0.945,812762.1
2026-02-13 17:45:00,0.945,0.948,0.943,0.944,548686.3
2026-02-13 18:00:00,0.944,0.948,0.942,0.944,908113.2
2026-02-13 18:15:00,0.944,0.949,0.943,0.946,575303.2
2026-02-13 18:30:00,0.947,0.951,0.945,0.95,658255.9
2026-02-13 18:45:00,0.951,0.953,0.949,0.951,925000.1
2026-02-13 19:00:00,0.951,0.958,0.949,0.951,1624105.2
2026-02-13 19:15:00,0.951,0.955,0.95,0.95,1031978.8
2026-02-13 19:30:00,0.95,0.953,0.948,0.949,608368.2
2026-02-13 19:45:00,0.95,0.952,0.949,0.949,442842.0
2026-02-13 20:00:00,0.95,0.951,0.946,0.949,920426.9
2026-02-13 20:15:00,0.948,0.954,0.948,0.952,546831.9
2026-02-13 20:30:00,0.952,0.956,0.951,0.954,615823.3
2026-02-13 20:45:00,0.954,0.957,0.953,0.955,384843.4
2026-02-13 21:00:00,0.956,0.969,0.954,0.966,1521500.3
2026-02-13 21:15:00,0.966,0.967,0.959,0.959,651961.0
2026-02-13 21:30:00,0.958,0.961,0.956,0.961,526057.9
2026-02-13 21:45:00,0.961,0.963,0.959,0.961,383711.7
2026-02-13 22:00:00,0.961,0.966,0.959,0.959,712237.5
2026-02-13 22:15:00,0.959,0.961,0.957,0.961,439576.9
2026-02-13 22:30:00,0.961,0.962,0.956,0.957,470238.0
2026-02-13 22:45:00,0.956,0.96,0.956,0.958,297920.7
2026-02-13 23:00:00,0.959,0.96,0.954,0.955,675414.3
2026-02-13 23:15:00,0.955,0.959,0.954,0.956,483712.5
2026-02-13 23:30:00,0.956,0.958,0.954,0.954,362596.8
2026-02-13 23:45:00,0.954,0.96,0.954,0.958,723992.9
2026-02-14 00:00:00,0.957,0.961,0.956,0.959,1016420.1
2026-02-14 00:15:00,0.96,0.96,0.953,0.955,562604.0
2026-02-14 00:30:00,0.954,0.958,0.953,0.957,735994.6
2026-02-14 00:45:00,0.958,0.962,0.956,0.96,580090.6
2026-02-14 01:00:00,0.961,0.966,0.958,0.965,702487.9
2026-02-14 01:15:00,0.965,0.97,0.963,0.968,1071215.8
2026-02-14 01:30:00,0.969,0.971,0.965,0.97,623466.1
2026-02-14 01:45:00,0.97,0.971,0.966,0.968,393551.4
2026-02-14 02:00:00,0.967,0.973,0.966,0.969,459984.1
2026-02-14 02:15:00,0.97,0.971,0.963,0.966,516872.1
2026-02-14 02:30:00,0.965,0.966,0.962,0.964,943408.0
2026-02-14 02:45:00,0.963,0.965,0.959,0.961,1069495.5
2026-02-14 03:00:00,0.96,0.966,0.959,0.966,481346.0
2026-02-14 03:15:00,0.966,0.966,0.96,0.962,572417.5
2026-02-14 03:30:00,0.961,0.965,0.961,0.963,452301.7
2026-02-14 03:45:00,0.963,0.963,0.96,0.961,442228.5
2026-02-14 04:00:00,0.962,0.964,0.959,0.961,356816.0
2026-02-14 04:15:00,0.96,0.963,0.959,0.962,202776.4
2026-02-14 04:30:00,0.962,0.963,0.958,0.96,300387.4
2026-02-14 04:45:00,0.959,0.96,0.956,0.958,799376.0
2026-02-14 05:00:00,0.957,0.961,0.956,0.961,221189.2
2026-02-14 05:15:00,0.961,0.962,0.958,0.959,171886.6
2026-02-14 05:30:00,0.958,0.959,0.953,0.954,735813.0
2026-02-14 05:45:00,0.953,0.956,0.952,0.954,257883.5
2026-02-14 06:00:00,0.954,0.954,0.948,0.95,859507.8
2026-02-14 06:15:00,0.949,0.952,0.949,0.952,687110.6
2026-02-14 06:30:00,0.952,0.952,0.947,0.948,546007.2
2026-02-14 06:45:00,0.947,0.952,0.947,0.952,508470.3
2026-02-14 07:00:00,0.952,0.954,0.95,0.952,471999.4
2026-02-14 07:15:00,0.952,0.954,0.95,0.954,499599.3
2026-02-14 07:30:00,0.954,0.957,0.953,0.956,900808.8
2026-02-14 07:45:00,0.956,0.956,0.952,0.953,613668.0
2026-02-14 08:00:00,0.953,0.96,0.952,0.957,777009.7
2026-02-14 08:15:00,0.958,0.96,0.955,0.96,812092.2
2026-02-14 08:30:00,0.96,0.966,0.958,0.964,1026054.3
2026-02-14 08:45:00,0.965,0.966,0.962,0.965,451770.6
2026-02-14 09:00:00,0.965,0.966,0.963,0.963,512723.8
2026-02-14 09:15:00,0.963,0.975,0.962,0.969,2328512.1
2026-02-14 09:30:00,0.97,0.971,0.968,0.969,514511.9
2026-02-14 09:45:00,0.97,0.971,0.969,0.969,211167.0
2026-02-14 10:00:00,0.969,0.97,0.964,0.964,806464.1
2026-02-14 10:15:00,0.964,0.966,0.964,0.965,316184.3
2026-02-14 10:30:00,0.965,0.966,0.96,0.962,1611967.1
2026-02-14 10:45:00,0.962,0.965,0.961,0.965,201621.3
2026-02-14 11:00:00,0.965,0.967,0.963,0.966,442636.3
2026-02-14 11:15:00,0.967,0.976,0.966,0.972,1183608.9
2026-02-14 11:30:00,0.973,0.974,0.97,0.971,582300.4
2026-02-14 11:45:00,0.972,0.974,0.97,0.972,691685.1
2026-02-14 12:00:00,0.973,0.974,0.971,0.974,671632.3
2026-02-14 12:15:00,0.974,0.976,0.971,0.975,625136.4
2026-02-14 12:30:00,0.976,0.978,0.971,0.973,1123997.1
2026-02-14 12:45:00,0.972,0.974,0.968,0.97,1366716.9
2026-02-14 13:00:00,0.969,0.971,0.966,0.97,1023296.7
2026-02-14 13:15:00,0.969,0.971,0.964,0.965,637766.4
2026-02-14 13:30:00,0.964,0.973,0.964,0.969,1017979.9
2026-02-14 13:45:00,0.969,0.973,0.968,0.971,728698.7
2026-02-14 14:00:00,0.971,0.977,0.97,0.976,739939.6
2026-02-14 14:15:00,0.976,0.977,0.972,0.976,1052230.7
2026-02-14 14:30:00,0.976,0.981,0.974,0.979,1041900.8
2026-02-14 14:45:00,0.979,0.99,0.978,0.989,2230889.3
2026-02-14 15:00:00,0.989,0.99,0.986,0.988,1241850.7
2026-02-14 15:15:00,0.988,0.993,0.986,0.988,1732726.6
2026-02-14 15:30:00,0.989,0.995,0.987,0.994,1380014.9
2026-02-14 15:45:00,0.994,1.002,0.991,1.001,2239874.1
2026-02-14 16:00:00,1.001,1.008,0.996,1.005,2297501.7
2026-02-14 16:15:00,1.006,1.007,0.994,0.996,1771680.0
2026-02-14 16:30:00,0.995,1.006,0.99,1.006,1497938.1
2026-02-14 16:45:00,1.006,1.012,1.002,1.011,1880470.4
2026-02-14 17:00:00,1.012,1.015,1.005,1.01,3292556.0
2026-02-14 17:15:00,1.011,1.021,1.01,1.017,1758786.9
2026-02-14 17:30:00,1.017,1.019,1.011,1.013,1381232.4
2026-02-14 17:45:00,1.014,1.015,1.011,1.012,1809248.8
2026-02-14 18:00:00,1.011,1.021,1.011,1.02,870579.4
2026-02-14 18:15:00,1.019,1.027,1.017,1.019,1520139.8
2026-02-14 18:30:00,1.019,1.02,1.016,1.016,883267.0
2026-02-14 18:45:00,1.015,1.019,1.014,1.018,739049.0
2026-02-14 19:00:00,1.018,1.02,1.015,1.02,743012.6
2026-02-14 19:15:00,1.02,1.028,1.015,1.026,1246604.6
2026-02-14 19:30:00,1.025,1.03,1.023,1.025,1026313.1
2026-02-14 19:45:00,1.025,1.029,1.023,1.024,1004325.3
2026-02-14 20:00:00,1.024,1.029,1.02,1.022,1244102.3
2026-02-14 20:15:00,1.023,1.026,1.016,1.022,1125077.6
2026-02-14 20:30:00,1.021,1.024,1.012,1.017,2943648.8
2026-02-14 20:45:00,1.017,1.024,1.017,1.024,656589.7
2026-02-14 21:00:00,1.023,1.031,1.022,1.028,1340339.2
2026-02-14 21:15:00,1.029,1.03,1.024,1.025,681916.2
2026-02-14 21:30:00,1.024,1.025,1.017,1.02,1187249.1
2026-02-14 21:45:00,1.019,1.021,1.016,1.017,932207.4
2026-02-14 22:00:00,1.017,1.023,1.016,1.022,830371.4
2026-02-14 22:15:00,1.022,1.023,1.016,1.018,603912.2
2026-02-14 22:30:00,1.018,1.029,1.017,1.027,1238484.7
2026-02-14 22:45:00,1.028,1.031,1.022,1.022,359008.1
2026-02-14 23:00:00,1.022,1.024,1.018,1.021,822465.9
2026-02-14 23:15:00,1.021,1.023,1.015,1.017,589749.7
2026-02-14 23:30:00,1.017,1.019,1.012,1.015,800878.7
2026-02-14 23:45:00,1.014,1.018,1.014,1.014,498398.1
2026-02-15 00:00:00,1.014,1.019,1.011,1.011,715300.8
2026-02-15 00:15:00,1.012,1.015,1.01,1.014,724945.6
2026-02-15 00:30:00,1.014,1.018,1.011,1.013,1271442.6
2026-02-15 00:45:00,1.013,1.016,1.007,1.015,836916.1
2026-02-15 01:00:00,1.016,1.024,1.014,1.019,1055865.0
2026-02-15 01:15:00,1.018,1.019,1.006,1.009,813768.9
2026-02-15 01:30:00,1.008,1.014,1.006,1.011,1292186.3
2026-02-15 01:45:00,1.011,1.018,1.009,1.017,592227.2
2026-02-15 02:00:00,1.016,1.02,1.01,1.012,959416.6
2026-02-15 02:15:00,1.011,1.014,1.007,1.008,636198.6
2026-02-15 02:30:00,1.008,1.015,1.003,1.014,1135703.3
2026-02-15 02:45:00,1.014,1.015,1.011,1.014,519961.2
2026-02-15 03:00:00,1.013,1.019,1.013,1.014,891280.3
2026-02-15 03:15:00,1.014,1.016,1.011,1.012,561050.8
2026-02-15 03:30:00,1.012,1.013,1.001,1.005,2205457.6
2026-02-15 03:45:00,1.005,1.018,1.005,1.018,1068234.3
2026-02-15 04:00:00,1.018,1.029,1.016,1.025,1760757.7
2026-02-15 04:15:00,1.026,1.029,1.014,1.014,1029645.6
2026-02-15 04:30:00,1.014,1.02,1.013,1.017,1025843.8
2026-02-15 04:45:00,1.018,1.021,1.013,1.015,1333064.9
2026-02-15 05:00:00,1.016,1.018,1.013,1.016,519867.0
2026-02-15 05:15:00,1.017,1.02,1.014,1.017,712879.5
2026-02-15 05:30:00,1.018,1.02,1.016,1.02,562531.2
2026-02-15 05:45:00,1.019,1.022,1.015,1.018,901598.6
2026-02-15 06:00:00,1.017,1.02,1.015,1.017,690779.6
2026-02-15 06:15:00,1.018,1.02,1.016,1.016,722484.9
2026-02-15 06:30:00,1.017,1.018,1.014,1.015,589019.8
2026-02-15 06:45:00,1.016,1.016,1.011,1.013,449114.9
2026-02-15 07:00:00,1.014,1.019,1.013,1.017,616697.3
2026-02-15 07:15:00,1.018,1.02,1.015,1.016,446438.8
2026-02-15 07:30:00,1.016,1.022,1.014,1.017,821399.2
2026-02-15 07:45:00,1.017,1.018,1.014,1.017,488494.7
2026-02-15 08:00:00,1.017,1.02,1.012,1.013,2029307.1
2026-02-15 08:15:00,1.014,1.017,1.007,1.007,1074458.2
2026-02-15 08:30:00,1.007,1.009,0.994,0.999,3268521.1
2026-02-15 08:45:00,0.998,1.003,0.996,1.001,1004098.3
2026-02-15 09:00:00,1.001,1.008,0.999,1.007,1003694.1
2026-02-15 09:15:00,1.007,1.008,1.003,1.005,589080.4
2026-02-15 09:30:00,1.005,1.008,0.999,1.003,894782.8
2026-02-15 09:45:00,1.002,1.005,1.0,1.003,296997.2
2026-02-15 10:00:00,1.004,1.004,0.993,0.995,1522240.4
2026-02-15 10:15:00,0.995,0.996,0.985,0.991,2976542.1
2026-02-15 10:30:00,0.99,0.994,0.988,0.994,1550316.5
2026-02-15 10:45:00,0.993,0.997,0.993,0.996,1035728.0
2026-02-15 11:00:00,0.995,0.999,0.994,0.997,597260.4
2026-02-15 11:15:00,0.996,0.999,0.994,0.996,511489.1
2026-02-15 11:30:00,0.995,0.997,0.994,0.995,515983.2
2026-02-15 11:45:00,0.995,0.996,0.992,0.993,555745.9
2026-02-15 12:00:00,0.994,0.995,0.987,0.987,1737939.1
2026-02-15 12:15:00,0.988,0.991,0.987,0.991,1213310.8
2026-02-15 12:30:00,0.991,0.992,0.984,0.988,1662635.0
2026-02-15 12:45:00,0.987,0.988,0.963,0.963,6080980.7
2026-02-15 13:00:00,0.964,0.977,0.964,0.974,2441388.1
2026-02-15 13:15:00,0.973,0.976,0.967,0.967,1194245.4
2026-02-15 13:30:00,0.967,0.97,0.957,0.963,5182420.5
2026-02-15 13:45:00,0.962,0.965,0.956,0.96,3494219.3
2026-02-15 14:00:00,0.959,0.965,0.959,0.964,1930628.5
2026-02-15 14:15:00,0.964,0.967,0.962,0.965,772931.6
2026-02-15 14:30:00,0.964,0.973,0.964,0.97,1781968.1
2026-02-15 14:45:00,0.97,0.971,0.968,0.971,586453.8
2026-02-15 15:00:00,0.97,0.974,0.969,0.973,1161783.7
2026-02-15 15:15:00,0.973,0.973,0.968,0.968,1125611.2
2026-02-15 15:30:00,0.969,0.97,0.965,0.968,636991.8
2026-02-15 15:45:00,0.969,0.97,0.966,0.969,727270.8
2026-02-15 16:00:00,0.969,0.969,0.96,0.968,1786107.4
2026-02-15 16:15:00,0.968,0.971,0.965,0.97,907474.5
2026-02-15 16:30:00,0.97,0.971,0.964,0.967,563774.8
2026-02-15 16:45:00,0.968,0.969,0.965,0.967,299239.9
2026-02-15 17:00:00,0.966,0.97,0.965,0.968,502420.1
2026-02-15 17:15:00,0.967,0.968,0.965,0.965,749942.9
2026-02-15 17:30:00,0.966,0.969,0.962,0.963,658175.8
2026-02-15 17:45:00,0.962,0.962,0.945,0.954,5371463.1
2026-02-15 18:00:00,0.954,0.957,0.948,0.954,1652356.7
2026-02-15 18:15:00,0.954,0.958,0.951,0.952,832196.2
2026-02-15 18:30:00,0.952,0.953,0.946,0.951,2353070.6
2026-02-15 18:45:00,0.951,0.952,0.946,0.949,1393863.3
2026-02-15 19:00:00,0.948,0.951,0.943,0.948,1874734.8
2026-02-15 19:15:00,0.948,0.955,0.947,0.955,1033812.8
2026-02-15 19:30:00,0.954,0.955,0.947,0.947,1223968.6
2026-02-15 19:45:00,0.948,0.951,0.947,0.95,1087259.1
2026-02-15 20:00:00,0.949,0.953,0.945,0.952,1455377.8
2026-02-15 20:15:00,0.951,0.953,0.948,0.953,739686.8
2026-02-15 20:30:00,0.952,0.956,0.951,0.955,858708.7
2026-02-15 20:45:00,0.954,0.955,0.951,0.954,283913.6
2026-02-15 21:00:00,0.953,0.957,0.952,0.956,615151.6
2026-02-15 21:15:00,0.955,0.956,0.952,0.955,676391.9
2026-02-15 21:30:00,0.956,0.96,0.954,0.954,630201.7
2026-02-15 21:45:00,0.955,0.957,0.954,0.956,228812.5
2026-02-15 22:00:00,0.955,0.957,0.953,0.955,758545.8
2026-02-15 22:15:00,0.954,0.959,0.954,0.958,421812.6
2026-02-15 22:30:00,0.957,0.961,0.957,0.959,756686.8
2026-02-15 22:45:00,0.96,0.96,0.956,0.957,440074.6
2026-02-15 23:00:00,0.958,0.958,0.949,0.952,1084869.6
2026-02-15 23:15:00,0.952,0.956,0.951,0.955,335027.3
2026-02-15 23:30:00,0.956,0.96,0.955,0.96,422111.3
2026-02-15 23:45:00,0.96,0.963,0.959,0.962,710703.1
2026-02-16 00:00:00,0.963,0.969,0.959,0.969,1389844.5
2026-02-16 00:15:00,0.969,0.971,0.965,0.966,925771.6
2026-02-16 00:30:00,0.966,0.969,0.963,0.964,820070.7
2026-02-16 00:45:00,0.963,0.969,0.962,0.968,760449.1
2026-02-16 01:00:00,0.968,0.969,0.965,0.966,757948.9
2026-02-16 01:15:00,0.966,0.969,0.961,0.962,959572.1
2026-02-16 01:30:00,0.962,0.965,0.959,0.962,1133957.5
2026-02-16 01:45:00,0.961,0.963,0.96,0.963,338735.7
2026-02-16 02:00:00,0.962,0.966,0.961,0.965,940736.9
2026-02-16 02:15:00,0.964,0.965,0.96,0.96,468489.6
2026-02-16 02:30:00,0.961,0.963,0.959,0.96,611241.9
2026-02-16 02:45:00,0.96,0.961,0.957,0.96,550706.1
2026-02-16 03:00:00,0.959,0.962,0.959,0.961,560539.5
2026-02-16 03:15:00,0.961,0.962,0.959,0.96,598832.4
2026-02-16 03:30:00,0.96,0.963,0.96,0.962,812504.0
2026-02-16 03:45:00,0.961,0.963,0.959,0.963,502679.6
2026-02-16 04:00:00,0.963,0.97,0.962,0.97,981228.3
2026-02-16 04:15:00,0.97,0.973,0.969,0.971,798863.8
2026-02-16 04:30:00,0.971,0.972,0.967,0.967,388965.0
2026-02-16 04:45:00,0.967,0.974,0.966,0.974,513477.1
2026-02-16 05:00:00,0.974,0.976,0.966,0.966,827908.7
2026-02-16 05:15:00,0.966,0.967,0.96,0.961,759489.8
2026-02-16 05:30:00,0.962,0.964,0.957,0.958,999033.4
2026-02-16 05:45:00,0.959,0.961,0.957,0.959,414452.8
2026-02-16 06:00:00,0.959,0.963,0.959,0.961,487476.7
2026-02-16 06:15:00,0.96,0.966,0.96,0.966,448403.7
2026-02-16 06:30:00,0.965,0.971,0.964,0.969,836230.9
2026-02-16 06:45:00,0.97,0.97,0.966,0.966,297455.8
2026-02-16 07:00:00,0.966,0.967,0.963,0.965,676633.3
2026-02-16 07:15:00,0.966,0.967,0.963,0.963,831042.1
2026-02-16 07:30:00,0.963,0.967,0.961,0.962,925961.6
2026-02-16 07:45:00,0.963,0.968,0.963,0.967,571755.0
2026-02-16 08:00:00,0.967,0.972,0.966,0.969,1053395.8
2026-02-16 08:15:00,0.969,0.974,0.968,0.97,877307.3
2026-02-16 08:30:00,0.97,0.972,0.965,0.966,512514.9
2026-02-16 08:45:00,0.967,0.968,0.965,0.966,467047.3
2026-02-16 09:00:00,0.966,0.971,0.965,0.967,717817.7
2026-02-16 09:15:00,0.968,0.968,0.965,0.967,501177.6
2026-02-16 09:30:00,0.967,0.973,0.965,0.972,710768.7
2026-02-16 09:45:00,0.972,0.973,0.97,0.971,619773.9
2026-02-16 10:00:00,0.972,0.973,0.969,0.97,367448.8
2026-02-16 10:15:00,0.97,0.972,0.967,0.969,556493.9
2026-02-16 10:30:00,0.969,0.971,0.967,0.969,679158.0
2026-02-16 10:45:00,0.968,0.971,0.967,0.968,274735.6
2026-02-16 11:00:00,0.967,0.969,0.959,0.96,1310835.4
2026-02-16 11:15:00,0.959,0.963,0.952,0.962,2790016.9
2026-02-16 11:30:00,0.961,0.963,0.958,0.961,910840.2
2026-02-16 11:45:00,0.961,0.968,0.961,0.967,1095316.5
2026-02-16 12:00:00,0.967,0.967,0.964,0.964,601796.0
2026-02-16 12:15:00,0.965,0.976,0.961,0.975,1662382.1
2026-02-16 12:30:00,0.975,0.982,0.971,0.98,1633098.0
2026-02-16 12:45:00,0.98,0.99,0.979,0.988,2898103.0
2026-02-16 13:00:00,0.988,0.99,0.98,0.982,2282668.9
2026-02-16 13:15:00,0.983,0.985,0.966,0.97,2505243.0
2026-02-16 13:30:00,0.97,0.975,0.966,0.969,2093019.0
2026-02-16 13:45:00,0.97,0.971,0.956,0.958,2941635.2
2026-02-16 14:00:00,0.958,0.966,0.957,0.961,1806654.7
2026-02-16 14:15:00,0.961,0.966,0.955,0.955,1852833.8
2026-02-16 14:30:00,0.955,0.968,0.955,0.964,936222.6
2026-02-16 14:45:00,0.965,0.971,0.963,0.965,1175484.1
2026-02-16 15:00:00,0.966,0.973,0.965,0.965,1114049.0
2026-02-16 15:15:00,0.965,0.967,0.961,0.962,919428.2
2026-02-16 15:30:00,0.962,0.963,0.946,0.953,3846331.9
2026-02-16 15:45:00,0.953,0.957,0.95,0.954,1442027.8
2026-02-16 16:00:00,0.954,0.965,0.953,0.964,2040197.6
2026-02-16 16:15:00,0.964,0.966,0.959,0.962,966181.4
2026-02-16 16:30:00,0.962,0.963,0.954,0.96,1544259.6
2026-02-16 16:45:00,0.96,0.962,0.957,0.96,1096510.2
2026-02-16 17:00:00,0.959,0.963,0.957,0.959,903444.0
2026-02-16 17:15:00,0.959,0.961,0.954,0.96,983369.6
2026-02-16 17:30:00,0.96,0.963,0.958,0.962,650686.3
2026-02-16 17:45:00,0.961,0.962,0.958,0.96,582509.2
2026-02-16 18:00:00,0.961,0.965,0.96,0.964,531453.2
2026-02-16 18:15:00,0.963,0.966,0.961,0.962,563401.1
2026-02-16 18:30:00,0.962,0.963,0.96,0.961,292049.2
2026-02-16 18:45:00,0.961,0.963,0.958,0.96,578871.8
2026-02-16 19:00:00,0.96,0.961,0.958,0.96,390882.0
2026-02-16 19:15:00,0.96,0.964,0.958,0.963,281641.2
2026-02-16 19:30:00,0.963,0.969,0.962,0.969,622200.3
2026-02-16 19:45:00,0.969,0.97,0.965,0.966,591642.3
2026-02-16 20:00:00,0.966,0.967,0.963,0.964,528349.8
2026-02-16 20:15:00,0.965,0.972,0.964,0.972,527026.9
2026-02-16 20:30:00,0.971,0.973,0.969,0.971,637074.7
2026-02-16 20:45:00,0.971,0.977,0.97,0.976,555195.1
2026-02-16 21:00:00,0.976,0.979,0.972,0.979,504106.6
2026-02-16 21:15:00,0.979,0.981,0.975,0.976,715839.2
2026-02-16 21:30:00,0.977,0.979,0.975,0.978,474318.1
2026-02-16 21:45:00,0.977,0.984,0.976,0.983,398778.3
2026-02-16 22:00:00,0.984,0.985,0.979,0.981,1174996.3
2026-02-16 22:15:00,0.982,0.983,0.978,0.979,439724.1
2026-02-16 22:30:00,0.979,0.98,0.975,0.977,905304.8
2026-02-16 22:45:00,0.977,0.977,0.973,0.975,317032.6
2026-02-16 23:00:00,0.975,0.977,0.973,0.977,345066.4
2026-02-16 23:15:00,0.976,0.978,0.975,0.975,558874.9
2026-02-16 23:30:00,0.975,0.977,0.974,0.974,176245.2
2026-02-16 23:45:00,0.975,0.978,0.975,0.978,280002.8
2026-02-17 00:00:00,0.977,0.978,0.974,0.977,592396.6
2026-02-17 00:15:00,0.978,0.98,0.973,0.977,835595.5
2026-02-17 00:30:00,0.978,0.98,0.976,0.978,488315.9
2026-02-17 00:45:00,0.979,0.981,0.975,0.976,491249.1
2026-02-17 01:00:00,0.976,0.979,0.973,0.977,644222.4
2026-02-17 01:15:00,0.977,0.978,0.974,0.974,370632.8
2026-02-17 01:30:00,0.974,0.977,0.973,0.974,577895.7
2026-02-17 01:45:00,0.974,0.975,0.971,0.972,285181.4
2026-02-17 02:00:00,0.972,0.977,0.967,0.976,1043698.4
2026-02-17 02:15:00,0.976,0.979,0.975,0.978,498010.7
2026-02-17 02:30:00,0.978,0.979,0.976,0.978,245869.0
2026-02-17 02:45:00,0.978,0.979,0.976,0.977,250114.9
2026-02-17 03:00:00,0.976,0.977,0.97,0.971,364267.7
2026-02-17 03:15:00,0.972,0.973,0.97,0.972,502405.4
2026-02-17 03:30:00,0.972,0.973,0.969,0.972,295389.4
2026-02-17 03:45:00,0.972,0.973,0.97,0.97,160408.0
2026-02-17 04:00:00,0.97,0.97,0.966,0.968,994404.2
2026-02-17 04:15:00,0.968,0.973,0.967,0.971,328436.5
2026-02-17 04:30:00,0.971,0.971,0.964,0.968,611652.8
2026-02-17 04:45:00,0.969,0.97,0.967,0.968,351188.9
2026-02-17 05:00:00,0.969,0.97,0.966,0.968,391722.8
2026-02-17 05:15:00,0.968,0.968,0.961,0.962,635785.0
2026-02-17 05:30:00,0.961,0.965,0.955,0.963,1054274.9
2026-02-17 05:45:00,0.963,0.966,0.963,0.964,533421.4
2026-02-17 06:00:00,0.965,0.966,0.963,0.964,257913.9
2026-02-17 06:15:00,0.965,0.968,0.963,0.966,400637.2
2026-02-17 06:30:00,0.967,0.967,0.964,0.966,230309.6
2026-02-17 06:45:00,0.967,0.969,0.965,0.968,196133.1
2026-02-17 07:00:00,0.967,0.968,0.964,0.966,168380.1
2026-02-17 07:15:00,0.965,0.967,0.963,0.966,326267.7
2026-02-17 07:30:00,0.965,0.97,0.964,0.968,306989.0
2026-02-17 07:45:00,0.968,0.969,0.966,0.968,368220.6
2026-02-17 08:00:00,0.967,0.97,0.966,0.969,417719.2
2026-02-17 08:15:00,0.969,0.97,0.966,0.967,345399.4
2026-02-17 08:30:00,0.967,0.969,0.962,0.965,434187.0
2026-02-17 08:45:00,0.965,0.966,0.962,0.964,224141.7
2026-02-17 09:00:00,0.964,0.966,0.961,0.962,312028.3
2026-02-17 09:15:00,0.962,0.964,0.961,0.963,328923.3
2026-02-17 09:30:00,0.963,0.964,0.96,0.962,350022.9
2026-02-17 09:45:00,0.961,0.965,0.961,0.963,634250.0
2026-02-17 10:00:00,0.963,0.965,0.962,0.964,311400.6
2026-02-17 10:15:00,0.964,0.964,0.958,0.958,601721.9
2026-02-17 10:30:00,0.958,0.961,0.957,0.96,808287.9
2026-02-17 10:45:00,0.959,0.962,0.958,0.962,253482.1
2026-02-17 11:00:00,0.961,0.966,0.96,0.965,1146363.2
2026-02-17 11:15:00,0.965,0.968,0.963,0.967,787578.3
2026-02-17 11:30:00,0.967,0.968,0.963,0.966,429756.4
2026-02-17 11:45:00,0.966,0.968,0.964,0.967,430134.4
2026-02-17 12:00:00,0.967,0.97,0.965,0.967,895148.9
2026-02-17 12:15:00,0.967,0.97,0.965,0.968,400981.7
2026-02-17 12:30:00,0.969,0.972,0.967,0.969,421520.1
2026-02-17 12:45:00,0.97,0.97,0.963,0.964,394747.4
2026-02-17 13:00:00,0.965,0.97,0.962,0.97,599705.6
2026-02-17 13:15:00,0.969,0.973,0.967,0.97,725151.5
2026-02-17 13:30:00,0.971,0.971,0.969,0.969,364861.9
2026-02-17 13:45:00,0.97,0.978,0.969,0.974,1127806.4
2026-02-17 14:00:00,0.974,0.975,0.97,0.972,715143.1
2026-02-17 14:15:00,0.971,0.973,0.968,0.969,495961.5
2026-02-17 14:30:00,0.969,0.974,0.949,0.954,4001163.7
2026-02-17 14:45:00,0.953,0.954,0.937,0.942,5072615.9
2026-02-17 15:00:00,0.942,0.953,0.942,0.948,2132817.1
2026-02-17 15:15:00,0.947,0.954,0.945,0.948,1617824.7
2026-02-17 15:30:00,0.948,0.952,0.944,0.95,2083875.9
2026-02-17 15:45:00,0.95,0.959,0.95,0.959,2236631.9
2026-02-17 16:00:00,0.959,0.973,0.958,0.968,3056485.5
2026-02-17 16:15:00,0.967,0.973,0.965,0.965,1540027.9
2026-02-17 16:30:00,0.966,0.982,0.963,0.974,1607441.3
2026-02-17 16:45:00,0.974,0.974,0.968,0.968,972166.5
2026-02-17 17:00:00,0.968,0.97,0.958,0.961,1526680.2
2026-02-17 17:15:00,0.961,0.966,0.961,0.965,1036028.4
2026-02-17 17:30:00,0.966,0.967,0.957,0.957,1262715.5
2026-02-17 17:45:00,0.957,0.961,0.954,0.959,1870048.2
2026-02-17 18:00:00,0.96,0.965,0.958,0.963,1037140.3
2026-02-17 18:15:00,0.964,0.975,0.961,0.972,2092519.1
2026-02-17 18:30:00,0.972,0.978,0.968,0.975,1387430.5
2026-02-17 18:45:00,0.975,0.977,0.972,0.973,645505.2
2026-02-17 19:00:00,0.973,0.975,0.971,0.975,860700.6
2026-02-17 19:15:00,0.975,0.976,0.968,0.969,808850.9
2026-02-17 19:30:00,0.97,0.97,0.966,0.967,1440341.0
2026-02-17 19:45:00,0.967,0.97,0.963,0.964,986678.6
2026-02-17 20:00:00,0.965,0.967,0.961,0.961,587822.4
2026-02-17 20:15:00,0.961,0.963,0.959,0.962,1196347.3
2026-02-17 20:30:00,0.962,0.963,0.957,0.961,1056453.8
2026-02-17 20:45:00,0.962,0.963,0.96,0.96,604633.8
2026-02-17 21:00:00,0.961,0.965,0.959,0.965,593531.4
2026-02-17 21:15:00,0.965,0.965,0.96,0.96,543236.4
2026-02-17 21:30:00,0.96,0.961,0.958,0.961,299570.3
2026-02-17 21:45:00,0.961,0.962,0.959,0.962,269157.5
2026-02-17 22:00:00,0.962,0.962,0.959,0.96,609395.8
2026-02-17 22:15:00,0.961,0.963,0.959,0.961,609583.1
2026-02-17 22:30:00,0.962,0.964,0.961,0.963,307751.8
2026-02-17 22:45:00,0.962,0.963,0.958,0.959,377436.4
2026-02-17 23:00:00,0.959,0.959,0.955,0.957,609894.4
2026-02-17 23:15:00,0.957,0.96,0.956,0.958,196131.7
2026-02-17 23:30:00,0.958,0.96,0.956,0.959,168485.2
2026-02-17 23:45:00,0.96,0.961,0.958,0.959,386683.0
2026-02-18 00:00:00,0.959,0.962,0.958,0.959,702681.0
2026-02-18 00:15:00,0.959,0.962,0.958,0.96,862423.5
2026-02-18 00:30:00,0.959,0.96,0.956,0.956,475077.3
2026-02-18 00:45:00,0.957,0.957,0.953,0.954,775480.1
2026-02-18 01:00:00,0.954,0.956,0.951,0.954,1011842.6
2026-02-18 01:15:00,0.953,0.957,0.952,0.954,864780.2
2026-02-18 01:30:00,0.954,0.955,0.949,0.955,836453.6
2026-02-18 01:45:00,0.954,0.956,0.953,0.956,327550.1
2026-02-18 02:00:00,0.955,0.962,0.954,0.96,400345.6
2026-02-18 02:15:00,0.961,0.962,0.957,0.958,215051.7
2026-02-18 02:30:00,0.958,0.964,0.957,0.962,591781.2
2026-02-18 02:45:00,0.962,0.963,0.96,0.962,342886.6
2026-02-18 03:00:00,0.961,0.964,0.96,0.963,445398.4
2026-02-18 03:15:00,0.963,0.966,0.963,0.965,321164.0
2026-02-18 03:30:00,0.965,0.966,0.963,0.965,719112.3
2026-02-18 03:45:00,0.964,0.966,0.962,0.965,685959.7
2026-02-18 04:00:00,0.964,0.966,0.961,0.963,802938.9
2026-02-18 04:15:00,0.963,0.965,0.962,0.962,214140.1
2026-02-18 04:30:00,0.963,0.964,0.962,0.963,374522.4
2026-02-18 04:45:00,0.963,0.964,0.961,0.963,436323.0
2026-02-18 05:00:00,0.962,0.963,0.959,0.961,567526.9
2026-02-18 05:15:00,0.961,0.964,0.96,0.961,597419.7
2026-02-18 05:30:00,0.961,0.962,0.959,0.961,447832.4
2026-02-18 05:45:00,0.961,0.964,0.96,0.962,540502.0
2026-02-18 06:00:00,0.962,0.963,0.961,0.963,331680.0
2026-02-18 06:15:00,0.962,0.963,0.96,0.963,650035.8
2026-02-18 06:30:00,0.963,0.964,0.962,0.963,156952.7
2026-02-18 06:45:00,0.963,0.965,0.96,0.961,394142.6
2026-02-18 07:00:00,0.961,0.963,0.96,0.96,685936.9
2026-02-18 07:15:00,0.961,0.962,0.959,0.96,132289.3
2026-02-18 07:30:00,0.96,0.967,0.96,0.965,375488.5
2026-02-18 07:45:00,0.966,0.969,0.964,0.964,677563.9
2026-02-18 08:00:00,0.965,0.967,0.963,0.965,493018.6
2026-02-18 08:15:00,0.965,0.97,0.964,0.966,847308.9
2026-02-18 08:30:00,0.967,0.967,0.964,0.964,455574.6
2026-02-18 08:45:00,0.965,0.965,0.963,0.965,353093.6
2026-02-18 09:00:00,0.965,0.967,0.964,0.966,296391.7
2026-02-18 09:15:00,0.966,0.968,0.966,0.968,266249.2
2026-02-18 09:30:00,0.967,0.97,0.966,0.968,596371.6
2026-02-18 09:45:00,0.969,0.969,0.967,0.968,335748.3
2026-02-18 10:00:00,0.968,0.97,0.967,0.969,253733.9
2026-02-18 10:15:00,0.969,0.969,0.966,0.966,253699.9
2026-02-18 10:30:00,0.966,0.967,0.963,0.963,513280.8
2026-02-18 10:45:00,0.963,0.965,0.962,0.963,514629.6
2026-02-18 11:00:00,0.964,0.965,0.952,0.957,1954274.9
2026-02-18 11:15:00,0.957,0.961,0.957,0.96,617869.2
2026-02-18 11:30:00,0.961,0.961,0.959,0.96,588633.0
2026-02-18 11:45:00,0.96,0.962,0.957,0.958,651752.0
2026-02-18 12:00:00,0.959,0.962,0.958,0.959,902620.8
2026-02-18 12:15:00,0.96,0.961,0.958,0.96,319060.2
2026-02-18 12:30:00,0.96,0.961,0.955,0.958,591025.7
2026-02-18 12:45:00,0.958,0.96,0.955,0.956,295868.6
2026-02-18 13:00:00,0.956,0.958,0.953,0.956,1340632.6
2026-02-18 13:15:00,0.955,0.957,0.952,0.954,755638.9
2026-02-18 13:30:00,0.954,0.955,0.949,0.95,1090850.1
2026-02-18 13:45:00,0.95,0.951,0.944,0.948,2089609.3
2026-02-18 14:00:00,0.948,0.95,0.946,0.949,1317541.2
2026-02-18 14:15:00,0.948,0.949,0.942,0.943,823990.8
2026-02-18 14:30:00,0.944,0.953,0.943,0.95,2301626.4
2026-02-18 14:45:00,0.949,0.953,0.942,0.951,1674133.3
2026-02-18 15:00:00,0.951,0.959,0.951,0.956,1369986.6
2026-02-18 15:15:00,0.955,0.958,0.954,0.955,758421.9
2026-02-18 15:30:00,0.955,0.971,0.955,0.967,1671330.4
2026-02-18 15:45:00,0.968,0.969,0.961,0.961,1012838.8
2026-02-18 16:00:00,0.962,0.963,0.953,0.954,2172660.8
2026-02-18 16:15:00,0.955,0.958,0.953,0.958,1079721.8
2026-02-18 16:30:00,0.958,0.958,0.953,0.955,815787.4
2026-02-18 16:45:00,0.955,0.955,0.95,0.953,1079227.7
2026-02-18 17:00:00,0.953,0.964,0.953,0.957,1414280.2
2026-02-18 17:15:00,0.958,0.96,0.954,0.955,1211769.4
2026-02-18 17:30:00,0.955,0.957,0.952,0.952,799576.6
2026-02-18 17:45:00,0.952,0.954,0.951,0.951,426909.3
2026-02-18 18:00:00,0.952,0.953,0.948,0.95,924173.7
2026-02-18 18:15:00,0.95,0.951,0.94,0.944,2534300.0
2026-02-18 18:30:00,0.944,0.946,0.931,0.931,3209125.2
2026-02-18 18:45:00,0.931,0.938,0.931,0.935,2005998.4
2026-02-18 19:00:00,0.934,0.939,0.933,0.934,1618296.5
2026-02-18 19:15:00,0.934,0.935,0.926,0.929,1949550.4
2026-02-18 19:30:00,0.929,0.93,0.917,0.921,3517055.7
2026-02-18 19:45:00,0.921,0.926,0.92,0.923,1483608.2
2026-02-18 20:00:00,0.924,0.927,0.922,0.922,1349669.5
2026-02-18 20:15:00,0.923,0.925,0.92,0.922,1066660.7
2026-02-18 20:30:00,0.922,0.93,0.922,0.928,1618433.1
2026-02-18 20:45:00,0.928,0.93,0.922,0.922,1213317.8
2026-02-18 21:00:00,0.922,0.924,0.919,0.922,1232356.9
2026-02-18 21:15:00,0.922,0.926,0.922,0.926,702631.8
2026-02-18 21:30:00,0.926,0.928,0.924,0.925,459527.1
2026-02-18 21:45:00,0.925,0.926,0.92,0.922,1037781.9
2026-02-18 22:00:00,0.922,0.925,0.916,0.919,1550868.6
2026-02-18 22:15:00,0.919,0.922,0.916,0.917,507109.4
2026-02-18 22:30:00,0.918,0.924,0.917,0.923,712074.6
2026-02-18 22:45:00,0.922,0.925,0.921,0.922,467214.3
2026-02-18 23:00:00,0.922,0.923,0.921,0.923,501809.1
2026-02-18 23:15:00,0.923,0.923,0.92,0.921,329862.4
2026-02-18 23:30:00,0.922,0.926,0.922,0.926,875384.7
2026-02-18 23:45:00,0.926,0.928,0.924,0.927,646671.2
2026-02-19 00:00:00,0.927,0.928,0.923,0.923,790945.6
2026-02-19 00:15:00,0.923,0.926,0.922,0.924,858699.4
2026-02-19 00:30:00,0.923,0.927,0.921,0.926,389412.6
2026-02-19 00:45:00,0.925,0.927,0.92,0.922,580749.4
2026-02-19 01:00:00,0.922,0.93,0.922,0.928,1204024.0
2026-02-19 01:15:00,0.929,0.93,0.925,0.927,719891.2
2026-02-19 01:30:00,0.927,0.931,0.926,0.931,894119.3
2026-02-19 01:45:00,0.93,0.935,0.929,0.934,1051864.7
2026-02-19 02:00:00,0.934,0.935,0.931,0.933,662290.6
2026-02-19 02:15:00,0.934,0.935,0.932,0.933,365305.6
2026-02-19 02:30:00,0.933,0.934,0.929,0.93,704503.9
2026-02-19 02:45:00,0.93,0.934,0.93,0.933,428528.8
2026-02-19 03:00:00,0.932,0.934,0.929,0.931,601556.1
2026-02-19 03:15:00,0.93,0.933,0.93,0.932,253168.1
2026-02-19 03:30:00,0.932,0.934,0.93,0.931,633013.6
2026-02-19 03:45:00,0.931,0.934,0.93,0.934,494192.9
2026-02-19 04:00:00,0.933,0.936,0.932,0.934,461916.4
2026-02-19 04:15:00,0.935,0.936,0.932,0.935,527963.6
2026-02-19 04:30:00,0.934,0.938,0.934,0.936,397537.7
2026-02-19 04:45:00,0.937,0.938,0.935,0.936,462643.4
2026-02-19 05:00:00,0.936,0.936,0.932,0.934,581818.6
2026-02-19 05:15:00,0.934,0.935,0.927,0.928,684682.7
2026-02-19 05:30:00,0.928,0.932,0.928,0.93,885202.2
2026-02-19 05:45:00,0.931,0.932,0.928,0.931,508204.3
2026-02-19 06:00:00,0.931,0.934,0.93,0.934,239358.8
2026-02-19 06:15:00,0.934,0.937,0.932,0.936,334085.3
2026-02-19 06:30:00,0.937,0.939,0.936,0.937,525682.3
2026-02-19 06:45:00,0.937,0.938,0.935,0.936,477742.3
2026-02-19 07:00:00,0.937,0.938,0.933,0.934,493149.1
2026-02-19 07:15:00,0.935,0.937,0.933,0.937,304968.0
2026-02-19 07:30:00,0.937,0.94,0.933,0.935,1058061.6
2026-02-19 07:45:00,0.936,0.937,0.933,0.935,555294.3
2026-02-19 08:00:00,0.936,0.936,0.93,0.93,953510.4
2026-02-19 08:15:00,0.93,0.932,0.926,0.926,740529.4
2026-02-19 08:30:00,0.926,0.927,0.92,0.921,1051407.9
2026-02-19 08:45:00,0.922,0.924,0.919,0.922,768747.2
2026-02-19 09:00:00,0.922,0.924,0.92,0.921,1440045.7
2026-02-19 09:15:00,0.922,0.929,0.921,0.928,602586.6
2026-02-19 09:30:00,0.928,0.928,0.924,0.927,493975.3
2026-02-19 09:45:00,0.928,0.928,0.921,0.921,1047127.9
2026-02-19 10:00:00,0.921,0.923,0.916,0.921,972790.2
2026-02-19 10:15:00,0.921,0.926,0.921,0.923,755144.8
2026-02-19 10:30:00,0.923,0.926,0.922,0.924,716483.3
2026-02-19 10:45:00,0.925,0.925,0.919,0.922,951827.5
2026-02-19 11:00:00,0.923,0.925,0.922,0.924,1104093.4
2026-02-19 11:15:00,0.924,0.927,0.923,0.923,673881.8
2026-02-19 11:30:00,0.923,0.925,0.921,0.925,502187.7
2026-02-19 11:45:00,0.924,0.926,0.921,0.924,731893.7
2026-02-19 12:00:00,0.924,0.926,0.922,0.925,849526.8
2026-02-19 12:15:00,0.925,0.925,0.922,0.925,816258.0
2026-02-19 12:30:00,0.924,0.926,0.922,0.924,552988.8
2026-02-19 12:45:00,0.924,0.925,0.921,0.922,240388.5
2026-02-19 13:00:00,0.922,0.922,0.912,0.915,2255651.2
2026-02-19 13:15:00,0.915,0.917,0.911,0.911,1394846.8
2026-02-19 13:30:00,0.912,0.914,0.899,0.901,4143045.2
2026-02-19 13:45:00,0.901,0.906,0.898,0.905,1701076.3
2026-02-19 14:00:00,0.905,0.909,0.904,0.905,1500560.7
2026-02-19 14:15:00,0.905,0.908,0.901,0.906,1243360.0
2026-02-19 14:30:00,0.906,0.913,0.902,0.91,2990384.0
2026-02-19 14:45:00,0.909,0.916,0.907,0.911,1936166.1
2026-02-19 15:00:00,0.911,0.916,0.901,0.902,2204586.3
2026-02-19 15:15:00,0.902,0.909,0.901,0.903,1736596.0
2026-02-19 15:30:00,0.903,0.91,0.901,0.909,1134278.4
2026-02-19 15:45:00,0.908,0.91,0.901,0.905,1412063.2
2026-02-19 16:00:00,0.904,0.905,0.893,0.902,2382042.2
2026-02-19 16:15:00,0.902,0.909,0.9,0.901,1619942.2
2026-02-19 16:30:00,0.902,0.909,0.902,0.906,1211299.9
2026-02-19 16:45:00,0.906,0.907,0.901,0.902,1159494.3
2026-02-19 17:00:00,0.903,0.909,0.9,0.906,1259454.3
2026-02-19 17:15:00,0.907,0.915,0.905,0.909,2160469.5
2026-02-19 17:30:00,0.909,0.909,0.901,0.903,1043908.6
2026-02-19 17:45:00,0.903,0.905,0.897,0.903,1061342.4
2026-02-19 18:00:00,0.902,0.907,0.899,0.907,1109312.8
2026-02-19 18:15:00,0.906,0.912,0.903,0.911,1544823.4
2026-02-19 18:30:00,0.911,0.915,0.908,0.915,1398200.8
2026-02-19 18:45:00,0.915,0.916,0.912,0.914,1141164.3
2026-02-19 19:00:00,0.913,0.916,0.91,0.911,1515940.6
2026-02-19 19:15:00,0.912,0.912,0.908,0.909,759507.0
2026-02-19 19:30:00,0.91,0.91,0.904,0.907,553061.7
2026-02-19 19:45:00,0.907,0.913,0.905,0.911,1060496.9
2026-02-19 20:00:00,0.911,0.913,0.907,0.907,1833243.4
2026-02-19 20:15:00,0.907,0.908,0.905,0.907,341173.0
2026-02-19 20:30:00,0.907,0.909,0.906,0.908,451136.3
2026-02-19 20:45:00,0.909,0.914,0.908,0.91,1413684.8
2026-02-19 21:00:00,0.911,0.912,0.908,0.909,672650.9
2026-02-19 21:15:00,0.91,0.913,0.909,0.912,530328.7
2026-02-19 21:30:00,0.911,0.912,0.909,0.911,348634.0
2026-02-19 21:45:00,0.91,0.911,0.908,0.91,168010.0
2026-02-19 22:00:00,0.909,0.913,0.908,0.911,1442520.0
2026-02-19 22:15:00,0.911,0.912,0.906,0.907,527624.2
2026-02-19 22:30:00,0.907,0.908,0.905,0.907,559412.4
2026-02-19 22:45:00,0.907,0.914,0.906,0.913,438556.0
2026-02-19 23:00:00,0.912,0.913,0.908,0.91,939846.1
2026-02-19 23:15:00,0.91,0.915,0.91,0.914,467350.1
2026-02-19 23:30:00,0.914,0.915,0.912,0.914,226139.5
2026-02-19 23:45:00,0.914,0.915,0.912,0.914,713963.0
2026-02-20 00:00:00,0.915,0.916,0.913,0.915,563502.4
2026-02-20 00:15:00,0.916,0.922,0.914,0.921,1343029.7
2026-02-20 00:30:00,0.922,0.923,0.92,0.92,711120.8
2026-02-20 00:45:00,0.921,0.921,0.918,0.918,690369.3
2026-02-20 01:00:00,0.919,0.922,0.917,0.92,931734.4
2026-02-20 01:15:00,0.921,0.921,0.916,0.918,955919.6
2026-02-20 01:30:00,0.917,0.921,0.916,0.92,602410.5
2026-02-20 01:45:00,0.919,0.921,0.918,0.92,336542.1
2026-02-20 02:00:00,0.92,0.923,0.919,0.922,395299.9
2026-02-20 02:15:00,0.922,0.922,0.919,0.92,286584.0
2026-02-20 02:30:00,0.919,0.922,0.919,0.921,473730.2
2026-02-20 02:45:00,0.921,0.921,0.916,0.916,479094.8
2026-02-20 03:00:00,0.917,0.919,0.915,0.919,760474.3
2026-02-20 03:15:00,0.919,0.923,0.916,0.922,549154.8
2026-02-20 03:30:00,0.921,0.923,0.918,0.919,1024071.9
2026-02-20 03:45:00,0.92,0.92,0.917,0.917,212115.9
2026-02-20 04:00:00,0.918,0.918,0.914,0.916,681812.5
2026-02-20 04:15:00,0.915,0.916,0.907,0.91,1092466.9
2026-02-20 04:30:00,0.91,0.916,0.909,0.914,785755.5
2026-02-20 04:45:00,0.914,0.915,0.91,0.913,625410.5
2026-02-20 05:00:00,0.912,0.913,0.909,0.911,556898.6
2026-02-20 05:15:00,0.911,0.913,0.908,0.913,489980.5
2026-02-20 05:30:00,0.912,0.923,0.912,0.923,1403070.4
2026-02-20 05:45:00,0.923,0.926,0.919,0.921,908655.5
2026-02-20 06:00:00,0.921,0.922,0.918,0.921,970255.7
2026-02-20 06:15:00,0.921,0.922,0.918,0.92,991157.7
2026-02-20 06:30:00,0.92,0.923,0.918,0.922,1025977.8
2026-02-20 06:45:00,0.921,0.925,0.92,0.923,808339.3
2026-02-20 07:00:00,0.923,0.924,0.921,0.923,510148.9
2026-02-20 07:15:00,0.923,0.924,0.92,0.92,870497.1
2026-02-20 07:30:00,0.921,0.922,0.917,0.919,421873.3
2026-02-20 07:45:00,0.919,0.922,0.917,0.919,468380.1
2026-02-20 08:00:00,0.92,0.921,0.918,0.918,507805.8
2026-02-20 08:15:00,0.919,0.92,0.917,0.919,685106.6
2026-02-20 08:30:00,0.919,0.922,0.918,0.921,452944.0
2026-02-20 08:45:00,0.921,0.923,0.919,0.92,503054.6
2026-02-20 09:00:00,0.92,0.928,0.919,0.927,2614236.6
2026-02-20 09:15:00,0.927,0.929,0.926,0.926,271984.8
2026-02-20 09:30:00,0.927,0.927,0.925,0.926,207567.3
2026-02-20 09:45:00,0.926,0.927,0.924,0.926,361147.9
2026-02-20 10:00:00,0.925,0.929,0.924,0.927,658801.0
2026-02-20 10:15:00,0.926,0.931,0.925,0.928,730440.3
2026-02-20 10:30:00,0.928,0.929,0.925,0.926,677314.1
2026-02-20 10:45:00,0.925,0.926,0.921,0.922,1446398.5
2026-02-20 11:00:00,0.922,0.923,0.918,0.92,882364.8
2026-02-20 11:15:00,0.92,0.921,0.917,0.918,433102.0
2026-02-20 11:30:00,0.919,0.92,0.912,0.912,1195784.1
2026-02-20 11:45:00,0.912,0.914,0.91,0.912,1776977.3
2026-02-20 12:00:00,0.912,0.912,0.909,0.911,759763.4
2026-02-20 12:15:00,0.911,0.912,0.909,0.909,1132568.5
2026-02-20 12:30:00,0.909,0.914,0.909,0.912,586118.3
2026-02-20 12:45:00,0.912,0.917,0.912,0.914,475142.2
2026-02-20 13:00:00,0.914,0.916,0.909,0.913,1743172.7
2026-02-20 13:15:00,0.914,0.915,0.908,0.91,1121954.0
2026-02-20 13:30:00,0.911,0.911,0.897,0.901,4119729.4
2026-02-20 13:45:00,0.902,0.908,0.901,0.906,1495471.4
2026-02-20 14:00:00,0.907,0.911,0.905,0.909,1367605.5
2026-02-20 14:15:00,0.909,0.915,0.907,0.913,1241271.1
2026-02-20 14:30:00,0.913,0.923,0.911,0.921,3258258.1
2026-02-20 14:45:00,0.921,0.923,0.917,0.919,1050407.1
2026-02-20 15:00:00,0.919,0.946,0.919,0.928,5223243.5
2026-02-20 15:15:00,0.927,0.947,0.925,0.946,2626059.2
2026-02-20 15:30:00,0.946,0.947,0.931,0.934,2065238.8
2026-02-20 15:45:00,0.934,0.952,0.933,0.952,2319519.4
2026-02-20 16:00:00,0.952,0.957,0.95,0.954,2801505.6
2026-02-20 16:15:00,0.954,0.956,0.946,0.946,2103074.8
2026-02-20 16:30:00,0.947,0.95,0.935,0.945,3819998.0
2026-02-20 16:45:00,0.945,0.955,0.944,0.953,1257235.4
2026-02-20 17:00:00,0.953,0.953,0.936,0.937,2255170.0
2026-02-20 17:15:00,0.937,0.939,0.932,0.937,1893984.9
2026-02-20 17:30:00,0.937,0.947,0.934,0.945,1867112.1
2026-02-20 17:45:00,0.946,0.964,0.945,0.963,3573141.9
2026-02-20 18:00:00,0.963,0.963,0.956,0.959,2147074.4
2026-02-20 18:15:00,0.958,0.961,0.953,0.957,1528413.3
2026-02-20 18:30:00,0.958,0.963,0.949,0.955,2824545.9
2026-02-20 18:45:00,0.955,0.959,0.951,0.955,1807022.3
2026-02-20 19:00:00,0.954,0.959,0.95,0.95,832583.7
2026-02-20 19:15:00,0.95,0.954,0.948,0.95,916971.0
2026-02-20 19:30:00,0.95,0.956,0.949,0.949,847608.5
2026-02-20 19:45:00,0.95,0.953,0.949,0.952,957296.0
2026-02-20 20:00:00,0.951,0.954,0.948,0.951,961573.0
2026-02-20 20:15:00,0.952,0.952,0.943,0.944,898365.3
2026-02-20 20:30:00,0.944,0.95,0.944,0.95,1114569.5
2026-02-20 20:45:00,0.949,0.951,0.946,0.95,808068.3
2026-02-20 21:00:00,0.949,0.954,0.948,0.954,1359912.0
2026-02-20 21:15:00,0.954,0.955,0.951,0.951,722547.7
2026-02-20 21:30:00,0.952,0.954,0.95,0.952,567847.9
2026-02-20 21:45:00,0.953,0.953,0.95,0.951,381700.6
2026-02-20 22:00:00,0.951,0.952,0.949,0.95,692633.4
2026-02-20 22:15:00,0.95,0.956,0.949,0.954,1065044.2
2026-02-20 22:30:00,0.953,0.956,0.952,0.952,467869.6
2026-02-20 22:45:00,0.952,0.958,0.951,0.957,277007.0
2026-02-20 23:00:00,0.957,0.96,0.955,0.955,514601.8
2026-02-20 23:15:00,0.956,0.957,0.955,0.956,235630.4
2026-02-20 23:30:00,0.956,0.958,0.955,0.955,583684.7
2026-02-20 23:45:00,0.955,0.958,0.955,0.956,414521.7
2026-02-21 00:00:00,0.956,0.957,0.954,0.955,275048.2
2026-02-21 00:15:00,0.955,0.956,0.955,0.955,127485.7
2026-02-21 00:30:00,0.956,0.956,0.953,0.953,471394.6
2026-02-21 00:45:00,0.954,0.955,0.948,0.949,404930.4
2026-02-21 01:00:00,0.949,0.95,0.948,0.949,283599.9
2026-02-21 01:15:00,0.949,0.95,0.947,0.948,199913.7
2026-02-21 01:30:00,0.948,0.954,0.948,0.951,675691.4
2026-02-21 01:45:00,0.951,0.953,0.95,0.952,297725.3
2026-02-21 02:00:00,0.953,0.953,0.951,0.952,210954.9
2026-02-21 02:15:00,0.952,0.957,0.951,0.957,347292.9
2026-02-21 02:30:00,0.957,0.96,0.955,0.957,659166.0
2026-02-21 02:45:00,0.957,0.957,0.954,0.955,389002.7
2026-02-21 03:00:00,0.955,0.956,0.951,0.953,441035.1
2026-02-21 03:15:00,0.952,0.954,0.951,0.953,206874.9
2026-02-21 03:30:00,0.953,0.955,0.949,0.952,520511.5
2026-02-21 03:45:00,0.953,0.956,0.952,0.956,576384.1
2026-02-21 04:00:00,0.955,0.956,0.953,0.955,435392.4
2026-02-21 04:15:00,0.956,0.957,0.953,0.956,496714.6
2026-02-21 04:30:00,0.956,0.959,0.955,0.957,369073.5
2026-02-21 04:45:00,0.958,0.96,0.957,0.959,156333.3
2026-02-21 05:00:00,0.96,0.968,0.959,0.968,1048603.5
2026-02-21 05:15:00,0.968,0.973,0.967,0.972,2278344.0
2026-02-21 05:30:00,0.973,0.974,0.97,0.972,699367.4
2026-02-21 05:45:00,0.973,0.973,0.967,0.968,525589.8
2026-02-21 06:00:00,0.968,0.97,0.965,0.968,638514.8
2026-02-21 06:15:00,0.968,0.979,0.965,0.978,2585169.9
2026-02-21 06:30:00,0.978,0.978,0.966,0.967,843815.2
2026-02-21 06:45:00,0.968,0.969,0.965,0.966,523944.6
2026-02-21 07:00:00,0.966,0.968,0.958,0.967,2138761.6
2026-02-21 07:15:00,0.967,0.969,0.965,0.965,689009.3
2026-02-21 07:30:00,0.965,0.97,0.964,0.966,789020.0
2026-02-21 07:45:00,0.967,0.968,0.965,0.967,819546.6
2026-02-21 08:00:00,0.967,0.968,0.964,0.965,888611.5
2026-02-21 08:15:00,0.965,0.97,0.965,0.969,753275.5
2026-02-21 08:30:00,0.969,0.975,0.968,0.975,1145100.0
2026-02-21 08:45:00,0.975,0.986,0.972,0.985,2016941.9
2026-02-21 09:00:00,0.985,0.989,0.981,0.985,2326957.3
2026-02-21 09:15:00,0.985,1.006,0.985,1.002,3589245.8
2026-02-21 09:30:00,1.002,1.006,0.998,1.002,2040789.1
2026-02-21 09:45:00,1.002,1.004,0.996,0.996,1261941.6
2026-02-21 10:00:00,0.996,1.002,0.996,1.0,841182.0
2026-02-21 10:15:00,1.001,1.011,1.0,1.008,2389001.3
2026-02-21 10:30:00,1.009,1.016,1.006,1.01,1979734.3
2026-02-21 10:45:00,1.01,1.01,1.002,1.005,1210522.0
2026-02-21 11:00:00,1.006,1.02,1.003,1.009,1952986.7
2026-02-21 11:15:00,1.008,1.01,1.004,1.008,1079300.0
2026-02-21 11:30:00,1.008,1.009,0.999,1.0,1423897.4
2026-02-21 11:45:00,1.0,1.002,0.999,1.0,530746.1
2026-02-21 12:00:00,1.0,1.003,0.999,0.999,1187967.5
2026-02-21 12:15:00,1.0,1.004,0.997,0.999,1164828.2
2026-02-21 12:30:00,1.0,1.001,0.994,0.996,1316023.7
2026-02-21 12:45:00,0.995,0.998,0.994,0.997,615918.4
2026-02-21 13:00:00,0.997,0.997,0.993,0.994,575930.2
2026-02-21 13:15:00,0.995,0.996,0.991,0.996,666723.1
2026-02-21 13:30:00,0.996,0.996,0.991,0.994,600452.4
2026-02-21 13:45:00,0.994,0.999,0.993,0.998,600220.7
2026-02-21 14:00:00,0.997,1.002,0.996,1.002,1588705.6
2026-02-21 14:15:00,1.002,1.01,0.996,0.997,3650364.6
2026-02-21 14:30:00,0.996,1.002,0.996,0.999,1152416.6
2026-02-21 14:45:00,0.999,1.0,0.993,0.993,684982.9
2026-02-21 15:00:00,0.993,0.995,0.991,0.992,892790.0
2026-02-21 15:15:00,0.991,0.994,0.989,0.989,1191838.1
2026-02-21 15:30:00,0.989,0.992,0.986,0.99,1098956.9
2026-02-21 15:45:00,0.99,0.991,0.987,0.988,695663.3
2026-02-21 16:00:00,0.988,0.988,0.977,0.979,2263654.7
2026-02-21 16:15:00,0.978,0.982,0.972,0.976,1753513.2
2026-02-21 16:30:00,0.976,0.977,0.973,0.975,820427.6
2026-02-21 16:45:00,0.975,0.977,0.973,0.974,1065020.7
2026-02-21 17:00:00,0.974,0.975,0.97,0.972,1466113.8
2026-02-21 17:15:00,0.972,0.972,0.968,0.97,1865243.3
2026-02-21 17:30:00,0.97,0.974,0.968,0.973,737674.8
2026-02-21 17:45:00,0.972,0.973,0.969,0.971,791974.8
2026-02-21 18:00:00,0.97,0.974,0.97,0.973,547247.8
2026-02-21 18:15:00,0.972,0.974,0.97,0.971,767454.6
2026-02-21 18:30:00,0.972,0.975,0.97,0.974,380562.5
2026-02-21 18:45:00,0.974,0.977,0.973,0.976,778735.1
2026-02-21 19:00:00,0.976,0.977,0.974,0.975,509392.3
2026-02-21 19:15:00,0.975,0.977,0.974,0.974,323039.7
2026-02-21 19:30:00,0.975,0.976,0.973,0.974,424927.8
2026-02-21 19:45:00,0.974,0.978,0.973,0.977,629124.5
2026-02-21 20:00:00,0.977,0.979,0.972,0.973,1213896.7
2026-02-21 20:15:00,0.973,0.977,0.972,0.976,312476.1
2026-02-21 20:30:00,0.976,0.976,0.97,0.972,311095.0
2026-02-21 20:45:00,0.972,0.974,0.968,0.969,678277.6
2026-02-21 21:00:00,0.969,0.973,0.968,0.97,1081435.1
2026-02-21 21:15:00,0.969,0.972,0.969,0.972,331903.6
2026-02-21 21:30:00,0.972,0.972,0.968,0.969,239294.2
2026-02-21 21:45:00,0.969,0.972,0.968,0.972,163656.1
2026-02-21 22:00:00,0.972,0.972,0.966,0.968,656120.1
2026-02-21 22:15:00,0.969,0.971,0.967,0.97,560276.9
2026-02-21 22:30:00,0.97,0.972,0.969,0.971,362570.6
2026-02-21 22:45:00,0.971,0.972,0.968,0.971,402687.3
2026-02-21 23:00:00,0.97,0.971,0.968,0.969,493854.0
2026-02-21 23:15:00,0.968,0.971,0.968,0.971,378628.4
2026-02-21 23:30:00,0.97,0.971,0.97,0.97,71485.4
2026-02-21 23:45:00,0.97,0.971,0.969,0.969,406118.8
2026-02-22 00:00:00,0.969,0.969,0.963,0.964,1463689.5
2026-02-22 00:15:00,0.963,0.967,0.961,0.962,1114153.0
2026-02-22 00:30:00,0.962,0.962,0.954,0.957,1644228.0
2026-02-22 00:45:00,0.956,0.962,0.955,0.962,956722.0
2026-02-22 01:00:00,0.961,0.964,0.961,0.964,706354.1
2026-02-22 01:15:00,0.964,0.964,0.96,0.962,624275.7
2026-02-22 01:30:00,0.961,0.963,0.96,0.962,297450.1
2026-02-22 01:45:00,0.961,0.963,0.959,0.96,366449.7
2026-02-22 02:00:00,0.961,0.962,0.958,0.961,876443.5
2026-02-22 02:15:00,0.961,0.962,0.955,0.957,654485.9
2026-02-22 02:30:00,0.957,0.959,0.951,0.954,1167554.2
2026-02-22 02:45:00,0.953,0.955,0.947,0.948,1877206.1
2026-02-22 03:00:00,0.948,0.952,0.948,0.949,1263904.5
2026-02-22 03:15:00,0.949,0.95,0.939,0.946,2358966.7
2026-02-22 03:30:00,0.945,0.947,0.943,0.946,906318.8
2026-02-22 03:45:00,0.946,0.948,0.946,0.946,337226.3
2026-02-22 04:00:00,0.946,0.952,0.945,0.952,1171951.2
2026-02-22 04:15:00,0.951,0.952,0.947,0.948,877268.1
2026-02-22 04:30:00,0.948,0.951,0.947,0.948,448290.6
2026-02-22 04:45:00,0.949,0.951,0.948,0.949,297635.7
2026-02-22 05:00:00,0.949,0.95,0.945,0.946,375380.9
2026-02-22 05:15:00,0.947,0.948,0.946,0.948,265721.3
2026-02-22 05:30:00,0.948,0.949,0.945,0.945,268468.4
2026-02-22 05:45:00,0.945,0.946,0.94,0.942,824602.8
2026-02-22 06:00:00,0.941,0.943,0.938,0.939,1878382.0
2026-02-22 06:15:00,0.939,0.946,0.938,0.944,691555.0
2026-02-22 06:30:00,0.945,0.947,0.944,0.946,984149.9
2026-02-22 06:45:00,0.946,0.95,0.945,0.947,874449.1
2026-02-22 07:00:00,0.948,0.952,0.947,0.952,814276.5
2026-02-22 07:15:00,0.951,0.951,0.949,0.949,772247.3
2026-02-22 07:30:00,0.95,0.952,0.949,0.95,663007.0
2026-02-22 07:45:00,0.95,0.952,0.948,0.949,602771.3
2026-02-22 08:00:00,0.95,0.95,0.947,0.949,947467.3
2026-02-22 08:15:00,0.95,0.95,0.944,0.946,1063476.4
2026-02-22 08:30:00,0.946,0.947,0.943,0.944,793544.5
2026-02-22 08:45:00,0.944,0.944,0.941,0.942,344800.6
2026-02-22 09:00:00,0.942,0.944,0.941,0.942,698216.8
2026-02-22 09:15:00,0.942,0.945,0.942,0.942,286632.1
2026-02-22 09:30:00,0.943,0.943,0.941,0.942,397445.7
2026-02-22 09:45:00,0.942,0.945,0.942,0.945,324765.9
2026-02-22 10:00:00,0.945,0.946,0.942,0.946,315091.5
2026-02-22 10:15:00,0.946,0.946,0.944,0.945,293058.0
2026-02-22 10:30:00,0.946,0.947,0.944,0.944,575194.5
2026-02-22 10:45:00,0.944,0.945,0.942,0.944,546507.9
2026-02-22 11:00:00,0.945,0.949,0.945,0.947,807340.5
2026-02-22 11:15:00,0.947,0.949,0.943,0.944,478541.2
2026-02-22 11:30:00,0.945,0.945,0.942,0.942,400595.6
2026-02-22 11:45:00,0.942,0.945,0.942,0.944,434250.6
2026-02-22 12:00:00,0.944,0.944,0.928,0.93,3963496.8
2026-02-22 12:15:00,0.93,0.934,0.927,0.931,1916113.1
2026-02-22 12:30:00,0.931,0.933,0.929,0.931,1115774.2
2026-02-22 12:45:00,0.93,0.933,0.929,0.933,729485.6
2026-02-22 13:00:00,0.932,0.933,0.926,0.929,1118945.7
2026-02-22 13:15:00,0.929,0.932,0.927,0.93,792292.6
2026-02-22 13:30:00,0.929,0.932,0.926,0.928,1488348.2
2026-02-22 13:45:00,0.928,0.931,0.927,0.93,864801.8
2026-02-22 14:00:00,0.93,0.931,0.926,0.928,1316151.9
2026-02-22 14:15:00,0.928,0.93,0.925,0.927,1584605.7
2026-02-22 14:30:00,0.926,0.93,0.924,0.924,1249788.4
2026-02-22 14:45:00,0.924,0.926,0.921,0.924,1176741.1
2026-02-22 15:00:00,0.925,0.925,0.922,0.923,746833.7
2026-02-22 15:15:00,0.923,0.928,0.922,0.928,1061952.4
2026-02-22 15:30:00,0.927,0.932,0.926,0.931,996860.4
2026-02-22 15:45:00,0.932,0.932,0.929,0.93,434340.6
2026-02-22 16:00:00,0.93,0.93,0.926,0.927,864184.6
2026-02-22 16:15:00,0.927,0.931,0.927,0.928,905676.8
2026-02-22 16:30:00,0.928,0.93,0.927,0.929,742386.3
2026-02-22 16:45:00,0.93,0.932,0.929,0.931,601876.1
2026-02-22 17:00:00,0.93,0.932,0.929,0.93,405193.4
2026-02-22 17:15:00,0.93,0.931,0.928,0.929,547865.7
2026-02-22 17:30:00,0.928,0.929,0.924,0.927,1089881.8
2026-02-22 17:45:00,0.927,0.929,0.926,0.928,247280.1
2026-02-22 18:00:00,0.927,0.927,0.924,0.926,502911.8
2026-02-22 18:15:00,0.925,0.927,0.924,0.925,397540.8
2026-02-22 18:30:00,0.925,0.926,0.923,0.925,452983.3
2026-02-22 18:45:00,0.925,0.926,0.924,0.925,285809.4
2026-02-22 19:00:00,0.925,0.925,0.92,0.922,1048253.1
2026-02-22 19:15:00,0.921,0.923,0.919,0.92,755343.8
2026-02-22 19:30:00,0.919,0.923,0.919,0.923,593824.2
2026-02-22 19:45:00,0.922,0.924,0.921,0.922,519729.5
2026-02-22 20:00:00,0.923,0.924,0.921,0.921,327734.1
2026-02-22 20:15:00,0.921,0.924,0.921,0.923,330028.4
2026-02-22 20:30:00,0.922,0.924,0.922,0.922,199234.1
2026-02-22 20:45:00,0.922,0.924,0.916,0.918,1104554.2
2026-02-22 21:00:00,0.918,0.921,0.918,0.92,236541.7
2026-02-22 21:15:00,0.92,0.922,0.917,0.917,645420.9
2026-02-22 21:30:00,0.917,0.925,0.917,0.925,577212.3
2026-02-22 21:45:00,0.924,0.925,0.923,0.923,454339.2
2026-02-22 22:00:00,0.923,0.924,0.92,0.922,799128.6
2026-02-22 22:15:00,0.921,0.927,0.921,0.925,480622.5
2026-02-22 22:30:00,0.925,0.929,0.923,0.928,463481.2
2026-02-22 22:45:00,0.928,0.933,0.927,0.933,824806.4
2026-02-22 23:00:00,0.933,0.937,0.928,0.929,1581652.8
2026-02-22 23:15:00,0.929,0.93,0.926,0.928,574358.0
2026-02-22 23:30:00,0.928,0.929,0.924,0.925,343279.8
2026-02-22 23:45:00,0.925,0.93,0.925,0.929,333833.5
2026-02-23 00:00:00,0.929,0.93,0.927,0.929,522031.0
2026-02-23 00:15:00,0.929,0.93,0.924,0.924,628642.0
2026-02-23 00:30:00,0.925,0.925,0.918,0.922,1275677.0
2026-02-23 00:45:00,0.922,0.925,0.916,0.918,1155202.8
2026-02-23 01:00:00,0.917,0.918,0.883,0.89,13792920.5
2026-02-23 01:15:00,0.89,0.891,0.873,0.879,5128283.6
2026-02-23 01:30:00,0.879,0.887,0.876,0.883,2047860.2
2026-02-23 01:45:00,0.882,0.883,0.872,0.877,3540244.5
2026-02-23 02:00:00,0.876,0.886,0.873,0.882,2433590.0
2026-02-23 02:15:00,0.881,0.884,0.879,0.882,1216408.6
2026-02-23 02:30:00,0.881,0.885,0.88,0.884,1427166.2
2026-02-23 02:45:00,0.884,0.885,0.879,0.881,700561.2
2026-02-23 03:00:00,0.881,0.89,0.881,0.887,1537381.4
2026-02-23 03:15:00,0.888,0.888,0.882,0.882,576092.5
2026-02-23 03:30:00,0.883,0.887,0.881,0.886,795948.0
2026-02-23 03:45:00,0.886,0.888,0.884,0.884,583664.6
2026-02-23 04:00:00,0.885,0.886,0.879,0.883,2246321.4
2026-02-23 04:15:00,0.883,0.884,0.879,0.88,1483710.9
2026-02-23 04:30:00,0.88,0.882,0.879,0.88,602781.8
2026-02-23 04:45:00,0.879,0.883,0.879,0.883,404007.1
2026-02-23 05:00:00,0.883,0.888,0.882,0.888,563797.9
2026-02-23 05:15:00,0.887,0.893,0.887,0.891,1414904.5
2026-02-23 05:30:00,0.892,0.893,0.889,0.891,834891.0
2026-02-23 05:45:00,0.891,0.893,0.89,0.89,298669.0
2026-02-23 06:00:00,0.891,0.907,0.89,0.905,2142540.2
2026-02-23 06:15:00,0.905,0.907,0.902,0.903,1102015.9
2026-02-23 06:30:00,0.903,0.904,0.901,0.901,1055434.7
2026-02-23 06:45:00,0.902,0.905,0.901,0.903,288813.3
2026-02-23 07:00:00,0.903,0.906,0.902,0.904,763750.9
2026-02-23 07:15:00,0.905,0.907,0.903,0.905,651106.8
2026-02-23 07:30:00,0.905,0.908,0.904,0.904,856030.2
2026-02-23 07:45:00,0.905,0.907,0.902,0.902,448442.1
2026-02-23 08:00:00,0.902,0.903,0.899,0.901,1069641.3
2026-02-23 08:15:00,0.902,0.903,0.899,0.901,583996.1
2026-02-23 08:30:00,0.901,0.901,0.898,0.901,552968.7
2026-02-23 08:45:00,0.9,0.901,0.898,0.899,470609.9
2026-02-23 09:00:00,0.9,0.905,0.899,0.904,1044870.1
2026-02-23 09:15:00,0.904,0.904,0.9,0.902,549378.9
2026-02-23 09:30:00,0.902,0.916,0.9,0.912,3468205.2
2026-02-23 09:45:00,0.912,0.916,0.912,0.914,966312.5
2026-02-23 10:00:00,0.915,0.917,0.911,0.911,657426.1
2026-02-23 10:15:00,0.911,0.914,0.91,0.91,596037.4
2026-02-23 10:30:00,0.911,0.911,0.908,0.909,396464.6
2026-02-23 10:45:00,0.909,0.91,0.907,0.907,372292.5
2026-02-23 11:00:00,0.908,0.908,0.905,0.906,194412.3
2026-02-23 11:15:00,0.905,0.91,0.905,0.908,1278587.6
2026-02-23 11:30:00,0.907,0.908,0.905,0.906,257383.5
2026-02-23 11:45:00,0.906,0.908,0.903,0.904,628116.4
2026-02-23 12:00:00,0.905,0.906,0.903,0.905,600550.3
2026-02-23 12:15:00,0.904,0.905,0.903,0.904,702026.9
2026-02-23 12:30:00,0.904,0.914,0.901,0.91,2461150.5
2026-02-23 12:45:00,0.911,0.912,0.906,0.907,854256.9
2026-02-23 13:00:00,0.907,0.908,0.903,0.904,665565.9
2026-02-23 13:15:00,0.904,0.905,0.902,0.904,516395.2
2026-02-23 13:30:00,0.903,0.905,0.9,0.902,1088897.5
2026-02-23 13:45:00,0.903,0.903,0.897,0.899,1215564.2
2026-02-23 14:00:00,0.899,0.902,0.894,0.896,1460748.9
2026-02-23 14:15:00,0.895,0.901,0.893,0.895,2826534.6
2026-02-23 14:30:00,0.894,0.899,0.89,0.897,3330318.9
2026-02-23 14:45:00,0.897,0.903,0.895,0.899,2661750.8
2026-02-23 15:00:00,0.898,0.9,0.893,0.894,2683050.9
2026-02-23 15:15:00,0.894,0.901,0.892,0.893,1804897.9
2026-02-23 15:30:00,0.892,0.897,0.891,0.896,1317989.4
2026-02-23 15:45:00,0.896,0.896,0.889,0.892,1381989.9
2026-02-23 16:00:00,0.892,0.896,0.889,0.892,2023529.9
2026-02-23 16:15:00,0.892,0.9,0.891,0.898,1371013.0
2026-02-23 16:30:00,0.898,0.899,0.895,0.895,1376807.2
2026-02-23 16:45:00,0.895,0.897,0.891,0.892,1164057.4
2026-02-23 17:00:00,0.892,0.895,0.887,0.888,1060453.8
2026-02-23 17:15:00,0.888,0.891,0.882,0.882,2116537.5
2026-02-23 17:30:00,0.882,0.886,0.878,0.883,2013692.0
2026-02-23 17:45:00,0.883,0.887,0.874,0.886,2919208.5
2026-02-23 18:00:00,0.886,0.892,0.884,0.889,2207977.8
2026-02-23 18:15:00,0.89,0.891,0.886,0.889,678443.4
2026-02-23 18:30:00,0.888,0.896,0.887,0.891,768861.3
2026-02-23 18:45:00,0.89,0.89,0.883,0.884,416008.4
2026-02-23 19:00:00,0.885,0.887,0.883,0.884,882304.6
2026-02-23 19:15:00,0.885,0.886,0.881,0.882,653212.3
2026-02-23 19:30:00,0.882,0.886,0.881,0.885,1176309.5
2026-02-23 19:45:00,0.884,0.886,0.881,0.883,1288317.3
2026-02-23 20:00:00,0.884,0.885,0.882,0.883,996953.7
2026-02-23 20:15:00,0.882,0.884,0.879,0.881,1410016.9
2026-02-23 20:30:00,0.881,0.887,0.88,0.885,1081257.1
2026-02-23 20:45:00,0.885,0.889,0.883,0.888,1212967.6
2026-02-23 21:00:00,0.887,0.891,0.886,0.889,1079697.5
2026-02-23 21:15:00,0.889,0.89,0.886,0.887,678917.5
2026-02-23 21:30:00,0.886,0.891,0.884,0.889,772295.8
2026-02-23 21:45:00,0.889,0.891,0.888,0.889,413011.5
2026-02-23 22:00:00,0.89,0.895,0.888,0.892,1155341.0
2026-02-23 22:15:00,0.893,0.894,0.891,0.891,595287.7
2026-02-23 22:30:00,0.891,0.893,0.89,0.89,414733.1
2026-02-23 22:45:00,0.89,0.892,0.889,0.889,228787.4
2026-02-23 23:00:00,0.889,0.894,0.889,0.893,405442.7
2026-02-23 23:15:00,0.892,0.893,0.89,0.89,273386.1
2026-02-23 23:30:00,0.89,0.891,0.886,0.887,439057.6
2026-02-23 23:45:00,0.887,0.89,0.887,0.89,385856.9
2026-02-24 00:00:00,0.89,0.894,0.889,0.891,691358.0
2026-02-24 00:15:00,0.891,0.896,0.891,0.895,591640.1
2026-02-24 00:30:00,0.895,0.901,0.895,0.899,893813.9
2026-02-24 00:45:00,0.899,0.901,0.898,0.899,463574.4
2026-02-24 01:00:00,0.9,0.901,0.891,0.892,1174763.9
2026-02-24 01:15:00,0.892,0.9,0.879,0.897,4450113.4
2026-02-24 01:30:00,0.897,0.899,0.89,0.892,1583446.9
2026-02-24 01:45:00,0.893,0.894,0.89,0.891,943580.1
2026-02-24 02:00:00,0.89,0.895,0.888,0.893,1360016.8
2026-02-24 02:15:00,0.893,0.894,0.89,0.893,834716.5
2026-02-24 02:30:00,0.893,0.895,0.889,0.889,1023563.1
2026-02-24 02:45:00,0.89,0.89,0.885,0.887,1134372.5
2026-02-24 03:00:00,0.887,0.888,0.881,0.883,1856677.6
2026-02-24 03:15:00,0.883,0.886,0.881,0.882,862620.2
2026-02-24 03:30:00,0.883,0.885,0.881,0.881,950242.4
2026-02-24 03:45:00,0.881,0.884,0.877,0.882,1356236.2
2026-02-24 04:00:00,0.881,0.883,0.875,0.876,1394276.3
2026-02-24 04:15:00,0.876,0.882,0.871,0.881,2321750.0
2026-02-24 04:30:00,0.881,0.882,0.875,0.877,1138544.4
2026-02-24 04:45:00,0.877,0.879,0.876,0.878,285444.4
2026-02-24 05:00:00,0.878,0.879,0.874,0.876,1408112.2
2026-02-24 05:15:00,0.876,0.877,0.867,0.869,2511232.4
2026-02-24 05:30:00,0.869,0.873,0.867,0.87,753643.7
2026-02-24 05:45:00,0.871,0.874,0.869,0.872,557456.1
2026-02-24 06:00:00,0.873,0.876,0.87,0.872,1359378.7
2026-02-24 06:15:00,0.873,0.876,0.872,0.874,664456.1
2026-02-24 06:30:00,0.875,0.876,0.872,0.874,422837.8
2026-02-24 06:45:00,0.875,0.875,0.87,0.871,974116.0
2026-02-24 07:00:00,0.871,0.876,0.869,0.876,1518377.5
2026-02-24 07:15:00,0.876,0.877,0.873,0.875,1111717.2
2026-02-24 07:30:00,0.876,0.877,0.871,0.872,1028812.9
2026-02-24 07:45:00,0.873,0.873,0.869,0.871,937979.7
2026-02-24 08:00:00,0.871,0.873,0.868,0.872,1464298.2
2026-02-24 08:15:00,0.872,0.876,0.871,0.874,755385.1
2026-02-24 08:30:00,0.875,0.877,0.874,0.875,854041.9
2026-02-24 08:45:00,0.876,0.877,0.874,0.875,232586.7
2026-02-24 09:00:00,0.876,0.877,0.873,0.874,717688.0
2026-02-24 09:15:00,0.874,0.875,0.871,0.873,966875.7
2026-02-24 09:30:00,0.873,0.876,0.87,0.874,1123082.1
2026-02-24 09:45:00,0.874,0.876,0.872,0.875,809133.7
2026-02-24 10:00:00,0.875,0.876,0.872,0.874,755574.6
2026-02-24 10:15:00,0.874,0.876,0.872,0.873,438011.0
2026-02-24 10:30:00,0.873,0.875,0.872,0.874,954224.2
2026-02-24 10:45:00,0.874,0.877,0.873,0.875,339133.9
2026-02-24 11:00:00,0.876,0.876,0.873,0.873,216355.4
2026-02-24 11:15:00,0.873,0.875,0.872,0.873,258736.1
2026-02-24 11:30:00,0.873,0.873,0.87,0.871,842296.7
2026-02-24 11:45:00,0.871,0.875,0.871,0.874,453192.0
2026-02-24 12:00:00,0.875,0.876,0.871,0.874,936180.7
2026-02-24 12:15:00,0.874,0.877,0.872,0.875,965326.8
2026-02-24 12:30:00,0.876,0.878,0.871,0.872,926394.2
2026-02-24 12:45:00,0.872,0.874,0.87,0.871,558290.5
2026-02-24 13:00:00,0.871,0.873,0.869,0.872,1177682.7
2026-02-24 13:15:00,0.871,0.872,0.869,0.869,820199.4
2026-02-24 13:30:00,0.869,0.873,0.862,0.872,3961787.6
2026-02-24 13:45:00,0.871,0.875,0.87,0.871,1281152.6
2026-02-24 14:00:00,0.87,0.871,0.866,0.867,1532618.2
2026-02-24 14:15:00,0.867,0.87,0.864,0.867,1621573.3
2026-02-24 14:30:00,0.868,0.876,0.862,0.874,2462935.4
2026-02-24 14:45:00,0.875,0.884,0.874,0.879,1893618.2
2026-02-24 15:00:00,0.88,0.881,0.876,0.88,1597405.4
2026-02-24 15:15:00,0.88,0.885,0.878,0.882,1727729.5
2026-02-24 15:30:00,0.881,0.882,0.876,0.876,915241.7
2026-02-24 15:45:00,0.876,0.878,0.872,0.873,1717028.2
2026-02-24 16:00:00,0.873,0.886,0.873,0.878,2771737.8
2026-02-24 16:15:00,0.878,0.88,0.875,0.877,1126164.0
2026-02-24 16:30:00,0.878,0.88,0.871,0.879,1593076.6
2026-02-24 16:45:00,0.879,0.883,0.874,0.881,1255374.3
2026-02-24 17:00:00,0.882,0.884,0.879,0.881,1091546.4
2026-02-24 17:15:00,0.88,0.884,0.877,0.884,1591378.9
2026-02-24 17:30:00,0.884,0.887,0.882,0.882,1779098.0
2026-02-24 17:45:00,0.883,0.885,0.882,0.883,869883.9
2026-02-24 18:00:00,0.883,0.887,0.879,0.88,1646021.0
2026-02-24 18:15:00,0.881,0.884,0.879,0.883,671011.6
2026-02-24 18:30:00,0.883,0.887,0.882,0.886,1266439.2
2026-02-24 18:45:00,0.886,0.887,0.883,0.883,514390.7
2026-02-24 19:00:00,0.883,0.888,0.881,0.881,921046.6
2026-02-24 19:15:00,0.881,0.883,0.879,0.881,693212.4
2026-02-24 19:30:00,0.882,0.887,0.881,0.887,522275.3
2026-02-24 19:45:00,0.887,0.887,0.884,0.884,444115.7
2026-02-24 20:00:00,0.884,0.887,0.884,0.885,888927.8
2026-02-24 20:15:00,0.886,0.888,0.883,0.885,790150.9
2026-02-24 20:30:00,0.885,0.886,0.882,0.883,514136.5
2026-02-24 20:45:00,0.883,0.885,0.881,0.883,642620.2
2026-02-24 21:00:00,0.883,0.884,0.878,0.881,796607.1
2026-02-24 21:15:00,0.881,0.881,0.877,0.879,644115.4
2026-02-24 21:30:00,0.879,0.882,0.879,0.88,442300.5
2026-02-24 21:45:00,0.88,0.883,0.879,0.881,527127.9
2026-02-24 22:00:00,0.881,0.887,0.88,0.886,747037.1
2026-02-24 22:15:00,0.886,0.886,0.882,0.884,253219.2
2026-02-24 22:30:00,0.884,0.885,0.881,0.883,467054.3
2026-02-24 22:45:00,0.883,0.883,0.879,0.881,232304.6
2026-02-24 23:00:00,0.881,0.882,0.876,0.88,1005211.1
2026-02-24 23:15:00,0.88,0.883,0.88,0.883,183535.0
2026-02-24 23:30:00,0.882,0.883,0.879,0.88,503064.4
2026-02-24 23:45:00,0.88,0.88,0.878,0.878,131893.6
2026-02-25 00:00:00,0.879,0.88,0.876,0.878,623786.5
2026-02-25 00:15:00,0.879,0.88,0.877,0.877,716881.0
2026-02-25 00:30:00,0.877,0.885,0.877,0.884,533124.7
2026-02-25 00:45:00,0.884,0.884,0.882,0.882,576696.4
2026-02-25 01:00:00,0.882,0.905,0.882,0.903,3697271.6
2026-02-25 01:15:00,0.904,0.917,0.899,0.91,3801917.8
2026-02-25 01:30:00,0.91,0.911,0.903,0.903,1726681.7
2026-02-25 01:45:00,0.904,0.907,0.902,0.905,1351048.2
2026-02-25 02:00:00,0.906,0.914,0.905,0.91,2147398.7
2026-02-25 02:15:00,0.911,0.911,0.907,0.909,1875445.3
2026-02-25 02:30:00,0.91,0.911,0.903,0.904,861860.7
2026-02-25 02:45:00,0.905,0.906,0.901,0.902,448426.5
2026-02-25 03:00:00,0.902,0.904,0.899,0.9,1448049.5
2026-02-25 03:15:00,0.9,0.901,0.894,0.895,1551892.6
2026-02-25 03:30:00,0.895,0.898,0.893,0.894,1389493.4
2026-02-25 03:45:00,0.894,0.897,0.892,0.893,563583.0
2026-02-25 04:00:00,0.893,0.895,0.888,0.893,1974219.9
2026-02-25 04:15:00,0.893,0.894,0.891,0.894,602448.7
2026-02-25 04:30:00,0.894,0.9,0.892,0.899,855844.1
2026-02-25 04:45:00,0.9,0.9,0.898,0.899,565474.4
2026-02-25 05:00:00,0.899,0.9,0.895,0.896,622583.2
2026-02-25 05:15:00,0.897,0.897,0.891,0.893,972333.3
2026-02-25 05:30:00,0.893,0.894,0.886,0.89,1305080.5
2026-02-25 05:45:00,0.889,0.895,0.888,0.893,910411.4
2026-02-25 06:00:00,0.893,0.9,0.893,0.899,988673.4
2026-02-25 06:15:00,0.899,0.899,0.895,0.897,664161.6
2026-02-25 06:30:00,0.897,0.901,0.896,0.899,409796.7
2026-02-25 06:45:00,0.9,0.9,0.896,0.897,491792.6
2026-02-25 07:00:00,0.897,0.901,0.897,0.901,869161.4
2026-02-25 07:15:00,0.901,0.903,0.899,0.901,1624242.8
2026-02-25 07:30:00,0.902,0.902,0.898,0.898,983665.4
2026-02-25 07:45:00,0.898,0.904,0.897,0.903,429643.0
2026-02-25 08:00:00,0.904,0.908,0.902,0.908,1175482.2
2026-02-25 08:15:00,0.909,0.909,0.897,0.905,3034800.3
2026-02-25 08:30:00,0.905,0.908,0.903,0.907,1176220.5
2026-02-25 08:45:00,0.907,0.909,0.905,0.908,741894.2
2026-02-25 09:00:00,0.909,0.914,0.907,0.912,1672167.3
2026-02-25 09:15:00,0.912,0.915,0.911,0.914,677715.8
2026-02-25 09:30:00,0.915,0.915,0.91,0.913,1568168.2
2026-02-25 09:45:00,0.913,0.917,0.912,0.917,1070662.9
2026-02-25 10:00:00,0.917,0.925,0.916,0.92,3303163.1
2026-02-25 10:15:00,0.92,0.92,0.914,0.917,1404287.2
2026-02-25 10:30:00,0.917,0.918,0.914,0.915,471754.8
2026-02-25 10:45:00,0.915,0.917,0.914,0.915,2265375.6
2026-02-25 11:00:00,0.915,0.916,0.911,0.913,1298320.0
2026-02-25 11:15:00,0.914,0.922,0.911,0.919,1574518.1
2026-02-25 11:30:00,0.919,0.922,0.917,0.921,1028510.9
2026-02-25 11:45:00,0.922,0.924,0.92,0.922,959587.0
2026-02-25 12:00:00,0.922,0.926,0.92,0.923,1801504.6
2026-02-25 12:15:00,0.923,0.934,0.919,0.932,2040637.2
2026-02-25 12:30:00,0.933,0.936,0.93,0.933,1903321.9
2026-02-25 12:45:00,0.934,0.947,0.933,0.944,3678813.9
2026-02-25 13:00:00,0.944,0.949,0.942,0.948,2748318.0
2026-02-25 13:15:00,0.948,0.962,0.947,0.962,3985828.2
2026-02-25 13:30:00,0.962,0.984,0.961,0.981,8625552.9
2026-02-25 13:45:00,0.981,0.985,0.972,0.977,4342443.6
2026-02-25 14:00:00,0.977,0.993,0.976,0.993,5734639.3
2026-02-25 14:15:00,0.993,1.006,0.992,1.001,5907456.6
2026-02-25 14:30:00,1.0,1.012,0.993,1.003,6886346.7
2026-02-25 14:45:00,1.002,1.017,1.001,1.011,7108189.3
2026-02-25 15:00:00,1.01,1.024,1.01,1.02,6510334.3
2026-02-25 15:15:00,1.021,1.036,1.019,1.029,8165892.1
2026-02-25 15:30:00,1.03,1.066,1.028,1.064,10851089.2
2026-02-25 15:45:00,1.063,1.076,1.057,1.068,11722398.7
2026-02-25 16:00:00,1.068,1.1,1.068,1.083,20439145.2
2026-02-25 16:15:00,1.082,1.094,1.068,1.072,13106174.3
2026-02-25 16:30:00,1.071,1.098,1.063,1.097,10591126.4
2026-02-25 16:45:00,1.097,1.103,1.086,1.092,8581781.8
2026-02-25 17:00:00,1.092,1.093,1.06,1.072,8434982.3
2026-02-25 17:15:00,1.071,1.08,1.061,1.065,5732678.9
2026-02-25 17:30:00,1.065,1.077,1.059,1.066,4755491.3
2026-02-25 17:45:00,1.065,1.078,1.061,1.074,2223238.6
2026-02-25 18:00:00,1.073,1.084,1.07,1.074,4254640.4
2026-02-25 18:15:00,1.073,1.081,1.066,1.078,3643252.4
2026-02-25 18:30:00,1.078,1.085,1.073,1.078,2183166.5
2026-02-25 18:45:00,1.078,1.082,1.074,1.08,1677124.9
2026-02-25 19:00:00,1.079,1.089,1.076,1.086,2020235.8
2026-02-25 19:15:00,1.085,1.097,1.085,1.089,2849869.1
2026-02-25 19:30:00,1.09,1.097,1.089,1.096,2477756.4
2026-02-25 19:45:00,1.096,1.108,1.092,1.103,3430516.6
2026-02-25 20:00:00,1.103,1.103,1.081,1.084,3290349.6
2026-02-25 20:15:00,1.084,1.094,1.076,1.089,2197010.0
2026-02-25 20:30:00,1.089,1.099,1.088,1.097,1814488.5
2026-02-25 20:45:00,1.096,1.102,1.093,1.099,2057960.0
2026-02-25 21:00:00,1.1,1.103,1.091,1.092,2665030.2
2026-02-25 21:15:00,1.092,1.107,1.089,1.094,3029307.4
2026-02-25 21:30:00,1.093,1.106,1.092,1.098,3906384.7
2026-02-25 21:45:00,1.097,1.1,1.085,1.092,2701715.8
2026-02-25 22:00:00,1.091,1.096,1.082,1.088,2316409.4
2026-02-25 22:15:00,1.088,1.09,1.084,1.086,1302836.1
2026-02-25 22:30:00,1.086,1.092,1.078,1.08,2351082.8
2026-02-25 22:45:00,1.079,1.091,1.069,1.088,1843788.3
2026-02-25 23:00:00,1.088,1.107,1.084,1.102,4069759.5
2026-02-25 23:15:00,1.102,1.103,1.078,1.081,5452609.6
2026-02-25 23:30:00,1.081,1.086,1.051,1.055,7662740.7
2026-02-25 23:45:00,1.054,1.066,1.053,1.062,4269296.3
2026-02-26 00:00:00,1.062,1.065,1.052,1.059,4485047.1
2026-02-26 00:15:00,1.06,1.062,1.043,1.044,4378714.0
2026-02-26 00:30:00,1.044,1.046,1.022,1.029,5608859.0
2026-02-26 00:45:00,1.029,1.038,1.027,1.032,2744918.8
2026-02-26 01:00:00,1.031,1.047,1.029,1.043,2960618.0
2026-02-26 01:15:00,1.042,1.043,1.031,1.037,2456393.9
2026-02-26 01:30:00,1.037,1.038,1.028,1.028,2285174.3
2026-02-26 01:45:00,1.029,1.033,1.023,1.023,1719560.7
2026-02-26 02:00:00,1.024,1.026,1.017,1.022,2148474.7
2026-02-26 02:15:00,1.021,1.03,1.017,1.019,2894886.8
2026-02-26 02:30:00,1.018,1.024,1.017,1.02,1944989.5
2026-02-26 02:45:00,1.02,1.027,1.019,1.026,1469342.6
2026-02-26 03:00:00,1.026,1.029,1.021,1.023,1976145.3
2026-02-26 03:15:00,1.023,1.024,1.017,1.021,1720485.7
2026-02-26 03:30:00,1.02,1.027,1.018,1.025,2019226.9
2026-02-26 03:45:00,1.025,1.028,1.018,1.02,1839886.2
2026-02-26 04:00:00,1.019,1.025,1.014,1.021,3020236.4
2026-02-26 04:15:00,1.021,1.024,1.016,1.019,1818704.1
2026-02-26 04:30:00,1.02,1.025,1.013,1.018,2892104.8
2026-02-26 04:45:00,1.018,1.019,1.015,1.016,1392683.9
2026-02-26 05:00:00,1.015,1.015,1.003,1.007,3374169.0
2026-02-26 05:15:00,1.006,1.011,0.997,1.008,3962153.5
2026-02-26 05:30:00,1.009,1.01,1.002,1.005,2265982.1
2026-02-26 05:45:00,1.006,1.007,1.002,1.003,1995932.0
2026-02-26 06:00:00,1.003,1.01,0.999,1.004,3061414.2
2026-02-26 06:15:00,1.004,1.006,1.0,1.0,1506445.1
2026-02-26 06:30:00,1.001,1.005,1.0,1.001,1793176.1
2026-02-26 06:45:00,1.001,1.008,1.0,1.008,1864341.6
2026-02-26 07:00:00,1.007,1.016,1.006,1.009,3169798.3
2026-02-26 07:15:00,1.01,1.012,1.007,1.009,2050983.1
2026-02-26 07:30:00,1.009,1.011,0.997,0.999,2144600.5
2026-02-26 07:45:00,1.0,1.007,0.999,1.007,1865147.1
2026-02-26 08:00:00,1.006,1.01,1.006,1.007,1523302.2
2026-02-26 08:15:00,1.008,1.009,1.004,1.006,1270871.4
2026-02-26 08:30:00,1.007,1.008,1.003,1.007,1493771.0
2026-02-26 08:45:00,1.006,1.011,1.004,1.004,1772213.8
2026-02-26 09:00:00,1.005,1.015,1.003,1.012,2812607.4
2026-02-26 09:15:00,1.012,1.017,1.011,1.012,1843545.4
2026-02-26 09:30:00,1.013,1.026,1.012,1.019,5319968.7
2026-02-26 09:45:00,1.02,1.023,1.016,1.016,1587127.6
2026-02-26 10:00:00,1.016,1.017,1.006,1.006,2616019.8
2026-02-26 10:15:00,1.006,1.009,1.004,1.006,1406575.9
2026-02-26 10:30:00,1.006,1.009,1.003,1.005,2228421.6
2026-02-26 10:45:00,1.005,1.006,1.001,1.001,1446587.6
2026-02-26 11:00:00,1.002,1.006,1.0,1.001,1464973.8
2026-02-26 11:15:00,1.001,1.002,0.994,0.999,2587827.9
2026-02-26 11:30:00,0.999,1.004,0.997,1.002,1446453.9
2026-02-26 11:45:00,1.003,1.009,1.002,1.009,1187237.9
2026-02-26 12:00:00,1.008,1.012,1.004,1.011,1913138.1
2026-02-26 12:15:00,1.011,1.018,1.008,1.017,3082073.5
2026-02-26 12:30:00,1.018,1.018,1.012,1.013,1329375.8
2026-02-26 12:45:00,1.013,1.014,1.008,1.008,1268821.2
2026-02-26 13:00:00,1.009,1.009,1.002,1.003,1655251.3
2026-02-26 13:15:00,1.004,1.007,1.002,1.006,1227821.8
2026-02-26 13:30:00,1.006,1.007,1.002,1.004,1609927.1
2026-02-26 13:45:00,1.005,1.007,0.999,1.003,2668720.8
2026-02-26 14:00:00,1.003,1.008,1.0,1.003,1467592.0
2026-02-26 14:15:00,1.004,1.006,1.001,1.004,1238235.0
2026-02-26 14:30:00,1.004,1.009,1.0,1.001,3080306.9
2026-02-26 14:45:00,1.001,1.007,0.989,1.003,7020760.7
2026-02-26 15:00:00,1.003,1.004,0.997,1.001,2776749.4
2026-02-26 15:15:00,1.001,1.014,0.997,1.011,4592991.5
2026-02-26 15:30:00,1.011,1.024,1.011,1.014,5770726.7
2026-02-26 15:45:00,1.015,1.019,1.009,1.015,2963041.5
2026-02-26 16:00:00,1.014,1.016,1.004,1.004,3707745.6
2026-02-26 16:15:00,1.004,1.01,1.001,1.007,2814821.8
2026-02-26 16:30:00,1.007,1.008,0.997,1.002,2489039.7
2026-02-26 16:45:00,1.002,1.003,0.976,0.98,8982561.8
2026-02-26 17:00:00,0.979,0.992,0.978,0.99,3506140.7
2026-02-26 17:15:00,0.99,0.997,0.988,0.992,2471345.2
2026-02-26 17:30:00,0.991,0.995,0.985,0.987,2003345.3
2026-02-26 17:45:00,0.988,0.988,0.982,0.984,1325240.3
2026-02-26 18:00:00,0.983,0.988,0.981,0.986,2267147.5
2026-02-26 18:15:00,0.986,0.99,0.985,0.987,1471219.2
2026-02-26 18:30:00,0.986,0.996,0.985,0.991,1756620.6
2026-02-26 18:45:00,0.992,0.997,0.991,0.997,1338439.0
2026-02-26 19:00:00,0.996,1.013,0.995,1.007,3860003.7
2026-02-26 19:15:00,1.006,1.009,1.003,1.004,1241043.5
2026-02-26 19:30:00,1.004,1.008,1.003,1.006,877068.5
2026-02-26 19:45:00,1.007,1.013,1.006,1.01,1147607.9
2026-02-26 20:00:00,1.011,1.012,1.009,1.01,1191811.7
2026-02-26 20:15:00,1.01,1.023,1.01,1.012,2376565.8
2026-02-26 20:30:00,1.012,1.013,1.005,1.01,1040505.6
2026-02-26 20:45:00,1.01,1.011,1.008,1.009,586605.0
2026-02-26 21:00:00,1.01,1.016,1.008,1.011,1154483.9
2026-02-26 21:15:00,1.012,1.016,1.01,1.016,626068.6
2026-02-26 21:30:00,1.016,1.017,1.013,1.015,421970.2
2026-02-26 21:45:00,1.015,1.015,1.012,1.015,407256.4
2026-02-26 22:00:00,1.015,1.018,1.014,1.016,666172.4
2026-02-26 22:15:00,1.016,1.018,1.014,1.017,584792.2
2026-02-26 22:30:00,1.017,1.018,1.013,1.014,791670.5
2026-02-26 22:45:00,1.014,1.024,1.013,1.023,740620.9
2026-02-26 23:00:00,1.023,1.029,1.02,1.027,1404185.5
2026-02-26 23:15:00,1.028,1.035,1.025,1.032,2239442.4
2026-02-26 23:30:00,1.033,1.037,1.031,1.034,2054728.9
2026-02-26 23:45:00,1.034,1.035,1.023,1.024,1439612.1
2026-02-27 00:00:00,1.025,1.026,1.02,1.023,1778952.2
2026-02-27 00:15:00,1.023,1.035,1.022,1.031,2240397.2
2026-02-27 00:30:00,1.032,1.037,1.025,1.027,2824348.6
2026-02-27 00:45:00,1.027,1.028,1.017,1.021,1830670.8
2026-02-27 01:00:00,1.021,1.023,1.015,1.02,1329560.2
2026-02-27 01:15:00,1.02,1.025,1.018,1.022,1104896.9
2026-02-27 01:30:00,1.022,1.026,1.019,1.019,797121.0
2026-02-27 01:45:00,1.019,1.021,1.017,1.02,507853.9
2026-02-27 02:00:00,1.02,1.022,1.014,1.015,685255.8
2026-02-27 02:15:00,1.016,1.019,1.013,1.016,1317169.6
2026-02-27 02:30:00,1.016,1.018,1.014,1.015,543919.4
2026-02-27 02:45:00,1.015,1.02,1.014,1.014,740302.9
2026-02-27 03:00:00,1.015,1.017,1.013,1.014,627542.9
2026-02-27 03:15:00,1.015,1.017,1.011,1.012,550892.9
2026-02-27 03:30:00,1.013,1.019,1.011,1.015,1125116.5
2026-02-27 03:45:00,1.015,1.022,1.014,1.021,1156638.8
2026-02-27 04:00:00,1.021,1.039,1.021,1.033,2444602.1
2026-02-27 04:15:00,1.033,1.035,1.029,1.031,1974582.4
2026-02-27 04:30:00,1.031,1.034,1.026,1.027,1555055.7
2026-02-27 04:45:00,1.028,1.031,1.024,1.029,986352.8
2026-02-27 05:00:00,1.03,1.031,1.025,1.027,959274.1
2026-02-27 05:15:00,1.028,1.035,1.027,1.033,1419051.8
2026-02-27 05:30:00,1.033,1.035,1.029,1.029,1489244.5
2026-02-27 05:45:00,1.029,1.03,1.024,1.025,693499.8
2026-02-27 06:00:00,1.026,1.035,1.025,1.034,890625.6
2026-02-27 06:15:00,1.034,1.036,1.032,1.035,1025781.8
2026-02-27 06:30:00,1.034,1.044,1.033,1.038,2596004.4
2026-02-27 06:45:00,1.038,1.042,1.032,1.033,1385483.0
2026-02-27 07:00:00,1.032,1.035,1.024,1.029,2556390.5
2026-02-27 07:15:00,1.029,1.031,1.027,1.028,854433.3
2026-02-27 07:30:00,1.027,1.032,1.027,1.031,1131594.5
2026-02-27 07:45:00,1.031,1.035,1.03,1.035,704249.1
2026-02-27 08:00:00,1.035,1.044,1.034,1.038,2015371.1
2026-02-27 08:15:00,1.038,1.038,1.031,1.035,1422681.8
2026-02-27 08:30:00,1.036,1.04,1.03,1.034,1280526.9
2026-02-27 08:45:00,1.035,1.038,1.032,1.036,1057194.2
2026-02-27 09:00:00,1.036,1.038,1.033,1.037,1241817.8
2026-02-27 09:15:00,1.037,1.037,1.027,1.029,1587563.1
2026-02-27 09:30:00,1.029,1.033,1.027,1.029,1508286.5
2026-02-27 09:45:00,1.028,1.032,1.025,1.03,1486270.4
2026-02-27 10:00:00,1.029,1.032,1.013,1.015,3433194.4
2026-02-27 10:15:00,1.015,1.021,1.012,1.016,2547625.0
2026-02-27 10:30:00,1.016,1.02,1.012,1.014,1963704.6
2026-02-27 10:45:00,1.014,1.016,1.007,1.01,2174417.7
2026-02-27 11:00:00,1.01,1.015,1.009,1.009,1804604.6
2026-02-27 11:15:00,1.01,1.012,1.006,1.006,2565647.7
2026-02-27 11:30:00,1.006,1.007,0.995,0.997,3479375.1
2026-02-27 11:45:00,0.997,1.001,0.993,0.995,2731436.8
2026-02-27 12:00:00,0.994,1.001,0.993,0.998,1985459.5
2026-02-27 12:15:00,0.998,1.005,0.996,1.003,1853789.5
2026-02-27 12:30:00,1.003,1.006,1.0,1.005,1314815.7
2026-02-27 12:45:00,1.005,1.006,1.001,1.005,2414367.7
2026-02-27 13:00:00,1.006,1.01,1.005,1.008,1513145.2
2026-02-27 13:15:00,1.008,1.01,0.996,0.998,1729825.6
2026-02-27 13:30:00,0.998,1.001,0.985,1.001,3917277.3
2026-02-27 13:45:00,1.001,1.007,0.999,1.007,2042791.2
2026-02-27 14:00:00,1.007,1.01,1.006,1.007,722310.9
2026-02-27 14:15:00,1.008,1.009,0.999,1.0,1653611.5
2026-02-27 14:30:00,1.0,1.008,0.999,1.003,2127067.6
2026-02-27 14:45:00,1.003,1.006,0.999,0.999,2501087.7
2026-02-27 15:00:00,0.999,1.006,0.998,0.999,2485674.6
2026-02-27 15:15:00,0.999,1.006,0.999,1.003,1712972.5
2026-02-27 15:30:00,1.003,1.003,0.995,0.999,1845793.2
2026-02-27 15:45:00,1.0,1.004,0.997,1.001,1346658.2
2026-02-27 16:00:00,1.002,1.003,0.993,0.998,2611401.0
2026-02-27 16:15:00,0.998,1.002,0.995,0.998,1728315.0
2026-02-27 16:30:00,0.998,1.002,0.99,0.992,1549662.2
2026-02-27 16:45:00,0.992,0.994,0.986,0.988,2091145.4
2026-02-27 17:00:00,0.987,0.99,0.982,0.983,1569629.3
2026-02-27 17:15:00,0.983,0.985,0.98,0.982,1707119.9
2026-02-27 17:30:00,0.981,0.988,0.978,0.986,3403560.4
2026-02-27 17:45:00,0.987,0.995,0.983,0.992,2212866.7
2026-02-27 18:00:00,0.993,0.994,0.988,0.99,1452253.7
2026-02-27 18:15:00,0.99,0.994,0.988,0.993,1798106.6
2026-02-27 18:30:00,0.993,0.998,0.993,0.995,1660110.6
2026-02-27 18:45:00,0.995,0.997,0.989,0.99,1226399.4
2026-02-27 19:00:00,0.989,0.99,0.983,0.984,875014.3
2026-02-27 19:15:00,0.984,0.99,0.983,0.986,1290215.0
2026-02-27 19:30:00,0.987,0.988,0.979,0.98,1096514.3
2026-02-27 19:45:00,0.981,0.984,0.979,0.983,1071487.2
2026-02-27 20:00:00,0.982,0.991,0.982,0.99,1716152.3
2026-02-27 20:15:00,0.989,0.99,0.986,0.987,872836.4
2026-02-27 20:30:00,0.987,0.99,0.987,0.989,1063950.4
2026-02-27 20:45:00,0.99,0.993,0.989,0.99,510042.2
2026-02-27 21:00:00,0.99,0.995,0.989,0.99,780354.8
2026-02-27 21:15:00,0.99,0.993,0.989,0.99,484038.4
2026-02-27 21:30:00,0.99,0.991,0.985,0.988,844139.2
2026-02-27 21:45:00,0.989,0.989,0.983,0.987,652373.2
2026-02-27 22:00:00,0.988,0.991,0.986,0.988,467525.9
2026-02-27 22:15:00,0.989,0.992,0.985,0.985,1093221.4
2026-02-27 22:30:00,0.985,0.987,0.967,0.987,3678974.4
2026-02-27 22:45:00,0.987,0.99,0.986,0.988,626169.4
2026-02-27 23:00:00,0.989,0.995,0.988,0.991,1546330.9
2026-02-27 23:15:00,0.991,0.994,0.989,0.993,560351.1
2026-02-27 23:30:00,0.993,0.994,0.992,0.993,476397.7
2026-02-27 23:45:00,0.994,0.994,0.992,0.993,230448.1
2026-02-28 00:00:00,0.993,0.994,0.989,0.99,781536.6
2026-02-28 00:15:00,0.991,0.991,0.981,0.985,1880665.4
2026-02-28 00:30:00,0.984,0.987,0.983,0.985,952310.0
2026-02-28 00:45:00,0.986,0.991,0.985,0.99,801017.6
2026-02-28 01:00:00,0.99,0.992,0.989,0.989,737239.1
2026-02-28 01:15:00,0.989,0.99,0.984,0.985,502099.3
2026-02-28 01:30:00,0.985,0.985,0.982,0.983,680688.3
2026-02-28 01:45:00,0.983,0.985,0.982,0.982,478574.1
2026-02-28 02:00:00,0.983,0.987,0.982,0.985,486246.0
2026-02-28 02:15:00,0.986,0.989,0.984,0.987,1089270.6
2026-02-28 02:30:00,0.987,0.991,0.987,0.988,800101.6
2026-02-28 02:45:00,0.989,0.989,0.987,0.988,222068.5
2026-02-28 03:00:00,0.988,0.989,0.985,0.986,445782.2
2026-02-28 03:15:00,0.987,0.988,0.985,0.986,446758.1
2026-02-28 03:30:00,0.986,0.987,0.982,0.983,726298.0
2026-02-28 03:45:00,0.983,0.986,0.982,0.983,436362.7
2026-02-28 04:00:00,0.983,0.983,0.977,0.98,1154444.5
2026-02-28 04:15:00,0.979,0.984,0.978,0.98,885652.3
2026-02-28 04:30:00,0.98,0.982,0.975,0.98,1369931.6
2026-02-28 04:45:00,0.979,0.982,0.978,0.98,238649.0
2026-02-28 05:00:00,0.98,0.983,0.98,0.982,569636.6
2026-02-28 05:15:00,0.982,0.983,0.976,0.976,368120.8
2026-02-28 05:30:00,0.976,0.977,0.972,0.973,1179623.5
2026-02-28 05:45:00,0.973,0.975,0.971,0.974,917932.4
2026-02-28 06:00:00,0.974,0.976,0.969,0.97,1984296.4
2026-02-28 06:15:00,0.97,0.971,0.946,0.956,7577222.7
2026-02-28 06:30:00,0.957,0.959,0.936,0.947,6925254.5
2026-02-28 06:45:00,0.946,0.947,0.925,0.927,6188018.5
2026-02-28 07:00:00,0.927,0.941,0.92,0.94,4061472.3
2026-02-28 07:15:00,0.939,0.942,0.93,0.935,2497014.2
2026-02-28 07:30:00,0.934,0.962,0.934,0.959,3194663.5
2026-02-28 07:45:00,0.96,0.96,0.946,0.949,2198469.9
2026-02-28 08:00:00,0.949,0.949,0.942,0.942,1853423.1
2026-02-28 08:15:00,0.942,0.945,0.938,0.94,1736642.5
2026-02-28 08:30:00,0.94,0.94,0.93,0.935,2524112.6
2026-02-28 08:45:00,0.935,0.937,0.931,0.933,934419.5
2026-02-28 09:00:00,0.933,0.937,0.928,0.935,1679259.2
2026-02-28 09:15:00,0.935,0.94,0.932,0.938,1872468.0
2026-02-28 09:30:00,0.938,0.938,0.929,0.93,1227587.4
2026-02-28 09:45:00,0.931,0.933,0.927,0.93,1406969.3
2026-02-28 10:00:00,0.93,0.931,0.924,0.928,1359806.1
2026-02-28 10:15:00,0.928,0.933,0.926,0.93,894155.3
2026-02-28 10:30:00,0.93,0.938,0.93,0.931,1357501.2
2026-02-28 10:45:00,0.931,0.933,0.928,0.929,1159164.1
2026-02-28 11:00:00,0.929,0.934,0.928,0.93,1710688.9
2026-02-28 11:15:00,0.931,0.932,0.928,0.929,954625.4
2026-02-28 11:30:00,0.929,0.933,0.926,0.927,1359698.5
2026-02-28 11:45:00,0.927,0.929,0.923,0.924,1584906.6
2026-02-28 12:00:00,0.925,0.928,0.924,0.928,1584789.9
2026-02-28 12:15:00,0.927,0.931,0.926,0.927,1166475.9
2026-02-28 12:30:00,0.927,0.932,0.927,0.929,1172384.5
2026-02-28 12:45:00,0.929,0.93,0.925,0.928,1272018.0
2026-02-28 13:00:00,0.929,0.933,0.926,0.929,671077.0
2026-02-28 13:15:00,0.929,0.931,0.924,0.925,1424139.0
2026-02-28 13:30:00,0.926,0.93,0.924,0.93,1061664.4
2026-02-28 13:45:00,0.929,0.953,0.929,0.951,5455940.9
2026-02-28 14:00:00,0.952,0.958,0.942,0.943,2937226.6
2026-02-28 14:15:00,0.943,0.948,0.942,0.947,1186705.1
2026-02-28 14:30:00,0.946,0.955,0.942,0.953,2568652.4
2026-02-28 14:45:00,0.953,0.955,0.94,0.942,2948027.0
2026-02-28 15:00:00,0.943,0.945,0.934,0.936,1853848.4
2026-02-28 15:15:00,0.936,0.949,0.935,0.947,2033554.3
2026-02-28 15:30:00,0.947,0.95,0.944,0.945,1732859.8
2026-02-28 15:45:00,0.945,0.948,0.944,0.946,626138.6
2026-02-28 16:00:00,0.947,0.95,0.942,0.948,1864546.6
2026-02-28 16:15:00,0.949,0.949,0.944,0.946,1168703.8
2026-02-28 16:30:00,0.947,0.947,0.94,0.946,1168333.5
2026-02-28 16:45:00,0.946,0.95,0.944,0.948,1120960.3
2026-02-28 17:00:00,0.949,0.95,0.943,0.944,921555.8
2026-02-28 17:15:00,0.945,0.946,0.941,0.944,1134569.2
2026-02-28 17:30:00,0.945,0.947,0.939,0.942,1485835.3
2026-02-28 17:45:00,0.942,0.955,0.94,0.953,1287206.1
2026-02-28 18:00:00,0.952,0.955,0.949,0.952,1274298.9
2026-02-28 18:15:00,0.952,0.953,0.948,0.948,470906.4
2026-02-28 18:30:00,0.949,0.964,0.949,0.961,3345098.7
2026-02-28 18:45:00,0.961,0.975,0.959,0.968,3098510.3
2026-02-28 19:00:00,0.969,0.971,0.963,0.963,1276144.4
2026-02-28 19:15:00,0.964,0.968,0.962,0.963,971609.6
2026-02-28 19:30:00,0.964,0.992,0.963,0.984,3691903.4
2026-02-28 19:45:00,0.984,0.989,0.975,0.979,1923270.7
2026-02-28 20:00:00,0.98,0.991,0.978,0.989,1495846.8
2026-02-28 20:15:00,0.99,0.998,0.985,0.993,2115424.9
2026-02-28 20:30:00,0.994,0.995,0.982,0.988,2192275.0
2026-02-28 20:45:00,0.988,0.997,0.987,0.994,1213719.9
2026-02-28 21:00:00,0.994,0.995,0.979,0.984,2316073.5
2026-02-28 21:15:00,0.983,0.986,0.98,0.983,1000917.5
2026-02-28 21:30:00,0.984,0.995,0.983,0.989,1554045.2
2026-02-28 21:45:00,0.99,0.994,0.988,0.993,1095046.8
2026-02-28 22:00:00,0.993,1.001,0.992,0.999,1817466.3
2026-02-28 22:15:00,1.0,1.002,0.998,0.998,1148971.9
2026-02-28 22:30:00,0.999,1.013,0.998,1.006,2223573.6
2026-02-28 22:45:00,1.007,1.01,1.0,1.002,1243427.4
2026-02-28 23:00:00,1.003,1.004,0.997,0.998,555872.3
2026-02-28 23:15:00,0.999,1.0,0.996,0.998,582197.8
2026-02-28 23:30:00,0.998,1.0,0.996,0.998,809004.2
2026-02-28 23:45:00,0.999,1.005,0.999,1.005,1006002.4
2026-03-01 00:00:00,1.004,1.008,1.0,1.002,1361762.1
2026-03-01 00:15:00,1.002,1.003,0.996,0.997,1230493.8
2026-03-01 00:30:00,0.997,1.001,0.993,0.998,1526017.0
2026-03-01 00:45:00,0.998,0.999,0.995,0.995,548622.7
2026-03-01 01:00:00,0.995,0.996,0.985,0.988,1812426.0
2026-03-01 01:15:00,0.987,0.993,0.985,0.992,934609.0
2026-03-01 01:30:00,0.992,1.003,0.989,1.001,1334907.8
2026-03-01 01:45:00,1.001,1.024,1.0,1.014,3185206.0
2026-03-01 02:00:00,1.015,1.033,1.015,1.023,3547922.0
2026-03-01 02:15:00,1.023,1.026,1.015,1.018,1602042.4
2026-03-01 02:30:00,1.019,1.022,1.015,1.019,1582501.2
2026-03-01 02:45:00,1.019,1.021,1.012,1.013,1524398.8
2026-03-01 03:00:00,1.012,1.013,1.007,1.008,1583437.0
2026-03-01 03:15:00,1.008,1.01,1.0,1.003,2273359.1
2026-03-01 03:30:00,1.004,1.004,1.001,1.003,1617411.0
2026-03-01 03:45:00,1.004,1.004,0.995,0.998,3539563.1
2026-03-01 04:00:00,0.999,1.003,0.995,0.996,1390968.1
2026-03-01 04:15:00,0.995,0.998,0.989,0.993,2244207.3
2026-03-01 04:30:00,0.993,0.996,0.991,0.996,884657.4
2026-03-01 04:45:00,0.995,0.997,0.993,0.996,591467.9
2026-03-01 05:00:00,0.996,0.998,0.992,0.993,1065146.1
2026-03-01 05:15:00,0.993,0.997,0.993,0.993,561178.2
2026-03-01 05:30:00,0.994,0.995,0.993,0.994,590635.0
2026-03-01 05:45:00,0.993,0.996,0.993,0.995,341614.2
2026-03-01 06:00:00,0.995,0.995,0.985,0.988,2552542.0
2026-03-01 06:15:00,0.987,0.992,0.987,0.991,1657755.0
2026-03-01 06:30:00,0.991,0.991,0.985,0.988,1361384.5
2026-03-01 06:45:00,0.987,0.991,0.984,0.989,1032793.0
2026-03-01 07:00:00,0.988,0.99,0.985,0.987,931044.5
2026-03-01 07:15:00,0.987,0.991,0.984,0.988,915727.8
2026-03-01 07:30:00,0.987,0.993,0.986,0.99,1087614.6
2026-03-01 07:45:00,0.99,0.992,0.989,0.991,1001389.0
2026-03-01 08:00:00,0.991,0.993,0.987,0.991,1163721.1
2026-03-01 08:15:00,0.992,0.992,0.986,0.986,715673.3
2026-03-01 08:30:00,0.987,0.987,0.981,0.983,1115591.7
2026-03-01 08:45:00,0.983,0.983,0.971,0.974,3153923.3
2026-03-01 09:00:00,0.973,0.979,0.969,0.978,2115292.8
2026-03-01 09:15:00,0.977,0.984,0.977,0.981,1170300.4
2026-03-01 09:30:00,0.98,0.981,0.976,0.977,1388896.6
2026-03-01 09:45:00,0.978,0.979,0.974,0.977,1231701.6
2026-03-01 10:00:00,0.976,0.977,0.97,0.974,1286295.9
2026-03-01 10:15:00,0.974,0.976,0.972,0.974,617395.3
2026-03-01 10:30:00,0.974,0.982,0.974,0.978,1084490.8
2026-03-01 10:45:00,0.978,0.979,0.975,0.977,1557454.2
2026-03-01 11:00:00,0.977,0.978,0.974,0.975,668155.0
2026-03-01 11:15:00,0.976,0.978,0.975,0.976,802878.1
2026-03-01 11:30:00,0.976,0.979,0.973,0.975,738653.5
2026-03-01 11:45:00,0.975,0.977,0.974,0.977,558642.5
2026-03-01 12:00:00,0.977,0.977,0.974,0.975,616360.7
2026-03-01 12:15:00,0.976,0.981,0.975,0.977,1313565.0
2026-03-01 12:30:00,0.978,0.979,0.974,0.977,959651.5
2026-03-01 12:45:00,0.978,0.978,0.971,0.973,734883.9
2026-03-01 13:00:00,0.973,0.974,0.969,0.972,826532.7
2026-03-01 13:15:00,0.973,0.975,0.967,0.971,1637041.0
2026-03-01 13:30:00,0.97,0.973,0.969,0.972,715929.8
2026-03-01 13:45:00,0.971,0.995,0.97,0.987,4801334.8
2026-03-01 14:00:00,0.987,0.993,0.984,0.988,3295159.4
2026-03-01 14:15:00,0.988,0.99,0.982,0.983,1993032.6
2026-03-01 14:30:00,0.983,0.987,0.976,0.978,2096176.7
2026-03-01 14:45:00,0.977,0.981,0.976,0.98,1714007.5
2026-03-01 15:00:00,0.979,0.983,0.978,0.981,1334782.9
2026-03-01 15:15:00,0.981,0.983,0.977,0.981,1460516.2
2026-03-01 15:30:00,0.981,0.986,0.98,0.984,1143082.4
2026-03-01 15:45:00,0.985,0.986,0.975,0.976,1828067.5
2026-03-01 16:00:00,0.977,0.985,0.973,0.983,1891364.0
2026-03-01 16:15:00,0.984,0.987,0.98,0.985,2041905.5
2026-03-01 16:30:00,0.986,0.987,0.983,0.983,786558.4
2026-03-01 16:45:00,0.984,0.984,0.963,0.974,4000938.3
2026-03-01 17:00:00,0.974,0.976,0.97,0.972,2460999.9
2026-03-01 17:15:00,0.971,0.973,0.96,0.968,1798319.8
2026-03-01 17:30:00,0.968,0.969,0.965,0.968,1059132.7
2026-03-01 17:45:00,0.967,0.968,0.962,0.963,1780500.2
2026-03-01 18:00:00,0.962,0.978,0.962,0.973,2831367.1
2026-03-01 18:15:00,0.973,0.975,0.97,0.971,940240.9
2026-03-01 18:30:00,0.97,0.971,0.967,0.971,772691.7
2026-03-01 18:45:00,0.971,0.972,0.967,0.968,739083.8
2026-03-01 19:00:00,0.969,0.969,0.963,0.963,881299.6
2026-03-01 19:15:00,0.964,0.965,0.957,0.959,1340711.8
2026-03-01 19:30:00,0.958,0.964,0.957,0.959,1656156.1
2026-03-01 19:45:00,0.958,0.961,0.956,0.958,1265351.3
2026-03-01 20:00:00,0.958,0.96,0.948,0.95,2496537.5
2026-03-01 20:15:00,0.95,0.952,0.946,0.946,1713373.9
2026-03-01 20:30:00,0.946,0.949,0.94,0.943,3227732.9
2026-03-01 20:45:00,0.942,0.947,0.942,0.943,1746187.6
2026-03-01 21:00:00,0.943,0.949,0.942,0.947,1276123.5
2026-03-01 21:15:00,0.948,0.956,0.947,0.955,1675031.0
2026-03-01 21:30:00,0.954,0.957,0.953,0.955,1594222.6
2026-03-01 21:45:00,0.955,0.957,0.954,0.955,939130.0
2026-03-01 22:00:00,0.955,0.974,0.954,0.965,2205730.4
2026-03-01 22:15:00,0.965,0.968,0.959,0.961,1453471.1
2026-03-01 22:30:00,0.961,0.963,0.954,0.962,1516134.4
2026-03-01 22:45:00,0.962,0.963,0.956,0.957,915786.5
2026-03-01 23:00:00,0.957,0.972,0.955,0.967,2024349.5
2026-03-01 23:15:00,0.966,0.969,0.963,0.963,1539681.9
2026-03-01 23:30:00,0.963,0.968,0.961,0.964,1646432.7
2026-03-01 23:45:00,0.964,0.967,0.962,0.964,1070447.5
2026-03-02 00:00:00,0.964,0.968,0.963,0.965,1942227.5
2026-03-02 00:15:00,0.965,0.97,0.964,0.969,1306895.0
2026-03-02 00:30:00,0.969,0.979,0.968,0.978,1431377.8
2026-03-02 00:45:00,0.979,0.982,0.975,0.977,1624934.4
2026-03-02 01:00:00,0.978,0.99,0.975,0.987,2481384.6
2026-03-02 01:15:00,0.986,0.989,0.979,0.98,1212345.8
2026-03-02 01:30:00,0.981,0.985,0.979,0.983,838093.8
2026-03-02 01:45:00,0.983,0.986,0.981,0.981,845106.1
2026-03-02 02:00:00,0.982,0.984,0.97,0.975,2207369.4
2026-03-02 02:15:00,0.974,0.979,0.972,0.979,615647.8
2026-03-02 02:30:00,0.978,0.984,0.977,0.98,1041146.6
2026-03-02 02:45:00,0.98,0.982,0.976,0.979,1220923.3
2026-03-02 03:00:00,0.978,0.981,0.973,0.981,969565.2
2026-03-02 03:15:00,0.981,0.987,0.98,0.986,1466893.4
2026-03-02 03:30:00,0.986,0.988,0.983,0.985,1581581.1
2026-03-02 03:45:00,0.984,0.987,0.983,0.985,517888.2
2026-03-02 04:00:00,0.985,0.986,0.982,0.985,628432.0
2026-03-02 04:15:00,0.985,0.989,0.984,0.987,1083293.7
2026-03-02 04:30:00,0.988,0.992,0.985,0.988,1318669.3
2026-03-02 04:45:00,0.988,0.988,0.984,0.985,1070225.7
2026-03-02 05:00:00,0.986,0.986,0.976,0.979,742985.3
2026-03-02 05:15:00,0.979,0.981,0.977,0.98,432123.4
2026-03-02 05:30:00,0.979,0.984,0.977,0.982,790342.1
2026-03-02 05:45:00,0.981,0.982,0.974,0.975,724407.3
2026-03-02 06:00:00,0.975,0.978,0.974,0.978,723008.2
2026-03-02 06:15:00,0.978,0.978,0.965,0.971,1746111.2
2026-03-02 06:30:00,0.97,0.975,0.969,0.975,608284.1
2026-03-02 06:45:00,0.974,0.975,0.969,0.974,781098.8
2026-03-02 07:00:00,0.973,0.974,0.961,0.965,1766242.8
2026-03-02 07:15:00,0.964,0.972,0.961,0.971,923610.0
2026-03-02 07:30:00,0.971,0.975,0.97,0.973,854064.7
2026-03-02 07:45:00,0.973,0.975,0.97,0.975,820796.8
2026-03-02 08:00:00,0.974,0.976,0.967,0.976,1749687.5
2026-03-02 08:15:00,0.976,0.977,0.962,0.965,1801201.8
2026-03-02 08:30:00,0.964,0.971,0.964,0.969,1924589.9
2026-03-02 08:45:00,0.969,0.98,0.968,0.978,1032551.7
2026-03-02 09:00:00,0.978,0.983,0.975,0.982,1276248.7
2026-03-02 09:15:00,0.982,0.984,0.978,0.979,1422553.4
2026-03-02 09:30:00,0.979,0.982,0.977,0.98,1368684.1
2026-03-02 09:45:00,0.979,0.98,0.974,0.975,668392.4
2026-03-02 10:00:00,0.974,0.976,0.969,0.974,1511463.2
2026-03-02 10:15:00,0.973,0.974,0.972,0.972,305716.5
2026-03-02 10:30:00,0.973,0.974,0.97,0.971,785659.2
2026-03-02 10:45:00,0.972,0.975,0.969,0.974,1168995.2
2026-03-02 11:00:00,0.974,0.975,0.971,0.972,1159144.9
2026-03-02 11:15:00,0.973,0.976,0.971,0.973,533722.8
2026-03-02 11:30:00,0.973,0.975,0.97,0.971,956560.2
2026-03-02 11:45:00,0.971,0.976,0.97,0.973,1760526.6
2026-03-02 12:00:00,0.974,0.977,0.973,0.976,596731.2
2026-03-02 12:15:00,0.975,0.978,0.973,0.977,518592.1
2026-03-02 12:30:00,0.978,0.98,0.976,0.977,1300638.0
2026-03-02 12:45:00,0.977,0.978,0.975,0.975,197965.6
2026-03-02 13:00:00,0.976,0.977,0.971,0.974,882502.5
2026-03-02 13:15:00,0.974,0.983,0.973,0.976,1169977.0
2026-03-02 13:30:00,0.976,0.98,0.972,0.976,1649913.3
2026-03-02 13:45:00,0.975,0.976,0.971,0.973,1035122.5
2026-03-02 14:00:00,0.973,0.981,0.973,0.976,1591927.0
2026-03-02 14:15:00,0.977,0.98,0.973,0.975,1888828.0
2026-03-02 14:30:00,0.976,0.995,0.976,0.994,3152944.1
2026-03-02 14:45:00,0.994,1.007,0.99,1.001,2769570.4
2026-03-02 15:00:00,1.001,1.023,0.997,1.023,4366200.4
2026-03-02 15:15:00,1.023,1.027,1.014,1.021,4411386.6
2026-03-02 15:30:00,1.021,1.025,1.014,1.025,2864601.8
2026-03-02 15:45:00,1.024,1.028,1.014,1.02,2840322.6
2026-03-02 16:00:00,1.02,1.025,1.013,1.023,2082994.8
2026-03-02 16:15:00,1.023,1.024,1.013,1.015,2285295.0
2026-03-02 16:30:00,1.014,1.019,1.003,1.018,2564667.8
2026-03-02 16:45:00,1.017,1.022,1.008,1.009,1853398.1
2026-03-02 17:00:00,1.009,1.01,1.001,1.001,1227388.0
2026-03-02 17:15:00,1.001,1.004,0.995,1.0,2363495.0
2026-03-02 17:30:00,1.0,1.004,0.989,0.991,3719219.2
2026-03-02 17:45:00,0.99,1.0,0.988,0.999,1528984.9
2026-03-02 18:00:00,0.998,1.001,0.991,1.0,2112154.0
2026-03-02 18:15:00,1.001,1.002,0.997,0.997,1133422.8
2026-03-02 18:30:00,0.997,1.001,0.994,0.998,1365530.2
2026-03-02 18:45:00,0.998,1.001,0.993,0.994,2669709.2
2026-03-02 19:00:00,0.994,0.996,0.986,0.991,2369341.8
2026-03-02 19:15:00,0.99,0.996,0.99,0.995,1524284.6
2026-03-02 19:30:00,0.995,0.996,0.99,0.991,1900059.1
2026-03-02 19:45:00,0.991,0.995,0.99,0.993,561943.8
2026-03-02 20:00:00,0.994,1.0,0.986,0.99,2047052.7
2026-03-02 20:15:00,0.99,0.993,0.988,0.991,1359349.0
2026-03-02 20:30:00,0.992,0.994,0.99,0.993,740878.2
2026-03-02 20:45:00,0.994,0.996,0.991,0.991,1338879.6
2026-03-02 21:00:00,0.992,0.994,0.985,0.993,3039772.7
2026-03-02 21:15:00,0.994,0.997,0.989,0.995,1097495.2
2026-03-02 21:30:00,0.996,0.998,0.995,0.997,784795.0
2026-03-02 21:45:00,0.998,0.999,0.995,0.996,600860.2
2026-03-02 22:00:00,0.996,1.0,0.996,0.998,938923.8
2026-03-02 22:15:00,0.998,1.001,0.995,1.0,1000706.0
2026-03-02 22:30:00,1.0,1.002,0.995,0.996,1118206.6
2026-03-02 22:45:00,0.995,0.997,0.993,0.994,302646.4
2026-03-02 23:00:00,0.994,0.997,0.989,0.989,1769750.2
2026-03-02 23:15:00,0.989,0.991,0.983,0.985,1713202.9
2026-03-02 23:30:00,0.984,0.987,0.981,0.984,1314162.7
2026-03-02 23:45:00,0.983,0.987,0.981,0.987,792809.8
2026-03-03 00:00:00,0.987,0.987,0.981,0.985,1676174.0
2026-03-03 00:15:00,0.984,0.985,0.98,0.982,1097722.8
2026-03-03 00:30:00,0.982,0.988,0.977,0.986,1904384.5
2026-03-03 00:45:00,0.987,0.988,0.982,0.987,1549362.1
2026-03-03 01:00:00,0.987,0.991,0.983,0.99,1800463.6
2026-03-03 01:15:00,0.99,0.992,0.986,0.988,1471479.0
2026-03-03 01:30:00,0.988,0.994,0.986,0.993,1321872.3
2026-03-03 01:45:00,0.994,0.995,0.99,0.991,1637798.8
2026-03-03 02:00:00,0.991,0.993,0.987,0.99,1699567.9
2026-03-03 02:15:00,0.99,0.991,0.982,0.988,1659263.2
2026-03-03 02:30:00,0.987,0.994,0.987,0.993,1051186.0
2026-03-03 02:45:00,0.994,0.998,0.991,0.998,1682952.2
2026-03-03 03:00:00,0.998,1.003,0.988,0.991,3902983.4
2026-03-03 03:15:00,0.99,0.992,0.987,0.991,1279962.3
2026-03-03 03:30:00,0.99,0.999,0.99,0.998,983510.2
2026-03-03 03:45:00,0.999,1.0,0.995,0.996,1218350.9
2026-03-03 04:00:00,0.996,0.998,0.991,0.993,1526027.7
2026-03-03 04:15:00,0.992,0.997,0.992,0.992,1083762.7
2026-03-03 04:30:00,0.993,0.995,0.99,0.993,1062788.4
2026-03-03 04:45:00,0.993,0.994,0.988,0.99,862531.4
2026-03-03 05:00:00,0.99,0.994,0.983,0.993,2685085.1
2026-03-03 05:15:00,0.993,0.996,0.992,0.992,1610001.0
2026-03-03 05:30:00,0.992,0.993,0.987,0.991,1411591.6
2026-03-03 05:45:00,0.992,0.993,0.985,0.99,1361333.3
2026-03-03 06:00:00,0.989,0.992,0.987,0.988,1237362.3
2026-03-03 06:15:00,0.988,0.988,0.983,0.984,1381395.8
2026-03-03 06:30:00,0.985,0.99,0.984,0.988,1158914.4
2026-03-03 06:45:00,0.989,0.99,0.985,0.988,643257.2
2026-03-03 07:00:00,0.988,0.99,0.986,0.987,1095901.5
2026-03-03 07:15:00,0.987,0.995,0.987,0.99,1672478.4
2026-03-03 07:30:00,0.991,0.991,0.983,0.984,1185236.1
2026-03-03 07:45:00,0.984,0.986,0.98,0.985,1625581.0
2026-03-03 08:00:00,0.984,0.988,0.982,0.984,943716.8
2026-03-03 08:15:00,0.983,0.988,0.981,0.984,2076339.9
2026-03-03 08:30:00,0.984,0.988,0.979,0.98,1811345.9
2026-03-03 08:45:00,0.981,0.981,0.974,0.976,2008871.0
2026-03-03 09:00:00,0.976,0.981,0.975,0.979,1881310.1
2026-03-03 09:15:00,0.98,0.985,0.974,0.976,1606573.0
2026-03-03 09:30:00,0.975,0.98,0.971,0.976,2480787.4
2026-03-03 09:45:00,0.977,0.978,0.973,0.973,1098140.4
2026-03-03 10:00:00,0.973,0.974,0.971,0.973,832324.7
2026-03-03 10:15:00,0.973,0.979,0.97,0.977,1701181.2
2026-03-03 10:30:00,0.978,0.992,0.975,0.978,4925113.7
2026-03-03 10:45:00,0.979,0.986,0.978,0.983,1389313.5
2026-03-03 11:00:00,0.983,0.987,0.981,0.984,792461.2
2026-03-03 11:15:00,0.985,0.986,0.98,0.984,580851.4
2026-03-03 11:30:00,0.984,0.99,0.982,0.983,750588.6
2026-03-03 11:45:00,0.983,0.985,0.978,0.981,1225586.8
2026-03-03 12:00:00,0.982,1.0,0.981,0.995,1119904.8
2026-03-03 12:15:00,0.994,0.995,0.988,0.989,885245.3
2026-03-03 12:30:00,0.989,0.992,0.986,0.99,747621.8
2026-03-03 12:45:00,0.99,0.993,0.988,0.993,665979.4
2026-03-03 13:00:00,0.992,0.993,0.985,0.986,1063982.6
2026-03-03 13:15:00,0.985,0.989,0.985,0.986,663825.9
2026-03-03 13:30:00,0.986,0.987,0.982,0.985,1105322.8
2026-03-03 13:45:00,0.985,0.987,0.981,0.984,1709208.0
2026-03-03 14:00:00,0.984,0.988,0.982,0.983,1884728.7
2026-03-03 14:15:00,0.983,0.989,0.981,0.987,1322961.7
2026-03-03 14:30:00,0.988,0.997,0.977,0.98,3707376.3
2026-03-03 14:45:00,0.979,0.986,0.971,0.98,2611931.5
2026-03-03 15:00:00,0.98,0.987,0.978,0.982,1927624.7
2026-03-03 15:15:00,0.982,0.985,0.973,0.98,1189866.4
2026-03-03 15:30:00,0.98,1.002,0.98,0.993,2890001.7
2026-03-03 15:45:00,0.994,0.999,0.991,0.995,1044594.8
2026-03-03 16:00:00,0.996,1.007,0.994,1.0,3021134.0
2026-03-03 16:15:00,1.001,1.012,0.997,1.008,1760152.2
2026-03-03 16:30:00,1.009,1.009,0.986,0.993,1958784.1
2026-03-03 16:45:00,0.993,1.003,0.993,1.0,2313147.2
2026-03-03 17:00:00,1.0,1.0,0.988,0.992,2377041.6
2026-03-03 17:15:00,0.992,0.998,0.99,0.996,1072078.3
2026-03-03 17:30:00,0.997,0.999,0.991,0.998,1428911.3
2026-03-03 17:45:00,0.998,1.003,0.994,1.0,1893210.3
2026-03-03 18:00:00,1.0,1.002,0.995,0.997,1646216.4
2026-03-03 18:15:00,0.996,1.006,0.996,1.003,2007042.1
2026-03-03 18:30:00,1.003,1.011,1.001,1.004,1784837.7
2026-03-03 18:45:00,1.003,1.005,0.999,1.003,805362.0
2026-03-03 19:00:00,1.002,1.003,0.997,1.001,1336593.8
2026-03-03 19:15:00,1.002,1.004,0.998,1.0,1284767.3
2026-03-03 19:30:00,1.001,1.006,0.997,1.004,1623968.4
2026-03-03 19:45:00,1.005,1.007,1.001,1.002,1200278.4
2026-03-03 20:00:00,1.002,1.004,0.997,0.997,1519531.1
2026-03-03 20:15:00,0.996,1.0,0.996,0.997,1565938.6
2026-03-03 20:30:00,0.998,1.003,0.997,0.999,1037276.8
2026-03-03 20:45:00,0.999,1.001,0.995,0.999,2148803.4
2026-03-03 21:00:00,0.998,1.0,0.993,0.997,1635036.7
2026-03-03 21:15:00,0.996,0.998,0.989,0.99,1545855.6
2026-03-03 21:30:00,0.99,0.994,0.99,0.993,375498.8
2026-03-03 21:45:00,0.993,0.996,0.991,0.995,367685.4
2026-03-03 22:00:00,0.994,1.004,0.994,0.999,1376367.2
2026-03-03 22:15:00,0.999,1.0,0.995,0.998,593719.5
2026-03-03 22:30:00,0.997,1.001,0.997,1.001,307529.2
2026-03-03 22:45:00,1.001,1.001,0.998,1.0,281055.0
2026-03-03 23:00:00,0.999,1.007,0.998,1.004,1284306.3
2026-03-03 23:15:00,1.004,1.005,0.999,1.001,961733.1
2026-03-03 23:30:00,1.001,1.002,0.999,1.001,452033.8
2026-03-03 23:45:00,1.001,1.003,0.998,0.999,295090.6
2026-03-04 00:00:00,0.999,1.001,0.998,1.0,564634.0
2026-03-04 00:15:00,1.0,1.006,1.0,1.001,1142524.1
2026-03-04 00:30:00,1.001,1.002,0.993,0.997,1463223.8
2026-03-04 00:45:00,0.996,1.004,0.996,1.0,1094271.5
2026-03-04 01:00:00,1.0,1.0,0.996,0.998,968667.7
2026-03-04 01:15:00,0.997,1.002,0.996,1.001,652523.4
2026-03-04 01:30:00,1.001,1.009,0.999,1.006,1685461.7
2026-03-04 01:45:00,1.007,1.007,1.001,1.003,938065.7
2026-03-04 02:00:00,1.002,1.004,0.996,0.999,1818441.2
2026-03-04 02:15:00,0.999,1.001,0.996,1.0,632263.1
2026-03-04 02:30:00,0.999,1.004,0.997,1.003,1350858.2
2026-03-04 02:45:00,1.004,1.01,1.002,1.009,744131.6
2026-03-04 03:00:00,1.009,1.014,1.003,1.012,2190003.0
2026-03-04 03:15:00,1.012,1.013,1.002,1.004,1405917.3
2026-03-04 03:30:00,1.003,1.005,0.996,1.002,1692424.2
2026-03-04 03:45:00,1.001,1.007,0.999,1.006,1227159.7
2026-03-04 04:00:00,1.006,1.008,0.999,1.0,1238992.8
2026-03-04 04:15:00,1.0,1.001,0.992,0.992,1655821.1
2026-03-04 04:30:00,0.992,0.995,0.991,0.994,1090007.3
2026-03-04 04:45:00,0.995,1.001,0.993,0.999,793611.6
2026-03-04 05:00:00,1.0,1.002,0.996,1.0,915317.2
2026-03-04 05:15:00,1.001,1.001,0.995,0.995,477969.3
2026-03-04 05:30:00,0.995,1.003,0.994,1.001,1077400.7
2026-03-04 05:45:00,1.002,1.004,1.0,1.001,827961.2
2026-03-04 06:00:00,1.002,1.002,0.995,0.996,879044.1
2026-03-04 06:15:00,0.996,0.998,0.995,0.995,467451.1
2026-03-04 06:30:00,0.995,1.006,0.995,1.003,918640.5
2026-03-04 06:45:00,1.004,1.005,0.999,1.0,1239174.1
2026-03-04 07:00:00,1.0,1.003,0.997,0.998,1247531.9
2026-03-04 07:15:00,0.998,1.004,0.998,1.004,1189697.3
2026-03-04 07:30:00,1.004,1.005,1.0,1.002,1617161.0
2026-03-04 07:45:00,1.003,1.009,1.0,1.007,2149736.3
2026-03-04 08:00:00,1.006,1.012,1.005,1.008,2321181.5
2026-03-04 08:15:00,1.009,1.009,1.004,1.005,868078.2
2026-03-04 08:30:00,1.005,1.012,1.005,1.011,1780307.9
2026-03-04 08:45:00,1.012,1.028,1.011,1.026,4116858.5
2026-03-04 09:00:00,1.027,1.029,1.02,1.024,3461821.1
2026-03-04 09:15:00,1.025,1.028,1.023,1.025,2367341.5
2026-03-04 09:30:00,1.026,1.033,1.023,1.028,3589406.5
2026-03-04 09:45:00,1.028,1.031,1.021,1.024,2013166.0
2026-03-04 10:00:00,1.023,1.028,1.021,1.024,1965703.7
2026-03-04 10:15:00,1.025,1.026,1.018,1.018,1556742.4
2026-03-04 10:30:00,1.018,1.021,1.016,1.018,1446169.5
2026-03-04 10:45:00,1.018,1.021,1.015,1.018,1649066.6
2026-03-04 11:00:00,1.019,1.022,1.017,1.022,567691.1
2026-03-04 11:15:00,1.022,1.022,1.017,1.017,409892.4
2026-03-04 11:30:00,1.017,1.019,1.009,1.012,1905026.1
2026-03-04 11:45:00,1.011,1.019,1.01,1.015,2781014.0
2026-03-04 12:00:00,1.016,1.017,1.01,1.012,1688709.4
2026-03-04 12:15:00,1.012,1.013,1.003,1.005,1249807.1
2026-03-04 12:30:00,1.004,1.008,1.002,1.006,1380728.5
2026-03-04 12:45:00,1.007,1.01,1.006,1.009,923544.1
2026-03-04 13:00:00,1.01,1.014,1.008,1.011,1319785.3
2026-03-04 13:15:00,1.012,1.014,1.009,1.012,636870.0
2026-03-04 13:30:00,1.013,1.015,1.011,1.014,1181004.9
2026-03-04 13:45:00,1.014,1.018,1.01,1.014,1211849.9
2026-03-04 14:00:00,1.014,1.02,1.013,1.019,2511317.0
2026-03-04 14:15:00,1.02,1.022,1.017,1.02,789941.1
2026-03-04 14:30:00,1.02,1.035,1.013,1.013,4666539.8
2026-03-04 14:45:00,1.013,1.016,1.008,1.014,2487987.0
2026-03-04 15:00:00,1.015,1.022,1.012,1.013,3800717.0
2026-03-04 15:15:00,1.014,1.028,1.013,1.028,2966613.0
2026-03-04 15:30:00,1.027,1.031,1.022,1.023,2210387.2
2026-03-04 15:45:00,1.024,1.033,1.023,1.033,2056469.9
2026-03-04 16:00:00,1.033,1.034,1.019,1.02,8417268.7
2026-03-04 16:15:00,1.021,1.023,1.014,1.019,2874406.6
2026-03-04 16:30:00,1.019,1.023,1.017,1.019,1488648.2
2026-03-04 16:45:00,1.02,1.023,1.018,1.021,1355287.5
2026-03-04 17:00:00,1.021,1.023,1.017,1.02,2254003.0
2026-03-04 17:15:00,1.019,1.021,1.01,1.013,1987368.4
2026-03-04 17:30:00,1.012,1.018,1.012,1.018,2197255.6
2026-03-04 17:45:00,1.018,1.023,1.017,1.02,1346359.5
2026-03-04 18:00:00,1.02,1.021,1.013,1.015,2142048.7
2026-03-04 18:15:00,1.014,1.02,1.014,1.02,1088305.2
2026-03-04 18:30:00,1.02,1.021,1.014,1.019,1296985.2
2026-03-04 18:45:00,1.019,1.024,1.019,1.024,1274389.4
2026-03-04 19:00:00,1.023,1.031,1.021,1.028,2219722.2
2026-03-04 19:15:00,1.028,1.036,1.027,1.03,2450017.2
2026-03-04 19:30:00,1.029,1.034,1.026,1.033,1838440.3
2026-03-04 19:45:00,1.033,1.033,1.028,1.032,840169.7
2026-03-04 20:00:00,1.032,1.033,1.027,1.029,1362524.8
2026-03-04 20:15:00,1.028,1.033,1.026,1.031,1531938.4
2026-03-04 20:30:00,1.031,1.031,1.027,1.03,1566887.9
2026-03-04 20:45:00,1.029,1.031,1.024,1.025,992369.6
2026-03-04 21:00:00,1.025,1.027,1.023,1.024,1508152.7
2026-03-04 21:15:00,1.023,1.027,1.021,1.026,1236964.5
2026-03-04 21:30:00,1.026,1.029,1.023,1.028,970898.8
2026-03-04 21:45:00,1.028,1.03,1.027,1.03,740849.1
2026-03-04 22:00:00,1.03,1.033,1.028,1.031,1638253.0
2026-03-04 22:15:00,1.03,1.034,1.029,1.032,727021.9
2026-03-04 22:30:00,1.032,1.032,1.025,1.027,951387.7
2026-03-04 22:45:00,1.026,1.027,1.022,1.024,872482.2
2026-03-04 23:00:00,1.023,1.025,1.02,1.022,2123023.8
2026-03-04 23:15:00,1.021,1.022,1.005,1.015,2540038.8
2026-03-04 23:30:00,1.014,1.023,1.012,1.023,1676133.1
2026-03-04 23:45:00,1.023,1.026,1.021,1.023,1090126.3
2026-03-05 00:00:00,1.024,1.024,1.019,1.022,1780884.6
2026-03-05 00:15:00,1.021,1.023,1.019,1.02,1349168.2
2026-03-05 00:30:00,1.019,1.02,1.016,1.019,929326.4
2026-03-05 00:45:00,1.018,1.023,1.017,1.019,914543.6
2026-03-05 01:00:00,1.019,1.025,1.016,1.023,1472673.6
2026-03-05 01:15:00,1.023,1.024,1.018,1.02,947845.3
2026-03-05 01:30:00,1.019,1.02,1.014,1.015,1488584.4
2026-03-05 01:45:00,1.014,1.016,1.01,1.013,1384398.6
2026-03-05 02:00:00,1.012,1.021,1.011,1.02,2241543.4
2026-03-05 02:15:00,1.02,1.022,1.018,1.02,624620.8
2026-03-05 02:30:00,1.019,1.02,1.013,1.015,1167747.7
2026-03-05 02:45:00,1.014,1.02,1.014,1.019,1977495.3
2026-03-05 03:00:00,1.019,1.023,1.018,1.022,1111605.4
2026-03-05 03:15:00,1.021,1.023,1.019,1.021,917521.5
2026-03-05 03:30:00,1.02,1.022,1.018,1.021,608950.1
2026-03-05 03:45:00,1.02,1.026,1.02,1.023,725530.7
2026-03-05 04:00:00,1.024,1.025,1.021,1.023,1447391.5
2026-03-05 04:15:00,1.023,1.028,1.022,1.025,842520.9
2026-03-05 04:30:00,1.026,1.026,1.021,1.026,1216034.0
2026-03-05 04:45:00,1.025,1.028,1.023,1.023,1269330.2
2026-03-05 05:00:00,1.023,1.028,1.023,1.027,603145.3
2026-03-05 05:15:00,1.028,1.028,1.02,1.02,1247655.2
2026-03-05 05:30:00,1.02,1.021,1.016,1.017,1771563.2
2026-03-05 05:45:00,1.017,1.019,1.016,1.019,739151.7
2026-03-05 06:00:00,1.018,1.019,1.013,1.014,2377240.6
2026-03-05 06:15:00,1.014,1.017,1.011,1.015,1225764.0
2026-03-05 06:30:00,1.015,1.017,1.014,1.015,749636.1
2026-03-05 06:45:00,1.015,1.024,1.015,1.021,1295658.6
2026-03-05 07:00:00,1.022,1.025,1.018,1.021,2194068.2
2026-03-05 07:15:00,1.021,1.023,1.017,1.021,3574749.2
2026-03-05 07:30:00,1.022,1.025,1.02,1.023,1510473.6
2026-03-05 07:45:00,1.024,1.028,1.017,1.026,2360319.3
2026-03-05 08:00:00,1.027,1.031,1.025,1.028,2205752.8
2026-03-05 08:15:00,1.028,1.03,1.021,1.025,1937130.0
2026-03-05 08:30:00,1.025,1.033,1.024,1.03,1846752.6
2026-03-05 08:45:00,1.031,1.042,1.03,1.039,2136748.8
2026-03-05 09:00:00,1.04,1.043,1.035,1.035,2241576.3
2026-03-05 09:15:00,1.036,1.039,1.032,1.037,2163454.6
2026-03-05 09:30:00,1.038,1.038,1.029,1.029,1381517.7
2026-03-05 09:45:00,1.029,1.03,1.025,1.028,1351368.7
2026-03-05 10:00:00,1.028,1.029,1.024,1.026,1508250.0
2026-03-05 10:15:00,1.026,1.035,1.025,1.032,2318765.4
2026-03-05 10:30:00,1.033,1.039,1.031,1.034,1883740.4
2026-03-05 10:45:00,1.035,1.039,1.034,1.035,1004085.4
2026-03-05 11:00:00,1.036,1.037,1.032,1.035,986838.3
2026-03-05 11:15:00,1.036,1.036,1.03,1.034,2266630.5
2026-03-05 11:30:00,1.034,1.035,1.024,1.025,1049151.0
2026-03-05 11:45:00,1.025,1.029,1.025,1.027,572548.4
2026-03-05 12:00:00,1.028,1.03,1.024,1.026,1141461.7
2026-03-05 12:15:00,1.026,1.031,1.024,1.029,1251887.9
2026-03-05 12:30:00,1.03,1.033,1.027,1.031,1454085.3
2026-03-05 12:45:00,1.031,1.034,1.03,1.031,1776544.5
2026-03-05 13:00:00,1.031,1.032,1.027,1.029,1051118.4
2026-03-05 13:15:00,1.029,1.032,1.026,1.031,1969682.1
2026-03-05 13:30:00,1.031,1.032,1.024,1.029,1548719.5
2026-03-05 13:45:00,1.028,1.034,1.027,1.031,1313744.5
2026-03-05 14:00:00,1.031,1.033,1.027,1.032,1525704.7
2026-03-05 14:15:00,1.033,1.033,1.027,1.031,2083813.1
2026-03-05 14:30:00,1.031,1.04,1.029,1.03,2551897.3
2026-03-05 14:45:00,1.031,1.042,1.03,1.039,1699094.8
2026-03-05 15:00:00,1.039,1.04,1.019,1.024,3288647.7
2026-03-05 15:15:00,1.023,1.025,1.013,1.014,2628207.7
2026-03-05 15:30:00,1.014,1.022,1.011,1.018,2468774.7
2026-03-05 15:45:00,1.018,1.02,1.01,1.013,2388975.8
2026-03-05 16:00:00,1.013,1.014,0.992,0.999,6682300.2
2026-03-05 16:15:00,1.0,1.006,0.999,1.006,2927342.0
2026-03-05 16:30:00,1.006,1.013,1.003,1.011,1827116.1
2026-03-05 16:45:00,1.011,1.013,1.007,1.009,1317201.9
2026-03-05 17:00:00,1.008,1.014,1.003,1.006,2680162.9
2026-03-05 17:15:00,1.005,1.005,0.999,1.001,1530920.0
2026-03-05 17:30:00,1.0,1.002,0.995,1.0,2493424.0
2026-03-05 17:45:00,0.999,1.002,0.997,0.998,1503600.5
2026-03-05 18:00:00,0.998,1.003,0.996,1.001,1476954.8
2026-03-05 18:15:00,1.002,1.008,1.001,1.005,2024578.1
2026-03-05 18:30:00,1.005,1.01,1.003,1.009,1692354.8
2026-03-05 18:45:00,1.009,1.011,1.007,1.01,1039651.6
2026-03-05 19:00:00,1.01,1.024,1.009,1.024,1827471.6
2026-03-05 19:15:00,1.024,1.027,1.017,1.02,1593950.9
2026-03-05 19:30:00,1.019,1.02,1.012,1.014,1104644.3
2026-03-05 19:45:00,1.014,1.017,1.012,1.013,694196.1
2026-03-05 20:00:00,1.013,1.019,1.011,1.018,1665412.4
2026-03-05 20:15:00,1.018,1.024,1.017,1.022,1806846.8
2026-03-05 20:30:00,1.022,1.025,1.02,1.021,750695.5
2026-03-05 20:45:00,1.02,1.022,1.017,1.02,1033102.2
2026-03-05 21:00:00,1.02,1.021,1.016,1.017,641431.0
2026-03-05 21:15:00,1.016,1.022,1.016,1.02,1187415.7
2026-03-05 21:30:00,1.02,1.021,1.011,1.014,1614139.0
2026-03-05 21:45:00,1.013,1.016,1.01,1.014,941060.6
2026-03-05 22:00:00,1.014,1.015,1.008,1.01,922912.1
2026-03-05 22:15:00,1.009,1.012,1.008,1.009,1325613.8
2026-03-05 22:30:00,1.009,1.013,1.008,1.013,823879.7
2026-03-05 22:45:00,1.013,1.014,1.01,1.01,440909.1
2026-03-05 23:00:00,1.01,1.013,1.009,1.012,1105562.2
2026-03-05 23:15:00,1.012,1.015,1.01,1.013,838625.7
2026-03-05 23:30:00,1.013,1.013,1.009,1.01,1289834.1
2026-03-05 23:45:00,1.009,1.013,1.008,1.011,1059192.8
2026-03-06 00:00:00,1.011,1.013,1.01,1.012,1233761.0
2026-03-06 00:15:00,1.013,1.013,1.008,1.01,497322.6
2026-03-06 00:30:00,1.009,1.011,1.008,1.009,418479.2
2026-03-06 00:45:00,1.01,1.01,1.007,1.009,776791.6
2026-03-06 01:00:00,1.008,1.009,1.005,1.006,737171.4
2026-03-06 01:15:00,1.006,1.008,1.002,1.004,1596649.2
2026-03-06 01:30:00,1.003,1.018,1.003,1.016,1425727.6
2026-03-06 01:45:00,1.017,1.018,1.013,1.015,941630.0
2026-03-06 02:00:00,1.016,1.018,1.013,1.018,517130.7
2026-03-06 02:15:00,1.018,1.019,1.012,1.016,1209731.8
2026-03-06 02:30:00,1.016,1.019,1.015,1.017,1333268.1
2026-03-06 02:45:00,1.018,1.019,1.014,1.017,1069732.2
2026-03-06 03:00:00,1.018,1.02,1.015,1.015,927026.0
2026-03-06 03:15:00,1.015,1.02,1.015,1.017,629332.0
2026-03-06 03:30:00,1.018,1.019,1.015,1.016,1156541.9
2026-03-06 03:45:00,1.016,1.021,1.016,1.021,501500.8
2026-03-06 04:00:00,1.021,1.022,1.015,1.015,1072773.5
2026-03-06 04:15:00,1.015,1.017,1.014,1.015,511751.0
2026-03-06 04:30:00,1.016,1.017,1.007,1.009,1292448.5
2026-03-06 04:45:00,1.009,1.014,1.009,1.013,947776.9
2026-03-06 05:00:00,1.014,1.015,1.011,1.013,1293240.9
2026-03-06 05:15:00,1.014,1.017,1.009,1.01,644587.6
2026-03-06 05:30:00,1.01,1.012,1.006,1.007,1587067.4
2026-03-06 05:45:00,1.007,1.015,1.006,1.013,1643421.3
2026-03-06 06:00:00,1.013,1.016,1.011,1.014,798420.4
2026-03-06 06:15:00,1.014,1.018,1.013,1.015,1062713.3
2026-03-06 06:30:00,1.014,1.015,1.012,1.015,286609.3
2026-03-06 06:45:00,1.015,1.018,1.013,1.015,567043.9
2026-03-06 07:00:00,1.016,1.017,1.012,1.013,681314.1
2026-03-06 07:15:00,1.013,1.02,1.012,1.019,427559.4
2026-03-06 07:30:00,1.02,1.02,1.017,1.02,512875.6
2026-03-06 07:45:00,1.019,1.022,1.019,1.019,889637.4
2026-03-06 08:00:00,1.02,1.021,1.016,1.017,543402.8
2026-03-06 08:15:00,1.017,1.019,1.015,1.017,899704.1
2026-03-06 08:30:00,1.017,1.017,1.012,1.013,811149.8
2026-03-06 08:45:00,1.013,1.016,1.011,1.013,697606.7
2026-03-06 09:00:00,1.014,1.015,1.007,1.009,947122.9
2026-03-06 09:15:00,1.009,1.01,1.001,1.002,2070085.9
2026-03-06 09:30:00,1.002,1.004,0.998,1.002,1718374.1
2026-03-06 09:45:00,1.003,1.005,1.001,1.004,882566.2
2026-03-06 10:00:00,1.005,1.012,1.003,1.012,890933.2
2026-03-06 10:15:00,1.011,1.017,1.01,1.017,1275981.6
2026-03-06 10:30:00,1.016,1.018,1.012,1.013,1776201.3
2026-03-06 10:45:00,1.013,1.017,1.012,1.014,1270040.7
2026-03-06 11:00:00,1.014,1.014,1.007,1.009,1711482.5
2026-03-06 11:15:00,1.008,1.009,1.005,1.006,1017897.6
2026-03-06 11:30:00,1.006,1.007,1.003,1.004,532966.9
2026-03-06 11:45:00,1.004,1.008,1.002,1.006,1959679.2
2026-03-06 12:00:00,1.007,1.008,0.998,1.002,1821672.8
2026-03-06 12:15:00,1.002,1.011,1.002,1.009,778221.9
2026-03-06 12:30:00,1.01,1.011,1.0,1.002,1308216.3
2026-03-06 12:45:00,1.001,1.005,1.0,1.002,1189195.8
2026-03-06 13:00:00,1.002,1.005,1.001,1.003,585830.1
2026-03-06 13:15:00,1.004,1.008,1.002,1.006,1256726.1
2026-03-06 13:30:00,1.005,1.013,0.99,1.006,3639427.6
2026-03-06 13:45:00,1.006,1.006,0.991,0.992,5036454.2
2026-03-06 14:00:00,0.991,0.993,0.978,0.982,5512999.4
2026-03-06 14:15:00,0.983,0.988,0.981,0.984,1800732.2
2026-03-06 14:30:00,0.984,0.988,0.968,0.977,6924294.0
2026-03-06 14:45:00,0.977,0.981,0.969,0.975,2519350.4
2026-03-06 15:00:00,0.975,0.984,0.974,0.979,2738858.5
2026-03-06 15:15:00,0.979,0.982,0.977,0.978,2356218.7
2026-03-06 15:30:00,0.979,0.986,0.977,0.978,2077720.3
2026-03-06 15:45:00,0.978,0.978,0.971,0.976,2436044.9
2026-03-06 16:00:00,0.977,0.979,0.972,0.973,1529881.7
2026-03-06 16:15:00,0.973,0.975,0.971,0.974,1015975.9
2026-03-06 16:30:00,0.975,0.981,0.973,0.978,1126786.9
2026-03-06 16:45:00,0.979,0.981,0.973,0.975,1989021.7
2026-03-06 17:00:00,0.975,0.979,0.974,0.974,1325381.5
2026-03-06 17:15:00,0.974,0.979,0.972,0.974,1443916.1
2026-03-06 17:30:00,0.975,0.975,0.963,0.964,2031163.8
2026-03-06 17:45:00,0.965,0.97,0.964,0.968,638843.6
2026-03-06 18:00:00,0.968,0.974,0.967,0.974,1464618.9
2026-03-06 18:15:00,0.974,0.975,0.972,0.973,898406.0
2026-03-06 18:30:00,0.974,0.976,0.972,0.974,856763.3
2026-03-06 18:45:00,0.975,0.978,0.973,0.974,1101828.0
2026-03-06 19:00:00,0.975,0.98,0.974,0.979,758631.0
2026-03-06 19:15:00,0.98,0.981,0.976,0.977,1371406.7
2026-03-06 19:30:00,0.977,0.978,0.972,0.972,1078992.1
2026-03-06 19:45:00,0.973,0.974,0.971,0.974,342559.3
2026-03-06 20:00:00,0.974,0.976,0.971,0.974,559617.7
2026-03-06 20:15:00,0.974,0.975,0.97,0.97,518555.9
2026-03-06 20:30:00,0.97,0.975,0.969,0.973,876119.2
2026-03-06 20:45:00,0.974,0.978,0.973,0.977,274317.0
2026-03-06 21:00:00,0.977,0.978,0.975,0.976,521185.8
2026-03-06 21:15:00,0.975,0.977,0.973,0.974,354490.0
2026-03-06 21:30:00,0.974,0.976,0.973,0.975,233524.4
2026-03-06 21:45:00,0.975,0.977,0.974,0.977,371498.6
2026-03-06 22:00:00,0.977,0.978,0.976,0.977,310495.8
2026-03-06 22:15:00,0.976,0.978,0.975,0.977,236937.6
2026-03-06 22:30:00,0.978,0.979,0.976,0.979,380063.0
2026-03-06 22:45:00,0.979,0.981,0.978,0.979,322515.9
2026-03-06 23:00:00,0.98,0.981,0.977,0.978,411069.5
2026-03-06 23:15:00,0.978,0.981,0.978,0.979,614993.2
2026-03-06 23:30:00,0.98,0.98,0.977,0.977,364818.6
2026-03-06 23:45:00,0.977,0.978,0.975,0.976,875651.7
2026-03-07 00:00:00,0.976,0.98,0.976,0.977,484123.4
2026-03-07 00:15:00,0.978,0.98,0.976,0.979,487499.0
2026-03-07 00:30:00,0.979,0.982,0.978,0.98,576358.3
2026-03-07 00:45:00,0.98,0.981,0.979,0.979,203791.4
2026-03-07 01:00:00,0.979,0.98,0.975,0.975,337041.8
2026-03-07 01:15:00,0.975,0.979,0.975,0.979,517742.5
2026-03-07 01:30:00,0.978,0.98,0.978,0.978,214501.4
2026-03-07 01:45:00,0.978,0.98,0.976,0.976,454364.7
2026-03-07 02:00:00,0.976,0.979,0.975,0.977,398404.7
2026-03-07 02:15:00,0.978,0.979,0.974,0.975,573548.7
2026-03-07 02:30:00,0.975,0.976,0.973,0.975,182392.2
2026-03-07 02:45:00,0.974,0.978,0.974,0.978,614386.3
2026-03-07 03:00:00,0.978,0.98,0.976,0.979,1034288.0
2026-03-07 03:15:00,0.978,0.979,0.973,0.974,427476.7
2026-03-07 03:30:00,0.973,0.974,0.971,0.972,626499.3
2026-03-07 03:45:00,0.971,0.974,0.97,0.972,292510.3
2026-03-07 04:00:00,0.971,0.971,0.964,0.965,1857948.7
2026-03-07 04:15:00,0.965,0.971,0.965,0.97,705437.8
2026-03-07 04:30:00,0.97,0.974,0.969,0.974,405586.1
2026-03-07 04:45:00,0.974,0.974,0.969,0.972,987675.3
2026-03-07 05:00:00,0.971,0.974,0.971,0.974,533401.0
2026-03-07 05:15:00,0.974,0.975,0.972,0.974,204830.6
2026-03-07 05:30:00,0.974,0.974,0.972,0.973,376395.7
2026-03-07 05:45:00,0.972,0.974,0.972,0.973,135930.0
2026-03-07 06:00:00,0.973,0.974,0.97,0.971,197517.4
2026-03-07 06:15:00,0.971,0.972,0.968,0.968,366121.0
2026-03-07 06:30:00,0.969,0.97,0.967,0.969,412663.3
2026-03-07 06:45:00,0.968,0.969,0.965,0.966,342290.6
2026-03-07 07:00:00,0.965,0.967,0.963,0.967,896141.2
2026-03-07 07:15:00,0.967,0.967,0.963,0.965,241431.9
2026-03-07 07:30:00,0.964,0.968,0.964,0.968,353854.2
2026-03-07 07:45:00,0.968,0.97,0.967,0.969,505462.2
2026-03-07 08:00:00,0.969,0.973,0.968,0.973,318586.0
2026-03-07 08:15:00,0.973,0.975,0.972,0.974,566630.2
2026-03-07 08:30:00,0.973,0.976,0.973,0.974,584371.2
2026-03-07 08:45:00,0.974,0.976,0.97,0.971,1130303.9
2026-03-07 09:00:00,0.971,0.972,0.969,0.971,357222.5
2026-03-07 09:15:00,0.971,0.974,0.971,0.973,323178.8
2026-03-07 09:30:00,0.973,0.975,0.972,0.974,497760.3
2026-03-07 09:45:00,0.975,0.976,0.974,0.974,344831.8
2026-03-07 10:00:00,0.975,0.977,0.973,0.977,611756.7
2026-03-07 10:15:00,0.976,0.977,0.973,0.975,423661.6
2026-03-07 10:30:00,0.974,0.976,0.973,0.976,186150.5
2026-03-07 10:45:00,0.975,0.977,0.974,0.975,365055.5
2026-03-07 11:00:00,0.975,0.981,0.974,0.981,1036380.7
2026-03-07 11:15:00,0.981,0.983,0.98,0.98,782808.9
2026-03-07 11:30:00,0.981,0.981,0.977,0.977,258473.9
2026-03-07 11:45:00,0.978,0.979,0.976,0.977,283805.7
2026-03-07 12:00:00,0.976,0.979,0.976,0.977,232984.3
2026-03-07 12:15:00,0.976,0.98,0.976,0.977,707235.0
2026-03-07 12:30:00,0.976,0.977,0.974,0.975,191373.1
2026-03-07 12:45:00,0.974,0.975,0.97,0.971,444017.3
2026-03-07 13:00:00,0.972,0.976,0.971,0.976,559476.1
2026-03-07 13:15:00,0.975,0.978,0.974,0.977,871452.6
2026-03-07 13:30:00,0.976,0.979,0.975,0.976,994506.6
2026-03-07 13:45:00,0.975,0.978,0.975,0.977,314689.7
2026-03-07 14:00:00,0.976,0.976,0.963,0.966,2547509.6
2026-03-07 14:15:00,0.965,0.967,0.962,0.964,812466.9
2026-03-07 14:30:00,0.964,0.972,0.963,0.969,855192.8
2026-03-07 14:45:00,0.968,0.97,0.967,0.968,360089.2
2026-03-07 15:00:00,0.968,0.969,0.966,0.968,321788.4
2026-03-07 15:15:00,0.968,0.969,0.964,0.965,762254.9
2026-03-07 15:30:00,0.965,0.965,0.953,0.956,3491030.9
2026-03-07 15:45:00,0.956,0.958,0.953,0.957,1082787.6
2026-03-07 16:00:00,0.957,0.96,0.955,0.959,1111925.3
2026-03-07 16:15:00,0.96,0.961,0.957,0.961,765945.9
2026-03-07 16:30:00,0.961,0.962,0.958,0.962,1017058.7
2026-03-07 16:45:00,0.961,0.963,0.96,0.963,460062.7
2026-03-07 17:00:00,0.962,0.965,0.962,0.965,276185.8
2026-03-07 17:15:00,0.964,0.967,0.963,0.967,440781.2
2026-03-07 17:30:00,0.966,0.968,0.966,0.967,177923.0
2026-03-07 17:45:00,0.967,0.967,0.964,0.965,339541.0
2026-03-07 18:00:00,0.965,0.966,0.953,0.958,2111073.8
2026-03-07 18:15:00,0.957,0.959,0.955,0.959,527076.0
2026-03-07 18:30:00,0.959,0.959,0.956,0.959,350503.2
2026-03-07 18:45:00,0.959,0.96,0.956,0.956,166950.6
2026-03-07 19:00:00,0.956,0.957,0.954,0.955,312007.9
2026-03-07 19:15:00,0.955,0.957,0.95,0.951,1549506.1
2026-03-07 19:30:00,0.951,0.955,0.951,0.954,793424.1
2026-03-07 19:45:00,0.954,0.954,0.943,0.948,2239636.7
2026-03-07 20:00:00,0.947,0.953,0.946,0.951,973609.2
2026-03-07 20:15:00,0.95,0.952,0.949,0.95,492435.7
2026-03-07 20:30:00,0.951,0.952,0.949,0.952,838339.8
2026-03-07 20:45:00,0.952,0.953,0.949,0.95,555793.1
2026-03-07 21:00:00,0.95,0.953,0.95,0.951,863767.6
2026-03-07 21:15:00,0.95,0.953,0.95,0.953,614453.8
2026-03-07 21:30:00,0.952,0.953,0.947,0.948,568825.4
2026-03-07 21:45:00,0.949,0.952,0.946,0.951,560633.7
2026-03-07 22:00:00,0.952,0.953,0.948,0.95,958074.5
2026-03-07 22:15:00,0.95,0.952,0.946,0.947,889787.7
2026-03-07 22:30:00,0.948,0.949,0.944,0.948,925881.5
2026-03-07 22:45:00,0.949,0.95,0.945,0.947,797262.8
2026-03-07 23:00:00,0.948,0.949,0.946,0.948,539119.4
2026-03-07 23:15:00,0.948,0.951,0.947,0.95,385526.3
2026-03-07 23:30:00,0.95,0.952,0.949,0.951,191790.4
2026-03-07 23:45:00,0.95,0.952,0.949,0.951,429096.5
2026-03-08 00:00:00,0.952,0.952,0.949,0.951,1176219.3
2026-03-08 00:15:00,0.951,0.952,0.947,0.947,402996.5
2026-03-08 00:30:00,0.948,0.949,0.943,0.944,681758.1
2026-03-08 00:45:00,0.945,0.945,0.939,0.941,1266164.9
2026-03-08 01:00:00,0.941,0.944,0.94,0.944,646536.0
2026-03-08 01:15:00,0.944,0.945,0.942,0.942,414312.4
2026-03-08 01:30:00,0.942,0.947,0.941,0.947,1374402.8
2026-03-08 01:45:00,0.946,0.948,0.945,0.945,412471.8
2026-03-08 02:00:00,0.946,0.946,0.941,0.942,878247.4
2026-03-08 02:15:00,0.942,0.943,0.939,0.939,431703.0
2026-03-08 02:30:00,0.939,0.941,0.934,0.941,2559521.2
2026-03-08 02:45:00,0.941,0.941,0.926,0.927,2476347.1
2026-03-08 03:00:00,0.927,0.93,0.927,0.929,841892.5
2026-03-08 03:15:00,0.928,0.933,0.928,0.933,315849.4
2026-03-08 03:30:00,0.932,0.933,0.929,0.93,816613.9
2026-03-08 03:45:00,0.929,0.931,0.929,0.929,407795.4
2026-03-08 04:00:00,0.929,0.932,0.927,0.93,767262.2
2026-03-08 04:15:00,0.93,0.933,0.929,0.931,214038.6
2026-03-08 04:30:00,0.931,0.931,0.928,0.928,229953.3
2026-03-08 04:45:00,0.929,0.929,0.922,0.924,1804183.1
2026-03-08 05:00:00,0.925,0.931,0.924,0.931,509788.4
2026-03-08 05:15:00,0.931,0.934,0.93,0.933,416664.6
2026-03-08 05:30:00,0.933,0.934,0.931,0.933,373900.4
2026-03-08 05:45:00,0.932,0.933,0.929,0.93,236083.2
2026-03-08 06:00:00,0.93,0.931,0.927,0.927,554257.3
2026-03-08 06:15:00,0.927,0.929,0.925,0.926,869551.8
2026-03-08 06:30:00,0.927,0.93,0.926,0.928,531881.2
2026-03-08 06:45:00,0.929,0.932,0.928,0.931,421124.0
2026-03-08 07:00:00,0.93,0.935,0.93,0.934,1054861.9
2026-03-08 07:15:00,0.933,0.936,0.932,0.935,524881.5
2026-03-08 07:30:00,0.934,0.935,0.932,0.933,628972.3
2026-03-08 07:45:00,0.933,0.935,0.932,0.932,312857.4
2026-03-08 08:00:00,0.932,0.933,0.927,0.927,1007916.4
2026-03-08 08:15:00,0.927,0.93,0.926,0.93,887482.8
2026-03-08 08:30:00,0.93,0.934,0.928,0.933,821264.3
2026-03-08 08:45:00,0.933,0.934,0.932,0.933,245159.1
2026-03-08 09:00:00,0.932,0.936,0.931,0.935,560621.3
2026-03-08 09:15:00,0.935,0.939,0.934,0.938,601996.3
2026-03-08 09:30:00,0.937,0.939,0.936,0.937,689765.1
2026-03-08 09:45:00,0.937,0.938,0.936,0.937,560942.3
2026-03-08 10:00:00,0.937,0.94,0.936,0.939,425678.3
2026-03-08 10:15:00,0.939,0.951,0.938,0.95,2333853.8
2026-03-08 10:30:00,0.949,0.949,0.945,0.947,804085.0
2026-03-08 10:45:00,0.948,0.949,0.945,0.949,665888.1
2026-03-08 11:00:00,0.949,0.949,0.938,0.943,1926970.1
2026-03-08 11:15:00,0.944,0.948,0.943,0.947,687957.0
2026-03-08 11:30:00,0.947,0.951,0.943,0.944,1656139.5
2026-03-08 11:45:00,0.945,0.949,0.944,0.948,990384.5
2026-03-08 12:00:00,0.948,0.949,0.938,0.94,3279492.1
2026-03-08 12:15:00,0.939,0.953,0.936,0.952,2228270.1
2026-03-08 12:30:00,0.952,0.956,0.949,0.954,1239203.0
2026-03-08 12:45:00,0.953,0.954,0.949,0.949,423933.9
2026-03-08 13:00:00,0.95,0.951,0.939,0.94,1214415.8
2026-03-08 13:15:00,0.941,0.943,0.935,0.942,1111571.7
2026-03-08 13:30:00,0.942,0.943,0.936,0.94,1378961.0
2026-03-08 13:45:00,0.94,0.943,0.939,0.942,938388.9
2026-03-08 14:00:00,0.943,0.946,0.941,0.942,1053095.5
2026-03-08 14:15:00,0.942,0.945,0.937,0.937,1539494.7
2026-03-08 14:30:00,0.937,0.942,0.933,0.935,1758647.8
2026-03-08 14:45:00,0.935,0.941,0.934,0.94,753506.2
2026-03-08 15:00:00,0.94,0.94,0.935,0.937,1377404.8
2026-03-08 15:15:00,0.937,0.939,0.932,0.934,786856.7
2026-03-08 15:30:00,0.933,0.935,0.932,0.932,273592.1
2026-03-08 15:45:00,0.932,0.936,0.931,0.935,1347464.4
2026-03-08 16:00:00,0.935,0.936,0.934,0.934,784519.7
2026-03-08 16:15:00,0.935,0.936,0.932,0.934,552528.9
2026-03-08 16:30:00,0.934,0.935,0.929,0.932,932168.0
2026-03-08 16:45:00,0.932,0.932,0.928,0.93,1886521.9
2026-03-08 17:00:00,0.93,0.936,0.929,0.933,1634311.2
2026-03-08 17:15:00,0.933,0.935,0.931,0.931,1236040.0
2026-03-08 17:30:00,0.931,0.935,0.931,0.933,349397.8
2026-03-08 17:45:00,0.932,0.935,0.932,0.935,621355.6
2026-03-08 18:00:00,0.935,0.935,0.93,0.932,590434.3
2026-03-08 18:15:00,0.933,0.933,0.928,0.93,1348414.0
2026-03-08 18:30:00,0.93,0.933,0.929,0.93,938591.2
2026-03-08 18:45:00,0.93,0.933,0.929,0.932,548606.8
2026-03-08 19:00:00,0.931,0.938,0.93,0.937,703481.4
2026-03-08 19:15:00,0.937,0.95,0.937,0.947,1715587.8
2026-03-08 19:30:00,0.947,0.95,0.944,0.95,1865374.3
2026-03-08 19:45:00,0.949,0.952,0.946,0.948,464061.5
2026-03-08 20:00:00,0.948,0.949,0.943,0.943,495155.5
2026-03-08 20:15:00,0.943,0.947,0.942,0.945,1012503.2
2026-03-08 20:30:00,0.945,0.957,0.944,0.953,2695910.8
2026-03-08 20:45:00,0.952,0.954,0.947,0.948,948612.5
2026-03-08 21:00:00,0.949,0.949,0.941,0.942,1510169.1
2026-03-08 21:15:00,0.942,0.947,0.942,0.946,602877.1
2026-03-08 21:30:00,0.946,0.947,0.943,0.945,886308.4
2026-03-08 21:45:00,0.945,0.947,0.943,0.945,579364.7
2026-03-08 22:00:00,0.945,0.945,0.918,0.93,4459526.2
2026-03-08 22:15:00,0.93,0.936,0.922,0.934,1474348.3
2026-03-08 22:30:00,0.933,0.944,0.928,0.938,2080571.8
2026-03-08 22:45:00,0.939,0.944,0.938,0.941,1813246.7
2026-03-08 23:00:00,0.941,0.945,0.936,0.941,1397610.1
2026-03-08 23:15:00,0.94,0.942,0.936,0.938,1004446.6
2026-03-08 23:30:00,0.939,0.94,0.932,0.932,340921.2
2026-03-08 23:45:00,0.932,0.937,0.93,0.933,1603724.1
2026-03-09 00:00:00,0.933,0.941,0.933,0.939,955005.3
2026-03-09 00:15:00,0.94,0.942,0.933,0.939,1237925.9
2026-03-09 00:30:00,0.939,0.952,0.939,0.944,1976206.6
2026-03-09 00:45:00,0.945,0.947,0.94,0.94,1007602.6
2026-03-09 01:00:00,0.94,0.943,0.935,0.937,1014441.4
2026-03-09 01:15:00,0.938,0.945,0.937,0.942,1286664.0
2026-03-09 01:30:00,0.941,0.947,0.938,0.945,1008490.8
2026-03-09 01:45:00,0.944,0.945,0.935,0.935,766347.1
2026-03-09 02:00:00,0.936,0.937,0.931,0.933,1872838.9
2026-03-09 02:15:00,0.933,0.934,0.93,0.932,1085079.9
2026-03-09 02:30:00,0.933,0.946,0.931,0.945,1379436.0
2026-03-09 02:45:00,0.945,0.946,0.941,0.941,585454.4
2026-03-09 03:00:00,0.941,0.957,0.94,0.955,3149083.8
2026-03-09 03:15:00,0.954,0.957,0.943,0.945,1946393.9
2026-03-09 03:30:00,0.946,0.947,0.939,0.941,968162.6
2026-03-09 03:45:00,0.942,0.943,0.938,0.94,795622.7
2026-03-09 04:00:00,0.941,0.944,0.94,0.943,799991.0
2026-03-09 04:15:00,0.942,0.951,0.941,0.95,1055989.6
2026-03-09 04:30:00,0.949,0.951,0.948,0.951,852716.5
2026-03-09 04:45:00,0.951,0.952,0.946,0.946,802056.7
2026-03-09 05:00:00,0.946,0.948,0.944,0.946,629615.1
2026-03-09 05:15:00,0.946,0.953,0.946,0.953,755320.2
2026-03-09 05:30:00,0.953,0.968,0.951,0.966,3097813.5
2026-03-09 05:45:00,0.966,0.972,0.964,0.969,2295268.1
2026-03-09 06:00:00,0.969,0.969,0.962,0.963,1379853.1
2026-03-09 06:15:00,0.964,0.965,0.958,0.959,1097956.0
2026-03-09 06:30:00,0.959,0.961,0.954,0.955,878281.6
2026-03-09 06:45:00,0.955,0.957,0.953,0.954,659820.9
2026-03-09 07:00:00,0.954,0.954,0.946,0.947,1760148.4
2026-03-09 07:15:00,0.948,0.95,0.939,0.948,2038672.0
2026-03-09 07:30:00,0.947,0.953,0.946,0.953,1428087.4
2026-03-09 07:45:00,0.952,0.953,0.949,0.95,776324.9
2026-03-09 08:00:00,0.95,0.952,0.948,0.95,1014582.5
2026-03-09 08:15:00,0.95,0.954,0.947,0.95,1707903.8
2026-03-09 08:30:00,0.95,0.952,0.946,0.948,781857.9
2026-03-09 08:45:00,0.948,0.949,0.946,0.947,757447.8
2026-03-09 09:00:00,0.947,0.948,0.942,0.947,1204362.4
2026-03-09 09:15:00,0.947,0.95,0.945,0.948,1000021.6
2026-03-09 09:30:00,0.949,0.958,0.946,0.954,1644943.2
2026-03-09 09:45:00,0.955,0.956,0.946,0.948,755234.2
2026-03-09 10:00:00,0.948,0.949,0.943,0.944,1056457.2
2026-03-09 10:15:00,0.945,0.946,0.941,0.942,1279584.4
2026-03-09 10:30:00,0.943,0.944,0.939,0.94,1297934.5
2026-03-09 10:45:00,0.94,0.942,0.938,0.938,686409.0
2026-03-09 11:00:00,0.938,0.941,0.937,0.938,743744.0
2026-03-09 11:15:00,0.938,0.939,0.93,0.932,1809184.8
2026-03-09 11:30:00,0.932,0.937,0.931,0.935,876801.9
2026-03-09 11:45:00,0.935,0.938,0.934,0.936,769330.7
2026-03-09 12:00:00,0.937,0.94,0.933,0.94,1758803.3
2026-03-09 12:15:00,0.94,0.947,0.939,0.946,1281870.1
2026-03-09 12:30:00,0.945,0.949,0.942,0.944,1559922.3
2026-03-09 12:45:00,0.945,0.946,0.942,0.943,611406.7
2026-03-09 13:00:00,0.944,0.949,0.941,0.948,907485.9
2026-03-09 13:15:00,0.948,0.954,0.943,0.952,1359095.1
2026-03-09 13:30:00,0.953,0.957,0.947,0.957,3103357.7
2026-03-09 13:45:00,0.956,0.957,0.944,0.945,1751815.0
2026-03-09 14:00:00,0.946,0.947,0.933,0.935,2096532.4
2026-03-09 14:15:00,0.935,0.944,0.934,0.94,2178933.6
2026-03-09 14:30:00,0.939,0.942,0.936,0.939,2184439.9
2026-03-09 14:45:00,0.939,0.941,0.933,0.934,1357485.5
2026-03-09 15:00:00,0.934,0.938,0.93,0.937,1679961.9
2026-03-09 15:15:00,0.936,0.94,0.935,0.938,1000249.0
2026-03-09 15:30:00,0.937,0.94,0.932,0.936,1100482.0
2026-03-09 15:45:00,0.936,0.943,0.936,0.94,936006.0
2026-03-09 16:00:00,0.94,0.941,0.936,0.941,753923.8
2026-03-09 16:15:00,0.941,0.946,0.937,0.945,1417244.5
2026-03-09 16:30:00,0.945,0.945,0.94,0.942,1907945.6
2026-03-09 16:45:00,0.943,0.948,0.939,0.943,1248114.3
2026-03-09 17:00:00,0.943,0.945,0.941,0.944,1087103.1
2026-03-09 17:15:00,0.943,0.947,0.942,0.945,1749097.9
2026-03-09 17:30:00,0.945,0.948,0.943,0.945,1289564.6
2026-03-09 17:45:00,0.945,0.948,0.942,0.944,866907.1
2026-03-09 18:00:00,0.944,0.945,0.939,0.939,805832.8
2026-03-09 18:15:00,0.939,0.95,0.939,0.949,1284109.8
2026-03-09 18:30:00,0.949,0.954,0.948,0.95,1850992.0
2026-03-09 18:45:00,0.95,0.95,0.946,0.948,857034.8
2026-03-09 19:00:00,0.948,0.95,0.941,0.941,926876.7
2026-03-09 19:15:00,0.942,0.977,0.941,0.976,4586294.2
2026-03-09 19:30:00,0.976,0.98,0.955,0.958,3120797.8
2026-03-09 19:45:00,0.957,0.959,0.951,0.953,1753115.5
2026-03-09 20:00:00,0.953,0.955,0.948,0.949,1178540.5
2026-03-09 20:15:00,0.95,0.951,0.947,0.949,359542.6
2026-03-09 20:30:00,0.95,0.95,0.942,0.947,987300.4
2026-03-09 20:45:00,0.948,0.952,0.944,0.951,823950.3
2026-03-09 21:00:00,0.95,0.957,0.95,0.954,914109.3
2026-03-09 21:15:00,0.953,0.954,0.947,0.948,603905.6
2026-03-09 21:30:00,0.948,0.95,0.945,0.948,657895.3
2026-03-09 21:45:00,0.949,0.951,0.947,0.949,218551.4
2026-03-09 22:00:00,0.95,0.951,0.936,0.942,1690460.0
2026-03-09 22:15:00,0.941,0.943,0.939,0.94,660361.1
2026-03-09 22:30:00,0.94,0.941,0.933,0.936,1125913.4
2026-03-09 22:45:00,0.937,0.937,0.931,0.935,974303.3
2026-03-09 23:00:00,0.934,0.939,0.934,0.939,580360.0
2026-03-09 23:15:00,0.939,0.94,0.934,0.939,748515.5
2026-03-09 23:30:00,0.938,0.94,0.937,0.939,186970.1
2026-03-09 23:45:00,0.938,0.938,0.935,0.937,576269.8
2026-03-10 00:00:00,0.937,0.939,0.934,0.934,565940.6
2026-03-10 00:15:00,0.934,0.944,0.934,0.943,1042809.5
2026-03-10 00:30:00,0.944,0.948,0.941,0.945,676657.2
2026-03-10 00:45:00,0.944,0.947,0.94,0.94,959624.3
2026-03-10 01:00:00,0.94,0.944,0.939,0.941,604323.8
2026-03-10 01:15:00,0.942,0.943,0.937,0.938,586415.8
2026-03-10 01:30:00,0.938,0.94,0.933,0.937,740477.0
2026-03-10 01:45:00,0.936,0.944,0.935,0.941,1065272.2
2026-03-10 02:00:00,0.941,0.942,0.937,0.938,743617.4
2026-03-10 02:15:00,0.938,0.942,0.937,0.941,616364.1
2026-03-10 02:30:00,0.94,0.955,0.94,0.952,3007754.9
2026-03-10 02:45:00,0.952,0.955,0.946,0.947,1150579.0
2026-03-10 03:00:00,0.948,0.948,0.941,0.943,1865916.3
2026-03-10 03:15:00,0.943,0.945,0.942,0.943,578524.4
2026-03-10 03:30:00,0.944,0.944,0.938,0.938,862664.6
2026-03-10 03:45:00,0.938,0.939,0.932,0.934,1823750.3
2026-03-10 04:00:00,0.934,0.939,0.934,0.938,1348188.9
2026-03-10 04:15:00,0.938,0.941,0.936,0.939,1099122.7
2026-03-10 04:30:00,0.939,0.942,0.937,0.941,661466.3
2026-03-10 04:45:00,0.941,0.943,0.939,0.941,1077143.7
2026-03-10 05:00:00,0.942,0.944,0.94,0.941,817073.9
2026-03-10 05:15:00,0.941,0.943,0.939,0.94,573151.1
2026-03-10 05:30:00,0.939,0.94,0.935,0.935,737161.1
2026-03-10 05:45:00,0.935,0.937,0.934,0.936,569229.6
2026-03-10 06:00:00,0.936,0.937,0.932,0.932,1320313.5
2026-03-10 06:15:00,0.932,0.933,0.922,0.927,4040888.8
2026-03-10 06:30:00,0.927,0.93,0.926,0.928,870602.8
2026-03-10 06:45:00,0.928,0.933,0.927,0.931,496142.0
2026-03-10 07:00:00,0.931,0.937,0.929,0.936,1595916.6
2026-03-10 07:15:00,0.935,0.942,0.935,0.939,999854.6
2026-03-10 07:30:00,0.939,0.94,0.937,0.938,649072.8
2026-03-10 07:45:00,0.938,0.939,0.936,0.937,570209.9
2026-03-10 08:00:00,0.937,0.942,0.934,0.937,1750482.7
2026-03-10 08:15:00,0.937,0.938,0.932,0.934,1304544.8
2026-03-10 08:30:00,0.934,0.941,0.934,0.938,1501036.7
2026-03-10 08:45:00,0.938,0.938,0.931,0.932,1264891.9
2026-03-10 09:00:00,0.932,0.936,0.931,0.935,767459.3
2026-03-10 09:15:00,0.934,0.944,0.934,0.943,1282069.5
2026-03-10 09:30:00,0.943,0.944,0.939,0.942,1169016.5
2026-03-10 09:45:00,0.942,0.943,0.939,0.941,432746.3
2026-03-10 10:00:00,0.941,0.942,0.939,0.94,570140.1
2026-03-10 10:15:00,0.941,0.941,0.935,0.935,1002707.3
2026-03-10 10:30:00,0.936,0.938,0.932,0.935,1038761.7
2026-03-10 10:45:00,0.935,0.939,0.934,0.935,894748.1
2026-03-10 11:00:00,0.935,0.936,0.931,0.933,1069622.3
2026-03-10 11:15:00,0.933,0.936,0.932,0.934,718293.3
2026-03-10 11:30:00,0.933,0.934,0.928,0.93,2075111.6
2026-03-10 11:45:00,0.93,0.932,0.929,0.93,712754.6
2026-03-10 12:00:00,0.93,0.931,0.925,0.927,3339193.1
2026-03-10 12:15:00,0.927,0.929,0.926,0.927,797803.8
2026-03-10 12:30:00,0.928,0.932,0.926,0.93,983940.6
2026-03-10 12:45:00,0.93,0.931,0.928,0.93,800149.0
2026-03-10 13:00:00,0.931,0.937,0.931,0.937,795125.0
2026-03-10 13:15:00,0.937,0.94,0.934,0.935,1023183.8
2026-03-10 13:30:00,0.935,0.936,0.925,0.93,3204293.7
2026-03-10 13:45:00,0.929,0.935,0.928,0.93,1114850.0
2026-03-10 14:00:00,0.93,0.931,0.919,0.923,4528773.0
2026-03-10 14:15:00,0.922,0.93,0.919,0.928,2609886.7
2026-03-10 14:30:00,0.928,0.937,0.926,0.935,2283649.6
2026-03-10 14:45:00,0.936,0.951,0.933,0.95,3510807.2
2026-03-10 15:00:00,0.949,0.951,0.939,0.941,3627196.9
2026-03-10 15:15:00,0.941,0.945,0.937,0.941,2491485.9
2026-03-10 15:30:00,0.941,0.943,0.926,0.932,4009921.5
2026-03-10 15:45:00,0.932,0.939,0.931,0.938,1555545.1
2026-03-10 16:00:00,0.938,0.939,0.93,0.933,1711671.5
2026-03-10 16:15:00,0.933,0.938,0.932,0.935,1438900.4
2026-03-10 16:30:00,0.935,0.939,0.933,0.939,885126.6
2026-03-10 16:45:00,0.939,0.94,0.935,0.937,697314.4
2026-03-10 17:00:00,0.937,0.937,0.933,0.936,1189037.8
2026-03-10 17:15:00,0.935,0.936,0.928,0.93,1645558.3
2026-03-10 17:30:00,0.93,0.931,0.92,0.923,3052264.2
2026-03-10 17:45:00,0.922,0.927,0.921,0.925,1272565.3
2026-03-10 18:00:00,0.924,0.926,0.907,0.909,5350590.0
2026-03-10 18:15:00,0.909,0.91,0.881,0.887,17550929.8
2026-03-10 18:30:00,0.887,0.89,0.871,0.877,8777168.8
2026-03-10 18:45:00,0.877,0.883,0.872,0.878,3062142.6
2026-03-10 19:00:00,0.878,0.882,0.873,0.876,2957656.8
2026-03-10 19:15:00,0.875,0.877,0.864,0.867,6748940.7
2026-03-10 19:30:00,0.866,0.872,0.865,0.87,1858918.9
2026-03-10 19:45:00,0.87,0.875,0.868,0.872,2751144.3
2026-03-10 20:00:00,0.871,0.877,0.87,0.872,2832150.8
2026-03-10 20:15:00,0.872,0.874,0.869,0.872,1828217.3
2026-03-10 20:30:00,0.872,0.874,0.87,0.872,1597813.1
2026-03-10 20:45:00,0.871,0.873,0.869,0.87,1154603.7
2026-03-10 21:00:00,0.869,0.875,0.853,0.862,6345667.0
2026-03-10 21:15:00,0.861,0.867,0.86,0.865,1482946.7
2026-03-10 21:30:00,0.864,0.869,0.862,0.866,1463124.7
2026-03-10 21:45:00,0.866,0.869,0.86,0.868,1208202.7
2026-03-10 22:00:00,0.868,0.87,0.857,0.858,2469065.5
2026-03-10 22:15:00,0.859,0.87,0.859,0.869,1394807.5
2026-03-10 22:30:00,0.868,0.868,0.858,0.86,2734005.8
2026-03-10 22:45:00,0.86,0.862,0.851,0.858,4261544.8
2026-03-10 23:00:00,0.857,0.863,0.857,0.862,2097303.2
2026-03-10 23:15:00,0.862,0.865,0.86,0.865,1610364.7
2026-03-10 23:30:00,0.864,0.869,0.863,0.864,2602725.3
2026-03-10 23:45:00,0.864,0.867,0.861,0.864,2524009.6
2026-03-11 00:00:00,0.864,0.865,0.853,0.862,5130816.3
2026-03-11 00:15:00,0.861,0.865,0.858,0.86,1960425.4
2026-03-11 00:30:00,0.86,0.863,0.859,0.861,892142.2
2026-03-11 00:45:00,0.861,0.868,0.861,0.864,1604053.3
2026-03-11 01:00:00,0.863,0.864,0.858,0.862,2499734.7
2026-03-11 01:15:00,0.862,0.864,0.859,0.86,1188058.4
2026-03-11 01:30:00,0.86,0.861,0.856,0.858,1193821.2
2026-03-11 01:45:00,0.859,0.859,0.854,0.855,1389299.5
2026-03-11 02:00:00,0.856,0.859,0.854,0.856,1241564.2
2026-03-11 02:15:00,0.857,0.862,0.856,0.86,1386178.1
2026-03-11 02:30:00,0.86,0.863,0.858,0.861,1770118.6
2026-03-11 02:45:00,0.86,0.865,0.858,0.863,1903882.3
2026-03-11 03:00:00,0.864,0.869,0.863,0.867,2452111.9
2026-03-11 03:15:00,0.868,0.869,0.863,0.863,1270557.8
2026-03-11 03:30:00,0.864,0.868,0.863,0.865,1007925.5
2026-03-11 03:45:00,0.865,0.866,0.862,0.862,792179.2
2026-03-11 04:00:00,0.863,0.863,0.843,0.848,8272109.3
2026-03-11 04:15:00,0.848,0.86,0.847,0.858,2502836.4
2026-03-11 04:30:00,0.858,0.862,0.857,0.86,1515947.7
2026-03-11 04:45:00,0.86,0.861,0.856,0.859,1740989.6
2026-03-11 05:00:00,0.859,0.86,0.852,0.853,2072597.0
2026-03-11 05:15:00,0.853,0.855,0.852,0.853,891823.1
2026-03-11 05:30:00,0.854,0.854,0.846,0.849,2418386.8
2026-03-11 05:45:00,0.849,0.857,0.847,0.851,3111885.1
2026-03-11 06:00:00,0.851,0.86,0.85,0.857,2950569.5
2026-03-11 06:15:00,0.857,0.861,0.856,0.857,1238785.0
2026-03-11 06:30:00,0.858,0.863,0.857,0.861,982604.1
2026-03-11 06:45:00,0.862,0.868,0.86,0.867,1445143.0
2026-03-11 07:00:00,0.867,0.873,0.866,0.872,1265464.1
2026-03-11 07:15:00,0.873,0.879,0.872,0.877,1975590.5
2026-03-11 07:30:00,0.878,0.883,0.872,0.873,2830627.1
2026-03-11 07:45:00,0.873,0.882,0.872,0.873,1539324.6
2026-03-11 08:00:00,0.874,0.875,0.867,0.87,2055096.0
2026-03-11 08:15:00,0.869,0.874,0.868,0.871,1534969.8
2026-03-11 08:30:00,0.871,0.879,0.87,0.875,2442817.2
2026-03-11 08:45:00,0.875,0.875,0.868,0.87,2069852.1
2026-03-11 09:00:00,0.87,0.877,0.87,0.873,1799151.8
2026-03-11 09:15:00,0.874,0.882,0.874,0.881,1359027.2
2026-03-11 09:30:00,0.882,0.887,0.88,0.885,1993645.8
2026-03-11 09:45:00,0.885,0.885,0.877,0.878,976390.6
2026-03-11 10:00:00,0.878,0.879,0.874,0.877,1609123.2
2026-03-11 10:15:00,0.878,0.886,0.876,0.884,1624542.9
2026-03-11 10:30:00,0.884,0.889,0.884,0.888,1554530.5
2026-03-11 10:45:00,0.888,0.891,0.886,0.891,2326984.0
2026-03-11 11:00:00,0.89,0.892,0.887,0.891,1663856.8
2026-03-11 11:15:00,0.891,0.891,0.888,0.89,1045560.7
2026-03-11 11:30:00,0.89,0.891,0.887,0.889,1243933.6
2026-03-11 11:45:00,0.89,0.891,0.885,0.89,1980592.5
2026-03-11 12:00:00,0.891,0.893,0.885,0.892,2038750.5
2026-03-11 12:15:00,0.892,0.913,0.891,0.908,4669534.8
2026-03-11 12:30:00,0.908,0.913,0.901,0.903,3158071.6
2026-03-11 12:45:00,0.903,0.906,0.895,0.903,3361548.4
2026-03-11 13:00:00,0.904,0.904,0.897,0.903,1748332.7
2026-03-11 13:15:00,0.903,0.906,0.901,0.902,1543974.4
2026-03-11 13:30:00,0.903,0.91,0.895,0.895,2790718.1
2026-03-11 13:45:00,0.895,0.897,0.891,0.897,3001991.4
2026-03-11 14:00:00,0.897,0.906,0.896,0.903,2593167.3
2026-03-11 14:15:00,0.903,0.906,0.899,0.905,1804687.1
2026-03-11 14:30:00,0.904,0.907,0.899,0.902,1535576.2
2026-03-11 14:45:00,0.902,0.903,0.896,0.896,1361153.9
2026-03-11 15:00:00,0.897,0.898,0.884,0.89,3742159.2
2026-03-11 15:15:00,0.889,0.893,0.886,0.887,1413110.5
2026-03-11 15:30:00,0.886,0.887,0.876,0.877,4228471.6
2026-03-11 15:45:00,0.876,0.881,0.87,0.881,2888469.3
2026-03-11 16:00:00,0.88,0.882,0.875,0.881,2323685.0
2026-03-11 16:15:00,0.881,0.884,0.877,0.881,2035450.1
2026-03-11 16:30:00,0.881,0.883,0.877,0.882,1966204.6
2026-03-11 16:45:00,0.883,0.885,0.88,0.882,1514215.4
2026-03-11 17:00:00,0.883,0.887,0.88,0.885,2275133.3
2026-03-11 17:15:00,0.884,0.89,0.884,0.885,1790266.0
2026-03-11 17:30:00,0.886,0.887,0.874,0.882,2952174.4
2026-03-11 17:45:00,0.881,0.884,0.877,0.88,1259193.6
2026-03-11 18:00:00,0.88,0.883,0.88,0.882,934567.7
2026-03-11 18:15:00,0.882,0.885,0.88,0.885,1377878.4
2026-03-11 18:30:00,0.884,0.887,0.882,0.885,1351841.1
2026-03-11 18:45:00,0.885,0.89,0.883,0.89,928854.9
2026-03-11 19:00:00,0.89,0.891,0.887,0.889,1965204.7
2026-03-11 19:15:00,0.888,0.893,0.886,0.89,771941.7
2026-03-11 19:30:00,0.891,0.893,0.889,0.89,1010941.9
2026-03-11 19:45:00,0.89,0.89,0.885,0.886,1033753.8
2026-03-11 20:00:00,0.886,0.888,0.883,0.887,912662.1
2026-03-11 20:15:00,0.887,0.889,0.884,0.885,356931.3
2026-03-11 20:30:00,0.885,0.886,0.881,0.884,844630.7
2026-03-11 20:45:00,0.884,0.884,0.88,0.881,392281.0
2026-03-11 21:00:00,0.88,0.882,0.872,0.878,1731842.4
2026-03-11 21:15:00,0.877,0.888,0.876,0.887,2038231.2
2026-03-11 21:30:00,0.886,0.889,0.885,0.887,458438.7
2026-03-11 21:45:00,0.886,0.887,0.883,0.884,372237.1
2026-03-11 22:00:00,0.884,0.887,0.882,0.886,843116.9
2026-03-11 22:15:00,0.886,0.886,0.881,0.883,891508.4
2026-03-11 22:30:00,0.883,0.884,0.88,0.882,595934.9
2026-03-11 22:45:00,0.882,0.884,0.878,0.882,570734.0
2026-03-11 23:00:00,0.882,0.883,0.879,0.881,558323.9
2026-03-11 23:15:00,0.88,0.88,0.876,0.879,682735.3
2026-03-11 23:30:00,0.879,0.88,0.877,0.878,966014.5
2026-03-11 23:45:00,0.878,0.879,0.875,0.877,1224539.3
2026-03-12 00:00:00,0.876,0.879,0.875,0.876,963764.2
2026-03-12 00:15:00,0.876,0.877,0.87,0.876,1699135.6
2026-03-12 00:30:00,0.876,0.876,0.87,0.873,1486697.8
2026-03-12 00:45:00,0.873,0.874,0.866,0.871,2709543.6
2026-03-12 01:00:00,0.87,0.873,0.868,0.87,1249267.7
2026-03-12 01:15:00,0.87,0.871,0.868,0.868,576894.9
2026-03-12 01:30:00,0.868,0.87,0.865,0.869,932093.7
2026-03-12 01:45:00,0.869,0.872,0.866,0.872,597856.2
2026-03-12 02:00:00,0.871,0.873,0.869,0.871,886861.6
2026-03-12 02:15:00,0.872,0.872,0.867,0.87,860099.2
2026-03-12 02:30:00,0.87,0.874,0.868,0.872,1498324.0
2026-03-12 02:45:00,0.872,0.874,0.869,0.871,739806.2
2026-03-12 03:00:00,0.87,0.875,0.87,0.87,1414413.0
2026-03-12 03:15:00,0.87,0.872,0.869,0.87,577829.8
2026-03-12 03:30:00,0.871,0.874,0.869,0.871,843409.5
2026-03-12 03:45:00,0.871,0.871,0.866,0.868,737022.6
2026-03-12 04:00:00,0.868,0.871,0.859,0.869,3834014.4
2026-03-12 04:15:00,0.869,0.869,0.864,0.866,1078384.3
2026-03-12 04:30:00,0.866,0.869,0.865,0.865,604040.1
2026-03-12 04:45:00,0.865,0.866,0.863,0.863,864657.9
2026-03-12 05:00:00,0.863,0.865,0.861,0.862,1014136.0
2026-03-12 05:15:00,0.861,0.869,0.859,0.86,5858193.5
2026-03-12 05:30:00,0.861,0.864,0.859,0.863,785083.4
2026-03-12 05:45:00,0.862,0.865,0.862,0.865,442162.2
2026-03-12 06:00:00,0.865,0.865,0.862,0.865,498773.3
2026-03-12 06:15:00,0.865,0.866,0.863,0.864,705265.1
2026-03-12 06:30:00,0.865,0.866,0.864,0.864,218601.5
2026-03-12 06:45:00,0.865,0.865,0.862,0.863,522628.2
2026-03-12 07:00:00,0.864,0.864,0.861,0.863,933016.3
2026-03-12 07:15:00,0.864,0.865,0.86,0.863,1078440.5
2026-03-12 07:30:00,0.863,0.867,0.862,0.866,1248542.6
2026-03-12 07:45:00,0.866,0.867,0.865,0.867,576178.9
2026-03-12 08:00:00,0.866,0.867,0.864,0.865,868106.3
2026-03-12 08:15:00,0.865,0.871,0.864,0.865,1292418.3
2026-03-12 08:30:00,0.864,0.866,0.861,0.863,1366145.4
2026-03-12 08:45:00,0.862,0.867,0.862,0.865,431576.7
2026-03-12 09:00:00,0.865,0.867,0.864,0.865,881911.3
2026-03-12 09:15:00,0.865,0.866,0.863,0.864,875957.5
2026-03-12 09:30:00,0.864,0.872,0.864,0.872,1060969.3
2026-03-12 09:45:00,0.872,0.873,0.867,0.87,1492734.3
2026-03-12 10:00:00,0.869,0.872,0.867,0.869,817192.2
2026-03-12 10:15:00,0.868,0.872,0.868,0.87,823386.4
2026-03-12 10:30:00,0.871,0.872,0.869,0.87,1528003.2
2026-03-12 10:45:00,0.87,0.871,0.867,0.867,805810.8
2026-03-12 11:00:00,0.868,0.868,0.864,0.865,1363255.2
2026-03-12 11:15:00,0.865,0.867,0.861,0.863,1650313.3
2026-03-12 11:30:00,0.863,0.865,0.862,0.865,473457.3
2026-03-12 11:45:00,0.864,0.866,0.86,0.863,1797848.9
2026-03-12 12:00:00,0.864,0.866,0.861,0.865,794317.1
2026-03-12 12:15:00,0.865,0.87,0.864,0.868,1424341.1
2026-03-12 12:30:00,0.868,0.868,0.865,0.867,739807.2
2026-03-12 12:45:00,0.867,0.869,0.865,0.866,811935.0
2026-03-12 13:00:00,0.866,0.868,0.865,0.866,982153.0
2026-03-12 13:15:00,0.867,0.867,0.861,0.863,1640369.5
2026-03-12 13:30:00,0.863,0.871,0.861,0.865,2587305.7
2026-03-12 13:45:00,0.864,0.865,0.854,0.861,5924670.8
2026-03-12 14:00:00,0.861,0.866,0.861,0.863,1894931.5
2026-03-12 14:15:00,0.863,0.866,0.853,0.856,4109643.7
2026-03-12 14:30:00,0.856,0.858,0.849,0.854,4115698.3
2026-03-12 14:45:00,0.854,0.859,0.853,0.859,2995575.3
2026-03-12 15:00:00,0.858,0.861,0.854,0.857,2789384.1
2026-03-12 15:15:00,0.857,0.864,0.855,0.861,1743648.0
2026-03-12 15:30:00,0.86,0.863,0.858,0.858,1938055.7
2026-03-12 15:45:00,0.859,0.862,0.857,0.858,1978947.2
2026-03-12 16:00:00,0.859,0.859,0.854,0.858,1510698.2
2026-03-12 16:15:00,0.858,0.864,0.857,0.86,1512035.3
2026-03-12 16:30:00,0.859,0.863,0.858,0.863,932567.4
2026-03-12 16:45:00,0.862,0.863,0.859,0.862,720038.2
2026-03-12 17:00:00,0.861,0.864,0.858,0.86,2024283.7
2026-03-12 17:15:00,0.86,0.861,0.857,0.858,902532.4
2026-03-12 17:30:00,0.857,0.868,0.857,0.866,3519047.3
2026-03-12 17:45:00,0.866,0.874,0.864,0.869,4696288.9
2026-03-12 18:00:00,0.87,0.873,0.861,0.863,2472210.9
2026-03-12 18:15:00,0.863,0.865,0.859,0.865,1403575.9
2026-03-12 18:30:00,0.865,0.868,0.864,0.867,1675969.8
2026-03-12 18:45:00,0.867,0.868,0.864,0.865,1143737.5
2026-03-12 19:00:00,0.865,0.867,0.861,0.863,937575.6
2026-03-12 19:15:00,0.863,0.87,0.862,0.87,1176507.7
2026-03-12 19:30:00,0.87,0.871,0.868,0.87,1006197.4
2026-03-12 19:45:00,0.869,0.872,0.868,0.87,944766.4
2026-03-12 20:00:00,0.87,0.87,0.864,0.865,628630.4
2026-03-12 20:15:00,0.864,0.865,0.862,0.863,585298.7
2026-03-12 20:30:00,0.864,0.866,0.862,0.865,565005.3
2026-03-12 20:45:00,0.864,0.865,0.862,0.863,416506.5
2026-03-12 21:00:00,0.863,0.866,0.862,0.865,427953.7
2026-03-12 21:15:00,0.865,0.865,0.861,0.862,590979.9
2026-03-12 21:30:00,0.861,0.863,0.859,0.862,771990.7
2026-03-12 21:45:00,0.862,0.869,0.861,0.868,516825.6
2026-03-12 22:00:00,0.867,0.869,0.865,0.866,726998.7
2026-03-12 22:15:00,0.866,0.868,0.864,0.867,1173368.2
2026-03-12 22:30:00,0.868,0.871,0.867,0.87,1194771.2
2026-03-12 22:45:00,0.87,0.872,0.868,0.87,725369.7
2026-03-12 23:00:00,0.871,0.879,0.869,0.876,2299636.4
2026-03-12 23:15:00,0.877,0.878,0.873,0.874,1288643.0
2026-03-12 23:30:00,0.874,0.879,0.873,0.879,1142830.2
2026-03-12 23:45:00,0.879,0.88,0.876,0.877,1248123.5
2026-03-13 00:00:00,0.877,0.881,0.873,0.88,1212542.2
2026-03-13 00:15:00,0.88,0.899,0.88,0.888,6418784.7
2026-03-13 00:30:00,0.888,0.896,0.883,0.885,2486518.3
2026-03-13 00:45:00,0.885,0.886,0.88,0.885,1996485.4
2026-03-13 01:00:00,0.885,0.891,0.885,0.885,1427166.7
2026-03-13 01:15:00,0.885,0.888,0.883,0.885,1046150.7
2026-03-13 01:30:00,0.885,0.89,0.882,0.888,1378974.3
2026-03-13 01:45:00,0.889,0.89,0.886,0.888,816119.3
2026-03-13 02:00:00,0.889,0.891,0.886,0.89,667702.0
2026-03-13 02:15:00,0.889,0.891,0.887,0.889,940185.5
2026-03-13 02:30:00,0.889,0.89,0.885,0.887,1095805.5
2026-03-13 02:45:00,0.887,0.889,0.885,0.888,577041.0
2026-03-13 03:00:00,0.889,0.893,0.888,0.892,1054572.6
2026-03-13 03:15:00,0.892,0.895,0.889,0.891,937471.5
2026-03-13 03:30:00,0.89,0.892,0.888,0.889,637151.0
2026-03-13 03:45:00,0.889,0.895,0.888,0.894,469827.3
2026-03-13 04:00:00,0.894,0.895,0.892,0.893,1233001.3
2026-03-13 04:15:00,0.894,0.895,0.891,0.892,944305.1
2026-03-13 04:30:00,0.893,0.893,0.887,0.89,1429139.3
2026-03-13 04:45:00,0.89,0.891,0.887,0.889,649734.3
2026-03-13 05:00:00,0.889,0.89,0.878,0.885,3570595.7
2026-03-13 05:15:00,0.885,0.89,0.885,0.888,940006.2
2026-03-13 05:30:00,0.888,0.895,0.887,0.892,920236.6
2026-03-13 05:45:00,0.892,0.893,0.89,0.892,582055.5
2026-03-13 06:00:00,0.892,0.892,0.886,0.887,1376136.3
2026-03-13 06:15:00,0.887,0.888,0.882,0.883,799397.3
2026-03-13 06:30:00,0.883,0.886,0.878,0.886,2286100.5
2026-03-13 06:45:00,0.885,0.887,0.883,0.885,911388.8
2026-03-13 07:00:00,0.886,0.89,0.883,0.888,1012124.4
2026-03-13 07:15:00,0.888,0.889,0.884,0.885,777965.9
2026-03-13 07:30:00,0.884,0.886,0.882,0.883,1153689.1
2026-03-13 07:45:00,0.883,0.885,0.882,0.883,847278.9
2026-03-13 08:00:00,0.882,0.883,0.88,0.882,1247397.3
2026-03-13 08:15:00,0.882,0.884,0.88,0.881,856961.8
2026-03-13 08:30:00,0.881,0.89,0.881,0.885,1785652.2
2026-03-13 08:45:00,0.884,0.885,0.879,0.881,1430282.9
2026-03-13 09:00:00,0.882,0.885,0.881,0.884,891578.3
2026-03-13 09:15:00,0.885,0.887,0.882,0.885,762449.8
2026-03-13 09:30:00,0.884,0.89,0.884,0.889,984088.6
2026-03-13 09:45:00,0.888,0.89,0.887,0.888,608407.9
2026-03-13 10:00:00,0.889,0.896,0.888,0.894,1433252.8
2026-03-13 10:15:00,0.893,0.896,0.892,0.893,1029283.7
2026-03-13 10:30:00,0.892,0.893,0.886,0.887,1775864.0
2026-03-13 10:45:00,0.887,0.89,0.885,0.89,1016787.3
2026-03-13 11:00:00,0.89,0.891,0.888,0.89,946739.1
2026-03-13 11:15:00,0.89,0.89,0.886,0.887,1157060.5
2026-03-13 11:30:00,0.887,0.889,0.885,0.886,619425.2
2026-03-13 11:45:00,0.886,0.888,0.885,0.886,819275.5
2026-03-13 12:00:00,0.886,0.889,0.884,0.885,777754.6
2026-03-13 12:15:00,0.885,0.888,0.88,0.888,2804094.8
2026-03-13 12:30:00,0.888,0.891,0.886,0.888,1504102.3
2026-03-13 12:45:00,0.889,0.897,0.888,0.893,2800238.9
2026-03-13 13:00:00,0.893,0.896,0.89,0.892,1183729.9
2026-03-13 13:15:00,0.893,0.905,0.89,0.899,4282038.6
2026-03-13 13:30:00,0.899,0.903,0.895,0.901,2492049.4
2026-03-13 13:45:00,0.902,0.904,0.897,0.9,2146005.7
2026-03-13 14:00:00,0.9,0.905,0.896,0.901,1783714.1
2026-03-13 14:15:00,0.902,0.903,0.899,0.899,1211018.0
2026-03-13 14:30:00,0.9,0.901,0.892,0.893,1818312.4
2026-03-13 14:45:00,0.892,0.896,0.882,0.886,3681935.5
2026-03-13 15:00:00,0.885,0.894,0.884,0.894,2516373.1
2026-03-13 15:15:00,0.894,0.895,0.89,0.891,1295346.2
2026-03-13 15:30:00,0.891,0.892,0.884,0.888,2316090.4
2026-03-13 15:45:00,0.887,0.893,0.884,0.887,1969333.6
2026-03-13 16:00:00,0.887,0.892,0.885,0.888,1998188.1
2026-03-13 16:15:00,0.888,0.892,0.885,0.89,2573488.4
2026-03-13 16:30:00,0.89,0.898,0.89,0.897,1607764.4
2026-03-13 16:45:00,0.896,0.898,0.893,0.894,1193122.7
2026-03-13 17:00:00,0.893,0.897,0.893,0.896,1136118.4
2026-03-13 17:15:00,0.897,0.898,0.887,0.888,1548629.0
2026-03-13 17:30:00,0.887,0.888,0.875,0.877,2911954.4
2026-03-13 17:45:00,0.878,0.879,0.871,0.877,3857723.3
2026-03-13 18:00:00,0.876,0.882,0.876,0.881,2232744.6
2026-03-13 18:15:00,0.88,0.882,0.876,0.881,1633927.3
2026-03-13 18:30:00,0.881,0.881,0.879,0.88,812747.3
2026-03-13 18:45:00,0.879,0.88,0.876,0.877,866482.7
2026-03-13 19:00:00,0.876,0.877,0.872,0.876,1117136.6
2026-03-13 19:15:00,0.876,0.878,0.873,0.874,523338.0
2026-03-13 19:30:00,0.874,0.876,0.873,0.875,820207.9
2026-03-13 19:45:00,0.875,0.877,0.871,0.872,1012214.9
2026-03-13 20:00:00,0.873,0.874,0.87,0.874,888082.1
2026-03-13 20:15:00,0.874,0.875,0.87,0.871,1152364.1
2026-03-13 20:30:00,0.871,0.872,0.87,0.872,429907.5
2026-03-13 20:45:00,0.872,0.874,0.871,0.874,636012.9
2026-03-13 21:00:00,0.873,0.882,0.873,0.88,1272768.3
2026-03-13 21:15:00,0.88,0.881,0.874,0.876,834585.9
2026-03-13 21:30:00,0.876,0.876,0.866,0.872,1722060.2
2026-03-13 21:45:00,0.871,0.873,0.87,0.871,310702.7
2026-03-13 22:00:00,0.87,0.871,0.861,0.865,2249290.7
2026-03-13 22:15:00,0.865,0.865,0.86,0.863,1287256.2
2026-03-13 22:30:00,0.862,0.865,0.861,0.862,913973.4
2026-03-13 22:45:00,0.862,0.866,0.861,0.866,1056359.3
2026-03-13 23:00:00,0.866,0.868,0.864,0.867,578112.0
2026-03-13 23:15:00,0.867,0.869,0.866,0.868,708069.8
2026-03-13 23:30:00,0.867,0.87,0.867,0.869,303309.9
2026-03-13 23:45:00,0.869,0.87,0.867,0.868,510980.9
2026-03-14 00:00:00,0.867,0.868,0.864,0.867,640307.1
2026-03-14 00:15:00,0.866,0.869,0.865,0.868,648577.7
2026-03-14 00:30:00,0.868,0.868,0.864,0.865,646245.4
2026-03-14 00:45:00,0.865,0.866,0.861,0.864,536895.6
2026-03-14 01:00:00,0.864,0.867,0.863,0.864,402757.4
2026-03-14 01:15:00,0.864,0.869,0.863,0.868,344312.5
2026-03-14 01:30:00,0.868,0.87,0.863,0.867,1183016.0
2026-03-14 01:45:00,0.867,0.871,0.867,0.87,625298.0
2026-03-14 02:00:00,0.87,0.871,0.867,0.869,732373.6
2026-03-14 02:15:00,0.869,0.87,0.868,0.868,305904.9
2026-03-14 02:30:00,0.868,0.87,0.867,0.87,402410.8
2026-03-14 02:45:00,0.869,0.872,0.869,0.87,543380.2
2026-03-14 03:00:00,0.87,0.874,0.87,0.873,614633.6
2026-03-14 03:15:00,0.873,0.877,0.872,0.875,701214.9
2026-03-14 03:30:00,0.876,0.878,0.875,0.875,608085.4
2026-03-14 03:45:00,0.876,0.877,0.875,0.875,316719.2
2026-03-14 04:00:00,0.875,0.877,0.874,0.876,525588.5
2026-03-14 04:15:00,0.876,0.879,0.873,0.877,915465.3
2026-03-14 04:30:00,0.878,0.885,0.877,0.884,915438.9
2026-03-14 04:45:00,0.884,0.885,0.876,0.877,833896.7
2026-03-14 05:00:00,0.877,0.878,0.872,0.872,1068751.2
2026-03-14 05:15:00,0.872,0.874,0.871,0.872,520427.6
2026-03-14 05:30:00,0.872,0.873,0.867,0.87,704086.7
2026-03-14 05:45:00,0.871,0.872,0.869,0.869,197629.9
2026-03-14 06:00:00,0.869,0.87,0.868,0.868,335221.7
2026-03-14 06:15:00,0.869,0.869,0.864,0.864,1282401.3
2026-03-14 06:30:00,0.864,0.866,0.86,0.861,971636.7
2026-03-14 06:45:00,0.861,0.867,0.861,0.866,952347.7
2026-03-14 07:00:00,0.866,0.868,0.865,0.867,746858.3
2026-03-14 07:15:00,0.867,0.867,0.863,0.865,599156.1
2026-03-14 07:30:00,0.865,0.867,0.864,0.864,771367.7
2026-03-14 07:45:00,0.865,0.866,0.863,0.864,403552.9
2026-03-14 08:00:00,0.864,0.868,0.864,0.867,376637.2
2026-03-14 08:15:00,0.867,0.869,0.865,0.868,1194686.2
2026-03-14 08:30:00,0.869,0.869,0.865,0.866,1106140.0
2026-03-14 08:45:00,0.866,0.867,0.866,0.866,84932.1
2026-03-14 09:00:00,0.866,0.869,0.866,0.867,497175.4
2026-03-14 09:15:00,0.867,0.87,0.866,0.869,340294.6
2026-03-14 09:30:00,0.87,0.87,0.867,0.868,339705.4
2026-03-14 09:45:00,0.869,0.87,0.865,0.866,887302.7
2026-03-14 10:00:00,0.866,0.868,0.863,0.865,555094.8
2026-03-14 10:15:00,0.864,0.865,0.862,0.863,307827.2
2026-03-14 10:30:00,0.863,0.865,0.863,0.863,508039.6
2026-03-14 10:45:00,0.863,0.864,0.862,0.863,298390.5
2026-03-14 11:00:00,0.864,0.87,0.863,0.869,1579868.3
2026-03-14 11:15:00,0.87,0.872,0.867,0.87,979090.6
2026-03-14 11:30:00,0.869,0.87,0.867,0.867,370327.4
2026-03-14 11:45:00,0.867,0.869,0.867,0.868,416466.4
2026-03-14 12:00:00,0.868,0.869,0.866,0.866,285545.1
2026-03-14 12:15:00,0.866,0.868,0.864,0.864,621771.1
2026-03-14 12:30:00,0.864,0.865,0.862,0.862,598744.4
2026-03-14 12:45:00,0.862,0.865,0.862,0.865,547308.9
2026-03-14 13:00:00,0.864,0.865,0.862,0.864,676589.2
2026-03-14 13:15:00,0.864,0.868,0.863,0.866,825538.7
2026-03-14 13:30:00,0.867,0.869,0.866,0.868,369115.9
2026-03-14 13:45:00,0.868,0.869,0.866,0.866,508031.7
2026-03-14 14:00:00,0.867,0.868,0.864,0.865,464005.4
2026-03-14 14:15:00,0.865,0.872,0.864,0.868,1987542.0
2026-03-14 14:30:00,0.869,0.87,0.864,0.864,1077286.9
2026-03-14 14:45:00,0.865,0.867,0.864,0.866,366236.4
2026-03-14 15:00:00,0.867,0.869,0.865,0.866,479281.6
2026-03-14 15:15:00,0.866,0.868,0.865,0.866,611377.2
2026-03-14 15:30:00,0.866,0.867,0.864,0.865,272842.2
2026-03-14 15:45:00,0.866,0.868,0.865,0.867,349130.8
2026-03-14 16:00:00,0.868,0.869,0.866,0.867,618873.0
2026-03-14 16:15:00,0.868,0.872,0.867,0.872,665747.8
2026-03-14 16:30:00,0.872,0.875,0.871,0.872,980113.7
2026-03-14 16:45:00,0.873,0.877,0.872,0.876,569621.8
2026-03-14 17:00:00,0.877,0.878,0.873,0.873,989237.0
2026-03-14 17:15:00,0.873,0.876,0.872,0.875,788043.4
2026-03-14 17:30:00,0.875,0.876,0.873,0.874,678764.9
2026-03-14 17:45:00,0.875,0.876,0.873,0.874,410561.0
2026-03-14 18:00:00,0.875,0.875,0.873,0.874,564431.5
2026-03-14 18:15:00,0.875,0.876,0.873,0.875,443562.4
2026-03-14 18:30:00,0.875,0.913,0.875,0.903,18681961.8
2026-03-14 18:45:00,0.903,0.904,0.889,0.891,7206675.1
2026-03-14 19:00:00,0.891,0.896,0.882,0.884,3475453.4
2026-03-14 19:15:00,0.884,0.885,0.877,0.88,1368943.7
2026-03-14 19:30:00,0.881,0.882,0.877,0.882,781569.6
2026-03-14 19:45:00,0.882,0.882,0.879,0.88,336377.4
2026-03-14 20:00:00,0.881,0.884,0.876,0.877,1439947.2
2026-03-14 20:15:00,0.878,0.879,0.874,0.874,1106955.0
2026-03-14 20:30:00,0.875,0.878,0.874,0.878,770339.5
2026-03-14 20:45:00,0.877,0.88,0.876,0.879,684651.2
2026-03-14 21:00:00,0.88,0.881,0.878,0.878,1046555.0
2026-03-14 21:15:00,0.878,0.879,0.875,0.876,679181.8
2026-03-14 21:30:00,0.876,0.879,0.875,0.876,542581.0
2026-03-14 21:45:00,0.876,0.879,0.875,0.878,149548.7
2026-03-14 22:00:00,0.878,0.883,0.876,0.882,533897.9
2026-03-14 22:15:00,0.882,0.887,0.88,0.882,961581.1
2026-03-14 22:30:00,0.883,0.885,0.881,0.882,668108.9
2026-03-14 22:45:00,0.882,0.882,0.877,0.878,562312.8
2026-03-14 23:00:00,0.878,0.883,0.878,0.879,1515070.3
2026-03-14 23:15:00,0.879,0.88,0.876,0.878,583950.6
2026-03-14 23:30:00,0.879,0.881,0.878,0.881,424482.2
2026-03-14 23:45:00,0.88,0.882,0.879,0.882,413367.9
2026-03-15 00:00:00,0.881,0.882,0.877,0.881,752614.3
2026-03-15 00:15:00,0.881,0.881,0.875,0.876,1203739.5
2026-03-15 00:30:00,0.875,0.879,0.871,0.877,1208830.0
2026-03-15 00:45:00,0.876,0.877,0.872,0.874,539801.4
2026-03-15 01:00:00,0.873,0.875,0.865,0.873,2740206.2
2026-03-15 01:15:00,0.874,0.875,0.87,0.874,946841.6
2026-03-15 01:30:00,0.874,0.878,0.873,0.878,691944.9
2026-03-15 01:45:00,0.878,0.879,0.876,0.877,368872.9
2026-03-15 02:00:00,0.877,0.883,0.876,0.881,1760496.9
2026-03-15 02:15:00,0.881,0.881,0.878,0.879,552981.8
2026-03-15 02:30:00,0.88,0.883,0.878,0.882,622325.0
2026-03-15 02:45:00,0.882,0.886,0.882,0.882,2038715.9
2026-03-15 03:00:00,0.883,0.885,0.883,0.884,603851.7
2026-03-15 03:15:00,0.883,0.884,0.878,0.879,1087687.1
2026-03-15 03:30:00,0.879,0.88,0.875,0.876,715369.8
2026-03-15 03:45:00,0.876,0.88,0.875,0.879,535782.1
2026-03-15 04:00:00,0.88,0.884,0.879,0.882,741986.0
2026-03-15 04:15:00,0.883,0.884,0.879,0.879,378105.3
2026-03-15 04:30:00,0.88,0.88,0.877,0.879,656818.6
2026-03-15 04:45:00,0.879,0.881,0.878,0.88,227717.7
2026-03-15 05:00:00,0.881,0.881,0.878,0.88,185763.7
2026-03-15 05:15:00,0.881,0.885,0.88,0.88,856901.1
2026-03-15 05:30:00,0.88,0.884,0.88,0.881,478349.3
2026-03-15 05:45:00,0.882,0.883,0.88,0.88,856088.1
2026-03-15 06:00:00,0.881,0.883,0.88,0.882,350412.7
2026-03-15 06:15:00,0.883,0.883,0.88,0.881,686244.2
2026-03-15 06:30:00,0.88,0.881,0.877,0.878,648517.9
2026-03-15 06:45:00,0.878,0.882,0.878,0.88,217933.6
2026-03-15 07:00:00,0.881,0.884,0.88,0.882,465718.7
2026-03-15 07:15:00,0.883,0.884,0.881,0.881,294544.9
2026-03-15 07:30:00,0.881,0.882,0.88,0.881,251277.8
2026-03-15 07:45:00,0.881,0.887,0.88,0.887,742771.2
2026-03-15 08:00:00,0.886,0.887,0.883,0.884,1148459.9
2026-03-15 08:15:00,0.884,0.888,0.884,0.885,622770.2
2026-03-15 08:30:00,0.886,0.889,0.885,0.886,569967.8
2026-03-15 08:45:00,0.886,0.887,0.884,0.885,390640.2
2026-03-15 09:00:00,0.886,0.889,0.885,0.885,926164.0
2026-03-15 09:15:00,0.886,0.887,0.883,0.885,628353.0
2026-03-15 09:30:00,0.885,0.886,0.883,0.884,199534.7
2026-03-15 09:45:00,0.883,0.884,0.882,0.884,675231.2
2026-03-15 10:00:00,0.883,0.886,0.882,0.885,367158.6
2026-03-15 10:15:00,0.885,0.886,0.884,0.884,296837.4
2026-03-15 10:30:00,0.885,0.885,0.881,0.883,1493211.6
2026-03-15 10:45:00,0.884,0.892,0.883,0.887,1580530.4
2026-03-15 11:00:00,0.887,0.889,0.886,0.888,473452.7
2026-03-15 11:15:00,0.889,0.892,0.887,0.889,1295559.1
2026-03-15 11:30:00,0.89,0.892,0.888,0.891,750049.6
2026-03-15 11:45:00,0.891,0.893,0.889,0.89,474106.7
2026-03-15 12:00:00,0.891,0.891,0.887,0.888,765533.3
2026-03-15 12:15:00,0.888,0.892,0.886,0.891,1143057.7
2026-03-15 12:30:00,0.891,0.894,0.89,0.892,729118.3
2026-03-15 12:45:00,0.892,0.893,0.891,0.891,595906.8
2026-03-15 13:00:00,0.891,0.892,0.88,0.883,1918871.8
2026-03-15 13:15:00,0.883,0.887,0.879,0.886,1266700.9
2026-03-15 13:30:00,0.885,0.887,0.882,0.886,1289770.8
2026-03-15 13:45:00,0.886,0.887,0.884,0.885,388273.5
