timestamp,open,high,low,close,volume
2025-09-15 15:15:00,13.453,13.497,13.397,13.465,81493.0
2025-09-15 15:30:00,13.464,13.467,13.343,13.353,108335.9
2025-09-15 15:45:00,13.353,13.435,13.303,13.399,94477.0
2025-09-15 16:00:00,13.398,13.404,13.284,13.376,93366.1
2025-09-15 16:15:00,13.375,13.394,13.303,13.32,37594.3
2025-09-15 16:30:00,13.319,13.4,13.302,13.4,58488.5
2025-09-15 16:45:00,13.396,13.397,13.252,13.288,70194.3
2025-09-15 17:00:00,13.288,13.346,13.278,13.316,70910.5
2025-09-15 17:15:00,13.317,13.336,13.273,13.3,50623.8
2025-09-15 17:30:00,13.3,13.368,13.289,13.364,36776.4
2025-09-15 17:45:00,13.364,13.421,13.33,13.418,44935.8
2025-09-15 18:00:00,13.417,13.422,13.348,13.359,28954.0
2025-09-15 18:15:00,13.359,13.394,13.346,13.36,10304.6
2025-09-15 18:30:00,13.361,13.398,13.354,13.374,26974.6
2025-09-15 18:45:00,13.375,13.503,13.37,13.423,117683.7
2025-09-15 19:00:00,13.423,13.485,13.407,13.42,35034.7
2025-09-15 19:15:00,13.42,13.421,13.366,13.375,32711.0
2025-09-15 19:30:00,13.375,13.471,13.347,13.452,43209.0
2025-09-15 19:45:00,13.453,13.479,13.407,13.42,36501.6
2025-09-15 20:00:00,13.421,13.471,13.406,13.457,44452.8
2025-09-15 20:15:00,13.458,13.498,13.45,13.455,39083.9
2025-09-15 20:30:00,13.456,13.486,13.452,13.469,32331.7
2025-09-15 20:45:00,13.469,13.497,13.458,13.483,37310.9
2025-09-15 21:00:00,13.484,13.489,13.449,13.46,50207.4
2025-09-15 21:15:00,13.46,13.504,13.458,13.498,30224.8
2025-09-15 21:30:00,13.498,13.516,13.488,13.51,14489.4
2025-09-15 21:45:00,13.511,13.519,13.502,13.513,13251.7
2025-09-15 22:00:00,13.514,13.549,13.502,13.525,45032.1
2025-09-15 22:15:00,13.525,13.545,13.509,13.539,28658.7
2025-09-15 22:30:00,13.538,13.54,13.475,13.495,24861.2
2025-09-15 22:45:00,13.496,13.506,13.48,13.493,13489.5
2025-09-15 23:00:00,13.494,13.501,13.465,13.485,20809.7
2025-09-15 23:15:00,13.485,13.534,13.484,13.522,22443.4
2025-09-15 23:30:00,13.522,13.531,13.489,13.497,15541.3
2025-09-15 23:45:00,13.497,13.523,13.488,13.513,18687.3
2025-09-16 00:00:00,13.513,13.518,13.485,13.493,24159.7
2025-09-16 00:15:00,13.494,13.52,13.468,13.473,31786.9
2025-09-16 00:30:00,13.475,13.507,13.473,13.485,25388.7
2025-09-16 00:45:00,13.485,13.494,13.436,13.492,38509.8
2025-09-16 01:00:00,13.493,13.555,13.484,13.521,31514.0
2025-09-16 01:15:00,13.522,13.542,13.506,13.513,36580.7
2025-09-16 01:30:00,13.513,13.533,13.444,13.459,15187.6
2025-09-16 01:45:00,13.46,13.486,13.406,13.416,24109.9
2025-09-16 02:00:00,13.417,13.466,13.413,13.461,19420.3
2025-09-16 02:15:00,13.461,13.486,13.431,13.452,13657.8
2025-09-16 02:30:00,13.451,13.472,13.422,13.435,13098.6
2025-09-16 02:45:00,13.436,13.443,13.397,13.398,19232.8
2025-09-16 03:00:00,13.397,13.425,13.388,13.399,42359.3
2025-09-16 03:15:00,13.399,13.428,13.387,13.404,43878.3
2025-09-16 03:30:00,13.404,13.457,13.403,13.431,19272.6
2025-09-16 03:45:00,13.431,13.432,13.379,13.379,23756.5
2025-09-16 04:00:00,13.38,13.396,13.304,13.315,34817.0
2025-09-16 04:15:00,13.316,13.397,13.273,13.387,68472.5
2025-09-16 04:30:00,13.388,13.401,13.353,13.37,25424.6
2025-09-16 04:45:00,13.369,13.421,13.366,13.409,18753.3
2025-09-16 05:00:00,13.408,13.474,13.387,13.455,31194.5
2025-09-16 05:15:00,13.454,13.479,13.403,13.445,27954.3
2025-09-16 05:30:00,13.445,13.477,13.442,13.476,19043.0
2025-09-16 05:45:00,13.476,13.494,13.454,13.494,20143.1
2025-09-16 06:00:00,13.494,13.536,13.48,13.533,31271.9
2025-09-16 06:15:00,13.533,13.547,13.466,13.471,31823.6
2025-09-16 06:30:00,13.472,13.476,13.396,13.432,43676.1
2025-09-16 06:45:00,13.431,13.468,13.412,13.452,15772.7
2025-09-16 07:00:00,13.452,13.5,13.452,13.469,28767.4
2025-09-16 07:15:00,13.468,13.526,13.465,13.511,23937.3
2025-09-16 07:30:00,13.51,13.525,13.477,13.51,17086.6
2025-09-16 07:45:00,13.509,13.588,13.506,13.558,37244.0
2025-09-16 08:00:00,13.558,13.698,13.557,13.696,76540.5
2025-09-16 08:15:00,13.697,13.731,13.644,13.668,63938.2
2025-09-16 08:30:00,13.668,13.674,13.547,13.609,128465.1
2025-09-16 08:45:00,13.61,13.666,13.599,13.652,44226.8
2025-09-16 09:00:00,13.652,13.653,13.58,13.592,39743.2
2025-09-16 09:15:00,13.591,13.65,13.581,13.604,59007.0
2025-09-16 09:30:00,13.604,13.671,13.572,13.623,51666.6
2025-09-16 09:45:00,13.623,13.662,13.616,13.657,27415.1
2025-09-16 10:00:00,13.657,13.661,13.585,13.604,29456.7
2025-09-16 10:15:00,13.604,13.647,13.583,13.606,30045.7
2025-09-16 10:30:00,13.606,13.636,13.576,13.592,23768.3
2025-09-16 10:45:00,13.592,13.631,13.579,13.581,20686.9
2025-09-16 11:00:00,13.58,13.607,13.571,13.58,20939.1
2025-09-16 11:15:00,13.579,13.623,13.568,13.614,23883.0
2025-09-16 11:30:00,13.613,13.64,13.605,13.625,21050.8
2025-09-16 11:45:00,13.625,13.633,13.581,13.589,21358.0
2025-09-16 12:00:00,13.589,13.62,13.581,13.604,17815.0
2025-09-16 12:15:00,13.605,13.644,13.585,13.59,24391.4
2025-09-16 12:30:00,13.59,13.633,13.58,13.589,29212.1
2025-09-16 12:45:00,13.59,13.602,13.561,13.585,32807.3
2025-09-16 13:00:00,13.585,13.651,13.571,13.61,33570.0
2025-09-16 13:15:00,13.61,13.73,13.603,13.701,102777.1
2025-09-16 13:30:00,13.701,13.728,13.543,13.56,86596.2
2025-09-16 13:45:00,13.56,13.583,13.452,13.578,216204.6
2025-09-16 14:00:00,13.579,13.579,13.378,13.421,83982.0
2025-09-16 14:15:00,13.42,13.467,13.365,13.452,60202.9
2025-09-16 14:30:00,13.452,13.492,13.4,13.463,51000.9
2025-09-16 14:45:00,13.463,13.54,13.458,13.53,38810.8
2025-09-16 15:00:00,13.531,13.551,13.468,13.512,58302.0
2025-09-16 15:15:00,13.516,13.621,13.513,13.574,38680.5
2025-09-16 15:30:00,13.574,13.63,13.558,13.613,28293.0
2025-09-16 15:45:00,13.612,13.68,13.567,13.679,36401.3
2025-09-16 16:00:00,13.68,13.694,13.622,13.657,61382.7
2025-09-16 16:15:00,13.657,13.669,13.576,13.645,49517.0
2025-09-16 16:30:00,13.644,13.69,13.61,13.623,31410.5
2025-09-16 16:45:00,13.623,13.646,13.614,13.618,28123.2
2025-09-16 17:00:00,13.618,13.774,13.616,13.759,87475.9
2025-09-16 17:15:00,13.76,13.798,13.747,13.768,73028.7
2025-09-16 17:30:00,13.769,13.806,13.692,13.752,86329.5
2025-09-16 17:45:00,13.752,13.772,13.714,13.748,39507.6
2025-09-16 18:00:00,13.749,13.803,13.749,13.774,36770.1
2025-09-16 18:15:00,13.774,13.812,13.747,13.757,29283.0
2025-09-16 18:30:00,13.757,13.758,13.697,13.725,29844.7
2025-09-16 18:45:00,13.726,13.751,13.705,13.728,47016.7
2025-09-16 19:00:00,13.728,13.739,13.687,13.737,21216.8
2025-09-16 19:15:00,13.738,13.776,13.718,13.756,41976.2
2025-09-16 19:30:00,13.757,13.769,13.716,13.733,25762.4
2025-09-16 19:45:00,13.734,13.784,13.732,13.763,27557.0
2025-09-16 20:00:00,13.762,13.768,13.737,13.751,27547.9
2025-09-16 20:15:00,13.752,13.787,13.731,13.78,24764.6
2025-09-16 20:30:00,13.78,13.782,13.751,13.778,21361.4
2025-09-16 20:45:00,13.778,13.787,13.76,13.77,13805.2
2025-09-16 21:00:00,13.77,13.811,13.766,13.766,18297.1
2025-09-16 21:15:00,13.766,13.798,13.755,13.779,10059.4
2025-09-16 21:30:00,13.779,13.81,13.779,13.789,32002.3
2025-09-16 21:45:00,13.789,13.835,13.784,13.835,16487.8
2025-09-16 22:00:00,13.835,13.87,13.817,13.847,32122.3
2025-09-16 22:15:00,13.847,13.874,13.831,13.837,17664.5
2025-09-16 22:30:00,13.837,13.893,13.818,13.889,25204.0
2025-09-16 22:45:00,13.888,13.899,13.854,13.855,28828.2
2025-09-16 23:00:00,13.855,13.857,13.816,13.827,31062.6
2025-09-16 23:15:00,13.827,13.848,13.801,13.814,19835.8
2025-09-16 23:30:00,13.814,13.834,13.779,13.782,23393.4
2025-09-16 23:45:00,13.781,13.791,13.766,13.78,23882.9
2025-09-17 00:00:00,13.78,13.794,13.732,13.749,31056.5
2025-09-17 00:15:00,13.749,13.806,13.749,13.779,23684.9
2025-09-17 00:30:00,13.78,13.825,13.771,13.822,32681.4
2025-09-17 00:45:00,13.823,13.826,13.771,13.798,17364.0
2025-09-17 01:00:00,13.799,13.817,13.773,13.809,20457.9
2025-09-17 01:15:00,13.809,13.827,13.772,13.798,19545.8
2025-09-17 01:30:00,13.797,13.797,13.735,13.757,15088.6
2025-09-17 01:45:00,13.757,13.778,13.731,13.778,64918.7
2025-09-17 02:00:00,13.778,13.828,13.741,13.816,55438.5
2025-09-17 02:15:00,13.817,13.899,13.786,13.881,125869.3
2025-09-17 02:30:00,13.882,13.916,13.857,13.908,46814.7
2025-09-17 02:45:00,13.909,13.966,13.882,13.888,54132.4
2025-09-17 03:00:00,13.888,13.898,13.864,13.88,32257.8
2025-09-17 03:15:00,13.88,13.905,13.874,13.881,19875.9
2025-09-17 03:30:00,13.882,13.89,13.806,13.809,30872.2
2025-09-17 03:45:00,13.808,13.822,13.757,13.769,53463.7
2025-09-17 04:00:00,13.77,13.835,13.766,13.81,45941.6
2025-09-17 04:15:00,13.81,13.819,13.743,13.75,23479.8
2025-09-17 04:30:00,13.75,13.761,13.685,13.688,39011.6
2025-09-17 04:45:00,13.687,13.689,13.612,13.66,62507.3
2025-09-17 05:00:00,13.66,13.731,13.66,13.718,46338.7
2025-09-17 05:15:00,13.72,13.754,13.659,13.667,37960.2
2025-09-17 05:30:00,13.668,13.718,13.666,13.699,15137.4
2025-09-17 05:45:00,13.7,13.788,13.649,13.787,49022.8
2025-09-17 06:00:00,13.787,13.793,13.73,13.759,53991.5
2025-09-17 06:15:00,13.76,13.807,13.747,13.796,20735.2
2025-09-17 06:30:00,13.797,13.832,13.78,13.828,24068.3
2025-09-17 06:45:00,13.828,13.885,13.799,13.876,24448.5
2025-09-17 07:00:00,13.874,13.882,13.831,13.844,15646.6
2025-09-17 07:15:00,13.843,13.873,13.819,13.84,20428.5
2025-09-17 07:30:00,13.839,13.868,13.836,13.842,21615.4
2025-09-17 07:45:00,13.842,13.857,13.839,13.851,9304.7
2025-09-17 08:00:00,13.851,13.857,13.727,13.729,44932.9
2025-09-17 08:15:00,13.731,13.773,13.718,13.758,42932.3
2025-09-17 08:30:00,13.758,13.764,13.71,13.729,45685.5
2025-09-17 08:45:00,13.728,13.783,13.723,13.766,29337.0
2025-09-17 09:00:00,13.766,13.766,13.715,13.716,23287.3
2025-09-17 09:15:00,13.714,13.762,13.677,13.753,44818.0
2025-09-17 09:30:00,13.753,13.85,13.73,13.831,126576.3
2025-09-17 09:45:00,13.83,13.846,13.794,13.8,91630.9
2025-09-17 10:00:00,13.799,13.859,13.779,13.85,65519.0
2025-09-17 10:15:00,13.85,13.856,13.75,13.795,82713.0
2025-09-17 10:30:00,13.794,13.811,13.754,13.806,40382.2
2025-09-17 10:45:00,13.806,13.872,13.782,13.869,49069.0
2025-09-17 11:00:00,13.869,13.893,13.846,13.855,73053.0
2025-09-17 11:15:00,13.855,13.887,13.799,13.876,37004.9
2025-09-17 11:30:00,13.875,13.881,13.803,13.804,30928.2
2025-09-17 11:45:00,13.803,13.831,13.791,13.797,37922.8
2025-09-17 12:00:00,13.797,13.823,13.754,13.774,38335.9
2025-09-17 12:15:00,13.773,13.806,13.739,13.804,31303.0
2025-09-17 12:30:00,13.803,13.846,13.746,13.769,24836.8
2025-09-17 12:45:00,13.768,13.827,13.755,13.794,37742.3
2025-09-17 13:00:00,13.793,13.877,13.781,13.832,42405.5
2025-09-17 13:15:00,13.833,13.871,13.811,13.82,43836.5
2025-09-17 13:30:00,13.821,13.852,13.724,13.74,54138.9
2025-09-17 13:45:00,13.74,13.799,13.727,13.762,47226.1
2025-09-17 14:00:00,13.763,13.803,13.746,13.781,60659.2
2025-09-17 14:15:00,13.781,13.791,13.681,13.715,33651.2
2025-09-17 14:30:00,13.715,13.746,13.679,13.681,43392.1
2025-09-17 14:45:00,13.681,13.694,13.624,13.641,104727.3
2025-09-17 15:00:00,13.642,13.681,13.632,13.677,22382.3
2025-09-17 15:15:00,13.678,13.693,13.61,13.613,23019.6
2025-09-17 15:30:00,13.614,13.69,13.614,13.663,41525.8
2025-09-17 15:45:00,13.663,13.683,13.635,13.657,21312.6
2025-09-17 16:00:00,13.655,13.655,13.579,13.588,38812.3
2025-09-17 16:15:00,13.588,13.673,13.548,13.669,64842.0
2025-09-17 16:30:00,13.668,13.701,13.657,13.685,29753.9
2025-09-17 16:45:00,13.684,13.731,13.659,13.711,30633.5
2025-09-17 17:00:00,13.711,13.717,13.659,13.665,17720.7
2025-09-17 17:15:00,13.665,13.688,13.64,13.666,21175.4
2025-09-17 17:30:00,13.665,13.882,13.643,13.802,71704.3
2025-09-17 17:45:00,13.801,13.898,13.642,13.667,100290.7
2025-09-17 18:00:00,13.675,13.988,13.593,13.71,571287.8
2025-09-17 18:15:00,13.709,13.886,13.651,13.853,123324.4
2025-09-17 18:30:00,13.853,13.864,13.635,13.649,121563.6
2025-09-17 18:45:00,13.649,13.743,13.599,13.688,127965.4
2025-09-17 19:00:00,13.687,13.884,13.677,13.822,125483.3
2025-09-17 19:15:00,13.823,14.025,13.823,14.012,92033.5
2025-09-17 19:30:00,14.012,14.109,13.976,14.082,105013.4
2025-09-17 19:45:00,14.082,14.189,14.039,14.144,100592.4
2025-09-17 20:00:00,14.143,14.3,14.142,14.289,161642.9
2025-09-17 20:15:00,14.289,14.345,14.201,14.213,82386.1
2025-09-17 20:30:00,14.214,14.269,14.134,14.162,74512.9
2025-09-17 20:45:00,14.163,14.204,14.046,14.084,58853.7
2025-09-17 21:00:00,14.083,14.148,13.967,14.148,86296.2
2025-09-17 21:15:00,14.148,14.272,14.138,14.228,48882.9
2025-09-17 21:30:00,14.228,14.28,14.209,14.259,50963.9
2025-09-17 21:45:00,14.258,14.32,14.241,14.312,39773.2
2025-09-17 22:00:00,14.312,14.446,14.306,14.423,88531.2
2025-09-17 22:15:00,14.422,14.462,14.396,14.453,93276.6
2025-09-17 22:30:00,14.454,14.462,14.414,14.45,69152.0
2025-09-17 22:45:00,14.449,14.521,14.418,14.475,67547.9
2025-09-17 23:00:00,14.475,14.537,14.475,14.506,57106.9
2025-09-17 23:15:00,14.506,14.516,14.39,14.42,61808.8
2025-09-17 23:30:00,14.421,14.479,14.372,14.381,33129.0
2025-09-17 23:45:00,14.382,14.424,14.378,14.414,47614.9
2025-09-18 00:00:00,14.414,14.515,14.414,14.498,76497.7
2025-09-18 00:15:00,14.499,14.502,14.395,14.404,28512.9
2025-09-18 00:30:00,14.403,14.413,14.347,14.375,51961.6
2025-09-18 00:45:00,14.375,14.403,14.336,14.36,27113.0
2025-09-18 01:00:00,14.359,14.446,14.338,14.439,24140.1
2025-09-18 01:15:00,14.439,14.477,14.415,14.439,26850.4
2025-09-18 01:30:00,14.439,14.481,14.422,14.481,23739.1
2025-09-18 01:45:00,14.48,14.498,14.434,14.447,25206.2
2025-09-18 02:00:00,14.447,14.454,14.399,14.436,26165.2
2025-09-18 02:15:00,14.435,14.447,14.374,14.387,36994.2
2025-09-18 02:30:00,14.387,14.405,14.354,14.38,17095.5
2025-09-18 02:45:00,14.381,14.46,14.38,14.458,21910.4
2025-09-18 03:00:00,14.458,14.543,14.423,14.54,66107.0
2025-09-18 03:15:00,14.54,14.572,14.5,14.546,55132.2
2025-09-18 03:30:00,14.546,14.562,14.508,14.508,58933.6
2025-09-18 03:45:00,14.509,14.534,14.481,14.494,39650.3
2025-09-18 04:00:00,14.494,14.513,14.469,14.493,33696.6
2025-09-18 04:15:00,14.493,14.499,14.425,14.436,41669.3
2025-09-18 04:30:00,14.437,14.487,14.431,14.487,36697.8
2025-09-18 04:45:00,14.488,14.501,14.472,14.48,25306.8
2025-09-18 05:00:00,14.48,14.483,14.441,14.458,26226.3
2025-09-18 05:15:00,14.459,14.48,14.412,14.416,17595.2
2025-09-18 05:30:00,14.416,14.427,14.355,14.407,55139.5
2025-09-18 05:45:00,14.407,14.409,14.366,14.407,24545.3
2025-09-18 06:00:00,14.408,14.436,14.298,14.319,51338.1
2025-09-18 06:15:00,14.319,14.356,14.265,14.271,53486.3
2025-09-18 06:30:00,14.271,14.335,14.234,14.306,52757.6
2025-09-18 06:45:00,14.307,14.403,14.307,14.392,64783.8
2025-09-18 07:00:00,14.392,14.421,14.363,14.399,39112.0
2025-09-18 07:15:00,14.399,14.434,14.376,14.415,27738.4
2025-09-18 07:30:00,14.415,14.455,14.396,14.444,33453.4
2025-09-18 07:45:00,14.444,14.471,14.41,14.421,30816.1
2025-09-18 08:00:00,14.422,14.469,14.41,14.467,25261.6
2025-09-18 08:15:00,14.467,14.508,14.434,14.483,40655.6
2025-09-18 08:30:00,14.485,14.513,14.422,14.437,46883.2
2025-09-18 08:45:00,14.436,14.481,14.403,14.478,34762.4
2025-09-18 09:00:00,14.478,14.511,14.45,14.488,27108.5
2025-09-18 09:15:00,14.488,14.525,14.484,14.505,24381.3
2025-09-18 09:30:00,14.504,14.521,14.463,14.5,29167.8
2025-09-18 09:45:00,14.499,14.509,14.464,14.487,31764.2
2025-09-18 10:00:00,14.486,14.499,14.41,14.429,58819.0
2025-09-18 10:15:00,14.43,14.472,14.4,14.406,77620.1
2025-09-18 10:30:00,14.406,14.493,14.406,14.467,77138.7
2025-09-18 10:45:00,14.467,14.471,14.416,14.423,33667.7
2025-09-18 11:00:00,14.423,14.465,14.413,14.425,30490.6
2025-09-18 11:15:00,14.425,14.453,14.411,14.429,17039.6
2025-09-18 11:30:00,14.431,14.45,14.401,14.413,20282.2
2025-09-18 11:45:00,14.412,14.44,14.39,14.429,49110.4
2025-09-18 12:00:00,14.429,14.456,14.39,14.455,56019.1
2025-09-18 12:15:00,14.455,14.477,14.408,14.472,22233.6
2025-09-18 12:30:00,14.471,14.484,14.382,14.441,41916.4
2025-09-18 12:45:00,14.441,14.459,14.41,14.455,26600.4
2025-09-18 13:00:00,14.457,14.472,14.399,14.47,44421.6
2025-09-18 13:15:00,14.47,14.496,14.43,14.439,37502.7
2025-09-18 13:30:00,14.439,14.515,14.406,14.419,64168.3
2025-09-18 13:45:00,14.418,14.508,14.379,14.496,71689.6
2025-09-18 14:00:00,14.496,14.596,14.493,14.577,110271.5
2025-09-18 14:15:00,14.576,14.644,14.56,14.575,103716.6
2025-09-18 14:30:00,14.576,14.594,14.5,14.504,63749.2
2025-09-18 14:45:00,14.505,14.524,14.468,14.523,60745.5
2025-09-18 15:00:00,14.524,14.556,14.452,14.462,54359.5
2025-09-18 15:15:00,14.461,14.511,14.429,14.43,38461.1
2025-09-18 15:30:00,14.431,14.489,14.415,14.479,95573.1
2025-09-18 15:45:00,14.48,14.554,14.48,14.526,56664.8
2025-09-18 16:00:00,14.526,14.548,14.452,14.482,54523.4
2025-09-18 16:15:00,14.482,14.515,14.458,14.471,34662.0
2025-09-18 16:30:00,14.472,14.538,14.451,14.52,43007.2
2025-09-18 16:45:00,14.52,14.535,14.478,14.498,41519.7
2025-09-18 17:00:00,14.498,14.632,14.469,14.611,122493.1
2025-09-18 17:15:00,14.611,14.661,14.552,14.564,103198.2
2025-09-18 17:30:00,14.564,14.57,14.526,14.549,54992.7
2025-09-18 17:45:00,14.549,14.603,14.547,14.589,51098.3
2025-09-18 18:00:00,14.589,14.59,14.529,14.57,37964.1
2025-09-18 18:15:00,14.57,14.593,14.535,14.569,46496.9
2025-09-18 18:30:00,14.57,14.586,14.526,14.553,40457.0
2025-09-18 18:45:00,14.553,14.61,14.552,14.59,46851.8
2025-09-18 19:00:00,14.59,14.612,14.563,14.591,51825.1
2025-09-18 19:15:00,14.592,14.631,14.572,14.586,72877.8
2025-09-18 19:30:00,14.586,14.586,14.47,14.569,102687.2
2025-09-18 19:45:00,14.569,14.597,14.526,14.575,65394.0
2025-09-18 20:00:00,14.576,14.706,14.575,14.676,143493.6
2025-09-18 20:15:00,14.677,14.723,14.663,14.714,67568.7
2025-09-18 20:30:00,14.715,14.722,14.664,14.688,47698.0
2025-09-18 20:45:00,14.688,14.725,14.664,14.666,42003.1
2025-09-18 21:00:00,14.667,14.695,14.634,14.641,54861.3
2025-09-18 21:15:00,14.641,14.716,14.623,14.662,39623.4
2025-09-18 21:30:00,14.662,14.735,14.631,14.694,31223.1
2025-09-18 21:45:00,14.694,14.749,14.694,14.712,29413.2
2025-09-18 22:00:00,14.711,14.766,14.701,14.722,63380.6
2025-09-18 22:15:00,14.723,14.789,14.712,14.733,46072.5
2025-09-18 22:30:00,14.734,14.797,14.723,14.778,51703.3
2025-09-18 22:45:00,14.779,14.783,14.683,14.706,63249.2
2025-09-18 23:00:00,14.706,14.723,14.604,14.708,111340.7
2025-09-18 23:15:00,14.708,14.721,14.659,14.714,43005.8
2025-09-18 23:30:00,14.715,14.763,14.678,14.699,54120.1
2025-09-18 23:45:00,14.698,14.762,14.688,14.723,42400.0
2025-09-19 00:00:00,14.723,14.796,14.722,14.759,56183.4
2025-09-19 00:15:00,14.759,14.804,14.752,14.789,43569.4
2025-09-19 00:30:00,14.79,14.818,14.753,14.787,40411.4
2025-09-19 00:45:00,14.787,14.81,14.728,14.801,55697.5
2025-09-19 01:00:00,14.801,14.836,14.7,14.706,55145.8
2025-09-19 01:15:00,14.707,14.805,14.696,14.801,41807.1
2025-09-19 01:30:00,14.801,14.844,14.727,14.756,56757.1
2025-09-19 01:45:00,14.756,14.818,14.716,14.809,46996.1
2025-09-19 02:00:00,14.809,14.872,14.766,14.786,49141.4
2025-09-19 02:15:00,14.786,14.802,14.73,14.754,25707.4
2025-09-19 02:30:00,14.753,14.76,14.682,14.724,28366.5
2025-09-19 02:45:00,14.723,14.753,14.706,14.715,26989.0
2025-09-19 03:00:00,14.715,14.758,14.701,14.723,43193.3
2025-09-19 03:15:00,14.722,14.76,14.633,14.651,61757.2
2025-09-19 03:30:00,14.651,14.659,14.53,14.579,134571.2
2025-09-19 03:45:00,14.58,14.604,14.544,14.571,47099.7
2025-09-19 04:00:00,14.57,14.572,14.342,14.342,198382.1
2025-09-19 04:15:00,14.341,14.415,14.34,14.412,96901.7
2025-09-19 04:30:00,14.411,14.466,14.374,14.426,86638.9
2025-09-19 04:45:00,14.426,14.5,14.426,14.476,43233.3
2025-09-19 05:00:00,14.476,14.506,14.436,14.505,31219.8
2025-09-19 05:15:00,14.505,14.505,14.394,14.401,29075.6
2025-09-19 05:30:00,14.4,14.499,14.382,14.418,31011.0
2025-09-19 05:45:00,14.418,14.476,14.412,14.431,19490.5
2025-09-19 06:00:00,14.43,14.435,14.372,14.393,44674.5
2025-09-19 06:15:00,14.393,14.44,14.361,14.398,31647.7
2025-09-19 06:30:00,14.398,14.431,14.371,14.398,23767.0
2025-09-19 06:45:00,14.397,14.414,14.311,14.316,37304.6
2025-09-19 07:00:00,14.315,14.358,14.284,14.343,43806.4
2025-09-19 07:15:00,14.344,14.403,14.344,14.396,28194.8
2025-09-19 07:30:00,14.395,14.411,14.346,14.395,27202.5
2025-09-19 07:45:00,14.395,14.435,14.382,14.392,91363.9
2025-09-19 08:00:00,14.392,14.45,14.376,14.433,49460.7
2025-09-19 08:15:00,14.432,14.481,14.417,14.434,39226.8
2025-09-19 08:30:00,14.434,14.44,14.364,14.408,29916.6
2025-09-19 08:45:00,14.407,14.407,14.363,14.389,27591.6
2025-09-19 09:00:00,14.39,14.501,14.382,14.485,45392.0
2025-09-19 09:15:00,14.484,14.489,14.381,14.394,43283.2
2025-09-19 09:30:00,14.393,14.405,14.294,14.299,30423.0
2025-09-19 09:45:00,14.299,14.348,14.259,14.332,57736.3
2025-09-19 10:00:00,14.332,14.34,14.269,14.325,45394.0
2025-09-19 10:15:00,14.324,14.337,14.273,14.276,36488.7
2025-09-19 10:30:00,14.275,14.324,14.246,14.32,29993.5
2025-09-19 10:45:00,14.321,14.326,14.277,14.289,25765.6
2025-09-19 11:00:00,14.288,14.293,14.165,14.197,86707.5
2025-09-19 11:15:00,14.196,14.212,14.115,14.116,55196.6
2025-09-19 11:30:00,14.117,14.155,14.113,14.118,44052.4
2025-09-19 11:45:00,14.118,14.185,14.091,14.146,42534.5
2025-09-19 12:00:00,14.147,14.218,14.141,14.197,34424.0
2025-09-19 12:15:00,14.197,14.208,14.11,14.126,31989.4
2025-09-19 12:30:00,14.125,14.193,14.105,14.168,26358.7
2025-09-19 12:45:00,14.167,14.344,14.152,14.234,216085.5
2025-09-19 13:00:00,14.235,14.305,14.222,14.288,68546.6
2025-09-19 13:15:00,14.287,14.313,14.225,14.261,38320.2
2025-09-19 13:30:00,14.261,14.329,14.201,14.264,48144.7
2025-09-19 13:45:00,14.265,14.324,14.245,14.292,34609.7
2025-09-19 14:00:00,14.292,14.318,14.232,14.266,30631.0
2025-09-19 14:15:00,14.266,14.292,14.215,14.226,34938.7
2025-09-19 14:30:00,14.225,14.265,14.178,14.185,33583.3
2025-09-19 14:45:00,14.185,14.203,14.089,14.13,106197.5
2025-09-19 15:00:00,14.129,14.147,13.966,13.991,175670.1
2025-09-19 15:15:00,13.992,14.074,13.975,14.063,74064.8
2025-09-19 15:30:00,14.062,14.108,13.998,14.096,37227.7
2025-09-19 15:45:00,14.095,14.126,14.051,14.077,32841.1
2025-09-19 16:00:00,14.077,14.158,14.045,14.152,59084.8
2025-09-19 16:15:00,14.151,14.164,14.086,14.136,47731.2
2025-09-19 16:30:00,14.136,14.148,14.09,14.117,23711.3
2025-09-19 16:45:00,14.117,14.145,14.082,14.099,48514.0
2025-09-19 17:00:00,14.099,14.101,14.032,14.037,32467.3
2025-09-19 17:15:00,14.037,14.052,13.985,13.998,50668.4
2025-09-19 17:30:00,13.997,13.997,13.945,13.983,76302.2
2025-09-19 17:45:00,13.982,14.002,13.948,13.952,20013.2
2025-09-19 18:00:00,13.952,13.976,13.85,13.92,83807.6
2025-09-19 18:15:00,13.92,13.953,13.893,13.927,26604.8
2025-09-19 18:30:00,13.927,13.969,13.914,13.953,30348.0
2025-09-19 18:45:00,13.953,13.97,13.905,13.928,30612.6
2025-09-19 19:00:00,13.929,13.977,13.929,13.958,29885.8
2025-09-19 19:15:00,13.959,13.992,13.94,13.976,19523.7
2025-09-19 19:30:00,13.975,13.995,13.94,13.949,21400.2
2025-09-19 19:45:00,13.95,13.973,13.924,13.927,24151.2
2025-09-19 20:00:00,13.927,13.992,13.922,13.969,26931.8
2025-09-19 20:15:00,13.968,14.01,13.955,14.007,46182.2
2025-09-19 20:30:00,14.007,14.012,13.958,13.972,35857.6
2025-09-19 20:45:00,13.972,13.977,13.926,13.953,27584.9
2025-09-19 21:00:00,13.953,13.963,13.904,13.956,29410.8
2025-09-19 21:15:00,13.956,13.988,13.947,13.951,30991.5
2025-09-19 21:30:00,13.951,13.986,13.942,13.95,24059.3
2025-09-19 21:45:00,13.949,13.977,13.94,13.976,11881.1
2025-09-19 22:00:00,13.977,14.0,13.962,14.0,19955.8
2025-09-19 22:15:00,14.0,14.001,13.951,13.972,32207.3
2025-09-19 22:30:00,13.972,13.993,13.951,13.954,13859.6
2025-09-19 22:45:00,13.954,13.986,13.948,13.95,15093.5
2025-09-19 23:00:00,13.951,13.956,13.884,13.888,42636.2
2025-09-19 23:15:00,13.888,13.896,13.719,13.729,117647.5
2025-09-19 23:30:00,13.728,13.799,13.708,13.794,40636.1
2025-09-19 23:45:00,13.794,13.858,13.789,13.85,22726.2
2025-09-20 00:00:00,13.85,13.864,13.827,13.861,53996.8
2025-09-20 00:15:00,13.861,13.888,13.815,13.83,21023.5
2025-09-20 00:30:00,13.83,13.926,13.827,13.923,23132.7
2025-09-20 00:45:00,13.923,13.943,13.916,13.939,14131.8
2025-09-20 01:00:00,13.94,13.94,13.844,13.844,21811.0
2025-09-20 01:15:00,13.844,13.914,13.84,13.9,13275.3
2025-09-20 01:30:00,13.899,13.907,13.806,13.878,31331.7
2025-09-20 01:45:00,13.878,13.905,13.852,13.852,26373.7
2025-09-20 02:00:00,13.852,13.858,13.772,13.777,19951.3
2025-09-20 02:15:00,13.777,13.848,13.752,13.832,26093.8
2025-09-20 02:30:00,13.832,13.883,13.797,13.88,17606.0
2025-09-20 02:45:00,13.879,13.894,13.863,13.881,11773.4
2025-09-20 03:00:00,13.88,13.884,13.826,13.85,14134.9
2025-09-20 03:15:00,13.85,13.887,13.832,13.836,9274.0
2025-09-20 03:30:00,13.835,13.895,13.832,13.883,13878.6
2025-09-20 03:45:00,13.882,13.902,13.868,13.877,11022.9
2025-09-20 04:00:00,13.876,13.894,13.838,13.876,17889.8
2025-09-20 04:15:00,13.876,13.903,13.849,13.881,27853.0
2025-09-20 04:30:00,13.881,13.928,13.87,13.914,32029.0
2025-09-20 04:45:00,13.915,13.943,13.878,13.907,29815.6
2025-09-20 05:00:00,13.909,13.919,13.875,13.905,20972.3
2025-09-20 05:15:00,13.904,13.917,13.888,13.912,11080.3
2025-09-20 05:30:00,13.913,13.964,13.908,13.934,26627.2
2025-09-20 05:45:00,13.935,13.957,13.934,13.946,15280.1
2025-09-20 06:00:00,13.945,13.945,13.884,13.895,18314.4
2025-09-20 06:15:00,13.896,13.927,13.893,13.923,11162.6
2025-09-20 06:30:00,13.923,13.955,13.921,13.944,15443.5
2025-09-20 06:45:00,13.944,13.95,13.91,13.913,27918.5
2025-09-20 07:00:00,13.913,13.953,13.903,13.909,22471.9
2025-09-20 07:15:00,13.91,13.932,13.882,13.888,17483.6
2025-09-20 07:30:00,13.888,13.922,13.864,13.916,19696.9
2025-09-20 07:45:00,13.916,13.977,13.902,13.973,44705.4
2025-09-20 08:00:00,13.974,13.974,13.91,13.918,25019.6
2025-09-20 08:15:00,13.918,13.929,13.882,13.884,15808.7
2025-09-20 08:30:00,13.884,13.917,13.884,13.907,19239.9
2025-09-20 08:45:00,13.907,13.907,13.82,13.834,35299.7
2025-09-20 09:00:00,13.835,13.892,13.832,13.881,32608.0
2025-09-20 09:15:00,13.881,13.893,13.837,13.839,19665.0
2025-09-20 09:30:00,13.839,13.839,13.784,13.819,25150.8
2025-09-20 09:45:00,13.818,13.837,13.797,13.803,11966.9
2025-09-20 10:00:00,13.802,13.854,13.802,13.851,16682.5
2025-09-20 10:15:00,13.852,13.861,13.802,13.802,14144.2
2025-09-20 10:30:00,13.802,13.804,13.771,13.783,20545.8
2025-09-20 10:45:00,13.783,13.797,13.74,13.742,28122.7
2025-09-20 11:00:00,13.742,13.791,13.721,13.759,91264.9
2025-09-20 11:15:00,13.758,13.766,13.676,13.694,68680.2
2025-09-20 11:30:00,13.694,13.735,13.685,13.723,25173.5
2025-09-20 11:45:00,13.723,13.781,13.723,13.772,35202.1
2025-09-20 12:00:00,13.772,13.774,13.733,13.761,23929.4
2025-09-20 12:15:00,13.761,13.785,13.732,13.735,14809.4
2025-09-20 12:30:00,13.735,13.761,13.707,13.725,18988.0
2025-09-20 12:45:00,13.725,13.761,13.718,13.759,12085.5
2025-09-20 13:00:00,13.758,13.759,13.717,13.727,15874.9
2025-09-20 13:15:00,13.726,13.77,13.719,13.742,18759.3
2025-09-20 13:30:00,13.742,13.77,13.733,13.748,16025.0
2025-09-20 13:45:00,13.749,13.77,13.725,13.73,23433.3
2025-09-20 14:00:00,13.73,13.747,13.715,13.729,18591.2
2025-09-20 14:15:00,13.728,13.789,13.718,13.782,28983.7
2025-09-20 14:30:00,13.782,13.849,13.769,13.838,50123.4
2025-09-20 14:45:00,13.838,13.931,13.835,13.902,62248.2
2025-09-20 15:00:00,13.903,14.025,13.897,14.0,62331.7
2025-09-20 15:15:00,14.001,14.049,13.975,14.035,68147.1
2025-09-20 15:30:00,14.036,14.043,13.947,13.979,48569.0
2025-09-20 15:45:00,13.979,13.979,13.928,13.952,37429.5
2025-09-20 16:00:00,13.953,14.014,13.943,13.947,39558.3
2025-09-20 16:15:00,13.948,13.952,13.875,13.894,35607.8
2025-09-20 16:30:00,13.895,13.973,13.873,13.937,19963.5
2025-09-20 16:45:00,13.936,13.99,13.924,13.99,25698.3
2025-09-20 17:00:00,13.99,13.998,13.892,13.899,28149.9
2025-09-20 17:15:00,13.899,13.949,13.861,13.906,26810.6
2025-09-20 17:30:00,13.906,13.933,13.892,13.914,13696.5
2025-09-20 17:45:00,13.914,13.914,13.868,13.878,10824.2
2025-09-20 18:00:00,13.878,13.878,13.814,13.853,24980.7
2025-09-20 18:15:00,13.853,13.871,13.828,13.851,23698.0
2025-09-20 18:30:00,13.851,13.851,13.77,13.813,36039.4
2025-09-20 18:45:00,13.813,13.813,13.776,13.805,15290.4
2025-09-20 19:00:00,13.805,13.833,13.783,13.832,18731.1
2025-09-20 19:15:00,13.833,13.874,13.833,13.856,13091.5
2025-09-20 19:30:00,13.856,13.868,13.814,13.819,12883.1
2025-09-20 19:45:00,13.819,13.833,13.798,13.824,16175.7
2025-09-20 20:00:00,13.823,13.858,13.817,13.843,21687.1
2025-09-20 20:15:00,13.844,13.887,13.844,13.88,14208.1
2025-09-20 20:30:00,13.881,13.908,13.868,13.892,11035.3
2025-09-20 20:45:00,13.891,13.923,13.871,13.909,27881.9
2025-09-20 21:00:00,13.909,13.925,13.889,13.924,20167.8
2025-09-20 21:15:00,13.925,13.928,13.892,13.927,11886.1
2025-09-20 21:30:00,13.927,13.954,13.902,13.934,21052.5
2025-09-20 21:45:00,13.935,13.938,13.872,13.88,9784.6
2025-09-20 22:00:00,13.879,13.889,13.855,13.889,19173.8
2025-09-20 22:15:00,13.888,13.89,13.87,13.879,7125.3
2025-09-20 22:30:00,13.879,13.881,13.835,13.867,65653.5
2025-09-20 22:45:00,13.867,13.892,13.867,13.877,7462.1
2025-09-20 23:00:00,13.876,13.877,13.849,13.856,9973.0
2025-09-20 23:15:00,13.855,13.858,13.828,13.839,6828.8
2025-09-20 23:30:00,13.839,13.839,13.809,13.818,23088.0
2025-09-20 23:45:00,13.817,13.85,13.812,13.849,7225.3
2025-09-21 00:00:00,13.848,13.867,13.829,13.851,17720.5
2025-09-21 00:15:00,13.851,13.861,13.811,13.818,12956.0
2025-09-21 00:30:00,13.818,13.886,13.779,13.876,33031.2
2025-09-21 00:45:00,13.875,13.91,13.858,13.859,19894.5
2025-09-21 01:00:00,13.86,13.899,13.836,13.851,21461.7
2025-09-21 01:15:00,13.852,13.86,13.827,13.835,15242.7
2025-09-21 01:30:00,13.835,13.835,13.803,13.806,8032.7
2025-09-21 01:45:00,13.807,13.831,13.793,13.816,9413.2
2025-09-21 02:00:00,13.816,13.876,13.804,13.861,19869.2
2025-09-21 02:15:00,13.861,13.874,13.754,13.828,29732.7
2025-09-21 02:30:00,13.827,13.863,13.808,13.849,7871.8
2025-09-21 02:45:00,13.848,13.882,13.843,13.876,9475.5
2025-09-21 03:00:00,13.875,13.89,13.858,13.89,12298.6
2025-09-21 03:15:00,13.889,13.889,13.86,13.886,10798.4
2025-09-21 03:30:00,13.885,13.894,13.866,13.872,12172.5
2025-09-21 03:45:00,13.871,13.896,13.871,13.893,7863.6
2025-09-21 04:00:00,13.893,13.9,13.848,13.86,16416.6
2025-09-21 04:15:00,13.86,13.894,13.858,13.868,11095.5
2025-09-21 04:30:00,13.868,13.905,13.861,13.882,7421.0
2025-09-21 04:45:00,13.881,13.889,13.851,13.873,9395.0
2025-09-21 05:00:00,13.872,13.878,13.843,13.855,18015.9
2025-09-21 05:15:00,13.855,13.892,13.855,13.867,8925.7
2025-09-21 05:30:00,13.867,13.895,13.858,13.893,8646.4
2025-09-21 05:45:00,13.892,13.976,13.891,13.97,25311.3
2025-09-21 06:00:00,13.97,14.023,13.963,14.01,40982.1
2025-09-21 06:15:00,14.009,14.028,13.984,14.002,24860.5
2025-09-21 06:30:00,14.002,14.027,13.977,14.0,26937.1
2025-09-21 06:45:00,14.001,14.011,13.968,13.969,14627.4
2025-09-21 07:00:00,13.969,13.983,13.932,13.982,19428.2
2025-09-21 07:15:00,13.981,13.986,13.941,13.968,12291.2
2025-09-21 07:30:00,13.969,13.984,13.943,13.944,10564.6
2025-09-21 07:45:00,13.944,13.948,13.912,13.921,15819.0
2025-09-21 08:00:00,13.921,13.948,13.898,13.909,20802.5
2025-09-21 08:15:00,13.909,13.915,13.858,13.862,18336.9
2025-09-21 08:30:00,13.861,13.874,13.841,13.868,21525.2
2025-09-21 08:45:00,13.868,13.874,13.841,13.859,21116.9
2025-09-21 09:00:00,13.859,13.863,13.811,13.814,63729.4
2025-09-21 09:15:00,13.815,13.815,13.713,13.722,117798.6
2025-09-21 09:30:00,13.723,13.725,13.612,13.7,186404.5
2025-09-21 09:45:00,13.698,13.757,13.664,13.742,43533.6
2025-09-21 10:00:00,13.742,13.775,13.723,13.724,35993.1
2025-09-21 10:15:00,13.724,13.724,13.677,13.687,28720.2
2025-09-21 10:30:00,13.687,13.73,13.684,13.692,30718.5
2025-09-21 10:45:00,13.692,13.695,13.642,13.65,32647.3
2025-09-21 11:00:00,13.65,13.738,13.63,13.725,39714.3
2025-09-21 11:15:00,13.725,13.725,13.687,13.694,14591.2
2025-09-21 11:30:00,13.694,13.734,13.688,13.708,18322.4
2025-09-21 11:45:00,13.708,13.715,13.655,13.694,21512.0
2025-09-21 12:00:00,13.695,13.755,13.689,13.745,25980.6
2025-09-21 12:15:00,13.745,13.794,13.745,13.75,20098.2
2025-09-21 12:30:00,13.75,13.782,13.737,13.751,25251.1
2025-09-21 12:45:00,13.75,13.765,13.713,13.713,18279.1
2025-09-21 13:00:00,13.713,13.758,13.705,13.732,21786.0
2025-09-21 13:15:00,13.731,13.752,13.718,13.736,10091.4
2025-09-21 13:30:00,13.737,13.776,13.7,13.714,25930.5
2025-09-21 13:45:00,13.714,13.764,13.714,13.758,12643.3
2025-09-21 14:00:00,13.757,13.777,13.719,13.744,17516.7
2025-09-21 14:15:00,13.745,13.752,13.688,13.689,24342.8
2025-09-21 14:30:00,13.689,13.726,13.666,13.726,24284.3
2025-09-21 14:45:00,13.726,13.76,13.665,13.67,19045.5
2025-09-21 15:00:00,13.67,13.701,13.652,13.697,27973.7
2025-09-21 15:15:00,13.697,13.719,13.665,13.666,16599.4
2025-09-21 15:30:00,13.666,13.69,13.639,13.688,31675.6
2025-09-21 15:45:00,13.688,13.71,13.634,13.646,15709.1
2025-09-21 16:00:00,13.646,13.678,13.638,13.645,27262.3
2025-09-21 16:15:00,13.646,13.656,13.566,13.628,79369.3
2025-09-21 16:30:00,13.627,13.633,13.534,13.557,63452.0
2025-09-21 16:45:00,13.556,13.594,13.537,13.587,34385.5
2025-09-21 17:00:00,13.587,13.606,13.518,13.542,41398.3
2025-09-21 17:15:00,13.541,13.564,13.507,13.543,69159.1
2025-09-21 17:30:00,13.542,13.599,13.523,13.593,31051.6
2025-09-21 17:45:00,13.592,13.666,13.578,13.661,36529.0
2025-09-21 18:00:00,13.662,13.695,13.66,13.664,30514.6
2025-09-21 18:15:00,13.665,13.69,13.63,13.637,40476.1
2025-09-21 18:30:00,13.637,13.686,13.63,13.685,28410.5
2025-09-21 18:45:00,13.685,13.696,13.663,13.694,22455.6
2025-09-21 19:00:00,13.693,13.696,13.582,13.611,52624.3
2025-09-21 19:15:00,13.611,13.642,13.586,13.641,16935.5
2025-09-21 19:30:00,13.641,13.646,13.606,13.628,14681.6
2025-09-21 19:45:00,13.627,13.658,13.618,13.654,9177.3
2025-09-21 20:00:00,13.654,13.662,13.593,13.605,16221.6
2025-09-21 20:15:00,13.605,13.659,13.597,13.655,14023.7
2025-09-21 20:30:00,13.654,13.654,13.584,13.586,17133.1
2025-09-21 20:45:00,13.585,13.613,13.578,13.595,24177.8
2025-09-21 21:00:00,13.595,13.628,13.589,13.628,17214.5
2025-09-21 21:15:00,13.628,13.63,13.586,13.595,15327.1
2025-09-21 21:30:00,13.594,13.655,13.587,13.65,9510.0
2025-09-21 21:45:00,13.65,13.65,13.6,13.601,7216.5
2025-09-21 22:00:00,13.6,13.636,13.534,13.546,32844.1
2025-09-21 22:15:00,13.545,13.588,13.522,13.576,21548.3
2025-09-21 22:30:00,13.575,13.619,13.556,13.618,14227.5
2025-09-21 22:45:00,13.617,13.664,13.612,13.645,17491.7
2025-09-21 23:00:00,13.645,13.647,13.535,13.561,30678.0
2025-09-21 23:15:00,13.56,13.586,13.541,13.58,15933.6
2025-09-21 23:30:00,13.581,13.596,13.556,13.589,14663.1
2025-09-21 23:45:00,13.589,13.594,13.554,13.563,15835.9
2025-09-22 00:00:00,13.562,13.617,13.539,13.542,22130.2
2025-09-22 00:15:00,13.541,13.56,13.465,13.492,79764.8
2025-09-22 00:30:00,13.491,13.491,13.25,13.306,444317.7
2025-09-22 00:45:00,13.307,13.343,13.156,13.24,220522.8
2025-09-22 01:00:00,13.24,13.308,13.182,13.218,91469.8
2025-09-22 01:15:00,13.218,13.255,13.152,13.245,96206.9
2025-09-22 01:30:00,13.245,13.311,13.233,13.286,47344.0
2025-09-22 01:45:00,13.286,13.304,13.197,13.205,36069.5
2025-09-22 02:00:00,13.205,13.248,13.163,13.167,46666.1
2025-09-22 02:15:00,13.166,13.192,13.079,13.129,102107.5
2025-09-22 02:30:00,13.129,13.135,12.95,13.026,198919.0
2025-09-22 02:45:00,13.025,13.076,13.017,13.03,87339.6
2025-09-22 03:00:00,13.03,13.045,12.989,13.003,88996.5
2025-09-22 03:15:00,13.001,13.083,13.0,13.082,38273.4
2025-09-22 03:30:00,13.082,13.084,13.017,13.051,37804.3
2025-09-22 03:45:00,13.051,13.105,13.048,13.064,44070.3
2025-09-22 04:00:00,13.064,13.098,13.006,13.007,42823.6
2025-09-22 04:15:00,13.007,13.069,12.997,13.062,35012.9
2025-09-22 04:30:00,13.061,13.076,13.026,13.049,36771.1
2025-09-22 04:45:00,13.049,13.066,13.015,13.016,29843.0
2025-09-22 05:00:00,13.015,13.021,12.96,13.014,57494.3
2025-09-22 05:15:00,13.013,13.05,12.992,13.011,37502.2
2025-09-22 05:30:00,13.01,13.01,12.888,12.894,77461.2
2025-09-22 05:45:00,12.893,12.943,12.721,12.767,133456.9
2025-09-22 06:00:00,12.737,12.765,11.888,12.353,1675018.4
2025-09-22 06:15:00,12.354,12.492,12.323,12.394,444014.6
2025-09-22 06:30:00,12.394,12.491,12.366,12.483,235064.0
2025-09-22 06:45:00,12.483,12.502,12.431,12.477,118682.4
2025-09-22 07:00:00,12.476,12.484,12.417,12.45,148457.0
2025-09-22 07:15:00,12.449,12.486,12.432,12.482,73705.1
2025-09-22 07:30:00,12.482,12.514,12.426,12.457,96668.9
2025-09-22 07:45:00,12.457,12.491,12.398,12.404,122356.8
2025-09-22 08:00:00,12.405,12.454,12.342,12.429,111969.4
2025-09-22 08:15:00,12.428,12.457,12.378,12.454,49799.2
2025-09-22 08:30:00,12.454,12.471,12.405,12.467,67055.1
2025-09-22 08:45:00,12.466,12.508,12.446,12.451,52338.4
2025-09-22 09:00:00,12.452,12.452,12.361,12.368,89593.9
2025-09-22 09:15:00,12.368,12.403,12.348,12.374,47474.7
2025-09-22 09:30:00,12.375,12.375,12.304,12.325,62666.1
2025-09-22 09:45:00,12.324,12.347,12.225,12.26,126171.6
2025-09-22 10:00:00,12.259,12.344,12.218,12.325,111745.6
2025-09-22 10:15:00,12.324,12.38,12.302,12.375,67564.4
2025-09-22 10:30:00,12.374,12.374,12.288,12.315,35530.4
2025-09-22 10:45:00,12.314,12.412,12.313,12.407,69906.4
2025-09-22 11:00:00,12.406,12.415,12.351,12.357,50891.8
2025-09-22 11:15:00,12.357,12.371,12.327,12.345,27750.1
2025-09-22 11:30:00,12.344,12.344,12.277,12.296,81218.2
2025-09-22 11:45:00,12.296,12.322,12.265,12.298,52703.6
2025-09-22 12:00:00,12.299,12.325,12.258,12.316,68699.6
2025-09-22 12:15:00,12.316,12.39,12.314,12.367,43615.7
2025-09-22 12:30:00,12.367,12.371,12.337,12.355,33442.3
2025-09-22 12:45:00,12.355,12.425,12.352,12.39,59779.1
2025-09-22 13:00:00,12.389,12.452,12.373,12.452,87482.7
2025-09-22 13:15:00,12.453,12.458,12.354,12.377,65313.6
2025-09-22 13:30:00,12.377,12.397,12.319,12.349,53249.4
2025-09-22 13:45:00,12.349,12.487,12.321,12.486,73783.4
2025-09-22 14:00:00,12.484,12.502,12.408,12.415,84667.4
2025-09-22 14:15:00,12.416,12.481,12.416,12.48,53405.8
2025-09-22 14:30:00,12.48,12.491,12.377,12.388,85066.7
2025-09-22 14:45:00,12.388,12.389,12.307,12.333,72195.9
2025-09-22 15:00:00,12.333,12.364,12.27,12.302,87813.0
2025-09-22 15:15:00,12.302,12.321,12.254,12.318,42542.5
2025-09-22 15:30:00,12.319,12.332,12.254,12.262,47038.9
2025-09-22 15:45:00,12.263,12.323,12.25,12.275,56069.0
2025-09-22 16:00:00,12.275,12.344,12.262,12.298,39421.1
2025-09-22 16:15:00,12.298,12.313,12.255,12.261,48863.7
2025-09-22 16:30:00,12.263,12.299,12.223,12.229,47522.3
2025-09-22 16:45:00,12.229,12.265,12.218,12.249,40354.5
2025-09-22 17:00:00,12.249,12.257,12.17,12.197,95407.5
2025-09-22 17:15:00,12.198,12.288,12.185,12.265,36062.2
2025-09-22 17:30:00,12.265,12.304,12.238,12.269,42612.2
2025-09-22 17:45:00,12.27,12.299,12.241,12.266,37888.2
2025-09-22 18:00:00,12.266,12.289,12.238,12.276,30512.3
2025-09-22 18:15:00,12.276,12.284,12.24,12.256,26849.1
2025-09-22 18:30:00,12.256,12.311,12.253,12.253,36905.6
2025-09-22 18:45:00,12.254,12.286,12.247,12.249,32847.0
2025-09-22 19:00:00,12.25,12.262,12.2,12.218,46111.7
2025-09-22 19:15:00,12.218,12.243,12.185,12.186,35483.1
2025-09-22 19:30:00,12.187,12.192,12.1,12.136,122586.8
2025-09-22 19:45:00,12.136,12.14,12.083,12.124,97558.1
2025-09-22 20:00:00,12.125,12.173,12.111,12.158,53867.0
2025-09-22 20:15:00,12.157,12.18,12.135,12.169,43079.7
2025-09-22 20:30:00,12.169,12.258,12.169,12.249,50191.9
2025-09-22 20:45:00,12.25,12.276,12.218,12.253,43049.0
2025-09-22 21:00:00,12.253,12.298,12.229,12.285,45140.8
2025-09-22 21:15:00,12.286,12.378,12.285,12.354,84720.5
2025-09-22 21:30:00,12.355,12.398,12.344,12.383,34018.5
2025-09-22 21:45:00,12.383,12.389,12.351,12.385,20852.3
2025-09-22 22:00:00,12.385,12.39,12.351,12.359,38424.1
2025-09-22 22:15:00,12.359,12.38,12.352,12.355,14882.7
2025-09-22 22:30:00,12.356,12.379,12.344,12.367,20430.5
2025-09-22 22:45:00,12.368,12.373,12.321,12.351,19747.3
2025-09-22 23:00:00,12.353,12.371,12.335,12.349,21896.1
2025-09-22 23:15:00,12.349,12.375,12.327,12.343,43358.7
2025-09-22 23:30:00,12.344,12.372,12.33,12.364,40264.9
2025-09-22 23:45:00,12.365,12.392,12.355,12.372,21836.1
2025-09-23 00:00:00,12.372,12.394,12.358,12.389,34854.7
2025-09-23 00:15:00,12.39,12.448,12.39,12.431,61645.4
2025-09-23 00:30:00,12.432,12.447,12.353,12.358,43236.4
2025-09-23 00:45:00,12.359,12.365,12.33,12.334,33895.1
2025-09-23 01:00:00,12.335,12.343,12.257,12.273,59087.7
2025-09-23 01:15:00,12.272,12.36,12.265,12.354,40078.4
2025-09-23 01:30:00,12.354,12.357,12.257,12.28,39323.7
2025-09-23 01:45:00,12.28,12.306,12.213,12.215,49047.9
2025-09-23 02:00:00,12.215,12.283,12.215,12.253,40211.3
2025-09-23 02:15:00,12.252,12.262,12.195,12.205,41058.4
2025-09-23 02:30:00,12.204,12.226,12.175,12.191,50528.0
2025-09-23 02:45:00,12.191,12.21,12.13,12.142,59386.5
2025-09-23 03:00:00,12.141,12.157,12.067,12.156,139227.1
2025-09-23 03:15:00,12.156,12.302,12.152,12.285,105344.8
2025-09-23 03:30:00,12.285,12.375,12.282,12.339,135740.3
2025-09-23 03:45:00,12.341,12.363,12.303,12.312,43925.7
2025-09-23 04:00:00,12.312,12.359,12.27,12.273,47258.9
2025-09-23 04:15:00,12.272,12.285,12.213,12.224,30707.4
2025-09-23 04:30:00,12.224,12.254,12.173,12.239,58427.3
2025-09-23 04:45:00,12.238,12.251,12.206,12.226,23183.5
2025-09-23 05:00:00,12.225,12.259,12.171,12.25,65457.4
2025-09-23 05:15:00,12.25,12.298,12.221,12.297,70270.4
2025-09-23 05:30:00,12.297,12.41,12.296,12.378,92189.9
2025-09-23 05:45:00,12.378,12.383,12.311,12.315,55583.0
2025-09-23 06:00:00,12.315,12.407,12.31,12.4,42616.1
2025-09-23 06:15:00,12.4,12.435,12.381,12.427,72916.5
2025-09-23 06:30:00,12.427,12.513,12.423,12.495,119543.7
2025-09-23 06:45:00,12.494,12.516,12.455,12.507,63759.6
2025-09-23 07:00:00,12.506,12.51,12.432,12.458,60795.2
2025-09-23 07:15:00,12.457,12.518,12.439,12.454,64405.5
2025-09-23 07:30:00,12.454,12.497,12.427,12.461,136965.5
2025-09-23 07:45:00,12.461,12.489,12.442,12.458,55461.9
2025-09-23 08:00:00,12.458,12.512,12.45,12.478,79489.2
2025-09-23 08:15:00,12.479,12.525,12.473,12.497,45829.1
2025-09-23 08:30:00,12.497,12.546,12.458,12.536,39124.7
2025-09-23 08:45:00,12.536,12.554,12.501,12.538,29738.2
2025-09-23 09:00:00,12.539,12.57,12.494,12.549,47979.1
2025-09-23 09:15:00,12.549,12.553,12.452,12.471,64830.9
2025-09-23 09:30:00,12.471,12.483,12.449,12.454,38872.7
2025-09-23 09:45:00,12.454,12.457,12.39,12.395,49624.9
2025-09-23 10:00:00,12.394,12.432,12.373,12.43,38051.1
2025-09-23 10:15:00,12.431,12.464,12.398,12.451,30684.5
2025-09-23 10:30:00,12.45,12.48,12.432,12.463,44079.4
2025-09-23 10:45:00,12.462,12.5,12.446,12.452,42018.4
2025-09-23 11:00:00,12.451,12.451,12.362,12.363,64264.7
2025-09-23 11:15:00,12.363,12.403,12.361,12.391,34549.1
2025-09-23 11:30:00,12.391,12.44,12.379,12.432,25924.5
2025-09-23 11:45:00,12.431,12.44,12.4,12.415,23041.0
2025-09-23 12:00:00,12.414,12.437,12.39,12.43,33166.7
2025-09-23 12:15:00,12.429,12.461,12.39,12.398,32594.0
2025-09-23 12:30:00,12.397,12.468,12.381,12.462,42671.4
2025-09-23 12:45:00,12.463,12.488,12.42,12.434,33945.8
2025-09-23 13:00:00,12.434,12.449,12.41,12.422,21904.5
2025-09-23 13:15:00,12.421,12.431,12.392,12.421,17121.8
2025-09-23 13:30:00,12.421,12.483,12.382,12.399,48429.9
2025-09-23 13:45:00,12.4,12.43,12.37,12.397,40992.2
2025-09-23 14:00:00,12.398,12.496,12.388,12.473,86655.0
2025-09-23 14:15:00,12.474,12.493,12.408,12.437,38715.3
2025-09-23 14:30:00,12.438,12.453,12.331,12.406,90026.2
2025-09-23 14:45:00,12.407,12.407,12.351,12.358,45586.1
2025-09-23 15:00:00,12.357,12.443,12.293,12.416,120657.0
2025-09-23 15:15:00,12.416,12.484,12.377,12.45,61150.3
2025-09-23 15:30:00,12.449,12.478,12.419,12.422,53131.7
2025-09-23 15:45:00,12.424,12.46,12.407,12.426,27908.1
2025-09-23 16:00:00,12.426,12.442,12.354,12.392,49705.5
2025-09-23 16:15:00,12.393,12.469,12.382,12.441,36686.9
2025-09-23 16:30:00,12.441,12.449,12.372,12.39,86947.0
2025-09-23 16:45:00,12.391,12.526,12.389,12.473,77615.7
2025-09-23 17:00:00,12.472,12.504,12.372,12.375,105913.6
2025-09-23 17:15:00,12.376,12.414,12.342,12.365,82552.9
2025-09-23 17:30:00,12.364,12.368,12.239,12.248,147132.7
2025-09-23 17:45:00,12.249,12.321,12.241,12.286,85971.9
2025-09-23 18:00:00,12.287,12.312,12.252,12.299,72175.7
2025-09-23 18:15:00,12.299,12.306,12.231,12.263,54538.2
2025-09-23 18:30:00,12.263,12.289,12.202,12.209,33749.0
2025-09-23 18:45:00,12.21,12.222,12.172,12.215,41969.1
2025-09-23 19:00:00,12.216,12.299,12.214,12.276,46335.1
2025-09-23 19:15:00,12.275,12.314,12.238,12.249,26735.4
2025-09-23 19:30:00,12.249,12.259,12.188,12.2,30314.9
2025-09-23 19:45:00,12.2,12.205,12.141,12.183,56551.8
2025-09-23 20:00:00,12.183,12.262,12.174,12.23,40536.7
2025-09-23 20:15:00,12.23,12.242,12.169,12.18,45568.6
2025-09-23 20:30:00,12.18,12.22,12.117,12.215,87449.1
2025-09-23 20:45:00,12.215,12.266,12.179,12.265,69377.8
2025-09-23 21:00:00,12.265,12.27,12.187,12.217,46669.5
2025-09-23 21:15:00,12.218,12.268,12.198,12.268,28620.6
2025-09-23 21:30:00,12.269,12.318,12.259,12.312,20409.1
2025-09-23 21:45:00,12.312,12.317,12.272,12.275,14937.1
2025-09-23 22:00:00,12.275,12.301,12.246,12.272,21049.9
2025-09-23 22:15:00,12.272,12.276,12.191,12.203,19165.5
2025-09-23 22:30:00,12.204,12.258,12.202,12.237,18960.5
2025-09-23 22:45:00,12.236,12.24,12.209,12.212,16574.0
2025-09-23 23:00:00,12.212,12.236,12.174,12.194,32555.0
2025-09-23 23:15:00,12.194,12.22,12.1,12.118,63433.0
2025-09-23 23:30:00,12.116,12.198,12.114,12.165,39470.7
2025-09-23 23:45:00,12.165,12.173,12.138,12.143,15451.1
2025-09-24 00:00:00,12.144,12.198,12.125,12.193,39461.6
2025-09-24 00:15:00,12.192,12.287,12.19,12.273,42287.7
2025-09-24 00:30:00,12.274,12.277,12.228,12.252,31110.4
2025-09-24 00:45:00,12.251,12.286,12.192,12.211,49317.2
2025-09-24 01:00:00,12.209,12.245,12.169,12.245,26423.4
2025-09-24 01:15:00,12.245,12.289,12.23,12.286,19162.9
2025-09-24 01:30:00,12.286,12.318,12.262,12.284,21754.7
2025-09-24 01:45:00,12.284,12.335,12.281,12.329,21198.0
2025-09-24 02:00:00,12.329,12.34,12.239,12.243,17988.9
2025-09-24 02:15:00,12.242,12.274,12.207,12.273,20664.0
2025-09-24 02:30:00,12.274,12.293,12.244,12.282,22593.6
2025-09-24 02:45:00,12.281,12.304,12.235,12.283,62743.5
2025-09-24 03:00:00,12.283,12.322,12.232,12.262,40620.9
2025-09-24 03:15:00,12.263,12.278,12.032,12.088,138855.2
2025-09-24 03:30:00,12.088,12.185,12.088,12.157,154735.8
2025-09-24 03:45:00,12.156,12.17,12.079,12.089,52791.7
2025-09-24 04:00:00,12.086,12.086,11.869,12.001,349802.1
2025-09-24 04:15:00,12.001,12.12,11.942,12.11,106109.9
2025-09-24 04:30:00,12.11,12.252,12.106,12.218,96817.2
2025-09-24 04:45:00,12.218,12.229,12.143,12.158,43727.4
2025-09-24 05:00:00,12.158,12.202,12.15,12.196,29142.9
2025-09-24 05:15:00,12.195,12.287,12.181,12.274,70017.8
2025-09-24 05:30:00,12.273,12.352,12.227,12.345,64892.5
2025-09-24 05:45:00,12.345,12.372,12.325,12.372,52068.1
2025-09-24 06:00:00,12.371,12.384,12.343,12.373,35944.5
2025-09-24 06:15:00,12.373,12.401,12.311,12.358,50528.0
2025-09-24 06:30:00,12.358,12.405,12.351,12.398,30344.1
2025-09-24 06:45:00,12.398,12.436,12.395,12.417,45744.1
2025-09-24 07:00:00,12.417,12.43,12.375,12.384,33876.4
2025-09-24 07:15:00,12.384,12.439,12.32,12.355,36984.0
2025-09-24 07:30:00,12.354,12.426,12.346,12.41,41893.8
2025-09-24 07:45:00,12.415,12.434,12.405,12.425,27613.8
2025-09-24 08:00:00,12.425,12.44,12.401,12.413,33910.2
2025-09-24 08:15:00,12.413,12.421,12.371,12.382,30696.1
2025-09-24 08:30:00,12.382,12.438,12.38,12.405,36515.4
2025-09-24 08:45:00,12.404,12.421,12.38,12.401,24478.4
2025-09-24 09:00:00,12.4,12.403,12.37,12.379,19602.0
2025-09-24 09:15:00,12.379,12.404,12.366,12.395,18324.6
2025-09-24 09:30:00,12.395,12.447,12.394,12.414,22868.7
2025-09-24 09:45:00,12.415,12.432,12.4,12.419,27544.6
2025-09-24 10:00:00,12.418,12.435,12.392,12.408,33359.6
2025-09-24 10:15:00,12.409,12.424,12.376,12.382,19960.7
2025-09-24 10:30:00,12.382,12.402,12.367,12.378,22108.6
2025-09-24 10:45:00,12.379,12.435,12.372,12.426,30471.8
2025-09-24 11:00:00,12.425,12.479,12.405,12.452,43620.4
2025-09-24 11:15:00,12.453,12.473,12.412,12.423,106256.0
2025-09-24 11:30:00,12.423,12.45,12.4,12.432,38043.2
2025-09-24 11:45:00,12.431,12.456,12.41,12.441,27355.8
2025-09-24 12:00:00,12.442,12.466,12.408,12.436,47081.8
2025-09-24 12:15:00,12.437,12.447,12.407,12.415,22913.6
2025-09-24 12:30:00,12.416,12.451,12.412,12.446,13729.6
2025-09-24 12:45:00,12.446,12.465,12.403,12.446,88601.9
2025-09-24 13:00:00,12.447,12.497,12.445,12.474,43925.9
2025-09-24 13:15:00,12.474,12.497,12.457,12.457,21067.4
2025-09-24 13:30:00,12.457,12.503,12.402,12.463,62902.3
2025-09-24 13:45:00,12.462,12.474,12.365,12.37,45990.7
2025-09-24 14:00:00,12.37,12.452,12.369,12.436,39833.6
2025-09-24 14:15:00,12.437,12.483,12.437,12.461,29426.3
2025-09-24 14:30:00,12.461,12.485,12.439,12.483,29426.6
2025-09-24 14:45:00,12.482,12.564,12.469,12.493,101270.5
2025-09-24 15:00:00,12.494,12.587,12.484,12.543,239969.3
2025-09-24 15:15:00,12.543,12.58,12.519,12.572,83838.3
2025-09-24 15:30:00,12.573,12.715,12.565,12.602,314100.5
2025-09-24 15:45:00,12.603,12.604,12.48,12.528,176801.3
2025-09-24 16:00:00,12.53,12.536,12.453,12.485,102540.5
2025-09-24 16:15:00,12.485,12.549,12.476,12.526,29215.2
2025-09-24 16:30:00,12.526,12.567,12.507,12.562,29985.7
2025-09-24 16:45:00,12.561,12.561,12.512,12.523,25534.6
2025-09-24 17:00:00,12.524,12.573,12.492,12.558,39646.0
2025-09-24 17:15:00,12.557,12.564,12.492,12.518,46022.2
2025-09-24 17:30:00,12.518,12.574,12.515,12.548,27259.7
2025-09-24 17:45:00,12.549,12.549,12.492,12.519,40301.1
2025-09-24 18:00:00,12.52,12.535,12.462,12.479,32185.9
2025-09-24 18:15:00,12.48,12.51,12.459,12.506,16319.8
2025-09-24 18:30:00,12.506,12.513,12.48,12.49,24086.7
2025-09-24 18:45:00,12.491,12.508,12.471,12.494,27676.9
2025-09-24 19:00:00,12.493,12.523,12.488,12.496,28256.8
2025-09-24 19:15:00,12.495,12.512,12.473,12.474,11947.7
2025-09-24 19:30:00,12.473,12.482,12.432,12.438,45060.0
2025-09-24 19:45:00,12.438,12.491,12.419,12.469,40517.5
2025-09-24 20:00:00,12.47,12.493,12.459,12.471,16058.0
2025-09-24 20:15:00,12.471,12.494,12.458,12.461,14944.8
2025-09-24 20:30:00,12.461,12.462,12.392,12.444,30148.0
2025-09-24 20:45:00,12.444,12.506,12.442,12.486,25310.2
2025-09-24 21:00:00,12.485,12.491,12.472,12.475,24800.8
2025-09-24 21:15:00,12.475,12.492,12.469,12.485,14408.2
2025-09-24 21:30:00,12.485,12.498,12.455,12.458,23306.6
2025-09-24 21:45:00,12.458,12.46,12.35,12.379,27934.6
2025-09-24 22:00:00,12.378,12.46,12.376,12.456,26147.9
2025-09-24 22:15:00,12.456,12.458,12.413,12.423,30179.3
2025-09-24 22:30:00,12.424,12.429,12.394,12.411,26275.7
2025-09-24 22:45:00,12.41,12.433,12.384,12.399,14669.1
2025-09-24 23:00:00,12.398,12.422,12.375,12.405,26727.7
2025-09-24 23:15:00,12.404,12.426,12.391,12.391,34489.0
2025-09-24 23:30:00,12.391,12.402,12.352,12.379,41641.5
2025-09-24 23:45:00,12.379,12.408,12.357,12.391,35497.3
2025-09-25 00:00:00,12.392,12.435,12.389,12.406,33852.0
2025-09-25 00:15:00,12.406,12.411,12.29,12.301,79290.6
2025-09-25 00:30:00,12.301,12.362,12.299,12.325,38834.0
2025-09-25 00:45:00,12.325,12.332,12.255,12.283,67178.5
2025-09-25 01:00:00,12.282,12.322,12.25,12.299,57293.7
2025-09-25 01:15:00,12.298,12.328,12.264,12.296,58565.8
2025-09-25 01:30:00,12.295,12.297,12.202,12.225,75311.2
2025-09-25 01:45:00,12.224,12.25,12.179,12.224,79371.4
2025-09-25 02:00:00,12.223,12.316,12.215,12.222,47312.3
2025-09-25 02:15:00,12.22,12.22,12.146,12.209,54953.3
2025-09-25 02:30:00,12.207,12.374,12.206,12.274,124377.5
2025-09-25 02:45:00,12.273,12.321,12.269,12.303,34708.0
2025-09-25 03:00:00,12.302,12.305,12.244,12.252,36507.8
2025-09-25 03:15:00,12.252,12.268,12.108,12.117,112386.1
2025-09-25 03:30:00,12.116,12.162,12.077,12.121,103424.1
2025-09-25 03:45:00,12.121,12.188,12.1,12.184,65264.4
2025-09-25 04:00:00,12.183,12.218,12.108,12.12,61010.9
2025-09-25 04:15:00,12.12,12.128,12.001,12.071,174157.5
2025-09-25 04:30:00,12.071,12.079,11.967,12.031,83934.4
2025-09-25 04:45:00,12.03,12.053,11.893,11.961,135326.2
2025-09-25 05:00:00,11.96,12.027,11.895,12.013,111492.5
2025-09-25 05:15:00,12.012,12.137,11.995,12.123,77814.4
2025-09-25 05:30:00,12.122,12.127,12.049,12.087,71417.0
2025-09-25 05:45:00,12.087,12.115,12.049,12.063,38723.6
2025-09-25 06:00:00,12.062,12.076,11.956,11.965,90580.8
2025-09-25 06:15:00,11.964,12.002,11.928,11.956,60249.4
2025-09-25 06:30:00,11.956,12.005,11.916,11.925,56191.4
2025-09-25 06:45:00,11.924,11.954,11.88,11.896,71946.8
2025-09-25 07:00:00,11.896,11.982,11.869,11.938,140349.7
2025-09-25 07:15:00,11.937,12.031,11.922,11.982,66513.6
2025-09-25 07:30:00,11.981,11.997,11.943,11.981,42918.8
2025-09-25 07:45:00,11.983,11.992,11.903,11.924,42104.9
2025-09-25 08:00:00,11.924,11.996,11.919,11.975,58800.4
2025-09-25 08:15:00,11.975,12.002,11.94,12.001,40568.4
2025-09-25 08:30:00,12.0,12.003,11.893,11.901,51471.5
2025-09-25 08:45:00,11.901,11.908,11.856,11.904,91430.3
2025-09-25 09:00:00,11.904,11.976,11.876,11.972,92223.2
2025-09-25 09:15:00,11.972,12.028,11.947,11.974,78822.4
2025-09-25 09:30:00,11.974,12.022,11.932,11.942,83848.9
2025-09-25 09:45:00,11.941,11.954,11.856,11.861,103553.0
2025-09-25 10:00:00,11.86,11.942,11.841,11.941,47122.1
2025-09-25 10:15:00,11.94,12.001,11.94,11.941,63101.2
2025-09-25 10:30:00,11.94,11.948,11.897,11.905,29129.9
2025-09-25 10:45:00,11.905,11.908,11.867,11.88,45411.1
2025-09-25 11:00:00,11.881,11.911,11.829,11.87,79587.0
2025-09-25 11:15:00,11.87,11.872,11.803,11.85,90132.4
2025-09-25 11:30:00,11.849,11.87,11.821,11.833,45493.2
2025-09-25 11:45:00,11.833,11.842,11.735,11.786,234745.7
2025-09-25 12:00:00,11.786,11.854,11.781,11.82,81135.7
2025-09-25 12:15:00,11.819,11.819,11.538,11.566,246980.4
2025-09-25 12:30:00,11.566,11.826,11.506,11.798,376135.5
2025-09-25 12:45:00,11.797,11.861,11.76,11.77,90656.3
2025-09-25 13:00:00,11.769,11.778,11.663,11.755,136496.3
2025-09-25 13:15:00,11.755,11.887,11.74,11.849,121047.7
2025-09-25 13:30:00,11.848,11.881,11.696,11.731,105331.4
2025-09-25 13:45:00,11.73,11.828,11.725,11.812,92351.6
2025-09-25 14:00:00,11.812,11.986,11.812,11.974,98338.7
2025-09-25 14:15:00,11.975,12.035,11.944,11.958,136317.8
2025-09-25 14:30:00,11.958,12.013,11.9,11.937,89533.7
2025-09-25 14:45:00,11.937,11.942,11.881,11.898,39279.9
2025-09-25 15:00:00,11.898,11.918,11.835,11.84,73129.3
2025-09-25 15:15:00,11.84,11.847,11.768,11.796,50800.2
2025-09-25 15:30:00,11.796,11.848,11.786,11.79,63254.7
2025-09-25 15:45:00,11.79,11.84,11.766,11.832,42541.2
2025-09-25 16:00:00,11.832,11.837,11.771,11.789,56909.2
2025-09-25 16:15:00,11.789,11.789,11.63,11.646,171590.6
2025-09-25 16:30:00,11.645,11.706,11.616,11.651,160157.7
2025-09-25 16:45:00,11.651,11.685,11.536,11.557,203748.9
2025-09-25 17:00:00,11.557,11.575,11.394,11.398,250031.1
2025-09-25 17:15:00,11.397,11.516,11.347,11.462,696746.8
2025-09-25 17:30:00,11.461,11.481,11.262,11.351,398437.7
2025-09-25 17:45:00,11.351,11.399,11.098,11.227,400794.0
2025-09-25 18:00:00,11.226,11.33,11.16,11.325,251254.6
2025-09-25 18:15:00,11.324,11.463,11.274,11.454,170674.6
2025-09-25 18:30:00,11.454,11.505,11.409,11.485,96129.1
2025-09-25 18:45:00,11.484,11.596,11.457,11.589,112357.0
2025-09-25 19:00:00,11.589,11.617,11.572,11.586,96225.5
2025-09-25 19:15:00,11.588,11.68,11.567,11.647,77081.0
2025-09-25 19:30:00,11.647,11.667,11.543,11.568,62702.0
2025-09-25 19:45:00,11.567,11.569,11.509,11.524,53937.8
2025-09-25 20:00:00,11.525,11.554,11.463,11.482,78571.1
2025-09-25 20:15:00,11.48,11.525,11.442,11.458,76940.8
2025-09-25 20:30:00,11.458,11.459,11.38,11.431,60345.0
2025-09-25 20:45:00,11.431,11.454,11.364,11.407,47040.2
2025-09-25 21:00:00,11.406,11.536,11.395,11.469,79461.1
2025-09-25 21:15:00,11.47,11.506,11.404,11.425,41109.8
2025-09-25 21:30:00,11.426,11.429,11.35,11.397,53186.4
2025-09-25 21:45:00,11.399,11.499,11.396,11.477,21436.3
2025-09-25 22:00:00,11.478,11.532,11.439,11.527,27016.7
2025-09-25 22:15:00,11.528,11.549,11.449,11.461,26767.1
2025-09-25 22:30:00,11.461,11.474,11.435,11.451,23706.2
2025-09-25 22:45:00,11.451,11.451,11.378,11.43,36044.3
2025-09-25 23:00:00,11.431,11.499,11.407,11.41,41476.3
2025-09-25 23:15:00,11.411,11.436,11.378,11.397,32471.2
2025-09-25 23:30:00,11.396,11.396,11.239,11.321,175875.6
2025-09-25 23:45:00,11.32,11.345,11.292,11.345,55230.6
2025-09-26 00:00:00,11.345,11.45,11.343,11.439,63875.2
2025-09-26 00:15:00,11.439,11.507,11.422,11.469,101730.7
2025-09-26 00:30:00,11.469,11.473,11.335,11.338,67276.6
2025-09-26 00:45:00,11.339,11.549,11.326,11.525,110148.1
2025-09-26 01:00:00,11.526,11.562,11.462,11.535,62873.1
2025-09-26 01:15:00,11.534,11.585,11.502,11.504,58427.2
2025-09-26 01:30:00,11.504,11.538,11.48,11.51,51603.4
2025-09-26 01:45:00,11.51,11.577,11.492,11.533,77447.0
2025-09-26 02:00:00,11.532,11.598,11.483,11.524,54052.9
2025-09-26 02:15:00,11.523,11.573,11.494,11.5,30665.7
2025-09-26 02:30:00,11.499,11.565,11.474,11.549,35316.7
2025-09-26 02:45:00,11.548,11.593,11.516,11.542,23902.8
2025-09-26 03:00:00,11.542,11.59,11.498,11.582,41645.9
2025-09-26 03:15:00,11.583,11.607,11.53,11.533,38055.2
2025-09-26 03:30:00,11.533,11.583,11.529,11.578,37058.4
2025-09-26 03:45:00,11.579,11.623,11.541,11.606,37578.2
2025-09-26 04:00:00,11.606,11.64,11.574,11.603,47666.0
2025-09-26 04:15:00,11.604,11.641,11.575,11.58,37069.6
2025-09-26 04:30:00,11.58,11.58,11.508,11.531,40122.9
2025-09-26 04:45:00,11.532,11.556,11.502,11.528,24796.6
2025-09-26 05:00:00,11.529,11.584,11.515,11.579,25836.7
2025-09-26 05:15:00,11.579,11.63,11.577,11.622,19400.3
2025-09-26 05:30:00,11.623,11.623,11.516,11.535,53645.6
2025-09-26 05:45:00,11.536,11.549,11.466,11.489,60096.4
2025-09-26 06:00:00,11.49,11.515,11.434,11.492,74416.2
2025-09-26 06:15:00,11.492,11.601,11.487,11.562,63237.2
2025-09-26 06:30:00,11.561,11.598,11.531,11.585,36385.0
2025-09-26 06:45:00,11.585,11.587,11.497,11.519,54390.7
2025-09-26 07:00:00,11.52,11.604,11.518,11.601,50510.6
2025-09-26 07:15:00,11.601,11.626,11.568,11.586,103028.2
2025-09-26 07:30:00,11.585,11.585,11.503,11.526,42497.5
2025-09-26 07:45:00,11.526,11.619,11.514,11.612,45195.9
2025-09-26 08:00:00,11.611,11.679,11.607,11.654,90283.3
2025-09-26 08:15:00,11.654,11.712,11.647,11.691,57923.0
2025-09-26 08:30:00,11.691,11.7,11.639,11.674,39046.9
2025-09-26 08:45:00,11.674,11.675,11.617,11.625,31476.0
2025-09-26 09:00:00,11.625,11.665,11.599,11.652,59438.6
2025-09-26 09:15:00,11.653,11.653,11.592,11.606,37640.7
2025-09-26 09:30:00,11.606,11.618,11.484,11.506,70246.2
2025-09-26 09:45:00,11.507,11.571,11.499,11.545,48450.8
2025-09-26 10:00:00,11.545,11.552,11.406,11.421,92546.5
2025-09-26 10:15:00,11.422,11.446,11.392,11.426,65232.3
2025-09-26 10:30:00,11.425,11.473,11.386,11.43,78122.7
2025-09-26 10:45:00,11.429,11.465,11.403,11.426,43017.3
2025-09-26 11:00:00,11.425,11.442,11.33,11.348,74030.5
2025-09-26 11:15:00,11.347,11.419,11.342,11.39,38186.0
2025-09-26 11:30:00,11.39,11.493,11.39,11.461,40192.6
2025-09-26 11:45:00,11.46,11.496,11.441,11.443,39250.2
2025-09-26 12:00:00,11.442,11.442,11.313,11.313,42965.9
2025-09-26 12:15:00,11.314,11.412,11.282,11.394,200255.4
2025-09-26 12:30:00,11.395,11.608,11.327,11.557,335293.0
2025-09-26 12:45:00,11.556,11.566,11.45,11.504,77635.8
2025-09-26 13:00:00,11.504,11.516,11.443,11.478,100116.3
2025-09-26 13:15:00,11.478,11.512,11.431,11.447,47717.7
2025-09-26 13:30:00,11.448,11.572,11.414,11.544,77315.9
2025-09-26 13:45:00,11.543,11.65,11.51,11.62,193527.9
2025-09-26 14:00:00,11.62,11.644,11.519,11.53,64068.7
2025-09-26 14:15:00,11.529,11.574,11.463,11.507,54156.5
2025-09-26 14:30:00,11.508,11.536,11.446,11.508,66904.2
2025-09-26 14:45:00,11.508,11.54,11.47,11.494,48247.7
2025-09-26 15:00:00,11.494,11.609,11.482,11.529,56031.6
2025-09-26 15:15:00,11.528,11.62,11.51,11.615,58321.3
2025-09-26 15:30:00,11.615,11.649,11.589,11.621,39707.6
2025-09-26 15:45:00,11.621,11.626,11.579,11.61,27216.9
2025-09-26 16:00:00,11.61,11.704,11.592,11.651,60025.7
2025-09-26 16:15:00,11.65,11.757,11.644,11.684,66591.8
2025-09-26 16:30:00,11.685,11.71,11.668,11.692,32943.4
2025-09-26 16:45:00,11.691,11.764,11.688,11.748,44293.0
2025-09-26 17:00:00,11.748,11.794,11.721,11.773,59883.3
2025-09-26 17:15:00,11.773,11.867,11.75,11.858,147497.7
2025-09-26 17:30:00,11.858,11.878,11.814,11.829,98944.6
2025-09-26 17:45:00,11.828,11.886,11.818,11.874,86494.2
2025-09-26 18:00:00,11.874,11.932,11.867,11.926,144386.8
2025-09-26 18:15:00,11.926,11.952,11.91,11.922,77967.8
2025-09-26 18:30:00,11.923,11.927,11.854,11.858,68006.0
2025-09-26 18:45:00,11.859,11.906,11.835,11.886,55836.6
2025-09-26 19:00:00,11.886,11.894,11.809,11.846,59001.6
2025-09-26 19:15:00,11.847,11.88,11.796,11.801,48907.3
2025-09-26 19:30:00,11.8,11.812,11.729,11.75,85888.3
2025-09-26 19:45:00,11.75,11.814,11.743,11.788,44013.1
2025-09-26 20:00:00,11.789,11.831,11.754,11.828,64050.8
2025-09-26 20:15:00,11.829,11.843,11.779,11.795,36731.1
2025-09-26 20:30:00,11.795,11.816,11.767,11.769,32242.9
2025-09-26 20:45:00,11.769,11.8,11.76,11.788,22529.1
2025-09-26 21:00:00,11.787,11.814,11.77,11.814,26159.6
2025-09-26 21:15:00,11.814,11.862,11.772,11.837,38080.8
2025-09-26 21:30:00,11.838,11.85,11.792,11.795,31656.1
2025-09-26 21:45:00,11.795,11.848,11.795,11.837,13759.4
2025-09-26 22:00:00,11.837,11.868,11.816,11.853,47104.3
2025-09-26 22:15:00,11.853,11.875,11.835,11.835,30705.2
2025-09-26 22:30:00,11.835,11.858,11.832,11.836,16631.7
2025-09-26 22:45:00,11.837,11.852,11.813,11.815,14715.8
2025-09-26 23:00:00,11.815,11.815,11.776,11.781,22849.8
2025-09-26 23:15:00,11.78,11.814,11.771,11.797,14038.3
2025-09-26 23:30:00,11.797,11.812,11.791,11.797,24551.1
2025-09-26 23:45:00,11.798,11.827,11.794,11.821,15692.6
2025-09-27 00:00:00,11.822,11.822,11.778,11.79,25507.5
2025-09-27 00:15:00,11.79,11.81,11.778,11.798,16381.6
2025-09-27 00:30:00,11.798,11.808,11.772,11.78,10644.3
2025-09-27 00:45:00,11.78,11.817,11.758,11.815,29422.8
2025-09-27 01:00:00,11.814,11.816,11.752,11.767,28669.7
2025-09-27 01:15:00,11.766,11.767,11.71,11.731,39238.5
2025-09-27 01:30:00,11.731,11.743,11.716,11.735,20220.8
2025-09-27 01:45:00,11.735,11.743,11.722,11.729,19195.3
2025-09-27 02:00:00,11.728,11.743,11.706,11.743,19689.6
2025-09-27 02:15:00,11.743,11.752,11.71,11.728,14811.5
2025-09-27 02:30:00,11.728,11.759,11.712,11.758,14629.7
2025-09-27 02:45:00,11.758,11.759,11.707,11.712,14245.0
2025-09-27 03:00:00,11.713,11.744,11.707,11.719,16818.9
2025-09-27 03:15:00,11.718,11.775,11.715,11.766,19627.4
2025-09-27 03:30:00,11.766,11.776,11.734,11.741,21306.3
2025-09-27 03:45:00,11.74,11.755,11.716,11.717,19092.6
2025-09-27 04:00:00,11.717,11.744,11.704,11.71,17364.3
2025-09-27 04:15:00,11.709,11.735,11.7,11.729,36750.6
2025-09-27 04:30:00,11.728,11.729,11.682,11.69,19620.7
2025-09-27 04:45:00,11.689,11.697,11.673,11.692,17103.6
2025-09-27 05:00:00,11.692,11.692,11.645,11.655,19199.6
2025-09-27 05:15:00,11.654,11.683,11.646,11.673,17440.9
2025-09-27 05:30:00,11.672,11.711,11.659,11.711,13514.6
2025-09-27 05:45:00,11.711,11.741,11.702,11.706,21235.5
2025-09-27 06:00:00,11.705,11.716,11.689,11.69,15194.4
2025-09-27 06:15:00,11.689,11.698,11.675,11.687,11310.8
2025-09-27 06:30:00,11.686,11.701,11.673,11.685,16823.7
2025-09-27 06:45:00,11.684,11.707,11.671,11.707,28109.1
2025-09-27 07:00:00,11.707,11.731,11.695,11.7,17879.7
2025-09-27 07:15:00,11.7,11.711,11.673,11.678,12389.0
2025-09-27 07:30:00,11.678,11.688,11.653,11.666,17270.7
2025-09-27 07:45:00,11.665,11.672,11.65,11.661,16190.7
2025-09-27 08:00:00,11.66,11.664,11.592,11.616,64040.0
2025-09-27 08:15:00,11.615,11.685,11.602,11.68,51417.0
2025-09-27 08:30:00,11.681,11.681,11.649,11.652,27055.0
2025-09-27 08:45:00,11.653,11.665,11.599,11.608,36708.3
2025-09-27 09:00:00,11.608,11.634,11.567,11.595,50074.5
2025-09-27 09:15:00,11.595,11.639,11.593,11.617,36556.4
2025-09-27 09:30:00,11.616,11.701,11.616,11.686,39243.9
2025-09-27 09:45:00,11.685,11.718,11.677,11.709,39320.9
2025-09-27 10:00:00,11.708,11.715,11.688,11.697,21409.3
2025-09-27 10:15:00,11.697,11.719,11.682,11.693,22314.0
2025-09-27 10:30:00,11.692,11.828,11.692,11.804,108357.0
2025-09-27 10:45:00,11.805,11.818,11.757,11.763,60424.1
2025-09-27 11:00:00,11.764,11.773,11.74,11.745,24119.9
2025-09-27 11:15:00,11.744,11.781,11.737,11.772,23111.9
2025-09-27 11:30:00,11.773,11.779,11.749,11.757,14842.4
2025-09-27 11:45:00,11.757,11.779,11.748,11.774,13715.9
2025-09-27 12:00:00,11.774,11.78,11.724,11.738,38361.4
2025-09-27 12:15:00,11.738,11.756,11.721,11.725,22430.7
2025-09-27 12:30:00,11.724,11.767,11.722,11.766,15692.5
2025-09-27 12:45:00,11.766,11.836,11.76,11.816,67839.7
2025-09-27 13:00:00,11.818,11.818,11.769,11.769,26441.0
2025-09-27 13:15:00,11.77,11.808,11.77,11.786,33548.3
2025-09-27 13:30:00,11.787,11.805,11.771,11.802,12667.7
2025-09-27 13:45:00,11.802,11.814,11.782,11.79,31249.0
2025-09-27 14:00:00,11.791,11.827,11.78,11.811,28428.0
2025-09-27 14:15:00,11.811,11.811,11.784,11.796,12417.7
2025-09-27 14:30:00,11.796,11.797,11.771,11.777,23255.6
2025-09-27 14:45:00,11.777,11.782,11.756,11.775,22440.8
2025-09-27 15:00:00,11.776,11.776,11.708,11.757,55522.7
2025-09-27 15:15:00,11.757,11.805,11.753,11.792,61074.3
2025-09-27 15:30:00,11.793,11.804,11.771,11.793,24484.8
2025-09-27 15:45:00,11.793,11.86,11.786,11.85,73298.4
2025-09-27 16:00:00,11.851,11.856,11.823,11.831,32982.1
2025-09-27 16:15:00,11.83,11.83,11.797,11.803,30243.9
2025-09-27 16:30:00,11.803,11.82,11.782,11.794,23510.6
2025-09-27 16:45:00,11.795,11.808,11.761,11.784,32895.8
2025-09-27 17:00:00,11.785,11.787,11.726,11.733,66274.6
2025-09-27 17:15:00,11.734,11.738,11.695,11.733,55878.1
2025-09-27 17:30:00,11.732,11.777,11.724,11.747,39540.3
2025-09-27 17:45:00,11.747,11.793,11.736,11.783,27601.7
2025-09-27 18:00:00,11.784,11.792,11.742,11.751,20002.2
2025-09-27 18:15:00,11.751,11.769,11.729,11.763,17738.9
2025-09-27 18:30:00,11.764,11.777,11.718,11.725,23078.5
2025-09-27 18:45:00,11.726,11.761,11.724,11.759,9163.2
2025-09-27 19:00:00,11.759,11.771,11.746,11.75,20792.9
2025-09-27 19:15:00,11.75,11.802,11.739,11.799,16974.1
2025-09-27 19:30:00,11.8,11.802,11.77,11.784,19292.0
2025-09-27 19:45:00,11.783,11.809,11.783,11.803,13877.3
2025-09-27 20:00:00,11.803,11.837,11.803,11.819,25402.6
2025-09-27 20:15:00,11.819,11.82,11.792,11.805,17867.9
2025-09-27 20:30:00,11.805,11.831,11.791,11.797,18366.7
2025-09-27 20:45:00,11.796,11.798,11.772,11.794,14911.9
2025-09-27 21:00:00,11.795,11.806,11.776,11.803,24551.1
2025-09-27 21:15:00,11.804,11.808,11.787,11.803,9341.0
2025-09-27 21:30:00,11.804,11.829,11.795,11.823,14733.9
2025-09-27 21:45:00,11.824,11.868,11.824,11.851,24580.9
2025-09-27 22:00:00,11.852,11.892,11.846,11.886,23844.7
2025-09-27 22:15:00,11.885,11.927,11.884,11.915,34699.7
2025-09-27 22:30:00,11.915,11.919,11.857,11.857,27149.6
2025-09-27 22:45:00,11.856,11.861,11.831,11.842,18371.0
2025-09-27 23:00:00,11.843,11.868,11.809,11.825,16226.7
2025-09-27 23:15:00,11.825,11.835,11.797,11.812,20474.2
2025-09-27 23:30:00,11.812,11.827,11.802,11.816,14467.4
2025-09-27 23:45:00,11.816,11.831,11.804,11.814,14062.0
2025-09-28 00:00:00,11.814,11.821,11.719,11.752,43404.4
2025-09-28 00:15:00,11.751,11.809,11.744,11.796,33427.8
2025-09-28 00:30:00,11.796,11.805,11.73,11.765,24405.0
2025-09-28 00:45:00,11.765,11.766,11.736,11.746,19449.8
2025-09-28 01:00:00,11.747,11.751,11.698,11.707,33622.3
2025-09-28 01:15:00,11.708,11.736,11.704,11.704,21386.6
2025-09-28 01:30:00,11.704,11.707,11.638,11.653,29107.3
2025-09-28 01:45:00,11.653,11.685,11.644,11.668,25499.1
2025-09-28 02:00:00,11.668,11.693,11.659,11.668,22465.8
2025-09-28 02:15:00,11.668,11.705,11.659,11.687,14749.3
2025-09-28 02:30:00,11.688,11.701,11.648,11.656,18977.4
2025-09-28 02:45:00,11.656,11.677,11.631,11.671,16171.2
2025-09-28 03:00:00,11.671,11.706,11.671,11.693,17980.5
2025-09-28 03:15:00,11.695,11.702,11.668,11.686,8828.3
2025-09-28 03:30:00,11.686,11.693,11.649,11.678,18602.2
2025-09-28 03:45:00,11.679,11.701,11.669,11.697,8812.1
2025-09-28 04:00:00,11.698,11.698,11.665,11.666,31425.8
2025-09-28 04:15:00,11.666,11.688,11.655,11.655,10005.7
2025-09-28 04:30:00,11.655,11.703,11.655,11.695,11222.4
2025-09-28 04:45:00,11.694,11.699,11.671,11.689,17605.4
2025-09-28 05:00:00,11.69,11.71,11.643,11.649,26579.6
2025-09-28 05:15:00,11.65,11.686,11.65,11.686,8481.5
2025-09-28 05:30:00,11.685,11.699,11.654,11.659,13701.1
2025-09-28 05:45:00,11.659,11.669,11.641,11.646,12801.6
2025-09-28 06:00:00,11.646,11.661,11.625,11.635,35419.1
2025-09-28 06:15:00,11.635,11.639,11.555,11.56,56033.5
2025-09-28 06:30:00,11.561,11.613,11.544,11.589,34205.2
2025-09-28 06:45:00,11.589,11.596,11.574,11.592,26531.5
2025-09-28 07:00:00,11.591,11.607,11.555,11.582,24234.8
2025-09-28 07:15:00,11.582,11.632,11.579,11.609,24618.7
2025-09-28 07:30:00,11.609,11.623,11.573,11.589,16284.2
2025-09-28 07:45:00,11.59,11.61,11.575,11.598,17865.3
2025-09-28 08:00:00,11.599,11.631,11.584,11.593,24082.4
2025-09-28 08:15:00,11.593,11.601,11.541,11.554,34114.0
2025-09-28 08:30:00,11.555,11.569,11.539,11.56,29834.9
2025-09-28 08:45:00,11.56,11.611,11.556,11.56,23144.1
2025-09-28 09:00:00,11.559,11.582,11.532,11.541,20202.0
2025-09-28 09:15:00,11.541,11.556,11.52,11.554,24891.3
2025-09-28 09:30:00,11.554,11.609,11.554,11.608,24676.4
2025-09-28 09:45:00,11.608,11.608,11.571,11.572,22105.4
2025-09-28 10:00:00,11.571,11.572,11.514,11.558,64730.5
2025-09-28 10:15:00,11.558,11.573,11.548,11.565,19329.4
2025-09-28 10:30:00,11.564,11.599,11.563,11.593,21210.8
2025-09-28 10:45:00,11.594,11.603,11.574,11.588,15587.7
2025-09-28 11:00:00,11.588,11.589,11.57,11.579,15097.2
2025-09-28 11:15:00,11.579,11.588,11.527,11.532,24557.0
2025-09-28 11:30:00,11.531,11.583,11.531,11.549,29979.2
2025-09-28 11:45:00,11.548,11.555,11.512,11.547,30014.9
2025-09-28 12:00:00,11.548,11.549,11.481,11.507,49142.5
2025-09-28 12:15:00,11.507,11.518,11.489,11.507,16629.5
2025-09-28 12:30:00,11.508,11.508,11.46,11.479,27635.4
2025-09-28 12:45:00,11.48,11.533,11.468,11.515,22347.3
2025-09-28 13:00:00,11.514,11.595,11.506,11.576,30011.0
2025-09-28 13:15:00,11.577,11.65,11.566,11.632,58919.6
2025-09-28 13:30:00,11.633,11.687,11.625,11.676,37104.8
2025-09-28 13:45:00,11.677,11.727,11.641,11.714,152818.4
2025-09-28 14:00:00,11.714,11.723,11.661,11.682,35435.6
2025-09-28 14:15:00,11.682,11.749,11.673,11.743,54569.0
2025-09-28 14:30:00,11.744,11.748,11.716,11.727,23546.8
2025-09-28 14:45:00,11.727,11.747,11.705,11.736,37926.0
2025-09-28 15:00:00,11.735,11.763,11.696,11.718,46757.5
2025-09-28 15:15:00,11.718,11.743,11.714,11.728,17855.4
2025-09-28 15:30:00,11.728,11.738,11.701,11.716,32843.7
2025-09-28 15:45:00,11.717,11.749,11.704,11.745,24041.8
2025-09-28 16:00:00,11.744,11.859,11.744,11.801,92003.1
2025-09-28 16:15:00,11.801,11.828,11.778,11.799,34145.7
2025-09-28 16:30:00,11.799,11.804,11.751,11.773,34596.9
2025-09-28 16:45:00,11.773,11.816,11.772,11.812,17298.2
2025-09-28 17:00:00,11.812,11.838,11.798,11.824,43938.6
2025-09-28 17:15:00,11.824,11.827,11.752,11.786,32170.6
2025-09-28 17:30:00,11.787,11.855,11.787,11.852,32531.5
2025-09-28 17:45:00,11.853,11.873,11.811,11.832,37485.8
2025-09-28 18:00:00,11.833,11.853,11.804,11.816,29460.2
2025-09-28 18:15:00,11.815,11.827,11.803,11.803,19547.3
2025-09-28 18:30:00,11.802,11.825,11.8,11.817,22526.7
2025-09-28 18:45:00,11.816,11.847,11.813,11.847,17860.9
2025-09-28 19:00:00,11.847,11.861,11.808,11.81,17293.2
2025-09-28 19:15:00,11.809,11.839,11.808,11.829,10428.1
2025-09-28 19:30:00,11.828,11.844,11.817,11.823,12232.3
2025-09-28 19:45:00,11.823,11.848,11.822,11.848,9623.6
2025-09-28 20:00:00,11.848,11.855,11.82,11.841,25104.3
2025-09-28 20:15:00,11.842,11.912,11.832,11.901,42389.4
2025-09-28 20:30:00,11.902,11.96,11.897,11.93,46444.9
2025-09-28 20:45:00,11.93,11.943,11.882,11.887,34947.3
2025-09-28 21:00:00,11.888,11.947,11.888,11.935,33591.4
2025-09-28 21:15:00,11.934,11.937,11.903,11.909,19701.5
2025-09-28 21:30:00,11.91,11.91,11.88,11.888,20432.5
2025-09-28 21:45:00,11.888,11.916,11.885,11.916,12841.3
2025-09-28 22:00:00,11.917,12.101,11.917,12.027,148008.6
2025-09-28 22:15:00,12.028,12.116,12.028,12.084,75161.5
2025-09-28 22:30:00,12.084,12.138,12.064,12.136,76508.7
2025-09-28 22:45:00,12.136,12.162,12.105,12.127,46429.2
2025-09-28 23:00:00,12.128,12.149,12.094,12.111,59841.3
2025-09-28 23:15:00,12.112,12.112,12.071,12.087,32629.5
2025-09-28 23:30:00,12.087,12.119,12.077,12.11,23557.9
2025-09-28 23:45:00,12.11,12.118,12.086,12.092,19133.2
2025-09-29 00:00:00,12.092,12.102,12.028,12.039,46111.0
2025-09-29 00:15:00,12.039,12.076,12.015,12.057,38969.1
2025-09-29 00:30:00,12.056,12.059,12.022,12.045,22775.5
2025-09-29 00:45:00,12.044,12.079,12.029,12.036,20113.2
2025-09-29 01:00:00,12.035,12.054,12.011,12.027,18952.3
2025-09-29 01:15:00,12.026,12.051,11.993,12.006,22611.3
2025-09-29 01:30:00,12.006,12.042,11.998,12.034,13650.3
2025-09-29 01:45:00,12.034,12.036,11.974,11.981,23765.4
2025-09-29 02:00:00,11.98,12.008,11.954,12.004,28122.8
2025-09-29 02:15:00,12.003,12.073,11.992,12.054,28116.2
2025-09-29 02:30:00,12.055,12.067,12.012,12.017,33073.2
2025-09-29 02:45:00,12.017,12.046,12.004,12.043,16331.2
2025-09-29 03:00:00,12.043,12.043,11.994,12.008,38136.4
2025-09-29 03:15:00,12.008,12.032,11.987,12.03,96494.0
2025-09-29 03:30:00,12.03,12.039,12.004,12.006,22501.7
2025-09-29 03:45:00,12.005,12.054,11.997,12.032,56711.5
2025-09-29 04:00:00,12.033,12.038,11.996,12.003,25730.0
2025-09-29 04:15:00,12.005,12.021,11.966,11.976,20714.1
2025-09-29 04:30:00,11.977,12.014,11.961,12.008,14176.6
2025-09-29 04:45:00,12.007,12.011,11.97,11.971,10815.6
2025-09-29 05:00:00,11.97,11.975,11.908,11.936,50671.2
2025-09-29 05:15:00,11.936,11.95,11.909,11.945,20149.3
2025-09-29 05:30:00,11.944,11.983,11.93,11.978,20039.0
2025-09-29 05:45:00,11.979,12.001,11.975,11.997,21173.7
2025-09-29 06:00:00,11.997,11.999,11.931,11.941,38346.0
2025-09-29 06:15:00,11.94,11.98,11.921,11.952,18212.9
2025-09-29 06:30:00,11.952,11.977,11.945,11.971,14123.0
2025-09-29 06:45:00,11.971,11.979,11.933,11.937,17355.5
2025-09-29 07:00:00,11.936,11.95,11.925,11.935,24207.5
2025-09-29 07:15:00,11.935,11.946,11.901,11.943,21410.2
2025-09-29 07:30:00,11.942,12.011,11.938,11.981,28680.1
2025-09-29 07:45:00,11.981,11.998,11.969,11.977,27243.6
2025-09-29 08:00:00,11.977,12.01,11.959,11.968,46382.8
2025-09-29 08:15:00,11.968,12.024,11.939,12.024,48901.7
2025-09-29 08:30:00,12.025,12.051,12.011,12.038,25428.6
2025-09-29 08:45:00,12.038,12.067,12.026,12.027,29196.9
2025-09-29 09:00:00,12.027,12.065,12.012,12.013,27381.2
2025-09-29 09:15:00,12.013,12.026,11.988,12.007,25686.1
2025-09-29 09:30:00,12.007,12.014,11.946,11.952,20811.6
2025-09-29 09:45:00,11.951,11.972,11.943,11.97,17190.1
2025-09-29 10:00:00,11.97,11.991,11.95,11.979,31565.8
2025-09-29 10:15:00,11.98,11.997,11.973,11.99,13674.7
2025-09-29 10:30:00,11.989,11.989,11.917,11.931,28962.8
2025-09-29 10:45:00,11.931,11.947,11.895,11.906,40176.2
2025-09-29 11:00:00,11.905,11.905,11.819,11.833,73929.5
2025-09-29 11:15:00,11.833,11.891,11.828,11.888,36299.7
2025-09-29 11:30:00,11.888,11.902,11.875,11.9,26598.0
2025-09-29 11:45:00,11.9,11.904,11.88,11.888,12072.8
2025-09-29 12:00:00,11.887,11.887,11.841,11.868,65675.5
2025-09-29 12:15:00,11.867,11.912,11.859,11.912,32569.6
2025-09-29 12:30:00,11.912,11.938,11.769,11.789,77317.6
2025-09-29 12:45:00,11.789,11.832,11.738,11.753,62347.9
2025-09-29 13:00:00,11.752,11.791,11.702,11.787,93684.9
2025-09-29 13:15:00,11.787,11.849,11.781,11.793,90949.1
2025-09-29 13:30:00,11.794,11.996,11.783,11.995,150205.4
2025-09-29 13:45:00,11.995,12.073,11.952,12.038,226401.0
2025-09-29 14:00:00,12.039,12.126,12.028,12.121,168720.8
2025-09-29 14:15:00,12.12,12.177,12.06,12.098,140640.5
2025-09-29 14:30:00,12.099,12.175,12.093,12.151,83630.1
2025-09-29 14:45:00,12.15,12.209,12.147,12.162,65285.7
2025-09-29 15:00:00,12.163,12.21,12.08,12.097,74002.0
2025-09-29 15:15:00,12.096,12.125,12.043,12.053,69275.1
2025-09-29 15:30:00,12.055,12.107,12.034,12.08,54929.4
2025-09-29 15:45:00,12.08,12.085,12.006,12.023,67367.4
2025-09-29 16:00:00,12.023,12.065,12.015,12.042,41594.9
2025-09-29 16:15:00,12.041,12.072,11.975,11.978,34972.2
2025-09-29 16:30:00,11.979,12.034,11.958,11.968,41668.2
2025-09-29 16:45:00,11.968,11.976,11.877,11.886,71268.3
2025-09-29 17:00:00,11.887,11.92,11.841,11.894,77151.0
2025-09-29 17:15:00,11.895,11.897,11.828,11.88,70236.2
2025-09-29 17:30:00,11.881,11.942,11.858,11.934,79120.4
2025-09-29 17:45:00,11.934,11.976,11.931,11.959,43714.3
2025-09-29 18:00:00,11.96,11.992,11.902,11.922,74798.8
2025-09-29 18:15:00,11.923,11.954,11.91,11.945,34034.1
2025-09-29 18:30:00,11.945,11.972,11.935,11.968,35104.6
2025-09-29 18:45:00,11.968,11.988,11.96,11.987,34401.1
2025-09-29 19:00:00,11.988,12.02,11.967,12.017,55371.3
2025-09-29 19:15:00,12.017,12.032,11.971,12.021,29378.5
2025-09-29 19:30:00,12.021,12.055,11.99,12.055,39264.3
2025-09-29 19:45:00,12.055,12.119,12.043,12.103,44865.7
2025-09-29 20:00:00,12.104,12.162,12.086,12.157,51595.4
2025-09-29 20:15:00,12.156,12.188,12.123,12.154,47839.0
2025-09-29 20:30:00,12.155,12.213,12.138,12.206,61038.7
2025-09-29 20:45:00,12.206,12.229,12.189,12.205,50160.7
2025-09-29 21:00:00,12.205,12.218,12.18,12.195,52577.4
2025-09-29 21:15:00,12.196,12.216,12.183,12.206,27512.0
2025-09-29 21:30:00,12.206,12.215,12.188,12.195,24788.7
2025-09-29 21:45:00,12.194,12.201,12.145,12.153,23476.8
2025-09-29 22:00:00,12.153,12.165,12.118,12.14,31047.5
2025-09-29 22:15:00,12.14,12.175,12.132,12.154,38258.3
2025-09-29 22:30:00,12.154,12.164,12.103,12.128,21444.1
2025-09-29 22:45:00,12.127,12.144,12.112,12.113,16725.7
2025-09-29 23:00:00,12.113,12.125,12.065,12.074,29251.9
2025-09-29 23:15:00,12.074,12.097,12.06,12.085,25890.5
2025-09-29 23:30:00,12.085,12.1,12.072,12.075,13573.0
2025-09-29 23:45:00,12.075,12.086,12.052,12.057,26201.5
2025-09-30 00:00:00,12.057,12.09,12.04,12.048,30538.1
2025-09-30 00:15:00,12.048,12.048,11.986,12.011,39336.8
2025-09-30 00:30:00,12.01,12.061,11.997,12.041,25464.0
2025-09-30 00:45:00,12.04,12.1,11.941,11.95,100839.1
2025-09-30 01:00:00,11.949,11.988,11.928,11.986,52194.4
2025-09-30 01:15:00,11.986,12.018,11.944,11.944,30872.7
2025-09-30 01:30:00,11.946,11.946,11.881,11.884,60236.8
2025-09-30 01:45:00,11.883,11.922,11.854,11.918,45274.5
2025-09-30 02:00:00,11.917,11.935,11.899,11.918,25488.7
2025-09-30 02:15:00,11.918,11.939,11.892,11.919,30011.3
2025-09-30 02:30:00,11.919,11.938,11.896,11.911,20457.7
2025-09-30 02:45:00,11.911,11.933,11.876,11.878,34956.5
2025-09-30 03:00:00,11.878,11.917,11.863,11.901,28071.9
2025-09-30 03:15:00,11.901,11.955,11.894,11.921,33503.9
2025-09-30 03:30:00,11.921,11.947,11.901,11.947,24688.9
2025-09-30 03:45:00,11.947,11.954,11.875,11.892,22070.6
2025-09-30 04:00:00,11.893,11.907,11.879,11.883,24158.6
2025-09-30 04:15:00,11.883,11.918,11.88,11.911,32007.9
2025-09-30 04:30:00,11.911,11.939,11.907,11.927,29119.2
2025-09-30 04:45:00,11.926,11.932,11.89,11.892,12665.7
2025-09-30 05:00:00,11.891,11.926,11.884,11.917,33294.7
2025-09-30 05:15:00,11.915,11.917,11.868,11.912,24527.3
2025-09-30 05:30:00,11.911,11.92,11.887,11.899,18642.5
2025-09-30 05:45:00,11.898,11.948,11.864,11.912,48772.5
2025-09-30 06:00:00,11.913,11.934,11.873,11.905,44039.5
2025-09-30 06:15:00,11.906,11.915,11.872,11.911,20050.7
2025-09-30 06:30:00,11.913,11.955,11.909,11.954,27102.3
2025-09-30 06:45:00,11.955,11.958,11.866,11.874,22882.4
2025-09-30 07:00:00,11.873,11.921,11.863,11.886,28860.4
2025-09-30 07:15:00,11.886,11.887,11.858,11.862,27240.8
2025-09-30 07:30:00,11.862,11.862,11.781,11.787,80502.5
2025-09-30 07:45:00,11.786,11.834,11.772,11.808,49568.0
2025-09-30 08:00:00,11.808,11.814,11.775,11.789,31192.3
2025-09-30 08:15:00,11.79,11.796,11.776,11.786,29021.3
2025-09-30 08:30:00,11.787,11.805,11.761,11.774,32788.8
2025-09-30 08:45:00,11.774,11.784,11.75,11.751,24235.0
2025-09-30 09:00:00,11.751,11.776,11.726,11.73,53785.3
2025-09-30 09:15:00,11.73,11.78,11.718,11.777,34997.8
2025-09-30 09:30:00,11.778,11.803,11.706,11.711,48203.5
2025-09-30 09:45:00,11.71,11.72,11.677,11.696,48497.1
2025-09-30 10:00:00,11.696,11.733,11.68,11.708,53844.0
2025-09-30 10:15:00,11.708,11.741,11.704,11.721,19088.0
2025-09-30 10:30:00,11.721,11.766,11.706,11.758,39783.1
2025-09-30 10:45:00,11.759,11.769,11.74,11.741,21799.6
2025-09-30 11:00:00,11.742,11.747,11.698,11.708,37089.8
2025-09-30 11:15:00,11.709,11.757,11.701,11.749,25987.2
2025-09-30 11:30:00,11.749,11.799,11.743,11.795,44289.9
2025-09-30 11:45:00,11.794,11.806,11.779,11.797,28198.7
2025-09-30 12:00:00,11.797,11.797,11.736,11.736,31269.2
2025-09-30 12:15:00,11.736,11.778,11.733,11.756,17728.8
2025-09-30 12:30:00,11.756,11.775,11.737,11.755,32425.5
2025-09-30 12:45:00,11.755,11.769,11.708,11.714,25861.5
2025-09-30 13:00:00,11.714,11.734,11.656,11.708,56797.6
2025-09-30 13:15:00,11.709,11.76,11.697,11.726,52011.6
2025-09-30 13:30:00,11.727,11.786,11.677,11.776,64774.1
2025-09-30 13:45:00,11.775,11.812,11.697,11.73,45465.1
2025-09-30 14:00:00,11.73,11.757,11.673,11.722,84745.7
2025-09-30 14:15:00,11.722,11.76,11.67,11.691,47264.8
2025-09-30 14:30:00,11.692,11.715,11.665,11.675,36294.9
2025-09-30 14:45:00,11.676,11.74,11.662,11.735,30762.5
2025-09-30 15:00:00,11.735,11.742,11.584,11.63,82211.0
2025-09-30 15:15:00,11.63,11.638,11.526,11.569,139859.5
2025-09-30 15:30:00,11.568,11.632,11.565,11.601,99789.4
2025-09-30 15:45:00,11.603,11.645,11.571,11.643,31137.2
2025-09-30 16:00:00,11.642,11.642,11.569,11.575,46577.3
2025-09-30 16:15:00,11.576,11.646,11.566,11.636,33527.4
2025-09-30 16:30:00,11.636,11.648,11.562,11.582,47188.1
2025-09-30 16:45:00,11.582,11.642,11.574,11.613,24689.9
2025-09-30 17:00:00,11.613,11.674,11.601,11.633,55962.8
2025-09-30 17:15:00,11.632,11.668,11.62,11.651,28499.8
2025-09-30 17:30:00,11.651,11.693,11.619,11.636,59196.6
2025-09-30 17:45:00,11.635,11.659,11.611,11.626,29440.1
2025-09-30 18:00:00,11.627,11.691,11.609,11.686,29425.1
2025-09-30 18:15:00,11.686,11.744,11.681,11.743,47989.3
2025-09-30 18:30:00,11.744,11.746,11.709,11.717,28654.5
2025-09-30 18:45:00,11.716,11.736,11.699,11.726,44126.5
2025-09-30 19:00:00,11.727,11.773,11.711,11.716,39036.2
2025-09-30 19:15:00,11.717,11.754,11.699,11.75,16946.2
2025-09-30 19:30:00,11.751,11.845,11.751,11.841,55560.3
2025-09-30 19:45:00,11.84,11.952,11.835,11.932,129618.5
2025-09-30 20:00:00,11.933,11.958,11.901,11.911,55624.7
2025-09-30 20:15:00,11.911,11.982,11.91,11.966,63365.8
2025-09-30 20:30:00,11.967,12.039,11.951,12.009,82040.8
2025-09-30 20:45:00,12.009,12.096,12.002,12.083,63147.4
2025-09-30 21:00:00,12.084,12.091,12.025,12.036,67268.8
2025-09-30 21:15:00,12.035,12.097,12.029,12.043,64423.3
2025-09-30 21:30:00,12.043,12.06,11.998,12.055,50049.6
2025-09-30 21:45:00,12.055,12.055,11.988,11.989,20376.4
2025-09-30 22:00:00,11.989,12.07,11.986,12.032,36103.9
2025-09-30 22:15:00,12.032,12.072,12.016,12.021,26159.4
2025-09-30 22:30:00,12.022,12.024,11.958,11.982,51586.9
2025-09-30 22:45:00,11.981,12.006,11.936,11.95,28247.9
2025-09-30 23:00:00,11.95,11.959,11.91,11.958,56190.7
2025-09-30 23:15:00,11.959,12.013,11.948,11.972,56146.2
2025-09-30 23:30:00,11.973,11.991,11.951,11.991,20148.8
2025-09-30 23:45:00,11.992,12.007,11.985,12.003,15923.4
2025-10-01 00:00:00,12.003,12.035,11.993,12.003,47892.0
2025-10-01 00:15:00,12.003,12.003,11.916,11.921,23983.3
2025-10-01 00:30:00,11.92,11.943,11.888,11.896,26473.3
2025-10-01 00:45:00,11.897,11.957,11.886,11.95,26542.8
2025-10-01 01:00:00,11.95,11.977,11.93,11.953,18446.2
2025-10-01 01:15:00,11.952,11.981,11.915,11.974,24490.0
2025-10-01 01:30:00,11.974,12.024,11.933,12.012,26602.6
2025-10-01 01:45:00,12.013,12.063,12.013,12.059,37580.1
2025-10-01 02:00:00,12.06,12.065,12.01,12.019,30975.0
2025-10-01 02:15:00,12.019,12.049,12.015,12.036,13443.8
2025-10-01 02:30:00,12.037,12.037,11.97,11.974,25556.2
2025-10-01 02:45:00,11.974,11.993,11.95,11.957,29291.9
2025-10-01 03:00:00,11.957,11.981,11.954,11.971,22275.1
2025-10-01 03:15:00,11.972,11.973,11.932,11.932,33849.6
2025-10-01 03:30:00,11.931,11.946,11.884,11.884,18890.7
2025-10-01 03:45:00,11.884,11.885,11.844,11.847,29479.1
2025-10-01 04:00:00,11.847,11.951,11.838,11.912,43376.2
2025-10-01 04:15:00,11.913,11.95,11.909,11.943,21743.7
2025-10-01 04:30:00,11.943,11.97,11.926,11.937,22547.0
2025-10-01 04:45:00,11.937,11.947,11.874,11.888,20638.5
2025-10-01 05:00:00,11.888,11.976,11.881,11.944,41505.7
2025-10-01 05:15:00,11.944,11.981,11.936,11.963,27758.7
2025-10-01 05:30:00,11.964,11.995,11.931,11.993,27607.3
2025-10-01 05:45:00,11.993,11.998,11.942,11.945,13210.2
2025-10-01 06:00:00,11.945,11.96,11.921,11.929,31838.6
2025-10-01 06:15:00,11.929,11.95,11.876,11.906,42394.5
2025-10-01 06:30:00,11.906,11.92,11.889,11.906,23700.0
2025-10-01 06:45:00,11.907,11.909,11.845,11.848,45709.1
2025-10-01 07:00:00,11.847,11.889,11.84,11.879,56882.7
2025-10-01 07:15:00,11.878,11.932,11.878,11.93,41122.0
2025-10-01 07:30:00,11.93,11.969,11.925,11.948,29259.1
2025-10-01 07:45:00,11.947,11.968,11.919,11.924,27230.6
2025-10-01 08:00:00,11.923,11.953,11.913,11.929,21617.9
2025-10-01 08:15:00,11.93,11.992,11.902,11.992,46263.1
2025-10-01 08:30:00,11.991,12.302,11.991,12.295,305389.4
2025-10-01 08:45:00,12.294,12.401,12.278,12.383,398793.6
2025-10-01 09:00:00,12.384,12.452,12.361,12.421,199593.0
2025-10-01 09:15:00,12.42,12.457,12.379,12.441,105850.5
2025-10-01 09:30:00,12.44,12.473,12.426,12.471,77255.8
2025-10-01 09:45:00,12.472,12.475,12.427,12.434,54631.1
2025-10-01 10:00:00,12.434,12.449,12.311,12.315,78252.3
2025-10-01 10:15:00,12.314,12.379,12.311,12.359,53384.0
2025-10-01 10:30:00,12.359,12.363,12.314,12.337,25850.4
2025-10-01 10:45:00,12.338,12.355,12.319,12.323,31248.0
2025-10-01 11:00:00,12.323,12.372,12.319,12.366,24931.5
2025-10-01 11:15:00,12.367,12.395,12.358,12.367,32409.5
2025-10-01 11:30:00,12.368,12.368,12.316,12.345,39511.3
2025-10-01 11:45:00,12.344,12.364,12.327,12.354,24566.1
2025-10-01 12:00:00,12.355,12.374,12.313,12.334,52281.9
2025-10-01 12:15:00,12.335,12.391,12.312,12.337,54662.3
2025-10-01 12:30:00,12.337,12.343,12.305,12.309,30550.1
2025-10-01 12:45:00,12.309,12.319,12.255,12.277,52904.5
2025-10-01 13:00:00,12.276,12.331,12.27,12.326,45871.1
2025-10-01 13:15:00,12.326,12.382,12.32,12.328,61255.3
2025-10-01 13:30:00,12.329,12.352,12.304,12.317,39069.2
2025-10-01 13:45:00,12.317,12.335,12.281,12.319,47064.3
2025-10-01 14:00:00,12.319,12.382,12.3,12.329,60574.9
2025-10-01 14:15:00,12.33,12.367,12.315,12.346,40855.3
2025-10-01 14:30:00,12.347,12.408,12.318,12.405,79280.3
2025-10-01 14:45:00,12.406,12.406,12.337,12.368,47456.2
2025-10-01 15:00:00,12.368,12.387,12.33,12.353,27781.7
2025-10-01 15:15:00,12.354,12.405,12.354,12.385,43140.5
2025-10-01 15:30:00,12.385,12.47,12.368,12.445,106521.0
2025-10-01 15:45:00,12.446,12.469,12.409,12.449,42669.5
2025-10-01 16:00:00,12.45,12.473,12.418,12.464,48974.9
2025-10-01 16:15:00,12.465,12.484,12.448,12.475,39340.3
2025-10-01 16:30:00,12.477,12.509,12.443,12.457,118759.1
2025-10-01 16:45:00,12.456,12.476,12.365,12.4,89792.3
2025-10-01 17:00:00,12.401,12.42,12.376,12.381,42407.3
2025-10-01 17:15:00,12.381,12.419,12.38,12.405,28152.6
2025-10-01 17:30:00,12.406,12.425,12.394,12.395,32676.9
2025-10-01 17:45:00,12.395,12.411,12.334,12.351,65882.5
2025-10-01 18:00:00,12.35,12.425,12.347,12.409,27713.6
2025-10-01 18:15:00,12.408,12.47,12.398,12.464,26136.1
2025-10-01 18:30:00,12.464,12.506,12.461,12.487,52014.4
2025-10-01 18:45:00,12.488,12.522,12.488,12.5,32849.8
2025-10-01 19:00:00,12.499,12.518,12.474,12.51,58568.6
2025-10-01 19:15:00,12.511,12.566,12.511,12.545,56748.3
2025-10-01 19:30:00,12.546,12.55,12.512,12.52,29665.8
2025-10-01 19:45:00,12.52,12.557,12.52,12.53,44970.7
2025-10-01 20:00:00,12.531,12.554,12.492,12.503,59540.4
2025-10-01 20:15:00,12.503,12.538,12.496,12.522,73730.2
2025-10-01 20:30:00,12.523,12.524,12.496,12.506,16959.2
2025-10-01 20:45:00,12.506,12.524,12.496,12.523,14836.4
2025-10-01 21:00:00,12.524,12.525,12.48,12.486,29918.8
2025-10-01 21:15:00,12.485,12.515,12.472,12.502,15075.5
2025-10-01 21:30:00,12.502,12.502,12.462,12.49,25919.3
2025-10-01 21:45:00,12.49,12.497,12.45,12.473,29702.2
2025-10-01 22:00:00,12.473,12.543,12.473,12.514,33122.7
2025-10-01 22:15:00,12.514,12.554,12.499,12.546,24752.9
2025-10-01 22:30:00,12.547,12.548,12.489,12.511,25462.7
2025-10-01 22:45:00,12.51,12.566,12.51,12.547,31118.1
2025-10-01 23:00:00,12.547,12.553,12.524,12.549,28547.3
2025-10-01 23:15:00,12.55,12.586,12.549,12.566,46026.7
2025-10-01 23:30:00,12.567,12.625,12.56,12.608,88294.3
2025-10-01 23:45:00,12.609,12.633,12.587,12.615,37359.9
2025-10-02 00:00:00,12.616,12.651,12.599,12.634,81286.2
2025-10-02 00:15:00,12.633,12.633,12.566,12.573,38495.6
2025-10-02 00:30:00,12.572,12.603,12.543,12.553,39444.2
2025-10-02 00:45:00,12.552,12.567,12.527,12.555,27583.2
2025-10-02 01:00:00,12.554,12.563,12.528,12.558,24581.2
2025-10-02 01:15:00,12.557,12.59,12.537,12.557,16144.6
2025-10-02 01:30:00,12.558,12.611,12.555,12.611,30968.2
2025-10-02 01:45:00,12.611,12.674,12.61,12.666,48593.4
2025-10-02 02:00:00,12.665,12.668,12.608,12.648,50239.6
2025-10-02 02:15:00,12.647,12.652,12.61,12.649,34307.9
2025-10-02 02:30:00,12.65,12.741,12.634,12.72,98710.5
2025-10-02 02:45:00,12.72,12.74,12.677,12.713,45570.1
2025-10-02 03:00:00,12.714,12.724,12.681,12.714,33721.3
2025-10-02 03:15:00,12.714,12.714,12.632,12.666,60410.4
2025-10-02 03:30:00,12.666,12.684,12.641,12.641,32847.1
2025-10-02 03:45:00,12.642,12.655,12.623,12.64,28784.4
2025-10-02 04:00:00,12.641,12.686,12.628,12.665,39866.5
2025-10-02 04:15:00,12.666,12.669,12.606,12.623,38402.3
2025-10-02 04:30:00,12.624,12.624,12.575,12.617,38075.3
2025-10-02 04:45:00,12.618,12.685,12.61,12.683,22073.6
2025-10-02 05:00:00,12.683,12.709,12.671,12.707,34495.0
2025-10-02 05:15:00,12.709,12.751,12.682,12.734,33739.7
2025-10-02 05:30:00,12.733,12.736,12.688,12.713,33449.0
2025-10-02 05:45:00,12.712,12.725,12.689,12.691,23183.6
2025-10-02 06:00:00,12.692,12.715,12.686,12.708,22183.9
2025-10-02 06:15:00,12.708,12.745,12.696,12.725,31998.2
2025-10-02 06:30:00,12.724,12.796,12.719,12.74,91294.8
2025-10-02 06:45:00,12.74,12.748,12.708,12.729,27761.4
2025-10-02 07:00:00,12.73,12.73,12.687,12.702,43513.3
2025-10-02 07:15:00,12.703,12.708,12.661,12.667,29783.6
2025-10-02 07:30:00,12.667,12.689,12.655,12.659,28375.3
2025-10-02 07:45:00,12.659,12.662,12.627,12.635,38924.4
2025-10-02 08:00:00,12.636,12.698,12.635,12.66,86119.1
2025-10-02 08:15:00,12.661,12.703,12.658,12.698,27104.0
2025-10-02 08:30:00,12.698,12.698,12.676,12.681,37225.3
2025-10-02 08:45:00,12.682,12.692,12.671,12.675,15182.5
2025-10-02 09:00:00,12.675,12.675,12.638,12.651,26528.6
2025-10-02 09:15:00,12.65,12.662,12.619,12.644,57359.5
2025-10-02 09:30:00,12.644,12.664,12.617,12.633,31493.3
2025-10-02 09:45:00,12.633,12.646,12.615,12.643,25096.1
2025-10-02 10:00:00,12.643,12.646,12.608,12.642,39936.5
2025-10-02 10:15:00,12.641,12.649,12.573,12.585,44647.4
2025-10-02 10:30:00,12.585,12.646,12.578,12.646,27648.2
2025-10-02 10:45:00,12.647,12.668,12.636,12.653,22752.2
2025-10-02 11:00:00,12.652,12.655,12.621,12.651,30742.7
2025-10-02 11:15:00,12.651,12.681,12.642,12.647,29426.6
2025-10-02 11:30:00,12.646,12.684,12.636,12.678,20752.2
2025-10-02 11:45:00,12.678,12.698,12.624,12.639,23907.0
2025-10-02 12:00:00,12.64,12.654,12.614,12.635,35582.4
2025-10-02 12:15:00,12.635,12.683,12.635,12.677,62260.3
2025-10-02 12:30:00,12.678,12.693,12.634,12.654,51816.7
2025-10-02 12:45:00,12.655,12.688,12.633,12.683,47376.4
2025-10-02 13:00:00,12.685,12.695,12.64,12.646,37324.7
2025-10-02 13:15:00,12.647,12.657,12.547,12.629,84093.4
2025-10-02 13:30:00,12.629,12.664,12.565,12.613,66773.7
2025-10-02 13:45:00,12.613,12.658,12.6,12.619,48156.9
2025-10-02 14:00:00,12.619,12.637,12.56,12.58,62400.8
2025-10-02 14:15:00,12.58,12.601,12.541,12.598,42286.7
2025-10-02 14:30:00,12.599,12.621,12.345,12.431,373423.3
2025-10-02 14:45:00,12.431,12.467,12.371,12.422,157063.2
2025-10-02 15:00:00,12.422,12.487,12.344,12.468,166176.6
2025-10-02 15:15:00,12.469,12.508,12.44,12.492,45024.8
2025-10-02 15:30:00,12.493,12.511,12.436,12.502,49351.8
2025-10-02 15:45:00,12.503,12.594,12.499,12.582,54038.2
2025-10-02 16:00:00,12.583,12.68,12.563,12.645,114668.9
2025-10-02 16:15:00,12.645,12.667,12.592,12.612,62726.6
2025-10-02 16:30:00,12.613,12.638,12.553,12.583,43818.0
2025-10-02 16:45:00,12.582,12.644,12.58,12.627,30818.7
2025-10-02 17:00:00,12.627,12.646,12.599,12.644,42453.7
2025-10-02 17:15:00,12.644,12.676,12.604,12.672,42419.1
2025-10-02 17:30:00,12.672,12.742,12.664,12.726,69125.2
2025-10-02 17:45:00,12.727,12.766,12.719,12.729,47702.7
2025-10-02 18:00:00,12.729,12.784,12.728,12.771,63866.2
2025-10-02 18:15:00,12.77,12.79,12.746,12.782,78728.1
2025-10-02 18:30:00,12.783,12.84,12.763,12.808,68852.1
2025-10-02 18:45:00,12.808,12.862,12.802,12.824,72409.5
2025-10-02 19:00:00,12.823,12.923,12.805,12.921,97460.6
2025-10-02 19:15:00,12.921,12.921,12.87,12.91,55835.3
2025-10-02 19:30:00,12.91,12.92,12.874,12.881,48023.7
2025-10-02 19:45:00,12.88,12.936,12.863,12.902,56148.4
2025-10-02 20:00:00,12.902,12.94,12.891,12.916,58946.8
2025-10-02 20:15:00,12.916,12.916,12.851,12.855,57389.7
2025-10-02 20:30:00,12.855,12.906,12.813,12.905,83830.6
2025-10-02 20:45:00,12.906,12.947,12.885,12.947,47404.5
2025-10-02 21:00:00,12.948,12.985,12.923,12.968,94220.9
2025-10-02 21:15:00,12.967,12.972,12.885,12.895,32576.1
2025-10-02 21:30:00,12.896,12.901,12.846,12.865,37960.2
2025-10-02 21:45:00,12.866,12.902,12.858,12.858,18740.3
2025-10-02 22:00:00,12.859,12.941,12.857,12.901,42642.7
2025-10-02 22:15:00,12.9,12.912,12.864,12.898,54044.9
2025-10-02 22:30:00,12.899,12.912,12.852,12.863,39398.4
2025-10-02 22:45:00,12.864,12.889,12.858,12.869,22794.1
2025-10-02 23:00:00,12.869,12.913,12.867,12.875,33035.7
2025-10-02 23:15:00,12.875,12.902,12.853,12.863,29180.7
2025-10-02 23:30:00,12.863,12.896,12.855,12.885,24220.8
2025-10-02 23:45:00,12.885,12.963,12.866,12.945,31933.0
2025-10-03 00:00:00,12.944,12.959,12.835,12.867,56560.8
2025-10-03 00:15:00,12.868,12.918,12.862,12.893,32290.2
2025-10-03 00:30:00,12.893,12.893,12.804,12.815,24643.8
2025-10-03 00:45:00,12.814,12.901,12.803,12.865,67369.8
2025-10-03 01:00:00,12.866,12.902,12.84,12.848,35990.7
2025-10-03 01:15:00,12.849,12.864,12.758,12.785,101212.7
2025-10-03 01:30:00,12.784,12.841,12.774,12.777,37014.9
2025-10-03 01:45:00,12.777,12.793,12.728,12.737,28802.6
2025-10-03 02:00:00,12.737,12.805,12.717,12.805,38950.7
2025-10-03 02:15:00,12.806,12.823,12.754,12.754,19793.9
2025-10-03 02:30:00,12.754,12.834,12.736,12.8,38060.8
2025-10-03 02:45:00,12.8,12.866,12.766,12.855,46218.5
2025-10-03 03:00:00,12.856,12.941,12.838,12.923,94153.4
2025-10-03 03:15:00,12.922,12.988,12.92,12.966,70443.5
2025-10-03 03:30:00,12.966,12.973,12.892,12.893,61781.2
2025-10-03 03:45:00,12.892,12.931,12.83,12.841,56413.6
2025-10-03 04:00:00,12.842,12.882,12.825,12.861,21788.8
2025-10-03 04:15:00,12.861,12.937,12.842,12.879,34274.7
2025-10-03 04:30:00,12.877,12.88,12.801,12.829,39589.6
2025-10-03 04:45:00,12.829,12.874,12.821,12.873,20813.2
2025-10-03 05:00:00,12.874,12.898,12.831,12.849,33237.3
2025-10-03 05:15:00,12.848,12.856,12.831,12.832,17739.3
2025-10-03 05:30:00,12.831,12.845,12.768,12.778,28967.5
2025-10-03 05:45:00,12.778,12.803,12.763,12.791,24566.5
2025-10-03 06:00:00,12.791,12.802,12.772,12.785,20251.6
2025-10-03 06:15:00,12.784,12.826,12.776,12.809,33127.8
2025-10-03 06:30:00,12.809,12.888,12.809,12.888,29771.2
2025-10-03 06:45:00,12.888,12.888,12.761,12.838,60712.1
2025-10-03 07:00:00,12.839,12.849,12.764,12.79,34614.7
2025-10-03 07:15:00,12.789,12.809,12.73,12.734,34496.3
2025-10-03 07:30:00,12.734,12.792,12.732,12.753,65476.1
2025-10-03 07:45:00,12.752,12.808,12.745,12.788,26813.3
2025-10-03 08:00:00,12.787,12.799,12.726,12.728,31684.6
2025-10-03 08:15:00,12.727,12.767,12.671,12.76,60269.1
2025-10-03 08:30:00,12.761,12.793,12.733,12.79,26475.6
2025-10-03 08:45:00,12.789,12.823,12.785,12.823,54163.8
2025-10-03 09:00:00,12.823,12.829,12.73,12.746,56011.0
2025-10-03 09:15:00,12.746,12.811,12.731,12.802,29246.8
2025-10-03 09:30:00,12.802,12.806,12.738,12.767,25606.9
2025-10-03 09:45:00,12.768,12.87,12.767,12.863,36650.4
2025-10-03 10:00:00,12.863,12.867,12.834,12.865,40272.7
2025-10-03 10:15:00,12.865,12.886,12.855,12.876,20462.1
2025-10-03 10:30:00,12.876,12.885,12.846,12.876,23317.0
2025-10-03 10:45:00,12.875,12.885,12.839,12.841,23253.7
2025-10-03 11:00:00,12.841,12.843,12.764,12.771,21224.3
2025-10-03 11:15:00,12.772,12.79,12.754,12.785,30097.0
2025-10-03 11:30:00,12.785,12.792,12.761,12.781,13126.5
2025-10-03 11:45:00,12.78,12.788,12.762,12.765,13697.2
2025-10-03 12:00:00,12.766,12.804,12.754,12.792,24943.6
2025-10-03 12:15:00,12.793,12.813,12.752,12.755,21572.4
2025-10-03 12:30:00,12.756,12.821,12.753,12.788,29891.9
2025-10-03 12:45:00,12.789,12.794,12.759,12.775,19149.6
2025-10-03 13:00:00,12.773,12.773,12.68,12.716,52918.8
2025-10-03 13:15:00,12.717,12.837,12.704,12.833,44674.9
2025-10-03 13:30:00,12.833,12.879,12.786,12.815,60140.1
2025-10-03 13:45:00,12.814,12.865,12.81,12.835,33903.8
2025-10-03 14:00:00,12.835,12.835,12.716,12.736,64040.8
2025-10-03 14:15:00,12.736,12.799,12.66,12.789,78847.1
2025-10-03 14:30:00,12.788,12.799,12.727,12.785,39663.7
2025-10-03 14:45:00,12.785,12.845,12.784,12.798,33017.7
2025-10-03 15:00:00,12.797,12.797,12.748,12.779,27443.0
2025-10-03 15:15:00,12.78,12.968,12.78,12.929,127120.8
2025-10-03 15:30:00,12.93,13.05,12.925,13.033,142140.7
2025-10-03 15:45:00,13.034,13.12,12.992,13.079,161753.9
2025-10-03 16:00:00,13.08,13.125,13.043,13.118,164122.4
2025-10-03 16:15:00,13.117,13.217,13.036,13.157,198139.1
2025-10-03 16:30:00,13.156,13.38,13.136,13.376,235887.8
2025-10-03 16:45:00,13.377,13.38,13.213,13.23,121075.1
2025-10-03 17:00:00,13.229,13.232,12.97,13.196,291845.5
2025-10-03 17:15:00,13.195,13.208,12.978,12.98,142689.1
2025-10-03 17:30:00,12.979,13.034,12.936,13.008,91177.8
2025-10-03 17:45:00,13.009,13.013,12.849,12.889,114512.9
2025-10-03 18:00:00,12.89,12.949,12.826,12.947,73725.6
2025-10-03 18:15:00,12.947,13.046,12.937,13.039,35663.8
2025-10-03 18:30:00,13.04,13.172,13.04,13.119,105867.1
2025-10-03 18:45:00,13.119,13.244,13.109,13.238,53827.5
2025-10-03 19:00:00,13.237,13.245,13.129,13.176,64078.0
2025-10-03 19:15:00,13.176,13.267,13.176,13.223,61621.8
2025-10-03 19:30:00,13.223,13.284,13.215,13.223,59665.4
2025-10-03 19:45:00,13.222,13.308,13.174,13.305,86045.3
2025-10-03 20:00:00,13.306,13.424,13.29,13.327,170364.3
2025-10-03 20:15:00,13.328,13.361,13.301,13.309,30778.3
2025-10-03 20:30:00,13.309,13.357,13.298,13.347,36730.7
2025-10-03 20:45:00,13.347,13.387,13.322,13.387,25567.8
2025-10-03 21:00:00,13.387,13.512,13.379,13.505,161288.5
2025-10-03 21:15:00,13.504,13.59,13.364,13.587,130811.6
2025-10-03 21:30:00,13.588,13.589,13.52,13.527,53999.1
2025-10-03 21:45:00,13.527,13.546,13.467,13.511,40280.4
2025-10-03 22:00:00,13.512,13.576,13.478,13.528,68962.2
2025-10-03 22:15:00,13.528,13.563,13.51,13.546,27691.6
2025-10-03 22:30:00,13.547,13.61,13.547,13.569,38461.7
2025-10-03 22:45:00,13.57,13.578,13.476,13.481,44913.0
2025-10-03 23:00:00,13.481,13.49,13.406,13.418,35307.2
2025-10-03 23:15:00,13.418,13.471,13.387,13.389,34025.7
2025-10-03 23:30:00,13.388,13.407,13.354,13.382,64961.3
2025-10-03 23:45:00,13.383,13.397,13.348,13.385,24544.0
2025-10-04 00:00:00,13.385,13.491,13.384,13.448,77251.8
2025-10-04 00:15:00,13.447,13.5,13.387,13.395,36316.3
2025-10-04 00:30:00,13.393,13.41,13.358,13.391,36196.7
2025-10-04 00:45:00,13.391,13.421,13.376,13.421,26444.8
2025-10-04 01:00:00,13.422,13.429,13.3,13.309,58611.9
2025-10-04 01:15:00,13.309,13.313,13.226,13.241,91732.6
2025-10-04 01:30:00,13.24,13.289,13.234,13.243,31983.6
2025-10-04 01:45:00,13.242,13.313,13.222,13.312,108936.7
2025-10-04 02:00:00,13.311,13.385,13.238,13.248,58610.3
2025-10-04 02:15:00,13.248,13.271,13.199,13.262,86109.6
2025-10-04 02:30:00,13.262,13.277,13.233,13.267,29178.5
2025-10-04 02:45:00,13.267,13.319,13.256,13.286,19829.7
2025-10-04 03:00:00,13.286,13.293,13.156,13.172,43385.9
2025-10-04 03:15:00,13.172,13.217,13.153,13.214,30488.2
2025-10-04 03:30:00,13.214,13.232,13.201,13.23,16896.8
2025-10-04 03:45:00,13.23,13.247,13.195,13.235,32821.7
2025-10-04 04:00:00,13.234,13.316,13.212,13.258,30933.8
2025-10-04 04:15:00,13.257,13.264,13.163,13.177,65740.6
2025-10-04 04:30:00,13.176,13.252,13.172,13.252,23183.6
2025-10-04 04:45:00,13.253,13.331,13.253,13.269,41648.6
2025-10-04 05:00:00,13.269,13.382,13.259,13.372,41458.1
2025-10-04 05:15:00,13.371,13.372,13.274,13.308,36613.1
2025-10-04 05:30:00,13.307,13.316,13.252,13.293,22466.0
2025-10-04 05:45:00,13.293,13.392,13.282,13.383,33288.3
2025-10-04 06:00:00,13.383,13.416,13.341,13.349,39734.5
2025-10-04 06:15:00,13.349,13.429,13.347,13.365,33151.4
2025-10-04 06:30:00,13.364,13.4,13.334,13.341,29060.9
2025-10-04 06:45:00,13.341,13.346,13.313,13.316,15342.5
2025-10-04 07:00:00,13.316,13.332,13.296,13.3,24833.9
2025-10-04 07:15:00,13.3,13.3,13.24,13.251,23773.4
2025-10-04 07:30:00,13.25,13.272,13.226,13.235,23939.7
2025-10-04 07:45:00,13.234,13.245,13.196,13.234,29152.5
2025-10-04 08:00:00,13.234,13.238,13.167,13.168,30255.9
2025-10-04 08:15:00,13.168,13.177,13.13,13.14,33653.9
2025-10-04 08:30:00,13.14,13.143,13.059,13.084,84018.5
2025-10-04 08:45:00,13.083,13.11,13.068,13.093,20968.8
2025-10-04 09:00:00,13.093,13.117,13.056,13.101,35677.3
2025-10-04 09:15:00,13.101,13.112,13.081,13.098,18765.6
2025-10-04 09:30:00,13.099,13.111,13.077,13.111,16043.9
2025-10-04 09:45:00,13.111,13.112,13.02,13.043,49176.8
2025-10-04 10:00:00,13.043,13.086,13.018,13.051,35916.1
2025-10-04 10:15:00,13.052,13.064,13.036,13.056,18879.1
2025-10-04 10:30:00,13.055,13.061,12.955,12.98,53938.8
2025-10-04 10:45:00,12.981,12.993,12.939,12.959,28208.6
2025-10-04 11:00:00,12.959,12.992,12.912,12.923,41284.2
2025-10-04 11:15:00,12.922,12.957,12.912,12.955,32360.3
2025-10-04 11:30:00,12.955,12.964,12.927,12.952,17772.5
2025-10-04 11:45:00,12.952,12.976,12.94,12.957,16679.9
2025-10-04 12:00:00,12.957,12.997,12.928,12.98,47234.0
2025-10-04 12:15:00,12.98,12.999,12.966,12.971,23524.8
2025-10-04 12:30:00,12.971,12.992,12.956,12.966,28066.8
2025-10-04 12:45:00,12.966,12.968,12.9,12.944,43157.9
2025-10-04 13:00:00,12.945,13.1,12.93,13.036,102590.2
2025-10-04 13:15:00,13.036,13.068,13.015,13.026,24734.2
2025-10-04 13:30:00,13.026,13.05,13.017,13.028,21122.8
2025-10-04 13:45:00,13.028,13.04,12.982,12.994,24273.7
2025-10-04 14:00:00,12.992,13.043,12.947,13.04,58119.9
2025-10-04 14:15:00,13.041,13.055,12.974,12.988,32090.3
2025-10-04 14:30:00,12.989,12.992,12.951,12.953,23987.2
2025-10-04 14:45:00,12.952,12.953,12.837,12.84,59585.7
2025-10-04 15:00:00,12.839,12.877,12.812,12.815,47188.7
2025-10-04 15:15:00,12.814,12.821,12.748,12.756,80532.2
2025-10-04 15:30:00,12.756,12.786,12.704,12.768,93677.8
2025-10-04 15:45:00,12.768,12.807,12.738,12.756,55209.4
2025-10-04 16:00:00,12.757,12.798,12.742,12.766,46670.9
2025-10-04 16:15:00,12.767,12.783,12.709,12.739,39594.6
2025-10-04 16:30:00,12.739,12.839,12.739,12.794,65411.3
2025-10-04 16:45:00,12.795,12.811,12.761,12.81,23600.6
2025-10-04 17:00:00,12.81,12.906,12.786,12.874,84176.0
2025-10-04 17:15:00,12.871,12.97,12.847,12.945,117493.2
2025-10-04 17:30:00,12.945,12.954,12.861,12.879,44828.5
2025-10-04 17:45:00,12.879,12.896,12.719,12.73,201289.6
2025-10-04 18:00:00,12.73,12.74,12.524,12.533,376866.5
2025-10-04 18:15:00,12.532,12.542,12.328,12.357,478126.4
2025-10-04 18:30:00,12.36,12.551,12.1,12.522,967931.0
2025-10-04 18:45:00,12.523,12.552,12.399,12.418,211189.9
2025-10-04 19:00:00,12.417,12.501,12.411,12.473,112551.7
2025-10-04 19:15:00,12.472,12.51,12.453,12.486,62449.6
2025-10-04 19:30:00,12.487,12.501,12.462,12.479,60888.8
2025-10-04 19:45:00,12.48,12.527,12.46,12.51,54364.1
2025-10-04 20:00:00,12.51,12.575,12.489,12.541,83129.9
2025-10-04 20:15:00,12.541,12.585,12.52,12.563,50041.5
2025-10-04 20:30:00,12.564,12.565,12.52,12.556,47635.8
2025-10-04 20:45:00,12.556,12.565,12.517,12.527,43018.7
2025-10-04 21:00:00,12.526,12.599,12.52,12.597,31886.8
2025-10-04 21:15:00,12.596,12.634,12.564,12.632,28486.6
2025-10-04 21:30:00,12.632,12.632,12.522,12.523,63765.6
2025-10-04 21:45:00,12.523,12.523,12.484,12.493,48107.6
2025-10-04 22:00:00,12.493,12.564,12.492,12.531,55972.1
2025-10-04 22:15:00,12.531,12.563,12.517,12.561,27379.4
2025-10-04 22:30:00,12.561,12.591,12.551,12.584,27464.0
2025-10-04 22:45:00,12.584,12.592,12.57,12.576,21313.0
2025-10-04 23:00:00,12.577,12.582,12.521,12.543,36803.1
2025-10-04 23:15:00,12.543,12.559,12.538,12.54,14573.4
2025-10-04 23:30:00,12.541,12.569,12.533,12.556,24570.8
2025-10-04 23:45:00,12.557,12.573,12.535,12.542,23399.2
2025-10-05 00:00:00,12.543,12.554,12.496,12.5,48975.7
2025-10-05 00:15:00,12.501,12.57,12.489,12.541,49787.6
2025-10-05 00:30:00,12.541,12.544,12.464,12.472,51109.5
2025-10-05 00:45:00,12.473,12.476,12.42,12.432,74325.1
2025-10-05 01:00:00,12.433,12.514,12.425,12.499,40839.3
2025-10-05 01:15:00,12.499,12.532,12.47,12.516,25807.4
2025-10-05 01:30:00,12.517,12.551,12.502,12.548,27300.7
2025-10-05 01:45:00,12.547,12.551,12.524,12.533,19279.0
2025-10-05 02:00:00,12.532,12.534,12.487,12.504,25026.6
2025-10-05 02:15:00,12.503,12.525,12.497,12.525,23242.6
2025-10-05 02:30:00,12.524,12.7,12.518,12.557,209850.1
2025-10-05 02:45:00,12.556,12.661,12.555,12.65,118599.8
2025-10-05 03:00:00,12.65,12.723,12.645,12.653,126406.1
2025-10-05 03:15:00,12.653,12.653,12.586,12.63,66039.9
2025-10-05 03:30:00,12.631,12.714,12.631,12.713,67757.8
2025-10-05 03:45:00,12.713,12.731,12.644,12.654,44173.0
2025-10-05 04:00:00,12.654,12.708,12.649,12.705,41216.7
2025-10-05 04:15:00,12.706,12.758,12.676,12.712,75943.9
2025-10-05 04:30:00,12.713,12.738,12.677,12.7,56400.8
2025-10-05 04:45:00,12.7,12.895,12.695,12.83,209689.2
2025-10-05 05:00:00,12.831,12.875,12.792,12.855,86080.0
2025-10-05 05:15:00,12.856,12.929,12.825,12.927,54957.4
2025-10-05 05:30:00,12.929,12.931,12.845,12.873,44580.8
2025-10-05 05:45:00,12.873,12.911,12.845,12.882,76275.1
2025-10-05 06:00:00,12.883,12.924,12.854,12.92,29836.8
2025-10-05 06:15:00,12.921,12.95,12.888,12.941,58088.4
2025-10-05 06:30:00,12.942,12.957,12.894,12.94,47199.5
2025-10-05 06:45:00,12.94,12.959,12.888,12.94,36625.6
2025-10-05 07:00:00,12.94,13.081,12.923,13.042,102278.4
2025-10-05 07:15:00,13.042,13.078,13.009,13.015,54288.8
2025-10-05 07:30:00,13.015,13.053,12.986,13.035,42336.7
2025-10-05 07:45:00,13.035,13.11,13.0,13.098,86969.5
2025-10-05 08:00:00,13.101,13.158,13.064,13.073,103902.4
2025-10-05 08:15:00,13.074,13.106,13.044,13.067,42291.2
2025-10-05 08:30:00,13.065,13.103,12.997,13.065,47805.9
2025-10-05 08:45:00,13.065,13.082,13.047,13.065,42660.9
2025-10-05 09:00:00,13.066,13.074,13.016,13.06,42904.8
2025-10-05 09:15:00,13.061,13.071,12.992,13.018,65343.8
2025-10-05 09:30:00,13.018,13.046,12.944,12.975,144253.3
2025-10-05 09:45:00,12.975,13.022,12.93,12.948,65930.8
2025-10-05 10:00:00,12.948,12.948,12.866,12.901,108777.4
2025-10-05 10:15:00,12.901,12.968,12.875,12.889,48599.3
2025-10-05 10:30:00,12.888,12.889,12.832,12.886,61398.3
2025-10-05 10:45:00,12.887,12.921,12.849,12.85,25230.1
2025-10-05 11:00:00,12.849,12.886,12.764,12.779,122297.4
2025-10-05 11:15:00,12.778,12.847,12.758,12.836,48840.9
2025-10-05 11:30:00,12.835,12.838,12.791,12.825,20230.4
2025-10-05 11:45:00,12.825,12.883,12.82,12.858,32288.3
2025-10-05 12:00:00,12.858,12.86,12.77,12.829,34058.8
2025-10-05 12:15:00,12.83,12.872,12.802,12.807,39402.8
2025-10-05 12:30:00,12.806,12.843,12.74,12.745,36186.1
2025-10-05 12:45:00,12.746,12.807,12.746,12.756,32756.5
2025-10-05 13:00:00,12.756,12.818,12.754,12.809,25104.2
2025-10-05 13:15:00,12.808,12.822,12.774,12.81,17738.9
2025-10-05 13:30:00,12.809,12.855,12.779,12.829,28406.0
2025-10-05 13:45:00,12.83,12.855,12.801,12.817,19637.4
2025-10-05 14:00:00,12.817,12.898,12.812,12.894,32641.8
2025-10-05 14:15:00,12.894,12.902,12.842,12.863,27493.9
2025-10-05 14:30:00,12.863,12.877,12.757,12.767,46214.0
2025-10-05 14:45:00,12.766,12.808,12.724,12.794,65574.2
2025-10-05 15:00:00,12.793,12.805,12.754,12.804,27339.6
2025-10-05 15:15:00,12.805,12.884,12.805,12.855,39823.0
2025-10-05 15:30:00,12.854,12.861,12.809,12.839,18802.1
2025-10-05 15:45:00,12.839,12.863,12.828,12.853,26626.1
2025-10-05 16:00:00,12.854,12.878,12.824,12.858,29788.9
2025-10-05 16:15:00,12.857,12.871,12.819,12.823,17499.7
2025-10-05 16:30:00,12.823,12.843,12.794,12.801,54059.6
2025-10-05 16:45:00,12.799,12.852,12.719,12.84,72112.5
2025-10-05 17:00:00,12.842,12.863,12.778,12.81,34184.2
2025-10-05 17:15:00,12.81,12.841,12.808,12.81,14102.2
2025-10-05 17:30:00,12.811,12.812,12.746,12.765,29432.3
2025-10-05 17:45:00,12.764,12.769,12.675,12.708,57354.1
2025-10-05 18:00:00,12.708,12.755,12.653,12.69,56897.9
2025-10-05 18:15:00,12.69,12.717,12.662,12.709,35758.7
2025-10-05 18:30:00,12.708,12.755,12.706,12.737,25838.0
2025-10-05 18:45:00,12.738,12.76,12.708,12.712,13586.8
2025-10-05 19:00:00,12.712,12.713,12.605,12.642,55472.6
2025-10-05 19:15:00,12.642,12.69,12.624,12.669,19572.8
2025-10-05 19:30:00,12.67,12.683,12.632,12.633,40822.4
2025-10-05 19:45:00,12.632,12.643,12.556,12.575,81090.1
2025-10-05 20:00:00,12.575,12.602,12.5,12.582,96817.5
2025-10-05 20:15:00,12.582,12.6,12.554,12.568,29438.5
2025-10-05 20:30:00,12.569,12.641,12.569,12.611,31163.5
2025-10-05 20:45:00,12.61,12.632,12.59,12.591,19196.3
2025-10-05 21:00:00,12.59,12.6,12.546,12.571,35708.1
2025-10-05 21:15:00,12.571,12.586,12.547,12.579,18808.7
2025-10-05 21:30:00,12.578,12.584,12.536,12.584,30976.2
2025-10-05 21:45:00,12.583,12.587,12.555,12.578,11281.8
2025-10-05 22:00:00,12.578,12.63,12.528,12.534,47570.8
2025-10-05 22:15:00,12.535,12.612,12.528,12.611,36414.3
2025-10-05 22:30:00,12.612,12.646,12.599,12.641,30956.4
2025-10-05 22:45:00,12.64,12.702,12.637,12.689,49658.8
2025-10-05 23:00:00,12.689,12.713,12.674,12.707,46971.1
2025-10-05 23:15:00,12.707,12.748,12.685,12.747,53461.1
2025-10-05 23:30:00,12.746,12.789,12.697,12.707,64715.3
2025-10-05 23:45:00,12.708,12.711,12.672,12.676,22359.5
2025-10-06 00:00:00,12.676,12.679,12.567,12.617,66482.0
2025-10-06 00:15:00,12.618,13.221,12.618,12.786,808345.3
2025-10-06 00:30:00,12.787,12.838,12.704,12.768,138341.8
2025-10-06 00:45:00,12.768,12.904,12.729,12.904,164083.4
2025-10-06 01:00:00,12.903,13.042,12.832,13.014,179881.2
2025-10-06 01:15:00,13.014,13.36,13.0,13.335,225524.5
2025-10-06 01:30:00,13.334,13.576,13.332,13.407,572936.6
2025-10-06 01:45:00,13.405,13.438,13.155,13.204,264958.6
2025-10-06 02:00:00,13.205,13.345,13.148,13.291,217065.9
2025-10-06 02:15:00,13.291,13.32,13.17,13.18,106737.5
2025-10-06 02:30:00,13.181,13.255,13.134,13.229,108813.4
2025-10-06 02:45:00,13.23,13.371,13.208,13.282,120663.5
2025-10-06 03:00:00,13.282,13.301,13.034,13.049,203331.8
2025-10-06 03:15:00,13.048,13.093,12.99,13.009,153270.3
2025-10-06 03:30:00,13.009,13.082,12.978,13.08,132709.5
2025-10-06 03:45:00,13.08,13.099,12.976,13.042,169103.2
2025-10-06 04:00:00,13.042,13.061,12.969,13.028,66943.5
2025-10-06 04:15:00,13.029,13.148,13.012,13.069,72759.7
2025-10-06 04:30:00,13.068,13.074,12.938,12.959,73775.5
2025-10-06 04:45:00,12.959,12.98,12.883,12.898,101919.0
2025-10-06 05:00:00,12.898,12.905,12.854,12.862,98295.1
2025-10-06 05:15:00,12.863,12.994,12.859,12.983,60632.7
2025-10-06 05:30:00,12.983,13.004,12.908,12.948,45994.4
2025-10-06 05:45:00,12.947,12.986,12.93,12.954,56941.5
2025-10-06 06:00:00,12.953,13.032,12.945,12.995,53250.3
2025-10-06 06:15:00,12.995,13.017,12.922,12.999,37599.3
2025-10-06 06:30:00,12.999,13.109,12.999,13.052,80582.3
2025-10-06 06:45:00,13.051,13.073,12.982,13.03,58245.3
2025-10-06 07:00:00,13.03,13.094,13.012,13.077,67009.5
2025-10-06 07:15:00,13.076,13.142,13.045,13.07,36206.9
2025-10-06 07:30:00,13.07,13.075,12.897,12.932,83140.6
2025-10-06 07:45:00,12.931,12.942,12.881,12.939,41291.7
2025-10-06 08:00:00,12.94,12.998,12.94,12.954,35701.4
2025-10-06 08:15:00,12.953,12.973,12.904,12.969,35857.0
2025-10-06 08:30:00,12.97,13.029,12.951,12.957,44472.8
2025-10-06 08:45:00,12.957,12.971,12.941,12.965,22734.7
2025-10-06 09:00:00,12.965,13.021,12.951,12.976,45456.2
2025-10-06 09:15:00,12.975,13.006,12.946,12.99,48142.3
2025-10-06 09:30:00,12.99,12.998,12.953,12.975,31791.7
2025-10-06 09:45:00,12.977,13.033,12.972,13.007,33322.9
2025-10-06 10:00:00,13.006,13.025,12.93,12.955,67240.0
2025-10-06 10:15:00,12.956,13.008,12.935,12.986,27402.1
2025-10-06 10:30:00,12.987,12.991,12.934,12.961,38320.8
2025-10-06 10:45:00,12.962,13.014,12.962,13.001,16227.5
2025-10-06 11:00:00,13.001,13.022,12.965,12.984,42125.4
2025-10-06 11:15:00,12.984,13.086,12.98,13.079,50012.5
2025-10-06 11:30:00,13.082,13.098,13.016,13.055,75408.8
2025-10-06 11:45:00,13.056,13.076,12.998,13.008,30286.2
2025-10-06 12:00:00,13.008,13.099,13.007,13.087,41581.3
2025-10-06 12:15:00,13.088,13.151,13.072,13.116,67950.0
2025-10-06 12:30:00,13.117,13.147,13.103,13.123,47612.6
2025-10-06 12:45:00,13.123,13.174,13.121,13.166,57541.9
2025-10-06 13:00:00,13.166,13.213,13.139,13.158,63058.9
2025-10-06 13:15:00,13.158,13.275,13.134,13.229,88799.6
2025-10-06 13:30:00,13.229,13.314,13.192,13.214,75890.7
2025-10-06 13:45:00,13.213,13.323,13.183,13.319,58375.3
2025-10-06 14:00:00,13.321,13.387,13.258,13.277,131689.3
2025-10-06 14:15:00,13.277,13.312,13.229,13.283,72168.7
2025-10-06 14:30:00,13.284,13.308,13.161,13.183,151825.1
2025-10-06 14:45:00,13.183,13.211,13.108,13.127,64431.9
2025-10-06 15:00:00,13.128,13.259,13.116,13.25,80215.2
2025-10-06 15:15:00,13.25,13.316,13.228,13.31,47638.1
2025-10-06 15:30:00,13.311,13.317,13.22,13.239,82501.6
2025-10-06 15:45:00,13.24,13.275,13.205,13.219,51333.4
2025-10-06 16:00:00,13.218,13.27,13.18,13.209,65489.4
2025-10-06 16:15:00,13.208,13.245,13.165,13.189,32717.1
2025-10-06 16:30:00,13.188,13.214,13.161,13.185,42632.4
2025-10-06 16:45:00,13.185,13.255,13.155,13.242,62171.7
2025-10-06 17:00:00,13.241,13.245,13.194,13.231,35877.0
2025-10-06 17:15:00,13.231,13.293,13.195,13.269,69387.4
2025-10-06 17:30:00,13.27,13.291,13.195,13.254,56752.7
2025-10-06 17:45:00,13.254,13.283,13.214,13.22,37787.3
2025-10-06 18:00:00,13.221,13.249,13.219,13.238,24089.0
2025-10-06 18:15:00,13.239,13.265,13.22,13.229,31198.6
2025-10-06 18:30:00,13.229,13.241,13.176,13.211,40494.5
2025-10-06 18:45:00,13.21,13.273,13.208,13.24,55161.7
2025-10-06 19:00:00,13.24,13.247,13.201,13.23,41575.4
2025-10-06 19:15:00,13.231,13.257,13.213,13.224,21878.7
2025-10-06 19:30:00,13.223,13.252,13.19,13.201,16520.0
2025-10-06 19:45:00,13.201,13.241,13.197,13.227,23321.8
2025-10-06 20:00:00,13.227,13.293,13.206,13.224,48421.6
2025-10-06 20:15:00,13.223,13.229,13.173,13.206,47128.3
2025-10-06 20:30:00,13.206,13.235,13.185,13.191,23080.4
2025-10-06 20:45:00,13.192,13.219,13.178,13.209,26120.9
2025-10-06 21:00:00,13.21,13.224,13.192,13.192,17763.5
2025-10-06 21:15:00,13.192,13.193,13.105,13.191,53313.3
2025-10-06 21:30:00,13.19,13.208,13.144,13.199,26114.8
2025-10-06 21:45:00,13.199,13.208,13.153,13.191,19983.8
2025-10-06 22:00:00,13.191,13.224,13.177,13.198,32997.0
2025-10-06 22:15:00,13.198,13.209,13.162,13.194,29724.4
2025-10-06 22:30:00,13.193,13.193,13.128,13.142,40303.1
2025-10-06 22:45:00,13.142,13.181,13.129,13.16,19974.4
2025-10-06 23:00:00,13.16,13.168,13.107,13.11,26700.7
2025-10-06 23:15:00,13.11,13.121,13.061,13.095,50069.8
2025-10-06 23:30:00,13.094,13.101,13.062,13.063,33239.5
2025-10-06 23:45:00,13.063,13.066,13.035,13.054,46664.0
2025-10-07 00:00:00,13.054,13.099,13.047,13.086,47608.0
2025-10-07 00:15:00,13.085,13.105,13.037,13.047,31945.6
2025-10-07 00:30:00,13.047,13.133,13.035,13.119,47050.8
2025-10-07 00:45:00,13.119,13.124,13.05,13.121,52168.1
2025-10-07 01:00:00,13.12,13.163,13.097,13.127,27304.3
2025-10-07 01:15:00,13.126,13.126,13.063,13.106,30119.2
2025-10-07 01:30:00,13.106,13.13,13.067,13.124,21750.6
2025-10-07 01:45:00,13.124,13.125,13.067,13.098,17897.7
2025-10-07 02:00:00,13.097,13.124,13.066,13.069,19003.4
2025-10-07 02:15:00,13.068,13.095,13.041,13.087,32991.8
2025-10-07 02:30:00,13.087,13.1,12.99,13.026,92007.0
2025-10-07 02:45:00,13.026,13.076,13.026,13.062,25804.7
2025-10-07 03:00:00,13.061,13.119,13.051,13.101,48077.1
2025-10-07 03:15:00,13.1,13.11,13.07,13.077,22254.1
2025-10-07 03:30:00,13.073,13.089,13.053,13.064,15008.8
2025-10-07 03:45:00,13.065,13.088,13.057,13.075,17596.7
2025-10-07 04:00:00,13.073,13.078,12.981,12.991,39202.9
2025-10-07 04:15:00,12.991,13.042,12.968,13.042,24424.9
2025-10-07 04:30:00,13.041,13.135,13.041,13.104,33843.9
2025-10-07 04:45:00,13.104,13.16,13.058,13.072,126221.1
2025-10-07 05:00:00,13.071,13.076,13.012,13.04,46432.4
2025-10-07 05:15:00,13.039,13.058,13.013,13.036,36629.1
2025-10-07 05:30:00,13.037,13.114,13.023,13.105,39313.6
2025-10-07 05:45:00,13.104,13.113,13.031,13.043,31146.5
2025-10-07 06:00:00,13.044,13.047,12.99,13.006,42916.1
2025-10-07 06:15:00,13.005,13.005,12.925,12.926,54979.7
2025-10-07 06:30:00,12.926,12.957,12.851,12.876,84490.1
2025-10-07 06:45:00,12.875,12.897,12.861,12.869,43377.5
2025-10-07 07:00:00,12.87,12.918,12.859,12.893,33151.4
2025-10-07 07:15:00,12.892,12.933,12.855,12.925,36433.5
2025-10-07 07:30:00,12.926,12.926,12.822,12.874,59784.1
2025-10-07 07:45:00,12.873,12.887,12.852,12.862,22385.9
2025-10-07 08:00:00,12.862,12.868,12.778,12.795,110568.7
2025-10-07 08:15:00,12.794,12.81,12.748,12.767,43935.2
2025-10-07 08:30:00,12.766,12.833,12.724,12.83,48273.6
2025-10-07 08:45:00,12.831,12.849,12.782,12.806,35764.4
2025-10-07 09:00:00,12.805,12.856,12.793,12.847,31909.9
2025-10-07 09:15:00,12.847,12.85,12.766,12.788,66852.3
2025-10-07 09:30:00,12.788,12.823,12.782,12.783,29996.8
2025-10-07 09:45:00,12.782,12.818,12.772,12.807,30266.0
2025-10-07 10:00:00,12.807,12.885,12.788,12.885,30494.8
2025-10-07 10:15:00,12.884,12.888,12.837,12.849,42299.2
2025-10-07 10:30:00,12.849,12.897,12.826,12.852,43180.4
2025-10-07 10:45:00,12.853,12.887,12.846,12.884,22481.3
2025-10-07 11:00:00,12.885,12.917,12.851,12.851,38360.3
2025-10-07 11:15:00,12.851,12.92,12.849,12.895,25111.0
2025-10-07 11:30:00,12.895,12.945,12.89,12.891,40967.0
2025-10-07 11:45:00,12.892,12.931,12.889,12.893,29470.4
2025-10-07 12:00:00,12.893,12.921,12.85,12.885,39107.5
2025-10-07 12:15:00,12.886,12.893,12.846,12.865,26329.8
2025-10-07 12:30:00,12.865,12.884,12.831,12.877,29528.7
2025-10-07 12:45:00,12.877,13.027,12.875,13.027,78100.0
2025-10-07 13:00:00,13.028,13.137,12.957,12.986,269427.8
2025-10-07 13:15:00,12.986,13.206,12.962,13.201,325679.6
2025-10-07 13:30:00,13.202,13.204,12.804,12.912,348364.8
2025-10-07 13:45:00,12.912,12.971,12.819,12.939,152959.6
2025-10-07 14:00:00,12.939,12.962,12.68,12.755,256041.0
2025-10-07 14:15:00,12.753,12.836,12.686,12.718,134300.3
2025-10-07 14:30:00,12.716,12.792,12.67,12.751,168023.4
2025-10-07 14:45:00,12.752,12.778,12.651,12.658,122823.2
2025-10-07 15:00:00,12.659,12.713,12.453,12.603,421777.2
2025-10-07 15:15:00,12.603,12.695,12.581,12.6,106511.4
2025-10-07 15:30:00,12.599,12.599,12.454,12.517,160530.2
2025-10-07 15:45:00,12.516,12.519,12.424,12.479,118275.9
2025-10-07 16:00:00,12.478,12.518,12.387,12.408,121974.8
2025-10-07 16:15:00,12.407,12.519,12.398,12.462,165432.9
2025-10-07 16:30:00,12.462,12.597,12.457,12.579,61833.1
2025-10-07 16:45:00,12.577,12.703,12.515,12.615,182835.8
2025-10-07 17:00:00,12.615,12.633,12.555,12.577,48737.1
2025-10-07 17:15:00,12.578,12.593,12.538,12.558,46075.4
2025-10-07 17:30:00,12.558,12.574,12.498,12.509,61410.3
2025-10-07 17:45:00,12.509,12.549,12.44,12.449,43906.1
2025-10-07 18:00:00,12.449,12.483,12.432,12.462,67596.3
2025-10-07 18:15:00,12.462,12.478,12.404,12.423,53967.9
2025-10-07 18:30:00,12.423,12.451,12.404,12.449,34082.2
2025-10-07 18:45:00,12.449,12.456,12.396,12.4,30352.3
2025-10-07 19:00:00,12.399,12.496,12.382,12.428,63652.0
2025-10-07 19:15:00,12.428,12.488,12.399,12.405,28376.6
2025-10-07 19:30:00,12.405,12.473,12.393,12.408,39298.8
2025-10-07 19:45:00,12.408,12.508,12.398,12.445,38646.4
2025-10-07 20:00:00,12.446,12.626,12.444,12.569,102426.6
2025-10-07 20:15:00,12.569,12.638,12.525,12.636,67853.3
2025-10-07 20:30:00,12.637,12.669,12.591,12.591,41051.5
2025-10-07 20:45:00,12.591,12.63,12.562,12.568,37471.5
2025-10-07 21:00:00,12.567,12.569,12.528,12.53,47955.5
2025-10-07 21:15:00,12.53,12.595,12.523,12.555,25709.6
2025-10-07 21:30:00,12.556,12.559,12.496,12.512,31054.1
2025-10-07 21:45:00,12.513,12.514,12.442,12.474,29604.9
2025-10-07 22:00:00,12.475,12.503,12.443,12.488,23982.7
2025-10-07 22:15:00,12.487,12.536,12.481,12.51,34008.4
2025-10-07 22:30:00,12.511,12.528,12.452,12.485,16256.6
2025-10-07 22:45:00,12.485,12.496,12.466,12.476,9541.0
2025-10-07 23:00:00,12.477,12.489,12.44,12.443,24263.6
2025-10-07 23:15:00,12.443,12.469,12.424,12.453,30205.2
2025-10-07 23:30:00,12.453,12.453,12.354,12.391,46359.5
2025-10-07 23:45:00,12.391,12.419,12.35,12.403,60337.8
2025-10-08 00:00:00,12.403,12.458,12.399,12.424,36328.3
2025-10-08 00:15:00,12.424,12.488,12.424,12.439,27470.0
2025-10-08 00:30:00,12.44,12.518,12.36,12.477,40745.2
2025-10-08 00:45:00,12.478,12.507,12.459,12.466,26412.1
2025-10-08 01:00:00,12.465,12.504,12.432,12.469,36042.2
2025-10-08 01:15:00,12.468,12.555,12.45,12.509,17787.9
2025-10-08 01:30:00,12.508,12.553,12.497,12.501,16692.9
2025-10-08 01:45:00,12.501,12.547,12.501,12.537,12995.0
2025-10-08 02:00:00,12.537,12.538,12.471,12.493,19592.4
2025-10-08 02:15:00,12.495,12.562,12.492,12.546,20832.1
2025-10-08 02:30:00,12.545,12.546,12.48,12.485,21043.9
2025-10-08 02:45:00,12.484,12.527,12.469,12.474,23081.1
2025-10-08 03:00:00,12.474,12.487,12.353,12.386,65828.9
2025-10-08 03:15:00,12.387,12.405,12.239,12.273,175993.1
2025-10-08 03:30:00,12.274,12.33,12.268,12.312,70498.8
2025-10-08 03:45:00,12.311,12.335,12.28,12.29,32636.3
2025-10-08 04:00:00,12.289,12.346,12.213,12.338,93109.2
2025-10-08 04:15:00,12.338,12.382,12.297,12.323,29177.4
2025-10-08 04:30:00,12.323,12.378,12.323,12.348,31671.7
2025-10-08 04:45:00,12.348,12.374,12.327,12.349,15851.2
2025-10-08 05:00:00,12.349,12.35,12.276,12.29,25433.1
2025-10-08 05:15:00,12.289,12.306,12.225,12.267,30001.9
2025-10-08 05:30:00,12.267,12.298,12.248,12.249,16502.1
2025-10-08 05:45:00,12.248,12.291,12.223,12.288,27145.9
2025-10-08 06:00:00,12.288,12.312,12.232,12.307,29096.7
2025-10-08 06:15:00,12.307,12.312,12.247,12.26,21261.7
2025-10-08 06:30:00,12.259,12.308,12.257,12.28,22226.2
2025-10-08 06:45:00,12.28,12.34,12.28,12.316,20124.2
2025-10-08 07:00:00,12.317,12.354,12.297,12.316,25825.9
2025-10-08 07:15:00,12.314,12.327,12.274,12.317,33362.5
2025-10-08 07:30:00,12.318,12.331,12.28,12.323,27461.9
2025-10-08 07:45:00,12.322,12.422,12.313,12.421,42419.8
2025-10-08 08:00:00,12.422,12.434,12.386,12.407,35261.6
2025-10-08 08:15:00,12.405,12.454,12.395,12.425,27650.7
2025-10-08 08:30:00,12.424,12.496,12.405,12.491,64059.8
2025-10-08 08:45:00,12.492,12.506,12.423,12.462,47251.2
2025-10-08 09:00:00,12.462,12.469,12.421,12.435,26570.3
2025-10-08 09:15:00,12.434,12.434,12.376,12.4,34762.8
2025-10-08 09:30:00,12.401,12.432,12.383,12.409,34994.1
2025-10-08 09:45:00,12.408,12.45,12.386,12.449,26876.9
2025-10-08 10:00:00,12.449,12.52,12.447,12.479,46288.8
2025-10-08 10:15:00,12.479,12.51,12.452,12.474,34618.4
2025-10-08 10:30:00,12.474,12.548,12.467,12.542,27478.7
2025-10-08 10:45:00,12.542,12.561,12.527,12.549,29388.5
2025-10-08 11:00:00,12.55,12.557,12.502,12.525,30864.1
2025-10-08 11:15:00,12.526,12.53,12.476,12.481,21497.4
2025-10-08 11:30:00,12.482,12.482,12.414,12.418,26700.0
2025-10-08 11:45:00,12.418,12.45,12.412,12.426,20851.3
2025-10-08 12:00:00,12.428,12.461,12.392,12.437,36638.5
2025-10-08 12:15:00,12.438,12.443,12.384,12.416,29719.2
2025-10-08 12:30:00,12.415,12.448,12.385,12.435,26613.4
2025-10-08 12:45:00,12.434,12.445,12.396,12.437,17873.1
2025-10-08 13:00:00,12.437,12.484,12.425,12.478,39387.0
2025-10-08 13:15:00,12.478,12.495,12.423,12.427,28562.4
2025-10-08 13:30:00,12.426,12.482,12.377,12.419,49114.0
2025-10-08 13:45:00,12.418,12.513,12.351,12.506,55288.0
2025-10-08 14:00:00,12.505,12.661,12.504,12.589,115085.8
2025-10-08 14:15:00,12.589,12.663,12.538,12.54,44130.2
2025-10-08 14:30:00,12.539,12.581,12.461,12.47,66167.1
2025-10-08 14:45:00,12.469,12.49,12.396,12.431,43473.3
2025-10-08 15:00:00,12.431,12.542,12.422,12.501,34279.8
2025-10-08 15:15:00,12.502,12.558,12.467,12.53,30791.0
2025-10-08 15:30:00,12.532,12.547,12.494,12.511,20998.6
2025-10-08 15:45:00,12.51,12.51,12.444,12.466,63194.9
2025-10-08 16:00:00,12.467,12.55,12.432,12.55,34444.6
2025-10-08 16:15:00,12.55,12.594,12.542,12.577,46512.7
2025-10-08 16:30:00,12.578,12.603,12.553,12.592,30381.9
2025-10-08 16:45:00,12.593,12.687,12.576,12.686,56155.5
2025-10-08 17:00:00,12.685,12.736,12.664,12.724,120413.0
2025-10-08 17:15:00,12.724,12.833,12.719,12.807,143623.5
2025-10-08 17:30:00,12.808,12.858,12.759,12.773,75663.1
2025-10-08 17:45:00,12.774,12.859,12.745,12.809,59149.4
2025-10-08 18:00:00,12.808,12.833,12.751,12.792,42856.1
2025-10-08 18:15:00,12.792,12.797,12.735,12.738,45670.3
2025-10-08 18:30:00,12.738,12.776,12.702,12.715,35184.8
2025-10-08 18:45:00,12.715,12.795,12.71,12.757,42512.0
2025-10-08 19:00:00,12.756,12.771,12.701,12.717,43578.3
2025-10-08 19:15:00,12.717,12.752,12.685,12.736,28796.1
2025-10-08 19:30:00,12.737,12.778,12.726,12.729,35539.9
2025-10-08 19:45:00,12.728,12.757,12.709,12.739,22342.5
2025-10-08 20:00:00,12.74,12.757,12.706,12.746,22488.6
2025-10-08 20:15:00,12.747,12.783,12.744,12.762,22883.9
2025-10-08 20:30:00,12.763,12.764,12.718,12.721,18885.9
2025-10-08 20:45:00,12.721,12.723,12.66,12.672,25952.7
2025-10-08 21:00:00,12.67,12.705,12.664,12.681,27891.1
2025-10-08 21:15:00,12.682,12.739,12.682,12.731,19369.5
2025-10-08 21:30:00,12.731,12.749,12.714,12.72,14167.7
2025-10-08 21:45:00,12.719,12.719,12.661,12.694,17915.0
2025-10-08 22:00:00,12.694,12.744,12.689,12.72,20751.9
2025-10-08 22:15:00,12.719,12.746,12.71,12.713,15514.6
2025-10-08 22:30:00,12.713,12.722,12.703,12.707,6000.9
2025-10-08 22:45:00,12.707,12.708,12.658,12.663,31473.4
2025-10-08 23:00:00,12.663,12.667,12.624,12.649,24973.9
2025-10-08 23:15:00,12.648,12.683,12.64,12.683,14758.7
2025-10-08 23:30:00,12.683,12.703,12.648,12.659,28865.8
2025-10-08 23:45:00,12.658,12.668,12.643,12.658,14657.4
2025-10-09 00:00:00,12.658,12.675,12.62,12.628,32351.8
2025-10-09 00:15:00,12.628,12.703,12.618,12.62,18763.3
2025-10-09 00:30:00,12.62,12.643,12.603,12.622,14071.5
2025-10-09 00:45:00,12.621,12.644,12.592,12.6,19749.1
2025-10-09 01:00:00,12.599,12.607,12.551,12.566,42775.7
2025-10-09 01:15:00,12.565,12.596,12.533,12.546,47839.9
2025-10-09 01:30:00,12.546,12.548,12.496,12.507,44167.3
2025-10-09 01:45:00,12.507,12.556,12.502,12.55,22116.1
2025-10-09 02:00:00,12.549,12.553,12.469,12.52,35282.4
2025-10-09 02:15:00,12.52,12.526,12.439,12.45,39765.3
2025-10-09 02:30:00,12.45,12.473,12.324,12.335,70208.6
2025-10-09 02:45:00,12.334,12.369,12.265,12.295,78721.8
2025-10-09 03:00:00,12.294,12.408,12.29,12.39,49847.7
2025-10-09 03:15:00,12.388,12.443,12.382,12.413,20637.1
2025-10-09 03:30:00,12.412,12.442,12.396,12.402,18790.3
2025-10-09 03:45:00,12.4,12.444,12.399,12.42,14413.4
2025-10-09 04:00:00,12.419,12.427,12.364,12.365,24558.7
2025-10-09 04:15:00,12.365,12.443,12.364,12.44,24894.9
2025-10-09 04:30:00,12.44,12.44,12.374,12.384,23307.3
2025-10-09 04:45:00,12.383,12.448,12.383,12.44,16509.5
2025-10-09 05:00:00,12.44,12.456,12.414,12.415,30184.4
2025-10-09 05:15:00,12.414,12.421,12.352,12.4,24561.0
2025-10-09 05:30:00,12.4,12.44,12.373,12.385,19549.0
2025-10-09 05:45:00,12.384,12.387,12.354,12.374,18222.3
2025-10-09 06:00:00,12.374,12.393,12.304,12.321,42050.7
2025-10-09 06:15:00,12.321,12.357,12.29,12.343,27595.3
2025-10-09 06:30:00,12.343,12.379,12.331,12.339,14265.7
2025-10-09 06:45:00,12.338,12.364,12.275,12.293,26587.0
2025-10-09 07:00:00,12.292,12.318,12.274,12.315,23786.3
2025-10-09 07:15:00,12.314,12.332,12.259,12.288,23252.8
2025-10-09 07:30:00,12.287,12.287,12.231,12.245,24062.6
2025-10-09 07:45:00,12.244,12.323,12.243,12.258,25742.5
2025-10-09 08:00:00,12.258,12.268,12.167,12.176,80929.8
2025-10-09 08:15:00,12.175,12.2,12.081,12.094,148715.6
2025-10-09 08:30:00,12.095,12.16,12.084,12.106,61337.0
2025-10-09 08:45:00,12.106,12.134,12.034,12.054,73582.0
2025-10-09 09:00:00,12.054,12.159,12.051,12.14,91782.5
2025-10-09 09:15:00,12.14,12.156,12.085,12.135,52988.9
2025-10-09 09:30:00,12.135,12.157,12.107,12.114,35991.7
2025-10-09 09:45:00,12.114,12.151,12.106,12.131,22850.1
2025-10-09 10:00:00,12.132,12.157,12.119,12.145,27556.4
2025-10-09 10:15:00,12.145,12.152,12.082,12.094,14728.1
2025-10-09 10:30:00,12.095,12.197,12.093,12.18,42121.7
2025-10-09 10:45:00,12.181,12.203,12.147,12.177,29309.1
2025-10-09 11:00:00,12.177,12.219,12.173,12.202,46361.0
2025-10-09 11:15:00,12.201,12.252,12.197,12.237,32003.1
2025-10-09 11:30:00,12.237,12.241,12.17,12.189,71292.1
2025-10-09 11:45:00,12.189,12.21,12.161,12.166,45356.6
2025-10-09 12:00:00,12.166,12.198,12.143,12.17,100918.0
2025-10-09 12:15:00,12.17,12.192,12.143,12.145,45489.7
2025-10-09 12:30:00,12.145,12.285,12.121,12.26,85994.6
2025-10-09 12:45:00,12.26,12.271,12.193,12.23,94056.1
2025-10-09 13:00:00,12.23,12.27,12.199,12.206,52935.6
2025-10-09 13:15:00,12.206,12.274,12.2,12.245,34582.2
2025-10-09 13:30:00,12.245,12.245,12.116,12.147,69579.4
2025-10-09 13:45:00,12.147,12.207,12.087,12.099,93695.2
2025-10-09 14:00:00,12.098,12.173,12.062,12.159,84929.2
2025-10-09 14:15:00,12.159,12.17,12.048,12.057,47075.8
2025-10-09 14:30:00,12.057,12.057,11.95,11.983,141250.5
2025-10-09 14:45:00,11.984,12.109,11.974,12.08,74141.4
2025-10-09 15:00:00,12.08,12.15,12.08,12.099,75964.9
2025-10-09 15:15:00,12.099,12.132,12.014,12.027,62449.3
2025-10-09 15:30:00,12.027,12.064,11.915,11.933,203306.2
2025-10-09 15:45:00,11.933,11.98,11.915,11.947,166895.6
2025-10-09 16:00:00,11.948,11.992,11.907,11.921,93431.4
2025-10-09 16:15:00,11.92,11.97,11.87,11.945,77753.9
2025-10-09 16:30:00,11.944,11.948,11.892,11.932,44070.9
2025-10-09 16:45:00,11.932,11.934,11.793,11.835,104405.8
2025-10-09 17:00:00,11.834,11.971,11.82,11.944,95852.4
2025-10-09 17:15:00,11.944,12.019,11.926,11.949,65219.8
2025-10-09 17:30:00,11.948,12.029,11.942,11.995,61692.0
2025-10-09 17:45:00,11.994,12.078,11.988,12.068,86675.7
2025-10-09 18:00:00,12.069,12.086,12.014,12.062,39567.5
2025-10-09 18:15:00,12.063,12.109,12.041,12.068,47055.0
2025-10-09 18:30:00,12.068,12.084,12.033,12.061,19462.5
2025-10-09 18:45:00,12.061,12.07,12.029,12.032,26594.4
2025-10-09 19:00:00,12.033,12.091,12.03,12.061,62647.4
2025-10-09 19:15:00,12.061,12.086,12.034,12.081,97166.5
2025-10-09 19:30:00,12.082,12.085,12.001,12.013,64985.7
2025-10-09 19:45:00,12.013,12.061,12.006,12.048,27629.7
2025-10-09 20:00:00,12.047,12.1,12.02,12.02,21862.3
2025-10-09 20:15:00,12.02,12.052,12.013,12.031,16413.0
2025-10-09 20:30:00,12.031,12.049,12.021,12.043,10808.1
2025-10-09 20:45:00,12.042,12.057,12.024,12.043,25469.6
2025-10-09 21:00:00,12.044,12.089,12.024,12.089,30397.9
2025-10-09 21:15:00,12.09,12.095,12.047,12.047,20480.3
2025-10-09 21:30:00,12.046,12.093,12.029,12.084,19076.0
2025-10-09 21:45:00,12.084,12.106,12.073,12.101,10807.5
2025-10-09 22:00:00,12.102,12.131,12.086,12.13,27582.5
2025-10-09 22:15:00,12.13,12.144,12.111,12.135,36028.5
2025-10-09 22:30:00,12.135,12.184,12.123,12.181,16956.1
2025-10-09 22:45:00,12.181,12.214,12.17,12.18,28444.4
2025-10-09 23:00:00,12.181,12.184,12.092,12.097,28358.2
2025-10-09 23:15:00,12.098,12.116,12.076,12.106,20551.0
2025-10-09 23:30:00,12.106,12.116,12.093,12.098,19831.0
2025-10-09 23:45:00,12.098,12.113,12.093,12.103,11844.1
2025-10-10 00:00:00,12.103,12.129,12.09,12.109,27011.4
2025-10-10 00:15:00,12.109,12.154,12.106,12.152,14967.6
2025-10-10 00:30:00,12.151,12.176,12.133,12.152,21315.1
2025-10-10 00:45:00,12.152,12.154,12.12,12.144,28485.4
2025-10-10 01:00:00,12.144,12.196,12.138,12.196,16533.2
2025-10-10 01:15:00,12.196,12.198,12.162,12.191,22233.4
2025-10-10 01:30:00,12.191,12.195,12.118,12.133,27770.5
2025-10-10 01:45:00,12.134,12.166,12.123,12.157,15337.3
2025-10-10 02:00:00,12.158,12.162,12.097,12.139,33076.2
2025-10-10 02:15:00,12.14,12.188,12.139,12.159,11573.6
2025-10-10 02:30:00,12.16,12.163,12.115,12.13,10213.2
2025-10-10 02:45:00,12.13,12.131,12.088,12.096,27344.7
2025-10-10 03:00:00,12.096,12.104,12.037,12.074,31738.8
2025-10-10 03:15:00,12.074,12.252,12.061,12.247,55340.3
2025-10-10 03:30:00,12.247,12.305,12.247,12.289,60846.1
2025-10-10 03:45:00,12.29,12.318,12.217,12.219,55220.9
2025-10-10 04:00:00,12.219,12.261,12.216,12.242,29525.1
2025-10-10 04:15:00,12.243,12.247,12.198,12.209,23544.0
2025-10-10 04:30:00,12.209,12.227,12.153,12.192,52811.3
2025-10-10 04:45:00,12.193,12.199,12.172,12.191,20799.0
2025-10-10 05:00:00,12.19,12.196,12.118,12.14,30415.3
2025-10-10 05:15:00,12.141,12.231,12.133,12.204,22147.0
2025-10-10 05:30:00,12.205,12.239,12.164,12.236,17534.7
2025-10-10 05:45:00,12.237,12.303,12.233,12.293,58231.8
2025-10-10 06:00:00,12.294,12.347,12.265,12.267,39996.3
2025-10-10 06:15:00,12.266,12.285,12.208,12.214,24546.0
2025-10-10 06:30:00,12.214,12.248,12.183,12.195,32382.1
2025-10-10 06:45:00,12.195,12.223,12.147,12.17,27974.3
2025-10-10 07:00:00,12.17,12.178,12.124,12.162,19247.8
2025-10-10 07:15:00,12.163,12.164,12.107,12.149,27043.3
2025-10-10 07:30:00,12.149,12.152,12.103,12.144,15401.5
2025-10-10 07:45:00,12.144,12.145,12.071,12.085,33794.4
2025-10-10 08:00:00,12.084,12.14,12.083,12.12,38372.1
2025-10-10 08:15:00,12.121,12.182,12.12,12.157,38384.7
2025-10-10 08:30:00,12.157,12.168,12.086,12.106,22437.6
2025-10-10 08:45:00,12.106,12.199,12.106,12.191,28286.7
2025-10-10 09:00:00,12.191,12.202,12.142,12.171,37356.9
2025-10-10 09:15:00,12.17,12.262,12.144,12.256,26262.9
2025-10-10 09:30:00,12.255,12.275,12.214,12.223,31408.8
2025-10-10 09:45:00,12.223,12.24,12.164,12.17,34102.3
2025-10-10 10:00:00,12.169,12.203,12.156,12.198,17272.3
2025-10-10 10:15:00,12.198,12.232,12.192,12.205,21187.1
2025-10-10 10:30:00,12.204,12.225,12.18,12.216,19128.2
2025-10-10 10:45:00,12.216,12.256,12.207,12.241,22237.5
2025-10-10 11:00:00,12.241,12.269,12.219,12.219,25797.0
2025-10-10 11:15:00,12.219,12.23,12.187,12.21,19448.1
2025-10-10 11:30:00,12.209,12.248,12.205,12.215,20284.1
2025-10-10 11:45:00,12.214,12.269,12.206,12.253,31312.8
2025-10-10 12:00:00,12.254,12.305,12.244,12.256,31504.8
2025-10-10 12:15:00,12.256,12.295,12.236,12.259,23111.4
2025-10-10 12:30:00,12.259,12.28,12.234,12.258,28722.5
2025-10-10 12:45:00,12.259,12.329,12.251,12.327,34707.9
2025-10-10 13:00:00,12.328,12.392,12.328,12.346,90849.9
2025-10-10 13:15:00,12.347,12.434,12.334,12.402,53078.3
2025-10-10 13:30:00,12.403,12.448,12.371,12.385,73146.8
2025-10-10 13:45:00,12.386,12.397,12.274,12.334,76572.5
2025-10-10 14:00:00,12.335,12.37,12.295,12.305,54354.6
2025-10-10 14:15:00,12.305,12.318,12.213,12.219,65157.2
2025-10-10 14:30:00,12.219,12.258,12.191,12.22,52114.6
2025-10-10 14:45:00,12.22,12.254,12.016,12.062,207105.1
2025-10-10 15:00:00,12.062,12.08,11.911,12.036,378629.4
2025-10-10 15:15:00,12.035,12.066,11.743,11.772,334788.0
2025-10-10 15:30:00,11.771,11.79,11.523,11.788,659765.6
2025-10-10 15:45:00,11.787,11.79,11.608,11.636,151951.0
2025-10-10 16:00:00,11.633,11.716,11.576,11.648,101290.2
2025-10-10 16:15:00,11.649,11.711,11.585,11.662,87190.1
2025-10-10 16:30:00,11.66,11.745,11.635,11.642,76050.8
2025-10-10 16:45:00,11.642,11.666,11.564,11.576,83007.4
2025-10-10 17:00:00,11.575,11.6,11.509,11.537,134485.1
2025-10-10 17:15:00,11.538,11.594,11.486,11.587,106311.5
2025-10-10 17:30:00,11.588,11.604,11.48,11.489,76517.2
2025-10-10 17:45:00,11.489,11.509,11.41,11.474,105629.7
2025-10-10 18:00:00,11.474,11.498,11.436,11.462,52494.4
2025-10-10 18:15:00,11.461,11.496,11.413,11.458,91822.8
2025-10-10 18:30:00,11.457,11.473,11.383,11.424,88440.0
2025-10-10 18:45:00,11.424,11.456,11.358,11.362,74042.9
2025-10-10 19:00:00,11.361,11.409,11.301,11.334,115611.7
2025-10-10 19:15:00,11.333,11.368,11.136,11.149,261085.3
2025-10-10 19:30:00,11.148,11.316,11.139,11.312,181836.8
2025-10-10 19:45:00,11.313,11.339,11.205,11.219,92854.3
2025-10-10 20:00:00,11.22,11.278,11.18,11.264,135454.2
2025-10-10 20:15:00,11.263,11.333,11.238,11.332,63087.9
2025-10-10 20:30:00,11.332,11.333,11.267,11.298,55144.8
2025-10-10 20:45:00,11.299,11.308,10.181,10.422,1514738.0
2025-10-10 21:00:00,10.421,10.603,9.064,9.498,1773886.6
2025-10-10 21:15:00,9.502,10.017,2.733,6.912,4737505.6
2025-10-10 21:30:00,6.93,7.864,6.594,7.676,1274246.8
2025-10-10 21:45:00,7.679,8.26,7.674,7.743,1804329.8
2025-10-10 22:00:00,7.724,7.888,6.859,7.367,1787501.6
2025-10-10 22:15:00,7.369,8.008,7.363,7.702,1366078.6
2025-10-10 22:30:00,7.704,7.993,7.681,7.947,625569.7
2025-10-10 22:45:00,7.944,8.41,7.932,8.389,660481.4
2025-10-10 23:00:00,8.39,8.468,8.207,8.307,596928.5
2025-10-10 23:15:00,8.306,9.072,8.301,8.98,719890.1
2025-10-10 23:30:00,8.979,9.162,8.906,9.148,553612.8
2025-10-10 23:45:00,9.148,9.154,8.392,8.589,737507.0
2025-10-11 00:00:00,8.588,8.728,8.532,8.548,372054.8
2025-10-11 00:15:00,8.548,8.591,8.318,8.564,393452.1
2025-10-11 00:30:00,8.564,8.595,8.46,8.582,280112.8
2025-10-11 00:45:00,8.583,8.772,8.583,8.713,235272.4
2025-10-11 01:00:00,8.711,8.745,8.592,8.626,222082.5
2025-10-11 01:15:00,8.627,8.64,8.494,8.6,272109.2
2025-10-11 01:30:00,8.602,8.748,8.567,8.573,171412.5
2025-10-11 01:45:00,8.573,8.729,8.498,8.562,155079.5
2025-10-11 02:00:00,8.562,8.854,8.557,8.838,185244.7
2025-10-11 02:15:00,8.839,9.057,8.814,9.025,206428.5
2025-10-11 02:30:00,9.026,9.113,8.981,9.103,146964.5
2025-10-11 02:45:00,9.104,9.138,9.025,9.059,111639.9
2025-10-11 03:00:00,9.059,9.09,8.835,8.875,190570.6
2025-10-11 03:15:00,8.875,8.925,8.818,8.824,119388.3
2025-10-11 03:30:00,8.824,8.923,8.8,8.899,109314.9
2025-10-11 03:45:00,8.9,8.982,8.876,8.93,55297.9
2025-10-11 04:00:00,8.929,8.999,8.88,8.949,135964.0
2025-10-11 04:15:00,8.949,9.119,8.941,9.115,127721.1
2025-10-11 04:30:00,9.117,9.123,8.941,9.09,190295.9
2025-10-11 04:45:00,9.09,9.134,8.963,9.096,115927.3
2025-10-11 05:00:00,9.097,9.176,9.047,9.106,140960.8
2025-10-11 05:15:00,9.103,9.117,8.896,8.901,148199.5
2025-10-11 05:30:00,8.901,9.002,8.881,8.932,115841.3
2025-10-11 05:45:00,8.932,9.041,8.913,8.946,92711.4
2025-10-11 06:00:00,8.946,9.013,8.901,9.005,104146.5
2025-10-11 06:15:00,9.004,9.064,8.964,9.032,156656.2
2025-10-11 06:30:00,9.032,9.079,8.993,9.011,241774.6
2025-10-11 06:45:00,9.011,9.063,8.884,8.93,81381.2
2025-10-11 07:00:00,8.93,9.008,8.876,8.987,132956.7
2025-10-11 07:15:00,8.986,9.097,8.955,9.012,128760.8
2025-10-11 07:30:00,9.011,9.056,8.934,8.961,152225.9
2025-10-11 07:45:00,8.961,8.99,8.918,8.973,96017.5
2025-10-11 08:00:00,8.973,9.009,8.907,8.994,109679.3
2025-10-11 08:15:00,8.994,9.212,8.985,9.145,183649.2
2025-10-11 08:30:00,9.146,9.184,9.06,9.13,136843.8
2025-10-11 08:45:00,9.128,9.247,9.125,9.206,155272.7
2025-10-11 09:00:00,9.204,9.393,9.203,9.297,385042.8
2025-10-11 09:15:00,9.296,9.303,9.198,9.283,132121.9
2025-10-11 09:30:00,9.283,9.286,9.172,9.188,97357.6
2025-10-11 09:45:00,9.187,9.196,9.115,9.145,82623.4
2025-10-11 10:00:00,9.146,9.23,9.13,9.209,84243.3
2025-10-11 10:15:00,9.21,9.247,9.17,9.231,93009.3
2025-10-11 10:30:00,9.231,9.236,9.069,9.086,117965.6
2025-10-11 10:45:00,9.085,9.139,9.068,9.122,61361.4
2025-10-11 11:00:00,9.123,9.14,9.055,9.087,74014.6
2025-10-11 11:15:00,9.087,9.14,9.0,9.13,115095.4
2025-10-11 11:30:00,9.131,9.136,9.067,9.123,73031.4
2025-10-11 11:45:00,9.124,9.149,9.111,9.117,51556.3
2025-10-11 12:00:00,9.116,9.148,9.062,9.131,81531.4
2025-10-11 12:15:00,9.132,9.153,9.061,9.11,78951.6
2025-10-11 12:30:00,9.109,9.109,8.973,9.015,115300.1
2025-10-11 12:45:00,9.016,9.018,8.848,8.935,223520.6
2025-10-11 13:00:00,8.936,8.972,8.865,8.957,105828.4
2025-10-11 13:15:00,8.958,8.963,8.888,8.912,91410.9
2025-10-11 13:30:00,8.913,8.921,8.748,8.89,219049.8
2025-10-11 13:45:00,8.891,9.007,8.876,8.955,111817.3
2025-10-11 14:00:00,8.957,8.977,8.903,8.933,68637.4
2025-10-11 14:15:00,8.934,8.943,8.844,8.882,113168.1
2025-10-11 14:30:00,8.881,8.931,8.875,8.894,73672.1
2025-10-11 14:45:00,8.894,8.946,8.878,8.935,65638.2
2025-10-11 15:00:00,8.935,9.058,8.932,9.036,137288.9
2025-10-11 15:15:00,9.035,9.069,8.99,9.054,95062.8
2025-10-11 15:30:00,9.053,9.058,8.953,8.958,72547.0
2025-10-11 15:45:00,8.959,9.034,8.95,8.982,97412.2
2025-10-11 16:00:00,8.981,9.032,8.945,9.023,86714.2
2025-10-11 16:15:00,9.022,9.033,8.965,8.991,98767.0
2025-10-11 16:30:00,8.991,8.991,8.875,8.903,106554.4
2025-10-11 16:45:00,8.902,8.95,8.878,8.918,52489.0
2025-10-11 17:00:00,8.918,8.982,8.916,8.977,75859.6
2025-10-11 17:15:00,8.976,9.001,8.92,8.96,83103.4
2025-10-11 17:30:00,8.96,8.967,8.88,8.909,78755.4
2025-10-11 17:45:00,8.907,8.91,8.869,8.903,57033.9
2025-10-11 18:00:00,8.902,8.903,8.851,8.855,51878.4
2025-10-11 18:15:00,8.854,8.884,8.849,8.857,49959.9
2025-10-11 18:30:00,8.856,8.881,8.833,8.878,36618.8
2025-10-11 18:45:00,8.877,8.88,8.819,8.824,38035.4
2025-10-11 19:00:00,8.823,8.826,8.696,8.724,135629.5
2025-10-11 19:15:00,8.724,8.734,8.568,8.643,231928.0
2025-10-11 19:30:00,8.643,8.649,8.516,8.565,142531.4
2025-10-11 19:45:00,8.566,8.59,8.433,8.528,158078.9
2025-10-11 20:00:00,8.527,8.553,8.427,8.476,114172.8
2025-10-11 20:15:00,8.477,8.52,8.374,8.444,125460.2
2025-10-11 20:30:00,8.443,8.444,8.331,8.36,169394.5
2025-10-11 20:45:00,8.359,8.467,8.307,8.376,138694.5
2025-10-11 21:00:00,8.377,8.384,8.206,8.282,188705.3
2025-10-11 21:15:00,8.281,8.509,8.266,8.432,215066.0
2025-10-11 21:30:00,8.432,8.474,8.385,8.419,105521.8
2025-10-11 21:45:00,8.419,8.513,8.418,8.491,45103.0
2025-10-11 22:00:00,8.49,8.533,8.465,8.503,150552.1
2025-10-11 22:15:00,8.503,8.519,8.448,8.478,70430.2
2025-10-11 22:30:00,8.48,8.541,8.474,8.483,65808.2
2025-10-11 22:45:00,8.482,8.504,8.457,8.481,58818.2
2025-10-11 23:00:00,8.48,8.514,8.458,8.492,45024.6
2025-10-11 23:15:00,8.492,8.521,8.477,8.515,33445.0
2025-10-11 23:30:00,8.514,8.523,8.475,8.493,41234.1
2025-10-11 23:45:00,8.493,8.497,8.453,8.476,53695.5
2025-10-12 00:00:00,8.476,8.498,8.425,8.446,60219.5
2025-10-12 00:15:00,8.445,8.5,8.384,8.389,81638.9
2025-10-12 00:30:00,8.389,8.515,8.389,8.425,70640.7
2025-10-12 00:45:00,8.426,8.436,8.33,8.343,52317.4
2025-10-12 01:00:00,8.342,8.419,8.332,8.409,40714.5
2025-10-12 01:15:00,8.409,8.454,8.324,8.342,54882.1
2025-10-12 01:30:00,8.34,8.365,8.295,8.35,60599.2
2025-10-12 01:45:00,8.35,8.404,8.299,8.309,52733.6
2025-10-12 02:00:00,8.309,8.316,8.262,8.305,62658.5
2025-10-12 02:15:00,8.305,8.416,8.299,8.396,73328.9
2025-10-12 02:30:00,8.396,8.454,8.306,8.338,63217.4
2025-10-12 02:45:00,8.335,8.365,8.247,8.321,49503.3
2025-10-12 03:00:00,8.322,8.476,8.307,8.417,97279.5
2025-10-12 03:15:00,8.416,8.506,8.379,8.464,93505.0
2025-10-12 03:30:00,8.464,8.552,8.456,8.492,87343.9
2025-10-12 03:45:00,8.491,8.499,8.441,8.461,38736.8
2025-10-12 04:00:00,8.461,8.522,8.427,8.517,108019.7
2025-10-12 04:15:00,8.517,8.576,8.516,8.549,73697.8
2025-10-12 04:30:00,8.549,8.583,8.52,8.537,102918.2
2025-10-12 04:45:00,8.537,8.586,8.507,8.54,42726.5
2025-10-12 05:00:00,8.54,8.559,8.506,8.548,39635.2
2025-10-12 05:15:00,8.548,8.589,8.527,8.585,41408.5
2025-10-12 05:30:00,8.585,8.612,8.563,8.579,48260.4
2025-10-12 05:45:00,8.58,8.616,8.575,8.579,36516.8
2025-10-12 06:00:00,8.58,8.627,8.569,8.598,45875.2
2025-10-12 06:15:00,8.599,8.682,8.599,8.656,56005.1
2025-10-12 06:30:00,8.655,8.657,8.596,8.634,63968.7
2025-10-12 06:45:00,8.635,8.659,8.607,8.634,34121.5
2025-10-12 07:00:00,8.635,8.659,8.605,8.605,42896.7
2025-10-12 07:15:00,8.605,8.644,8.575,8.577,32341.8
2025-10-12 07:30:00,8.576,8.622,8.566,8.622,45921.8
2025-10-12 07:45:00,8.623,8.649,8.601,8.608,37772.9
2025-10-12 08:00:00,8.609,8.664,8.605,8.652,51868.9
2025-10-12 08:15:00,8.652,8.694,8.646,8.666,54648.9
2025-10-12 08:30:00,8.666,8.666,8.574,8.624,78098.3
2025-10-12 08:45:00,8.624,8.641,8.594,8.594,131559.1
2025-10-12 09:00:00,8.595,8.6,8.511,8.546,89508.8
2025-10-12 09:15:00,8.546,8.601,8.545,8.582,40690.7
2025-10-12 09:30:00,8.582,8.606,8.55,8.596,78287.9
2025-10-12 09:45:00,8.595,8.673,8.58,8.67,65634.3
2025-10-12 10:00:00,8.671,8.739,8.638,8.659,95354.4
2025-10-12 10:15:00,8.659,8.679,8.612,8.624,53767.9
2025-10-12 10:30:00,8.625,8.642,8.597,8.607,48788.1
2025-10-12 10:45:00,8.606,8.616,8.576,8.589,26828.5
2025-10-12 11:00:00,8.589,8.667,8.589,8.644,46102.3
2025-10-12 11:15:00,8.644,8.656,8.583,8.622,44586.7
2025-10-12 11:30:00,8.621,8.66,8.604,8.622,49735.2
2025-10-12 11:45:00,8.622,8.64,8.601,8.625,28631.8
2025-10-12 12:00:00,8.625,8.719,8.619,8.7,73546.7
2025-10-12 12:15:00,8.7,8.759,8.67,8.726,65319.8
2025-10-12 12:30:00,8.727,8.765,8.672,8.715,60310.6
2025-10-12 12:45:00,8.716,8.716,8.659,8.68,46113.6
2025-10-12 13:00:00,8.681,8.72,8.658,8.705,39639.7
2025-10-12 13:15:00,8.704,8.722,8.589,8.629,67221.9
2025-10-12 13:30:00,8.63,8.635,8.535,8.593,102452.8
2025-10-12 13:45:00,8.594,8.597,8.501,8.53,100970.7
2025-10-12 14:00:00,8.531,8.591,8.522,8.571,80444.1
2025-10-12 14:15:00,8.57,8.604,8.558,8.594,64152.5
2025-10-12 14:30:00,8.595,8.636,8.546,8.597,70375.8
2025-10-12 14:45:00,8.598,9.05,8.596,8.886,742661.0
2025-10-12 15:00:00,8.886,9.146,8.861,9.111,406738.7
2025-10-12 15:15:00,9.113,9.242,9.06,9.176,321218.6
2025-10-12 15:30:00,9.175,9.18,8.975,9.076,319694.1
2025-10-12 15:45:00,9.077,9.271,9.077,9.209,167292.5
2025-10-12 16:00:00,9.209,9.469,9.209,9.457,439367.1
2025-10-12 16:15:00,9.457,9.605,9.402,9.594,298458.5
2025-10-12 16:30:00,9.595,9.723,9.456,9.715,314492.5
2025-10-12 16:45:00,9.719,9.818,9.591,9.708,397874.7
2025-10-12 17:00:00,9.708,9.799,9.651,9.74,288083.7
2025-10-12 17:15:00,9.74,9.783,9.669,9.722,212591.4
2025-10-12 17:30:00,9.722,9.76,9.664,9.715,154128.4
2025-10-12 17:45:00,9.715,9.751,9.554,9.608,313541.1
2025-10-12 18:00:00,9.608,9.695,9.596,9.639,115737.7
2025-10-12 18:15:00,9.638,9.676,9.578,9.606,63214.7
2025-10-12 18:30:00,9.605,9.626,9.49,9.498,124718.2
2025-10-12 18:45:00,9.498,9.575,9.472,9.565,64182.9
2025-10-12 19:00:00,9.566,9.637,9.545,9.63,61126.9
2025-10-12 19:15:00,9.63,9.677,9.612,9.658,62587.2
2025-10-12 19:30:00,9.657,9.673,9.618,9.634,37419.0
2025-10-12 19:45:00,9.634,9.694,9.63,9.672,38083.8
2025-10-12 20:00:00,9.672,9.722,9.623,9.636,78918.8
2025-10-12 20:15:00,9.637,9.679,9.617,9.678,42317.2
2025-10-12 20:30:00,9.677,9.718,9.638,9.699,95708.1
2025-10-12 20:45:00,9.699,9.786,9.641,9.671,124935.2
2025-10-12 21:00:00,9.671,9.764,9.621,9.715,112979.1
2025-10-12 21:15:00,9.716,9.723,9.547,9.601,114903.5
2025-10-12 21:30:00,9.601,9.613,9.45,9.558,109067.2
2025-10-12 21:45:00,9.558,9.63,9.558,9.607,24971.6
2025-10-12 22:00:00,9.608,9.696,9.534,9.585,268321.1
2025-10-12 22:15:00,9.586,9.63,9.496,9.532,670431.8
2025-10-12 22:30:00,9.533,9.591,9.488,9.535,153498.9
2025-10-12 22:45:00,9.534,9.591,9.501,9.569,66648.3
2025-10-12 23:00:00,9.569,9.575,9.481,9.515,78191.2
2025-10-12 23:15:00,9.515,9.535,9.434,9.511,366615.0
2025-10-12 23:30:00,9.509,9.567,9.491,9.511,101081.2
2025-10-12 23:45:00,9.511,9.574,9.498,9.55,66173.0
2025-10-13 00:00:00,9.548,9.556,9.451,9.505,543465.1
2025-10-13 00:15:00,9.503,9.632,9.469,9.483,136505.7
2025-10-13 00:30:00,9.483,9.485,9.36,9.396,205226.4
2025-10-13 00:45:00,9.396,9.472,9.376,9.427,115443.9
2025-10-13 01:00:00,9.426,9.444,9.34,9.358,328561.3
2025-10-13 01:15:00,9.359,9.474,9.35,9.417,377800.1
2025-10-13 01:30:00,9.418,9.513,9.413,9.485,80578.7
2025-10-13 01:45:00,9.485,9.551,9.463,9.539,56958.6
2025-10-13 02:00:00,9.54,9.587,9.447,9.456,447479.0
2025-10-13 02:15:00,9.456,9.483,9.402,9.42,101616.1
2025-10-13 02:30:00,9.419,9.47,9.395,9.451,57010.1
2025-10-13 02:45:00,9.452,9.525,9.451,9.515,75247.1
2025-10-13 03:00:00,9.515,9.559,9.501,9.505,76816.8
2025-10-13 03:15:00,9.504,9.525,9.474,9.481,44269.0
2025-10-13 03:30:00,9.481,9.5,9.418,9.436,73299.9
2025-10-13 03:45:00,9.437,9.441,9.399,9.434,38442.8
2025-10-13 04:00:00,9.435,9.48,9.419,9.437,48336.3
2025-10-13 04:15:00,9.438,9.467,9.395,9.41,46952.9
2025-10-13 04:30:00,9.408,9.47,9.392,9.409,165908.9
2025-10-13 04:45:00,9.408,9.49,9.391,9.477,89561.1
2025-10-13 05:00:00,9.477,9.493,9.414,9.432,48923.3
2025-10-13 05:15:00,9.433,9.46,9.385,9.434,52658.6
2025-10-13 05:30:00,9.433,9.454,9.403,9.407,35424.4
2025-10-13 05:45:00,9.407,9.441,9.404,9.421,45442.6
2025-10-13 06:00:00,9.421,9.473,9.345,9.446,105968.9
2025-10-13 06:15:00,9.446,9.53,9.43,9.52,77477.4
2025-10-13 06:30:00,9.519,9.61,9.485,9.498,87775.6
2025-10-13 06:45:00,9.497,9.607,9.485,9.588,58804.3
2025-10-13 07:00:00,9.588,9.67,9.563,9.639,127362.9
2025-10-13 07:15:00,9.639,9.714,9.609,9.693,80910.3
2025-10-13 07:30:00,9.694,9.712,9.637,9.646,87970.6
2025-10-13 07:45:00,9.646,9.646,9.527,9.551,170788.5
2025-10-13 08:00:00,9.55,9.618,9.527,9.588,93662.9
2025-10-13 08:15:00,9.589,9.662,9.567,9.658,102815.5
2025-10-13 08:30:00,9.659,9.736,9.656,9.672,71954.7
2025-10-13 08:45:00,9.671,9.74,9.632,9.687,75923.5
2025-10-13 09:00:00,9.686,9.693,9.595,9.613,116376.7
2025-10-13 09:15:00,9.614,9.655,9.593,9.628,77403.3
2025-10-13 09:30:00,9.628,9.713,9.623,9.698,55558.4
2025-10-13 09:45:00,9.698,9.743,9.675,9.737,56482.3
2025-10-13 10:00:00,9.738,9.755,9.673,9.687,84708.6
2025-10-13 10:15:00,9.688,9.7,9.621,9.634,93409.5
2025-10-13 10:30:00,9.634,9.667,9.57,9.641,125236.0
2025-10-13 10:45:00,9.639,9.68,9.595,9.637,50045.7
2025-10-13 11:00:00,9.637,9.643,9.475,9.591,566162.3
2025-10-13 11:15:00,9.591,9.603,9.274,9.285,394259.1
2025-10-13 11:30:00,9.283,9.482,9.24,9.458,270949.5
2025-10-13 11:45:00,9.458,9.496,9.41,9.437,122691.3
2025-10-13 12:00:00,9.437,9.548,9.341,9.521,271390.9
2025-10-13 12:15:00,9.521,9.521,9.429,9.484,86894.0
2025-10-13 12:30:00,9.483,9.606,9.465,9.54,234777.4
2025-10-13 12:45:00,9.54,9.571,9.421,9.463,198392.4
2025-10-13 13:00:00,9.462,9.52,9.427,9.46,215965.1
2025-10-13 13:15:00,9.46,9.532,9.44,9.469,319652.3
2025-10-13 13:30:00,9.469,9.837,9.45,9.641,1218588.1
2025-10-13 13:45:00,9.641,9.735,9.521,9.7,574904.6
2025-10-13 14:00:00,9.7,9.748,9.612,9.646,382749.6
2025-10-13 14:15:00,9.647,9.672,9.468,9.522,266624.9
2025-10-13 14:30:00,9.521,9.651,9.415,9.576,340103.8
2025-10-13 14:45:00,9.576,9.599,9.433,9.502,218820.2
2025-10-13 15:00:00,9.502,9.694,9.495,9.643,185618.6
2025-10-13 15:15:00,9.643,9.774,9.635,9.67,211532.6
2025-10-13 15:30:00,9.671,9.774,9.649,9.67,152507.2
2025-10-13 15:45:00,9.671,9.8,9.671,9.734,124085.1
2025-10-13 16:00:00,9.735,9.797,9.723,9.76,210266.2
2025-10-13 16:15:00,9.76,9.831,9.647,9.72,344893.9
2025-10-13 16:30:00,9.721,9.768,9.656,9.684,194299.7
2025-10-13 16:45:00,9.683,9.833,9.676,9.789,164562.3
2025-10-13 17:00:00,9.789,9.908,9.728,9.772,199485.1
2025-10-13 17:15:00,9.772,9.816,9.73,9.764,154387.1
2025-10-13 17:30:00,9.765,9.799,9.715,9.739,113180.3
2025-10-13 17:45:00,9.74,9.961,9.683,9.943,179989.4
2025-10-13 18:00:00,9.944,9.949,9.819,9.836,241908.9
2025-10-13 18:15:00,9.837,9.946,9.83,9.928,112835.4
2025-10-13 18:30:00,9.927,9.98,9.877,9.941,189076.2
2025-10-13 18:45:00,9.941,9.949,9.821,9.872,109100.3
2025-10-13 19:00:00,9.871,9.953,9.858,9.946,103024.7
2025-10-13 19:15:00,9.946,9.988,9.917,9.934,158550.8
2025-10-13 19:30:00,9.933,10.0,9.926,9.993,112797.3
2025-10-13 19:45:00,9.994,10.024,9.912,9.958,169990.6
2025-10-13 20:00:00,9.958,9.995,9.934,9.964,87755.1
2025-10-13 20:15:00,9.963,9.972,9.92,9.954,51659.4
2025-10-13 20:30:00,9.953,10.018,9.941,9.993,88904.6
2025-10-13 20:45:00,9.993,10.074,9.99,10.059,77751.4
2025-10-13 21:00:00,10.058,10.068,9.996,10.015,83635.4
2025-10-13 21:15:00,10.015,10.084,9.974,9.983,49119.4
2025-10-13 21:30:00,9.982,9.993,9.961,9.982,38021.6
2025-10-13 21:45:00,9.981,9.982,9.918,9.928,23961.5
2025-10-13 22:00:00,9.927,9.966,9.919,9.93,109842.5
2025-10-13 22:15:00,9.93,9.982,9.903,9.91,209231.6
2025-10-13 22:30:00,9.909,9.956,9.888,9.939,183057.2
2025-10-13 22:45:00,9.94,9.996,9.91,9.965,287569.1
2025-10-13 23:00:00,9.964,9.997,9.919,9.955,132530.3
2025-10-13 23:15:00,9.954,9.978,9.922,9.931,97604.5
2025-10-13 23:30:00,9.93,9.987,9.901,9.937,169435.2
2025-10-13 23:45:00,9.937,9.943,9.878,9.923,178389.7
2025-10-14 00:00:00,9.923,9.96,9.907,9.944,98064.5
2025-10-14 00:15:00,9.944,9.987,9.913,9.925,71303.1
2025-10-14 00:30:00,9.926,9.962,9.87,9.903,95591.6
2025-10-14 00:45:00,9.903,9.903,9.836,9.867,75014.2
2025-10-14 01:00:00,9.866,9.892,9.791,9.832,99447.5
2025-10-14 01:15:00,9.833,9.915,9.823,9.877,157843.1
2025-10-14 01:30:00,9.876,9.883,9.833,9.863,106070.8
2025-10-14 01:45:00,9.863,9.866,9.81,9.837,56828.0
2025-10-14 02:00:00,9.836,9.838,9.751,9.775,88889.8
2025-10-14 02:15:00,9.775,9.787,9.694,9.746,92784.7
2025-10-14 02:30:00,9.745,9.791,9.723,9.743,64075.5
2025-10-14 02:45:00,9.742,9.765,9.696,9.708,80367.4
2025-10-14 03:00:00,9.708,9.715,9.605,9.647,174942.2
2025-10-14 03:15:00,9.647,9.719,9.647,9.666,89542.2
2025-10-14 03:30:00,9.665,9.746,9.656,9.72,107300.9
2025-10-14 03:45:00,9.72,9.792,9.677,9.688,82469.8
2025-10-14 04:00:00,9.687,9.717,9.576,9.64,189614.8
2025-10-14 04:15:00,9.641,9.705,9.62,9.662,82987.4
2025-10-14 04:30:00,9.661,9.661,9.533,9.559,76946.7
2025-10-14 04:45:00,9.559,9.577,9.455,9.523,186209.5
2025-10-14 05:00:00,9.524,9.626,9.511,9.588,135734.9
2025-10-14 05:15:00,9.587,9.598,9.489,9.499,78059.3
2025-10-14 05:30:00,9.499,9.506,9.352,9.39,204923.1
2025-10-14 05:45:00,9.389,9.472,9.373,9.44,135316.6
2025-10-14 06:00:00,9.44,9.504,9.432,9.435,92580.1
2025-10-14 06:15:00,9.434,9.455,9.352,9.373,122174.0
2025-10-14 06:30:00,9.373,9.406,9.159,9.19,413421.9
2025-10-14 06:45:00,9.19,9.264,9.0,9.199,492049.5
2025-10-14 07:00:00,9.2,9.249,9.116,9.181,177782.7
2025-10-14 07:15:00,9.182,9.255,9.155,9.205,116664.0
2025-10-14 07:30:00,9.205,9.208,9.074,9.12,248019.5
2025-10-14 07:45:00,9.12,9.143,9.077,9.118,177684.5
2025-10-14 08:00:00,9.117,9.148,9.031,9.131,288121.2
2025-10-14 08:15:00,9.132,9.175,9.053,9.164,131160.6
2025-10-14 08:30:00,9.166,9.265,9.149,9.239,171225.6
2025-10-14 08:45:00,9.239,9.253,9.167,9.188,64185.4
2025-10-14 09:00:00,9.189,9.255,9.175,9.203,215606.0
2025-10-14 09:15:00,9.203,9.274,9.197,9.223,101974.7
2025-10-14 09:30:00,9.223,9.27,9.202,9.228,220037.6
2025-10-14 09:45:00,9.228,9.249,9.158,9.205,94947.2
2025-10-14 10:00:00,9.206,9.208,9.089,9.118,89875.8
2025-10-14 10:15:00,9.118,9.119,8.999,9.052,222112.7
2025-10-14 10:30:00,9.052,9.126,8.933,9.055,276400.3
2025-10-14 10:45:00,9.055,9.112,9.011,9.084,89221.4
2025-10-14 11:00:00,9.085,9.213,9.077,9.206,131301.6
2025-10-14 11:15:00,9.206,9.226,9.167,9.181,84075.8
2025-10-14 11:30:00,9.181,9.248,9.168,9.171,84010.6
2025-10-14 11:45:00,9.172,9.212,9.161,9.17,78432.1
2025-10-14 12:00:00,9.172,9.184,9.114,9.159,83799.6
2025-10-14 12:15:00,9.158,9.16,9.074,9.099,73915.3
2025-10-14 12:30:00,9.098,9.121,9.039,9.068,157838.1
2025-10-14 12:45:00,9.067,9.118,9.027,9.052,75437.7
2025-10-14 13:00:00,9.051,9.107,9.022,9.067,82833.3
2025-10-14 13:15:00,9.067,9.137,9.019,9.126,81401.1
2025-10-14 13:30:00,9.127,9.19,8.972,9.128,390434.7
2025-10-14 13:45:00,9.125,9.266,9.093,9.197,325709.0
2025-10-14 14:00:00,9.196,9.299,9.156,9.294,187531.8
2025-10-14 14:15:00,9.295,9.388,9.283,9.309,273305.9
2025-10-14 14:30:00,9.309,9.372,9.217,9.353,150814.6
2025-10-14 14:45:00,9.354,9.418,9.274,9.292,101712.9
2025-10-14 15:00:00,9.291,9.39,9.266,9.288,68127.6
2025-10-14 15:15:00,9.288,9.359,9.245,9.337,57331.0
2025-10-14 15:30:00,9.338,9.49,9.329,9.464,193382.7
2025-10-14 15:45:00,9.465,9.591,9.437,9.573,209224.7
2025-10-14 16:00:00,9.574,9.583,9.443,9.548,188609.0
2025-10-14 16:15:00,9.549,9.714,9.531,9.588,336378.4
2025-10-14 16:30:00,9.589,9.645,9.506,9.589,239219.5
2025-10-14 16:45:00,9.59,9.65,9.475,9.514,218518.9
2025-10-14 17:00:00,9.515,9.645,9.376,9.619,287168.6
2025-10-14 17:15:00,9.62,9.648,9.571,9.597,78879.8
2025-10-14 17:30:00,9.598,9.627,9.521,9.582,96412.6
2025-10-14 17:45:00,9.581,9.605,9.525,9.541,69048.4
2025-10-14 18:00:00,9.541,9.652,9.536,9.641,68160.1
2025-10-14 18:15:00,9.641,9.663,9.584,9.59,57836.9
2025-10-14 18:30:00,9.591,9.625,9.533,9.553,72115.6
2025-10-14 18:45:00,9.554,9.629,9.543,9.587,46009.5
2025-10-14 19:00:00,9.588,9.617,9.56,9.611,29683.8
2025-10-14 19:15:00,9.612,9.701,9.606,9.651,62118.9
2025-10-14 19:30:00,9.651,9.665,9.387,9.418,325096.9
2025-10-14 19:45:00,9.418,9.574,9.4,9.523,133438.6
2025-10-14 20:00:00,9.524,9.571,9.452,9.481,85567.1
2025-10-14 20:15:00,9.481,9.551,9.475,9.52,44275.1
2025-10-14 20:30:00,9.52,9.539,9.479,9.533,34909.3
2025-10-14 20:45:00,9.533,9.556,9.521,9.534,42597.9
2025-10-14 21:00:00,9.535,9.543,9.444,9.462,38435.4
2025-10-14 21:15:00,9.463,9.516,9.457,9.501,31415.0
2025-10-14 21:30:00,9.502,9.538,9.49,9.52,19631.1
2025-10-14 21:45:00,9.519,9.57,9.503,9.55,22628.6
2025-10-14 22:00:00,9.55,9.631,9.55,9.596,69315.6
2025-10-14 22:15:00,9.596,9.607,9.556,9.558,28002.7
2025-10-14 22:30:00,9.559,9.565,9.52,9.523,34523.5
2025-10-14 22:45:00,9.524,9.543,9.483,9.52,21427.3
2025-10-14 23:00:00,9.521,9.577,9.512,9.56,33369.9
2025-10-14 23:15:00,9.56,9.571,9.534,9.546,20065.3
2025-10-14 23:30:00,9.548,9.559,9.534,9.535,25964.7
2025-10-14 23:45:00,9.536,9.57,9.535,9.54,18301.0
2025-10-15 00:00:00,9.54,9.556,9.479,9.492,58540.1
2025-10-15 00:15:00,9.492,9.539,9.468,9.491,47857.2
2025-10-15 00:30:00,9.49,9.52,9.439,9.491,74793.0
2025-10-15 00:45:00,9.491,9.523,9.477,9.517,30949.9
2025-10-15 01:00:00,9.515,9.528,9.413,9.457,74859.2
2025-10-15 01:15:00,9.456,9.482,9.427,9.43,30729.0
2025-10-15 01:30:00,9.429,9.461,9.418,9.45,43665.5
2025-10-15 01:45:00,9.45,9.493,9.431,9.479,42363.3
2025-10-15 02:00:00,9.479,9.52,9.462,9.516,56788.3
2025-10-15 02:15:00,9.516,9.589,9.5,9.582,61472.0
2025-10-15 02:30:00,9.582,9.602,9.512,9.512,55381.7
2025-10-15 02:45:00,9.513,9.538,9.486,9.492,46269.8
2025-10-15 03:00:00,9.491,9.51,9.422,9.443,58244.6
2025-10-15 03:15:00,9.442,9.449,9.383,9.445,56843.1
2025-10-15 03:30:00,9.446,9.446,9.37,9.392,47558.2
2025-10-15 03:45:00,9.391,9.42,9.35,9.409,37876.4
2025-10-15 04:00:00,9.41,9.422,9.37,9.411,42213.4
2025-10-15 04:15:00,9.41,9.466,9.407,9.458,16477.7
2025-10-15 04:30:00,9.458,9.475,9.43,9.447,15095.4
2025-10-15 04:45:00,9.446,9.518,9.441,9.497,27460.3
2025-10-15 05:00:00,9.497,9.551,9.497,9.543,54968.4
2025-10-15 05:15:00,9.542,9.56,9.48,9.49,30513.6
2025-10-15 05:30:00,9.489,9.526,9.454,9.514,39494.1
2025-10-15 05:45:00,9.513,9.513,9.476,9.491,20290.0
2025-10-15 06:00:00,9.491,9.492,9.409,9.443,58012.6
2025-10-15 06:15:00,9.442,9.452,9.382,9.415,55721.2
2025-10-15 06:30:00,9.415,9.548,9.398,9.499,66118.3
2025-10-15 06:45:00,9.499,9.519,9.474,9.51,46888.0
2025-10-15 07:00:00,9.509,9.527,9.465,9.503,50401.7
2025-10-15 07:15:00,9.503,9.539,9.452,9.453,42439.6
2025-10-15 07:30:00,9.453,9.467,9.431,9.45,37556.8
2025-10-15 07:45:00,9.45,9.522,9.447,9.508,54471.9
2025-10-15 08:00:00,9.508,9.566,9.497,9.563,85861.9
2025-10-15 08:15:00,9.563,9.633,9.539,9.626,104765.8
2025-10-15 08:30:00,9.625,9.716,9.618,9.622,161781.1
2025-10-15 08:45:00,9.621,9.621,9.533,9.541,61329.3
2025-10-15 09:00:00,9.539,9.561,9.507,9.552,59955.0
2025-10-15 09:15:00,9.551,9.555,9.473,9.478,79865.5
2025-10-15 09:30:00,9.478,9.509,9.44,9.489,53390.8
2025-10-15 09:45:00,9.489,9.513,9.443,9.46,37925.0
2025-10-15 10:00:00,9.46,9.501,9.431,9.486,39872.1
2025-10-15 10:15:00,9.486,9.492,9.387,9.421,46561.2
2025-10-15 10:30:00,9.419,9.433,9.379,9.423,73293.0
2025-10-15 10:45:00,9.424,9.435,9.392,9.41,42753.2
2025-10-15 11:00:00,9.409,9.432,9.384,9.394,54644.5
2025-10-15 11:15:00,9.395,9.4,9.294,9.372,118753.8
2025-10-15 11:30:00,9.372,9.4,9.34,9.397,51804.6
2025-10-15 11:45:00,9.396,9.397,9.354,9.357,40015.6
2025-10-15 12:00:00,9.356,9.382,9.332,9.343,58114.1
2025-10-15 12:15:00,9.344,9.354,9.239,9.255,97505.3
2025-10-15 12:30:00,9.255,9.291,9.235,9.263,88133.4
2025-10-15 12:45:00,9.264,9.305,9.248,9.27,57282.9
2025-10-15 13:00:00,9.27,9.273,9.159,9.207,124204.4
2025-10-15 13:15:00,9.207,9.234,9.189,9.202,38552.4
2025-10-15 13:30:00,9.202,9.32,9.153,9.221,168412.7
2025-10-15 13:45:00,9.221,9.246,9.046,9.24,325106.4
2025-10-15 14:00:00,9.241,9.35,9.235,9.317,114665.3
2025-10-15 14:15:00,9.318,9.344,9.275,9.299,66271.8
2025-10-15 14:30:00,9.3,9.306,9.177,9.199,88993.7
2025-10-15 14:45:00,9.199,9.203,9.101,9.16,101045.4
2025-10-15 15:00:00,9.16,9.216,9.101,9.162,96553.3
2025-10-15 15:15:00,9.159,9.223,9.107,9.148,118382.2
2025-10-15 15:30:00,9.147,9.168,9.046,9.076,105246.4
2025-10-15 15:45:00,9.076,9.096,9.02,9.087,125687.6
2025-10-15 16:00:00,9.087,9.117,9.035,9.083,104180.5
2025-10-15 16:15:00,9.083,9.122,9.03,9.099,59141.4
2025-10-15 16:30:00,9.099,9.116,9.068,9.084,59793.8
2025-10-15 16:45:00,9.083,9.125,9.063,9.076,49780.2
2025-10-15 17:00:00,9.076,9.076,8.987,8.988,104714.8
2025-10-15 17:15:00,8.987,9.076,8.972,9.037,106985.4
2025-10-15 17:30:00,9.036,9.094,9.01,9.081,72912.7
2025-10-15 17:45:00,9.082,9.141,9.082,9.136,55689.5
2025-10-15 18:00:00,9.136,9.151,9.076,9.106,65261.3
2025-10-15 18:15:00,9.105,9.154,9.098,9.119,54976.5
2025-10-15 18:30:00,9.119,9.131,9.08,9.088,42836.1
2025-10-15 18:45:00,9.089,9.174,9.076,9.145,86291.0
2025-10-15 19:00:00,9.145,9.152,9.077,9.103,42181.5
2025-10-15 19:15:00,9.103,9.139,9.092,9.124,61891.2
2025-10-15 19:30:00,9.125,9.138,9.051,9.087,36221.8
2025-10-15 19:45:00,9.087,9.097,9.026,9.064,56651.9
2025-10-15 20:00:00,9.064,9.112,9.056,9.095,45855.6
2025-10-15 20:15:00,9.095,9.126,9.033,9.042,39494.2
2025-10-15 20:30:00,9.04,9.082,8.902,9.077,314175.7
2025-10-15 20:45:00,9.077,9.094,9.018,9.024,49543.5
2025-10-15 21:00:00,9.024,9.057,8.927,9.001,116308.1
2025-10-15 21:15:00,9.002,9.07,8.96,9.057,73838.1
2025-10-15 21:30:00,9.057,9.085,9.03,9.042,51926.1
2025-10-15 21:45:00,9.042,9.048,8.941,8.979,47120.3
2025-10-15 22:00:00,8.977,9.03,8.972,9.023,42114.5
2025-10-15 22:15:00,9.024,9.063,9.008,9.022,26168.2
2025-10-15 22:30:00,9.023,9.054,9.015,9.036,34180.9
2025-10-15 22:45:00,9.036,9.041,8.963,8.985,28213.9
2025-10-15 23:00:00,8.985,9.036,8.976,9.022,47874.2
2025-10-15 23:15:00,9.021,9.039,8.983,9.027,38844.1
2025-10-15 23:30:00,9.026,9.058,9.021,9.049,32745.6
2025-10-15 23:45:00,9.048,9.058,9.017,9.039,21419.1
2025-10-16 00:00:00,9.04,9.052,8.993,8.996,45086.6
2025-10-16 00:15:00,8.996,9.057,8.996,9.027,39665.8
2025-10-16 00:30:00,9.027,9.027,8.97,8.986,46011.6
2025-10-16 00:45:00,8.985,9.018,8.956,8.96,26588.1
2025-10-16 01:00:00,8.96,9.057,8.956,9.023,38473.6
2025-10-16 01:15:00,9.022,9.041,8.982,9.003,28632.2
2025-10-16 01:30:00,9.002,9.041,8.99,9.019,25005.6
2025-10-16 01:45:00,9.019,9.075,8.999,9.061,28711.0
2025-10-16 02:00:00,9.062,9.116,9.029,9.06,64476.1
2025-10-16 02:15:00,9.06,9.062,9.026,9.05,33069.6
2025-10-16 02:30:00,9.048,9.051,8.987,8.997,37672.6
2025-10-16 02:45:00,8.997,9.07,8.991,9.067,23712.4
2025-10-16 03:00:00,9.068,9.083,9.026,9.026,27018.2
2025-10-16 03:15:00,9.026,9.07,9.015,9.057,18919.3
2025-10-16 03:30:00,9.058,9.059,9.004,9.025,29837.6
2025-10-16 03:45:00,9.025,9.036,8.974,9.0,37394.6
2025-10-16 04:00:00,9.0,9.077,8.99,9.065,56057.5
2025-10-16 04:15:00,9.065,9.084,9.04,9.066,29638.9
2025-10-16 04:30:00,9.066,9.083,9.006,9.02,27381.0
2025-10-16 04:45:00,9.02,9.031,8.967,8.995,40818.6
2025-10-16 05:00:00,8.996,9.031,8.979,9.027,37665.8
2025-10-16 05:15:00,9.027,9.038,9.0,9.005,29516.8
2025-10-16 05:30:00,9.006,9.1,9.006,9.077,53705.8
2025-10-16 05:45:00,9.078,9.09,8.952,9.023,44636.2
2025-10-16 06:00:00,9.024,9.073,9.019,9.054,47552.2
2025-10-16 06:15:00,9.054,9.112,9.052,9.109,32382.2
2025-10-16 06:30:00,9.109,9.153,9.107,9.12,69817.4
2025-10-16 06:45:00,9.121,9.182,9.121,9.164,58139.6
2025-10-16 07:00:00,9.165,9.181,9.12,9.139,58193.0
2025-10-16 07:15:00,9.139,9.14,9.073,9.076,57403.9
2025-10-16 07:30:00,9.076,9.136,9.069,9.13,44781.5
2025-10-16 07:45:00,9.13,9.142,9.092,9.11,45778.6
2025-10-16 08:00:00,9.111,9.127,9.06,9.126,49254.0
2025-10-16 08:15:00,9.126,9.13,9.063,9.068,29506.3
2025-10-16 08:30:00,9.069,9.086,9.011,9.044,61615.6
2025-10-16 08:45:00,9.044,9.063,9.033,9.046,26047.9
2025-10-16 09:00:00,9.046,9.097,9.014,9.065,50178.3
2025-10-16 09:15:00,9.066,9.109,9.038,9.039,32181.1
2025-10-16 09:30:00,9.039,9.077,8.65,9.06,679361.7
2025-10-16 09:45:00,9.059,9.198,9.055,9.126,353854.4
2025-10-16 10:00:00,9.125,9.241,9.122,9.209,159061.8
2025-10-16 10:15:00,9.21,9.281,9.181,9.184,100435.0
2025-10-16 10:30:00,9.184,9.225,9.177,9.22,55971.3
2025-10-16 10:45:00,9.219,9.257,9.217,9.241,44637.1
2025-10-16 11:00:00,9.239,9.27,9.201,9.225,80717.7
2025-10-16 11:15:00,9.225,9.252,9.164,9.177,72983.6
2025-10-16 11:30:00,9.176,9.207,9.147,9.19,103056.5
2025-10-16 11:45:00,9.189,9.231,9.181,9.225,34147.8
2025-10-16 12:00:00,9.225,9.303,9.199,9.2,86404.9
2025-10-16 12:15:00,9.2,9.232,9.18,9.202,41364.8
2025-10-16 12:30:00,9.203,9.244,9.182,9.214,80084.6
2025-10-16 12:45:00,9.214,9.239,9.181,9.182,43050.0
2025-10-16 13:00:00,9.183,9.219,9.172,9.217,63740.1
2025-10-16 13:15:00,9.217,9.237,9.149,9.188,89041.6
2025-10-16 13:30:00,9.19,9.247,9.173,9.209,116481.3
2025-10-16 13:45:00,9.209,9.237,9.106,9.138,116460.8
2025-10-16 14:00:00,9.138,9.156,9.035,9.05,137347.9
2025-10-16 14:15:00,9.05,9.091,8.958,9.0,232761.9
2025-10-16 14:30:00,9.0,9.197,8.998,9.185,162267.6
2025-10-16 14:45:00,9.185,9.197,9.026,9.036,89434.7
2025-10-16 15:00:00,9.038,9.066,8.964,9.054,128571.5
2025-10-16 15:15:00,9.054,9.071,8.926,8.946,96158.0
2025-10-16 15:30:00,8.946,8.987,8.856,8.887,206169.9
2025-10-16 15:45:00,8.888,8.892,8.704,8.752,312251.4
2025-10-16 16:00:00,8.753,8.831,8.625,8.776,403196.7
2025-10-16 16:15:00,8.777,8.806,8.678,8.724,202099.7
2025-10-16 16:30:00,8.725,8.814,8.645,8.752,210194.4
2025-10-16 16:45:00,8.751,8.981,8.735,8.974,164708.0
2025-10-16 17:00:00,8.974,8.975,8.84,8.842,177860.0
2025-10-16 17:15:00,8.841,8.945,8.833,8.89,64781.7
2025-10-16 17:30:00,8.889,8.917,8.788,8.801,81181.5
2025-10-16 17:45:00,8.802,8.812,8.763,8.792,55739.9
2025-10-16 18:00:00,8.791,8.794,8.665,8.703,117176.4
2025-10-16 18:15:00,8.7,8.746,8.665,8.698,53594.1
2025-10-16 18:30:00,8.697,8.817,8.682,8.777,143582.6
2025-10-16 18:45:00,8.778,8.809,8.723,8.763,78102.8
2025-10-16 19:00:00,8.763,8.786,8.677,8.69,104009.2
2025-10-16 19:15:00,8.691,8.708,8.582,8.641,109278.7
2025-10-16 19:30:00,8.641,8.65,8.527,8.587,257542.5
2025-10-16 19:45:00,8.588,8.697,8.538,8.618,132588.1
2025-10-16 20:00:00,8.618,8.659,8.573,8.579,153089.0
2025-10-16 20:15:00,8.58,8.617,8.521,8.565,66524.5
2025-10-16 20:30:00,8.564,8.579,8.464,8.519,295375.1
2025-10-16 20:45:00,8.519,8.575,8.495,8.524,63672.2
2025-10-16 21:00:00,8.523,8.559,8.488,8.551,83625.7
2025-10-16 21:15:00,8.55,8.598,8.526,8.586,67949.0
2025-10-16 21:30:00,8.586,8.642,8.577,8.597,53843.0
2025-10-16 21:45:00,8.597,8.647,8.595,8.639,20877.7
2025-10-16 22:00:00,8.64,8.66,8.579,8.581,43419.2
2025-10-16 22:15:00,8.58,8.61,8.571,8.589,47118.2
2025-10-16 22:30:00,8.588,8.607,8.556,8.561,36981.6
2025-10-16 22:45:00,8.56,8.59,8.528,8.529,31635.1
2025-10-16 23:00:00,8.529,8.589,8.512,8.573,41275.9
2025-10-16 23:15:00,8.573,8.64,8.573,8.598,41188.1
2025-10-16 23:30:00,8.598,8.625,8.57,8.584,47170.9
2025-10-16 23:45:00,8.583,8.62,8.57,8.619,23495.7
2025-10-17 00:00:00,8.619,8.641,8.6,8.622,40628.6
2025-10-17 00:15:00,8.622,8.645,8.61,8.631,32846.5
2025-10-17 00:30:00,8.631,8.666,8.612,8.632,33728.1
2025-10-17 00:45:00,8.631,8.653,8.596,8.653,35647.4
2025-10-17 01:00:00,8.654,8.746,8.643,8.702,76480.1
2025-10-17 01:15:00,8.702,8.728,8.669,8.696,28034.7
2025-10-17 01:30:00,8.696,8.71,8.639,8.661,42640.2
2025-10-17 01:45:00,8.661,8.685,8.628,8.663,25981.2
2025-10-17 02:00:00,8.663,8.688,8.62,8.632,38426.2
2025-10-17 02:15:00,8.633,8.633,8.575,8.579,29566.3
2025-10-17 02:30:00,8.579,8.651,8.571,8.639,40540.8
2025-10-17 02:45:00,8.64,8.682,8.617,8.652,33440.3
2025-10-17 03:00:00,8.652,8.692,8.644,8.662,39131.1
2025-10-17 03:15:00,8.661,8.693,8.649,8.654,19178.2
2025-10-17 03:30:00,8.654,8.68,8.645,8.655,35922.0
2025-10-17 03:45:00,8.654,8.694,8.653,8.685,19368.6
2025-10-17 04:00:00,8.684,8.693,8.657,8.677,48089.7
2025-10-17 04:15:00,8.676,8.686,8.638,8.643,14769.2
2025-10-17 04:30:00,8.644,8.682,8.63,8.632,26540.8
2025-10-17 04:45:00,8.631,8.654,8.609,8.619,26840.1
2025-10-17 05:00:00,8.618,8.627,8.592,8.604,50152.9
2025-10-17 05:15:00,8.604,8.641,8.585,8.637,24922.9
2025-10-17 05:30:00,8.637,8.653,8.561,8.577,64742.2
2025-10-17 05:45:00,8.575,8.583,8.546,8.566,56051.7
2025-10-17 06:00:00,8.567,8.602,8.549,8.567,32929.6
2025-10-17 06:15:00,8.568,8.579,8.47,8.479,72632.7
2025-10-17 06:30:00,8.481,8.488,8.309,8.357,372175.0
2025-10-17 06:45:00,8.357,8.39,8.243,8.276,322168.1
2025-10-17 07:00:00,8.275,8.299,8.114,8.153,446816.1
2025-10-17 07:15:00,8.152,8.227,8.101,8.129,225841.8
2025-10-17 07:30:00,8.13,8.153,8.025,8.046,323720.5
2025-10-17 07:45:00,8.045,8.109,7.954,7.981,336794.6
2025-10-17 08:00:00,7.982,8.009,7.847,7.877,622949.7
2025-10-17 08:15:00,7.878,7.889,7.762,7.83,617503.6
2025-10-17 08:30:00,7.829,7.919,7.772,7.773,310453.9
2025-10-17 08:45:00,7.774,7.839,7.765,7.806,267398.6
2025-10-17 09:00:00,7.806,7.915,7.794,7.898,252162.4
2025-10-17 09:15:00,7.899,7.944,7.88,7.944,112704.6
2025-10-17 09:30:00,7.944,8.12,7.94,8.005,211677.6
2025-10-17 09:45:00,8.006,8.045,7.956,7.956,86082.5
2025-10-17 10:00:00,7.956,8.014,7.905,7.936,142416.6
2025-10-17 10:15:00,7.935,7.938,7.797,7.854,259750.1
2025-10-17 10:30:00,7.854,7.927,7.835,7.884,144629.6
2025-10-17 10:45:00,7.884,7.98,7.881,7.953,173433.4
2025-10-17 11:00:00,7.953,8.147,7.933,8.125,405280.1
2025-10-17 11:15:00,8.125,8.234,8.111,8.177,477271.7
2025-10-17 11:30:00,8.177,8.198,8.091,8.129,167258.6
2025-10-17 11:45:00,8.128,8.174,8.108,8.164,106110.7
2025-10-17 12:00:00,8.163,8.215,8.136,8.168,112197.9
2025-10-17 12:15:00,8.167,8.224,8.146,8.171,80664.9
2025-10-17 12:30:00,8.171,8.216,8.149,8.164,66461.2
2025-10-17 12:45:00,8.164,8.182,8.129,8.138,56443.0
2025-10-17 13:00:00,8.138,8.183,8.114,8.115,75889.2
2025-10-17 13:15:00,8.115,8.202,8.1,8.149,98813.1
2025-10-17 13:30:00,8.149,8.256,8.098,8.125,227938.0
2025-10-17 13:45:00,8.124,8.268,8.058,8.208,238123.1
2025-10-17 14:00:00,8.207,8.227,8.101,8.17,141030.9
2025-10-17 14:15:00,8.17,8.194,8.095,8.102,58732.4
2025-10-17 14:30:00,8.102,8.148,7.994,8.102,257879.8
2025-10-17 14:45:00,8.103,8.204,8.092,8.108,142766.3
2025-10-17 15:00:00,8.108,8.188,8.096,8.122,104298.6
2025-10-17 15:15:00,8.123,8.21,8.115,8.181,64216.8
2025-10-17 15:30:00,8.182,8.217,8.103,8.177,99886.5
2025-10-17 15:45:00,8.176,8.311,8.174,8.308,145595.0
2025-10-17 16:00:00,8.309,8.431,8.291,8.336,277598.4
2025-10-17 16:15:00,8.336,8.418,8.31,8.333,144365.4
2025-10-17 16:30:00,8.332,8.361,8.259,8.288,119516.3
2025-10-17 16:45:00,8.288,8.324,8.24,8.275,90657.6
2025-10-17 17:00:00,8.275,8.325,8.267,8.308,103748.9
2025-10-17 17:15:00,8.308,8.322,8.243,8.274,53917.0
2025-10-17 17:30:00,8.274,8.335,8.264,8.302,74182.5
2025-10-17 17:45:00,8.302,8.356,8.229,8.327,128923.1
2025-10-17 18:00:00,8.328,8.377,8.324,8.327,98883.5
2025-10-17 18:15:00,8.327,8.41,8.323,8.388,100264.1
2025-10-17 18:30:00,8.388,8.418,8.355,8.355,86792.7
2025-10-17 18:45:00,8.355,8.378,8.313,8.339,43658.5
2025-10-17 19:00:00,8.34,8.369,8.329,8.341,51459.4
2025-10-17 19:15:00,8.341,8.349,8.287,8.298,44902.0
2025-10-17 19:30:00,8.298,8.298,8.235,8.283,62566.5
2025-10-17 19:45:00,8.284,8.3,8.257,8.294,32259.3
2025-10-17 20:00:00,8.293,8.329,8.263,8.316,46637.1
2025-10-17 20:15:00,8.318,8.39,8.314,8.377,73234.7
2025-10-17 20:30:00,8.378,8.39,8.339,8.35,70773.5
2025-10-17 20:45:00,8.35,8.391,8.347,8.36,49287.7
2025-10-17 21:00:00,8.361,8.451,8.356,8.427,85712.2
2025-10-17 21:15:00,8.427,8.454,8.395,8.41,99101.7
2025-10-17 21:30:00,8.409,8.443,8.404,8.437,54304.7
2025-10-17 21:45:00,8.437,8.45,8.418,8.43,20846.6
2025-10-17 22:00:00,8.431,8.548,8.411,8.414,256384.4
2025-10-17 22:15:00,8.414,8.446,8.409,8.436,37046.8
2025-10-17 22:30:00,8.436,8.441,8.374,8.387,56874.7
2025-10-17 22:45:00,8.387,8.425,8.387,8.408,21281.6
2025-10-17 23:00:00,8.408,8.418,8.359,8.368,36366.4
2025-10-17 23:15:00,8.367,8.377,8.34,8.342,30924.2
2025-10-17 23:30:00,8.342,8.347,8.312,8.344,60219.3
2025-10-17 23:45:00,8.343,8.354,8.33,8.338,23277.8
2025-10-18 00:00:00,8.339,8.358,8.321,8.35,68214.0
2025-10-18 00:15:00,8.349,8.424,8.334,8.403,50030.7
2025-10-18 00:30:00,8.404,8.422,8.378,8.419,47636.6
2025-10-18 00:45:00,8.42,8.421,8.368,8.376,23231.8
2025-10-18 01:00:00,8.377,8.413,8.377,8.402,58819.3
2025-10-18 01:15:00,8.402,8.451,8.39,8.443,40778.7
2025-10-18 01:30:00,8.443,8.448,8.411,8.422,42693.7
2025-10-18 01:45:00,8.423,8.443,8.402,8.437,14780.3
2025-10-18 02:00:00,8.438,8.476,8.413,8.422,62810.2
2025-10-18 02:15:00,8.422,8.442,8.403,8.437,27650.2
2025-10-18 02:30:00,8.438,8.455,8.408,8.411,37569.4
2025-10-18 02:45:00,8.411,8.433,8.391,8.432,26676.4
2025-10-18 03:00:00,8.432,8.484,8.424,8.464,57882.4
2025-10-18 03:15:00,8.464,8.49,8.456,8.476,26324.7
2025-10-18 03:30:00,8.476,8.49,8.459,8.461,29183.5
2025-10-18 03:45:00,8.461,8.469,8.449,8.459,17347.8
2025-10-18 04:00:00,8.459,8.46,8.397,8.401,36047.1
2025-10-18 04:15:00,8.401,8.417,8.384,8.409,38787.3
2025-10-18 04:30:00,8.409,8.415,8.369,8.381,25666.8
2025-10-18 04:45:00,8.381,8.393,8.373,8.379,11667.3
2025-10-18 05:00:00,8.379,8.41,8.379,8.405,36649.6
2025-10-18 05:15:00,8.405,8.417,8.372,8.373,22105.9
2025-10-18 05:30:00,8.373,8.384,8.349,8.377,27242.7
2025-10-18 05:45:00,8.378,8.412,8.378,8.398,28910.0
2025-10-18 06:00:00,8.4,8.427,8.377,8.411,36317.7
2025-10-18 06:15:00,8.412,8.417,8.357,8.362,24134.4
2025-10-18 06:30:00,8.363,8.376,8.338,8.359,35439.8
2025-10-18 06:45:00,8.359,8.393,8.354,8.387,18062.1
2025-10-18 07:00:00,8.387,8.559,8.386,8.487,168579.8
2025-10-18 07:15:00,8.488,8.495,8.417,8.445,90378.8
2025-10-18 07:30:00,8.445,8.478,8.428,8.46,44532.3
2025-10-18 07:45:00,8.46,8.475,8.387,8.405,75700.9
2025-10-18 08:00:00,8.405,8.455,8.399,8.446,48412.3
2025-10-18 08:15:00,8.446,8.464,8.424,8.44,28785.7
2025-10-18 08:30:00,8.44,8.451,8.421,8.424,24366.2
2025-10-18 08:45:00,8.424,8.444,8.405,8.409,28905.5
2025-10-18 09:00:00,8.409,8.439,8.403,8.417,29710.8
2025-10-18 09:15:00,8.416,8.482,8.397,8.469,33851.8
2025-10-18 09:30:00,8.47,8.492,8.451,8.492,31643.4
2025-10-18 09:45:00,8.492,8.522,8.471,8.506,34064.2
2025-10-18 10:00:00,8.506,8.529,8.462,8.465,98850.3
2025-10-18 10:15:00,8.465,8.478,8.451,8.465,33070.0
2025-10-18 10:30:00,8.465,8.545,8.464,8.538,53697.7
2025-10-18 10:45:00,8.539,8.539,8.466,8.502,46775.5
2025-10-18 11:00:00,8.503,8.531,8.501,8.522,35895.4
2025-10-18 11:15:00,8.523,8.541,8.469,8.471,23833.9
2025-10-18 11:30:00,8.471,8.504,8.462,8.49,24557.1
2025-10-18 11:45:00,8.491,8.514,8.477,8.507,32224.1
2025-10-18 12:00:00,8.508,8.525,8.486,8.508,35850.1
2025-10-18 12:15:00,8.508,8.535,8.472,8.486,25926.1
2025-10-18 12:30:00,8.486,8.491,8.447,8.472,38503.3
2025-10-18 12:45:00,8.472,8.476,8.451,8.453,16256.4
2025-10-18 13:00:00,8.454,8.456,8.397,8.436,59978.8
2025-10-18 13:15:00,8.436,8.437,8.382,8.425,29458.1
2025-10-18 13:30:00,8.426,8.426,8.385,8.405,46194.1
2025-10-18 13:45:00,8.406,8.438,8.39,8.396,28286.7
2025-10-18 14:00:00,8.397,8.424,8.347,8.371,67355.4
2025-10-18 14:15:00,8.372,8.407,8.372,8.403,42814.2
2025-10-18 14:30:00,8.404,8.464,8.404,8.431,43912.2
2025-10-18 14:45:00,8.432,8.463,8.426,8.445,36257.9
2025-10-18 15:00:00,8.446,8.466,8.427,8.431,30226.5
2025-10-18 15:15:00,8.432,8.45,8.404,8.407,20245.9
2025-10-18 15:30:00,8.408,8.41,8.372,8.407,26541.2
2025-10-18 15:45:00,8.408,8.421,8.399,8.403,14747.7
2025-10-18 16:00:00,8.404,8.421,8.366,8.377,37825.9
2025-10-18 16:15:00,8.378,8.384,8.342,8.362,54321.9
2025-10-18 16:30:00,8.362,8.362,8.328,8.352,56249.1
2025-10-18 16:45:00,8.352,8.389,8.346,8.373,24990.8
2025-10-18 17:00:00,8.374,8.379,8.341,8.378,30418.5
2025-10-18 17:15:00,8.378,8.451,8.374,8.433,52049.3
2025-10-18 17:30:00,8.434,8.441,8.402,8.402,30875.3
2025-10-18 17:45:00,8.402,8.476,8.4,8.461,32123.8
2025-10-18 18:00:00,8.462,8.485,8.438,8.44,44482.4
2025-10-18 18:15:00,8.44,8.453,8.428,8.445,16507.2
2025-10-18 18:30:00,8.445,8.465,8.44,8.44,15277.8
2025-10-18 18:45:00,8.439,8.449,8.422,8.435,35890.4
2025-10-18 19:00:00,8.435,8.452,8.421,8.431,32556.0
2025-10-18 19:15:00,8.43,8.464,8.428,8.457,26087.7
2025-10-18 19:30:00,8.457,8.457,8.433,8.445,21740.2
2025-10-18 19:45:00,8.444,8.463,8.44,8.457,9886.9
2025-10-18 20:00:00,8.457,8.488,8.447,8.447,34325.4
2025-10-18 20:15:00,8.447,8.488,8.439,8.481,19046.8
2025-10-18 20:30:00,8.482,8.507,8.463,8.474,30662.1
2025-10-18 20:45:00,8.474,8.495,8.443,8.445,25814.5
2025-10-18 21:00:00,8.444,8.45,8.402,8.412,43231.6
2025-10-18 21:15:00,8.413,8.449,8.396,8.449,36122.3
2025-10-18 21:30:00,8.449,8.469,8.437,8.442,16563.7
2025-10-18 21:45:00,8.441,8.464,8.439,8.463,8618.4
2025-10-18 22:00:00,8.463,8.472,8.432,8.438,24998.5
2025-10-18 22:15:00,8.438,8.469,8.434,8.465,14184.3
2025-10-18 22:30:00,8.464,8.464,8.436,8.44,15499.7
2025-10-18 22:45:00,8.439,8.439,8.42,8.43,10283.4
2025-10-18 23:00:00,8.429,8.439,8.414,8.425,21344.2
2025-10-18 23:15:00,8.425,8.431,8.41,8.427,11360.7
2025-10-18 23:30:00,8.427,8.435,8.421,8.43,14797.9
2025-10-18 23:45:00,8.43,8.44,8.422,8.433,22160.4
2025-10-19 00:00:00,8.434,8.438,8.398,8.404,42360.7
2025-10-19 00:15:00,8.404,8.419,8.384,8.387,33849.0
2025-10-19 00:30:00,8.388,8.389,8.352,8.359,37615.5
2025-10-19 00:45:00,8.359,8.379,8.351,8.372,20611.7
2025-10-19 01:00:00,8.372,8.372,8.343,8.358,30508.7
2025-10-19 01:15:00,8.357,8.405,8.354,8.398,29486.3
2025-10-19 01:30:00,8.398,8.401,8.366,8.377,20202.1
2025-10-19 01:45:00,8.377,8.4,8.376,8.395,15302.4
2025-10-19 02:00:00,8.395,8.411,8.385,8.397,37939.4
2025-10-19 02:15:00,8.397,8.429,8.387,8.401,28149.9
2025-10-19 02:30:00,8.4,8.411,8.371,8.376,37374.4
2025-10-19 02:45:00,8.376,8.388,8.361,8.381,16037.0
2025-10-19 03:00:00,8.38,8.383,8.368,8.371,31823.9
2025-10-19 03:15:00,8.371,8.44,8.371,8.434,30735.6
2025-10-19 03:30:00,8.433,8.474,8.431,8.46,57208.8
2025-10-19 03:45:00,8.46,8.485,8.44,8.46,28336.1
2025-10-19 04:00:00,8.46,8.474,8.419,8.424,53703.1
2025-10-19 04:15:00,8.423,8.431,8.407,8.428,23317.8
2025-10-19 04:30:00,8.428,8.446,8.41,8.416,28598.6
2025-10-19 04:45:00,8.415,8.428,8.409,8.417,28571.1
2025-10-19 05:00:00,8.417,8.434,8.41,8.413,40841.9
2025-10-19 05:15:00,8.412,8.455,8.404,8.417,36869.2
2025-10-19 05:30:00,8.417,8.434,8.392,8.398,22677.0
2025-10-19 05:45:00,8.397,8.397,8.371,8.388,26081.1
2025-10-19 06:00:00,8.387,8.403,8.367,8.368,30941.0
2025-10-19 06:15:00,8.367,8.378,8.356,8.365,23261.8
2025-10-19 06:30:00,8.366,8.368,8.329,8.351,39989.1
2025-10-19 06:45:00,8.351,8.364,8.343,8.357,16179.4
2025-10-19 07:00:00,8.357,8.388,8.35,8.379,46538.0
2025-10-19 07:15:00,8.378,8.395,8.355,8.355,22674.8
2025-10-19 07:30:00,8.356,8.388,8.342,8.355,38123.0
2025-10-19 07:45:00,8.354,8.381,8.345,8.373,13948.6
2025-10-19 08:00:00,8.374,8.4,8.355,8.361,33302.8
2025-10-19 08:15:00,8.36,8.491,8.304,8.385,319587.0
2025-10-19 08:30:00,8.384,8.389,8.337,8.342,51864.4
2025-10-19 08:45:00,8.342,8.361,8.325,8.327,35801.7
2025-10-19 09:00:00,8.327,8.327,8.281,8.319,65145.9
2025-10-19 09:15:00,8.318,8.336,8.267,8.273,44177.2
2025-10-19 09:30:00,8.273,8.401,8.266,8.389,133243.7
2025-10-19 09:45:00,8.389,8.52,8.373,8.437,274475.2
2025-10-19 10:00:00,8.437,8.482,8.402,8.424,114802.3
2025-10-19 10:15:00,8.423,8.578,8.405,8.543,159688.7
2025-10-19 10:30:00,8.543,8.55,8.489,8.544,120900.2
2025-10-19 10:45:00,8.544,8.551,8.506,8.545,59777.8
2025-10-19 11:00:00,8.544,8.638,8.544,8.618,201642.2
2025-10-19 11:15:00,8.618,8.637,8.557,8.571,56971.6
2025-10-19 11:30:00,8.571,8.586,8.554,8.555,35254.1
2025-10-19 11:45:00,8.555,8.56,8.528,8.542,51789.1
2025-10-19 12:00:00,8.542,8.566,8.484,8.5,111487.9
2025-10-19 12:15:00,8.499,8.519,8.482,8.488,51188.9
2025-10-19 12:30:00,8.488,8.539,8.479,8.489,117636.0
2025-10-19 12:45:00,8.489,8.515,8.471,8.511,50039.2
2025-10-19 13:00:00,8.51,8.538,8.485,8.513,61280.2
2025-10-19 13:15:00,8.513,8.608,8.506,8.563,225555.3
2025-10-19 13:30:00,8.564,8.641,8.558,8.634,168792.9
2025-10-19 13:45:00,8.635,8.725,8.614,8.688,115693.1
2025-10-19 14:00:00,8.689,8.698,8.611,8.644,162518.0
2025-10-19 14:15:00,8.645,8.708,8.627,8.685,142372.0
2025-10-19 14:30:00,8.685,8.693,8.634,8.666,97883.6
2025-10-19 14:45:00,8.667,8.716,8.652,8.706,55038.3
2025-10-19 15:00:00,8.705,8.711,8.648,8.664,86151.4
2025-10-19 15:15:00,8.663,8.681,8.634,8.643,52396.6
2025-10-19 15:30:00,8.643,8.666,8.627,8.65,54503.8
2025-10-19 15:45:00,8.65,8.672,8.638,8.659,26612.5
2025-10-19 16:00:00,8.659,8.665,8.616,8.626,49370.0
2025-10-19 16:15:00,8.626,8.637,8.599,8.625,34005.9
2025-10-19 16:30:00,8.624,8.695,8.61,8.688,47825.1
2025-10-19 16:45:00,8.687,8.693,8.645,8.651,62869.9
2025-10-19 17:00:00,8.651,8.743,8.64,8.711,137556.4
2025-10-19 17:15:00,8.711,8.735,8.674,8.675,102363.9
2025-10-19 17:30:00,8.675,8.678,8.643,8.657,35408.8
2025-10-19 17:45:00,8.657,8.657,8.628,8.642,20913.2
2025-10-19 18:00:00,8.643,8.664,8.624,8.634,46903.0
2025-10-19 18:15:00,8.635,8.647,8.62,8.641,33063.8
2025-10-19 18:30:00,8.64,8.665,8.633,8.664,21958.2
2025-10-19 18:45:00,8.664,8.671,8.65,8.654,26948.6
2025-10-19 19:00:00,8.654,8.659,8.604,8.634,30800.6
2025-10-19 19:15:00,8.633,8.646,8.624,8.639,44604.8
2025-10-19 19:30:00,8.64,8.651,8.622,8.639,35977.2
2025-10-19 19:45:00,8.639,8.646,8.624,8.642,15853.2
2025-10-19 20:00:00,8.642,8.66,8.625,8.629,40585.0
2025-10-19 20:15:00,8.629,8.645,8.622,8.645,24083.9
2025-10-19 20:30:00,8.645,8.65,8.628,8.647,22078.5
2025-10-19 20:45:00,8.647,8.678,8.645,8.673,36280.6
2025-10-19 21:00:00,8.673,8.68,8.623,8.63,36405.4
2025-10-19 21:15:00,8.63,8.631,8.549,8.581,157811.5
2025-10-19 21:30:00,8.581,8.601,8.552,8.592,37428.5
2025-10-19 21:45:00,8.59,8.609,8.583,8.606,17150.7
2025-10-19 22:00:00,8.606,8.642,8.605,8.632,42180.8
2025-10-19 22:15:00,8.632,8.658,8.628,8.646,33417.2
2025-10-19 22:30:00,8.646,8.662,8.638,8.647,23696.2
2025-10-19 22:45:00,8.646,8.647,8.62,8.626,16773.8
2025-10-19 23:00:00,8.626,8.629,8.596,8.599,25384.4
2025-10-19 23:15:00,8.599,8.601,8.577,8.594,38102.0
2025-10-19 23:30:00,8.593,8.6,8.541,8.544,89624.7
2025-10-19 23:45:00,8.543,8.554,8.533,8.547,27282.5
2025-10-20 00:00:00,8.547,8.55,8.478,8.491,73775.5
2025-10-20 00:15:00,8.491,8.498,8.359,8.376,390960.0
2025-10-20 00:30:00,8.376,8.433,8.333,8.411,92423.2
2025-10-20 00:45:00,8.41,8.446,8.408,8.437,45581.4
2025-10-20 01:00:00,8.439,8.482,8.409,8.458,61219.9
2025-10-20 01:15:00,8.458,8.482,8.436,8.466,63075.0
2025-10-20 01:30:00,8.464,8.49,8.442,8.461,40289.0
2025-10-20 01:45:00,8.46,8.476,8.44,8.461,55905.9
2025-10-20 02:00:00,8.46,8.46,8.405,8.43,40642.9
2025-10-20 02:15:00,8.431,8.491,8.423,8.473,35874.8
2025-10-20 02:30:00,8.473,8.513,8.448,8.49,46012.0
2025-10-20 02:45:00,8.49,8.523,8.484,8.5,23118.9
2025-10-20 03:00:00,8.5,8.502,8.472,8.485,36473.8
2025-10-20 03:15:00,8.484,8.532,8.479,8.532,28445.0
2025-10-20 03:30:00,8.532,8.599,8.51,8.577,47905.6
2025-10-20 03:45:00,8.578,8.778,8.567,8.75,238035.8
2025-10-20 04:00:00,8.751,8.78,8.711,8.739,120880.7
2025-10-20 04:15:00,8.74,8.756,8.693,8.716,62972.3
2025-10-20 04:30:00,8.717,8.76,8.717,8.731,63316.2
2025-10-20 04:45:00,8.732,8.768,8.719,8.764,25986.9
2025-10-20 05:00:00,8.765,8.771,8.736,8.76,44868.6
2025-10-20 05:15:00,8.76,8.786,8.73,8.768,53518.6
2025-10-20 05:30:00,8.768,8.799,8.762,8.79,34604.6
2025-10-20 05:45:00,8.789,8.833,8.777,8.812,37740.6
2025-10-20 06:00:00,8.813,8.832,8.795,8.814,42307.5
2025-10-20 06:15:00,8.815,8.896,8.815,8.88,75208.0
2025-10-20 06:30:00,8.881,8.962,8.88,8.96,58687.2
2025-10-20 06:45:00,8.961,8.964,8.89,8.893,71542.0
2025-10-20 07:00:00,8.893,8.917,8.867,8.903,42399.7
2025-10-20 07:15:00,8.903,8.925,8.882,8.882,44594.6
2025-10-20 07:30:00,8.882,8.882,8.832,8.841,43622.3
2025-10-20 07:45:00,8.84,8.852,8.818,8.845,29059.3
2025-10-20 08:00:00,8.846,8.848,8.808,8.828,56965.7
2025-10-20 08:15:00,8.828,8.835,8.786,8.809,37397.6
2025-10-20 08:30:00,8.809,8.897,8.805,8.845,50501.4
2025-10-20 08:45:00,8.845,8.864,8.807,8.813,35094.6
2025-10-20 09:00:00,8.813,8.832,8.792,8.819,28993.9
2025-10-20 09:15:00,8.82,8.826,8.773,8.784,33654.2
2025-10-20 09:30:00,8.784,8.822,8.778,8.813,37818.4
2025-10-20 09:45:00,8.813,8.831,8.794,8.828,23936.4
2025-10-20 10:00:00,8.828,8.855,8.802,8.826,100217.5
2025-10-20 10:15:00,8.827,8.914,8.794,8.849,413863.0
2025-10-20 10:30:00,8.848,8.874,8.821,8.822,153619.7
2025-10-20 10:45:00,8.822,8.827,8.779,8.817,64397.6
2025-10-20 11:00:00,8.817,8.826,8.79,8.792,42465.1
2025-10-20 11:15:00,8.792,8.841,8.783,8.824,37887.9
2025-10-20 11:30:00,8.824,8.824,8.78,8.806,57556.7
2025-10-20 11:45:00,8.806,8.855,8.803,8.841,37474.0
2025-10-20 12:00:00,8.841,8.842,8.812,8.824,34279.2
2025-10-20 12:15:00,8.824,8.862,8.818,8.854,40325.9
2025-10-20 12:30:00,8.855,8.869,8.821,8.828,43805.5
2025-10-20 12:45:00,8.829,8.857,8.823,8.856,24674.1
2025-10-20 13:00:00,8.857,8.893,8.855,8.856,55390.7
2025-10-20 13:15:00,8.856,8.885,8.849,8.878,67794.1
2025-10-20 13:30:00,8.877,8.954,8.875,8.93,95300.7
2025-10-20 13:45:00,8.93,8.969,8.925,8.957,44574.7
2025-10-20 14:00:00,8.958,8.971,8.929,8.945,92531.2
2025-10-20 14:15:00,8.945,8.981,8.895,8.981,64818.5
2025-10-20 14:30:00,8.981,8.984,8.919,8.939,154123.4
2025-10-20 14:45:00,8.94,8.985,8.935,8.961,35154.2
2025-10-20 15:00:00,8.961,8.986,8.901,8.901,121262.9
2025-10-20 15:15:00,8.901,8.927,8.886,8.905,53475.8
2025-10-20 15:30:00,8.905,8.943,8.898,8.925,87690.0
2025-10-20 15:45:00,8.924,8.962,8.862,8.867,93372.3
2025-10-20 16:00:00,8.866,8.866,8.658,8.836,376250.4
2025-10-20 16:15:00,8.835,8.85,8.797,8.818,82414.0
2025-10-20 16:30:00,8.818,8.818,8.723,8.752,120529.2
2025-10-20 16:45:00,8.752,8.781,8.716,8.768,78354.6
2025-10-20 17:00:00,8.767,8.82,8.729,8.736,76708.1
2025-10-20 17:15:00,8.736,8.778,8.733,8.748,37490.7
2025-10-20 17:30:00,8.748,8.749,8.692,8.715,71527.5
2025-10-20 17:45:00,8.715,8.793,8.715,8.765,65311.7
2025-10-20 18:00:00,8.765,8.783,8.752,8.753,37339.8
2025-10-20 18:15:00,8.752,8.779,8.736,8.774,82338.7
2025-10-20 18:30:00,8.775,8.804,8.757,8.777,34168.8
2025-10-20 18:45:00,8.776,8.799,8.769,8.791,31198.4
2025-10-20 19:00:00,8.79,8.802,8.748,8.773,43709.2
2025-10-20 19:15:00,8.773,8.782,8.742,8.776,29217.2
2025-10-20 19:30:00,8.776,8.819,8.758,8.817,42779.6
2025-10-20 19:45:00,8.818,8.86,8.817,8.83,60648.5
2025-10-20 20:00:00,8.83,8.83,8.783,8.816,47865.3
2025-10-20 20:15:00,8.817,8.834,8.803,8.804,30541.4
2025-10-20 20:30:00,8.804,8.82,8.785,8.82,31070.2
2025-10-20 20:45:00,8.821,8.834,8.799,8.828,22611.5
2025-10-20 21:00:00,8.828,8.882,8.821,8.83,75105.2
2025-10-20 21:15:00,8.828,8.84,8.792,8.82,30191.2
2025-10-20 21:30:00,8.819,8.822,8.767,8.794,41802.5
2025-10-20 21:45:00,8.793,8.795,8.746,8.765,17657.3
2025-10-20 22:00:00,8.764,8.791,8.737,8.787,39845.4
2025-10-20 22:15:00,8.787,8.803,8.766,8.768,22414.3
2025-10-20 22:30:00,8.768,8.801,8.767,8.8,14795.7
2025-10-20 22:45:00,8.801,8.801,8.776,8.782,13068.2
2025-10-20 23:00:00,8.783,8.793,8.748,8.757,22425.5
2025-10-20 23:15:00,8.756,8.775,8.751,8.774,22545.9
2025-10-20 23:30:00,8.775,8.778,8.736,8.741,21908.3
2025-10-20 23:45:00,8.741,8.748,8.726,8.739,16051.9
2025-10-21 00:00:00,8.738,8.739,8.706,8.714,55343.9
2025-10-21 00:15:00,8.713,8.736,8.712,8.729,19001.7
2025-10-21 00:30:00,8.729,8.745,8.713,8.734,22085.4
2025-10-21 00:45:00,8.734,8.735,8.694,8.695,19141.2
2025-10-21 01:00:00,8.696,8.705,8.626,8.646,63336.7
2025-10-21 01:15:00,8.647,8.691,8.647,8.68,15717.7
2025-10-21 01:30:00,8.681,8.684,8.646,8.662,31772.2
2025-10-21 01:45:00,8.662,8.675,8.599,8.625,100382.3
2025-10-21 02:00:00,8.625,8.628,8.576,8.596,50087.9
2025-10-21 02:15:00,8.596,8.6,8.556,8.589,35494.9
2025-10-21 02:30:00,8.588,8.629,8.577,8.601,53520.5
2025-10-21 02:45:00,8.601,8.612,8.582,8.589,32391.5
2025-10-21 03:00:00,8.59,8.61,8.574,8.582,34034.4
2025-10-21 03:15:00,8.583,8.604,8.574,8.582,28841.8
2025-10-21 03:30:00,8.582,8.586,8.555,8.556,31570.9
2025-10-21 03:45:00,8.556,8.558,8.517,8.532,38412.3
2025-10-21 04:00:00,8.53,8.541,8.433,8.469,202180.2
2025-10-21 04:15:00,8.469,8.485,8.444,8.476,51114.9
2025-10-21 04:30:00,8.476,8.477,8.389,8.404,122428.4
2025-10-21 04:45:00,8.403,8.426,8.364,8.38,97174.9
2025-10-21 05:00:00,8.381,8.412,8.348,8.394,97790.6
2025-10-21 05:15:00,8.395,8.426,8.373,8.405,68685.4
2025-10-21 05:30:00,8.405,8.44,8.386,8.402,94679.1
2025-10-21 05:45:00,8.402,8.424,8.378,8.388,31450.9
2025-10-21 06:00:00,8.388,8.391,8.363,8.374,46308.2
2025-10-21 06:15:00,8.374,8.445,8.363,8.429,64878.2
2025-10-21 06:30:00,8.429,8.444,8.411,8.412,50299.4
2025-10-21 06:45:00,8.412,8.444,8.407,8.416,16267.7
2025-10-21 07:00:00,8.416,8.423,8.364,8.369,39655.7
2025-10-21 07:15:00,8.369,8.423,8.369,8.423,29623.0
2025-10-21 07:30:00,8.424,8.447,8.395,8.408,105527.3
2025-10-21 07:45:00,8.408,8.413,8.372,8.406,262594.3
2025-10-21 08:00:00,8.407,8.409,8.344,8.353,72704.6
2025-10-21 08:15:00,8.353,8.376,8.34,8.349,68462.0
2025-10-21 08:30:00,8.349,8.35,8.288,8.296,63171.6
2025-10-21 08:45:00,8.297,8.36,8.291,8.334,47436.1
2025-10-21 09:00:00,8.334,8.335,8.302,8.329,24717.1
2025-10-21 09:15:00,8.329,8.355,8.32,8.338,34622.7
2025-10-21 09:30:00,8.338,8.35,8.316,8.33,49538.2
2025-10-21 09:45:00,8.33,8.349,8.323,8.332,27035.5
2025-10-21 10:00:00,8.333,8.384,8.33,8.35,52587.8
2025-10-21 10:15:00,8.35,8.361,8.321,8.328,33125.8
2025-10-21 10:30:00,8.328,8.403,8.327,8.357,81818.2
2025-10-21 10:45:00,8.358,8.439,8.358,8.389,111061.8
2025-10-21 11:00:00,8.389,8.392,8.358,8.375,38417.9
2025-10-21 11:15:00,8.375,8.41,8.368,8.392,42650.9
2025-10-21 11:30:00,8.393,8.413,8.375,8.399,37350.4
2025-10-21 11:45:00,8.401,8.455,8.4,8.434,88290.1
2025-10-21 12:00:00,8.434,8.443,8.418,8.433,58761.8
2025-10-21 12:15:00,8.433,8.555,8.433,8.513,88745.2
2025-10-21 12:30:00,8.513,8.561,8.494,8.556,53562.2
2025-10-21 12:45:00,8.556,8.565,8.464,8.472,85416.2
2025-10-21 13:00:00,8.471,8.504,8.421,8.487,157327.8
2025-10-21 13:15:00,8.488,8.505,8.467,8.489,79859.4
2025-10-21 13:30:00,8.49,8.566,8.458,8.504,132235.2
2025-10-21 13:45:00,8.503,8.503,8.449,8.488,121236.2
2025-10-21 14:00:00,8.489,8.691,8.482,8.68,231946.0
2025-10-21 14:15:00,8.68,8.781,8.629,8.649,254352.5
2025-10-21 14:30:00,8.649,8.745,8.647,8.71,134504.2
2025-10-21 14:45:00,8.711,9.018,8.688,8.972,429848.8
2025-10-21 15:00:00,8.972,9.068,8.909,9.026,407812.3
2025-10-21 15:15:00,9.027,9.121,9.005,9.052,206399.2
2025-10-21 15:30:00,9.05,9.102,8.982,9.087,171865.7
2025-10-21 15:45:00,9.087,9.115,9.021,9.052,94155.0
2025-10-21 16:00:00,9.05,9.143,9.021,9.14,166216.5
2025-10-21 16:15:00,9.141,9.181,9.095,9.144,144999.2
2025-10-21 16:30:00,9.144,9.16,9.083,9.123,154051.3
2025-10-21 16:45:00,9.123,9.17,8.919,8.956,284439.5
2025-10-21 17:00:00,8.956,9.068,8.936,9.031,250653.9
2025-10-21 17:15:00,9.03,9.04,8.883,9.016,292452.6
2025-10-21 17:30:00,9.016,9.056,8.973,9.039,107890.3
2025-10-21 17:45:00,9.039,9.049,8.985,8.995,76538.1
2025-10-21 18:00:00,8.995,9.026,8.909,8.922,79895.2
2025-10-21 18:15:00,8.921,8.97,8.907,8.929,64219.2
2025-10-21 18:30:00,8.93,8.936,8.899,8.916,72314.5
2025-10-21 18:45:00,8.915,8.961,8.913,8.957,49926.4
2025-10-21 19:00:00,8.956,8.959,8.922,8.951,40537.7
2025-10-21 19:15:00,8.951,8.952,8.887,8.909,44314.5
2025-10-21 19:30:00,8.908,8.933,8.891,8.906,47190.2
2025-10-21 19:45:00,8.906,8.926,8.879,8.882,26548.7
2025-10-21 20:00:00,8.881,8.896,8.808,8.838,85113.4
2025-10-21 20:15:00,8.838,8.844,8.737,8.798,194262.8
2025-10-21 20:30:00,8.798,8.807,8.768,8.787,70941.2
2025-10-21 20:45:00,8.786,8.803,8.75,8.771,42093.3
2025-10-21 21:00:00,8.769,8.799,8.759,8.798,45307.3
2025-10-21 21:15:00,8.798,8.806,8.614,8.701,243725.2
2025-10-21 21:30:00,8.7,8.752,8.681,8.749,45987.6
2025-10-21 21:45:00,8.749,8.761,8.742,8.752,26817.6
2025-10-21 22:00:00,8.752,8.765,8.664,8.71,68336.2
2025-10-21 22:15:00,8.711,8.738,8.62,8.628,67274.1
2025-10-21 22:30:00,8.629,8.657,8.536,8.591,222131.3
2025-10-21 22:45:00,8.592,8.634,8.555,8.561,61632.7
2025-10-21 23:00:00,8.561,8.583,8.542,8.555,73008.0
2025-10-21 23:15:00,8.554,8.572,8.503,8.505,47074.4
2025-10-21 23:30:00,8.505,8.506,8.406,8.436,126300.1
2025-10-21 23:45:00,8.437,8.459,8.419,8.442,36249.3
2025-10-22 00:00:00,8.442,8.491,8.427,8.487,61165.3
2025-10-22 00:15:00,8.485,8.493,8.399,8.412,40600.2
2025-10-22 00:30:00,8.413,8.456,8.344,8.398,145415.5
2025-10-22 00:45:00,8.399,8.412,8.375,8.382,42701.6
2025-10-22 01:00:00,8.382,8.465,8.379,8.449,66029.1
2025-10-22 01:15:00,8.448,8.448,8.373,8.418,87464.0
2025-10-22 01:30:00,8.417,8.424,8.379,8.412,54364.7
2025-10-22 01:45:00,8.413,8.436,8.391,8.414,71217.2
2025-10-22 02:00:00,8.414,8.459,8.402,8.457,60090.5
2025-10-22 02:15:00,8.457,8.457,8.419,8.432,34340.7
2025-10-22 02:30:00,8.431,8.432,8.397,8.408,32046.8
2025-10-22 02:45:00,8.409,8.409,8.312,8.371,391819.6
2025-10-22 03:00:00,8.371,8.372,8.303,8.309,87344.3
2025-10-22 03:15:00,8.31,8.345,8.302,8.334,68175.1
2025-10-22 03:30:00,8.334,8.356,8.312,8.325,65530.4
2025-10-22 03:45:00,8.326,8.361,8.319,8.341,58698.5
2025-10-22 04:00:00,8.341,8.41,8.33,8.392,64700.3
2025-10-22 04:15:00,8.392,8.405,8.376,8.384,32306.6
2025-10-22 04:30:00,8.384,8.434,8.378,8.407,49755.1
2025-10-22 04:45:00,8.408,8.417,8.388,8.414,29925.1
2025-10-22 05:00:00,8.414,8.417,8.374,8.375,79199.0
2025-10-22 05:15:00,8.375,8.378,8.243,8.303,177096.2
2025-10-22 05:30:00,8.302,8.332,8.281,8.322,88591.0
2025-10-22 05:45:00,8.322,8.348,8.306,8.337,35285.7
2025-10-22 06:00:00,8.337,8.337,8.311,8.333,37664.1
2025-10-22 06:15:00,8.333,8.341,8.295,8.31,78290.0
2025-10-22 06:30:00,8.31,8.341,8.302,8.316,58881.1
2025-10-22 06:45:00,8.316,8.316,8.281,8.282,43835.6
2025-10-22 07:00:00,8.283,8.288,8.251,8.252,88384.2
2025-10-22 07:15:00,8.254,8.308,8.253,8.298,107129.0
2025-10-22 07:30:00,8.299,8.345,8.285,8.306,99399.6
2025-10-22 07:45:00,8.306,8.335,8.283,8.323,73260.3
2025-10-22 08:00:00,8.323,8.323,8.26,8.26,65573.3
2025-10-22 08:15:00,8.26,8.291,8.25,8.277,64964.8
2025-10-22 08:30:00,8.278,8.283,8.247,8.283,48419.2
2025-10-22 08:45:00,8.282,8.295,8.257,8.259,37241.8
2025-10-22 09:00:00,8.259,8.277,8.224,8.234,66649.0
2025-10-22 09:15:00,8.235,8.271,8.204,8.268,86234.0
2025-10-22 09:30:00,8.268,8.281,8.217,8.218,53355.5
2025-10-22 09:45:00,8.218,8.249,8.201,8.231,38098.9
2025-10-22 10:00:00,8.231,8.274,8.211,8.248,73577.2
2025-10-22 10:15:00,8.249,8.275,8.22,8.236,68891.5
2025-10-22 10:30:00,8.237,8.251,8.216,8.232,34643.3
2025-10-22 10:45:00,8.232,8.255,8.214,8.224,38788.2
2025-10-22 11:00:00,8.224,8.358,8.145,8.354,389385.3
2025-10-22 11:15:00,8.355,8.402,8.324,8.342,166254.2
2025-10-22 11:30:00,8.343,8.391,8.323,8.329,96464.1
2025-10-22 11:45:00,8.329,8.345,8.304,8.328,56954.7
2025-10-22 12:00:00,8.328,8.342,8.291,8.312,75186.8
2025-10-22 12:15:00,8.313,8.391,8.313,8.349,116216.4
2025-10-22 12:30:00,8.35,8.364,8.338,8.338,41328.0
2025-10-22 12:45:00,8.338,8.338,8.298,8.317,70769.6
2025-10-22 13:00:00,8.318,8.367,8.297,8.353,62610.2
2025-10-22 13:15:00,8.353,8.356,8.321,8.327,48558.6
2025-10-22 13:30:00,8.328,8.373,8.272,8.335,174925.9
2025-10-22 13:45:00,8.335,8.482,8.31,8.466,209105.3
2025-10-22 14:00:00,8.466,8.475,8.378,8.416,146268.6
2025-10-22 14:15:00,8.417,8.446,8.293,8.332,223235.2
2025-10-22 14:30:00,8.333,8.404,8.285,8.337,150430.4
2025-10-22 14:45:00,8.339,8.473,8.302,8.473,164029.0
2025-10-22 15:00:00,8.472,8.504,8.391,8.396,172225.4
2025-10-22 15:15:00,8.394,8.401,8.328,8.354,84020.1
2025-10-22 15:30:00,8.355,8.464,8.339,8.453,107446.8
2025-10-22 15:45:00,8.454,8.479,8.42,8.432,74726.5
2025-10-22 16:00:00,8.433,8.439,8.385,8.387,72766.4
2025-10-22 16:15:00,8.386,8.421,8.333,8.401,68664.8
2025-10-22 16:30:00,8.402,8.455,8.309,8.393,249750.7
2025-10-22 16:45:00,8.393,8.441,8.371,8.38,74945.9
2025-10-22 17:00:00,8.38,8.415,8.368,8.382,57712.0
2025-10-22 17:15:00,8.383,8.388,8.324,8.339,73932.7
2025-10-22 17:30:00,8.338,8.38,8.29,8.303,58754.6
2025-10-22 17:45:00,8.303,8.332,8.249,8.286,76993.1
2025-10-22 18:00:00,8.286,8.34,8.278,8.295,65822.6
2025-10-22 18:15:00,8.294,8.331,8.24,8.313,62678.0
2025-10-22 18:30:00,8.312,8.335,8.278,8.289,49953.7
2025-10-22 18:45:00,8.289,8.319,8.287,8.307,47880.0
2025-10-22 19:00:00,8.306,8.4,8.298,8.369,84538.9
2025-10-22 19:15:00,8.368,8.393,8.357,8.369,41752.7
2025-10-22 19:30:00,8.369,8.383,8.325,8.329,50305.8
2025-10-22 19:45:00,8.328,8.35,8.238,8.333,120553.5
2025-10-22 20:00:00,8.334,8.347,8.302,8.319,89075.8
2025-10-22 20:15:00,8.319,8.319,8.245,8.252,56162.5
2025-10-22 20:30:00,8.251,8.299,8.22,8.29,81308.1
2025-10-22 20:45:00,8.29,8.29,8.21,8.224,70667.5
2025-10-22 21:00:00,8.223,8.228,7.94,8.072,579017.5
2025-10-22 21:15:00,8.072,8.146,8.056,8.068,131571.2
2025-10-22 21:30:00,8.068,8.112,8.059,8.095,71922.3
2025-10-22 21:45:00,8.095,8.139,8.091,8.101,38578.8
2025-10-22 22:00:00,8.101,8.159,8.091,8.131,63061.8
2025-10-22 22:15:00,8.131,8.134,8.061,8.063,37217.9
2025-10-22 22:30:00,8.062,8.121,8.056,8.1,86024.3
2025-10-22 22:45:00,8.1,8.119,8.068,8.092,54740.7
2025-10-22 23:00:00,8.091,8.153,8.088,8.135,70505.2
2025-10-22 23:15:00,8.134,8.217,8.127,8.181,94367.0
2025-10-22 23:30:00,8.18,8.234,8.179,8.183,49702.3
2025-10-22 23:45:00,8.183,8.217,8.181,8.193,30420.0
2025-10-23 00:00:00,8.194,8.208,8.174,8.193,48525.2
2025-10-23 00:15:00,8.193,8.199,8.139,8.153,31969.3
2025-10-23 00:30:00,8.154,8.189,8.153,8.157,48273.6
2025-10-23 00:45:00,8.158,8.187,8.151,8.168,38089.9
2025-10-23 01:00:00,8.168,8.213,8.16,8.201,54949.2
2025-10-23 01:15:00,8.201,8.224,8.148,8.171,58494.2
2025-10-23 01:30:00,8.171,8.193,8.157,8.173,36081.0
2025-10-23 01:45:00,8.174,8.182,8.163,8.17,18553.3
2025-10-23 02:00:00,8.171,8.201,8.165,8.199,19308.7
2025-10-23 02:15:00,8.199,8.216,8.19,8.202,20248.6
2025-10-23 02:30:00,8.202,8.209,8.189,8.202,19516.1
2025-10-23 02:45:00,8.202,8.204,8.177,8.191,30110.1
2025-10-23 03:00:00,8.19,8.209,8.182,8.201,18237.8
2025-10-23 03:15:00,8.2,8.237,8.195,8.236,18356.3
2025-10-23 03:30:00,8.235,8.242,8.207,8.207,55689.9
2025-10-23 03:45:00,8.207,8.213,8.19,8.195,24403.3
2025-10-23 04:00:00,8.196,8.198,8.156,8.156,32682.0
2025-10-23 04:15:00,8.156,8.193,8.148,8.186,30616.2
2025-10-23 04:30:00,8.187,8.263,8.166,8.256,41874.9
2025-10-23 04:45:00,8.257,8.257,8.214,8.215,28274.3
2025-10-23 05:00:00,8.216,8.244,8.21,8.24,25485.3
2025-10-23 05:15:00,8.241,8.242,8.216,8.24,35870.7
2025-10-23 05:30:00,8.24,8.252,8.23,8.23,23133.2
2025-10-23 05:45:00,8.23,8.284,8.224,8.277,42914.4
2025-10-23 06:00:00,8.279,8.281,8.248,8.274,35663.9
2025-10-23 06:15:00,8.275,8.384,8.275,8.36,116722.2
2025-10-23 06:30:00,8.361,8.388,8.344,8.351,45859.0
2025-10-23 06:45:00,8.352,8.39,8.349,8.382,36753.4
2025-10-23 07:00:00,8.384,8.39,8.345,8.346,26275.0
2025-10-23 07:15:00,8.346,8.356,8.305,8.335,53759.1
2025-10-23 07:30:00,8.336,8.358,8.318,8.339,27802.1
2025-10-23 07:45:00,8.338,8.363,8.324,8.332,40724.5
2025-10-23 08:00:00,8.332,8.39,8.328,8.382,74224.9
2025-10-23 08:15:00,8.382,8.398,8.364,8.382,35903.1
2025-10-23 08:30:00,8.383,8.393,8.353,8.37,30677.7
2025-10-23 08:45:00,8.371,8.401,8.361,8.376,32512.8
2025-10-23 09:00:00,8.376,8.383,8.349,8.354,47672.6
2025-10-23 09:15:00,8.355,8.384,8.349,8.375,41238.9
2025-10-23 09:30:00,8.375,8.383,8.364,8.378,21290.7
2025-10-23 09:45:00,8.379,8.39,8.359,8.382,25005.4
2025-10-23 10:00:00,8.383,8.418,8.383,8.418,52464.9
2025-10-23 10:15:00,8.418,8.447,8.417,8.426,46150.3
2025-10-23 10:30:00,8.426,8.434,8.399,8.403,41396.3
2025-10-23 10:45:00,8.403,8.406,8.374,8.375,37829.3
2025-10-23 11:00:00,8.374,8.381,8.354,8.37,29530.3
2025-10-23 11:15:00,8.371,8.383,8.348,8.37,24970.3
2025-10-23 11:30:00,8.37,8.371,8.313,8.318,39238.9
2025-10-23 11:45:00,8.318,8.327,8.303,8.321,26081.1
2025-10-23 12:00:00,8.322,8.322,8.238,8.287,91282.1
2025-10-23 12:15:00,8.287,8.34,8.277,8.328,32796.3
2025-10-23 12:30:00,8.328,8.329,8.295,8.323,50369.9
2025-10-23 12:45:00,8.325,8.371,8.323,8.369,63262.4
2025-10-23 13:00:00,8.369,8.383,8.327,8.381,74385.7
2025-10-23 13:15:00,8.381,8.414,8.376,8.407,51373.8
2025-10-23 13:30:00,8.408,8.517,8.407,8.449,159269.9
2025-10-23 13:45:00,8.448,8.491,8.437,8.465,42865.6
2025-10-23 14:00:00,8.466,8.506,8.371,8.377,288604.9
2025-10-23 14:15:00,8.376,8.397,8.328,8.355,91045.9
2025-10-23 14:30:00,8.355,8.407,8.346,8.358,66898.1
2025-10-23 14:45:00,8.359,8.387,8.345,8.368,41175.6
2025-10-23 15:00:00,8.369,8.474,8.351,8.453,128758.3
2025-10-23 15:15:00,8.454,8.473,8.391,8.452,58419.7
2025-10-23 15:30:00,8.454,8.518,8.445,8.453,91418.8
2025-10-23 15:45:00,8.453,8.503,8.445,8.473,33150.9
2025-10-23 16:00:00,8.473,8.503,8.459,8.492,54747.7
2025-10-23 16:15:00,8.492,8.506,8.462,8.467,27974.3
2025-10-23 16:30:00,8.466,8.516,8.466,8.496,61933.3
2025-10-23 16:45:00,8.497,8.605,8.497,8.582,93046.7
2025-10-23 17:00:00,8.583,8.589,8.486,8.519,120723.4
2025-10-23 17:15:00,8.519,8.545,8.508,8.53,24626.0
2025-10-23 17:30:00,8.531,8.637,8.531,8.605,117158.7
2025-10-23 17:45:00,8.606,8.634,8.589,8.599,62634.6
2025-10-23 18:00:00,8.6,8.609,8.546,8.552,70499.5
2025-10-23 18:15:00,8.552,8.569,8.529,8.529,49585.0
2025-10-23 18:30:00,8.529,8.536,8.506,8.512,43069.2
2025-10-23 18:45:00,8.513,8.514,8.472,8.478,38285.2
2025-10-23 19:00:00,8.479,8.48,8.421,8.458,65829.2
2025-10-23 19:15:00,8.459,8.49,8.431,8.483,30459.9
2025-10-23 19:30:00,8.484,8.486,8.456,8.465,21574.6
2025-10-23 19:45:00,8.466,8.487,8.457,8.48,31820.3
2025-10-23 20:00:00,8.479,8.483,8.43,8.446,50299.3
2025-10-23 20:15:00,8.445,8.457,8.441,8.455,17273.2
2025-10-23 20:30:00,8.454,8.47,8.427,8.438,25794.8
2025-10-23 20:45:00,8.437,8.441,8.341,8.377,85214.6
2025-10-23 21:00:00,8.376,8.414,8.361,8.388,67859.7
2025-10-23 21:15:00,8.389,8.405,8.372,8.384,27238.2
2025-10-23 21:30:00,8.384,8.385,8.358,8.361,26410.0
2025-10-23 21:45:00,8.362,8.38,8.353,8.355,22069.3
2025-10-23 22:00:00,8.355,8.388,8.349,8.357,60420.5
2025-10-23 22:15:00,8.358,8.371,8.347,8.361,33775.8
2025-10-23 22:30:00,8.362,8.402,8.362,8.371,51935.7
2025-10-23 22:45:00,8.371,8.393,8.366,8.375,46201.6
2025-10-23 23:00:00,8.374,8.377,8.349,8.371,23085.3
2025-10-23 23:15:00,8.371,8.379,8.35,8.372,36204.1
2025-10-23 23:30:00,8.372,8.375,8.352,8.375,38119.6
2025-10-23 23:45:00,8.375,8.409,8.368,8.406,50247.3
2025-10-24 00:00:00,8.407,8.415,8.363,8.396,68581.2
2025-10-24 00:15:00,8.396,8.419,8.362,8.365,42597.2
2025-10-24 00:30:00,8.364,8.418,8.363,8.413,56570.7
2025-10-24 00:45:00,8.414,8.468,8.414,8.429,74983.1
2025-10-24 01:00:00,8.43,8.451,8.427,8.43,43456.3
2025-10-24 01:15:00,8.431,8.434,8.387,8.393,54942.4
2025-10-24 01:30:00,8.393,8.413,8.378,8.411,41029.2
2025-10-24 01:45:00,8.411,8.439,8.41,8.417,37204.3
2025-10-24 02:00:00,8.416,8.416,8.38,8.39,27999.6
2025-10-24 02:15:00,8.391,8.401,8.358,8.367,28878.1
2025-10-24 02:30:00,8.368,8.384,8.345,8.374,51426.5
2025-10-24 02:45:00,8.374,8.388,8.358,8.361,43011.4
2025-10-24 03:00:00,8.362,8.37,8.338,8.36,70884.4
2025-10-24 03:15:00,8.36,8.364,8.344,8.359,22924.2
2025-10-24 03:30:00,8.359,8.359,8.338,8.352,49578.4
2025-10-24 03:45:00,8.351,8.362,8.331,8.354,28421.9
2025-10-24 04:00:00,8.353,8.368,8.328,8.368,37527.3
2025-10-24 04:15:00,8.368,8.441,8.351,8.436,71317.8
2025-10-24 04:30:00,8.436,8.531,8.43,8.511,152502.5
2025-10-24 04:45:00,8.512,8.542,8.503,8.516,65117.2
2025-10-24 05:00:00,8.515,8.535,8.492,8.517,78406.6
2025-10-24 05:15:00,8.517,8.536,8.511,8.522,36065.2
2025-10-24 05:30:00,8.522,8.544,8.509,8.535,48934.0
2025-10-24 05:45:00,8.534,8.567,8.531,8.537,38722.4
2025-10-24 06:00:00,8.537,8.554,8.513,8.543,83989.2
2025-10-24 06:15:00,8.543,8.561,8.529,8.549,42216.6
2025-10-24 06:30:00,8.549,8.562,8.533,8.545,69465.4
2025-10-24 06:45:00,8.544,8.574,8.536,8.566,32967.5
2025-10-24 07:00:00,8.566,8.586,8.535,8.539,94365.3
2025-10-24 07:15:00,8.537,8.553,8.529,8.552,47308.8
2025-10-24 07:30:00,8.552,8.558,8.51,8.511,53058.8
2025-10-24 07:45:00,8.511,8.531,8.48,8.529,69207.1
2025-10-24 08:00:00,8.528,8.556,8.495,8.534,60319.0
2025-10-24 08:15:00,8.534,8.549,8.511,8.53,23992.2
2025-10-24 08:30:00,8.529,8.595,8.513,8.594,71473.9
2025-10-24 08:45:00,8.594,8.613,8.572,8.577,64074.8
2025-10-24 09:00:00,8.577,8.58,8.543,8.547,66227.9
2025-10-24 09:15:00,8.547,8.561,8.543,8.552,29206.7
2025-10-24 09:30:00,8.551,8.553,8.499,8.514,71374.6
2025-10-24 09:45:00,8.514,8.521,8.489,8.5,26384.8
2025-10-24 10:00:00,8.501,8.503,8.478,8.501,47861.9
2025-10-24 10:15:00,8.502,8.503,8.445,8.455,42240.0
2025-10-24 10:30:00,8.456,8.481,8.45,8.463,41241.2
2025-10-24 10:45:00,8.464,8.472,8.444,8.447,20736.7
2025-10-24 11:00:00,8.448,8.45,8.429,8.443,46876.9
2025-10-24 11:15:00,8.444,8.446,8.404,8.426,48259.4
2025-10-24 11:30:00,8.426,8.445,8.373,8.44,98816.7
2025-10-24 11:45:00,8.44,8.474,8.427,8.473,62672.4
2025-10-24 12:00:00,8.474,8.504,8.474,8.496,66555.9
2025-10-24 12:15:00,8.496,8.516,8.452,8.502,68275.0
2025-10-24 12:30:00,8.502,8.739,8.482,8.592,429002.4
2025-10-24 12:45:00,8.593,8.6,8.514,8.545,90730.4
2025-10-24 13:00:00,8.545,8.546,8.498,8.501,77290.5
2025-10-24 13:15:00,8.5,8.536,8.496,8.514,57269.6
2025-10-24 13:30:00,8.515,8.526,8.431,8.433,169935.1
2025-10-24 13:45:00,8.432,8.485,8.392,8.477,121450.0
2025-10-24 14:00:00,8.478,8.478,8.405,8.437,92848.1
2025-10-24 14:15:00,8.437,8.441,8.308,8.34,123220.3
2025-10-24 14:30:00,8.341,8.372,8.318,8.367,91540.1
2025-10-24 14:45:00,8.368,8.379,8.346,8.367,85661.1
2025-10-24 15:00:00,8.368,8.397,8.328,8.384,86809.1
2025-10-24 15:15:00,8.384,8.427,8.369,8.386,73777.0
2025-10-24 15:30:00,8.387,8.394,8.326,8.335,51329.9
2025-10-24 15:45:00,8.335,8.335,8.3,8.328,72677.6
2025-10-24 16:00:00,8.329,8.336,8.266,8.285,88982.4
2025-10-24 16:15:00,8.286,8.326,8.28,8.302,41200.5
2025-10-24 16:30:00,8.302,8.305,8.246,8.257,63492.9
2025-10-24 16:45:00,8.26,8.293,8.253,8.291,31424.9
2025-10-24 17:00:00,8.292,8.33,8.281,8.288,56154.6
2025-10-24 17:15:00,8.288,8.349,8.284,8.342,45217.3
2025-10-24 17:30:00,8.342,8.348,8.325,8.333,23679.4
2025-10-24 17:45:00,8.333,8.347,8.306,8.319,31150.0
2025-10-24 18:00:00,8.319,8.361,8.307,8.353,47192.6
2025-10-24 18:15:00,8.353,8.372,8.35,8.366,30490.1
2025-10-24 18:30:00,8.366,8.385,8.353,8.367,46923.3
2025-10-24 18:45:00,8.367,8.384,8.356,8.379,28454.5
2025-10-24 19:00:00,8.379,8.438,8.379,8.427,78430.2
2025-10-24 19:15:00,8.428,8.467,8.424,8.466,39605.5
2025-10-24 19:30:00,8.465,8.473,8.433,8.46,53329.6
2025-10-24 19:45:00,8.459,8.46,8.438,8.441,65135.9
2025-10-24 20:00:00,8.44,8.462,8.433,8.451,45254.5
2025-10-24 20:15:00,8.45,8.509,8.449,8.483,42790.1
2025-10-24 20:30:00,8.482,8.494,8.468,8.474,45421.0
2025-10-24 20:45:00,8.473,8.487,8.46,8.473,22792.8
2025-10-24 21:00:00,8.473,8.494,8.445,8.46,66675.6
2025-10-24 21:15:00,8.46,8.503,8.458,8.479,44536.4
2025-10-24 21:30:00,8.479,8.494,8.465,8.483,29751.5
2025-10-24 21:45:00,8.482,8.513,8.482,8.511,19175.1
2025-10-24 22:00:00,8.51,8.514,8.489,8.497,28225.8
2025-10-24 22:15:00,8.496,8.525,8.488,8.518,22453.7
2025-10-24 22:30:00,8.518,8.539,8.509,8.514,33561.1
2025-10-24 22:45:00,8.514,8.514,8.487,8.496,13513.0
2025-10-24 23:00:00,8.495,8.496,8.476,8.478,29383.1
2025-10-24 23:15:00,8.478,8.493,8.468,8.486,15733.6
2025-10-24 23:30:00,8.486,8.502,8.463,8.472,33567.1
2025-10-24 23:45:00,8.472,8.482,8.468,8.479,18362.0
2025-10-25 00:00:00,8.478,8.479,8.453,8.457,35460.9
2025-10-25 00:15:00,8.458,8.461,8.436,8.443,23865.6
2025-10-25 00:30:00,8.442,8.455,8.423,8.431,37596.3
2025-10-25 00:45:00,8.431,8.452,8.402,8.417,36391.7
2025-10-25 01:00:00,8.418,8.436,8.407,8.434,31827.8
2025-10-25 01:15:00,8.433,8.469,8.419,8.461,31706.7
2025-10-25 01:30:00,8.46,8.474,8.413,8.418,37461.5
2025-10-25 01:45:00,8.418,8.431,8.413,8.43,18514.8
2025-10-25 02:00:00,8.429,8.442,8.406,8.416,37961.0
2025-10-25 02:15:00,8.417,8.43,8.413,8.424,15981.8
2025-10-25 02:30:00,8.424,8.435,8.407,8.427,25467.1
2025-10-25 02:45:00,8.426,8.46,8.426,8.427,24177.4
2025-10-25 03:00:00,8.426,8.427,8.369,8.389,71375.5
2025-10-25 03:15:00,8.389,8.405,8.385,8.387,24829.7
2025-10-25 03:30:00,8.387,8.397,8.369,8.377,29548.7
2025-10-25 03:45:00,8.376,8.378,8.355,8.357,15979.4
2025-10-25 04:00:00,8.355,8.373,8.354,8.37,43429.4
2025-10-25 04:15:00,8.37,8.394,8.358,8.362,42114.2
2025-10-25 04:30:00,8.362,8.372,8.34,8.352,56488.6
2025-10-25 04:45:00,8.352,8.366,8.348,8.349,18301.4
2025-10-25 05:00:00,8.348,8.36,8.328,8.337,38265.8
2025-10-25 05:15:00,8.337,8.338,8.311,8.331,30118.6
2025-10-25 05:30:00,8.33,8.33,8.299,8.321,49426.6
2025-10-25 05:45:00,8.321,8.34,8.312,8.327,22167.8
2025-10-25 06:00:00,8.328,8.347,8.317,8.336,44762.3
2025-10-25 06:15:00,8.336,8.341,8.325,8.333,25941.1
2025-10-25 06:30:00,8.333,8.346,8.324,8.336,28232.6
2025-10-25 06:45:00,8.336,8.34,8.323,8.331,14934.6
2025-10-25 07:00:00,8.331,8.342,8.324,8.33,23285.0
2025-10-25 07:15:00,8.33,8.362,8.328,8.359,50274.1
2025-10-25 07:30:00,8.359,8.389,8.325,8.338,65668.3
2025-10-25 07:45:00,8.338,8.346,8.329,8.345,14455.6
2025-10-25 08:00:00,8.346,8.358,8.343,8.353,20530.8
2025-10-25 08:15:00,8.353,8.395,8.353,8.389,22615.9
2025-10-25 08:30:00,8.389,8.389,8.367,8.375,28780.3
2025-10-25 08:45:00,8.376,8.409,8.375,8.407,28557.7
2025-10-25 09:00:00,8.407,8.413,8.39,8.405,34417.6
2025-10-25 09:15:00,8.404,8.404,8.363,8.371,21412.7
2025-10-25 09:30:00,8.372,8.392,8.356,8.385,19398.7
2025-10-25 09:45:00,8.386,8.388,8.341,8.35,30086.4
2025-10-25 10:00:00,8.351,8.353,8.311,8.324,37133.6
2025-10-25 10:15:00,8.325,8.351,8.325,8.343,20253.8
2025-10-25 10:30:00,8.343,8.381,8.339,8.375,26219.1
2025-10-25 10:45:00,8.374,8.379,8.359,8.364,36072.1
2025-10-25 11:00:00,8.364,8.375,8.35,8.358,30186.3
2025-10-25 11:15:00,8.359,8.395,8.356,8.392,24013.2
2025-10-25 11:30:00,8.391,8.402,8.381,8.39,17946.1
2025-10-25 11:45:00,8.39,8.407,8.382,8.4,35235.8
2025-10-25 12:00:00,8.4,8.438,8.392,8.434,37040.6
2025-10-25 12:15:00,8.433,8.46,8.43,8.451,31956.7
2025-10-25 12:30:00,8.45,8.458,8.439,8.455,22830.4
2025-10-25 12:45:00,8.455,8.481,8.445,8.458,39668.3
2025-10-25 13:00:00,8.459,8.462,8.414,8.422,44159.9
2025-10-25 13:15:00,8.422,8.447,8.416,8.423,35097.3
2025-10-25 13:30:00,8.423,8.423,8.391,8.408,39825.0
2025-10-25 13:45:00,8.408,8.415,8.393,8.409,23194.7
2025-10-25 14:00:00,8.41,8.42,8.403,8.414,21107.1
2025-10-25 14:15:00,8.414,8.454,8.411,8.427,40233.0
2025-10-25 14:30:00,8.427,8.454,8.42,8.451,23636.2
2025-10-25 14:45:00,8.452,8.468,8.439,8.459,18030.4
2025-10-25 15:00:00,8.46,8.471,8.426,8.43,38544.4
2025-10-25 15:15:00,8.43,8.459,8.43,8.451,17077.5
2025-10-25 15:30:00,8.451,8.454,8.426,8.427,22994.1
2025-10-25 15:45:00,8.428,8.447,8.419,8.431,55159.3
2025-10-25 16:00:00,8.431,8.434,8.402,8.412,68460.1
2025-10-25 16:15:00,8.413,8.426,8.406,8.419,20679.5
2025-10-25 16:30:00,8.42,8.442,8.418,8.423,22546.3
2025-10-25 16:45:00,8.424,8.429,8.4,8.41,38868.0
2025-10-25 17:00:00,8.411,8.456,8.404,8.452,27603.7
2025-10-25 17:15:00,8.452,8.452,8.423,8.423,11518.7
2025-10-25 17:30:00,8.423,8.437,8.42,8.424,13510.3
2025-10-25 17:45:00,8.425,8.431,8.409,8.409,14251.5
2025-10-25 18:00:00,8.409,8.435,8.396,8.432,28902.6
2025-10-25 18:15:00,8.432,8.453,8.423,8.45,21271.0
2025-10-25 18:30:00,8.449,8.481,8.448,8.469,39296.7
2025-10-25 18:45:00,8.468,8.481,8.456,8.464,21670.1
2025-10-25 19:00:00,8.463,8.465,8.451,8.461,27527.7
2025-10-25 19:15:00,8.461,8.468,8.451,8.465,13703.5
2025-10-25 19:30:00,8.464,8.474,8.457,8.465,17304.3
2025-10-25 19:45:00,8.464,8.469,8.457,8.467,7696.1
2025-10-25 20:00:00,8.467,8.483,8.463,8.472,23702.1
2025-10-25 20:15:00,8.471,8.483,8.467,8.47,14838.0
2025-10-25 20:30:00,8.47,8.47,8.437,8.453,19127.5
2025-10-25 20:45:00,8.454,8.467,8.437,8.44,20919.6
2025-10-25 21:00:00,8.439,8.456,8.431,8.445,29356.7
2025-10-25 21:15:00,8.446,8.459,8.433,8.445,15599.8
2025-10-25 21:30:00,8.445,8.445,8.421,8.421,29575.5
2025-10-25 21:45:00,8.421,8.432,8.407,8.43,17523.0
2025-10-25 22:00:00,8.429,8.429,8.392,8.398,45053.6
2025-10-25 22:15:00,8.397,8.416,8.391,8.409,20795.6
2025-10-25 22:30:00,8.409,8.432,8.408,8.432,27157.5
2025-10-25 22:45:00,8.431,8.446,8.423,8.424,13495.5
2025-10-25 23:00:00,8.423,8.427,8.409,8.426,25580.2
2025-10-25 23:15:00,8.427,8.43,8.402,8.41,13452.9
2025-10-25 23:30:00,8.409,8.418,8.396,8.408,13533.6
2025-10-25 23:45:00,8.408,8.412,8.386,8.399,39335.1
2025-10-26 00:00:00,8.4,8.411,8.369,8.386,69497.6
2025-10-26 00:15:00,8.386,8.419,8.386,8.415,24056.9
2025-10-26 00:30:00,8.414,8.425,8.405,8.419,20792.9
2025-10-26 00:45:00,8.419,8.426,8.389,8.398,42693.3
2025-10-26 01:00:00,8.398,8.407,8.376,8.387,38794.4
2025-10-26 01:15:00,8.387,8.393,8.368,8.379,27148.7
2025-10-26 01:30:00,8.379,8.392,8.371,8.378,17200.8
2025-10-26 01:45:00,8.378,8.379,8.317,8.34,56731.0
2025-10-26 02:00:00,8.34,8.341,8.316,8.333,37024.0
2025-10-26 02:15:00,8.333,8.345,8.321,8.345,28330.4
2025-10-26 02:30:00,8.345,8.353,8.333,8.343,28283.7
2025-10-26 02:45:00,8.343,8.348,8.301,8.329,19513.2
2025-10-26 03:00:00,8.328,8.328,8.304,8.304,30504.3
2025-10-26 03:15:00,8.305,8.327,8.298,8.326,23335.3
2025-10-26 03:30:00,8.325,8.326,8.286,8.29,30754.7
2025-10-26 03:45:00,8.29,8.307,8.28,8.302,27697.6
2025-10-26 04:00:00,8.303,8.32,8.294,8.32,31220.6
2025-10-26 04:15:00,8.319,8.35,8.312,8.348,24685.3
2025-10-26 04:30:00,8.347,8.358,8.339,8.35,24578.8
2025-10-26 04:45:00,8.35,8.36,8.349,8.354,19226.5
2025-10-26 05:00:00,8.353,8.371,8.339,8.367,33803.4
2025-10-26 05:15:00,8.367,8.38,8.364,8.378,9392.6
2025-10-26 05:30:00,8.379,8.412,8.372,8.411,19756.5
2025-10-26 05:45:00,8.411,8.431,8.411,8.426,17665.5
2025-10-26 06:00:00,8.427,8.435,8.407,8.409,25733.7
2025-10-26 06:15:00,8.409,8.451,8.407,8.448,21070.3
2025-10-26 06:30:00,8.449,8.453,8.421,8.434,34087.3
2025-10-26 06:45:00,8.434,8.448,8.428,8.44,17925.1
2025-10-26 07:00:00,8.441,8.453,8.425,8.445,22479.5
2025-10-26 07:15:00,8.445,8.459,8.443,8.449,14774.6
2025-10-26 07:30:00,8.45,8.468,8.441,8.463,25554.5
2025-10-26 07:45:00,8.463,8.487,8.463,8.483,20196.6
2025-10-26 08:00:00,8.484,8.534,8.484,8.52,67463.5
2025-10-26 08:15:00,8.521,8.528,8.502,8.526,20208.4
2025-10-26 08:30:00,8.527,8.543,8.521,8.531,40212.6
2025-10-26 08:45:00,8.531,8.571,8.53,8.562,32865.1
2025-10-26 09:00:00,8.563,8.574,8.533,8.534,63986.1
2025-10-26 09:15:00,8.533,8.685,8.533,8.68,91419.0
2025-10-26 09:30:00,8.682,8.695,8.615,8.628,114390.2
2025-10-26 09:45:00,8.628,8.67,8.615,8.669,33699.1
2025-10-26 10:00:00,8.669,8.677,8.629,8.652,69567.3
2025-10-26 10:15:00,8.652,8.66,8.633,8.642,21225.2
2025-10-26 10:30:00,8.641,8.659,8.626,8.628,24863.8
2025-10-26 10:45:00,8.628,8.642,8.618,8.633,27681.5
2025-10-26 11:00:00,8.632,8.65,8.619,8.648,48409.9
2025-10-26 11:15:00,8.647,8.691,8.643,8.681,56776.0
2025-10-26 11:30:00,8.68,8.779,8.678,8.769,106408.5
2025-10-26 11:45:00,8.769,8.782,8.732,8.777,81543.0
2025-10-26 12:00:00,8.777,8.795,8.762,8.772,52938.1
2025-10-26 12:15:00,8.773,8.797,8.738,8.752,45860.7
2025-10-26 12:30:00,8.753,8.772,8.724,8.728,46629.9
2025-10-26 12:45:00,8.728,8.784,8.728,8.766,73299.5
2025-10-26 13:00:00,8.767,8.778,8.749,8.761,56614.3
2025-10-26 13:15:00,8.762,8.823,8.748,8.819,54316.0
2025-10-26 13:30:00,8.82,8.864,8.816,8.842,76324.3
2025-10-26 13:45:00,8.842,8.848,8.822,8.839,56450.2
2025-10-26 14:00:00,8.839,8.84,8.808,8.817,52017.5
2025-10-26 14:15:00,8.817,8.823,8.774,8.791,48653.1
2025-10-26 14:30:00,8.793,8.825,8.791,8.822,37950.4
2025-10-26 14:45:00,8.822,8.863,8.806,8.852,50262.0
2025-10-26 15:00:00,8.853,8.861,8.809,8.836,47711.2
2025-10-26 15:15:00,8.836,8.847,8.812,8.842,45300.3
2025-10-26 15:30:00,8.842,8.857,8.815,8.821,55715.7
2025-10-26 15:45:00,8.821,8.844,8.817,8.843,28513.7
2025-10-26 16:00:00,8.842,8.844,8.797,8.805,65815.7
2025-10-26 16:15:00,8.805,8.824,8.775,8.807,45476.3
2025-10-26 16:30:00,8.807,8.832,8.796,8.83,27792.5
2025-10-26 16:45:00,8.831,8.836,8.773,8.781,49545.4
2025-10-26 17:00:00,8.781,8.827,8.769,8.815,67245.1
2025-10-26 17:15:00,8.816,8.826,8.804,8.808,31846.4
2025-10-26 17:30:00,8.809,8.833,8.806,8.822,13332.2
2025-10-26 17:45:00,8.821,8.843,8.815,8.84,29773.4
2025-10-26 18:00:00,8.841,8.888,8.84,8.878,49394.6
2025-10-26 18:15:00,8.879,8.931,8.879,8.927,91338.9
2025-10-26 18:30:00,8.927,8.971,8.92,8.931,74196.3
2025-10-26 18:45:00,8.931,8.931,8.877,8.892,85753.9
2025-10-26 19:00:00,8.893,8.893,8.847,8.858,39618.3
2025-10-26 19:15:00,8.859,8.896,8.855,8.886,33063.9
2025-10-26 19:30:00,8.887,8.892,8.868,8.876,22954.3
2025-10-26 19:45:00,8.876,8.895,8.867,8.89,20853.8
2025-10-26 20:00:00,8.89,8.894,8.854,8.862,33723.6
2025-10-26 20:15:00,8.863,8.866,8.799,8.816,61389.5
2025-10-26 20:30:00,8.817,8.852,8.815,8.84,26681.5
2025-10-26 20:45:00,8.841,8.842,8.811,8.812,14455.3
2025-10-26 21:00:00,8.813,8.832,8.804,8.829,35758.1
2025-10-26 21:15:00,8.829,8.831,8.768,8.791,26877.4
2025-10-26 21:30:00,8.791,8.837,8.767,8.822,34387.1
2025-10-26 21:45:00,8.822,8.849,8.82,8.834,15522.2
2025-10-26 22:00:00,8.835,9.055,8.835,9.009,373240.0
2025-10-26 22:15:00,9.011,9.03,8.974,9.027,101539.7
2025-10-26 22:30:00,9.027,9.069,9.027,9.067,66414.3
2025-10-26 22:45:00,9.067,9.088,9.03,9.041,73323.9
2025-10-26 23:00:00,9.041,9.067,9.03,9.056,61512.1
2025-10-26 23:15:00,9.056,9.073,9.03,9.03,38157.7
2025-10-26 23:30:00,9.029,9.061,9.024,9.032,37984.8
2025-10-26 23:45:00,9.032,9.044,9.008,9.02,38002.1
2025-10-27 00:00:00,9.021,9.048,9.002,9.028,61798.7
2025-10-27 00:15:00,9.027,9.041,9.009,9.027,27095.0
2025-10-27 00:30:00,9.028,9.064,9.01,9.05,51305.5
2025-10-27 00:45:00,9.05,9.055,9.004,9.038,32290.3
2025-10-27 01:00:00,9.039,9.046,9.005,9.028,39402.4
2025-10-27 01:15:00,9.029,9.061,9.009,9.037,31019.8
2025-10-27 01:30:00,9.038,9.07,9.028,9.051,36882.1
2025-10-27 01:45:00,9.052,9.138,9.051,9.125,99027.8
2025-10-27 02:00:00,9.125,9.125,9.085,9.109,51318.6
2025-10-27 02:15:00,9.11,9.131,9.071,9.071,30524.0
2025-10-27 02:30:00,9.071,9.091,9.044,9.088,25589.7
2025-10-27 02:45:00,9.088,9.098,9.054,9.056,36594.8
2025-10-27 03:00:00,9.056,9.069,9.049,9.06,25656.6
2025-10-27 03:15:00,9.061,9.071,9.022,9.031,40897.5
2025-10-27 03:30:00,9.031,9.035,8.991,8.997,36586.1
2025-10-27 03:45:00,8.998,9.022,8.997,9.014,29508.8
2025-10-27 04:00:00,9.015,9.016,8.993,8.999,34053.6
2025-10-27 04:15:00,9.0,9.026,8.995,9.01,16270.3
2025-10-27 04:30:00,9.009,9.022,8.994,9.021,9727.0
2025-10-27 04:45:00,9.022,9.055,9.011,9.048,38111.6
2025-10-27 05:00:00,9.048,9.104,9.031,9.102,46582.2
2025-10-27 05:15:00,9.103,9.139,9.092,9.116,72109.8
2025-10-27 05:30:00,9.117,9.12,9.051,9.067,60248.3
2025-10-27 05:45:00,9.066,9.066,9.009,9.025,46756.2
2025-10-27 06:00:00,9.026,9.028,8.952,8.97,56282.6
2025-10-27 06:15:00,8.97,9.011,8.965,8.995,30978.4
2025-10-27 06:30:00,8.994,8.998,8.95,8.972,62615.4
2025-10-27 06:45:00,8.972,9.002,8.954,8.961,45365.6
2025-10-27 07:00:00,8.961,9.004,8.928,8.932,66392.4
2025-10-27 07:15:00,8.932,8.95,8.925,8.935,25961.8
2025-10-27 07:30:00,8.936,8.938,8.849,8.872,95382.8
2025-10-27 07:45:00,8.873,8.914,8.864,8.895,29163.2
2025-10-27 08:00:00,8.895,8.914,8.875,8.886,60234.6
2025-10-27 08:15:00,8.886,8.915,8.794,8.811,80248.5
2025-10-27 08:30:00,8.812,8.867,8.812,8.845,55093.7
2025-10-27 08:45:00,8.845,8.852,8.794,8.812,73681.5
2025-10-27 09:00:00,8.811,8.816,8.718,8.786,241132.7
2025-10-27 09:15:00,8.785,8.801,8.747,8.754,94717.0
2025-10-27 09:30:00,8.753,8.777,8.733,8.757,73421.6
2025-10-27 09:45:00,8.756,8.756,8.716,8.737,31683.0
2025-10-27 10:00:00,8.737,8.754,8.719,8.738,44589.0
2025-10-27 10:15:00,8.737,8.767,8.732,8.734,27908.8
2025-10-27 10:30:00,8.734,8.742,8.715,8.721,34259.0
2025-10-27 10:45:00,8.722,8.744,8.706,8.721,38355.5
2025-10-27 11:00:00,8.721,8.759,8.718,8.737,64143.5
2025-10-27 11:15:00,8.737,8.756,8.662,8.693,82246.2
2025-10-27 11:30:00,8.693,8.749,8.679,8.745,42717.8
2025-10-27 11:45:00,8.745,8.752,8.706,8.731,31450.4
2025-10-27 12:00:00,8.731,8.742,8.71,8.724,40670.6
2025-10-27 12:15:00,8.723,8.724,8.69,8.699,24628.9
2025-10-27 12:30:00,8.698,8.699,8.643,8.662,47418.9
2025-10-27 12:45:00,8.662,8.683,8.658,8.664,38749.8
2025-10-27 13:00:00,8.663,8.724,8.659,8.705,73241.0
2025-10-27 13:15:00,8.706,8.728,8.699,8.701,31637.7
2025-10-27 13:30:00,8.701,8.732,8.596,8.662,110629.4
2025-10-27 13:45:00,8.661,8.738,8.642,8.718,89264.2
2025-10-27 14:00:00,8.718,8.735,8.626,8.65,109606.2
2025-10-27 14:15:00,8.65,8.662,8.608,8.66,72389.9
2025-10-27 14:30:00,8.659,8.679,8.623,8.653,104054.8
2025-10-27 14:45:00,8.653,8.664,8.628,8.638,47501.0
2025-10-27 15:00:00,8.637,8.721,8.636,8.719,81072.5
2025-10-27 15:15:00,8.719,8.728,8.655,8.688,63401.7
2025-10-27 15:30:00,8.688,8.693,8.649,8.658,68934.9
2025-10-27 15:45:00,8.657,8.677,8.646,8.659,76597.6
2025-10-27 16:00:00,8.659,8.728,8.659,8.711,82124.5
2025-10-27 16:15:00,8.711,8.738,8.693,8.727,40426.5
2025-10-27 16:30:00,8.726,8.806,8.718,8.779,127609.2
2025-10-27 16:45:00,8.779,8.849,8.765,8.834,92647.7
2025-10-27 17:00:00,8.833,8.853,8.804,8.848,67735.5
2025-10-27 17:15:00,8.847,8.87,8.821,8.821,54026.8
2025-10-27 17:30:00,8.822,8.916,8.811,8.884,134060.2
2025-10-27 17:45:00,8.885,8.885,8.851,8.871,37623.9
2025-10-27 18:00:00,8.871,8.89,8.844,8.885,47207.2
2025-10-27 18:15:00,8.884,8.891,8.783,8.8,108410.5
2025-10-27 18:30:00,8.801,8.852,8.796,8.847,51081.5
2025-10-27 18:45:00,8.847,8.855,8.799,8.809,32719.4
2025-10-27 19:00:00,8.808,8.811,8.742,8.801,62804.5
2025-10-27 19:15:00,8.8,8.8,8.758,8.764,27969.9
2025-10-27 19:30:00,8.767,8.767,8.703,8.708,62746.6
2025-10-27 19:45:00,8.709,8.725,8.681,8.689,34204.1
2025-10-27 20:00:00,8.689,8.693,8.635,8.646,90387.6
2025-10-27 20:15:00,8.647,8.687,8.64,8.654,53781.1
2025-10-27 20:30:00,8.654,8.665,8.623,8.647,46118.0
2025-10-27 20:45:00,8.646,8.664,8.623,8.624,42557.1
2025-10-27 21:00:00,8.623,8.669,8.616,8.643,46515.2
2025-10-27 21:15:00,8.643,8.666,8.573,8.595,102696.1
2025-10-27 21:30:00,8.595,8.661,8.589,8.648,47364.2
2025-10-27 21:45:00,8.647,8.682,8.615,8.623,30834.2
2025-10-27 22:00:00,8.622,8.658,8.606,8.637,43248.4
2025-10-27 22:15:00,8.637,8.665,8.629,8.649,38345.1
2025-10-27 22:30:00,8.65,8.651,8.573,8.576,51837.4
2025-10-27 22:45:00,8.576,8.614,8.573,8.59,30254.2
2025-10-27 23:00:00,8.589,8.592,8.552,8.573,88860.8
2025-10-27 23:15:00,8.574,8.601,8.535,8.593,93041.7
2025-10-27 23:30:00,8.592,8.636,8.591,8.618,37983.4
2025-10-27 23:45:00,8.617,8.633,8.609,8.623,29570.8
2025-10-28 00:00:00,8.623,8.641,8.589,8.615,48097.7
2025-10-28 00:15:00,8.615,8.674,8.612,8.653,51884.4
2025-10-28 00:30:00,8.653,8.653,8.591,8.62,64828.9
2025-10-28 00:45:00,8.62,8.638,8.589,8.637,44718.3
2025-10-28 01:00:00,8.637,8.67,8.634,8.65,59823.0
2025-10-28 01:15:00,8.651,8.662,8.624,8.636,27298.8
2025-10-28 01:30:00,8.636,8.665,8.61,8.658,45948.5
2025-10-28 01:45:00,8.659,8.671,8.638,8.641,22972.1
2025-10-28 02:00:00,8.642,8.659,8.603,8.606,30126.1
2025-10-28 02:15:00,8.607,8.616,8.559,8.594,53580.1
2025-10-28 02:30:00,8.593,8.614,8.586,8.608,29445.1
2025-10-28 02:45:00,8.608,8.611,8.521,8.585,67913.5
2025-10-28 03:00:00,8.584,8.617,8.535,8.539,71577.3
2025-10-28 03:15:00,8.538,8.581,8.538,8.579,50585.3
2025-10-28 03:30:00,8.578,8.578,8.532,8.562,38831.9
2025-10-28 03:45:00,8.562,8.579,8.541,8.569,33666.9
2025-10-28 04:00:00,8.571,8.631,8.559,8.627,49472.9
2025-10-28 04:15:00,8.627,8.642,8.606,8.608,34900.9
2025-10-28 04:30:00,8.609,8.639,8.597,8.619,37930.3
2025-10-28 04:45:00,8.619,8.691,8.617,8.653,41088.0
2025-10-28 05:00:00,8.653,8.659,8.61,8.616,51167.3
2025-10-28 05:15:00,8.615,8.633,8.606,8.61,39708.1
2025-10-28 05:30:00,8.609,8.609,8.548,8.549,73619.5
2025-10-28 05:45:00,8.548,8.549,8.499,8.505,79693.0
2025-10-28 06:00:00,8.505,8.53,8.501,8.52,52989.3
2025-10-28 06:15:00,8.521,8.527,8.506,8.514,31051.7
2025-10-28 06:30:00,8.514,8.599,8.501,8.593,56292.9
2025-10-28 06:45:00,8.592,8.688,8.59,8.677,71094.3
2025-10-28 07:00:00,8.677,8.714,8.622,8.637,100085.8
2025-10-28 07:15:00,8.636,8.647,8.615,8.616,60893.8
2025-10-28 07:30:00,8.616,8.618,8.591,8.61,30945.9
2025-10-28 07:45:00,8.61,8.614,8.566,8.577,32256.6
2025-10-28 08:00:00,8.58,8.596,8.572,8.587,33422.4
2025-10-28 08:15:00,8.587,8.644,8.587,8.636,34911.1
2025-10-28 08:30:00,8.636,8.677,8.627,8.671,48341.2
2025-10-28 08:45:00,8.67,8.683,8.644,8.645,22669.2
2025-10-28 09:00:00,8.645,8.674,8.637,8.643,42112.4
2025-10-28 09:15:00,8.643,8.648,8.608,8.609,20009.2
2025-10-28 09:30:00,8.61,8.647,8.608,8.637,30622.1
2025-10-28 09:45:00,8.638,8.668,8.635,8.651,19092.7
2025-10-28 10:00:00,8.652,8.656,8.613,8.628,46217.5
2025-10-28 10:15:00,8.628,8.647,8.617,8.644,30948.9
2025-10-28 10:30:00,8.645,8.645,8.598,8.6,33673.8
2025-10-28 10:45:00,8.602,8.649,8.602,8.642,28018.6
2025-10-28 11:00:00,8.643,8.643,8.603,8.618,39304.8
2025-10-28 11:15:00,8.62,8.665,8.616,8.634,37150.4
2025-10-28 11:30:00,8.634,8.641,8.594,8.603,39360.1
2025-10-28 11:45:00,8.604,8.604,8.57,8.58,24331.8
2025-10-28 12:00:00,8.58,8.595,8.566,8.59,48362.3
2025-10-28 12:15:00,8.591,8.594,8.549,8.572,48586.8
2025-10-28 12:30:00,8.572,8.59,8.553,8.59,38230.0
2025-10-28 12:45:00,8.59,8.651,8.587,8.638,46008.8
2025-10-28 13:00:00,8.639,8.7,8.639,8.678,85005.4
2025-10-28 13:15:00,8.679,8.73,8.679,8.706,83024.3
2025-10-28 13:30:00,8.706,8.747,8.695,8.745,83523.1
2025-10-28 13:45:00,8.745,8.776,8.736,8.758,69758.8
2025-10-28 14:00:00,8.758,8.763,8.697,8.73,111292.6
2025-10-28 14:15:00,8.731,8.784,8.683,8.707,108370.1
2025-10-28 14:30:00,8.708,8.726,8.561,8.581,162577.1
2025-10-28 14:45:00,8.581,8.639,8.443,8.62,318104.5
2025-10-28 15:00:00,8.62,8.668,8.607,8.658,85142.7
2025-10-28 15:15:00,8.658,8.666,8.597,8.598,135021.6
2025-10-28 15:30:00,8.598,8.626,8.561,8.574,124660.5
2025-10-28 15:45:00,8.574,8.635,8.574,8.598,70611.1
2025-10-28 16:00:00,8.599,8.643,8.595,8.633,81290.7
2025-10-28 16:15:00,8.634,8.645,8.588,8.626,54993.0
2025-10-28 16:30:00,8.627,8.696,8.625,8.662,135506.6
2025-10-28 16:45:00,8.663,8.73,8.662,8.691,61113.3
2025-10-28 17:00:00,8.692,8.707,8.672,8.692,39329.8
2025-10-28 17:15:00,8.694,8.698,8.66,8.664,29919.1
2025-10-28 17:30:00,8.665,8.684,8.631,8.659,41235.8
2025-10-28 17:45:00,8.66,8.678,8.657,8.668,23082.9
2025-10-28 18:00:00,8.669,8.69,8.641,8.69,30250.8
2025-10-28 18:15:00,8.69,8.699,8.608,8.622,27001.3
2025-10-28 18:30:00,8.623,8.641,8.578,8.58,53605.3
2025-10-28 18:45:00,8.58,8.611,8.573,8.609,43251.0
2025-10-28 19:00:00,8.61,8.624,8.595,8.595,39466.0
2025-10-28 19:15:00,8.595,8.595,8.479,8.481,163490.0
2025-10-28 19:30:00,8.481,8.547,8.445,8.508,109630.4
2025-10-28 19:45:00,8.508,8.511,8.417,8.467,149602.1
2025-10-28 20:00:00,8.464,8.468,8.369,8.389,268530.8
2025-10-28 20:15:00,8.389,8.431,8.29,8.312,372654.4
2025-10-28 20:30:00,8.312,8.394,8.277,8.346,224119.2
2025-10-28 20:45:00,8.345,8.355,8.286,8.328,93448.8
2025-10-28 21:00:00,8.328,8.337,8.2,8.298,220079.3
2025-10-28 21:15:00,8.298,8.317,8.273,8.284,73845.1
2025-10-28 21:30:00,8.284,8.37,8.28,8.365,59623.8
2025-10-28 21:45:00,8.365,8.391,8.322,8.324,40354.8
2025-10-28 22:00:00,8.325,8.353,8.307,8.328,56041.7
2025-10-28 22:15:00,8.328,8.397,8.325,8.396,37793.2
2025-10-28 22:30:00,8.396,8.426,8.392,8.416,59453.6
2025-10-28 22:45:00,8.416,8.442,8.409,8.427,35912.4
2025-10-28 23:00:00,8.427,8.431,8.387,8.389,34956.3
2025-10-28 23:15:00,8.389,8.405,8.354,8.361,34131.3
2025-10-28 23:30:00,8.36,8.399,8.356,8.374,38288.9
2025-10-28 23:45:00,8.374,8.401,8.371,8.376,39718.2
2025-10-29 00:00:00,8.375,8.402,8.358,8.399,51065.8
2025-10-29 00:15:00,8.399,8.42,8.388,8.407,26243.0
2025-10-29 00:30:00,8.408,8.418,8.387,8.388,24643.8
2025-10-29 00:45:00,8.387,8.388,8.359,8.371,47524.4
2025-10-29 01:00:00,8.37,8.39,8.357,8.383,37393.0
2025-10-29 01:15:00,8.382,8.399,8.375,8.377,21269.0
2025-10-29 01:30:00,8.377,8.471,8.377,8.433,52179.0
2025-10-29 01:45:00,8.434,8.434,8.386,8.407,29247.8
2025-10-29 02:00:00,8.408,8.409,8.387,8.396,20266.4
2025-10-29 02:15:00,8.395,8.408,8.38,8.394,25943.4
2025-10-29 02:30:00,8.394,8.397,8.377,8.386,23075.0
2025-10-29 02:45:00,8.386,8.403,8.381,8.384,22180.9
2025-10-29 03:00:00,8.384,8.394,8.34,8.358,58729.8
2025-10-29 03:15:00,8.357,8.373,8.341,8.359,19724.6
2025-10-29 03:30:00,8.359,8.388,8.358,8.382,25200.6
2025-10-29 03:45:00,8.383,8.394,8.375,8.377,19380.6
2025-10-29 04:00:00,8.378,8.399,8.371,8.398,28153.1
2025-10-29 04:15:00,8.398,8.41,8.394,8.401,22709.3
2025-10-29 04:30:00,8.402,8.441,8.399,8.413,31748.5
2025-10-29 04:45:00,8.413,8.425,8.41,8.411,12064.8
2025-10-29 05:00:00,8.412,8.43,8.39,8.406,56525.9
2025-10-29 05:15:00,8.407,8.421,8.4,8.417,28482.3
2025-10-29 05:30:00,8.417,8.448,8.4,8.415,39639.7
2025-10-29 05:45:00,8.416,8.429,8.404,8.413,21277.0
2025-10-29 06:00:00,8.413,8.432,8.399,8.41,42104.4
2025-10-29 06:15:00,8.41,8.421,8.405,8.412,10737.8
2025-10-29 06:30:00,8.413,8.426,8.406,8.41,18381.9
2025-10-29 06:45:00,8.411,8.474,8.411,8.459,36725.7
2025-10-29 07:00:00,8.459,8.459,8.434,8.442,44931.6
2025-10-29 07:15:00,8.443,8.473,8.434,8.47,22143.5
2025-10-29 07:30:00,8.471,8.471,8.401,8.407,46461.4
2025-10-29 07:45:00,8.407,8.433,8.394,8.421,43373.8
2025-10-29 08:00:00,8.422,8.439,8.396,8.396,31859.9
2025-10-29 08:15:00,8.397,8.419,8.396,8.415,17752.1
2025-10-29 08:30:00,8.416,8.423,8.365,8.383,31003.4
2025-10-29 08:45:00,8.383,8.394,8.371,8.388,31824.2
2025-10-29 09:00:00,8.388,8.394,8.355,8.365,32292.3
2025-10-29 09:15:00,8.366,8.417,8.366,8.399,20971.5
2025-10-29 09:30:00,8.4,8.459,8.4,8.451,39333.3
2025-10-29 09:45:00,8.45,8.465,8.437,8.442,18142.0
2025-10-29 10:00:00,8.443,8.467,8.435,8.458,25179.3
2025-10-29 10:15:00,8.458,8.535,8.45,8.509,38547.7
2025-10-29 10:30:00,8.51,8.564,8.497,8.537,39930.8
2025-10-29 10:45:00,8.538,8.542,8.504,8.512,25543.7
2025-10-29 11:00:00,8.513,8.589,8.508,8.553,55956.7
2025-10-29 11:15:00,8.554,8.579,8.541,8.576,30065.4
2025-10-29 11:30:00,8.575,8.583,8.555,8.557,24173.7
2025-10-29 11:45:00,8.558,8.591,8.558,8.58,20840.0
2025-10-29 12:00:00,8.581,8.594,8.551,8.557,57308.7
2025-10-29 12:15:00,8.557,8.568,8.527,8.531,39480.8
2025-10-29 12:30:00,8.531,8.553,8.528,8.542,30323.1
2025-10-29 12:45:00,8.543,8.576,8.527,8.541,26402.7
2025-10-29 13:00:00,8.541,8.583,8.541,8.582,46072.4
2025-10-29 13:15:00,8.582,8.641,8.577,8.619,80438.2
2025-10-29 13:30:00,8.62,8.641,8.56,8.6,104487.7
2025-10-29 13:45:00,8.601,8.609,8.564,8.583,77907.8
2025-10-29 14:00:00,8.582,8.61,8.562,8.594,113573.1
2025-10-29 14:15:00,8.595,8.604,8.538,8.549,70814.5
2025-10-29 14:30:00,8.547,8.597,8.536,8.583,54348.4
2025-10-29 14:45:00,8.585,8.622,8.564,8.585,42088.7
2025-10-29 15:00:00,8.586,8.595,8.558,8.56,63685.1
2025-10-29 15:15:00,8.561,8.596,8.529,8.538,66507.7
2025-10-29 15:30:00,8.539,8.558,8.447,8.463,119514.1
2025-10-29 15:45:00,8.464,8.476,8.404,8.46,128388.2
2025-10-29 16:00:00,8.461,8.463,8.395,8.422,118107.9
2025-10-29 16:15:00,8.422,8.541,8.412,8.508,93070.9
2025-10-29 16:30:00,8.509,8.51,8.467,8.472,47957.4
2025-10-29 16:45:00,8.471,8.493,8.448,8.457,37327.8
2025-10-29 17:00:00,8.457,8.49,8.454,8.467,44232.7
2025-10-29 17:15:00,8.466,8.474,8.436,8.459,34777.4
2025-10-29 17:30:00,8.459,8.628,8.454,8.622,139817.3
2025-10-29 17:45:00,8.622,8.672,8.585,8.671,95585.5
2025-10-29 18:00:00,8.67,8.739,8.579,8.581,334040.7
2025-10-29 18:15:00,8.581,8.66,8.581,8.614,70316.7
2025-10-29 18:30:00,8.614,8.708,8.242,8.345,1228549.9
2025-10-29 18:45:00,8.344,8.621,8.332,8.564,389889.0
2025-10-29 19:00:00,8.564,8.7,8.527,8.697,248805.0
2025-10-29 19:15:00,8.698,8.725,8.628,8.66,180520.0
2025-10-29 19:30:00,8.659,8.659,8.531,8.56,114880.6
2025-10-29 19:45:00,8.559,8.691,8.555,8.667,74646.0
2025-10-29 20:00:00,8.668,8.731,8.6,8.663,241253.0
2025-10-29 20:15:00,8.661,8.78,8.636,8.779,68684.0
2025-10-29 20:30:00,8.779,8.809,8.726,8.747,123751.2
2025-10-29 20:45:00,8.747,8.761,8.709,8.726,44116.0
2025-10-29 21:00:00,8.726,8.728,8.647,8.654,111666.3
2025-10-29 21:15:00,8.654,8.675,8.642,8.654,32494.8
2025-10-29 21:30:00,8.654,8.727,8.648,8.664,54059.9
2025-10-29 21:45:00,8.663,8.706,8.655,8.69,25751.6
2025-10-29 22:00:00,8.69,8.707,8.655,8.68,41248.3
2025-10-29 22:15:00,8.68,8.69,8.663,8.666,12689.3
2025-10-29 22:30:00,8.666,8.669,8.645,8.657,47160.3
2025-10-29 22:45:00,8.657,8.668,8.621,8.646,36619.3
2025-10-29 23:00:00,8.645,8.645,8.558,8.559,58519.7
2025-10-29 23:15:00,8.558,8.601,8.554,8.563,39984.0
2025-10-29 23:30:00,8.563,8.563,8.437,8.473,115532.1
2025-10-29 23:45:00,8.473,8.504,8.463,8.492,48388.7
2025-10-30 00:00:00,8.493,8.522,8.429,8.507,69336.7
2025-10-30 00:15:00,8.506,8.543,8.504,8.514,64183.6
2025-10-30 00:30:00,8.514,8.547,8.487,8.545,58063.0
2025-10-30 00:45:00,8.546,8.613,8.516,8.602,49940.7
2025-10-30 01:00:00,8.602,8.602,8.514,8.544,69399.2
2025-10-30 01:15:00,8.544,8.564,8.527,8.531,38485.8
2025-10-30 01:30:00,8.532,8.583,8.525,8.571,38656.9
2025-10-30 01:45:00,8.572,8.598,8.535,8.54,52908.8
2025-10-30 02:00:00,8.541,8.573,8.526,8.568,45848.2
2025-10-30 02:15:00,8.568,8.633,8.568,8.62,50372.3
2025-10-30 02:30:00,8.62,8.637,8.601,8.608,30512.5
2025-10-30 02:45:00,8.608,8.608,8.585,8.604,21709.5
2025-10-30 03:00:00,8.605,8.605,8.553,8.571,35895.1
2025-10-30 03:15:00,8.572,8.595,8.559,8.579,40502.7
2025-10-30 03:30:00,8.58,8.585,8.524,8.526,46271.0
2025-10-30 03:45:00,8.526,8.533,8.492,8.527,36997.9
2025-10-30 04:00:00,8.526,8.526,8.361,8.377,141745.1
2025-10-30 04:15:00,8.377,8.386,8.145,8.222,556998.8
2025-10-30 04:30:00,8.221,8.363,8.17,8.267,441126.0
2025-10-30 04:45:00,8.266,8.312,8.222,8.227,92425.1
2025-10-30 05:00:00,8.227,8.246,8.192,8.233,100838.6
2025-10-30 05:15:00,8.234,8.234,8.178,8.206,71685.3
2025-10-30 05:30:00,8.206,8.363,8.2,8.355,161907.3
2025-10-30 05:45:00,8.355,8.403,8.348,8.379,91528.9
2025-10-30 06:00:00,8.378,8.39,8.33,8.336,63340.7
2025-10-30 06:15:00,8.337,8.337,8.305,8.318,35520.9
2025-10-30 06:30:00,8.318,8.403,8.311,8.386,50032.0
2025-10-30 06:45:00,8.386,8.405,8.352,8.353,35233.9
2025-10-30 07:00:00,8.353,8.438,8.332,8.41,79495.8
2025-10-30 07:15:00,8.41,8.464,8.405,8.422,45497.6
2025-10-30 07:30:00,8.423,8.438,8.414,8.432,30321.8
2025-10-30 07:45:00,8.432,8.443,8.402,8.411,53490.0
2025-10-30 08:00:00,8.41,8.431,8.346,8.359,86387.8
2025-10-30 08:15:00,8.359,8.37,8.323,8.327,53703.2
2025-10-30 08:30:00,8.328,8.362,8.317,8.341,54120.9
2025-10-30 08:45:00,8.341,8.343,8.293,8.305,33290.8
2025-10-30 09:00:00,8.305,8.321,8.269,8.273,55462.1
2025-10-30 09:15:00,8.274,8.285,8.232,8.284,58856.4
2025-10-30 09:30:00,8.285,8.307,8.242,8.247,46911.5
2025-10-30 09:45:00,8.246,8.279,8.239,8.247,34543.5
2025-10-30 10:00:00,8.248,8.278,8.227,8.232,61026.7
2025-10-30 10:15:00,8.233,8.274,8.202,8.233,127628.1
2025-10-30 10:30:00,8.234,8.253,8.179,8.181,133541.0
2025-10-30 10:45:00,8.182,8.24,8.176,8.214,78741.2
2025-10-30 11:00:00,8.214,8.247,8.187,8.205,92754.2
2025-10-30 11:15:00,8.205,8.24,8.184,8.227,61648.1
2025-10-30 11:30:00,8.227,8.232,8.186,8.199,35948.6
2025-10-30 11:45:00,8.2,8.217,8.161,8.175,59280.8
2025-10-30 12:00:00,8.176,8.198,8.157,8.184,99809.7
2025-10-30 12:15:00,8.184,8.184,8.062,8.081,287516.5
2025-10-30 12:30:00,8.083,8.137,7.99,7.991,343566.7
2025-10-30 12:45:00,7.992,8.068,7.991,8.063,162084.9
2025-10-30 13:00:00,8.062,8.086,8.025,8.033,86840.6
2025-10-30 13:15:00,8.034,8.055,7.987,8.015,99195.1
2025-10-30 13:30:00,8.014,8.027,7.859,7.923,541249.9
2025-10-30 13:45:00,7.922,7.976,7.866,7.871,171008.2
2025-10-30 14:00:00,7.87,7.941,7.847,7.907,178429.5
2025-10-30 14:15:00,7.908,7.921,7.86,7.874,105763.1
2025-10-30 14:30:00,7.875,7.924,7.841,7.912,102372.1
2025-10-30 14:45:00,7.912,7.919,7.877,7.898,130846.8
2025-10-30 15:00:00,7.898,7.922,7.82,7.849,174183.8
2025-10-30 15:15:00,7.849,7.858,7.776,7.827,236771.2
2025-10-30 15:30:00,7.828,7.829,7.746,7.779,221531.1
2025-10-30 15:45:00,7.779,7.798,7.742,7.785,90106.3
2025-10-30 16:00:00,7.785,7.837,7.738,7.815,174326.4
2025-10-30 16:15:00,7.815,7.818,7.759,7.802,99238.4
2025-10-30 16:30:00,7.803,7.803,7.745,7.757,96543.8
2025-10-30 16:45:00,7.758,7.793,7.755,7.789,41470.7
2025-10-30 17:00:00,7.787,7.79,7.66,7.686,262308.5
2025-10-30 17:15:00,7.687,7.7,7.595,7.608,304227.5
2025-10-30 17:30:00,7.608,7.614,7.536,7.604,275243.5
2025-10-30 17:45:00,7.605,7.691,7.605,7.648,125349.3
2025-10-30 18:00:00,7.648,7.656,7.61,7.611,80033.4
2025-10-30 18:15:00,7.61,7.634,7.569,7.581,99129.9
2025-10-30 18:30:00,7.581,7.609,7.497,7.509,225969.4
2025-10-30 18:45:00,7.508,7.559,7.498,7.507,94757.2
2025-10-30 19:00:00,7.506,7.535,7.44,7.49,345542.0
2025-10-30 19:15:00,7.491,7.51,7.452,7.489,108706.8
2025-10-30 19:30:00,7.49,7.517,7.397,7.452,233629.9
2025-10-30 19:45:00,7.452,7.498,7.415,7.437,171307.1
2025-10-30 20:00:00,7.436,7.532,7.419,7.531,280628.2
2025-10-30 20:15:00,7.532,7.568,7.51,7.529,142225.8
2025-10-30 20:30:00,7.53,7.568,7.471,7.536,228955.6
2025-10-30 20:45:00,7.535,7.592,7.525,7.57,89660.0
2025-10-30 21:00:00,7.571,7.609,7.554,7.569,60734.2
2025-10-30 21:15:00,7.568,7.584,7.535,7.564,64167.6
2025-10-30 21:30:00,7.565,7.578,7.541,7.571,61601.8
2025-10-30 21:45:00,7.571,7.628,7.57,7.599,50259.8
2025-10-30 22:00:00,7.601,7.617,7.584,7.605,61767.9
2025-10-30 22:15:00,7.605,7.625,7.601,7.604,51480.0
2025-10-30 22:30:00,7.605,7.615,7.59,7.601,43069.3
2025-10-30 22:45:00,7.602,7.614,7.579,7.614,51791.6
2025-10-30 23:00:00,7.614,7.622,7.577,7.591,48499.2
2025-10-30 23:15:00,7.592,7.616,7.57,7.613,97726.0
2025-10-30 23:30:00,7.613,7.629,7.582,7.587,109302.1
2025-10-30 23:45:00,7.587,7.647,7.585,7.637,61014.6
2025-10-31 00:00:00,7.637,7.673,7.618,7.667,90360.9
2025-10-31 00:15:00,7.667,7.668,7.612,7.633,57113.4
2025-10-31 00:30:00,7.632,7.669,7.626,7.669,47349.1
2025-10-31 00:45:00,7.668,7.727,7.663,7.702,70816.8
2025-10-31 01:00:00,7.702,7.772,7.68,7.758,91947.3
2025-10-31 01:15:00,7.758,7.77,7.734,7.761,64039.9
2025-10-31 01:30:00,7.761,7.762,7.723,7.738,50815.8
2025-10-31 01:45:00,7.738,7.77,7.729,7.766,49487.4
2025-10-31 02:00:00,7.766,7.767,7.682,7.688,68294.0
2025-10-31 02:15:00,7.688,7.763,7.683,7.75,52703.0
2025-10-31 02:30:00,7.751,7.759,7.71,7.718,43296.9
2025-10-31 02:45:00,7.717,7.771,7.702,7.762,64592.1
2025-10-31 03:00:00,7.762,7.798,7.736,7.779,64364.4
2025-10-31 03:15:00,7.778,7.785,7.751,7.752,38839.5
2025-10-31 03:30:00,7.753,7.757,7.686,7.694,69138.9
2025-10-31 03:45:00,7.693,7.74,7.693,7.739,53171.7
2025-10-31 04:00:00,7.74,7.821,7.739,7.809,113648.1
2025-10-31 04:15:00,7.809,7.82,7.773,7.801,96218.0
2025-10-31 04:30:00,7.802,7.849,7.793,7.842,64037.8
2025-10-31 04:45:00,7.841,7.845,7.821,7.837,40355.4
2025-10-31 05:00:00,7.837,7.866,7.811,7.851,77757.3
2025-10-31 05:15:00,7.851,7.857,7.822,7.851,43803.1
2025-10-31 05:30:00,7.85,7.856,7.803,7.807,37932.1
2025-10-31 05:45:00,7.807,7.83,7.804,7.814,23872.4
2025-10-31 06:00:00,7.815,7.834,7.784,7.799,53664.2
2025-10-31 06:15:00,7.799,7.809,7.778,7.796,36171.1
2025-10-31 06:30:00,7.796,7.803,7.769,7.772,35882.9
2025-10-31 06:45:00,7.771,7.783,7.758,7.78,25865.7
2025-10-31 07:00:00,7.78,7.821,7.772,7.814,52940.3
2025-10-31 07:15:00,7.813,7.813,7.783,7.8,35879.9
2025-10-31 07:30:00,7.8,7.808,7.772,7.775,48072.1
2025-10-31 07:45:00,7.776,7.78,7.752,7.771,37133.7
2025-10-31 08:00:00,7.77,7.786,7.711,7.713,61164.8
2025-10-31 08:15:00,7.714,7.756,7.71,7.749,47931.8
2025-10-31 08:30:00,7.748,7.752,7.713,7.728,42948.1
2025-10-31 08:45:00,7.728,7.753,7.724,7.742,29561.5
2025-10-31 09:00:00,7.742,7.759,7.705,7.718,57850.0
2025-10-31 09:15:00,7.718,7.732,7.686,7.688,42782.1
2025-10-31 09:30:00,7.688,7.702,7.686,7.699,37980.5
2025-10-31 09:45:00,7.698,7.713,7.68,7.687,34584.2
2025-10-31 10:00:00,7.688,7.707,7.674,7.691,46312.3
2025-10-31 10:15:00,7.691,7.704,7.675,7.681,33279.7
2025-10-31 10:30:00,7.681,7.702,7.654,7.699,71676.7
2025-10-31 10:45:00,7.698,7.7,7.653,7.66,53696.3
2025-10-31 11:00:00,7.66,7.678,7.654,7.655,49211.2
2025-10-31 11:15:00,7.654,7.678,7.644,7.661,39866.1
2025-10-31 11:30:00,7.661,7.671,7.648,7.659,90490.6
2025-10-31 11:45:00,7.659,7.72,7.658,7.712,127330.6
2025-10-31 12:00:00,7.711,7.734,7.676,7.693,93152.3
2025-10-31 12:15:00,7.693,7.755,7.69,7.738,75338.9
2025-10-31 12:30:00,7.737,7.756,7.684,7.7,87159.2
2025-10-31 12:45:00,7.699,7.708,7.678,7.683,84705.5
2025-10-31 13:00:00,7.683,7.722,7.681,7.71,66432.2
2025-10-31 13:15:00,7.71,7.745,7.676,7.681,74032.1
2025-10-31 13:30:00,7.679,7.679,7.619,7.635,129523.0
2025-10-31 13:45:00,7.635,7.705,7.623,7.687,75578.4
2025-10-31 14:00:00,7.688,7.716,7.652,7.656,98542.4
2025-10-31 14:15:00,7.655,7.674,7.619,7.659,68770.9
2025-10-31 14:30:00,7.658,7.712,7.651,7.696,95531.6
2025-10-31 14:45:00,7.695,7.784,7.691,7.771,103859.0
2025-10-31 15:00:00,7.771,7.818,7.746,7.801,168089.5
2025-10-31 15:15:00,7.801,7.813,7.751,7.772,54524.5
2025-10-31 15:30:00,7.771,7.787,7.726,7.754,88402.7
2025-10-31 15:45:00,7.754,7.773,7.701,7.714,68250.2
2025-10-31 16:00:00,7.713,7.728,7.662,7.672,57261.5
2025-10-31 16:15:00,7.671,7.674,7.63,7.669,75586.7
2025-10-31 16:30:00,7.668,7.69,7.623,7.631,52947.4
2025-10-31 16:45:00,7.63,7.637,7.478,7.499,312520.5
2025-10-31 17:00:00,7.498,7.52,7.468,7.482,179142.2
2025-10-31 17:15:00,7.481,7.491,7.382,7.426,184586.7
2025-10-31 17:30:00,7.426,7.488,7.419,7.487,178880.8
2025-10-31 17:45:00,7.486,7.522,7.477,7.486,80483.8
2025-10-31 18:00:00,7.486,7.564,7.485,7.543,84876.1
2025-10-31 18:15:00,7.543,7.553,7.491,7.516,123749.2
2025-10-31 18:30:00,7.517,7.62,7.446,7.605,222500.6
2025-10-31 18:45:00,7.605,7.605,7.533,7.567,79000.8
2025-10-31 19:00:00,7.566,7.566,7.498,7.55,82586.0
2025-10-31 19:15:00,7.549,7.623,7.541,7.603,87361.7
2025-10-31 19:30:00,7.602,7.702,7.602,7.697,112753.3
2025-10-31 19:45:00,7.697,7.735,7.684,7.697,115776.1
2025-10-31 20:00:00,7.697,7.718,7.658,7.685,162308.0
2025-10-31 20:15:00,7.685,7.717,7.67,7.682,95000.1
2025-10-31 20:30:00,7.683,7.689,7.629,7.643,48599.2
2025-10-31 20:45:00,7.643,7.666,7.59,7.6,80555.0
2025-10-31 21:00:00,7.599,7.61,7.552,7.553,105347.2
2025-10-31 21:15:00,7.553,7.576,7.552,7.565,60128.5
2025-10-31 21:30:00,7.565,7.598,7.545,7.567,75311.6
2025-10-31 21:45:00,7.568,7.576,7.559,7.572,16595.8
2025-10-31 22:00:00,7.572,7.633,7.566,7.614,50017.5
2025-10-31 22:15:00,7.615,7.626,7.58,7.599,32416.0
2025-10-31 22:30:00,7.598,7.627,7.589,7.589,36127.3
2025-10-31 22:45:00,7.59,7.619,7.586,7.602,18586.3
2025-10-31 23:00:00,7.602,7.607,7.584,7.584,35039.9
2025-10-31 23:15:00,7.583,7.609,7.58,7.592,28523.8
2025-10-31 23:30:00,7.592,7.598,7.578,7.598,30564.0
2025-10-31 23:45:00,7.599,7.601,7.574,7.576,23064.0
2025-11-01 00:00:00,7.575,7.582,7.538,7.554,87956.4
2025-11-01 00:15:00,7.552,7.581,7.545,7.573,36700.0
2025-11-01 00:30:00,7.573,7.581,7.541,7.581,42434.1
2025-11-01 00:45:00,7.581,7.598,7.576,7.581,31425.3
2025-11-01 01:00:00,7.581,7.602,7.57,7.573,37928.9
2025-11-01 01:15:00,7.573,7.583,7.551,7.579,33763.4
2025-11-01 01:30:00,7.58,7.593,7.557,7.578,34122.7
2025-11-01 01:45:00,7.578,7.578,7.548,7.551,25719.4
2025-11-01 02:00:00,7.55,7.551,7.499,7.513,66360.7
2025-11-01 02:15:00,7.511,7.544,7.511,7.538,24517.4
2025-11-01 02:30:00,7.538,7.544,7.513,7.542,22619.1
2025-11-01 02:45:00,7.541,7.584,7.539,7.582,22485.8
2025-11-01 03:00:00,7.581,7.614,7.571,7.6,38446.5
2025-11-01 03:15:00,7.599,7.625,7.597,7.617,27444.1
2025-11-01 03:30:00,7.618,7.664,7.618,7.653,53591.8
2025-11-01 03:45:00,7.653,7.667,7.628,7.661,129695.7
2025-11-01 04:00:00,7.661,7.674,7.622,7.629,47265.4
2025-11-01 04:15:00,7.628,7.644,7.6,7.637,62153.9
2025-11-01 04:30:00,7.637,7.65,7.616,7.643,47492.7
2025-11-01 04:45:00,7.642,7.65,7.605,7.612,46299.1
2025-11-01 05:00:00,7.612,7.624,7.599,7.613,57885.4
2025-11-01 05:15:00,7.612,7.614,7.595,7.6,16432.4
2025-11-01 05:30:00,7.6,7.607,7.584,7.592,17130.2
2025-11-01 05:45:00,7.592,7.597,7.561,7.568,43289.8
2025-11-01 06:00:00,7.567,7.591,7.567,7.577,64452.9
2025-11-01 06:15:00,7.578,7.582,7.562,7.571,31688.2
2025-11-01 06:30:00,7.572,7.587,7.541,7.549,75204.6
2025-11-01 06:45:00,7.548,7.607,7.54,7.607,37038.3
2025-11-01 07:00:00,7.607,7.632,7.591,7.624,59650.1
2025-11-01 07:15:00,7.624,7.7,7.624,7.689,47855.3
2025-11-01 07:30:00,7.689,7.701,7.662,7.679,68367.6
2025-11-01 07:45:00,7.678,7.748,7.658,7.732,83011.6
2025-11-01 08:00:00,7.731,7.783,7.728,7.745,95885.3
2025-11-01 08:15:00,7.746,7.8,7.739,7.785,119104.1
2025-11-01 08:30:00,7.785,7.788,7.748,7.752,74199.4
2025-11-01 08:45:00,7.751,7.842,7.749,7.835,81094.1
2025-11-01 09:00:00,7.835,7.863,7.797,7.82,128387.4
2025-11-01 09:15:00,7.819,7.84,7.809,7.825,73660.9
2025-11-01 09:30:00,7.824,7.845,7.773,7.777,50399.9
2025-11-01 09:45:00,7.777,7.823,7.777,7.806,34466.7
2025-11-01 10:00:00,7.806,7.866,7.799,7.837,91831.2
2025-11-01 10:15:00,7.837,7.912,7.828,7.878,118119.9
2025-11-01 10:30:00,7.878,7.906,7.862,7.897,48797.4
2025-11-01 10:45:00,7.897,7.92,7.884,7.893,35565.5
2025-11-01 11:00:00,7.893,7.945,7.893,7.928,72718.6
2025-11-01 11:15:00,7.927,7.946,7.918,7.92,59575.9
2025-11-01 11:30:00,7.919,7.948,7.88,7.925,46114.4
2025-11-01 11:45:00,7.924,7.943,7.902,7.938,35103.7
2025-11-01 12:00:00,7.939,7.961,7.911,7.924,64923.6
2025-11-01 12:15:00,7.924,7.948,7.91,7.942,30238.9
2025-11-01 12:30:00,7.942,7.944,7.918,7.93,36850.9
2025-11-01 12:45:00,7.931,7.932,7.901,7.919,57218.7
2025-11-01 13:00:00,7.919,7.946,7.901,7.941,46003.8
2025-11-01 13:15:00,7.942,7.948,7.892,7.903,35932.5
2025-11-01 13:30:00,7.902,7.929,7.824,7.849,93434.6
2025-11-01 13:45:00,7.849,7.878,7.831,7.872,32838.1
2025-11-01 14:00:00,7.872,7.9,7.781,7.785,113766.2
2025-11-01 14:15:00,7.786,7.818,7.768,7.803,80168.7
2025-11-01 14:30:00,7.804,7.815,7.777,7.794,49097.5
2025-11-01 14:45:00,7.795,7.8,7.738,7.768,61037.2
2025-11-01 15:00:00,7.769,7.854,7.759,7.819,93762.0
2025-11-01 15:15:00,7.819,7.836,7.724,7.727,97290.3
2025-11-01 15:30:00,7.726,7.765,7.706,7.738,106191.5
2025-11-01 15:45:00,7.738,7.79,7.73,7.782,58671.3
2025-11-01 16:00:00,7.783,7.825,7.759,7.781,81671.5
2025-11-01 16:15:00,7.781,7.821,7.78,7.786,39966.8
2025-11-01 16:30:00,7.786,7.83,7.786,7.829,73249.7
2025-11-01 16:45:00,7.828,7.851,7.806,7.823,39514.4
2025-11-01 17:00:00,7.822,7.831,7.786,7.806,51391.5
2025-11-01 17:15:00,7.807,7.818,7.788,7.807,23808.1
2025-11-01 17:30:00,7.807,7.824,7.796,7.798,26622.8
2025-11-01 17:45:00,7.797,7.818,7.785,7.794,43182.7
2025-11-01 18:00:00,7.793,7.831,7.787,7.806,31867.9
2025-11-01 18:15:00,7.805,7.82,7.788,7.801,24604.7
2025-11-01 18:30:00,7.8,7.819,7.793,7.819,34881.5
2025-11-01 18:45:00,7.819,7.834,7.81,7.83,43778.1
2025-11-01 19:00:00,7.83,7.832,7.804,7.808,24795.6
2025-11-01 19:15:00,7.808,7.816,7.792,7.806,13697.9
2025-11-01 19:30:00,7.806,7.815,7.79,7.797,33056.7
2025-11-01 19:45:00,7.798,7.815,7.791,7.815,11888.3
2025-11-01 20:00:00,7.815,7.866,7.814,7.842,62450.5
2025-11-01 20:15:00,7.842,8.079,7.83,8.067,321870.0
2025-11-01 20:30:00,8.069,8.073,7.991,8.066,253466.9
2025-11-01 20:45:00,8.066,8.089,8.05,8.082,110637.3
2025-11-01 21:00:00,8.083,8.099,7.989,7.997,126100.7
2025-11-01 21:15:00,7.999,8.044,7.984,8.033,65717.6
2025-11-01 21:30:00,8.034,8.053,7.981,7.985,49271.3
2025-11-01 21:45:00,7.986,7.995,7.827,7.842,112889.9
2025-11-01 22:00:00,7.843,7.876,7.835,7.841,86664.6
2025-11-01 22:15:00,7.842,7.871,7.837,7.858,33409.2
2025-11-01 22:30:00,7.859,7.86,7.843,7.859,42813.5
2025-11-01 22:45:00,7.859,7.896,7.854,7.89,67613.9
2025-11-01 23:00:00,7.891,7.898,7.864,7.892,56012.3
2025-11-01 23:15:00,7.893,7.912,7.875,7.907,32369.2
2025-11-01 23:30:00,7.907,7.925,7.893,7.918,33736.4
2025-11-01 23:45:00,7.918,7.947,7.915,7.935,23327.5
2025-11-02 00:00:00,7.935,7.945,7.908,7.931,64187.5
2025-11-02 00:15:00,7.93,7.94,7.895,7.913,26316.4
2025-11-02 00:30:00,7.913,7.935,7.906,7.922,23942.9
2025-11-02 00:45:00,7.922,7.933,7.893,7.894,16551.2
2025-11-02 01:00:00,7.895,7.911,7.869,7.901,33489.1
2025-11-02 01:15:00,7.902,7.936,7.895,7.909,32230.2
2025-11-02 01:30:00,7.91,7.915,7.888,7.898,18278.5
2025-11-02 01:45:00,7.898,7.919,7.871,7.891,55207.8
2025-11-02 02:00:00,7.891,7.926,7.876,7.918,30900.2
2025-11-02 02:15:00,7.917,7.923,7.884,7.913,26174.8
2025-11-02 02:30:00,7.914,7.95,7.912,7.921,25601.0
2025-11-02 02:45:00,7.921,7.929,7.891,7.894,14731.6
2025-11-02 03:00:00,7.894,7.914,7.88,7.9,26456.3
2025-11-02 03:15:00,7.899,7.903,7.875,7.878,17867.8
2025-11-02 03:30:00,7.878,7.897,7.851,7.861,46894.8
2025-11-02 03:45:00,7.861,7.868,7.832,7.843,38498.9
2025-11-02 04:00:00,7.843,7.889,7.833,7.874,46710.4
2025-11-02 04:15:00,7.875,7.922,7.872,7.91,24067.9
2025-11-02 04:30:00,7.909,7.925,7.875,7.922,35444.6
2025-11-02 04:45:00,7.923,7.977,7.914,7.972,76252.4
2025-11-02 05:00:00,7.973,7.979,7.947,7.969,60535.7
2025-11-02 05:15:00,7.97,8.003,7.947,7.954,34523.3
2025-11-02 05:30:00,7.954,7.962,7.928,7.961,23953.1
2025-11-02 05:45:00,7.962,8.028,7.962,8.024,47767.7
2025-11-02 06:00:00,8.023,8.04,7.99,8.031,66351.5
2025-11-02 06:15:00,8.031,8.071,8.024,8.069,38490.3
2025-11-02 06:30:00,8.069,8.069,8.012,8.037,48824.7
2025-11-02 06:45:00,8.037,8.073,8.035,8.058,41195.0
2025-11-02 07:00:00,8.058,8.072,8.03,8.05,42535.7
2025-11-02 07:15:00,8.051,8.086,8.045,8.069,37205.2
2025-11-02 07:30:00,8.069,8.076,8.038,8.062,51777.9
2025-11-02 07:45:00,8.062,8.124,8.047,8.095,53845.3
2025-11-02 08:00:00,8.096,8.12,8.06,8.081,51777.7
2025-11-02 08:15:00,8.08,8.094,8.058,8.073,28314.1
2025-11-02 08:30:00,8.074,8.082,8.032,8.032,27102.2
2025-11-02 08:45:00,8.032,8.032,7.993,8.014,50220.8
2025-11-02 09:00:00,8.013,8.061,8.012,8.05,73109.8
2025-11-02 09:15:00,8.05,8.092,8.019,8.076,42189.3
2025-11-02 09:30:00,8.076,8.08,7.974,8.004,80324.5
2025-11-02 09:45:00,8.003,8.003,7.97,7.981,54685.5
2025-11-02 10:00:00,7.982,8.011,7.964,8.002,60624.4
2025-11-02 10:15:00,8.003,8.014,7.945,7.945,46170.0
2025-11-02 10:30:00,7.945,7.979,7.917,7.965,56016.7
2025-11-02 10:45:00,7.966,7.977,7.917,7.932,58273.7
2025-11-02 11:00:00,7.932,7.962,7.903,7.912,64378.8
2025-11-02 11:15:00,7.913,7.986,7.91,7.974,47829.6
2025-11-02 11:30:00,7.975,8.007,7.945,7.999,74946.2
2025-11-02 11:45:00,8.0,8.042,7.999,8.036,42749.0
2025-11-02 12:00:00,8.036,8.037,7.983,7.998,56025.1
2025-11-02 12:15:00,7.998,8.02,7.98,7.989,22404.4
2025-11-02 12:30:00,7.99,8.005,7.949,7.959,39654.4
2025-11-02 12:45:00,7.959,7.981,7.947,7.955,48567.6
2025-11-02 13:00:00,7.956,7.968,7.919,7.93,51725.9
2025-11-02 13:15:00,7.93,7.93,7.844,7.866,86964.0
2025-11-02 13:30:00,7.866,7.875,7.838,7.849,57672.7
2025-11-02 13:45:00,7.849,7.851,7.801,7.814,131363.6
2025-11-02 14:00:00,7.814,7.821,7.759,7.763,97482.9
2025-11-02 14:15:00,7.763,7.768,7.674,7.683,122546.2
2025-11-02 14:30:00,7.683,7.702,7.645,7.646,119285.5
2025-11-02 14:45:00,7.646,7.654,7.601,7.625,134091.0
2025-11-02 15:00:00,7.624,7.629,7.587,7.618,100694.9
2025-11-02 15:15:00,7.618,7.661,7.58,7.65,242008.7
2025-11-02 15:30:00,7.649,7.664,7.595,7.643,188497.4
2025-11-02 15:45:00,7.642,7.659,7.617,7.618,67660.4
2025-11-02 16:00:00,7.618,7.652,7.56,7.571,139058.4
2025-11-02 16:15:00,7.571,7.644,7.532,7.636,96408.0
2025-11-02 16:30:00,7.636,7.673,7.61,7.671,63943.6
2025-11-02 16:45:00,7.671,7.685,7.643,7.683,36583.4
2025-11-02 17:00:00,7.683,7.685,7.657,7.659,49974.9
2025-11-02 17:15:00,7.66,7.665,7.618,7.643,55482.0
2025-11-02 17:30:00,7.644,7.645,7.608,7.62,49268.3
2025-11-02 17:45:00,7.622,7.638,7.598,7.638,47026.5
2025-11-02 18:00:00,7.638,7.645,7.606,7.61,73045.7
2025-11-02 18:15:00,7.61,7.625,7.591,7.62,73603.1
2025-11-02 18:30:00,7.621,7.634,7.597,7.621,31339.5
2025-11-02 18:45:00,7.622,7.622,7.571,7.576,44485.5
2025-11-02 19:00:00,7.577,7.598,7.551,7.591,54449.6
2025-11-02 19:15:00,7.591,7.591,7.527,7.528,54023.8
2025-11-02 19:30:00,7.529,7.549,7.495,7.504,233112.2
2025-11-02 19:45:00,7.505,7.542,7.505,7.541,28235.2
2025-11-02 20:00:00,7.541,7.565,7.513,7.518,47674.2
2025-11-02 20:15:00,7.518,7.561,7.518,7.552,39751.3
2025-11-02 20:30:00,7.552,7.606,7.546,7.595,40192.3
2025-11-02 20:45:00,7.595,7.609,7.593,7.604,27893.5
2025-11-02 21:00:00,7.606,7.628,7.602,7.606,36972.5
2025-11-02 21:15:00,7.607,7.619,7.595,7.605,20231.3
2025-11-02 21:30:00,7.606,7.659,7.606,7.656,103543.2
2025-11-02 21:45:00,7.657,7.684,7.657,7.663,33531.2
2025-11-02 22:00:00,7.663,7.711,7.646,7.674,62130.2
2025-11-02 22:15:00,7.675,7.729,7.672,7.709,45501.8
2025-11-02 22:30:00,7.71,7.713,7.641,7.657,55907.7
2025-11-02 22:45:00,7.658,7.677,7.645,7.671,17771.4
2025-11-02 23:00:00,7.672,7.789,7.672,7.789,100293.9
2025-11-02 23:15:00,7.79,7.811,7.765,7.787,59497.2
2025-11-02 23:30:00,7.788,7.814,7.75,7.788,108830.0
2025-11-02 23:45:00,7.788,7.867,7.782,7.831,70539.5
2025-11-03 00:00:00,7.832,7.864,7.813,7.842,67681.5
2025-11-03 00:15:00,7.843,7.849,7.778,7.782,36955.5
2025-11-03 00:30:00,7.781,7.785,7.725,7.732,48818.0
2025-11-03 00:45:00,7.732,7.742,7.657,7.662,115361.8
2025-11-03 01:00:00,7.661,7.669,7.638,7.663,84493.4
2025-11-03 01:15:00,7.663,7.671,7.59,7.608,57041.6
2025-11-03 01:30:00,7.607,7.62,7.55,7.585,84460.5
2025-11-03 01:45:00,7.584,7.605,7.552,7.579,55058.6
2025-11-03 02:00:00,7.578,7.598,7.518,7.589,87828.9
2025-11-03 02:15:00,7.588,7.588,7.506,7.508,57824.1
2025-11-03 02:30:00,7.508,7.521,7.474,7.494,127609.3
2025-11-03 02:45:00,7.494,7.571,7.462,7.539,121683.3
2025-11-03 03:00:00,7.539,7.562,7.419,7.435,195447.8
2025-11-03 03:15:00,7.435,7.486,7.41,7.42,177974.9
2025-11-03 03:30:00,7.419,7.419,7.32,7.341,335143.1
2025-11-03 03:45:00,7.34,7.34,7.254,7.271,288556.6
2025-11-03 04:00:00,7.269,7.269,7.186,7.232,330507.0
2025-11-03 04:15:00,7.232,7.289,7.212,7.259,214651.3
2025-11-03 04:30:00,7.258,7.28,7.239,7.254,89486.0
2025-11-03 04:45:00,7.254,7.346,7.253,7.333,81469.4
2025-11-03 05:00:00,7.334,7.397,7.329,7.378,158860.4
2025-11-03 05:15:00,7.377,7.402,7.363,7.373,113874.0
2025-11-03 05:30:00,7.374,7.378,7.289,7.295,82122.0
2025-11-03 05:45:00,7.295,7.299,7.261,7.268,56287.6
2025-11-03 06:00:00,7.267,7.278,7.195,7.217,136367.5
2025-11-03 06:15:00,7.216,7.277,7.203,7.244,152302.9
2025-11-03 06:30:00,7.244,7.254,7.187,7.199,235228.7
2025-11-03 06:45:00,7.199,7.209,7.105,7.174,403952.5
2025-11-03 07:00:00,7.174,7.19,7.129,7.18,118348.7
2025-11-03 07:15:00,7.18,7.251,7.161,7.223,91871.4
2025-11-03 07:30:00,7.223,7.277,7.211,7.221,127513.0
2025-11-03 07:45:00,7.221,7.268,7.218,7.229,75085.0
2025-11-03 08:00:00,7.229,7.253,7.218,7.242,94118.9
2025-11-03 08:15:00,7.24,7.24,7.183,7.19,82016.1
2025-11-03 08:30:00,7.188,7.216,7.175,7.21,82017.3
2025-11-03 08:45:00,7.21,7.282,7.175,7.251,113513.9
2025-11-03 09:00:00,7.25,7.352,7.238,7.331,138054.1
2025-11-03 09:15:00,7.33,7.33,7.239,7.257,60086.8
2025-11-03 09:30:00,7.256,7.27,7.219,7.236,62882.7
2025-11-03 09:45:00,7.236,7.248,7.173,7.181,71229.2
2025-11-03 10:00:00,7.18,7.237,7.179,7.221,58359.1
2025-11-03 10:15:00,7.22,7.247,7.218,7.235,39218.9
2025-11-03 10:30:00,7.235,7.235,7.177,7.185,56091.3
2025-11-03 10:45:00,7.185,7.21,7.128,7.155,101446.4
2025-11-03 11:00:00,7.156,7.263,7.154,7.221,149316.3
2025-11-03 11:15:00,7.22,7.289,7.219,7.255,83474.5
2025-11-03 11:30:00,7.255,7.287,7.249,7.278,66643.5
2025-11-03 11:45:00,7.278,7.309,7.253,7.26,82659.2
2025-11-03 12:00:00,7.26,7.304,7.244,7.292,99953.7
2025-11-03 12:15:00,7.293,7.328,7.291,7.297,88987.3
2025-11-03 12:30:00,7.297,7.3,7.239,7.241,61702.5
2025-11-03 12:45:00,7.241,7.261,7.215,7.221,48977.2
2025-11-03 13:00:00,7.22,7.234,7.192,7.217,87793.1
2025-11-03 13:15:00,7.217,7.233,7.185,7.226,71528.3
2025-11-03 13:30:00,7.225,7.308,7.221,7.269,88617.4
2025-11-03 13:45:00,7.268,7.287,7.223,7.254,119749.7
2025-11-03 14:00:00,7.254,7.356,7.254,7.267,197059.8
2025-11-03 14:15:00,7.267,7.287,7.247,7.26,58967.5
2025-11-03 14:30:00,7.261,7.284,7.222,7.242,119283.8
2025-11-03 14:45:00,7.241,7.299,7.225,7.298,69442.6
2025-11-03 15:00:00,7.299,7.312,7.208,7.216,141065.4
2025-11-03 15:15:00,7.216,7.216,6.85,6.9,854377.3
2025-11-03 15:30:00,6.897,6.907,6.5,6.805,1896222.7
2025-11-03 15:45:00,6.805,6.837,6.695,6.73,504310.0
2025-11-03 16:00:00,6.731,6.85,6.686,6.83,460095.9
2025-11-03 16:15:00,6.829,6.933,6.808,6.897,315375.8
2025-11-03 16:30:00,6.898,6.947,6.886,6.928,171088.3
2025-11-03 16:45:00,6.928,6.967,6.928,6.938,131154.6
2025-11-03 17:00:00,6.939,6.985,6.922,6.975,145804.3
2025-11-03 17:15:00,6.975,7.097,6.957,6.97,197329.7
2025-11-03 17:30:00,6.971,7.068,6.966,7.023,136604.3
2025-11-03 17:45:00,7.023,7.09,7.019,7.085,110610.0
2025-11-03 18:00:00,7.085,7.095,7.005,7.018,110852.4
2025-11-03 18:15:00,7.018,7.034,6.969,6.987,72287.6
2025-11-03 18:30:00,6.988,7.001,6.958,6.966,76178.9
2025-11-03 18:45:00,6.966,6.969,6.906,6.926,104310.1
2025-11-03 19:00:00,6.926,6.938,6.88,6.919,136599.8
2025-11-03 19:15:00,6.918,6.961,6.862,6.872,145299.0
2025-11-03 19:30:00,6.873,6.919,6.87,6.912,73975.4
2025-11-03 19:45:00,6.913,6.928,6.827,6.828,105068.8
2025-11-03 20:00:00,6.829,6.855,6.802,6.812,151323.4
2025-11-03 20:15:00,6.812,6.826,6.77,6.806,107280.4
2025-11-03 20:30:00,6.806,6.838,6.776,6.788,92314.7
2025-11-03 20:45:00,6.789,6.793,6.707,6.742,149760.2
2025-11-03 21:00:00,6.742,6.838,6.741,6.753,178997.9
2025-11-03 21:15:00,6.753,6.79,6.681,6.752,174146.8
2025-11-03 21:30:00,6.752,6.814,6.736,6.811,85085.5
2025-11-03 21:45:00,6.81,6.82,6.782,6.807,88657.6
2025-11-03 22:00:00,6.807,6.814,6.753,6.777,88370.2
2025-11-03 22:15:00,6.777,6.803,6.736,6.738,98410.6
2025-11-03 22:30:00,6.736,6.782,6.7,6.754,87990.0
2025-11-03 22:45:00,6.754,6.813,6.75,6.754,57147.6
2025-11-03 23:00:00,6.754,6.754,6.681,6.712,79152.9
2025-11-03 23:15:00,6.712,6.745,6.698,6.733,36784.5
2025-11-03 23:30:00,6.733,6.77,6.723,6.752,61429.9
2025-11-03 23:45:00,6.752,6.761,6.718,6.734,51282.1
2025-11-04 00:00:00,6.735,6.768,6.725,6.753,123509.6
2025-11-04 00:15:00,6.752,6.762,6.69,6.694,88590.6
2025-11-04 00:30:00,6.694,6.888,6.693,6.88,157566.8
2025-11-04 00:45:00,6.882,6.889,6.821,6.852,67110.0
2025-11-04 01:00:00,6.853,6.862,6.813,6.837,83264.4
2025-11-04 01:15:00,6.836,6.898,6.826,6.844,137298.7
2025-11-04 01:30:00,6.845,6.904,6.837,6.86,70695.0
2025-11-04 01:45:00,6.861,6.875,6.827,6.857,62034.7
2025-11-04 02:00:00,6.857,6.876,6.826,6.866,54267.4
2025-11-04 02:15:00,6.867,6.883,6.851,6.856,48914.4
2025-11-04 02:30:00,6.856,6.868,6.826,6.838,56399.2
2025-11-04 02:45:00,6.838,6.851,6.817,6.829,47390.1
2025-11-04 03:00:00,6.829,6.899,6.794,6.896,116494.7
2025-11-04 03:15:00,6.897,6.932,6.874,6.925,78998.5
2025-11-04 03:30:00,6.926,6.975,6.906,6.969,111827.0
2025-11-04 03:45:00,6.969,6.974,6.935,6.947,81998.5
2025-11-04 04:00:00,6.948,6.99,6.942,6.974,71221.1
2025-11-04 04:15:00,6.975,6.985,6.946,6.955,124435.7
2025-11-04 04:30:00,6.956,6.983,6.924,6.926,70003.8
2025-11-04 04:45:00,6.925,6.956,6.913,6.922,48207.5
2025-11-04 05:00:00,6.921,6.929,6.892,6.897,82251.4
2025-11-04 05:15:00,6.897,6.904,6.726,6.73,271086.3
2025-11-04 05:30:00,6.729,6.735,6.602,6.609,527738.3
2025-11-04 05:45:00,6.609,6.629,6.482,6.502,537249.7
2025-11-04 06:00:00,6.501,6.687,6.495,6.687,305025.5
2025-11-04 06:15:00,6.685,6.801,6.682,6.702,312440.4
2025-11-04 06:30:00,6.702,6.707,6.615,6.625,124222.9
2025-11-04 06:45:00,6.626,6.641,6.578,6.584,140864.4
2025-11-04 07:00:00,6.584,6.599,6.507,6.524,235187.0
2025-11-04 07:15:00,6.523,6.562,6.441,6.456,229447.7
2025-11-04 07:30:00,6.456,6.515,6.425,6.45,189066.0
2025-11-04 07:45:00,6.45,6.478,6.433,6.47,72171.6
2025-11-04 08:00:00,6.469,6.507,6.443,6.464,188859.4
2025-11-04 08:15:00,6.464,6.589,6.443,6.565,180884.8
2025-11-04 08:30:00,6.565,6.668,6.556,6.627,208139.4
2025-11-04 08:45:00,6.627,6.635,6.571,6.606,96920.5
2025-11-04 09:00:00,6.605,6.626,6.574,6.592,117650.5
2025-11-04 09:15:00,6.591,6.662,6.573,6.636,93946.6
2025-11-04 09:30:00,6.636,6.678,6.609,6.667,103105.6
2025-11-04 09:45:00,6.666,6.683,6.626,6.675,74400.7
2025-11-04 10:00:00,6.674,6.729,6.67,6.687,140926.7
2025-11-04 10:15:00,6.687,6.709,6.66,6.677,122417.1
2025-11-04 10:30:00,6.677,6.711,6.654,6.682,85686.0
2025-11-04 10:45:00,6.683,6.748,6.677,6.745,91437.4
2025-11-04 11:00:00,6.745,6.789,6.733,6.766,138904.9
2025-11-04 11:15:00,6.766,6.82,6.747,6.757,89702.5
2025-11-04 11:30:00,6.756,6.771,6.741,6.75,72583.4
2025-11-04 11:45:00,6.749,6.749,6.705,6.723,56647.1
2025-11-04 12:00:00,6.723,6.727,6.668,6.678,81905.7
2025-11-04 12:15:00,6.677,6.684,6.658,6.677,67954.2
2025-11-04 12:30:00,6.676,6.682,6.605,6.617,95319.6
2025-11-04 12:45:00,6.616,6.639,6.601,6.623,68555.5
2025-11-04 13:00:00,6.623,6.642,6.575,6.603,124951.6
2025-11-04 13:15:00,6.603,6.609,6.54,6.543,122086.7
2025-11-04 13:30:00,6.542,6.635,6.536,6.596,123507.4
2025-11-04 13:45:00,6.596,6.601,6.57,6.579,79418.4
2025-11-04 14:00:00,6.578,6.578,6.513,6.528,152585.7
2025-11-04 14:15:00,6.529,6.578,6.523,6.563,70962.2
2025-11-04 14:30:00,6.561,6.726,6.525,6.715,461190.3
2025-11-04 14:45:00,6.714,6.831,6.693,6.786,303043.4
2025-11-04 15:00:00,6.787,6.837,6.744,6.758,296633.7
2025-11-04 15:15:00,6.758,6.88,6.758,6.8,231721.1
2025-11-04 15:30:00,6.799,6.82,6.764,6.803,127222.9
2025-11-04 15:45:00,6.802,6.802,6.669,6.704,204654.8
2025-11-04 16:00:00,6.702,6.774,6.701,6.741,189597.4
2025-11-04 16:15:00,6.741,6.749,6.621,6.705,267767.4
2025-11-04 16:30:00,6.704,6.735,6.594,6.6,186800.9
2025-11-04 16:45:00,6.599,6.615,6.551,6.563,381046.7
2025-11-04 17:00:00,6.563,6.563,6.374,6.405,506237.0
2025-11-04 17:15:00,6.406,6.565,6.349,6.524,551544.3
2025-11-04 17:30:00,6.523,6.638,6.523,6.576,328278.6
2025-11-04 17:45:00,6.576,6.598,6.54,6.561,129729.3
2025-11-04 18:00:00,6.56,6.563,6.442,6.478,220895.5
2025-11-04 18:15:00,6.479,6.483,6.354,6.38,284014.2
2025-11-04 18:30:00,6.379,6.487,6.27,6.487,719080.1
2025-11-04 18:45:00,6.486,6.516,6.36,6.488,539379.4
2025-11-04 19:00:00,6.488,6.541,6.448,6.489,320095.5
2025-11-04 19:15:00,6.489,6.541,6.448,6.456,192666.3
2025-11-04 19:30:00,6.456,6.471,6.375,6.4,169548.8
2025-11-04 19:45:00,6.399,6.399,6.331,6.353,140318.9
2025-11-04 20:00:00,6.352,6.382,6.262,6.276,245242.6
2025-11-04 20:15:00,6.275,6.275,6.028,6.254,1568008.8
2025-11-04 20:30:00,6.255,6.422,6.174,6.393,514857.8
2025-11-04 20:45:00,6.393,6.405,6.281,6.329,353905.0
2025-11-04 21:00:00,6.329,6.358,6.23,6.245,367975.3
2025-11-04 21:15:00,6.245,6.272,6.159,6.177,313667.2
2025-11-04 21:30:00,6.177,6.181,6.011,6.082,920660.6
2025-11-04 21:45:00,6.082,6.34,6.08,6.327,789009.7
2025-11-04 22:00:00,6.327,6.509,6.292,6.494,541378.5
2025-11-04 22:15:00,6.495,6.535,6.483,6.529,276409.7
2025-11-04 22:30:00,6.528,6.578,6.493,6.508,207404.0
2025-11-04 22:45:00,6.507,6.556,6.49,6.523,68894.9
2025-11-04 23:00:00,6.523,6.572,6.504,6.521,151880.9
2025-11-04 23:15:00,6.521,6.528,6.483,6.512,67700.7
2025-11-04 23:30:00,6.513,6.517,6.468,6.5,84045.9
2025-11-04 23:45:00,6.5,6.516,6.469,6.472,187445.4
2025-11-05 00:00:00,6.471,6.5,6.425,6.447,152959.0
2025-11-05 00:15:00,6.446,6.501,6.399,6.405,109740.3
2025-11-05 00:30:00,6.405,6.416,6.336,6.336,139206.1
2025-11-05 00:45:00,6.336,6.4,6.336,6.377,128200.0
2025-11-05 01:00:00,6.377,6.384,6.276,6.316,140434.5
2025-11-05 01:15:00,6.317,6.318,6.129,6.153,291715.8
2025-11-05 01:30:00,6.153,6.21,6.079,6.112,345445.2
2025-11-05 01:45:00,6.111,6.386,6.104,6.356,340657.5
2025-11-05 02:00:00,6.356,6.506,6.355,6.475,310154.7
2025-11-05 02:15:00,6.474,6.522,6.423,6.459,293148.2
2025-11-05 02:30:00,6.459,6.54,6.446,6.539,225121.5
2025-11-05 02:45:00,6.539,6.606,6.502,6.596,238054.2
2025-11-05 03:00:00,6.596,6.624,6.563,6.592,134973.5
2025-11-05 03:15:00,6.59,6.63,6.564,6.626,133977.5
2025-11-05 03:30:00,6.624,6.641,6.596,6.63,109447.6
2025-11-05 03:45:00,6.629,6.649,6.603,6.616,78485.8
2025-11-05 04:00:00,6.615,6.642,6.584,6.593,140682.1
2025-11-05 04:15:00,6.593,6.601,6.55,6.551,68484.3
2025-11-05 04:30:00,6.55,6.63,6.545,6.622,97113.1
2025-11-05 04:45:00,6.622,6.635,6.576,6.596,42165.6
2025-11-05 05:00:00,6.596,6.64,6.588,6.623,65409.8
2025-11-05 05:15:00,6.622,6.629,6.573,6.584,74181.1
2025-11-05 05:30:00,6.585,6.628,6.585,6.595,81236.3
2025-11-05 05:45:00,6.594,6.6,6.575,6.587,34631.0
2025-11-05 06:00:00,6.586,6.591,6.542,6.547,132894.3
2025-11-05 06:15:00,6.547,6.586,6.533,6.554,88009.3
2025-11-05 06:30:00,6.553,6.61,6.553,6.567,126010.0
2025-11-05 06:45:00,6.566,6.614,6.551,6.612,47313.8
2025-11-05 07:00:00,6.612,6.62,6.543,6.564,92944.0
2025-11-05 07:15:00,6.563,6.578,6.518,6.549,102766.9
2025-11-05 07:30:00,6.549,6.605,6.546,6.605,43615.8
2025-11-05 07:45:00,6.605,6.627,6.601,6.609,55511.0
2025-11-05 08:00:00,6.608,6.608,6.552,6.562,84800.1
2025-11-05 08:15:00,6.562,6.563,6.465,6.507,112378.2
2025-11-05 08:30:00,6.506,6.564,6.496,6.511,97086.9
2025-11-05 08:45:00,6.512,6.532,6.464,6.516,126077.5
2025-11-05 09:00:00,6.515,6.597,6.491,6.556,106965.4
2025-11-05 09:15:00,6.555,6.583,6.533,6.577,57485.8
2025-11-05 09:30:00,6.576,6.582,6.543,6.565,51815.7
2025-11-05 09:45:00,6.564,6.592,6.546,6.583,45374.9
2025-11-05 10:00:00,6.582,6.593,6.545,6.557,98423.3
2025-11-05 10:15:00,6.556,6.578,6.538,6.565,61016.7
2025-11-05 10:30:00,6.564,6.581,6.53,6.541,52427.7
2025-11-05 10:45:00,6.541,6.545,6.496,6.501,63868.5
2025-11-05 11:00:00,6.501,6.566,6.492,6.544,89492.7
2025-11-05 11:15:00,6.543,6.626,6.542,6.593,109420.1
2025-11-05 11:30:00,6.592,6.645,6.59,6.629,49089.1
2025-11-05 11:45:00,6.629,6.66,6.619,6.649,74765.0
2025-11-05 12:00:00,6.648,6.657,6.614,6.616,96125.5
2025-11-05 12:15:00,6.615,6.712,6.61,6.677,165413.8
2025-11-05 12:30:00,6.676,6.684,6.633,6.661,170704.9
2025-11-05 12:45:00,6.662,6.678,6.633,6.676,78349.4
2025-11-05 13:00:00,6.676,6.697,6.668,6.672,76374.5
2025-11-05 13:15:00,6.672,6.695,6.653,6.687,58289.0
2025-11-05 13:30:00,6.687,6.744,6.675,6.71,85702.3
2025-11-05 13:45:00,6.711,6.799,6.7,6.75,157640.4
2025-11-05 14:00:00,6.75,6.772,6.711,6.712,145515.2
2025-11-05 14:15:00,6.711,6.711,6.657,6.66,172133.3
2025-11-05 14:30:00,6.659,6.682,6.591,6.638,264195.6
2025-11-05 14:45:00,6.637,6.737,6.63,6.703,157237.5
2025-11-05 15:00:00,6.704,6.72,6.658,6.667,115706.7
2025-11-05 15:15:00,6.667,6.701,6.632,6.636,223928.7
2025-11-05 15:30:00,6.636,6.688,6.617,6.66,168188.1
2025-11-05 15:45:00,6.66,6.677,6.642,6.663,60562.9
2025-11-05 16:00:00,6.664,6.668,6.6,6.603,86231.0
2025-11-05 16:15:00,6.602,6.631,6.575,6.629,95936.7
2025-11-05 16:30:00,6.628,6.689,6.619,6.672,111143.7
2025-11-05 16:45:00,6.673,6.74,6.673,6.728,95420.6
2025-11-05 17:00:00,6.729,6.73,6.672,6.679,92026.7
2025-11-05 17:15:00,6.68,6.738,6.675,6.715,50648.1
2025-11-05 17:30:00,6.715,6.739,6.701,6.713,59221.5
2025-11-05 17:45:00,6.714,6.716,6.67,6.697,49790.2
2025-11-05 18:00:00,6.697,6.711,6.685,6.69,70571.7
2025-11-05 18:15:00,6.69,6.717,6.675,6.707,52756.7
2025-11-05 18:30:00,6.707,6.732,6.682,6.703,80249.1
2025-11-05 18:45:00,6.702,6.724,6.685,6.696,99207.9
2025-11-05 19:00:00,6.697,6.704,6.637,6.663,89795.2
2025-11-05 19:15:00,6.664,6.693,6.654,6.679,64577.3
2025-11-05 19:30:00,6.679,6.724,6.677,6.697,90173.7
2025-11-05 19:45:00,6.697,6.699,6.651,6.661,79361.6
2025-11-05 20:00:00,6.661,6.714,6.655,6.705,94236.5
2025-11-05 20:15:00,6.706,6.71,6.652,6.657,62868.7
2025-11-05 20:30:00,6.657,6.672,6.641,6.659,56187.0
2025-11-05 20:45:00,6.659,6.671,6.645,6.666,57822.8
2025-11-05 21:00:00,6.666,6.666,6.623,6.642,74973.2
2025-11-05 21:15:00,6.642,6.653,6.614,6.63,51916.3
2025-11-05 21:30:00,6.63,6.643,6.598,6.616,101981.7
2025-11-05 21:45:00,6.616,6.645,6.61,6.612,46343.7
2025-11-05 22:00:00,6.612,6.627,6.588,6.616,67199.9
2025-11-05 22:15:00,6.616,6.629,6.604,6.62,37916.2
2025-11-05 22:30:00,6.621,6.654,6.608,6.642,39450.7
2025-11-05 22:45:00,6.643,6.654,6.627,6.649,20824.8
2025-11-05 23:00:00,6.648,6.66,6.618,6.623,56532.2
2025-11-05 23:15:00,6.623,6.637,6.613,6.629,49200.4
2025-11-05 23:30:00,6.629,6.629,6.611,6.623,59520.3
2025-11-05 23:45:00,6.622,6.623,6.571,6.581,64905.7
2025-11-06 00:00:00,6.58,6.584,6.546,6.579,126086.4
2025-11-06 00:15:00,6.58,6.585,6.535,6.559,79502.1
2025-11-06 00:30:00,6.559,6.56,6.519,6.533,103558.3
2025-11-06 00:45:00,6.533,6.541,6.511,6.53,53399.4
2025-11-06 01:00:00,6.53,6.53,6.453,6.472,191954.2
2025-11-06 01:15:00,6.472,6.478,6.42,6.428,102410.6
2025-11-06 01:30:00,6.428,6.49,6.428,6.481,80005.9
2025-11-06 01:45:00,6.48,6.514,6.477,6.507,53230.9
2025-11-06 02:00:00,6.506,6.517,6.456,6.459,84065.2
2025-11-06 02:15:00,6.459,6.509,6.459,6.471,47785.7
2025-11-06 02:30:00,6.47,6.569,6.463,6.561,65883.8
2025-11-06 02:45:00,6.562,6.601,6.562,6.585,85938.3
2025-11-06 03:00:00,6.585,6.598,6.571,6.585,70055.9
2025-11-06 03:15:00,6.586,6.623,6.568,6.573,52251.0
2025-11-06 03:30:00,6.573,6.59,6.557,6.57,60468.7
2025-11-06 03:45:00,6.571,6.584,6.564,6.573,31225.7
2025-11-06 04:00:00,6.574,6.619,6.563,6.612,149399.7
2025-11-06 04:15:00,6.611,6.653,6.603,6.616,100631.4
2025-11-06 04:30:00,6.617,6.626,6.598,6.611,56328.5
2025-11-06 04:45:00,6.611,6.647,6.571,6.577,136137.0
2025-11-06 05:00:00,6.577,6.582,6.504,6.51,78563.3
2025-11-06 05:15:00,6.509,6.514,6.48,6.486,71465.6
2025-11-06 05:30:00,6.487,6.49,6.446,6.457,84795.4
2025-11-06 05:45:00,6.457,6.46,6.411,6.424,119167.9
2025-11-06 06:00:00,6.424,6.445,6.395,6.428,93012.8
2025-11-06 06:15:00,6.427,6.444,6.406,6.422,61565.3
2025-11-06 06:30:00,6.423,6.44,6.406,6.439,79439.6
2025-11-06 06:45:00,6.439,6.442,6.388,6.392,54654.1
2025-11-06 07:00:00,6.391,6.423,6.387,6.399,61232.8
2025-11-06 07:15:00,6.398,6.437,6.346,6.422,107036.6
2025-11-06 07:30:00,6.421,6.421,6.36,6.364,78057.2
2025-11-06 07:45:00,6.364,6.391,6.359,6.364,69343.7
2025-11-06 08:00:00,6.363,6.38,6.351,6.369,78922.2
2025-11-06 08:15:00,6.369,6.395,6.352,6.366,94159.1
2025-11-06 08:30:00,6.367,6.373,6.348,6.348,43254.8
2025-11-06 08:45:00,6.349,6.371,6.327,6.37,69003.5
2025-11-06 09:00:00,6.371,6.41,6.349,6.409,84075.5
2025-11-06 09:15:00,6.41,6.416,6.352,6.354,48453.6
2025-11-06 09:30:00,6.355,6.389,6.353,6.374,44316.6
2025-11-06 09:45:00,6.375,6.382,6.351,6.356,47974.6
2025-11-06 10:00:00,6.357,6.366,6.307,6.333,189467.3
2025-11-06 10:15:00,6.333,6.39,6.324,6.361,56713.1
2025-11-06 10:30:00,6.361,6.41,6.353,6.359,73686.5
2025-11-06 10:45:00,6.36,6.392,6.34,6.38,51510.3
2025-11-06 11:00:00,6.38,6.381,6.318,6.331,77954.0
2025-11-06 11:15:00,6.331,6.365,6.323,6.351,33526.9
2025-11-06 11:30:00,6.352,6.373,6.335,6.344,52811.8
2025-11-06 11:45:00,6.345,6.358,6.319,6.341,47172.8
2025-11-06 12:00:00,6.341,6.344,6.31,6.31,62475.3
2025-11-06 12:15:00,6.31,6.312,6.257,6.271,176334.8
2025-11-06 12:30:00,6.27,6.292,6.23,6.235,123327.9
2025-11-06 12:45:00,6.236,6.255,6.229,6.239,94999.5
2025-11-06 13:00:00,6.239,6.293,6.232,6.29,65856.1
2025-11-06 13:15:00,6.29,6.394,6.29,6.387,194393.7
2025-11-06 13:30:00,6.387,6.43,6.368,6.428,121305.6
2025-11-06 13:45:00,6.428,6.51,6.424,6.431,226594.0
2025-11-06 14:00:00,6.432,6.493,6.35,6.387,313349.9
2025-11-06 14:15:00,6.387,6.387,6.34,6.357,99305.4
2025-11-06 14:30:00,6.358,6.36,6.256,6.306,290263.8
2025-11-06 14:45:00,6.306,6.375,6.28,6.295,153327.6
2025-11-06 15:00:00,6.295,6.336,6.26,6.293,200057.0
2025-11-06 15:15:00,6.293,6.384,6.278,6.322,124630.5
2025-11-06 15:30:00,6.322,6.326,6.21,6.215,192497.5
2025-11-06 15:45:00,6.215,6.247,6.183,6.213,360625.5
2025-11-06 16:00:00,6.213,6.258,6.169,6.174,209046.4
2025-11-06 16:15:00,6.174,6.176,6.13,6.172,260874.6
2025-11-06 16:30:00,6.171,6.172,6.061,6.11,250419.5
2025-11-06 16:45:00,6.11,6.193,6.093,6.174,193275.8
2025-11-06 17:00:00,6.173,6.214,6.139,6.159,136404.7
2025-11-06 17:15:00,6.158,6.204,6.127,6.2,110131.7
2025-11-06 17:30:00,6.2,6.238,6.169,6.213,130360.2
2025-11-06 17:45:00,6.212,6.307,6.212,6.282,109260.2
2025-11-06 18:00:00,6.28,6.29,6.218,6.231,128334.3
2025-11-06 18:15:00,6.23,6.238,6.182,6.21,142856.1
2025-11-06 18:30:00,6.209,6.339,6.206,6.323,130788.2
2025-11-06 18:45:00,6.322,6.378,6.303,6.316,105479.5
2025-11-06 19:00:00,6.315,6.336,6.292,6.335,83708.7
2025-11-06 19:15:00,6.335,6.363,6.315,6.347,71786.4
2025-11-06 19:30:00,6.347,6.377,6.292,6.323,95003.4
2025-11-06 19:45:00,6.323,6.342,6.283,6.318,65544.9
2025-11-06 20:00:00,6.319,6.38,6.319,6.332,80672.1
2025-11-06 20:15:00,6.333,6.364,6.303,6.309,50561.1
2025-11-06 20:30:00,6.31,6.315,6.25,6.257,87410.9
2025-11-06 20:45:00,6.258,6.317,6.247,6.299,71969.7
2025-11-06 21:00:00,6.298,6.313,6.242,6.294,104854.6
2025-11-06 21:15:00,6.293,6.324,6.279,6.318,44569.9
2025-11-06 21:30:00,6.318,6.385,6.318,6.371,55561.4
2025-11-06 21:45:00,6.37,6.383,6.327,6.354,41901.0
2025-11-06 22:00:00,6.354,6.372,6.332,6.334,52419.2
2025-11-06 22:15:00,6.333,6.355,6.304,6.313,53067.7
2025-11-06 22:30:00,6.313,6.333,6.278,6.282,39717.8
2025-11-06 22:45:00,6.282,6.357,6.261,6.348,37590.2
2025-11-06 23:00:00,6.347,6.347,6.282,6.297,84268.9
2025-11-06 23:15:00,6.298,6.303,6.252,6.288,60605.3
2025-11-06 23:30:00,6.288,6.294,6.25,6.286,52737.9
2025-11-06 23:45:00,6.286,6.33,6.286,6.327,38014.6
2025-11-07 00:00:00,6.327,6.404,6.322,6.383,122585.4
2025-11-07 00:15:00,6.384,6.404,6.347,6.358,72287.0
2025-11-07 00:30:00,6.358,6.432,6.357,6.431,88816.0
2025-11-07 00:45:00,6.431,6.467,6.428,6.448,84989.8
2025-11-07 01:00:00,6.448,6.46,6.368,6.417,95471.8
2025-11-07 01:15:00,6.417,6.505,6.405,6.469,120632.7
2025-11-07 01:30:00,6.468,6.475,6.366,6.389,137124.9
2025-11-07 01:45:00,6.388,6.454,6.353,6.454,85967.5
2025-11-07 02:00:00,6.453,6.462,6.402,6.414,57526.2
2025-11-07 02:15:00,6.414,6.442,6.373,6.388,49999.9
2025-11-07 02:30:00,6.388,6.463,6.387,6.452,56620.4
2025-11-07 02:45:00,6.452,6.515,6.449,6.507,153056.6
2025-11-07 03:00:00,6.507,6.587,6.5,6.569,140767.8
2025-11-07 03:15:00,6.568,6.579,6.542,6.567,54449.1
2025-11-07 03:30:00,6.567,6.57,6.534,6.54,92698.9
2025-11-07 03:45:00,6.54,6.55,6.516,6.538,38749.1
2025-11-07 04:00:00,6.539,6.561,6.499,6.5,76262.1
2025-11-07 04:15:00,6.501,6.541,6.501,6.53,59634.8
2025-11-07 04:30:00,6.53,6.534,6.481,6.504,75699.0
2025-11-07 04:45:00,6.504,6.535,6.477,6.53,50169.5
2025-11-07 05:00:00,6.531,6.635,6.526,6.632,148504.1
2025-11-07 05:15:00,6.631,6.645,6.59,6.626,99111.5
2025-11-07 05:30:00,6.626,6.721,6.623,6.711,325591.3
2025-11-07 05:45:00,6.711,6.717,6.658,6.708,129688.7
2025-11-07 06:00:00,6.709,6.743,6.701,6.721,101908.6
2025-11-07 06:15:00,6.72,6.772,6.72,6.762,79456.1
2025-11-07 06:30:00,6.763,6.773,6.732,6.734,101044.2
2025-11-07 06:45:00,6.734,6.746,6.712,6.734,63703.7
2025-11-07 07:00:00,6.734,6.768,6.724,6.727,77903.4
2025-11-07 07:15:00,6.728,6.774,6.708,6.727,75728.1
2025-11-07 07:30:00,6.728,6.751,6.711,6.741,48426.4
2025-11-07 07:45:00,6.742,6.827,6.742,6.818,92671.9
2025-11-07 08:00:00,6.818,6.818,6.771,6.791,109807.4
2025-11-07 08:15:00,6.792,6.807,6.747,6.775,63951.3
2025-11-07 08:30:00,6.776,6.777,6.722,6.735,50593.0
2025-11-07 08:45:00,6.735,6.796,6.725,6.78,129235.4
2025-11-07 09:00:00,6.78,6.787,6.733,6.758,107200.1
2025-11-07 09:15:00,6.759,6.794,6.667,6.672,65387.0
2025-11-07 09:30:00,6.672,6.69,6.614,6.634,149731.4
2025-11-07 09:45:00,6.634,6.726,6.631,6.711,92887.5
2025-11-07 10:00:00,6.71,6.776,6.7,6.727,140547.8
2025-11-07 10:15:00,6.727,6.737,6.684,6.711,75517.9
2025-11-07 10:30:00,6.711,6.747,6.708,6.746,51244.6
2025-11-07 10:45:00,6.746,6.751,6.655,6.683,42697.4
2025-11-07 11:00:00,6.682,6.682,6.558,6.564,127457.1
2025-11-07 11:15:00,6.563,6.607,6.512,6.54,225985.3
2025-11-07 11:30:00,6.541,6.596,6.521,6.575,109174.0
2025-11-07 11:45:00,6.575,6.643,6.555,6.608,88606.3
2025-11-07 12:00:00,6.608,6.653,6.581,6.593,119903.7
2025-11-07 12:15:00,6.592,6.593,6.53,6.542,78044.2
2025-11-07 12:30:00,6.541,6.541,6.482,6.499,112791.6
2025-11-07 12:45:00,6.498,6.522,6.453,6.509,122514.5
2025-11-07 13:00:00,6.508,6.601,6.485,6.581,121580.3
2025-11-07 13:15:00,6.581,6.642,6.503,6.521,347815.3
2025-11-07 13:30:00,6.52,6.569,6.501,6.536,135893.5
2025-11-07 13:45:00,6.536,6.616,6.533,6.584,152680.6
2025-11-07 14:00:00,6.583,6.648,6.549,6.626,92563.9
2025-11-07 14:15:00,6.626,6.626,6.562,6.597,87853.8
2025-11-07 14:30:00,6.598,6.687,6.47,6.687,326083.3
2025-11-07 14:45:00,6.688,6.803,6.632,6.777,418758.0
2025-11-07 15:00:00,6.778,6.861,6.709,6.827,437596.1
2025-11-07 15:15:00,6.828,6.949,6.776,6.919,400360.7
2025-11-07 15:30:00,6.919,6.958,6.848,6.889,285100.0
2025-11-07 15:45:00,6.889,6.964,6.861,6.928,188446.8
2025-11-07 16:00:00,6.928,6.984,6.887,6.915,207038.4
2025-11-07 16:15:00,6.916,7.1,6.896,7.091,257387.4
2025-11-07 16:30:00,7.09,7.168,7.067,7.157,252578.2
2025-11-07 16:45:00,7.157,7.229,7.121,7.221,361756.6
2025-11-07 17:00:00,7.22,7.316,7.121,7.29,402320.6
2025-11-07 17:15:00,7.289,7.396,7.28,7.376,298067.5
2025-11-07 17:30:00,7.376,7.399,7.341,7.398,197765.3
2025-11-07 17:45:00,7.397,7.473,7.338,7.468,219952.8
2025-11-07 18:00:00,7.47,7.616,7.46,7.605,416514.5
2025-11-07 18:15:00,7.605,7.678,7.515,7.67,479473.4
2025-11-07 18:30:00,7.67,7.749,7.644,7.725,313139.2
2025-11-07 18:45:00,7.725,7.772,7.593,7.644,495632.5
2025-11-07 19:00:00,7.644,7.673,7.591,7.641,202827.2
2025-11-07 19:15:00,7.642,7.674,7.603,7.654,111169.0
2025-11-07 19:30:00,7.655,7.746,7.655,7.702,201649.8
2025-11-07 19:45:00,7.701,7.725,7.598,7.643,153729.1
2025-11-07 20:00:00,7.642,7.716,7.616,7.681,132889.5
2025-11-07 20:15:00,7.681,7.691,7.57,7.64,119013.8
2025-11-07 20:30:00,7.641,7.757,7.64,7.737,111235.8
2025-11-07 20:45:00,7.737,7.806,7.733,7.75,150540.5
2025-11-07 21:00:00,7.75,7.838,7.736,7.805,221140.9
2025-11-07 21:15:00,7.804,7.857,7.793,7.823,91714.8
2025-11-07 21:30:00,7.823,7.9,7.82,7.852,168346.3
2025-11-07 21:45:00,7.851,7.955,7.841,7.929,117101.1
2025-11-07 22:00:00,7.929,7.942,7.842,7.879,166612.3
2025-11-07 22:15:00,7.878,7.894,7.809,7.893,79706.3
2025-11-07 22:30:00,7.893,7.894,7.816,7.824,63296.7
2025-11-07 22:45:00,7.823,7.934,7.82,7.887,63771.7
2025-11-07 23:00:00,7.887,7.924,7.742,7.754,216008.5
2025-11-07 23:15:00,7.754,7.793,7.696,7.706,162164.8
2025-11-07 23:30:00,7.707,7.755,7.673,7.694,100003.3
2025-11-07 23:45:00,7.694,7.7,7.635,7.678,103444.6
2025-11-08 00:00:00,7.68,7.852,7.677,7.845,220671.6
2025-11-08 00:15:00,7.844,7.926,7.809,7.926,426382.2
2025-11-08 00:30:00,7.925,7.992,7.711,7.903,2452109.4
2025-11-08 00:45:00,7.902,8.082,7.895,7.904,781015.0
2025-11-08 01:00:00,7.903,8.094,7.881,7.908,451381.0
2025-11-08 01:15:00,7.909,8.027,7.898,7.955,204396.5
2025-11-08 01:30:00,7.957,8.341,7.923,8.266,608345.9
2025-11-08 01:45:00,8.268,8.334,8.078,8.193,352714.3
2025-11-08 02:00:00,8.194,8.481,8.166,8.43,455668.6
2025-11-08 02:15:00,8.431,8.5,8.359,8.425,346175.4
2025-11-08 02:30:00,8.426,8.924,8.424,8.758,932895.0
2025-11-08 02:45:00,8.758,8.835,8.501,8.528,563908.8
2025-11-08 03:00:00,8.528,8.584,8.407,8.44,293037.8
2025-11-08 03:15:00,8.441,8.498,8.344,8.457,285810.2
2025-11-08 03:30:00,8.458,8.46,8.212,8.25,337051.7
2025-11-08 03:45:00,8.25,8.293,8.03,8.079,411629.8
2025-11-08 04:00:00,8.079,8.179,8.079,8.151,347965.6
2025-11-08 04:15:00,8.151,8.167,8.005,8.036,294359.2
2025-11-08 04:30:00,8.036,8.124,8.007,8.114,197292.8
2025-11-08 04:45:00,8.114,8.197,8.082,8.093,223289.0
2025-11-08 05:00:00,8.093,8.114,8.013,8.032,117103.4
2025-11-08 05:15:00,8.033,8.069,7.963,8.05,159561.8
2025-11-08 05:30:00,8.052,8.08,7.951,7.967,128619.5
2025-11-08 05:45:00,7.966,8.017,7.949,7.974,116113.4
2025-11-08 06:00:00,7.974,8.021,7.9,7.926,209169.3
2025-11-08 06:15:00,7.927,8.018,7.862,7.899,160755.7
2025-11-08 06:30:00,7.899,8.002,7.88,7.964,123591.8
2025-11-08 06:45:00,7.963,8.012,7.924,7.934,95099.7
2025-11-08 07:00:00,7.934,7.953,7.885,7.928,82184.2
2025-11-08 07:15:00,7.928,7.963,7.838,7.907,152997.9
2025-11-08 07:30:00,7.906,7.998,7.906,7.951,148274.0
2025-11-08 07:45:00,7.95,8.002,7.94,7.959,78829.0
2025-11-08 08:00:00,7.959,8.009,7.946,7.966,121420.2
2025-11-08 08:15:00,7.967,7.986,7.893,7.963,101064.1
2025-11-08 08:30:00,7.963,8.098,7.941,8.056,154645.7
2025-11-08 08:45:00,8.054,8.063,7.994,8.01,97136.8
2025-11-08 09:00:00,8.009,8.009,7.869,7.878,117658.9
2025-11-08 09:15:00,7.879,7.928,7.859,7.879,76392.0
2025-11-08 09:30:00,7.879,7.894,7.769,7.775,148422.9
2025-11-08 09:45:00,7.775,7.78,7.694,7.726,168838.9
2025-11-08 10:00:00,7.727,7.754,7.705,7.743,92058.1
2025-11-08 10:15:00,7.743,7.78,7.714,7.755,78002.2
2025-11-08 10:30:00,7.757,7.778,7.736,7.775,74322.9
2025-11-08 10:45:00,7.774,7.821,7.773,7.785,80464.8
2025-11-08 11:00:00,7.785,7.86,7.769,7.859,70849.3
2025-11-08 11:15:00,7.859,7.879,7.828,7.848,75688.3
2025-11-08 11:30:00,7.847,7.854,7.72,7.728,109225.6
2025-11-08 11:45:00,7.728,7.79,7.715,7.771,72965.2
2025-11-08 12:00:00,7.771,7.807,7.726,7.742,126774.3
2025-11-08 12:15:00,7.741,7.823,7.741,7.806,87176.9
2025-11-08 12:30:00,7.806,7.906,7.793,7.833,353504.0
2025-11-08 12:45:00,7.833,7.84,7.781,7.814,103157.9
2025-11-08 13:00:00,7.814,7.84,7.766,7.829,142693.6
2025-11-08 13:15:00,7.83,7.842,7.768,7.793,108950.6
2025-11-08 13:30:00,7.793,7.793,7.66,7.71,170403.2
2025-11-08 13:45:00,7.709,7.717,7.61,7.619,167406.5
2025-11-08 14:00:00,7.62,7.654,7.478,7.502,375368.1
2025-11-08 14:15:00,7.503,7.531,7.442,7.507,219992.2
2025-11-08 14:30:00,7.507,7.607,7.501,7.535,184576.8
2025-11-08 14:45:00,7.534,7.558,7.503,7.539,133867.5
2025-11-08 15:00:00,7.54,7.555,7.483,7.523,88149.3
2025-11-08 15:15:00,7.524,7.542,7.413,7.454,148765.5
2025-11-08 15:30:00,7.454,7.462,7.346,7.372,203554.2
2025-11-08 15:45:00,7.372,7.412,7.334,7.356,107773.8
2025-11-08 16:00:00,7.356,7.394,7.274,7.373,195536.2
2025-11-08 16:15:00,7.372,7.398,7.291,7.361,159180.1
2025-11-08 16:30:00,7.361,7.417,7.331,7.372,123917.9
2025-11-08 16:45:00,7.372,7.376,7.324,7.359,91891.1
2025-11-08 17:00:00,7.357,7.382,7.329,7.333,89094.5
2025-11-08 17:15:00,7.334,7.413,7.333,7.394,122326.1
2025-11-08 17:30:00,7.394,7.44,7.391,7.428,76745.3
2025-11-08 17:45:00,7.428,7.437,7.386,7.402,68256.4
2025-11-08 18:00:00,7.403,7.482,7.396,7.46,102145.4
2025-11-08 18:15:00,7.46,7.46,7.405,7.419,48927.2
2025-11-08 18:30:00,7.42,7.471,7.411,7.456,77962.7
2025-11-08 18:45:00,7.456,7.505,7.44,7.481,104941.6
2025-11-08 19:00:00,7.481,7.489,7.458,7.465,64920.6
2025-11-08 19:15:00,7.466,7.471,7.34,7.364,104127.2
2025-11-08 19:30:00,7.364,7.416,7.344,7.411,40461.8
2025-11-08 19:45:00,7.411,7.42,7.377,7.392,32258.2
2025-11-08 20:00:00,7.391,7.413,7.325,7.339,70466.5
2025-11-08 20:15:00,7.338,7.402,7.334,7.398,56361.1
2025-11-08 20:30:00,7.399,7.453,7.396,7.448,71747.0
2025-11-08 20:45:00,7.449,7.469,7.421,7.437,38715.4
2025-11-08 21:00:00,7.437,7.458,7.394,7.398,66128.9
2025-11-08 21:15:00,7.399,7.432,7.39,7.419,26558.7
2025-11-08 21:30:00,7.42,7.445,7.403,7.43,46230.6
2025-11-08 21:45:00,7.429,7.454,7.415,7.442,35000.5
2025-11-08 22:00:00,7.442,7.473,7.422,7.453,58816.8
2025-11-08 22:15:00,7.453,7.481,7.427,7.463,39015.1
2025-11-08 22:30:00,7.464,7.468,7.405,7.405,49872.3
2025-11-08 22:45:00,7.406,7.443,7.405,7.422,24625.8
2025-11-08 23:00:00,7.422,7.422,7.396,7.406,48833.4
2025-11-08 23:15:00,7.406,7.433,7.403,7.429,15740.9
2025-11-08 23:30:00,7.43,7.434,7.405,7.421,28116.7
2025-11-08 23:45:00,7.422,7.447,7.422,7.436,30660.2
2025-11-09 00:00:00,7.436,7.441,7.38,7.385,85796.6
2025-11-09 00:15:00,7.385,7.39,7.328,7.376,72693.7
2025-11-09 00:30:00,7.376,7.44,7.376,7.409,57782.7
2025-11-09 00:45:00,7.408,7.41,7.319,7.336,80401.4
2025-11-09 01:00:00,7.335,7.389,7.331,7.378,59063.4
2025-11-09 01:15:00,7.378,7.389,7.321,7.332,41621.3
2025-11-09 01:30:00,7.332,7.339,7.276,7.339,87971.5
2025-11-09 01:45:00,7.34,7.37,7.338,7.367,36549.3
2025-11-09 02:00:00,7.366,7.366,7.319,7.32,47028.3
2025-11-09 02:15:00,7.32,7.334,7.28,7.283,47693.8
2025-11-09 02:30:00,7.283,7.283,7.169,7.183,169704.2
2025-11-09 02:45:00,7.182,7.226,7.143,7.173,160442.3
2025-11-09 03:00:00,7.173,7.214,7.171,7.194,63924.5
2025-11-09 03:15:00,7.193,7.204,7.109,7.136,100373.4
2025-11-09 03:30:00,7.137,7.168,7.115,7.116,134899.7
2025-11-09 03:45:00,7.115,7.143,7.086,7.124,83001.8
2025-11-09 04:00:00,7.123,7.151,7.1,7.137,73921.4
2025-11-09 04:15:00,7.136,7.19,7.135,7.162,71394.9
2025-11-09 04:30:00,7.161,7.171,7.1,7.113,37999.1
2025-11-09 04:45:00,7.113,7.133,7.107,7.123,19786.9
2025-11-09 05:00:00,7.122,7.122,7.089,7.112,72764.5
2025-11-09 05:15:00,7.112,7.144,7.103,7.133,56526.0
2025-11-09 05:30:00,7.132,7.143,7.09,7.119,57443.0
2025-11-09 05:45:00,7.12,7.16,7.117,7.153,49014.3
2025-11-09 06:00:00,7.153,7.159,7.111,7.159,42529.8
2025-11-09 06:15:00,7.159,7.242,7.146,7.238,85894.2
2025-11-09 06:30:00,7.238,7.25,7.201,7.216,68742.7
2025-11-09 06:45:00,7.215,7.216,7.155,7.172,41777.7
2025-11-09 07:00:00,7.171,7.232,7.163,7.23,40880.2
2025-11-09 07:15:00,7.229,7.251,7.2,7.244,66610.7
2025-11-09 07:30:00,7.244,7.307,7.244,7.284,79594.6
2025-11-09 07:45:00,7.284,7.304,7.265,7.298,54437.6
2025-11-09 08:00:00,7.297,7.297,7.269,7.293,54414.7
2025-11-09 08:15:00,7.292,7.292,7.21,7.22,59951.4
2025-11-09 08:30:00,7.219,7.24,7.192,7.226,69252.2
2025-11-09 08:45:00,7.226,7.226,7.175,7.207,46927.9
2025-11-09 09:00:00,7.208,7.25,7.208,7.225,78782.7
2025-11-09 09:15:00,7.225,7.283,7.216,7.234,43357.4
2025-11-09 09:30:00,7.234,7.238,7.162,7.164,90430.5
2025-11-09 09:45:00,7.164,7.164,7.123,7.141,61591.7
2025-11-09 10:00:00,7.141,7.143,7.07,7.078,128954.9
2025-11-09 10:15:00,7.077,7.137,7.077,7.126,61139.1
2025-11-09 10:30:00,7.125,7.149,7.094,7.147,64357.5
2025-11-09 10:45:00,7.147,7.197,7.145,7.191,59221.5
2025-11-09 11:00:00,7.192,7.263,7.192,7.262,123859.2
2025-11-09 11:15:00,7.262,7.265,7.228,7.261,55706.5
2025-11-09 11:30:00,7.261,7.263,7.213,7.252,61561.7
2025-11-09 11:45:00,7.253,7.269,7.221,7.239,37622.1
2025-11-09 12:00:00,7.239,7.26,7.212,7.24,59943.0
2025-11-09 12:15:00,7.241,7.266,7.222,7.231,107459.3
2025-11-09 12:30:00,7.231,7.232,7.191,7.217,69832.0
2025-11-09 12:45:00,7.216,7.233,7.194,7.223,73000.4
2025-11-09 13:00:00,7.224,7.236,7.187,7.228,69898.3
2025-11-09 13:15:00,7.228,7.245,7.201,7.245,44105.3
2025-11-09 13:30:00,7.245,7.276,7.228,7.252,80910.9
2025-11-09 13:45:00,7.252,7.269,7.221,7.237,68382.4
2025-11-09 14:00:00,7.236,7.26,7.202,7.237,106159.6
2025-11-09 14:15:00,7.237,7.364,7.226,7.362,228938.0
2025-11-09 14:30:00,7.362,7.393,7.313,7.343,243250.1
2025-11-09 14:45:00,7.344,7.378,7.296,7.317,148393.2
2025-11-09 15:00:00,7.317,7.476,7.317,7.417,237966.8
2025-11-09 15:15:00,7.417,7.438,7.374,7.424,146207.3
2025-11-09 15:30:00,7.425,7.471,7.405,7.428,109126.5
2025-11-09 15:45:00,7.427,7.431,7.349,7.375,127392.0
2025-11-09 16:00:00,7.376,7.386,7.316,7.337,131527.0
2025-11-09 16:15:00,7.335,7.358,7.296,7.349,93351.2
2025-11-09 16:30:00,7.349,7.351,7.303,7.338,60205.8
2025-11-09 16:45:00,7.339,7.417,7.338,7.416,62923.3
2025-11-09 17:00:00,7.415,7.437,7.394,7.401,72633.5
2025-11-09 17:15:00,7.401,7.43,7.34,7.378,125824.0
2025-11-09 17:30:00,7.378,7.397,7.339,7.356,83331.5
2025-11-09 17:45:00,7.356,7.386,7.351,7.364,27527.4
2025-11-09 18:00:00,7.365,7.376,7.32,7.325,95612.5
2025-11-09 18:15:00,7.325,7.357,7.308,7.344,56443.6
2025-11-09 18:30:00,7.344,7.377,7.338,7.374,33187.7
2025-11-09 18:45:00,7.374,7.483,7.367,7.459,90566.8
2025-11-09 19:00:00,7.46,7.487,7.445,7.455,77769.4
2025-11-09 19:15:00,7.456,7.485,7.439,7.479,70623.1
2025-11-09 19:30:00,7.48,7.498,7.457,7.469,59481.0
2025-11-09 19:45:00,7.469,7.58,7.46,7.574,101757.7
2025-11-09 20:00:00,7.574,7.595,7.499,7.515,137819.2
2025-11-09 20:15:00,7.516,7.562,7.508,7.54,45868.4
2025-11-09 20:30:00,7.541,7.585,7.534,7.534,38191.7
2025-11-09 20:45:00,7.533,7.577,7.518,7.575,67242.1
2025-11-09 21:00:00,7.575,7.589,7.5,7.506,56389.1
2025-11-09 21:15:00,7.507,7.557,7.507,7.557,37079.0
2025-11-09 21:30:00,7.557,7.584,7.54,7.569,54777.1
2025-11-09 21:45:00,7.57,7.58,7.528,7.58,55045.9
2025-11-09 22:00:00,7.58,7.589,7.513,7.549,61633.3
2025-11-09 22:15:00,7.55,7.579,7.498,7.504,67508.1
2025-11-09 22:30:00,7.503,7.506,7.464,7.481,64484.6
2025-11-09 22:45:00,7.48,7.581,7.48,7.549,43683.0
2025-11-09 23:00:00,7.549,7.653,7.543,7.561,126131.8
2025-11-09 23:15:00,7.561,7.568,7.51,7.522,66062.4
2025-11-09 23:30:00,7.523,7.577,7.522,7.543,43824.3
2025-11-09 23:45:00,7.543,7.601,7.537,7.595,41941.3
2025-11-10 00:00:00,7.596,7.596,7.505,7.562,65832.4
2025-11-10 00:15:00,7.562,7.665,7.552,7.634,64986.8
2025-11-10 00:30:00,7.635,7.754,7.625,7.751,129266.4
2025-11-10 00:45:00,7.751,7.828,7.741,7.774,142128.8
2025-11-10 01:00:00,7.774,7.815,7.686,7.719,156985.8
2025-11-10 01:15:00,7.719,7.744,7.679,7.702,78804.1
2025-11-10 01:30:00,7.702,7.724,7.665,7.677,59768.5
2025-11-10 01:45:00,7.678,7.769,7.667,7.676,66396.8
2025-11-10 02:00:00,7.676,7.71,7.646,7.694,73076.4
2025-11-10 02:15:00,7.695,7.756,7.68,7.724,63978.2
2025-11-10 02:30:00,7.724,7.755,7.696,7.696,55864.9
2025-11-10 02:45:00,7.697,7.812,7.695,7.808,66669.2
2025-11-10 03:00:00,7.809,7.971,7.808,7.91,233105.6
2025-11-10 03:15:00,7.908,7.919,7.845,7.872,80510.1
2025-11-10 03:30:00,7.872,7.922,7.845,7.886,127921.9
2025-11-10 03:45:00,7.887,7.889,7.759,7.827,119151.3
2025-11-10 04:00:00,7.828,7.921,7.818,7.828,130276.6
2025-11-10 04:15:00,7.829,7.83,7.758,7.777,82072.4
2025-11-10 04:30:00,7.777,7.815,7.758,7.809,89077.3
2025-11-10 04:45:00,7.81,7.969,7.798,7.964,114663.0
2025-11-10 05:00:00,7.964,8.114,7.96,8.112,141272.9
2025-11-10 05:15:00,8.112,8.167,7.997,8.024,264013.0
2025-11-10 05:30:00,8.025,8.09,7.974,8.022,164688.1
2025-11-10 05:45:00,8.022,8.054,7.985,8.046,89279.9
2025-11-10 06:00:00,8.046,8.166,8.016,8.14,324022.7
2025-11-10 06:15:00,8.14,8.191,8.087,8.113,145772.6
2025-11-10 06:30:00,8.113,8.306,8.11,8.207,282244.2
2025-11-10 06:45:00,8.207,8.251,8.038,8.048,274730.8
2025-11-10 07:00:00,8.047,8.099,8.013,8.083,175627.2
2025-11-10 07:15:00,8.083,8.084,7.982,7.986,92605.1
2025-11-10 07:30:00,7.986,7.99,7.926,7.934,113170.2
2025-11-10 07:45:00,7.934,7.967,7.908,7.925,70386.5
2025-11-10 08:00:00,7.926,7.933,7.842,7.852,119123.6
2025-11-10 08:15:00,7.852,7.895,7.85,7.873,81370.0
2025-11-10 08:30:00,7.872,7.873,7.77,7.786,166700.4
2025-11-10 08:45:00,7.786,7.81,7.778,7.789,67630.3
2025-11-10 09:00:00,7.79,7.86,7.79,7.845,87717.1
2025-11-10 09:15:00,7.845,7.89,7.83,7.884,71275.5
2025-11-10 09:30:00,7.884,7.928,7.865,7.905,89703.5
2025-11-10 09:45:00,7.906,7.962,7.9,7.957,101437.0
2025-11-10 10:00:00,7.958,7.965,7.887,7.905,85560.5
2025-11-10 10:15:00,7.905,7.98,7.889,7.902,63144.5
2025-11-10 10:30:00,7.902,7.903,7.782,7.814,123682.6
2025-11-10 10:45:00,7.814,7.857,7.808,7.828,75600.2
2025-11-10 11:00:00,7.829,7.923,7.82,7.912,68970.2
2025-11-10 11:15:00,7.912,7.943,7.883,7.913,50345.0
2025-11-10 11:30:00,7.913,7.921,7.876,7.893,48456.2
2025-11-10 11:45:00,7.893,7.92,7.863,7.886,48049.8
2025-11-10 12:00:00,7.886,7.903,7.799,7.858,102190.5
2025-11-10 12:15:00,7.859,7.903,7.836,7.887,47728.7
2025-11-10 12:30:00,7.888,7.92,7.86,7.897,62409.2
2025-11-10 12:45:00,7.897,7.911,7.855,7.896,52896.3
2025-11-10 13:00:00,7.896,8.011,7.886,7.917,155880.2
2025-11-10 13:15:00,7.918,8.033,7.907,7.995,129474.0
2025-11-10 13:30:00,7.995,8.1,7.989,8.016,148378.1
2025-11-10 13:45:00,8.016,8.066,8.004,8.038,67070.7
2025-11-10 14:00:00,8.039,8.043,7.954,7.988,189850.6
2025-11-10 14:15:00,7.988,8.002,7.926,7.984,91477.4
2025-11-10 14:30:00,7.985,8.031,7.934,7.99,151164.6
2025-11-10 14:45:00,7.991,8.0,7.808,7.901,326342.4
2025-11-10 15:00:00,7.901,7.967,7.851,7.853,157819.2
2025-11-10 15:15:00,7.853,7.965,7.845,7.947,134492.0
2025-11-10 15:30:00,7.948,8.016,7.916,7.984,129098.5
2025-11-10 15:45:00,7.983,7.984,7.834,7.9,109840.2
2025-11-10 16:00:00,7.901,7.973,7.879,7.925,113833.4
2025-11-10 16:15:00,7.925,7.944,7.876,7.901,51765.9
2025-11-10 16:30:00,7.9,7.934,7.802,7.827,80852.4
2025-11-10 16:45:00,7.827,7.883,7.787,7.837,92794.7
2025-11-10 17:00:00,7.836,7.915,7.83,7.854,94829.2
2025-11-10 17:15:00,7.854,7.907,7.843,7.871,61605.6
2025-11-10 17:30:00,7.872,7.933,7.866,7.922,42414.8
2025-11-10 17:45:00,7.924,7.985,7.911,7.984,117576.5
2025-11-10 18:00:00,7.985,8.073,7.977,8.04,225076.8
2025-11-10 18:15:00,8.041,8.054,7.956,7.985,196590.5
2025-11-10 18:30:00,7.985,8.14,7.982,8.113,211975.0
2025-11-10 18:45:00,8.113,8.219,8.055,8.057,355384.3
2025-11-10 19:00:00,8.058,8.18,8.033,8.158,268145.3
2025-11-10 19:15:00,8.157,8.211,8.095,8.13,165948.1
2025-11-10 19:30:00,8.129,8.256,8.075,8.215,177387.6
2025-11-10 19:45:00,8.215,8.252,8.113,8.134,144242.4
2025-11-10 20:00:00,8.134,8.255,8.094,8.253,139383.6
2025-11-10 20:15:00,8.252,8.256,8.109,8.126,87920.4
2025-11-10 20:30:00,8.125,8.173,8.06,8.151,116427.1
2025-11-10 20:45:00,8.15,8.151,8.051,8.089,88773.4
2025-11-10 21:00:00,8.089,8.097,7.957,8.012,139512.1
2025-11-10 21:15:00,8.012,8.013,7.964,7.993,48026.1
2025-11-10 21:30:00,7.992,8.008,7.966,8.002,44848.9
2025-11-10 21:45:00,8.002,8.031,7.93,8.014,74075.3
2025-11-10 22:00:00,8.013,8.111,7.956,8.005,186828.1
2025-11-10 22:15:00,8.004,8.101,7.973,8.1,67110.8
2025-11-10 22:30:00,8.1,8.273,8.097,8.252,128324.5
2025-11-10 22:45:00,8.253,8.555,8.253,8.543,345574.5
2025-11-10 23:00:00,8.542,8.55,8.233,8.383,345837.9
2025-11-10 23:15:00,8.384,8.413,8.262,8.273,123365.9
2025-11-10 23:30:00,8.274,8.312,8.14,8.178,162872.2
2025-11-10 23:45:00,8.178,8.207,8.151,8.185,60761.0
2025-11-11 00:00:00,8.186,8.226,8.106,8.16,103216.4
2025-11-11 00:15:00,8.16,8.199,8.073,8.085,90058.9
2025-11-11 00:30:00,8.085,8.115,7.991,7.994,108300.7
2025-11-11 00:45:00,7.995,8.121,7.977,8.102,103388.7
2025-11-11 01:00:00,8.101,8.179,8.095,8.164,63812.4
2025-11-11 01:15:00,8.164,8.317,8.148,8.152,176559.3
2025-11-11 01:30:00,8.153,8.158,8.013,8.027,144129.5
2025-11-11 01:45:00,8.026,8.095,7.977,8.0,90261.6
2025-11-11 02:00:00,8.001,8.088,7.937,8.064,137298.0
2025-11-11 02:15:00,8.065,8.096,8.028,8.096,138463.6
2025-11-11 02:30:00,8.097,8.214,8.082,8.139,143318.4
2025-11-11 02:45:00,8.14,8.164,8.071,8.143,76371.8
2025-11-11 03:00:00,8.142,8.19,8.122,8.139,83208.1
2025-11-11 03:15:00,8.138,8.16,8.107,8.107,46760.1
2025-11-11 03:30:00,8.107,8.144,8.083,8.086,50107.4
2025-11-11 03:45:00,8.085,8.131,8.067,8.115,52468.0
2025-11-11 04:00:00,8.115,8.167,8.108,8.131,83398.8
2025-11-11 04:15:00,8.131,8.166,8.066,8.087,111750.9
2025-11-11 04:30:00,8.087,8.092,8.034,8.046,69488.4
2025-11-11 04:45:00,8.047,8.067,8.006,8.015,31179.6
2025-11-11 05:00:00,8.015,8.02,7.902,7.905,128495.9
2025-11-11 05:15:00,7.904,7.937,7.854,7.897,151064.6
2025-11-11 05:30:00,7.898,7.907,7.862,7.876,41368.2
2025-11-11 05:45:00,7.876,7.911,7.85,7.859,56421.1
2025-11-11 06:00:00,7.859,7.892,7.815,7.855,105752.3
2025-11-11 06:15:00,7.854,7.902,7.847,7.881,43256.6
2025-11-11 06:30:00,7.881,7.899,7.858,7.859,37782.6
2025-11-11 06:45:00,7.86,7.86,7.793,7.847,70482.5
2025-11-11 07:00:00,7.846,7.858,7.771,7.804,51829.9
2025-11-11 07:15:00,7.804,7.804,7.73,7.755,133822.9
2025-11-11 07:30:00,7.754,7.757,7.675,7.695,138803.8
2025-11-11 07:45:00,7.694,7.713,7.659,7.664,72837.5
2025-11-11 08:00:00,7.664,7.732,7.651,7.697,81290.9
2025-11-11 08:15:00,7.697,7.755,7.691,7.71,59756.0
2025-11-11 08:30:00,7.709,7.713,7.649,7.681,77978.2
2025-11-11 08:45:00,7.681,7.74,7.679,7.728,43721.8
2025-11-11 09:00:00,7.727,7.796,7.712,7.757,74486.2
2025-11-11 09:15:00,7.756,7.786,7.724,7.765,59244.6
2025-11-11 09:30:00,7.764,7.819,7.728,7.728,99517.6
2025-11-11 09:45:00,7.729,7.742,7.69,7.693,52336.8
2025-11-11 10:00:00,7.692,7.745,7.676,7.713,47751.5
2025-11-11 10:15:00,7.713,7.743,7.694,7.721,48974.6
2025-11-11 10:30:00,7.721,7.76,7.667,7.76,60811.3
2025-11-11 10:45:00,7.76,7.781,7.721,7.74,50262.7
2025-11-11 11:00:00,7.74,7.813,7.739,7.792,61734.4
2025-11-11 11:15:00,7.793,7.796,7.715,7.723,68166.0
2025-11-11 11:30:00,7.722,7.743,7.711,7.737,47083.4
2025-11-11 11:45:00,7.736,7.741,7.674,7.714,51293.9
2025-11-11 12:00:00,7.715,7.791,7.684,7.723,106288.8
2025-11-11 12:15:00,7.722,7.737,7.661,7.665,58803.2
2025-11-11 12:30:00,7.666,7.688,7.622,7.635,111059.3
2025-11-11 12:45:00,7.635,7.705,7.633,7.665,110773.4
2025-11-11 13:00:00,7.665,7.771,7.665,7.742,87356.5
2025-11-11 13:15:00,7.742,7.765,7.701,7.729,80903.2
2025-11-11 13:30:00,7.728,7.762,7.717,7.742,107758.8
2025-11-11 13:45:00,7.741,7.779,7.674,7.686,64567.0
2025-11-11 14:00:00,7.687,7.702,7.645,7.682,83124.3
2025-11-11 14:15:00,7.681,7.745,7.672,7.708,62212.0
2025-11-11 14:30:00,7.707,7.747,7.701,7.71,63624.0
2025-11-11 14:45:00,7.711,7.812,7.63,7.812,157127.4
2025-11-11 15:00:00,7.811,7.811,7.72,7.758,115183.1
2025-11-11 15:15:00,7.757,7.801,7.719,7.722,69542.9
2025-11-11 15:30:00,7.721,7.726,7.655,7.693,99006.7
2025-11-11 15:45:00,7.693,7.721,7.67,7.709,57520.5
2025-11-11 16:00:00,7.709,7.765,7.676,7.715,94650.6
2025-11-11 16:15:00,7.714,7.775,7.708,7.72,88690.7
2025-11-11 16:30:00,7.72,7.738,7.683,7.716,44263.8
2025-11-11 16:45:00,7.715,7.755,7.696,7.709,56305.0
2025-11-11 17:00:00,7.708,7.767,7.69,7.743,44218.0
2025-11-11 17:15:00,7.742,7.748,7.692,7.706,77737.6
2025-11-11 17:30:00,7.706,7.724,7.647,7.697,114714.2
2025-11-11 17:45:00,7.696,7.744,7.675,7.735,41484.6
2025-11-11 18:00:00,7.734,7.779,7.674,7.717,82225.1
2025-11-11 18:15:00,7.717,7.738,7.658,7.693,43102.9
2025-11-11 18:30:00,7.694,7.826,7.694,7.783,311138.3
2025-11-11 18:45:00,7.783,7.825,7.745,7.812,119581.0
2025-11-11 19:00:00,7.811,7.867,7.742,7.851,187063.9
2025-11-11 19:15:00,7.852,7.896,7.811,7.877,157401.7
2025-11-11 19:30:00,7.878,7.893,7.803,7.849,132059.0
2025-11-11 19:45:00,7.849,7.897,7.797,7.813,87466.3
2025-11-11 20:00:00,7.813,7.835,7.758,7.761,93467.3
2025-11-11 20:15:00,7.761,7.803,7.721,7.724,64039.7
2025-11-11 20:30:00,7.724,7.724,7.606,7.638,156971.5
2025-11-11 20:45:00,7.638,7.663,7.614,7.645,76547.4
2025-11-11 21:00:00,7.645,7.704,7.645,7.667,93473.1
2025-11-11 21:15:00,7.667,7.69,7.633,7.636,33194.9
2025-11-11 21:30:00,7.636,7.637,7.509,7.526,189315.9
2025-11-11 21:45:00,7.527,7.584,7.51,7.545,68643.5
2025-11-11 22:00:00,7.545,7.577,7.486,7.572,89454.6
2025-11-11 22:15:00,7.571,7.672,7.534,7.667,86233.4
2025-11-11 22:30:00,7.667,7.748,7.651,7.728,66952.1
2025-11-11 22:45:00,7.728,7.764,7.692,7.713,49313.9
2025-11-11 23:00:00,7.714,7.718,7.585,7.608,61312.0
2025-11-11 23:15:00,7.608,7.671,7.594,7.615,40624.4
2025-11-11 23:30:00,7.615,7.615,7.53,7.574,47061.7
2025-11-11 23:45:00,7.575,7.587,7.501,7.546,55908.5
2025-11-12 00:00:00,7.547,7.656,7.512,7.572,101356.5
2025-11-12 00:15:00,7.573,7.637,7.559,7.61,44005.9
2025-11-12 00:30:00,7.608,7.618,7.554,7.593,50046.6
2025-11-12 00:45:00,7.593,7.618,7.496,7.508,64613.3
2025-11-12 01:00:00,7.509,7.657,7.508,7.649,77850.2
2025-11-12 01:15:00,7.648,7.734,7.644,7.67,87303.8
2025-11-12 01:30:00,7.669,7.675,7.597,7.611,62876.8
2025-11-12 01:45:00,7.612,7.631,7.593,7.607,35834.3
2025-11-12 02:00:00,7.607,7.651,7.594,7.627,45802.3
2025-11-12 02:15:00,7.625,7.642,7.552,7.582,33778.5
2025-11-12 02:30:00,7.581,7.588,7.511,7.567,46489.5
2025-11-12 02:45:00,7.566,7.601,7.538,7.593,34965.5
2025-11-12 03:00:00,7.593,7.644,7.586,7.629,42796.2
2025-11-12 03:15:00,7.629,7.665,7.612,7.639,24740.5
2025-11-12 03:30:00,7.638,7.655,7.606,7.644,39778.9
2025-11-12 03:45:00,7.643,7.653,7.614,7.626,16203.1
2025-11-12 04:00:00,7.626,7.635,7.581,7.615,33003.3
2025-11-12 04:15:00,7.614,7.618,7.569,7.572,27617.3
2025-11-12 04:30:00,7.573,7.58,7.551,7.563,29020.4
2025-11-12 04:45:00,7.562,7.631,7.548,7.627,34204.6
2025-11-12 05:00:00,7.627,7.653,7.558,7.578,45585.6
2025-11-12 05:15:00,7.578,7.66,7.575,7.64,89314.5
2025-11-12 05:30:00,7.64,7.645,7.58,7.638,55040.0
2025-11-12 05:45:00,7.638,7.641,7.588,7.593,33349.8
2025-11-12 06:00:00,7.593,7.688,7.581,7.676,55764.9
2025-11-12 06:15:00,7.676,7.746,7.676,7.722,60904.8
2025-11-12 06:30:00,7.722,7.764,7.709,7.714,59953.0
2025-11-12 06:45:00,7.714,7.722,7.633,7.633,37664.8
2025-11-12 07:00:00,7.632,7.709,7.621,7.7,44608.3
2025-11-12 07:15:00,7.7,7.714,7.666,7.686,19367.2
2025-11-12 07:30:00,7.686,7.703,7.655,7.687,39635.4
2025-11-12 07:45:00,7.687,7.693,7.56,7.584,71236.8
2025-11-12 08:00:00,7.585,7.653,7.559,7.575,78888.2
2025-11-12 08:15:00,7.576,7.619,7.563,7.619,50868.5
2025-11-12 08:30:00,7.62,7.706,7.598,7.691,74800.7
2025-11-12 08:45:00,7.69,7.732,7.673,7.697,55250.1
2025-11-12 09:00:00,7.698,7.809,7.691,7.803,97407.8
2025-11-12 09:15:00,7.803,7.839,7.756,7.768,65643.5
2025-11-12 09:30:00,7.767,7.801,7.733,7.764,49020.5
2025-11-12 09:45:00,7.764,7.786,7.756,7.779,40503.4
2025-11-12 10:00:00,7.78,7.863,7.779,7.85,71943.2
2025-11-12 10:15:00,7.85,7.876,7.812,7.848,48695.0
2025-11-12 10:30:00,7.848,7.893,7.828,7.848,66522.6
2025-11-12 10:45:00,7.848,7.907,7.841,7.88,53623.7
2025-11-12 11:00:00,7.88,7.96,7.879,7.952,105763.7
2025-11-12 11:15:00,7.953,7.97,7.894,7.895,77276.7
2025-11-12 11:30:00,7.895,7.897,7.825,7.837,67598.6
2025-11-12 11:45:00,7.837,7.865,7.825,7.852,43320.4
2025-11-12 12:00:00,7.852,7.861,7.789,7.83,79057.8
2025-11-12 12:15:00,7.83,7.877,7.817,7.833,47411.8
2025-11-12 12:30:00,7.833,7.868,7.787,7.802,54818.7
2025-11-12 12:45:00,7.802,7.837,7.795,7.824,28799.9
2025-11-12 13:00:00,7.824,7.871,7.816,7.822,76760.2
2025-11-12 13:15:00,7.823,7.909,7.818,7.899,55030.4
2025-11-12 13:30:00,7.899,7.92,7.847,7.91,80984.8
2025-11-12 13:45:00,7.909,7.969,7.907,7.957,89722.3
2025-11-12 14:00:00,7.957,7.963,7.868,7.918,69170.0
2025-11-12 14:15:00,7.919,7.932,7.906,7.926,36935.9
2025-11-12 14:30:00,7.926,7.936,7.875,7.894,84506.1
2025-11-12 14:45:00,7.893,7.896,7.65,7.753,369353.8
2025-11-12 15:00:00,7.753,7.85,7.728,7.746,143972.4
2025-11-12 15:15:00,7.747,7.775,7.683,7.704,104589.6
2025-11-12 15:30:00,7.705,7.77,7.622,7.651,160323.9
2025-11-12 15:45:00,7.651,7.659,7.507,7.557,160188.6
2025-11-12 16:00:00,7.559,7.613,7.38,7.428,364386.4
2025-11-12 16:15:00,7.427,7.476,7.35,7.381,197835.2
2025-11-12 16:30:00,7.381,7.47,7.337,7.399,162455.9
2025-11-12 16:45:00,7.399,7.431,7.285,7.314,200029.6
2025-11-12 17:00:00,7.315,7.34,7.256,7.266,123350.0
2025-11-12 17:15:00,7.268,7.284,7.231,7.278,115692.1
2025-11-12 17:30:00,7.277,7.449,7.267,7.358,150989.8
2025-11-12 17:45:00,7.359,7.409,7.33,7.373,63433.1
2025-11-12 18:00:00,7.373,7.399,7.336,7.356,86062.5
2025-11-12 18:15:00,7.355,7.379,7.311,7.323,47159.1
2025-11-12 18:30:00,7.323,7.346,7.265,7.266,64659.0
2025-11-12 18:45:00,7.267,7.267,7.204,7.231,134055.8
2025-11-12 19:00:00,7.231,7.246,7.156,7.17,127110.0
2025-11-12 19:15:00,7.171,7.198,7.145,7.166,63261.3
2025-11-12 19:30:00,7.166,7.268,7.115,7.225,139203.2
2025-11-12 19:45:00,7.226,7.233,7.168,7.205,155806.5
2025-11-12 20:00:00,7.206,7.259,7.167,7.235,68026.3
2025-11-12 20:15:00,7.235,7.325,7.23,7.318,65271.9
2025-11-12 20:30:00,7.318,7.374,7.313,7.349,103194.0
2025-11-12 20:45:00,7.349,7.357,7.308,7.321,41837.2
2025-11-12 21:00:00,7.322,7.348,7.29,7.342,45112.9
2025-11-12 21:15:00,7.342,7.342,7.276,7.285,21262.3
2025-11-12 21:30:00,7.286,7.323,7.278,7.287,30325.4
2025-11-12 21:45:00,7.288,7.3,7.264,7.289,27805.1
2025-11-12 22:00:00,7.289,7.292,7.245,7.262,42292.2
2025-11-12 22:15:00,7.262,7.266,7.229,7.233,36001.9
2025-11-12 22:30:00,7.234,7.299,7.231,7.274,30738.0
2025-11-12 22:45:00,7.273,7.314,7.273,7.302,22729.8
2025-11-12 23:00:00,7.301,7.305,7.197,7.229,74113.3
2025-11-12 23:15:00,7.229,7.245,7.205,7.205,33377.1
2025-11-12 23:30:00,7.205,7.22,7.19,7.206,27495.3
2025-11-12 23:45:00,7.206,7.227,7.185,7.227,33352.1
2025-11-13 00:00:00,7.225,7.262,7.2,7.233,80786.2
2025-11-13 00:15:00,7.232,7.272,7.208,7.214,40678.6
2025-11-13 00:30:00,7.214,7.297,7.212,7.233,54752.3
2025-11-13 00:45:00,7.232,7.248,7.205,7.216,30028.6
2025-11-13 01:00:00,7.215,7.354,7.21,7.322,85869.2
2025-11-13 01:15:00,7.322,7.329,7.236,7.261,87744.0
2025-11-13 01:30:00,7.261,7.348,7.256,7.339,65689.1
2025-11-13 01:45:00,7.338,7.344,7.27,7.284,34942.4
2025-11-13 02:00:00,7.285,7.316,7.282,7.306,35882.1
2025-11-13 02:15:00,7.306,7.324,7.241,7.245,50034.1
2025-11-13 02:30:00,7.246,7.318,7.242,7.302,55840.1
2025-11-13 02:45:00,7.303,7.307,7.263,7.281,27222.3
2025-11-13 03:00:00,7.281,7.296,7.189,7.197,59615.0
2025-11-13 03:15:00,7.196,7.354,7.154,7.35,142586.9
2025-11-13 03:30:00,7.349,7.473,7.348,7.429,143726.1
2025-11-13 03:45:00,7.429,7.497,7.42,7.434,94767.6
2025-11-13 04:00:00,7.434,7.439,7.333,7.434,108252.9
2025-11-13 04:15:00,7.435,7.466,7.364,7.425,117156.6
2025-11-13 04:30:00,7.424,7.439,7.38,7.419,62897.1
2025-11-13 04:45:00,7.419,7.475,7.39,7.433,87704.7
2025-11-13 05:00:00,7.433,7.437,7.405,7.405,56095.9
2025-11-13 05:15:00,7.404,7.433,7.4,7.43,43696.9
2025-11-13 05:30:00,7.43,7.515,7.413,7.501,103959.7
2025-11-13 05:45:00,7.501,7.571,7.489,7.548,119133.9
2025-11-13 06:00:00,7.548,7.59,7.507,7.561,89863.8
2025-11-13 06:15:00,7.56,7.594,7.549,7.568,48289.0
2025-11-13 06:30:00,7.568,7.586,7.542,7.56,50247.3
2025-11-13 06:45:00,7.56,7.572,7.512,7.516,26907.8
2025-11-13 07:00:00,7.517,7.543,7.503,7.53,56042.7
2025-11-13 07:15:00,7.53,7.557,7.518,7.526,33639.9
2025-11-13 07:30:00,7.527,7.547,7.475,7.482,78636.4
2025-11-13 07:45:00,7.482,7.485,7.451,7.469,48623.8
2025-11-13 08:00:00,7.469,7.502,7.451,7.488,51325.5
2025-11-13 08:15:00,7.489,7.499,7.462,7.491,27038.6
2025-11-13 08:30:00,7.491,7.517,7.486,7.501,33088.1
2025-11-13 08:45:00,7.502,7.509,7.454,7.466,45082.5
2025-11-13 09:00:00,7.467,7.479,7.378,7.414,90210.1
2025-11-13 09:15:00,7.414,7.448,7.395,7.409,43447.9
2025-11-13 09:30:00,7.408,7.429,7.384,7.408,49507.5
2025-11-13 09:45:00,7.409,7.421,7.381,7.396,47974.2
2025-11-13 10:00:00,7.397,7.462,7.397,7.444,65552.4
2025-11-13 10:15:00,7.445,7.556,7.444,7.5,135781.0
2025-11-13 10:30:00,7.499,7.501,7.412,7.423,91888.0
2025-11-13 10:45:00,7.423,7.449,7.416,7.444,41272.2
2025-11-13 11:00:00,7.445,7.483,7.439,7.475,62388.6
2025-11-13 11:15:00,7.476,7.485,7.423,7.433,51764.3
2025-11-13 11:30:00,7.432,7.474,7.422,7.467,66120.0
2025-11-13 11:45:00,7.468,7.478,7.443,7.446,38207.9
2025-11-13 12:00:00,7.446,7.46,7.417,7.427,89605.9
2025-11-13 12:15:00,7.428,7.489,7.428,7.473,76787.1
2025-11-13 12:30:00,7.474,7.519,7.473,7.499,61887.6
2025-11-13 12:45:00,7.499,7.517,7.485,7.514,39240.3
2025-11-13 13:00:00,7.513,7.567,7.511,7.561,113588.8
2025-11-13 13:15:00,7.561,7.604,7.531,7.55,123811.4
2025-11-13 13:30:00,7.549,7.594,7.497,7.557,198528.1
2025-11-13 13:45:00,7.558,7.626,7.531,7.595,202868.7
2025-11-13 14:00:00,7.595,7.608,7.539,7.596,139941.8
2025-11-13 14:15:00,7.596,7.602,7.511,7.54,93000.2
2025-11-13 14:30:00,7.54,7.58,7.44,7.468,211616.3
2025-11-13 14:45:00,7.467,7.745,7.454,7.635,356658.5
2025-11-13 15:00:00,7.634,7.702,7.536,7.693,209520.1
2025-11-13 15:15:00,7.693,7.717,7.556,7.583,95870.7
2025-11-13 15:30:00,7.584,7.585,7.448,7.457,127474.3
2025-11-13 15:45:00,7.458,7.472,7.381,7.468,198257.6
2025-11-13 16:00:00,7.469,7.508,7.426,7.502,108541.5
2025-11-13 16:15:00,7.502,7.515,7.382,7.44,108547.6
2025-11-13 16:30:00,7.44,7.49,7.361,7.387,167554.2
2025-11-13 16:45:00,7.386,7.393,7.286,7.308,146206.2
2025-11-13 17:00:00,7.308,7.342,7.248,7.263,169053.3
2025-11-13 17:15:00,7.262,7.305,7.213,7.258,125039.1
2025-11-13 17:30:00,7.257,7.275,7.08,7.124,216017.9
2025-11-13 17:45:00,7.123,7.149,7.016,7.03,192926.6
2025-11-13 18:00:00,7.03,7.09,6.968,7.008,203253.7
2025-11-13 18:15:00,7.008,7.046,6.934,6.975,147499.1
2025-11-13 18:30:00,6.975,6.999,6.892,6.999,225654.0
2025-11-13 18:45:00,6.999,7.02,6.903,6.945,166005.7
2025-11-13 19:00:00,6.945,7.024,6.934,6.947,174854.5
2025-11-13 19:15:00,6.946,7.002,6.871,6.972,192135.3
2025-11-13 19:30:00,6.972,6.985,6.83,6.883,145744.3
2025-11-13 19:45:00,6.882,6.89,6.803,6.831,134829.4
2025-11-13 20:00:00,6.831,6.855,6.766,6.825,141833.8
2025-11-13 20:15:00,6.823,6.832,6.739,6.808,128769.3
2025-11-13 20:30:00,6.809,6.889,6.775,6.822,121129.1
2025-11-13 20:45:00,6.822,6.834,6.782,6.791,70515.1
2025-11-13 21:00:00,6.791,6.838,6.78,6.8,97061.1
2025-11-13 21:15:00,6.799,6.803,6.717,6.751,113066.7
2025-11-13 21:30:00,6.751,6.788,6.745,6.788,67811.2
2025-11-13 21:45:00,6.789,6.831,6.758,6.807,64322.2
2025-11-13 22:00:00,6.807,6.918,6.785,6.902,157904.9
2025-11-13 22:15:00,6.903,6.943,6.855,6.924,101912.1
2025-11-13 22:30:00,6.924,6.956,6.894,6.925,73445.1
2025-11-13 22:45:00,6.925,6.942,6.896,6.916,44772.7
2025-11-13 23:00:00,6.917,6.946,6.885,6.932,52005.1
2025-11-13 23:15:00,6.932,6.991,6.93,6.967,112634.9
2025-11-13 23:30:00,6.968,7.029,6.954,7.017,76738.5
2025-11-13 23:45:00,7.017,7.017,6.925,6.937,99812.9
2025-11-14 00:00:00,6.938,6.957,6.911,6.923,95420.5
2025-11-14 00:15:00,6.923,6.965,6.859,6.947,173589.7
2025-11-14 00:30:00,6.947,7.027,6.924,6.977,124887.0
2025-11-14 00:45:00,6.978,6.995,6.921,6.942,64529.7
2025-11-14 01:00:00,6.942,6.979,6.91,6.959,82176.8
2025-11-14 01:15:00,6.96,7.02,6.942,6.98,82469.9
2025-11-14 01:30:00,6.981,7.024,6.944,6.972,83282.4
2025-11-14 01:45:00,6.973,7.019,6.96,6.973,76419.8
2025-11-14 02:00:00,6.974,7.096,6.974,7.069,131719.6
2025-11-14 02:15:00,7.07,7.087,7.026,7.042,93066.2
2025-11-14 02:30:00,7.043,7.051,7.001,7.023,66930.1
2025-11-14 02:45:00,7.022,7.035,6.973,7.002,52572.1
2025-11-14 03:00:00,7.003,7.008,6.955,6.981,44320.2
2025-11-14 03:15:00,6.981,6.999,6.951,6.999,42304.9
2025-11-14 03:30:00,6.999,6.999,6.918,6.929,79125.8
2025-11-14 03:45:00,6.928,6.959,6.915,6.956,45647.3
2025-11-14 04:00:00,6.956,6.958,6.896,6.925,70592.2
2025-11-14 04:15:00,6.925,6.943,6.895,6.921,43898.6
2025-11-14 04:30:00,6.922,6.922,6.654,6.786,568142.4
2025-11-14 04:45:00,6.787,6.872,6.783,6.846,175845.8
2025-11-14 05:00:00,6.846,6.953,6.84,6.895,200489.9
2025-11-14 05:15:00,6.895,6.969,6.892,6.918,94144.8
2025-11-14 05:30:00,6.918,7.017,6.904,7.009,153531.2
2025-11-14 05:45:00,7.008,7.118,7.008,7.114,190774.4
2025-11-14 06:00:00,7.115,7.148,7.06,7.131,190777.5
2025-11-14 06:15:00,7.13,7.13,7.03,7.038,132399.6
2025-11-14 06:30:00,7.038,7.057,6.938,6.961,174334.9
2025-11-14 06:45:00,6.961,7.181,6.917,7.173,240108.7
2025-11-14 07:00:00,7.172,7.189,7.105,7.155,157622.9
2025-11-14 07:15:00,7.154,7.208,7.123,7.151,138412.2
2025-11-14 07:30:00,7.15,7.184,7.106,7.135,92510.6
2025-11-14 07:45:00,7.136,7.184,7.079,7.089,105285.6
2025-11-14 08:00:00,7.088,7.097,7.043,7.048,72721.8
2025-11-14 08:15:00,7.047,7.107,7.044,7.071,71938.9
2025-11-14 08:30:00,7.07,7.091,7.026,7.034,89327.1
2025-11-14 08:45:00,7.033,7.034,7.005,7.016,48633.0
2025-11-14 09:00:00,7.015,7.036,6.97,6.98,73515.9
2025-11-14 09:15:00,6.98,6.991,6.95,6.952,56020.1
2025-11-14 09:30:00,6.953,6.955,6.887,6.919,152176.0
2025-11-14 09:45:00,6.918,6.921,6.874,6.875,54116.7
2025-11-14 10:00:00,6.874,6.922,6.863,6.892,54727.4
2025-11-14 10:15:00,6.892,6.953,6.883,6.947,67392.8
2025-11-14 10:30:00,6.947,6.978,6.919,6.952,61270.7
2025-11-14 10:45:00,6.953,6.957,6.921,6.933,38202.8
2025-11-14 11:00:00,6.932,6.934,6.881,6.908,70115.7
2025-11-14 11:15:00,6.908,6.98,6.901,6.911,90728.6
2025-11-14 11:30:00,6.912,6.934,6.852,6.901,127835.5
2025-11-14 11:45:00,6.902,6.92,6.862,6.888,96511.5
2025-11-14 12:00:00,6.889,6.893,6.802,6.819,106804.4
2025-11-14 12:15:00,6.819,6.913,6.805,6.886,105969.3
2025-11-14 12:30:00,6.886,6.909,6.768,6.81,230465.4
2025-11-14 12:45:00,6.809,7.009,6.8,7.001,238543.2
2025-11-14 13:00:00,7.002,7.056,6.963,6.984,178166.6
2025-11-14 13:15:00,6.985,7.0,6.915,6.926,136342.7
2025-11-14 13:30:00,6.927,6.961,6.874,6.918,157960.9
2025-11-14 13:45:00,6.918,7.017,6.889,6.993,161593.9
2025-11-14 14:00:00,6.992,7.046,6.958,6.983,131386.9
2025-11-14 14:15:00,6.985,7.032,6.943,6.945,98223.5
2025-11-14 14:30:00,6.946,7.152,6.882,7.129,363185.4
2025-11-14 14:45:00,7.128,7.179,7.097,7.155,281338.4
2025-11-14 15:00:00,7.156,7.166,7.044,7.068,150766.6
2025-11-14 15:15:00,7.068,7.174,7.06,7.139,112015.7
2025-11-14 15:30:00,7.139,7.163,7.095,7.143,120454.4
2025-11-14 15:45:00,7.142,7.217,7.102,7.116,152546.3
2025-11-14 16:00:00,7.117,7.186,7.114,7.116,143197.1
2025-11-14 16:15:00,7.116,7.232,7.075,7.191,130256.5
2025-11-14 16:30:00,7.192,7.295,7.165,7.248,255591.5
2025-11-14 16:45:00,7.248,7.313,7.23,7.304,110836.0
2025-11-14 17:00:00,7.305,7.329,7.268,7.276,108195.4
2025-11-14 17:15:00,7.277,7.284,7.193,7.251,158344.8
2025-11-14 17:30:00,7.251,7.251,7.146,7.181,125180.7
2025-11-14 17:45:00,7.181,7.191,7.074,7.112,122142.2
2025-11-14 18:00:00,7.112,7.211,7.074,7.202,112350.2
2025-11-14 18:15:00,7.203,7.221,7.148,7.201,78437.1
2025-11-14 18:30:00,7.201,7.233,7.145,7.161,89292.5
2025-11-14 18:45:00,7.162,7.198,7.146,7.169,61666.3
2025-11-14 19:00:00,7.169,7.204,7.119,7.203,86793.2
2025-11-14 19:15:00,7.202,7.296,7.2,7.247,72574.3
2025-11-14 19:30:00,7.248,7.248,7.172,7.188,73340.5
2025-11-14 19:45:00,7.187,7.238,7.174,7.231,45126.2
2025-11-14 20:00:00,7.231,7.273,7.19,7.204,117211.0
2025-11-14 20:15:00,7.204,7.219,7.113,7.125,82865.6
2025-11-14 20:30:00,7.125,7.14,6.977,7.012,182368.3
2025-11-14 20:45:00,7.011,7.037,6.971,7.018,141328.9
2025-11-14 21:00:00,7.018,7.129,6.976,7.097,116535.1
2025-11-14 21:15:00,7.096,7.103,7.004,7.025,90824.4
2025-11-14 21:30:00,7.024,7.043,7.012,7.021,61255.5
2025-11-14 21:45:00,7.021,7.038,6.997,7.022,71139.1
2025-11-14 22:00:00,7.022,7.083,6.956,6.966,190546.7
2025-11-14 22:15:00,6.966,7.003,6.927,7.0,75814.5
2025-11-14 22:30:00,6.999,7.033,6.975,7.001,37929.2
2025-11-14 22:45:00,7.002,7.023,6.885,6.922,63235.6
2025-11-14 23:00:00,6.923,6.923,6.669,6.785,286844.2
2025-11-14 23:15:00,6.786,6.789,6.537,6.626,554581.1
2025-11-14 23:30:00,6.626,6.699,6.604,6.693,175484.2
2025-11-14 23:45:00,6.692,6.724,6.644,6.671,119347.7
2025-11-15 00:00:00,6.672,6.772,6.657,6.758,183581.9
2025-11-15 00:15:00,6.759,6.773,6.706,6.722,91841.4
2025-11-15 00:30:00,6.722,6.724,6.64,6.686,93987.6
2025-11-15 00:45:00,6.685,6.744,6.64,6.743,85511.4
2025-11-15 01:00:00,6.742,6.796,6.703,6.786,100240.1
2025-11-15 01:15:00,6.786,6.821,6.761,6.784,82674.9
2025-11-15 01:30:00,6.783,6.799,6.762,6.765,50101.0
2025-11-15 01:45:00,6.764,6.783,6.745,6.77,51269.0
2025-11-15 02:00:00,6.769,6.803,6.733,6.789,83055.4
2025-11-15 02:15:00,6.789,6.825,6.764,6.792,103604.7
2025-11-15 02:30:00,6.792,6.81,6.735,6.805,79115.0
2025-11-15 02:45:00,6.805,6.819,6.775,6.817,44720.4
2025-11-15 03:00:00,6.816,6.84,6.777,6.829,80784.4
2025-11-15 03:15:00,6.83,6.848,6.808,6.842,105617.2
2025-11-15 03:30:00,6.841,6.863,6.82,6.863,60992.6
2025-11-15 03:45:00,6.863,6.868,6.811,6.817,53015.5
2025-11-15 04:00:00,6.817,6.844,6.809,6.842,51528.6
2025-11-15 04:15:00,6.841,6.88,6.826,6.83,47745.0
2025-11-15 04:30:00,6.831,6.831,6.795,6.8,74120.1
2025-11-15 04:45:00,6.799,6.813,6.786,6.809,28017.4
2025-11-15 05:00:00,6.808,6.843,6.804,6.815,47039.6
2025-11-15 05:15:00,6.815,6.858,6.808,6.828,42204.8
2025-11-15 05:30:00,6.827,6.831,6.793,6.828,37170.4
2025-11-15 05:45:00,6.828,6.884,6.818,6.881,32869.0
2025-11-15 06:00:00,6.88,6.882,6.827,6.85,53284.5
2025-11-15 06:15:00,6.849,6.869,6.84,6.865,33017.7
2025-11-15 06:30:00,6.865,6.978,6.857,6.95,116188.7
2025-11-15 06:45:00,6.949,6.949,6.876,6.906,74200.9
2025-11-15 07:00:00,6.905,6.91,6.866,6.875,43718.8
2025-11-15 07:15:00,6.874,6.879,6.851,6.86,31209.3
2025-11-15 07:30:00,6.859,6.859,6.809,6.816,48770.2
2025-11-15 07:45:00,6.815,6.834,6.806,6.829,34725.3
2025-11-15 08:00:00,6.828,6.832,6.782,6.793,43727.9
2025-11-15 08:15:00,6.792,6.8,6.727,6.738,95628.0
2025-11-15 08:30:00,6.738,6.749,6.698,6.702,74419.6
2025-11-15 08:45:00,6.703,6.707,6.661,6.69,54383.3
2025-11-15 09:00:00,6.689,6.735,6.666,6.724,51438.1
2025-11-15 09:15:00,6.723,6.757,6.694,6.729,47903.7
2025-11-15 09:30:00,6.73,6.737,6.7,6.725,58656.9
2025-11-15 09:45:00,6.724,6.728,6.652,6.678,46816.4
2025-11-15 10:00:00,6.678,6.686,6.646,6.682,72510.1
2025-11-15 10:15:00,6.682,6.694,6.654,6.671,50080.7
2025-11-15 10:30:00,6.672,6.704,6.652,6.702,42992.3
2025-11-15 10:45:00,6.702,6.716,6.689,6.706,39906.2
2025-11-15 11:00:00,6.706,6.738,6.686,6.711,51178.6
2025-11-15 11:15:00,6.712,6.716,6.686,6.708,28315.9
2025-11-15 11:30:00,6.708,6.716,6.687,6.707,31227.2
2025-11-15 11:45:00,6.707,6.707,6.666,6.699,73132.3
2025-11-15 12:00:00,6.699,6.734,6.681,6.734,38920.1
2025-11-15 12:15:00,6.733,6.792,6.723,6.791,71079.9
2025-11-15 12:30:00,6.792,6.818,6.772,6.8,68281.4
2025-11-15 12:45:00,6.801,6.809,6.775,6.786,34621.7
2025-11-15 13:00:00,6.786,6.826,6.77,6.802,99009.5
2025-11-15 13:15:00,6.801,6.886,6.8,6.859,75712.4
2025-11-15 13:30:00,6.86,6.867,6.825,6.834,61841.6
2025-11-15 13:45:00,6.835,6.878,6.816,6.85,55791.0
2025-11-15 14:00:00,6.849,6.854,6.817,6.831,44663.0
2025-11-15 14:15:00,6.831,6.836,6.783,6.795,61067.0
2025-11-15 14:30:00,6.796,6.834,6.779,6.807,37986.0
2025-11-15 14:45:00,6.807,6.822,6.789,6.815,38412.0
2025-11-15 15:00:00,6.816,6.85,6.803,6.845,38693.4
2025-11-15 15:15:00,6.844,6.861,6.816,6.836,46314.1
2025-11-15 15:30:00,6.837,6.849,6.807,6.835,32561.9
2025-11-15 15:45:00,6.836,6.849,6.809,6.82,44548.0
2025-11-15 16:00:00,6.82,6.837,6.777,6.787,83757.1
2025-11-15 16:15:00,6.787,6.787,6.746,6.758,76015.3
2025-11-15 16:30:00,6.757,6.819,6.755,6.805,51327.7
2025-11-15 16:45:00,6.805,6.864,6.801,6.857,52061.8
2025-11-15 17:00:00,6.857,6.89,6.826,6.826,79197.1
2025-11-15 17:15:00,6.826,6.934,6.817,6.864,89290.8
2025-11-15 17:30:00,6.865,6.878,6.851,6.871,64929.8
2025-11-15 17:45:00,6.872,6.936,6.867,6.932,52727.0
2025-11-15 18:00:00,6.932,6.934,6.908,6.925,54836.8
2025-11-15 18:15:00,6.925,6.926,6.862,6.878,43242.7
2025-11-15 18:30:00,6.878,6.894,6.863,6.883,32541.8
2025-11-15 18:45:00,6.882,6.892,6.856,6.888,31604.4
2025-11-15 19:00:00,6.889,6.889,6.858,6.861,21364.2
2025-11-15 19:15:00,6.861,6.87,6.836,6.844,31558.1
2025-11-15 19:30:00,6.843,6.846,6.819,6.824,32997.0
2025-11-15 19:45:00,6.824,6.843,6.806,6.823,49602.2
2025-11-15 20:00:00,6.823,6.825,6.805,6.813,18538.5
2025-11-15 20:15:00,6.812,6.812,6.767,6.78,46145.9
2025-11-15 20:30:00,6.78,6.78,6.734,6.743,53573.4
2025-11-15 20:45:00,6.744,6.767,6.735,6.743,65673.9
2025-11-15 21:00:00,6.743,6.781,6.732,6.769,54418.8
2025-11-15 21:15:00,6.77,6.788,6.76,6.77,29002.2
2025-11-15 21:30:00,6.77,6.771,6.682,6.701,64779.9
2025-11-15 21:45:00,6.701,6.704,6.667,6.689,48528.7
2025-11-15 22:00:00,6.689,6.733,6.683,6.732,39808.9
2025-11-15 22:15:00,6.732,6.734,6.689,6.718,40544.0
2025-11-15 22:30:00,6.719,6.734,6.694,6.714,16426.2
2025-11-15 22:45:00,6.713,6.746,6.703,6.741,14367.5
2025-11-15 23:00:00,6.742,6.743,6.715,6.732,54552.1
2025-11-15 23:15:00,6.732,6.763,6.731,6.759,29923.2
2025-11-15 23:30:00,6.759,6.773,6.731,6.738,39466.5
2025-11-15 23:45:00,6.738,6.76,6.737,6.746,14181.6
2025-11-16 00:00:00,6.746,6.766,6.717,6.724,42288.8
2025-11-16 00:15:00,6.724,6.724,6.683,6.684,38927.1
2025-11-16 00:30:00,6.683,6.717,6.647,6.717,74286.8
2025-11-16 00:45:00,6.716,6.725,6.688,6.688,30983.9
2025-11-16 01:00:00,6.687,6.712,6.637,6.711,73186.2
2025-11-16 01:15:00,6.711,6.712,6.668,6.672,33620.3
2025-11-16 01:30:00,6.673,6.68,6.573,6.6,131872.6
2025-11-16 01:45:00,6.599,6.683,6.562,6.674,64897.4
2025-11-16 02:00:00,6.674,6.725,6.648,6.691,61196.9
2025-11-16 02:15:00,6.692,6.778,6.692,6.763,54782.2
2025-11-16 02:30:00,6.763,6.793,6.748,6.793,74399.8
2025-11-16 02:45:00,6.793,6.83,6.779,6.827,68389.9
2025-11-16 03:00:00,6.828,6.833,6.796,6.803,37167.0
2025-11-16 03:15:00,6.802,6.867,6.802,6.817,44837.0
2025-11-16 03:30:00,6.818,6.825,6.8,6.818,34432.8
2025-11-16 03:45:00,6.818,6.833,6.811,6.83,18942.3
2025-11-16 04:00:00,6.83,6.848,6.794,6.805,37197.8
2025-11-16 04:15:00,6.805,6.818,6.784,6.797,32684.6
2025-11-16 04:30:00,6.797,6.797,6.756,6.776,23220.7
2025-11-16 04:45:00,6.775,6.788,6.768,6.788,21863.4
2025-11-16 05:00:00,6.787,6.86,6.783,6.852,44252.5
2025-11-16 05:15:00,6.851,6.867,6.825,6.832,29789.9
2025-11-16 05:30:00,6.832,6.847,6.819,6.839,18469.2
2025-11-16 05:45:00,6.839,6.843,6.803,6.81,17823.5
2025-11-16 06:00:00,6.81,6.857,6.806,6.845,20437.2
2025-11-16 06:15:00,6.846,6.855,6.832,6.835,18911.3
2025-11-16 06:30:00,6.835,6.848,6.827,6.841,25868.1
2025-11-16 06:45:00,6.841,6.849,6.802,6.81,14593.7
2025-11-16 07:00:00,6.811,6.844,6.805,6.82,34689.0
2025-11-16 07:15:00,6.819,6.83,6.809,6.825,24338.0
2025-11-16 07:30:00,6.825,6.876,6.823,6.838,61213.3
2025-11-16 07:45:00,6.838,6.883,6.838,6.882,49075.1
2025-11-16 08:00:00,6.881,6.89,6.84,6.85,57596.7
2025-11-16 08:15:00,6.851,6.874,6.831,6.852,82310.4
2025-11-16 08:30:00,6.853,6.869,6.841,6.863,31420.5
2025-11-16 08:45:00,6.863,6.871,6.831,6.862,50685.7
2025-11-16 09:00:00,6.863,6.864,6.818,6.831,58138.4
2025-11-16 09:15:00,6.831,6.847,6.801,6.841,38121.3
2025-11-16 09:30:00,6.842,6.846,6.814,6.829,30384.1
2025-11-16 09:45:00,6.83,6.926,6.823,6.922,89491.4
2025-11-16 10:00:00,6.922,6.934,6.906,6.919,60275.0
2025-11-16 10:15:00,6.92,6.925,6.89,6.898,57132.1
2025-11-16 10:30:00,6.898,6.913,6.887,6.901,31455.7
2025-11-16 10:45:00,6.9,6.908,6.872,6.877,22731.9
2025-11-16 11:00:00,6.878,6.89,6.818,6.826,54976.0
2025-11-16 11:15:00,6.827,6.845,6.741,6.751,96514.5
2025-11-16 11:30:00,6.751,6.763,6.704,6.721,87827.0
2025-11-16 11:45:00,6.721,6.763,6.717,6.746,55798.4
2025-11-16 12:00:00,6.746,6.791,6.726,6.755,53587.7
2025-11-16 12:15:00,6.756,6.791,6.751,6.774,55498.7
2025-11-16 12:30:00,6.774,6.78,6.688,6.767,84402.0
2025-11-16 12:45:00,6.768,6.791,6.729,6.749,67971.7
2025-11-16 13:00:00,6.749,6.77,6.709,6.747,83594.8
2025-11-16 13:15:00,6.747,6.759,6.682,6.685,65594.4
2025-11-16 13:30:00,6.687,6.703,6.654,6.654,110679.7
2025-11-16 13:45:00,6.655,6.672,6.623,6.66,86537.6
2025-11-16 14:00:00,6.66,6.689,6.648,6.658,44324.3
2025-11-16 14:15:00,6.658,6.666,6.633,6.654,55113.4
2025-11-16 14:30:00,6.655,6.735,6.644,6.72,68713.7
2025-11-16 14:45:00,6.719,6.737,6.702,6.712,41014.3
2025-11-16 15:00:00,6.713,6.715,6.664,6.664,45082.2
2025-11-16 15:15:00,6.663,6.692,6.643,6.658,32968.4
2025-11-16 15:30:00,6.658,6.659,6.627,6.638,38363.1
2025-11-16 15:45:00,6.638,6.649,6.484,6.511,322570.4
2025-11-16 16:00:00,6.511,6.597,6.483,6.526,189630.2
2025-11-16 16:15:00,6.527,6.533,6.476,6.488,130715.0
2025-11-16 16:30:00,6.488,6.505,6.434,6.469,157549.9
2025-11-16 16:45:00,6.469,6.486,6.383,6.417,166483.2
2025-11-16 17:00:00,6.416,6.435,6.373,6.395,113384.5
2025-11-16 17:15:00,6.396,6.442,6.35,6.396,161267.2
2025-11-16 17:30:00,6.396,6.424,6.354,6.364,86061.2
2025-11-16 17:45:00,6.365,6.435,6.314,6.411,184124.0
2025-11-16 18:00:00,6.411,6.559,6.398,6.542,234687.1
2025-11-16 18:15:00,6.545,6.561,6.442,6.46,124863.9
2025-11-16 18:30:00,6.46,6.462,6.357,6.372,101951.2
2025-11-16 18:45:00,6.373,6.398,6.342,6.381,60426.6
2025-11-16 19:00:00,6.38,6.503,6.367,6.49,96919.4
2025-11-16 19:15:00,6.49,6.514,6.424,6.444,68443.9
2025-11-16 19:30:00,6.444,6.48,6.418,6.443,45278.7
2025-11-16 19:45:00,6.443,6.461,6.405,6.41,28892.4
2025-11-16 20:00:00,6.411,6.459,6.391,6.447,56441.9
2025-11-16 20:15:00,6.446,6.476,6.414,6.451,53317.2
2025-11-16 20:30:00,6.451,6.467,6.402,6.411,76757.2
2025-11-16 20:45:00,6.411,6.412,6.369,6.37,99462.4
2025-11-16 21:00:00,6.37,6.378,6.321,6.341,169754.7
2025-11-16 21:15:00,6.341,6.352,6.303,6.313,51353.2
2025-11-16 21:30:00,6.314,6.361,6.312,6.35,69138.9
2025-11-16 21:45:00,6.349,6.371,6.339,6.355,45439.5
2025-11-16 22:00:00,6.355,6.397,6.282,6.378,153172.0
2025-11-16 22:15:00,6.378,6.42,6.349,6.405,52393.4
2025-11-16 22:30:00,6.404,6.408,6.341,6.343,50632.9
2025-11-16 22:45:00,6.344,6.49,6.344,6.448,89836.1
2025-11-16 23:00:00,6.448,6.486,6.307,6.464,167527.1
2025-11-16 23:15:00,6.464,6.537,6.447,6.529,76985.6
2025-11-16 23:30:00,6.53,6.554,6.491,6.523,93224.0
2025-11-16 23:45:00,6.523,6.536,6.476,6.486,61111.2
2025-11-17 00:00:00,6.484,6.511,6.466,6.467,59504.7
2025-11-17 00:15:00,6.467,6.551,6.403,6.549,103057.6
2025-11-17 00:30:00,6.55,6.621,6.504,6.574,138836.2
2025-11-17 00:45:00,6.573,6.584,6.542,6.565,67407.6
2025-11-17 01:00:00,6.565,6.581,6.525,6.543,72490.8
2025-11-17 01:15:00,6.543,6.564,6.51,6.546,56491.0
2025-11-17 01:30:00,6.546,6.552,6.518,6.53,26124.5
2025-11-17 01:45:00,6.532,6.546,6.511,6.524,30030.7
2025-11-17 02:00:00,6.524,6.583,6.51,6.577,72942.3
2025-11-17 02:15:00,6.575,6.585,6.539,6.562,46462.9
2025-11-17 02:30:00,6.563,6.57,6.534,6.546,24038.0
2025-11-17 02:45:00,6.545,6.561,6.54,6.558,17144.6
2025-11-17 03:00:00,6.558,6.619,6.553,6.619,48626.8
2025-11-17 03:15:00,6.62,6.638,6.592,6.606,58903.2
2025-11-17 03:30:00,6.606,6.622,6.595,6.606,33812.2
2025-11-17 03:45:00,6.606,6.616,6.595,6.612,21160.8
2025-11-17 04:00:00,6.613,6.629,6.577,6.586,33024.4
2025-11-17 04:15:00,6.587,6.643,6.563,6.636,46042.3
2025-11-17 04:30:00,6.637,6.637,6.579,6.617,34832.1
2025-11-17 04:45:00,6.618,6.62,6.567,6.573,31213.3
2025-11-17 05:00:00,6.572,6.593,6.563,6.567,29521.9
2025-11-17 05:15:00,6.567,6.596,6.557,6.588,27341.8
2025-11-17 05:30:00,6.588,6.593,6.554,6.587,32224.5
2025-11-17 05:45:00,6.586,6.609,6.584,6.593,26134.9
2025-11-17 06:00:00,6.593,6.604,6.555,6.564,34347.8
2025-11-17 06:15:00,6.564,6.601,6.555,6.579,19837.9
2025-11-17 06:30:00,6.578,6.578,6.541,6.545,35462.4
2025-11-17 06:45:00,6.545,6.625,6.543,6.619,51135.4
2025-11-17 07:00:00,6.619,6.654,6.61,6.632,67053.0
2025-11-17 07:15:00,6.632,6.678,6.629,6.649,48068.3
2025-11-17 07:30:00,6.649,6.657,6.638,6.651,22519.9
2025-11-17 07:45:00,6.651,6.665,6.631,6.649,33105.1
2025-11-17 08:00:00,6.65,6.653,6.621,6.621,31000.0
2025-11-17 08:15:00,6.621,6.666,6.616,6.637,53915.3
2025-11-17 08:30:00,6.638,6.643,6.615,6.617,38483.2
2025-11-17 08:45:00,6.617,6.638,6.614,6.629,25954.1
2025-11-17 09:00:00,6.63,6.67,6.613,6.658,77499.1
2025-11-17 09:15:00,6.658,6.711,6.65,6.682,61622.6
2025-11-17 09:30:00,6.682,6.686,6.651,6.677,23103.8
2025-11-17 09:45:00,6.678,6.688,6.658,6.665,20529.8
2025-11-17 10:00:00,6.664,6.696,6.654,6.693,28228.0
2025-11-17 10:15:00,6.692,6.741,6.685,6.714,86121.0
2025-11-17 10:30:00,6.714,6.736,6.691,6.729,43310.0
2025-11-17 10:45:00,6.728,6.744,6.699,6.704,35469.2
2025-11-17 11:00:00,6.703,6.736,6.7,6.73,46233.0
2025-11-17 11:15:00,6.73,6.796,6.729,6.793,87795.4
2025-11-17 11:30:00,6.793,6.84,6.768,6.781,77570.2
2025-11-17 11:45:00,6.781,6.792,6.746,6.783,62452.6
2025-11-17 12:00:00,6.783,6.801,6.761,6.782,60700.0
2025-11-17 12:15:00,6.782,6.815,6.779,6.814,47555.4
2025-11-17 12:30:00,6.813,6.824,6.792,6.811,45850.2
2025-11-17 12:45:00,6.811,6.816,6.791,6.797,38127.4
2025-11-17 13:00:00,6.796,6.836,6.746,6.761,97745.8
2025-11-17 13:15:00,6.76,6.799,6.746,6.752,84270.6
2025-11-17 13:30:00,6.751,6.776,6.625,6.632,200688.8
2025-11-17 13:45:00,6.632,6.648,6.543,6.626,162932.0
2025-11-17 14:00:00,6.625,6.681,6.591,6.627,177916.1
2025-11-17 14:15:00,6.626,6.693,6.571,6.59,119825.2
2025-11-17 14:30:00,6.591,6.954,6.562,6.799,588905.9
2025-11-17 14:45:00,6.798,6.899,6.75,6.781,202649.4
2025-11-17 15:00:00,6.781,6.817,6.657,6.691,215217.5
2025-11-17 15:15:00,6.691,6.77,6.604,6.735,177314.2
2025-11-17 15:30:00,6.737,6.768,6.58,6.636,153916.7
2025-11-17 15:45:00,6.635,6.664,6.577,6.611,98601.9
2025-11-17 16:00:00,6.61,6.612,6.505,6.53,196125.6
2025-11-17 16:15:00,6.529,6.636,6.473,6.618,208421.0
2025-11-17 16:30:00,6.618,6.686,6.6,6.63,125971.6
2025-11-17 16:45:00,6.63,6.712,6.604,6.686,146193.7
2025-11-17 17:00:00,6.685,6.698,6.607,6.621,87958.4
2025-11-17 17:15:00,6.62,6.632,6.528,6.532,83559.9
2025-11-17 17:30:00,6.531,6.549,6.443,6.456,98288.1
2025-11-17 17:45:00,6.456,6.472,6.416,6.437,108584.8
2025-11-17 18:00:00,6.436,6.529,6.408,6.436,146094.7
2025-11-17 18:15:00,6.435,6.447,6.355,6.359,158895.1
2025-11-17 18:30:00,6.358,6.378,6.311,6.367,190611.8
2025-11-17 18:45:00,6.366,6.455,6.322,6.33,180228.5
2025-11-17 19:00:00,6.329,6.364,6.302,6.316,89420.7
2025-11-17 19:15:00,6.316,6.332,6.262,6.313,232536.8
2025-11-17 19:30:00,6.312,6.372,6.243,6.279,160705.7
2025-11-17 19:45:00,6.278,6.281,6.214,6.257,265849.5
2025-11-17 20:00:00,6.257,6.315,6.216,6.249,131166.1
2025-11-17 20:15:00,6.25,6.293,6.228,6.241,121033.9
2025-11-17 20:30:00,6.241,6.258,6.151,6.173,250676.5
2025-11-17 20:45:00,6.173,6.268,6.167,6.217,132802.4
2025-11-17 21:00:00,6.217,6.282,6.217,6.252,109571.1
2025-11-17 21:15:00,6.252,6.252,6.168,6.193,97838.3
2025-11-17 21:30:00,6.192,6.205,6.149,6.174,65755.7
2025-11-17 21:45:00,6.174,6.206,6.136,6.205,67419.6
2025-11-17 22:00:00,6.206,6.28,6.183,6.267,121301.4
2025-11-17 22:15:00,6.269,6.319,6.242,6.309,97967.8
2025-11-17 22:30:00,6.309,6.321,6.286,6.293,56035.1
2025-11-17 22:45:00,6.294,6.303,6.257,6.258,28207.4
2025-11-17 23:00:00,6.259,6.267,6.207,6.222,58203.2
2025-11-17 23:15:00,6.222,6.222,6.178,6.19,65782.6
2025-11-17 23:30:00,6.19,6.209,6.165,6.181,69369.4
2025-11-17 23:45:00,6.18,6.237,6.176,6.234,34139.3
2025-11-18 00:00:00,6.235,6.245,6.204,6.215,49295.0
2025-11-18 00:15:00,6.216,6.231,6.168,6.187,63207.1
2025-11-18 00:30:00,6.186,6.186,6.131,6.147,82781.6
2025-11-18 00:45:00,6.146,6.322,6.123,6.309,210067.5
2025-11-18 01:00:00,6.31,6.35,6.278,6.304,145833.9
2025-11-18 01:15:00,6.304,6.359,6.298,6.327,76254.9
2025-11-18 01:30:00,6.326,6.364,6.316,6.344,53601.9
2025-11-18 01:45:00,6.344,6.351,6.294,6.315,37341.7
2025-11-18 02:00:00,6.314,6.335,6.276,6.316,100922.7
2025-11-18 02:15:00,6.315,6.448,6.26,6.447,158062.6
2025-11-18 02:30:00,6.447,6.492,6.399,6.406,118487.9
2025-11-18 02:45:00,6.405,6.434,6.311,6.335,135091.1
2025-11-18 03:00:00,6.335,6.366,6.253,6.351,155792.4
2025-11-18 03:15:00,6.351,6.406,6.344,6.357,69834.3
2025-11-18 03:30:00,6.357,6.541,6.333,6.529,202586.3
2025-11-18 03:45:00,6.53,6.548,6.463,6.494,94791.4
2025-11-18 04:00:00,6.494,6.503,6.412,6.422,78246.9
2025-11-18 04:15:00,6.422,6.46,6.403,6.408,86792.8
2025-11-18 04:30:00,6.408,6.448,6.391,6.392,54897.0
2025-11-18 04:45:00,6.393,6.495,6.363,6.484,144822.8
2025-11-18 05:00:00,6.484,6.484,6.408,6.454,90009.2
2025-11-18 05:15:00,6.454,6.532,6.449,6.475,81473.9
2025-11-18 05:30:00,6.475,6.495,6.426,6.436,65166.8
2025-11-18 05:45:00,6.435,6.455,6.392,6.413,58645.3
2025-11-18 06:00:00,6.413,6.427,6.376,6.412,83075.9
2025-11-18 06:15:00,6.412,6.444,6.383,6.398,55736.5
2025-11-18 06:30:00,6.397,6.414,6.368,6.377,70085.7
2025-11-18 06:45:00,6.376,6.388,6.326,6.331,67347.9
2025-11-18 07:00:00,6.33,6.404,6.303,6.382,89778.6
2025-11-18 07:15:00,6.382,6.418,6.338,6.388,68298.6
2025-11-18 07:30:00,6.388,6.415,6.372,6.385,87534.6
2025-11-18 07:45:00,6.386,6.403,6.356,6.363,31517.9
2025-11-18 08:00:00,6.362,6.399,6.351,6.355,107438.9
2025-11-18 08:15:00,6.355,6.396,6.343,6.353,89894.5
2025-11-18 08:30:00,6.352,6.456,6.348,6.423,132072.0
2025-11-18 08:45:00,6.422,6.427,6.389,6.411,74165.6
2025-11-18 09:00:00,6.41,6.428,6.385,6.403,114531.0
2025-11-18 09:15:00,6.403,6.468,6.386,6.395,103934.0
2025-11-18 09:30:00,6.394,6.429,6.379,6.426,55066.5
2025-11-18 09:45:00,6.426,6.453,6.416,6.442,67243.7
2025-11-18 10:00:00,6.442,6.453,6.399,6.414,81018.7
2025-11-18 10:15:00,6.413,6.436,6.392,6.411,47432.2
2025-11-18 10:30:00,6.412,6.46,6.41,6.432,49030.1
2025-11-18 10:45:00,6.432,6.451,6.426,6.442,34446.3
2025-11-18 11:00:00,6.442,6.448,6.419,6.432,49100.1
2025-11-18 11:15:00,6.433,6.464,6.404,6.427,85647.6
2025-11-18 11:30:00,6.428,6.433,6.394,6.426,49312.3
2025-11-18 11:45:00,6.426,6.428,6.388,6.399,25944.2
2025-11-18 12:00:00,6.399,6.401,6.353,6.357,64609.7
2025-11-18 12:15:00,6.357,6.408,6.349,6.37,65987.2
2025-11-18 12:30:00,6.369,6.44,6.369,6.437,65924.7
2025-11-18 12:45:00,6.437,6.44,6.408,6.438,80596.9
2025-11-18 13:00:00,6.438,6.439,6.396,6.412,53998.9
2025-11-18 13:15:00,6.412,6.42,6.361,6.372,44614.0
2025-11-18 13:30:00,6.371,6.434,6.354,6.39,83218.4
2025-11-18 13:45:00,6.39,6.43,6.39,6.415,36723.0
2025-11-18 14:00:00,6.414,6.442,6.395,6.425,65461.4
2025-11-18 14:15:00,6.425,6.491,6.408,6.467,83430.6
2025-11-18 14:30:00,6.466,6.555,6.419,6.461,274767.1
2025-11-18 14:45:00,6.461,6.509,6.421,6.422,119057.0
2025-11-18 15:00:00,6.421,6.538,6.372,6.51,191025.9
2025-11-18 15:15:00,6.509,6.646,6.5,6.615,245098.2
2025-11-18 15:30:00,6.616,6.656,6.582,6.612,177845.1
2025-11-18 15:45:00,6.612,6.629,6.559,6.596,107566.0
2025-11-18 16:00:00,6.596,6.644,6.561,6.611,135992.6
2025-11-18 16:15:00,6.612,6.725,6.597,6.689,165108.3
2025-11-18 16:30:00,6.69,6.716,6.653,6.685,124564.2
2025-11-18 16:45:00,6.685,6.7,6.656,6.688,78202.2
2025-11-18 17:00:00,6.688,6.703,6.667,6.671,82900.4
2025-11-18 17:15:00,6.672,6.699,6.617,6.625,67041.0
2025-11-18 17:30:00,6.625,6.648,6.613,6.634,68843.2
2025-11-18 17:45:00,6.635,6.648,6.613,6.642,36227.7
2025-11-18 18:00:00,6.643,6.71,6.642,6.706,50765.8
2025-11-18 18:15:00,6.706,6.707,6.661,6.662,49343.7
2025-11-18 18:30:00,6.662,6.681,6.646,6.669,54782.4
2025-11-18 18:45:00,6.669,6.698,6.654,6.664,52913.3
2025-11-18 19:00:00,6.665,6.718,6.656,6.7,62414.2
2025-11-18 19:15:00,6.701,6.758,6.699,6.731,61100.1
2025-11-18 19:30:00,6.732,6.8,6.712,6.785,196959.1
2025-11-18 19:45:00,6.785,6.807,6.741,6.793,150060.6
2025-11-18 20:00:00,6.794,6.799,6.736,6.759,125852.0
2025-11-18 20:15:00,6.759,6.779,6.731,6.773,71504.9
2025-11-18 20:30:00,6.772,6.783,6.748,6.757,65963.0
2025-11-18 20:45:00,6.758,6.785,6.731,6.752,77686.5
2025-11-18 21:00:00,6.753,6.763,6.714,6.756,97833.9
2025-11-18 21:15:00,6.756,6.759,6.728,6.743,39061.1
2025-11-18 21:30:00,6.743,6.743,6.646,6.646,133976.7
2025-11-18 21:45:00,6.645,6.646,6.599,6.602,90352.3
2025-11-18 22:00:00,6.602,6.693,6.602,6.691,63015.4
2025-11-18 22:15:00,6.692,6.754,6.684,6.742,50798.3
2025-11-18 22:30:00,6.742,6.754,6.707,6.707,38908.6
2025-11-18 22:45:00,6.706,6.723,6.7,6.713,23557.8
2025-11-18 23:00:00,6.714,6.715,6.638,6.652,62749.7
2025-11-18 23:15:00,6.652,6.659,6.627,6.628,32665.9
2025-11-18 23:30:00,6.629,6.631,6.608,6.619,32216.3
2025-11-18 23:45:00,6.619,6.62,6.586,6.601,43092.1
2025-11-19 00:00:00,6.601,6.611,6.535,6.565,81413.8
2025-11-19 00:15:00,6.566,6.571,6.508,6.562,104112.1
2025-11-19 00:30:00,6.562,6.599,6.537,6.585,59692.6
2025-11-19 00:45:00,6.584,6.617,6.571,6.593,46939.2
2025-11-19 01:00:00,6.594,6.597,6.545,6.552,68098.0
2025-11-19 01:15:00,6.552,6.635,6.541,6.624,65615.4
2025-11-19 01:30:00,6.624,6.63,6.58,6.602,46945.5
2025-11-19 01:45:00,6.603,6.605,6.56,6.598,32214.7
2025-11-19 02:00:00,6.599,6.659,6.576,6.649,43214.5
2025-11-19 02:15:00,6.65,6.664,6.571,6.589,49825.4
2025-11-19 02:30:00,6.589,6.605,6.558,6.561,46021.6
2025-11-19 02:45:00,6.562,6.603,6.559,6.574,33530.7
2025-11-19 03:00:00,6.573,6.82,6.56,6.622,1357980.2
2025-11-19 03:15:00,6.622,6.63,6.587,6.615,160082.4
2025-11-19 03:30:00,6.616,6.622,6.572,6.606,84490.5
2025-11-19 03:45:00,6.605,6.614,6.559,6.594,74729.5
2025-11-19 04:00:00,6.594,6.601,6.526,6.543,95693.2
2025-11-19 04:15:00,6.543,6.576,6.537,6.55,58379.2
2025-11-19 04:30:00,6.551,6.556,6.496,6.516,121323.9
2025-11-19 04:45:00,6.517,6.533,6.481,6.494,65711.1
2025-11-19 05:00:00,6.495,6.514,6.462,6.473,87866.1
2025-11-19 05:15:00,6.473,6.492,6.429,6.433,95536.6
2025-11-19 05:30:00,6.433,6.433,6.342,6.347,158432.3
2025-11-19 05:45:00,6.348,6.395,6.341,6.394,109256.8
2025-11-19 06:00:00,6.395,6.428,6.367,6.401,129093.8
2025-11-19 06:15:00,6.402,6.418,6.383,6.409,38013.8
2025-11-19 06:30:00,6.408,6.45,6.404,6.447,82527.1
2025-11-19 06:45:00,6.447,6.488,6.425,6.476,49955.9
2025-11-19 07:00:00,6.476,6.489,6.456,6.479,83293.8
2025-11-19 07:15:00,6.479,6.51,6.451,6.489,62563.7
2025-11-19 07:30:00,6.489,6.606,6.469,6.598,123053.8
2025-11-19 07:45:00,6.597,6.618,6.587,6.602,80767.7
2025-11-19 08:00:00,6.602,6.607,6.556,6.563,83373.4
2025-11-19 08:15:00,6.564,6.607,6.531,6.595,78074.4
2025-11-19 08:30:00,6.596,6.627,6.572,6.589,142920.1
2025-11-19 08:45:00,6.589,6.607,6.572,6.594,57264.6
2025-11-19 09:00:00,6.594,6.645,6.554,6.642,139232.2
2025-11-19 09:15:00,6.642,6.642,6.601,6.621,94392.2
2025-11-19 09:30:00,6.622,6.715,6.619,6.709,143056.0
2025-11-19 09:45:00,6.709,6.795,6.664,6.788,141040.0
2025-11-19 10:00:00,6.788,6.866,6.741,6.83,225976.5
2025-11-19 10:15:00,6.83,6.861,6.769,6.805,117120.6
2025-11-19 10:30:00,6.806,6.876,6.798,6.856,124289.7
2025-11-19 10:45:00,6.855,6.86,6.828,6.835,112080.1
2025-11-19 11:00:00,6.835,6.947,6.832,6.932,178961.6
2025-11-19 11:15:00,6.931,6.986,6.905,6.912,291479.8
2025-11-19 11:30:00,6.911,6.936,6.88,6.889,122225.1
2025-11-19 11:45:00,6.889,6.889,6.802,6.816,182448.9
2025-11-19 12:00:00,6.817,6.875,6.811,6.851,155514.5
2025-11-19 12:15:00,6.852,6.889,6.837,6.854,96815.9
2025-11-19 12:30:00,6.854,6.911,6.853,6.897,117088.2
2025-11-19 12:45:00,6.897,6.949,6.877,6.909,141862.6
2025-11-19 13:00:00,6.911,6.921,6.849,6.875,149280.3
2025-11-19 13:15:00,6.876,6.904,6.83,6.839,154672.1
2025-11-19 13:30:00,6.84,6.87,6.757,6.76,196134.9
2025-11-19 13:45:00,6.759,6.797,6.729,6.746,173838.8
2025-11-19 14:00:00,6.747,6.761,6.675,6.727,154386.5
2025-11-19 14:15:00,6.728,6.729,6.616,6.636,192738.5
2025-11-19 14:30:00,6.636,6.741,6.623,6.729,219006.0
2025-11-19 14:45:00,6.731,6.752,6.639,6.686,115471.6
2025-11-19 15:00:00,6.687,6.805,6.68,6.748,312824.8
2025-11-19 15:15:00,6.748,6.788,6.593,6.627,247320.8
2025-11-19 15:30:00,6.627,6.629,6.52,6.545,267710.9
2025-11-19 15:45:00,6.546,6.547,6.445,6.457,229825.0
2025-11-19 16:00:00,6.456,6.527,6.45,6.488,228745.9
2025-11-19 16:15:00,6.489,6.503,6.379,6.398,215778.9
2025-11-19 16:30:00,6.398,6.418,6.352,6.356,170168.9
2025-11-19 16:45:00,6.355,6.364,6.21,6.27,495436.3
2025-11-19 17:00:00,6.27,6.307,6.209,6.227,217055.4
2025-11-19 17:15:00,6.227,6.288,6.206,6.258,170814.0
2025-11-19 17:30:00,6.258,6.273,6.154,6.227,214928.7
2025-11-19 17:45:00,6.227,6.281,6.186,6.244,141877.4
2025-11-19 18:00:00,6.244,6.254,6.191,6.226,162064.3
2025-11-19 18:15:00,6.226,6.23,6.124,6.165,161748.0
2025-11-19 18:30:00,6.166,6.218,6.153,6.174,137046.9
2025-11-19 18:45:00,6.174,6.197,6.142,6.196,100948.6
2025-11-19 19:00:00,6.196,6.199,6.128,6.163,141643.4
2025-11-19 19:15:00,6.163,6.178,6.103,6.116,149428.1
2025-11-19 19:30:00,6.116,6.149,6.108,6.135,93967.6
2025-11-19 19:45:00,6.136,6.225,6.131,6.196,106576.0
2025-11-19 20:00:00,6.197,6.222,6.162,6.217,87440.8
2025-11-19 20:15:00,6.217,6.284,6.203,6.278,154703.3
2025-11-19 20:30:00,6.279,6.339,6.229,6.304,154852.0
2025-11-19 20:45:00,6.305,6.367,6.273,6.343,181437.2
2025-11-19 21:00:00,6.344,6.395,6.32,6.342,133572.3
2025-11-19 21:15:00,6.343,6.531,6.339,6.463,358085.9
2025-11-19 21:30:00,6.465,6.543,6.451,6.478,140317.3
2025-11-19 21:45:00,6.478,6.526,6.474,6.497,89423.0
2025-11-19 22:00:00,6.496,6.5,6.43,6.435,85654.7
2025-11-19 22:15:00,6.434,6.465,6.391,6.463,103886.3
2025-11-19 22:30:00,6.464,6.465,6.408,6.432,59951.1
2025-11-19 22:45:00,6.432,6.435,6.409,6.416,19152.6
2025-11-19 23:00:00,6.417,6.542,6.417,6.54,104352.7
2025-11-19 23:15:00,6.54,6.549,6.514,6.532,80835.6
2025-11-19 23:30:00,6.533,6.533,6.468,6.469,66181.8
2025-11-19 23:45:00,6.47,6.512,6.464,6.51,55109.9
2025-11-20 00:00:00,6.51,6.515,6.459,6.494,59225.1
2025-11-20 00:15:00,6.494,6.511,6.479,6.488,67715.6
2025-11-20 00:30:00,6.489,6.521,6.47,6.492,111494.2
2025-11-20 00:45:00,6.492,6.494,6.439,6.446,61752.5
2025-11-20 01:00:00,6.445,6.513,6.435,6.481,58173.8
2025-11-20 01:15:00,6.48,6.485,6.454,6.463,46241.3
2025-11-20 01:30:00,6.463,6.524,6.459,6.522,54475.6
2025-11-20 01:45:00,6.521,6.534,6.484,6.518,57456.3
2025-11-20 02:00:00,6.518,6.573,6.51,6.545,122684.4
2025-11-20 02:15:00,6.544,6.55,6.51,6.536,61990.0
2025-11-20 02:30:00,6.536,6.576,6.528,6.553,60294.5
2025-11-20 02:45:00,6.552,6.57,6.544,6.558,37855.6
2025-11-20 03:00:00,6.558,6.579,6.553,6.568,54319.1
2025-11-20 03:15:00,6.568,6.572,6.534,6.538,49570.9
2025-11-20 03:30:00,6.538,6.59,6.531,6.569,74531.4
2025-11-20 03:45:00,6.57,6.572,6.55,6.555,47752.5
2025-11-20 04:00:00,6.554,6.576,6.553,6.569,59639.5
2025-11-20 04:15:00,6.569,6.582,6.547,6.551,55873.8
2025-11-20 04:30:00,6.552,6.579,6.548,6.574,59442.3
2025-11-20 04:45:00,6.574,6.67,6.571,6.667,91391.9
2025-11-20 05:00:00,6.667,6.683,6.639,6.655,74207.4
2025-11-20 05:15:00,6.655,6.657,6.582,6.586,76519.4
2025-11-20 05:30:00,6.586,6.617,6.585,6.599,52312.5
2025-11-20 05:45:00,6.599,6.623,6.594,6.604,26859.2
2025-11-20 06:00:00,6.604,6.623,6.59,6.598,40563.2
2025-11-20 06:15:00,6.597,6.613,6.587,6.603,47900.8
2025-11-20 06:30:00,6.604,6.62,6.578,6.582,49753.9
2025-11-20 06:45:00,6.581,6.599,6.564,6.598,43469.6
2025-11-20 07:00:00,6.598,6.627,6.578,6.617,48120.8
2025-11-20 07:15:00,6.618,6.653,6.602,6.653,49111.7
2025-11-20 07:30:00,6.652,6.688,6.649,6.659,64397.3
2025-11-20 07:45:00,6.659,6.69,6.654,6.664,40510.6
2025-11-20 08:00:00,6.665,6.681,6.632,6.632,77535.3
2025-11-20 08:15:00,6.632,6.677,6.63,6.665,47496.9
2025-11-20 08:30:00,6.665,6.668,6.639,6.655,48979.3
2025-11-20 08:45:00,6.655,6.662,6.625,6.632,31995.8
2025-11-20 09:00:00,6.632,6.655,6.632,6.644,48198.1
2025-11-20 09:15:00,6.643,6.662,6.616,6.625,76022.2
2025-11-20 09:30:00,6.625,6.659,6.624,6.627,46604.8
2025-11-20 09:45:00,6.627,6.627,6.578,6.609,98489.8
2025-11-20 10:00:00,6.61,6.614,6.553,6.579,87835.8
2025-11-20 10:15:00,6.578,6.62,6.573,6.616,47499.2
2025-11-20 10:30:00,6.615,6.632,6.611,6.627,83266.7
2025-11-20 10:45:00,6.626,6.629,6.602,6.604,24824.4
2025-11-20 11:00:00,6.603,6.616,6.585,6.611,49495.9
2025-11-20 11:15:00,6.611,6.632,6.593,6.599,79971.5
2025-11-20 11:30:00,6.598,6.632,6.597,6.625,58149.7
2025-11-20 11:45:00,6.624,6.655,6.616,6.633,56154.8
2025-11-20 12:00:00,6.633,6.634,6.589,6.592,71028.0
2025-11-20 12:15:00,6.591,6.66,6.586,6.647,68388.3
2025-11-20 12:30:00,6.647,6.69,6.646,6.678,107692.1
2025-11-20 12:45:00,6.677,6.762,6.668,6.734,115822.9
2025-11-20 13:00:00,6.733,6.751,6.686,6.714,174325.8
2025-11-20 13:15:00,6.714,6.715,6.635,6.683,108809.5
2025-11-20 13:30:00,6.683,6.771,6.643,6.669,253105.3
2025-11-20 13:45:00,6.67,6.714,6.638,6.657,69733.4
2025-11-20 14:00:00,6.657,6.67,6.566,6.593,177252.2
2025-11-20 14:15:00,6.592,6.726,6.581,6.715,137560.2
2025-11-20 14:30:00,6.716,6.756,6.651,6.682,180213.6
2025-11-20 14:45:00,6.682,6.735,6.646,6.714,86904.8
2025-11-20 15:00:00,6.714,6.72,6.592,6.632,150401.9
2025-11-20 15:15:00,6.632,6.685,6.604,6.663,74348.8
2025-11-20 15:30:00,6.662,6.682,6.617,6.646,74040.9
2025-11-20 15:45:00,6.646,6.646,6.535,6.55,129195.2
2025-11-20 16:00:00,6.549,6.574,6.37,6.403,428818.2
2025-11-20 16:15:00,6.401,6.456,6.301,6.379,453109.3
2025-11-20 16:30:00,6.379,6.398,6.271,6.278,266536.1
2025-11-20 16:45:00,6.278,6.318,6.234,6.278,209243.8
2025-11-20 17:00:00,6.277,6.312,6.164,6.198,299330.9
2025-11-20 17:15:00,6.197,6.223,6.14,6.176,281247.2
2025-11-20 17:30:00,6.175,6.228,6.147,6.158,221514.8
2025-11-20 17:45:00,6.157,6.168,6.102,6.146,202661.5
2025-11-20 18:00:00,6.145,6.179,6.094,6.167,221966.7
2025-11-20 18:15:00,6.168,6.172,6.076,6.097,180327.8
2025-11-20 18:30:00,6.097,6.118,6.049,6.067,165333.4
2025-11-20 18:45:00,6.066,6.09,6.046,6.053,120028.0
2025-11-20 19:00:00,6.053,6.06,5.982,6.035,315444.8
2025-11-20 19:15:00,6.036,6.153,6.026,6.133,197061.7
2025-11-20 19:30:00,6.133,6.133,6.061,6.084,153222.8
2025-11-20 19:45:00,6.084,6.129,6.075,6.108,89795.1
2025-11-20 20:00:00,6.107,6.107,6.026,6.027,98165.0
2025-11-20 20:15:00,6.027,6.091,6.018,6.09,89274.6
2025-11-20 20:30:00,6.091,6.112,6.044,6.061,194658.1
2025-11-20 20:45:00,6.061,6.082,6.015,6.023,69369.0
2025-11-20 21:00:00,6.023,6.079,6.02,6.045,103107.6
2025-11-20 21:15:00,6.045,6.156,6.04,6.109,95408.3
2025-11-20 21:30:00,6.11,6.139,6.1,6.131,106177.7
2025-11-20 21:45:00,6.131,6.154,6.073,6.077,102596.5
2025-11-20 22:00:00,6.077,6.187,6.071,6.174,161684.0
2025-11-20 22:15:00,6.174,6.237,6.17,6.216,103474.5
2025-11-20 22:30:00,6.216,6.222,6.145,6.16,74243.3
2025-11-20 22:45:00,6.16,6.183,6.155,6.163,33305.2
2025-11-20 23:00:00,6.162,6.163,6.054,6.08,168232.2
2025-11-20 23:15:00,6.081,6.093,6.048,6.055,73279.7
2025-11-20 23:30:00,6.056,6.059,5.959,5.982,190975.2
2025-11-20 23:45:00,5.983,5.99,5.907,5.946,204038.7
2025-11-21 00:00:00,5.945,5.991,5.939,5.989,151415.1
2025-11-21 00:15:00,5.989,6.015,5.958,5.977,114416.7
2025-11-21 00:30:00,5.977,6.037,5.949,6.008,95923.9
2025-11-21 00:45:00,6.008,6.059,6.006,6.055,55917.7
2025-11-21 01:00:00,6.054,6.088,6.039,6.08,82433.5
2025-11-21 01:15:00,6.08,6.127,6.024,6.122,98164.7
2025-11-21 01:30:00,6.121,6.127,6.066,6.107,90270.4
2025-11-21 01:45:00,6.108,6.114,6.048,6.06,81637.6
2025-11-21 02:00:00,6.059,6.059,5.99,5.998,83712.1
2025-11-21 02:15:00,5.998,6.05,5.961,6.0,112591.9
2025-11-21 02:30:00,5.998,6.006,5.95,5.952,123320.8
2025-11-21 02:45:00,5.951,5.995,5.872,5.892,213610.3
2025-11-21 03:00:00,5.891,6.03,5.89,5.969,194117.0
2025-11-21 03:15:00,5.969,5.977,5.917,5.968,88550.9
2025-11-21 03:30:00,5.968,6.006,5.936,6.0,73296.9
2025-11-21 03:45:00,6.001,6.011,5.941,5.941,75067.9
2025-11-21 04:00:00,5.94,5.954,5.914,5.939,99466.7
2025-11-21 04:15:00,5.938,5.941,5.882,5.893,94371.8
2025-11-21 04:30:00,5.894,5.913,5.819,5.896,198354.1
2025-11-21 04:45:00,5.896,5.942,5.869,5.923,97390.8
2025-11-21 05:00:00,5.923,5.935,5.879,5.908,125283.6
2025-11-21 05:15:00,5.907,5.93,5.88,5.885,121929.0
2025-11-21 05:30:00,5.885,5.901,5.836,5.845,81011.7
2025-11-21 05:45:00,5.846,5.865,5.834,5.853,60590.7
2025-11-21 06:00:00,5.854,5.868,5.807,5.859,161467.6
2025-11-21 06:15:00,5.859,5.867,5.808,5.815,77717.2
2025-11-21 06:30:00,5.815,5.842,5.786,5.822,171225.7
2025-11-21 06:45:00,5.822,5.848,5.813,5.816,99113.5
2025-11-21 07:00:00,5.815,5.825,5.782,5.793,124486.8
2025-11-21 07:15:00,5.793,5.797,5.742,5.756,210794.7
2025-11-21 07:30:00,5.756,5.761,5.2,5.59,1784095.7
2025-11-21 07:45:00,5.591,5.606,5.519,5.539,352767.6
2025-11-21 08:00:00,5.54,5.633,5.508,5.581,311423.8
2025-11-21 08:15:00,5.58,5.609,5.544,5.546,181671.0
2025-11-21 08:30:00,5.546,5.578,5.516,5.527,160083.4
2025-11-21 08:45:00,5.527,5.555,5.509,5.529,116865.5
2025-11-21 09:00:00,5.53,5.578,5.529,5.555,133650.9
2025-11-21 09:15:00,5.555,5.559,5.468,5.479,205102.7
2025-11-21 09:30:00,5.478,5.485,5.363,5.405,668232.8
2025-11-21 09:45:00,5.405,5.419,5.382,5.387,182308.9
2025-11-21 10:00:00,5.387,5.448,5.34,5.391,331079.2
2025-11-21 10:15:00,5.392,5.423,5.359,5.372,184015.6
2025-11-21 10:30:00,5.372,5.416,5.366,5.373,199058.0
2025-11-21 10:45:00,5.373,5.387,5.337,5.339,163577.5
2025-11-21 11:00:00,5.339,5.409,5.331,5.386,269269.5
2025-11-21 11:15:00,5.387,5.402,5.348,5.352,134072.3
2025-11-21 11:30:00,5.351,5.361,5.31,5.333,153365.5
2025-11-21 11:45:00,5.332,5.35,5.292,5.329,211656.1
2025-11-21 12:00:00,5.33,5.36,5.314,5.333,203533.4
2025-11-21 12:15:00,5.333,5.334,5.195,5.219,527009.9
2025-11-21 12:30:00,5.221,5.438,5.221,5.42,759561.3
2025-11-21 12:45:00,5.421,5.46,5.404,5.417,385481.0
2025-11-21 13:00:00,5.417,5.475,5.393,5.469,368626.6
2025-11-21 13:15:00,5.47,5.523,5.459,5.469,367243.5
2025-11-21 13:30:00,5.469,5.558,5.467,5.535,261386.1
2025-11-21 13:45:00,5.535,5.549,5.496,5.502,219152.6
2025-11-21 14:00:00,5.502,5.517,5.472,5.478,134271.3
2025-11-21 14:15:00,5.477,5.479,5.444,5.455,127321.6
2025-11-21 14:30:00,5.454,5.622,5.448,5.588,655797.3
2025-11-21 14:45:00,5.589,5.637,5.538,5.598,227231.3
2025-11-21 15:00:00,5.599,5.613,5.517,5.531,210263.0
2025-11-21 15:15:00,5.532,5.569,5.489,5.528,209457.2
2025-11-21 15:30:00,5.527,5.556,5.471,5.505,256582.4
2025-11-21 15:45:00,5.506,5.546,5.484,5.515,206784.0
2025-11-21 16:00:00,5.513,5.523,5.412,5.467,406958.5
2025-11-21 16:15:00,5.466,5.493,5.382,5.479,456837.1
2025-11-21 16:30:00,5.479,5.515,5.429,5.448,282882.5
2025-11-21 16:45:00,5.448,5.631,5.421,5.63,276549.8
2025-11-21 17:00:00,5.631,5.68,5.611,5.647,315340.9
2025-11-21 17:15:00,5.649,5.668,5.605,5.656,184117.1
2025-11-21 17:30:00,5.656,5.71,5.656,5.68,152639.2
2025-11-21 17:45:00,5.68,5.693,5.578,5.59,128522.4
2025-11-21 18:00:00,5.589,5.601,5.488,5.498,216951.6
2025-11-21 18:15:00,5.497,5.529,5.47,5.525,158712.4
2025-11-21 18:30:00,5.525,5.599,5.512,5.592,134544.7
2025-11-21 18:45:00,5.593,5.654,5.575,5.61,162970.5
2025-11-21 19:00:00,5.609,5.622,5.544,5.556,113792.7
2025-11-21 19:15:00,5.555,5.599,5.542,5.577,74153.3
2025-11-21 19:30:00,5.577,5.582,5.511,5.518,119782.7
2025-11-21 19:45:00,5.517,5.521,5.483,5.508,83090.4
2025-11-21 20:00:00,5.508,5.509,5.434,5.491,138051.0
2025-11-21 20:15:00,5.492,5.494,5.384,5.393,100355.9
2025-11-21 20:30:00,5.392,5.445,5.377,5.435,208343.1
2025-11-21 20:45:00,5.436,5.455,5.381,5.406,215900.7
2025-11-21 21:00:00,5.405,5.42,5.348,5.379,141500.3
2025-11-21 21:15:00,5.38,5.482,5.354,5.464,129899.4
2025-11-21 21:30:00,5.464,5.485,5.419,5.468,128325.0
2025-11-21 21:45:00,5.469,5.49,5.423,5.432,116885.7
2025-11-21 22:00:00,5.432,5.459,5.42,5.438,116068.0
2025-11-21 22:15:00,5.439,5.452,5.359,5.359,90349.4
2025-11-21 22:30:00,5.36,5.361,5.298,5.313,151013.3
2025-11-21 22:45:00,5.313,5.334,5.231,5.25,181205.7
2025-11-21 23:00:00,5.249,5.276,5.216,5.27,158177.3
2025-11-21 23:15:00,5.27,5.409,5.27,5.409,137549.8
2025-11-21 23:30:00,5.409,5.444,5.399,5.443,141604.3
2025-11-21 23:45:00,5.443,5.479,5.427,5.439,159246.1
2025-11-22 00:00:00,5.439,5.448,5.404,5.437,145321.4
2025-11-22 00:15:00,5.436,5.436,5.374,5.384,70865.8
2025-11-22 00:30:00,5.384,5.422,5.381,5.413,85859.3
2025-11-22 00:45:00,5.412,5.423,5.389,5.423,82334.7
2025-11-22 01:00:00,5.423,5.461,5.422,5.454,91641.6
2025-11-22 01:15:00,5.454,5.465,5.414,5.43,60599.2
2025-11-22 01:30:00,5.429,5.467,5.426,5.43,116129.8
2025-11-22 01:45:00,5.43,5.493,5.43,5.475,79426.5
2025-11-22 02:00:00,5.476,5.478,5.422,5.423,93378.1
2025-11-22 02:15:00,5.422,5.443,5.407,5.424,58548.5
2025-11-22 02:30:00,5.423,5.423,5.371,5.376,85991.3
2025-11-22 02:45:00,5.375,5.403,5.361,5.395,78565.6
2025-11-22 03:00:00,5.395,5.436,5.378,5.432,54388.1
2025-11-22 03:15:00,5.432,5.433,5.378,5.378,42846.7
2025-11-22 03:30:00,5.377,5.396,5.353,5.383,57078.0
2025-11-22 03:45:00,5.383,5.388,5.354,5.365,40738.3
2025-11-22 04:00:00,5.365,5.365,5.27,5.285,154519.1
2025-11-22 04:15:00,5.285,5.293,5.248,5.279,95937.2
2025-11-22 04:30:00,5.279,5.297,5.235,5.247,111860.1
2025-11-22 04:45:00,5.247,5.327,5.234,5.318,145696.9
2025-11-22 05:00:00,5.318,5.337,5.288,5.29,79003.3
2025-11-22 05:15:00,5.29,5.292,5.237,5.28,94872.1
2025-11-22 05:30:00,5.279,5.279,5.201,5.219,155776.2
2025-11-22 05:45:00,5.218,5.269,5.209,5.25,82800.5
2025-11-22 06:00:00,5.251,5.255,5.183,5.223,124491.6
2025-11-22 06:15:00,5.223,5.304,5.209,5.274,119478.0
2025-11-22 06:30:00,5.274,5.331,5.256,5.326,148915.0
2025-11-22 06:45:00,5.325,5.344,5.298,5.31,82114.2
2025-11-22 07:00:00,5.311,5.34,5.287,5.291,114029.0
2025-11-22 07:15:00,5.291,5.319,5.265,5.277,72673.7
2025-11-22 07:30:00,5.276,5.347,5.271,5.322,162313.9
2025-11-22 07:45:00,5.321,5.332,5.298,5.311,74951.8
2025-11-22 08:00:00,5.311,5.32,5.294,5.306,74025.3
2025-11-22 08:15:00,5.305,5.305,5.226,5.231,152503.5
2025-11-22 08:30:00,5.23,5.241,5.188,5.219,199070.6
2025-11-22 08:45:00,5.218,5.246,5.202,5.208,92549.0
2025-11-22 09:00:00,5.208,5.285,5.207,5.275,99396.7
2025-11-22 09:15:00,5.274,5.276,5.206,5.228,86149.9
2025-11-22 09:30:00,5.227,5.332,5.221,5.325,146009.4
2025-11-22 09:45:00,5.324,5.336,5.298,5.306,79784.4
2025-11-22 10:00:00,5.305,5.361,5.305,5.332,109917.3
2025-11-22 10:15:00,5.332,5.342,5.263,5.285,146978.6
2025-11-22 10:30:00,5.285,5.29,5.261,5.281,54956.0
2025-11-22 10:45:00,5.282,5.297,5.251,5.294,56537.6
2025-11-22 11:00:00,5.294,5.359,5.29,5.357,112058.9
2025-11-22 11:15:00,5.357,5.385,5.318,5.375,115621.6
2025-11-22 11:30:00,5.375,5.388,5.35,5.37,61326.3
2025-11-22 11:45:00,5.369,5.382,5.365,5.368,97491.8
2025-11-22 12:00:00,5.369,5.372,5.313,5.323,84380.0
2025-11-22 12:15:00,5.324,5.339,5.3,5.308,50870.6
2025-11-22 12:30:00,5.308,5.337,5.294,5.295,48119.2
2025-11-22 12:45:00,5.295,5.331,5.277,5.317,89446.8
2025-11-22 13:00:00,5.317,5.346,5.284,5.326,65585.5
2025-11-22 13:15:00,5.327,5.33,5.298,5.309,62675.2
2025-11-22 13:30:00,5.309,5.329,5.28,5.317,80765.7
2025-11-22 13:45:00,5.317,5.348,5.316,5.335,56665.5
2025-11-22 14:00:00,5.335,5.426,5.33,5.424,128171.5
2025-11-22 14:15:00,5.425,5.48,5.417,5.451,176181.1
2025-11-22 14:30:00,5.451,5.452,5.394,5.396,85755.7
2025-11-22 14:45:00,5.396,5.445,5.369,5.419,244700.0
2025-11-22 15:00:00,5.418,5.437,5.398,5.414,84450.9
2025-11-22 15:15:00,5.414,5.445,5.402,5.421,47115.3
2025-11-22 15:30:00,5.421,5.432,5.361,5.373,105420.5
2025-11-22 15:45:00,5.373,5.408,5.354,5.401,97387.9
2025-11-22 16:00:00,5.401,5.485,5.395,5.47,173820.7
2025-11-22 16:15:00,5.471,5.494,5.46,5.474,137179.8
2025-11-22 16:30:00,5.474,5.513,5.461,5.509,97172.2
2025-11-22 16:45:00,5.509,5.542,5.477,5.505,114260.4
2025-11-22 17:00:00,5.506,5.514,5.467,5.473,103516.6
2025-11-22 17:15:00,5.474,5.476,5.437,5.465,103377.4
2025-11-22 17:30:00,5.465,5.467,5.434,5.441,67703.5
2025-11-22 17:45:00,5.441,5.445,5.427,5.433,34607.5
2025-11-22 18:00:00,5.434,5.435,5.404,5.422,77134.9
2025-11-22 18:15:00,5.423,5.436,5.412,5.421,36598.6
2025-11-22 18:30:00,5.421,5.426,5.388,5.403,60439.9
2025-11-22 18:45:00,5.404,5.432,5.399,5.409,29099.4
2025-11-22 19:00:00,5.41,5.426,5.393,5.413,71700.2
2025-11-22 19:15:00,5.413,5.424,5.37,5.373,55234.8
2025-11-22 19:30:00,5.374,5.389,5.363,5.377,56584.6
2025-11-22 19:45:00,5.377,5.399,5.376,5.381,37054.4
2025-11-22 20:00:00,5.381,5.428,5.376,5.425,56267.6
2025-11-22 20:15:00,5.425,5.435,5.41,5.414,28237.2
2025-11-22 20:30:00,5.414,5.414,5.324,5.33,145853.7
2025-11-22 20:45:00,5.331,5.353,5.327,5.345,77911.7
2025-11-22 21:00:00,5.344,5.371,5.335,5.358,57964.0
2025-11-22 21:15:00,5.358,5.379,5.357,5.371,41408.4
2025-11-22 21:30:00,5.37,5.385,5.349,5.372,38074.1
2025-11-22 21:45:00,5.372,5.377,5.349,5.354,35620.8
2025-11-22 22:00:00,5.355,5.376,5.335,5.375,51715.4
2025-11-22 22:15:00,5.375,5.4,5.36,5.363,68618.2
2025-11-22 22:30:00,5.363,5.384,5.359,5.375,21237.4
2025-11-22 22:45:00,5.375,5.48,5.374,5.444,150978.8
2025-11-22 23:00:00,5.444,5.454,5.401,5.413,103246.3
2025-11-22 23:15:00,5.414,5.414,5.372,5.392,45950.3
2025-11-22 23:30:00,5.392,5.42,5.385,5.404,31099.6
2025-11-22 23:45:00,5.404,5.405,5.388,5.395,28462.0
2025-11-23 00:00:00,5.394,5.425,5.388,5.413,65046.5
2025-11-23 00:15:00,5.413,5.432,5.391,5.393,43310.0
2025-11-23 00:30:00,5.392,5.394,5.362,5.379,45941.3
2025-11-23 00:45:00,5.378,5.388,5.362,5.386,42850.7
2025-11-23 01:00:00,5.386,5.43,5.384,5.427,70428.1
2025-11-23 01:15:00,5.427,5.445,5.411,5.432,49078.2
2025-11-23 01:30:00,5.432,5.494,5.424,5.489,75425.7
2025-11-23 01:45:00,5.49,5.494,5.45,5.463,52649.6
2025-11-23 02:00:00,5.464,5.486,5.446,5.459,75223.2
2025-11-23 02:15:00,5.459,5.497,5.449,5.484,34564.6
2025-11-23 02:30:00,5.485,5.505,5.474,5.486,84579.6
2025-11-23 02:45:00,5.487,5.502,5.465,5.473,56085.4
2025-11-23 03:00:00,5.473,5.486,5.444,5.447,50399.1
2025-11-23 03:15:00,5.447,5.45,5.42,5.438,41373.5
2025-11-23 03:30:00,5.439,5.451,5.433,5.447,31188.2
2025-11-23 03:45:00,5.447,5.464,5.44,5.46,24019.1
2025-11-23 04:00:00,5.461,5.487,5.455,5.473,107122.1
2025-11-23 04:15:00,5.473,5.532,5.467,5.48,167997.3
2025-11-23 04:30:00,5.481,5.487,5.46,5.463,53268.0
2025-11-23 04:45:00,5.464,5.492,5.461,5.479,74315.5
2025-11-23 05:00:00,5.479,5.482,5.467,5.476,43631.9
2025-11-23 05:15:00,5.477,5.488,5.467,5.473,23743.9
2025-11-23 05:30:00,5.473,5.482,5.458,5.46,42376.9
2025-11-23 05:45:00,5.46,5.49,5.46,5.475,29118.9
2025-11-23 06:00:00,5.475,5.495,5.453,5.453,46861.9
2025-11-23 06:15:00,5.454,5.46,5.437,5.442,31549.9
2025-11-23 06:30:00,5.443,5.444,5.409,5.411,50654.7
2025-11-23 06:45:00,5.411,5.423,5.399,5.417,30821.5
2025-11-23 07:00:00,5.417,5.421,5.389,5.416,55538.0
2025-11-23 07:15:00,5.417,5.419,5.363,5.379,66009.1
2025-11-23 07:30:00,5.379,5.42,5.374,5.41,46501.7
2025-11-23 07:45:00,5.41,5.421,5.406,5.415,26501.7
2025-11-23 08:00:00,5.416,5.45,5.416,5.42,71894.2
2025-11-23 08:15:00,5.421,5.429,5.408,5.42,35553.1
2025-11-23 08:30:00,5.42,5.435,5.411,5.419,33312.8
2025-11-23 08:45:00,5.42,5.448,5.418,5.437,41037.8
2025-11-23 09:00:00,5.438,5.441,5.425,5.436,36873.4
2025-11-23 09:15:00,5.436,5.456,5.435,5.441,56639.4
2025-11-23 09:30:00,5.442,5.464,5.432,5.457,70560.2
2025-11-23 09:45:00,5.458,5.458,5.437,5.437,20707.4
2025-11-23 10:00:00,5.438,5.446,5.418,5.433,89268.5
2025-11-23 10:15:00,5.433,5.439,5.408,5.412,40771.2
2025-11-23 10:30:00,5.41,5.419,5.398,5.409,48110.1
2025-11-23 10:45:00,5.409,5.421,5.399,5.403,21859.6
2025-11-23 11:00:00,5.403,5.407,5.375,5.381,45811.7
2025-11-23 11:15:00,5.381,5.415,5.36,5.406,41505.4
2025-11-23 11:30:00,5.406,5.428,5.4,5.422,40225.6
2025-11-23 11:45:00,5.422,5.443,5.419,5.433,44001.6
2025-11-23 12:00:00,5.433,5.463,5.425,5.457,38223.2
2025-11-23 12:15:00,5.457,5.507,5.455,5.487,92397.2
2025-11-23 12:30:00,5.488,5.501,5.46,5.478,98832.3
2025-11-23 12:45:00,5.479,5.48,5.445,5.451,83463.0
2025-11-23 13:00:00,5.452,5.466,5.418,5.426,33688.9
2025-11-23 13:15:00,5.427,5.444,5.414,5.423,54721.4
2025-11-23 13:30:00,5.423,5.438,5.411,5.437,48293.5
2025-11-23 13:45:00,5.438,5.461,5.428,5.46,37155.4
2025-11-23 14:00:00,5.46,5.527,5.436,5.44,294508.3
2025-11-23 14:15:00,5.441,5.449,5.423,5.429,62834.4
2025-11-23 14:30:00,5.429,5.44,5.412,5.417,59941.2
2025-11-23 14:45:00,5.417,5.444,5.398,5.403,65971.5
2025-11-23 15:00:00,5.404,5.413,5.373,5.401,65010.0
2025-11-23 15:15:00,5.4,5.412,5.389,5.41,63781.3
2025-11-23 15:30:00,5.411,5.485,5.407,5.476,114116.6
2025-11-23 15:45:00,5.477,5.509,5.464,5.488,58717.7
2025-11-23 16:00:00,5.489,5.52,5.464,5.476,115301.4
2025-11-23 16:15:00,5.477,5.484,5.444,5.452,68271.1
2025-11-23 16:30:00,5.452,5.508,5.446,5.497,117241.4
2025-11-23 16:45:00,5.497,5.497,5.421,5.426,88664.0
2025-11-23 17:00:00,5.426,5.433,5.403,5.417,84594.1
2025-11-23 17:15:00,5.417,5.422,5.376,5.418,80593.4
2025-11-23 17:30:00,5.418,5.42,5.393,5.413,34485.8
2025-11-23 17:45:00,5.413,5.413,5.364,5.39,54643.1
2025-11-23 18:00:00,5.391,5.414,5.388,5.4,37303.8
2025-11-23 18:15:00,5.4,5.439,5.398,5.405,62078.0
2025-11-23 18:30:00,5.405,5.453,5.399,5.441,60360.7
2025-11-23 18:45:00,5.442,5.442,5.403,5.409,50993.0
2025-11-23 19:00:00,5.41,5.442,5.401,5.423,73489.0
2025-11-23 19:15:00,5.424,5.46,5.423,5.44,82182.4
2025-11-23 19:30:00,5.439,5.479,5.437,5.459,60585.4
2025-11-23 19:45:00,5.46,5.464,5.432,5.436,40444.5
2025-11-23 20:00:00,5.436,5.463,5.411,5.433,68992.0
2025-11-23 20:15:00,5.433,5.454,5.421,5.435,65568.9
2025-11-23 20:30:00,5.435,5.435,5.404,5.416,36555.4
2025-11-23 20:45:00,5.417,5.425,5.41,5.416,23834.7
2025-11-23 21:00:00,5.417,5.429,5.389,5.396,55198.0
2025-11-23 21:15:00,5.396,5.441,5.395,5.436,31131.7
2025-11-23 21:30:00,5.436,5.443,5.421,5.425,32101.1
2025-11-23 21:45:00,5.425,5.48,5.414,5.462,61368.0
2025-11-23 22:00:00,5.462,5.478,5.426,5.437,51477.3
2025-11-23 22:15:00,5.438,5.482,5.42,5.48,55723.8
2025-11-23 22:30:00,5.481,5.483,5.429,5.429,63491.0
2025-11-23 22:45:00,5.428,5.444,5.427,5.44,20362.1
2025-11-23 23:00:00,5.44,5.456,5.384,5.389,55337.8
2025-11-23 23:15:00,5.388,5.395,5.34,5.379,81129.4
2025-11-23 23:30:00,5.379,5.379,5.346,5.357,78069.5
2025-11-23 23:45:00,5.356,5.368,5.334,5.349,78928.1
2025-11-24 00:00:00,5.349,5.351,5.303,5.31,104978.9
2025-11-24 00:15:00,5.309,5.352,5.284,5.342,93063.4
2025-11-24 00:30:00,5.342,5.362,5.32,5.342,73612.8
2025-11-24 00:45:00,5.342,5.383,5.321,5.33,70189.4
2025-11-24 01:00:00,5.33,5.34,5.313,5.319,65461.5
2025-11-24 01:15:00,5.318,5.342,5.304,5.333,61614.3
2025-11-24 01:30:00,5.333,5.333,5.299,5.316,60031.2
2025-11-24 01:45:00,5.316,5.377,5.297,5.366,91755.9
2025-11-24 02:00:00,5.366,5.496,5.353,5.494,288066.4
2025-11-24 02:15:00,5.494,5.533,5.483,5.489,136277.3
2025-11-24 02:30:00,5.491,5.505,5.442,5.451,95068.5
2025-11-24 02:45:00,5.452,5.465,5.433,5.465,39721.2
2025-11-24 03:00:00,5.465,5.476,5.436,5.442,74007.7
2025-11-24 03:15:00,5.443,5.536,5.433,5.492,109079.7
2025-11-24 03:30:00,5.493,5.516,5.481,5.491,74912.9
2025-11-24 03:45:00,5.492,5.503,5.459,5.479,53155.5
2025-11-24 04:00:00,5.479,5.518,5.471,5.477,106322.8
2025-11-24 04:15:00,5.476,5.476,5.364,5.383,162064.5
2025-11-24 04:30:00,5.384,5.43,5.384,5.421,68880.6
2025-11-24 04:45:00,5.422,5.429,5.397,5.404,55305.1
2025-11-24 05:00:00,5.405,5.54,5.395,5.532,209473.0
2025-11-24 05:15:00,5.533,5.577,5.522,5.551,153986.6
2025-11-24 05:30:00,5.55,5.553,5.506,5.509,90206.6
2025-11-24 05:45:00,5.51,5.516,5.497,5.504,73932.3
2025-11-24 06:00:00,5.505,5.513,5.424,5.433,165903.0
2025-11-24 06:15:00,5.435,5.469,5.423,5.431,54242.7
2025-11-24 06:30:00,5.431,5.434,5.399,5.422,96441.1
2025-11-24 06:45:00,5.421,5.461,5.403,5.46,100154.2
2025-11-24 07:00:00,5.46,5.473,5.42,5.455,122848.3
2025-11-24 07:15:00,5.455,5.477,5.437,5.452,67890.5
2025-11-24 07:30:00,5.452,5.495,5.441,5.479,76086.6
2025-11-24 07:45:00,5.479,5.481,5.446,5.449,86883.5
2025-11-24 08:00:00,5.449,5.508,5.434,5.504,151613.5
2025-11-24 08:15:00,5.504,5.543,5.486,5.515,180065.5
2025-11-24 08:30:00,5.515,5.547,5.513,5.531,214274.1
2025-11-24 08:45:00,5.531,5.559,5.5,5.531,119765.1
2025-11-24 09:00:00,5.531,5.54,5.466,5.483,123056.3
2025-11-24 09:15:00,5.483,5.489,5.405,5.417,124040.8
2025-11-24 09:30:00,5.419,5.458,5.41,5.41,90390.6
2025-11-24 09:45:00,5.41,5.421,5.394,5.396,102677.0
2025-11-24 10:00:00,5.396,5.445,5.393,5.412,98656.0
2025-11-24 10:15:00,5.413,5.441,5.409,5.437,46862.0
2025-11-24 10:30:00,5.438,5.445,5.41,5.424,57399.6
2025-11-24 10:45:00,5.424,5.436,5.407,5.428,34239.0
2025-11-24 11:00:00,5.428,5.45,5.405,5.439,62359.3
2025-11-24 11:15:00,5.439,5.448,5.427,5.445,45188.0
2025-11-24 11:30:00,5.446,5.494,5.446,5.485,115298.0
2025-11-24 11:45:00,5.486,5.506,5.481,5.496,81748.0
2025-11-24 12:00:00,5.495,5.499,5.457,5.47,94559.1
2025-11-24 12:15:00,5.469,5.495,5.468,5.49,77296.6
2025-11-24 12:30:00,5.489,5.508,5.437,5.438,113363.9
2025-11-24 12:45:00,5.438,5.452,5.393,5.415,90827.7
2025-11-24 13:00:00,5.414,5.515,5.406,5.484,175348.9
2025-11-24 13:15:00,5.485,5.523,5.471,5.517,50545.5
2025-11-24 13:30:00,5.517,5.543,5.508,5.533,118717.9
2025-11-24 13:45:00,5.534,5.546,5.498,5.498,78819.9
2025-11-24 14:00:00,5.498,5.498,5.46,5.474,78879.4
2025-11-24 14:15:00,5.474,5.486,5.455,5.455,63164.9
2025-11-24 14:30:00,5.455,5.63,5.452,5.506,612652.7
2025-11-24 14:45:00,5.506,5.602,5.467,5.602,270359.8
2025-11-24 15:00:00,5.603,5.651,5.553,5.572,344509.2
2025-11-24 15:15:00,5.571,5.577,5.506,5.524,128298.7
2025-11-24 15:30:00,5.525,5.599,5.499,5.594,178759.2
2025-11-24 15:45:00,5.595,5.63,5.564,5.576,110105.9
2025-11-24 16:00:00,5.575,5.634,5.57,5.594,135200.0
2025-11-24 16:15:00,5.594,5.654,5.588,5.632,114158.0
2025-11-24 16:30:00,5.632,5.644,5.61,5.633,71300.1
2025-11-24 16:45:00,5.632,5.659,5.613,5.618,107980.9
2025-11-24 17:00:00,5.619,5.644,5.608,5.62,89293.2
2025-11-24 17:15:00,5.62,5.697,5.611,5.69,231839.8
2025-11-24 17:30:00,5.689,5.739,5.682,5.71,216761.3
2025-11-24 17:45:00,5.709,5.772,5.702,5.762,106568.9
2025-11-24 18:00:00,5.762,5.791,5.739,5.756,258961.3
2025-11-24 18:15:00,5.757,5.777,5.739,5.765,76736.1
2025-11-24 18:30:00,5.766,5.803,5.752,5.793,94554.5
2025-11-24 18:45:00,5.792,5.812,5.772,5.792,77819.6
2025-11-24 19:00:00,5.791,5.831,5.777,5.8,104251.3
2025-11-24 19:15:00,5.8,5.829,5.795,5.825,73752.1
2025-11-24 19:30:00,5.825,5.838,5.78,5.787,151257.4
2025-11-24 19:45:00,5.786,5.807,5.764,5.799,73725.7
2025-11-24 20:00:00,5.799,5.876,5.799,5.861,186593.7
2025-11-24 20:15:00,5.861,5.894,5.851,5.893,87870.6
2025-11-24 20:30:00,5.893,5.902,5.874,5.889,74404.1
2025-11-24 20:45:00,5.89,5.92,5.867,5.876,143616.7
2025-11-24 21:00:00,5.875,5.891,5.848,5.885,95926.9
2025-11-24 21:15:00,5.886,5.891,5.851,5.858,85413.7
2025-11-24 21:30:00,5.858,5.877,5.82,5.821,71156.7
2025-11-24 21:45:00,5.821,5.823,5.794,5.798,115761.9
2025-11-24 22:00:00,5.797,5.854,5.79,5.819,94340.6
2025-11-24 22:15:00,5.818,5.818,5.775,5.787,58221.7
2025-11-24 22:30:00,5.787,5.797,5.765,5.77,43131.7
2025-11-24 22:45:00,5.77,5.792,5.755,5.788,30640.1
2025-11-24 23:00:00,5.787,5.794,5.77,5.788,37510.7
2025-11-24 23:15:00,5.788,5.797,5.777,5.787,25490.0
2025-11-24 23:30:00,5.786,5.787,5.762,5.771,64476.8
2025-11-24 23:45:00,5.77,5.77,5.738,5.757,42039.2
2025-11-25 00:00:00,5.758,5.774,5.724,5.757,79692.5
2025-11-25 00:15:00,5.757,5.762,5.728,5.73,59761.3
2025-11-25 00:30:00,5.73,5.759,5.715,5.745,64080.1
2025-11-25 00:45:00,5.745,5.762,5.73,5.738,43950.7
2025-11-25 01:00:00,5.738,5.78,5.72,5.767,70968.8
2025-11-25 01:15:00,5.768,5.774,5.734,5.738,52076.0
2025-11-25 01:30:00,5.737,5.751,5.714,5.726,38518.0
2025-11-25 01:45:00,5.725,5.729,5.694,5.699,51750.4
2025-11-25 02:00:00,5.7,5.717,5.679,5.685,87794.7
2025-11-25 02:15:00,5.684,5.695,5.645,5.651,53922.6
2025-11-25 02:30:00,5.65,5.677,5.644,5.67,61115.2
2025-11-25 02:45:00,5.67,5.705,5.67,5.703,28013.2
2025-11-25 03:00:00,5.702,5.734,5.692,5.704,67781.9
2025-11-25 03:15:00,5.704,5.729,5.698,5.724,24502.8
2025-11-25 03:30:00,5.724,5.726,5.679,5.684,53059.2
2025-11-25 03:45:00,5.683,5.705,5.671,5.698,43998.6
2025-11-25 04:00:00,5.698,5.729,5.696,5.728,41880.4
2025-11-25 04:15:00,5.727,5.752,5.693,5.709,141044.1
2025-11-25 04:30:00,5.709,5.743,5.707,5.735,103368.5
2025-11-25 04:45:00,5.734,5.758,5.726,5.751,43504.5
2025-11-25 05:00:00,5.751,5.762,5.741,5.756,37116.9
2025-11-25 05:15:00,5.755,5.775,5.741,5.753,87457.2
2025-11-25 05:30:00,5.752,5.789,5.751,5.764,51535.4
2025-11-25 05:45:00,5.764,5.773,5.749,5.758,60313.7
2025-11-25 06:00:00,5.758,5.758,5.723,5.728,44024.9
2025-11-25 06:15:00,5.728,5.729,5.693,5.699,38016.2
2025-11-25 06:30:00,5.698,5.701,5.662,5.672,75771.1
2025-11-25 06:45:00,5.671,5.71,5.671,5.703,38086.6
2025-11-25 07:00:00,5.704,5.716,5.674,5.71,40190.3
2025-11-25 07:15:00,5.71,5.711,5.667,5.678,32870.0
2025-11-25 07:30:00,5.678,5.699,5.675,5.695,39303.8
2025-11-25 07:45:00,5.695,5.697,5.645,5.657,88731.1
2025-11-25 08:00:00,5.656,5.671,5.645,5.647,71981.4
2025-11-25 08:15:00,5.648,5.696,5.648,5.682,38339.3
2025-11-25 08:30:00,5.682,5.691,5.662,5.678,33275.3
2025-11-25 08:45:00,5.678,5.687,5.626,5.631,92965.5
2025-11-25 09:00:00,5.631,5.653,5.629,5.639,62365.4
2025-11-25 09:15:00,5.639,5.646,5.611,5.617,45153.9
2025-11-25 09:30:00,5.617,5.668,5.617,5.663,64680.1
2025-11-25 09:45:00,5.663,5.681,5.635,5.681,48350.9
2025-11-25 10:00:00,5.68,5.683,5.653,5.662,49604.7
2025-11-25 10:15:00,5.663,5.693,5.631,5.686,39629.4
2025-11-25 10:30:00,5.686,5.702,5.678,5.692,50838.7
2025-11-25 10:45:00,5.693,5.718,5.682,5.709,36876.7
2025-11-25 11:00:00,5.71,5.71,5.673,5.676,58765.9
2025-11-25 11:15:00,5.677,5.701,5.664,5.691,47368.9
2025-11-25 11:30:00,5.691,5.693,5.668,5.68,27682.9
2025-11-25 11:45:00,5.68,5.683,5.655,5.665,24183.1
2025-11-25 12:00:00,5.666,5.708,5.653,5.703,77582.1
2025-11-25 12:15:00,5.704,5.717,5.675,5.702,53864.9
2025-11-25 12:30:00,5.702,5.724,5.666,5.699,64445.5
2025-11-25 12:45:00,5.699,5.713,5.684,5.703,66788.0
2025-11-25 13:00:00,5.702,5.711,5.677,5.705,63297.3
2025-11-25 13:15:00,5.705,5.736,5.701,5.726,86672.2
2025-11-25 13:30:00,5.727,5.745,5.661,5.664,134380.9
2025-11-25 13:45:00,5.665,5.692,5.655,5.682,95104.1
2025-11-25 14:00:00,5.683,5.708,5.652,5.679,136574.8
2025-11-25 14:15:00,5.678,5.727,5.669,5.717,50951.7
2025-11-25 14:30:00,5.717,5.725,5.631,5.651,141276.5
2025-11-25 14:45:00,5.65,5.651,5.557,5.637,328282.8
2025-11-25 15:00:00,5.637,5.673,5.58,5.637,145107.5
2025-11-25 15:15:00,5.636,5.654,5.602,5.635,86691.8
2025-11-25 15:30:00,5.635,5.715,5.635,5.709,122976.1
2025-11-25 15:45:00,5.71,5.73,5.661,5.681,68585.4
2025-11-25 16:00:00,5.681,5.701,5.664,5.676,65096.7
2025-11-25 16:15:00,5.677,5.763,5.669,5.753,107983.6
2025-11-25 16:30:00,5.754,5.783,5.732,5.763,102093.9
2025-11-25 16:45:00,5.763,5.796,5.755,5.787,70093.9
2025-11-25 17:00:00,5.787,5.825,5.742,5.812,171930.9
2025-11-25 17:15:00,5.813,5.816,5.761,5.81,107971.9
2025-11-25 17:30:00,5.809,5.87,5.807,5.855,101023.8
2025-11-25 17:45:00,5.855,5.881,5.842,5.853,95005.2
2025-11-25 18:00:00,5.854,5.904,5.842,5.875,116228.9
2025-11-25 18:15:00,5.874,5.928,5.874,5.899,77970.9
2025-11-25 18:30:00,5.899,5.925,5.858,5.861,92351.7
2025-11-25 18:45:00,5.862,5.881,5.841,5.846,50071.5
2025-11-25 19:00:00,5.846,5.865,5.763,5.789,163579.4
2025-11-25 19:15:00,5.789,5.794,5.735,5.74,162981.0
2025-11-25 19:30:00,5.741,5.784,5.735,5.774,72909.6
2025-11-25 19:45:00,5.774,5.837,5.759,5.829,80967.2
2025-11-25 20:00:00,5.83,5.883,5.83,5.868,103098.7
2025-11-25 20:15:00,5.869,5.904,5.848,5.879,41430.6
2025-11-25 20:30:00,5.88,5.931,5.876,5.902,95926.1
2025-11-25 20:45:00,5.903,5.933,5.9,5.914,74119.3
2025-11-25 21:00:00,5.915,5.945,5.899,5.915,72795.4
2025-11-25 21:15:00,5.916,5.961,5.91,5.938,84304.2
2025-11-25 21:30:00,5.937,5.961,5.905,5.93,102665.0
2025-11-25 21:45:00,5.929,5.95,5.913,5.933,47230.0
2025-11-25 22:00:00,5.932,5.932,5.856,5.868,84967.4
2025-11-25 22:15:00,5.867,5.951,5.861,5.947,49508.5
2025-11-25 22:30:00,5.948,6.003,5.933,5.977,78514.1
2025-11-25 22:45:00,5.976,6.012,5.945,5.991,66808.9
2025-11-25 23:00:00,5.99,6.066,5.977,6.061,162687.2
2025-11-25 23:15:00,6.061,6.062,6.001,6.002,50982.3
2025-11-25 23:30:00,6.002,6.005,5.961,5.979,81718.3
2025-11-25 23:45:00,5.98,5.984,5.941,5.953,67240.3
2025-11-26 00:00:00,5.953,5.972,5.926,5.939,68921.0
2025-11-26 00:15:00,5.94,5.968,5.926,5.938,61759.1
2025-11-26 00:30:00,5.939,5.94,5.896,5.914,62094.5
2025-11-26 00:45:00,5.914,5.933,5.902,5.918,25869.9
2025-11-26 01:00:00,5.918,5.919,5.881,5.898,52562.4
2025-11-26 01:15:00,5.898,5.922,5.881,5.914,28345.0
2025-11-26 01:30:00,5.914,5.97,5.898,5.953,64356.9
2025-11-26 01:45:00,5.953,5.958,5.91,5.926,49342.8
2025-11-26 02:00:00,5.926,5.934,5.913,5.928,34411.6
2025-11-26 02:15:00,5.928,5.94,5.906,5.919,37740.3
2025-11-26 02:30:00,5.919,5.936,5.911,5.927,26443.7
2025-11-26 02:45:00,5.928,5.941,5.91,5.926,33482.9
2025-11-26 03:00:00,5.925,5.933,5.907,5.926,40957.6
2025-11-26 03:15:00,5.926,5.941,5.918,5.929,34574.9
2025-11-26 03:30:00,5.929,5.93,5.869,5.871,87051.8
2025-11-26 03:45:00,5.87,5.871,5.847,5.858,62725.6
2025-11-26 04:00:00,5.857,5.87,5.835,5.841,47914.1
2025-11-26 04:15:00,5.841,5.865,5.838,5.861,24824.0
2025-11-26 04:30:00,5.861,5.87,5.849,5.853,29717.1
2025-11-26 04:45:00,5.853,5.858,5.842,5.846,9975.5
2025-11-26 05:00:00,5.846,5.86,5.838,5.85,29129.1
2025-11-26 05:15:00,5.851,5.885,5.848,5.872,31168.8
2025-11-26 05:30:00,5.872,5.902,5.872,5.891,42109.6
2025-11-26 05:45:00,5.891,5.92,5.887,5.911,30028.0
2025-11-26 06:00:00,5.91,5.932,5.902,5.923,43259.5
2025-11-26 06:15:00,5.922,5.927,5.9,5.904,53174.4
2025-11-26 06:30:00,5.903,5.929,5.894,5.919,38036.4
2025-11-26 06:45:00,5.92,5.957,5.907,5.938,31102.5
2025-11-26 07:00:00,5.938,5.949,5.926,5.929,23313.1
2025-11-26 07:15:00,5.927,5.95,5.926,5.939,34501.7
2025-11-26 07:30:00,5.938,5.954,5.915,5.928,30099.6
2025-11-26 07:45:00,5.927,5.955,5.916,5.955,20322.3
2025-11-26 08:00:00,5.954,5.958,5.923,5.926,42559.8
2025-11-26 08:15:00,5.926,5.939,5.898,5.903,46813.8
2025-11-26 08:30:00,5.902,5.908,5.878,5.893,58818.6
2025-11-26 08:45:00,5.893,5.904,5.868,5.87,60824.6
2025-11-26 09:00:00,5.869,5.881,5.852,5.863,56343.8
2025-11-26 09:15:00,5.863,5.863,5.822,5.84,73479.7
2025-11-26 09:30:00,5.839,5.861,5.824,5.852,50516.6
2025-11-26 09:45:00,5.851,5.857,5.844,5.853,29131.6
2025-11-26 10:00:00,5.854,5.889,5.845,5.868,96219.4
2025-11-26 10:15:00,5.868,5.87,5.853,5.866,23408.4
2025-11-26 10:30:00,5.867,5.869,5.835,5.847,47305.5
2025-11-26 10:45:00,5.847,5.871,5.839,5.868,17699.4
2025-11-26 11:00:00,5.869,5.869,5.838,5.849,58984.6
2025-11-26 11:15:00,5.848,5.855,5.816,5.817,42403.3
2025-11-26 11:30:00,5.816,5.819,5.799,5.812,48694.3
2025-11-26 11:45:00,5.812,5.822,5.792,5.814,52855.4
2025-11-26 12:00:00,5.814,5.825,5.766,5.771,109613.2
2025-11-26 12:15:00,5.772,5.787,5.755,5.777,49894.0
2025-11-26 12:30:00,5.777,5.789,5.766,5.77,41448.9
2025-11-26 12:45:00,5.77,5.783,5.768,5.768,19167.0
2025-11-26 13:00:00,5.768,5.784,5.763,5.767,28844.3
2025-11-26 13:15:00,5.768,5.813,5.768,5.809,67329.7
2025-11-26 13:30:00,5.809,5.848,5.783,5.832,117823.2
2025-11-26 13:45:00,5.833,5.882,5.828,5.874,127889.4
2025-11-26 14:00:00,5.874,5.882,5.841,5.87,68463.5
2025-11-26 14:15:00,5.87,5.872,5.841,5.847,32356.6
2025-11-26 14:30:00,5.848,5.875,5.815,5.834,84628.0
2025-11-26 14:45:00,5.835,5.884,5.773,5.795,88324.4
2025-11-26 15:00:00,5.793,5.843,5.788,5.813,55729.6
2025-11-26 15:15:00,5.813,5.831,5.775,5.826,54885.5
2025-11-26 15:30:00,5.827,5.833,5.745,5.745,67332.2
2025-11-26 15:45:00,5.745,5.78,5.724,5.779,72137.5
2025-11-26 16:00:00,5.778,5.828,5.776,5.828,71000.1
2025-11-26 16:15:00,5.828,5.858,5.817,5.824,65083.4
2025-11-26 16:30:00,5.824,5.848,5.804,5.811,67457.9
2025-11-26 16:45:00,5.811,5.815,5.778,5.802,32811.2
2025-11-26 17:00:00,5.803,5.842,5.803,5.819,46103.7
2025-11-26 17:15:00,5.818,5.92,5.797,5.917,76287.9
2025-11-26 17:30:00,5.919,6.001,5.897,6.0,177491.8
2025-11-26 17:45:00,6.001,6.064,5.996,6.035,191890.9
2025-11-26 18:00:00,6.035,6.047,5.973,6.029,235436.8
2025-11-26 18:15:00,6.03,6.078,6.021,6.078,127984.3
2025-11-26 18:30:00,6.077,6.08,6.009,6.022,68446.3
2025-11-26 18:45:00,6.021,6.072,6.018,6.072,42865.0
2025-11-26 19:00:00,6.073,6.073,6.006,6.021,43835.1
2025-11-26 19:15:00,6.021,6.029,6.005,6.007,29572.1
2025-11-26 19:30:00,6.007,6.037,6.002,6.024,72523.6
2025-11-26 19:45:00,6.023,6.029,5.999,6.022,27760.1
2025-11-26 20:00:00,6.021,6.025,5.972,6.013,57761.9
2025-11-26 20:15:00,6.013,6.023,5.988,6.008,29347.8
2025-11-26 20:30:00,6.007,6.023,5.967,5.97,60353.6
2025-11-26 20:45:00,5.969,5.988,5.964,5.981,65759.7
2025-11-26 21:00:00,5.981,6.0,5.974,5.975,37553.2
2025-11-26 21:15:00,5.974,6.043,5.967,6.029,46855.7
2025-11-26 21:30:00,6.029,6.045,6.013,6.032,41036.1
2025-11-26 21:45:00,6.032,6.06,6.023,6.029,61222.1
2025-11-26 22:00:00,6.029,6.052,6.004,6.024,44052.8
2025-11-26 22:15:00,6.023,6.043,6.008,6.023,28314.4
2025-11-26 22:30:00,6.023,6.036,6.008,6.008,30378.8
2025-11-26 22:45:00,6.008,6.028,5.996,6.026,18685.1
2025-11-26 23:00:00,6.025,6.033,6.004,6.023,39279.6
2025-11-26 23:15:00,6.022,6.023,5.991,5.994,33741.6
2025-11-26 23:30:00,5.994,6.01,5.994,6.002,31944.8
2025-11-26 23:45:00,6.001,6.029,6.0,6.024,28154.6
2025-11-27 00:00:00,6.024,6.024,5.989,5.998,81734.2
2025-11-27 00:15:00,5.997,6.01,5.988,5.999,57115.9
2025-11-27 00:30:00,5.998,6.021,5.994,6.005,42679.3
2025-11-27 00:45:00,6.005,6.045,6.0,6.005,63015.4
2025-11-27 01:00:00,6.006,6.059,5.998,6.008,69944.4
2025-11-27 01:15:00,6.008,6.012,5.983,5.996,22849.3
2025-11-27 01:30:00,5.995,6.016,5.984,6.013,19127.4
2025-11-27 01:45:00,6.013,6.055,6.003,6.044,48040.2
2025-11-27 02:00:00,6.044,6.054,6.007,6.046,39252.4
2025-11-27 02:15:00,6.045,6.071,6.036,6.07,33892.3
2025-11-27 02:30:00,6.07,6.073,6.038,6.049,33123.7
2025-11-27 02:45:00,6.05,6.053,5.984,5.991,73648.4
2025-11-27 03:00:00,5.99,6.001,5.975,5.991,60267.0
2025-11-27 03:15:00,5.991,5.991,5.938,5.948,77969.4
2025-11-27 03:30:00,5.948,5.954,5.908,5.925,120020.0
2025-11-27 03:45:00,5.925,5.941,5.915,5.939,58858.2
2025-11-27 04:00:00,5.938,6.009,5.937,5.993,91853.2
2025-11-27 04:15:00,5.994,6.0,5.988,5.994,26059.6
2025-11-27 04:30:00,5.994,6.026,5.988,6.005,92309.4
2025-11-27 04:45:00,6.005,6.006,5.971,5.972,17127.0
2025-11-27 05:00:00,5.971,5.982,5.955,5.961,51684.4
2025-11-27 05:15:00,5.96,5.977,5.951,5.97,21473.1
2025-11-27 05:30:00,5.969,5.976,5.943,5.973,128066.3
2025-11-27 05:45:00,5.973,5.983,5.968,5.983,42384.8
2025-11-27 06:00:00,5.982,6.013,5.978,6.011,38403.0
2025-11-27 06:15:00,6.011,6.019,5.986,6.006,37506.6
2025-11-27 06:30:00,6.005,6.032,6.0,6.028,44774.5
2025-11-27 06:45:00,6.028,6.038,6.017,6.028,22184.6
2025-11-27 07:00:00,6.028,6.029,6.008,6.019,27209.1
2025-11-27 07:15:00,6.019,6.021,5.993,6.012,68453.0
2025-11-27 07:30:00,6.012,6.012,5.989,5.999,40139.8
2025-11-27 07:45:00,5.998,6.023,5.993,6.005,24737.3
2025-11-27 08:00:00,6.004,6.005,5.966,5.967,50032.7
2025-11-27 08:15:00,5.967,5.988,5.963,5.981,42648.4
2025-11-27 08:30:00,5.981,5.987,5.961,5.979,44411.3
2025-11-27 08:45:00,5.978,6.017,5.974,6.009,38003.9
2025-11-27 09:00:00,6.009,6.011,5.986,6.006,38804.0
2025-11-27 09:15:00,6.006,6.079,6.006,6.054,88838.5
2025-11-27 09:30:00,6.055,6.092,6.046,6.055,98396.4
2025-11-27 09:45:00,6.055,6.056,6.028,6.031,29745.9
2025-11-27 10:00:00,6.03,6.038,6.015,6.018,44903.6
2025-11-27 10:15:00,6.019,6.05,6.019,6.024,27387.0
2025-11-27 10:30:00,6.024,6.041,5.996,6.039,64765.8
2025-11-27 10:45:00,6.039,6.05,6.026,6.029,33168.7
2025-11-27 11:00:00,6.029,6.087,6.023,6.055,115914.7
2025-11-27 11:15:00,6.055,6.058,6.04,6.054,38162.8
2025-11-27 11:30:00,6.054,6.059,6.037,6.044,50369.9
2025-11-27 11:45:00,6.045,6.078,6.041,6.066,63878.7
2025-11-27 12:00:00,6.067,6.09,6.064,6.074,92917.3
2025-11-27 12:15:00,6.075,6.076,6.048,6.065,61209.7
2025-11-27 12:30:00,6.065,6.072,6.035,6.045,45305.6
2025-11-27 12:45:00,6.045,6.053,6.007,6.018,103781.4
2025-11-27 13:00:00,6.019,6.065,6.015,6.039,144555.4
2025-11-27 13:15:00,6.04,6.053,6.023,6.046,82629.6
2025-11-27 13:30:00,6.046,6.059,6.011,6.013,76831.4
2025-11-27 13:45:00,6.014,6.016,5.988,5.993,76142.3
2025-11-27 14:00:00,5.994,6.004,5.932,5.957,155091.1
2025-11-27 14:15:00,5.957,5.986,5.935,5.981,99825.7
2025-11-27 14:30:00,5.981,5.996,5.97,5.99,52999.4
2025-11-27 14:45:00,5.989,6.006,5.976,6.003,22590.9
2025-11-27 15:00:00,6.003,6.036,5.983,5.993,43194.7
2025-11-27 15:15:00,5.994,6.023,5.994,6.017,45830.1
2025-11-27 15:30:00,6.018,6.025,5.995,6.011,30540.8
2025-11-27 15:45:00,6.012,6.042,6.003,6.038,31523.8
2025-11-27 16:00:00,6.038,6.076,6.01,6.073,104631.4
2025-11-27 16:15:00,6.074,6.095,6.061,6.069,89160.9
2025-11-27 16:30:00,6.069,6.122,6.066,6.108,128333.6
2025-11-27 16:45:00,6.107,6.111,6.084,6.101,52632.5
2025-11-27 17:00:00,6.102,6.157,6.096,6.13,199716.7
2025-11-27 17:15:00,6.13,6.143,6.107,6.12,68527.0
2025-11-27 17:30:00,6.12,6.129,6.096,6.116,75305.9
2025-11-27 17:45:00,6.116,6.131,6.108,6.119,44655.5
2025-11-27 18:00:00,6.118,6.128,6.107,6.12,50608.0
2025-11-27 18:15:00,6.12,6.135,6.114,6.121,32584.6
2025-11-27 18:30:00,6.121,6.177,6.116,6.165,54991.6
2025-11-27 18:45:00,6.164,6.178,6.152,6.172,44885.0
2025-11-27 19:00:00,6.172,6.275,6.16,6.241,481403.3
2025-11-27 19:15:00,6.241,6.3,6.24,6.277,126311.3
2025-11-27 19:30:00,6.278,6.299,6.214,6.238,145679.9
2025-11-27 19:45:00,6.238,6.257,6.233,6.239,70918.9
2025-11-27 20:00:00,6.238,6.298,6.225,6.269,138633.8
2025-11-27 20:15:00,6.268,6.28,6.247,6.259,113343.2
2025-11-27 20:30:00,6.259,6.269,6.238,6.263,63284.0
2025-11-27 20:45:00,6.263,6.286,6.255,6.256,36578.1
2025-11-27 21:00:00,6.257,6.279,6.244,6.255,74579.0
2025-11-27 21:15:00,6.255,6.287,6.253,6.266,33398.6
2025-11-27 21:30:00,6.266,6.286,6.248,6.255,63292.7
2025-11-27 21:45:00,6.255,6.256,6.22,6.235,67025.1
2025-11-27 22:00:00,6.234,6.239,6.193,6.225,119313.4
2025-11-27 22:15:00,6.225,6.236,6.201,6.218,59908.7
2025-11-27 22:30:00,6.218,6.222,6.178,6.179,54656.6
2025-11-27 22:45:00,6.179,6.198,6.16,6.18,63904.9
2025-11-27 23:00:00,6.179,6.194,6.144,6.167,77589.7
2025-11-27 23:15:00,6.168,6.184,6.158,6.171,45239.3
2025-11-27 23:30:00,6.171,6.189,6.144,6.179,58352.6
2025-11-27 23:45:00,6.179,6.183,6.157,6.167,49889.1
2025-11-28 00:00:00,6.168,6.186,6.16,6.172,76590.4
2025-11-28 00:15:00,6.173,6.178,6.142,6.168,69281.4
2025-11-28 00:30:00,6.167,6.171,6.135,6.149,62697.5
2025-11-28 00:45:00,6.148,6.169,6.109,6.121,141966.6
2025-11-28 01:00:00,6.12,6.122,6.076,6.09,117012.7
2025-11-28 01:15:00,6.089,6.1,6.07,6.081,81638.0
2025-11-28 01:30:00,6.08,6.105,6.075,6.096,85675.4
2025-11-28 01:45:00,6.096,6.099,6.051,6.06,77514.1
2025-11-28 02:00:00,6.06,6.09,6.043,6.087,93684.4
2025-11-28 02:15:00,6.086,6.105,6.06,6.068,83590.6
2025-11-28 02:30:00,6.068,6.093,6.06,6.068,92561.0
2025-11-28 02:45:00,6.069,6.109,6.059,6.095,55340.5
2025-11-28 03:00:00,6.094,6.1,6.069,6.069,64398.6
2025-11-28 03:15:00,6.068,6.09,6.065,6.076,31181.0
2025-11-28 03:30:00,6.077,6.098,6.069,6.088,54559.1
2025-11-28 03:45:00,6.088,6.107,6.079,6.107,39762.1
2025-11-28 04:00:00,6.106,6.124,6.094,6.12,53514.5
2025-11-28 04:15:00,6.12,6.131,6.115,6.123,35808.3
2025-11-28 04:30:00,6.122,6.14,6.112,6.117,49293.5
2025-11-28 04:45:00,6.118,6.119,6.08,6.08,58272.1
2025-11-28 05:00:00,6.08,6.106,6.069,6.106,50736.1
2025-11-28 05:15:00,6.106,6.106,6.071,6.075,26095.3
2025-11-28 05:30:00,6.075,6.086,6.066,6.085,54067.2
2025-11-28 05:45:00,6.084,6.103,6.08,6.085,38491.5
2025-11-28 06:00:00,6.085,6.085,6.054,6.057,72886.1
2025-11-28 06:15:00,6.057,6.061,6.036,6.043,60885.1
2025-11-28 06:30:00,6.043,6.071,6.034,6.062,56285.6
2025-11-28 06:45:00,6.062,6.067,6.053,6.053,38990.9
2025-11-28 07:00:00,6.055,6.065,6.046,6.057,45556.2
2025-11-28 07:15:00,6.058,6.099,6.046,6.098,71104.9
2025-11-28 07:30:00,6.098,6.146,6.098,6.112,149444.9
2025-11-28 07:45:00,6.113,6.125,6.093,6.105,45586.6
2025-11-28 08:00:00,6.105,6.255,6.103,6.243,166108.9
2025-11-28 08:15:00,6.242,6.283,6.206,6.23,220379.7
2025-11-28 08:30:00,6.229,6.244,6.215,6.219,90572.0
2025-11-28 08:45:00,6.219,6.312,6.21,6.3,189024.4
2025-11-28 09:00:00,6.3,6.308,6.262,6.283,73428.4
2025-11-28 09:15:00,6.282,6.312,6.258,6.29,94801.3
2025-11-28 09:30:00,6.289,6.291,6.232,6.246,80379.6
2025-11-28 09:45:00,6.246,6.257,6.209,6.218,54693.8
2025-11-28 10:00:00,6.218,6.23,6.203,6.206,116699.0
2025-11-28 10:15:00,6.207,6.247,6.188,6.236,119709.3
2025-11-28 10:30:00,6.236,6.259,6.218,6.252,87771.4
2025-11-28 10:45:00,6.252,6.26,6.234,6.254,81099.5
2025-11-28 11:00:00,6.254,6.254,6.196,6.196,61802.7
2025-11-28 11:15:00,6.196,6.196,6.137,6.185,134366.2
2025-11-28 11:30:00,6.185,6.189,6.134,6.138,63920.2
2025-11-28 11:45:00,6.139,6.164,6.139,6.155,50566.1
2025-11-28 12:00:00,6.155,6.169,6.147,6.148,51936.1
2025-11-28 12:15:00,6.147,6.165,6.135,6.154,35071.7
2025-11-28 12:30:00,6.154,6.168,6.145,6.145,52272.0
2025-11-28 12:45:00,6.145,6.171,6.145,6.159,24055.4
2025-11-28 13:00:00,6.16,6.161,6.123,6.156,75676.4
2025-11-28 13:15:00,6.157,6.19,6.141,6.176,109849.6
2025-11-28 13:30:00,6.176,6.261,6.175,6.226,175603.8
2025-11-28 13:45:00,6.227,6.286,6.222,6.25,153813.3
2025-11-28 14:00:00,6.249,6.249,6.211,6.225,73420.1
2025-11-28 14:15:00,6.227,6.272,6.218,6.257,90018.5
2025-11-28 14:30:00,6.258,6.273,6.213,6.233,142157.5
2025-11-28 14:45:00,6.233,6.291,6.226,6.29,82197.3
2025-11-28 15:00:00,6.291,6.301,6.235,6.256,128725.2
2025-11-28 15:15:00,6.257,6.335,6.247,6.331,178357.6
2025-11-28 15:30:00,6.332,6.342,6.281,6.286,113720.5
2025-11-28 15:45:00,6.285,6.295,6.259,6.287,92435.1
2025-11-28 16:00:00,6.288,6.288,6.225,6.234,89746.3
2025-11-28 16:15:00,6.235,6.262,6.113,6.117,407445.4
2025-11-28 16:30:00,6.117,6.166,6.089,6.146,322328.5
2025-11-28 16:45:00,6.147,6.159,6.086,6.093,147861.8
2025-11-28 17:00:00,6.094,6.1,6.019,6.029,228399.1
2025-11-28 17:15:00,6.029,6.061,5.979,6.004,226695.0
2025-11-28 17:30:00,6.003,6.014,5.97,5.971,114225.7
2025-11-28 17:45:00,5.971,6.019,5.971,5.994,151475.1
2025-11-28 18:00:00,5.993,6.013,5.938,6.01,149691.0
2025-11-28 18:15:00,6.01,6.023,5.98,6.001,64904.1
2025-11-28 18:30:00,6.001,6.01,5.967,6.002,78754.3
2025-11-28 18:45:00,6.001,6.018,5.985,6.006,43234.8
2025-11-28 19:00:00,6.007,6.015,5.991,6.014,40420.2
2025-11-28 19:15:00,6.014,6.065,6.011,6.053,62482.6
2025-11-28 19:30:00,6.052,6.108,6.044,6.1,101460.8
2025-11-28 19:45:00,6.1,6.108,6.084,6.096,55487.4
2025-11-28 20:00:00,6.096,6.096,6.031,6.04,55726.2
2025-11-28 20:15:00,6.041,6.088,6.032,6.068,44969.7
2025-11-28 20:30:00,6.069,6.078,6.047,6.048,25273.1
2025-11-28 20:45:00,6.048,6.066,6.038,6.057,33203.0
2025-11-28 21:00:00,6.058,6.064,6.039,6.054,35711.4
2025-11-28 21:15:00,6.054,6.054,6.02,6.037,39346.2
2025-11-28 21:30:00,6.038,6.063,6.034,6.056,19797.4
2025-11-28 21:45:00,6.056,6.056,6.008,6.01,23936.4
2025-11-28 22:00:00,6.011,6.014,5.975,5.997,150031.8
2025-11-28 22:15:00,5.997,6.015,5.976,6.003,57701.8
2025-11-28 22:30:00,6.004,6.035,5.999,6.021,36759.2
2025-11-28 22:45:00,6.021,6.062,6.018,6.056,27815.5
2025-11-28 23:00:00,6.056,6.071,6.035,6.048,47185.4
2025-11-28 23:15:00,6.048,6.053,6.019,6.021,19863.8
2025-11-28 23:30:00,6.021,6.022,5.999,6.001,71792.1
2025-11-28 23:45:00,6.0,6.009,5.971,5.975,83665.8
2025-11-29 00:00:00,5.976,6.003,5.975,5.981,68701.5
2025-11-29 00:15:00,5.981,5.989,5.952,5.953,79949.0
2025-11-29 00:30:00,5.953,5.976,5.945,5.972,60702.6
2025-11-29 00:45:00,5.973,5.989,5.968,5.989,32358.7
2025-11-29 01:00:00,5.989,6.031,5.989,6.028,52577.3
2025-11-29 01:15:00,6.028,6.051,6.016,6.022,33640.3
2025-11-29 01:30:00,6.023,6.03,6.007,6.015,17730.6
2025-11-29 01:45:00,6.015,6.036,6.015,6.024,23336.1
2025-11-29 02:00:00,6.024,6.028,6.007,6.01,27378.3
2025-11-29 02:15:00,6.01,6.021,5.995,5.995,24855.5
2025-11-29 02:30:00,5.995,6.002,5.975,5.987,24959.1
2025-11-29 02:45:00,5.987,6.003,5.979,6.001,16313.5
2025-11-29 03:00:00,6.002,6.023,5.996,6.009,29688.3
2025-11-29 03:15:00,6.008,6.012,5.982,5.982,18101.0
2025-11-29 03:30:00,5.982,5.987,5.975,5.977,22167.1
2025-11-29 03:45:00,5.978,5.981,5.972,5.977,10298.5
2025-11-29 04:00:00,5.977,5.986,5.971,5.976,21804.3
2025-11-29 04:15:00,5.976,5.994,5.969,5.989,24812.8
2025-11-29 04:30:00,5.99,5.996,5.973,5.973,21292.4
2025-11-29 04:45:00,5.974,6.017,5.974,6.008,42641.7
2025-11-29 05:00:00,6.009,6.011,5.971,5.974,23935.3
2025-11-29 05:15:00,5.974,6.011,5.974,5.992,36706.9
2025-11-29 05:30:00,5.993,6.002,5.979,5.989,34104.8
2025-11-29 05:45:00,5.99,5.992,5.958,5.964,22536.8
2025-11-29 06:00:00,5.965,5.983,5.96,5.98,23318.4
2025-11-29 06:15:00,5.98,5.984,5.923,5.944,118497.7
2025-11-29 06:30:00,5.944,5.946,5.91,5.943,101532.3
2025-11-29 06:45:00,5.944,5.953,5.94,5.947,25498.2
2025-11-29 07:00:00,5.947,5.97,5.945,5.969,25254.4
2025-11-29 07:15:00,5.969,5.997,5.965,5.97,36532.5
2025-11-29 07:30:00,5.971,5.989,5.959,5.979,69779.3
2025-11-29 07:45:00,5.979,6.001,5.959,5.989,60456.7
2025-11-29 08:00:00,5.989,6.02,5.977,6.019,72335.9
2025-11-29 08:15:00,6.019,6.037,5.997,5.999,64316.6
2025-11-29 08:30:00,6.0,6.017,5.983,5.983,57578.8
2025-11-29 08:45:00,5.984,5.985,5.957,5.963,41481.0
2025-11-29 09:00:00,5.963,5.982,5.962,5.97,72896.2
2025-11-29 09:15:00,5.971,5.984,5.96,5.966,88637.1
2025-11-29 09:30:00,5.967,5.994,5.956,5.993,63327.3
2025-11-29 09:45:00,5.994,5.998,5.986,5.991,42346.0
2025-11-29 10:00:00,5.991,6.008,5.98,5.998,100637.2
2025-11-29 10:15:00,5.998,6.013,5.963,6.005,102165.0
2025-11-29 10:30:00,6.006,6.023,5.995,6.002,143526.7
2025-11-29 10:45:00,6.001,6.019,5.992,6.015,17568.0
2025-11-29 11:00:00,6.015,6.033,6.001,6.032,90018.3
2025-11-29 11:15:00,6.03,6.033,6.017,6.03,21084.2
2025-11-29 11:30:00,6.031,6.068,6.023,6.059,100723.3
2025-11-29 11:45:00,6.059,6.092,6.058,6.071,97579.2
2025-11-29 12:00:00,6.072,6.075,6.015,6.017,55849.4
2025-11-29 12:15:00,6.017,6.024,5.986,5.989,69780.5
2025-11-29 12:30:00,5.989,5.996,5.983,5.986,39162.9
2025-11-29 12:45:00,5.987,5.992,5.972,5.972,24593.4
2025-11-29 13:00:00,5.972,5.976,5.957,5.96,43084.6
2025-11-29 13:15:00,5.96,5.982,5.958,5.98,23245.0
2025-11-29 13:30:00,5.981,5.984,5.956,5.962,52152.9
2025-11-29 13:45:00,5.963,5.984,5.963,5.976,23919.8
2025-11-29 14:00:00,5.976,5.979,5.947,5.951,45337.7
2025-11-29 14:15:00,5.951,5.958,5.936,5.947,31720.3
2025-11-29 14:30:00,5.948,5.953,5.933,5.947,28385.1
2025-11-29 14:45:00,5.947,5.957,5.93,5.931,24369.8
2025-11-29 15:00:00,5.931,5.952,5.931,5.939,26164.4
2025-11-29 15:15:00,5.94,5.987,5.94,5.966,115759.6
2025-11-29 15:30:00,5.967,5.981,5.959,5.959,40932.0
2025-11-29 15:45:00,5.96,5.982,5.96,5.977,35763.0
2025-11-29 16:00:00,5.977,5.981,5.95,5.951,41928.1
2025-11-29 16:15:00,5.951,5.979,5.93,5.936,54880.2
2025-11-29 16:30:00,5.937,5.951,5.926,5.928,87350.2
2025-11-29 16:45:00,5.929,5.948,5.914,5.941,50636.4
2025-11-29 17:00:00,5.942,5.951,5.914,5.919,35046.6
2025-11-29 17:15:00,5.919,5.936,5.908,5.914,42279.5
2025-11-29 17:30:00,5.914,5.919,5.871,5.909,119261.8
2025-11-29 17:45:00,5.908,5.917,5.888,5.897,41021.5
2025-11-29 18:00:00,5.897,5.906,5.871,5.901,147911.4
2025-11-29 18:15:00,5.901,5.927,5.885,5.9,65701.6
2025-11-29 18:30:00,5.9,5.935,5.882,5.927,68928.8
2025-11-29 18:45:00,5.927,5.937,5.904,5.92,30223.2
2025-11-29 19:00:00,5.921,5.936,5.908,5.921,32402.5
2025-11-29 19:15:00,5.921,5.925,5.917,5.92,9517.5
2025-11-29 19:30:00,5.92,5.923,5.898,5.898,17989.3
2025-11-29 19:45:00,5.898,5.911,5.893,5.909,20379.8
2025-11-29 20:00:00,5.91,5.912,5.89,5.892,60026.5
2025-11-29 20:15:00,5.892,5.906,5.889,5.897,23724.0
2025-11-29 20:30:00,5.897,5.918,5.895,5.914,32635.3
2025-11-29 20:45:00,5.914,5.955,5.907,5.949,49964.0
2025-11-29 21:00:00,5.95,5.958,5.924,5.927,41105.4
2025-11-29 21:15:00,5.927,5.942,5.919,5.937,29207.9
2025-11-29 21:30:00,5.938,5.957,5.937,5.954,23339.5
2025-11-29 21:45:00,5.954,5.956,5.936,5.936,16982.8
2025-11-29 22:00:00,5.936,5.936,5.909,5.914,20405.3
2025-11-29 22:15:00,5.914,5.923,5.893,5.895,22556.1
2025-11-29 22:30:00,5.895,5.918,5.892,5.917,20448.3
2025-11-29 22:45:00,5.917,5.921,5.896,5.901,26783.1
2025-11-29 23:00:00,5.902,5.906,5.89,5.904,28539.2
2025-11-29 23:15:00,5.904,5.943,5.885,5.936,168358.9
2025-11-29 23:30:00,5.936,5.958,5.928,5.947,35984.7
2025-11-29 23:45:00,5.946,5.958,5.931,5.94,27482.3
2025-11-30 00:00:00,5.94,5.97,5.935,5.965,51170.1
2025-11-30 00:15:00,5.966,5.968,5.946,5.956,20798.2
2025-11-30 00:30:00,5.956,5.961,5.945,5.952,22696.3
2025-11-30 00:45:00,5.952,5.954,5.938,5.95,22005.2
2025-11-30 01:00:00,5.95,5.99,5.945,5.967,48799.4
2025-11-30 01:15:00,5.968,5.971,5.936,5.942,23972.7
2025-11-30 01:30:00,5.943,5.953,5.936,5.94,20387.1
2025-11-30 01:45:00,5.94,5.943,5.931,5.936,17248.6
2025-11-30 02:00:00,5.938,5.967,5.93,5.954,27087.4
2025-11-30 02:15:00,5.955,5.955,5.937,5.941,19245.4
2025-11-30 02:30:00,5.941,5.941,5.916,5.919,27026.1
2025-11-30 02:45:00,5.919,5.924,5.904,5.907,16782.8
2025-11-30 03:00:00,5.907,5.914,5.89,5.893,42736.1
2025-11-30 03:15:00,5.893,5.895,5.856,5.892,74179.3
2025-11-30 03:30:00,5.891,5.929,5.888,5.928,46949.2
2025-11-30 03:45:00,5.929,5.943,5.916,5.936,41750.3
2025-11-30 04:00:00,5.938,5.958,5.93,5.953,63294.8
2025-11-30 04:15:00,5.954,5.958,5.924,5.927,19989.2
2025-11-30 04:30:00,5.926,5.926,5.906,5.907,28566.6
2025-11-30 04:45:00,5.907,5.916,5.904,5.908,13903.6
2025-11-30 05:00:00,5.908,5.908,5.881,5.888,47105.9
2025-11-30 05:15:00,5.888,5.897,5.861,5.868,51719.6
2025-11-30 05:30:00,5.869,5.885,5.853,5.878,54593.8
2025-11-30 05:45:00,5.878,5.883,5.868,5.872,18991.2
2025-11-30 06:00:00,5.873,5.895,5.863,5.868,98695.2
2025-11-30 06:15:00,5.869,5.899,5.863,5.898,17568.0
2025-11-30 06:30:00,5.898,5.912,5.888,5.891,38575.8
2025-11-30 06:45:00,5.891,5.897,5.86,5.867,36714.9
2025-11-30 07:00:00,5.866,5.882,5.847,5.877,71538.9
2025-11-30 07:15:00,5.877,5.879,5.858,5.874,41550.5
2025-11-30 07:30:00,5.874,5.892,5.869,5.876,50367.7
2025-11-30 07:45:00,5.876,5.906,5.874,5.905,48377.2
2025-11-30 08:00:00,5.904,5.906,5.881,5.891,35171.1
2025-11-30 08:15:00,5.89,5.935,5.876,5.889,53094.8
2025-11-30 08:30:00,5.889,5.928,5.879,5.919,86316.0
2025-11-30 08:45:00,5.918,5.921,5.887,5.891,39715.0
2025-11-30 09:00:00,5.891,5.921,5.882,5.907,38658.8
2025-11-30 09:15:00,5.909,5.919,5.888,5.894,30281.7
2025-11-30 09:30:00,5.893,5.906,5.879,5.902,34874.2
2025-11-30 09:45:00,5.902,5.906,5.885,5.901,26882.6
2025-11-30 10:00:00,5.9,5.909,5.874,5.882,31039.4
2025-11-30 10:15:00,5.882,5.896,5.879,5.895,16311.2
2025-11-30 10:30:00,5.895,5.899,5.869,5.869,30902.4
2025-11-30 10:45:00,5.87,5.88,5.862,5.862,23099.6
2025-11-30 11:00:00,5.862,5.887,5.854,5.862,49109.4
2025-11-30 11:15:00,5.863,5.868,5.846,5.857,26710.2
2025-11-30 11:30:00,5.857,5.869,5.851,5.86,27372.5
2025-11-30 11:45:00,5.861,5.871,5.844,5.851,26913.6
2025-11-30 12:00:00,5.852,5.871,5.824,5.87,61102.9
2025-11-30 12:15:00,5.871,5.889,5.868,5.877,38591.6
2025-11-30 12:30:00,5.878,5.912,5.858,5.911,42377.7
2025-11-30 12:45:00,5.911,5.939,5.9,5.913,61689.2
2025-11-30 13:00:00,5.913,5.942,5.909,5.935,50031.4
2025-11-30 13:15:00,5.936,5.987,5.93,5.966,91983.1
2025-11-30 13:30:00,5.965,5.989,5.951,5.971,76070.0
2025-11-30 13:45:00,5.97,5.978,5.944,5.965,26923.9
2025-11-30 14:00:00,5.965,5.971,5.932,5.95,39117.1
2025-11-30 14:15:00,5.949,5.951,5.922,5.927,25922.1
2025-11-30 14:30:00,5.926,5.926,5.88,5.884,57777.6
2025-11-30 14:45:00,5.884,5.899,5.875,5.896,29659.3
2025-11-30 15:00:00,5.897,5.897,5.848,5.866,49406.2
2025-11-30 15:15:00,5.866,5.89,5.856,5.88,25046.7
2025-11-30 15:30:00,5.88,5.88,5.838,5.858,52890.1
2025-11-30 15:45:00,5.858,5.861,5.849,5.857,39142.4
2025-11-30 16:00:00,5.858,5.898,5.857,5.893,49728.8
2025-11-30 16:15:00,5.894,5.937,5.884,5.929,83952.3
2025-11-30 16:30:00,5.929,5.935,5.902,5.916,36915.6
2025-11-30 16:45:00,5.916,5.957,5.91,5.927,52869.9
2025-11-30 17:00:00,5.927,5.928,5.878,5.89,50226.8
2025-11-30 17:15:00,5.891,5.9,5.878,5.88,36236.5
2025-11-30 17:30:00,5.881,5.923,5.875,5.917,35103.7
2025-11-30 17:45:00,5.917,5.927,5.905,5.913,30903.9
2025-11-30 18:00:00,5.913,5.913,5.891,5.895,43680.0
2025-11-30 18:15:00,5.896,5.91,5.883,5.899,58140.4
2025-11-30 18:30:00,5.899,5.906,5.883,5.885,24277.1
2025-11-30 18:45:00,5.885,5.906,5.879,5.902,17837.6
2025-11-30 19:00:00,5.901,5.907,5.886,5.886,44657.2
2025-11-30 19:15:00,5.886,5.895,5.863,5.867,23544.5
2025-11-30 19:30:00,5.866,5.883,5.86,5.876,30881.8
2025-11-30 19:45:00,5.876,5.885,5.861,5.87,13856.7
2025-11-30 20:00:00,5.87,5.91,5.867,5.908,26386.6
2025-11-30 20:15:00,5.909,5.915,5.861,5.87,34634.1
2025-11-30 20:30:00,5.869,5.872,5.845,5.857,38823.4
2025-11-30 20:45:00,5.857,5.868,5.846,5.858,21543.1
2025-11-30 21:00:00,5.857,5.862,5.837,5.848,36807.5
2025-11-30 21:15:00,5.848,5.858,5.819,5.843,52060.7
2025-11-30 21:30:00,5.843,5.862,5.839,5.845,36484.2
2025-11-30 21:45:00,5.845,5.852,5.836,5.839,13834.5
2025-11-30 22:00:00,5.84,5.882,5.837,5.881,28088.8
2025-11-30 22:15:00,5.88,5.89,5.86,5.862,27915.3
2025-11-30 22:30:00,5.861,5.861,5.829,5.845,27136.5
2025-11-30 22:45:00,5.846,5.871,5.83,5.864,26534.3
2025-11-30 23:00:00,5.864,5.869,5.816,5.827,43736.3
2025-11-30 23:15:00,5.828,5.83,5.783,5.79,98319.1
2025-11-30 23:30:00,5.791,5.794,5.767,5.786,100478.3
2025-11-30 23:45:00,5.787,5.797,5.712,5.726,197120.3
2025-12-01 00:00:00,5.727,5.744,5.487,5.513,1288316.7
2025-12-01 00:15:00,5.514,5.528,5.395,5.419,507454.8
2025-12-01 00:30:00,5.419,5.43,5.334,5.344,294377.3
2025-12-01 00:45:00,5.344,5.355,5.278,5.291,209559.5
2025-12-01 01:00:00,5.292,5.382,5.268,5.324,312766.2
2025-12-01 01:15:00,5.324,5.352,5.3,5.3,130570.2
2025-12-01 01:30:00,5.301,5.334,5.295,5.316,87918.5
2025-12-01 01:45:00,5.316,5.333,5.301,5.302,61310.5
2025-12-01 02:00:00,5.302,5.353,5.295,5.326,120620.2
2025-12-01 02:15:00,5.327,5.331,5.304,5.316,63778.5
2025-12-01 02:30:00,5.316,5.352,5.294,5.338,130427.9
2025-12-01 02:45:00,5.337,5.34,5.31,5.324,70890.3
2025-12-01 03:00:00,5.324,5.326,5.289,5.295,141924.4
2025-12-01 03:15:00,5.296,5.299,5.255,5.26,94654.7
2025-12-01 03:30:00,5.259,5.269,5.235,5.267,73278.3
2025-12-01 03:45:00,5.268,5.269,5.229,5.233,60904.4
2025-12-01 04:00:00,5.232,5.244,5.209,5.209,86253.5
2025-12-01 04:15:00,5.209,5.225,5.167,5.172,168588.9
2025-12-01 04:30:00,5.171,5.21,5.168,5.197,93296.8
2025-12-01 04:45:00,5.197,5.202,5.187,5.191,36128.4
2025-12-01 05:00:00,5.192,5.228,5.188,5.209,52073.3
2025-12-01 05:15:00,5.21,5.242,5.191,5.232,64570.9
2025-12-01 05:30:00,5.232,5.232,5.191,5.203,42951.5
2025-12-01 05:45:00,5.203,5.218,5.193,5.202,48118.1
2025-12-01 06:00:00,5.203,5.225,5.197,5.212,47244.3
2025-12-01 06:15:00,5.212,5.213,5.186,5.19,49444.7
2025-12-01 06:30:00,5.19,5.213,5.181,5.203,50852.2
2025-12-01 06:45:00,5.203,5.214,5.181,5.182,36360.1
2025-12-01 07:00:00,5.182,5.199,5.168,5.192,66814.6
2025-12-01 07:15:00,5.193,5.204,5.179,5.192,44832.3
2025-12-01 07:30:00,5.192,5.22,5.183,5.218,64128.2
2025-12-01 07:45:00,5.218,5.242,5.216,5.234,68348.4
2025-12-01 08:00:00,5.234,5.255,5.219,5.225,65023.9
2025-12-01 08:15:00,5.225,5.244,5.222,5.234,49068.9
2025-12-01 08:30:00,5.234,5.267,5.227,5.253,81447.0
2025-12-01 08:45:00,5.253,5.257,5.234,5.246,40571.5
2025-12-01 09:00:00,5.245,5.279,5.234,5.244,92316.6
2025-12-01 09:15:00,5.244,5.255,5.237,5.254,45164.8
2025-12-01 09:30:00,5.254,5.264,5.248,5.262,41006.1
2025-12-01 09:45:00,5.262,5.263,5.232,5.239,49452.0
2025-12-01 10:00:00,5.24,5.27,5.24,5.257,65038.0
2025-12-01 10:15:00,5.258,5.266,5.258,5.259,17193.8
2025-12-01 10:30:00,5.26,5.274,5.257,5.26,45266.8
2025-12-01 10:45:00,5.261,5.262,5.217,5.22,126465.2
2025-12-01 11:00:00,5.22,5.222,5.186,5.188,63525.0
2025-12-01 11:15:00,5.189,5.2,5.18,5.18,48949.9
2025-12-01 11:30:00,5.181,5.182,5.14,5.152,144229.3
2025-12-01 11:45:00,5.153,5.163,5.149,5.159,45833.1
2025-12-01 12:00:00,5.16,5.168,5.137,5.151,75308.2
2025-12-01 12:15:00,5.151,5.162,5.128,5.133,72301.4
2025-12-01 12:30:00,5.132,5.136,5.102,5.115,107894.9
2025-12-01 12:45:00,5.116,5.165,5.049,5.149,338918.5
2025-12-01 13:00:00,5.149,5.183,5.13,5.149,138388.1
2025-12-01 13:15:00,5.15,5.152,5.127,5.138,78899.1
2025-12-01 13:30:00,5.139,5.141,5.111,5.13,101106.8
2025-12-01 13:45:00,5.13,5.146,5.115,5.134,54898.2
2025-12-01 14:00:00,5.134,5.165,5.131,5.134,94465.6
2025-12-01 14:15:00,5.135,5.143,5.118,5.139,43183.5
2025-12-01 14:30:00,5.14,5.234,5.128,5.184,233469.3
2025-12-01 14:45:00,5.184,5.201,5.167,5.17,91681.7
2025-12-01 15:00:00,5.17,5.174,5.13,5.132,93328.6
2025-12-01 15:15:00,5.132,5.154,5.11,5.131,113241.5
2025-12-01 15:30:00,5.131,5.137,5.053,5.057,351988.3
2025-12-01 15:45:00,5.056,5.164,5.025,5.118,339146.1
2025-12-01 16:00:00,5.119,5.12,5.056,5.067,153971.8
2025-12-01 16:15:00,5.066,5.086,5.05,5.05,137020.5
2025-12-01 16:30:00,5.05,5.093,5.033,5.074,157125.7
2025-12-01 16:45:00,5.075,5.077,5.027,5.033,69194.7
2025-12-01 17:00:00,5.034,5.07,5.031,5.044,95985.7
2025-12-01 17:15:00,5.043,5.061,5.026,5.057,86823.9
2025-12-01 17:30:00,5.056,5.063,5.02,5.055,83651.7
2025-12-01 17:45:00,5.055,5.073,5.029,5.032,54292.9
2025-12-01 18:00:00,5.032,5.1,5.032,5.096,96236.9
2025-12-01 18:15:00,5.096,5.107,5.069,5.078,118459.4
2025-12-01 18:30:00,5.079,5.083,5.066,5.072,71967.8
2025-12-01 18:45:00,5.071,5.11,5.057,5.1,92460.7
2025-12-01 19:00:00,5.101,5.11,5.071,5.089,60653.1
2025-12-01 19:15:00,5.09,5.093,5.056,5.06,48185.3
2025-12-01 19:30:00,5.061,5.097,5.058,5.082,74763.8
2025-12-01 19:45:00,5.083,5.118,5.077,5.108,42398.7
2025-12-01 20:00:00,5.107,5.207,5.107,5.181,143913.5
2025-12-01 20:15:00,5.181,5.183,5.159,5.174,91774.5
2025-12-01 20:30:00,5.174,5.192,5.163,5.184,96485.9
2025-12-01 20:45:00,5.185,5.189,5.158,5.168,61198.8
2025-12-01 21:00:00,5.169,5.207,5.16,5.161,99170.5
2025-12-01 21:15:00,5.161,5.22,5.158,5.197,71945.1
2025-12-01 21:30:00,5.198,5.24,5.196,5.23,104918.8
2025-12-01 21:45:00,5.23,5.233,5.203,5.221,56369.8
2025-12-01 22:00:00,5.221,5.259,5.218,5.224,73765.1
2025-12-01 22:15:00,5.224,5.254,5.224,5.25,33645.2
2025-12-01 22:30:00,5.251,5.254,5.225,5.244,33922.8
2025-12-01 22:45:00,5.244,5.269,5.239,5.239,28581.1
2025-12-01 23:00:00,5.24,5.266,5.225,5.228,39091.9
2025-12-01 23:15:00,5.229,5.246,5.229,5.244,31271.0
2025-12-01 23:30:00,5.245,5.253,5.215,5.218,40175.9
2025-12-01 23:45:00,5.218,5.221,5.206,5.209,57647.2
2025-12-02 00:00:00,5.21,5.23,5.208,5.215,55840.9
2025-12-02 00:15:00,5.215,5.229,5.21,5.228,63964.5
2025-12-02 00:30:00,5.228,5.255,5.211,5.225,78632.6
2025-12-02 00:45:00,5.225,5.241,5.214,5.223,30298.1
2025-12-02 01:00:00,5.221,5.298,5.212,5.236,123198.4
2025-12-02 01:15:00,5.236,5.243,5.209,5.225,71333.2
2025-12-02 01:30:00,5.224,5.229,5.208,5.222,31661.0
2025-12-02 01:45:00,5.222,5.224,5.213,5.217,26191.3
2025-12-02 02:00:00,5.216,5.227,5.2,5.226,45728.7
2025-12-02 02:15:00,5.226,5.25,5.225,5.227,52005.5
2025-12-02 02:30:00,5.226,5.234,5.21,5.231,31263.2
2025-12-02 02:45:00,5.23,5.237,5.2,5.204,37353.6
2025-12-02 03:00:00,5.204,5.211,5.193,5.201,65568.8
2025-12-02 03:15:00,5.201,5.202,5.168,5.178,47710.6
2025-12-02 03:30:00,5.177,5.236,5.164,5.236,63923.5
2025-12-02 03:45:00,5.236,5.242,5.221,5.228,74247.5
2025-12-02 04:00:00,5.226,5.252,5.226,5.245,65581.1
2025-12-02 04:15:00,5.244,5.259,5.235,5.25,49236.5
2025-12-02 04:30:00,5.249,5.26,5.239,5.253,38719.9
2025-12-02 04:45:00,5.252,5.254,5.24,5.241,41481.8
2025-12-02 05:00:00,5.24,5.262,5.233,5.25,56715.0
2025-12-02 05:15:00,5.249,5.253,5.239,5.249,27399.5
2025-12-02 05:30:00,5.249,5.254,5.235,5.238,47682.2
2025-12-02 05:45:00,5.238,5.257,5.236,5.247,38999.1
2025-12-02 06:00:00,5.246,5.253,5.223,5.239,97070.1
2025-12-02 06:15:00,5.239,5.243,5.226,5.24,24480.3
2025-12-02 06:30:00,5.24,5.278,5.238,5.276,78818.9
2025-12-02 06:45:00,5.275,5.288,5.264,5.284,50947.6
2025-12-02 07:00:00,5.284,5.3,5.28,5.296,58731.2
2025-12-02 07:15:00,5.295,5.307,5.272,5.279,65973.4
2025-12-02 07:30:00,5.279,5.299,5.275,5.29,39569.7
2025-12-02 07:45:00,5.29,5.313,5.287,5.305,32181.2
2025-12-02 08:00:00,5.304,5.305,5.238,5.244,96320.5
2025-12-02 08:15:00,5.244,5.254,5.228,5.23,69545.3
2025-12-02 08:30:00,5.229,5.242,5.199,5.227,101644.1
2025-12-02 08:45:00,5.226,5.258,5.214,5.224,52510.6
2025-12-02 09:00:00,5.223,5.271,5.222,5.235,65508.8
2025-12-02 09:15:00,5.234,5.268,5.223,5.252,61644.2
2025-12-02 09:30:00,5.251,5.251,5.233,5.233,38463.0
2025-12-02 09:45:00,5.232,5.253,5.227,5.233,41774.8
2025-12-02 10:00:00,5.232,5.253,5.23,5.245,54682.4
2025-12-02 10:15:00,5.244,5.247,5.222,5.229,34819.8
2025-12-02 10:30:00,5.229,5.242,5.227,5.242,32818.6
2025-12-02 10:45:00,5.242,5.296,5.239,5.281,126896.5
2025-12-02 11:00:00,5.281,5.301,5.263,5.272,93015.4
2025-12-02 11:15:00,5.272,5.301,5.262,5.297,60429.5
2025-12-02 11:30:00,5.297,5.303,5.267,5.272,84619.8
2025-12-02 11:45:00,5.272,5.302,5.27,5.286,46238.7
2025-12-02 12:00:00,5.287,5.314,5.282,5.306,63221.4
2025-12-02 12:15:00,5.307,5.312,5.278,5.287,43324.7
2025-12-02 12:30:00,5.287,5.304,5.268,5.277,78409.3
2025-12-02 12:45:00,5.277,5.299,5.266,5.294,52932.9
2025-12-02 13:00:00,5.294,5.312,5.271,5.308,58524.5
2025-12-02 13:15:00,5.308,5.363,5.308,5.342,146025.9
2025-12-02 13:30:00,5.341,5.36,5.338,5.344,70276.3
2025-12-02 13:45:00,5.345,5.385,5.335,5.366,125104.1
2025-12-02 14:00:00,5.366,5.406,5.355,5.394,163336.2
2025-12-02 14:15:00,5.395,5.456,5.393,5.439,130549.9
2025-12-02 14:30:00,5.44,5.508,5.429,5.5,206826.0
2025-12-02 14:45:00,5.501,5.543,5.489,5.533,314789.0
2025-12-02 15:00:00,5.534,5.668,5.534,5.635,406641.4
2025-12-02 15:15:00,5.635,5.711,5.633,5.642,326903.7
2025-12-02 15:30:00,5.641,5.792,5.631,5.768,309920.2
2025-12-02 15:45:00,5.768,5.838,5.756,5.826,306400.4
2025-12-02 16:00:00,5.826,5.862,5.791,5.819,319007.3
2025-12-02 16:15:00,5.818,5.831,5.733,5.742,309626.9
2025-12-02 16:30:00,5.741,5.789,5.73,5.749,136480.8
2025-12-02 16:45:00,5.748,5.801,5.731,5.783,118248.5
2025-12-02 17:00:00,5.783,5.816,5.769,5.788,229622.9
2025-12-02 17:15:00,5.787,5.868,5.782,5.852,206387.0
2025-12-02 17:30:00,5.852,5.883,5.836,5.845,127022.4
2025-12-02 17:45:00,5.845,5.859,5.813,5.816,132010.8
2025-12-02 18:00:00,5.815,5.851,5.806,5.846,220635.3
2025-12-02 18:15:00,5.845,5.889,5.845,5.858,79779.9
2025-12-02 18:30:00,5.858,5.877,5.839,5.847,82145.0
2025-12-02 18:45:00,5.846,5.877,5.84,5.854,53716.2
2025-12-02 19:00:00,5.855,5.894,5.854,5.865,175158.4
2025-12-02 19:15:00,5.865,5.873,5.819,5.83,127648.7
2025-12-02 19:30:00,5.829,5.855,5.819,5.829,116647.9
2025-12-02 19:45:00,5.828,5.837,5.79,5.8,106584.4
2025-12-02 20:00:00,5.799,5.809,5.76,5.776,179402.0
2025-12-02 20:15:00,5.776,5.791,5.736,5.743,113660.5
2025-12-02 20:30:00,5.744,5.759,5.709,5.739,99544.1
2025-12-02 20:45:00,5.739,5.768,5.728,5.763,53457.6
2025-12-02 21:00:00,5.763,5.786,5.749,5.778,109276.7
2025-12-02 21:15:00,5.778,5.782,5.755,5.767,72644.3
2025-12-02 21:30:00,5.766,5.783,5.762,5.778,43374.7
2025-12-02 21:45:00,5.778,5.796,5.766,5.79,28122.4
2025-12-02 22:00:00,5.789,5.836,5.784,5.823,91332.7
2025-12-02 22:15:00,5.822,5.829,5.81,5.822,37285.3
2025-12-02 22:30:00,5.821,5.881,5.817,5.848,125571.7
2025-12-02 22:45:00,5.848,5.886,5.842,5.882,51115.6
2025-12-02 23:00:00,5.883,5.898,5.866,5.867,67641.2
2025-12-02 23:15:00,5.866,5.871,5.858,5.862,25797.0
2025-12-02 23:30:00,5.862,5.863,5.815,5.823,39314.3
2025-12-02 23:45:00,5.822,5.83,5.813,5.828,45223.0
2025-12-03 00:00:00,5.828,5.887,5.826,5.855,96849.2
2025-12-03 00:15:00,5.855,5.863,5.826,5.837,41704.0
2025-12-03 00:30:00,5.836,5.847,5.809,5.847,60469.3
2025-12-03 00:45:00,5.847,5.861,5.825,5.83,46385.8
2025-12-03 01:00:00,5.829,5.843,5.819,5.832,45999.3
2025-12-03 01:15:00,5.832,5.841,5.819,5.834,59309.2
2025-12-03 01:30:00,5.833,5.834,5.812,5.822,35769.5
2025-12-03 01:45:00,5.821,5.862,5.819,5.837,61293.9
2025-12-03 02:00:00,5.836,5.881,5.83,5.879,107717.4
2025-12-03 02:15:00,5.88,5.9,5.862,5.884,144428.5
2025-12-03 02:30:00,5.883,5.885,5.855,5.861,79518.8
2025-12-03 02:45:00,5.86,5.87,5.844,5.858,50746.9
2025-12-03 03:00:00,5.858,5.897,5.851,5.859,70499.7
2025-12-03 03:15:00,5.858,5.872,5.855,5.865,28039.6
2025-12-03 03:30:00,5.865,5.88,5.85,5.855,36764.7
2025-12-03 03:45:00,5.855,5.856,5.838,5.841,27043.9
2025-12-03 04:00:00,5.84,5.856,5.829,5.85,51208.4
2025-12-03 04:15:00,5.849,5.902,5.842,5.866,103733.1
2025-12-03 04:30:00,5.866,5.878,5.853,5.878,36887.8
2025-12-03 04:45:00,5.877,5.909,5.865,5.901,75198.1
2025-12-03 05:00:00,5.902,5.941,5.9,5.909,86026.4
2025-12-03 05:15:00,5.91,5.914,5.887,5.906,49966.5
2025-12-03 05:30:00,5.907,5.92,5.899,5.903,46613.6
2025-12-03 05:45:00,5.903,5.918,5.9,5.904,30971.6
2025-12-03 06:00:00,5.905,5.941,5.889,5.909,105656.4
2025-12-03 06:15:00,5.91,5.943,5.906,5.929,61915.1
2025-12-03 06:30:00,5.928,5.939,5.871,5.876,76704.5
2025-12-03 06:45:00,5.877,5.881,5.841,5.871,159773.6
2025-12-03 07:00:00,5.871,5.877,5.855,5.859,44137.6
2025-12-03 07:15:00,5.858,5.881,5.84,5.869,156245.0
2025-12-03 07:30:00,5.871,5.875,5.847,5.852,66338.9
2025-12-03 07:45:00,5.853,5.871,5.845,5.861,43528.5
2025-12-03 08:00:00,5.862,5.89,5.862,5.879,37112.4
2025-12-03 08:15:00,5.879,5.891,5.869,5.879,41589.5
2025-12-03 08:30:00,5.88,5.901,5.876,5.899,29430.4
2025-12-03 08:45:00,5.9,5.931,5.898,5.913,55939.8
2025-12-03 09:00:00,5.914,5.924,5.899,5.915,44258.4
2025-12-03 09:15:00,5.915,5.915,5.886,5.892,45216.4
2025-12-03 09:30:00,5.891,5.893,5.857,5.881,53097.8
2025-12-03 09:45:00,5.884,5.907,5.879,5.899,48023.6
2025-12-03 10:00:00,5.898,5.902,5.884,5.889,34222.3
2025-12-03 10:15:00,5.889,5.928,5.889,5.913,47893.3
2025-12-03 10:30:00,5.912,5.912,5.857,5.861,54205.3
2025-12-03 10:45:00,5.861,5.876,5.837,5.842,48619.4
2025-12-03 11:00:00,5.842,5.867,5.831,5.844,41993.6
2025-12-03 11:15:00,5.844,5.864,5.834,5.859,57795.8
2025-12-03 11:30:00,5.859,5.861,5.846,5.856,26655.0
2025-12-03 11:45:00,5.856,5.882,5.856,5.869,25344.4
2025-12-03 12:00:00,5.869,5.882,5.846,5.849,49740.1
2025-12-03 12:15:00,5.85,5.858,5.823,5.824,63678.3
2025-12-03 12:30:00,5.825,5.831,5.81,5.824,61191.9
2025-12-03 12:45:00,5.825,5.836,5.817,5.827,32614.1
2025-12-03 13:00:00,5.828,5.843,5.822,5.84,49854.3
2025-12-03 13:15:00,5.841,5.853,5.833,5.836,55276.9
2025-12-03 13:30:00,5.837,5.85,5.829,5.843,45040.4
2025-12-03 13:45:00,5.844,5.855,5.827,5.837,54059.0
2025-12-03 14:00:00,5.838,5.841,5.703,5.763,471985.2
2025-12-03 14:15:00,5.762,5.808,5.762,5.791,117347.5
2025-12-03 14:30:00,5.793,5.93,5.752,5.899,274003.7
2025-12-03 14:45:00,5.899,5.904,5.798,5.8,172843.9
2025-12-03 15:00:00,5.801,5.868,5.799,5.819,145730.2
2025-12-03 15:15:00,5.819,5.866,5.8,5.842,80232.1
2025-12-03 15:30:00,5.843,5.885,5.834,5.876,97706.8
2025-12-03 15:45:00,5.876,5.897,5.868,5.884,49446.6
2025-12-03 16:00:00,5.884,5.898,5.825,5.833,111479.2
2025-12-03 16:15:00,5.832,5.866,5.829,5.855,62876.6
2025-12-03 16:30:00,5.855,5.923,5.851,5.911,75460.8
2025-12-03 16:45:00,5.911,5.912,5.878,5.887,50001.5
2025-12-03 17:00:00,5.886,5.918,5.885,5.91,91922.1
2025-12-03 17:15:00,5.91,5.92,5.876,5.903,48038.8
2025-12-03 17:30:00,5.902,5.974,5.902,5.97,131693.2
2025-12-03 17:45:00,5.969,5.989,5.96,5.978,105892.0
2025-12-03 18:00:00,5.98,6.008,5.976,5.99,78759.2
2025-12-03 18:15:00,5.989,5.992,5.953,5.982,79432.6
2025-12-03 18:30:00,5.983,5.997,5.971,5.978,42947.0
2025-12-03 18:45:00,5.978,5.979,5.922,5.942,113859.1
2025-12-03 19:00:00,5.941,5.944,5.916,5.92,58471.1
2025-12-03 19:15:00,5.919,5.941,5.912,5.931,28540.3
2025-12-03 19:30:00,5.93,5.944,5.916,5.928,28993.8
2025-12-03 19:45:00,5.927,5.95,5.918,5.949,41582.4
2025-12-03 20:00:00,5.949,5.958,5.927,5.945,58250.5
2025-12-03 20:15:00,5.945,5.954,5.925,5.932,32164.6
2025-12-03 20:30:00,5.931,5.948,5.925,5.944,34223.6
2025-12-03 20:45:00,5.943,5.995,5.936,5.952,68971.3
2025-12-03 21:00:00,5.952,5.985,5.944,5.975,59523.0
2025-12-03 21:15:00,5.974,6.0,5.971,5.987,53989.3
2025-12-03 21:30:00,5.987,6.004,5.976,6.001,27811.7
2025-12-03 21:45:00,6.001,6.042,5.985,6.031,83580.8
2025-12-03 22:00:00,6.03,6.052,5.986,6.019,148955.7
2025-12-03 22:15:00,6.02,6.027,5.995,6.004,55956.8
2025-12-03 22:30:00,6.004,6.015,5.976,5.988,59276.0
2025-12-03 22:45:00,5.988,6.049,5.988,6.046,57690.1
2025-12-03 23:00:00,6.047,6.079,6.035,6.044,139129.9
2025-12-03 23:15:00,6.044,6.05,6.004,6.005,42228.7
2025-12-03 23:30:00,6.006,6.007,5.986,6.0,35102.4
2025-12-03 23:45:00,6.001,6.007,5.984,5.996,34259.6
2025-12-04 00:00:00,5.997,6.011,5.959,5.962,60563.4
2025-12-04 00:15:00,5.961,5.989,5.958,5.98,44972.3
2025-12-04 00:30:00,5.979,6.005,5.95,6.002,31637.5
2025-12-04 00:45:00,6.003,6.013,5.985,5.999,28981.5
2025-12-04 01:00:00,6.001,6.067,5.987,6.065,84749.2
2025-12-04 01:15:00,6.066,6.072,6.014,6.028,189856.1
2025-12-04 01:30:00,6.028,6.049,6.022,6.039,39361.6
2025-12-04 01:45:00,6.038,6.04,5.975,5.98,104899.7
2025-12-04 02:00:00,5.98,6.021,5.971,6.018,96844.8
2025-12-04 02:15:00,6.019,6.042,6.012,6.028,38922.9
2025-12-04 02:30:00,6.028,6.038,6.008,6.03,29673.4
2025-12-04 02:45:00,6.031,6.038,6.018,6.029,32931.1
2025-12-04 03:00:00,6.028,6.048,6.014,6.017,34808.8
2025-12-04 03:15:00,6.018,6.02,5.994,6.002,42701.7
2025-12-04 03:30:00,6.002,6.002,5.974,5.978,42481.5
2025-12-04 03:45:00,5.977,5.986,5.971,5.982,18888.9
2025-12-04 04:00:00,5.983,5.993,5.974,5.976,27006.3
2025-12-04 04:15:00,5.977,5.98,5.956,5.962,26647.6
2025-12-04 04:30:00,5.962,5.981,5.948,5.963,80518.4
2025-12-04 04:45:00,5.963,5.991,5.954,5.987,26205.1
2025-12-04 05:00:00,5.988,5.996,5.964,5.975,30403.2
2025-12-04 05:15:00,5.975,5.991,5.95,5.988,27909.8
2025-12-04 05:30:00,5.987,5.992,5.965,5.968,44779.2
2025-12-04 05:45:00,5.968,6.002,5.961,6.001,37999.1
2025-12-04 06:00:00,6.001,6.012,5.982,5.996,38939.1
2025-12-04 06:15:00,5.996,6.013,5.989,6.012,61949.6
2025-12-04 06:30:00,6.012,6.057,6.011,6.034,76785.4
2025-12-04 06:45:00,6.034,6.036,6.008,6.033,38990.6
2025-12-04 07:00:00,6.032,6.043,5.98,6.004,72107.5
2025-12-04 07:15:00,6.003,6.006,5.975,5.986,86303.0
2025-12-04 07:30:00,5.985,6.007,5.985,6.006,56918.1
2025-12-04 07:45:00,6.005,6.021,5.994,6.02,29585.1
2025-12-04 08:00:00,6.019,6.019,5.979,5.984,44498.9
2025-12-04 08:15:00,5.983,6.017,5.977,5.995,29939.8
2025-12-04 08:30:00,5.995,6.032,5.989,6.023,34978.2
2025-12-04 08:45:00,6.023,6.024,5.988,6.013,54726.8
2025-12-04 09:00:00,6.013,6.077,6.013,6.052,101398.3
2025-12-04 09:15:00,6.051,6.052,6.029,6.04,28730.3
2025-12-04 09:30:00,6.04,6.078,6.04,6.07,77839.8
2025-12-04 09:45:00,6.07,6.09,6.065,6.077,58273.2
2025-12-04 10:00:00,6.077,6.096,6.076,6.091,87103.0
2025-12-04 10:15:00,6.09,6.091,6.056,6.062,46922.5
2025-12-04 10:30:00,6.062,6.064,6.038,6.046,30507.8
2025-12-04 10:45:00,6.045,6.052,6.026,6.034,46136.7
2025-12-04 11:00:00,6.033,6.033,6.011,6.021,36493.2
2025-12-04 11:15:00,6.02,6.023,5.997,6.01,35029.9
2025-12-04 11:30:00,6.01,6.027,5.985,5.993,41385.7
2025-12-04 11:45:00,5.993,6.012,5.98,6.002,28562.1
2025-12-04 12:00:00,6.002,6.019,5.99,5.996,43693.1
2025-12-04 12:15:00,5.996,6.0,5.948,5.951,104742.9
2025-12-04 12:30:00,5.95,5.983,5.946,5.972,51655.1
2025-12-04 12:45:00,5.971,5.985,5.959,5.983,101034.8
2025-12-04 13:00:00,5.983,6.001,5.947,5.954,191312.0
2025-12-04 13:15:00,5.955,5.994,5.955,5.979,47750.5
2025-12-04 13:30:00,5.979,5.991,5.949,5.956,58132.3
2025-12-04 13:45:00,5.955,5.961,5.924,5.949,99508.6
2025-12-04 14:00:00,5.948,5.973,5.946,5.959,44472.4
2025-12-04 14:15:00,5.959,5.985,5.953,5.983,41410.9
2025-12-04 14:30:00,5.983,5.983,5.929,5.951,106151.4
2025-12-04 14:45:00,5.95,5.959,5.89,5.905,123508.0
2025-12-04 15:00:00,5.904,5.989,5.903,5.981,97390.1
2025-12-04 15:15:00,5.981,5.989,5.937,5.957,47905.7
2025-12-04 15:30:00,5.957,6.042,5.943,6.002,118355.0
2025-12-04 15:45:00,6.003,6.031,5.986,6.026,180931.1
2025-12-04 16:00:00,6.025,6.028,5.963,5.986,72738.4
2025-12-04 16:15:00,5.985,6.037,5.982,6.001,204637.6
2025-12-04 16:30:00,6.001,6.001,5.931,5.941,256974.2
2025-12-04 16:45:00,5.941,5.959,5.917,5.934,92332.1
2025-12-04 17:00:00,5.933,5.947,5.914,5.929,51366.5
2025-12-04 17:15:00,5.929,5.933,5.893,5.901,52965.4
2025-12-04 17:30:00,5.901,5.911,5.855,5.883,137397.3
2025-12-04 17:45:00,5.884,5.917,5.872,5.91,81058.6
2025-12-04 18:00:00,5.91,5.921,5.889,5.915,80876.2
2025-12-04 18:15:00,5.915,5.932,5.893,5.924,38965.6
2025-12-04 18:30:00,5.923,5.933,5.872,5.876,63905.1
2025-12-04 18:45:00,5.876,5.889,5.866,5.88,35493.1
2025-12-04 19:00:00,5.882,5.885,5.778,5.794,131848.4
2025-12-04 19:15:00,5.795,5.814,5.731,5.797,208602.2
2025-12-04 19:30:00,5.797,5.866,5.786,5.856,125716.6
2025-12-04 19:45:00,5.857,5.886,5.848,5.874,47136.7
2025-12-04 20:00:00,5.873,5.892,5.809,5.837,153559.4
2025-12-04 20:15:00,5.837,5.852,5.823,5.824,69539.2
2025-12-04 20:30:00,5.823,5.844,5.814,5.832,65273.8
2025-12-04 20:45:00,5.832,5.864,5.832,5.841,54045.1
2025-12-04 21:00:00,5.841,5.858,5.831,5.834,45336.4
2025-12-04 21:15:00,5.834,5.849,5.819,5.82,25901.5
2025-12-04 21:30:00,5.82,5.837,5.81,5.821,32526.7
2025-12-04 21:45:00,5.822,5.822,5.788,5.79,49428.9
2025-12-04 22:00:00,5.791,5.829,5.789,5.818,48437.6
2025-12-04 22:15:00,5.819,5.827,5.804,5.819,35608.5
2025-12-04 22:30:00,5.82,5.847,5.819,5.83,26399.3
2025-12-04 22:45:00,5.83,5.84,5.82,5.829,20234.5
2025-12-04 23:00:00,5.829,5.829,5.801,5.806,74141.6
2025-12-04 23:15:00,5.807,5.815,5.798,5.8,22738.2
2025-12-04 23:30:00,5.8,5.806,5.778,5.785,42259.0
2025-12-04 23:45:00,5.785,5.796,5.772,5.78,29561.2
2025-12-05 00:00:00,5.779,5.803,5.777,5.782,54945.4
2025-12-05 00:15:00,5.782,5.84,5.768,5.802,65798.6
2025-12-05 00:30:00,5.802,5.821,5.796,5.817,43793.8
2025-12-05 00:45:00,5.817,5.819,5.79,5.795,44907.5
2025-12-05 01:00:00,5.795,5.831,5.786,5.795,54531.8
2025-12-05 01:15:00,5.795,5.838,5.795,5.82,39302.5
2025-12-05 01:30:00,5.82,5.823,5.804,5.814,27484.3
2025-12-05 01:45:00,5.815,5.829,5.805,5.809,19493.7
2025-12-05 02:00:00,5.808,5.816,5.795,5.816,57296.2
2025-12-05 02:15:00,5.816,5.844,5.815,5.839,32755.2
2025-12-05 02:30:00,5.839,5.869,5.836,5.859,44867.3
2025-12-05 02:45:00,5.858,5.858,5.823,5.829,33759.7
2025-12-05 03:00:00,5.829,5.84,5.821,5.824,26089.5
2025-12-05 03:15:00,5.823,5.823,5.796,5.802,30718.7
2025-12-05 03:30:00,5.801,5.81,5.793,5.798,27288.2
2025-12-05 03:45:00,5.797,5.804,5.781,5.791,45657.3
2025-12-05 04:00:00,5.79,5.811,5.787,5.799,38854.3
2025-12-05 04:15:00,5.799,5.804,5.768,5.768,37951.2
2025-12-05 04:30:00,5.768,5.768,5.738,5.749,69511.9
2025-12-05 04:45:00,5.748,5.778,5.736,5.763,60398.2
2025-12-05 05:00:00,5.762,5.779,5.756,5.761,36062.5
2025-12-05 05:15:00,5.761,5.771,5.741,5.753,32582.4
2025-12-05 05:30:00,5.752,5.758,5.743,5.755,20806.3
2025-12-05 05:45:00,5.754,5.764,5.747,5.763,21177.2
2025-12-05 06:00:00,5.762,5.798,5.762,5.788,63298.7
2025-12-05 06:15:00,5.788,5.793,5.773,5.783,19482.8
2025-12-05 06:30:00,5.783,5.797,5.767,5.784,51101.9
2025-12-05 06:45:00,5.783,5.794,5.773,5.789,26401.9
2025-12-05 07:00:00,5.789,5.837,5.782,5.815,69203.0
2025-12-05 07:15:00,5.816,5.816,5.798,5.809,37027.1
2025-12-05 07:30:00,5.809,5.814,5.79,5.799,32432.1
2025-12-05 07:45:00,5.798,5.823,5.795,5.817,27856.3
2025-12-05 08:00:00,5.816,5.816,5.793,5.81,56798.2
2025-12-05 08:15:00,5.81,5.814,5.794,5.801,32264.1
2025-12-05 08:30:00,5.801,5.804,5.764,5.785,48334.9
2025-12-05 08:45:00,5.785,5.792,5.777,5.788,20128.7
2025-12-05 09:00:00,5.787,5.788,5.754,5.763,43924.4
2025-12-05 09:15:00,5.763,5.763,5.705,5.711,143293.9
2025-12-05 09:30:00,5.711,5.724,5.695,5.712,82751.5
2025-12-05 09:45:00,5.711,5.716,5.696,5.707,69520.9
2025-12-05 10:00:00,5.706,5.736,5.698,5.73,138594.7
2025-12-05 10:15:00,5.73,5.761,5.72,5.744,92516.1
2025-12-05 10:30:00,5.744,5.755,5.74,5.752,40565.0
2025-12-05 10:45:00,5.752,5.752,5.726,5.73,22301.6
2025-12-05 11:00:00,5.73,5.743,5.721,5.737,49571.8
2025-12-05 11:15:00,5.738,5.738,5.699,5.707,48459.3
2025-12-05 11:30:00,5.707,5.707,5.662,5.674,98873.0
2025-12-05 11:45:00,5.675,5.706,5.673,5.689,57049.0
2025-12-05 12:00:00,5.689,5.695,5.677,5.683,63169.1
2025-12-05 12:15:00,5.682,5.699,5.674,5.679,52757.3
2025-12-05 12:30:00,5.679,5.693,5.664,5.673,72155.9
2025-12-05 12:45:00,5.673,5.684,5.664,5.678,28832.7
2025-12-05 13:00:00,5.678,5.726,5.661,5.703,112914.7
2025-12-05 13:15:00,5.703,5.717,5.679,5.694,54424.3
2025-12-05 13:30:00,5.693,5.699,5.641,5.652,120300.2
2025-12-05 13:45:00,5.651,5.671,5.626,5.647,147428.7
2025-12-05 14:00:00,5.647,5.686,5.642,5.657,110560.2
2025-12-05 14:15:00,5.657,5.665,5.649,5.658,55581.4
2025-12-05 14:30:00,5.657,5.691,5.63,5.643,121541.7
2025-12-05 14:45:00,5.643,5.669,5.624,5.631,71004.8
2025-12-05 15:00:00,5.63,5.784,5.63,5.744,409112.2
2025-12-05 15:15:00,5.745,5.751,5.71,5.734,94960.5
2025-12-05 15:30:00,5.734,5.77,5.715,5.727,72472.9
2025-12-05 15:45:00,5.727,5.727,5.644,5.668,139215.8
2025-12-05 16:00:00,5.668,5.672,5.568,5.601,220615.3
2025-12-05 16:15:00,5.6,5.632,5.571,5.591,143826.9
2025-12-05 16:30:00,5.59,5.591,5.418,5.449,451600.1
2025-12-05 16:45:00,5.449,5.492,5.401,5.46,266986.0
2025-12-05 17:00:00,5.459,5.493,5.45,5.464,126460.3
2025-12-05 17:15:00,5.463,5.484,5.432,5.438,126062.4
2025-12-05 17:30:00,5.438,5.471,5.42,5.446,91893.3
2025-12-05 17:45:00,5.445,5.489,5.436,5.463,106241.4
2025-12-05 18:00:00,5.462,5.509,5.444,5.488,109469.3
2025-12-05 18:15:00,5.487,5.497,5.419,5.428,94081.7
2025-12-05 18:30:00,5.428,5.445,5.389,5.395,75395.2
2025-12-05 18:45:00,5.396,5.405,5.376,5.377,88181.5
2025-12-05 19:00:00,5.379,5.403,5.349,5.398,155673.3
2025-12-05 19:15:00,5.399,5.444,5.387,5.425,90746.2
2025-12-05 19:30:00,5.425,5.454,5.425,5.441,52431.0
2025-12-05 19:45:00,5.44,5.472,5.432,5.442,71159.6
2025-12-05 20:00:00,5.442,5.465,5.435,5.464,58396.9
2025-12-05 20:15:00,5.465,5.496,5.465,5.476,100929.6
2025-12-05 20:30:00,5.476,5.484,5.46,5.466,75112.7
2025-12-05 20:45:00,5.467,5.521,5.442,5.446,332020.3
2025-12-05 21:00:00,5.447,5.497,5.444,5.493,169848.6
2025-12-05 21:15:00,5.493,5.504,5.476,5.479,57270.9
2025-12-05 21:30:00,5.48,5.504,5.475,5.48,55278.4
2025-12-05 21:45:00,5.481,5.492,5.469,5.484,34555.8
2025-12-05 22:00:00,5.485,5.489,5.458,5.469,64809.7
2025-12-05 22:15:00,5.47,5.496,5.469,5.494,31126.8
2025-12-05 22:30:00,5.495,5.52,5.492,5.515,36695.8
2025-12-05 22:45:00,5.515,5.532,5.506,5.509,32662.1
2025-12-05 23:00:00,5.51,5.51,5.458,5.467,56509.7
2025-12-05 23:15:00,5.467,5.49,5.463,5.488,33560.3
2025-12-05 23:30:00,5.488,5.507,5.486,5.499,26977.7
2025-12-05 23:45:00,5.498,5.504,5.491,5.495,31324.6
2025-12-06 00:00:00,5.494,5.504,5.482,5.5,36627.7
2025-12-06 00:15:00,5.5,5.502,5.485,5.496,24098.9
2025-12-06 00:30:00,5.495,5.531,5.492,5.528,29090.6
2025-12-06 00:45:00,5.529,5.529,5.509,5.514,23263.3
2025-12-06 01:00:00,5.514,5.525,5.499,5.524,24498.7
2025-12-06 01:15:00,5.524,5.533,5.513,5.521,20236.6
2025-12-06 01:30:00,5.521,5.522,5.497,5.5,26950.8
2025-12-06 01:45:00,5.501,5.511,5.489,5.493,17676.7
2025-12-06 02:00:00,5.493,5.493,5.464,5.47,59198.4
2025-12-06 02:15:00,5.471,5.497,5.467,5.489,25844.9
2025-12-06 02:30:00,5.488,5.499,5.481,5.485,26392.1
2025-12-06 02:45:00,5.485,5.507,5.484,5.505,15023.1
2025-12-06 03:00:00,5.506,5.552,5.503,5.537,45833.7
2025-12-06 03:15:00,5.538,5.542,5.51,5.515,31032.1
2025-12-06 03:30:00,5.515,5.537,5.511,5.53,18023.1
2025-12-06 03:45:00,5.529,5.53,5.517,5.527,17592.5
2025-12-06 04:00:00,5.527,5.528,5.503,5.505,27134.8
2025-12-06 04:15:00,5.505,5.512,5.473,5.482,27827.5
2025-12-06 04:30:00,5.482,5.493,5.477,5.488,23278.8
2025-12-06 04:45:00,5.487,5.495,5.482,5.492,13929.5
2025-12-06 05:00:00,5.491,5.495,5.475,5.492,27972.7
2025-12-06 05:15:00,5.493,5.495,5.479,5.486,13387.6
2025-12-06 05:30:00,5.486,5.494,5.472,5.489,17455.0
2025-12-06 05:45:00,5.488,5.492,5.48,5.484,10697.2
2025-12-06 06:00:00,5.484,5.492,5.47,5.488,14920.1
2025-12-06 06:15:00,5.489,5.498,5.48,5.497,11156.6
2025-12-06 06:30:00,5.496,5.504,5.476,5.476,16885.0
2025-12-06 06:45:00,5.476,5.486,5.473,5.481,12666.7
2025-12-06 07:00:00,5.482,5.489,5.472,5.476,14521.2
2025-12-06 07:15:00,5.476,5.481,5.456,5.456,22190.6
2025-12-06 07:30:00,5.457,5.472,5.442,5.468,32117.4
2025-12-06 07:45:00,5.468,5.482,5.465,5.469,18165.0
2025-12-06 08:00:00,5.469,5.469,5.453,5.457,28882.0
2025-12-06 08:15:00,5.457,5.468,5.432,5.434,33115.2
2025-12-06 08:30:00,5.434,5.443,5.424,5.438,43528.7
2025-12-06 08:45:00,5.437,5.442,5.42,5.427,35125.2
2025-12-06 09:00:00,5.426,5.468,5.423,5.463,42559.3
2025-12-06 09:15:00,5.463,5.469,5.456,5.468,44070.2
2025-12-06 09:30:00,5.467,5.477,5.452,5.471,32435.1
2025-12-06 09:45:00,5.471,5.479,5.467,5.471,34696.9
2025-12-06 10:00:00,5.47,5.471,5.454,5.468,27086.4
2025-12-06 10:15:00,5.467,5.477,5.44,5.441,21732.1
2025-12-06 10:30:00,5.44,5.449,5.435,5.445,29922.1
2025-12-06 10:45:00,5.445,5.449,5.429,5.429,25624.3
2025-12-06 11:00:00,5.429,5.446,5.418,5.437,40931.4
2025-12-06 11:15:00,5.438,5.444,5.428,5.439,25502.1
2025-12-06 11:30:00,5.439,5.455,5.433,5.444,38034.7
2025-12-06 11:45:00,5.444,5.456,5.439,5.443,21492.4
2025-12-06 12:00:00,5.442,5.46,5.429,5.437,44821.7
2025-12-06 12:15:00,5.437,5.456,5.433,5.44,20680.3
2025-12-06 12:30:00,5.441,5.454,5.439,5.447,22632.6
2025-12-06 12:45:00,5.448,5.449,5.429,5.429,25234.4
2025-12-06 13:00:00,5.429,5.437,5.419,5.433,42630.9
2025-12-06 13:15:00,5.432,5.441,5.426,5.438,31855.2
2025-12-06 13:30:00,5.439,5.464,5.432,5.453,35525.0
2025-12-06 13:45:00,5.453,5.453,5.439,5.444,21495.8
2025-12-06 14:00:00,5.445,5.457,5.436,5.452,28082.1
2025-12-06 14:15:00,5.453,5.519,5.452,5.48,144427.6
2025-12-06 14:30:00,5.479,5.514,5.478,5.511,59661.7
2025-12-06 14:45:00,5.512,5.523,5.492,5.5,39780.1
2025-12-06 15:00:00,5.501,5.506,5.478,5.482,36433.1
2025-12-06 15:15:00,5.481,5.482,5.453,5.465,59947.5
2025-12-06 15:30:00,5.466,5.496,5.462,5.495,55409.5
2025-12-06 15:45:00,5.495,5.502,5.483,5.484,35833.0
2025-12-06 16:00:00,5.484,5.515,5.482,5.508,74152.9
2025-12-06 16:15:00,5.507,5.527,5.504,5.522,54292.0
2025-12-06 16:30:00,5.523,5.553,5.511,5.548,55469.8
2025-12-06 16:45:00,5.549,5.553,5.53,5.532,32684.1
2025-12-06 17:00:00,5.532,5.547,5.512,5.527,69293.7
2025-12-06 17:15:00,5.527,5.568,5.525,5.567,69043.6
2025-12-06 17:30:00,5.568,5.569,5.546,5.546,38109.1
2025-12-06 17:45:00,5.547,5.578,5.545,5.575,40394.5
2025-12-06 18:00:00,5.576,5.589,5.559,5.584,63959.5
2025-12-06 18:15:00,5.585,5.629,5.584,5.614,110755.2
2025-12-06 18:30:00,5.614,5.614,5.58,5.581,71630.9
2025-12-06 18:45:00,5.581,5.591,5.566,5.57,44283.3
2025-12-06 19:00:00,5.57,5.582,5.516,5.534,97552.7
2025-12-06 19:15:00,5.534,5.545,5.53,5.544,29852.1
2025-12-06 19:30:00,5.545,5.546,5.506,5.509,70012.5
2025-12-06 19:45:00,5.509,5.528,5.508,5.526,20126.4
2025-12-06 20:00:00,5.527,5.55,5.525,5.529,37162.4
2025-12-06 20:15:00,5.529,5.55,5.524,5.541,21572.4
2025-12-06 20:30:00,5.541,5.546,5.528,5.544,31590.0
2025-12-06 20:45:00,5.545,5.547,5.534,5.535,16751.5
2025-12-06 21:00:00,5.535,5.61,5.526,5.571,175708.2
2025-12-06 21:15:00,5.571,5.587,5.552,5.557,43229.3
2025-12-06 21:30:00,5.557,5.578,5.552,5.562,34796.8
2025-12-06 21:45:00,5.561,5.57,5.552,5.565,16614.1
2025-12-06 22:00:00,5.565,5.575,5.55,5.574,39086.6
2025-12-06 22:15:00,5.575,5.578,5.539,5.539,43812.1
2025-12-06 22:30:00,5.54,5.548,5.533,5.535,21818.5
2025-12-06 22:45:00,5.536,5.536,5.514,5.525,12017.2
2025-12-06 23:00:00,5.525,5.537,5.509,5.521,41200.0
2025-12-06 23:15:00,5.522,5.527,5.492,5.502,44919.9
2025-12-06 23:30:00,5.502,5.513,5.497,5.51,27508.0
2025-12-06 23:45:00,5.51,5.537,5.507,5.533,19646.5
2025-12-07 00:00:00,5.533,5.546,5.523,5.542,30504.5
2025-12-07 00:15:00,5.542,5.558,5.527,5.536,31192.2
2025-12-07 00:30:00,5.536,5.578,5.533,5.565,42640.7
2025-12-07 00:45:00,5.564,5.572,5.547,5.566,28494.1
2025-12-07 01:00:00,5.565,5.567,5.534,5.546,32169.8
2025-12-07 01:15:00,5.546,5.558,5.537,5.55,28243.7
2025-12-07 01:30:00,5.55,5.558,5.537,5.543,39182.8
2025-12-07 01:45:00,5.542,5.548,5.522,5.522,19678.9
2025-12-07 02:00:00,5.523,5.532,5.52,5.529,21842.6
2025-12-07 02:15:00,5.529,5.553,5.529,5.533,21992.7
2025-12-07 02:30:00,5.532,5.552,5.526,5.54,24545.5
2025-12-07 02:45:00,5.54,5.558,5.537,5.55,13742.7
2025-12-07 03:00:00,5.549,5.554,5.541,5.542,18987.7
2025-12-07 03:15:00,5.542,5.544,5.522,5.535,24748.5
2025-12-07 03:30:00,5.534,5.55,5.532,5.542,28051.8
2025-12-07 03:45:00,5.542,5.555,5.537,5.551,19298.3
2025-12-07 04:00:00,5.55,5.553,5.538,5.547,27604.0
2025-12-07 04:15:00,5.546,5.553,5.538,5.54,22122.9
2025-12-07 04:30:00,5.54,5.54,5.513,5.519,27485.6
2025-12-07 04:45:00,5.519,5.528,5.512,5.512,44667.2
2025-12-07 05:00:00,5.513,5.529,5.513,5.52,25297.5
2025-12-07 05:15:00,5.519,5.534,5.515,5.526,15919.6
2025-12-07 05:30:00,5.527,5.563,5.526,5.559,26200.6
2025-12-07 05:45:00,5.558,5.559,5.548,5.55,23792.9
2025-12-07 06:00:00,5.55,5.57,5.547,5.56,46573.6
2025-12-07 06:15:00,5.559,5.573,5.552,5.571,37646.3
2025-12-07 06:30:00,5.571,5.573,5.558,5.57,18126.6
2025-12-07 06:45:00,5.57,5.578,5.559,5.569,11513.6
2025-12-07 07:00:00,5.569,5.572,5.537,5.542,24994.2
2025-12-07 07:15:00,5.543,5.547,5.532,5.54,14850.0
2025-12-07 07:30:00,5.54,5.54,5.502,5.508,45154.6
2025-12-07 07:45:00,5.507,5.531,5.503,5.524,21837.6
2025-12-07 08:00:00,5.525,5.526,5.5,5.504,33477.2
2025-12-07 08:15:00,5.505,5.527,5.504,5.521,20428.0
2025-12-07 08:30:00,5.521,5.55,5.52,5.546,26661.6
2025-12-07 08:45:00,5.546,5.547,5.505,5.505,34607.4
2025-12-07 09:00:00,5.506,5.524,5.506,5.52,42003.8
2025-12-07 09:15:00,5.519,5.524,5.481,5.487,91949.8
2025-12-07 09:30:00,5.488,5.498,5.474,5.479,79706.1
2025-12-07 09:45:00,5.48,5.481,5.456,5.47,54586.9
2025-12-07 10:00:00,5.47,5.492,5.465,5.489,40400.3
2025-12-07 10:15:00,5.489,5.493,5.477,5.479,17775.7
2025-12-07 10:30:00,5.479,5.489,5.459,5.482,44232.0
2025-12-07 10:45:00,5.483,5.5,5.477,5.48,32815.7
2025-12-07 11:00:00,5.481,5.492,5.476,5.491,14000.6
2025-12-07 11:15:00,5.491,5.503,5.488,5.491,49753.7
2025-12-07 11:30:00,5.492,5.502,5.491,5.499,19154.4
2025-12-07 11:45:00,5.499,5.499,5.449,5.453,100205.5
2025-12-07 12:00:00,5.454,5.47,5.446,5.465,49339.8
2025-12-07 12:15:00,5.466,5.477,5.429,5.443,73701.2
2025-12-07 12:30:00,5.443,5.448,5.435,5.44,48349.9
2025-12-07 12:45:00,5.441,5.479,5.44,5.461,91630.6
2025-12-07 13:00:00,5.462,5.469,5.436,5.449,55523.0
2025-12-07 13:15:00,5.45,5.455,5.401,5.429,117909.9
2025-12-07 13:30:00,5.43,5.437,5.412,5.419,60625.2
2025-12-07 13:45:00,5.419,5.435,5.416,5.421,37863.7
2025-12-07 14:00:00,5.421,5.427,5.387,5.394,113274.7
2025-12-07 14:15:00,5.394,5.402,5.266,5.316,472054.1
2025-12-07 14:30:00,5.315,5.347,5.285,5.317,165257.5
2025-12-07 14:45:00,5.317,5.334,5.285,5.292,84797.1
2025-12-07 15:00:00,5.292,5.391,5.286,5.369,187461.3
2025-12-07 15:15:00,5.369,5.383,5.348,5.358,75670.1
2025-12-07 15:30:00,5.358,5.39,5.349,5.353,113852.7
2025-12-07 15:45:00,5.354,5.482,5.35,5.459,257647.0
2025-12-07 16:00:00,5.459,5.459,5.406,5.42,147027.9
2025-12-07 16:15:00,5.419,5.445,5.407,5.421,70680.1
2025-12-07 16:30:00,5.422,5.422,5.388,5.397,58734.4
2025-12-07 16:45:00,5.396,5.441,5.383,5.44,56502.1
2025-12-07 17:00:00,5.44,5.443,5.398,5.424,89284.0
2025-12-07 17:15:00,5.423,5.556,5.423,5.549,237379.6
2025-12-07 17:30:00,5.549,5.629,5.549,5.599,230721.7
2025-12-07 17:45:00,5.6,5.634,5.587,5.611,112204.4
2025-12-07 18:00:00,5.611,5.64,5.611,5.631,159057.5
2025-12-07 18:15:00,5.63,5.656,5.619,5.645,116804.3
2025-12-07 18:30:00,5.645,5.661,5.622,5.632,88910.1
2025-12-07 18:45:00,5.632,5.635,5.606,5.618,32644.3
2025-12-07 19:00:00,5.618,5.629,5.584,5.598,79810.9
2025-12-07 19:15:00,5.597,5.601,5.579,5.585,39677.6
2025-12-07 19:30:00,5.584,5.617,5.578,5.612,42229.9
2025-12-07 19:45:00,5.612,5.632,5.608,5.63,71276.5
2025-12-07 20:00:00,5.63,5.642,5.62,5.624,42405.1
2025-12-07 20:15:00,5.624,5.66,5.624,5.655,52212.0
2025-12-07 20:30:00,5.655,5.657,5.638,5.654,41177.6
2025-12-07 20:45:00,5.653,5.657,5.636,5.653,15796.5
2025-12-07 21:00:00,5.652,5.652,5.633,5.636,43428.6
2025-12-07 21:15:00,5.635,5.639,5.607,5.609,38579.1
2025-12-07 21:30:00,5.608,5.614,5.536,5.541,81929.3
2025-12-07 21:45:00,5.541,5.55,5.46,5.498,121363.1
2025-12-07 22:00:00,5.497,5.497,5.351,5.431,392946.2
2025-12-07 22:15:00,5.433,5.435,5.387,5.42,82850.4
2025-12-07 22:30:00,5.419,5.473,5.411,5.472,95846.6
2025-12-07 22:45:00,5.473,5.484,5.385,5.419,105371.6
2025-12-07 23:00:00,5.42,5.435,5.384,5.402,73117.8
2025-12-07 23:15:00,5.402,5.435,5.398,5.434,53900.8
2025-12-07 23:30:00,5.432,5.432,5.386,5.396,54734.5
2025-12-07 23:45:00,5.396,5.434,5.392,5.426,59203.2
2025-12-08 00:00:00,5.427,5.441,5.4,5.427,53497.4
2025-12-08 00:15:00,5.426,5.457,5.405,5.441,71885.0
2025-12-08 00:30:00,5.441,5.478,5.426,5.452,69470.0
2025-12-08 00:45:00,5.452,5.452,5.421,5.423,39762.0
2025-12-08 01:00:00,5.424,5.484,5.419,5.473,53190.7
2025-12-08 01:15:00,5.471,5.532,5.453,5.522,63027.6
2025-12-08 01:30:00,5.522,5.597,5.521,5.549,100158.0
2025-12-08 01:45:00,5.549,5.552,5.5,5.501,75390.1
2025-12-08 02:00:00,5.502,5.509,5.488,5.496,45445.0
2025-12-08 02:15:00,5.495,5.51,5.489,5.496,58518.7
2025-12-08 02:30:00,5.497,5.517,5.49,5.51,40080.7
2025-12-08 02:45:00,5.51,5.552,5.506,5.547,36249.7
2025-12-08 03:00:00,5.547,5.561,5.542,5.547,45696.8
2025-12-08 03:15:00,5.547,5.597,5.543,5.58,96508.8
2025-12-08 03:30:00,5.58,5.583,5.548,5.552,80382.5
2025-12-08 03:45:00,5.551,5.569,5.544,5.562,51905.2
2025-12-08 04:00:00,5.562,5.619,5.562,5.608,134320.3
2025-12-08 04:15:00,5.609,5.63,5.593,5.605,74737.7
2025-12-08 04:30:00,5.604,5.657,5.604,5.626,79201.9
2025-12-08 04:45:00,5.626,5.634,5.61,5.622,29368.8
2025-12-08 05:00:00,5.621,5.631,5.604,5.627,64328.4
2025-12-08 05:15:00,5.628,5.654,5.617,5.639,57964.2
2025-12-08 05:30:00,5.64,5.675,5.638,5.655,62334.8
2025-12-08 05:45:00,5.656,5.664,5.645,5.65,25275.9
2025-12-08 06:00:00,5.649,5.672,5.649,5.672,40805.8
2025-12-08 06:15:00,5.672,5.682,5.658,5.681,43310.2
2025-12-08 06:30:00,5.68,5.713,5.676,5.705,83239.0
2025-12-08 06:45:00,5.706,5.734,5.705,5.71,101992.8
2025-12-08 07:00:00,5.711,5.729,5.701,5.718,58638.8
2025-12-08 07:15:00,5.717,5.745,5.71,5.738,50806.7
2025-12-08 07:30:00,5.738,5.739,5.709,5.717,62303.6
2025-12-08 07:45:00,5.717,5.728,5.709,5.723,34585.2
2025-12-08 08:00:00,5.723,5.735,5.71,5.734,48327.5
2025-12-08 08:15:00,5.734,5.755,5.734,5.747,49074.7
2025-12-08 08:30:00,5.747,5.751,5.719,5.743,46372.2
2025-12-08 08:45:00,5.742,5.747,5.724,5.743,46652.7
2025-12-08 09:00:00,5.743,5.86,5.741,5.809,271656.5
2025-12-08 09:15:00,5.809,5.818,5.783,5.783,75409.0
2025-12-08 09:30:00,5.783,5.795,5.775,5.788,68414.9
2025-12-08 09:45:00,5.787,5.789,5.767,5.768,34859.9
2025-12-08 10:00:00,5.769,5.778,5.758,5.762,55787.3
2025-12-08 10:15:00,5.761,5.762,5.743,5.746,40970.2
2025-12-08 10:30:00,5.746,5.766,5.739,5.748,51462.8
2025-12-08 10:45:00,5.749,5.757,5.74,5.748,22566.5
2025-12-08 11:00:00,5.749,5.757,5.737,5.745,55887.6
2025-12-08 11:15:00,5.745,5.747,5.715,5.717,67077.0
2025-12-08 11:30:00,5.717,5.719,5.702,5.707,60105.7
2025-12-08 11:45:00,5.707,5.722,5.698,5.717,57828.5
2025-12-08 12:00:00,5.718,5.722,5.694,5.7,46551.9
2025-12-08 12:15:00,5.7,5.706,5.677,5.693,42705.3
2025-12-08 12:30:00,5.694,5.696,5.674,5.68,55673.3
2025-12-08 12:45:00,5.68,5.723,5.678,5.717,98822.2
2025-12-08 13:00:00,5.718,5.762,5.707,5.736,164014.6
2025-12-08 13:15:00,5.736,5.74,5.705,5.716,70084.1
2025-12-08 13:30:00,5.716,5.723,5.692,5.715,71393.8
2025-12-08 13:45:00,5.716,5.73,5.694,5.699,53097.2
2025-12-08 14:00:00,5.699,5.743,5.693,5.74,61060.6
2025-12-08 14:15:00,5.74,5.751,5.7,5.73,109895.3
2025-12-08 14:30:00,5.73,5.79,5.682,5.779,273631.6
2025-12-08 14:45:00,5.778,5.797,5.707,5.71,156642.6
2025-12-08 15:00:00,5.711,5.736,5.631,5.662,286064.6
2025-12-08 15:15:00,5.66,5.691,5.616,5.648,160997.0
2025-12-08 15:30:00,5.647,5.677,5.616,5.626,92966.7
2025-12-08 15:45:00,5.625,5.669,5.622,5.653,107269.6
2025-12-08 16:00:00,5.654,5.658,5.614,5.634,100797.1
2025-12-08 16:15:00,5.633,5.698,5.624,5.682,154142.4
2025-12-08 16:30:00,5.681,5.72,5.675,5.699,93088.1
2025-12-08 16:45:00,5.7,5.7,5.631,5.65,66332.1
2025-12-08 17:00:00,5.649,5.689,5.634,5.668,86561.9
2025-12-08 17:15:00,5.667,5.689,5.633,5.648,100356.6
2025-12-08 17:30:00,5.648,5.667,5.623,5.63,73172.4
2025-12-08 17:45:00,5.63,5.675,5.605,5.662,82591.4
2025-12-08 18:00:00,5.662,5.688,5.649,5.666,79012.6
2025-12-08 18:15:00,5.666,5.688,5.626,5.63,64416.2
2025-12-08 18:30:00,5.628,5.66,5.614,5.66,64079.2
2025-12-08 18:45:00,5.66,5.672,5.577,5.604,124396.6
2025-12-08 19:00:00,5.604,5.631,5.6,5.612,63440.6
2025-12-08 19:15:00,5.613,5.624,5.598,5.61,53865.9
2025-12-08 19:30:00,5.609,5.641,5.603,5.625,47508.0
2025-12-08 19:45:00,5.625,5.652,5.611,5.618,52800.3
2025-12-08 20:00:00,5.619,5.655,5.617,5.645,67572.0
2025-12-08 20:15:00,5.645,5.664,5.633,5.643,42513.1
2025-12-08 20:30:00,5.642,5.66,5.629,5.654,44451.2
2025-12-08 20:45:00,5.654,5.694,5.64,5.68,95726.9
2025-12-08 21:00:00,5.679,5.707,5.658,5.662,70057.6
2025-12-08 21:15:00,5.662,5.681,5.659,5.675,45745.5
2025-12-08 21:30:00,5.675,5.71,5.675,5.687,79488.4
2025-12-08 21:45:00,5.688,5.709,5.68,5.704,51510.4
2025-12-08 22:00:00,5.704,5.709,5.674,5.679,52085.6
2025-12-08 22:15:00,5.68,5.682,5.66,5.664,25562.8
2025-12-08 22:30:00,5.663,5.674,5.637,5.639,35900.3
2025-12-08 22:45:00,5.638,5.665,5.638,5.655,38193.7
2025-12-08 23:00:00,5.653,5.661,5.629,5.632,57191.1
2025-12-08 23:15:00,5.632,5.634,5.6,5.614,47353.5
2025-12-08 23:30:00,5.613,5.624,5.602,5.621,57201.2
2025-12-08 23:45:00,5.621,5.631,5.614,5.624,40003.8
2025-12-09 00:00:00,5.625,5.634,5.617,5.63,30598.3
2025-12-09 00:15:00,5.63,5.649,5.623,5.624,42568.2
2025-12-09 00:30:00,5.623,5.625,5.586,5.593,50122.3
2025-12-09 00:45:00,5.593,5.602,5.581,5.588,36815.2
2025-12-09 01:00:00,5.587,5.593,5.561,5.576,69737.7
2025-12-09 01:15:00,5.575,5.582,5.543,5.546,54048.8
2025-12-09 01:30:00,5.546,5.556,5.534,5.54,66340.1
2025-12-09 01:45:00,5.54,5.541,5.522,5.536,45147.9
2025-12-09 02:00:00,5.536,5.554,5.53,5.533,48138.5
2025-12-09 02:15:00,5.532,5.561,5.531,5.557,32738.3
2025-12-09 02:30:00,5.557,5.561,5.541,5.548,66871.0
2025-12-09 02:45:00,5.547,5.558,5.518,5.519,30052.8
2025-12-09 03:00:00,5.519,5.531,5.511,5.516,55764.5
2025-12-09 03:15:00,5.516,5.526,5.489,5.521,111831.7
2025-12-09 03:30:00,5.521,5.567,5.512,5.564,107283.7
2025-12-09 03:45:00,5.563,5.58,5.552,5.574,40368.0
2025-12-09 04:00:00,5.574,5.578,5.564,5.567,38871.6
2025-12-09 04:15:00,5.567,5.571,5.558,5.561,27846.0
2025-12-09 04:30:00,5.56,5.56,5.5,5.511,111778.6
2025-12-09 04:45:00,5.51,5.516,5.505,5.514,27952.1
2025-12-09 05:00:00,5.513,5.522,5.49,5.5,34513.9
2025-12-09 05:15:00,5.501,5.518,5.49,5.515,41466.0
2025-12-09 05:30:00,5.515,5.564,5.51,5.558,106870.3
2025-12-09 05:45:00,5.558,5.559,5.513,5.518,55052.2
2025-12-09 06:00:00,5.519,5.538,5.509,5.519,31811.1
2025-12-09 06:15:00,5.519,5.527,5.506,5.512,31852.1
2025-12-09 06:30:00,5.512,5.523,5.5,5.523,36088.7
2025-12-09 06:45:00,5.522,5.539,5.515,5.534,27961.2
2025-12-09 07:00:00,5.535,5.543,5.527,5.529,35281.2
2025-12-09 07:15:00,5.53,5.572,5.529,5.57,59614.0
2025-12-09 07:30:00,5.569,5.592,5.559,5.589,51822.2
2025-12-09 07:45:00,5.59,5.591,5.566,5.576,42439.7
2025-12-09 08:00:00,5.576,5.586,5.572,5.582,53586.2
2025-12-09 08:15:00,5.582,5.589,5.565,5.567,41023.7
2025-12-09 08:30:00,5.567,5.571,5.552,5.571,34613.6
2025-12-09 08:45:00,5.571,5.584,5.562,5.574,60704.4
2025-12-09 09:00:00,5.575,5.575,5.546,5.548,61229.0
2025-12-09 09:15:00,5.548,5.552,5.534,5.537,30080.8
2025-12-09 09:30:00,5.537,5.537,5.517,5.52,43548.5
2025-12-09 09:45:00,5.52,5.536,5.514,5.53,26384.4
2025-12-09 10:00:00,5.53,5.553,5.527,5.54,67428.8
2025-12-09 10:15:00,5.54,5.548,5.534,5.543,32425.0
2025-12-09 10:30:00,5.543,5.555,5.507,5.53,98014.8
2025-12-09 10:45:00,5.531,5.549,5.526,5.548,85490.8
2025-12-09 11:00:00,5.548,5.551,5.537,5.541,36996.6
2025-12-09 11:15:00,5.541,5.544,5.531,5.539,14131.5
2025-12-09 11:30:00,5.54,5.554,5.534,5.552,32032.7
2025-12-09 11:45:00,5.553,5.572,5.545,5.57,45074.9
2025-12-09 12:00:00,5.57,5.583,5.56,5.569,54913.7
2025-12-09 12:15:00,5.57,5.645,5.567,5.632,202318.4
2025-12-09 12:30:00,5.633,5.65,5.63,5.645,57525.2
2025-12-09 12:45:00,5.645,5.653,5.633,5.637,42310.5
2025-12-09 13:00:00,5.637,5.656,5.636,5.639,57710.0
2025-12-09 13:15:00,5.64,5.671,5.638,5.664,71964.0
2025-12-09 13:30:00,5.665,5.681,5.636,5.637,121703.2
2025-12-09 13:45:00,5.637,5.662,5.637,5.662,52444.0
2025-12-09 14:00:00,5.662,5.687,5.638,5.641,71412.0
2025-12-09 14:15:00,5.642,5.652,5.599,5.623,83455.5
2025-12-09 14:30:00,5.623,5.655,5.592,5.614,132182.2
2025-12-09 14:45:00,5.615,5.628,5.602,5.62,88906.3
2025-12-09 15:00:00,5.62,5.761,5.601,5.656,407515.5
2025-12-09 15:15:00,5.656,5.749,5.652,5.723,126441.7
2025-12-09 15:30:00,5.722,5.828,5.713,5.821,299421.4
2025-12-09 15:45:00,5.822,5.879,5.803,5.871,305218.5
2025-12-09 16:00:00,5.87,6.001,5.87,5.984,472115.1
2025-12-09 16:15:00,5.983,6.009,5.931,6.005,248709.0
2025-12-09 16:30:00,6.006,6.15,5.999,6.106,458141.5
2025-12-09 16:45:00,6.106,6.159,6.084,6.139,362542.8
2025-12-09 17:00:00,6.139,6.185,6.122,6.163,374477.6
2025-12-09 17:15:00,6.162,6.173,6.007,6.045,327554.1
2025-12-09 17:30:00,6.045,6.064,6.019,6.024,112023.8
2025-12-09 17:45:00,6.023,6.048,6.007,6.027,121325.2
2025-12-09 18:00:00,6.027,6.05,6.014,6.044,136678.4
2025-12-09 18:15:00,6.044,6.053,6.026,6.044,68819.4
2025-12-09 18:30:00,6.043,6.046,6.012,6.014,60785.0
2025-12-09 18:45:00,6.014,6.02,5.975,5.998,79346.9
2025-12-09 19:00:00,5.999,6.003,5.947,5.958,94320.2
2025-12-09 19:15:00,5.957,5.985,5.945,5.976,71791.7
2025-12-09 19:30:00,5.976,6.007,5.943,5.956,65842.7
2025-12-09 19:45:00,5.955,5.972,5.94,5.958,80777.4
2025-12-09 20:00:00,5.957,5.959,5.932,5.943,49889.9
2025-12-09 20:15:00,5.944,5.947,5.84,5.884,159997.4
2025-12-09 20:30:00,5.883,5.891,5.837,5.87,117728.3
2025-12-09 20:45:00,5.87,5.897,5.857,5.87,61009.7
2025-12-09 21:00:00,5.869,5.888,5.849,5.864,85280.8
2025-12-09 21:15:00,5.864,5.875,5.846,5.87,41436.5
2025-12-09 21:30:00,5.869,5.873,5.827,5.83,95826.8
2025-12-09 21:45:00,5.831,5.831,5.74,5.797,173074.9
2025-12-09 22:00:00,5.797,5.866,5.79,5.842,131287.0
2025-12-09 22:15:00,5.842,5.86,5.837,5.845,35911.4
2025-12-09 22:30:00,5.844,5.883,5.839,5.868,75669.6
2025-12-09 22:45:00,5.868,5.885,5.853,5.867,33308.9
2025-12-09 23:00:00,5.866,5.868,5.83,5.833,64129.1
2025-12-09 23:15:00,5.832,5.85,5.829,5.849,34062.8
2025-12-09 23:30:00,5.848,5.855,5.836,5.85,32972.8
2025-12-09 23:45:00,5.85,5.85,5.821,5.822,21040.7
2025-12-10 00:00:00,5.823,5.846,5.821,5.829,59144.1
2025-12-10 00:15:00,5.828,5.828,5.796,5.813,45169.3
2025-12-10 00:30:00,5.812,5.823,5.794,5.807,50959.8
2025-12-10 00:45:00,5.807,5.815,5.77,5.772,92073.9
2025-12-10 01:00:00,5.772,5.781,5.744,5.746,56783.1
2025-12-10 01:15:00,5.745,5.772,5.735,5.758,44796.3
2025-12-10 01:30:00,5.758,5.758,5.721,5.744,61052.7
2025-12-10 01:45:00,5.744,5.768,5.743,5.753,29540.8
2025-12-10 02:00:00,5.753,5.756,5.727,5.747,50000.2
2025-12-10 02:15:00,5.747,5.78,5.741,5.774,56376.7
2025-12-10 02:30:00,5.774,5.778,5.755,5.762,35190.1
2025-12-10 02:45:00,5.762,5.765,5.739,5.756,36737.0
2025-12-10 03:00:00,5.756,5.76,5.733,5.747,39432.4
2025-12-10 03:15:00,5.747,5.748,5.722,5.733,25842.8
2025-12-10 03:30:00,5.733,5.756,5.726,5.755,52833.0
2025-12-10 03:45:00,5.755,5.764,5.746,5.746,28533.3
2025-12-10 04:00:00,5.747,5.749,5.731,5.74,39244.0
2025-12-10 04:15:00,5.739,5.764,5.731,5.731,35195.4
2025-12-10 04:30:00,5.731,5.735,5.716,5.718,89074.7
2025-12-10 04:45:00,5.719,5.731,5.701,5.702,86556.2
2025-12-10 05:00:00,5.701,5.712,5.694,5.708,68176.5
2025-12-10 05:15:00,5.708,5.728,5.702,5.704,76729.3
2025-12-10 05:30:00,5.705,5.706,5.688,5.699,42634.3
2025-12-10 05:45:00,5.7,5.702,5.688,5.692,15701.8
2025-12-10 06:00:00,5.692,5.695,5.669,5.687,72723.0
2025-12-10 06:15:00,5.688,5.695,5.682,5.689,30579.1
2025-12-10 06:30:00,5.69,5.697,5.677,5.688,38154.8
2025-12-10 06:45:00,5.689,5.689,5.662,5.672,86437.6
2025-12-10 07:00:00,5.672,5.672,5.64,5.649,70254.9
2025-12-10 07:15:00,5.65,5.658,5.634,5.651,44287.3
2025-12-10 07:30:00,5.651,5.661,5.64,5.647,46781.7
2025-12-10 07:45:00,5.647,5.667,5.634,5.665,66641.6
2025-12-10 08:00:00,5.665,5.679,5.645,5.654,98975.4
2025-12-10 08:15:00,5.653,5.662,5.64,5.65,50124.2
2025-12-10 08:30:00,5.651,5.661,5.634,5.636,48219.9
2025-12-10 08:45:00,5.637,5.649,5.627,5.628,38901.2
2025-12-10 09:00:00,5.628,5.638,5.601,5.637,101404.8
2025-12-10 09:15:00,5.638,5.639,5.615,5.624,39991.0
2025-12-10 09:30:00,5.625,5.644,5.62,5.643,51267.6
2025-12-10 09:45:00,5.643,5.671,5.638,5.669,122677.1
2025-12-10 10:00:00,5.669,5.703,5.657,5.665,189168.8
2025-12-10 10:15:00,5.665,5.665,5.616,5.616,82047.8
2025-12-10 10:30:00,5.615,5.622,5.582,5.594,172040.1
2025-12-10 10:45:00,5.595,5.604,5.585,5.588,60490.6
2025-12-10 11:00:00,5.588,5.598,5.565,5.582,109000.3
2025-12-10 11:15:00,5.582,5.589,5.575,5.577,50533.5
2025-12-10 11:30:00,5.577,5.589,5.559,5.569,113456.5
2025-12-10 11:45:00,5.569,5.599,5.56,5.591,71029.1
2025-12-10 12:00:00,5.592,5.597,5.578,5.58,57840.1
2025-12-10 12:15:00,5.581,5.589,5.572,5.575,49603.1
2025-12-10 12:30:00,5.574,5.59,5.57,5.583,52166.1
2025-12-10 12:45:00,5.584,5.607,5.569,5.601,88432.9
2025-12-10 13:00:00,5.601,5.628,5.597,5.613,84475.9
2025-12-10 13:15:00,5.614,5.642,5.609,5.626,70871.3
2025-12-10 13:30:00,5.627,5.634,5.619,5.633,68805.2
2025-12-10 13:45:00,5.634,5.646,5.632,5.643,52947.7
2025-12-10 14:00:00,5.644,5.648,5.62,5.632,63189.9
2025-12-10 14:15:00,5.633,5.643,5.625,5.634,39622.7
2025-12-10 14:30:00,5.634,5.658,5.618,5.636,106938.7
2025-12-10 14:45:00,5.636,5.648,5.606,5.646,94041.0
2025-12-10 15:00:00,5.646,5.69,5.636,5.678,94407.5
2025-12-10 15:15:00,5.678,5.689,5.654,5.662,93888.7
2025-12-10 15:30:00,5.662,5.68,5.624,5.67,96960.0
2025-12-10 15:45:00,5.67,5.675,5.629,5.645,54950.0
2025-12-10 16:00:00,5.644,5.682,5.628,5.673,88272.4
2025-12-10 16:15:00,5.673,5.728,5.67,5.711,76700.9
2025-12-10 16:30:00,5.712,5.713,5.683,5.693,70552.5
2025-12-10 16:45:00,5.692,5.735,5.681,5.701,95416.9
2025-12-10 17:00:00,5.701,5.709,5.689,5.706,54558.5
2025-12-10 17:15:00,5.706,5.755,5.698,5.736,124162.1
2025-12-10 17:30:00,5.736,5.741,5.713,5.722,79325.0
2025-12-10 17:45:00,5.721,5.735,5.703,5.718,46540.1
2025-12-10 18:00:00,5.718,5.729,5.691,5.715,71915.4
2025-12-10 18:15:00,5.714,5.731,5.688,5.71,46765.6
2025-12-10 18:30:00,5.71,5.846,5.705,5.788,318749.7
2025-12-10 18:45:00,5.787,5.815,5.742,5.781,148732.9
2025-12-10 19:00:00,5.781,5.911,5.711,5.892,737289.0
2025-12-10 19:15:00,5.891,5.933,5.817,5.84,358337.4
2025-12-10 19:30:00,5.839,5.937,5.836,5.871,425992.3
2025-12-10 19:45:00,5.87,5.926,5.858,5.925,163467.1
2025-12-10 20:00:00,5.926,6.048,5.863,6.043,322309.6
2025-12-10 20:15:00,6.042,6.101,5.904,5.974,570892.2
2025-12-10 20:30:00,5.973,6.028,5.969,5.994,202548.2
2025-12-10 20:45:00,5.994,5.995,5.844,5.86,344731.7
2025-12-10 21:00:00,5.858,5.894,5.798,5.859,299499.3
2025-12-10 21:15:00,5.86,5.889,5.833,5.834,96736.8
2025-12-10 21:30:00,5.833,5.833,5.783,5.801,134663.0
2025-12-10 21:45:00,5.8,5.8,5.714,5.734,155272.0
2025-12-10 22:00:00,5.734,5.752,5.655,5.668,179192.2
2025-12-10 22:15:00,5.668,5.704,5.628,5.685,241017.4
2025-12-10 22:30:00,5.686,5.741,5.666,5.737,95900.7
2025-12-10 22:45:00,5.736,5.752,5.707,5.72,37639.6
2025-12-10 23:00:00,5.719,5.726,5.68,5.691,73369.9
2025-12-10 23:15:00,5.692,5.702,5.67,5.672,53622.0
2025-12-10 23:30:00,5.672,5.678,5.647,5.662,61759.7
2025-12-10 23:45:00,5.662,5.667,5.634,5.64,39806.2
2025-12-11 00:00:00,5.64,5.647,5.622,5.637,68494.1
2025-12-11 00:15:00,5.636,5.636,5.59,5.597,78141.3
2025-12-11 00:30:00,5.597,5.6,5.528,5.546,163745.7
2025-12-11 00:45:00,5.545,5.555,5.501,5.522,113063.1
2025-12-11 01:00:00,5.521,5.521,5.471,5.482,105645.5
2025-12-11 01:15:00,5.482,5.495,5.445,5.48,133264.7
2025-12-11 01:30:00,5.48,5.513,5.473,5.477,94654.1
2025-12-11 01:45:00,5.476,5.48,5.446,5.451,46885.6
2025-12-11 02:00:00,5.449,5.451,5.395,5.405,194274.7
2025-12-11 02:15:00,5.405,5.435,5.389,5.415,116563.5
2025-12-11 02:30:00,5.414,5.444,5.4,5.428,96860.4
2025-12-11 02:45:00,5.428,5.434,5.411,5.425,88449.0
2025-12-11 03:00:00,5.423,5.423,5.336,5.361,193788.7
2025-12-11 03:15:00,5.36,5.39,5.345,5.35,88875.5
2025-12-11 03:30:00,5.35,5.357,5.326,5.341,120281.7
2025-12-11 03:45:00,5.34,5.349,5.322,5.324,59096.1
2025-12-11 04:00:00,5.324,5.367,5.294,5.352,191676.5
2025-12-11 04:15:00,5.352,5.381,5.344,5.376,125416.0
2025-12-11 04:30:00,5.377,5.399,5.373,5.388,112086.9
2025-12-11 04:45:00,5.388,5.427,5.376,5.399,98666.8
2025-12-11 05:00:00,5.399,5.41,5.375,5.389,111509.5
2025-12-11 05:15:00,5.387,5.408,5.379,5.398,72620.0
2025-12-11 05:30:00,5.397,5.413,5.395,5.401,60391.6
2025-12-11 05:45:00,5.401,5.423,5.401,5.415,20824.7
2025-12-11 06:00:00,5.414,5.423,5.4,5.417,56972.4
2025-12-11 06:15:00,5.416,5.422,5.397,5.411,57385.9
2025-12-11 06:30:00,5.412,5.467,5.412,5.441,91003.2
2025-12-11 06:45:00,5.441,5.447,5.418,5.419,36101.4
2025-12-11 07:00:00,5.419,5.426,5.4,5.408,50660.1
2025-12-11 07:15:00,5.408,5.417,5.395,5.398,60317.6
2025-12-11 07:30:00,5.398,5.418,5.395,5.395,43610.2
2025-12-11 07:45:00,5.396,5.402,5.383,5.395,62623.7
2025-12-11 08:00:00,5.395,5.395,5.366,5.375,125701.8
2025-12-11 08:15:00,5.375,5.395,5.365,5.377,55066.2
2025-12-11 08:30:00,5.377,5.379,5.363,5.365,51354.6
2025-12-11 08:45:00,5.365,5.389,5.36,5.381,55390.9
2025-12-11 09:00:00,5.38,5.403,5.369,5.375,101780.8
2025-12-11 09:15:00,5.375,5.398,5.372,5.389,54334.3
2025-12-11 09:30:00,5.389,5.408,5.376,5.376,62588.9
2025-12-11 09:45:00,5.377,5.383,5.364,5.374,55748.0
2025-12-11 10:00:00,5.373,5.377,5.364,5.373,69575.3
2025-12-11 10:15:00,5.373,5.373,5.348,5.364,92837.6
2025-12-11 10:30:00,5.365,5.366,5.354,5.36,67093.9
2025-12-11 10:45:00,5.36,5.389,5.36,5.373,74882.5
2025-12-11 11:00:00,5.373,5.385,5.365,5.375,47618.1
2025-12-11 11:15:00,5.375,5.39,5.366,5.388,39772.8
2025-12-11 11:30:00,5.388,5.403,5.387,5.395,40821.0
2025-12-11 11:45:00,5.395,5.399,5.376,5.38,38822.9
2025-12-11 12:00:00,5.381,5.385,5.369,5.379,50728.2
2025-12-11 12:15:00,5.38,5.412,5.38,5.407,66871.2
2025-12-11 12:30:00,5.408,5.434,5.407,5.432,77118.7
2025-12-11 12:45:00,5.432,5.447,5.428,5.436,63915.7
2025-12-11 13:00:00,5.437,5.476,5.437,5.474,113304.3
2025-12-11 13:15:00,5.474,5.474,5.433,5.44,122073.6
2025-12-11 13:30:00,5.44,5.457,5.412,5.44,106808.6
2025-12-11 13:45:00,5.44,5.46,5.429,5.458,41134.2
2025-12-11 14:00:00,5.459,5.471,5.45,5.45,93606.2
2025-12-11 14:15:00,5.45,5.453,5.428,5.428,45874.1
2025-12-11 14:30:00,5.428,5.465,5.376,5.447,237007.7
2025-12-11 14:45:00,5.449,5.453,5.383,5.413,219239.5
2025-12-11 15:00:00,5.413,5.454,5.396,5.429,119912.7
2025-12-11 15:15:00,5.429,5.51,5.405,5.477,200919.1
2025-12-11 15:30:00,5.476,5.479,5.401,5.409,106595.3
2025-12-11 15:45:00,5.408,5.436,5.386,5.401,88504.6
2025-12-11 16:00:00,5.401,5.414,5.35,5.358,144555.6
2025-12-11 16:15:00,5.357,5.377,5.34,5.362,90324.8
2025-12-11 16:30:00,5.361,5.412,5.343,5.399,76798.6
2025-12-11 16:45:00,5.4,5.429,5.36,5.368,78454.2
2025-12-11 17:00:00,5.369,5.388,5.352,5.369,88056.1
2025-12-11 17:15:00,5.369,5.409,5.366,5.387,77654.3
2025-12-11 17:30:00,5.388,5.425,5.38,5.396,83144.6
2025-12-11 17:45:00,5.397,5.408,5.372,5.384,87024.7
2025-12-11 18:00:00,5.383,5.438,5.376,5.429,130413.8
2025-12-11 18:15:00,5.43,5.446,5.398,5.412,84048.5
2025-12-11 18:30:00,5.412,5.509,5.398,5.501,179628.7
2025-12-11 18:45:00,5.502,5.513,5.431,5.46,179779.6
2025-12-11 19:00:00,5.461,5.488,5.432,5.455,85554.8
2025-12-11 19:15:00,5.454,5.519,5.448,5.501,148139.4
2025-12-11 19:30:00,5.501,5.532,5.495,5.519,86751.2
2025-12-11 19:45:00,5.52,5.545,5.468,5.478,178221.6
2025-12-11 20:00:00,5.478,5.521,5.471,5.508,83674.5
2025-12-11 20:15:00,5.508,5.521,5.472,5.485,62445.5
2025-12-11 20:30:00,5.484,5.552,5.484,5.539,164076.1
2025-12-11 20:45:00,5.539,5.578,5.525,5.564,151724.4
2025-12-11 21:00:00,5.564,5.621,5.554,5.591,302473.9
2025-12-11 21:15:00,5.592,5.663,5.592,5.652,198410.4
2025-12-11 21:30:00,5.653,5.687,5.624,5.671,230035.3
2025-12-11 21:45:00,5.671,5.683,5.621,5.626,170388.4
2025-12-11 22:00:00,5.626,5.652,5.602,5.618,112260.5
2025-12-11 22:15:00,5.617,5.624,5.534,5.546,170639.6
2025-12-11 22:30:00,5.546,5.582,5.53,5.561,76330.2
2025-12-11 22:45:00,5.561,5.578,5.536,5.567,33972.0
2025-12-11 23:00:00,5.567,5.582,5.525,5.528,82490.2
2025-12-11 23:15:00,5.528,5.553,5.523,5.548,42998.7
2025-12-11 23:30:00,5.547,5.577,5.541,5.574,49811.7
2025-12-11 23:45:00,5.574,5.577,5.533,5.548,43000.3
2025-12-12 00:00:00,5.547,5.559,5.543,5.551,42417.6
2025-12-12 00:15:00,5.552,5.596,5.551,5.571,42077.4
2025-12-12 00:30:00,5.571,5.577,5.551,5.552,29316.8
2025-12-12 00:45:00,5.551,5.556,5.474,5.481,108907.8
2025-12-12 01:00:00,5.481,5.514,5.481,5.512,57441.6
2025-12-12 01:15:00,5.511,5.575,5.508,5.565,65983.1
2025-12-12 01:30:00,5.565,5.582,5.557,5.573,60868.2
2025-12-12 01:45:00,5.572,5.576,5.534,5.543,52973.4
2025-12-12 02:00:00,5.543,5.626,5.534,5.605,112170.8
2025-12-12 02:15:00,5.605,5.637,5.598,5.623,88701.1
2025-12-12 02:30:00,5.622,5.623,5.595,5.601,65599.5
2025-12-12 02:45:00,5.6,5.621,5.59,5.594,52386.8
2025-12-12 03:00:00,5.594,5.609,5.581,5.581,43041.8
2025-12-12 03:15:00,5.58,5.583,5.556,5.565,57374.8
2025-12-12 03:30:00,5.565,5.595,5.558,5.593,84686.2
2025-12-12 03:45:00,5.594,5.599,5.569,5.574,35892.7
2025-12-12 04:00:00,5.573,5.575,5.561,5.565,40072.0
2025-12-12 04:15:00,5.565,5.569,5.556,5.561,40644.1
2025-12-12 04:30:00,5.561,5.564,5.551,5.556,34038.5
2025-12-12 04:45:00,5.556,5.566,5.55,5.554,52163.1
2025-12-12 05:00:00,5.555,5.602,5.549,5.551,68602.3
2025-12-12 05:15:00,5.551,5.562,5.536,5.547,42332.0
2025-12-12 05:30:00,5.547,5.593,5.542,5.593,47033.3
2025-12-12 05:45:00,5.593,5.614,5.586,5.602,57429.6
2025-12-12 06:00:00,5.601,5.701,5.601,5.698,139549.5
2025-12-12 06:15:00,5.699,5.699,5.648,5.651,68039.0
2025-12-12 06:30:00,5.652,5.656,5.639,5.645,48013.1
2025-12-12 06:45:00,5.646,5.65,5.631,5.638,48695.4
2025-12-12 07:00:00,5.638,5.654,5.63,5.632,41762.2
2025-12-12 07:15:00,5.632,5.661,5.632,5.639,62987.4
2025-12-12 07:30:00,5.638,5.652,5.619,5.627,64155.4
2025-12-12 07:45:00,5.627,5.631,5.62,5.625,29741.5
2025-12-12 08:00:00,5.626,5.644,5.622,5.644,43051.8
2025-12-12 08:15:00,5.645,5.648,5.621,5.63,46425.4
2025-12-12 08:30:00,5.629,5.638,5.612,5.628,49421.1
2025-12-12 08:45:00,5.629,5.645,5.613,5.644,52343.5
2025-12-12 09:00:00,5.645,5.65,5.629,5.648,32786.6
2025-12-12 09:15:00,5.649,5.661,5.618,5.619,43941.8
2025-12-12 09:30:00,5.618,5.653,5.618,5.653,59615.3
2025-12-12 09:45:00,5.653,5.722,5.652,5.713,86807.4
2025-12-12 10:00:00,5.713,5.779,5.709,5.762,158873.4
2025-12-12 10:15:00,5.762,5.794,5.734,5.794,129014.7
2025-12-12 10:30:00,5.794,5.796,5.757,5.771,83545.9
2025-12-12 10:45:00,5.771,5.782,5.751,5.752,51328.5
2025-12-12 11:00:00,5.753,5.755,5.688,5.698,116463.1
2025-12-12 11:15:00,5.698,5.698,5.65,5.665,97228.8
2025-12-12 11:30:00,5.665,5.682,5.656,5.67,54401.3
2025-12-12 11:45:00,5.671,5.673,5.658,5.665,37098.6
2025-12-12 12:00:00,5.665,5.667,5.647,5.664,40925.0
2025-12-12 12:15:00,5.664,5.675,5.648,5.653,38434.1
2025-12-12 12:30:00,5.654,5.671,5.643,5.657,60658.8
2025-12-12 12:45:00,5.658,5.683,5.654,5.671,79817.0
2025-12-12 13:00:00,5.672,5.688,5.658,5.666,86556.7
2025-12-12 13:15:00,5.668,5.675,5.653,5.657,56340.8
2025-12-12 13:30:00,5.657,5.679,5.654,5.659,50285.5
2025-12-12 13:45:00,5.659,5.67,5.617,5.633,110927.0
2025-12-12 14:00:00,5.633,5.642,5.606,5.609,95487.0
2025-12-12 14:15:00,5.61,5.631,5.577,5.58,114360.8
2025-12-12 14:30:00,5.58,5.619,5.565,5.589,182768.6
2025-12-12 14:45:00,5.589,5.599,5.564,5.564,81015.2
2025-12-12 15:00:00,5.564,5.569,5.513,5.514,213120.2
2025-12-12 15:15:00,5.514,5.516,5.392,5.4,310111.4
2025-12-12 15:30:00,5.4,5.423,5.336,5.367,412452.7
2025-12-12 15:45:00,5.367,5.38,5.227,5.273,386453.3
2025-12-12 16:00:00,5.272,5.287,5.222,5.242,389150.1
2025-12-12 16:15:00,5.242,5.267,5.19,5.255,254850.3
2025-12-12 16:30:00,5.255,5.255,5.157,5.179,321467.5
2025-12-12 16:45:00,5.179,5.208,5.154,5.194,226848.5
2025-12-12 17:00:00,5.194,5.292,5.188,5.29,231388.3
2025-12-12 17:15:00,5.29,5.327,5.241,5.243,187680.3
2025-12-12 17:30:00,5.244,5.272,5.239,5.263,69773.1
2025-12-12 17:45:00,5.263,5.282,5.243,5.252,44420.7
2025-12-12 18:00:00,5.254,5.313,5.243,5.295,121082.8
2025-12-12 18:15:00,5.295,5.309,5.266,5.297,161933.2
2025-12-12 18:30:00,5.297,5.318,5.294,5.302,62293.4
2025-12-12 18:45:00,5.302,5.309,5.262,5.266,48968.4
2025-12-12 19:00:00,5.267,5.271,5.227,5.23,74464.2
2025-12-12 19:15:00,5.23,5.261,5.228,5.243,62071.5
2025-12-12 19:30:00,5.243,5.267,5.239,5.24,51030.8
2025-12-12 19:45:00,5.241,5.256,5.234,5.256,52380.2
2025-12-12 20:00:00,5.256,5.268,5.248,5.249,55520.3
2025-12-12 20:15:00,5.249,5.28,5.246,5.249,53836.5
2025-12-12 20:30:00,5.249,5.261,5.244,5.258,46839.9
2025-12-12 20:45:00,5.258,5.28,5.252,5.27,76818.8
2025-12-12 21:00:00,5.272,5.3,5.267,5.286,92243.4
2025-12-12 21:15:00,5.287,5.307,5.287,5.306,72070.1
2025-12-12 21:30:00,5.307,5.329,5.307,5.327,55426.7
2025-12-12 21:45:00,5.327,5.343,5.319,5.326,57363.2
2025-12-12 22:00:00,5.327,5.358,5.319,5.342,62954.0
2025-12-12 22:15:00,5.343,5.362,5.341,5.356,34845.6
2025-12-12 22:30:00,5.357,5.381,5.347,5.364,44280.4
2025-12-12 22:45:00,5.364,5.365,5.342,5.347,20897.0
2025-12-12 23:00:00,5.348,5.359,5.334,5.344,44662.0
2025-12-12 23:15:00,5.344,5.346,5.311,5.313,60048.9
2025-12-12 23:30:00,5.313,5.32,5.309,5.319,30557.1
2025-12-12 23:45:00,5.319,5.337,5.318,5.336,34901.9
2025-12-13 00:00:00,5.336,5.363,5.32,5.324,111000.4
2025-12-13 00:15:00,5.324,5.326,5.307,5.316,33490.1
2025-12-13 00:30:00,5.316,5.325,5.313,5.324,30037.6
2025-12-13 00:45:00,5.324,5.333,5.316,5.332,29022.3
2025-12-13 01:00:00,5.332,5.338,5.326,5.328,20778.6
2025-12-13 01:15:00,5.327,5.346,5.326,5.342,33063.8
2025-12-13 01:30:00,5.341,5.341,5.316,5.333,44726.7
2025-12-13 01:45:00,5.333,5.349,5.333,5.345,32518.1
2025-12-13 02:00:00,5.346,5.367,5.345,5.354,51410.9
2025-12-13 02:15:00,5.353,5.362,5.342,5.347,42371.5
2025-12-13 02:30:00,5.347,5.354,5.341,5.352,36435.2
2025-12-13 02:45:00,5.351,5.361,5.346,5.357,25285.8
2025-12-13 03:00:00,5.356,5.364,5.35,5.364,23338.2
2025-12-13 03:15:00,5.364,5.395,5.363,5.393,38206.2
2025-12-13 03:30:00,5.392,5.431,5.387,5.431,109822.4
2025-12-13 03:45:00,5.43,5.434,5.418,5.419,37546.0
2025-12-13 04:00:00,5.419,5.422,5.399,5.411,59182.0
2025-12-13 04:15:00,5.411,5.432,5.41,5.422,46582.7
2025-12-13 04:30:00,5.422,5.422,5.4,5.405,44037.5
2025-12-13 04:45:00,5.404,5.411,5.401,5.409,24658.9
2025-12-13 05:00:00,5.408,5.418,5.402,5.403,29161.6
2025-12-13 05:15:00,5.403,5.405,5.392,5.4,17285.0
2025-12-13 05:30:00,5.401,5.401,5.385,5.394,49252.8
2025-12-13 05:45:00,5.393,5.398,5.384,5.391,52433.9
2025-12-13 06:00:00,5.391,5.391,5.372,5.377,30091.5
2025-12-13 06:15:00,5.376,5.377,5.359,5.363,25646.0
2025-12-13 06:30:00,5.363,5.368,5.351,5.357,37321.2
2025-12-13 06:45:00,5.357,5.368,5.353,5.36,28856.7
2025-12-13 07:00:00,5.36,5.391,5.359,5.388,34752.0
2025-12-13 07:15:00,5.387,5.413,5.386,5.393,34892.7
2025-12-13 07:30:00,5.392,5.398,5.378,5.382,35324.4
2025-12-13 07:45:00,5.382,5.394,5.38,5.388,39854.8
2025-12-13 08:00:00,5.387,5.4,5.384,5.392,34312.4
2025-12-13 08:15:00,5.392,5.435,5.388,5.406,94193.3
2025-12-13 08:30:00,5.405,5.412,5.39,5.399,40623.8
2025-12-13 08:45:00,5.399,5.421,5.398,5.41,32152.4
2025-12-13 09:00:00,5.41,5.419,5.405,5.407,40897.5
2025-12-13 09:15:00,5.407,5.408,5.382,5.386,24844.3
2025-12-13 09:30:00,5.387,5.397,5.383,5.388,40634.4
2025-12-13 09:45:00,5.388,5.39,5.372,5.376,82960.1
2025-12-13 10:00:00,5.376,5.379,5.362,5.37,54980.7
2025-12-13 10:15:00,5.37,5.388,5.369,5.383,41465.1
2025-12-13 10:30:00,5.383,5.402,5.382,5.397,43704.9
2025-12-13 10:45:00,5.397,5.398,5.378,5.389,29494.7
2025-12-13 11:00:00,5.389,5.396,5.383,5.392,23271.9
2025-12-13 11:15:00,5.391,5.398,5.378,5.384,17194.3
2025-12-13 11:30:00,5.385,5.387,5.372,5.379,26302.9
2025-12-13 11:45:00,5.378,5.398,5.375,5.386,23742.7
2025-12-13 12:00:00,5.385,5.411,5.382,5.408,43712.2
2025-12-13 12:15:00,5.407,5.415,5.399,5.401,48002.0
2025-12-13 12:30:00,5.401,5.414,5.379,5.38,37497.3
2025-12-13 12:45:00,5.38,5.4,5.376,5.394,42541.7
2025-12-13 13:00:00,5.394,5.395,5.373,5.375,37413.3
2025-12-13 13:15:00,5.374,5.397,5.363,5.364,45407.8
2025-12-13 13:30:00,5.364,5.375,5.358,5.364,45470.4
2025-12-13 13:45:00,5.363,5.367,5.345,5.353,35089.7
2025-12-13 14:00:00,5.353,5.365,5.346,5.364,56003.5
2025-12-13 14:15:00,5.364,5.37,5.327,5.339,105716.5
2025-12-13 14:30:00,5.338,5.36,5.335,5.344,47176.4
2025-12-13 14:45:00,5.343,5.358,5.343,5.35,17235.6
2025-12-13 15:00:00,5.349,5.381,5.347,5.378,45677.8
2025-12-13 15:15:00,5.377,5.385,5.369,5.38,40687.0
2025-12-13 15:30:00,5.378,5.384,5.355,5.359,34419.1
2025-12-13 15:45:00,5.358,5.367,5.347,5.364,29135.5
2025-12-13 16:00:00,5.363,5.393,5.361,5.388,80683.0
2025-12-13 16:15:00,5.388,5.39,5.369,5.382,48239.8
2025-12-13 16:30:00,5.382,5.382,5.364,5.371,52459.2
2025-12-13 16:45:00,5.37,5.376,5.362,5.368,23092.9
2025-12-13 17:00:00,5.368,5.378,5.354,5.374,49611.9
2025-12-13 17:15:00,5.374,5.379,5.36,5.366,38067.0
2025-12-13 17:30:00,5.366,5.384,5.357,5.383,40855.4
2025-12-13 17:45:00,5.382,5.382,5.362,5.366,36586.9
2025-12-13 18:00:00,5.366,5.38,5.357,5.38,33921.7
2025-12-13 18:15:00,5.38,5.389,5.369,5.378,31635.1
2025-12-13 18:30:00,5.377,5.387,5.372,5.383,27860.1
2025-12-13 18:45:00,5.383,5.383,5.359,5.364,20686.4
2025-12-13 19:00:00,5.363,5.376,5.359,5.375,25171.9
2025-12-13 19:15:00,5.375,5.386,5.356,5.361,96548.1
2025-12-13 19:30:00,5.361,5.376,5.359,5.374,31793.9
2025-12-13 19:45:00,5.374,5.381,5.366,5.37,28829.7
2025-12-13 20:00:00,5.37,5.381,5.37,5.371,26117.3
2025-12-13 20:15:00,5.372,5.377,5.369,5.375,13437.1
2025-12-13 20:30:00,5.374,5.375,5.362,5.369,60541.2
2025-12-13 20:45:00,5.369,5.382,5.361,5.366,33555.3
2025-12-13 21:00:00,5.366,5.375,5.356,5.364,45927.7
2025-12-13 21:15:00,5.364,5.376,5.362,5.365,24145.3
2025-12-13 21:30:00,5.366,5.367,5.333,5.357,75863.0
2025-12-13 21:45:00,5.358,5.371,5.351,5.364,33954.8
2025-12-13 22:00:00,5.365,5.375,5.333,5.346,62887.9
2025-12-13 22:15:00,5.347,5.363,5.33,5.334,61374.1
2025-12-13 22:30:00,5.335,5.355,5.333,5.353,40993.2
2025-12-13 22:45:00,5.352,5.354,5.339,5.344,10909.7
2025-12-13 23:00:00,5.344,5.349,5.331,5.342,32846.5
2025-12-13 23:15:00,5.342,5.362,5.338,5.359,37425.6
2025-12-13 23:30:00,5.36,5.383,5.359,5.378,30018.6
2025-12-13 23:45:00,5.378,5.39,5.378,5.384,35183.7
2025-12-14 00:00:00,5.383,5.385,5.358,5.382,57884.4
2025-12-14 00:15:00,5.382,5.392,5.366,5.373,28795.9
2025-12-14 00:30:00,5.373,5.39,5.367,5.385,29155.8
2025-12-14 00:45:00,5.384,5.391,5.366,5.372,25976.6
2025-12-14 01:00:00,5.372,5.377,5.364,5.367,15269.4
2025-12-14 01:15:00,5.367,5.371,5.351,5.361,29484.9
2025-12-14 01:30:00,5.361,5.367,5.34,5.362,68916.1
2025-12-14 01:45:00,5.363,5.375,5.359,5.359,37551.1
2025-12-14 02:00:00,5.36,5.378,5.36,5.375,13352.0
2025-12-14 02:15:00,5.376,5.399,5.37,5.399,24498.5
2025-12-14 02:30:00,5.399,5.412,5.394,5.397,41542.7
2025-12-14 02:45:00,5.397,5.408,5.39,5.397,33279.0
2025-12-14 03:00:00,5.397,5.4,5.384,5.385,28026.3
2025-12-14 03:15:00,5.385,5.389,5.378,5.379,12024.6
2025-12-14 03:30:00,5.379,5.379,5.37,5.373,27412.3
2025-12-14 03:45:00,5.373,5.375,5.358,5.36,23321.3
2025-12-14 04:00:00,5.36,5.365,5.352,5.353,25175.7
2025-12-14 04:15:00,5.353,5.355,5.34,5.341,22602.7
2025-12-14 04:30:00,5.341,5.346,5.319,5.323,80844.3
2025-12-14 04:45:00,5.323,5.331,5.314,5.324,44453.4
2025-12-14 05:00:00,5.325,5.328,5.287,5.3,102900.6
2025-12-14 05:15:00,5.301,5.305,5.29,5.296,42231.2
2025-12-14 05:30:00,5.296,5.313,5.291,5.31,26141.4
2025-12-14 05:45:00,5.31,5.31,5.294,5.3,53343.2
2025-12-14 06:00:00,5.301,5.302,5.281,5.293,30861.7
2025-12-14 06:15:00,5.294,5.303,5.287,5.289,23658.4
2025-12-14 06:30:00,5.289,5.314,5.283,5.313,28623.2
2025-12-14 06:45:00,5.313,5.316,5.299,5.304,18281.7
2025-12-14 07:00:00,5.305,5.327,5.301,5.321,36783.5
2025-12-14 07:15:00,5.321,5.335,5.32,5.325,42431.6
2025-12-14 07:30:00,5.326,5.328,5.313,5.316,22520.2
2025-12-14 07:45:00,5.316,5.331,5.311,5.325,13864.7
2025-12-14 08:00:00,5.325,5.349,5.325,5.344,42346.0
2025-12-14 08:15:00,5.344,5.344,5.329,5.332,23605.9
2025-12-14 08:30:00,5.332,5.334,5.312,5.314,19623.2
2025-12-14 08:45:00,5.314,5.317,5.304,5.306,33941.5
2025-12-14 09:00:00,5.306,5.308,5.298,5.301,36360.2
2025-12-14 09:15:00,5.302,5.308,5.29,5.293,33947.5
2025-12-14 09:30:00,5.293,5.306,5.289,5.3,32761.1
2025-12-14 09:45:00,5.3,5.308,5.295,5.304,30602.3
2025-12-14 10:00:00,5.304,5.309,5.252,5.277,115572.4
2025-12-14 10:15:00,5.278,5.306,5.275,5.288,54799.3
2025-12-14 10:30:00,5.288,5.292,5.266,5.282,87161.9
2025-12-14 10:45:00,5.282,5.291,5.272,5.272,24506.8
2025-12-14 11:00:00,5.272,5.284,5.253,5.27,84212.4
2025-12-14 11:15:00,5.27,5.274,5.241,5.246,72878.6
2025-12-14 11:30:00,5.246,5.259,5.183,5.196,230427.7
2025-12-14 11:45:00,5.194,5.247,5.179,5.234,191073.8
2025-12-14 12:00:00,5.235,5.249,5.21,5.231,67194.2
2025-12-14 12:15:00,5.232,5.257,5.232,5.244,57257.2
2025-12-14 12:30:00,5.244,5.269,5.24,5.264,49285.4
2025-12-14 12:45:00,5.264,5.274,5.249,5.25,36673.3
2025-12-14 13:00:00,5.25,5.25,5.224,5.24,79993.5
2025-12-14 13:15:00,5.24,5.249,5.225,5.229,36638.1
2025-12-14 13:30:00,5.23,5.245,5.223,5.23,32769.4
2025-12-14 13:45:00,5.23,5.249,5.225,5.248,37086.8
2025-12-14 14:00:00,5.249,5.263,5.238,5.238,44475.7
2025-12-14 14:15:00,5.238,5.244,5.227,5.233,18420.9
2025-12-14 14:30:00,5.233,5.233,5.196,5.199,77532.4
2025-12-14 14:45:00,5.2,5.214,5.184,5.202,76390.3
2025-12-14 15:00:00,5.202,5.217,5.19,5.202,77076.8
2025-12-14 15:15:00,5.203,5.216,5.189,5.204,48152.8
2025-12-14 15:30:00,5.203,5.216,5.193,5.212,60355.0
2025-12-14 15:45:00,5.212,5.212,5.193,5.196,22624.4
2025-12-14 16:00:00,5.195,5.205,5.185,5.198,54388.5
2025-12-14 16:15:00,5.198,5.242,5.193,5.223,90403.9
2025-12-14 16:30:00,5.223,5.229,5.194,5.196,30104.9
2025-12-14 16:45:00,5.195,5.209,5.192,5.207,79530.1
2025-12-14 17:00:00,5.206,5.215,5.135,5.159,154385.1
2025-12-14 17:15:00,5.16,5.175,5.147,5.155,117952.3
2025-12-14 17:30:00,5.155,5.159,5.135,5.152,65016.3
2025-12-14 17:45:00,5.152,5.154,5.143,5.147,43924.3
2025-12-14 18:00:00,5.147,5.177,5.139,5.173,52705.7
2025-12-14 18:15:00,5.172,5.189,5.142,5.152,53433.2
2025-12-14 18:30:00,5.152,5.172,5.152,5.153,42470.3
2025-12-14 18:45:00,5.152,5.18,5.144,5.176,54854.1
2025-12-14 19:00:00,5.175,5.176,5.141,5.148,74307.2
2025-12-14 19:15:00,5.148,5.153,5.131,5.151,47869.7
2025-12-14 19:30:00,5.151,5.154,5.13,5.137,46969.5
2025-12-14 19:45:00,5.138,5.156,5.135,5.154,39667.5
2025-12-14 20:00:00,5.153,5.185,5.122,5.185,163182.8
2025-12-14 20:15:00,5.185,5.187,5.164,5.168,80805.7
2025-12-14 20:30:00,5.169,5.176,5.16,5.168,73452.9
2025-12-14 20:45:00,5.168,5.173,5.152,5.154,32458.6
2025-12-14 21:00:00,5.153,5.155,5.137,5.152,49541.7
2025-12-14 21:15:00,5.152,5.173,5.147,5.158,29350.5
2025-12-14 21:30:00,5.157,5.159,5.141,5.148,41119.2
2025-12-14 21:45:00,5.149,5.15,5.124,5.134,39265.2
2025-12-14 22:00:00,5.134,5.166,5.133,5.166,41445.6
2025-12-14 22:15:00,5.167,5.169,5.141,5.152,32360.3
2025-12-14 22:30:00,5.151,5.152,5.122,5.141,45839.6
2025-12-14 22:45:00,5.141,5.164,5.134,5.162,24844.4
2025-12-14 23:00:00,5.162,5.193,5.139,5.151,65667.2
2025-12-14 23:15:00,5.15,5.168,5.142,5.161,31346.6
2025-12-14 23:30:00,5.161,5.168,5.077,5.159,193823.5
2025-12-14 23:45:00,5.16,5.17,5.144,5.158,39755.1
2025-12-15 00:00:00,5.157,5.205,5.156,5.169,149720.8
2025-12-15 00:15:00,5.169,5.216,5.166,5.198,86701.8
2025-12-15 00:30:00,5.2,5.213,5.169,5.172,52338.2
2025-12-15 00:45:00,5.171,5.213,5.17,5.207,56451.4
2025-12-15 01:00:00,5.208,5.223,5.2,5.218,56119.3
2025-12-15 01:15:00,5.219,5.222,5.208,5.221,32351.6
2025-12-15 01:30:00,5.22,5.305,5.213,5.27,173180.8
2025-12-15 01:45:00,5.27,5.294,5.26,5.29,72377.2
2025-12-15 02:00:00,5.291,5.323,5.283,5.296,138783.5
2025-12-15 02:15:00,5.296,5.353,5.295,5.314,147721.1
2025-12-15 02:30:00,5.315,5.321,5.278,5.282,60078.5
2025-12-15 02:45:00,5.282,5.286,5.261,5.262,44031.4
2025-12-15 03:00:00,5.262,5.274,5.241,5.245,81947.0
2025-12-15 03:15:00,5.246,5.275,5.246,5.263,47129.1
2025-12-15 03:30:00,5.263,5.27,5.253,5.26,65108.1
2025-12-15 03:45:00,5.261,5.265,5.252,5.257,30019.3
2025-12-15 04:00:00,5.258,5.286,5.258,5.276,34997.2
2025-12-15 04:15:00,5.277,5.293,5.261,5.27,71287.6
2025-12-15 04:30:00,5.269,5.306,5.266,5.304,51992.8
2025-12-15 04:45:00,5.305,5.321,5.301,5.311,43118.9
2025-12-15 05:00:00,5.311,5.336,5.31,5.333,80532.8
2025-12-15 05:15:00,5.332,5.379,5.331,5.37,78327.4
2025-12-15 05:30:00,5.37,5.37,5.323,5.33,109081.1
2025-12-15 05:45:00,5.33,5.344,5.325,5.343,32467.4
2025-12-15 06:00:00,5.344,5.352,5.317,5.319,54474.0
2025-12-15 06:15:00,5.318,5.343,5.317,5.324,41316.0
2025-12-15 06:30:00,5.324,5.324,5.303,5.307,33668.6
2025-12-15 06:45:00,5.308,5.339,5.308,5.311,38977.7
2025-12-15 07:00:00,5.313,5.322,5.266,5.269,73096.3
2025-12-15 07:15:00,5.269,5.28,5.268,5.272,36811.5
2025-12-15 07:30:00,5.273,5.288,5.271,5.276,57967.6
2025-12-15 07:45:00,5.276,5.282,5.269,5.281,26508.8
2025-12-15 08:00:00,5.281,5.294,5.267,5.276,57440.7
2025-12-15 08:15:00,5.277,5.306,5.276,5.299,31856.6
2025-12-15 08:30:00,5.299,5.302,5.285,5.294,39061.3
2025-12-15 08:45:00,5.295,5.299,5.281,5.289,42067.0
2025-12-15 09:00:00,5.29,5.311,5.282,5.293,45668.5
2025-12-15 09:15:00,5.293,5.299,5.286,5.291,21904.8
2025-12-15 09:30:00,5.291,5.299,5.283,5.286,30809.9
2025-12-15 09:45:00,5.286,5.313,5.284,5.304,47366.6
2025-12-15 10:00:00,5.305,5.314,5.29,5.299,57208.3
2025-12-15 10:15:00,5.3,5.32,5.288,5.308,54036.9
2025-12-15 10:30:00,5.309,5.33,5.295,5.295,58714.0
2025-12-15 10:45:00,5.296,5.305,5.292,5.303,26288.1
2025-12-15 11:00:00,5.303,5.309,5.292,5.302,37356.3
2025-12-15 11:15:00,5.303,5.304,5.289,5.29,17096.7
2025-12-15 11:30:00,5.291,5.295,5.256,5.26,102760.6
2025-12-15 11:45:00,5.26,5.278,5.26,5.272,31352.4
2025-12-15 12:00:00,5.271,5.273,5.254,5.264,50878.2
2025-12-15 12:15:00,5.262,5.282,5.261,5.272,40710.5
2025-12-15 12:30:00,5.272,5.299,5.269,5.286,55459.4
2025-12-15 12:45:00,5.286,5.293,5.281,5.283,29084.5
2025-12-15 13:00:00,5.283,5.287,5.237,5.268,105554.4
2025-12-15 13:15:00,5.267,5.271,5.242,5.244,42252.3
2025-12-15 13:30:00,5.244,5.255,5.219,5.232,152385.3
2025-12-15 13:45:00,5.231,5.241,5.207,5.21,91443.9
2025-12-15 14:00:00,5.21,5.243,5.206,5.243,69733.9
2025-12-15 14:15:00,5.244,5.277,5.229,5.242,107429.7
2025-12-15 14:30:00,5.242,5.283,5.212,5.243,153301.6
2025-12-15 14:45:00,5.242,5.251,5.087,5.14,573798.8
2025-12-15 15:00:00,5.139,5.146,5.045,5.084,579525.9
2025-12-15 15:15:00,5.083,5.087,4.952,4.98,829121.2
2025-12-15 15:30:00,4.979,5.016,4.946,5.003,366031.5
2025-12-15 15:45:00,5.003,5.038,4.955,4.969,198784.3
2025-12-15 16:00:00,4.97,4.973,4.922,4.933,263908.4
2025-12-15 16:15:00,4.932,4.973,4.928,4.955,140076.3
2025-12-15 16:30:00,4.955,4.959,4.882,4.905,302091.8
2025-12-15 16:45:00,4.905,4.925,4.882,4.901,152754.9
2025-12-15 17:00:00,4.901,4.911,4.871,4.884,131156.4
2025-12-15 17:15:00,4.884,4.895,4.866,4.877,138359.0
2025-12-15 17:30:00,4.877,4.893,4.841,4.873,247719.5
2025-12-15 17:45:00,4.873,4.882,4.84,4.853,126520.1
2025-12-15 18:00:00,4.853,4.865,4.83,4.852,242610.9
2025-12-15 18:15:00,4.852,4.865,4.813,4.833,291789.2
2025-12-15 18:30:00,4.833,4.86,4.796,4.834,287905.7
2025-12-15 18:45:00,4.835,4.902,4.831,4.894,145809.7
2025-12-15 19:00:00,4.895,4.958,4.895,4.908,251455.5
2025-12-15 19:15:00,4.907,4.943,4.901,4.922,105885.9
2025-12-15 19:30:00,4.922,4.929,4.906,4.909,197167.7
2025-12-15 19:45:00,4.909,4.909,4.881,4.896,135781.9
2025-12-15 20:00:00,4.896,4.896,4.856,4.856,138707.4
2025-12-15 20:15:00,4.857,4.862,4.832,4.847,168460.3
2025-12-15 20:30:00,4.848,4.897,4.846,4.877,97173.9
2025-12-15 20:45:00,4.877,4.88,4.855,4.857,74208.5
2025-12-15 21:00:00,4.858,4.867,4.852,4.858,68995.0
2025-12-15 21:15:00,4.859,4.897,4.856,4.891,73751.9
2025-12-15 21:30:00,4.893,4.918,4.891,4.898,63880.3
2025-12-15 21:45:00,4.899,4.91,4.899,4.909,40494.5
2025-12-15 22:00:00,4.909,4.917,4.901,4.906,69502.3
2025-12-15 22:15:00,4.906,4.911,4.89,4.902,52122.2
2025-12-15 22:30:00,4.902,4.912,4.895,4.9,50525.9
2025-12-15 22:45:00,4.9,4.934,4.899,4.932,44405.5
2025-12-15 23:00:00,4.932,4.961,4.93,4.96,101559.8
2025-12-15 23:15:00,4.96,4.96,4.931,4.935,54272.5
2025-12-15 23:30:00,4.935,4.967,4.934,4.959,37104.9
2025-12-15 23:45:00,4.959,4.963,4.947,4.958,33128.5
2025-12-16 00:00:00,4.957,4.981,4.951,4.952,130393.3
2025-12-16 00:15:00,4.952,4.962,4.942,4.951,34256.2
2025-12-16 00:30:00,4.951,4.951,4.923,4.928,55927.8
2025-12-16 00:45:00,4.928,4.93,4.896,4.9,50249.3
2025-12-16 01:00:00,4.899,4.929,4.893,4.917,48954.7
2025-12-16 01:15:00,4.917,4.923,4.896,4.896,35276.4
2025-12-16 01:30:00,4.896,4.915,4.883,4.903,54472.0
2025-12-16 01:45:00,4.903,4.922,4.896,4.912,39497.7
2025-12-16 02:00:00,4.913,4.913,4.887,4.906,41445.7
2025-12-16 02:15:00,4.906,4.944,4.902,4.939,34101.3
2025-12-16 02:30:00,4.939,4.943,4.921,4.925,31174.7
2025-12-16 02:45:00,4.924,4.931,4.913,4.922,35794.8
2025-12-16 03:00:00,4.923,4.934,4.892,4.897,43987.9
2025-12-16 03:15:00,4.897,4.915,4.892,4.911,50014.4
2025-12-16 03:30:00,4.911,4.931,4.876,4.921,125519.9
2025-12-16 03:45:00,4.922,4.937,4.917,4.936,40588.7
2025-12-16 04:00:00,4.937,4.943,4.912,4.912,44935.5
2025-12-16 04:15:00,4.913,4.917,4.894,4.895,26556.5
2025-12-16 04:30:00,4.895,4.895,4.877,4.878,44382.8
2025-12-16 04:45:00,4.879,4.902,4.836,4.902,116685.8
2025-12-16 05:00:00,4.902,4.91,4.892,4.898,47386.9
2025-12-16 05:15:00,4.899,4.913,4.898,4.907,21281.0
2025-12-16 05:30:00,4.908,4.923,4.901,4.92,25986.7
2025-12-16 05:45:00,4.92,4.932,4.905,4.909,32385.5
2025-12-16 06:00:00,4.909,4.927,4.907,4.922,27964.8
2025-12-16 06:15:00,4.922,4.945,4.919,4.939,19596.4
2025-12-16 06:30:00,4.939,4.942,4.93,4.93,21640.4
2025-12-16 06:45:00,4.929,4.947,4.926,4.942,30165.9
2025-12-16 07:00:00,4.941,4.952,4.915,4.919,80024.4
2025-12-16 07:15:00,4.919,4.923,4.89,4.894,56757.8
2025-12-16 07:30:00,4.893,4.906,4.86,4.863,68122.9
2025-12-16 07:45:00,4.863,4.881,4.862,4.87,55680.8
2025-12-16 08:00:00,4.869,4.906,4.866,4.898,90916.3
2025-12-16 08:15:00,4.899,4.902,4.883,4.899,43273.9
2025-12-16 08:30:00,4.898,4.904,4.882,4.904,52689.3
2025-12-16 08:45:00,4.904,4.914,4.875,4.89,43070.7
2025-12-16 09:00:00,4.89,4.893,4.882,4.887,34337.2
2025-12-16 09:15:00,4.888,4.89,4.868,4.873,116919.4
2025-12-16 09:30:00,4.873,4.884,4.869,4.882,84598.2
2025-12-16 09:45:00,4.882,4.886,4.871,4.882,21456.5
2025-12-16 10:00:00,4.882,4.892,4.87,4.89,32849.0
2025-12-16 10:15:00,4.89,4.908,4.885,4.894,48369.5
2025-12-16 10:30:00,4.894,4.991,4.892,4.983,154453.2
2025-12-16 10:45:00,4.984,5.011,4.962,4.975,146152.1
2025-12-16 11:00:00,4.976,4.98,4.953,4.965,65389.8
2025-12-16 11:15:00,4.964,4.992,4.96,4.988,58178.8
2025-12-16 11:30:00,4.988,5.0,4.968,4.975,69005.2
2025-12-16 11:45:00,4.975,5.009,4.974,4.999,69083.9
2025-12-16 12:00:00,4.999,5.006,4.985,4.995,70763.3
2025-12-16 12:15:00,4.995,5.002,4.972,4.975,62788.9
2025-12-16 12:30:00,4.975,4.976,4.947,4.967,103444.1
2025-12-16 12:45:00,4.967,4.983,4.953,4.961,54394.0
2025-12-16 13:00:00,4.96,4.965,4.947,4.963,98067.7
2025-12-16 13:15:00,4.962,5.0,4.962,4.988,122132.0
2025-12-16 13:30:00,4.988,5.04,4.914,4.943,401803.9
2025-12-16 13:45:00,4.944,4.966,4.911,4.911,118655.6
2025-12-16 14:00:00,4.914,4.955,4.874,4.922,391447.2
2025-12-16 14:15:00,4.921,4.953,4.909,4.927,89294.4
2025-12-16 14:30:00,4.927,4.969,4.912,4.92,247074.1
2025-12-16 14:45:00,4.921,4.985,4.891,4.957,293739.1
2025-12-16 15:00:00,4.957,4.97,4.925,4.949,177214.9
2025-12-16 15:15:00,4.948,4.953,4.912,4.929,242572.8
2025-12-16 15:30:00,4.928,4.952,4.924,4.949,137012.9
2025-12-16 15:45:00,4.949,5.022,4.944,4.999,193313.2
2025-12-16 16:00:00,4.998,5.021,4.984,4.993,179126.9
2025-12-16 16:15:00,4.993,5.03,4.978,5.019,106985.6
2025-12-16 16:30:00,5.019,5.022,4.971,4.99,121297.2
2025-12-16 16:45:00,4.99,5.025,4.988,5.003,57062.9
2025-12-16 17:00:00,5.003,5.03,5.0,5.012,85559.1
2025-12-16 17:15:00,5.012,5.015,4.95,4.956,113600.8
2025-12-16 17:30:00,4.955,4.976,4.934,4.943,79129.1
2025-12-16 17:45:00,4.944,4.946,4.926,4.931,54505.7
2025-12-16 18:00:00,4.932,4.961,4.922,4.956,80880.8
2025-12-16 18:15:00,4.955,4.956,4.923,4.934,72496.6
2025-12-16 18:30:00,4.934,4.991,4.933,4.982,125146.5
2025-12-16 18:45:00,4.982,5.017,4.981,4.992,86232.4
2025-12-16 19:00:00,4.991,4.991,4.938,4.94,64644.1
2025-12-16 19:15:00,4.939,4.948,4.929,4.945,43793.2
2025-12-16 19:30:00,4.945,4.967,4.94,4.963,58696.3
2025-12-16 19:45:00,4.962,4.994,4.957,4.97,43865.5
2025-12-16 20:00:00,4.969,4.989,4.968,4.973,65038.4
2025-12-16 20:15:00,4.973,4.981,4.964,4.973,24232.5
2025-12-16 20:30:00,4.972,4.992,4.966,4.975,40562.6
2025-12-16 20:45:00,4.974,4.979,4.95,4.952,68287.3
2025-12-16 21:00:00,4.952,4.958,4.94,4.952,46331.8
2025-12-16 21:15:00,4.952,4.957,4.931,4.944,32096.3
2025-12-16 21:30:00,4.944,4.968,4.944,4.968,34688.2
2025-12-16 21:45:00,4.968,4.969,4.944,4.953,30765.5
2025-12-16 22:00:00,4.953,4.965,4.932,4.941,39212.2
2025-12-16 22:15:00,4.941,4.965,4.94,4.955,27057.7
2025-12-16 22:30:00,4.954,4.955,4.941,4.95,22801.6
2025-12-16 22:45:00,4.95,4.951,4.935,4.939,8829.2
2025-12-16 23:00:00,4.939,4.939,4.908,4.915,69840.0
2025-12-16 23:15:00,4.914,4.927,4.906,4.911,36035.2
2025-12-16 23:30:00,4.911,4.916,4.893,4.915,67747.0
2025-12-16 23:45:00,4.916,4.918,4.897,4.914,36672.9
2025-12-17 00:00:00,4.913,4.913,4.89,4.892,69844.4
2025-12-17 00:15:00,4.893,4.901,4.882,4.891,50473.6
2025-12-17 00:30:00,4.89,4.893,4.874,4.888,37196.4
2025-12-17 00:45:00,4.888,4.899,4.879,4.898,95597.6
2025-12-17 01:00:00,4.898,4.926,4.898,4.915,59347.0
2025-12-17 01:15:00,4.915,4.963,4.914,4.934,97834.6
2025-12-17 01:30:00,4.934,4.944,4.904,4.91,47997.9
2025-12-17 01:45:00,4.91,4.913,4.887,4.9,39766.4
2025-12-17 02:00:00,4.9,4.909,4.885,4.885,72725.7
2025-12-17 02:15:00,4.886,4.899,4.871,4.893,66442.9
2025-12-17 02:30:00,4.892,4.905,4.881,4.905,35168.0
2025-12-17 02:45:00,4.905,4.924,4.902,4.913,37932.4
2025-12-17 03:00:00,4.912,4.932,4.909,4.91,81059.3
2025-12-17 03:15:00,4.91,4.914,4.895,4.9,26501.0
2025-12-17 03:30:00,4.9,4.901,4.876,4.886,51255.6
2025-12-17 03:45:00,4.886,4.891,4.876,4.885,21065.1
2025-12-17 04:00:00,4.885,4.89,4.873,4.883,48339.5
2025-12-17 04:15:00,4.883,4.884,4.849,4.863,89933.0
2025-12-17 04:30:00,4.864,4.864,4.848,4.859,71625.5
2025-12-17 04:45:00,4.86,4.862,4.851,4.856,36225.6
2025-12-17 05:00:00,4.856,4.871,4.82,4.858,151075.0
2025-12-17 05:15:00,4.858,4.862,4.822,4.838,123839.5
2025-12-17 05:30:00,4.838,4.847,4.82,4.845,81362.9
2025-12-17 05:45:00,4.846,4.87,4.84,4.856,64758.3
2025-12-17 06:00:00,4.856,4.884,4.848,4.88,106912.0
2025-12-17 06:15:00,4.881,4.885,4.871,4.871,33534.2
2025-12-17 06:30:00,4.872,4.878,4.858,4.862,51451.0
2025-12-17 06:45:00,4.861,4.866,4.856,4.86,31445.9
2025-12-17 07:00:00,4.86,4.87,4.845,4.85,48887.0
2025-12-17 07:15:00,4.851,4.858,4.844,4.848,27321.7
2025-12-17 07:30:00,4.849,4.882,4.846,4.86,70403.4
2025-12-17 07:45:00,4.86,4.861,4.85,4.851,34665.5
2025-12-17 08:00:00,4.851,4.851,4.837,4.842,49172.5
2025-12-17 08:15:00,4.843,4.847,4.816,4.824,107085.2
2025-12-17 08:30:00,4.825,4.83,4.81,4.825,104286.1
2025-12-17 08:45:00,4.826,4.83,4.816,4.819,32110.1
2025-12-17 09:00:00,4.819,4.825,4.809,4.82,95036.0
2025-12-17 09:15:00,4.82,4.829,4.782,4.802,135597.2
2025-12-17 09:30:00,4.802,4.813,4.797,4.811,44724.5
2025-12-17 09:45:00,4.811,4.815,4.804,4.805,20528.0
2025-12-17 10:00:00,4.805,4.816,4.779,4.811,224888.4
2025-12-17 10:15:00,4.811,4.812,4.8,4.8,39303.2
2025-12-17 10:30:00,4.8,4.819,4.794,4.816,41752.3
2025-12-17 10:45:00,4.816,4.825,4.809,4.814,105166.0
2025-12-17 11:00:00,4.814,4.843,4.808,4.836,65429.7
2025-12-17 11:15:00,4.836,4.843,4.831,4.833,38773.4
2025-12-17 11:30:00,4.833,4.845,4.832,4.844,34139.9
2025-12-17 11:45:00,4.845,4.852,4.833,4.844,46870.2
2025-12-17 12:00:00,4.845,4.865,4.845,4.86,68506.0
2025-12-17 12:15:00,4.86,4.861,4.839,4.844,64143.6
2025-12-17 12:30:00,4.844,4.853,4.828,4.829,65067.1
2025-12-17 12:45:00,4.83,4.854,4.826,4.846,73689.3
2025-12-17 13:00:00,4.847,4.866,4.836,4.837,65691.7
2025-12-17 13:15:00,4.838,4.848,4.83,4.844,65850.6
2025-12-17 13:30:00,4.844,4.866,4.837,4.864,61635.9
2025-12-17 13:45:00,4.864,4.908,4.862,4.894,138263.0
2025-12-17 14:00:00,4.895,4.908,4.884,4.888,78413.7
2025-12-17 14:15:00,4.889,4.919,4.889,4.899,112160.1
2025-12-17 14:30:00,4.898,4.916,4.86,4.874,183750.8
2025-12-17 14:45:00,4.874,5.028,4.806,5.019,970182.9
2025-12-17 15:00:00,5.018,5.083,4.987,5.063,707383.9
2025-12-17 15:15:00,5.062,5.093,4.994,5.013,278273.9
2025-12-17 15:30:00,5.011,5.019,4.884,4.905,464546.1
2025-12-17 15:45:00,4.904,4.911,4.801,4.813,796452.1
2025-12-17 16:00:00,4.812,4.855,4.774,4.775,369879.7
2025-12-17 16:15:00,4.775,4.775,4.658,4.692,963237.3
2025-12-17 16:30:00,4.691,4.739,4.665,4.694,396808.7
2025-12-17 16:45:00,4.693,4.733,4.687,4.732,171345.3
2025-12-17 17:00:00,4.731,4.756,4.67,4.686,177346.9
2025-12-17 17:15:00,4.685,4.736,4.678,4.712,143974.0
2025-12-17 17:30:00,4.711,4.719,4.643,4.647,142491.1
2025-12-17 17:45:00,4.648,4.68,4.634,4.654,157712.3
2025-12-17 18:00:00,4.656,4.679,4.637,4.66,240524.4
2025-12-17 18:15:00,4.66,4.683,4.644,4.665,194192.9
2025-12-17 18:30:00,4.664,4.674,4.607,4.628,201107.2
2025-12-17 18:45:00,4.628,4.64,4.601,4.614,150626.6
2025-12-17 19:00:00,4.614,4.62,4.579,4.6,226678.4
2025-12-17 19:15:00,4.599,4.635,4.593,4.608,126288.5
2025-12-17 19:30:00,4.608,4.623,4.589,4.611,82530.1
2025-12-17 19:45:00,4.611,4.661,4.61,4.654,102371.1
2025-12-17 20:00:00,4.654,4.662,4.637,4.639,101041.7
2025-12-17 20:15:00,4.638,4.711,4.638,4.708,158870.4
2025-12-17 20:30:00,4.708,4.71,4.667,4.689,89965.7
2025-12-17 20:45:00,4.689,4.69,4.654,4.665,71561.6
2025-12-17 21:00:00,4.666,4.68,4.662,4.671,40175.1
2025-12-17 21:15:00,4.671,4.671,4.643,4.646,35027.3
2025-12-17 21:30:00,4.647,4.652,4.614,4.623,52829.1
2025-12-17 21:45:00,4.624,4.626,4.604,4.616,60939.9
2025-12-17 22:00:00,4.617,4.627,4.588,4.621,75221.9
2025-12-17 22:15:00,4.621,4.648,4.605,4.629,75486.9
2025-12-17 22:30:00,4.63,4.633,4.617,4.622,38206.8
2025-12-17 22:45:00,4.623,4.645,4.617,4.637,31301.5
2025-12-17 23:00:00,4.638,4.639,4.611,4.614,56180.2
2025-12-17 23:15:00,4.614,4.618,4.605,4.612,28672.4
2025-12-17 23:30:00,4.611,4.625,4.604,4.62,22461.6
2025-12-17 23:45:00,4.619,4.629,4.614,4.627,40567.0
2025-12-18 00:00:00,4.628,4.634,4.611,4.618,54233.5
2025-12-18 00:15:00,4.617,4.633,4.605,4.623,56728.3
2025-12-18 00:30:00,4.623,4.626,4.607,4.61,28507.9
2025-12-18 00:45:00,4.611,4.628,4.609,4.623,20993.7
2025-12-18 01:00:00,4.623,4.623,4.57,4.591,82398.6
2025-12-18 01:15:00,4.591,4.599,4.577,4.584,51501.5
2025-12-18 01:30:00,4.584,4.601,4.575,4.594,40974.4
2025-12-18 01:45:00,4.594,4.604,4.578,4.589,63761.3
2025-12-18 02:00:00,4.589,4.627,4.573,4.616,69708.9
2025-12-18 02:15:00,4.615,4.65,4.609,4.622,86385.8
2025-12-18 02:30:00,4.622,4.649,4.621,4.645,83127.5
2025-12-18 02:45:00,4.644,4.653,4.627,4.629,61336.5
2025-12-18 03:00:00,4.629,4.633,4.62,4.621,60558.0
2025-12-18 03:15:00,4.621,4.621,4.592,4.593,99653.5
2025-12-18 03:30:00,4.593,4.601,4.573,4.588,94005.8
2025-12-18 03:45:00,4.587,4.6,4.583,4.597,39015.3
2025-12-18 04:00:00,4.597,4.622,4.593,4.609,78221.4
2025-12-18 04:15:00,4.609,4.617,4.599,4.603,50598.5
2025-12-18 04:30:00,4.602,4.613,4.599,4.609,26056.1
2025-12-18 04:45:00,4.608,4.612,4.599,4.603,63386.2
2025-12-18 05:00:00,4.603,4.603,4.555,4.56,136434.9
2025-12-18 05:15:00,4.561,4.562,4.53,4.537,265242.3
2025-12-18 05:30:00,4.537,4.564,4.523,4.555,133373.1
2025-12-18 05:45:00,4.555,4.558,4.531,4.532,51411.5
2025-12-18 06:00:00,4.532,4.556,4.525,4.551,90974.4
2025-12-18 06:15:00,4.552,4.559,4.543,4.545,43064.8
2025-12-18 06:30:00,4.545,4.566,4.544,4.548,42880.9
2025-12-18 06:45:00,4.549,4.562,4.533,4.551,47927.0
2025-12-18 07:00:00,4.552,4.578,4.547,4.573,108286.1
2025-12-18 07:15:00,4.573,4.581,4.566,4.577,47179.4
2025-12-18 07:30:00,4.578,4.58,4.552,4.555,34036.2
2025-12-18 07:45:00,4.556,4.571,4.552,4.571,38075.0
2025-12-18 08:00:00,4.572,4.598,4.569,4.597,58358.2
2025-12-18 08:15:00,4.598,4.621,4.585,4.611,87749.4
2025-12-18 08:30:00,4.612,4.623,4.605,4.605,61615.9
2025-12-18 08:45:00,4.606,4.615,4.601,4.61,67323.4
2025-12-18 09:00:00,4.61,4.61,4.59,4.592,59106.0
2025-12-18 09:15:00,4.592,4.599,4.582,4.587,48918.0
2025-12-18 09:30:00,4.588,4.608,4.586,4.605,72333.4
2025-12-18 09:45:00,4.606,4.609,4.584,4.589,36994.2
2025-12-18 10:00:00,4.589,4.595,4.576,4.584,44476.1
2025-12-18 10:15:00,4.585,4.594,4.578,4.593,29934.7
2025-12-18 10:30:00,4.592,4.602,4.584,4.587,47111.0
2025-12-18 10:45:00,4.588,4.59,4.575,4.581,44393.9
2025-12-18 11:00:00,4.581,4.589,4.559,4.559,101247.6
2025-12-18 11:15:00,4.559,4.567,4.558,4.565,49581.3
2025-12-18 11:30:00,4.566,4.579,4.565,4.575,68334.6
2025-12-18 11:45:00,4.575,4.585,4.572,4.582,52651.5
2025-12-18 12:00:00,4.583,4.591,4.576,4.576,59170.1
2025-12-18 12:15:00,4.577,4.592,4.573,4.58,42028.6
2025-12-18 12:30:00,4.58,4.621,4.58,4.619,89595.3
2025-12-18 12:45:00,4.62,4.623,4.598,4.617,78174.4
2025-12-18 13:00:00,4.618,4.708,4.618,4.69,275052.3
2025-12-18 13:15:00,4.69,4.694,4.657,4.668,155962.7
2025-12-18 13:30:00,4.669,4.76,4.669,4.752,597403.0
2025-12-18 13:45:00,4.752,4.78,4.739,4.775,341091.7
2025-12-18 14:00:00,4.776,4.834,4.712,4.724,423969.9
2025-12-18 14:15:00,4.725,4.793,4.721,4.79,195549.9
2025-12-18 14:30:00,4.789,4.838,4.713,4.72,348747.7
2025-12-18 14:45:00,4.72,4.766,4.71,4.754,183554.7
2025-12-18 15:00:00,4.754,4.772,4.703,4.712,174439.0
2025-12-18 15:15:00,4.712,4.813,4.704,4.813,167910.4
2025-12-18 15:30:00,4.814,4.881,4.792,4.863,379223.9
2025-12-18 15:45:00,4.863,4.863,4.805,4.816,285644.5
2025-12-18 16:00:00,4.816,4.82,4.774,4.775,155482.9
2025-12-18 16:15:00,4.775,4.798,4.756,4.761,188559.4
2025-12-18 16:30:00,4.76,4.784,4.742,4.782,168353.2
2025-12-18 16:45:00,4.782,4.796,4.771,4.783,88061.3
2025-12-18 17:00:00,4.784,4.786,4.609,4.619,637328.1
2025-12-18 17:15:00,4.619,4.621,4.458,4.519,1418638.9
2025-12-18 17:30:00,4.52,4.584,4.493,4.562,367697.3
2025-12-18 17:45:00,4.563,4.582,4.537,4.562,244078.8
2025-12-18 18:00:00,4.561,4.611,4.544,4.592,178548.6
2025-12-18 18:15:00,4.591,4.596,4.53,4.535,130321.7
2025-12-18 18:30:00,4.535,4.551,4.522,4.527,132590.9
2025-12-18 18:45:00,4.526,4.529,4.461,4.473,267213.1
2025-12-18 19:00:00,4.472,4.492,4.44,4.461,244530.3
2025-12-18 19:15:00,4.462,4.487,4.435,4.472,187471.1
2025-12-18 19:30:00,4.472,4.489,4.383,4.393,367729.2
2025-12-18 19:45:00,4.392,4.396,4.344,4.363,406352.1
2025-12-18 20:00:00,4.362,4.415,4.355,4.402,249862.1
2025-12-18 20:15:00,4.4,4.417,4.391,4.394,150880.1
2025-12-18 20:30:00,4.394,4.399,4.38,4.388,118462.7
2025-12-18 20:45:00,4.387,4.408,4.372,4.375,151537.1
2025-12-18 21:00:00,4.375,4.442,4.375,4.435,255315.7
2025-12-18 21:15:00,4.434,4.466,4.426,4.465,187821.0
2025-12-18 21:30:00,4.465,4.474,4.441,4.445,116043.3
2025-12-18 21:45:00,4.443,4.481,4.44,4.479,95121.0
2025-12-18 22:00:00,4.479,4.496,4.473,4.476,72756.0
2025-12-18 22:15:00,4.476,4.488,4.455,4.474,58932.5
2025-12-18 22:30:00,4.474,4.481,4.467,4.47,48378.8
2025-12-18 22:45:00,4.469,4.48,4.465,4.471,27670.3
2025-12-18 23:00:00,4.471,4.474,4.448,4.453,69848.7
2025-12-18 23:15:00,4.453,4.453,4.434,4.441,38834.2
2025-12-18 23:30:00,4.441,4.453,4.432,4.435,29399.1
2025-12-18 23:45:00,4.435,4.439,4.428,4.432,47149.7
2025-12-19 00:00:00,4.433,4.436,4.415,4.421,128054.3
2025-12-19 00:15:00,4.421,4.428,4.405,4.412,59619.8
2025-12-19 00:30:00,4.412,4.416,4.394,4.4,72141.2
2025-12-19 00:45:00,4.4,4.423,4.388,4.418,73062.5
2025-12-19 01:00:00,4.418,4.418,4.379,4.394,67076.8
2025-12-19 01:15:00,4.393,4.407,4.378,4.379,42180.2
2025-12-19 01:30:00,4.378,4.393,4.374,4.381,50216.9
2025-12-19 01:45:00,4.381,4.392,4.361,4.383,74974.6
2025-12-19 02:00:00,4.383,4.385,4.363,4.369,89514.0
2025-12-19 02:15:00,4.37,4.4,4.366,4.393,69563.8
2025-12-19 02:30:00,4.393,4.401,4.379,4.397,90478.8
2025-12-19 02:45:00,4.399,4.424,4.399,4.412,110283.0
2025-12-19 03:00:00,4.413,4.492,4.411,4.485,217987.0
2025-12-19 03:15:00,4.485,4.587,4.439,4.582,395331.8
2025-12-19 03:30:00,4.582,4.616,4.522,4.56,306097.9
2025-12-19 03:45:00,4.559,4.596,4.552,4.572,176255.4
2025-12-19 04:00:00,4.572,4.601,4.566,4.598,233796.4
2025-12-19 04:15:00,4.598,4.602,4.579,4.587,92309.0
2025-12-19 04:30:00,4.587,4.597,4.569,4.576,95052.5
2025-12-19 04:45:00,4.576,4.588,4.575,4.58,36169.6
2025-12-19 05:00:00,4.58,4.582,4.543,4.565,140332.2
2025-12-19 05:15:00,4.564,4.566,4.547,4.559,77103.0
2025-12-19 05:30:00,4.559,4.568,4.552,4.561,57086.9
2025-12-19 05:45:00,4.561,4.578,4.551,4.574,81010.6
2025-12-19 06:00:00,4.574,4.578,4.558,4.563,66879.3
2025-12-19 06:15:00,4.562,4.572,4.554,4.571,40092.1
2025-12-19 06:30:00,4.571,4.577,4.56,4.576,40594.7
2025-12-19 06:45:00,4.575,4.618,4.569,4.609,133524.9
2025-12-19 07:00:00,4.609,4.704,4.609,4.665,264368.8
2025-12-19 07:15:00,4.665,4.676,4.635,4.642,120045.5
2025-12-19 07:30:00,4.643,4.648,4.629,4.642,51560.5
2025-12-19 07:45:00,4.643,4.662,4.636,4.661,27511.8
2025-12-19 08:00:00,4.661,4.677,4.658,4.667,76077.0
2025-12-19 08:15:00,4.667,4.678,4.656,4.658,47654.1
2025-12-19 08:30:00,4.659,4.69,4.654,4.676,77203.6
2025-12-19 08:45:00,4.677,4.692,4.677,4.678,49415.5
2025-12-19 09:00:00,4.678,4.681,4.658,4.659,64792.3
2025-12-19 09:15:00,4.658,4.659,4.642,4.649,58971.3
2025-12-19 09:30:00,4.65,4.654,4.635,4.643,59687.3
2025-12-19 09:45:00,4.644,4.651,4.638,4.644,29167.1
2025-12-19 10:00:00,4.645,4.66,4.635,4.65,74878.4
2025-12-19 10:15:00,4.651,4.661,4.642,4.644,44320.3
2025-12-19 10:30:00,4.644,4.652,4.642,4.649,46051.7
2025-12-19 10:45:00,4.65,4.659,4.646,4.651,39323.1
2025-12-19 11:00:00,4.651,4.674,4.646,4.671,52465.1
2025-12-19 11:15:00,4.671,4.686,4.664,4.683,45046.9
2025-12-19 11:30:00,4.683,4.696,4.676,4.693,77061.1
2025-12-19 11:45:00,4.693,4.696,4.684,4.691,25628.3
2025-12-19 12:00:00,4.692,4.716,4.673,4.711,114969.7
2025-12-19 12:15:00,4.712,4.722,4.699,4.711,66570.3
2025-12-19 12:30:00,4.712,4.718,4.703,4.713,60990.1
2025-12-19 12:45:00,4.713,4.725,4.702,4.712,83286.7
2025-12-19 13:00:00,4.713,4.734,4.713,4.731,70503.6
2025-12-19 13:15:00,4.731,4.736,4.718,4.726,51666.6
2025-12-19 13:30:00,4.726,4.728,4.692,4.711,107356.4
2025-12-19 13:45:00,4.711,4.72,4.706,4.718,55736.7
2025-12-19 14:00:00,4.718,4.748,4.709,4.738,54377.1
2025-12-19 14:15:00,4.739,4.748,4.691,4.715,271440.7
2025-12-19 14:30:00,4.713,4.8,4.696,4.797,318135.3
2025-12-19 14:45:00,4.797,4.806,4.72,4.752,275794.7
2025-12-19 15:00:00,4.751,4.789,4.738,4.785,116673.5
2025-12-19 15:15:00,4.786,4.863,4.739,4.767,509069.3
2025-12-19 15:30:00,4.766,4.806,4.74,4.782,150001.4
2025-12-19 15:45:00,4.782,4.784,4.752,4.769,96070.4
2025-12-19 16:00:00,4.768,4.839,4.758,4.825,193991.7
2025-12-19 16:15:00,4.825,4.835,4.812,4.821,57848.0
2025-12-19 16:30:00,4.82,4.878,4.814,4.851,170655.6
2025-12-19 16:45:00,4.851,4.853,4.796,4.804,92385.2
2025-12-19 17:00:00,4.804,4.859,4.803,4.84,127836.3
2025-12-19 17:15:00,4.84,4.859,4.813,4.813,80552.0
2025-12-19 17:30:00,4.813,4.821,4.754,4.756,195515.5
2025-12-19 17:45:00,4.756,4.783,4.716,4.72,249713.9
2025-12-19 18:00:00,4.72,4.745,4.718,4.743,134145.4
2025-12-19 18:15:00,4.743,4.796,4.742,4.781,176605.5
2025-12-19 18:30:00,4.782,4.788,4.752,4.762,60601.7
2025-12-19 18:45:00,4.761,4.801,4.748,4.793,82054.9
2025-12-19 19:00:00,4.793,4.822,4.793,4.819,77391.9
2025-12-19 19:15:00,4.819,4.857,4.815,4.841,97943.9
2025-12-19 19:30:00,4.841,4.901,4.841,4.875,139474.1
2025-12-19 19:45:00,4.874,4.897,4.867,4.88,59884.1
2025-12-19 20:00:00,4.88,4.904,4.85,4.858,116452.5
2025-12-19 20:15:00,4.858,4.903,4.853,4.896,89821.0
2025-12-19 20:30:00,4.894,4.921,4.873,4.883,103005.8
2025-12-19 20:45:00,4.882,4.902,4.868,4.888,134973.8
2025-12-19 21:00:00,4.888,4.888,4.861,4.871,43263.3
2025-12-19 21:15:00,4.871,4.872,4.845,4.847,54575.9
2025-12-19 21:30:00,4.848,4.855,4.839,4.843,30722.7
2025-12-19 21:45:00,4.841,4.851,4.827,4.837,38842.9
2025-12-19 22:00:00,4.836,4.867,4.836,4.842,61027.6
2025-12-19 22:15:00,4.841,4.866,4.841,4.864,35621.3
2025-12-19 22:30:00,4.864,4.877,4.85,4.871,34437.7
2025-12-19 22:45:00,4.871,4.877,4.86,4.866,12972.9
2025-12-19 23:00:00,4.865,4.865,4.837,4.841,37929.8
2025-12-19 23:15:00,4.841,4.849,4.833,4.848,32357.5
2025-12-19 23:30:00,4.849,4.85,4.825,4.829,46181.3
2025-12-19 23:45:00,4.829,4.835,4.826,4.83,39180.7
2025-12-20 00:00:00,4.83,4.832,4.809,4.827,45088.6
2025-12-20 00:15:00,4.827,4.83,4.815,4.821,35538.8
2025-12-20 00:30:00,4.822,4.822,4.802,4.81,55254.5
2025-12-20 00:45:00,4.811,4.815,4.798,4.806,26797.7
2025-12-20 01:00:00,4.807,4.809,4.797,4.8,23508.4
2025-12-20 01:15:00,4.801,4.808,4.792,4.799,24794.2
2025-12-20 01:30:00,4.799,4.801,4.789,4.791,18788.3
2025-12-20 01:45:00,4.792,4.808,4.792,4.797,14293.8
2025-12-20 02:00:00,4.797,4.802,4.787,4.792,66030.9
2025-12-20 02:15:00,4.792,4.807,4.791,4.797,18832.6
2025-12-20 02:30:00,4.796,4.811,4.793,4.809,20792.5
2025-12-20 02:45:00,4.81,4.811,4.788,4.793,37181.1
2025-12-20 03:00:00,4.793,4.796,4.778,4.781,18960.9
2025-12-20 03:15:00,4.781,4.798,4.78,4.798,24930.6
2025-12-20 03:30:00,4.798,4.816,4.797,4.809,30688.7
2025-12-20 03:45:00,4.809,4.812,4.797,4.8,16403.5
2025-12-20 04:00:00,4.801,4.806,4.779,4.782,47542.0
2025-12-20 04:15:00,4.782,4.792,4.78,4.781,23887.1
2025-12-20 04:30:00,4.781,4.787,4.776,4.78,16621.5
2025-12-20 04:45:00,4.78,4.784,4.765,4.77,49243.0
2025-12-20 05:00:00,4.769,4.778,4.763,4.765,51053.7
2025-12-20 05:15:00,4.764,4.779,4.761,4.771,36501.6
2025-12-20 05:30:00,4.771,4.787,4.77,4.777,33693.9
2025-12-20 05:45:00,4.777,4.785,4.769,4.771,24083.9
2025-12-20 06:00:00,4.771,4.788,4.769,4.785,19520.5
2025-12-20 06:15:00,4.785,4.794,4.784,4.79,24329.9
2025-12-20 06:30:00,4.791,4.796,4.785,4.787,35008.5
2025-12-20 06:45:00,4.788,4.791,4.78,4.79,18862.3
2025-12-20 07:00:00,4.791,4.799,4.784,4.793,32513.0
2025-12-20 07:15:00,4.793,4.813,4.782,4.811,30007.2
2025-12-20 07:30:00,4.811,4.832,4.809,4.823,60791.8
2025-12-20 07:45:00,4.824,4.838,4.823,4.835,16656.5
2025-12-20 08:00:00,4.836,4.849,4.835,4.845,30521.9
2025-12-20 08:15:00,4.846,4.867,4.844,4.863,68714.3
2025-12-20 08:30:00,4.863,4.874,4.857,4.863,63906.7
2025-12-20 08:45:00,4.863,4.863,4.838,4.843,35633.8
2025-12-20 09:00:00,4.843,4.853,4.839,4.847,22998.7
2025-12-20 09:15:00,4.846,4.846,4.837,4.84,36233.4
2025-12-20 09:30:00,4.841,4.856,4.841,4.848,37624.8
2025-12-20 09:45:00,4.848,4.848,4.837,4.838,41394.2
2025-12-20 10:00:00,4.839,4.842,4.831,4.832,29154.2
2025-12-20 10:15:00,4.832,4.832,4.814,4.818,43546.5
2025-12-20 10:30:00,4.818,4.819,4.792,4.8,94902.0
2025-12-20 10:45:00,4.8,4.8,4.791,4.797,22337.2
2025-12-20 11:00:00,4.797,4.804,4.786,4.804,25363.1
2025-12-20 11:15:00,4.805,4.83,4.804,4.827,86510.3
2025-12-20 11:30:00,4.827,4.833,4.822,4.827,23390.7
2025-12-20 11:45:00,4.828,4.831,4.822,4.829,12373.7
2025-12-20 12:00:00,4.829,4.829,4.807,4.81,55857.5
2025-12-20 12:15:00,4.81,4.81,4.802,4.804,17643.1
2025-12-20 12:30:00,4.803,4.804,4.797,4.8,16426.9
2025-12-20 12:45:00,4.8,4.81,4.798,4.806,20991.4
2025-12-20 13:00:00,4.806,4.816,4.784,4.791,57353.3
2025-12-20 13:15:00,4.79,4.805,4.779,4.788,129176.0
2025-12-20 13:30:00,4.787,4.799,4.782,4.797,28606.5
2025-12-20 13:45:00,4.798,4.807,4.793,4.803,35514.9
2025-12-20 14:00:00,4.803,4.804,4.767,4.777,53382.7
2025-12-20 14:15:00,4.778,4.792,4.776,4.791,28412.4
2025-12-20 14:30:00,4.791,4.803,4.79,4.799,23383.5
2025-12-20 14:45:00,4.798,4.825,4.798,4.821,76609.5
2025-12-20 15:00:00,4.822,4.822,4.801,4.808,67123.7
2025-12-20 15:15:00,4.807,4.81,4.782,4.791,61283.5
2025-12-20 15:30:00,4.791,4.802,4.791,4.797,32373.5
2025-12-20 15:45:00,4.798,4.803,4.792,4.795,23454.3
2025-12-20 16:00:00,4.795,4.806,4.788,4.798,47714.5
2025-12-20 16:15:00,4.797,4.798,4.782,4.784,42366.7
2025-12-20 16:30:00,4.783,4.786,4.773,4.779,38001.9
2025-12-20 16:45:00,4.779,4.79,4.775,4.79,26025.0
2025-12-20 17:00:00,4.79,4.804,4.777,4.79,27632.0
2025-12-20 17:15:00,4.79,4.807,4.79,4.803,47733.9
2025-12-20 17:30:00,4.803,4.803,4.777,4.78,42684.9
2025-12-20 17:45:00,4.78,4.786,4.777,4.781,27233.0
2025-12-20 18:00:00,4.781,4.783,4.772,4.776,28739.1
2025-12-20 18:15:00,4.775,4.788,4.774,4.786,40740.5
2025-12-20 18:30:00,4.785,4.789,4.774,4.778,47319.9
2025-12-20 18:45:00,4.777,4.796,4.777,4.788,31006.9
2025-12-20 19:00:00,4.789,4.789,4.773,4.78,37534.6
2025-12-20 19:15:00,4.781,4.782,4.773,4.779,15432.1
2025-12-20 19:30:00,4.778,4.781,4.773,4.779,22499.8
2025-12-20 19:45:00,4.779,4.782,4.771,4.774,42964.8
2025-12-20 20:00:00,4.774,4.775,4.758,4.762,92778.4
2025-12-20 20:15:00,4.763,4.765,4.76,4.765,29557.1
2025-12-20 20:30:00,4.765,4.774,4.756,4.76,60392.4
2025-12-20 20:45:00,4.76,4.77,4.76,4.768,17968.2
2025-12-20 21:00:00,4.768,4.777,4.766,4.775,46022.8
2025-12-20 21:15:00,4.776,4.782,4.766,4.769,22054.8
2025-12-20 21:30:00,4.769,4.773,4.765,4.772,22173.2
2025-12-20 21:45:00,4.772,4.772,4.757,4.764,34059.4
2025-12-20 22:00:00,4.764,4.767,4.746,4.758,41354.6
2025-12-20 22:15:00,4.757,4.765,4.743,4.751,50432.2
2025-12-20 22:30:00,4.75,4.766,4.75,4.762,23032.9
2025-12-20 22:45:00,4.763,4.776,4.752,4.767,37147.2
2025-12-20 23:00:00,4.766,4.775,4.762,4.771,30985.9
2025-12-20 23:15:00,4.772,4.773,4.755,4.756,24184.5
2025-12-20 23:30:00,4.756,4.765,4.753,4.758,30141.6
2025-12-20 23:45:00,4.758,4.766,4.756,4.759,35449.2
2025-12-21 00:00:00,4.759,4.764,4.75,4.753,43465.8
2025-12-21 00:15:00,4.753,4.768,4.751,4.759,41154.4
2025-12-21 00:30:00,4.759,4.761,4.741,4.746,54669.6
2025-12-21 00:45:00,4.747,4.749,4.737,4.746,29433.2
2025-12-21 01:00:00,4.746,4.746,4.732,4.734,34272.4
2025-12-21 01:15:00,4.734,4.743,4.732,4.733,12900.1
2025-12-21 01:30:00,4.733,4.74,4.713,4.72,89786.2
2025-12-21 01:45:00,4.72,4.729,4.716,4.716,42319.3
2025-12-21 02:00:00,4.716,4.729,4.71,4.717,39869.0
2025-12-21 02:15:00,4.717,4.718,4.693,4.713,61010.0
2025-12-21 02:30:00,4.712,4.712,4.694,4.698,28695.6
2025-12-21 02:45:00,4.697,4.707,4.693,4.7,39448.0
2025-12-21 03:00:00,4.7,4.726,4.698,4.722,41908.3
2025-12-21 03:15:00,4.722,4.743,4.722,4.731,26159.6
2025-12-21 03:30:00,4.731,4.737,4.725,4.729,11987.4
2025-12-21 03:45:00,4.729,4.733,4.725,4.725,7003.8
2025-12-21 04:00:00,4.726,4.733,4.72,4.724,25039.5
2025-12-21 04:15:00,4.724,4.729,4.719,4.724,17960.9
2025-12-21 04:30:00,4.725,4.727,4.715,4.715,13396.8
2025-12-21 04:45:00,4.715,4.716,4.712,4.716,9198.4
2025-12-21 05:00:00,4.716,4.737,4.712,4.733,34072.1
2025-12-21 05:15:00,4.733,4.744,4.731,4.74,23230.8
2025-12-21 05:30:00,4.74,4.74,4.727,4.728,9811.8
2025-12-21 05:45:00,4.729,4.73,4.721,4.722,8999.4
2025-12-21 06:00:00,4.723,4.725,4.713,4.715,45103.2
2025-12-21 06:15:00,4.714,4.721,4.701,4.706,52437.2
2025-12-21 06:30:00,4.707,4.711,4.702,4.706,18799.4
2025-12-21 06:45:00,4.706,4.714,4.705,4.709,28384.8
2025-12-21 07:00:00,4.709,4.711,4.698,4.701,37943.5
2025-12-21 07:15:00,4.701,4.711,4.7,4.706,44288.9
2025-12-21 07:30:00,4.707,4.71,4.699,4.7,62652.9
2025-12-21 07:45:00,4.7,4.707,4.698,4.702,22530.7
2025-12-21 08:00:00,4.703,4.706,4.686,4.691,60539.5
2025-12-21 08:15:00,4.691,4.7,4.688,4.699,28706.7
2025-12-21 08:30:00,4.698,4.721,4.693,4.706,119390.6
2025-12-21 08:45:00,4.707,4.715,4.688,4.69,73366.1
2025-12-21 09:00:00,4.691,4.713,4.671,4.678,157021.6
2025-12-21 09:15:00,4.678,4.711,4.672,4.699,359002.2
2025-12-21 09:30:00,4.699,4.721,4.694,4.713,83814.0
2025-12-21 09:45:00,4.714,4.751,4.713,4.727,121673.5
2025-12-21 10:00:00,4.728,4.735,4.72,4.725,51186.9
2025-12-21 10:15:00,4.726,4.734,4.716,4.721,30613.6
2025-12-21 10:30:00,4.722,4.723,4.699,4.711,62743.3
2025-12-21 10:45:00,4.711,4.711,4.686,4.698,25461.3
2025-12-21 11:00:00,4.699,4.701,4.686,4.691,58545.1
2025-12-21 11:15:00,4.691,4.708,4.683,4.693,37478.1
2025-12-21 11:30:00,4.693,4.694,4.681,4.685,31909.9
2025-12-21 11:45:00,4.684,4.684,4.668,4.672,50991.4
2025-12-21 12:00:00,4.672,4.684,4.667,4.677,38901.6
2025-12-21 12:15:00,4.677,4.692,4.674,4.675,39957.7
2025-12-21 12:30:00,4.676,4.681,4.635,4.641,137126.7
2025-12-21 12:45:00,4.642,4.651,4.634,4.644,83936.6
2025-12-21 13:00:00,4.645,4.645,4.571,4.607,305401.3
2025-12-21 13:15:00,4.607,4.607,4.566,4.572,132007.5
2025-12-21 13:30:00,4.572,4.579,4.54,4.545,217403.6
2025-12-21 13:45:00,4.544,4.546,4.509,4.514,159213.3
2025-12-21 14:00:00,4.514,4.57,4.508,4.537,207885.2
2025-12-21 14:15:00,4.538,4.553,4.532,4.541,54435.6
2025-12-21 14:30:00,4.541,4.549,4.519,4.53,79943.3
2025-12-21 14:45:00,4.531,4.537,4.522,4.532,43924.0
2025-12-21 15:00:00,4.532,4.536,4.515,4.525,46294.3
2025-12-21 15:15:00,4.525,4.534,4.512,4.52,47299.9
2025-12-21 15:30:00,4.52,4.53,4.5,4.505,74595.4
2025-12-21 15:45:00,4.505,4.536,4.502,4.515,118594.1
2025-12-21 16:00:00,4.515,4.526,4.508,4.514,117728.4
2025-12-21 16:15:00,4.515,4.559,4.509,4.545,78415.9
2025-12-21 16:30:00,4.545,4.567,4.544,4.56,68426.9
2025-12-21 16:45:00,4.56,4.569,4.552,4.566,37229.9
2025-12-21 17:00:00,4.566,4.593,4.561,4.59,86366.1
2025-12-21 17:15:00,4.59,4.605,4.574,4.577,51570.6
2025-12-21 17:30:00,4.578,4.594,4.57,4.575,47002.9
2025-12-21 17:45:00,4.575,4.579,4.561,4.567,33682.1
2025-12-21 18:00:00,4.568,4.575,4.533,4.537,98193.9
2025-12-21 18:15:00,4.537,4.564,4.534,4.56,44837.7
2025-12-21 18:30:00,4.56,4.582,4.557,4.579,36897.0
2025-12-21 18:45:00,4.58,4.581,4.567,4.574,27148.1
2025-12-21 19:00:00,4.575,4.593,4.574,4.58,52858.6
2025-12-21 19:15:00,4.581,4.584,4.569,4.571,19755.7
2025-12-21 19:30:00,4.571,4.571,4.544,4.568,70379.4
2025-12-21 19:45:00,4.569,4.594,4.564,4.584,34137.4
2025-12-21 20:00:00,4.584,4.586,4.564,4.564,36359.9
2025-12-21 20:15:00,4.565,4.57,4.545,4.552,36397.4
2025-12-21 20:30:00,4.553,4.556,4.541,4.543,31692.3
2025-12-21 20:45:00,4.544,4.549,4.536,4.545,41922.5
2025-12-21 21:00:00,4.546,4.553,4.535,4.544,28878.0
2025-12-21 21:15:00,4.544,4.558,4.539,4.539,37504.6
2025-12-21 21:30:00,4.539,4.55,4.52,4.521,51012.8
2025-12-21 21:45:00,4.521,4.521,4.506,4.507,49585.9
2025-12-21 22:00:00,4.508,4.53,4.501,4.527,76482.3
2025-12-21 22:15:00,4.528,4.54,4.517,4.527,30072.9
2025-12-21 22:30:00,4.528,4.545,4.526,4.543,31599.7
2025-12-21 22:45:00,4.544,4.576,4.543,4.572,25981.1
2025-12-21 23:00:00,4.572,4.609,4.572,4.582,82982.4
2025-12-21 23:15:00,4.583,4.597,4.558,4.558,39273.5
2025-12-21 23:30:00,4.558,4.564,4.54,4.553,59213.5
2025-12-21 23:45:00,4.554,4.567,4.551,4.554,21841.6
2025-12-22 00:00:00,4.555,4.666,4.552,4.656,244458.5
2025-12-22 00:15:00,4.657,4.692,4.599,4.622,221805.1
2025-12-22 00:30:00,4.622,4.649,4.6,4.628,216920.3
2025-12-22 00:45:00,4.628,4.637,4.596,4.596,71594.4
2025-12-22 01:00:00,4.596,4.634,4.592,4.626,161355.3
2025-12-22 01:15:00,4.626,4.651,4.619,4.633,57164.5
2025-12-22 01:30:00,4.633,4.662,4.632,4.64,55096.5
2025-12-22 01:45:00,4.64,4.647,4.597,4.603,46227.4
2025-12-22 02:00:00,4.604,4.604,4.524,4.559,198658.5
2025-12-22 02:15:00,4.56,4.568,4.544,4.551,54646.5
2025-12-22 02:30:00,4.55,4.571,4.547,4.558,43080.4
2025-12-22 02:45:00,4.558,4.576,4.558,4.568,31881.2
2025-12-22 03:00:00,4.568,4.612,4.554,4.597,83442.1
2025-12-22 03:15:00,4.596,4.635,4.592,4.633,71271.5
2025-12-22 03:30:00,4.632,4.645,4.612,4.625,81388.0
2025-12-22 03:45:00,4.625,4.639,4.612,4.624,24498.0
2025-12-22 04:00:00,4.624,4.63,4.618,4.62,36733.2
2025-12-22 04:15:00,4.62,4.655,4.62,4.65,47034.1
2025-12-22 04:30:00,4.65,4.653,4.613,4.639,86520.1
2025-12-22 04:45:00,4.638,4.644,4.627,4.635,39194.0
2025-12-22 05:00:00,4.635,4.65,4.622,4.637,49601.1
2025-12-22 05:15:00,4.637,4.644,4.625,4.627,25127.0
2025-12-22 05:30:00,4.626,4.646,4.614,4.632,32559.0
2025-12-22 05:45:00,4.631,4.644,4.621,4.624,20199.6
2025-12-22 06:00:00,4.624,4.629,4.616,4.622,29241.8
2025-12-22 06:15:00,4.621,4.646,4.618,4.635,31332.6
2025-12-22 06:30:00,4.635,4.654,4.633,4.653,54020.5
2025-12-22 06:45:00,4.653,4.655,4.618,4.62,39974.5
2025-12-22 07:00:00,4.619,4.641,4.613,4.638,65096.6
2025-12-22 07:15:00,4.638,4.639,4.622,4.629,31327.6
2025-12-22 07:30:00,4.629,4.633,4.612,4.623,31273.7
2025-12-22 07:45:00,4.624,4.624,4.606,4.62,22507.2
2025-12-22 08:00:00,4.62,4.649,4.616,4.631,73577.6
2025-12-22 08:15:00,4.632,4.699,4.631,4.688,129055.7
2025-12-22 08:30:00,4.688,4.695,4.656,4.668,140581.6
2025-12-22 08:45:00,4.668,4.671,4.627,4.63,57133.3
2025-12-22 09:00:00,4.631,4.633,4.612,4.615,61552.3
2025-12-22 09:15:00,4.616,4.637,4.615,4.627,43899.2
2025-12-22 09:30:00,4.627,4.636,4.612,4.615,42792.8
2025-12-22 09:45:00,4.615,4.635,4.608,4.634,47500.9
2025-12-22 10:00:00,4.633,4.664,4.629,4.661,89962.9
2025-12-22 10:15:00,4.661,4.674,4.659,4.659,60610.4
2025-12-22 10:30:00,4.66,4.671,4.655,4.659,37242.0
2025-12-22 10:45:00,4.659,4.664,4.656,4.659,23882.3
2025-12-22 11:00:00,4.659,4.664,4.653,4.656,22139.4
2025-12-22 11:15:00,4.656,4.658,4.645,4.654,33975.8
2025-12-22 11:30:00,4.653,4.682,4.652,4.678,88224.2
2025-12-22 11:45:00,4.679,4.701,4.675,4.683,85760.9
2025-12-22 12:00:00,4.684,4.719,4.681,4.706,121885.6
2025-12-22 12:15:00,4.706,4.722,4.698,4.703,108570.4
2025-12-22 12:30:00,4.704,4.736,4.686,4.703,140601.6
2025-12-22 12:45:00,4.703,4.709,4.693,4.707,31582.9
2025-12-22 13:00:00,4.708,4.722,4.698,4.708,29563.0
2025-12-22 13:15:00,4.709,4.716,4.695,4.71,61995.3
2025-12-22 13:30:00,4.711,4.711,4.673,4.678,70397.2
2025-12-22 13:45:00,4.677,4.704,4.676,4.701,35509.8
2025-12-22 14:00:00,4.702,4.731,4.698,4.724,137030.1
2025-12-22 14:15:00,4.724,4.746,4.724,4.728,105729.2
2025-12-22 14:30:00,4.729,4.748,4.67,4.703,297123.9
2025-12-22 14:45:00,4.702,4.745,4.693,4.708,132140.3
2025-12-22 15:00:00,4.708,4.746,4.675,4.675,139397.7
2025-12-22 15:15:00,4.675,4.705,4.65,4.683,153822.2
2025-12-22 15:30:00,4.683,4.685,4.631,4.672,106185.7
2025-12-22 15:45:00,4.673,4.709,4.654,4.698,75602.9
2025-12-22 16:00:00,4.698,4.734,4.693,4.729,66689.6
2025-12-22 16:15:00,4.73,4.747,4.725,4.74,52346.6
2025-12-22 16:30:00,4.74,4.741,4.697,4.698,94707.8
2025-12-22 16:45:00,4.697,4.717,4.696,4.712,64279.3
2025-12-22 17:00:00,4.712,4.718,4.677,4.697,74382.5
2025-12-22 17:15:00,4.698,4.71,4.687,4.701,36084.4
2025-12-22 17:30:00,4.701,4.726,4.696,4.711,46462.0
2025-12-22 17:45:00,4.711,4.725,4.701,4.718,25660.4
2025-12-22 18:00:00,4.718,4.73,4.709,4.722,34076.0
2025-12-22 18:15:00,4.723,4.747,4.719,4.744,58317.0
2025-12-22 18:30:00,4.745,4.755,4.737,4.744,76584.0
2025-12-22 18:45:00,4.745,4.748,4.695,4.705,135765.6
2025-12-22 19:00:00,4.705,4.706,4.643,4.655,154186.4
2025-12-22 19:15:00,4.653,4.672,4.618,4.625,164219.7
2025-12-22 19:30:00,4.624,4.63,4.6,4.615,174935.3
2025-12-22 19:45:00,4.614,4.615,4.568,4.581,106709.9
2025-12-22 20:00:00,4.58,4.615,4.573,4.6,83720.7
2025-12-22 20:15:00,4.599,4.603,4.555,4.564,91337.5
2025-12-22 20:30:00,4.564,4.586,4.557,4.58,56564.8
2025-12-22 20:45:00,4.579,4.593,4.551,4.57,123272.3
2025-12-22 21:00:00,4.569,4.592,4.569,4.585,55673.3
2025-12-22 21:15:00,4.585,4.6,4.577,4.597,41346.4
2025-12-22 21:30:00,4.596,4.621,4.591,4.612,45067.6
2025-12-22 21:45:00,4.612,4.613,4.584,4.591,35998.6
2025-12-22 22:00:00,4.591,4.614,4.587,4.604,87516.8
2025-12-22 22:15:00,4.605,4.643,4.603,4.64,85323.7
2025-12-22 22:30:00,4.64,4.653,4.631,4.635,57881.0
2025-12-22 22:45:00,4.635,4.683,4.634,4.672,61312.1
2025-12-22 23:00:00,4.673,4.68,4.655,4.67,151492.5
2025-12-22 23:15:00,4.67,4.671,4.656,4.664,39762.0
2025-12-22 23:30:00,4.665,4.668,4.646,4.65,25602.7
2025-12-22 23:45:00,4.65,4.664,4.643,4.66,31356.3
2025-12-23 00:00:00,4.661,4.662,4.649,4.66,58102.8
2025-12-23 00:15:00,4.661,4.691,4.659,4.678,73272.6
2025-12-23 00:30:00,4.679,4.702,4.669,4.678,49824.1
2025-12-23 00:45:00,4.678,4.693,4.673,4.684,20096.0
2025-12-23 01:00:00,4.685,4.692,4.667,4.668,38711.8
2025-12-23 01:15:00,4.668,4.676,4.657,4.657,20113.4
2025-12-23 01:30:00,4.658,4.666,4.642,4.65,42337.8
2025-12-23 01:45:00,4.65,4.659,4.647,4.65,22089.4
2025-12-23 02:00:00,4.65,4.68,4.637,4.671,63549.7
2025-12-23 02:15:00,4.67,4.692,4.67,4.681,40612.5
2025-12-23 02:30:00,4.681,4.687,4.627,4.635,67428.3
2025-12-23 02:45:00,4.634,4.639,4.618,4.623,63496.9
2025-12-23 03:00:00,4.623,4.623,4.589,4.619,72920.8
2025-12-23 03:15:00,4.619,4.64,4.618,4.625,38869.4
2025-12-23 03:30:00,4.624,4.638,4.616,4.633,28434.5
2025-12-23 03:45:00,4.632,4.633,4.621,4.622,22673.2
2025-12-23 04:00:00,4.621,4.652,4.613,4.64,69415.3
2025-12-23 04:15:00,4.641,4.646,4.632,4.632,20826.3
2025-12-23 04:30:00,4.633,4.634,4.615,4.626,27393.6
2025-12-23 04:45:00,4.625,4.635,4.612,4.612,33414.9
2025-12-23 05:00:00,4.612,4.617,4.604,4.607,45637.0
2025-12-23 05:15:00,4.607,4.622,4.604,4.622,32538.2
2025-12-23 05:30:00,4.622,4.623,4.577,4.604,110694.7
2025-12-23 05:45:00,4.604,4.616,4.594,4.61,20716.3
2025-12-23 06:00:00,4.609,4.615,4.587,4.598,64744.6
2025-12-23 06:15:00,4.598,4.604,4.556,4.567,162025.9
2025-12-23 06:30:00,4.567,4.58,4.556,4.573,112344.4
2025-12-23 06:45:00,4.573,4.578,4.564,4.572,33761.2
2025-12-23 07:00:00,4.571,4.583,4.558,4.563,72007.2
2025-12-23 07:15:00,4.563,4.587,4.555,4.578,54095.8
2025-12-23 07:30:00,4.579,4.588,4.57,4.578,42586.5
2025-12-23 07:45:00,4.579,4.587,4.569,4.577,35533.7
2025-12-23 08:00:00,4.577,4.601,4.568,4.598,57916.3
2025-12-23 08:15:00,4.597,4.614,4.595,4.607,83040.2
2025-12-23 08:30:00,4.608,4.616,4.598,4.598,46154.1
2025-12-23 08:45:00,4.599,4.599,4.57,4.577,40511.6
2025-12-23 09:00:00,4.576,4.592,4.572,4.584,62886.3
2025-12-23 09:15:00,4.584,4.587,4.554,4.569,75504.0
2025-12-23 09:30:00,4.568,4.58,4.561,4.574,52399.1
2025-12-23 09:45:00,4.575,4.587,4.574,4.582,43221.0
2025-12-23 10:00:00,4.582,4.598,4.58,4.587,19926.3
2025-12-23 10:15:00,4.588,4.614,4.583,4.601,24533.9
2025-12-23 10:30:00,4.601,4.602,4.583,4.588,39937.5
2025-12-23 10:45:00,4.589,4.602,4.586,4.591,21625.3
2025-12-23 11:00:00,4.591,4.595,4.581,4.586,31680.3
2025-12-23 11:15:00,4.586,4.606,4.582,4.592,46796.1
2025-12-23 11:30:00,4.593,4.6,4.587,4.597,34028.3
2025-12-23 11:45:00,4.597,4.601,4.587,4.591,19719.3
2025-12-23 12:00:00,4.591,4.591,4.562,4.564,101121.2
2025-12-23 12:15:00,4.564,4.565,4.548,4.554,125684.4
2025-12-23 12:30:00,4.554,4.574,4.545,4.573,102280.5
2025-12-23 12:45:00,4.573,4.584,4.566,4.566,65179.0
2025-12-23 13:00:00,4.566,4.584,4.563,4.58,34588.7
2025-12-23 13:15:00,4.581,4.593,4.569,4.591,39620.3
2025-12-23 13:30:00,4.591,4.604,4.524,4.57,370795.6
2025-12-23 13:45:00,4.569,4.572,4.547,4.562,134012.8
2025-12-23 14:00:00,4.562,4.58,4.555,4.561,138623.5
2025-12-23 14:15:00,4.561,4.564,4.534,4.551,138261.2
2025-12-23 14:30:00,4.551,4.581,4.527,4.55,312470.6
2025-12-23 14:45:00,4.55,4.551,4.478,4.521,460723.6
2025-12-23 15:00:00,4.52,4.55,4.501,4.517,222319.7
2025-12-23 15:15:00,4.518,4.564,4.517,4.546,94750.6
2025-12-23 15:30:00,4.546,4.563,4.539,4.543,73283.9
2025-12-23 15:45:00,4.543,4.553,4.534,4.547,42337.7
2025-12-23 16:00:00,4.547,4.599,4.536,4.58,210118.7
2025-12-23 16:15:00,4.581,4.616,4.58,4.595,185468.7
2025-12-23 16:30:00,4.596,4.606,4.57,4.586,114186.1
2025-12-23 16:45:00,4.586,4.62,4.584,4.596,106352.1
2025-12-23 17:00:00,4.596,4.623,4.592,4.594,102159.9
2025-12-23 17:15:00,4.596,4.616,4.59,4.59,90049.8
2025-12-23 17:30:00,4.59,4.601,4.58,4.592,90879.2
2025-12-23 17:45:00,4.592,4.594,4.521,4.524,102483.7
2025-12-23 18:00:00,4.524,4.558,4.523,4.55,116205.9
2025-12-23 18:15:00,4.549,4.583,4.543,4.579,85038.3
2025-12-23 18:30:00,4.579,4.639,4.579,4.635,197105.9
2025-12-23 18:45:00,4.635,4.637,4.616,4.628,68640.5
2025-12-23 19:00:00,4.628,4.642,4.606,4.615,74934.7
2025-12-23 19:15:00,4.615,4.626,4.595,4.596,77750.8
2025-12-23 19:30:00,4.596,4.608,4.592,4.602,34410.4
2025-12-23 19:45:00,4.603,4.607,4.592,4.605,42968.9
2025-12-23 20:00:00,4.605,4.61,4.591,4.605,77471.8
2025-12-23 20:15:00,4.605,4.621,4.604,4.609,50352.8
2025-12-23 20:30:00,4.608,4.663,4.605,4.657,138983.4
2025-12-23 20:45:00,4.657,4.672,4.614,4.622,92083.5
2025-12-23 21:00:00,4.623,4.629,4.602,4.616,46326.3
2025-12-23 21:15:00,4.615,4.625,4.608,4.612,23288.4
2025-12-23 21:30:00,4.611,4.617,4.607,4.612,13261.9
2025-12-23 21:45:00,4.612,4.618,4.605,4.607,18411.4
2025-12-23 22:00:00,4.607,4.621,4.588,4.594,58097.1
2025-12-23 22:15:00,4.595,4.601,4.58,4.585,22278.8
2025-12-23 22:30:00,4.585,4.6,4.566,4.599,35235.1
2025-12-23 22:45:00,4.599,4.602,4.58,4.584,29272.9
2025-12-23 23:00:00,4.583,4.589,4.569,4.582,49862.2
2025-12-23 23:15:00,4.581,4.587,4.571,4.586,43864.8
2025-12-23 23:30:00,4.586,4.602,4.584,4.598,31939.5
2025-12-23 23:45:00,4.598,4.603,4.592,4.603,28785.0
2025-12-24 00:00:00,4.603,4.619,4.596,4.602,69191.3
2025-12-24 00:15:00,4.602,4.611,4.59,4.6,29742.5
2025-12-24 00:30:00,4.6,4.602,4.59,4.6,21370.7
2025-12-24 00:45:00,4.6,4.615,4.593,4.609,42054.4
2025-12-24 01:00:00,4.61,4.629,4.609,4.611,50220.9
2025-12-24 01:15:00,4.612,4.614,4.602,4.606,31243.7
2025-12-24 01:30:00,4.606,4.608,4.578,4.583,41139.0
2025-12-24 01:45:00,4.582,4.584,4.571,4.578,42686.0
2025-12-24 02:00:00,4.577,4.579,4.552,4.563,54690.6
2025-12-24 02:15:00,4.562,4.565,4.551,4.557,34528.0
2025-12-24 02:30:00,4.557,4.561,4.502,4.518,122456.7
2025-12-24 02:45:00,4.517,4.527,4.509,4.514,50409.2
2025-12-24 03:00:00,4.513,4.513,4.486,4.494,82315.1
2025-12-24 03:15:00,4.493,4.52,4.488,4.518,40773.5
2025-12-24 03:30:00,4.517,4.544,4.515,4.544,79987.4
2025-12-24 03:45:00,4.543,4.556,4.538,4.547,45718.0
2025-12-24 04:00:00,4.547,4.58,4.542,4.57,44162.1
2025-12-24 04:15:00,4.57,4.571,4.542,4.544,46340.8
2025-12-24 04:30:00,4.543,4.543,4.526,4.532,35506.0
2025-12-24 04:45:00,4.532,4.537,4.51,4.511,34419.9
2025-12-24 05:00:00,4.51,4.523,4.507,4.512,44455.7
2025-12-24 05:15:00,4.513,4.513,4.476,4.482,120094.8
2025-12-24 05:30:00,4.483,4.489,4.464,4.468,87766.1
2025-12-24 05:45:00,4.468,4.487,4.463,4.48,94592.4
2025-12-24 06:00:00,4.481,4.484,4.462,4.476,68635.0
2025-12-24 06:15:00,4.476,4.499,4.471,4.488,31152.1
2025-12-24 06:30:00,4.488,4.497,4.482,4.494,44329.5
2025-12-24 06:45:00,4.493,4.496,4.486,4.49,16042.6
2025-12-24 07:00:00,4.49,4.504,4.488,4.492,47061.7
2025-12-24 07:15:00,4.492,4.497,4.484,4.487,26014.8
2025-12-24 07:30:00,4.487,4.504,4.485,4.499,40749.3
2025-12-24 07:45:00,4.5,4.509,4.473,4.473,66342.6
2025-12-24 08:00:00,4.474,4.487,4.469,4.479,87117.4
2025-12-24 08:15:00,4.479,4.487,4.461,4.473,98246.9
2025-12-24 08:30:00,4.472,4.484,4.451,4.476,111621.8
2025-12-24 08:45:00,4.476,4.478,4.461,4.465,26693.8
2025-12-24 09:00:00,4.466,4.49,4.466,4.486,41471.1
2025-12-24 09:15:00,4.486,4.49,4.475,4.477,65591.8
2025-12-24 09:30:00,4.478,4.487,4.472,4.48,42158.2
2025-12-24 09:45:00,4.481,4.489,4.471,4.475,41043.8
2025-12-24 10:00:00,4.475,4.488,4.474,4.485,70361.3
2025-12-24 10:15:00,4.486,4.486,4.459,4.467,129676.6
2025-12-24 10:30:00,4.467,4.474,4.463,4.465,40413.9
2025-12-24 10:45:00,4.465,4.47,4.441,4.443,94253.9
2025-12-24 11:00:00,4.443,4.469,4.443,4.46,96745.9
2025-12-24 11:15:00,4.461,4.462,4.448,4.448,37948.8
2025-12-24 11:30:00,4.449,4.456,4.446,4.451,21366.6
2025-12-24 11:45:00,4.451,4.455,4.444,4.45,39188.1
2025-12-24 12:00:00,4.451,4.475,4.446,4.468,81126.9
2025-12-24 12:15:00,4.468,4.486,4.464,4.48,63275.1
2025-12-24 12:30:00,4.481,4.484,4.472,4.476,34714.2
2025-12-24 12:45:00,4.476,4.489,4.471,4.481,34489.3
2025-12-24 13:00:00,4.481,4.483,4.473,4.477,44179.5
2025-12-24 13:15:00,4.477,4.48,4.473,4.475,24683.2
2025-12-24 13:30:00,4.475,4.483,4.459,4.47,65389.0
2025-12-24 13:45:00,4.471,4.475,4.461,4.466,23004.7
2025-12-24 14:00:00,4.467,4.489,4.465,4.48,126244.7
2025-12-24 14:15:00,4.481,4.486,4.461,4.463,128793.1
2025-12-24 14:30:00,4.463,4.505,4.42,4.493,327866.5
2025-12-24 14:45:00,4.493,4.519,4.477,4.497,122541.5
2025-12-24 15:00:00,4.498,4.526,4.479,4.482,142899.4
2025-12-24 15:15:00,4.483,4.493,4.464,4.486,73393.2
2025-12-24 15:30:00,4.485,4.54,4.485,4.534,132218.2
2025-12-24 15:45:00,4.533,4.542,4.512,4.53,53098.6
2025-12-24 16:00:00,4.531,4.547,4.521,4.54,137622.4
2025-12-24 16:15:00,4.54,4.54,4.499,4.499,86381.0
2025-12-24 16:30:00,4.5,4.567,4.5,4.556,207575.1
2025-12-24 16:45:00,4.556,4.573,4.541,4.549,74402.9
2025-12-24 17:00:00,4.551,4.566,4.542,4.546,62032.8
2025-12-24 17:15:00,4.546,4.557,4.543,4.545,46074.3
2025-12-24 17:30:00,4.545,4.561,4.516,4.522,81184.5
2025-12-24 17:45:00,4.523,4.526,4.494,4.499,89034.2
2025-12-24 18:00:00,4.499,4.507,4.485,4.497,103501.3
2025-12-24 18:15:00,4.498,4.514,4.495,4.508,53709.6
2025-12-24 18:30:00,4.508,4.51,4.49,4.498,55134.1
2025-12-24 18:45:00,4.497,4.499,4.489,4.49,20010.3
2025-12-24 19:00:00,4.489,4.497,4.484,4.486,30928.5
2025-12-24 19:15:00,4.487,4.493,4.478,4.493,65414.6
2025-12-24 19:30:00,4.493,4.507,4.487,4.507,33579.7
2025-12-24 19:45:00,4.507,4.523,4.504,4.518,24255.2
2025-12-24 20:00:00,4.518,4.543,4.518,4.531,78715.2
2025-12-24 20:15:00,4.531,4.544,4.529,4.538,34643.4
2025-12-24 20:30:00,4.537,4.545,4.53,4.539,32440.0
2025-12-24 20:45:00,4.538,4.543,4.532,4.536,44404.4
2025-12-24 21:00:00,4.535,4.545,4.524,4.534,46903.2
2025-12-24 21:15:00,4.534,4.54,4.527,4.528,39064.5
2025-12-24 21:30:00,4.527,4.541,4.525,4.533,50571.2
2025-12-24 21:45:00,4.532,4.542,4.525,4.54,28587.1
2025-12-24 22:00:00,4.541,4.58,4.539,4.572,70008.3
2025-12-24 22:15:00,4.572,4.583,4.57,4.581,42031.5
2025-12-24 22:30:00,4.581,4.613,4.576,4.597,89064.7
2025-12-24 22:45:00,4.597,4.605,4.595,4.603,8008.2
2025-12-24 23:00:00,4.603,4.608,4.575,4.586,37680.4
2025-12-24 23:15:00,4.586,4.592,4.572,4.575,30783.4
2025-12-24 23:30:00,4.576,4.578,4.569,4.571,16745.3
2025-12-24 23:45:00,4.572,4.58,4.572,4.576,12038.9
2025-12-25 00:00:00,4.577,4.581,4.568,4.572,28529.2
2025-12-25 00:15:00,4.572,4.577,4.554,4.556,34988.0
2025-12-25 00:30:00,4.556,4.566,4.545,4.546,30274.5
2025-12-25 00:45:00,4.546,4.551,4.539,4.544,20044.2
2025-12-25 01:00:00,4.544,4.559,4.542,4.559,27976.1
2025-12-25 01:15:00,4.559,4.567,4.554,4.562,27923.1
2025-12-25 01:30:00,4.561,4.571,4.547,4.571,12192.1
2025-12-25 01:45:00,4.571,4.579,4.568,4.57,17989.3
2025-12-25 02:00:00,4.571,4.573,4.556,4.572,27296.4
2025-12-25 02:15:00,4.571,4.603,4.571,4.602,34222.4
2025-12-25 02:30:00,4.601,4.611,4.594,4.607,76451.8
2025-12-25 02:45:00,4.607,4.617,4.607,4.616,23851.4
2025-12-25 03:00:00,4.616,4.621,4.604,4.612,28623.7
2025-12-25 03:15:00,4.612,4.625,4.609,4.614,44573.8
2025-12-25 03:30:00,4.614,4.621,4.607,4.617,24767.4
2025-12-25 03:45:00,4.618,4.628,4.612,4.625,18117.6
2025-12-25 04:00:00,4.625,4.632,4.614,4.624,41226.1
2025-12-25 04:15:00,4.624,4.641,4.624,4.638,31558.3
2025-12-25 04:30:00,4.639,4.64,4.626,4.635,23629.9
2025-12-25 04:45:00,4.635,4.637,4.628,4.63,17113.5
2025-12-25 05:00:00,4.629,4.631,4.615,4.617,37946.4
2025-12-25 05:15:00,4.616,4.625,4.614,4.62,21159.0
2025-12-25 05:30:00,4.62,4.624,4.605,4.611,21790.2
2025-12-25 05:45:00,4.611,4.611,4.603,4.605,18964.3
2025-12-25 06:00:00,4.605,4.608,4.602,4.608,12493.2
2025-12-25 06:15:00,4.608,4.629,4.608,4.628,25327.2
2025-12-25 06:30:00,4.627,4.634,4.618,4.622,34461.4
2025-12-25 06:45:00,4.622,4.634,4.621,4.625,14952.3
2025-12-25 07:00:00,4.626,4.628,4.603,4.608,27379.6
2025-12-25 07:15:00,4.608,4.609,4.602,4.608,19890.0
2025-12-25 07:30:00,4.607,4.616,4.603,4.616,16890.9
2025-12-25 07:45:00,4.616,4.635,4.615,4.634,41274.5
2025-12-25 08:00:00,4.634,4.659,4.633,4.644,63263.1
2025-12-25 08:15:00,4.643,4.645,4.6,4.614,116228.8
2025-12-25 08:30:00,4.613,4.624,4.611,4.618,18263.5
2025-12-25 08:45:00,4.617,4.627,4.613,4.621,23395.2
2025-12-25 09:00:00,4.621,4.624,4.608,4.613,18001.4
2025-12-25 09:15:00,4.613,4.615,4.601,4.606,47606.8
2025-12-25 09:30:00,4.606,4.616,4.601,4.61,23653.3
2025-12-25 09:45:00,4.609,4.612,4.601,4.606,19764.4
2025-12-25 10:00:00,4.605,4.605,4.584,4.586,56213.9
2025-12-25 10:15:00,4.586,4.591,4.582,4.585,42039.9
2025-12-25 10:30:00,4.585,4.585,4.55,4.56,162607.5
2025-12-25 10:45:00,4.559,4.569,4.555,4.563,65775.4
2025-12-25 11:00:00,4.564,4.581,4.561,4.572,43454.7
2025-12-25 11:15:00,4.573,4.582,4.572,4.578,20400.6
2025-12-25 11:30:00,4.579,4.586,4.57,4.578,19070.1
2025-12-25 11:45:00,4.579,4.59,4.573,4.583,52633.7
2025-12-25 12:00:00,4.583,4.592,4.58,4.583,60598.0
2025-12-25 12:15:00,4.584,4.607,4.584,4.606,36764.6
2025-12-25 12:30:00,4.606,4.607,4.598,4.603,52433.5
2025-12-25 12:45:00,4.603,4.617,4.602,4.616,38617.3
2025-12-25 13:00:00,4.616,4.636,4.614,4.634,67057.3
2025-12-25 13:15:00,4.635,4.635,4.606,4.622,45577.0
2025-12-25 13:30:00,4.622,4.635,4.611,4.625,39535.5
2025-12-25 13:45:00,4.624,4.635,4.619,4.621,24356.9
2025-12-25 14:00:00,4.622,4.636,4.613,4.616,53313.4
2025-12-25 14:15:00,4.615,4.616,4.586,4.592,48170.0
2025-12-25 14:30:00,4.592,4.6,4.584,4.585,35305.1
2025-12-25 14:45:00,4.586,4.597,4.585,4.596,25782.6
2025-12-25 15:00:00,4.597,4.602,4.577,4.58,46043.4
2025-12-25 15:15:00,4.581,4.633,4.574,4.61,107356.6
2025-12-25 15:30:00,4.611,4.658,4.593,4.649,124897.7
2025-12-25 15:45:00,4.649,4.67,4.634,4.639,160487.2
2025-12-25 16:00:00,4.639,4.661,4.634,4.661,78378.9
2025-12-25 16:15:00,4.661,4.675,4.646,4.654,54483.3
2025-12-25 16:30:00,4.655,4.662,4.638,4.649,36042.4
2025-12-25 16:45:00,4.65,4.65,4.605,4.611,52778.2
2025-12-25 17:00:00,4.611,4.618,4.599,4.605,49734.3
2025-12-25 17:15:00,4.605,4.608,4.596,4.598,37393.2
2025-12-25 17:30:00,4.598,4.604,4.594,4.601,30683.4
2025-12-25 17:45:00,4.601,4.626,4.597,4.62,29716.0
2025-12-25 18:00:00,4.621,4.652,4.621,4.649,50984.6
2025-12-25 18:15:00,4.648,4.649,4.631,4.641,39461.6
2025-12-25 18:30:00,4.641,4.647,4.62,4.636,65390.4
2025-12-25 18:45:00,4.635,4.649,4.634,4.639,22223.7
2025-12-25 19:00:00,4.639,4.648,4.636,4.639,21141.2
2025-12-25 19:15:00,4.639,4.64,4.624,4.629,24174.1
2025-12-25 19:30:00,4.628,4.639,4.623,4.633,20408.4
2025-12-25 19:45:00,4.633,4.653,4.627,4.652,14863.4
2025-12-25 20:00:00,4.651,4.663,4.642,4.66,37343.3
2025-12-25 20:15:00,4.66,4.667,4.637,4.646,43739.8
2025-12-25 20:30:00,4.645,4.654,4.635,4.638,26663.2
2025-12-25 20:45:00,4.638,4.649,4.637,4.645,13750.9
2025-12-25 21:00:00,4.645,4.656,4.643,4.652,23816.5
2025-12-25 21:15:00,4.651,4.651,4.641,4.647,32369.5
2025-12-25 21:30:00,4.647,4.647,4.632,4.634,22520.9
2025-12-25 21:45:00,4.635,4.638,4.622,4.635,18386.1
2025-12-25 22:00:00,4.635,4.642,4.614,4.621,47476.5
2025-12-25 22:15:00,4.621,4.627,4.605,4.62,34674.6
2025-12-25 22:30:00,4.62,4.627,4.596,4.598,30518.6
2025-12-25 22:45:00,4.598,4.598,4.507,4.535,179636.9
2025-12-25 23:00:00,4.535,4.545,4.507,4.531,112774.8
2025-12-25 23:15:00,4.531,4.538,4.51,4.51,31707.2
2025-12-25 23:30:00,4.51,4.512,4.432,4.449,272521.4
2025-12-25 23:45:00,4.449,4.45,4.427,4.441,140449.2
2025-12-26 00:00:00,4.44,4.469,4.425,4.447,120850.0
2025-12-26 00:15:00,4.446,4.457,4.414,4.433,93132.3
2025-12-26 00:30:00,4.433,4.452,4.423,4.429,88143.2
2025-12-26 00:45:00,4.43,4.446,4.419,4.446,67235.3
2025-12-26 01:00:00,4.445,4.479,4.431,4.479,69656.2
2025-12-26 01:15:00,4.479,4.495,4.473,4.492,61092.9
2025-12-26 01:30:00,4.491,4.501,4.489,4.497,57261.1
2025-12-26 01:45:00,4.496,4.503,4.486,4.49,30320.8
2025-12-26 02:00:00,4.489,4.588,4.487,4.587,104670.6
2025-12-26 02:15:00,4.588,4.678,4.588,4.656,446463.8
2025-12-26 02:30:00,4.656,4.679,4.637,4.659,132690.1
2025-12-26 02:45:00,4.659,4.669,4.647,4.666,100657.0
2025-12-26 03:00:00,4.666,4.679,4.649,4.657,82958.8
2025-12-26 03:15:00,4.656,4.657,4.616,4.623,75031.2
2025-12-26 03:30:00,4.623,4.656,4.623,4.651,78813.6
2025-12-26 03:45:00,4.651,4.659,4.634,4.646,60367.1
2025-12-26 04:00:00,4.646,4.647,4.604,4.615,56313.4
2025-12-26 04:15:00,4.616,4.632,4.61,4.632,52121.4
2025-12-26 04:30:00,4.633,4.674,4.633,4.667,51366.1
2025-12-26 04:45:00,4.667,4.677,4.656,4.666,41027.2
2025-12-26 05:00:00,4.667,4.669,4.646,4.65,50447.3
2025-12-26 05:15:00,4.65,4.654,4.643,4.652,25330.4
2025-12-26 05:30:00,4.652,4.664,4.649,4.663,18092.6
2025-12-26 05:45:00,4.663,4.684,4.656,4.68,49482.7
2025-12-26 06:00:00,4.68,4.695,4.675,4.686,65483.3
2025-12-26 06:15:00,4.686,4.694,4.666,4.672,51199.8
2025-12-26 06:30:00,4.672,4.674,4.658,4.669,50566.7
2025-12-26 06:45:00,4.669,4.676,4.654,4.671,25921.5
2025-12-26 07:00:00,4.671,4.687,4.665,4.684,66217.0
2025-12-26 07:15:00,4.684,4.705,4.678,4.688,167731.9
2025-12-26 07:30:00,4.687,4.687,4.636,4.638,92407.1
2025-12-26 07:45:00,4.638,4.641,4.613,4.626,83426.9
2025-12-26 08:00:00,4.626,4.652,4.621,4.634,89535.7
2025-12-26 08:15:00,4.635,4.644,4.624,4.629,30836.9
2025-12-26 08:30:00,4.63,4.63,4.614,4.628,51535.2
2025-12-26 08:45:00,4.629,4.643,4.623,4.643,33023.3
2025-12-26 09:00:00,4.643,4.651,4.636,4.642,34801.3
2025-12-26 09:15:00,4.643,4.654,4.636,4.643,17648.1
2025-12-26 09:30:00,4.644,4.66,4.644,4.658,15187.1
2025-12-26 09:45:00,4.658,4.669,4.653,4.662,68912.3
2025-12-26 10:00:00,4.663,4.668,4.652,4.659,23789.0
2025-12-26 10:15:00,4.66,4.663,4.649,4.662,11683.3
2025-12-26 10:30:00,4.663,4.664,4.654,4.658,35660.1
2025-12-26 10:45:00,4.659,4.672,4.657,4.664,17992.8
2025-12-26 11:00:00,4.664,4.667,4.654,4.666,31451.0
2025-12-26 11:15:00,4.667,4.668,4.652,4.66,43953.0
2025-12-26 11:30:00,4.661,4.671,4.661,4.666,24551.1
2025-12-26 11:45:00,4.666,4.675,4.661,4.671,30034.6
2025-12-26 12:00:00,4.671,4.685,4.668,4.678,48751.9
2025-12-26 12:15:00,4.678,4.684,4.669,4.679,22778.6
2025-12-26 12:30:00,4.679,4.689,4.671,4.685,23768.8
2025-12-26 12:45:00,4.686,4.693,4.683,4.688,31546.3
2025-12-26 13:00:00,4.689,4.704,4.682,4.695,54007.3
2025-12-26 13:15:00,4.695,4.704,4.69,4.698,43315.8
2025-12-26 13:30:00,4.699,4.71,4.685,4.691,92159.9
2025-12-26 13:45:00,4.691,4.706,4.691,4.701,43623.8
2025-12-26 14:00:00,4.702,4.703,4.681,4.689,72053.2
2025-12-26 14:15:00,4.69,4.697,4.681,4.683,26468.9
2025-12-26 14:30:00,4.684,4.687,4.635,4.651,132599.2
2025-12-26 14:45:00,4.65,4.652,4.571,4.587,297845.2
2025-12-26 15:00:00,4.588,4.594,4.534,4.553,240402.4
2025-12-26 15:15:00,4.552,4.577,4.54,4.563,157292.9
2025-12-26 15:30:00,4.562,4.591,4.554,4.566,92686.9
2025-12-26 15:45:00,4.567,4.586,4.553,4.563,60002.3
2025-12-26 16:00:00,4.564,4.583,4.555,4.555,63894.8
2025-12-26 16:15:00,4.556,4.58,4.556,4.573,74803.6
2025-12-26 16:30:00,4.574,4.581,4.563,4.565,37494.9
2025-12-26 16:45:00,4.565,4.571,4.525,4.53,55837.3
2025-12-26 17:00:00,4.531,4.554,4.531,4.539,69815.7
2025-12-26 17:15:00,4.54,4.583,4.536,4.579,77089.7
2025-12-26 17:30:00,4.58,4.596,4.569,4.595,65935.7
2025-12-26 17:45:00,4.594,4.605,4.579,4.585,30070.4
2025-12-26 18:00:00,4.585,4.6,4.583,4.598,22682.5
2025-12-26 18:15:00,4.597,4.617,4.593,4.607,43890.3
2025-12-26 18:30:00,4.608,4.63,4.608,4.62,46724.2
2025-12-26 18:45:00,4.619,4.63,4.609,4.619,36421.2
2025-12-26 19:00:00,4.619,4.633,4.615,4.625,24631.1
2025-12-26 19:15:00,4.625,4.639,4.612,4.638,33004.0
2025-12-26 19:30:00,4.638,4.656,4.638,4.65,36575.7
2025-12-26 19:45:00,4.65,4.664,4.643,4.649,39519.3
2025-12-26 20:00:00,4.65,4.655,4.636,4.647,82173.0
2025-12-26 20:15:00,4.648,4.654,4.645,4.648,23882.4
2025-12-26 20:30:00,4.649,4.662,4.641,4.662,24426.5
2025-12-26 20:45:00,4.661,4.674,4.651,4.652,35893.7
2025-12-26 21:00:00,4.653,4.669,4.653,4.664,28142.4
2025-12-26 21:15:00,4.664,4.666,4.642,4.642,25602.0
2025-12-26 21:30:00,4.642,4.642,4.62,4.623,32676.0
2025-12-26 21:45:00,4.624,4.636,4.612,4.614,57256.1
2025-12-26 22:00:00,4.615,4.619,4.601,4.604,59614.4
2025-12-26 22:15:00,4.604,4.616,4.596,4.599,21804.3
2025-12-26 22:30:00,4.6,4.617,4.6,4.604,30099.8
2025-12-26 22:45:00,4.604,4.626,4.602,4.623,24201.2
2025-12-26 23:00:00,4.622,4.638,4.621,4.633,26936.2
2025-12-26 23:15:00,4.634,4.637,4.625,4.628,12966.3
2025-12-26 23:30:00,4.627,4.632,4.619,4.622,16959.1
2025-12-26 23:45:00,4.623,4.635,4.619,4.631,10431.4
2025-12-27 00:00:00,4.631,4.653,4.628,4.65,95207.2
2025-12-27 00:15:00,4.649,4.652,4.611,4.628,197379.8
2025-12-27 00:30:00,4.627,4.641,4.621,4.639,38659.4
2025-12-27 00:45:00,4.638,4.638,4.628,4.637,18860.5
2025-12-27 01:00:00,4.637,4.641,4.62,4.624,32149.0
2025-12-27 01:15:00,4.623,4.628,4.616,4.626,49874.9
2025-12-27 01:30:00,4.626,4.634,4.626,4.629,14322.7
2025-12-27 01:45:00,4.628,4.643,4.62,4.643,18681.3
2025-12-27 02:00:00,4.642,4.65,4.634,4.641,28605.4
2025-12-27 02:15:00,4.641,4.647,4.631,4.645,44575.5
2025-12-27 02:30:00,4.645,4.654,4.639,4.653,19288.4
2025-12-27 02:45:00,4.654,4.673,4.652,4.667,132137.6
2025-12-27 03:00:00,4.666,4.668,4.653,4.664,25118.0
2025-12-27 03:15:00,4.665,4.685,4.664,4.68,31834.6
2025-12-27 03:30:00,4.68,4.707,4.68,4.685,81763.5
2025-12-27 03:45:00,4.684,4.69,4.678,4.689,16768.1
2025-12-27 04:00:00,4.69,4.693,4.646,4.664,190830.3
2025-12-27 04:15:00,4.664,4.667,4.654,4.654,42843.6
2025-12-27 04:30:00,4.655,4.657,4.645,4.646,30581.1
2025-12-27 04:45:00,4.646,4.648,4.639,4.641,20360.5
2025-12-27 05:00:00,4.64,4.648,4.635,4.639,30446.6
2025-12-27 05:15:00,4.638,4.639,4.632,4.637,19617.3
2025-12-27 05:30:00,4.636,4.639,4.63,4.632,17306.3
2025-12-27 05:45:00,4.631,4.639,4.631,4.636,13058.9
2025-12-27 06:00:00,4.636,4.639,4.628,4.632,34911.1
2025-12-27 06:15:00,4.632,4.632,4.626,4.627,21318.6
2025-12-27 06:30:00,4.627,4.628,4.617,4.62,24420.8
2025-12-27 06:45:00,4.62,4.623,4.615,4.62,20698.5
2025-12-27 07:00:00,4.62,4.631,4.618,4.628,12343.4
2025-12-27 07:15:00,4.628,4.652,4.626,4.646,32720.5
2025-12-27 07:30:00,4.646,4.649,4.635,4.639,15971.3
2025-12-27 07:45:00,4.639,4.647,4.637,4.643,43164.9
2025-12-27 08:00:00,4.642,4.648,4.635,4.636,21502.5
2025-12-27 08:15:00,4.636,4.648,4.632,4.641,29260.2
2025-12-27 08:30:00,4.641,4.647,4.638,4.647,20794.9
2025-12-27 08:45:00,4.646,4.646,4.635,4.636,26244.9
2025-12-27 09:00:00,4.635,4.645,4.634,4.643,21213.2
2025-12-27 09:15:00,4.643,4.652,4.63,4.636,31742.9
2025-12-27 09:30:00,4.637,4.645,4.632,4.644,23392.9
2025-12-27 09:45:00,4.643,4.643,4.624,4.628,58313.8
2025-12-27 10:00:00,4.627,4.631,4.622,4.623,29371.1
2025-12-27 10:15:00,4.622,4.63,4.596,4.596,168960.5
2025-12-27 10:30:00,4.597,4.599,4.573,4.584,87241.8
2025-12-27 10:45:00,4.583,4.61,4.581,4.607,39232.5
2025-12-27 11:00:00,4.608,4.621,4.605,4.61,39036.8
2025-12-27 11:15:00,4.61,4.65,4.606,4.645,68618.4
2025-12-27 11:30:00,4.645,4.652,4.638,4.648,23442.7
2025-12-27 11:45:00,4.647,4.672,4.645,4.666,41123.6
2025-12-27 12:00:00,4.667,4.684,4.653,4.659,177959.0
2025-12-27 12:15:00,4.658,4.672,4.656,4.667,32669.3
2025-12-27 12:30:00,4.666,4.673,4.66,4.673,13325.7
2025-12-27 12:45:00,4.673,4.677,4.655,4.663,36665.2
2025-12-27 13:00:00,4.663,4.667,4.652,4.661,24207.2
2025-12-27 13:15:00,4.661,4.661,4.641,4.642,27521.6
2025-12-27 13:30:00,4.642,4.649,4.633,4.646,32308.8
2025-12-27 13:45:00,4.646,4.648,4.632,4.638,55361.3
2025-12-27 14:00:00,4.637,4.649,4.635,4.645,29848.6
2025-12-27 14:15:00,4.644,4.65,4.641,4.65,17094.1
2025-12-27 14:30:00,4.65,4.667,4.65,4.666,25583.6
2025-12-27 14:45:00,4.665,4.671,4.66,4.669,15261.1
2025-12-27 15:00:00,4.669,4.674,4.663,4.671,26440.6
2025-12-27 15:15:00,4.67,4.675,4.659,4.675,11270.1
2025-12-27 15:30:00,4.675,4.698,4.674,4.691,42813.8
2025-12-27 15:45:00,4.691,4.709,4.689,4.7,37819.6
2025-12-27 16:00:00,4.7,4.713,4.696,4.701,66718.9
2025-12-27 16:15:00,4.702,4.711,4.688,4.693,39691.0
2025-12-27 16:30:00,4.693,4.703,4.685,4.688,26308.8
2025-12-27 16:45:00,4.688,4.695,4.677,4.677,30905.8
2025-12-27 17:00:00,4.677,4.695,4.676,4.691,48778.1
2025-12-27 17:15:00,4.69,4.693,4.678,4.687,20944.3
2025-12-27 17:30:00,4.686,4.692,4.676,4.687,15548.2
2025-12-27 17:45:00,4.687,4.708,4.685,4.705,26003.7
2025-12-27 18:00:00,4.705,4.707,4.694,4.695,20810.0
2025-12-27 18:15:00,4.694,4.703,4.683,4.702,39331.4
2025-12-27 18:30:00,4.701,4.709,4.696,4.701,22966.8
2025-12-27 18:45:00,4.7,4.712,4.7,4.705,12262.7
2025-12-27 19:00:00,4.704,4.713,4.702,4.711,24163.1
2025-12-27 19:15:00,4.71,4.713,4.705,4.713,18837.0
2025-12-27 19:30:00,4.712,4.715,4.705,4.709,16835.2
2025-12-27 19:45:00,4.708,4.722,4.708,4.721,23592.8
2025-12-27 20:00:00,4.72,4.738,4.716,4.721,59124.6
2025-12-27 20:15:00,4.721,4.725,4.708,4.708,13830.6
2025-12-27 20:30:00,4.708,4.717,4.708,4.711,11157.1
2025-12-27 20:45:00,4.71,4.715,4.708,4.715,13057.9
2025-12-27 21:00:00,4.714,4.785,4.714,4.773,160125.9
2025-12-27 21:15:00,4.772,4.784,4.763,4.781,68680.0
2025-12-27 21:30:00,4.782,4.798,4.781,4.785,99221.2
2025-12-27 21:45:00,4.785,4.798,4.785,4.796,26982.4
2025-12-27 22:00:00,4.797,4.83,4.781,4.83,105439.4
2025-12-27 22:15:00,4.83,4.837,4.792,4.793,63206.6
2025-12-27 22:30:00,4.793,4.799,4.74,4.752,226766.1
2025-12-27 22:45:00,4.752,4.793,4.749,4.779,51582.5
2025-12-27 23:00:00,4.779,4.821,4.779,4.817,65292.2
2025-12-27 23:15:00,4.817,4.837,4.811,4.814,57009.2
2025-12-27 23:30:00,4.814,4.822,4.804,4.807,28518.3
2025-12-27 23:45:00,4.807,4.877,4.806,4.848,178321.0
2025-12-28 00:00:00,4.847,4.866,4.823,4.825,88261.0
2025-12-28 00:15:00,4.824,4.835,4.817,4.819,33021.8
2025-12-28 00:30:00,4.819,4.828,4.813,4.819,43259.8
2025-12-28 00:45:00,4.819,4.824,4.809,4.819,23807.4
2025-12-28 01:00:00,4.819,4.832,4.804,4.805,33408.1
2025-12-28 01:15:00,4.806,4.807,4.787,4.795,41593.1
2025-12-28 01:30:00,4.795,4.807,4.791,4.796,27677.3
2025-12-28 01:45:00,4.795,4.808,4.792,4.801,19330.1
2025-12-28 02:00:00,4.801,4.81,4.799,4.806,16468.9
2025-12-28 02:15:00,4.806,4.825,4.804,4.82,19697.1
2025-12-28 02:30:00,4.819,4.829,4.814,4.828,19362.9
2025-12-28 02:45:00,4.828,4.835,4.826,4.829,16107.0
2025-12-28 03:00:00,4.829,4.831,4.813,4.814,35093.7
2025-12-28 03:15:00,4.814,4.825,4.81,4.82,25365.1
2025-12-28 03:30:00,4.82,4.834,4.82,4.828,45029.5
2025-12-28 03:45:00,4.827,4.836,4.824,4.834,14677.7
2025-12-28 04:00:00,4.834,4.835,4.819,4.829,26298.5
2025-12-28 04:15:00,4.828,4.828,4.81,4.819,26795.5
2025-12-28 04:30:00,4.819,4.821,4.804,4.808,15225.6
2025-12-28 04:45:00,4.809,4.815,4.802,4.811,14429.4
2025-12-28 05:00:00,4.812,4.823,4.808,4.821,18979.8
2025-12-28 05:15:00,4.821,4.821,4.808,4.819,17634.9
2025-12-28 05:30:00,4.819,4.838,4.818,4.83,34763.6
2025-12-28 05:45:00,4.831,4.833,4.817,4.822,16887.1
2025-12-28 06:00:00,4.822,4.825,4.816,4.823,16566.7
2025-12-28 06:15:00,4.823,4.84,4.822,4.838,15892.2
2025-12-28 06:30:00,4.839,4.85,4.831,4.839,36851.7
2025-12-28 06:45:00,4.838,4.843,4.831,4.84,17243.9
2025-12-28 07:00:00,4.84,4.85,4.835,4.848,34679.2
2025-12-28 07:15:00,4.847,4.847,4.83,4.83,12594.8
2025-12-28 07:30:00,4.831,4.833,4.821,4.822,13910.1
2025-12-28 07:45:00,4.822,4.833,4.82,4.829,18641.2
2025-12-28 08:00:00,4.83,4.839,4.828,4.834,24229.8
2025-12-28 08:15:00,4.835,4.844,4.832,4.84,16938.5
2025-12-28 08:30:00,4.841,4.862,4.834,4.847,46335.1
2025-12-28 08:45:00,4.847,4.855,4.839,4.842,12830.4
2025-12-28 09:00:00,4.843,4.851,4.835,4.847,32013.8
2025-12-28 09:15:00,4.847,4.849,4.843,4.845,11485.5
2025-12-28 09:30:00,4.846,4.847,4.808,4.813,83376.8
2025-12-28 09:45:00,4.813,4.819,4.811,4.818,15845.7
2025-12-28 10:00:00,4.818,4.848,4.816,4.841,24143.5
2025-12-28 10:15:00,4.841,4.843,4.831,4.834,19148.9
2025-12-28 10:30:00,4.834,4.837,4.826,4.831,20618.1
2025-12-28 10:45:00,4.831,4.835,4.828,4.83,9985.6
2025-12-28 11:00:00,4.83,4.846,4.83,4.843,18245.3
2025-12-28 11:15:00,4.842,4.843,4.825,4.828,9866.1
2025-12-28 11:30:00,4.829,4.829,4.792,4.801,36674.7
2025-12-28 11:45:00,4.801,4.815,4.799,4.807,26174.0
2025-12-28 12:00:00,4.807,4.813,4.8,4.81,23076.4
2025-12-28 12:15:00,4.809,4.809,4.802,4.805,8525.2
2025-12-28 12:30:00,4.805,4.809,4.781,4.783,31702.6
2025-12-28 12:45:00,4.783,4.784,4.768,4.774,52609.6
2025-12-28 13:00:00,4.773,4.792,4.769,4.781,20621.6
2025-12-28 13:15:00,4.78,4.789,4.777,4.779,12049.7
2025-12-28 13:30:00,4.779,4.79,4.779,4.788,14999.3
2025-12-28 13:45:00,4.788,4.791,4.777,4.789,22834.1
2025-12-28 14:00:00,4.789,4.797,4.788,4.793,39108.1
2025-12-28 14:15:00,4.792,4.809,4.792,4.806,28548.4
2025-12-28 14:30:00,4.805,4.819,4.797,4.81,34939.1
2025-12-28 14:45:00,4.81,4.82,4.799,4.804,25488.8
2025-12-28 15:00:00,4.803,4.821,4.801,4.813,22497.7
2025-12-28 15:15:00,4.813,4.818,4.799,4.8,15632.7
2025-12-28 15:30:00,4.801,4.801,4.775,4.783,34296.3
2025-12-28 15:45:00,4.782,4.794,4.778,4.783,23264.8
2025-12-28 16:00:00,4.784,4.796,4.784,4.79,31603.7
2025-12-28 16:15:00,4.79,4.798,4.771,4.786,41408.6
2025-12-28 16:30:00,4.787,4.798,4.785,4.79,22575.6
2025-12-28 16:45:00,4.791,4.797,4.79,4.793,10778.2
2025-12-28 17:00:00,4.793,4.813,4.791,4.808,16078.3
2025-12-28 17:15:00,4.808,4.821,4.8,4.801,17618.8
2025-12-28 17:30:00,4.8,4.802,4.789,4.795,16799.3
2025-12-28 17:45:00,4.795,4.795,4.785,4.787,9102.8
2025-12-28 18:00:00,4.788,4.79,4.766,4.768,43716.0
2025-12-28 18:15:00,4.767,4.769,4.73,4.755,168975.1
2025-12-28 18:30:00,4.755,4.763,4.751,4.754,30891.7
2025-12-28 18:45:00,4.754,4.754,4.728,4.732,38141.3
2025-12-28 19:00:00,4.731,4.747,4.718,4.733,67650.6
2025-12-28 19:15:00,4.733,4.741,4.713,4.713,52968.2
2025-12-28 19:30:00,4.714,4.725,4.708,4.71,40108.6
2025-12-28 19:45:00,4.71,4.722,4.707,4.716,17602.4
2025-12-28 20:00:00,4.716,4.731,4.704,4.722,66695.0
2025-12-28 20:15:00,4.721,4.733,4.72,4.727,15179.0
2025-12-28 20:30:00,4.728,4.737,4.726,4.733,14954.4
2025-12-28 20:45:00,4.733,4.74,4.722,4.723,11358.7
2025-12-28 21:00:00,4.723,4.73,4.713,4.719,48282.7
2025-12-28 21:15:00,4.719,4.726,4.714,4.725,22608.6
2025-12-28 21:30:00,4.725,4.737,4.723,4.729,13694.1
2025-12-28 21:45:00,4.728,4.737,4.727,4.737,16317.9
2025-12-28 22:00:00,4.737,4.74,4.723,4.73,18230.7
2025-12-28 22:15:00,4.73,4.737,4.717,4.736,20602.5
2025-12-28 22:30:00,4.736,4.737,4.727,4.736,10151.5
2025-12-28 22:45:00,4.737,4.759,4.736,4.745,30456.7
2025-12-28 23:00:00,4.746,4.758,4.724,4.726,24120.0
2025-12-28 23:15:00,4.726,4.742,4.723,4.724,24811.1
2025-12-28 23:30:00,4.724,4.744,4.718,4.742,23503.0
2025-12-28 23:45:00,4.743,4.763,4.742,4.757,36569.2
2025-12-29 00:00:00,4.756,4.765,4.748,4.758,47332.2
2025-12-29 00:15:00,4.759,4.793,4.751,4.792,58605.6
2025-12-29 00:30:00,4.793,4.837,4.792,4.792,137565.7
2025-12-29 00:45:00,4.792,4.819,4.792,4.805,38297.5
2025-12-29 01:00:00,4.805,4.807,4.771,4.771,37941.8
2025-12-29 01:15:00,4.771,4.775,4.752,4.772,27403.9
2025-12-29 01:30:00,4.772,4.851,4.759,4.819,151761.5
2025-12-29 01:45:00,4.819,4.834,4.817,4.822,39090.1
2025-12-29 02:00:00,4.822,4.873,4.82,4.854,215256.9
2025-12-29 02:15:00,4.853,4.861,4.815,4.826,95540.8
2025-12-29 02:30:00,4.826,4.832,4.81,4.814,51606.2
2025-12-29 02:45:00,4.815,4.826,4.808,4.814,46480.0
2025-12-29 03:00:00,4.814,4.824,4.802,4.824,41228.2
2025-12-29 03:15:00,4.824,4.828,4.804,4.825,51562.7
2025-12-29 03:30:00,4.825,4.888,4.823,4.878,149998.8
2025-12-29 03:45:00,4.878,4.886,4.867,4.882,73132.2
2025-12-29 04:00:00,4.881,4.885,4.86,4.874,54916.8
2025-12-29 04:15:00,4.873,4.884,4.855,4.867,76379.2
2025-12-29 04:30:00,4.866,4.894,4.86,4.876,62023.6
2025-12-29 04:45:00,4.874,4.876,4.859,4.859,20169.9
2025-12-29 05:00:00,4.859,4.86,4.837,4.854,41619.9
2025-12-29 05:15:00,4.854,4.854,4.84,4.854,38344.5
2025-12-29 05:30:00,4.854,4.878,4.848,4.876,66794.0
2025-12-29 05:45:00,4.876,4.876,4.849,4.852,25835.8
2025-12-29 06:00:00,4.852,4.855,4.827,4.834,82525.0
2025-12-29 06:15:00,4.833,4.85,4.832,4.839,37608.4
2025-12-29 06:30:00,4.84,4.843,4.829,4.842,47382.3
2025-12-29 06:45:00,4.841,4.841,4.806,4.812,50245.1
2025-12-29 07:00:00,4.812,4.821,4.775,4.787,142409.5
2025-12-29 07:15:00,4.787,4.799,4.779,4.794,46217.7
2025-12-29 07:30:00,4.795,4.825,4.793,4.812,50074.1
2025-12-29 07:45:00,4.812,4.825,4.811,4.815,23494.9
2025-12-29 08:00:00,4.815,4.826,4.81,4.819,51249.0
2025-12-29 08:15:00,4.82,4.831,4.814,4.818,33281.5
2025-12-29 08:30:00,4.818,4.82,4.8,4.8,24112.9
2025-12-29 08:45:00,4.8,4.81,4.785,4.792,34157.9
2025-12-29 09:00:00,4.792,4.795,4.774,4.785,33018.9
2025-12-29 09:15:00,4.785,4.791,4.774,4.777,26544.7
2025-12-29 09:30:00,4.778,4.783,4.71,4.714,172012.3
2025-12-29 09:45:00,4.714,4.72,4.684,4.719,202773.3
2025-12-29 10:00:00,4.718,4.747,4.708,4.737,74051.5
2025-12-29 10:15:00,4.736,4.736,4.719,4.73,44901.0
2025-12-29 10:30:00,4.729,4.734,4.725,4.733,27236.3
2025-12-29 10:45:00,4.733,4.744,4.722,4.73,37497.0
2025-12-29 11:00:00,4.729,4.731,4.712,4.731,40437.4
2025-12-29 11:15:00,4.73,4.732,4.721,4.724,20631.3
2025-12-29 11:30:00,4.723,4.728,4.717,4.719,32636.8
2025-12-29 11:45:00,4.718,4.721,4.705,4.707,28547.6
2025-12-29 12:00:00,4.706,4.712,4.609,4.623,489819.0
2025-12-29 12:15:00,4.621,4.66,4.598,4.642,223554.8
2025-12-29 12:30:00,4.643,4.652,4.635,4.638,95811.3
2025-12-29 12:45:00,4.638,4.653,4.634,4.647,38757.2
2025-12-29 13:00:00,4.647,4.656,4.636,4.642,58482.1
2025-12-29 13:15:00,4.642,4.653,4.625,4.629,73843.9
2025-12-29 13:30:00,4.63,4.638,4.625,4.635,37378.9
2025-12-29 13:45:00,4.635,4.639,4.612,4.62,84792.4
2025-12-29 14:00:00,4.619,4.627,4.607,4.625,54871.9
2025-12-29 14:15:00,4.624,4.628,4.595,4.621,84852.8
2025-12-29 14:30:00,4.62,4.689,4.608,4.662,226629.4
2025-12-29 14:45:00,4.662,4.668,4.611,4.625,115608.5
2025-12-29 15:00:00,4.624,4.675,4.615,4.673,158875.0
2025-12-29 15:15:00,4.674,4.684,4.65,4.672,67334.0
2025-12-29 15:30:00,4.671,4.69,4.66,4.684,54008.9
2025-12-29 15:45:00,4.683,4.684,4.647,4.65,70003.6
2025-12-29 16:00:00,4.65,4.651,4.634,4.646,93647.2
2025-12-29 16:15:00,4.645,4.647,4.596,4.604,123265.9
2025-12-29 16:30:00,4.603,4.624,4.601,4.611,95293.9
2025-12-29 16:45:00,4.611,4.632,4.609,4.614,39697.2
2025-12-29 17:00:00,4.614,4.632,4.611,4.618,39428.0
2025-12-29 17:15:00,4.618,4.63,4.597,4.606,43744.4
2025-12-29 17:30:00,4.607,4.615,4.602,4.608,31956.6
2025-12-29 17:45:00,4.609,4.642,4.609,4.639,46528.6
2025-12-29 18:00:00,4.639,4.652,4.624,4.631,62231.6
2025-12-29 18:15:00,4.631,4.645,4.62,4.621,22291.3
2025-12-29 18:30:00,4.622,4.629,4.609,4.61,30319.8
2025-12-29 18:45:00,4.61,4.612,4.583,4.592,102241.8
2025-12-29 19:00:00,4.592,4.629,4.574,4.612,136320.9
2025-12-29 19:15:00,4.613,4.621,4.6,4.604,21775.4
2025-12-29 19:30:00,4.605,4.609,4.593,4.596,43726.5
2025-12-29 19:45:00,4.597,4.603,4.592,4.595,23365.3
2025-12-29 20:00:00,4.596,4.603,4.587,4.6,69144.5
2025-12-29 20:15:00,4.6,4.61,4.572,4.575,45985.5
2025-12-29 20:30:00,4.575,4.584,4.554,4.561,80369.6
2025-12-29 20:45:00,4.561,4.567,4.557,4.562,34522.6
2025-12-29 21:00:00,4.562,4.577,4.541,4.574,152130.9
2025-12-29 21:15:00,4.575,4.575,4.55,4.55,25981.6
2025-12-29 21:30:00,4.551,4.57,4.548,4.566,25399.6
2025-12-29 21:45:00,4.565,4.565,4.555,4.555,27926.4
2025-12-29 22:00:00,4.555,4.555,4.541,4.548,27565.2
2025-12-29 22:15:00,4.548,4.561,4.548,4.555,43626.1
2025-12-29 22:30:00,4.555,4.571,4.55,4.571,35556.6
2025-12-29 22:45:00,4.571,4.572,4.559,4.56,11079.5
2025-12-29 23:00:00,4.559,4.563,4.539,4.555,45150.2
2025-12-29 23:15:00,4.555,4.559,4.534,4.541,46173.2
2025-12-29 23:30:00,4.54,4.547,4.539,4.544,27193.1
2025-12-29 23:45:00,4.544,4.557,4.539,4.553,35581.5
2025-12-30 00:00:00,4.553,4.568,4.552,4.559,43718.2
2025-12-30 00:15:00,4.56,4.562,4.543,4.545,20086.7
2025-12-30 00:30:00,4.545,4.548,4.531,4.547,49365.5
2025-12-30 00:45:00,4.547,4.553,4.546,4.552,14787.5
2025-12-30 01:00:00,4.551,4.569,4.536,4.566,48521.8
2025-12-30 01:15:00,4.565,4.574,4.56,4.57,39922.3
2025-12-30 01:30:00,4.569,4.575,4.558,4.573,32570.6
2025-12-30 01:45:00,4.572,4.582,4.565,4.568,33088.4
2025-12-30 02:00:00,4.569,4.57,4.552,4.563,41796.7
2025-12-30 02:15:00,4.562,4.571,4.548,4.548,27461.6
2025-12-30 02:30:00,4.549,4.562,4.543,4.561,39470.9
2025-12-30 02:45:00,4.56,4.564,4.548,4.552,35434.2
2025-12-30 03:00:00,4.551,4.551,4.533,4.534,59650.9
2025-12-30 03:15:00,4.534,4.555,4.51,4.542,122064.0
2025-12-30 03:30:00,4.541,4.544,4.533,4.538,22726.7
2025-12-30 03:45:00,4.538,4.566,4.536,4.554,43701.6
2025-12-30 04:00:00,4.554,4.56,4.543,4.547,30053.0
2025-12-30 04:15:00,4.546,4.571,4.545,4.569,28010.2
2025-12-30 04:30:00,4.569,4.573,4.562,4.563,26882.8
2025-12-30 04:45:00,4.563,4.566,4.546,4.546,22364.5
2025-12-30 05:00:00,4.545,4.551,4.538,4.547,27837.9
2025-12-30 05:15:00,4.546,4.546,4.527,4.533,29271.4
2025-12-30 05:30:00,4.532,4.532,4.515,4.527,45410.2
2025-12-30 05:45:00,4.526,4.541,4.524,4.534,14992.9
2025-12-30 06:00:00,4.534,4.564,4.532,4.562,65311.1
2025-12-30 06:15:00,4.563,4.576,4.563,4.571,29821.5
2025-12-30 06:30:00,4.57,4.589,4.568,4.58,38100.8
2025-12-30 06:45:00,4.581,4.584,4.568,4.57,28847.2
2025-12-30 07:00:00,4.57,4.581,4.563,4.579,37925.9
2025-12-30 07:15:00,4.579,4.588,4.564,4.566,48559.9
2025-12-30 07:30:00,4.565,4.592,4.561,4.58,43887.2
2025-12-30 07:45:00,4.579,4.582,4.57,4.573,18299.7
2025-12-30 08:00:00,4.572,4.638,4.57,4.623,173254.1
2025-12-30 08:15:00,4.624,4.645,4.597,4.605,105734.0
2025-12-30 08:30:00,4.605,4.62,4.603,4.607,46892.5
2025-12-30 08:45:00,4.607,4.612,4.599,4.599,21732.7
2025-12-30 09:00:00,4.599,4.608,4.587,4.588,72473.3
2025-12-30 09:15:00,4.588,4.6,4.583,4.594,52514.3
2025-12-30 09:30:00,4.595,4.6,4.592,4.598,22147.2
2025-12-30 09:45:00,4.598,4.62,4.594,4.612,46600.2
2025-12-30 10:00:00,4.613,4.621,4.608,4.608,48541.7
2025-12-30 10:15:00,4.608,4.614,4.592,4.592,63970.6
2025-12-30 10:30:00,4.592,4.609,4.586,4.605,58816.7
2025-12-30 10:45:00,4.606,4.607,4.592,4.601,54493.1
2025-12-30 11:00:00,4.602,4.607,4.596,4.603,23455.0
2025-12-30 11:15:00,4.603,4.606,4.59,4.594,59184.4
2025-12-30 11:30:00,4.595,4.605,4.59,4.594,23105.6
2025-12-30 11:45:00,4.595,4.611,4.595,4.607,42482.0
2025-12-30 12:00:00,4.607,4.614,4.6,4.605,40881.6
2025-12-30 12:15:00,4.606,4.606,4.584,4.588,50007.8
2025-12-30 12:30:00,4.589,4.599,4.576,4.576,45485.6
2025-12-30 12:45:00,4.577,4.581,4.575,4.578,26585.9
2025-12-30 13:00:00,4.579,4.592,4.575,4.583,48474.2
2025-12-30 13:15:00,4.584,4.599,4.579,4.59,36279.4
2025-12-30 13:30:00,4.591,4.593,4.575,4.588,35460.6
2025-12-30 13:45:00,4.589,4.593,4.578,4.581,21386.0
2025-12-30 14:00:00,4.581,4.581,4.529,4.559,161265.7
2025-12-30 14:15:00,4.56,4.58,4.55,4.552,54590.8
2025-12-30 14:30:00,4.551,4.574,4.536,4.562,90222.0
2025-12-30 14:45:00,4.563,4.619,4.558,4.6,178697.0
2025-12-30 15:00:00,4.6,4.613,4.555,4.566,123747.3
2025-12-30 15:15:00,4.567,4.582,4.564,4.575,49157.9
2025-12-30 15:30:00,4.576,4.588,4.572,4.581,46928.7
2025-12-30 15:45:00,4.582,4.601,4.573,4.597,69186.1
2025-12-30 16:00:00,4.598,4.602,4.56,4.564,89773.4
2025-12-30 16:15:00,4.565,4.612,4.565,4.587,73138.3
2025-12-30 16:30:00,4.588,4.59,4.543,4.547,74881.2
2025-12-30 16:45:00,4.548,4.557,4.537,4.553,43619.3
2025-12-30 17:00:00,4.554,4.569,4.552,4.556,43808.6
2025-12-30 17:15:00,4.556,4.561,4.545,4.548,43687.6
2025-12-30 17:30:00,4.549,4.557,4.537,4.539,29189.5
2025-12-30 17:45:00,4.54,4.543,4.519,4.534,124999.7
2025-12-30 18:00:00,4.534,4.544,4.526,4.534,45866.3
2025-12-30 18:15:00,4.534,4.537,4.526,4.53,38927.5
2025-12-30 18:30:00,4.531,4.537,4.526,4.534,35848.3
2025-12-30 18:45:00,4.534,4.535,4.51,4.527,75614.4
2025-12-30 19:00:00,4.527,4.527,4.486,4.508,231295.7
2025-12-30 19:15:00,4.508,4.535,4.507,4.53,52123.0
2025-12-30 19:30:00,4.53,4.54,4.527,4.529,28978.1
2025-12-30 19:45:00,4.529,4.539,4.525,4.534,83635.0
2025-12-30 20:00:00,4.533,4.533,4.515,4.518,36433.2
2025-12-30 20:15:00,4.518,4.523,4.506,4.509,63544.7
2025-12-30 20:30:00,4.508,4.515,4.503,4.506,73834.2
2025-12-30 20:45:00,4.506,4.514,4.494,4.497,171614.9
2025-12-30 21:00:00,4.497,4.508,4.491,4.503,62395.1
2025-12-30 21:15:00,4.503,4.506,4.493,4.498,29713.8
2025-12-30 21:30:00,4.498,4.501,4.49,4.497,46763.2
2025-12-30 21:45:00,4.496,4.5,4.49,4.494,19403.1
2025-12-30 22:00:00,4.494,4.515,4.491,4.512,45719.7
2025-12-30 22:15:00,4.511,4.516,4.505,4.512,28252.7
2025-12-30 22:30:00,4.511,4.514,4.501,4.505,35420.2
2025-12-30 22:45:00,4.504,4.509,4.498,4.505,25397.6
2025-12-30 23:00:00,4.504,4.514,4.497,4.507,41730.7
2025-12-30 23:15:00,4.507,4.51,4.482,4.493,129236.1
2025-12-30 23:30:00,4.494,4.496,4.484,4.489,35165.1
2025-12-30 23:45:00,4.488,4.491,4.482,4.484,28063.6
2025-12-31 00:00:00,4.485,4.485,4.466,4.473,59231.3
2025-12-31 00:15:00,4.473,4.485,4.469,4.48,36193.6
2025-12-31 00:30:00,4.48,4.494,4.472,4.484,41177.8
2025-12-31 00:45:00,4.484,4.484,4.466,4.471,62991.2
2025-12-31 01:00:00,4.471,4.487,4.463,4.486,38450.8
2025-12-31 01:15:00,4.487,4.523,4.486,4.5,65569.8
2025-12-31 01:30:00,4.5,4.517,4.497,4.501,85265.8
2025-12-31 01:45:00,4.502,4.506,4.49,4.49,36849.8
2025-12-31 02:00:00,4.491,4.496,4.481,4.494,40100.2
2025-12-31 02:15:00,4.493,4.494,4.478,4.481,31035.8
2025-12-31 02:30:00,4.482,4.493,4.477,4.483,41475.4
2025-12-31 02:45:00,4.484,4.489,4.477,4.488,32215.5
2025-12-31 03:00:00,4.488,4.494,4.481,4.484,28083.1
2025-12-31 03:15:00,4.484,4.484,4.468,4.475,40915.0
2025-12-31 03:30:00,4.475,4.477,4.456,4.46,71404.2
2025-12-31 03:45:00,4.46,4.474,4.457,4.474,20029.0
2025-12-31 04:00:00,4.474,4.482,4.466,4.473,36823.5
2025-12-31 04:15:00,4.474,4.475,4.463,4.465,29732.6
2025-12-31 04:30:00,4.466,4.472,4.465,4.466,26590.0
2025-12-31 04:45:00,4.467,4.47,4.46,4.46,28397.9
2025-12-31 05:00:00,4.46,4.472,4.458,4.464,42584.9
2025-12-31 05:15:00,4.465,4.471,4.458,4.47,29703.3
2025-12-31 05:30:00,4.471,4.471,4.462,4.465,16123.2
2025-12-31 05:45:00,4.466,4.467,4.456,4.459,23130.5
2025-12-31 06:00:00,4.46,4.47,4.45,4.464,40524.5
2025-12-31 06:15:00,4.465,4.466,4.45,4.451,32092.7
2025-12-31 06:30:00,4.451,4.451,4.442,4.442,67516.4
2025-12-31 06:45:00,4.442,4.456,4.441,4.45,36856.4
2025-12-31 07:00:00,4.451,4.455,4.442,4.454,31332.2
2025-12-31 07:15:00,4.455,4.471,4.452,4.461,129756.3
2025-12-31 07:30:00,4.461,4.482,4.458,4.481,41818.7
2025-12-31 07:45:00,4.481,4.483,4.471,4.477,25159.6
2025-12-31 08:00:00,4.478,4.492,4.472,4.491,56279.3
2025-12-31 08:15:00,4.492,4.492,4.473,4.476,18102.7
2025-12-31 08:30:00,4.477,4.478,4.454,4.458,45770.4
2025-12-31 08:45:00,4.458,4.463,4.451,4.457,42092.8
2025-12-31 09:00:00,4.457,4.468,4.457,4.459,32184.2
2025-12-31 09:15:00,4.459,4.468,4.459,4.459,25871.5
2025-12-31 09:30:00,4.458,4.466,4.453,4.458,31052.0
2025-12-31 09:45:00,4.459,4.473,4.459,4.467,28277.1
2025-12-31 10:00:00,4.467,4.469,4.455,4.456,60105.2
2025-12-31 10:15:00,4.456,4.461,4.427,4.435,134318.6
2025-12-31 10:30:00,4.436,4.436,4.422,4.426,47172.4
2025-12-31 10:45:00,4.426,4.429,4.4,4.406,225708.7
2025-12-31 11:00:00,4.406,4.426,4.392,4.418,118530.8
2025-12-31 11:15:00,4.419,4.422,4.413,4.419,33199.6
2025-12-31 11:30:00,4.42,4.424,4.412,4.423,84629.1
2025-12-31 11:45:00,4.423,4.423,4.414,4.418,59810.3
2025-12-31 12:00:00,4.418,4.419,4.405,4.409,60332.5
2025-12-31 12:15:00,4.409,4.41,4.394,4.4,86207.7
2025-12-31 12:30:00,4.4,4.405,4.374,4.38,127225.8
2025-12-31 12:45:00,4.381,4.391,4.374,4.378,89242.5
2025-12-31 13:00:00,4.378,4.394,4.371,4.388,48204.4
2025-12-31 13:15:00,4.389,4.411,4.388,4.406,46081.1
2025-12-31 13:30:00,4.406,4.413,4.401,4.407,44850.2
2025-12-31 13:45:00,4.407,4.428,4.407,4.412,46463.3
2025-12-31 14:00:00,4.413,4.442,4.401,4.42,129063.3
2025-12-31 14:15:00,4.421,4.443,4.413,4.418,122292.9
2025-12-31 14:30:00,4.418,4.422,4.394,4.407,77307.4
2025-12-31 14:45:00,4.408,4.428,4.393,4.421,66143.5
2025-12-31 15:00:00,4.421,4.426,4.382,4.406,95723.0
2025-12-31 15:15:00,4.405,4.415,4.395,4.406,79078.1
2025-12-31 15:30:00,4.406,4.407,4.371,4.381,128741.5
2025-12-31 15:45:00,4.381,4.395,4.376,4.379,70235.6
2025-12-31 16:00:00,4.38,4.388,4.371,4.38,77977.4
2025-12-31 16:15:00,4.38,4.397,4.353,4.359,153671.2
2025-12-31 16:30:00,4.36,4.36,4.244,4.29,474106.5
2025-12-31 16:45:00,4.289,4.298,4.282,4.286,159200.8
2025-12-31 17:00:00,4.285,4.295,4.261,4.264,162556.8
2025-12-31 17:15:00,4.264,4.285,4.26,4.274,78039.1
2025-12-31 17:30:00,4.274,4.277,4.239,4.249,121002.9
2025-12-31 17:45:00,4.249,4.254,4.236,4.248,69321.2
2025-12-31 18:00:00,4.248,4.253,4.22,4.243,150862.6
2025-12-31 18:15:00,4.242,4.254,4.239,4.246,60042.3
2025-12-31 18:30:00,4.245,4.248,4.236,4.248,54782.4
2025-12-31 18:45:00,4.247,4.25,4.22,4.222,58490.4
2025-12-31 19:00:00,4.223,4.243,4.219,4.224,63321.8
2025-12-31 19:15:00,4.225,4.256,4.222,4.251,63905.5
2025-12-31 19:30:00,4.25,4.263,4.239,4.244,51639.5
2025-12-31 19:45:00,4.244,4.25,4.229,4.231,47396.9
2025-12-31 20:00:00,4.231,4.231,4.2,4.216,111232.1
2025-12-31 20:15:00,4.215,4.25,4.212,4.236,74904.2
2025-12-31 20:30:00,4.235,4.262,4.23,4.26,95809.5
2025-12-31 20:45:00,4.26,4.28,4.247,4.261,117380.6
2025-12-31 21:00:00,4.261,4.272,4.258,4.266,48372.8
2025-12-31 21:15:00,4.266,4.279,4.262,4.265,56083.9
2025-12-31 21:30:00,4.264,4.28,4.257,4.259,107481.7
2025-12-31 21:45:00,4.258,4.265,4.252,4.257,39055.5
2025-12-31 22:00:00,4.256,4.274,4.247,4.268,89612.1
2025-12-31 22:15:00,4.269,4.272,4.256,4.268,47386.7
2025-12-31 22:30:00,4.268,4.268,4.25,4.251,26178.5
2025-12-31 22:45:00,4.251,4.254,4.24,4.245,19156.8
2025-12-31 23:00:00,4.244,4.244,4.216,4.218,87050.3
2025-12-31 23:15:00,4.217,4.218,4.185,4.196,254793.6
2025-12-31 23:30:00,4.196,4.2,4.192,4.195,54201.6
2025-12-31 23:45:00,4.195,4.195,4.182,4.186,59762.4
2026-01-01 00:00:00,4.186,4.217,4.181,4.203,129010.9
2026-01-01 00:15:00,4.203,4.231,4.203,4.228,59236.5
2026-01-01 00:30:00,4.228,4.228,4.215,4.218,49647.6
2026-01-01 00:45:00,4.219,4.22,4.204,4.206,37291.6
2026-01-01 01:00:00,4.207,4.227,4.205,4.219,38025.4
2026-01-01 01:15:00,4.219,4.22,4.195,4.198,41225.8
2026-01-01 01:30:00,4.197,4.206,4.196,4.206,44505.3
2026-01-01 01:45:00,4.206,4.213,4.202,4.204,40703.2
2026-01-01 02:00:00,4.204,4.215,4.196,4.201,55521.9
2026-01-01 02:15:00,4.201,4.21,4.196,4.204,36577.9
2026-01-01 02:30:00,4.203,4.219,4.203,4.206,40559.7
2026-01-01 02:45:00,4.206,4.211,4.203,4.206,30983.8
2026-01-01 03:00:00,4.206,4.207,4.194,4.202,41467.4
2026-01-01 03:15:00,4.201,4.206,4.196,4.199,21670.4
2026-01-01 03:30:00,4.198,4.199,4.185,4.188,59191.8
2026-01-01 03:45:00,4.188,4.198,4.185,4.198,24995.5
2026-01-01 04:00:00,4.197,4.197,4.169,4.174,124024.9
2026-01-01 04:15:00,4.174,4.176,4.16,4.171,49223.5
2026-01-01 04:30:00,4.17,4.173,4.162,4.164,38826.3
2026-01-01 04:45:00,4.164,4.173,4.159,4.17,41145.9
2026-01-01 05:00:00,4.17,4.202,4.17,4.2,63108.8
2026-01-01 05:15:00,4.201,4.224,4.2,4.224,46124.6
2026-01-01 05:30:00,4.225,4.233,4.221,4.225,53474.9
2026-01-01 05:45:00,4.225,4.226,4.216,4.217,35255.2
2026-01-01 06:00:00,4.217,4.228,4.211,4.22,42676.5
2026-01-01 06:15:00,4.22,4.22,4.207,4.211,30124.5
2026-01-01 06:30:00,4.211,4.213,4.205,4.206,27304.2
2026-01-01 06:45:00,4.206,4.208,4.188,4.19,40317.0
2026-01-01 07:00:00,4.189,4.202,4.187,4.196,37467.2
2026-01-01 07:15:00,4.197,4.202,4.195,4.196,30150.1
2026-01-01 07:30:00,4.196,4.21,4.196,4.202,38275.3
2026-01-01 07:45:00,4.202,4.206,4.191,4.195,25802.7
2026-01-01 08:00:00,4.194,4.204,4.193,4.195,36424.4
2026-01-01 08:15:00,4.195,4.2,4.189,4.199,44457.4
2026-01-01 08:30:00,4.199,4.211,4.199,4.204,54744.2
2026-01-01 08:45:00,4.204,4.214,4.196,4.214,37978.6
2026-01-01 09:00:00,4.213,4.223,4.209,4.216,83606.3
2026-01-01 09:15:00,4.216,4.226,4.203,4.212,82105.6
2026-01-01 09:30:00,4.212,4.229,4.208,4.227,78521.4
2026-01-01 09:45:00,4.226,4.228,4.212,4.22,38529.1
2026-01-01 10:00:00,4.22,4.244,4.214,4.231,106274.0
2026-01-01 10:15:00,4.232,4.239,4.228,4.239,42618.2
2026-01-01 10:30:00,4.24,4.255,4.24,4.251,69703.7
2026-01-01 10:45:00,4.251,4.257,4.245,4.254,35530.8
2026-01-01 11:00:00,4.254,4.255,4.245,4.249,27994.1
2026-01-01 11:15:00,4.249,4.254,4.242,4.25,28146.4
2026-01-01 11:30:00,4.25,4.258,4.249,4.253,43281.3
2026-01-01 11:45:00,4.252,4.262,4.252,4.256,23158.2
2026-01-01 12:00:00,4.255,4.267,4.252,4.261,52704.3
2026-01-01 12:15:00,4.261,4.262,4.24,4.249,57631.8
2026-01-01 12:30:00,4.248,4.263,4.245,4.257,29896.1
2026-01-01 12:45:00,4.256,4.276,4.256,4.27,61224.0
2026-01-01 13:00:00,4.27,4.292,4.266,4.286,99714.4
2026-01-01 13:15:00,4.286,4.297,4.285,4.293,53986.6
2026-01-01 13:30:00,4.293,4.319,4.293,4.315,87039.4
2026-01-01 13:45:00,4.315,4.324,4.298,4.318,91216.6
2026-01-01 14:00:00,4.318,4.347,4.318,4.344,83924.1
2026-01-01 14:15:00,4.344,4.345,4.315,4.319,85414.1
2026-01-01 14:30:00,4.319,4.328,4.299,4.327,61833.8
2026-01-01 14:45:00,4.327,4.36,4.325,4.342,78781.7
2026-01-01 15:00:00,4.342,4.356,4.334,4.336,65732.7
2026-01-01 15:15:00,4.336,4.358,4.336,4.345,48119.7
2026-01-01 15:30:00,4.345,4.384,4.343,4.355,123418.9
2026-01-01 15:45:00,4.356,4.401,4.349,4.368,205767.9
2026-01-01 16:00:00,4.368,4.39,4.368,4.38,120358.4
2026-01-01 16:15:00,4.381,4.4,4.365,4.396,86117.7
2026-01-01 16:30:00,4.396,4.416,4.39,4.4,110227.1
2026-01-01 16:45:00,4.399,4.41,4.396,4.409,51317.8
2026-01-01 17:00:00,4.409,4.432,4.405,4.428,87856.5
2026-01-01 17:15:00,4.427,4.454,4.422,4.448,158179.6
2026-01-01 17:30:00,4.448,4.475,4.447,4.458,175231.2
2026-01-01 17:45:00,4.459,4.465,4.443,4.459,79397.1
2026-01-01 18:00:00,4.46,4.479,4.454,4.46,129971.4
2026-01-01 18:15:00,4.461,4.471,4.436,4.441,103876.8
2026-01-01 18:30:00,4.441,4.444,4.422,4.426,83538.6
2026-01-01 18:45:00,4.426,4.442,4.423,4.438,51789.2
2026-01-01 19:00:00,4.438,4.469,4.436,4.464,92849.0
2026-01-01 19:15:00,4.464,4.474,4.458,4.465,85024.2
2026-01-01 19:30:00,4.464,4.497,4.451,4.49,91015.9
2026-01-01 19:45:00,4.49,4.507,4.474,4.507,72124.4
2026-01-01 20:00:00,4.507,4.529,4.502,4.509,113955.8
2026-01-01 20:15:00,4.509,4.514,4.489,4.495,47756.7
2026-01-01 20:30:00,4.495,4.495,4.458,4.472,72401.2
2026-01-01 20:45:00,4.472,4.493,4.468,4.479,63702.4
2026-01-01 21:00:00,4.479,4.482,4.462,4.472,33429.9
2026-01-01 21:15:00,4.472,4.484,4.469,4.48,46613.7
2026-01-01 21:30:00,4.479,4.483,4.467,4.468,19878.9
2026-01-01 21:45:00,4.468,4.489,4.464,4.484,28345.4
2026-01-01 22:00:00,4.484,4.51,4.483,4.501,63963.6
2026-01-01 22:15:00,4.502,4.509,4.494,4.509,27044.9
2026-01-01 22:30:00,4.509,4.514,4.485,4.496,42965.8
2026-01-01 22:45:00,4.497,4.547,4.494,4.54,54179.2
2026-01-01 23:00:00,4.541,4.594,4.541,4.546,210393.8
2026-01-01 23:15:00,4.547,4.555,4.533,4.535,35316.9
2026-01-01 23:30:00,4.535,4.54,4.523,4.536,40655.2
2026-01-01 23:45:00,4.535,4.545,4.52,4.534,44057.0
2026-01-02 00:00:00,4.534,4.567,4.517,4.564,125233.4
2026-01-02 00:15:00,4.566,4.567,4.529,4.543,54807.2
2026-01-02 00:30:00,4.543,4.544,4.52,4.526,41370.8
2026-01-02 00:45:00,4.526,4.54,4.513,4.54,56479.9
2026-01-02 01:00:00,4.539,4.549,4.53,4.533,45214.5
2026-01-02 01:15:00,4.532,4.563,4.528,4.547,23950.2
2026-01-02 01:30:00,4.547,4.548,4.528,4.542,57622.5
2026-01-02 01:45:00,4.543,4.552,4.533,4.542,31881.5
2026-01-02 02:00:00,4.541,4.541,4.514,4.526,60674.8
2026-01-02 02:15:00,4.527,4.533,4.505,4.508,92670.5
2026-01-02 02:30:00,4.508,4.54,4.505,4.528,78234.3
2026-01-02 02:45:00,4.528,4.558,4.525,4.557,62937.9
2026-01-02 03:00:00,4.556,4.577,4.54,4.575,86478.6
2026-01-02 03:15:00,4.574,4.592,4.565,4.578,64579.9
2026-01-02 03:30:00,4.579,4.629,4.579,4.62,122673.5
2026-01-02 03:45:00,4.621,4.644,4.601,4.621,113620.6
2026-01-02 04:00:00,4.622,4.643,4.588,4.604,121393.0
2026-01-02 04:15:00,4.604,4.606,4.565,4.571,73137.5
2026-01-02 04:30:00,4.57,4.584,4.561,4.577,45461.5
2026-01-02 04:45:00,4.577,4.592,4.571,4.583,67341.2
2026-01-02 05:00:00,4.583,4.592,4.575,4.577,41165.1
2026-01-02 05:15:00,4.577,4.589,4.556,4.561,36252.9
2026-01-02 05:30:00,4.56,4.565,4.541,4.556,47784.2
2026-01-02 05:45:00,4.556,4.573,4.548,4.57,33804.4
2026-01-02 06:00:00,4.57,4.591,4.57,4.571,37305.5
2026-01-02 06:15:00,4.571,4.578,4.559,4.577,55599.7
2026-01-02 06:30:00,4.577,4.579,4.56,4.569,51727.2
2026-01-02 06:45:00,4.57,4.579,4.555,4.557,25056.5
2026-01-02 07:00:00,4.557,4.568,4.554,4.556,42502.7
2026-01-02 07:15:00,4.557,4.56,4.518,4.524,62284.7
2026-01-02 07:30:00,4.523,4.523,4.501,4.506,78442.2
2026-01-02 07:45:00,4.506,4.518,4.504,4.514,40813.5
2026-01-02 08:00:00,4.514,4.514,4.488,4.509,134004.9
2026-01-02 08:15:00,4.509,4.51,4.492,4.494,29659.3
2026-01-02 08:30:00,4.495,4.504,4.488,4.497,35527.5
2026-01-02 08:45:00,4.498,4.516,4.497,4.514,60260.5
2026-01-02 09:00:00,4.515,4.56,4.513,4.538,92094.4
2026-01-02 09:15:00,4.539,4.548,4.531,4.54,28457.1
2026-01-02 09:30:00,4.54,4.579,4.538,4.575,33913.5
2026-01-02 09:45:00,4.574,4.632,4.567,4.613,234289.2
2026-01-02 10:00:00,4.613,4.628,4.603,4.62,154673.0
2026-01-02 10:15:00,4.619,4.625,4.581,4.59,95505.4
2026-01-02 10:30:00,4.59,4.605,4.589,4.592,40866.9
2026-01-02 10:45:00,4.593,4.627,4.592,4.616,53485.7
2026-01-02 11:00:00,4.616,4.618,4.595,4.597,51607.3
2026-01-02 11:15:00,4.596,4.608,4.582,4.583,35429.5
2026-01-02 11:30:00,4.583,4.587,4.541,4.565,137530.2
2026-01-02 11:45:00,4.564,4.569,4.547,4.558,46315.6
2026-01-02 12:00:00,4.558,4.57,4.55,4.561,47574.8
2026-01-02 12:15:00,4.561,4.566,4.539,4.544,54854.2
2026-01-02 12:30:00,4.544,4.627,4.54,4.622,173217.7
2026-01-02 12:45:00,4.621,4.628,4.609,4.617,75817.6
2026-01-02 13:00:00,4.618,4.652,4.605,4.625,149937.1
2026-01-02 13:15:00,4.626,4.679,4.616,4.63,158391.4
2026-01-02 13:30:00,4.63,4.644,4.624,4.635,84639.3
2026-01-02 13:45:00,4.635,4.636,4.599,4.603,67003.4
2026-01-02 14:00:00,4.605,4.635,4.585,4.599,92278.2
2026-01-02 14:15:00,4.6,4.609,4.547,4.59,175122.7
2026-01-02 14:30:00,4.589,4.638,4.548,4.605,279117.1
2026-01-02 14:45:00,4.606,4.678,4.591,4.641,356581.6
2026-01-02 15:00:00,4.64,4.657,4.606,4.613,129436.4
2026-01-02 15:15:00,4.612,4.63,4.565,4.604,142415.8
2026-01-02 15:30:00,4.603,4.682,4.595,4.667,152264.4
2026-01-02 15:45:00,4.666,4.679,4.627,4.638,86655.3
2026-01-02 16:00:00,4.638,4.669,4.626,4.668,84883.4
2026-01-02 16:15:00,4.669,4.721,4.664,4.701,263862.0
2026-01-02 16:30:00,4.701,4.784,4.7,4.752,240708.9
2026-01-02 16:45:00,4.752,4.816,4.738,4.814,217806.2
2026-01-02 17:00:00,4.814,4.842,4.804,4.81,196022.4
2026-01-02 17:15:00,4.809,4.828,4.797,4.818,154812.9
2026-01-02 17:30:00,4.819,4.832,4.802,4.81,206542.0
2026-01-02 17:45:00,4.81,4.828,4.783,4.817,111833.6
2026-01-02 18:00:00,4.817,4.841,4.804,4.837,96577.0
2026-01-02 18:15:00,4.837,4.868,4.817,4.822,130704.6
2026-01-02 18:30:00,4.822,4.829,4.8,4.804,92721.7
2026-01-02 18:45:00,4.804,4.825,4.766,4.797,111010.2
2026-01-02 19:00:00,4.797,4.83,4.779,4.823,93130.6
2026-01-02 19:15:00,4.823,4.85,4.821,4.842,94327.8
2026-01-02 19:30:00,4.842,4.874,4.842,4.866,102022.4
2026-01-02 19:45:00,4.866,4.891,4.86,4.883,139438.2
2026-01-02 20:00:00,4.884,4.931,4.884,4.9,268165.8
2026-01-02 20:15:00,4.899,4.903,4.862,4.881,121860.1
2026-01-02 20:30:00,4.88,4.882,4.852,4.87,51656.4
2026-01-02 20:45:00,4.87,4.875,4.835,4.852,53924.7
2026-01-02 21:00:00,4.852,4.864,4.848,4.862,37551.2
2026-01-02 21:15:00,4.861,4.893,4.849,4.887,54387.4
2026-01-02 21:30:00,4.886,4.909,4.884,4.902,36656.4
2026-01-02 21:45:00,4.902,4.923,4.886,4.904,103822.2
2026-01-02 22:00:00,4.903,4.93,4.881,4.888,149309.3
2026-01-02 22:15:00,4.888,4.904,4.881,4.904,39869.4
2026-01-02 22:30:00,4.903,4.928,4.902,4.923,49286.2
2026-01-02 22:45:00,4.922,4.959,4.92,4.927,84988.4
2026-01-02 23:00:00,4.926,4.927,4.909,4.916,44858.6
2026-01-02 23:15:00,4.916,4.94,4.907,4.921,43822.6
2026-01-02 23:30:00,4.92,4.932,4.908,4.913,44955.9
2026-01-02 23:45:00,4.913,4.918,4.9,4.915,45848.0
2026-01-03 00:00:00,4.914,4.937,4.908,4.927,62353.6
2026-01-03 00:15:00,4.927,4.967,4.905,4.936,75733.3
2026-01-03 00:30:00,4.937,4.958,4.927,4.95,43417.5
2026-01-03 00:45:00,4.951,4.966,4.915,4.916,64007.3
2026-01-03 01:00:00,4.917,4.938,4.902,4.936,42954.7
2026-01-03 01:15:00,4.937,4.941,4.903,4.903,31962.4
2026-01-03 01:30:00,4.904,4.925,4.899,4.919,31075.4
2026-01-03 01:45:00,4.919,4.924,4.909,4.918,27950.1
2026-01-03 02:00:00,4.918,4.918,4.885,4.915,58840.4
2026-01-03 02:15:00,4.916,4.944,4.907,4.938,42071.5
2026-01-03 02:30:00,4.938,4.952,4.929,4.945,34570.4
2026-01-03 02:45:00,4.945,4.954,4.937,4.95,39236.6
2026-01-03 03:00:00,4.95,4.954,4.928,4.932,41431.9
2026-01-03 03:15:00,4.932,4.941,4.918,4.921,33361.6
2026-01-03 03:30:00,4.921,4.965,4.916,4.96,77955.1
2026-01-03 03:45:00,4.959,4.986,4.949,4.973,93831.4
2026-01-03 04:00:00,4.973,4.974,4.95,4.953,70713.3
2026-01-03 04:15:00,4.954,4.96,4.943,4.945,44380.4
2026-01-03 04:30:00,4.945,4.953,4.933,4.936,44950.0
2026-01-03 04:45:00,4.935,4.945,4.932,4.944,27184.6
2026-01-03 05:00:00,4.944,4.974,4.942,4.963,36882.3
2026-01-03 05:15:00,4.963,4.967,4.945,4.959,45808.3
2026-01-03 05:30:00,4.959,4.963,4.927,4.935,55771.7
2026-01-03 05:45:00,4.935,4.96,4.925,4.954,37909.5
2026-01-03 06:00:00,4.953,4.982,4.939,4.981,93801.0
2026-01-03 06:15:00,4.98,4.99,4.95,4.951,52963.0
2026-01-03 06:30:00,4.95,4.963,4.898,4.902,89679.5
2026-01-03 06:45:00,4.903,4.908,4.877,4.892,74464.8
2026-01-03 07:00:00,4.891,4.908,4.86,4.864,112328.1
2026-01-03 07:15:00,4.864,4.869,4.811,4.814,191241.6
2026-01-03 07:30:00,4.813,4.839,4.789,4.819,103884.7
2026-01-03 07:45:00,4.818,4.828,4.802,4.809,46645.2
2026-01-03 08:00:00,4.808,4.833,4.781,4.82,213386.1
2026-01-03 08:15:00,4.82,4.872,4.815,4.867,202087.0
2026-01-03 08:30:00,4.866,4.884,4.85,4.861,115228.8
2026-01-03 08:45:00,4.861,4.885,4.856,4.866,86519.5
2026-01-03 09:00:00,4.865,4.872,4.84,4.842,55893.7
2026-01-03 09:15:00,4.841,4.859,4.834,4.857,46035.7
2026-01-03 09:30:00,4.856,4.885,4.845,4.882,92932.5
2026-01-03 09:45:00,4.882,4.888,4.837,4.844,96459.8
2026-01-03 10:00:00,4.844,4.846,4.826,4.829,47046.1
2026-01-03 10:15:00,4.828,4.841,4.82,4.833,66169.2
2026-01-03 10:30:00,4.833,4.842,4.814,4.837,45913.7
2026-01-03 10:45:00,4.837,4.837,4.819,4.825,29144.5
2026-01-03 11:00:00,4.825,4.83,4.811,4.823,27434.9
2026-01-03 11:15:00,4.823,4.835,4.815,4.825,26586.9
2026-01-03 11:30:00,4.825,4.832,4.814,4.831,22508.7
2026-01-03 11:45:00,4.831,4.837,4.827,4.833,20423.5
2026-01-03 12:00:00,4.832,4.836,4.807,4.816,85490.7
2026-01-03 12:15:00,4.817,4.85,4.817,4.849,41041.3
2026-01-03 12:30:00,4.849,4.852,4.832,4.851,40846.9
2026-01-03 12:45:00,4.852,4.876,4.844,4.871,85942.9
2026-01-03 13:00:00,4.872,4.884,4.86,4.874,61376.4
2026-01-03 13:15:00,4.875,4.909,4.873,4.89,105261.6
2026-01-03 13:30:00,4.891,4.918,4.884,4.888,59659.8
2026-01-03 13:45:00,4.888,4.901,4.878,4.89,20168.7
2026-01-03 14:00:00,4.89,4.895,4.878,4.89,32417.4
2026-01-03 14:15:00,4.89,4.894,4.854,4.877,204566.8
2026-01-03 14:30:00,4.876,4.879,4.852,4.857,108231.0
2026-01-03 14:45:00,4.858,4.863,4.848,4.855,78857.6
2026-01-03 15:00:00,4.856,4.856,4.834,4.836,85222.0
2026-01-03 15:15:00,4.837,4.845,4.829,4.84,81364.9
2026-01-03 15:30:00,4.841,4.846,4.837,4.838,32585.9
2026-01-03 15:45:00,4.839,4.845,4.824,4.829,36845.2
2026-01-03 16:00:00,4.83,4.859,4.827,4.85,69109.6
2026-01-03 16:15:00,4.85,4.875,4.848,4.873,68082.8
2026-01-03 16:30:00,4.873,4.894,4.867,4.892,51608.1
2026-01-03 16:45:00,4.893,4.909,4.889,4.897,81119.2
2026-01-03 17:00:00,4.898,4.901,4.867,4.873,37057.9
2026-01-03 17:15:00,4.873,4.881,4.871,4.872,24665.9
2026-01-03 17:30:00,4.873,4.893,4.87,4.888,23185.6
2026-01-03 17:45:00,4.889,4.89,4.874,4.876,12390.1
2026-01-03 18:00:00,4.875,4.88,4.847,4.854,31345.0
2026-01-03 18:15:00,4.853,4.879,4.852,4.878,17894.9
2026-01-03 18:30:00,4.878,4.889,4.874,4.877,18572.5
2026-01-03 18:45:00,4.877,4.888,4.869,4.888,25095.3
2026-01-03 19:00:00,4.887,4.891,4.873,4.883,27468.8
2026-01-03 19:15:00,4.883,4.889,4.879,4.884,13680.4
2026-01-03 19:30:00,4.884,4.884,4.869,4.871,24977.0
2026-01-03 19:45:00,4.87,4.88,4.861,4.88,20846.0
2026-01-03 20:00:00,4.88,4.882,4.841,4.845,34172.6
2026-01-03 20:15:00,4.844,4.861,4.844,4.858,28832.1
2026-01-03 20:30:00,4.857,4.876,4.857,4.874,40005.1
2026-01-03 20:45:00,4.873,4.876,4.861,4.866,20695.3
2026-01-03 21:00:00,4.865,4.866,4.848,4.862,28590.6
2026-01-03 21:15:00,4.863,4.886,4.859,4.878,29506.2
2026-01-03 21:30:00,4.877,4.899,4.868,4.869,68102.6
2026-01-03 21:45:00,4.869,4.872,4.863,4.869,37733.2
2026-01-03 22:00:00,4.867,4.874,4.854,4.862,34155.2
2026-01-03 22:15:00,4.862,4.889,4.862,4.88,31522.9
2026-01-03 22:30:00,4.88,4.932,4.88,4.911,97519.1
2026-01-03 22:45:00,4.912,4.929,4.904,4.928,18892.4
2026-01-03 23:00:00,4.929,4.935,4.893,4.901,88068.5
2026-01-03 23:15:00,4.902,4.945,4.899,4.936,76115.3
2026-01-03 23:30:00,4.937,4.939,4.92,4.924,28628.7
2026-01-03 23:45:00,4.924,4.924,4.908,4.909,13711.9
2026-01-04 00:00:00,4.91,4.985,4.905,4.959,211523.3
2026-01-04 00:15:00,4.958,4.965,4.925,4.926,59876.8
2026-01-04 00:30:00,4.926,4.943,4.906,4.91,56983.9
2026-01-04 00:45:00,4.91,4.959,4.902,4.953,76146.4
2026-01-04 01:00:00,4.952,4.958,4.925,4.931,52354.0
2026-01-04 01:15:00,4.931,4.936,4.907,4.918,30618.9
2026-01-04 01:30:00,4.917,4.939,4.903,4.921,34491.3
2026-01-04 01:45:00,4.919,4.94,4.908,4.935,30841.3
2026-01-04 02:00:00,4.935,4.949,4.931,4.94,46256.8
2026-01-04 02:15:00,4.94,4.979,4.939,4.963,48110.6
2026-01-04 02:30:00,4.962,4.969,4.934,4.941,40847.4
2026-01-04 02:45:00,4.941,4.947,4.926,4.947,31778.7
2026-01-04 03:00:00,4.947,5.008,4.944,4.996,116519.8
2026-01-04 03:15:00,4.995,5.02,4.991,5.007,114715.1
2026-01-04 03:30:00,5.007,5.023,5.001,5.011,55259.1
2026-01-04 03:45:00,5.011,5.034,4.997,5.003,62498.2
2026-01-04 04:00:00,5.002,5.02,4.987,5.009,52803.2
2026-01-04 04:15:00,5.009,5.027,4.99,4.994,99655.8
2026-01-04 04:30:00,4.995,5.001,4.971,4.982,59232.0
2026-01-04 04:45:00,4.981,4.996,4.971,4.978,65946.4
2026-01-04 05:00:00,4.979,5.004,4.979,4.993,48541.7
2026-01-04 05:15:00,4.993,5.014,4.988,5.001,39072.2
2026-01-04 05:30:00,5.002,5.009,4.993,5.003,45548.1
2026-01-04 05:45:00,5.003,5.059,5.002,5.049,130635.9
2026-01-04 06:00:00,5.049,5.058,5.034,5.047,62304.9
2026-01-04 06:15:00,5.047,5.07,5.023,5.024,87983.8
2026-01-04 06:30:00,5.024,5.067,4.983,4.991,171721.2
2026-01-04 06:45:00,4.989,4.998,4.968,4.972,75125.3
2026-01-04 07:00:00,4.972,4.98,4.96,4.972,54449.0
2026-01-04 07:15:00,4.973,4.977,4.945,4.96,82731.1
2026-01-04 07:30:00,4.959,4.997,4.95,4.993,32874.7
2026-01-04 07:45:00,4.993,5.027,4.989,5.002,54940.4
2026-01-04 08:00:00,5.002,5.003,4.944,4.975,114722.6
2026-01-04 08:15:00,4.975,5.008,4.974,4.985,78741.7
2026-01-04 08:30:00,4.983,5.023,4.983,5.018,60097.4
2026-01-04 08:45:00,5.018,5.03,5.009,5.02,35832.9
2026-01-04 09:00:00,5.021,5.029,5.004,5.024,40729.7
2026-01-04 09:15:00,5.024,5.054,5.015,5.025,88442.1
2026-01-04 09:30:00,5.024,5.082,5.024,5.059,76995.5
2026-01-04 09:45:00,5.059,5.078,5.054,5.061,46340.3
2026-01-04 10:00:00,5.061,5.086,5.056,5.069,53361.0
2026-01-04 10:15:00,5.07,5.073,5.048,5.059,34760.3
2026-01-04 10:30:00,5.059,5.062,5.042,5.053,35601.9
2026-01-04 10:45:00,5.054,5.062,5.045,5.053,51675.8
2026-01-04 11:00:00,5.053,5.053,5.02,5.032,58818.7
2026-01-04 11:15:00,5.032,5.062,5.031,5.053,40668.5
2026-01-04 11:30:00,5.054,5.077,5.052,5.071,48624.5
2026-01-04 11:45:00,5.071,5.082,5.059,5.076,56086.1
2026-01-04 12:00:00,5.075,5.094,5.069,5.088,65204.4
2026-01-04 12:15:00,5.088,5.127,5.085,5.113,116382.0
2026-01-04 12:30:00,5.113,5.133,5.075,5.077,73658.0
2026-01-04 12:45:00,5.076,5.105,5.072,5.077,38187.0
2026-01-04 13:00:00,5.077,5.089,5.056,5.077,45823.4
2026-01-04 13:15:00,5.078,5.078,5.044,5.053,54351.4
2026-01-04 13:30:00,5.053,5.097,5.047,5.091,64015.0
2026-01-04 13:45:00,5.092,5.152,5.085,5.132,94954.1
2026-01-04 14:00:00,5.133,5.146,5.101,5.134,112564.4
2026-01-04 14:15:00,5.135,5.144,5.114,5.119,67161.6
2026-01-04 14:30:00,5.119,5.165,5.109,5.133,110137.1
2026-01-04 14:45:00,5.134,5.154,5.117,5.14,58347.7
2026-01-04 15:00:00,5.141,5.175,5.139,5.168,80408.5
2026-01-04 15:15:00,5.167,5.171,5.142,5.154,96026.8
2026-01-04 15:30:00,5.156,5.162,5.117,5.138,90859.9
2026-01-04 15:45:00,5.139,5.161,5.11,5.152,63528.1
2026-01-04 16:00:00,5.152,5.187,5.133,5.166,88876.4
2026-01-04 16:15:00,5.167,5.194,5.163,5.188,68908.1
2026-01-04 16:30:00,5.189,5.217,5.177,5.198,99692.8
2026-01-04 16:45:00,5.198,5.216,5.195,5.206,48796.1
2026-01-04 17:00:00,5.207,5.216,5.195,5.2,49288.6
2026-01-04 17:15:00,5.201,5.214,5.172,5.174,63957.5
2026-01-04 17:30:00,5.175,5.199,5.17,5.187,47758.0
2026-01-04 17:45:00,5.188,5.223,5.188,5.211,69603.9
2026-01-04 18:00:00,5.212,5.225,5.188,5.193,50522.9
2026-01-04 18:15:00,5.194,5.209,5.162,5.172,56829.3
2026-01-04 18:30:00,5.173,5.179,5.137,5.154,118235.1
2026-01-04 18:45:00,5.153,5.168,5.134,5.16,41278.9
2026-01-04 19:00:00,5.159,5.16,5.054,5.08,230701.4
2026-01-04 19:15:00,5.079,5.114,5.075,5.093,95440.2
2026-01-04 19:30:00,5.092,5.121,5.088,5.096,31974.9
2026-01-04 19:45:00,5.096,5.126,5.096,5.124,26749.0
2026-01-04 20:00:00,5.124,5.144,5.109,5.141,41370.8
2026-01-04 20:15:00,5.142,5.167,5.129,5.153,41870.8
2026-01-04 20:30:00,5.152,5.16,5.145,5.151,49834.5
2026-01-04 20:45:00,5.151,5.172,5.144,5.151,38453.4
2026-01-04 21:00:00,5.149,5.185,5.126,5.168,73960.0
2026-01-04 21:15:00,5.169,5.195,5.166,5.168,39252.2
2026-01-04 21:30:00,5.167,5.171,5.116,5.121,47363.1
2026-01-04 21:45:00,5.121,5.161,5.116,5.161,47193.9
2026-01-04 22:00:00,5.16,5.206,5.152,5.166,51915.5
2026-01-04 22:15:00,5.166,5.186,5.151,5.18,28688.5
2026-01-04 22:30:00,5.181,5.186,5.145,5.153,18686.3
2026-01-04 22:45:00,5.153,5.181,5.153,5.177,20207.0
2026-01-04 23:00:00,5.177,5.234,5.177,5.198,97055.7
2026-01-04 23:15:00,5.198,5.227,5.182,5.19,46841.4
2026-01-04 23:30:00,5.191,5.204,5.179,5.186,27592.4
2026-01-04 23:45:00,5.186,5.188,5.157,5.18,38319.1
2026-01-05 00:00:00,5.179,5.232,5.16,5.185,128647.7
2026-01-05 00:15:00,5.185,5.208,5.157,5.185,88293.1
2026-01-05 00:30:00,5.185,5.206,5.161,5.195,54287.2
2026-01-05 00:45:00,5.194,5.248,5.185,5.198,114516.2
2026-01-05 01:00:00,5.199,5.252,5.181,5.231,130583.0
2026-01-05 01:15:00,5.232,5.239,5.194,5.232,55747.4
2026-01-05 01:30:00,5.233,5.298,5.224,5.267,160557.0
2026-01-05 01:45:00,5.268,5.293,5.246,5.251,71459.6
2026-01-05 02:00:00,5.252,5.272,5.207,5.215,111601.9
2026-01-05 02:15:00,5.214,5.242,5.174,5.175,94837.9
2026-01-05 02:30:00,5.175,5.2,5.17,5.196,43606.8
2026-01-05 02:45:00,5.197,5.248,5.195,5.233,69351.0
2026-01-05 03:00:00,5.233,5.239,5.197,5.2,40810.6
2026-01-05 03:15:00,5.2,5.21,5.182,5.183,30402.8
2026-01-05 03:30:00,5.182,5.22,5.182,5.202,46374.3
2026-01-05 03:45:00,5.202,5.24,5.202,5.217,30722.5
2026-01-05 04:00:00,5.217,5.231,5.182,5.185,73021.4
2026-01-05 04:15:00,5.185,5.2,5.125,5.135,98633.5
2026-01-05 04:30:00,5.135,5.146,5.11,5.128,91245.6
2026-01-05 04:45:00,5.128,5.165,5.127,5.161,53078.7
2026-01-05 05:00:00,5.162,5.163,5.14,5.157,42384.8
2026-01-05 05:15:00,5.156,5.205,5.154,5.192,49159.5
2026-01-05 05:30:00,5.192,5.223,5.192,5.206,52230.9
2026-01-05 05:45:00,5.206,5.211,5.16,5.168,77692.7
2026-01-05 06:00:00,5.167,5.176,5.14,5.15,90372.9
2026-01-05 06:15:00,5.149,5.157,5.121,5.123,38172.1
2026-01-05 06:30:00,5.122,5.134,5.093,5.133,59372.8
2026-01-05 06:45:00,5.133,5.169,5.122,5.16,32949.3
2026-01-05 07:00:00,5.159,5.195,5.145,5.179,56363.6
2026-01-05 07:15:00,5.179,5.206,5.176,5.202,87647.6
2026-01-05 07:30:00,5.201,5.229,5.192,5.212,124600.9
2026-01-05 07:45:00,5.211,5.216,5.192,5.197,34013.0
2026-01-05 08:00:00,5.196,5.22,5.188,5.209,59833.1
2026-01-05 08:15:00,5.208,5.228,5.191,5.193,54876.7
2026-01-05 08:30:00,5.192,5.194,5.14,5.15,94266.8
2026-01-05 08:45:00,5.15,5.178,5.15,5.156,29570.4
2026-01-05 09:00:00,5.156,5.158,5.104,5.112,121313.0
2026-01-05 09:15:00,5.112,5.133,5.106,5.122,58320.3
2026-01-05 09:30:00,5.123,5.141,5.105,5.137,53673.8
2026-01-05 09:45:00,5.138,5.146,5.112,5.121,39537.7
2026-01-05 10:00:00,5.121,5.168,5.121,5.156,54634.3
2026-01-05 10:15:00,5.157,5.162,5.125,5.126,74283.8
2026-01-05 10:30:00,5.126,5.126,5.075,5.098,102692.1
2026-01-05 10:45:00,5.099,5.127,5.099,5.113,36738.6
2026-01-05 11:00:00,5.113,5.113,5.086,5.09,57435.8
2026-01-05 11:15:00,5.091,5.126,5.086,5.105,55156.5
2026-01-05 11:30:00,5.106,5.109,5.087,5.093,58397.1
2026-01-05 11:45:00,5.092,5.113,5.09,5.102,68938.7
2026-01-05 12:00:00,5.103,5.112,5.089,5.099,74681.9
2026-01-05 12:15:00,5.099,5.102,5.074,5.081,73373.6
2026-01-05 12:30:00,5.081,5.111,5.081,5.1,77015.2
2026-01-05 12:45:00,5.1,5.142,5.1,5.123,116710.8
2026-01-05 13:00:00,5.124,5.13,5.106,5.123,56754.7
2026-01-05 13:15:00,5.123,5.132,5.101,5.117,85299.2
2026-01-05 13:30:00,5.117,5.117,5.079,5.094,127042.3
2026-01-05 13:45:00,5.094,5.116,5.089,5.109,46011.2
2026-01-05 14:00:00,5.109,5.123,5.089,5.101,78892.2
2026-01-05 14:15:00,5.101,5.133,5.098,5.12,52550.1
2026-01-05 14:30:00,5.119,5.188,5.094,5.173,263900.3
2026-01-05 14:45:00,5.173,5.218,5.134,5.19,248437.9
2026-01-05 15:00:00,5.191,5.209,5.137,5.159,199564.9
2026-01-05 15:15:00,5.159,5.199,5.15,5.18,133493.9
2026-01-05 15:30:00,5.179,5.252,5.174,5.237,224905.0
2026-01-05 15:45:00,5.237,5.251,5.221,5.238,110146.3
2026-01-05 16:00:00,5.237,5.259,5.209,5.232,138352.7
2026-01-05 16:15:00,5.233,5.233,5.175,5.193,140427.4
2026-01-05 16:30:00,5.194,5.202,5.175,5.183,108668.2
2026-01-05 16:45:00,5.183,5.198,5.176,5.19,49220.5
2026-01-05 17:00:00,5.191,5.209,5.176,5.188,68704.1
2026-01-05 17:15:00,5.188,5.19,5.13,5.145,145036.8
2026-01-05 17:30:00,5.146,5.215,5.146,5.212,119443.2
2026-01-05 17:45:00,5.212,5.316,5.211,5.304,478937.1
2026-01-05 18:00:00,5.304,5.308,5.267,5.3,187943.6
2026-01-05 18:15:00,5.299,5.347,5.287,5.327,192513.3
2026-01-05 18:30:00,5.326,5.349,5.316,5.339,110677.4
2026-01-05 18:45:00,5.34,5.37,5.34,5.362,114178.6
2026-01-05 19:00:00,5.361,5.371,5.34,5.35,113710.0
2026-01-05 19:15:00,5.352,5.353,5.329,5.341,85458.6
2026-01-05 19:30:00,5.341,5.372,5.334,5.336,86802.0
2026-01-05 19:45:00,5.335,5.338,5.305,5.318,89060.9
2026-01-05 20:00:00,5.318,5.428,5.309,5.422,365011.2
2026-01-05 20:15:00,5.421,5.449,5.393,5.44,179742.0
2026-01-05 20:30:00,5.438,5.467,5.386,5.399,213825.5
2026-01-05 20:45:00,5.399,5.41,5.354,5.386,88396.8
2026-01-05 21:00:00,5.386,5.408,5.375,5.391,64681.5
2026-01-05 21:15:00,5.391,5.42,5.387,5.391,65088.5
2026-01-05 21:30:00,5.391,5.404,5.378,5.394,56823.4
2026-01-05 21:45:00,5.394,5.401,5.369,5.377,63764.9
2026-01-05 22:00:00,5.376,5.418,5.364,5.411,48879.6
2026-01-05 22:15:00,5.41,5.443,5.409,5.433,54030.2
2026-01-05 22:30:00,5.434,5.49,5.434,5.475,94231.1
2026-01-05 22:45:00,5.475,5.482,5.423,5.443,44157.3
2026-01-05 23:00:00,5.443,5.446,5.411,5.422,59118.6
2026-01-05 23:15:00,5.423,5.445,5.401,5.412,52112.5
2026-01-05 23:30:00,5.411,5.417,5.395,5.405,55364.1
2026-01-05 23:45:00,5.405,5.412,5.386,5.386,53701.0
2026-01-06 00:00:00,5.386,5.406,5.365,5.365,51389.6
2026-01-06 00:15:00,5.365,5.404,5.36,5.383,68901.4
2026-01-06 00:30:00,5.382,5.382,5.314,5.324,77072.4
2026-01-06 00:45:00,5.324,5.401,5.316,5.399,75557.4
2026-01-06 01:00:00,5.398,5.444,5.376,5.401,73407.4
2026-01-06 01:15:00,5.401,5.461,5.4,5.454,75626.6
2026-01-06 01:30:00,5.453,5.461,5.4,5.404,72937.6
2026-01-06 01:45:00,5.404,5.408,5.356,5.359,62647.6
2026-01-06 02:00:00,5.359,5.38,5.352,5.376,80936.2
2026-01-06 02:15:00,5.375,5.398,5.356,5.39,41686.7
2026-01-06 02:30:00,5.39,5.399,5.355,5.371,49875.3
2026-01-06 02:45:00,5.371,5.374,5.35,5.362,32886.1
2026-01-06 03:00:00,5.36,5.402,5.353,5.389,33251.3
2026-01-06 03:15:00,5.388,5.395,5.367,5.39,28720.7
2026-01-06 03:30:00,5.39,5.442,5.39,5.423,75817.5
2026-01-06 03:45:00,5.423,5.434,5.393,5.411,55795.7
2026-01-06 04:00:00,5.41,5.424,5.384,5.419,95058.4
2026-01-06 04:15:00,5.419,5.427,5.4,5.42,84942.1
2026-01-06 04:30:00,5.419,5.438,5.408,5.414,49741.1
2026-01-06 04:45:00,5.414,5.424,5.407,5.414,35906.6
2026-01-06 05:00:00,5.414,5.424,5.404,5.421,61358.9
2026-01-06 05:15:00,5.421,5.428,5.388,5.404,60583.8
2026-01-06 05:30:00,5.403,5.429,5.399,5.416,38211.1
2026-01-06 05:45:00,5.415,5.425,5.398,5.41,43441.2
2026-01-06 06:00:00,5.409,5.422,5.401,5.413,43739.1
2026-01-06 06:15:00,5.413,5.413,5.37,5.391,50665.7
2026-01-06 06:30:00,5.391,5.456,5.388,5.456,93315.9
2026-01-06 06:45:00,5.455,5.462,5.416,5.417,96529.4
2026-01-06 07:00:00,5.417,5.419,5.388,5.393,51451.8
2026-01-06 07:15:00,5.394,5.406,5.363,5.368,46863.9
2026-01-06 07:30:00,5.369,5.379,5.332,5.338,94284.3
2026-01-06 07:45:00,5.339,5.344,5.305,5.322,115535.1
2026-01-06 08:00:00,5.323,5.389,5.323,5.379,79734.7
2026-01-06 08:15:00,5.38,5.394,5.354,5.356,42142.2
2026-01-06 08:30:00,5.355,5.36,5.33,5.345,48149.6
2026-01-06 08:45:00,5.346,5.358,5.334,5.351,29140.6
2026-01-06 09:00:00,5.351,5.39,5.34,5.374,36574.0
2026-01-06 09:15:00,5.374,5.392,5.374,5.376,37978.5
2026-01-06 09:30:00,5.377,5.42,5.375,5.419,54166.2
2026-01-06 09:45:00,5.418,5.418,5.401,5.413,51704.2
2026-01-06 10:00:00,5.413,5.452,5.394,5.438,119869.5
2026-01-06 10:15:00,5.437,5.454,5.427,5.45,54939.0
2026-01-06 10:30:00,5.45,5.485,5.435,5.474,162915.1
2026-01-06 10:45:00,5.473,5.493,5.464,5.471,54629.5
2026-01-06 11:00:00,5.471,5.514,5.466,5.5,118871.7
2026-01-06 11:15:00,5.499,5.529,5.487,5.518,93348.1
2026-01-06 11:30:00,5.519,5.527,5.5,5.514,73661.8
2026-01-06 11:45:00,5.515,5.543,5.514,5.539,110385.1
2026-01-06 12:00:00,5.539,5.603,5.539,5.598,225200.8
2026-01-06 12:15:00,5.598,5.656,5.592,5.631,231940.2
2026-01-06 12:30:00,5.631,5.646,5.596,5.611,183994.5
2026-01-06 12:45:00,5.612,5.664,5.61,5.651,146421.9
2026-01-06 13:00:00,5.652,5.688,5.64,5.686,207546.9
2026-01-06 13:15:00,5.685,5.717,5.659,5.71,155287.2
2026-01-06 13:30:00,5.711,5.753,5.706,5.725,201634.1
2026-01-06 13:45:00,5.725,5.725,5.667,5.69,148613.1
2026-01-06 14:00:00,5.691,5.814,5.689,5.808,356232.3
2026-01-06 14:15:00,5.808,5.916,5.798,5.837,642123.4
2026-01-06 14:30:00,5.837,5.837,5.707,5.714,432598.2
2026-01-06 14:45:00,5.715,5.753,5.664,5.714,344870.2
2026-01-06 15:00:00,5.714,5.776,5.71,5.736,243335.2
2026-01-06 15:15:00,5.737,5.797,5.737,5.777,133948.1
2026-01-06 15:30:00,5.778,5.783,5.623,5.644,386206.2
2026-01-06 15:45:00,5.643,5.654,5.597,5.653,209122.9
2026-01-06 16:00:00,5.652,5.669,5.555,5.596,392274.0
2026-01-06 16:15:00,5.596,5.615,5.506,5.512,394593.6
2026-01-06 16:30:00,5.511,5.536,5.452,5.487,367544.8
2026-01-06 16:45:00,5.486,5.502,5.447,5.487,313205.9
2026-01-06 17:00:00,5.486,5.522,5.467,5.479,173896.9
2026-01-06 17:15:00,5.479,5.51,5.435,5.502,166288.3
2026-01-06 17:30:00,5.501,5.517,5.438,5.441,157787.3
2026-01-06 17:45:00,5.441,5.443,5.313,5.334,579031.4
2026-01-06 18:00:00,5.333,5.397,5.313,5.376,267934.2
2026-01-06 18:15:00,5.376,5.405,5.361,5.385,138432.8
2026-01-06 18:30:00,5.384,5.399,5.367,5.379,71243.5
2026-01-06 18:45:00,5.378,5.408,5.377,5.393,88190.4
2026-01-06 19:00:00,5.393,5.44,5.377,5.43,111068.0
2026-01-06 19:15:00,5.43,5.436,5.406,5.426,66265.3
2026-01-06 19:30:00,5.427,5.436,5.395,5.403,102846.8
2026-01-06 19:45:00,5.404,5.422,5.396,5.41,50976.0
2026-01-06 20:00:00,5.411,5.473,5.41,5.46,93067.3
2026-01-06 20:15:00,5.46,5.5,5.453,5.471,117318.3
2026-01-06 20:30:00,5.472,5.514,5.469,5.488,104486.5
2026-01-06 20:45:00,5.489,5.537,5.484,5.516,226316.0
2026-01-06 21:00:00,5.516,5.584,5.514,5.574,254240.4
2026-01-06 21:15:00,5.574,5.676,5.571,5.647,282529.1
2026-01-06 21:30:00,5.647,5.693,5.626,5.678,269736.4
2026-01-06 21:45:00,5.678,5.68,5.63,5.65,105906.4
2026-01-06 22:00:00,5.649,5.669,5.588,5.592,106840.9
2026-01-06 22:15:00,5.592,5.604,5.536,5.547,124903.2
2026-01-06 22:30:00,5.547,5.548,5.524,5.53,47249.2
2026-01-06 22:45:00,5.53,5.569,5.529,5.55,38182.1
2026-01-06 23:00:00,5.55,5.579,5.546,5.573,41469.6
2026-01-06 23:15:00,5.573,5.578,5.548,5.565,25107.4
2026-01-06 23:30:00,5.564,5.601,5.557,5.58,143797.9
2026-01-06 23:45:00,5.58,5.606,5.578,5.593,40030.9
2026-01-07 00:00:00,5.593,5.594,5.545,5.553,138339.1
2026-01-07 00:15:00,5.552,5.564,5.541,5.544,42900.3
2026-01-07 00:30:00,5.543,5.551,5.492,5.496,78123.8
2026-01-07 00:45:00,5.495,5.495,5.452,5.462,101172.3
2026-01-07 01:00:00,5.462,5.465,5.434,5.437,134885.2
2026-01-07 01:15:00,5.437,5.466,5.408,5.453,104745.6
2026-01-07 01:30:00,5.454,5.46,5.428,5.439,58234.0
2026-01-07 01:45:00,5.438,5.446,5.418,5.421,31788.2
2026-01-07 02:00:00,5.42,5.442,5.406,5.428,73641.3
2026-01-07 02:15:00,5.427,5.432,5.412,5.422,59877.7
2026-01-07 02:30:00,5.421,5.453,5.409,5.45,56164.3
2026-01-07 02:45:00,5.449,5.472,5.446,5.456,26134.5
2026-01-07 03:00:00,5.456,5.467,5.451,5.456,26317.0
2026-01-07 03:15:00,5.455,5.473,5.447,5.464,28938.6
2026-01-07 03:30:00,5.463,5.468,5.437,5.445,36739.3
2026-01-07 03:45:00,5.446,5.48,5.438,5.462,71494.0
2026-01-07 04:00:00,5.462,5.497,5.458,5.474,73884.7
2026-01-07 04:15:00,5.473,5.477,5.452,5.461,38094.3
2026-01-07 04:30:00,5.46,5.465,5.432,5.465,41001.6
2026-01-07 04:45:00,5.464,5.464,5.438,5.441,26993.7
2026-01-07 05:00:00,5.44,5.455,5.436,5.453,32926.3
2026-01-07 05:15:00,5.453,5.47,5.448,5.452,23668.7
2026-01-07 05:30:00,5.452,5.5,5.452,5.478,60689.8
2026-01-07 05:45:00,5.478,5.478,5.433,5.439,50319.4
2026-01-07 06:00:00,5.438,5.45,5.428,5.436,54877.4
2026-01-07 06:15:00,5.437,5.46,5.435,5.456,57213.7
2026-01-07 06:30:00,5.457,5.466,5.428,5.428,25713.9
2026-01-07 06:45:00,5.428,5.437,5.425,5.427,33923.3
2026-01-07 07:00:00,5.427,5.476,5.425,5.474,34684.9
2026-01-07 07:15:00,5.475,5.535,5.475,5.532,91620.6
2026-01-07 07:30:00,5.533,5.563,5.515,5.547,97807.0
2026-01-07 07:45:00,5.547,5.563,5.538,5.563,54187.9
2026-01-07 08:00:00,5.563,5.573,5.543,5.545,129204.3
2026-01-07 08:15:00,5.547,5.563,5.526,5.534,50275.2
2026-01-07 08:30:00,5.534,5.552,5.524,5.537,51678.9
2026-01-07 08:45:00,5.536,5.594,5.533,5.548,153942.7
2026-01-07 09:00:00,5.548,5.552,5.496,5.499,114026.9
2026-01-07 09:15:00,5.498,5.514,5.457,5.467,122084.8
2026-01-07 09:30:00,5.467,5.481,5.425,5.437,168681.4
2026-01-07 09:45:00,5.437,5.437,5.406,5.419,125016.2
2026-01-07 10:00:00,5.418,5.443,5.415,5.432,59554.8
2026-01-07 10:15:00,5.432,5.432,5.411,5.419,35029.8
2026-01-07 10:30:00,5.419,5.448,5.414,5.437,43847.8
2026-01-07 10:45:00,5.437,5.446,5.42,5.425,54550.9
2026-01-07 11:00:00,5.425,5.45,5.42,5.441,47061.8
2026-01-07 11:15:00,5.442,5.465,5.437,5.456,29298.6
2026-01-07 11:30:00,5.456,5.459,5.417,5.437,259353.9
2026-01-07 11:45:00,5.438,5.444,5.42,5.434,47735.7
2026-01-07 12:00:00,5.434,5.438,5.382,5.394,187146.8
2026-01-07 12:15:00,5.394,5.414,5.369,5.371,142277.5
2026-01-07 12:30:00,5.371,5.378,5.349,5.35,80714.9
2026-01-07 12:45:00,5.35,5.364,5.341,5.345,81884.4
2026-01-07 13:00:00,5.345,5.364,5.319,5.328,255527.0
2026-01-07 13:15:00,5.327,5.375,5.326,5.361,58506.9
2026-01-07 13:30:00,5.361,5.365,5.34,5.348,39011.3
2026-01-07 13:45:00,5.348,5.353,5.315,5.319,54396.3
2026-01-07 14:00:00,5.32,5.323,5.252,5.271,277426.6
2026-01-07 14:15:00,5.271,5.277,5.235,5.244,136697.3
2026-01-07 14:30:00,5.244,5.331,5.192,5.308,423173.4
2026-01-07 14:45:00,5.309,5.335,5.299,5.32,79056.1
2026-01-07 15:00:00,5.321,5.325,5.225,5.259,309068.1
2026-01-07 15:15:00,5.259,5.266,5.203,5.251,234108.2
2026-01-07 15:30:00,5.252,5.273,5.225,5.25,129171.8
2026-01-07 15:45:00,5.251,5.272,5.238,5.251,64720.9
2026-01-07 16:00:00,5.251,5.291,5.245,5.283,88923.6
2026-01-07 16:15:00,5.284,5.296,5.262,5.271,48232.8
2026-01-07 16:30:00,5.272,5.276,5.216,5.25,106832.6
2026-01-07 16:45:00,5.251,5.267,5.24,5.257,39316.6
2026-01-07 17:00:00,5.257,5.286,5.245,5.278,110061.4
2026-01-07 17:15:00,5.278,5.315,5.276,5.303,69047.5
2026-01-07 17:30:00,5.304,5.327,5.293,5.301,45164.4
2026-01-07 17:45:00,5.302,5.305,5.263,5.277,36881.8
2026-01-07 18:00:00,5.277,5.293,5.258,5.286,69241.1
2026-01-07 18:15:00,5.287,5.297,5.257,5.29,74050.4
2026-01-07 18:30:00,5.291,5.322,5.29,5.291,80040.3
2026-01-07 18:45:00,5.29,5.304,5.268,5.289,66462.9
2026-01-07 19:00:00,5.288,5.306,5.249,5.259,85502.7
2026-01-07 19:15:00,5.259,5.271,5.24,5.261,103812.8
2026-01-07 19:30:00,5.262,5.305,5.26,5.298,76321.6
2026-01-07 19:45:00,5.299,5.311,5.285,5.291,70216.0
2026-01-07 20:00:00,5.29,5.304,5.25,5.251,81080.1
2026-01-07 20:15:00,5.251,5.259,5.235,5.246,57333.4
2026-01-07 20:30:00,5.246,5.276,5.241,5.266,39482.3
2026-01-07 20:45:00,5.266,5.268,5.253,5.262,62961.1
2026-01-07 21:00:00,5.261,5.277,5.257,5.267,27284.0
2026-01-07 21:15:00,5.268,5.282,5.263,5.277,33609.1
2026-01-07 21:30:00,5.277,5.282,5.262,5.271,16011.8
2026-01-07 21:45:00,5.27,5.271,5.243,5.243,38543.0
2026-01-07 22:00:00,5.243,5.259,5.226,5.244,78207.5
2026-01-07 22:15:00,5.244,5.262,5.24,5.255,33562.6
2026-01-07 22:30:00,5.254,5.282,5.238,5.242,39152.3
2026-01-07 22:45:00,5.241,5.242,5.21,5.234,54293.7
2026-01-07 23:00:00,5.234,5.251,5.207,5.25,75071.2
2026-01-07 23:15:00,5.25,5.294,5.25,5.291,104638.5
2026-01-07 23:30:00,5.29,5.293,5.255,5.258,43841.6
2026-01-07 23:45:00,5.258,5.264,5.252,5.259,32121.7
2026-01-08 00:00:00,5.26,5.276,5.248,5.25,42531.7
2026-01-08 00:15:00,5.25,5.256,5.238,5.251,37610.7
2026-01-08 00:30:00,5.251,5.261,5.244,5.261,18955.8
2026-01-08 00:45:00,5.261,5.287,5.261,5.272,48752.7
2026-01-08 01:00:00,5.273,5.279,5.258,5.263,34121.1
2026-01-08 01:15:00,5.263,5.279,5.242,5.268,57075.9
2026-01-08 01:30:00,5.267,5.271,5.254,5.262,33475.4
2026-01-08 01:45:00,5.262,5.284,5.256,5.275,17926.5
2026-01-08 02:00:00,5.276,5.278,5.245,5.272,78090.5
2026-01-08 02:15:00,5.273,5.282,5.238,5.249,63543.8
2026-01-08 02:30:00,5.248,5.251,5.218,5.242,54604.0
2026-01-08 02:45:00,5.242,5.247,5.222,5.225,39179.9
2026-01-08 03:00:00,5.225,5.257,5.223,5.251,33132.3
2026-01-08 03:15:00,5.25,5.253,5.214,5.216,43911.5
2026-01-08 03:30:00,5.216,5.237,5.178,5.197,90406.9
2026-01-08 03:45:00,5.197,5.217,5.188,5.2,89743.2
2026-01-08 04:00:00,5.199,5.219,5.188,5.206,62367.3
2026-01-08 04:15:00,5.206,5.258,5.203,5.257,48523.1
2026-01-08 04:30:00,5.257,5.259,5.242,5.25,52327.3
2026-01-08 04:45:00,5.25,5.259,5.236,5.24,48418.9
2026-01-08 05:00:00,5.24,5.269,5.234,5.26,29232.4
2026-01-08 05:15:00,5.26,5.27,5.251,5.252,31474.3
2026-01-08 05:30:00,5.252,5.278,5.245,5.25,33870.7
2026-01-08 05:45:00,5.25,5.251,5.218,5.222,39056.2
2026-01-08 06:00:00,5.222,5.233,5.193,5.205,77869.8
2026-01-08 06:15:00,5.205,5.215,5.176,5.191,91717.2
2026-01-08 06:30:00,5.191,5.214,5.189,5.208,40299.5
2026-01-08 06:45:00,5.208,5.208,5.137,5.141,149387.5
2026-01-08 07:00:00,5.141,5.166,5.106,5.162,256175.5
2026-01-08 07:15:00,5.16,5.209,5.154,5.209,89436.1
2026-01-08 07:30:00,5.209,5.232,5.203,5.217,88641.8
2026-01-08 07:45:00,5.218,5.233,5.216,5.228,28744.4
2026-01-08 08:00:00,5.228,5.26,5.227,5.252,59376.9
2026-01-08 08:15:00,5.253,5.266,5.243,5.247,43465.6
2026-01-08 08:30:00,5.246,5.252,5.202,5.203,59556.9
2026-01-08 08:45:00,5.203,5.204,5.158,5.165,77792.6
2026-01-08 09:00:00,5.165,5.181,5.164,5.17,46777.0
2026-01-08 09:15:00,5.17,5.17,5.13,5.133,83572.2
2026-01-08 09:30:00,5.133,5.14,5.109,5.129,90573.9
2026-01-08 09:45:00,5.128,5.143,5.108,5.113,35587.4
2026-01-08 10:00:00,5.112,5.115,5.071,5.097,216204.0
2026-01-08 10:15:00,5.096,5.138,5.089,5.135,126409.2
2026-01-08 10:30:00,5.134,5.139,5.111,5.123,53162.9
2026-01-08 10:45:00,5.123,5.143,5.119,5.132,88489.6
2026-01-08 11:00:00,5.131,5.141,5.088,5.095,70645.6
2026-01-08 11:15:00,5.096,5.11,5.062,5.086,146025.8
2026-01-08 11:30:00,5.085,5.097,5.071,5.081,82061.0
2026-01-08 11:45:00,5.081,5.097,5.076,5.084,69676.4
2026-01-08 12:00:00,5.085,5.094,5.026,5.048,205693.4
2026-01-08 12:15:00,5.048,5.073,5.043,5.064,107737.7
2026-01-08 12:30:00,5.063,5.07,5.04,5.059,77010.8
2026-01-08 12:45:00,5.059,5.064,5.025,5.046,92208.6
2026-01-08 13:00:00,5.045,5.059,5.043,5.049,21593.7
2026-01-08 13:15:00,5.05,5.065,5.04,5.06,33672.2
2026-01-08 13:30:00,5.06,5.062,5.026,5.047,45713.0
2026-01-08 13:45:00,5.048,5.051,5.023,5.042,60496.9
2026-01-08 14:00:00,5.041,5.051,5.0,5.039,170338.9
2026-01-08 14:15:00,5.04,5.047,5.0,5.027,72342.2
2026-01-08 14:30:00,5.027,5.064,5.01,5.02,208819.9
2026-01-08 14:45:00,5.019,5.098,5.007,5.083,181367.1
2026-01-08 15:00:00,5.082,5.111,5.049,5.096,143985.8
2026-01-08 15:15:00,5.097,5.16,5.091,5.159,154609.2
2026-01-08 15:30:00,5.158,5.202,5.131,5.18,158621.1
2026-01-08 15:45:00,5.181,5.272,5.173,5.253,160278.0
2026-01-08 16:00:00,5.254,5.27,5.203,5.205,187293.4
2026-01-08 16:15:00,5.205,5.209,5.181,5.199,94663.3
2026-01-08 16:30:00,5.199,5.236,5.182,5.225,126702.5
2026-01-08 16:45:00,5.226,5.263,5.21,5.239,70674.7
2026-01-08 17:00:00,5.239,5.26,5.227,5.236,132747.1
2026-01-08 17:15:00,5.236,5.24,5.187,5.189,74218.0
2026-01-08 17:30:00,5.189,5.231,5.189,5.23,73859.5
2026-01-08 17:45:00,5.23,5.274,5.223,5.262,86125.6
2026-01-08 18:00:00,5.262,5.262,5.218,5.218,65073.2
2026-01-08 18:15:00,5.219,5.229,5.206,5.22,64968.8
2026-01-08 18:30:00,5.221,5.236,5.191,5.199,69878.2
2026-01-08 18:45:00,5.2,5.218,5.186,5.198,60805.9
2026-01-08 19:00:00,5.199,5.225,5.189,5.198,37733.1
2026-01-08 19:15:00,5.198,5.198,5.161,5.173,56105.6
2026-01-08 19:30:00,5.173,5.202,5.172,5.18,65062.3
2026-01-08 19:45:00,5.179,5.187,5.15,5.166,40841.7
2026-01-08 20:00:00,5.164,5.164,5.111,5.129,91201.5
2026-01-08 20:15:00,5.128,5.136,5.111,5.117,40526.1
2026-01-08 20:30:00,5.117,5.145,5.117,5.138,68542.5
2026-01-08 20:45:00,5.137,5.157,5.132,5.147,47712.1
2026-01-08 21:00:00,5.148,5.192,5.148,5.189,91543.9
2026-01-08 21:15:00,5.189,5.196,5.174,5.183,56173.6
2026-01-08 21:30:00,5.183,5.222,5.177,5.213,42784.2
2026-01-08 21:45:00,5.212,5.233,5.205,5.226,38762.3
2026-01-08 22:00:00,5.226,5.253,5.221,5.24,45335.2
2026-01-08 22:15:00,5.241,5.241,5.211,5.215,19128.1
2026-01-08 22:30:00,5.215,5.215,5.179,5.187,32170.1
2026-01-08 22:45:00,5.187,5.219,5.187,5.216,14625.7
2026-01-08 23:00:00,5.217,5.223,5.205,5.207,25244.9
2026-01-08 23:15:00,5.206,5.221,5.206,5.214,7694.2
2026-01-08 23:30:00,5.214,5.214,5.18,5.185,37664.0
2026-01-08 23:45:00,5.184,5.195,5.18,5.189,20359.1
2026-01-09 00:00:00,5.19,5.203,5.189,5.19,30452.2
2026-01-09 00:15:00,5.19,5.205,5.184,5.188,32766.3
2026-01-09 00:30:00,5.189,5.21,5.188,5.201,28036.7
2026-01-09 00:45:00,5.201,5.201,5.185,5.193,20229.5
2026-01-09 01:00:00,5.195,5.198,5.185,5.187,15384.8
2026-01-09 01:15:00,5.187,5.242,5.154,5.231,115883.1
2026-01-09 01:30:00,5.231,5.244,5.137,5.154,132644.1
2026-01-09 01:45:00,5.154,5.166,5.15,5.161,20947.2
2026-01-09 02:00:00,5.16,5.218,5.154,5.217,64122.5
2026-01-09 02:15:00,5.215,5.222,5.197,5.202,36885.5
2026-01-09 02:30:00,5.202,5.204,5.175,5.186,27798.1
2026-01-09 02:45:00,5.186,5.188,5.159,5.162,22250.4
2026-01-09 03:00:00,5.162,5.201,5.154,5.2,43842.6
2026-01-09 03:15:00,5.2,5.213,5.171,5.176,49002.8
2026-01-09 03:30:00,5.176,5.198,5.17,5.186,18622.5
2026-01-09 03:45:00,5.185,5.217,5.182,5.215,42357.8
2026-01-09 04:00:00,5.214,5.221,5.183,5.188,37130.7
2026-01-09 04:15:00,5.188,5.2,5.182,5.197,10669.0
2026-01-09 04:30:00,5.196,5.201,5.171,5.187,51995.2
2026-01-09 04:45:00,5.187,5.195,5.182,5.182,15183.9
2026-01-09 05:00:00,5.182,5.207,5.182,5.205,47056.5
2026-01-09 05:15:00,5.204,5.206,5.187,5.199,20049.5
2026-01-09 05:30:00,5.199,5.217,5.19,5.208,24363.4
2026-01-09 05:45:00,5.208,5.224,5.207,5.22,19104.3
2026-01-09 06:00:00,5.221,5.225,5.211,5.22,18741.6
2026-01-09 06:15:00,5.219,5.235,5.201,5.206,23440.0
2026-01-09 06:30:00,5.205,5.234,5.202,5.232,15829.9
2026-01-09 06:45:00,5.232,5.257,5.231,5.253,42779.9
2026-01-09 07:00:00,5.253,5.263,5.234,5.256,41234.4
2026-01-09 07:15:00,5.256,5.268,5.249,5.264,27528.8
2026-01-09 07:30:00,5.264,5.265,5.236,5.242,29515.3
2026-01-09 07:45:00,5.242,5.243,5.222,5.223,36985.2
2026-01-09 08:00:00,5.224,5.24,5.195,5.204,89202.5
2026-01-09 08:15:00,5.205,5.22,5.195,5.198,28369.6
2026-01-09 08:30:00,5.199,5.2,5.158,5.159,74299.9
2026-01-09 08:45:00,5.159,5.163,5.1,5.134,260771.2
2026-01-09 09:00:00,5.133,5.179,5.13,5.167,140693.1
2026-01-09 09:15:00,5.167,5.208,5.146,5.201,62137.0
2026-01-09 09:30:00,5.202,5.21,5.192,5.197,43277.2
2026-01-09 09:45:00,5.196,5.196,5.172,5.174,29230.4
2026-01-09 10:00:00,5.173,5.197,5.158,5.185,48356.3
2026-01-09 10:15:00,5.186,5.188,5.172,5.173,36466.7
2026-01-09 10:30:00,5.173,5.183,5.16,5.177,33707.5
2026-01-09 10:45:00,5.178,5.203,5.174,5.197,24463.4
2026-01-09 11:00:00,5.197,5.208,5.19,5.208,29451.3
2026-01-09 11:15:00,5.208,5.22,5.195,5.198,47135.6
2026-01-09 11:30:00,5.198,5.214,5.18,5.19,36407.3
2026-01-09 11:45:00,5.189,5.193,5.166,5.167,46452.8
2026-01-09 12:00:00,5.167,5.178,5.144,5.148,63207.1
2026-01-09 12:15:00,5.148,5.148,5.13,5.144,40197.9
2026-01-09 12:30:00,5.145,5.154,5.132,5.137,43651.8
2026-01-09 12:45:00,5.137,5.161,5.135,5.156,26357.4
2026-01-09 13:00:00,5.156,5.196,5.145,5.189,73869.3
2026-01-09 13:15:00,5.189,5.222,5.188,5.208,76110.9
2026-01-09 13:30:00,5.209,5.25,5.178,5.222,177829.7
2026-01-09 13:45:00,5.223,5.231,5.203,5.218,67071.8
2026-01-09 14:00:00,5.219,5.223,5.165,5.179,88020.9
2026-01-09 14:15:00,5.178,5.19,5.17,5.185,44426.0
2026-01-09 14:30:00,5.186,5.204,5.139,5.153,127379.3
2026-01-09 14:45:00,5.153,5.163,5.126,5.152,99023.6
2026-01-09 15:00:00,5.153,5.172,5.118,5.165,143228.5
2026-01-09 15:15:00,5.164,5.319,5.147,5.299,244427.0
2026-01-09 15:30:00,5.298,5.359,5.269,5.279,272646.1
2026-01-09 15:45:00,5.278,5.312,5.236,5.274,186694.3
2026-01-09 16:00:00,5.274,5.369,5.273,5.36,221595.1
2026-01-09 16:15:00,5.361,5.397,5.312,5.32,169614.6
2026-01-09 16:30:00,5.32,5.329,5.279,5.299,101331.1
2026-01-09 16:45:00,5.299,5.33,5.29,5.322,64193.4
2026-01-09 17:00:00,5.322,5.331,5.265,5.282,88586.1
2026-01-09 17:15:00,5.283,5.283,5.223,5.237,97813.2
2026-01-09 17:30:00,5.238,5.245,5.202,5.231,95306.8
2026-01-09 17:45:00,5.23,5.291,5.223,5.28,68345.8
2026-01-09 18:00:00,5.279,5.283,5.238,5.24,49930.3
2026-01-09 18:15:00,5.24,5.24,5.157,5.16,140051.7
2026-01-09 18:30:00,5.161,5.206,5.137,5.202,137748.0
2026-01-09 18:45:00,5.202,5.215,5.187,5.205,43114.8
2026-01-09 19:00:00,5.204,5.204,5.158,5.16,70893.8
2026-01-09 19:15:00,5.161,5.165,5.143,5.152,73113.9
2026-01-09 19:30:00,5.152,5.158,5.131,5.152,60900.4
2026-01-09 19:45:00,5.152,5.188,5.147,5.155,107773.4
2026-01-09 20:00:00,5.154,5.179,5.147,5.166,68786.0
2026-01-09 20:15:00,5.165,5.179,5.156,5.163,69869.3
2026-01-09 20:30:00,5.163,5.2,5.153,5.154,48676.8
2026-01-09 20:45:00,5.154,5.179,5.154,5.167,57630.9
2026-01-09 21:00:00,5.167,5.186,5.15,5.175,56376.9
2026-01-09 21:15:00,5.174,5.213,5.167,5.201,74126.2
2026-01-09 21:30:00,5.2,5.217,5.185,5.197,42587.5
2026-01-09 21:45:00,5.197,5.205,5.187,5.201,22671.1
2026-01-09 22:00:00,5.2,5.217,5.192,5.204,47841.1
2026-01-09 22:15:00,5.204,5.209,5.184,5.203,21178.4
2026-01-09 22:30:00,5.202,5.238,5.2,5.216,41469.1
2026-01-09 22:45:00,5.215,5.234,5.212,5.229,18256.4
2026-01-09 23:00:00,5.229,5.229,5.209,5.218,21107.5
2026-01-09 23:15:00,5.217,5.22,5.207,5.215,12785.0
2026-01-09 23:30:00,5.215,5.216,5.193,5.198,24776.4
2026-01-09 23:45:00,5.198,5.205,5.183,5.192,20620.8
2026-01-10 00:00:00,5.191,5.193,5.164,5.166,31164.4
2026-01-10 00:15:00,5.165,5.173,5.148,5.173,33774.5
2026-01-10 00:30:00,5.172,5.179,5.162,5.166,47451.5
2026-01-10 00:45:00,5.165,5.171,5.15,5.171,26113.1
2026-01-10 01:00:00,5.171,5.181,5.158,5.168,27166.8
2026-01-10 01:15:00,5.167,5.18,5.165,5.166,20513.2
2026-01-10 01:30:00,5.165,5.179,5.162,5.178,15708.8
2026-01-10 01:45:00,5.178,5.179,5.158,5.161,14815.1
2026-01-10 02:00:00,5.162,5.164,5.152,5.159,18284.7
2026-01-10 02:15:00,5.159,5.168,5.152,5.16,14351.1
2026-01-10 02:30:00,5.16,5.16,5.121,5.127,58816.8
2026-01-10 02:45:00,5.126,5.14,5.125,5.139,8519.9
2026-01-10 03:00:00,5.139,5.144,5.111,5.118,79943.5
2026-01-10 03:15:00,5.118,5.14,5.116,5.139,18952.8
2026-01-10 03:30:00,5.14,5.144,5.121,5.133,44370.2
2026-01-10 03:45:00,5.134,5.159,5.134,5.154,13450.3
2026-01-10 04:00:00,5.154,5.156,5.121,5.129,20542.0
2026-01-10 04:15:00,5.13,5.141,5.12,5.127,14900.0
2026-01-10 04:30:00,5.128,5.13,5.119,5.128,18625.5
2026-01-10 04:45:00,5.128,5.138,5.122,5.128,20690.4
2026-01-10 05:00:00,5.129,5.132,5.122,5.128,10868.5
2026-01-10 05:15:00,5.129,5.132,5.116,5.121,21710.7
2026-01-10 05:30:00,5.121,5.132,5.116,5.123,8694.5
2026-01-10 05:45:00,5.124,5.126,5.113,5.118,25072.8
2026-01-10 06:00:00,5.118,5.123,5.11,5.117,15479.1
2026-01-10 06:15:00,5.116,5.12,5.087,5.119,49977.7
2026-01-10 06:30:00,5.12,5.137,5.114,5.131,22431.0
2026-01-10 06:45:00,5.131,5.143,5.128,5.131,24681.1
2026-01-10 07:00:00,5.132,5.173,5.128,5.169,44796.9
2026-01-10 07:15:00,5.17,5.177,5.148,5.155,46907.2
2026-01-10 07:30:00,5.156,5.157,5.138,5.142,27188.2
2026-01-10 07:45:00,5.142,5.158,5.14,5.155,24322.0
2026-01-10 08:00:00,5.155,5.172,5.153,5.163,33007.6
2026-01-10 08:15:00,5.163,5.172,5.153,5.17,34238.3
2026-01-10 08:30:00,5.171,5.173,5.157,5.171,18129.3
2026-01-10 08:45:00,5.172,5.187,5.162,5.184,17595.2
2026-01-10 09:00:00,5.184,5.206,5.183,5.197,33308.1
2026-01-10 09:15:00,5.197,5.207,5.19,5.203,21364.0
2026-01-10 09:30:00,5.204,5.213,5.197,5.206,24782.1
2026-01-10 09:45:00,5.207,5.223,5.2,5.209,42024.9
2026-01-10 10:00:00,5.209,5.209,5.194,5.207,21533.3
2026-01-10 10:15:00,5.207,5.214,5.196,5.202,13005.9
2026-01-10 10:30:00,5.202,5.218,5.202,5.213,19312.4
2026-01-10 10:45:00,5.213,5.235,5.213,5.23,31207.1
2026-01-10 11:00:00,5.231,5.232,5.213,5.219,24176.4
2026-01-10 11:15:00,5.219,5.225,5.217,5.222,6564.2
2026-01-10 11:30:00,5.222,5.263,5.222,5.258,77242.9
2026-01-10 11:45:00,5.259,5.303,5.259,5.291,166055.6
2026-01-10 12:00:00,5.291,5.291,5.279,5.287,56183.9
2026-01-10 12:15:00,5.288,5.314,5.287,5.301,71547.3
2026-01-10 12:30:00,5.302,5.327,5.295,5.314,80755.1
2026-01-10 12:45:00,5.315,5.374,5.315,5.361,102604.5
2026-01-10 13:00:00,5.361,5.366,5.335,5.336,94685.4
2026-01-10 13:15:00,5.337,5.337,5.317,5.327,43809.1
2026-01-10 13:30:00,5.328,5.334,5.314,5.324,45336.7
2026-01-10 13:45:00,5.325,5.331,5.307,5.313,32632.1
2026-01-10 14:00:00,5.314,5.323,5.284,5.301,70914.0
2026-01-10 14:15:00,5.3,5.3,5.276,5.28,35146.8
2026-01-10 14:30:00,5.279,5.28,5.269,5.271,38295.5
2026-01-10 14:45:00,5.271,5.282,5.267,5.279,21283.8
2026-01-10 15:00:00,5.279,5.299,5.273,5.277,29493.1
2026-01-10 15:15:00,5.276,5.276,5.268,5.269,19706.6
2026-01-10 15:30:00,5.269,5.287,5.265,5.286,31622.1
2026-01-10 15:45:00,5.285,5.29,5.274,5.278,30831.2
2026-01-10 16:00:00,5.278,5.286,5.255,5.26,70437.5
2026-01-10 16:15:00,5.259,5.26,5.242,5.253,50527.1
2026-01-10 16:30:00,5.252,5.262,5.236,5.249,55388.7
2026-01-10 16:45:00,5.248,5.249,5.233,5.242,25723.3
2026-01-10 17:00:00,5.242,5.262,5.242,5.261,25008.7
2026-01-10 17:15:00,5.26,5.284,5.259,5.282,48127.0
2026-01-10 17:30:00,5.282,5.283,5.25,5.254,32149.6
2026-01-10 17:45:00,5.253,5.258,5.215,5.225,89959.9
2026-01-10 18:00:00,5.224,5.229,5.209,5.222,39913.1
2026-01-10 18:15:00,5.221,5.249,5.211,5.249,21620.9
2026-01-10 18:30:00,5.249,5.263,5.246,5.249,19065.7
2026-01-10 18:45:00,5.249,5.253,5.243,5.245,16725.3
2026-01-10 19:00:00,5.245,5.288,5.245,5.282,28964.9
2026-01-10 19:15:00,5.282,5.288,5.267,5.285,21084.9
2026-01-10 19:30:00,5.286,5.29,5.279,5.288,16198.2
2026-01-10 19:45:00,5.288,5.289,5.277,5.286,21291.6
2026-01-10 20:00:00,5.287,5.289,5.263,5.267,48381.3
2026-01-10 20:15:00,5.266,5.277,5.262,5.276,17691.3
2026-01-10 20:30:00,5.277,5.277,5.253,5.254,27162.7
2026-01-10 20:45:00,5.254,5.261,5.247,5.252,11193.9
2026-01-10 21:00:00,5.251,5.26,5.243,5.248,23692.9
2026-01-10 21:15:00,5.248,5.249,5.234,5.238,23388.2
2026-01-10 21:30:00,5.237,5.24,5.222,5.23,20858.9
2026-01-10 21:45:00,5.23,5.233,5.211,5.213,30475.9
2026-01-10 22:00:00,5.213,5.219,5.196,5.209,60550.5
2026-01-10 22:15:00,5.208,5.214,5.196,5.202,35440.6
2026-01-10 22:30:00,5.202,5.211,5.198,5.205,17906.5
2026-01-10 22:45:00,5.204,5.204,5.163,5.165,39064.6
2026-01-10 23:00:00,5.164,5.191,5.163,5.171,38031.7
2026-01-10 23:15:00,5.17,5.195,5.17,5.191,16672.2
2026-01-10 23:30:00,5.19,5.199,5.179,5.198,20798.2
2026-01-10 23:45:00,5.198,5.207,5.191,5.194,14356.3
2026-01-11 00:00:00,5.194,5.199,5.182,5.198,20675.2
2026-01-11 00:15:00,5.197,5.209,5.19,5.207,28187.6
2026-01-11 00:30:00,5.207,5.211,5.188,5.191,21017.0
2026-01-11 00:45:00,5.192,5.224,5.192,5.222,35692.3
2026-01-11 01:00:00,5.223,5.231,5.207,5.21,31273.3
2026-01-11 01:15:00,5.21,5.222,5.206,5.214,20736.1
2026-01-11 01:30:00,5.214,5.23,5.198,5.228,34650.8
2026-01-11 01:45:00,5.229,5.233,5.215,5.22,35835.2
2026-01-11 02:00:00,5.221,5.228,5.211,5.225,40984.3
2026-01-11 02:15:00,5.226,5.237,5.215,5.221,38041.0
2026-01-11 02:30:00,5.221,5.221,5.205,5.214,20580.5
2026-01-11 02:45:00,5.214,5.215,5.197,5.201,24608.3
2026-01-11 03:00:00,5.202,5.21,5.198,5.206,13226.2
2026-01-11 03:15:00,5.207,5.222,5.204,5.205,13557.2
2026-01-11 03:30:00,5.205,5.231,5.204,5.215,96255.8
2026-01-11 03:45:00,5.216,5.225,5.209,5.218,13746.0
2026-01-11 04:00:00,5.218,5.218,5.199,5.201,49892.4
2026-01-11 04:15:00,5.201,5.203,5.187,5.192,21454.6
2026-01-11 04:30:00,5.192,5.208,5.191,5.2,17413.3
2026-01-11 04:45:00,5.201,5.218,5.201,5.217,14670.2
2026-01-11 05:00:00,5.218,5.223,5.208,5.22,24661.1
2026-01-11 05:15:00,5.22,5.221,5.198,5.203,17859.5
2026-01-11 05:30:00,5.204,5.218,5.202,5.216,13110.5
2026-01-11 05:45:00,5.216,5.228,5.211,5.215,34340.7
2026-01-11 06:00:00,5.215,5.218,5.204,5.213,23797.0
2026-01-11 06:15:00,5.213,5.215,5.181,5.187,30971.4
2026-01-11 06:30:00,5.188,5.197,5.183,5.194,8062.5
2026-01-11 06:45:00,5.195,5.221,5.195,5.212,21872.7
2026-01-11 07:00:00,5.213,5.223,5.205,5.206,28905.6
2026-01-11 07:15:00,5.207,5.216,5.205,5.214,19441.1
2026-01-11 07:30:00,5.215,5.228,5.211,5.227,15828.2
2026-01-11 07:45:00,5.227,5.227,5.214,5.225,20651.8
2026-01-11 08:00:00,5.226,5.226,5.209,5.216,25568.4
2026-01-11 08:15:00,5.217,5.229,5.216,5.22,26025.9
2026-01-11 08:30:00,5.221,5.232,5.215,5.22,24662.2
2026-01-11 08:45:00,5.219,5.241,5.214,5.223,29161.9
2026-01-11 09:00:00,5.223,5.236,5.221,5.235,13870.2
2026-01-11 09:15:00,5.236,5.261,5.235,5.25,81650.6
2026-01-11 09:30:00,5.251,5.256,5.234,5.245,26868.9
2026-01-11 09:45:00,5.245,5.259,5.244,5.253,40188.9
2026-01-11 10:00:00,5.253,5.275,5.242,5.274,44771.3
2026-01-11 10:15:00,5.274,5.275,5.258,5.263,22995.5
2026-01-11 10:30:00,5.264,5.265,5.249,5.251,16041.0
2026-01-11 10:45:00,5.251,5.28,5.251,5.275,27216.9
2026-01-11 11:00:00,5.276,5.282,5.266,5.268,26401.0
2026-01-11 11:15:00,5.269,5.275,5.261,5.267,19711.0
2026-01-11 11:30:00,5.268,5.281,5.267,5.267,24907.1
2026-01-11 11:45:00,5.268,5.276,5.258,5.274,24865.7
2026-01-11 12:00:00,5.275,5.289,5.269,5.286,24017.0
2026-01-11 12:15:00,5.287,5.304,5.28,5.292,35545.8
2026-01-11 12:30:00,5.294,5.301,5.29,5.299,28695.7
2026-01-11 12:45:00,5.3,5.317,5.294,5.295,49889.3
2026-01-11 13:00:00,5.296,5.3,5.264,5.266,132719.1
2026-01-11 13:15:00,5.267,5.27,5.239,5.243,83014.8
2026-01-11 13:30:00,5.243,5.243,5.224,5.225,41611.4
2026-01-11 13:45:00,5.226,5.24,5.226,5.227,25045.0
2026-01-11 14:00:00,5.228,5.237,5.22,5.23,33082.1
2026-01-11 14:15:00,5.231,5.251,5.221,5.247,47607.2
2026-01-11 14:30:00,5.247,5.256,5.231,5.239,43642.6
2026-01-11 14:45:00,5.239,5.288,5.239,5.273,57507.5
2026-01-11 15:00:00,5.274,5.287,5.246,5.252,82097.5
2026-01-11 15:15:00,5.252,5.262,5.246,5.249,35629.7
2026-01-11 15:30:00,5.249,5.256,5.207,5.217,65163.3
2026-01-11 15:45:00,5.217,5.22,5.185,5.206,125171.4
2026-01-11 16:00:00,5.207,5.231,5.205,5.21,65423.4
2026-01-11 16:15:00,5.21,5.27,5.206,5.261,95053.9
2026-01-11 16:30:00,5.262,5.311,5.261,5.282,166006.8
2026-01-11 16:45:00,5.282,5.287,5.245,5.258,60126.5
2026-01-11 17:00:00,5.259,5.282,5.254,5.277,31700.9
2026-01-11 17:15:00,5.277,5.278,5.256,5.259,35476.1
2026-01-11 17:30:00,5.26,5.261,5.227,5.254,40170.0
2026-01-11 17:45:00,5.254,5.287,5.247,5.285,34117.0
2026-01-11 18:00:00,5.285,5.291,5.253,5.256,36510.1
2026-01-11 18:15:00,5.257,5.263,5.241,5.248,22095.1
2026-01-11 18:30:00,5.248,5.255,5.24,5.254,21405.8
2026-01-11 18:45:00,5.254,5.273,5.25,5.266,43782.4
2026-01-11 19:00:00,5.266,5.284,5.263,5.283,40519.1
2026-01-11 19:15:00,5.283,5.283,5.256,5.258,25015.9
2026-01-11 19:30:00,5.258,5.269,5.248,5.257,55443.2
2026-01-11 19:45:00,5.257,5.257,5.234,5.241,32893.9
2026-01-11 20:00:00,5.24,5.241,5.173,5.182,163490.1
2026-01-11 20:15:00,5.182,5.182,5.146,5.171,103131.7
2026-01-11 20:30:00,5.17,5.187,5.158,5.176,74968.5
2026-01-11 20:45:00,5.175,5.199,5.174,5.186,60824.2
2026-01-11 21:00:00,5.185,5.185,5.15,5.162,86747.1
2026-01-11 21:15:00,5.161,5.184,5.158,5.178,24949.6
2026-01-11 21:30:00,5.177,5.197,5.17,5.182,46211.7
2026-01-11 21:45:00,5.182,5.219,5.178,5.211,40036.8
2026-01-11 22:00:00,5.21,5.211,5.128,5.144,114211.9
2026-01-11 22:15:00,5.144,5.161,5.134,5.153,25824.5
2026-01-11 22:30:00,5.152,5.162,5.136,5.161,19936.9
2026-01-11 22:45:00,5.16,5.16,5.13,5.13,11194.3
2026-01-11 23:00:00,5.13,5.153,5.077,5.152,124898.1
2026-01-11 23:15:00,5.152,5.191,5.147,5.151,81833.3
2026-01-11 23:30:00,5.151,5.161,5.135,5.156,38846.6
2026-01-11 23:45:00,5.155,5.181,5.149,5.181,45005.0
2026-01-12 00:00:00,5.181,5.184,5.147,5.153,102948.3
2026-01-12 00:15:00,5.153,5.195,5.147,5.189,76996.5
2026-01-12 00:30:00,5.189,5.2,5.114,5.121,79627.0
2026-01-12 00:45:00,5.121,5.182,5.091,5.182,75826.8
2026-01-12 01:00:00,5.181,5.246,5.17,5.223,184246.3
2026-01-12 01:15:00,5.222,5.249,5.205,5.247,51783.8
2026-01-12 01:30:00,5.247,5.251,5.18,5.201,172572.2
2026-01-12 01:45:00,5.2,5.23,5.198,5.215,39897.9
2026-01-12 02:00:00,5.215,5.297,5.215,5.296,107629.0
2026-01-12 02:15:00,5.296,5.322,5.259,5.281,154981.9
2026-01-12 02:30:00,5.281,5.295,5.264,5.286,38639.2
2026-01-12 02:45:00,5.286,5.332,5.286,5.327,144650.1
2026-01-12 03:00:00,5.327,5.35,5.301,5.34,103155.3
2026-01-12 03:15:00,5.34,5.347,5.323,5.339,119324.0
2026-01-12 03:30:00,5.339,5.345,5.269,5.282,129785.2
2026-01-12 03:45:00,5.282,5.286,5.241,5.246,96039.9
2026-01-12 04:00:00,5.246,5.267,5.235,5.266,72769.6
2026-01-12 04:15:00,5.265,5.268,5.247,5.249,30096.2
2026-01-12 04:30:00,5.249,5.303,5.249,5.299,72399.5
2026-01-12 04:45:00,5.299,5.309,5.294,5.3,45056.1
2026-01-12 05:00:00,5.3,5.328,5.279,5.308,90006.8
2026-01-12 05:15:00,5.308,5.327,5.3,5.317,44082.9
2026-01-12 05:30:00,5.315,5.327,5.286,5.289,37044.9
2026-01-12 05:45:00,5.288,5.289,5.274,5.288,31275.3
2026-01-12 06:00:00,5.288,5.297,5.274,5.29,50534.8
2026-01-12 06:15:00,5.29,5.292,5.269,5.276,67325.9
2026-01-12 06:30:00,5.276,5.276,5.243,5.256,49485.1
2026-01-12 06:45:00,5.255,5.255,5.229,5.24,54083.4
2026-01-12 07:00:00,5.239,5.271,5.231,5.243,46647.0
2026-01-12 07:15:00,5.243,5.252,5.208,5.216,93299.5
2026-01-12 07:30:00,5.216,5.216,5.158,5.165,127720.5
2026-01-12 07:45:00,5.166,5.167,5.128,5.133,129247.6
2026-01-12 08:00:00,5.132,5.171,5.132,5.152,87067.7
2026-01-12 08:15:00,5.152,5.163,5.14,5.141,46312.2
2026-01-12 08:30:00,5.14,5.141,5.063,5.067,210270.4
2026-01-12 08:45:00,5.067,5.1,5.039,5.09,142547.6
2026-01-12 09:00:00,5.09,5.105,5.075,5.098,83687.8
2026-01-12 09:15:00,5.098,5.115,5.089,5.089,41204.8
2026-01-12 09:30:00,5.089,5.105,5.082,5.096,68945.0
2026-01-12 09:45:00,5.095,5.1,5.077,5.087,50301.6
2026-01-12 10:00:00,5.087,5.105,5.077,5.091,34282.8
2026-01-12 10:15:00,5.09,5.105,5.082,5.091,32197.8
2026-01-12 10:30:00,5.091,5.1,5.086,5.089,26322.3
2026-01-12 10:45:00,5.088,5.091,5.069,5.081,22038.3
2026-01-12 11:00:00,5.081,5.098,5.077,5.09,29714.0
2026-01-12 11:15:00,5.09,5.112,5.082,5.1,63999.5
2026-01-12 11:30:00,5.101,5.112,5.087,5.094,64558.0
2026-01-12 11:45:00,5.094,5.107,5.088,5.089,50709.5
2026-01-12 12:00:00,5.09,5.102,5.085,5.089,41739.6
2026-01-12 12:15:00,5.089,5.105,5.086,5.089,29454.4
2026-01-12 12:30:00,5.09,5.091,5.065,5.067,53141.9
2026-01-12 12:45:00,5.068,5.085,5.065,5.07,27765.3
2026-01-12 13:00:00,5.07,5.084,5.041,5.049,107340.6
2026-01-12 13:15:00,5.051,5.066,5.05,5.057,35898.7
2026-01-12 13:30:00,5.057,5.072,5.045,5.05,46315.5
2026-01-12 13:45:00,5.049,5.061,5.032,5.046,41543.4
2026-01-12 14:00:00,5.046,5.073,5.043,5.061,42227.8
2026-01-12 14:15:00,5.06,5.069,4.988,5.036,260024.1
2026-01-12 14:30:00,5.035,5.126,5.032,5.088,185827.7
2026-01-12 14:45:00,5.088,5.118,5.068,5.092,96304.4
2026-01-12 15:00:00,5.092,5.108,5.081,5.108,82595.0
2026-01-12 15:15:00,5.108,5.164,5.103,5.157,133722.6
2026-01-12 15:30:00,5.157,5.181,5.14,5.17,91776.5
2026-01-12 15:45:00,5.169,5.172,5.147,5.158,128929.3
2026-01-12 16:00:00,5.157,5.167,5.127,5.135,149537.4
2026-01-12 16:15:00,5.136,5.187,5.116,5.179,116609.6
2026-01-12 16:30:00,5.179,5.195,5.14,5.148,184421.1
2026-01-12 16:45:00,5.148,5.155,5.128,5.145,60484.3
2026-01-12 17:00:00,5.145,5.158,5.118,5.125,75975.6
2026-01-12 17:15:00,5.124,5.133,5.069,5.079,90639.9
2026-01-12 17:30:00,5.079,5.079,5.031,5.063,136478.9
2026-01-12 17:45:00,5.063,5.084,5.058,5.071,78469.1
2026-01-12 18:00:00,5.072,5.104,5.066,5.087,64394.0
2026-01-12 18:15:00,5.088,5.109,5.085,5.108,55840.7
2026-01-12 18:30:00,5.108,5.113,5.055,5.067,121335.9
2026-01-12 18:45:00,5.068,5.08,5.062,5.075,28717.0
2026-01-12 19:00:00,5.074,5.08,5.039,5.058,100217.6
2026-01-12 19:15:00,5.059,5.078,5.058,5.066,39829.2
2026-01-12 19:30:00,5.067,5.08,5.058,5.062,22676.5
2026-01-12 19:45:00,5.063,5.079,5.051,5.074,28871.0
2026-01-12 20:00:00,5.075,5.114,5.067,5.091,73039.5
2026-01-12 20:15:00,5.091,5.092,5.056,5.063,61091.0
2026-01-12 20:30:00,5.063,5.064,5.033,5.037,50021.7
2026-01-12 20:45:00,5.038,5.054,5.028,5.031,57016.5
2026-01-12 21:00:00,5.031,5.041,5.005,5.035,118067.0
2026-01-12 21:15:00,5.035,5.038,5.015,5.02,52636.1
2026-01-12 21:30:00,5.02,5.027,5.009,5.012,62518.2
2026-01-12 21:45:00,5.012,5.02,4.978,5.003,92940.1
2026-01-12 22:00:00,5.004,5.033,4.996,5.023,59706.0
2026-01-12 22:15:00,5.023,5.035,5.007,5.031,69402.1
2026-01-12 22:30:00,5.032,5.041,5.006,5.028,93880.4
2026-01-12 22:45:00,5.028,5.03,5.018,5.022,7040.1
2026-01-12 23:00:00,5.023,5.026,4.996,5.01,43366.9
2026-01-12 23:15:00,5.01,5.03,5.009,5.025,25855.6
2026-01-12 23:30:00,5.024,5.033,5.01,5.02,29211.6
2026-01-12 23:45:00,5.02,5.024,5.014,5.021,34964.3
2026-01-13 00:00:00,5.021,5.039,5.019,5.025,53153.0
2026-01-13 00:15:00,5.025,5.041,5.021,5.027,24296.7
2026-01-13 00:30:00,5.027,5.044,5.011,5.024,32370.2
2026-01-13 00:45:00,5.024,5.04,5.024,5.035,21421.8
2026-01-13 01:00:00,5.035,5.058,5.032,5.053,40156.3
2026-01-13 01:15:00,5.053,5.063,5.039,5.049,20550.5
2026-01-13 01:30:00,5.049,5.053,5.024,5.029,32764.7
2026-01-13 01:45:00,5.028,5.042,5.026,5.042,24569.6
2026-01-13 02:00:00,5.042,5.082,5.04,5.077,68860.9
2026-01-13 02:15:00,5.078,5.088,5.068,5.075,29299.8
2026-01-13 02:30:00,5.074,5.082,5.053,5.056,33125.0
2026-01-13 02:45:00,5.055,5.066,5.046,5.05,29149.9
2026-01-13 03:00:00,5.049,5.057,5.035,5.054,57548.4
2026-01-13 03:15:00,5.055,5.087,5.055,5.082,51636.3
2026-01-13 03:30:00,5.082,5.085,5.063,5.084,44117.6
2026-01-13 03:45:00,5.084,5.101,5.077,5.097,44705.8
2026-01-13 04:00:00,5.098,5.129,5.095,5.127,70526.5
2026-01-13 04:15:00,5.127,5.137,5.108,5.122,45929.2
2026-01-13 04:30:00,5.122,5.138,5.098,5.138,51431.0
2026-01-13 04:45:00,5.138,5.148,5.12,5.144,52025.1
2026-01-13 05:00:00,5.144,5.17,5.142,5.169,95460.7
2026-01-13 05:15:00,5.168,5.231,5.165,5.218,156816.6
2026-01-13 05:30:00,5.217,5.226,5.2,5.214,74907.5
2026-01-13 05:45:00,5.214,5.216,5.185,5.204,61482.6
2026-01-13 06:00:00,5.205,5.227,5.199,5.212,111917.8
2026-01-13 06:15:00,5.213,5.216,5.19,5.2,52829.9
2026-01-13 06:30:00,5.2,5.223,5.168,5.17,359950.0
2026-01-13 06:45:00,5.17,5.209,5.168,5.193,83291.0
2026-01-13 07:00:00,5.194,5.196,5.175,5.181,52038.0
2026-01-13 07:15:00,5.182,5.184,5.166,5.175,37203.5
2026-01-13 07:30:00,5.176,5.177,5.165,5.171,28399.0
2026-01-13 07:45:00,5.172,5.174,5.158,5.171,23854.3
2026-01-13 08:00:00,5.17,5.186,5.166,5.167,53941.2
2026-01-13 08:15:00,5.167,5.173,5.142,5.143,43761.6
2026-01-13 08:30:00,5.143,5.172,5.128,5.169,59429.6
2026-01-13 08:45:00,5.169,5.213,5.166,5.201,59329.3
2026-01-13 09:00:00,5.202,5.219,5.195,5.206,62783.3
2026-01-13 09:15:00,5.207,5.216,5.188,5.202,56388.7
2026-01-13 09:30:00,5.202,5.225,5.172,5.2,94839.0
2026-01-13 09:45:00,5.2,5.226,5.193,5.201,48649.3
2026-01-13 10:00:00,5.201,5.221,5.196,5.204,37632.7
2026-01-13 10:15:00,5.205,5.22,5.203,5.213,39137.8
2026-01-13 10:30:00,5.214,5.22,5.193,5.198,40147.5
2026-01-13 10:45:00,5.198,5.253,5.198,5.248,75650.5
2026-01-13 11:00:00,5.248,5.26,5.242,5.245,62879.3
2026-01-13 11:15:00,5.246,5.275,5.242,5.275,44203.4
2026-01-13 11:30:00,5.276,5.296,5.266,5.277,63191.2
2026-01-13 11:45:00,5.278,5.29,5.271,5.275,89119.2
2026-01-13 12:00:00,5.276,5.299,5.262,5.262,83536.0
2026-01-13 12:15:00,5.262,5.286,5.255,5.257,42088.8
2026-01-13 12:30:00,5.258,5.283,5.256,5.277,36579.8
2026-01-13 12:45:00,5.278,5.313,5.261,5.31,80364.1
2026-01-13 13:00:00,5.31,5.337,5.29,5.311,111917.6
2026-01-13 13:15:00,5.311,5.335,5.302,5.332,56951.6
2026-01-13 13:30:00,5.333,5.394,5.324,5.386,411459.6
2026-01-13 13:45:00,5.386,5.391,5.346,5.373,59711.0
2026-01-13 14:00:00,5.373,5.379,5.344,5.367,120990.2
2026-01-13 14:15:00,5.368,5.384,5.352,5.382,76202.7
2026-01-13 14:30:00,5.382,5.446,5.381,5.419,237563.5
2026-01-13 14:45:00,5.421,5.438,5.371,5.376,112355.5
2026-01-13 15:00:00,5.376,5.434,5.355,5.387,172604.0
2026-01-13 15:15:00,5.387,5.387,5.332,5.371,130089.5
2026-01-13 15:30:00,5.372,5.469,5.371,5.46,182364.8
2026-01-13 15:45:00,5.46,5.494,5.421,5.478,174771.5
2026-01-13 16:00:00,5.477,5.548,5.477,5.494,420403.7
2026-01-13 16:15:00,5.494,5.546,5.484,5.508,264154.9
2026-01-13 16:30:00,5.508,5.571,5.505,5.51,189610.6
2026-01-13 16:45:00,5.511,5.563,5.51,5.533,83949.7
2026-01-13 17:00:00,5.532,5.546,5.443,5.463,186795.8
2026-01-13 17:15:00,5.462,5.483,5.442,5.473,66878.6
2026-01-13 17:30:00,5.473,5.475,5.442,5.45,66802.4
2026-01-13 17:45:00,5.449,5.495,5.445,5.487,66325.5
2026-01-13 18:00:00,5.487,5.511,5.48,5.506,112026.3
2026-01-13 18:15:00,5.507,5.533,5.486,5.491,82193.1
2026-01-13 18:30:00,5.492,5.509,5.471,5.474,45003.2
2026-01-13 18:45:00,5.474,5.508,5.471,5.491,58150.8
2026-01-13 19:00:00,5.491,5.491,5.455,5.46,49051.0
2026-01-13 19:15:00,5.461,5.486,5.455,5.484,35618.0
2026-01-13 19:30:00,5.483,5.51,5.477,5.479,65751.0
2026-01-13 19:45:00,5.478,5.505,5.478,5.497,30140.1
2026-01-13 20:00:00,5.498,5.515,5.49,5.504,65295.9
2026-01-13 20:15:00,5.503,5.503,5.475,5.487,60548.0
2026-01-13 20:30:00,5.486,5.487,5.436,5.457,116865.8
2026-01-13 20:45:00,5.457,5.468,5.444,5.464,75662.8
2026-01-13 21:00:00,5.464,5.476,5.451,5.454,64693.2
2026-01-13 21:15:00,5.453,5.482,5.452,5.473,38074.7
2026-01-13 21:30:00,5.471,5.48,5.455,5.479,57040.9
2026-01-13 21:45:00,5.48,5.498,5.478,5.495,22063.8
2026-01-13 22:00:00,5.495,5.795,5.495,5.71,578474.4
2026-01-13 22:15:00,5.709,5.788,5.668,5.764,319339.1
2026-01-13 22:30:00,5.763,5.789,5.735,5.773,115327.8
2026-01-13 22:45:00,5.773,5.788,5.713,5.741,151509.4
2026-01-13 23:00:00,5.742,5.768,5.696,5.708,200261.1
2026-01-13 23:15:00,5.708,5.713,5.646,5.663,149863.8
2026-01-13 23:30:00,5.662,5.664,5.625,5.626,102636.4
2026-01-13 23:45:00,5.625,5.647,5.62,5.644,95305.0
2026-01-14 00:00:00,5.644,5.682,5.644,5.667,158908.5
2026-01-14 00:15:00,5.666,5.686,5.643,5.651,67850.9
2026-01-14 00:30:00,5.651,5.669,5.62,5.654,59909.6
2026-01-14 00:45:00,5.653,5.681,5.643,5.666,48603.8
2026-01-14 01:00:00,5.665,5.69,5.657,5.676,59207.1
2026-01-14 01:15:00,5.675,5.676,5.64,5.64,45310.7
2026-01-14 01:30:00,5.641,5.665,5.633,5.644,63093.9
2026-01-14 01:45:00,5.644,5.655,5.63,5.649,37523.3
2026-01-14 02:00:00,5.648,5.671,5.632,5.663,51629.2
2026-01-14 02:15:00,5.663,5.677,5.647,5.658,48571.0
2026-01-14 02:30:00,5.657,5.672,5.641,5.671,35554.7
2026-01-14 02:45:00,5.67,5.675,5.639,5.646,65326.5
2026-01-14 03:00:00,5.645,5.658,5.633,5.644,57846.5
2026-01-14 03:15:00,5.643,5.647,5.624,5.632,20058.1
2026-01-14 03:30:00,5.632,5.65,5.624,5.64,51237.7
2026-01-14 03:45:00,5.639,5.659,5.633,5.654,60100.2
2026-01-14 04:00:00,5.654,5.662,5.605,5.61,122796.3
2026-01-14 04:15:00,5.609,5.656,5.607,5.645,75840.0
2026-01-14 04:30:00,5.645,5.645,5.619,5.619,52519.0
2026-01-14 04:45:00,5.619,5.631,5.616,5.618,24628.3
2026-01-14 05:00:00,5.617,5.617,5.586,5.601,91706.5
2026-01-14 05:15:00,5.6,5.607,5.568,5.584,74596.6
2026-01-14 05:30:00,5.583,5.604,5.57,5.592,37323.4
2026-01-14 05:45:00,5.591,5.615,5.591,5.599,17381.0
2026-01-14 06:00:00,5.598,5.614,5.574,5.614,57421.7
2026-01-14 06:15:00,5.614,5.616,5.591,5.592,35527.3
2026-01-14 06:30:00,5.591,5.601,5.558,5.598,71373.4
2026-01-14 06:45:00,5.598,5.638,5.597,5.636,25199.7
2026-01-14 07:00:00,5.636,5.669,5.627,5.651,107026.9
2026-01-14 07:15:00,5.65,5.658,5.607,5.608,44013.4
2026-01-14 07:30:00,5.608,5.634,5.603,5.63,63193.8
2026-01-14 07:45:00,5.63,5.651,5.63,5.637,28377.0
2026-01-14 08:00:00,5.637,5.649,5.62,5.649,76703.5
2026-01-14 08:15:00,5.65,5.655,5.639,5.641,47094.8
2026-01-14 08:30:00,5.641,5.647,5.624,5.632,34925.1
2026-01-14 08:45:00,5.632,5.635,5.617,5.618,21140.4
2026-01-14 09:00:00,5.617,5.644,5.617,5.639,23689.9
2026-01-14 09:15:00,5.639,5.641,5.621,5.63,38972.5
2026-01-14 09:30:00,5.631,5.655,5.628,5.632,50871.4
2026-01-14 09:45:00,5.632,5.651,5.63,5.651,13636.7
2026-01-14 10:00:00,5.652,5.669,5.643,5.669,30153.7
2026-01-14 10:15:00,5.668,5.674,5.616,5.632,67638.5
2026-01-14 10:30:00,5.631,5.643,5.61,5.626,32317.5
2026-01-14 10:45:00,5.626,5.628,5.584,5.584,79278.8
2026-01-14 11:00:00,5.583,5.585,5.555,5.569,105648.2
2026-01-14 11:15:00,5.568,5.568,5.542,5.562,83553.6
2026-01-14 11:30:00,5.561,5.597,5.557,5.579,52427.1
2026-01-14 11:45:00,5.578,5.58,5.556,5.566,27391.0
2026-01-14 12:00:00,5.565,5.605,5.559,5.598,64880.1
2026-01-14 12:15:00,5.597,5.602,5.574,5.58,24886.7
2026-01-14 12:30:00,5.579,5.588,5.567,5.569,37873.9
2026-01-14 12:45:00,5.569,5.577,5.566,5.569,15952.3
2026-01-14 13:00:00,5.568,5.568,5.541,5.561,49158.0
2026-01-14 13:15:00,5.56,5.579,5.558,5.572,49946.4
2026-01-14 13:30:00,5.572,5.576,5.536,5.539,91849.3
2026-01-14 13:45:00,5.539,5.541,5.507,5.515,97117.2
2026-01-14 14:00:00,5.515,5.579,5.512,5.568,85865.6
2026-01-14 14:15:00,5.567,5.595,5.561,5.572,76972.4
2026-01-14 14:30:00,5.571,5.601,5.557,5.582,111405.7
2026-01-14 14:45:00,5.583,5.655,5.581,5.631,166651.6
2026-01-14 15:00:00,5.632,5.679,5.593,5.669,205645.6
2026-01-14 15:15:00,5.668,5.706,5.654,5.677,138324.0
2026-01-14 15:30:00,5.678,5.693,5.635,5.657,104781.8
2026-01-14 15:45:00,5.657,5.678,5.637,5.678,56954.9
2026-01-14 16:00:00,5.679,5.724,5.669,5.713,94910.1
2026-01-14 16:15:00,5.713,5.719,5.667,5.687,140081.6
2026-01-14 16:30:00,5.686,5.714,5.651,5.688,110037.9
2026-01-14 16:45:00,5.687,5.703,5.645,5.657,70459.4
2026-01-14 17:00:00,5.657,5.681,5.642,5.676,54337.0
2026-01-14 17:15:00,5.676,5.682,5.644,5.645,51683.6
2026-01-14 17:30:00,5.644,5.647,5.583,5.614,106703.8
2026-01-14 17:45:00,5.613,5.624,5.57,5.591,52281.9
2026-01-14 18:00:00,5.59,5.604,5.572,5.581,58800.2
2026-01-14 18:15:00,5.581,5.598,5.546,5.596,54845.0
2026-01-14 18:30:00,5.596,5.608,5.494,5.505,112902.8
2026-01-14 18:45:00,5.505,5.562,5.49,5.544,90376.8
2026-01-14 19:00:00,5.544,5.555,5.519,5.548,74215.9
2026-01-14 19:15:00,5.548,5.62,5.545,5.616,129872.7
2026-01-14 19:30:00,5.618,5.632,5.562,5.576,75508.4
2026-01-14 19:45:00,5.575,5.589,5.555,5.563,39618.8
2026-01-14 20:00:00,5.564,5.624,5.55,5.605,75801.4
2026-01-14 20:15:00,5.604,5.604,5.549,5.556,35348.0
2026-01-14 20:30:00,5.555,5.584,5.553,5.568,29620.0
2026-01-14 20:45:00,5.568,5.585,5.55,5.582,30672.3
2026-01-14 21:00:00,5.581,5.593,5.562,5.569,52067.7
2026-01-14 21:15:00,5.569,5.587,5.556,5.574,21706.1
2026-01-14 21:30:00,5.573,5.581,5.546,5.55,25754.4
2026-01-14 21:45:00,5.55,5.56,5.519,5.548,96182.0
2026-01-14 22:00:00,5.547,5.547,5.528,5.536,45695.8
2026-01-14 22:15:00,5.536,5.544,5.515,5.516,28964.5
2026-01-14 22:30:00,5.516,5.52,5.487,5.498,80797.1
2026-01-14 22:45:00,5.498,5.53,5.497,5.513,35829.5
2026-01-14 23:00:00,5.513,5.538,5.511,5.536,43442.5
2026-01-14 23:15:00,5.537,5.553,5.515,5.517,34250.7
2026-01-14 23:30:00,5.516,5.522,5.504,5.521,27324.5
2026-01-14 23:45:00,5.52,5.532,5.52,5.524,12694.6
2026-01-15 00:00:00,5.525,5.526,5.503,5.52,32692.3
2026-01-15 00:15:00,5.52,5.523,5.497,5.505,27449.3
2026-01-15 00:30:00,5.505,5.506,5.486,5.496,42952.3
2026-01-15 00:45:00,5.496,5.499,5.472,5.485,94365.5
2026-01-15 01:00:00,5.485,5.535,5.485,5.508,71959.8
2026-01-15 01:15:00,5.507,5.511,5.479,5.487,42611.5
2026-01-15 01:30:00,5.487,5.499,5.461,5.484,66077.2
2026-01-15 01:45:00,5.484,5.49,5.452,5.466,49843.7
2026-01-15 02:00:00,5.465,5.477,5.447,5.452,45368.5
2026-01-15 02:15:00,5.452,5.479,5.449,5.453,39238.8
2026-01-15 02:30:00,5.452,5.47,5.423,5.449,101333.4
2026-01-15 02:45:00,5.448,5.448,5.412,5.422,48671.9
2026-01-15 03:00:00,5.422,5.431,5.406,5.408,69440.0
2026-01-15 03:15:00,5.408,5.416,5.317,5.318,217621.9
2026-01-15 03:30:00,5.318,5.333,5.293,5.305,133058.6
2026-01-15 03:45:00,5.305,5.321,5.29,5.298,67204.5
2026-01-15 04:00:00,5.299,5.306,5.279,5.306,127185.9
2026-01-15 04:15:00,5.306,5.339,5.298,5.332,79967.4
2026-01-15 04:30:00,5.331,5.337,5.315,5.319,48964.2
2026-01-15 04:45:00,5.319,5.325,5.305,5.314,48669.9
2026-01-15 05:00:00,5.313,5.351,5.309,5.334,72878.8
2026-01-15 05:15:00,5.334,5.343,5.315,5.321,42290.3
2026-01-15 05:30:00,5.321,5.34,5.311,5.339,37954.0
2026-01-15 05:45:00,5.338,5.347,5.327,5.33,36579.2
2026-01-15 06:00:00,5.329,5.342,5.321,5.329,40329.8
2026-01-15 06:15:00,5.328,5.348,5.326,5.333,40866.1
2026-01-15 06:30:00,5.333,5.336,5.305,5.306,34394.2
2026-01-15 06:45:00,5.305,5.323,5.292,5.304,55920.2
2026-01-15 07:00:00,5.302,5.326,5.3,5.319,28558.3
2026-01-15 07:15:00,5.318,5.351,5.316,5.342,40639.3
2026-01-15 07:30:00,5.341,5.385,5.341,5.377,135427.4
2026-01-15 07:45:00,5.377,5.387,5.364,5.37,33786.6
2026-01-15 08:00:00,5.369,5.375,5.342,5.358,76203.7
2026-01-15 08:15:00,5.359,5.369,5.337,5.339,48230.7
2026-01-15 08:30:00,5.339,5.348,5.335,5.343,30642.1
2026-01-15 08:45:00,5.344,5.351,5.336,5.348,60245.3
2026-01-15 09:00:00,5.348,5.349,5.328,5.328,52395.9
2026-01-15 09:15:00,5.328,5.354,5.324,5.347,27783.8
2026-01-15 09:30:00,5.348,5.397,5.334,5.395,74697.9
2026-01-15 09:45:00,5.395,5.399,5.376,5.378,65383.8
2026-01-15 10:00:00,5.378,5.384,5.354,5.355,62092.3
2026-01-15 10:15:00,5.356,5.382,5.348,5.35,41445.8
2026-01-15 10:30:00,5.35,5.357,5.341,5.349,27549.8
2026-01-15 10:45:00,5.349,5.361,5.346,5.359,19275.4
2026-01-15 11:00:00,5.359,5.368,5.355,5.362,26877.5
2026-01-15 11:15:00,5.363,5.364,5.35,5.352,21146.6
2026-01-15 11:30:00,5.353,5.36,5.322,5.327,41293.3
2026-01-15 11:45:00,5.328,5.333,5.321,5.33,17470.6
2026-01-15 12:00:00,5.33,5.362,5.326,5.353,30446.6
2026-01-15 12:15:00,5.354,5.358,5.34,5.351,26025.4
2026-01-15 12:30:00,5.351,5.379,5.348,5.372,35889.4
2026-01-15 12:45:00,5.372,5.399,5.365,5.395,35327.0
2026-01-15 13:00:00,5.396,5.398,5.385,5.387,30468.1
2026-01-15 13:15:00,5.388,5.414,5.388,5.411,32060.2
2026-01-15 13:30:00,5.412,5.415,5.366,5.389,84161.7
2026-01-15 13:45:00,5.39,5.411,5.386,5.386,34528.8
2026-01-15 14:00:00,5.386,5.4,5.381,5.387,29766.9
2026-01-15 14:15:00,5.387,5.388,5.346,5.35,57454.8
2026-01-15 14:30:00,5.349,5.368,5.3,5.305,171412.4
2026-01-15 14:45:00,5.305,5.343,5.27,5.306,169110.6
2026-01-15 15:00:00,5.306,5.333,5.293,5.309,108056.5
2026-01-15 15:15:00,5.31,5.319,5.245,5.246,147627.8
2026-01-15 15:30:00,5.247,5.264,5.197,5.207,198237.3
2026-01-15 15:45:00,5.206,5.239,5.145,5.237,310276.8
2026-01-15 16:00:00,5.236,5.242,5.186,5.216,130453.7
2026-01-15 16:15:00,5.217,5.229,5.198,5.203,56870.6
2026-01-15 16:30:00,5.204,5.265,5.203,5.245,64298.3
2026-01-15 16:45:00,5.245,5.26,5.23,5.235,46039.9
2026-01-15 17:00:00,5.235,5.252,5.21,5.211,70425.9
2026-01-15 17:15:00,5.212,5.235,5.201,5.235,50275.5
2026-01-15 17:30:00,5.235,5.274,5.232,5.263,56244.0
2026-01-15 17:45:00,5.263,5.263,5.182,5.193,102404.2
2026-01-15 18:00:00,5.195,5.202,5.139,5.15,115578.3
2026-01-15 18:15:00,5.151,5.167,5.131,5.158,85305.3
2026-01-15 18:30:00,5.158,5.164,5.11,5.143,91248.8
2026-01-15 18:45:00,5.142,5.152,5.123,5.134,78950.6
2026-01-15 19:00:00,5.134,5.144,5.105,5.127,123302.6
2026-01-15 19:15:00,5.128,5.156,5.115,5.126,61188.4
2026-01-15 19:30:00,5.126,5.15,5.112,5.134,64095.7
2026-01-15 19:45:00,5.134,5.178,5.133,5.162,159109.7
2026-01-15 20:00:00,5.162,5.182,5.156,5.17,36046.1
2026-01-15 20:15:00,5.17,5.175,5.13,5.134,32757.4
2026-01-15 20:30:00,5.134,5.148,5.111,5.113,62558.0
2026-01-15 20:45:00,5.113,5.117,5.087,5.101,79193.4
2026-01-15 21:00:00,5.101,5.126,5.097,5.118,37471.2
2026-01-15 21:15:00,5.117,5.134,5.115,5.128,23356.1
2026-01-15 21:30:00,5.129,5.135,5.12,5.126,32250.1
2026-01-15 21:45:00,5.126,5.14,5.125,5.138,36356.1
2026-01-15 22:00:00,5.137,5.157,5.132,5.152,34389.2
2026-01-15 22:15:00,5.152,5.165,5.144,5.162,16667.8
2026-01-15 22:30:00,5.162,5.175,5.156,5.16,22920.3
2026-01-15 22:45:00,5.16,5.16,5.151,5.153,8718.3
2026-01-15 23:00:00,5.153,5.159,5.137,5.157,25392.6
2026-01-15 23:15:00,5.157,5.174,5.154,5.16,19601.5
2026-01-15 23:30:00,5.161,5.164,5.154,5.162,24094.1
2026-01-15 23:45:00,5.163,5.183,5.159,5.162,66040.0
2026-01-16 00:00:00,5.162,5.178,5.155,5.165,64302.7
2026-01-16 00:15:00,5.165,5.179,5.165,5.172,41728.4
2026-01-16 00:30:00,5.172,5.184,5.167,5.179,28054.2
2026-01-16 00:45:00,5.179,5.186,5.168,5.168,28139.8
2026-01-16 01:00:00,5.168,5.178,5.161,5.169,36065.0
2026-01-16 01:15:00,5.168,5.181,5.163,5.17,20180.2
2026-01-16 01:30:00,5.17,5.193,5.17,5.18,38797.1
2026-01-16 01:45:00,5.179,5.187,5.177,5.178,12302.2
2026-01-16 02:00:00,5.178,5.179,5.142,5.153,40525.7
2026-01-16 02:15:00,5.153,5.192,5.136,5.19,67085.4
2026-01-16 02:30:00,5.189,5.19,5.169,5.183,27748.2
2026-01-16 02:45:00,5.183,5.198,5.182,5.193,24314.5
2026-01-16 03:00:00,5.193,5.201,5.19,5.193,24578.6
2026-01-16 03:15:00,5.193,5.193,5.179,5.182,23410.0
2026-01-16 03:30:00,5.181,5.181,5.16,5.169,26248.2
2026-01-16 03:45:00,5.168,5.175,5.164,5.172,17101.6
2026-01-16 04:00:00,5.172,5.178,5.163,5.176,22244.2
2026-01-16 04:15:00,5.176,5.184,5.159,5.16,37902.9
2026-01-16 04:30:00,5.16,5.171,5.137,5.147,69307.8
2026-01-16 04:45:00,5.147,5.15,5.118,5.136,79746.2
2026-01-16 05:00:00,5.135,5.154,5.13,5.147,36873.1
2026-01-16 05:15:00,5.147,5.157,5.139,5.148,14316.9
2026-01-16 05:30:00,5.147,5.183,5.146,5.178,43229.2
2026-01-16 05:45:00,5.178,5.2,5.176,5.183,50278.2
2026-01-16 06:00:00,5.182,5.188,5.17,5.173,46527.5
2026-01-16 06:15:00,5.173,5.188,5.169,5.179,17862.3
2026-01-16 06:30:00,5.178,5.196,5.176,5.189,21780.0
2026-01-16 06:45:00,5.19,5.207,5.19,5.205,31614.7
2026-01-16 07:00:00,5.205,5.23,5.195,5.227,39082.8
2026-01-16 07:15:00,5.227,5.229,5.204,5.205,27583.9
2026-01-16 07:30:00,5.204,5.207,5.191,5.195,25418.2
2026-01-16 07:45:00,5.194,5.202,5.192,5.2,9349.8
2026-01-16 08:00:00,5.2,5.213,5.194,5.211,40426.7
2026-01-16 08:15:00,5.212,5.223,5.205,5.217,27488.6
2026-01-16 08:30:00,5.217,5.222,5.207,5.216,25897.3
2026-01-16 08:45:00,5.216,5.217,5.204,5.206,20900.4
2026-01-16 09:00:00,5.206,5.213,5.2,5.206,25607.5
2026-01-16 09:15:00,5.206,5.209,5.195,5.208,33006.2
2026-01-16 09:30:00,5.209,5.217,5.199,5.213,19256.0
2026-01-16 09:45:00,5.212,5.213,5.199,5.202,19019.5
2026-01-16 10:00:00,5.202,5.203,5.185,5.196,23295.4
2026-01-16 10:15:00,5.195,5.196,5.181,5.182,31317.7
2026-01-16 10:30:00,5.181,5.181,5.17,5.178,40027.2
2026-01-16 10:45:00,5.177,5.181,5.17,5.177,12369.8
2026-01-16 11:00:00,5.178,5.187,5.166,5.168,30440.8
2026-01-16 11:15:00,5.168,5.184,5.157,5.182,46497.7
2026-01-16 11:30:00,5.183,5.191,5.175,5.175,24995.0
2026-01-16 11:45:00,5.174,5.191,5.173,5.19,17210.9
2026-01-16 12:00:00,5.19,5.197,5.186,5.195,49118.6
2026-01-16 12:15:00,5.195,5.198,5.189,5.19,22975.8
2026-01-16 12:30:00,5.19,5.19,5.173,5.184,26643.6
2026-01-16 12:45:00,5.185,5.198,5.183,5.196,39203.1
2026-01-16 13:00:00,5.195,5.196,5.176,5.188,17306.2
2026-01-16 13:15:00,5.188,5.188,5.175,5.181,17007.8
2026-01-16 13:30:00,5.181,5.189,5.161,5.184,25580.1
2026-01-16 13:45:00,5.183,5.189,5.175,5.179,11132.3
2026-01-16 14:00:00,5.178,5.192,5.176,5.18,16004.3
2026-01-16 14:15:00,5.18,5.207,5.173,5.206,34794.0
2026-01-16 14:30:00,5.207,5.214,5.183,5.201,55922.1
2026-01-16 14:45:00,5.201,5.222,5.19,5.193,58091.9
2026-01-16 15:00:00,5.193,5.215,5.172,5.2,56020.7
2026-01-16 15:15:00,5.201,5.202,5.1,5.104,173771.6
2026-01-16 15:30:00,5.103,5.106,5.049,5.067,213134.3
2026-01-16 15:45:00,5.066,5.069,5.025,5.055,177694.1
2026-01-16 16:00:00,5.055,5.087,5.042,5.084,115027.0
2026-01-16 16:15:00,5.084,5.118,5.058,5.112,102843.0
2026-01-16 16:30:00,5.112,5.135,5.098,5.124,74664.6
2026-01-16 16:45:00,5.124,5.141,5.107,5.112,54543.8
2026-01-16 17:00:00,5.112,5.119,5.075,5.083,46519.2
2026-01-16 17:15:00,5.083,5.095,5.065,5.086,59171.6
2026-01-16 17:30:00,5.086,5.122,5.085,5.12,59037.1
2026-01-16 17:45:00,5.119,5.149,5.108,5.141,85953.8
2026-01-16 18:00:00,5.141,5.152,5.131,5.145,35004.9
2026-01-16 18:15:00,5.145,5.18,5.141,5.158,105229.7
2026-01-16 18:30:00,5.159,5.198,5.134,5.138,344630.7
2026-01-16 18:45:00,5.137,5.15,5.124,5.133,73620.4
2026-01-16 19:00:00,5.133,5.133,5.112,5.115,44984.0
2026-01-16 19:15:00,5.115,5.127,5.107,5.114,38435.8
2026-01-16 19:30:00,5.114,5.165,5.112,5.147,51052.2
2026-01-16 19:45:00,5.148,5.158,5.144,5.152,17148.8
2026-01-16 20:00:00,5.152,5.154,5.128,5.15,70807.3
2026-01-16 20:15:00,5.15,5.2,5.144,5.199,48663.7
2026-01-16 20:30:00,5.199,5.252,5.198,5.252,125308.6
2026-01-16 20:45:00,5.251,5.275,5.239,5.269,96351.8
2026-01-16 21:00:00,5.27,5.305,5.256,5.283,164389.7
2026-01-16 21:15:00,5.284,5.318,5.276,5.308,87854.5
2026-01-16 21:30:00,5.308,5.33,5.306,5.318,71758.2
2026-01-16 21:45:00,5.318,5.331,5.307,5.32,92210.1
2026-01-16 22:00:00,5.322,5.335,5.297,5.317,107336.3
2026-01-16 22:15:00,5.316,5.351,5.316,5.334,66479.7
2026-01-16 22:30:00,5.334,5.354,5.321,5.329,34438.9
2026-01-16 22:45:00,5.33,5.339,5.314,5.326,19295.5
2026-01-16 23:00:00,5.327,5.336,5.281,5.301,83802.9
2026-01-16 23:15:00,5.301,5.307,5.285,5.296,41171.0
2026-01-16 23:30:00,5.296,5.303,5.278,5.28,20827.9
2026-01-16 23:45:00,5.281,5.295,5.28,5.284,21651.1
2026-01-17 00:00:00,5.286,5.314,5.286,5.308,89723.6
2026-01-17 00:15:00,5.309,5.321,5.298,5.302,27357.5
2026-01-17 00:30:00,5.302,5.323,5.285,5.308,18819.5
2026-01-17 00:45:00,5.308,5.328,5.303,5.318,23612.5
2026-01-17 01:00:00,5.318,5.341,5.309,5.327,67077.9
2026-01-17 01:15:00,5.328,5.347,5.321,5.341,36952.4
2026-01-17 01:30:00,5.341,5.345,5.323,5.329,24590.6
2026-01-17 01:45:00,5.329,5.362,5.329,5.355,37740.5
2026-01-17 02:00:00,5.355,5.365,5.317,5.32,45893.6
2026-01-17 02:15:00,5.319,5.326,5.292,5.295,50315.5
2026-01-17 02:30:00,5.295,5.302,5.286,5.302,33284.8
2026-01-17 02:45:00,5.301,5.33,5.293,5.327,20321.2
2026-01-17 03:00:00,5.327,5.333,5.314,5.328,21523.9
2026-01-17 03:15:00,5.327,5.357,5.327,5.346,64517.3
2026-01-17 03:30:00,5.346,5.352,5.322,5.331,35697.8
2026-01-17 03:45:00,5.33,5.35,5.324,5.344,20427.7
2026-01-17 04:00:00,5.343,5.355,5.328,5.343,23607.5
2026-01-17 04:15:00,5.342,5.358,5.332,5.358,33579.1
2026-01-17 04:30:00,5.359,5.374,5.355,5.361,43011.3
2026-01-17 04:45:00,5.36,5.376,5.356,5.366,22425.2
2026-01-17 05:00:00,5.366,5.401,5.364,5.399,61544.7
2026-01-17 05:15:00,5.398,5.409,5.388,5.403,47677.6
2026-01-17 05:30:00,5.402,5.406,5.382,5.403,30606.9
2026-01-17 05:45:00,5.402,5.415,5.383,5.389,39104.8
2026-01-17 06:00:00,5.389,5.395,5.37,5.391,47459.2
2026-01-17 06:15:00,5.39,5.39,5.365,5.375,34836.9
2026-01-17 06:30:00,5.374,5.382,5.364,5.367,39014.5
2026-01-17 06:45:00,5.367,5.374,5.364,5.373,7307.4
2026-01-17 07:00:00,5.372,5.375,5.35,5.366,44743.0
2026-01-17 07:15:00,5.365,5.429,5.365,5.429,66373.7
2026-01-17 07:30:00,5.429,5.448,5.411,5.419,133178.7
2026-01-17 07:45:00,5.419,5.446,5.419,5.429,38253.3
2026-01-17 08:00:00,5.428,5.454,5.424,5.444,55643.9
2026-01-17 08:15:00,5.443,5.459,5.443,5.451,58471.9
2026-01-17 08:30:00,5.45,5.504,5.436,5.489,92371.8
2026-01-17 08:45:00,5.489,5.513,5.46,5.48,82153.5
2026-01-17 09:00:00,5.481,5.495,5.438,5.445,89309.4
2026-01-17 09:15:00,5.445,5.445,5.415,5.422,48291.0
2026-01-17 09:30:00,5.422,5.424,5.406,5.416,40743.7
2026-01-17 09:45:00,5.416,5.425,5.409,5.41,32822.8
2026-01-17 10:00:00,5.409,5.421,5.394,5.419,54833.7
2026-01-17 10:15:00,5.42,5.466,5.419,5.463,44903.7
2026-01-17 10:30:00,5.463,5.464,5.404,5.408,70287.9
2026-01-17 10:45:00,5.407,5.409,5.395,5.405,32329.2
2026-01-17 11:00:00,5.404,5.405,5.372,5.375,58377.0
2026-01-17 11:15:00,5.375,5.389,5.372,5.388,31843.4
2026-01-17 11:30:00,5.388,5.388,5.355,5.357,34404.1
2026-01-17 11:45:00,5.356,5.357,5.344,5.352,51329.9
2026-01-17 12:00:00,5.351,5.379,5.345,5.379,107573.3
2026-01-17 12:15:00,5.38,5.445,5.376,5.434,88882.6
2026-01-17 12:30:00,5.435,5.447,5.427,5.444,49984.7
2026-01-17 12:45:00,5.445,5.446,5.412,5.432,40052.5
2026-01-17 13:00:00,5.432,5.438,5.405,5.419,56960.9
2026-01-17 13:15:00,5.419,5.433,5.403,5.404,35270.8
2026-01-17 13:30:00,5.403,5.434,5.401,5.405,28112.3
2026-01-17 13:45:00,5.405,5.418,5.4,5.403,30257.0
2026-01-17 14:00:00,5.403,5.411,5.385,5.4,40293.8
2026-01-17 14:15:00,5.4,5.405,5.384,5.388,40484.1
2026-01-17 14:30:00,5.388,5.469,5.383,5.444,117613.3
2026-01-17 14:45:00,5.444,5.484,5.441,5.464,54619.1
2026-01-17 15:00:00,5.464,5.486,5.447,5.448,64738.0
2026-01-17 15:15:00,5.448,5.452,5.402,5.409,68255.9
2026-01-17 15:30:00,5.408,5.438,5.406,5.413,46076.3
2026-01-17 15:45:00,5.414,5.467,5.409,5.448,126800.0
2026-01-17 16:00:00,5.448,5.454,5.419,5.419,121368.8
2026-01-17 16:15:00,5.42,5.426,5.387,5.401,49170.9
2026-01-17 16:30:00,5.401,5.404,5.371,5.381,72825.2
2026-01-17 16:45:00,5.381,5.416,5.375,5.407,51736.1
2026-01-17 17:00:00,5.406,5.432,5.388,5.416,44479.0
2026-01-17 17:15:00,5.417,5.42,5.391,5.399,22869.4
2026-01-17 17:30:00,5.399,5.403,5.38,5.394,28770.7
2026-01-17 17:45:00,5.395,5.399,5.374,5.398,34237.4
2026-01-17 18:00:00,5.398,5.401,5.379,5.395,26119.3
2026-01-17 18:15:00,5.395,5.404,5.389,5.391,21469.9
2026-01-17 18:30:00,5.391,5.402,5.391,5.399,11682.1
2026-01-17 18:45:00,5.398,5.41,5.398,5.407,20631.1
2026-01-17 19:00:00,5.407,5.422,5.406,5.415,15961.3
2026-01-17 19:15:00,5.414,5.414,5.4,5.41,10719.3
2026-01-17 19:30:00,5.409,5.409,5.389,5.39,23496.2
2026-01-17 19:45:00,5.39,5.396,5.369,5.396,29085.7
2026-01-17 20:00:00,5.396,5.402,5.389,5.396,20537.3
2026-01-17 20:15:00,5.396,5.399,5.382,5.385,13889.1
2026-01-17 20:30:00,5.384,5.385,5.345,5.353,73684.9
2026-01-17 20:45:00,5.353,5.372,5.35,5.362,54680.6
2026-01-17 21:00:00,5.362,5.363,5.337,5.341,30715.2
2026-01-17 21:15:00,5.341,5.363,5.337,5.356,21427.7
2026-01-17 21:30:00,5.355,5.355,5.34,5.349,13508.9
2026-01-17 21:45:00,5.348,5.36,5.347,5.358,10135.0
2026-01-17 22:00:00,5.357,5.361,5.333,5.344,23617.2
2026-01-17 22:15:00,5.342,5.347,5.314,5.319,45372.6
2026-01-17 22:30:00,5.318,5.318,5.298,5.309,34778.6
2026-01-17 22:45:00,5.308,5.311,5.285,5.304,25925.8
2026-01-17 23:00:00,5.303,5.312,5.289,5.31,27613.2
2026-01-17 23:15:00,5.309,5.31,5.29,5.296,36204.9
2026-01-17 23:30:00,5.296,5.308,5.29,5.298,20172.0
2026-01-17 23:45:00,5.297,5.316,5.295,5.314,29511.5
2026-01-18 00:00:00,5.314,5.351,5.305,5.342,35601.2
2026-01-18 00:15:00,5.343,5.353,5.332,5.345,40421.4
2026-01-18 00:30:00,5.345,5.353,5.311,5.319,31647.3
2026-01-18 00:45:00,5.319,5.329,5.303,5.31,20149.8
2026-01-18 01:00:00,5.309,5.32,5.271,5.281,100720.6
2026-01-18 01:15:00,5.28,5.302,5.274,5.289,39247.1
2026-01-18 01:30:00,5.289,5.292,5.262,5.266,28251.7
2026-01-18 01:45:00,5.266,5.275,5.24,5.261,134329.4
2026-01-18 02:00:00,5.261,5.284,5.26,5.265,45351.4
2026-01-18 02:15:00,5.265,5.274,5.234,5.247,83731.6
2026-01-18 02:30:00,5.247,5.253,5.226,5.239,84293.4
2026-01-18 02:45:00,5.238,5.245,5.229,5.239,18944.1
2026-01-18 03:00:00,5.239,5.256,5.234,5.251,23744.6
2026-01-18 03:15:00,5.251,5.251,5.233,5.249,10280.7
2026-01-18 03:30:00,5.248,5.262,5.242,5.255,39839.3
2026-01-18 03:45:00,5.254,5.254,5.228,5.233,52406.3
2026-01-18 04:00:00,5.233,5.238,5.221,5.23,26364.6
2026-01-18 04:15:00,5.228,5.235,5.22,5.23,20187.4
2026-01-18 04:30:00,5.23,5.235,5.216,5.232,14022.7
2026-01-18 04:45:00,5.231,5.249,5.23,5.247,20990.4
2026-01-18 05:00:00,5.247,5.247,5.226,5.242,25261.5
2026-01-18 05:15:00,5.242,5.249,5.235,5.239,31528.2
2026-01-18 05:30:00,5.239,5.239,5.223,5.234,19674.9
2026-01-18 05:45:00,5.235,5.24,5.221,5.235,15233.8
2026-01-18 06:00:00,5.235,5.244,5.227,5.235,37246.6
2026-01-18 06:15:00,5.235,5.235,5.215,5.219,22278.5
2026-01-18 06:30:00,5.219,5.22,5.211,5.213,18054.1
2026-01-18 06:45:00,5.214,5.217,5.202,5.206,16936.5
2026-01-18 07:00:00,5.206,5.206,5.179,5.181,43653.9
2026-01-18 07:15:00,5.181,5.198,5.18,5.197,20690.9
2026-01-18 07:30:00,5.198,5.221,5.183,5.217,49713.1
2026-01-18 07:45:00,5.217,5.227,5.21,5.21,24068.8
2026-01-18 08:00:00,5.21,5.217,5.194,5.205,32910.2
2026-01-18 08:15:00,5.205,5.205,5.192,5.198,15644.3
2026-01-18 08:30:00,5.199,5.214,5.194,5.202,31783.7
2026-01-18 08:45:00,5.202,5.218,5.189,5.212,71839.5
2026-01-18 09:00:00,5.213,5.232,5.21,5.222,64550.4
2026-01-18 09:15:00,5.222,5.227,5.191,5.197,149333.4
2026-01-18 09:30:00,5.198,5.211,5.198,5.202,28334.2
2026-01-18 09:45:00,5.202,5.214,5.201,5.208,19453.9
2026-01-18 10:00:00,5.208,5.211,5.188,5.193,47976.4
2026-01-18 10:15:00,5.193,5.207,5.192,5.195,15476.9
2026-01-18 10:30:00,5.195,5.208,5.19,5.201,23562.5
2026-01-18 10:45:00,5.201,5.212,5.196,5.208,33331.3
2026-01-18 11:00:00,5.208,5.209,5.196,5.201,21932.4
2026-01-18 11:15:00,5.201,5.203,5.193,5.197,19006.4
2026-01-18 11:30:00,5.197,5.222,5.196,5.21,25630.2
2026-01-18 11:45:00,5.209,5.215,5.194,5.196,13759.6
2026-01-18 12:00:00,5.196,5.198,5.173,5.192,58810.7
2026-01-18 12:15:00,5.192,5.223,5.188,5.218,50907.0
2026-01-18 12:30:00,5.219,5.219,5.194,5.202,20717.5
2026-01-18 12:45:00,5.203,5.21,5.176,5.18,43286.6
2026-01-18 13:00:00,5.181,5.181,5.159,5.174,61014.8
2026-01-18 13:15:00,5.175,5.181,5.163,5.17,29761.1
2026-01-18 13:30:00,5.17,5.2,5.165,5.195,47689.1
2026-01-18 13:45:00,5.196,5.202,5.179,5.18,20689.9
2026-01-18 14:00:00,5.18,5.192,5.167,5.19,32875.4
2026-01-18 14:15:00,5.191,5.221,5.187,5.19,95353.6
2026-01-18 14:30:00,5.19,5.202,5.166,5.167,43726.3
2026-01-18 14:45:00,5.166,5.173,5.148,5.155,54960.1
2026-01-18 15:00:00,5.153,5.168,5.142,5.163,52727.9
2026-01-18 15:15:00,5.162,5.199,5.159,5.195,57175.6
2026-01-18 15:30:00,5.195,5.199,5.187,5.197,16853.9
2026-01-18 15:45:00,5.197,5.203,5.189,5.203,28661.8
2026-01-18 16:00:00,5.202,5.23,5.183,5.222,93687.8
2026-01-18 16:15:00,5.222,5.23,5.204,5.211,28202.4
2026-01-18 16:30:00,5.211,5.216,5.202,5.213,55028.8
2026-01-18 16:45:00,5.214,5.215,5.192,5.194,33235.5
2026-01-18 17:00:00,5.195,5.205,5.174,5.176,29732.8
2026-01-18 17:15:00,5.178,5.199,5.178,5.19,17281.7
2026-01-18 17:30:00,5.19,5.196,5.166,5.171,37662.4
2026-01-18 17:45:00,5.172,5.199,5.169,5.192,27383.2
2026-01-18 18:00:00,5.192,5.203,5.181,5.199,39442.1
2026-01-18 18:15:00,5.2,5.241,5.184,5.237,65712.0
2026-01-18 18:30:00,5.239,5.268,5.232,5.244,75692.1
2026-01-18 18:45:00,5.245,5.27,5.24,5.249,40582.2
2026-01-18 19:00:00,5.25,5.259,5.223,5.229,43161.4
2026-01-18 19:15:00,5.23,5.234,5.216,5.216,15886.5
2026-01-18 19:30:00,5.217,5.219,5.205,5.211,22139.9
2026-01-18 19:45:00,5.212,5.212,5.174,5.191,77766.8
2026-01-18 20:00:00,5.191,5.195,5.18,5.189,17152.7
2026-01-18 20:15:00,5.19,5.239,5.19,5.239,27197.1
2026-01-18 20:30:00,5.24,5.246,5.211,5.221,30585.8
2026-01-18 20:45:00,5.221,5.225,5.193,5.204,23427.2
2026-01-18 21:00:00,5.204,5.22,5.201,5.209,35656.9
2026-01-18 21:15:00,5.209,5.21,5.195,5.197,33142.0
2026-01-18 21:30:00,5.197,5.209,5.188,5.197,43537.4
2026-01-18 21:45:00,5.199,5.21,5.189,5.203,63481.2
2026-01-18 22:00:00,5.203,5.223,5.201,5.223,57839.3
2026-01-18 22:15:00,5.222,5.227,5.202,5.206,13801.6
2026-01-18 22:30:00,5.206,5.226,5.204,5.216,20519.5
2026-01-18 22:45:00,5.215,5.229,5.215,5.217,15475.3
2026-01-18 23:00:00,5.216,5.216,5.13,5.135,142195.5
2026-01-18 23:15:00,5.134,5.147,5.047,5.053,241371.3
2026-01-18 23:30:00,5.052,5.068,5.008,5.017,170315.1
2026-01-18 23:45:00,5.016,5.016,4.9,4.908,442175.1
2026-01-19 00:00:00,4.908,4.909,4.406,4.629,1488279.8
2026-01-19 00:15:00,4.632,4.677,4.586,4.606,622346.4
2026-01-19 00:30:00,4.605,4.662,4.575,4.645,284122.5
2026-01-19 00:45:00,4.644,4.681,4.631,4.662,216773.1
2026-01-19 01:00:00,4.661,4.706,4.627,4.693,263954.0
2026-01-19 01:15:00,4.693,4.707,4.674,4.68,85456.5
2026-01-19 01:30:00,4.679,4.721,4.675,4.678,100994.4
2026-01-19 01:45:00,4.678,4.693,4.66,4.683,77511.9
2026-01-19 02:00:00,4.683,4.709,4.669,4.7,83414.7
2026-01-19 02:15:00,4.699,4.745,4.696,4.725,109936.2
2026-01-19 02:30:00,4.724,4.743,4.718,4.723,51784.3
2026-01-19 02:45:00,4.723,4.737,4.711,4.729,28613.3
2026-01-19 03:00:00,4.728,4.732,4.714,4.73,70496.8
2026-01-19 03:15:00,4.731,4.749,4.721,4.74,39100.7
2026-01-19 03:30:00,4.74,4.742,4.726,4.734,34022.4
2026-01-19 03:45:00,4.734,4.745,4.728,4.732,29652.3
2026-01-19 04:00:00,4.732,4.734,4.699,4.702,116925.4
2026-01-19 04:15:00,4.702,4.702,4.685,4.697,41426.4
2026-01-19 04:30:00,4.697,4.702,4.673,4.676,45357.1
2026-01-19 04:45:00,4.677,4.681,4.662,4.663,58693.2
2026-01-19 05:00:00,4.664,4.673,4.642,4.646,85792.3
2026-01-19 05:15:00,4.646,4.661,4.643,4.659,100591.2
2026-01-19 05:30:00,4.658,4.688,4.657,4.663,96761.4
2026-01-19 05:45:00,4.663,4.687,4.662,4.675,37064.9
2026-01-19 06:00:00,4.675,4.676,4.655,4.666,66615.2
2026-01-19 06:15:00,4.666,4.675,4.658,4.669,54479.1
2026-01-19 06:30:00,4.669,4.681,4.635,4.638,71283.9
2026-01-19 06:45:00,4.638,4.647,4.634,4.637,30337.0
2026-01-19 07:00:00,4.638,4.671,4.636,4.671,46832.3
2026-01-19 07:15:00,4.671,4.678,4.655,4.673,51974.3
2026-01-19 07:30:00,4.671,4.685,4.67,4.675,29080.2
2026-01-19 07:45:00,4.675,4.683,4.669,4.672,29563.8
2026-01-19 08:00:00,4.672,4.672,4.657,4.659,45675.3
2026-01-19 08:15:00,4.659,4.689,4.657,4.658,52586.3
2026-01-19 08:30:00,4.657,4.683,4.647,4.669,46354.5
2026-01-19 08:45:00,4.669,4.694,4.668,4.675,40965.9
2026-01-19 09:00:00,4.675,4.68,4.668,4.669,36731.8
2026-01-19 09:15:00,4.669,4.684,4.669,4.68,43525.1
2026-01-19 09:30:00,4.68,4.713,4.68,4.697,47915.7
2026-01-19 09:45:00,4.698,4.714,4.694,4.71,47818.4
2026-01-19 10:00:00,4.711,4.714,4.682,4.687,89576.1
2026-01-19 10:15:00,4.688,4.689,4.668,4.67,30255.9
2026-01-19 10:30:00,4.67,4.675,4.65,4.668,33863.3
2026-01-19 10:45:00,4.668,4.676,4.661,4.672,22126.1
2026-01-19 11:00:00,4.673,4.688,4.673,4.675,30462.0
2026-01-19 11:15:00,4.676,4.679,4.662,4.666,35660.2
2026-01-19 11:30:00,4.666,4.675,4.652,4.652,30613.1
2026-01-19 11:45:00,4.652,4.664,4.635,4.639,181594.8
2026-01-19 12:00:00,4.639,4.65,4.619,4.639,95562.7
2026-01-19 12:15:00,4.64,4.654,4.627,4.634,34217.3
2026-01-19 12:30:00,4.634,4.655,4.633,4.645,42797.3
2026-01-19 12:45:00,4.645,4.653,4.637,4.653,39323.9
2026-01-19 13:00:00,4.652,4.678,4.644,4.669,30245.6
2026-01-19 13:15:00,4.669,4.681,4.659,4.662,72134.9
2026-01-19 13:30:00,4.662,4.67,4.651,4.662,37156.6
2026-01-19 13:45:00,4.663,4.672,4.653,4.659,12878.1
2026-01-19 14:00:00,4.659,4.673,4.646,4.656,47330.8
2026-01-19 14:15:00,4.656,4.676,4.653,4.673,32698.0
2026-01-19 14:30:00,4.674,4.69,4.665,4.677,38066.1
2026-01-19 14:45:00,4.677,4.685,4.665,4.668,27939.1
2026-01-19 15:00:00,4.669,4.688,4.668,4.688,63716.4
2026-01-19 15:15:00,4.688,4.696,4.672,4.679,58221.2
2026-01-19 15:30:00,4.678,4.696,4.674,4.686,30259.7
2026-01-19 15:45:00,4.686,4.69,4.677,4.678,15894.2
2026-01-19 16:00:00,4.677,4.698,4.67,4.69,39758.3
2026-01-19 16:15:00,4.69,4.727,4.685,4.723,57088.3
2026-01-19 16:30:00,4.724,4.733,4.716,4.729,35137.4
2026-01-19 16:45:00,4.731,4.77,4.722,4.762,57776.5
2026-01-19 17:00:00,4.762,4.773,4.754,4.766,48804.0
2026-01-19 17:15:00,4.767,4.781,4.751,4.755,57536.9
2026-01-19 17:30:00,4.756,4.758,4.737,4.744,26947.3
2026-01-19 17:45:00,4.744,4.775,4.738,4.75,28829.6
2026-01-19 18:00:00,4.75,4.759,4.727,4.732,49617.1
2026-01-19 18:15:00,4.732,4.75,4.727,4.735,32394.5
2026-01-19 18:30:00,4.735,4.788,4.728,4.782,52522.9
2026-01-19 18:45:00,4.783,4.803,4.779,4.802,55567.7
2026-01-19 19:00:00,4.803,4.837,4.791,4.824,125720.9
2026-01-19 19:15:00,4.825,4.887,4.823,4.863,126033.7
2026-01-19 19:30:00,4.862,4.878,4.844,4.869,69096.3
2026-01-19 19:45:00,4.87,4.883,4.83,4.838,53979.8
2026-01-19 20:00:00,4.838,4.863,4.824,4.844,122898.7
2026-01-19 20:15:00,4.845,4.876,4.836,4.869,135979.4
2026-01-19 20:30:00,4.869,4.872,4.83,4.843,76392.6
2026-01-19 20:45:00,4.844,4.869,4.839,4.852,39507.2
2026-01-19 21:00:00,4.852,4.869,4.81,4.816,59928.6
2026-01-19 21:15:00,4.816,4.817,4.798,4.813,37813.1
2026-01-19 21:30:00,4.813,4.813,4.799,4.805,32363.4
2026-01-19 21:45:00,4.805,4.805,4.786,4.794,37723.4
2026-01-19 22:00:00,4.793,4.798,4.744,4.763,76277.7
2026-01-19 22:15:00,4.764,4.793,4.763,4.793,60172.8
2026-01-19 22:30:00,4.792,4.793,4.751,4.756,54656.0
2026-01-19 22:45:00,4.755,4.765,4.735,4.738,28557.5
2026-01-19 23:00:00,4.738,4.776,4.738,4.765,98046.5
2026-01-19 23:15:00,4.766,4.83,4.749,4.83,170580.1
2026-01-19 23:30:00,4.83,4.896,4.827,4.866,189603.2
2026-01-19 23:45:00,4.867,4.867,4.829,4.837,58581.7
2026-01-20 00:00:00,4.837,4.85,4.8,4.817,117984.1
2026-01-20 00:15:00,4.817,4.837,4.798,4.831,68687.6
2026-01-20 00:30:00,4.831,4.841,4.799,4.802,71024.0
2026-01-20 00:45:00,4.802,4.805,4.784,4.796,27747.7
2026-01-20 01:00:00,4.796,4.801,4.767,4.793,53864.7
2026-01-20 01:15:00,4.792,4.856,4.79,4.853,57824.5
2026-01-20 01:30:00,4.852,4.855,4.803,4.808,55245.9
2026-01-20 01:45:00,4.808,4.827,4.802,4.804,16804.9
2026-01-20 02:00:00,4.804,4.808,4.78,4.789,37074.2
2026-01-20 02:15:00,4.789,4.796,4.763,4.772,48217.8
2026-01-20 02:30:00,4.774,4.831,4.774,4.817,51375.7
2026-01-20 02:45:00,4.816,4.849,4.816,4.824,72497.7
2026-01-20 03:00:00,4.824,4.831,4.792,4.799,31791.1
2026-01-20 03:15:00,4.798,4.815,4.78,4.787,22544.2
2026-01-20 03:30:00,4.787,4.808,4.768,4.807,47686.1
2026-01-20 03:45:00,4.806,4.816,4.79,4.796,20061.3
2026-01-20 04:00:00,4.796,4.798,4.775,4.778,26083.9
2026-01-20 04:15:00,4.778,4.796,4.773,4.796,21831.8
2026-01-20 04:30:00,4.796,4.813,4.786,4.801,35132.2
2026-01-20 04:45:00,4.801,4.816,4.791,4.798,56904.7
2026-01-20 05:00:00,4.797,4.833,4.765,4.787,141213.9
2026-01-20 05:15:00,4.786,4.81,4.773,4.798,39801.7
2026-01-20 05:30:00,4.798,4.799,4.781,4.788,39349.8
2026-01-20 05:45:00,4.788,4.821,4.778,4.785,56752.0
2026-01-20 06:00:00,4.784,4.784,4.741,4.743,85662.6
2026-01-20 06:15:00,4.745,4.759,4.702,4.756,145188.7
2026-01-20 06:30:00,4.756,4.763,4.723,4.754,60193.0
2026-01-20 06:45:00,4.753,4.756,4.729,4.74,56222.0
2026-01-20 07:00:00,4.739,4.762,4.726,4.755,44106.8
2026-01-20 07:15:00,4.755,4.763,4.731,4.735,28854.1
2026-01-20 07:30:00,4.734,4.737,4.72,4.727,33581.6
2026-01-20 07:45:00,4.727,4.727,4.7,4.7,43810.1
2026-01-20 08:00:00,4.7,4.708,4.642,4.677,165637.3
2026-01-20 08:15:00,4.676,4.705,4.674,4.691,109336.8
2026-01-20 08:30:00,4.691,4.691,4.63,4.649,232426.3
2026-01-20 08:45:00,4.649,4.682,4.647,4.681,92993.7
2026-01-20 09:00:00,4.68,4.691,4.669,4.685,81726.8
2026-01-20 09:15:00,4.684,4.684,4.659,4.662,27372.0
2026-01-20 09:30:00,4.662,4.67,4.651,4.655,33578.4
2026-01-20 09:45:00,4.656,4.682,4.654,4.68,23124.3
2026-01-20 10:00:00,4.679,4.724,4.674,4.723,62277.9
2026-01-20 10:15:00,4.723,4.726,4.686,4.689,42225.0
2026-01-20 10:30:00,4.69,4.691,4.665,4.667,32887.3
2026-01-20 10:45:00,4.667,4.676,4.66,4.662,43417.3
2026-01-20 11:00:00,4.662,4.672,4.655,4.657,47113.3
2026-01-20 11:15:00,4.657,4.664,4.641,4.649,39540.1
2026-01-20 11:30:00,4.649,4.649,4.627,4.643,89831.0
2026-01-20 11:45:00,4.644,4.646,4.626,4.629,19700.8
2026-01-20 12:00:00,4.628,4.667,4.622,4.662,97070.8
2026-01-20 12:15:00,4.661,4.689,4.659,4.68,47053.3
2026-01-20 12:30:00,4.681,4.681,4.662,4.672,32886.0
2026-01-20 12:45:00,4.672,4.681,4.665,4.665,27632.1
2026-01-20 13:00:00,4.665,4.667,4.633,4.634,50846.3
2026-01-20 13:15:00,4.633,4.65,4.631,4.649,38949.4
2026-01-20 13:30:00,4.649,4.661,4.632,4.643,57790.3
2026-01-20 13:45:00,4.643,4.643,4.602,4.613,84370.6
2026-01-20 14:00:00,4.614,4.636,4.613,4.627,51494.4
2026-01-20 14:15:00,4.626,4.629,4.6,4.615,115300.9
2026-01-20 14:30:00,4.615,4.705,4.605,4.682,194469.1
2026-01-20 14:45:00,4.682,4.703,4.643,4.649,223012.7
2026-01-20 15:00:00,4.648,4.665,4.592,4.628,285633.4
2026-01-20 15:15:00,4.629,4.645,4.605,4.631,103271.2
2026-01-20 15:30:00,4.63,4.65,4.61,4.613,60524.9
2026-01-20 15:45:00,4.613,4.628,4.594,4.627,54435.3
2026-01-20 16:00:00,4.626,4.645,4.606,4.634,56803.9
2026-01-20 16:15:00,4.633,4.647,4.595,4.6,101712.4
2026-01-20 16:30:00,4.601,4.609,4.551,4.554,133898.0
2026-01-20 16:45:00,4.555,4.57,4.537,4.559,126191.9
2026-01-20 17:00:00,4.558,4.624,4.543,4.594,156323.4
2026-01-20 17:15:00,4.594,4.598,4.564,4.575,54145.0
2026-01-20 17:30:00,4.575,4.578,4.544,4.545,90312.9
2026-01-20 17:45:00,4.546,4.563,4.522,4.55,96679.3
2026-01-20 18:00:00,4.55,4.565,4.541,4.551,53978.0
2026-01-20 18:15:00,4.55,4.552,4.52,4.523,82776.0
2026-01-20 18:30:00,4.522,4.53,4.501,4.51,62416.2
2026-01-20 18:45:00,4.511,4.518,4.496,4.516,71351.2
2026-01-20 19:00:00,4.516,4.552,4.516,4.533,102208.2
2026-01-20 19:15:00,4.533,4.543,4.52,4.523,29012.3
2026-01-20 19:30:00,4.523,4.537,4.51,4.53,44598.0
2026-01-20 19:45:00,4.529,4.551,4.525,4.546,23798.2
2026-01-20 20:00:00,4.546,4.554,4.53,4.547,40703.4
2026-01-20 20:15:00,4.547,4.582,4.547,4.574,43327.0
2026-01-20 20:30:00,4.574,4.578,4.555,4.565,32730.6
2026-01-20 20:45:00,4.564,4.584,4.563,4.576,31334.2
2026-01-20 21:00:00,4.576,4.577,4.554,4.554,32576.1
2026-01-20 21:15:00,4.554,4.558,4.533,4.538,28113.7
2026-01-20 21:30:00,4.538,4.539,4.523,4.535,22020.3
2026-01-20 21:45:00,4.535,4.538,4.521,4.53,20713.1
2026-01-20 22:00:00,4.53,4.536,4.523,4.531,20046.4
2026-01-20 22:15:00,4.531,4.538,4.517,4.525,35553.6
2026-01-20 22:30:00,4.525,4.534,4.451,4.514,190241.8
2026-01-20 22:45:00,4.513,4.522,4.503,4.508,25420.6
2026-01-20 23:00:00,4.507,4.509,4.475,4.496,74261.1
2026-01-20 23:15:00,4.496,4.498,4.464,4.47,48123.2
2026-01-20 23:30:00,4.471,4.498,4.471,4.492,58358.0
2026-01-20 23:45:00,4.491,4.498,4.483,4.49,31267.3
2026-01-21 00:00:00,4.49,4.513,4.488,4.5,56216.7
2026-01-21 00:15:00,4.499,4.515,4.483,4.513,51666.2
2026-01-21 00:30:00,4.514,4.547,4.508,4.54,58817.5
2026-01-21 00:45:00,4.539,4.594,4.538,4.584,69737.0
2026-01-21 01:00:00,4.584,4.601,4.577,4.599,34706.0
2026-01-21 01:15:00,4.6,4.611,4.586,4.591,31607.8
2026-01-21 01:30:00,4.593,4.603,4.585,4.589,37864.9
2026-01-21 01:45:00,4.589,4.598,4.579,4.596,28100.3
2026-01-21 02:00:00,4.597,4.642,4.597,4.634,127770.0
2026-01-21 02:15:00,4.635,4.64,4.626,4.634,37432.2
2026-01-21 02:30:00,4.635,4.646,4.627,4.646,44167.3
2026-01-21 02:45:00,4.646,4.657,4.628,4.634,76518.1
2026-01-21 03:00:00,4.635,4.646,4.613,4.637,57865.0
2026-01-21 03:15:00,4.636,4.644,4.623,4.624,63733.5
2026-01-21 03:30:00,4.625,4.636,4.611,4.624,48943.6
2026-01-21 03:45:00,4.624,4.625,4.606,4.612,26107.8
2026-01-21 04:00:00,4.612,4.616,4.596,4.599,21127.0
2026-01-21 04:15:00,4.599,4.623,4.598,4.623,19992.3
2026-01-21 04:30:00,4.623,4.633,4.614,4.633,22503.6
2026-01-21 04:45:00,4.634,4.634,4.623,4.63,11751.6
2026-01-21 05:00:00,4.631,4.633,4.618,4.621,17373.1
2026-01-21 05:15:00,4.62,4.624,4.613,4.62,20813.2
2026-01-21 05:30:00,4.621,4.627,4.612,4.627,36644.8
2026-01-21 05:45:00,4.628,4.654,4.625,4.639,40409.4
2026-01-21 06:00:00,4.638,4.645,4.63,4.64,40266.9
2026-01-21 06:15:00,4.639,4.647,4.636,4.645,29469.7
2026-01-21 06:30:00,4.645,4.649,4.631,4.637,30328.2
2026-01-21 06:45:00,4.637,4.644,4.629,4.638,28129.5
2026-01-21 07:00:00,4.638,4.64,4.616,4.634,26186.7
2026-01-21 07:15:00,4.635,4.654,4.635,4.654,26330.6
2026-01-21 07:30:00,4.653,4.653,4.617,4.623,37386.8
2026-01-21 07:45:00,4.623,4.629,4.616,4.626,35522.3
2026-01-21 08:00:00,4.627,4.633,4.615,4.616,81836.5
2026-01-21 08:15:00,4.616,4.625,4.606,4.609,27059.7
2026-01-21 08:30:00,4.61,4.614,4.58,4.59,56811.4
2026-01-21 08:45:00,4.591,4.62,4.59,4.62,37288.3
2026-01-21 09:00:00,4.619,4.621,4.603,4.61,47331.5
2026-01-21 09:15:00,4.611,4.619,4.61,4.614,22435.9
2026-01-21 09:30:00,4.613,4.62,4.607,4.615,25658.8
2026-01-21 09:45:00,4.616,4.626,4.612,4.622,32386.4
2026-01-21 10:00:00,4.621,4.653,4.615,4.651,92096.7
2026-01-21 10:15:00,4.65,4.683,4.647,4.665,361032.2
2026-01-21 10:30:00,4.666,4.679,4.657,4.673,70630.1
2026-01-21 10:45:00,4.674,4.675,4.661,4.667,44550.2
2026-01-21 11:00:00,4.667,4.667,4.632,4.653,85793.3
2026-01-21 11:15:00,4.652,4.669,4.647,4.661,42114.6
2026-01-21 11:30:00,4.661,4.664,4.645,4.646,27401.6
2026-01-21 11:45:00,4.647,4.65,4.604,4.613,86758.4
2026-01-21 12:00:00,4.613,4.616,4.562,4.579,160555.8
2026-01-21 12:15:00,4.579,4.581,4.536,4.549,129518.2
2026-01-21 12:30:00,4.548,4.597,4.538,4.597,78239.0
2026-01-21 12:45:00,4.597,4.609,4.583,4.606,62362.7
2026-01-21 13:00:00,4.606,4.626,4.601,4.612,40672.1
2026-01-21 13:15:00,4.613,4.616,4.576,4.581,60805.0
2026-01-21 13:30:00,4.581,4.608,4.571,4.582,72782.6
2026-01-21 13:45:00,4.582,4.596,4.563,4.572,130516.2
2026-01-21 14:00:00,4.572,4.699,4.568,4.69,416466.6
2026-01-21 14:15:00,4.69,4.706,4.658,4.675,289233.9
2026-01-21 14:30:00,4.674,4.718,4.668,4.676,168706.7
2026-01-21 14:45:00,4.676,4.718,4.663,4.705,109465.9
2026-01-21 15:00:00,4.704,4.809,4.689,4.735,376084.1
2026-01-21 15:15:00,4.736,4.765,4.712,4.718,161262.2
2026-01-21 15:30:00,4.719,4.726,4.685,4.704,122596.5
2026-01-21 15:45:00,4.703,4.745,4.695,4.743,89939.0
2026-01-21 16:00:00,4.743,4.749,4.716,4.717,68738.9
2026-01-21 16:15:00,4.716,4.716,4.648,4.679,143133.2
2026-01-21 16:30:00,4.678,4.68,4.535,4.541,284821.9
2026-01-21 16:45:00,4.539,4.608,4.51,4.525,301768.1
2026-01-21 17:00:00,4.524,4.582,4.494,4.5,197526.7
2026-01-21 17:15:00,4.501,4.54,4.485,4.514,149701.0
2026-01-21 17:30:00,4.514,4.532,4.475,4.514,189669.1
2026-01-21 17:45:00,4.513,4.54,4.501,4.533,73166.6
2026-01-21 18:00:00,4.533,4.57,4.51,4.552,63397.7
2026-01-21 18:15:00,4.552,4.562,4.522,4.53,60098.6
2026-01-21 18:30:00,4.529,4.544,4.522,4.531,55512.8
2026-01-21 18:45:00,4.532,4.582,4.525,4.559,74057.8
2026-01-21 19:00:00,4.559,4.575,4.532,4.54,47732.9
2026-01-21 19:15:00,4.54,4.655,4.535,4.65,194209.6
2026-01-21 19:30:00,4.65,4.744,4.638,4.732,324097.5
2026-01-21 19:45:00,4.732,4.764,4.715,4.761,150356.8
2026-01-21 20:00:00,4.76,4.769,4.711,4.716,84758.1
2026-01-21 20:15:00,4.716,4.716,4.659,4.667,102078.6
2026-01-21 20:30:00,4.666,4.68,4.651,4.672,68672.1
2026-01-21 20:45:00,4.672,4.736,4.672,4.735,65850.4
2026-01-21 21:00:00,4.735,4.755,4.708,4.734,89504.4
2026-01-21 21:15:00,4.734,4.767,4.721,4.724,43054.7
2026-01-21 21:30:00,4.723,4.753,4.721,4.746,27881.4
2026-01-21 21:45:00,4.746,4.749,4.729,4.734,19882.2
2026-01-21 22:00:00,4.734,4.768,4.732,4.736,35725.5
2026-01-21 22:15:00,4.736,4.736,4.701,4.707,39760.9
2026-01-21 22:30:00,4.706,4.712,4.69,4.694,28662.5
2026-01-21 22:45:00,4.695,4.708,4.689,4.691,10341.0
2026-01-21 23:00:00,4.69,4.702,4.675,4.695,45803.3
2026-01-21 23:15:00,4.694,4.695,4.661,4.676,26726.5
2026-01-21 23:30:00,4.675,4.675,4.629,4.63,66464.9
2026-01-21 23:45:00,4.629,4.641,4.612,4.636,47650.5
2026-01-22 00:00:00,4.637,4.662,4.637,4.66,51768.1
2026-01-22 00:15:00,4.661,4.671,4.65,4.661,51411.7
2026-01-22 00:30:00,4.66,4.687,4.658,4.684,29778.6
2026-01-22 00:45:00,4.683,4.689,4.673,4.677,23161.7
2026-01-22 01:00:00,4.677,4.694,4.66,4.674,43882.1
2026-01-22 01:15:00,4.674,4.699,4.674,4.696,44700.3
2026-01-22 01:30:00,4.696,4.706,4.687,4.703,31523.4
2026-01-22 01:45:00,4.703,4.72,4.696,4.719,29531.0
2026-01-22 02:00:00,4.718,4.725,4.704,4.715,32667.5
2026-01-22 02:15:00,4.715,4.724,4.712,4.72,21282.5
2026-01-22 02:30:00,4.719,4.722,4.704,4.722,26400.9
2026-01-22 02:45:00,4.721,4.723,4.699,4.706,15768.2
2026-01-22 03:00:00,4.705,4.719,4.704,4.713,30240.9
2026-01-22 03:15:00,4.712,4.712,4.691,4.692,21412.1
2026-01-22 03:30:00,4.692,4.692,4.657,4.675,66130.4
2026-01-22 03:45:00,4.674,4.681,4.672,4.678,16571.0
2026-01-22 04:00:00,4.678,4.688,4.67,4.674,20703.5
2026-01-22 04:15:00,4.675,4.689,4.668,4.687,17219.6
2026-01-22 04:30:00,4.687,4.702,4.679,4.699,21466.7
2026-01-22 04:45:00,4.699,4.704,4.691,4.691,15710.2
2026-01-22 05:00:00,4.692,4.706,4.682,4.696,32348.9
2026-01-22 05:15:00,4.697,4.699,4.67,4.671,14316.3
2026-01-22 05:30:00,4.67,4.681,4.666,4.677,20474.8
2026-01-22 05:45:00,4.676,4.678,4.659,4.666,28732.9
2026-01-22 06:00:00,4.666,4.674,4.638,4.644,37961.5
2026-01-22 06:15:00,4.644,4.65,4.619,4.621,39362.6
2026-01-22 06:30:00,4.621,4.655,4.619,4.652,42183.6
2026-01-22 06:45:00,4.651,4.665,4.651,4.658,21217.8
2026-01-22 07:00:00,4.659,4.665,4.641,4.641,32057.5
2026-01-22 07:15:00,4.641,4.648,4.627,4.636,34025.6
2026-01-22 07:30:00,4.636,4.661,4.631,4.655,42682.8
2026-01-22 07:45:00,4.655,4.657,4.639,4.641,18291.6
2026-01-22 08:00:00,4.641,4.666,4.632,4.639,33170.6
2026-01-22 08:15:00,4.64,4.651,4.634,4.637,21968.4
2026-01-22 08:30:00,4.637,4.637,4.623,4.626,25637.1
2026-01-22 08:45:00,4.626,4.659,4.621,4.658,69007.1
2026-01-22 09:00:00,4.658,4.679,4.652,4.678,23183.4
2026-01-22 09:15:00,4.679,4.685,4.663,4.664,31932.1
2026-01-22 09:30:00,4.664,4.683,4.664,4.683,16919.7
2026-01-22 09:45:00,4.683,4.686,4.668,4.676,31464.6
2026-01-22 10:00:00,4.677,4.679,4.661,4.663,18606.1
2026-01-22 10:15:00,4.664,4.669,4.657,4.661,37568.4
2026-01-22 10:30:00,4.661,4.664,4.653,4.66,40685.8
2026-01-22 10:45:00,4.66,4.666,4.655,4.658,19426.4
2026-01-22 11:00:00,4.658,4.658,4.635,4.638,29212.9
2026-01-22 11:15:00,4.638,4.647,4.616,4.626,39613.8
2026-01-22 11:30:00,4.626,4.632,4.617,4.625,38614.0
2026-01-22 11:45:00,4.625,4.627,4.615,4.616,18379.7
2026-01-22 12:00:00,4.616,4.617,4.602,4.612,50423.7
2026-01-22 12:15:00,4.612,4.618,4.603,4.612,38538.7
2026-01-22 12:30:00,4.613,4.616,4.592,4.6,39663.0
2026-01-22 12:45:00,4.6,4.616,4.597,4.613,34543.1
2026-01-22 13:00:00,4.613,4.623,4.607,4.616,52206.0
2026-01-22 13:15:00,4.616,4.636,4.607,4.636,35690.4
2026-01-22 13:30:00,4.635,4.648,4.601,4.607,72777.8
2026-01-22 13:45:00,4.607,4.618,4.59,4.609,27381.2
2026-01-22 14:00:00,4.609,4.617,4.597,4.614,31126.3
2026-01-22 14:15:00,4.614,4.614,4.564,4.58,107258.8
2026-01-22 14:30:00,4.581,4.604,4.554,4.573,177894.8
2026-01-22 14:45:00,4.574,4.574,4.522,4.543,97355.9
2026-01-22 15:00:00,4.543,4.557,4.53,4.551,85229.4
2026-01-22 15:15:00,4.551,4.564,4.497,4.504,125525.7
2026-01-22 15:30:00,4.504,4.577,4.497,4.575,202766.4
2026-01-22 15:45:00,4.576,4.596,4.56,4.565,63430.9
2026-01-22 16:00:00,4.566,4.601,4.564,4.569,75695.4
2026-01-22 16:15:00,4.569,4.601,4.563,4.588,48131.3
2026-01-22 16:30:00,4.589,4.602,4.58,4.597,36941.6
2026-01-22 16:45:00,4.597,4.636,4.597,4.621,61581.6
2026-01-22 17:00:00,4.62,4.635,4.614,4.618,48443.6
2026-01-22 17:15:00,4.619,4.622,4.58,4.588,33011.5
2026-01-22 17:30:00,4.589,4.599,4.583,4.598,18623.7
2026-01-22 17:45:00,4.598,4.639,4.598,4.631,60912.3
2026-01-22 18:00:00,4.631,4.632,4.604,4.604,48545.1
2026-01-22 18:15:00,4.605,4.635,4.604,4.618,33924.5
2026-01-22 18:30:00,4.618,4.635,4.614,4.619,24846.9
2026-01-22 18:45:00,4.62,4.624,4.587,4.589,51655.8
2026-01-22 19:00:00,4.589,4.6,4.569,4.591,42591.0
2026-01-22 19:15:00,4.592,4.596,4.576,4.587,14566.8
2026-01-22 19:30:00,4.588,4.619,4.588,4.607,50829.7
2026-01-22 19:45:00,4.606,4.612,4.584,4.596,40749.9
2026-01-22 20:00:00,4.596,4.601,4.582,4.6,29900.4
2026-01-22 20:15:00,4.6,4.607,4.561,4.567,31300.9
2026-01-22 20:30:00,4.568,4.576,4.545,4.551,57528.1
2026-01-22 20:45:00,4.552,4.567,4.552,4.566,24204.5
2026-01-22 21:00:00,4.567,4.583,4.563,4.573,18357.0
2026-01-22 21:15:00,4.573,4.592,4.569,4.579,33684.5
2026-01-22 21:30:00,4.58,4.58,4.563,4.564,16748.2
2026-01-22 21:45:00,4.564,4.58,4.557,4.573,21407.2
2026-01-22 22:00:00,4.573,4.593,4.563,4.582,29045.1
2026-01-22 22:15:00,4.582,4.59,4.572,4.58,21026.6
2026-01-22 22:30:00,4.581,4.581,4.56,4.576,13604.4
2026-01-22 22:45:00,4.576,4.586,4.575,4.576,8950.7
2026-01-22 23:00:00,4.576,4.577,4.551,4.575,27301.0
2026-01-22 23:15:00,4.575,4.588,4.568,4.582,8972.4
2026-01-22 23:30:00,4.582,4.596,4.569,4.572,15030.9
2026-01-22 23:45:00,4.571,4.593,4.571,4.592,12562.3
2026-01-23 00:00:00,4.591,4.602,4.581,4.598,20220.9
2026-01-23 00:15:00,4.597,4.606,4.591,4.597,9914.6
2026-01-23 00:30:00,4.597,4.6,4.586,4.595,10860.9
2026-01-23 00:45:00,4.595,4.612,4.593,4.599,13589.3
2026-01-23 01:00:00,4.6,4.617,4.599,4.61,15742.2
2026-01-23 01:15:00,4.611,4.621,4.604,4.617,17754.3
2026-01-23 01:30:00,4.618,4.634,4.616,4.628,20006.1
2026-01-23 01:45:00,4.629,4.635,4.624,4.631,18683.7
2026-01-23 02:00:00,4.631,4.637,4.62,4.628,23077.2
2026-01-23 02:15:00,4.628,4.628,4.616,4.621,7860.0
2026-01-23 02:30:00,4.622,4.629,4.615,4.618,34238.1
2026-01-23 02:45:00,4.618,4.623,4.606,4.607,11619.5
2026-01-23 03:00:00,4.607,4.627,4.603,4.627,23291.5
2026-01-23 03:15:00,4.626,4.654,4.626,4.65,29591.3
2026-01-23 03:30:00,4.651,4.657,4.643,4.648,27516.4
2026-01-23 03:45:00,4.648,4.648,4.639,4.642,15792.2
2026-01-23 04:00:00,4.642,4.653,4.631,4.652,31721.2
2026-01-23 04:15:00,4.652,4.661,4.64,4.659,29526.0
2026-01-23 04:30:00,4.659,4.669,4.653,4.666,31719.6
2026-01-23 04:45:00,4.667,4.683,4.665,4.675,45394.6
2026-01-23 05:00:00,4.674,4.676,4.665,4.675,21668.2
2026-01-23 05:15:00,4.675,4.678,4.657,4.67,20445.1
2026-01-23 05:30:00,4.671,4.673,4.659,4.659,16712.2
2026-01-23 05:45:00,4.659,4.669,4.644,4.668,32086.8
2026-01-23 06:00:00,4.669,4.674,4.659,4.659,28536.0
2026-01-23 06:15:00,4.659,4.667,4.624,4.632,28302.8
2026-01-23 06:30:00,4.633,4.66,4.63,4.651,35559.6
2026-01-23 06:45:00,4.651,4.652,4.616,4.618,22598.2
2026-01-23 07:00:00,4.618,4.626,4.612,4.619,22609.2
2026-01-23 07:15:00,4.62,4.637,4.618,4.622,24926.2
2026-01-23 07:30:00,4.623,4.634,4.617,4.619,17145.3
2026-01-23 07:45:00,4.619,4.62,4.603,4.614,21117.8
2026-01-23 08:00:00,4.614,4.627,4.609,4.618,19394.9
2026-01-23 08:15:00,4.618,4.623,4.605,4.606,48734.3
2026-01-23 08:30:00,4.607,4.616,4.574,4.59,77506.8
2026-01-23 08:45:00,4.591,4.6,4.566,4.584,40692.2
2026-01-23 09:00:00,4.583,4.604,4.583,4.593,27408.9
2026-01-23 09:15:00,4.592,4.592,4.575,4.586,25449.5
2026-01-23 09:30:00,4.586,4.597,4.57,4.592,29611.2
2026-01-23 09:45:00,4.591,4.594,4.577,4.586,26312.0
2026-01-23 10:00:00,4.587,4.593,4.562,4.588,31150.9
2026-01-23 10:15:00,4.589,4.592,4.569,4.569,16932.4
2026-01-23 10:30:00,4.569,4.579,4.558,4.575,32454.0
2026-01-23 10:45:00,4.575,4.583,4.571,4.576,21127.1
2026-01-23 11:00:00,4.576,4.602,4.574,4.595,37731.2
2026-01-23 11:15:00,4.594,4.599,4.589,4.598,10870.1
2026-01-23 11:30:00,4.598,4.613,4.594,4.599,29240.8
2026-01-23 11:45:00,4.599,4.614,4.598,4.612,32168.6
2026-01-23 12:00:00,4.612,4.618,4.608,4.608,19447.9
2026-01-23 12:15:00,4.608,4.609,4.595,4.603,21269.3
2026-01-23 12:30:00,4.603,4.61,4.584,4.609,20394.4
2026-01-23 12:45:00,4.609,4.619,4.598,4.598,15915.1
2026-01-23 13:00:00,4.598,4.615,4.594,4.614,16665.0
2026-01-23 13:15:00,4.613,4.629,4.61,4.621,36343.9
2026-01-23 13:30:00,4.62,4.625,4.603,4.614,32743.0
2026-01-23 13:45:00,4.614,4.621,4.598,4.602,22003.5
2026-01-23 14:00:00,4.603,4.607,4.592,4.596,24084.1
2026-01-23 14:15:00,4.596,4.606,4.589,4.6,28764.2
2026-01-23 14:30:00,4.6,4.607,4.496,4.51,272275.5
2026-01-23 14:45:00,4.511,4.533,4.47,4.523,171636.7
2026-01-23 15:00:00,4.523,4.542,4.484,4.494,162313.0
2026-01-23 15:15:00,4.495,4.548,4.476,4.526,136592.7
2026-01-23 15:30:00,4.525,4.565,4.524,4.544,45599.5
2026-01-23 15:45:00,4.545,4.603,4.545,4.598,111289.2
2026-01-23 16:00:00,4.598,4.616,4.588,4.6,87164.7
2026-01-23 16:15:00,4.6,4.605,4.56,4.564,37504.1
2026-01-23 16:30:00,4.565,4.649,4.551,4.634,146193.8
2026-01-23 16:45:00,4.634,4.651,4.61,4.614,73680.5
2026-01-23 17:00:00,4.615,4.615,4.578,4.597,64018.2
2026-01-23 17:15:00,4.598,4.679,4.598,4.677,105087.4
2026-01-23 17:30:00,4.676,4.706,4.658,4.676,180834.9
2026-01-23 17:45:00,4.676,4.693,4.638,4.643,79097.7
2026-01-23 18:00:00,4.644,4.688,4.627,4.661,82045.1
2026-01-23 18:15:00,4.66,4.682,4.65,4.667,26580.1
2026-01-23 18:30:00,4.668,4.686,4.654,4.662,41222.5
2026-01-23 18:45:00,4.661,4.663,4.644,4.656,30238.3
2026-01-23 19:00:00,4.656,4.656,4.611,4.614,72556.6
2026-01-23 19:15:00,4.614,4.616,4.565,4.579,161586.4
2026-01-23 19:30:00,4.58,4.584,4.549,4.579,100181.7
2026-01-23 19:45:00,4.579,4.585,4.558,4.578,34952.6
2026-01-23 20:00:00,4.578,4.589,4.566,4.583,56899.5
2026-01-23 20:15:00,4.582,4.588,4.568,4.571,46581.0
2026-01-23 20:30:00,4.57,4.57,4.522,4.543,113026.8
2026-01-23 20:45:00,4.543,4.566,4.526,4.548,76331.0
2026-01-23 21:00:00,4.547,4.58,4.541,4.575,33570.9
2026-01-23 21:15:00,4.574,4.587,4.564,4.573,27909.3
2026-01-23 21:30:00,4.573,4.581,4.561,4.568,20636.2
2026-01-23 21:45:00,4.568,4.574,4.561,4.561,22585.6
2026-01-23 22:00:00,4.561,4.596,4.56,4.583,34169.4
2026-01-23 22:15:00,4.583,4.598,4.579,4.591,17692.4
2026-01-23 22:30:00,4.592,4.602,4.585,4.587,50582.7
2026-01-23 22:45:00,4.586,4.608,4.585,4.601,26102.1
2026-01-23 23:00:00,4.601,4.601,4.573,4.587,21933.4
2026-01-23 23:15:00,4.587,4.592,4.576,4.578,27731.1
2026-01-23 23:30:00,4.579,4.58,4.565,4.573,29724.6
2026-01-23 23:45:00,4.572,4.583,4.57,4.58,11125.0
2026-01-24 00:00:00,4.579,4.591,4.577,4.578,31210.3
2026-01-24 00:15:00,4.578,4.582,4.563,4.564,15075.0
2026-01-24 00:30:00,4.565,4.576,4.554,4.557,21823.5
2026-01-24 00:45:00,4.556,4.561,4.548,4.552,27102.2
2026-01-24 01:00:00,4.552,4.556,4.546,4.552,18365.2
2026-01-24 01:15:00,4.552,4.56,4.547,4.552,24977.5
2026-01-24 01:30:00,4.551,4.563,4.533,4.558,32598.6
2026-01-24 01:45:00,4.559,4.567,4.553,4.561,14464.9
2026-01-24 02:00:00,4.562,4.576,4.562,4.565,21793.5
2026-01-24 02:15:00,4.565,4.568,4.559,4.564,11608.6
2026-01-24 02:30:00,4.564,4.572,4.561,4.567,12680.5
2026-01-24 02:45:00,4.567,4.569,4.561,4.565,12618.4
2026-01-24 03:00:00,4.566,4.595,4.559,4.59,21141.6
2026-01-24 03:15:00,4.59,4.605,4.58,4.603,24382.7
2026-01-24 03:30:00,4.602,4.608,4.591,4.605,29894.4
2026-01-24 03:45:00,4.605,4.609,4.586,4.591,15766.2
2026-01-24 04:00:00,4.592,4.604,4.588,4.596,25078.4
2026-01-24 04:15:00,4.595,4.597,4.579,4.582,11663.7
2026-01-24 04:30:00,4.582,4.589,4.577,4.589,13729.6
2026-01-24 04:45:00,4.589,4.589,4.58,4.587,16280.9
2026-01-24 05:00:00,4.588,4.588,4.575,4.579,12213.4
2026-01-24 05:15:00,4.58,4.584,4.576,4.577,4994.2
2026-01-24 05:30:00,4.578,4.58,4.567,4.574,13990.5
2026-01-24 05:45:00,4.574,4.58,4.571,4.58,5696.6
2026-01-24 06:00:00,4.58,4.585,4.574,4.582,10404.4
2026-01-24 06:15:00,4.582,4.586,4.573,4.575,13441.9
2026-01-24 06:30:00,4.576,4.588,4.575,4.587,11887.2
2026-01-24 06:45:00,4.587,4.59,4.579,4.58,6927.9
2026-01-24 07:00:00,4.581,4.592,4.579,4.588,8133.5
2026-01-24 07:15:00,4.588,4.588,4.571,4.572,13881.3
2026-01-24 07:30:00,4.572,4.582,4.563,4.57,29032.4
2026-01-24 07:45:00,4.57,4.579,4.564,4.566,12668.0
2026-01-24 08:00:00,4.566,4.569,4.553,4.562,32020.1
2026-01-24 08:15:00,4.562,4.567,4.554,4.566,9898.9
2026-01-24 08:30:00,4.566,4.576,4.566,4.576,10479.1
2026-01-24 08:45:00,4.575,4.578,4.569,4.57,11955.9
2026-01-24 09:00:00,4.57,4.573,4.561,4.567,19554.5
2026-01-24 09:15:00,4.568,4.568,4.559,4.559,16814.8
2026-01-24 09:30:00,4.559,4.564,4.556,4.559,13450.4
2026-01-24 09:45:00,4.558,4.559,4.542,4.545,21894.9
2026-01-24 10:00:00,4.545,4.551,4.545,4.549,19654.7
2026-01-24 10:15:00,4.549,4.558,4.544,4.557,16051.0
2026-01-24 10:30:00,4.556,4.565,4.546,4.555,82073.7
2026-01-24 10:45:00,4.555,4.558,4.55,4.553,15438.0
2026-01-24 11:00:00,4.553,4.564,4.552,4.561,16310.2
2026-01-24 11:15:00,4.56,4.567,4.555,4.56,15896.0
2026-01-24 11:30:00,4.561,4.566,4.557,4.566,15461.5
2026-01-24 11:45:00,4.566,4.569,4.56,4.568,8221.2
2026-01-24 12:00:00,4.569,4.571,4.562,4.566,25918.7
2026-01-24 12:15:00,4.566,4.571,4.562,4.569,10167.9
2026-01-24 12:30:00,4.57,4.578,4.564,4.57,12392.9
2026-01-24 12:45:00,4.569,4.584,4.562,4.584,89503.5
2026-01-24 13:00:00,4.583,4.584,4.565,4.565,39374.0
2026-01-24 13:15:00,4.565,4.581,4.564,4.577,68035.6
2026-01-24 13:30:00,4.577,4.581,4.571,4.572,10874.3
2026-01-24 13:45:00,4.573,4.581,4.551,4.552,20757.0
2026-01-24 14:00:00,4.552,4.572,4.543,4.569,47606.8
2026-01-24 14:15:00,4.569,4.576,4.558,4.565,17635.7
2026-01-24 14:30:00,4.566,4.595,4.566,4.589,22007.4
2026-01-24 14:45:00,4.589,4.596,4.577,4.58,22879.9
2026-01-24 15:00:00,4.581,4.591,4.573,4.579,52146.0
2026-01-24 15:15:00,4.579,4.579,4.566,4.571,14318.8
2026-01-24 15:30:00,4.571,4.575,4.541,4.547,36696.0
2026-01-24 15:45:00,4.547,4.556,4.538,4.545,26967.2
2026-01-24 16:00:00,4.544,4.549,4.528,4.533,34866.5
2026-01-24 16:15:00,4.534,4.535,4.509,4.528,85966.0
2026-01-24 16:30:00,4.528,4.536,4.524,4.527,14241.4
2026-01-24 16:45:00,4.528,4.551,4.528,4.541,25791.4
2026-01-24 17:00:00,4.542,4.552,4.533,4.55,14270.3
2026-01-24 17:15:00,4.55,4.558,4.547,4.553,10427.6
2026-01-24 17:30:00,4.552,4.554,4.546,4.551,26865.2
2026-01-24 17:45:00,4.551,4.556,4.547,4.554,12158.2
2026-01-24 18:00:00,4.554,4.562,4.544,4.552,10251.3
2026-01-24 18:15:00,4.551,4.555,4.542,4.546,11078.4
2026-01-24 18:30:00,4.547,4.558,4.545,4.55,16450.0
2026-01-24 18:45:00,4.55,4.553,4.53,4.53,78487.9
2026-01-24 19:00:00,4.53,4.531,4.518,4.519,27077.9
2026-01-24 19:15:00,4.518,4.523,4.516,4.523,20536.5
2026-01-24 19:30:00,4.522,4.529,4.52,4.526,34947.1
2026-01-24 19:45:00,4.526,4.527,4.514,4.515,21795.9
2026-01-24 20:00:00,4.515,4.534,4.515,4.534,19479.1
2026-01-24 20:15:00,4.533,4.546,4.533,4.541,15138.5
2026-01-24 20:30:00,4.541,4.545,4.535,4.538,13336.2
2026-01-24 20:45:00,4.539,4.549,4.538,4.545,12312.6
2026-01-24 21:00:00,4.545,4.546,4.529,4.536,17064.3
2026-01-24 21:15:00,4.536,4.54,4.534,4.537,7318.8
2026-01-24 21:30:00,4.537,4.542,4.525,4.541,22449.6
2026-01-24 21:45:00,4.54,4.54,4.529,4.535,19404.3
2026-01-24 22:00:00,4.535,4.552,4.529,4.548,21281.1
2026-01-24 22:15:00,4.549,4.554,4.54,4.544,23465.3
2026-01-24 22:30:00,4.543,4.547,4.537,4.537,8832.1
2026-01-24 22:45:00,4.538,4.55,4.537,4.546,10747.3
2026-01-24 23:00:00,4.545,4.55,4.539,4.545,21668.8
2026-01-24 23:15:00,4.546,4.547,4.535,4.541,11810.2
2026-01-24 23:30:00,4.542,4.542,4.532,4.532,14181.8
2026-01-24 23:45:00,4.532,4.541,4.53,4.537,18005.3
2026-01-25 00:00:00,4.536,4.548,4.532,4.546,25200.7
2026-01-25 00:15:00,4.545,4.553,4.536,4.539,26140.6
2026-01-25 00:30:00,4.539,4.545,4.532,4.535,16526.6
2026-01-25 00:45:00,4.535,4.552,4.529,4.55,50049.4
2026-01-25 01:00:00,4.551,4.566,4.55,4.554,31102.4
2026-01-25 01:15:00,4.554,4.559,4.537,4.537,24152.4
2026-01-25 01:30:00,4.537,4.537,4.515,4.522,28893.2
2026-01-25 01:45:00,4.522,4.534,4.519,4.529,32632.0
2026-01-25 02:00:00,4.528,4.544,4.526,4.543,18603.1
2026-01-25 02:15:00,4.543,4.543,4.529,4.529,13105.4
2026-01-25 02:30:00,4.529,4.537,4.516,4.516,16874.1
2026-01-25 02:45:00,4.516,4.533,4.516,4.527,9877.9
2026-01-25 03:00:00,4.528,4.535,4.518,4.519,14831.8
2026-01-25 03:15:00,4.519,4.52,4.5,4.504,58864.3
2026-01-25 03:30:00,4.504,4.504,4.486,4.497,73735.0
2026-01-25 03:45:00,4.496,4.502,4.488,4.495,54330.3
2026-01-25 04:00:00,4.494,4.509,4.484,4.489,49857.9
2026-01-25 04:15:00,4.49,4.505,4.49,4.505,14640.3
2026-01-25 04:30:00,4.505,4.52,4.505,4.509,19857.7
2026-01-25 04:45:00,4.508,4.511,4.496,4.497,13195.9
2026-01-25 05:00:00,4.496,4.506,4.495,4.504,17634.2
2026-01-25 05:15:00,4.504,4.505,4.496,4.503,12350.0
2026-01-25 05:30:00,4.502,4.503,4.485,4.49,26369.6
2026-01-25 05:45:00,4.49,4.507,4.49,4.506,14099.4
2026-01-25 06:00:00,4.505,4.506,4.487,4.492,18975.8
2026-01-25 06:15:00,4.491,4.506,4.489,4.499,11606.9
2026-01-25 06:30:00,4.498,4.512,4.496,4.507,22423.5
2026-01-25 06:45:00,4.507,4.508,4.488,4.492,16711.8
2026-01-25 07:00:00,4.492,4.492,4.465,4.467,67393.8
2026-01-25 07:15:00,4.467,4.489,4.463,4.485,25781.4
2026-01-25 07:30:00,4.485,4.489,4.478,4.486,16065.9
2026-01-25 07:45:00,4.485,4.488,4.476,4.482,16462.0
2026-01-25 08:00:00,4.481,4.486,4.476,4.481,17675.5
2026-01-25 08:15:00,4.481,4.482,4.469,4.47,17714.5
2026-01-25 08:30:00,4.469,4.471,4.439,4.454,83825.4
2026-01-25 08:45:00,4.455,4.461,4.439,4.456,66834.9
2026-01-25 09:00:00,4.455,4.464,4.45,4.458,22528.9
2026-01-25 09:15:00,4.459,4.476,4.458,4.47,33480.7
2026-01-25 09:30:00,4.469,4.521,4.469,4.513,51281.1
2026-01-25 09:45:00,4.513,4.513,4.495,4.5,57487.7
2026-01-25 10:00:00,4.5,4.509,4.494,4.502,34125.8
2026-01-25 10:15:00,4.502,4.523,4.502,4.522,30946.7
2026-01-25 10:30:00,4.522,4.527,4.51,4.517,32414.3
2026-01-25 10:45:00,4.518,4.523,4.507,4.509,14377.6
2026-01-25 11:00:00,4.509,4.509,4.498,4.501,12179.9
2026-01-25 11:15:00,4.502,4.524,4.502,4.522,25739.7
2026-01-25 11:30:00,4.523,4.527,4.501,4.503,37636.8
2026-01-25 11:45:00,4.503,4.503,4.487,4.497,27058.2
2026-01-25 12:00:00,4.496,4.496,4.48,4.483,29363.7
2026-01-25 12:15:00,4.483,4.487,4.459,4.466,68828.9
2026-01-25 12:30:00,4.466,4.474,4.459,4.469,54012.9
2026-01-25 12:45:00,4.468,4.482,4.466,4.481,40037.9
2026-01-25 13:00:00,4.48,4.48,4.465,4.473,30221.6
2026-01-25 13:15:00,4.474,4.482,4.46,4.462,18931.6
2026-01-25 13:30:00,4.462,4.478,4.458,4.475,31011.7
2026-01-25 13:45:00,4.475,4.492,4.474,4.486,21229.0
2026-01-25 14:00:00,4.487,4.489,4.458,4.46,35657.7
2026-01-25 14:15:00,4.461,4.47,4.415,4.435,132949.4
2026-01-25 14:30:00,4.435,4.445,4.429,4.436,39664.6
2026-01-25 14:45:00,4.436,4.455,4.428,4.453,35277.0
2026-01-25 15:00:00,4.453,4.467,4.45,4.461,52521.1
2026-01-25 15:15:00,4.461,4.475,4.449,4.469,34605.0
2026-01-25 15:30:00,4.469,4.469,4.445,4.447,20531.0
2026-01-25 15:45:00,4.446,4.45,4.434,4.443,28842.7
2026-01-25 16:00:00,4.442,4.442,4.348,4.361,406464.1
2026-01-25 16:15:00,4.36,4.367,4.309,4.339,293645.1
2026-01-25 16:30:00,4.34,4.355,4.329,4.341,71594.2
2026-01-25 16:45:00,4.341,4.375,4.332,4.369,48787.1
2026-01-25 17:00:00,4.369,4.38,4.346,4.35,79085.1
2026-01-25 17:15:00,4.349,4.353,4.332,4.341,36741.6
2026-01-25 17:30:00,4.342,4.37,4.338,4.367,29822.4
2026-01-25 17:45:00,4.369,4.37,4.345,4.349,30860.6
2026-01-25 18:00:00,4.35,4.359,4.283,4.332,149432.1
2026-01-25 18:15:00,4.333,4.349,4.307,4.313,70064.8
2026-01-25 18:30:00,4.313,4.313,4.27,4.285,179165.6
2026-01-25 18:45:00,4.286,4.298,4.277,4.295,90901.4
2026-01-25 19:00:00,4.295,4.308,4.284,4.284,71911.0
2026-01-25 19:15:00,4.284,4.285,4.221,4.227,283157.3
2026-01-25 19:30:00,4.227,4.258,4.215,4.252,158277.9
2026-01-25 19:45:00,4.251,4.251,4.166,4.203,260054.3
2026-01-25 20:00:00,4.203,4.241,4.203,4.217,138142.6
2026-01-25 20:15:00,4.216,4.23,4.208,4.225,93747.7
2026-01-25 20:30:00,4.222,4.226,4.195,4.211,77247.3
2026-01-25 20:45:00,4.212,4.242,4.207,4.238,65865.6
2026-01-25 21:00:00,4.237,4.265,4.237,4.26,101508.1
2026-01-25 21:15:00,4.26,4.274,4.254,4.268,47042.5
2026-01-25 21:30:00,4.267,4.272,4.239,4.253,46120.1
2026-01-25 21:45:00,4.254,4.275,4.25,4.264,26358.0
2026-01-25 22:00:00,4.265,4.27,4.251,4.264,31017.0
2026-01-25 22:15:00,4.264,4.266,4.235,4.251,101499.6
2026-01-25 22:30:00,4.251,4.271,4.239,4.258,54686.4
2026-01-25 22:45:00,4.259,4.26,4.231,4.254,17550.9
2026-01-25 23:00:00,4.255,4.274,4.23,4.265,55776.5
2026-01-25 23:15:00,4.266,4.284,4.256,4.265,36560.7
2026-01-25 23:30:00,4.266,4.275,4.255,4.267,26441.8
2026-01-25 23:45:00,4.268,4.293,4.266,4.285,28687.9
2026-01-26 00:00:00,4.286,4.303,4.279,4.301,69590.7
2026-01-26 00:15:00,4.301,4.314,4.289,4.297,65132.2
2026-01-26 00:30:00,4.296,4.296,4.27,4.274,51429.1
2026-01-26 00:45:00,4.274,4.32,4.271,4.318,46083.9
2026-01-26 01:00:00,4.318,4.389,4.312,4.375,90229.3
2026-01-26 01:15:00,4.374,4.384,4.364,4.373,50187.7
2026-01-26 01:30:00,4.373,4.395,4.372,4.395,59180.4
2026-01-26 01:45:00,4.394,4.404,4.379,4.388,82183.5
2026-01-26 02:00:00,4.388,4.393,4.355,4.355,27173.8
2026-01-26 02:15:00,4.356,4.384,4.352,4.384,26331.4
2026-01-26 02:30:00,4.384,4.392,4.372,4.375,27014.3
2026-01-26 02:45:00,4.375,4.385,4.368,4.375,15351.3
2026-01-26 03:00:00,4.374,4.39,4.367,4.374,33353.5
2026-01-26 03:15:00,4.374,4.381,4.357,4.357,22632.5
2026-01-26 03:30:00,4.357,4.358,4.336,4.347,28151.5
2026-01-26 03:45:00,4.346,4.348,4.328,4.343,27440.8
2026-01-26 04:00:00,4.343,4.361,4.343,4.355,22766.3
2026-01-26 04:15:00,4.354,4.406,4.351,4.399,34998.7
2026-01-26 04:30:00,4.4,4.403,4.378,4.378,27217.5
2026-01-26 04:45:00,4.378,4.387,4.374,4.382,29679.2
2026-01-26 05:00:00,4.382,4.384,4.372,4.376,19118.2
2026-01-26 05:15:00,4.376,4.386,4.373,4.385,15396.4
2026-01-26 05:30:00,4.384,4.39,4.376,4.388,22026.9
2026-01-26 05:45:00,4.388,4.392,4.379,4.38,23324.9
2026-01-26 06:00:00,4.38,4.385,4.371,4.375,38478.2
2026-01-26 06:15:00,4.375,4.394,4.373,4.393,37149.8
2026-01-26 06:30:00,4.393,4.398,4.38,4.398,25036.4
2026-01-26 06:45:00,4.398,4.423,4.398,4.423,60014.7
2026-01-26 07:00:00,4.422,4.427,4.409,4.423,39395.4
2026-01-26 07:15:00,4.423,4.441,4.407,4.408,51157.9
2026-01-26 07:30:00,4.408,4.418,4.401,4.409,14940.5
2026-01-26 07:45:00,4.41,4.427,4.408,4.421,15028.6
2026-01-26 08:00:00,4.421,4.429,4.414,4.419,45597.5
2026-01-26 08:15:00,4.42,4.467,4.416,4.445,108598.9
2026-01-26 08:30:00,4.445,4.448,4.426,4.427,21834.7
2026-01-26 08:45:00,4.427,4.432,4.414,4.42,22834.9
2026-01-26 09:00:00,4.42,4.422,4.383,4.385,39159.1
2026-01-26 09:15:00,4.384,4.387,4.376,4.379,34116.0
2026-01-26 09:30:00,4.38,4.385,4.367,4.38,48555.7
2026-01-26 09:45:00,4.379,4.385,4.363,4.367,32599.6
2026-01-26 10:00:00,4.367,4.398,4.365,4.384,28117.0
2026-01-26 10:15:00,4.384,4.39,4.378,4.388,24567.7
2026-01-26 10:30:00,4.388,4.388,4.372,4.378,30898.1
2026-01-26 10:45:00,4.377,4.386,4.374,4.385,21535.2
2026-01-26 11:00:00,4.385,4.4,4.384,4.4,28267.0
2026-01-26 11:15:00,4.399,4.4,4.382,4.383,35587.9
2026-01-26 11:30:00,4.383,4.387,4.38,4.384,12759.1
2026-01-26 11:45:00,4.383,4.389,4.381,4.388,10071.9
2026-01-26 12:00:00,4.388,4.407,4.388,4.402,40362.5
2026-01-26 12:15:00,4.403,4.41,4.399,4.401,20929.2
2026-01-26 12:30:00,4.401,4.401,4.389,4.393,23499.6
2026-01-26 12:45:00,4.393,4.41,4.393,4.408,40651.7
2026-01-26 13:00:00,4.408,4.422,4.407,4.419,72206.3
2026-01-26 13:15:00,4.418,4.433,4.409,4.422,34038.9
2026-01-26 13:30:00,4.422,4.429,4.413,4.419,25452.9
2026-01-26 13:45:00,4.419,4.427,4.415,4.424,17654.4
2026-01-26 14:00:00,4.424,4.429,4.396,4.399,43892.2
2026-01-26 14:15:00,4.399,4.409,4.394,4.399,33807.0
2026-01-26 14:30:00,4.398,4.468,4.379,4.436,206554.4
2026-01-26 14:45:00,4.435,4.458,4.424,4.454,57289.0
2026-01-26 15:00:00,4.453,4.505,4.438,4.503,248779.0
2026-01-26 15:15:00,4.502,4.515,4.476,4.48,87797.5
2026-01-26 15:30:00,4.48,4.487,4.42,4.426,159091.0
2026-01-26 15:45:00,4.426,4.451,4.417,4.442,41880.4
2026-01-26 16:00:00,4.442,4.465,4.429,4.44,75369.2
2026-01-26 16:15:00,4.439,4.471,4.419,4.452,55118.5
2026-01-26 16:30:00,4.452,4.462,4.434,4.439,28129.8
2026-01-26 16:45:00,4.438,4.483,4.433,4.455,58294.8
2026-01-26 17:00:00,4.454,4.465,4.432,4.437,48723.0
2026-01-26 17:15:00,4.436,4.448,4.416,4.419,59972.3
2026-01-26 17:30:00,4.418,4.43,4.393,4.425,81348.9
2026-01-26 17:45:00,4.425,4.451,4.424,4.441,30483.8
2026-01-26 18:00:00,4.44,4.447,4.43,4.441,23740.3
2026-01-26 18:15:00,4.44,4.456,4.424,4.454,40017.3
2026-01-26 18:30:00,4.454,4.483,4.439,4.444,86702.4
2026-01-26 18:45:00,4.443,4.463,4.438,4.46,43662.6
2026-01-26 19:00:00,4.459,4.474,4.45,4.452,31671.5
2026-01-26 19:15:00,4.452,4.456,4.433,4.438,24935.3
2026-01-26 19:30:00,4.438,4.453,4.432,4.445,17536.7
2026-01-26 19:45:00,4.445,4.451,4.423,4.432,18633.0
2026-01-26 20:00:00,4.432,4.444,4.424,4.426,20550.8
2026-01-26 20:15:00,4.426,4.437,4.416,4.425,17408.0
2026-01-26 20:30:00,4.425,4.427,4.413,4.418,22980.6
2026-01-26 20:45:00,4.417,4.423,4.403,4.413,20551.8
2026-01-26 21:00:00,4.413,4.417,4.4,4.413,16387.4
2026-01-26 21:15:00,4.413,4.426,4.407,4.426,8981.5
2026-01-26 21:30:00,4.426,4.484,4.422,4.469,77207.9
2026-01-26 21:45:00,4.469,4.477,4.46,4.463,23044.8
2026-01-26 22:00:00,4.463,4.478,4.463,4.467,29557.9
2026-01-26 22:15:00,4.467,4.47,4.445,4.451,14285.1
2026-01-26 22:30:00,4.45,4.471,4.443,4.457,14433.3
2026-01-26 22:45:00,4.457,4.464,4.448,4.45,30432.7
2026-01-26 23:00:00,4.449,4.449,4.432,4.439,21849.6
2026-01-26 23:15:00,4.439,4.446,4.432,4.443,14225.4
2026-01-26 23:30:00,4.444,4.46,4.442,4.446,19295.4
2026-01-26 23:45:00,4.447,4.449,4.435,4.435,15751.2
2026-01-27 00:00:00,4.435,4.439,4.424,4.426,28843.5
2026-01-27 00:15:00,4.426,4.442,4.424,4.429,17090.4
2026-01-27 00:30:00,4.43,4.443,4.425,4.438,18187.0
2026-01-27 00:45:00,4.438,4.443,4.432,4.438,15524.3
2026-01-27 01:00:00,4.438,4.438,4.419,4.426,23258.6
2026-01-27 01:15:00,4.425,4.45,4.424,4.446,33633.6
2026-01-27 01:30:00,4.446,4.463,4.442,4.456,37851.0
2026-01-27 01:45:00,4.457,4.472,4.449,4.454,30076.8
2026-01-27 02:00:00,4.455,4.475,4.454,4.462,41814.5
2026-01-27 02:15:00,4.461,4.462,4.448,4.45,11804.0
2026-01-27 02:30:00,4.451,4.468,4.449,4.457,22563.8
2026-01-27 02:45:00,4.457,4.468,4.455,4.466,41727.2
2026-01-27 03:00:00,4.465,4.473,4.442,4.446,53163.2
2026-01-27 03:15:00,4.446,4.454,4.441,4.451,18726.2
2026-01-27 03:30:00,4.451,4.457,4.442,4.452,40331.3
2026-01-27 03:45:00,4.452,4.452,4.442,4.447,18734.6
2026-01-27 04:00:00,4.446,4.479,4.442,4.469,35694.6
2026-01-27 04:15:00,4.469,4.486,4.458,4.464,96417.9
2026-01-27 04:30:00,4.464,4.464,4.449,4.45,27541.8
2026-01-27 04:45:00,4.451,4.455,4.423,4.447,102804.6
2026-01-27 05:00:00,4.447,4.45,4.442,4.448,18536.8
2026-01-27 05:15:00,4.447,4.448,4.435,4.445,14413.7
2026-01-27 05:30:00,4.445,4.449,4.441,4.447,16205.0
2026-01-27 05:45:00,4.447,4.452,4.441,4.448,7084.3
2026-01-27 06:00:00,4.447,4.449,4.418,4.422,122824.9
2026-01-27 06:15:00,4.423,4.43,4.418,4.419,20802.1
2026-01-27 06:30:00,4.419,4.419,4.409,4.409,19713.6
2026-01-27 06:45:00,4.409,4.417,4.407,4.416,33419.3
2026-01-27 07:00:00,4.415,4.426,4.414,4.426,26420.6
2026-01-27 07:15:00,4.425,4.426,4.415,4.422,23413.1
2026-01-27 07:30:00,4.423,4.442,4.423,4.436,29419.7
2026-01-27 07:45:00,4.436,4.436,4.42,4.428,22740.3
2026-01-27 08:00:00,4.427,4.436,4.418,4.421,21016.5
2026-01-27 08:15:00,4.42,4.424,4.414,4.418,20976.4
2026-01-27 08:30:00,4.418,4.419,4.405,4.412,25929.6
2026-01-27 08:45:00,4.412,4.421,4.407,4.411,19077.7
2026-01-27 09:00:00,4.411,4.416,4.398,4.403,68431.5
2026-01-27 09:15:00,4.403,4.406,4.394,4.399,21948.5
2026-01-27 09:30:00,4.397,4.415,4.397,4.399,71569.4
2026-01-27 09:45:00,4.398,4.4,4.387,4.39,48709.0
2026-01-27 10:00:00,4.39,4.399,4.389,4.397,29500.5
2026-01-27 10:15:00,4.396,4.397,4.378,4.391,60150.4
2026-01-27 10:30:00,4.391,4.391,4.374,4.38,43085.0
2026-01-27 10:45:00,4.38,4.382,4.373,4.379,27248.3
2026-01-27 11:00:00,4.379,4.382,4.375,4.377,21565.5
2026-01-27 11:15:00,4.377,4.382,4.372,4.376,31536.2
2026-01-27 11:30:00,4.377,4.389,4.374,4.383,35670.5
2026-01-27 11:45:00,4.383,4.383,4.373,4.374,27130.9
2026-01-27 12:00:00,4.374,4.381,4.369,4.371,29600.3
2026-01-27 12:15:00,4.371,4.377,4.369,4.371,27931.5
2026-01-27 12:30:00,4.372,4.374,4.356,4.359,53884.3
2026-01-27 12:45:00,4.36,4.368,4.356,4.365,35030.3
2026-01-27 13:00:00,4.366,4.376,4.366,4.371,43260.8
2026-01-27 13:15:00,4.372,4.372,4.353,4.356,27549.8
2026-01-27 13:30:00,4.356,4.378,4.354,4.368,44466.3
2026-01-27 13:45:00,4.368,4.372,4.35,4.355,52979.3
2026-01-27 14:00:00,4.354,4.384,4.351,4.384,30865.4
2026-01-27 14:15:00,4.383,4.405,4.371,4.372,59963.5
2026-01-27 14:30:00,4.371,4.382,4.342,4.35,88412.5
2026-01-27 14:45:00,4.35,4.369,4.344,4.357,39045.0
2026-01-27 15:00:00,4.358,4.396,4.351,4.376,66954.4
2026-01-27 15:15:00,4.377,4.382,4.355,4.355,36519.4
2026-01-27 15:30:00,4.355,4.369,4.35,4.362,30317.5
2026-01-27 15:45:00,4.361,4.414,4.361,4.411,39630.7
2026-01-27 16:00:00,4.411,4.463,4.403,4.458,115414.1
2026-01-27 16:15:00,4.459,4.467,4.428,4.432,92531.0
2026-01-27 16:30:00,4.432,4.484,4.432,4.478,97452.1
2026-01-27 16:45:00,4.477,4.48,4.454,4.46,48208.5
2026-01-27 17:00:00,4.46,4.465,4.39,4.392,102950.1
2026-01-27 17:15:00,4.392,4.394,4.354,4.382,95233.4
2026-01-27 17:30:00,4.382,4.399,4.346,4.348,95444.6
2026-01-27 17:45:00,4.347,4.36,4.34,4.36,45119.0
2026-01-27 18:00:00,4.36,4.389,4.348,4.371,63891.9
2026-01-27 18:15:00,4.37,4.382,4.364,4.371,37645.5
2026-01-27 18:30:00,4.372,4.386,4.364,4.379,43079.1
2026-01-27 18:45:00,4.379,4.447,4.378,4.426,67240.5
2026-01-27 19:00:00,4.425,4.432,4.409,4.431,45773.0
2026-01-27 19:15:00,4.431,4.439,4.418,4.428,18472.0
2026-01-27 19:30:00,4.427,4.441,4.414,4.439,26746.8
2026-01-27 19:45:00,4.438,4.445,4.433,4.436,30875.3
2026-01-27 20:00:00,4.435,4.461,4.433,4.461,45308.2
2026-01-27 20:15:00,4.461,4.508,4.453,4.504,174230.0
2026-01-27 20:30:00,4.504,4.507,4.472,4.474,49978.1
2026-01-27 20:45:00,4.475,4.511,4.473,4.503,83977.8
2026-01-27 21:00:00,4.503,4.512,4.489,4.493,48150.0
2026-01-27 21:15:00,4.493,4.499,4.475,4.477,32756.8
2026-01-27 21:30:00,4.476,4.479,4.459,4.464,44598.5
2026-01-27 21:45:00,4.463,4.469,4.443,4.448,55471.3
2026-01-27 22:00:00,4.448,4.471,4.448,4.465,29007.8
2026-01-27 22:15:00,4.465,4.477,4.457,4.469,21455.7
2026-01-27 22:30:00,4.468,4.501,4.465,4.497,27345.3
2026-01-27 22:45:00,4.496,4.498,4.487,4.489,21327.5
2026-01-27 23:00:00,4.489,4.494,4.481,4.486,29710.2
2026-01-27 23:15:00,4.485,4.492,4.477,4.489,16211.1
2026-01-27 23:30:00,4.489,4.499,4.482,4.487,22964.0
2026-01-27 23:45:00,4.486,4.498,4.48,4.484,24876.2
2026-01-28 00:00:00,4.485,4.495,4.473,4.478,39423.7
2026-01-28 00:15:00,4.477,4.478,4.457,4.462,30926.8
2026-01-28 00:30:00,4.461,4.462,4.446,4.453,28567.4
2026-01-28 00:45:00,4.452,4.486,4.451,4.482,24735.1
2026-01-28 01:00:00,4.482,4.483,4.455,4.458,30156.6
2026-01-28 01:15:00,4.458,4.463,4.441,4.446,25631.4
2026-01-28 01:30:00,4.446,4.453,4.438,4.443,18417.7
2026-01-28 01:45:00,4.442,4.457,4.441,4.452,18614.5
2026-01-28 02:00:00,4.452,4.46,4.441,4.447,18610.4
2026-01-28 02:15:00,4.446,4.462,4.439,4.458,36361.3
2026-01-28 02:30:00,4.458,4.465,4.443,4.447,32925.8
2026-01-28 02:45:00,4.446,4.46,4.443,4.459,14872.7
2026-01-28 03:00:00,4.458,4.465,4.447,4.449,20638.4
2026-01-28 03:15:00,4.448,4.452,4.438,4.449,18312.4
2026-01-28 03:30:00,4.448,4.46,4.44,4.446,17730.6
2026-01-28 03:45:00,4.446,4.452,4.441,4.448,19433.9
2026-01-28 04:00:00,4.447,4.449,4.428,4.435,24456.1
2026-01-28 04:15:00,4.435,4.435,4.423,4.43,22941.5
2026-01-28 04:30:00,4.429,4.442,4.426,4.431,28685.2
2026-01-28 04:45:00,4.43,4.438,4.424,4.436,16405.7
2026-01-28 05:00:00,4.436,4.457,4.43,4.432,37828.0
2026-01-28 05:15:00,4.432,4.441,4.428,4.432,16312.2
2026-01-28 05:30:00,4.432,4.451,4.431,4.439,26042.7
2026-01-28 05:45:00,4.439,4.45,4.439,4.448,21531.6
2026-01-28 06:00:00,4.448,4.471,4.448,4.467,49612.7
2026-01-28 06:15:00,4.467,4.471,4.455,4.46,17293.6
2026-01-28 06:30:00,4.46,4.469,4.448,4.454,32903.9
2026-01-28 06:45:00,4.454,4.479,4.449,4.476,30802.6
2026-01-28 07:00:00,4.476,4.489,4.465,4.466,58994.6
2026-01-28 07:15:00,4.466,4.478,4.46,4.473,22843.8
2026-01-28 07:30:00,4.473,4.473,4.456,4.466,25436.4
2026-01-28 07:45:00,4.466,4.47,4.454,4.463,26159.0
2026-01-28 08:00:00,4.463,4.465,4.448,4.452,62958.3
2026-01-28 08:15:00,4.452,4.461,4.442,4.443,32479.7
2026-01-28 08:30:00,4.443,4.446,4.436,4.44,35301.4
2026-01-28 08:45:00,4.439,4.442,4.43,4.435,31658.3
2026-01-28 09:00:00,4.435,4.447,4.428,4.433,49730.3
2026-01-28 09:15:00,4.432,4.434,4.417,4.43,62366.5
2026-01-28 09:30:00,4.43,4.48,4.429,4.477,67292.8
2026-01-28 09:45:00,4.476,4.48,4.464,4.479,69340.9
2026-01-28 10:00:00,4.479,4.483,4.466,4.482,46728.5
2026-01-28 10:15:00,4.482,4.497,4.467,4.473,46897.4
2026-01-28 10:30:00,4.472,4.483,4.472,4.482,29955.6
2026-01-28 10:45:00,4.482,4.484,4.473,4.476,15536.6
2026-01-28 11:00:00,4.476,4.488,4.475,4.479,29102.2
2026-01-28 11:15:00,4.478,4.5,4.476,4.49,21385.4
2026-01-28 11:30:00,4.489,4.5,4.477,4.5,19623.7
2026-01-28 11:45:00,4.499,4.53,4.495,4.523,96538.1
2026-01-28 12:00:00,4.523,4.528,4.496,4.499,77668.5
2026-01-28 12:15:00,4.499,4.504,4.491,4.499,49684.1
2026-01-28 12:30:00,4.499,4.503,4.48,4.486,26809.5
2026-01-28 12:45:00,4.487,4.493,4.472,4.481,41737.7
2026-01-28 13:00:00,4.482,4.511,4.482,4.494,49212.7
2026-01-28 13:15:00,4.493,4.51,4.49,4.496,28461.8
2026-01-28 13:30:00,4.496,4.517,4.495,4.51,58422.2
2026-01-28 13:45:00,4.51,4.518,4.491,4.498,20228.8
2026-01-28 14:00:00,4.499,4.504,4.482,4.484,27944.8
2026-01-28 14:15:00,4.485,4.486,4.46,4.47,59151.2
2026-01-28 14:30:00,4.47,4.494,4.465,4.474,78930.3
2026-01-28 14:45:00,4.475,4.483,4.461,4.464,44632.1
2026-01-28 15:00:00,4.464,4.486,4.432,4.436,70546.4
2026-01-28 15:15:00,4.435,4.459,4.425,4.45,76823.6
2026-01-28 15:30:00,4.451,4.465,4.442,4.448,50408.5
2026-01-28 15:45:00,4.449,4.457,4.427,4.438,61155.5
2026-01-28 16:00:00,4.439,4.442,4.414,4.417,70379.6
2026-01-28 16:15:00,4.417,4.451,4.414,4.448,45475.4
2026-01-28 16:30:00,4.448,4.457,4.406,4.415,63753.1
2026-01-28 16:45:00,4.416,4.432,4.412,4.417,24584.1
2026-01-28 17:00:00,4.417,4.433,4.416,4.43,27882.5
2026-01-28 17:15:00,4.429,4.438,4.42,4.426,27128.1
2026-01-28 17:30:00,4.426,4.439,4.393,4.432,83154.5
2026-01-28 17:45:00,4.431,4.482,4.43,4.46,80278.1
2026-01-28 18:00:00,4.459,4.459,4.423,4.44,92380.2
2026-01-28 18:15:00,4.441,4.46,4.432,4.438,32105.7
2026-01-28 18:30:00,4.439,4.446,4.432,4.435,15546.4
2026-01-28 18:45:00,4.436,4.443,4.422,4.441,19975.5
2026-01-28 19:00:00,4.441,4.465,4.425,4.442,83011.6
2026-01-28 19:15:00,4.441,4.455,4.434,4.441,28507.9
2026-01-28 19:30:00,4.442,4.453,4.42,4.425,47029.4
2026-01-28 19:45:00,4.426,4.472,4.426,4.458,37862.9
2026-01-28 20:00:00,4.457,4.48,4.453,4.466,44210.6
2026-01-28 20:15:00,4.465,4.505,4.464,4.495,88327.2
2026-01-28 20:30:00,4.495,4.497,4.447,4.448,34737.9
2026-01-28 20:45:00,4.448,4.454,4.432,4.444,29889.9
2026-01-28 21:00:00,4.444,4.48,4.407,4.464,212097.8
2026-01-28 21:15:00,4.463,4.468,4.451,4.459,42169.4
2026-01-28 21:30:00,4.458,4.473,4.438,4.464,27830.1
2026-01-28 21:45:00,4.464,4.491,4.457,4.48,30693.0
2026-01-28 22:00:00,4.48,4.483,4.466,4.472,34144.3
2026-01-28 22:15:00,4.471,4.497,4.457,4.494,48443.7
2026-01-28 22:30:00,4.495,4.525,4.494,4.522,53253.7
2026-01-28 22:45:00,4.521,4.538,4.521,4.533,41845.2
2026-01-28 23:00:00,4.532,4.542,4.508,4.517,52942.0
2026-01-28 23:15:00,4.515,4.542,4.501,4.501,38264.1
2026-01-28 23:30:00,4.501,4.507,4.481,4.501,55004.4
2026-01-28 23:45:00,4.501,4.506,4.486,4.494,27634.4
2026-01-29 00:00:00,4.495,4.509,4.467,4.468,61029.7
2026-01-29 00:15:00,4.468,4.472,4.455,4.457,34311.1
2026-01-29 00:30:00,4.457,4.463,4.437,4.443,56916.3
2026-01-29 00:45:00,4.443,4.463,4.433,4.461,33026.5
2026-01-29 01:00:00,4.461,4.47,4.45,4.453,26936.3
2026-01-29 01:15:00,4.454,4.454,4.403,4.434,68317.9
2026-01-29 01:30:00,4.433,4.438,4.416,4.425,60655.5
2026-01-29 01:45:00,4.424,4.433,4.405,4.415,37864.9
2026-01-29 02:00:00,4.415,4.433,4.407,4.421,47901.1
2026-01-29 02:15:00,4.421,4.426,4.41,4.418,35925.2
2026-01-29 02:30:00,4.417,4.417,4.352,4.366,180401.6
2026-01-29 02:45:00,4.365,4.367,4.333,4.349,93482.7
2026-01-29 03:00:00,4.349,4.384,4.335,4.375,75336.8
2026-01-29 03:15:00,4.374,4.377,4.345,4.346,41593.2
2026-01-29 03:30:00,4.345,4.359,4.338,4.358,29457.1
2026-01-29 03:45:00,4.357,4.36,4.343,4.345,27894.9
2026-01-29 04:00:00,4.346,4.347,4.323,4.328,63918.9
2026-01-29 04:15:00,4.328,4.333,4.31,4.332,96080.6
2026-01-29 04:30:00,4.331,4.342,4.33,4.339,40190.3
2026-01-29 04:45:00,4.338,4.35,4.338,4.341,29137.6
2026-01-29 05:00:00,4.342,4.353,4.335,4.343,26147.6
2026-01-29 05:15:00,4.342,4.354,4.34,4.35,22853.9
2026-01-29 05:30:00,4.35,4.36,4.344,4.347,43470.2
2026-01-29 05:45:00,4.348,4.35,4.339,4.344,19998.7
2026-01-29 06:00:00,4.343,4.358,4.341,4.352,40531.0
2026-01-29 06:15:00,4.353,4.372,4.353,4.363,40882.2
2026-01-29 06:30:00,4.363,4.369,4.357,4.365,30568.7
2026-01-29 06:45:00,4.364,4.366,4.352,4.366,20077.8
2026-01-29 07:00:00,4.365,4.378,4.363,4.366,23025.9
2026-01-29 07:15:00,4.366,4.381,4.361,4.366,20474.8
2026-01-29 07:30:00,4.366,4.379,4.364,4.371,23071.2
2026-01-29 07:45:00,4.37,4.37,4.353,4.358,44199.4
2026-01-29 08:00:00,4.358,4.359,4.332,4.333,47263.9
2026-01-29 08:15:00,4.333,4.368,4.327,4.365,50476.1
2026-01-29 08:30:00,4.364,4.365,4.334,4.343,31250.1
2026-01-29 08:45:00,4.343,4.347,4.329,4.338,38972.1
2026-01-29 09:00:00,4.338,4.34,4.317,4.32,64270.8
2026-01-29 09:15:00,4.32,4.325,4.314,4.314,27001.3
2026-01-29 09:30:00,4.315,4.326,4.312,4.318,40036.9
2026-01-29 09:45:00,4.319,4.324,4.31,4.317,38771.6
2026-01-29 10:00:00,4.318,4.326,4.313,4.315,30325.2
2026-01-29 10:15:00,4.316,4.321,4.315,4.319,14776.8
2026-01-29 10:30:00,4.319,4.319,4.301,4.304,43815.5
2026-01-29 10:45:00,4.305,4.31,4.292,4.3,54005.3
2026-01-29 11:00:00,4.3,4.301,4.274,4.287,142823.1
2026-01-29 11:15:00,4.288,4.288,4.262,4.268,53316.1
2026-01-29 11:30:00,4.267,4.277,4.266,4.274,34350.7
2026-01-29 11:45:00,4.273,4.28,4.264,4.269,31283.9
2026-01-29 12:00:00,4.269,4.279,4.267,4.274,33788.1
2026-01-29 12:15:00,4.274,4.281,4.269,4.27,18873.7
2026-01-29 12:30:00,4.27,4.276,4.242,4.25,68847.4
2026-01-29 12:45:00,4.251,4.258,4.245,4.256,56855.0
2026-01-29 13:00:00,4.256,4.27,4.255,4.266,38155.4
2026-01-29 13:15:00,4.267,4.276,4.261,4.276,30329.9
2026-01-29 13:30:00,4.275,4.275,4.263,4.263,28231.5
2026-01-29 13:45:00,4.263,4.273,4.259,4.272,24657.4
2026-01-29 14:00:00,4.272,4.282,4.267,4.272,38554.8
2026-01-29 14:15:00,4.272,4.279,4.246,4.247,42933.5
2026-01-29 14:30:00,4.247,4.268,4.221,4.229,135633.2
2026-01-29 14:45:00,4.228,4.237,4.151,4.155,192636.1
2026-01-29 15:00:00,4.156,4.158,4.01,4.033,743083.3
2026-01-29 15:15:00,4.034,4.113,4.015,4.096,606261.5
2026-01-29 15:30:00,4.095,4.112,4.026,4.037,258927.6
2026-01-29 15:45:00,4.036,4.105,4.025,4.086,181617.8
2026-01-29 16:00:00,4.085,4.085,4.044,4.084,181929.1
2026-01-29 16:15:00,4.084,4.112,4.06,4.064,116163.2
2026-01-29 16:30:00,4.064,4.095,4.059,4.086,83030.2
2026-01-29 16:45:00,4.087,4.135,4.087,4.131,92216.7
2026-01-29 17:00:00,4.132,4.176,4.13,4.161,105036.0
2026-01-29 17:15:00,4.161,4.19,4.132,4.134,109192.0
2026-01-29 17:30:00,4.134,4.138,4.103,4.106,84551.9
2026-01-29 17:45:00,4.106,4.108,4.076,4.082,116781.1
2026-01-29 18:00:00,4.082,4.092,4.076,4.079,73579.8
2026-01-29 18:15:00,4.079,4.083,4.022,4.03,231737.8
2026-01-29 18:30:00,4.03,4.063,4.008,4.051,162281.8
2026-01-29 18:45:00,4.05,4.05,3.997,4.002,183951.0
2026-01-29 19:00:00,4.001,4.017,3.988,4.003,129696.9
2026-01-29 19:15:00,4.002,4.017,3.997,4.013,68621.7
2026-01-29 19:30:00,4.014,4.076,4.014,4.073,152807.4
2026-01-29 19:45:00,4.072,4.083,4.061,4.063,47704.0
2026-01-29 20:00:00,4.064,4.07,4.05,4.051,90024.0
2026-01-29 20:15:00,4.053,4.072,4.051,4.055,74282.5
2026-01-29 20:30:00,4.056,4.081,4.056,4.077,44524.4
2026-01-29 20:45:00,4.076,4.1,4.069,4.096,120802.9
2026-01-29 21:00:00,4.096,4.123,4.096,4.107,91456.7
2026-01-29 21:15:00,4.106,4.108,4.083,4.091,32224.4
2026-01-29 21:30:00,4.092,4.101,4.084,4.1,48737.2
2026-01-29 21:45:00,4.099,4.108,4.089,4.097,44039.9
2026-01-29 22:00:00,4.097,4.108,4.074,4.077,64379.7
2026-01-29 22:15:00,4.077,4.084,4.072,4.081,37621.6
2026-01-29 22:30:00,4.081,4.104,4.081,4.09,268450.6
2026-01-29 22:45:00,4.089,4.098,4.086,4.088,25403.1
2026-01-29 23:00:00,4.088,4.088,4.06,4.071,56657.9
2026-01-29 23:15:00,4.071,4.081,4.065,4.071,23296.7
2026-01-29 23:30:00,4.071,4.078,4.067,4.074,29294.5
2026-01-29 23:45:00,4.074,4.083,4.074,4.074,25353.9
2026-01-30 00:00:00,4.075,4.092,4.07,4.07,42769.8
2026-01-30 00:15:00,4.07,4.077,4.057,4.068,60187.9
2026-01-30 00:30:00,4.067,4.081,4.058,4.074,46489.0
2026-01-30 00:45:00,4.075,4.085,4.065,4.073,31597.1
2026-01-30 01:00:00,4.073,4.089,4.063,4.086,28172.7
2026-01-30 01:15:00,4.087,4.107,4.073,4.093,99745.7
2026-01-30 01:30:00,4.094,4.102,3.876,3.992,686746.4
2026-01-30 01:45:00,3.992,4.042,3.98,4.033,277301.2
2026-01-30 02:00:00,4.034,4.036,3.985,3.99,110076.6
2026-01-30 02:15:00,3.99,4.002,3.967,3.987,206317.8
2026-01-30 02:30:00,3.986,4.044,3.982,4.029,149999.6
2026-01-30 02:45:00,4.028,4.046,4.001,4.01,66377.1
2026-01-30 03:00:00,4.009,4.021,3.998,4.019,57541.6
2026-01-30 03:15:00,4.018,4.018,3.998,4.0,31923.3
2026-01-30 03:30:00,3.999,3.999,3.985,3.989,51240.9
2026-01-30 03:45:00,3.989,3.993,3.975,3.986,113755.7
2026-01-30 04:00:00,3.986,3.999,3.982,3.992,95587.6
2026-01-30 04:15:00,3.993,4.031,3.986,4.022,75634.4
2026-01-30 04:30:00,4.023,4.035,4.008,4.015,54681.3
2026-01-30 04:45:00,4.014,4.026,4.001,4.003,48258.3
2026-01-30 05:00:00,4.003,4.01,3.988,3.989,63719.0
2026-01-30 05:15:00,3.989,4.012,3.982,4.006,33767.0
2026-01-30 05:30:00,4.006,4.01,3.997,4.001,26660.2
2026-01-30 05:45:00,4.001,4.013,3.998,3.998,33324.5
2026-01-30 06:00:00,3.998,4.002,3.978,3.983,42620.1
2026-01-30 06:15:00,3.982,3.987,3.958,3.971,109735.2
2026-01-30 06:30:00,3.971,3.982,3.959,3.973,82247.2
2026-01-30 06:45:00,3.972,4.003,3.964,3.985,93668.7
2026-01-30 07:00:00,3.985,4.05,3.984,4.037,95975.2
2026-01-30 07:15:00,4.037,4.042,4.011,4.013,61444.7
2026-01-30 07:30:00,4.012,4.015,3.99,3.994,62662.3
2026-01-30 07:45:00,3.994,4.011,3.992,4.0,51319.5
2026-01-30 08:00:00,4.0,4.004,3.983,4.004,75212.1
2026-01-30 08:15:00,4.004,4.016,4.002,4.005,41489.7
2026-01-30 08:30:00,4.004,4.004,3.972,3.995,78494.3
2026-01-30 08:45:00,3.995,3.997,3.977,3.99,54470.9
2026-01-30 09:00:00,3.99,3.997,3.982,3.988,50688.3
2026-01-30 09:15:00,3.987,3.996,3.976,3.989,70119.4
2026-01-30 09:30:00,3.989,4.008,3.989,4.004,35446.9
2026-01-30 09:45:00,4.004,4.004,3.979,3.993,51278.6
2026-01-30 10:00:00,3.992,4.0,3.983,3.995,36253.2
2026-01-30 10:15:00,3.995,4.011,3.987,3.999,38453.4
2026-01-30 10:30:00,3.999,4.001,3.989,3.99,24396.7
2026-01-30 10:45:00,3.991,4.0,3.989,3.999,34322.2
2026-01-30 11:00:00,3.999,4.008,3.994,4.005,36208.7
2026-01-30 11:15:00,4.006,4.008,3.995,3.997,26789.8
2026-01-30 11:30:00,3.998,4.01,3.995,4.002,37795.1
2026-01-30 11:45:00,4.003,4.071,4.002,4.057,136872.1
2026-01-30 12:00:00,4.057,4.062,4.034,4.036,93456.7
2026-01-30 12:15:00,4.036,4.04,4.018,4.023,66824.8
2026-01-30 12:30:00,4.023,4.028,4.002,4.003,59822.6
2026-01-30 12:45:00,4.003,4.009,3.989,4.0,45011.9
2026-01-30 13:00:00,4.0,4.004,3.983,3.994,77129.6
2026-01-30 13:15:00,3.995,4.014,3.991,4.0,88222.8
2026-01-30 13:30:00,4.002,4.016,3.953,3.985,202347.1
2026-01-30 13:45:00,3.985,3.985,3.961,3.973,66662.5
2026-01-30 14:00:00,3.973,4.01,3.972,3.994,81314.1
2026-01-30 14:15:00,3.995,3.995,3.98,3.985,38919.7
2026-01-30 14:30:00,3.986,4.034,3.977,4.024,132051.3
2026-01-30 14:45:00,4.023,4.033,3.973,3.987,111053.8
2026-01-30 15:00:00,3.987,4.025,3.983,4.0,136983.8
2026-01-30 15:15:00,3.999,4.013,3.943,3.949,156531.0
2026-01-30 15:30:00,3.948,4.017,3.934,4.01,207015.3
2026-01-30 15:45:00,4.01,4.014,3.99,3.993,50573.4
2026-01-30 16:00:00,3.992,4.009,3.968,4.008,129528.5
2026-01-30 16:15:00,4.007,4.02,3.962,4.007,170649.8
2026-01-30 16:30:00,4.007,4.038,3.993,4.03,97566.2
2026-01-30 16:45:00,4.03,4.03,4.001,4.005,69176.0
2026-01-30 17:00:00,4.006,4.011,3.981,3.989,106162.5
2026-01-30 17:15:00,3.989,4.043,3.983,4.037,80753.7
2026-01-30 17:30:00,4.037,4.04,4.006,4.028,56859.2
2026-01-30 17:45:00,4.028,4.032,4.001,4.005,45574.8
2026-01-30 18:00:00,4.006,4.02,3.986,3.998,86172.6
2026-01-30 18:15:00,3.998,3.999,3.904,3.97,353803.1
2026-01-30 18:30:00,3.97,4.028,3.95,4.026,160262.0
2026-01-30 18:45:00,4.027,4.08,4.013,4.064,230049.0
2026-01-30 19:00:00,4.064,4.082,4.049,4.059,164931.8
2026-01-30 19:15:00,4.059,4.086,4.055,4.073,77946.6
2026-01-30 19:30:00,4.073,4.078,4.048,4.051,63583.4
2026-01-30 19:45:00,4.051,4.074,4.043,4.052,71553.5
2026-01-30 20:00:00,4.053,4.053,4.011,4.022,91891.5
2026-01-30 20:15:00,4.023,4.039,3.991,4.009,146456.8
2026-01-30 20:30:00,4.009,4.029,3.97,3.995,201482.8
2026-01-30 20:45:00,3.996,4.009,3.971,3.981,83701.6
2026-01-30 21:00:00,3.982,3.991,3.969,3.982,65195.0
2026-01-30 21:15:00,3.983,4.021,3.983,3.989,80126.8
2026-01-30 21:30:00,3.989,4.008,3.976,3.983,25892.9
2026-01-30 21:45:00,3.983,4.005,3.983,3.997,59725.6
2026-01-30 22:00:00,3.997,4.006,3.984,3.984,31988.5
2026-01-30 22:15:00,3.985,3.991,3.97,3.971,29806.1
2026-01-30 22:30:00,3.972,3.997,3.969,3.993,30680.5
2026-01-30 22:45:00,3.995,4.004,3.989,3.998,16841.2
2026-01-30 23:00:00,3.999,4.002,3.966,3.971,54600.4
2026-01-30 23:15:00,3.971,3.982,3.961,3.97,23644.9
2026-01-30 23:30:00,3.971,3.989,3.964,3.986,53808.3
2026-01-30 23:45:00,3.985,3.997,3.982,3.996,20304.7
2026-01-31 00:00:00,3.997,4.001,3.984,3.986,43666.0
2026-01-31 00:15:00,3.987,3.996,3.98,3.988,41648.4
2026-01-31 00:30:00,3.989,4.003,3.984,3.992,25422.5
2026-01-31 00:45:00,3.993,3.993,3.974,3.979,36527.1
2026-01-31 01:00:00,3.979,3.993,3.973,3.993,25502.5
2026-01-31 01:15:00,3.994,3.999,3.981,3.988,35347.8
2026-01-31 01:30:00,3.989,3.99,3.972,3.988,18670.9
2026-01-31 01:45:00,3.988,3.992,3.977,3.988,11985.3
2026-01-31 02:00:00,3.988,3.988,3.971,3.98,23036.2
2026-01-31 02:15:00,3.981,3.981,3.965,3.975,29011.6
2026-01-31 02:30:00,3.974,4.004,3.97,3.996,38156.2
2026-01-31 02:45:00,3.996,4.002,3.992,3.993,14916.0
2026-01-31 03:00:00,3.993,3.999,3.985,3.995,26635.9
2026-01-31 03:15:00,3.996,3.999,3.985,3.989,13380.9
2026-01-31 03:30:00,3.99,3.994,3.986,3.989,20592.7
2026-01-31 03:45:00,3.99,3.99,3.98,3.985,15915.2
2026-01-31 04:00:00,3.986,4.001,3.983,3.995,25386.4
2026-01-31 04:15:00,3.996,3.999,3.988,3.995,16710.2
2026-01-31 04:30:00,3.996,3.996,3.98,3.98,12689.9
2026-01-31 04:45:00,3.981,3.983,3.964,3.971,42303.6
2026-01-31 05:00:00,3.972,3.974,3.958,3.973,46969.5
2026-01-31 05:15:00,3.974,3.988,3.972,3.984,47622.0
2026-01-31 05:30:00,3.985,3.99,3.972,3.984,47239.4
2026-01-31 05:45:00,3.984,3.994,3.982,3.989,14124.7
2026-01-31 06:00:00,3.99,3.994,3.981,3.988,20542.8
2026-01-31 06:15:00,3.989,3.995,3.943,3.947,124568.9
2026-01-31 06:30:00,3.948,3.957,3.935,3.945,43977.6
2026-01-31 06:45:00,3.946,3.96,3.944,3.956,41756.0
2026-01-31 07:00:00,3.957,3.963,3.948,3.955,22026.7
2026-01-31 07:15:00,3.956,3.961,3.949,3.952,19442.2
2026-01-31 07:30:00,3.953,3.953,3.908,3.922,79181.4
2026-01-31 07:45:00,3.923,3.943,3.922,3.942,25784.0
2026-01-31 08:00:00,3.941,3.948,3.919,3.925,66613.8
2026-01-31 08:15:00,3.926,3.926,3.863,3.887,197849.8
2026-01-31 08:30:00,3.888,3.891,3.835,3.857,357480.0
2026-01-31 08:45:00,3.858,3.888,3.843,3.881,127435.0
2026-01-31 09:00:00,3.882,3.907,3.876,3.905,65513.1
2026-01-31 09:15:00,3.906,3.908,3.879,3.887,67981.1
2026-01-31 09:30:00,3.887,3.922,3.887,3.906,57436.9
2026-01-31 09:45:00,3.906,3.906,3.879,3.881,71862.2
2026-01-31 10:00:00,3.881,3.884,3.854,3.855,79518.5
2026-01-31 10:15:00,3.856,3.876,3.854,3.874,32159.8
2026-01-31 10:30:00,3.875,3.896,3.874,3.89,40057.7
2026-01-31 10:45:00,3.891,3.895,3.869,3.873,106573.6
2026-01-31 11:00:00,3.873,3.873,3.838,3.842,144375.2
2026-01-31 11:15:00,3.842,3.864,3.841,3.862,33737.3
2026-01-31 11:30:00,3.862,3.867,3.854,3.856,33485.7
2026-01-31 11:45:00,3.856,3.857,3.84,3.851,46782.1
2026-01-31 12:00:00,3.851,3.854,3.83,3.838,50118.6
2026-01-31 12:15:00,3.838,3.852,3.837,3.844,46364.8
2026-01-31 12:30:00,3.845,3.845,3.825,3.837,61680.5
2026-01-31 12:45:00,3.838,3.843,3.824,3.832,65728.0
2026-01-31 13:00:00,3.832,3.837,3.816,3.822,66087.2
2026-01-31 13:15:00,3.822,3.828,3.802,3.814,96545.8
2026-01-31 13:30:00,3.814,3.819,3.783,3.791,161026.3
2026-01-31 13:45:00,3.792,3.802,3.789,3.799,39528.5
2026-01-31 14:00:00,3.8,3.81,3.747,3.765,299308.6
2026-01-31 14:15:00,3.766,3.767,3.589,3.643,1036450.6
2026-01-31 14:30:00,3.643,3.657,3.577,3.589,536394.1
2026-01-31 14:45:00,3.59,3.659,3.575,3.644,264370.1
2026-01-31 15:00:00,3.645,3.695,3.64,3.663,169660.4
2026-01-31 15:15:00,3.663,3.667,3.645,3.658,96929.1
2026-01-31 15:30:00,3.659,3.678,3.648,3.65,66380.9
2026-01-31 15:45:00,3.652,3.658,3.629,3.635,95206.3
2026-01-31 16:00:00,3.634,3.648,3.613,3.635,251268.2
2026-01-31 16:15:00,3.636,3.696,3.609,3.649,427630.3
2026-01-31 16:30:00,3.649,3.656,3.626,3.629,104335.5
2026-01-31 16:45:00,3.63,3.638,3.585,3.608,357001.4
2026-01-31 17:00:00,3.608,3.634,3.408,3.493,1471823.7
2026-01-31 17:15:00,3.492,3.524,3.467,3.489,444591.2
2026-01-31 17:30:00,3.49,3.516,3.447,3.477,241174.4
2026-01-31 17:45:00,3.477,3.489,3.436,3.474,162768.4
2026-01-31 18:00:00,3.475,3.496,3.461,3.472,111469.9
2026-01-31 18:15:00,3.473,3.474,3.426,3.448,198223.1
2026-01-31 18:30:00,3.449,3.459,3.242,3.399,1048146.3
2026-01-31 18:45:00,3.396,3.468,3.381,3.416,823580.2
2026-01-31 19:00:00,3.417,3.481,3.414,3.476,404567.2
2026-01-31 19:15:00,3.475,3.504,3.456,3.466,183579.5
2026-01-31 19:30:00,3.467,3.477,3.425,3.434,151997.2
2026-01-31 19:45:00,3.434,3.485,3.428,3.478,120607.9
2026-01-31 20:00:00,3.478,3.489,3.449,3.451,156533.2
2026-01-31 20:15:00,3.451,3.517,3.448,3.454,122876.5
2026-01-31 20:30:00,3.454,3.479,3.436,3.478,152477.4
2026-01-31 20:45:00,3.479,3.49,3.46,3.48,95101.0
2026-01-31 21:00:00,3.481,3.508,3.47,3.474,95999.5
2026-01-31 21:15:00,3.475,3.518,3.466,3.51,118095.9
2026-01-31 21:30:00,3.511,3.551,3.497,3.542,138642.8
2026-01-31 21:45:00,3.542,3.556,3.529,3.542,88658.6
2026-01-31 22:00:00,3.543,3.558,3.526,3.53,88580.7
2026-01-31 22:15:00,3.53,3.535,3.519,3.532,46803.2
2026-01-31 22:30:00,3.533,3.539,3.511,3.52,31722.6
2026-01-31 22:45:00,3.521,3.546,3.517,3.541,24809.2
2026-01-31 23:00:00,3.542,3.561,3.538,3.552,66122.3
2026-01-31 23:15:00,3.553,3.64,3.547,3.62,200219.0
2026-01-31 23:30:00,3.62,3.633,3.607,3.609,66906.5
2026-01-31 23:45:00,3.61,3.622,3.592,3.616,50068.5
2026-02-01 00:00:00,3.616,3.648,3.611,3.645,133815.3
2026-02-01 00:15:00,3.645,3.652,3.63,3.637,122630.4
2026-02-01 00:30:00,3.638,3.644,3.612,3.629,61576.1
2026-02-01 00:45:00,3.63,3.643,3.627,3.635,52233.3
2026-02-01 01:00:00,3.635,3.637,3.601,3.613,55466.8
2026-02-01 01:15:00,3.613,3.629,3.593,3.627,58276.9
2026-02-01 01:30:00,3.626,3.63,3.613,3.619,59754.8
2026-02-01 01:45:00,3.619,3.639,3.613,3.635,40592.0
2026-02-01 02:00:00,3.636,3.652,3.629,3.646,46486.6
2026-02-01 02:15:00,3.645,3.65,3.627,3.634,34245.6
2026-02-01 02:30:00,3.634,3.656,3.629,3.655,44426.8
2026-02-01 02:45:00,3.655,3.666,3.651,3.654,36417.2
2026-02-01 03:00:00,3.654,3.666,3.646,3.66,48041.8
2026-02-01 03:15:00,3.66,3.664,3.649,3.658,34446.7
2026-02-01 03:30:00,3.658,3.663,3.652,3.658,27795.6
2026-02-01 03:45:00,3.658,3.666,3.658,3.664,20640.2
2026-02-01 04:00:00,3.663,3.677,3.66,3.666,73915.2
2026-02-01 04:15:00,3.666,3.671,3.655,3.657,32594.0
2026-02-01 04:30:00,3.657,3.663,3.653,3.66,24452.8
2026-02-01 04:45:00,3.66,3.664,3.655,3.659,23273.6
2026-02-01 05:00:00,3.659,3.689,3.655,3.687,87494.2
2026-02-01 05:15:00,3.686,3.692,3.67,3.687,57465.6
2026-02-01 05:30:00,3.687,3.687,3.652,3.654,41576.6
2026-02-01 05:45:00,3.654,3.666,3.654,3.663,26559.2
2026-02-01 06:00:00,3.663,3.682,3.663,3.681,25808.7
2026-02-01 06:15:00,3.68,3.688,3.677,3.679,28589.3
2026-02-01 06:30:00,3.679,3.684,3.649,3.662,67132.2
2026-02-01 06:45:00,3.662,3.668,3.652,3.663,31029.3
2026-02-01 07:00:00,3.663,3.667,3.648,3.652,53897.5
2026-02-01 07:15:00,3.652,3.657,3.643,3.652,33035.7
2026-02-01 07:30:00,3.652,3.699,3.649,3.691,63810.7
2026-02-01 07:45:00,3.69,3.691,3.669,3.674,62233.2
2026-02-01 08:00:00,3.674,3.682,3.667,3.668,41514.0
2026-02-01 08:15:00,3.667,3.671,3.652,3.66,54589.5
2026-02-01 08:30:00,3.66,3.69,3.656,3.681,56998.2
2026-02-01 08:45:00,3.68,3.681,3.656,3.659,38573.8
2026-02-01 09:00:00,3.66,3.661,3.64,3.643,28581.3
2026-02-01 09:15:00,3.643,3.644,3.623,3.624,55261.5
2026-02-01 09:30:00,3.624,3.643,3.621,3.639,125811.5
2026-02-01 09:45:00,3.64,3.66,3.634,3.654,60082.5
2026-02-01 10:00:00,3.653,3.672,3.645,3.667,41680.8
2026-02-01 10:15:00,3.666,3.666,3.643,3.651,33944.5
2026-02-01 10:30:00,3.651,3.655,3.595,3.597,126229.6
2026-02-01 10:45:00,3.597,3.612,3.585,3.588,79394.9
2026-02-01 11:00:00,3.588,3.606,3.588,3.605,40952.9
2026-02-01 11:15:00,3.604,3.607,3.591,3.594,75697.2
2026-02-01 11:30:00,3.593,3.626,3.593,3.623,72340.7
2026-02-01 11:45:00,3.622,3.631,3.605,3.612,41106.1
2026-02-01 12:00:00,3.612,3.615,3.598,3.608,44403.9
2026-02-01 12:15:00,3.608,3.608,3.577,3.584,92480.1
2026-02-01 12:30:00,3.584,3.603,3.571,3.586,182852.2
2026-02-01 12:45:00,3.587,3.594,3.586,3.589,31962.8
2026-02-01 13:00:00,3.588,3.622,3.587,3.62,62518.5
2026-02-01 13:15:00,3.618,3.62,3.607,3.611,27101.8
2026-02-01 13:30:00,3.612,3.617,3.586,3.591,45262.2
2026-02-01 13:45:00,3.59,3.598,3.563,3.583,130583.6
2026-02-01 14:00:00,3.582,3.591,3.566,3.569,73183.6
2026-02-01 14:15:00,3.569,3.572,3.54,3.546,106277.2
2026-02-01 14:30:00,3.545,3.566,3.512,3.551,222400.2
2026-02-01 14:45:00,3.552,3.604,3.544,3.57,134832.2
2026-02-01 15:00:00,3.571,3.571,3.522,3.527,85789.5
2026-02-01 15:15:00,3.526,3.53,3.474,3.476,206056.1
2026-02-01 15:30:00,3.476,3.499,3.451,3.477,221335.6
2026-02-01 15:45:00,3.478,3.53,3.473,3.507,118452.3
2026-02-01 16:00:00,3.506,3.536,3.488,3.517,138333.5
2026-02-01 16:15:00,3.517,3.547,3.469,3.524,121190.2
2026-02-01 16:30:00,3.525,3.529,3.494,3.499,83110.1
2026-02-01 16:45:00,3.499,3.518,3.492,3.511,51908.1
2026-02-01 17:00:00,3.51,3.532,3.506,3.523,65670.0
2026-02-01 17:15:00,3.522,3.522,3.487,3.504,79835.7
2026-02-01 17:30:00,3.503,3.511,3.478,3.495,81162.2
2026-02-01 17:45:00,3.496,3.514,3.482,3.513,58098.8
2026-02-01 18:00:00,3.513,3.576,3.513,3.567,331047.1
2026-02-01 18:15:00,3.567,3.585,3.545,3.559,174611.5
2026-02-01 18:30:00,3.559,3.562,3.53,3.534,67360.7
2026-02-01 18:45:00,3.534,3.539,3.519,3.531,80370.8
2026-02-01 19:00:00,3.531,3.546,3.514,3.522,85583.5
2026-02-01 19:15:00,3.521,3.534,3.503,3.53,54284.3
2026-02-01 19:30:00,3.529,3.539,3.517,3.527,46917.7
2026-02-01 19:45:00,3.526,3.528,3.495,3.516,159858.4
2026-02-01 20:00:00,3.515,3.531,3.504,3.516,76241.8
2026-02-01 20:15:00,3.515,3.527,3.482,3.486,94532.7
2026-02-01 20:30:00,3.486,3.569,3.486,3.551,135623.8
2026-02-01 20:45:00,3.552,3.554,3.524,3.534,47652.1
2026-02-01 21:00:00,3.533,3.535,3.502,3.517,83017.3
2026-02-01 21:15:00,3.517,3.519,3.501,3.509,65684.6
2026-02-01 21:30:00,3.509,3.533,3.502,3.514,55145.2
2026-02-01 21:45:00,3.514,3.525,3.491,3.508,112554.8
2026-02-01 22:00:00,3.507,3.579,3.505,3.566,102272.2
2026-02-01 22:15:00,3.567,3.567,3.517,3.546,64650.5
2026-02-01 22:30:00,3.545,3.583,3.544,3.562,46953.0
2026-02-01 22:45:00,3.563,3.568,3.541,3.548,23709.0
2026-02-01 23:00:00,3.547,3.551,3.443,3.524,344941.4
2026-02-01 23:15:00,3.523,3.553,3.487,3.538,234401.1
2026-02-01 23:30:00,3.538,3.589,3.522,3.56,112794.3
2026-02-01 23:45:00,3.56,3.56,3.516,3.521,61794.8
2026-02-02 00:00:00,3.52,3.565,3.492,3.547,107423.8
2026-02-02 00:15:00,3.547,3.591,3.544,3.583,145429.3
2026-02-02 00:30:00,3.584,3.605,3.572,3.596,120950.5
2026-02-02 00:45:00,3.597,3.602,3.576,3.581,51118.3
2026-02-02 01:00:00,3.582,3.604,3.531,3.537,72711.3
2026-02-02 01:15:00,3.537,3.635,3.532,3.628,192897.3
2026-02-02 01:30:00,3.629,3.631,3.603,3.621,54593.7
2026-02-02 01:45:00,3.621,3.623,3.598,3.606,38638.3
2026-02-02 02:00:00,3.607,3.608,3.582,3.592,66263.6
2026-02-02 02:15:00,3.591,3.624,3.589,3.617,59135.2
2026-02-02 02:30:00,3.616,3.62,3.583,3.596,47018.5
2026-02-02 02:45:00,3.597,3.599,3.571,3.577,92516.9
2026-02-02 03:00:00,3.578,3.581,3.52,3.526,73803.3
2026-02-02 03:15:00,3.526,3.531,3.445,3.457,346701.5
2026-02-02 03:30:00,3.457,3.492,3.43,3.463,267959.9
2026-02-02 03:45:00,3.463,3.598,3.459,3.579,378546.6
2026-02-02 04:00:00,3.579,3.587,3.522,3.528,160333.5
2026-02-02 04:15:00,3.527,3.629,3.523,3.619,171201.0
2026-02-02 04:30:00,3.619,3.638,3.598,3.598,93306.0
2026-02-02 04:45:00,3.598,3.598,3.559,3.559,61766.0
2026-02-02 05:00:00,3.56,3.56,3.512,3.522,82164.6
2026-02-02 05:15:00,3.522,3.524,3.469,3.482,120085.7
2026-02-02 05:30:00,3.482,3.504,3.464,3.489,107419.2
2026-02-02 05:45:00,3.489,3.536,3.486,3.506,116288.5
2026-02-02 06:00:00,3.506,3.524,3.469,3.508,144949.0
2026-02-02 06:15:00,3.508,3.549,3.498,3.514,110851.5
2026-02-02 06:30:00,3.513,3.609,3.451,3.567,537603.1
2026-02-02 06:45:00,3.567,3.599,3.539,3.562,196053.9
2026-02-02 07:00:00,3.562,3.596,3.547,3.571,146482.1
2026-02-02 07:15:00,3.571,3.584,3.553,3.558,33672.3
2026-02-02 07:30:00,3.559,3.581,3.557,3.571,49355.4
2026-02-02 07:45:00,3.572,3.592,3.559,3.559,67625.5
2026-02-02 08:00:00,3.559,3.587,3.558,3.577,74729.1
2026-02-02 08:15:00,3.579,3.594,3.565,3.57,49986.3
2026-02-02 08:30:00,3.571,3.6,3.571,3.584,47075.3
2026-02-02 08:45:00,3.584,3.601,3.58,3.586,39437.4
2026-02-02 09:00:00,3.586,3.592,3.561,3.567,39427.3
2026-02-02 09:15:00,3.567,3.61,3.56,3.608,86913.2
2026-02-02 09:30:00,3.608,3.63,3.587,3.617,227283.7
2026-02-02 09:45:00,3.617,3.656,3.616,3.628,213539.9
2026-02-02 10:00:00,3.629,3.638,3.623,3.631,46974.6
2026-02-02 10:15:00,3.632,3.636,3.61,3.622,56697.5
2026-02-02 10:30:00,3.622,3.629,3.607,3.615,102176.3
2026-02-02 10:45:00,3.615,3.624,3.613,3.622,18792.8
2026-02-02 11:00:00,3.622,3.626,3.61,3.625,35293.3
2026-02-02 11:15:00,3.624,3.625,3.609,3.624,45248.8
2026-02-02 11:30:00,3.624,3.632,3.61,3.614,96079.4
2026-02-02 11:45:00,3.614,3.626,3.601,3.603,74351.0
2026-02-02 12:00:00,3.604,3.619,3.604,3.616,44448.2
2026-02-02 12:15:00,3.616,3.633,3.61,3.615,85693.0
2026-02-02 12:30:00,3.615,3.634,3.612,3.628,40165.5
2026-02-02 12:45:00,3.628,3.656,3.627,3.648,85486.0
2026-02-02 13:00:00,3.648,3.657,3.641,3.656,68250.0
2026-02-02 13:15:00,3.656,3.674,3.643,3.649,95883.1
2026-02-02 13:30:00,3.65,3.67,3.646,3.66,61599.3
2026-02-02 13:45:00,3.661,3.681,3.654,3.669,72392.3
2026-02-02 14:00:00,3.669,3.683,3.646,3.663,119233.2
2026-02-02 14:15:00,3.662,3.7,3.652,3.69,119492.6
2026-02-02 14:30:00,3.69,3.781,3.69,3.768,364345.5
2026-02-02 14:45:00,3.769,3.812,3.71,3.715,499766.5
2026-02-02 15:00:00,3.715,3.74,3.692,3.732,169264.0
2026-02-02 15:15:00,3.732,3.763,3.719,3.743,129208.1
2026-02-02 15:30:00,3.744,3.758,3.713,3.738,133868.5
2026-02-02 15:45:00,3.738,3.75,3.716,3.727,48882.6
2026-02-02 16:00:00,3.727,3.727,3.705,3.713,88092.1
2026-02-02 16:15:00,3.714,3.725,3.7,3.725,79015.4
2026-02-02 16:30:00,3.725,3.725,3.708,3.717,47653.3
2026-02-02 16:45:00,3.717,3.717,3.687,3.696,69993.5
2026-02-02 17:00:00,3.696,3.722,3.693,3.709,59664.5
2026-02-02 17:15:00,3.709,3.723,3.703,3.707,41685.1
2026-02-02 17:30:00,3.708,3.713,3.674,3.681,75797.6
2026-02-02 17:45:00,3.681,3.689,3.668,3.685,45815.7
2026-02-02 18:00:00,3.685,3.691,3.67,3.677,44096.9
2026-02-02 18:15:00,3.677,3.683,3.665,3.675,48079.1
2026-02-02 18:30:00,3.675,3.711,3.675,3.698,82783.2
2026-02-02 18:45:00,3.698,3.706,3.696,3.7,39209.0
2026-02-02 19:00:00,3.701,3.709,3.694,3.702,37668.6
2026-02-02 19:15:00,3.702,3.704,3.687,3.693,22541.3
2026-02-02 19:30:00,3.693,3.698,3.686,3.697,24795.9
2026-02-02 19:45:00,3.697,3.699,3.683,3.683,31582.7
2026-02-02 20:00:00,3.683,3.693,3.672,3.679,44680.1
2026-02-02 20:15:00,3.679,3.688,3.675,3.678,31090.1
2026-02-02 20:30:00,3.678,3.678,3.661,3.667,36904.1
2026-02-02 20:45:00,3.667,3.681,3.661,3.671,54508.2
2026-02-02 21:00:00,3.67,3.695,3.669,3.686,34910.6
2026-02-02 21:15:00,3.686,3.688,3.67,3.672,16555.8
2026-02-02 21:30:00,3.672,3.684,3.672,3.675,33080.6
2026-02-02 21:45:00,3.674,3.682,3.674,3.678,16821.7
2026-02-02 22:00:00,3.677,3.69,3.677,3.682,27663.2
2026-02-02 22:15:00,3.682,3.682,3.671,3.678,14777.4
2026-02-02 22:30:00,3.678,3.693,3.676,3.692,18048.8
2026-02-02 22:45:00,3.692,3.693,3.682,3.687,12947.1
2026-02-02 23:00:00,3.688,3.69,3.673,3.676,26243.5
2026-02-02 23:15:00,3.676,3.68,3.656,3.658,109395.2
2026-02-02 23:30:00,3.657,3.668,3.656,3.664,57499.9
2026-02-02 23:45:00,3.664,3.667,3.65,3.654,34735.3
2026-02-03 00:00:00,3.655,3.666,3.628,3.642,114690.2
2026-02-03 00:15:00,3.641,3.656,3.64,3.655,28535.5
2026-02-03 00:30:00,3.655,3.656,3.641,3.652,42994.8
2026-02-03 00:45:00,3.652,3.66,3.644,3.657,33167.8
2026-02-03 01:00:00,3.657,3.661,3.64,3.646,32801.8
2026-02-03 01:15:00,3.645,3.655,3.635,3.652,37244.8
2026-02-03 01:30:00,3.651,3.651,3.64,3.65,24529.5
2026-02-03 01:45:00,3.651,3.654,3.643,3.652,20848.3
2026-02-03 02:00:00,3.653,3.653,3.619,3.625,43053.7
2026-02-03 02:15:00,3.624,3.633,3.616,3.624,38242.1
2026-02-03 02:30:00,3.624,3.627,3.608,3.617,58342.3
2026-02-03 02:45:00,3.616,3.617,3.593,3.595,98593.5
2026-02-03 03:00:00,3.595,3.616,3.583,3.607,91254.9
2026-02-03 03:15:00,3.608,3.621,3.593,3.62,61205.6
2026-02-03 03:30:00,3.62,3.654,3.619,3.65,63980.3
2026-02-03 03:45:00,3.65,3.675,3.645,3.668,71687.1
2026-02-03 04:00:00,3.668,3.678,3.657,3.676,40963.3
2026-02-03 04:15:00,3.676,3.676,3.663,3.666,36755.5
2026-02-03 04:30:00,3.666,3.705,3.665,3.703,54975.7
2026-02-03 04:45:00,3.704,3.705,3.691,3.692,67161.0
2026-02-03 05:00:00,3.693,3.695,3.668,3.669,30677.7
2026-02-03 05:15:00,3.67,3.683,3.667,3.671,35668.7
2026-02-03 05:30:00,3.671,3.676,3.67,3.674,31191.6
2026-02-03 05:45:00,3.673,3.677,3.658,3.664,24843.8
2026-02-03 06:00:00,3.664,3.668,3.64,3.644,64258.3
2026-02-03 06:15:00,3.644,3.679,3.635,3.671,105476.3
2026-02-03 06:30:00,3.671,3.679,3.662,3.664,34514.4
2026-02-03 06:45:00,3.665,3.685,3.664,3.677,27457.1
2026-02-03 07:00:00,3.677,3.691,3.664,3.68,47775.5
2026-02-03 07:15:00,3.68,3.686,3.668,3.67,39868.9
2026-02-03 07:30:00,3.671,3.696,3.668,3.685,38061.8
2026-02-03 07:45:00,3.685,3.686,3.676,3.679,22540.3
2026-02-03 08:00:00,3.681,3.685,3.664,3.668,42749.0
2026-02-03 08:15:00,3.668,3.699,3.665,3.69,58512.2
2026-02-03 08:30:00,3.69,3.703,3.682,3.7,47192.9
2026-02-03 08:45:00,3.7,3.702,3.673,3.675,46807.7
2026-02-03 09:00:00,3.676,3.688,3.638,3.644,206909.5
2026-02-03 09:15:00,3.644,3.65,3.619,3.62,234157.0
2026-02-03 09:30:00,3.62,3.654,3.619,3.645,142573.8
2026-02-03 09:45:00,3.645,3.649,3.638,3.643,51855.8
2026-02-03 10:00:00,3.644,3.661,3.638,3.658,55484.2
2026-02-03 10:15:00,3.659,3.665,3.651,3.661,18721.1
2026-02-03 10:30:00,3.661,3.661,3.631,3.638,73629.3
2026-02-03 10:45:00,3.637,3.642,3.633,3.638,18838.3
2026-02-03 11:00:00,3.638,3.647,3.633,3.636,42171.1
2026-02-03 11:15:00,3.635,3.648,3.631,3.647,67929.3
2026-02-03 11:30:00,3.646,3.661,3.644,3.654,47875.7
2026-02-03 11:45:00,3.654,3.663,3.651,3.655,46583.7
2026-02-03 12:00:00,3.655,3.679,3.643,3.668,54039.9
2026-02-03 12:15:00,3.667,3.674,3.657,3.672,21450.7
2026-02-03 12:30:00,3.672,3.677,3.664,3.671,25809.1
2026-02-03 12:45:00,3.67,3.685,3.67,3.68,31643.8
2026-02-03 13:00:00,3.68,3.693,3.671,3.685,45066.9
2026-02-03 13:15:00,3.685,3.695,3.675,3.693,56647.9
2026-02-03 13:30:00,3.695,3.695,3.679,3.682,23534.0
2026-02-03 13:45:00,3.682,3.698,3.676,3.689,41714.0
2026-02-03 14:00:00,3.689,3.695,3.682,3.684,43299.4
2026-02-03 14:15:00,3.684,3.696,3.665,3.685,58764.3
2026-02-03 14:30:00,3.686,3.686,3.632,3.643,219648.3
2026-02-03 14:45:00,3.643,3.663,3.607,3.607,207085.4
2026-02-03 15:00:00,3.607,3.644,3.597,3.61,154037.9
2026-02-03 15:15:00,3.609,3.693,3.604,3.67,338984.8
2026-02-03 15:30:00,3.671,3.703,3.651,3.662,254403.0
2026-02-03 15:45:00,3.663,3.734,3.656,3.724,193045.0
2026-02-03 16:00:00,3.724,3.726,3.674,3.684,184122.6
2026-02-03 16:15:00,3.682,3.683,3.646,3.653,249763.7
2026-02-03 16:30:00,3.652,3.66,3.63,3.643,177834.1
2026-02-03 16:45:00,3.644,3.654,3.632,3.64,89586.1
2026-02-03 17:00:00,3.64,3.647,3.602,3.608,111257.6
2026-02-03 17:15:00,3.608,3.63,3.602,3.616,100314.1
2026-02-03 17:30:00,3.615,3.617,3.567,3.568,120116.0
2026-02-03 17:45:00,3.569,3.595,3.553,3.555,180949.1
2026-02-03 18:00:00,3.555,3.576,3.535,3.536,309834.5
2026-02-03 18:15:00,3.536,3.548,3.493,3.504,559310.9
2026-02-03 18:30:00,3.503,3.524,3.487,3.495,162555.7
2026-02-03 18:45:00,3.495,3.501,3.468,3.471,186337.9
2026-02-03 19:00:00,3.47,3.596,3.458,3.585,337522.3
2026-02-03 19:15:00,3.585,3.631,3.576,3.614,221043.4
2026-02-03 19:30:00,3.613,3.661,3.61,3.632,199065.6
2026-02-03 19:45:00,3.632,3.644,3.612,3.639,109102.7
2026-02-03 20:00:00,3.639,3.643,3.6,3.612,80724.2
2026-02-03 20:15:00,3.612,3.704,3.604,3.686,261517.8
2026-02-03 20:30:00,3.685,3.809,3.685,3.767,763215.5
2026-02-03 20:45:00,3.767,3.796,3.743,3.756,237617.6
2026-02-03 21:00:00,3.756,3.786,3.746,3.762,242342.5
2026-02-03 21:15:00,3.763,3.765,3.707,3.711,88063.8
2026-02-03 21:30:00,3.711,3.716,3.686,3.691,85824.2
2026-02-03 21:45:00,3.692,3.696,3.674,3.677,48319.2
2026-02-03 22:00:00,3.677,3.68,3.637,3.637,85642.7
2026-02-03 22:15:00,3.638,3.644,3.618,3.64,119989.3
2026-02-03 22:30:00,3.64,3.653,3.632,3.632,42945.7
2026-02-03 22:45:00,3.631,3.631,3.592,3.605,85820.6
2026-02-03 23:00:00,3.605,3.608,3.567,3.599,114676.7
2026-02-03 23:15:00,3.599,3.601,3.574,3.574,57382.4
2026-02-03 23:30:00,3.574,3.588,3.568,3.575,87461.8
2026-02-03 23:45:00,3.575,3.586,3.546,3.58,96186.5
2026-02-04 00:00:00,3.579,3.583,3.566,3.567,51316.9
2026-02-04 00:15:00,3.567,3.598,3.567,3.596,90011.4
2026-02-04 00:30:00,3.596,3.624,3.596,3.611,56949.9
2026-02-04 00:45:00,3.611,3.62,3.6,3.604,55165.0
2026-02-04 01:00:00,3.605,3.661,3.605,3.659,97819.4
2026-02-04 01:15:00,3.659,3.661,3.642,3.645,30911.3
2026-02-04 01:30:00,3.645,3.649,3.639,3.643,42406.5
2026-02-04 01:45:00,3.644,3.644,3.621,3.628,54884.1
2026-02-04 02:00:00,3.628,3.634,3.621,3.63,33050.9
2026-02-04 02:15:00,3.631,3.637,3.611,3.615,53810.0
2026-02-04 02:30:00,3.615,3.62,3.597,3.612,44560.6
2026-02-04 02:45:00,3.612,3.617,3.598,3.607,30892.4
2026-02-04 03:00:00,3.608,3.653,3.605,3.644,91763.2
2026-02-04 03:15:00,3.644,3.646,3.625,3.627,25675.2
2026-02-04 03:30:00,3.627,3.666,3.625,3.649,86580.8
2026-02-04 03:45:00,3.65,3.656,3.645,3.651,31272.4
2026-02-04 04:00:00,3.651,3.666,3.645,3.664,46280.7
2026-02-04 04:15:00,3.664,3.665,3.649,3.656,33786.9
2026-02-04 04:30:00,3.655,3.661,3.649,3.651,26831.9
2026-02-04 04:45:00,3.65,3.655,3.644,3.648,34091.2
2026-02-04 05:00:00,3.648,3.655,3.646,3.653,26695.7
2026-02-04 05:15:00,3.652,3.657,3.641,3.653,21221.2
2026-02-04 05:30:00,3.653,3.653,3.642,3.644,28803.1
2026-02-04 05:45:00,3.645,3.652,3.623,3.636,46945.5
2026-02-04 06:00:00,3.637,3.664,3.63,3.661,39352.0
2026-02-04 06:15:00,3.661,3.663,3.642,3.646,22101.7
2026-02-04 06:30:00,3.646,3.667,3.642,3.665,37665.3
2026-02-04 06:45:00,3.664,3.673,3.661,3.664,39339.5
2026-02-04 07:00:00,3.664,3.668,3.645,3.666,50552.4
2026-02-04 07:15:00,3.666,3.671,3.656,3.67,46433.2
2026-02-04 07:30:00,3.67,3.688,3.665,3.682,53407.4
2026-02-04 07:45:00,3.683,3.685,3.664,3.667,28000.8
2026-02-04 08:00:00,3.667,3.669,3.652,3.654,60097.2
2026-02-04 08:15:00,3.654,3.664,3.639,3.643,59691.1
2026-02-04 08:30:00,3.643,3.655,3.64,3.654,22406.6
2026-02-04 08:45:00,3.654,3.671,3.654,3.666,26178.8
2026-02-04 09:00:00,3.666,3.668,3.649,3.649,50019.9
2026-02-04 09:15:00,3.649,3.652,3.636,3.639,58746.2
2026-02-04 09:30:00,3.64,3.645,3.624,3.633,66118.2
2026-02-04 09:45:00,3.634,3.639,3.629,3.63,41607.7
2026-02-04 10:00:00,3.631,3.634,3.627,3.632,38030.4
2026-02-04 10:15:00,3.632,3.64,3.63,3.637,31892.8
2026-02-04 10:30:00,3.637,3.645,3.629,3.63,30804.1
2026-02-04 10:45:00,3.631,3.64,3.629,3.637,22523.9
2026-02-04 11:00:00,3.637,3.637,3.585,3.599,217059.8
2026-02-04 11:15:00,3.599,3.626,3.591,3.615,65186.1
2026-02-04 11:30:00,3.614,3.643,3.611,3.623,71102.7
2026-02-04 11:45:00,3.623,3.631,3.618,3.626,41951.2
2026-02-04 12:00:00,3.626,3.629,3.622,3.628,21108.4
2026-02-04 12:15:00,3.627,3.636,3.607,3.608,55310.9
2026-02-04 12:30:00,3.608,3.619,3.606,3.613,26630.8
2026-02-04 12:45:00,3.613,3.618,3.608,3.615,27100.1
2026-02-04 13:00:00,3.615,3.622,3.605,3.617,32232.7
2026-02-04 13:15:00,3.617,3.62,3.596,3.598,59216.5
2026-02-04 13:30:00,3.597,3.603,3.575,3.579,132307.0
2026-02-04 13:45:00,3.58,3.585,3.549,3.55,136616.1
2026-02-04 14:00:00,3.55,3.572,3.546,3.564,89338.5
2026-02-04 14:15:00,3.564,3.568,3.547,3.551,52039.4
2026-02-04 14:30:00,3.551,3.581,3.51,3.547,338186.6
2026-02-04 14:45:00,3.547,3.578,3.506,3.509,160793.1
2026-02-04 15:00:00,3.509,3.555,3.491,3.54,283046.1
2026-02-04 15:15:00,3.539,3.562,3.519,3.53,120655.7
2026-02-04 15:30:00,3.53,3.534,3.461,3.504,253218.5
2026-02-04 15:45:00,3.503,3.51,3.474,3.503,140977.6
2026-02-04 16:00:00,3.503,3.53,3.483,3.508,203918.1
2026-02-04 16:15:00,3.508,3.513,3.464,3.494,293643.0
2026-02-04 16:30:00,3.494,3.497,3.429,3.452,325979.5
2026-02-04 16:45:00,3.451,3.494,3.443,3.483,107422.4
2026-02-04 17:00:00,3.483,3.497,3.453,3.483,294787.4
2026-02-04 17:15:00,3.484,3.507,3.443,3.447,203250.1
2026-02-04 17:30:00,3.447,3.497,3.444,3.486,316708.3
2026-02-04 17:45:00,3.486,3.507,3.469,3.495,91430.1
2026-02-04 18:00:00,3.495,3.497,3.447,3.453,244346.9
2026-02-04 18:15:00,3.452,3.515,3.437,3.492,308714.0
2026-02-04 18:30:00,3.492,3.573,3.478,3.564,337057.2
2026-02-04 18:45:00,3.565,3.565,3.519,3.52,143929.6
2026-02-04 19:00:00,3.521,3.549,3.515,3.515,90681.3
2026-02-04 19:15:00,3.516,3.534,3.497,3.507,83299.1
2026-02-04 19:30:00,3.507,3.546,3.507,3.545,55973.5
2026-02-04 19:45:00,3.544,3.599,3.54,3.594,172187.5
2026-02-04 20:00:00,3.593,3.597,3.558,3.56,116621.9
2026-02-04 20:15:00,3.561,3.579,3.556,3.564,52978.5
2026-02-04 20:30:00,3.565,3.566,3.539,3.539,35601.5
2026-02-04 20:45:00,3.539,3.55,3.532,3.545,40807.2
2026-02-04 21:00:00,3.545,3.557,3.52,3.529,69753.1
2026-02-04 21:15:00,3.529,3.531,3.502,3.514,70797.4
2026-02-04 21:30:00,3.515,3.525,3.487,3.495,104079.3
2026-02-04 21:45:00,3.495,3.508,3.473,3.506,81497.3
2026-02-04 22:00:00,3.506,3.507,3.438,3.464,134308.1
2026-02-04 22:15:00,3.465,3.556,3.464,3.553,83677.8
2026-02-04 22:30:00,3.553,3.555,3.481,3.488,65638.3
2026-02-04 22:45:00,3.487,3.505,3.471,3.478,42233.5
2026-02-04 23:00:00,3.477,3.485,3.46,3.481,77191.7
2026-02-04 23:15:00,3.481,3.534,3.474,3.517,178238.7
2026-02-04 23:30:00,3.518,3.539,3.513,3.519,110507.7
2026-02-04 23:45:00,3.52,3.526,3.502,3.504,63304.9
2026-02-05 00:00:00,3.503,3.506,3.489,3.491,50900.5
2026-02-05 00:15:00,3.491,3.521,3.487,3.517,41160.1
2026-02-05 00:30:00,3.517,3.517,3.485,3.503,40068.6
2026-02-05 00:45:00,3.502,3.512,3.494,3.495,25244.8
2026-02-05 01:00:00,3.496,3.523,3.488,3.516,40854.5
2026-02-05 01:15:00,3.515,3.547,3.471,3.541,152288.3
2026-02-05 01:30:00,3.541,3.56,3.502,3.526,190484.0
2026-02-05 01:45:00,3.526,3.528,3.506,3.507,42732.5
2026-02-05 02:00:00,3.507,3.512,3.48,3.48,89669.3
2026-02-05 02:15:00,3.481,3.52,3.474,3.509,112422.7
2026-02-05 02:30:00,3.509,3.541,3.506,3.527,95745.5
2026-02-05 02:45:00,3.526,3.527,3.471,3.478,112167.2
2026-02-05 03:00:00,3.478,3.508,3.468,3.488,95568.5
2026-02-05 03:15:00,3.487,3.506,3.463,3.49,78612.5
2026-02-05 03:30:00,3.488,3.488,3.467,3.473,98251.9
2026-02-05 03:45:00,3.474,3.477,3.461,3.468,41282.8
2026-02-05 04:00:00,3.468,3.497,3.45,3.461,129665.6
2026-02-05 04:15:00,3.461,3.483,3.451,3.462,99827.2
2026-02-05 04:30:00,3.462,3.49,3.45,3.483,82852.0
2026-02-05 04:45:00,3.483,3.484,3.456,3.464,54765.4
2026-02-05 05:00:00,3.464,3.475,3.443,3.464,80225.8
2026-02-05 05:15:00,3.464,3.469,3.414,3.443,159632.4
2026-02-05 05:30:00,3.443,3.505,3.431,3.494,159060.2
2026-02-05 05:45:00,3.494,3.497,3.46,3.462,112599.4
2026-02-05 06:00:00,3.463,3.467,3.434,3.444,120401.5
2026-02-05 06:15:00,3.444,3.452,3.421,3.426,64350.8
2026-02-05 06:30:00,3.426,3.446,3.425,3.437,54393.8
2026-02-05 06:45:00,3.438,3.446,3.413,3.424,77052.1
2026-02-05 07:00:00,3.424,3.471,3.418,3.427,165381.5
2026-02-05 07:15:00,3.426,3.464,3.422,3.452,68868.7
2026-02-05 07:30:00,3.452,3.454,3.416,3.428,93677.2
2026-02-05 07:45:00,3.429,3.433,3.412,3.419,53448.9
2026-02-05 08:00:00,3.419,3.442,3.419,3.43,73568.5
2026-02-05 08:15:00,3.431,3.448,3.425,3.444,63396.5
2026-02-05 08:30:00,3.443,3.468,3.443,3.454,66836.2
2026-02-05 08:45:00,3.454,3.465,3.443,3.444,33436.9
2026-02-05 09:00:00,3.445,3.49,3.445,3.473,139176.5
2026-02-05 09:15:00,3.473,3.488,3.456,3.46,59966.6
2026-02-05 09:30:00,3.46,3.461,3.437,3.438,60278.4
2026-02-05 09:45:00,3.438,3.444,3.434,3.439,28613.7
2026-02-05 10:00:00,3.438,3.441,3.413,3.427,72385.7
2026-02-05 10:15:00,3.428,3.445,3.427,3.429,39888.5
2026-02-05 10:30:00,3.429,3.434,3.401,3.404,104578.4
2026-02-05 10:45:00,3.404,3.407,3.356,3.37,307202.4
2026-02-05 11:00:00,3.37,3.387,3.341,3.344,152567.4
2026-02-05 11:15:00,3.345,3.363,3.291,3.297,347194.6
2026-02-05 11:30:00,3.297,3.372,3.296,3.36,193037.6
2026-02-05 11:45:00,3.361,3.364,3.328,3.337,90121.2
2026-02-05 12:00:00,3.337,3.357,3.327,3.334,146422.4
2026-02-05 12:15:00,3.334,3.346,3.296,3.33,590175.9
2026-02-05 12:30:00,3.329,3.345,3.313,3.32,159904.6
2026-02-05 12:45:00,3.32,3.335,3.302,3.323,201016.8
2026-02-05 13:00:00,3.323,3.355,3.32,3.33,106949.9
2026-02-05 13:15:00,3.33,3.333,3.306,3.311,117499.1
2026-02-05 13:30:00,3.311,3.334,3.31,3.319,110922.2
2026-02-05 13:45:00,3.32,3.32,3.294,3.301,82383.2
2026-02-05 14:00:00,3.302,3.351,3.302,3.315,229382.9
2026-02-05 14:15:00,3.314,3.335,3.301,3.331,82986.1
2026-02-05 14:30:00,3.332,3.385,3.322,3.362,292051.1
2026-02-05 14:45:00,3.362,3.38,3.303,3.311,172111.1
2026-02-05 15:00:00,3.311,3.325,3.184,3.191,619686.3
2026-02-05 15:15:00,3.192,3.24,3.108,3.118,1146645.4
2026-02-05 15:30:00,3.117,3.206,3.075,3.203,1034047.8
2026-02-05 15:45:00,3.202,3.253,3.164,3.176,515860.6
2026-02-05 16:00:00,3.176,3.191,3.139,3.153,358801.6
2026-02-05 16:15:00,3.153,3.24,3.144,3.217,497567.1
2026-02-05 16:30:00,3.218,3.242,3.174,3.181,194497.4
2026-02-05 16:45:00,3.181,3.236,3.15,3.189,307459.2
2026-02-05 17:00:00,3.19,3.34,3.15,3.164,1100662.6
2026-02-05 17:15:00,3.163,3.225,3.105,3.211,679666.5
2026-02-05 17:30:00,3.21,3.221,3.15,3.168,328420.3
2026-02-05 17:45:00,3.169,3.184,3.126,3.13,129738.2
2026-02-05 18:00:00,3.13,3.16,3.121,3.139,156825.2
2026-02-05 18:15:00,3.138,3.141,3.089,3.112,358815.1
2026-02-05 18:30:00,3.111,3.122,3.065,3.091,284152.7
2026-02-05 18:45:00,3.092,3.158,3.083,3.144,280314.1
2026-02-05 19:00:00,3.145,3.151,3.104,3.112,216730.0
2026-02-05 19:15:00,3.112,3.133,3.078,3.099,258107.4
2026-02-05 19:30:00,3.099,3.113,3.078,3.08,176713.8
2026-02-05 19:45:00,3.081,3.088,3.048,3.074,364669.4
2026-02-05 20:00:00,3.074,3.104,3.045,3.059,244250.4
2026-02-05 20:15:00,3.059,3.061,2.913,2.963,1294007.1
2026-02-05 20:30:00,2.964,3.048,2.944,3.021,726375.0
2026-02-05 20:45:00,3.021,3.026,2.935,2.976,478831.8
2026-02-05 21:00:00,2.975,3.067,2.97,2.98,567950.1
2026-02-05 21:15:00,2.98,3.04,2.938,3.026,391120.5
2026-02-05 21:30:00,3.027,3.043,2.977,2.991,208066.1
2026-02-05 21:45:00,2.991,3.009,2.961,2.979,154824.1
2026-02-05 22:00:00,2.98,3.025,2.956,3.0,373214.4
2026-02-05 22:15:00,3.0,3.05,2.945,3.038,487491.6
2026-02-05 22:30:00,3.04,3.066,2.999,3.019,160934.3
2026-02-05 22:45:00,3.02,3.047,3.009,3.009,57883.0
2026-02-05 23:00:00,3.01,3.08,3.002,3.066,185047.4
2026-02-05 23:15:00,3.065,3.071,3.022,3.042,81217.0
2026-02-05 23:30:00,3.041,3.055,2.982,2.992,154529.9
2026-02-05 23:45:00,2.991,3.005,2.966,2.978,155763.8
2026-02-06 00:00:00,2.978,2.995,2.733,2.761,1735433.0
2026-02-06 00:15:00,2.761,2.837,2.635,2.772,2369345.3
2026-02-06 00:30:00,2.772,2.968,2.761,2.929,840467.1
2026-02-06 00:45:00,2.929,2.982,2.907,2.934,433054.8
2026-02-06 01:00:00,2.933,3.016,2.919,2.985,446307.0
2026-02-06 01:15:00,2.987,3.027,2.986,3.002,256420.0
2026-02-06 01:30:00,3.003,3.04,2.99,3.021,194753.5
2026-02-06 01:45:00,3.02,3.069,3.016,3.06,222438.6
2026-02-06 02:00:00,3.061,3.085,3.018,3.027,208566.1
2026-02-06 02:15:00,3.027,3.032,2.969,2.991,186884.7
2026-02-06 02:30:00,2.991,3.03,2.987,3.014,127819.3
2026-02-06 02:45:00,3.013,3.019,2.975,2.996,97765.9
2026-02-06 03:00:00,2.996,3.02,2.973,2.975,119058.7
2026-02-06 03:15:00,2.974,2.998,2.967,2.988,86153.9
2026-02-06 03:30:00,2.988,3.019,2.986,3.002,67953.7
2026-02-06 03:45:00,3.003,3.018,2.986,3.011,67031.5
2026-02-06 04:00:00,3.011,3.02,2.991,3.012,66934.7
2026-02-06 04:15:00,3.011,3.056,3.01,3.041,58944.8
2026-02-06 04:30:00,3.04,3.05,3.021,3.03,73622.1
2026-02-06 04:45:00,3.031,3.044,3.031,3.036,45348.0
2026-02-06 05:00:00,3.036,3.082,3.031,3.076,107810.0
2026-02-06 05:15:00,3.075,3.078,3.051,3.063,59640.2
2026-02-06 05:30:00,3.064,3.104,3.063,3.101,109841.3
2026-02-06 05:45:00,3.1,3.137,3.094,3.124,143361.1
2026-02-06 06:00:00,3.125,3.138,3.113,3.113,143727.8
2026-02-06 06:15:00,3.113,3.117,3.085,3.099,69966.1
2026-02-06 06:30:00,3.1,3.102,3.059,3.067,160292.5
2026-02-06 06:45:00,3.067,3.077,3.052,3.057,90012.1
2026-02-06 07:00:00,3.057,3.06,3.026,3.04,94485.6
2026-02-06 07:15:00,3.04,3.051,3.024,3.049,89143.5
2026-02-06 07:30:00,3.048,3.083,3.046,3.072,82148.0
2026-02-06 07:45:00,3.072,3.078,3.05,3.062,100268.1
2026-02-06 08:00:00,3.062,3.09,3.055,3.072,142666.3
2026-02-06 08:15:00,3.072,3.073,3.046,3.052,159039.3
2026-02-06 08:30:00,3.052,3.059,3.029,3.04,115391.3
2026-02-06 08:45:00,3.039,3.064,3.037,3.053,56870.3
2026-02-06 09:00:00,3.052,3.061,3.042,3.052,137670.4
2026-02-06 09:15:00,3.052,3.081,3.042,3.08,168227.0
2026-02-06 09:30:00,3.079,3.119,3.076,3.117,115368.0
2026-02-06 09:45:00,3.117,3.145,3.102,3.134,135515.6
2026-02-06 10:00:00,3.135,3.148,3.125,3.142,125031.4
2026-02-06 10:15:00,3.143,3.18,3.143,3.161,116873.8
2026-02-06 10:30:00,3.161,3.174,3.154,3.174,97472.6
2026-02-06 10:45:00,3.174,3.18,3.163,3.176,76841.7
2026-02-06 11:00:00,3.176,3.188,3.173,3.186,105381.8
2026-02-06 11:15:00,3.186,3.193,3.166,3.178,84660.3
2026-02-06 11:30:00,3.178,3.204,3.177,3.191,95396.6
2026-02-06 11:45:00,3.191,3.217,3.182,3.194,131900.5
2026-02-06 12:00:00,3.194,3.194,3.171,3.185,106626.0
2026-02-06 12:15:00,3.184,3.185,3.147,3.167,210132.4
2026-02-06 12:30:00,3.167,3.18,3.16,3.173,77298.9
2026-02-06 12:45:00,3.174,3.187,3.162,3.186,101722.3
2026-02-06 13:00:00,3.187,3.203,3.181,3.195,140703.5
2026-02-06 13:15:00,3.195,3.212,3.178,3.192,124707.5
2026-02-06 13:30:00,3.192,3.211,3.188,3.203,123045.8
2026-02-06 13:45:00,3.203,3.214,3.195,3.201,81066.3
2026-02-06 14:00:00,3.201,3.207,3.184,3.2,82475.2
2026-02-06 14:15:00,3.199,3.201,3.175,3.2,54463.1
2026-02-06 14:30:00,3.199,3.258,3.196,3.25,398434.6
2026-02-06 14:45:00,3.25,3.278,3.227,3.253,251960.4
2026-02-06 15:00:00,3.253,3.253,3.218,3.219,163988.1
2026-02-06 15:15:00,3.218,3.247,3.216,3.239,104368.6
2026-02-06 15:30:00,3.24,3.269,3.236,3.261,124347.0
2026-02-06 15:45:00,3.261,3.274,3.253,3.262,145722.6
2026-02-06 16:00:00,3.261,3.302,3.249,3.298,249632.9
2026-02-06 16:15:00,3.298,3.331,3.286,3.316,293916.8
2026-02-06 16:30:00,3.315,3.339,3.31,3.329,178069.4
2026-02-06 16:45:00,3.33,3.349,3.31,3.319,170865.9
2026-02-06 17:00:00,3.319,3.34,3.302,3.332,132293.2
2026-02-06 17:15:00,3.332,3.367,3.329,3.362,251400.2
2026-02-06 17:30:00,3.362,3.384,3.339,3.367,260345.3
2026-02-06 17:45:00,3.366,3.376,3.333,3.342,136524.4
2026-02-06 18:00:00,3.342,3.345,3.276,3.294,224642.0
2026-02-06 18:15:00,3.293,3.295,3.26,3.271,81449.8
2026-02-06 18:30:00,3.271,3.304,3.266,3.29,75884.5
2026-02-06 18:45:00,3.289,3.3,3.275,3.278,65650.2
2026-02-06 19:00:00,3.278,3.286,3.255,3.259,92079.3
2026-02-06 19:15:00,3.26,3.279,3.249,3.264,73640.0
2026-02-06 19:30:00,3.264,3.276,3.257,3.268,55762.2
2026-02-06 19:45:00,3.268,3.289,3.267,3.281,87717.9
2026-02-06 20:00:00,3.28,3.285,3.249,3.252,128035.3
2026-02-06 20:15:00,3.251,3.262,3.24,3.258,42381.4
2026-02-06 20:30:00,3.257,3.298,3.254,3.271,156162.9
2026-02-06 20:45:00,3.27,3.28,3.251,3.257,68145.2
2026-02-06 21:00:00,3.257,3.26,3.232,3.247,85606.9
2026-02-06 21:15:00,3.248,3.273,3.244,3.268,32049.7
2026-02-06 21:30:00,3.268,3.269,3.247,3.26,48672.9
2026-02-06 21:45:00,3.259,3.267,3.257,3.266,24154.3
2026-02-06 22:00:00,3.267,3.319,3.263,3.293,363354.9
2026-02-06 22:15:00,3.294,3.309,3.29,3.303,44410.0
2026-02-06 22:30:00,3.302,3.331,3.301,3.305,62924.3
2026-02-06 22:45:00,3.306,3.329,3.302,3.314,44591.8
2026-02-06 23:00:00,3.314,3.332,3.293,3.295,67523.3
2026-02-06 23:15:00,3.295,3.297,3.275,3.291,61651.5
2026-02-06 23:30:00,3.291,3.306,3.283,3.284,43591.7
2026-02-06 23:45:00,3.283,3.291,3.276,3.288,28046.4
2026-02-07 00:00:00,3.287,3.288,3.263,3.284,75691.4
2026-02-07 00:15:00,3.283,3.29,3.26,3.261,54722.0
2026-02-07 00:30:00,3.26,3.264,3.243,3.244,51661.2
2026-02-07 00:45:00,3.244,3.272,3.244,3.257,53428.5
2026-02-07 01:00:00,3.256,3.257,3.231,3.233,37107.4
2026-02-07 01:15:00,3.234,3.255,3.231,3.246,52142.4
2026-02-07 01:30:00,3.245,3.259,3.237,3.249,42241.9
2026-02-07 01:45:00,3.248,3.275,3.248,3.265,45867.0
2026-02-07 02:00:00,3.265,3.267,3.251,3.263,29038.1
2026-02-07 02:15:00,3.262,3.272,3.259,3.263,29977.5
2026-02-07 02:30:00,3.262,3.266,3.252,3.256,29635.6
2026-02-07 02:45:00,3.255,3.259,3.242,3.258,44697.4
2026-02-07 03:00:00,3.258,3.298,3.254,3.288,86534.2
2026-02-07 03:15:00,3.288,3.3,3.282,3.295,32434.9
2026-02-07 03:30:00,3.295,3.301,3.284,3.296,56886.7
2026-02-07 03:45:00,3.296,3.296,3.281,3.281,53714.3
2026-02-07 04:00:00,3.281,3.308,3.277,3.302,88971.1
2026-02-07 04:15:00,3.302,3.317,3.284,3.286,58056.9
2026-02-07 04:30:00,3.286,3.303,3.265,3.267,37968.1
2026-02-07 04:45:00,3.267,3.274,3.262,3.269,22109.5
2026-02-07 05:00:00,3.269,3.279,3.268,3.276,16323.7
2026-02-07 05:15:00,3.276,3.29,3.264,3.264,47902.5
2026-02-07 05:30:00,3.265,3.273,3.259,3.267,24148.2
2026-02-07 05:45:00,3.266,3.268,3.253,3.264,20800.0
2026-02-07 06:00:00,3.264,3.28,3.261,3.273,33565.3
2026-02-07 06:15:00,3.273,3.276,3.255,3.27,20632.2
2026-02-07 06:30:00,3.269,3.276,3.259,3.262,32113.5
2026-02-07 06:45:00,3.261,3.262,3.207,3.208,98458.1
2026-02-07 07:00:00,3.207,3.223,3.166,3.167,170197.1
2026-02-07 07:15:00,3.168,3.181,3.13,3.174,356806.0
2026-02-07 07:30:00,3.175,3.201,3.147,3.183,212047.8
2026-02-07 07:45:00,3.184,3.184,3.157,3.157,71940.8
2026-02-07 08:00:00,3.156,3.166,3.141,3.155,126743.6
2026-02-07 08:15:00,3.155,3.167,3.141,3.158,77408.3
2026-02-07 08:30:00,3.158,3.176,3.154,3.166,94908.6
2026-02-07 08:45:00,3.166,3.179,3.165,3.169,36332.3
2026-02-07 09:00:00,3.17,3.187,3.169,3.185,43425.1
2026-02-07 09:15:00,3.185,3.185,3.162,3.167,39885.2
2026-02-07 09:30:00,3.167,3.172,3.154,3.164,49731.6
2026-02-07 09:45:00,3.164,3.167,3.156,3.166,43040.0
2026-02-07 10:00:00,3.166,3.177,3.158,3.162,86934.3
2026-02-07 10:15:00,3.162,3.167,3.158,3.161,27136.4
2026-02-07 10:30:00,3.161,3.163,3.142,3.153,30434.9
2026-02-07 10:45:00,3.153,3.164,3.146,3.161,35634.6
2026-02-07 11:00:00,3.161,3.168,3.157,3.158,31324.7
2026-02-07 11:15:00,3.159,3.168,3.157,3.161,23856.3
2026-02-07 11:30:00,3.162,3.172,3.161,3.164,66872.2
2026-02-07 11:45:00,3.164,3.177,3.164,3.171,31187.8
2026-02-07 12:00:00,3.171,3.233,3.166,3.223,166465.5
2026-02-07 12:15:00,3.223,3.285,3.218,3.258,184660.6
2026-02-07 12:30:00,3.257,3.29,3.255,3.258,164504.1
2026-02-07 12:45:00,3.259,3.265,3.247,3.257,59570.5
2026-02-07 13:00:00,3.258,3.274,3.243,3.247,57977.7
2026-02-07 13:15:00,3.248,3.255,3.244,3.246,27291.2
2026-02-07 13:30:00,3.247,3.248,3.224,3.229,68393.6
2026-02-07 13:45:00,3.23,3.248,3.23,3.242,67194.3
2026-02-07 14:00:00,3.243,3.246,3.228,3.231,37392.5
2026-02-07 14:15:00,3.232,3.243,3.223,3.234,29396.0
2026-02-07 14:30:00,3.233,3.236,3.205,3.217,125432.4
2026-02-07 14:45:00,3.218,3.22,3.195,3.202,72559.1
2026-02-07 15:00:00,3.203,3.227,3.195,3.224,76101.3
2026-02-07 15:15:00,3.225,3.25,3.216,3.245,131650.0
2026-02-07 15:30:00,3.246,3.266,3.239,3.248,75073.6
2026-02-07 15:45:00,3.248,3.254,3.237,3.253,40230.7
2026-02-07 16:00:00,3.254,3.36,3.249,3.325,2062608.9
2026-02-07 16:15:00,3.325,3.358,3.263,3.297,852781.1
2026-02-07 16:30:00,3.297,3.303,3.28,3.29,96377.3
2026-02-07 16:45:00,3.289,3.29,3.272,3.278,43504.9
2026-02-07 17:00:00,3.277,3.284,3.259,3.267,62453.2
2026-02-07 17:15:00,3.268,3.282,3.262,3.281,41256.9
2026-02-07 17:30:00,3.28,3.299,3.267,3.291,70551.5
2026-02-07 17:45:00,3.291,3.292,3.276,3.284,22007.0
2026-02-07 18:00:00,3.283,3.29,3.279,3.279,26861.4
2026-02-07 18:15:00,3.279,3.328,3.279,3.325,81095.5
2026-02-07 18:30:00,3.325,3.351,3.319,3.334,67932.3
2026-02-07 18:45:00,3.333,3.343,3.319,3.323,36427.7
2026-02-07 19:00:00,3.322,3.322,3.3,3.303,42651.8
2026-02-07 19:15:00,3.304,3.306,3.297,3.298,35692.2
2026-02-07 19:30:00,3.299,3.299,3.282,3.292,41726.9
2026-02-07 19:45:00,3.292,3.295,3.283,3.287,20868.2
2026-02-07 20:00:00,3.287,3.294,3.28,3.285,36842.4
2026-02-07 20:15:00,3.285,3.292,3.28,3.287,19981.8
2026-02-07 20:30:00,3.288,3.293,3.278,3.286,28381.0
2026-02-07 20:45:00,3.286,3.308,3.285,3.299,59228.6
2026-02-07 21:00:00,3.299,3.308,3.288,3.296,28519.6
2026-02-07 21:15:00,3.296,3.312,3.293,3.302,60543.4
2026-02-07 21:30:00,3.302,3.307,3.296,3.296,16698.7
2026-02-07 21:45:00,3.295,3.296,3.289,3.295,18805.8
2026-02-07 22:00:00,3.295,3.313,3.293,3.299,34674.6
2026-02-07 22:15:00,3.298,3.308,3.291,3.307,29217.5
2026-02-07 22:30:00,3.307,3.307,3.294,3.3,24530.6
2026-02-07 22:45:00,3.3,3.3,3.292,3.295,16877.4
2026-02-07 23:00:00,3.296,3.299,3.269,3.281,104376.5
2026-02-07 23:15:00,3.281,3.288,3.268,3.28,38235.1
2026-02-07 23:30:00,3.28,3.288,3.278,3.287,15741.3
2026-02-07 23:45:00,3.286,3.292,3.28,3.281,18486.7
2026-02-08 00:00:00,3.282,3.29,3.27,3.275,62712.8
2026-02-08 00:15:00,3.275,3.276,3.255,3.263,54812.0
2026-02-08 00:30:00,3.263,3.274,3.261,3.264,19738.6
2026-02-08 00:45:00,3.264,3.276,3.262,3.273,15264.1
2026-02-08 01:00:00,3.272,3.29,3.272,3.288,38583.9
2026-02-08 01:15:00,3.288,3.288,3.266,3.269,22080.4
2026-02-08 01:30:00,3.269,3.28,3.267,3.271,19456.4
2026-02-08 01:45:00,3.27,3.275,3.263,3.275,16766.1
2026-02-08 02:00:00,3.275,3.278,3.267,3.272,25827.0
2026-02-08 02:15:00,3.271,3.282,3.263,3.264,26623.0
2026-02-08 02:30:00,3.265,3.267,3.248,3.255,35817.1
2026-02-08 02:45:00,3.254,3.258,3.248,3.258,42702.0
2026-02-08 03:00:00,3.258,3.265,3.245,3.248,52648.2
2026-02-08 03:15:00,3.248,3.255,3.239,3.251,56862.6
2026-02-08 03:30:00,3.25,3.259,3.247,3.251,28282.1
2026-02-08 03:45:00,3.251,3.253,3.238,3.24,25570.1
2026-02-08 04:00:00,3.238,3.248,3.231,3.234,37107.8
2026-02-08 04:15:00,3.233,3.25,3.225,3.247,41626.9
2026-02-08 04:30:00,3.246,3.248,3.231,3.233,17229.8
2026-02-08 04:45:00,3.233,3.24,3.229,3.24,30335.0
2026-02-08 05:00:00,3.239,3.247,3.232,3.245,25653.6
2026-02-08 05:15:00,3.245,3.247,3.238,3.238,12135.9
2026-02-08 05:30:00,3.238,3.238,3.227,3.229,18384.3
2026-02-08 05:45:00,3.23,3.232,3.225,3.231,11442.1
2026-02-08 06:00:00,3.231,3.236,3.222,3.236,18961.6
2026-02-08 06:15:00,3.235,3.236,3.227,3.229,17789.5
2026-02-08 06:30:00,3.229,3.23,3.218,3.223,15309.5
2026-02-08 06:45:00,3.224,3.227,3.214,3.22,26036.3
2026-02-08 07:00:00,3.221,3.227,3.21,3.218,26720.8
2026-02-08 07:15:00,3.218,3.221,3.203,3.211,18738.4
2026-02-08 07:30:00,3.211,3.22,3.207,3.21,25187.8
2026-02-08 07:45:00,3.21,3.227,3.21,3.226,34662.6
2026-02-08 08:00:00,3.226,3.241,3.221,3.225,75235.0
2026-02-08 08:15:00,3.226,3.262,3.215,3.255,68938.9
2026-02-08 08:30:00,3.255,3.277,3.242,3.253,112170.2
2026-02-08 08:45:00,3.254,3.274,3.251,3.27,41828.8
2026-02-08 09:00:00,3.271,3.281,3.259,3.262,44037.6
2026-02-08 09:15:00,3.262,3.263,3.252,3.253,35770.9
2026-02-08 09:30:00,3.254,3.263,3.228,3.229,82260.3
2026-02-08 09:45:00,3.229,3.241,3.228,3.231,37647.1
2026-02-08 10:00:00,3.232,3.245,3.23,3.231,45374.2
2026-02-08 10:15:00,3.232,3.236,3.197,3.205,92753.1
2026-02-08 10:30:00,3.205,3.211,3.199,3.207,31014.5
2026-02-08 10:45:00,3.207,3.217,3.205,3.209,20357.1
2026-02-08 11:00:00,3.208,3.23,3.206,3.23,32257.9
2026-02-08 11:15:00,3.23,3.25,3.23,3.239,55133.9
2026-02-08 11:30:00,3.238,3.268,3.237,3.256,101742.1
2026-02-08 11:45:00,3.257,3.266,3.247,3.26,109223.6
2026-02-08 12:00:00,3.261,3.262,3.245,3.247,56895.6
2026-02-08 12:15:00,3.247,3.26,3.241,3.257,61848.2
2026-02-08 12:30:00,3.257,3.257,3.232,3.235,25979.4
2026-02-08 12:45:00,3.235,3.252,3.233,3.25,103052.3
2026-02-08 13:00:00,3.251,3.256,3.225,3.23,117379.8
2026-02-08 13:15:00,3.23,3.255,3.227,3.248,71372.1
2026-02-08 13:30:00,3.248,3.25,3.229,3.231,82571.3
2026-02-08 13:45:00,3.232,3.249,3.232,3.248,55573.5
2026-02-08 14:00:00,3.248,3.253,3.238,3.239,29777.9
2026-02-08 14:15:00,3.239,3.245,3.229,3.243,53653.2
2026-02-08 14:30:00,3.244,3.259,3.243,3.251,32441.0
2026-02-08 14:45:00,3.251,3.258,3.244,3.257,63535.5
2026-02-08 15:00:00,3.257,3.26,3.247,3.253,56691.1
2026-02-08 15:15:00,3.253,3.253,3.203,3.209,124565.9
2026-02-08 15:30:00,3.208,3.222,3.206,3.215,45385.4
2026-02-08 15:45:00,3.216,3.218,3.204,3.217,32552.5
2026-02-08 16:00:00,3.217,3.223,3.207,3.212,50354.9
2026-02-08 16:15:00,3.213,3.223,3.212,3.214,19205.9
2026-02-08 16:30:00,3.214,3.214,3.174,3.179,61144.7
2026-02-08 16:45:00,3.178,3.18,3.136,3.148,166362.8
2026-02-08 17:00:00,3.147,3.17,3.146,3.163,78896.6
2026-02-08 17:15:00,3.162,3.179,3.155,3.164,44368.2
2026-02-08 17:30:00,3.164,3.175,3.164,3.171,27226.8
2026-02-08 17:45:00,3.17,3.179,3.163,3.175,26315.2
2026-02-08 18:00:00,3.175,3.197,3.175,3.194,69929.3
2026-02-08 18:15:00,3.193,3.199,3.186,3.192,33295.2
2026-02-08 18:30:00,3.191,3.23,3.191,3.216,85865.7
2026-02-08 18:45:00,3.216,3.223,3.209,3.21,40135.3
2026-02-08 19:00:00,3.21,3.215,3.202,3.206,33199.6
2026-02-08 19:15:00,3.207,3.213,3.203,3.204,19539.4
2026-02-08 19:30:00,3.204,3.212,3.201,3.211,17995.8
2026-02-08 19:45:00,3.211,3.22,3.202,3.215,37194.3
2026-02-08 20:00:00,3.214,3.214,3.187,3.194,54438.5
2026-02-08 20:15:00,3.194,3.201,3.175,3.184,86368.3
2026-02-08 20:30:00,3.184,3.188,3.181,3.184,28632.4
2026-02-08 20:45:00,3.184,3.188,3.172,3.178,45894.0
2026-02-08 21:00:00,3.177,3.189,3.173,3.182,45743.8
2026-02-08 21:15:00,3.183,3.186,3.178,3.181,22143.5
2026-02-08 21:30:00,3.181,3.183,3.153,3.158,46874.3
2026-02-08 21:45:00,3.158,3.173,3.154,3.169,30507.8
2026-02-08 22:00:00,3.169,3.181,3.169,3.181,37796.1
2026-02-08 22:15:00,3.181,3.187,3.178,3.179,17345.9
2026-02-08 22:30:00,3.179,3.181,3.166,3.18,34567.9
2026-02-08 22:45:00,3.18,3.192,3.179,3.19,16855.3
2026-02-08 23:00:00,3.19,3.257,3.19,3.211,127859.9
2026-02-08 23:15:00,3.21,3.216,3.172,3.185,148401.0
2026-02-08 23:30:00,3.184,3.19,3.154,3.189,107318.4
2026-02-08 23:45:00,3.188,3.212,3.185,3.188,67731.7
2026-02-09 00:00:00,3.189,3.2,3.181,3.196,72853.7
2026-02-09 00:15:00,3.196,3.207,3.183,3.183,49107.2
2026-02-09 00:30:00,3.185,3.195,3.175,3.184,48794.9
2026-02-09 00:45:00,3.184,3.202,3.174,3.198,101450.7
2026-02-09 01:00:00,3.197,3.21,3.188,3.192,60183.4
2026-02-09 01:15:00,3.193,3.226,3.188,3.214,58620.6
2026-02-09 01:30:00,3.215,3.215,3.172,3.182,61696.3
2026-02-09 01:45:00,3.182,3.203,3.178,3.19,68494.9
2026-02-09 02:00:00,3.19,3.194,3.18,3.184,48436.4
2026-02-09 02:15:00,3.184,3.19,3.182,3.189,13629.2
2026-02-09 02:30:00,3.188,3.226,3.188,3.222,37693.9
2026-02-09 02:45:00,3.222,3.224,3.208,3.208,25386.8
2026-02-09 03:00:00,3.209,3.215,3.205,3.208,20962.1
2026-02-09 03:15:00,3.208,3.218,3.206,3.215,22695.1
2026-02-09 03:30:00,3.215,3.24,3.215,3.234,39143.0
2026-02-09 03:45:00,3.234,3.241,3.228,3.237,33369.3
2026-02-09 04:00:00,3.237,3.237,3.218,3.222,24008.2
2026-02-09 04:15:00,3.222,3.227,3.218,3.223,18514.8
2026-02-09 04:30:00,3.223,3.227,3.214,3.219,71756.3
2026-02-09 04:45:00,3.219,3.226,3.217,3.219,17987.9
2026-02-09 05:00:00,3.218,3.22,3.212,3.214,24188.6
2026-02-09 05:15:00,3.215,3.23,3.215,3.23,17410.3
2026-02-09 05:30:00,3.23,3.238,3.23,3.232,20268.1
2026-02-09 05:45:00,3.232,3.239,3.227,3.235,39329.3
2026-02-09 06:00:00,3.235,3.235,3.214,3.217,47861.0
2026-02-09 06:15:00,3.218,3.218,3.188,3.192,58653.0
2026-02-09 06:30:00,3.193,3.198,3.188,3.196,21389.0
2026-02-09 06:45:00,3.195,3.206,3.195,3.2,18687.2
2026-02-09 07:00:00,3.2,3.207,3.193,3.202,22034.8
2026-02-09 07:15:00,3.202,3.204,3.194,3.198,19997.2
2026-02-09 07:30:00,3.198,3.198,3.174,3.178,102738.6
2026-02-09 07:45:00,3.179,3.182,3.171,3.176,24840.1
2026-02-09 08:00:00,3.177,3.179,3.169,3.17,69738.0
2026-02-09 08:15:00,3.17,3.172,3.145,3.147,93064.5
2026-02-09 08:30:00,3.147,3.151,3.121,3.145,131939.2
2026-02-09 08:45:00,3.144,3.151,3.14,3.145,53129.8
2026-02-09 09:00:00,3.145,3.15,3.135,3.136,54376.2
2026-02-09 09:15:00,3.136,3.138,3.127,3.132,36302.9
2026-02-09 09:30:00,3.132,3.134,3.111,3.117,55333.6
2026-02-09 09:45:00,3.116,3.123,3.11,3.118,27131.3
2026-02-09 10:00:00,3.118,3.125,3.11,3.11,37152.9
2026-02-09 10:15:00,3.111,3.111,3.077,3.081,98652.6
2026-02-09 10:30:00,3.081,3.081,3.052,3.058,121736.9
2026-02-09 10:45:00,3.058,3.068,3.051,3.064,57943.8
2026-02-09 11:00:00,3.064,3.089,3.064,3.072,82265.5
2026-02-09 11:15:00,3.072,3.093,3.067,3.085,144330.2
2026-02-09 11:30:00,3.085,3.1,3.085,3.093,78257.5
2026-02-09 11:45:00,3.093,3.097,3.086,3.097,37669.4
2026-02-09 12:00:00,3.096,3.108,3.093,3.107,70835.9
2026-02-09 12:15:00,3.106,3.111,3.103,3.109,38934.9
2026-02-09 12:30:00,3.109,3.125,3.107,3.119,36080.4
2026-02-09 12:45:00,3.12,3.122,3.108,3.112,19093.0
2026-02-09 13:00:00,3.112,3.134,3.105,3.13,112357.1
2026-02-09 13:15:00,3.13,3.131,3.118,3.121,32752.5
2026-02-09 13:30:00,3.121,3.126,3.11,3.117,38490.8
2026-02-09 13:45:00,3.116,3.118,3.096,3.097,67642.6
2026-02-09 14:00:00,3.097,3.105,3.09,3.098,64938.6
2026-02-09 14:15:00,3.098,3.109,3.091,3.105,44746.1
2026-02-09 14:30:00,3.104,3.159,3.092,3.135,169405.0
2026-02-09 14:45:00,3.134,3.156,3.13,3.147,66125.2
2026-02-09 15:00:00,3.146,3.178,3.146,3.15,212326.2
2026-02-09 15:15:00,3.151,3.155,3.108,3.112,168154.8
2026-02-09 15:30:00,3.112,3.16,3.109,3.153,166547.3
2026-02-09 15:45:00,3.154,3.159,3.135,3.159,211211.9
2026-02-09 16:00:00,3.157,3.16,3.131,3.138,135665.3
2026-02-09 16:15:00,3.138,3.154,3.131,3.152,80450.3
2026-02-09 16:30:00,3.151,3.186,3.139,3.179,85680.1
2026-02-09 16:45:00,3.178,3.209,3.174,3.177,138492.2
2026-02-09 17:00:00,3.177,3.187,3.154,3.156,90895.0
2026-02-09 17:15:00,3.157,3.167,3.145,3.154,125941.1
2026-02-09 17:30:00,3.154,3.217,3.154,3.209,167764.8
2026-02-09 17:45:00,3.208,3.213,3.195,3.2,55256.9
2026-02-09 18:00:00,3.201,3.209,3.181,3.182,55038.1
2026-02-09 18:15:00,3.182,3.185,3.156,3.166,68405.5
2026-02-09 18:30:00,3.167,3.185,3.163,3.179,41920.2
2026-02-09 18:45:00,3.178,3.187,3.17,3.177,25337.5
2026-02-09 19:00:00,3.176,3.179,3.165,3.167,35801.2
2026-02-09 19:15:00,3.168,3.173,3.161,3.168,25071.9
2026-02-09 19:30:00,3.167,3.185,3.166,3.178,50636.1
2026-02-09 19:45:00,3.177,3.188,3.173,3.183,33293.0
2026-02-09 20:00:00,3.181,3.192,3.17,3.182,99661.8
2026-02-09 20:15:00,3.182,3.182,3.157,3.159,28904.3
2026-02-09 20:30:00,3.158,3.176,3.156,3.175,25971.3
2026-02-09 20:45:00,3.174,3.179,3.165,3.174,63595.4
2026-02-09 21:00:00,3.174,3.176,3.163,3.166,33920.6
2026-02-09 21:15:00,3.165,3.169,3.161,3.165,23915.1
2026-02-09 21:30:00,3.165,3.166,3.134,3.144,109230.9
2026-02-09 21:45:00,3.145,3.176,3.133,3.167,153425.7
2026-02-09 22:00:00,3.167,3.186,3.163,3.185,73162.2
2026-02-09 22:15:00,3.184,3.184,3.165,3.171,46910.3
2026-02-09 22:30:00,3.171,3.173,3.164,3.168,21411.5
2026-02-09 22:45:00,3.168,3.171,3.162,3.165,7183.4
2026-02-09 23:00:00,3.164,3.173,3.156,3.162,46095.8
2026-02-09 23:15:00,3.162,3.164,3.153,3.155,13846.7
2026-02-09 23:30:00,3.155,3.16,3.154,3.155,13456.5
2026-02-09 23:45:00,3.155,3.155,3.145,3.151,18606.5
2026-02-10 00:00:00,3.151,3.158,3.145,3.151,34455.0
2026-02-10 00:15:00,3.151,3.157,3.142,3.147,30754.7
2026-02-10 00:30:00,3.147,3.155,3.143,3.148,40972.3
2026-02-10 00:45:00,3.147,3.151,3.142,3.148,23298.4
2026-02-10 01:00:00,3.148,3.161,3.146,3.158,18857.0
2026-02-10 01:15:00,3.157,3.171,3.153,3.167,26865.4
2026-02-10 01:30:00,3.166,3.172,3.158,3.166,32192.1
2026-02-10 01:45:00,3.167,3.17,3.161,3.164,17535.1
2026-02-10 02:00:00,3.165,3.165,3.156,3.157,16664.0
2026-02-10 02:15:00,3.157,3.166,3.151,3.152,25865.0
2026-02-10 02:30:00,3.152,3.156,3.146,3.147,23139.8
2026-02-10 02:45:00,3.147,3.154,3.144,3.152,16031.3
2026-02-10 03:00:00,3.152,3.154,3.128,3.133,62851.8
2026-02-10 03:15:00,3.132,3.135,3.099,3.103,136179.2
2026-02-10 03:30:00,3.101,3.106,3.078,3.098,102865.9
2026-02-10 03:45:00,3.098,3.111,3.096,3.109,25684.8
2026-02-10 04:00:00,3.108,3.126,3.105,3.126,33257.4
2026-02-10 04:15:00,3.125,3.128,3.118,3.127,38465.7
2026-02-10 04:30:00,3.126,3.128,3.116,3.121,21326.1
2026-02-10 04:45:00,3.121,3.133,3.12,3.13,11445.7
2026-02-10 05:00:00,3.13,3.13,3.123,3.13,18191.1
2026-02-10 05:15:00,3.129,3.129,3.116,3.117,24097.6
2026-02-10 05:30:00,3.116,3.125,3.102,3.106,43528.6
2026-02-10 05:45:00,3.105,3.106,3.093,3.103,24391.8
2026-02-10 06:00:00,3.102,3.109,3.096,3.099,54303.1
2026-02-10 06:15:00,3.098,3.103,3.085,3.091,51253.5
2026-02-10 06:30:00,3.09,3.097,3.078,3.081,63211.0
2026-02-10 06:45:00,3.08,3.082,3.039,3.05,355890.8
2026-02-10 07:00:00,3.05,3.075,3.049,3.064,98236.3
2026-02-10 07:15:00,3.063,3.065,3.053,3.063,43817.5
2026-02-10 07:30:00,3.062,3.065,3.056,3.058,31066.6
2026-02-10 07:45:00,3.057,3.066,3.054,3.063,26256.5
2026-02-10 08:00:00,3.063,3.065,3.054,3.055,51787.5
2026-02-10 08:15:00,3.055,3.07,3.049,3.063,44601.5
2026-02-10 08:30:00,3.063,3.07,3.055,3.064,41422.2
2026-02-10 08:45:00,3.064,3.069,3.062,3.067,28947.9
2026-02-10 09:00:00,3.067,3.083,3.065,3.075,55547.7
2026-02-10 09:15:00,3.076,3.079,3.071,3.072,27670.2
2026-02-10 09:30:00,3.072,3.075,3.068,3.072,27275.3
2026-02-10 09:45:00,3.072,3.077,3.054,3.064,67618.6
2026-02-10 10:00:00,3.065,3.071,3.06,3.063,27822.0
2026-02-10 10:15:00,3.064,3.073,3.056,3.063,26567.0
2026-02-10 10:30:00,3.063,3.063,3.052,3.052,20545.5
2026-02-10 10:45:00,3.053,3.059,3.053,3.057,23359.7
2026-02-10 11:00:00,3.058,3.067,3.057,3.063,39667.7
2026-02-10 11:15:00,3.063,3.067,3.06,3.063,25830.6
2026-02-10 11:30:00,3.064,3.07,3.051,3.058,70951.6
2026-02-10 11:45:00,3.058,3.062,3.048,3.049,97499.4
2026-02-10 12:00:00,3.05,3.059,3.043,3.043,92089.6
2026-02-10 12:15:00,3.044,3.049,3.039,3.046,33916.6
2026-02-10 12:30:00,3.046,3.051,3.034,3.037,54537.8
2026-02-10 12:45:00,3.037,3.041,3.036,3.038,29914.8
2026-02-10 13:00:00,3.038,3.046,3.031,3.04,97868.1
2026-02-10 13:15:00,3.04,3.045,3.035,3.042,31797.4
2026-02-10 13:30:00,3.041,3.061,3.039,3.058,110812.6
2026-02-10 13:45:00,3.059,3.062,3.051,3.056,46838.4
2026-02-10 14:00:00,3.057,3.061,3.053,3.059,34851.7
2026-02-10 14:15:00,3.06,3.082,3.06,3.061,124749.9
2026-02-10 14:30:00,3.061,3.079,3.028,3.048,138272.3
2026-02-10 14:45:00,3.048,3.056,3.028,3.044,85740.0
2026-02-10 15:00:00,3.044,3.069,3.033,3.04,101418.5
2026-02-10 15:15:00,3.04,3.067,3.035,3.057,50675.1
2026-02-10 15:30:00,3.057,3.076,3.055,3.058,69911.6
2026-02-10 15:45:00,3.058,3.062,3.042,3.054,78413.9
2026-02-10 16:00:00,3.054,3.075,3.038,3.072,65192.5
2026-02-10 16:15:00,3.072,3.078,3.049,3.053,93118.8
2026-02-10 16:30:00,3.053,3.074,3.045,3.065,80011.3
2026-02-10 16:45:00,3.065,3.069,3.053,3.061,33492.5
2026-02-10 17:00:00,3.061,3.064,3.049,3.053,63333.0
2026-02-10 17:15:00,3.053,3.073,3.05,3.065,31409.5
2026-02-10 17:30:00,3.064,3.085,3.062,3.075,102861.0
2026-02-10 17:45:00,3.075,3.076,3.062,3.069,22296.8
2026-02-10 18:00:00,3.069,3.073,3.052,3.055,40491.3
2026-02-10 18:15:00,3.055,3.064,3.025,3.026,85595.6
2026-02-10 18:30:00,3.027,3.033,3.015,3.026,78526.6
2026-02-10 18:45:00,3.027,3.028,3.003,3.016,117364.3
2026-02-10 19:00:00,3.015,3.017,3.005,3.009,58498.0
2026-02-10 19:15:00,3.009,3.009,2.997,3.009,51883.5
2026-02-10 19:30:00,3.01,3.039,3.01,3.028,93808.5
2026-02-10 19:45:00,3.027,3.031,3.019,3.02,51148.5
2026-02-10 20:00:00,3.02,3.024,3.005,3.006,45483.0
2026-02-10 20:15:00,3.006,3.015,3.006,3.01,31886.9
2026-02-10 20:30:00,3.009,3.033,3.009,3.031,43324.2
2026-02-10 20:45:00,3.032,3.039,3.024,3.031,53047.9
2026-02-10 21:00:00,3.029,3.036,3.024,3.026,55454.1
2026-02-10 21:15:00,3.026,3.032,3.015,3.015,29356.7
2026-02-10 21:30:00,3.015,3.016,3.004,3.012,38119.5
2026-02-10 21:45:00,3.012,3.029,3.011,3.02,39907.3
2026-02-10 22:00:00,3.021,3.032,3.021,3.028,32524.6
2026-02-10 22:15:00,3.029,3.04,3.027,3.038,21891.0
2026-02-10 22:30:00,3.037,3.053,3.035,3.044,43219.5
2026-02-10 22:45:00,3.045,3.047,3.036,3.038,18397.8
2026-02-10 23:00:00,3.037,3.041,3.029,3.038,41635.4
2026-02-10 23:15:00,3.038,3.044,3.036,3.041,16966.5
2026-02-10 23:30:00,3.04,3.048,3.039,3.041,25211.6
2026-02-10 23:45:00,3.04,3.043,3.035,3.042,26935.5
2026-02-11 00:00:00,3.042,3.05,3.041,3.047,31936.5
2026-02-11 00:15:00,3.046,3.062,3.046,3.059,32472.4
2026-02-11 00:30:00,3.06,3.062,3.052,3.059,22738.8
2026-02-11 00:45:00,3.058,3.072,3.056,3.064,52699.6
2026-02-11 01:00:00,3.065,3.068,3.059,3.068,26036.2
2026-02-11 01:15:00,3.068,3.072,3.06,3.062,24220.7
2026-02-11 01:30:00,3.062,3.08,3.062,3.08,34074.3
2026-02-11 01:45:00,3.08,3.085,3.078,3.083,41390.5
2026-02-11 02:00:00,3.084,3.1,3.084,3.086,70546.4
2026-02-11 02:15:00,3.086,3.094,3.083,3.089,41782.7
2026-02-11 02:30:00,3.089,3.094,3.087,3.088,27367.0
2026-02-11 02:45:00,3.087,3.087,3.07,3.071,63989.7
2026-02-11 03:00:00,3.07,3.074,3.064,3.064,65257.5
2026-02-11 03:15:00,3.064,3.074,3.041,3.066,69011.6
2026-02-11 03:30:00,3.065,3.095,3.063,3.079,94106.2
2026-02-11 03:45:00,3.078,3.079,3.065,3.066,38734.8
2026-02-11 04:00:00,3.066,3.07,3.051,3.053,33932.8
2026-02-11 04:15:00,3.054,3.059,3.035,3.043,72405.9
2026-02-11 04:30:00,3.043,3.045,3.019,3.027,80218.6
2026-02-11 04:45:00,3.026,3.036,3.016,3.023,39401.0
2026-02-11 05:00:00,3.024,3.041,3.023,3.027,42718.6
2026-02-11 05:15:00,3.028,3.033,3.013,3.016,27235.3
2026-02-11 05:30:00,3.016,3.019,3.004,3.006,27753.2
2026-02-11 05:45:00,3.006,3.012,3.001,3.003,22548.4
2026-02-11 06:00:00,3.003,3.007,2.972,2.977,124244.0
2026-02-11 06:15:00,2.977,2.996,2.959,2.995,175220.1
2026-02-11 06:30:00,2.995,2.999,2.979,2.98,73752.7
2026-02-11 06:45:00,2.979,2.98,2.962,2.968,61468.1
2026-02-11 07:00:00,2.968,2.983,2.966,2.972,43997.5
2026-02-11 07:15:00,2.972,2.977,2.96,2.971,48420.1
2026-02-11 07:30:00,2.97,2.987,2.968,2.983,100625.5
2026-02-11 07:45:00,2.982,2.987,2.969,2.969,30138.7
2026-02-11 08:00:00,2.97,2.976,2.961,2.97,59292.4
2026-02-11 08:15:00,2.972,2.974,2.964,2.971,40063.0
2026-02-11 08:30:00,2.97,2.978,2.964,2.971,42063.5
2026-02-11 08:45:00,2.971,2.977,2.967,2.976,23996.3
2026-02-11 09:00:00,2.977,2.984,2.969,2.973,34276.7
2026-02-11 09:15:00,2.972,2.978,2.969,2.978,18086.9
2026-02-11 09:30:00,2.978,2.983,2.971,2.973,31335.9
2026-02-11 09:45:00,2.974,2.976,2.968,2.975,20918.1
2026-02-11 10:00:00,2.975,2.978,2.966,2.97,35234.8
2026-02-11 10:15:00,2.971,2.98,2.967,2.979,25354.1
2026-02-11 10:30:00,2.98,2.98,2.952,2.961,130440.2
2026-02-11 10:45:00,2.962,2.967,2.954,2.96,86290.5
2026-02-11 11:00:00,2.959,2.972,2.959,2.963,43841.2
2026-02-11 11:15:00,2.964,2.982,2.958,2.978,59595.8
2026-02-11 11:30:00,2.978,2.987,2.975,2.977,58243.4
2026-02-11 11:45:00,2.977,2.993,2.976,2.989,44021.8
2026-02-11 12:00:00,2.989,2.994,2.976,2.98,58332.9
2026-02-11 12:15:00,2.98,3.003,2.979,2.995,65979.0
2026-02-11 12:30:00,2.995,3.0,2.984,2.988,35781.8
2026-02-11 12:45:00,2.989,2.993,2.984,2.99,19978.3
2026-02-11 13:00:00,2.991,2.997,2.981,2.985,63159.8
2026-02-11 13:15:00,2.985,2.99,2.972,2.98,55064.7
2026-02-11 13:30:00,2.979,3.017,2.976,2.997,287871.7
2026-02-11 13:45:00,2.996,3.025,2.984,3.025,86144.7
2026-02-11 14:00:00,3.025,3.133,3.022,3.112,376452.1
2026-02-11 14:15:00,3.113,3.118,3.047,3.048,157691.0
2026-02-11 14:30:00,3.048,3.059,2.989,3.003,208496.1
2026-02-11 14:45:00,3.003,3.01,2.961,2.967,124621.2
2026-02-11 15:00:00,2.966,2.987,2.928,2.952,247627.5
2026-02-11 15:15:00,2.952,2.982,2.942,2.957,111757.3
2026-02-11 15:30:00,2.958,2.98,2.953,2.976,81101.0
2026-02-11 15:45:00,2.976,2.978,2.942,2.965,53013.1
2026-02-11 16:00:00,2.966,3.013,2.962,3.007,90733.4
2026-02-11 16:15:00,3.006,3.016,2.981,2.982,67578.8
2026-02-11 16:30:00,2.982,2.99,2.955,2.959,93497.2
2026-02-11 16:45:00,2.959,2.97,2.945,2.952,58008.7
2026-02-11 17:00:00,2.952,2.96,2.942,2.956,66579.8
2026-02-11 17:15:00,2.956,3.004,2.951,3.004,73867.1
2026-02-11 17:30:00,3.003,3.013,2.991,2.996,138515.6
2026-02-11 17:45:00,2.995,3.006,2.987,2.989,63150.5
2026-02-11 18:00:00,2.989,2.991,2.968,2.981,64192.0
2026-02-11 18:15:00,2.981,3.028,2.98,3.021,98295.7
2026-02-11 18:30:00,3.021,3.03,3.007,3.021,101038.3
2026-02-11 18:45:00,3.021,3.039,3.018,3.024,55109.6
2026-02-11 19:00:00,3.024,3.033,3.012,3.02,85087.7
2026-02-11 19:15:00,3.02,3.026,3.004,3.005,31504.9
2026-02-11 19:30:00,3.004,3.017,2.993,3.016,45860.6
2026-02-11 19:45:00,3.015,3.019,3.0,3.004,34641.8
2026-02-11 20:00:00,3.003,3.016,2.995,3.014,39706.7
2026-02-11 20:15:00,3.014,3.018,2.986,2.986,46163.2
2026-02-11 20:30:00,2.986,3.009,2.984,3.006,37733.0
2026-02-11 20:45:00,3.005,3.034,3.001,3.026,58744.4
2026-02-11 21:00:00,3.027,3.036,3.022,3.033,92847.5
2026-02-11 21:15:00,3.033,3.069,3.025,3.069,97067.0
2026-02-11 21:30:00,3.068,3.079,3.048,3.052,143103.8
2026-02-11 21:45:00,3.053,3.065,3.051,3.052,63551.0
2026-02-11 22:00:00,3.052,3.056,3.044,3.054,49560.9
2026-02-11 22:15:00,3.055,3.063,3.041,3.048,38739.8
2026-02-11 22:30:00,3.048,3.053,3.039,3.041,36096.3
2026-02-11 22:45:00,3.04,3.041,3.019,3.025,22966.6
2026-02-11 23:00:00,3.026,3.038,3.011,3.014,50275.3
2026-02-11 23:15:00,3.014,3.016,2.987,2.995,51596.6
2026-02-11 23:30:00,2.997,3.008,2.987,3.004,63778.8
2026-02-11 23:45:00,3.005,3.01,2.997,3.005,20566.8
2026-02-12 00:00:00,3.006,3.032,3.006,3.031,65094.0
2026-02-12 00:15:00,3.03,3.039,3.025,3.029,35726.3
2026-02-12 00:30:00,3.029,3.051,3.027,3.045,40541.2
2026-02-12 00:45:00,3.045,3.05,3.036,3.036,21113.7
2026-02-12 01:00:00,3.037,3.048,3.037,3.044,34620.7
2026-02-12 01:15:00,3.044,3.06,3.04,3.047,94407.7
2026-02-12 01:30:00,3.047,3.061,3.043,3.052,48238.1
2026-02-12 01:45:00,3.052,3.052,3.041,3.044,23027.4
2026-02-12 02:00:00,3.044,3.053,3.036,3.038,28688.9
2026-02-12 02:15:00,3.038,3.05,3.034,3.049,37176.6
2026-02-12 02:30:00,3.049,3.07,3.048,3.064,65175.5
2026-02-12 02:45:00,3.064,3.064,3.043,3.046,83881.5
2026-02-12 03:00:00,3.046,3.056,3.044,3.055,35729.9
2026-02-12 03:15:00,3.055,3.058,3.048,3.053,17873.0
2026-02-12 03:30:00,3.052,3.063,3.047,3.061,46699.0
2026-02-12 03:45:00,3.062,3.068,3.058,3.061,25063.3
2026-02-12 04:00:00,3.062,3.062,3.054,3.057,35520.2
2026-02-12 04:15:00,3.058,3.06,3.046,3.057,28427.8
2026-02-12 04:30:00,3.057,3.072,3.048,3.072,59473.9
2026-02-12 04:45:00,3.072,3.076,3.059,3.062,48689.9
2026-02-12 05:00:00,3.063,3.075,3.056,3.06,30085.9
2026-02-12 05:15:00,3.059,3.071,3.052,3.067,38880.6
2026-02-12 05:30:00,3.067,3.091,3.063,3.086,86511.5
2026-02-12 05:45:00,3.086,3.092,3.081,3.087,49655.8
2026-02-12 06:00:00,3.088,3.112,3.087,3.102,84127.6
2026-02-12 06:15:00,3.102,3.129,3.097,3.124,108317.5
2026-02-12 06:30:00,3.125,3.127,3.116,3.122,36654.4
2026-02-12 06:45:00,3.122,3.124,3.11,3.118,26302.5
2026-02-12 07:00:00,3.117,3.12,3.1,3.107,53465.4
2026-02-12 07:15:00,3.107,3.126,3.101,3.122,34430.6
2026-02-12 07:30:00,3.123,3.125,3.115,3.115,40827.2
2026-02-12 07:45:00,3.115,3.13,3.114,3.127,33393.3
2026-02-12 08:00:00,3.127,3.137,3.124,3.133,40391.6
2026-02-12 08:15:00,3.134,3.137,3.115,3.116,27306.7
2026-02-12 08:30:00,3.116,3.117,3.106,3.111,111997.4
2026-02-12 08:45:00,3.111,3.13,3.108,3.123,36106.6
2026-02-12 09:00:00,3.124,3.127,3.114,3.114,62318.9
2026-02-12 09:15:00,3.115,3.13,3.114,3.125,32706.0
2026-02-12 09:30:00,3.126,3.145,3.123,3.135,54121.4
2026-02-12 09:45:00,3.135,3.14,3.121,3.129,112167.7
2026-02-12 10:00:00,3.129,3.139,3.126,3.128,35753.4
2026-02-12 10:15:00,3.128,3.131,3.12,3.125,44671.2
2026-02-12 10:30:00,3.126,3.141,3.126,3.131,21541.9
2026-02-12 10:45:00,3.132,3.157,3.13,3.156,39708.7
2026-02-12 11:00:00,3.157,3.161,3.136,3.14,68779.8
2026-02-12 11:15:00,3.141,3.152,3.134,3.149,102543.7
2026-02-12 11:30:00,3.149,3.154,3.133,3.136,57967.5
2026-02-12 11:45:00,3.137,3.139,3.129,3.131,26351.3
2026-02-12 12:00:00,3.132,3.135,3.113,3.117,55702.8
2026-02-12 12:15:00,3.117,3.119,3.108,3.11,27747.5
2026-02-12 12:30:00,3.111,3.112,3.092,3.092,115159.3
2026-02-12 12:45:00,3.092,3.102,3.085,3.093,76551.3
2026-02-12 13:00:00,3.094,3.095,3.078,3.092,79345.9
2026-02-12 13:15:00,3.091,3.092,3.074,3.083,51746.9
2026-02-12 13:30:00,3.084,3.107,3.082,3.104,59471.7
2026-02-12 13:45:00,3.104,3.106,3.094,3.097,86644.5
2026-02-12 14:00:00,3.097,3.098,3.073,3.077,61204.5
2026-02-12 14:15:00,3.078,3.081,3.065,3.078,39375.0
2026-02-12 14:30:00,3.077,3.099,3.069,3.071,80831.9
2026-02-12 14:45:00,3.071,3.091,3.067,3.076,61744.3
2026-02-12 15:00:00,3.077,3.08,3.046,3.065,110891.5
2026-02-12 15:15:00,3.064,3.091,3.058,3.09,87190.1
2026-02-12 15:30:00,3.091,3.097,3.048,3.059,61393.4
2026-02-12 15:45:00,3.059,3.065,3.032,3.037,102249.1
2026-02-12 16:00:00,3.037,3.045,2.992,2.995,175030.8
2026-02-12 16:15:00,2.995,3.013,2.972,2.98,191087.8
2026-02-12 16:30:00,2.979,3.023,2.967,3.015,129832.8
2026-02-12 16:45:00,3.015,3.02,2.985,2.999,97595.9
2026-02-12 17:00:00,2.999,3.015,2.99,3.004,78896.2
2026-02-12 17:15:00,3.004,3.037,2.998,3.023,79864.4
2026-02-12 17:30:00,3.024,3.04,3.013,3.023,41703.3
2026-02-12 17:45:00,3.024,3.026,2.999,3.003,46872.3
2026-02-12 18:00:00,3.003,3.029,2.999,3.025,38124.7
2026-02-12 18:15:00,3.025,3.027,2.999,3.003,87403.9
2026-02-12 18:30:00,3.002,3.025,2.998,3.02,96391.5
2026-02-12 18:45:00,3.02,3.036,3.018,3.025,53106.0
2026-02-12 19:00:00,3.026,3.028,3.001,3.015,84231.6
2026-02-12 19:15:00,3.015,3.06,3.015,3.052,74033.3
2026-02-12 19:30:00,3.052,3.09,3.049,3.057,148474.9
2026-02-12 19:45:00,3.058,3.063,3.033,3.035,51909.3
2026-02-12 20:00:00,3.036,3.04,3.013,3.022,49589.1
2026-02-12 20:15:00,3.022,3.03,3.012,3.016,45856.8
2026-02-12 20:30:00,3.016,3.02,3.004,3.01,104518.0
2026-02-12 20:45:00,3.009,3.011,2.988,3.004,51668.3
2026-02-12 21:00:00,3.005,3.016,3.003,3.012,33712.7
2026-02-12 21:15:00,3.012,3.017,2.997,3.0,61584.5
2026-02-12 21:30:00,3.0,3.013,2.996,3.008,30859.1
2026-02-12 21:45:00,3.008,3.013,3.003,3.008,21373.3
2026-02-12 22:00:00,3.008,3.011,3.0,3.007,26334.2
2026-02-12 22:15:00,3.007,3.009,2.995,3.009,27234.1
2026-02-12 22:30:00,3.009,3.018,3.002,3.016,36739.0
2026-02-12 22:45:00,3.017,3.036,3.017,3.033,32196.5
2026-02-12 23:00:00,3.034,3.046,3.031,3.034,70370.3
2026-02-12 23:15:00,3.035,3.048,3.029,3.044,98456.7
2026-02-12 23:30:00,3.045,3.048,3.038,3.045,42167.6
2026-02-12 23:45:00,3.046,3.047,3.035,3.045,52348.9
2026-02-13 00:00:00,3.045,3.065,3.04,3.051,62179.8
2026-02-13 00:15:00,3.051,3.051,3.039,3.044,37983.6
2026-02-13 00:30:00,3.044,3.045,3.021,3.022,45279.1
2026-02-13 00:45:00,3.022,3.041,3.022,3.033,47053.4
2026-02-13 01:00:00,3.033,3.041,3.026,3.039,64163.7
2026-02-13 01:15:00,3.039,3.041,3.019,3.025,55662.8
2026-02-13 01:30:00,3.025,3.033,3.019,3.023,71072.0
2026-02-13 01:45:00,3.024,3.032,3.013,3.021,45686.6
2026-02-13 02:00:00,3.021,3.026,3.014,3.021,49980.6
2026-02-13 02:15:00,3.02,3.026,3.011,3.019,22582.8
2026-02-13 02:30:00,3.02,3.02,3.008,3.017,20996.2
2026-02-13 02:45:00,3.016,3.033,3.013,3.026,53797.0
2026-02-13 03:00:00,3.026,3.027,3.007,3.008,24349.8
2026-02-13 03:15:00,3.008,3.024,3.007,3.019,19466.1
2026-02-13 03:30:00,3.019,3.03,3.017,3.017,33256.6
2026-02-13 03:45:00,3.018,3.018,3.005,3.008,15130.0
2026-02-13 04:00:00,3.008,3.008,2.994,2.998,44781.6
2026-02-13 04:15:00,2.998,3.004,2.99,2.996,22144.4
2026-02-13 04:30:00,2.996,2.999,2.99,2.992,19889.4
2026-02-13 04:45:00,2.992,2.995,2.987,2.989,19393.3
2026-02-13 05:00:00,2.989,2.99,2.973,2.983,58023.2
2026-02-13 05:15:00,2.983,2.994,2.979,2.984,21750.8
2026-02-13 05:30:00,2.983,2.994,2.982,2.993,42493.3
2026-02-13 05:45:00,2.993,2.994,2.976,2.979,31679.0
2026-02-13 06:00:00,2.978,2.984,2.977,2.978,28819.5
2026-02-13 06:15:00,2.979,2.982,2.962,2.969,93849.6
2026-02-13 06:30:00,2.969,2.977,2.96,2.976,94033.0
2026-02-13 06:45:00,2.976,2.996,2.974,2.994,95533.8
2026-02-13 07:00:00,2.994,3.019,2.993,3.017,75505.7
2026-02-13 07:15:00,3.017,3.032,3.014,3.031,126101.9
2026-02-13 07:30:00,3.031,3.031,3.011,3.014,59889.1
2026-02-13 07:45:00,3.013,3.014,3.004,3.009,85649.4
2026-02-13 08:00:00,3.009,3.013,3.002,3.003,63255.2
2026-02-13 08:15:00,3.003,3.023,2.998,3.019,51543.4
2026-02-13 08:30:00,3.019,3.031,3.017,3.024,37927.7
2026-02-13 08:45:00,3.025,3.042,3.024,3.031,46911.2
2026-02-13 09:00:00,3.031,3.032,3.019,3.023,37996.8
2026-02-13 09:15:00,3.022,3.029,3.02,3.022,17108.5
2026-02-13 09:30:00,3.022,3.027,3.013,3.014,23488.3
2026-02-13 09:45:00,3.014,3.021,3.013,3.014,21169.6
2026-02-13 10:00:00,3.014,3.022,3.012,3.021,34161.6
2026-02-13 10:15:00,3.021,3.028,3.014,3.019,54343.6
2026-02-13 10:30:00,3.019,3.031,3.015,3.026,43069.6
2026-02-13 10:45:00,3.026,3.029,3.015,3.016,47428.2
2026-02-13 11:00:00,3.016,3.016,3.007,3.012,47034.3
2026-02-13 11:15:00,3.012,3.017,3.007,3.016,35242.5
2026-02-13 11:30:00,3.016,3.016,3.002,3.005,54660.2
2026-02-13 11:45:00,3.005,3.009,3.0,3.004,46304.8
2026-02-13 12:00:00,3.004,3.004,2.982,2.985,68576.4
2026-02-13 12:15:00,2.985,2.993,2.981,2.99,40417.4
2026-02-13 12:30:00,2.99,2.992,2.982,2.986,47065.8
2026-02-13 12:45:00,2.987,2.993,2.981,2.987,29480.0
2026-02-13 13:00:00,2.987,2.995,2.976,2.99,42077.5
2026-02-13 13:15:00,2.99,3.018,2.989,3.012,72808.0
2026-02-13 13:30:00,3.013,3.034,2.998,3.006,268902.6
2026-02-13 13:45:00,3.006,3.02,3.0,3.014,47503.5
2026-02-13 14:00:00,3.015,3.016,3.004,3.007,39174.9
2026-02-13 14:15:00,3.008,3.031,3.007,3.03,46366.3
2026-02-13 14:30:00,3.03,3.058,3.013,3.035,208445.1
2026-02-13 14:45:00,3.036,3.066,3.036,3.045,138110.1
2026-02-13 15:00:00,3.046,3.091,3.032,3.077,174489.6
2026-02-13 15:15:00,3.077,3.107,3.066,3.102,189819.4
2026-02-13 15:30:00,3.102,3.129,3.081,3.082,160510.2
2026-02-13 15:45:00,3.082,3.086,3.06,3.076,116593.8
2026-02-13 16:00:00,3.077,3.101,3.063,3.098,186110.8
2026-02-13 16:15:00,3.098,3.112,3.088,3.109,72319.8
2026-02-13 16:30:00,3.109,3.136,3.106,3.131,153867.2
2026-02-13 16:45:00,3.132,3.132,3.115,3.118,74809.2
2026-02-13 17:00:00,3.118,3.119,3.095,3.111,135499.9
2026-02-13 17:15:00,3.111,3.119,3.105,3.115,75888.7
2026-02-13 17:30:00,3.116,3.125,3.114,3.117,28069.6
2026-02-13 17:45:00,3.118,3.122,3.111,3.114,56682.6
2026-02-13 18:00:00,3.115,3.116,3.1,3.1,63744.9
2026-02-13 18:15:00,3.1,3.114,3.095,3.104,42908.2
2026-02-13 18:30:00,3.105,3.117,3.102,3.108,45402.7
2026-02-13 18:45:00,3.109,3.118,3.102,3.104,98747.4
2026-02-13 19:00:00,3.104,3.111,3.098,3.105,53536.7
2026-02-13 19:15:00,3.106,3.114,3.102,3.102,36637.3
2026-02-13 19:30:00,3.103,3.104,3.089,3.091,38865.4
2026-02-13 19:45:00,3.092,3.113,3.092,3.105,54359.4
2026-02-13 20:00:00,3.106,3.109,3.099,3.104,60223.2
2026-02-13 20:15:00,3.105,3.118,3.102,3.117,42488.0
2026-02-13 20:30:00,3.117,3.124,3.106,3.113,37099.7
2026-02-13 20:45:00,3.113,3.12,3.108,3.114,28058.8
2026-02-13 21:00:00,3.115,3.142,3.113,3.135,63842.0
2026-02-13 21:15:00,3.136,3.136,3.12,3.12,48878.1
2026-02-13 21:30:00,3.121,3.127,3.111,3.127,72502.0
2026-02-13 21:45:00,3.127,3.13,3.118,3.129,35534.4
2026-02-13 22:00:00,3.13,3.147,3.123,3.124,52447.7
2026-02-13 22:15:00,3.123,3.138,3.122,3.134,35137.5
2026-02-13 22:30:00,3.135,3.135,3.121,3.127,23523.9
2026-02-13 22:45:00,3.127,3.129,3.116,3.123,20194.4
2026-02-13 23:00:00,3.124,3.125,3.112,3.113,26384.6
2026-02-13 23:15:00,3.114,3.122,3.109,3.112,21547.3
2026-02-13 23:30:00,3.113,3.115,3.102,3.102,22642.6
2026-02-13 23:45:00,3.103,3.109,3.101,3.103,30923.9
2026-02-14 00:00:00,3.103,3.121,3.103,3.117,166459.5
2026-02-14 00:15:00,3.118,3.118,3.108,3.116,34339.5
2026-02-14 00:30:00,3.117,3.137,3.113,3.134,37831.8
2026-02-14 00:45:00,3.135,3.142,3.132,3.134,37910.2
2026-02-14 01:00:00,3.135,3.135,3.126,3.135,32546.6
2026-02-14 01:15:00,3.135,3.146,3.129,3.145,33270.6
2026-02-14 01:30:00,3.146,3.146,3.136,3.14,26526.4
2026-02-14 01:45:00,3.141,3.142,3.136,3.138,34227.4
2026-02-14 02:00:00,3.139,3.146,3.137,3.145,39248.5
2026-02-14 02:15:00,3.146,3.146,3.136,3.14,22271.7
2026-02-14 02:30:00,3.14,3.147,3.135,3.144,29695.5
2026-02-14 02:45:00,3.144,3.147,3.139,3.141,14421.8
2026-02-14 03:00:00,3.141,3.149,3.138,3.148,21032.6
2026-02-14 03:15:00,3.148,3.15,3.139,3.141,21580.2
2026-02-14 03:30:00,3.141,3.151,3.141,3.146,40924.0
2026-02-14 03:45:00,3.146,3.148,3.14,3.143,30047.3
2026-02-14 04:00:00,3.143,3.145,3.136,3.138,28600.3
2026-02-14 04:15:00,3.139,3.144,3.133,3.144,18377.7
2026-02-14 04:30:00,3.144,3.147,3.14,3.147,22189.5
2026-02-14 04:45:00,3.147,3.147,3.136,3.136,21464.7
2026-02-14 05:00:00,3.137,3.143,3.126,3.14,36788.5
2026-02-14 05:15:00,3.14,3.148,3.138,3.141,49551.4
2026-02-14 05:30:00,3.141,3.142,3.127,3.13,33011.5
2026-02-14 05:45:00,3.13,3.131,3.122,3.124,27845.0
2026-02-14 06:00:00,3.124,3.129,3.11,3.111,48112.0
2026-02-14 06:15:00,3.111,3.119,3.11,3.117,24447.7
2026-02-14 06:30:00,3.117,3.124,3.116,3.12,12891.8
2026-02-14 06:45:00,3.12,3.125,3.115,3.125,11590.7
2026-02-14 07:00:00,3.125,3.138,3.125,3.138,18909.0
2026-02-14 07:15:00,3.138,3.146,3.133,3.145,39839.0
2026-02-14 07:30:00,3.145,3.148,3.137,3.146,36328.3
2026-02-14 07:45:00,3.146,3.148,3.138,3.142,46868.7
2026-02-14 08:00:00,3.143,3.18,3.14,3.165,176276.9
2026-02-14 08:15:00,3.166,3.175,3.162,3.167,83238.2
2026-02-14 08:30:00,3.168,3.187,3.165,3.181,78352.4
2026-02-14 08:45:00,3.182,3.191,3.174,3.189,47159.0
2026-02-14 09:00:00,3.189,3.192,3.182,3.182,56167.9
2026-02-14 09:15:00,3.182,3.192,3.181,3.187,35499.9
2026-02-14 09:30:00,3.187,3.191,3.182,3.182,31525.7
2026-02-14 09:45:00,3.183,3.185,3.178,3.18,39334.6
2026-02-14 10:00:00,3.18,3.18,3.166,3.175,37131.9
2026-02-14 10:15:00,3.176,3.179,3.165,3.167,44899.8
2026-02-14 10:30:00,3.168,3.174,3.165,3.167,21872.4
2026-02-14 10:45:00,3.168,3.172,3.165,3.172,21944.4
2026-02-14 11:00:00,3.172,3.186,3.17,3.184,24162.4
2026-02-14 11:15:00,3.184,3.213,3.179,3.203,86310.7
2026-02-14 11:30:00,3.204,3.205,3.188,3.193,51667.3
2026-02-14 11:45:00,3.193,3.203,3.19,3.199,36591.4
2026-02-14 12:00:00,3.199,3.209,3.198,3.209,31995.3
2026-02-14 12:15:00,3.21,3.213,3.203,3.209,60154.5
2026-02-14 12:30:00,3.209,3.217,3.199,3.203,86209.9
2026-02-14 12:45:00,3.202,3.204,3.186,3.19,77199.2
2026-02-14 13:00:00,3.19,3.193,3.171,3.18,66156.1
2026-02-14 13:15:00,3.181,3.184,3.159,3.161,61969.6
2026-02-14 13:30:00,3.161,3.177,3.157,3.165,48041.7
2026-02-14 13:45:00,3.165,3.179,3.163,3.174,47770.9
2026-02-14 14:00:00,3.174,3.182,3.17,3.181,35255.7
2026-02-14 14:15:00,3.181,3.191,3.174,3.183,46422.8
2026-02-14 14:30:00,3.183,3.202,3.183,3.193,54744.7
2026-02-14 14:45:00,3.194,3.229,3.191,3.223,93706.7
2026-02-14 15:00:00,3.223,3.225,3.208,3.21,75865.0
2026-02-14 15:15:00,3.21,3.234,3.208,3.223,72947.3
2026-02-14 15:30:00,3.223,3.233,3.221,3.232,33217.5
2026-02-14 15:45:00,3.231,3.272,3.226,3.254,248409.2
2026-02-14 16:00:00,3.254,3.259,3.236,3.237,59730.7
2026-02-14 16:15:00,3.237,3.239,3.221,3.228,74640.7
2026-02-14 16:30:00,3.227,3.254,3.217,3.253,101309.2
2026-02-14 16:45:00,3.252,3.271,3.244,3.264,116278.8
2026-02-14 17:00:00,3.264,3.267,3.245,3.262,43271.4
2026-02-14 17:15:00,3.261,3.286,3.26,3.279,67256.8
2026-02-14 17:30:00,3.28,3.285,3.255,3.264,37804.5
2026-02-14 17:45:00,3.265,3.267,3.253,3.259,24162.5
2026-02-14 18:00:00,3.258,3.279,3.255,3.276,35510.0
2026-02-14 18:15:00,3.277,3.291,3.272,3.28,63786.7
2026-02-14 18:30:00,3.279,3.291,3.278,3.282,43414.8
2026-02-14 18:45:00,3.281,3.295,3.28,3.291,28000.2
2026-02-14 19:00:00,3.291,3.298,3.281,3.282,42462.3
2026-02-14 19:15:00,3.281,3.301,3.271,3.297,79168.1
2026-02-14 19:30:00,3.298,3.313,3.296,3.305,70478.5
2026-02-14 19:45:00,3.304,3.32,3.301,3.313,34292.1
2026-02-14 20:00:00,3.314,3.326,3.291,3.294,72781.6
2026-02-14 20:15:00,3.295,3.302,3.277,3.287,64949.0
2026-02-14 20:30:00,3.286,3.293,3.28,3.288,32649.3
2026-02-14 20:45:00,3.288,3.299,3.287,3.298,30232.5
2026-02-14 21:00:00,3.298,3.322,3.298,3.318,58437.7
2026-02-14 21:15:00,3.318,3.325,3.3,3.301,45751.0
2026-02-14 21:30:00,3.3,3.303,3.266,3.281,144309.8
2026-02-14 21:45:00,3.28,3.287,3.276,3.283,21665.2
2026-02-14 22:00:00,3.282,3.318,3.279,3.314,106985.4
2026-02-14 22:15:00,3.314,3.316,3.289,3.295,48964.1
2026-02-14 22:30:00,3.296,3.32,3.295,3.315,35735.1
2026-02-14 22:45:00,3.315,3.321,3.298,3.299,29514.1
2026-02-14 23:00:00,3.299,3.301,3.286,3.293,36481.4
2026-02-14 23:15:00,3.293,3.299,3.269,3.274,53857.6
2026-02-14 23:30:00,3.274,3.281,3.266,3.274,27309.8
2026-02-14 23:45:00,3.274,3.28,3.271,3.273,27096.6
2026-02-15 00:00:00,3.273,3.276,3.243,3.248,121698.4
2026-02-15 00:15:00,3.249,3.262,3.249,3.252,30984.2
2026-02-15 00:30:00,3.251,3.26,3.249,3.251,30815.6
2026-02-15 00:45:00,3.251,3.267,3.246,3.262,47167.2
2026-02-15 01:00:00,3.261,3.285,3.26,3.278,84871.1
2026-02-15 01:15:00,3.279,3.279,3.233,3.248,66442.7
2026-02-15 01:30:00,3.248,3.265,3.247,3.252,47322.1
2026-02-15 01:45:00,3.252,3.268,3.248,3.267,32368.3
2026-02-15 02:00:00,3.266,3.276,3.25,3.257,43944.5
2026-02-15 02:15:00,3.256,3.263,3.242,3.245,33264.5
2026-02-15 02:30:00,3.245,3.258,3.227,3.253,54242.3
2026-02-15 02:45:00,3.253,3.259,3.244,3.252,19893.9
2026-02-15 03:00:00,3.252,3.262,3.251,3.252,55328.6
2026-02-15 03:15:00,3.251,3.259,3.243,3.244,37332.7
2026-02-15 03:30:00,3.243,3.247,3.203,3.221,239441.5
2026-02-15 03:45:00,3.221,3.266,3.221,3.265,87537.6
2026-02-15 04:00:00,3.265,3.311,3.261,3.304,146566.8
2026-02-15 04:15:00,3.305,3.312,3.262,3.262,99572.6
2026-02-15 04:30:00,3.263,3.28,3.261,3.272,29181.4
2026-02-15 04:45:00,3.273,3.281,3.264,3.271,22537.9
2026-02-15 05:00:00,3.271,3.284,3.268,3.281,31433.8
2026-02-15 05:15:00,3.282,3.3,3.279,3.287,69029.1
2026-02-15 05:30:00,3.287,3.299,3.281,3.289,35314.4
2026-02-15 05:45:00,3.289,3.297,3.278,3.286,27176.2
2026-02-15 06:00:00,3.286,3.287,3.279,3.286,26534.7
2026-02-15 06:15:00,3.286,3.293,3.277,3.278,27059.7
2026-02-15 06:30:00,3.279,3.286,3.273,3.273,19753.7
2026-02-15 06:45:00,3.274,3.275,3.261,3.273,31038.4
2026-02-15 07:00:00,3.273,3.283,3.267,3.281,32712.0
2026-02-15 07:15:00,3.281,3.29,3.277,3.278,30950.9
2026-02-15 07:30:00,3.279,3.304,3.275,3.286,55697.6
2026-02-15 07:45:00,3.284,3.296,3.281,3.291,32958.7
2026-02-15 08:00:00,3.292,3.299,3.279,3.28,60811.4
2026-02-15 08:15:00,3.281,3.292,3.259,3.261,47299.0
2026-02-15 08:30:00,3.262,3.265,3.225,3.234,161741.4
2026-02-15 08:45:00,3.233,3.246,3.226,3.243,35852.6
2026-02-15 09:00:00,3.243,3.263,3.236,3.255,39115.7
2026-02-15 09:15:00,3.254,3.259,3.246,3.25,17553.5
2026-02-15 09:30:00,3.25,3.257,3.238,3.248,20585.9
2026-02-15 09:45:00,3.248,3.249,3.236,3.244,22008.1
2026-02-15 10:00:00,3.244,3.245,3.218,3.223,41618.8
2026-02-15 10:15:00,3.223,3.227,3.208,3.219,45068.6
2026-02-15 10:30:00,3.219,3.224,3.205,3.224,32840.6
2026-02-15 10:45:00,3.223,3.232,3.221,3.229,38985.5
2026-02-15 11:00:00,3.228,3.234,3.225,3.227,21718.0
2026-02-15 11:15:00,3.227,3.233,3.218,3.221,19044.9
2026-02-15 11:30:00,3.221,3.226,3.217,3.223,17753.3
2026-02-15 11:45:00,3.222,3.225,3.213,3.215,23926.3
2026-02-15 12:00:00,3.215,3.219,3.193,3.199,69313.9
2026-02-15 12:15:00,3.199,3.208,3.189,3.204,53583.0
2026-02-15 12:30:00,3.204,3.206,3.183,3.193,68700.9
2026-02-15 12:45:00,3.194,3.195,3.113,3.115,310300.0
2026-02-15 13:00:00,3.114,3.149,3.114,3.143,125848.4
2026-02-15 13:15:00,3.143,3.149,3.122,3.124,79848.3
2026-02-15 13:30:00,3.124,3.131,3.102,3.109,195808.2
2026-02-15 13:45:00,3.109,3.112,3.084,3.095,136991.2
2026-02-15 14:00:00,3.094,3.112,3.091,3.103,77558.3
2026-02-15 14:15:00,3.103,3.117,3.103,3.113,44852.0
2026-02-15 14:30:00,3.113,3.131,3.112,3.128,45690.6
2026-02-15 14:45:00,3.128,3.135,3.123,3.135,33041.9
2026-02-15 15:00:00,3.134,3.142,3.13,3.136,41214.5
2026-02-15 15:15:00,3.137,3.141,3.127,3.127,39600.7
2026-02-15 15:30:00,3.128,3.135,3.122,3.135,32226.8
2026-02-15 15:45:00,3.136,3.14,3.127,3.138,33244.6
2026-02-15 16:00:00,3.137,3.138,3.105,3.13,94445.8
2026-02-15 16:15:00,3.13,3.149,3.125,3.144,117058.7
2026-02-15 16:30:00,3.145,3.145,3.122,3.13,44363.3
2026-02-15 16:45:00,3.13,3.133,3.123,3.128,25574.5
2026-02-15 17:00:00,3.127,3.138,3.127,3.13,35604.4
2026-02-15 17:15:00,3.13,3.131,3.118,3.124,26046.9
2026-02-15 17:30:00,3.123,3.135,3.116,3.117,52508.7
2026-02-15 17:45:00,3.116,3.116,3.072,3.101,237003.7
2026-02-15 18:00:00,3.099,3.103,3.082,3.099,84702.0
2026-02-15 18:15:00,3.098,3.112,3.092,3.092,56771.4
2026-02-15 18:30:00,3.092,3.093,3.075,3.09,66020.6
2026-02-15 18:45:00,3.09,3.092,3.067,3.081,67268.4
2026-02-15 19:00:00,3.08,3.084,3.062,3.076,91629.5
2026-02-15 19:15:00,3.076,3.102,3.072,3.101,68470.2
2026-02-15 19:30:00,3.101,3.101,3.071,3.077,60423.2
2026-02-15 19:45:00,3.077,3.09,3.076,3.087,34993.8
2026-02-15 20:00:00,3.086,3.105,3.079,3.103,75931.6
2026-02-15 20:15:00,3.103,3.107,3.09,3.105,41517.5
2026-02-15 20:30:00,3.104,3.115,3.1,3.11,37807.6
2026-02-15 20:45:00,3.109,3.111,3.099,3.103,17773.1
2026-02-15 21:00:00,3.104,3.116,3.102,3.115,20484.8
2026-02-15 21:15:00,3.114,3.117,3.108,3.114,22714.4
2026-02-15 21:30:00,3.113,3.129,3.11,3.112,39442.2
2026-02-15 21:45:00,3.112,3.119,3.109,3.115,29912.2
2026-02-15 22:00:00,3.115,3.118,3.105,3.112,23948.6
2026-02-15 22:15:00,3.113,3.126,3.11,3.124,26585.5
2026-02-15 22:30:00,3.123,3.135,3.122,3.125,28967.2
2026-02-15 22:45:00,3.126,3.131,3.123,3.129,20956.5
2026-02-15 23:00:00,3.128,3.129,3.089,3.107,65269.8
2026-02-15 23:15:00,3.107,3.126,3.103,3.124,27923.8
2026-02-15 23:30:00,3.125,3.139,3.125,3.134,25366.7
2026-02-15 23:45:00,3.134,3.148,3.134,3.143,22754.7
2026-02-16 00:00:00,3.144,3.161,3.138,3.156,49826.3
2026-02-16 00:15:00,3.156,3.163,3.136,3.14,52615.2
2026-02-16 00:30:00,3.139,3.148,3.136,3.136,43191.1
2026-02-16 00:45:00,3.135,3.145,3.132,3.139,19066.6
2026-02-16 01:00:00,3.14,3.147,3.13,3.132,48492.5
2026-02-16 01:15:00,3.132,3.137,3.116,3.12,34895.0
2026-02-16 01:30:00,3.121,3.125,3.105,3.115,42404.1
2026-02-16 01:45:00,3.115,3.12,3.111,3.117,34403.5
2026-02-16 02:00:00,3.117,3.125,3.109,3.122,50304.4
2026-02-16 02:15:00,3.121,3.125,3.11,3.113,17614.4
2026-02-16 02:30:00,3.113,3.118,3.107,3.111,24638.9
2026-02-16 02:45:00,3.112,3.118,3.106,3.111,22300.4
2026-02-16 03:00:00,3.111,3.118,3.111,3.114,19137.0
2026-02-16 03:15:00,3.115,3.12,3.112,3.117,22736.5
2026-02-16 03:30:00,3.117,3.127,3.117,3.122,49303.3
2026-02-16 03:45:00,3.121,3.128,3.118,3.128,22294.0
2026-02-16 04:00:00,3.127,3.135,3.122,3.128,33126.4
2026-02-16 04:15:00,3.128,3.139,3.128,3.136,20365.4
2026-02-16 04:30:00,3.137,3.138,3.129,3.131,14387.9
2026-02-16 04:45:00,3.131,3.146,3.129,3.144,17390.3
2026-02-16 05:00:00,3.145,3.156,3.122,3.122,42004.3
2026-02-16 05:15:00,3.123,3.126,3.112,3.116,36100.0
2026-02-16 05:30:00,3.116,3.122,3.107,3.118,39757.2
2026-02-16 05:45:00,3.119,3.126,3.118,3.121,20609.8
2026-02-16 06:00:00,3.121,3.131,3.12,3.122,20634.2
2026-02-16 06:15:00,3.123,3.136,3.122,3.135,28357.5
2026-02-16 06:30:00,3.135,3.15,3.133,3.142,61501.1
2026-02-16 06:45:00,3.141,3.147,3.136,3.144,35399.0
2026-02-16 07:00:00,3.143,3.144,3.134,3.142,23258.7
2026-02-16 07:15:00,3.142,3.153,3.138,3.14,28298.4
2026-02-16 07:30:00,3.14,3.146,3.124,3.128,65966.0
2026-02-16 07:45:00,3.129,3.134,3.123,3.127,42827.8
2026-02-16 08:00:00,3.127,3.142,3.124,3.138,37082.9
2026-02-16 08:15:00,3.137,3.15,3.137,3.149,115947.4
2026-02-16 08:30:00,3.149,3.152,3.142,3.146,24454.4
2026-02-16 08:45:00,3.146,3.156,3.145,3.149,42969.4
2026-02-16 09:00:00,3.149,3.167,3.147,3.157,46821.5
2026-02-16 09:15:00,3.158,3.164,3.152,3.162,31612.9
2026-02-16 09:30:00,3.163,3.172,3.156,3.168,31877.1
2026-02-16 09:45:00,3.168,3.174,3.162,3.172,31752.5
2026-02-16 10:00:00,3.172,3.176,3.165,3.172,37261.3
2026-02-16 10:15:00,3.171,3.174,3.161,3.167,25208.5
2026-02-16 10:30:00,3.168,3.174,3.158,3.163,76277.3
2026-02-16 10:45:00,3.162,3.165,3.152,3.155,26647.6
2026-02-16 11:00:00,3.154,3.157,3.124,3.13,163871.0
2026-02-16 11:15:00,3.13,3.136,3.108,3.134,127261.8
2026-02-16 11:30:00,3.134,3.137,3.128,3.132,43644.3
2026-02-16 11:45:00,3.132,3.147,3.132,3.139,85046.8
2026-02-16 12:00:00,3.138,3.144,3.137,3.142,33293.0
2026-02-16 12:15:00,3.143,3.18,3.134,3.172,115908.9
2026-02-16 12:30:00,3.172,3.193,3.161,3.192,114791.7
2026-02-16 12:45:00,3.192,3.206,3.185,3.204,104268.5
2026-02-16 13:00:00,3.205,3.226,3.201,3.207,90821.9
2026-02-16 13:15:00,3.208,3.217,3.144,3.16,129445.8
2026-02-16 13:30:00,3.16,3.18,3.147,3.164,90800.7
2026-02-16 13:45:00,3.165,3.168,3.13,3.142,156216.0
2026-02-16 14:00:00,3.142,3.161,3.138,3.148,57379.1
2026-02-16 14:15:00,3.148,3.158,3.125,3.131,61831.1
2026-02-16 14:30:00,3.131,3.17,3.13,3.159,57464.0
2026-02-16 14:45:00,3.16,3.18,3.153,3.16,47770.3
2026-02-16 15:00:00,3.161,3.175,3.151,3.151,61322.4
2026-02-16 15:15:00,3.151,3.154,3.136,3.143,80737.1
2026-02-16 15:30:00,3.143,3.144,3.091,3.102,296696.1
2026-02-16 15:45:00,3.102,3.114,3.094,3.105,76224.2
2026-02-16 16:00:00,3.105,3.135,3.096,3.128,126721.4
2026-02-16 16:15:00,3.128,3.135,3.112,3.127,37905.8
2026-02-16 16:30:00,3.126,3.13,3.097,3.122,138396.5
2026-02-16 16:45:00,3.121,3.125,3.114,3.125,48566.4
2026-02-16 17:00:00,3.124,3.128,3.111,3.119,44736.9
2026-02-16 17:15:00,3.118,3.126,3.105,3.122,30364.2
2026-02-16 17:30:00,3.121,3.135,3.118,3.13,33871.8
2026-02-16 17:45:00,3.131,3.131,3.118,3.119,37222.1
2026-02-16 18:00:00,3.12,3.139,3.118,3.137,56888.7
2026-02-16 18:15:00,3.137,3.142,3.121,3.124,96456.2
2026-02-16 18:30:00,3.123,3.13,3.109,3.113,137101.0
2026-02-16 18:45:00,3.114,3.116,3.105,3.109,50379.7
2026-02-16 19:00:00,3.11,3.116,3.108,3.114,24749.0
2026-02-16 19:15:00,3.115,3.123,3.104,3.117,27656.7
2026-02-16 19:30:00,3.117,3.137,3.116,3.135,92982.9
2026-02-16 19:45:00,3.135,3.137,3.122,3.125,76255.0
2026-02-16 20:00:00,3.125,3.126,3.113,3.117,35653.4
2026-02-16 20:15:00,3.116,3.135,3.113,3.133,24157.6
2026-02-16 20:30:00,3.134,3.139,3.128,3.135,44867.6
2026-02-16 20:45:00,3.134,3.155,3.131,3.15,64480.8
2026-02-16 21:00:00,3.15,3.16,3.14,3.159,71359.9
2026-02-16 21:15:00,3.16,3.165,3.149,3.153,43662.1
2026-02-16 21:30:00,3.152,3.158,3.148,3.152,27643.9
2026-02-16 21:45:00,3.151,3.179,3.149,3.176,53645.8
2026-02-16 22:00:00,3.176,3.199,3.169,3.172,203304.7
2026-02-16 22:15:00,3.173,3.176,3.163,3.166,18608.9
2026-02-16 22:30:00,3.166,3.176,3.16,3.174,36485.2
2026-02-16 22:45:00,3.173,3.175,3.16,3.168,29707.0
2026-02-16 23:00:00,3.168,3.172,3.16,3.166,40435.9
2026-02-16 23:15:00,3.166,3.172,3.159,3.16,38900.9
2026-02-16 23:30:00,3.16,3.163,3.153,3.154,26981.1
2026-02-16 23:45:00,3.154,3.168,3.154,3.163,24117.0
2026-02-17 00:00:00,3.164,3.168,3.154,3.159,33746.4
2026-02-17 00:15:00,3.159,3.165,3.149,3.162,27675.5
2026-02-17 00:30:00,3.161,3.163,3.148,3.152,38152.7
2026-02-17 00:45:00,3.151,3.164,3.146,3.147,34967.6
2026-02-17 01:00:00,3.148,3.158,3.141,3.153,54228.0
2026-02-17 01:15:00,3.152,3.153,3.143,3.146,17308.8
2026-02-17 01:30:00,3.145,3.152,3.139,3.142,24044.1
2026-02-17 01:45:00,3.141,3.143,3.131,3.135,22877.4
2026-02-17 02:00:00,3.134,3.157,3.112,3.151,76546.9
2026-02-17 02:15:00,3.149,3.155,3.146,3.153,18799.7
2026-02-17 02:30:00,3.152,3.155,3.145,3.151,19124.4
2026-02-17 02:45:00,3.152,3.157,3.143,3.144,40839.0
2026-02-17 03:00:00,3.143,3.145,3.136,3.14,36479.3
2026-02-17 03:15:00,3.139,3.144,3.135,3.141,23939.8
2026-02-17 03:30:00,3.14,3.141,3.131,3.136,26503.0
2026-02-17 03:45:00,3.136,3.137,3.131,3.133,18289.7
2026-02-17 04:00:00,3.132,3.155,3.128,3.144,361593.0
2026-02-17 04:15:00,3.144,3.158,3.139,3.15,40817.1
2026-02-17 04:30:00,3.15,3.15,3.131,3.144,28106.8
2026-02-17 04:45:00,3.145,3.149,3.138,3.14,17065.3
2026-02-17 05:00:00,3.141,3.142,3.13,3.134,28771.5
2026-02-17 05:15:00,3.134,3.135,3.115,3.12,118445.2
2026-02-17 05:30:00,3.12,3.125,3.106,3.121,39436.0
2026-02-17 05:45:00,3.121,3.128,3.121,3.125,30188.5
2026-02-17 06:00:00,3.126,3.137,3.126,3.131,23433.8
2026-02-17 06:15:00,3.132,3.139,3.128,3.135,18229.6
2026-02-17 06:30:00,3.135,3.139,3.13,3.136,15974.6
2026-02-17 06:45:00,3.136,3.143,3.132,3.137,42033.0
2026-02-17 07:00:00,3.137,3.138,3.13,3.133,17055.6
2026-02-17 07:15:00,3.132,3.135,3.126,3.127,11889.7
2026-02-17 07:30:00,3.127,3.138,3.123,3.133,21991.6
2026-02-17 07:45:00,3.134,3.136,3.128,3.13,19379.6
2026-02-17 08:00:00,3.13,3.14,3.128,3.134,31847.0
2026-02-17 08:15:00,3.134,3.136,3.127,3.127,20277.9
2026-02-17 08:30:00,3.127,3.13,3.109,3.114,50427.4
2026-02-17 08:45:00,3.114,3.116,3.108,3.109,31073.0
2026-02-17 09:00:00,3.109,3.113,3.093,3.096,75009.6
2026-02-17 09:15:00,3.096,3.107,3.095,3.101,56422.5
2026-02-17 09:30:00,3.102,3.105,3.095,3.1,33088.8
2026-02-17 09:45:00,3.101,3.112,3.1,3.108,23080.6
2026-02-17 10:00:00,3.108,3.113,3.104,3.105,25542.7
2026-02-17 10:15:00,3.104,3.104,3.083,3.088,100947.8
2026-02-17 10:30:00,3.088,3.097,3.086,3.095,61688.4
2026-02-17 10:45:00,3.096,3.097,3.089,3.094,18553.1
2026-02-17 11:00:00,3.095,3.104,3.089,3.1,62356.3
2026-02-17 11:15:00,3.101,3.115,3.097,3.112,66469.7
2026-02-17 11:30:00,3.113,3.114,3.102,3.105,28273.1
2026-02-17 11:45:00,3.105,3.111,3.1,3.11,26792.0
2026-02-17 12:00:00,3.11,3.124,3.108,3.118,52356.2
2026-02-17 12:15:00,3.118,3.125,3.112,3.122,36158.4
2026-02-17 12:30:00,3.123,3.132,3.122,3.125,57089.1
2026-02-17 12:45:00,3.125,3.127,3.106,3.11,38328.9
2026-02-17 13:00:00,3.111,3.135,3.107,3.132,60770.3
2026-02-17 13:15:00,3.133,3.146,3.128,3.132,49491.3
2026-02-17 13:30:00,3.132,3.133,3.121,3.123,52804.0
2026-02-17 13:45:00,3.122,3.149,3.12,3.135,80980.5
2026-02-17 14:00:00,3.135,3.151,3.13,3.137,53923.6
2026-02-17 14:15:00,3.136,3.14,3.131,3.133,22868.9
2026-02-17 14:30:00,3.134,3.152,3.085,3.097,176482.4
2026-02-17 14:45:00,3.097,3.104,3.072,3.084,304681.1
2026-02-17 15:00:00,3.084,3.116,3.082,3.099,89548.0
2026-02-17 15:15:00,3.099,3.12,3.083,3.09,44503.7
2026-02-17 15:30:00,3.091,3.096,3.071,3.095,82374.0
2026-02-17 15:45:00,3.095,3.12,3.093,3.118,96443.8
2026-02-17 16:00:00,3.119,3.16,3.113,3.135,123830.2
2026-02-17 16:15:00,3.136,3.149,3.116,3.117,45861.3
2026-02-17 16:30:00,3.118,3.167,3.114,3.145,88121.3
2026-02-17 16:45:00,3.146,3.146,3.128,3.129,56466.0
2026-02-17 17:00:00,3.129,3.133,3.089,3.099,85999.0
2026-02-17 17:15:00,3.101,3.119,3.099,3.116,45439.2
2026-02-17 17:30:00,3.117,3.119,3.081,3.082,55251.6
2026-02-17 17:45:00,3.081,3.103,3.076,3.103,59170.7
2026-02-17 18:00:00,3.102,3.114,3.096,3.109,46254.7
2026-02-17 18:15:00,3.109,3.151,3.103,3.147,85642.8
2026-02-17 18:30:00,3.148,3.171,3.136,3.16,69322.7
2026-02-17 18:45:00,3.159,3.162,3.146,3.149,54852.1
2026-02-17 19:00:00,3.15,3.154,3.14,3.148,38925.8
2026-02-17 19:15:00,3.147,3.152,3.124,3.127,34437.4
2026-02-17 19:30:00,3.127,3.133,3.118,3.13,29842.5
2026-02-17 19:45:00,3.13,3.136,3.118,3.122,19081.9
2026-02-17 20:00:00,3.122,3.13,3.112,3.114,35130.4
2026-02-17 20:15:00,3.114,3.118,3.102,3.11,34811.2
2026-02-17 20:30:00,3.11,3.118,3.097,3.113,74162.3
2026-02-17 20:45:00,3.113,3.117,3.105,3.107,34190.4
2026-02-17 21:00:00,3.107,3.123,3.104,3.121,44994.0
2026-02-17 21:15:00,3.121,3.122,3.106,3.107,17012.1
2026-02-17 21:30:00,3.107,3.111,3.102,3.11,21974.3
2026-02-17 21:45:00,3.11,3.117,3.108,3.114,11169.3
2026-02-17 22:00:00,3.114,3.117,3.104,3.106,28727.8
2026-02-17 22:15:00,3.107,3.111,3.101,3.109,19900.1
2026-02-17 22:30:00,3.11,3.116,3.102,3.103,13996.8
2026-02-17 22:45:00,3.103,3.108,3.092,3.095,22691.8
2026-02-17 23:00:00,3.095,3.1,3.089,3.093,44513.6
2026-02-17 23:15:00,3.094,3.105,3.091,3.096,48645.8
2026-02-17 23:30:00,3.096,3.101,3.091,3.1,12819.6
2026-02-17 23:45:00,3.101,3.105,3.094,3.098,16197.2
2026-02-18 00:00:00,3.099,3.102,3.095,3.097,27805.7
2026-02-18 00:15:00,3.098,3.105,3.09,3.099,24070.1
2026-02-18 00:30:00,3.1,3.106,3.097,3.097,14194.7
2026-02-18 00:45:00,3.097,3.098,3.085,3.088,33378.4
2026-02-18 01:00:00,3.088,3.092,3.079,3.085,43111.7
2026-02-18 01:15:00,3.085,3.093,3.084,3.086,23293.8
2026-02-18 01:30:00,3.085,3.087,3.076,3.086,21695.7
2026-02-18 01:45:00,3.086,3.089,3.076,3.079,32664.1
2026-02-18 02:00:00,3.079,3.1,3.078,3.097,39423.2
2026-02-18 02:15:00,3.097,3.101,3.09,3.09,17766.7
2026-02-18 02:30:00,3.091,3.109,3.088,3.106,33306.9
2026-02-18 02:45:00,3.107,3.108,3.1,3.103,11963.0
2026-02-18 03:00:00,3.102,3.108,3.1,3.107,16271.6
2026-02-18 03:15:00,3.108,3.114,3.106,3.11,18182.7
2026-02-18 03:30:00,3.11,3.115,3.107,3.113,16152.5
2026-02-18 03:45:00,3.112,3.115,3.108,3.108,10814.6
2026-02-18 04:00:00,3.109,3.115,3.105,3.107,20709.3
2026-02-18 04:15:00,3.106,3.112,3.104,3.108,9043.3
2026-02-18 04:30:00,3.107,3.114,3.103,3.106,28702.2
2026-02-18 04:45:00,3.106,3.111,3.102,3.104,15269.8
2026-02-18 05:00:00,3.103,3.107,3.096,3.105,34381.8
2026-02-18 05:15:00,3.105,3.109,3.1,3.102,17312.2
2026-02-18 05:30:00,3.102,3.106,3.097,3.105,18475.8
2026-02-18 05:45:00,3.105,3.114,3.103,3.107,17097.5
2026-02-18 06:00:00,3.107,3.115,3.105,3.114,26271.7
2026-02-18 06:15:00,3.114,3.122,3.109,3.122,46578.7
2026-02-18 06:30:00,3.121,3.123,3.117,3.119,29279.4
2026-02-18 06:45:00,3.119,3.122,3.104,3.107,61931.7
2026-02-18 07:00:00,3.108,3.115,3.104,3.11,52596.1
2026-02-18 07:15:00,3.11,3.113,3.107,3.112,14270.8
2026-02-18 07:30:00,3.112,3.134,3.111,3.13,52937.6
2026-02-18 07:45:00,3.129,3.139,3.124,3.128,48092.5
2026-02-18 08:00:00,3.128,3.133,3.122,3.125,58727.4
2026-02-18 08:15:00,3.126,3.144,3.125,3.134,35864.9
2026-02-18 08:30:00,3.135,3.138,3.125,3.127,21499.4
2026-02-18 08:45:00,3.128,3.133,3.121,3.124,36115.1
2026-02-18 09:00:00,3.124,3.127,3.12,3.122,30220.6
2026-02-18 09:15:00,3.123,3.123,3.118,3.119,12647.9
2026-02-18 09:30:00,3.12,3.126,3.119,3.124,13001.2
2026-02-18 09:45:00,3.124,3.124,3.113,3.116,34139.7
2026-02-18 10:00:00,3.117,3.128,3.115,3.124,16987.3
2026-02-18 10:15:00,3.124,3.125,3.111,3.114,25795.5
2026-02-18 10:30:00,3.113,3.113,3.098,3.1,28242.7
2026-02-18 10:45:00,3.101,3.106,3.099,3.103,31818.3
2026-02-18 11:00:00,3.103,3.104,3.075,3.093,125905.7
2026-02-18 11:15:00,3.093,3.106,3.09,3.102,44694.0
2026-02-18 11:30:00,3.102,3.107,3.096,3.105,34390.9
2026-02-18 11:45:00,3.105,3.109,3.095,3.096,19244.7
2026-02-18 12:00:00,3.097,3.106,3.094,3.096,28146.7
2026-02-18 12:15:00,3.097,3.101,3.092,3.1,19237.7
2026-02-18 12:30:00,3.101,3.101,3.084,3.096,48319.7
2026-02-18 12:45:00,3.096,3.103,3.092,3.093,19726.8
2026-02-18 13:00:00,3.093,3.098,3.087,3.093,58679.9
2026-02-18 13:15:00,3.093,3.098,3.086,3.096,42460.0
2026-02-18 13:30:00,3.096,3.097,3.079,3.082,33812.5
2026-02-18 13:45:00,3.083,3.083,3.061,3.069,139309.7
2026-02-18 14:00:00,3.07,3.075,3.065,3.073,59237.8
2026-02-18 14:15:00,3.073,3.076,3.061,3.061,53657.5
2026-02-18 14:30:00,3.061,3.081,3.054,3.064,133918.2
2026-02-18 14:45:00,3.065,3.083,3.04,3.076,125685.4
2026-02-18 15:00:00,3.076,3.101,3.074,3.09,90010.2
2026-02-18 15:15:00,3.091,3.097,3.087,3.088,44701.2
2026-02-18 15:30:00,3.088,3.135,3.087,3.122,118740.0
2026-02-18 15:45:00,3.123,3.124,3.097,3.1,35443.2
2026-02-18 16:00:00,3.101,3.102,3.072,3.076,88608.7
2026-02-18 16:15:00,3.076,3.087,3.073,3.083,33105.6
2026-02-18 16:30:00,3.084,3.086,3.068,3.073,25706.2
2026-02-18 16:45:00,3.073,3.074,3.06,3.064,40702.9
2026-02-18 17:00:00,3.065,3.095,3.063,3.071,69500.3
2026-02-18 17:15:00,3.071,3.077,3.057,3.058,22378.2
2026-02-18 17:30:00,3.058,3.064,3.055,3.056,31251.4
2026-02-18 17:45:00,3.056,3.06,3.047,3.049,53931.6
2026-02-18 18:00:00,3.05,3.055,3.044,3.048,34358.9
2026-02-18 18:15:00,3.049,3.051,3.016,3.035,153009.1
2026-02-18 18:30:00,3.036,3.042,2.986,3.001,217635.7
2026-02-18 18:45:00,3.001,3.017,2.999,3.004,92697.5
2026-02-18 19:00:00,3.004,3.02,3.0,3.006,49423.2
2026-02-18 19:15:00,3.006,3.009,2.993,2.998,56512.5
2026-02-18 19:30:00,2.999,3.002,2.971,2.982,200026.1
2026-02-18 19:45:00,2.982,2.996,2.975,2.985,71763.4
2026-02-18 20:00:00,2.984,2.995,2.982,2.985,77047.7
2026-02-18 20:15:00,2.985,2.987,2.976,2.982,63226.0
2026-02-18 20:30:00,2.983,3.0,2.983,2.992,92096.1
2026-02-18 20:45:00,2.992,3.001,2.978,2.982,138682.0
2026-02-18 21:00:00,2.983,2.987,2.971,2.979,53719.9
2026-02-18 21:15:00,2.979,2.983,2.974,2.982,29637.9
2026-02-18 21:30:00,2.982,2.987,2.979,2.982,22158.2
2026-02-18 21:45:00,2.983,2.983,2.972,2.978,39526.8
2026-02-18 22:00:00,2.979,2.983,2.955,2.965,128851.3
2026-02-18 22:15:00,2.966,2.973,2.957,2.961,33898.3
2026-02-18 22:30:00,2.961,2.978,2.961,2.975,21430.0
2026-02-18 22:45:00,2.975,2.977,2.97,2.973,11362.8
2026-02-18 23:00:00,2.974,2.976,2.966,2.973,27156.5
2026-02-18 23:15:00,2.973,2.974,2.964,2.966,13249.2
2026-02-18 23:30:00,2.966,2.977,2.966,2.976,41566.3
2026-02-18 23:45:00,2.975,2.983,2.974,2.981,27872.1
2026-02-19 00:00:00,2.982,2.985,2.974,2.974,50923.5
2026-02-19 00:15:00,2.975,2.984,2.969,2.978,26156.6
2026-02-19 00:30:00,2.977,2.983,2.97,2.98,26165.4
2026-02-19 00:45:00,2.98,2.982,2.965,2.971,27342.8
2026-02-19 01:00:00,2.97,3.005,2.97,2.992,134040.1
2026-02-19 01:15:00,2.993,2.993,2.976,2.982,27663.1
2026-02-19 01:30:00,2.982,3.259,2.976,3.243,3998655.8
2026-02-19 01:45:00,3.243,3.367,3.066,3.317,10751269.6
2026-02-19 02:00:00,3.317,3.339,3.2,3.244,3596377.1
2026-02-19 02:15:00,3.244,3.281,3.182,3.248,1559410.1
2026-02-19 02:30:00,3.249,3.279,3.226,3.237,816907.5
2026-02-19 02:45:00,3.238,3.253,3.211,3.253,583321.7
2026-02-19 03:00:00,3.253,3.359,3.245,3.308,1301831.8
2026-02-19 03:15:00,3.309,3.355,3.251,3.307,1181600.1
2026-02-19 03:30:00,3.307,3.353,3.282,3.317,573048.7
2026-02-19 03:45:00,3.318,3.378,3.307,3.374,853109.2
2026-02-19 04:00:00,3.374,3.405,3.324,3.35,918594.6
2026-02-19 04:15:00,3.351,3.41,3.328,3.378,589938.0
2026-02-19 04:30:00,3.378,3.434,3.371,3.393,786976.1
2026-02-19 04:45:00,3.393,3.44,3.371,3.392,881606.2
2026-02-19 05:00:00,3.392,3.402,3.333,3.366,809825.8
2026-02-19 05:15:00,3.367,3.381,3.309,3.328,844944.1
2026-02-19 05:30:00,3.329,3.352,3.284,3.298,646964.6
2026-02-19 05:45:00,3.3,3.323,3.275,3.314,848460.4
2026-02-19 06:00:00,3.314,3.339,3.297,3.325,423436.7
2026-02-19 06:15:00,3.325,3.334,3.294,3.302,313780.6
2026-02-19 06:30:00,3.303,3.321,3.268,3.294,727877.8
2026-02-19 06:45:00,3.295,3.311,3.281,3.31,327350.9
2026-02-19 07:00:00,3.311,3.333,3.289,3.326,599046.0
2026-02-19 07:15:00,3.327,3.362,3.304,3.349,362665.4
2026-02-19 07:30:00,3.348,3.374,3.326,3.368,560296.6
2026-02-19 07:45:00,3.368,3.385,3.293,3.311,1113229.0
2026-02-19 08:00:00,3.312,3.312,3.143,3.199,2925274.8
2026-02-19 08:15:00,3.199,3.216,3.177,3.21,614021.9
2026-02-19 08:30:00,3.211,3.243,3.191,3.237,560414.3
2026-02-19 08:45:00,3.237,3.238,3.21,3.229,379560.2
2026-02-19 09:00:00,3.23,3.248,3.223,3.232,409111.9
2026-02-19 09:15:00,3.232,3.254,3.218,3.224,254365.0
2026-02-19 09:30:00,3.225,3.23,3.189,3.192,414232.8
2026-02-19 09:45:00,3.193,3.207,3.156,3.176,389601.7
2026-02-19 10:00:00,3.176,3.177,3.142,3.168,312274.7
2026-02-19 10:15:00,3.168,3.182,3.161,3.172,177099.7
2026-02-19 10:30:00,3.173,3.186,3.155,3.175,270636.2
2026-02-19 10:45:00,3.175,3.194,3.168,3.183,182063.7
2026-02-19 11:00:00,3.183,3.193,3.157,3.157,215409.7
2026-02-19 11:15:00,3.156,3.173,3.145,3.165,252896.2
2026-02-19 11:30:00,3.165,3.206,3.16,3.189,272548.1
2026-02-19 11:45:00,3.188,3.19,3.154,3.158,230955.1
2026-02-19 12:00:00,3.158,3.198,3.149,3.169,471814.2
2026-02-19 12:15:00,3.169,3.181,3.159,3.178,186293.6
2026-02-19 12:30:00,3.179,3.22,3.176,3.194,352665.2
2026-02-19 12:45:00,3.193,3.244,3.191,3.225,1034097.4
2026-02-19 13:00:00,3.225,3.263,3.208,3.262,788802.3
2026-02-19 13:15:00,3.262,3.274,3.205,3.21,867094.3
2026-02-19 13:30:00,3.211,3.218,3.127,3.142,968501.9
2026-02-19 13:45:00,3.143,3.157,3.113,3.143,650422.9
2026-02-19 14:00:00,3.144,3.182,3.139,3.174,423621.6
2026-02-19 14:15:00,3.175,3.195,3.15,3.188,354128.6
2026-02-19 14:30:00,3.189,3.204,3.164,3.186,352790.5
2026-02-19 14:45:00,3.187,3.225,3.168,3.214,328091.7
2026-02-19 15:00:00,3.213,3.243,3.203,3.215,660032.7
2026-02-19 15:15:00,3.215,3.249,3.207,3.214,443084.9
2026-02-19 15:30:00,3.214,3.217,3.183,3.191,434864.4
2026-02-19 15:45:00,3.191,3.197,3.165,3.182,693737.1
2026-02-19 16:00:00,3.182,3.188,3.055,3.08,2511775.1
2026-02-19 16:15:00,3.08,3.113,3.071,3.11,434384.0
2026-02-19 16:30:00,3.11,3.175,3.108,3.164,517907.0
2026-02-19 16:45:00,3.165,3.212,3.162,3.194,706020.1
2026-02-19 17:00:00,3.194,3.209,3.175,3.202,376794.5
2026-02-19 17:15:00,3.203,3.262,3.194,3.21,893981.3
2026-02-19 17:30:00,3.211,3.243,3.21,3.235,371348.5
2026-02-19 17:45:00,3.235,3.236,3.189,3.222,456923.4
2026-02-19 18:00:00,3.222,3.312,3.21,3.309,693677.9
2026-02-19 18:15:00,3.308,3.387,3.288,3.367,1861586.2
2026-02-19 18:30:00,3.368,3.424,3.325,3.337,1911317.1
2026-02-19 18:45:00,3.336,3.374,3.268,3.284,1309369.8
2026-02-19 19:00:00,3.284,3.329,3.267,3.294,818309.8
2026-02-19 19:15:00,3.295,3.309,3.252,3.273,607879.7
2026-02-19 19:30:00,3.274,3.293,3.248,3.285,436837.4
2026-02-19 19:45:00,3.285,3.287,3.236,3.256,374673.0
2026-02-19 20:00:00,3.255,3.271,3.237,3.252,498318.5
2026-02-19 20:15:00,3.252,3.254,3.211,3.235,504155.6
2026-02-19 20:30:00,3.235,3.268,3.227,3.256,375630.3
2026-02-19 20:45:00,3.255,3.274,3.255,3.259,208198.3
2026-02-19 21:00:00,3.258,3.26,3.231,3.238,189367.5
2026-02-19 21:15:00,3.238,3.285,3.237,3.282,226769.1
2026-02-19 21:30:00,3.281,3.298,3.274,3.293,199296.8
2026-02-19 21:45:00,3.294,3.298,3.272,3.282,212536.8
2026-02-19 22:00:00,3.282,3.298,3.255,3.259,385599.5
2026-02-19 22:15:00,3.259,3.262,3.24,3.25,174230.7
2026-02-19 22:30:00,3.251,3.288,3.249,3.271,311465.1
2026-02-19 22:45:00,3.272,3.303,3.259,3.288,283353.7
2026-02-19 23:00:00,3.287,3.296,3.248,3.264,497079.3
2026-02-19 23:15:00,3.263,3.306,3.258,3.303,362146.3
2026-02-19 23:30:00,3.303,3.316,3.297,3.299,334688.9
2026-02-19 23:45:00,3.3,3.301,3.266,3.272,516702.5
2026-02-20 00:00:00,3.272,3.288,3.116,3.151,2950979.0
2026-02-20 00:15:00,3.152,3.208,3.132,3.186,818951.4
2026-02-20 00:30:00,3.185,3.21,3.178,3.206,546407.1
2026-02-20 00:45:00,3.205,3.222,3.195,3.209,293066.7
2026-02-20 01:00:00,3.209,3.213,3.186,3.189,244520.9
2026-02-20 01:15:00,3.189,3.208,3.166,3.188,339520.4
2026-02-20 01:30:00,3.188,3.219,3.183,3.212,297144.8
2026-02-20 01:45:00,3.211,3.222,3.187,3.204,476262.5
2026-02-20 02:00:00,3.205,3.226,3.202,3.216,263974.0
2026-02-20 02:15:00,3.216,3.247,3.216,3.233,223402.5
2026-02-20 02:30:00,3.233,3.243,3.216,3.225,215266.7
2026-02-20 02:45:00,3.224,3.227,3.19,3.193,246399.0
2026-02-20 03:00:00,3.194,3.2,3.182,3.189,181339.1
2026-02-20 03:15:00,3.189,3.208,3.185,3.195,134659.0
2026-02-20 03:30:00,3.195,3.197,3.166,3.176,323859.0
2026-02-20 03:45:00,3.176,3.197,3.172,3.187,219184.5
2026-02-20 04:00:00,3.187,3.199,3.168,3.184,210043.0
2026-02-20 04:15:00,3.184,3.19,3.145,3.153,319450.7
2026-02-20 04:30:00,3.153,3.183,3.152,3.181,209752.7
2026-02-20 04:45:00,3.18,3.185,3.164,3.171,150974.4
2026-02-20 05:00:00,3.171,3.19,3.165,3.189,229952.6
2026-02-20 05:15:00,3.189,3.2,3.176,3.196,193644.6
2026-02-20 05:30:00,3.195,3.227,3.188,3.222,293283.0
2026-02-20 05:45:00,3.223,3.269,3.22,3.264,384406.9
2026-02-20 06:00:00,3.264,3.277,3.241,3.257,365999.7
2026-02-20 06:15:00,3.258,3.27,3.237,3.243,180258.1
2026-02-20 06:30:00,3.243,3.254,3.238,3.244,86097.3
2026-02-20 06:45:00,3.245,3.288,3.242,3.279,229204.6
2026-02-20 07:00:00,3.28,3.284,3.257,3.276,357482.1
2026-02-20 07:15:00,3.277,3.281,3.248,3.248,227098.4
2026-02-20 07:30:00,3.249,3.252,3.231,3.235,307031.2
2026-02-20 07:45:00,3.235,3.265,3.228,3.242,442653.5
2026-02-20 08:00:00,3.242,3.265,3.217,3.246,640787.2
2026-02-20 08:15:00,3.246,3.246,3.229,3.237,233306.9
2026-02-20 08:30:00,3.237,3.252,3.231,3.245,254921.5
2026-02-20 08:45:00,3.245,3.25,3.225,3.233,169839.8
2026-02-20 09:00:00,3.232,3.257,3.226,3.243,199633.5
2026-02-20 09:15:00,3.242,3.274,3.242,3.265,201416.7
2026-02-20 09:30:00,3.265,3.267,3.243,3.243,130875.0
2026-02-20 09:45:00,3.244,3.259,3.235,3.244,151068.0
2026-02-20 10:00:00,3.244,3.265,3.235,3.259,203327.5
2026-02-20 10:15:00,3.259,3.269,3.251,3.252,147495.5
2026-02-20 10:30:00,3.252,3.272,3.251,3.269,137360.2
2026-02-20 10:45:00,3.269,3.281,3.257,3.266,206474.2
2026-02-20 11:00:00,3.267,3.324,3.261,3.31,473913.7
2026-02-20 11:15:00,3.311,3.327,3.245,3.263,712958.0
2026-02-20 11:30:00,3.263,3.326,3.263,3.309,330367.5
2026-02-20 11:45:00,3.308,3.334,3.299,3.314,390479.4
2026-02-20 12:00:00,3.315,3.322,3.29,3.31,305129.4
2026-02-20 12:15:00,3.311,3.322,3.288,3.292,190090.7
2026-02-20 12:30:00,3.292,3.305,3.274,3.288,241571.1
2026-02-20 12:45:00,3.289,3.297,3.264,3.293,358861.8
2026-02-20 13:00:00,3.293,3.296,3.264,3.288,337695.9
2026-02-20 13:15:00,3.288,3.288,3.263,3.273,212774.0
2026-02-20 13:30:00,3.273,3.279,3.24,3.261,482796.8
2026-02-20 13:45:00,3.261,3.308,3.243,3.287,456730.7
2026-02-20 14:00:00,3.288,3.327,3.279,3.285,444460.7
2026-02-20 14:15:00,3.286,3.29,3.244,3.268,315965.0
2026-02-20 14:30:00,3.268,3.332,3.26,3.319,388931.6
2026-02-20 14:45:00,3.319,3.321,3.285,3.292,170388.5
2026-02-20 15:00:00,3.293,3.358,3.289,3.336,536536.4
2026-02-20 15:15:00,3.337,3.413,3.337,3.394,1033286.9
2026-02-20 15:30:00,3.395,3.405,3.347,3.35,302379.7
2026-02-20 15:45:00,3.351,3.467,3.349,3.441,594118.1
2026-02-20 16:00:00,3.441,3.449,3.402,3.409,686044.9
2026-02-20 16:15:00,3.41,3.426,3.381,3.383,342013.6
2026-02-20 16:30:00,3.383,3.414,3.377,3.395,232555.9
2026-02-20 16:45:00,3.395,3.421,3.382,3.415,200208.5
2026-02-20 17:00:00,3.414,3.424,3.364,3.364,239707.5
2026-02-20 17:15:00,3.364,3.376,3.352,3.365,269658.7
2026-02-20 17:30:00,3.366,3.378,3.341,3.364,274010.2
2026-02-20 17:45:00,3.364,3.394,3.36,3.39,185986.2
2026-02-20 18:00:00,3.389,3.409,3.377,3.401,167763.6
2026-02-20 18:15:00,3.402,3.411,3.364,3.389,177734.0
2026-02-20 18:30:00,3.39,3.409,3.369,3.385,136454.6
2026-02-20 18:45:00,3.385,3.393,3.376,3.386,76229.4
2026-02-20 19:00:00,3.387,3.402,3.373,3.373,108853.8
2026-02-20 19:15:00,3.374,3.384,3.361,3.366,68428.5
2026-02-20 19:30:00,3.367,3.394,3.364,3.366,80215.5
2026-02-20 19:45:00,3.366,3.378,3.362,3.377,43811.8
2026-02-20 20:00:00,3.377,3.393,3.37,3.39,116141.6
2026-02-20 20:15:00,3.389,3.39,3.362,3.366,91592.4
2026-02-20 20:30:00,3.366,3.388,3.366,3.386,59816.6
2026-02-20 20:45:00,3.387,3.392,3.371,3.38,85682.1
2026-02-20 21:00:00,3.38,3.392,3.371,3.39,83990.3
2026-02-20 21:15:00,3.39,3.401,3.385,3.392,74224.7
2026-02-20 21:30:00,3.392,3.422,3.39,3.409,71421.7
2026-02-20 21:45:00,3.41,3.427,3.401,3.417,149972.7
2026-02-20 22:00:00,3.417,3.418,3.379,3.379,125743.0
2026-02-20 22:15:00,3.38,3.397,3.363,3.392,80676.6
2026-02-20 22:30:00,3.393,3.407,3.386,3.397,41805.3
2026-02-20 22:45:00,3.398,3.428,3.394,3.426,65735.8
2026-02-20 23:00:00,3.426,3.44,3.412,3.413,202184.5
2026-02-20 23:15:00,3.412,3.424,3.407,3.415,109992.9
2026-02-20 23:30:00,3.416,3.427,3.405,3.419,88466.0
2026-02-20 23:45:00,3.42,3.44,3.418,3.435,157278.7
2026-02-21 00:00:00,3.434,3.451,3.399,3.419,423433.8
2026-02-21 00:15:00,3.419,3.437,3.404,3.412,301829.9
2026-02-21 00:30:00,3.411,3.434,3.399,3.428,198859.2
2026-02-21 00:45:00,3.427,3.472,3.426,3.441,410066.7
2026-02-21 01:00:00,3.44,3.47,3.429,3.463,236826.6
2026-02-21 01:15:00,3.462,3.482,3.451,3.462,251460.0
2026-02-21 01:30:00,3.463,3.468,3.42,3.432,355758.5
2026-02-21 01:45:00,3.433,3.437,3.406,3.425,174555.3
2026-02-21 02:00:00,3.425,3.433,3.406,3.421,133392.1
2026-02-21 02:15:00,3.422,3.447,3.413,3.444,90674.3
2026-02-21 02:30:00,3.445,3.477,3.444,3.476,161223.0
2026-02-21 02:45:00,3.477,3.49,3.46,3.468,99802.6
2026-02-21 03:00:00,3.468,3.47,3.418,3.451,389041.5
2026-02-21 03:15:00,3.451,3.466,3.437,3.465,127902.5
2026-02-21 03:30:00,3.465,3.508,3.465,3.471,333312.1
2026-02-21 03:45:00,3.472,3.479,3.442,3.454,250422.0
2026-02-21 04:00:00,3.454,3.474,3.448,3.46,122094.9
2026-02-21 04:15:00,3.461,3.495,3.459,3.491,126758.0
2026-02-21 04:30:00,3.491,3.508,3.479,3.493,571941.4
2026-02-21 04:45:00,3.494,3.496,3.474,3.48,193366.3
2026-02-21 05:00:00,3.481,3.518,3.479,3.516,146813.6
2026-02-21 05:15:00,3.517,3.547,3.514,3.54,684406.1
2026-02-21 05:30:00,3.541,3.547,3.503,3.508,305862.5
2026-02-21 05:45:00,3.508,3.525,3.485,3.495,341451.6
2026-02-21 06:00:00,3.496,3.503,3.473,3.476,202824.8
2026-02-21 06:15:00,3.476,3.478,3.445,3.445,185947.3
2026-02-21 06:30:00,3.445,3.445,3.387,3.403,314639.9
2026-02-21 06:45:00,3.403,3.429,3.402,3.418,153229.1
2026-02-21 07:00:00,3.418,3.435,3.405,3.431,149945.9
2026-02-21 07:15:00,3.432,3.435,3.418,3.422,73856.0
2026-02-21 07:30:00,3.423,3.515,3.419,3.512,677717.0
2026-02-21 07:45:00,3.513,3.532,3.482,3.487,260858.5
2026-02-21 08:00:00,3.487,3.49,3.461,3.465,207914.0
2026-02-21 08:15:00,3.465,3.488,3.465,3.487,101198.2
2026-02-21 08:30:00,3.486,3.501,3.478,3.49,138060.4
2026-02-21 08:45:00,3.49,3.515,3.485,3.506,275888.2
2026-02-21 09:00:00,3.506,3.589,3.501,3.55,548675.9
2026-02-21 09:15:00,3.55,3.664,3.55,3.656,1393605.0
2026-02-21 09:30:00,3.657,3.73,3.647,3.729,943612.9
2026-02-21 09:45:00,3.729,3.741,3.645,3.667,920110.0
2026-02-21 10:00:00,3.667,3.838,3.666,3.821,1937928.0
2026-02-21 10:15:00,3.822,3.846,3.769,3.805,1232135.5
2026-02-21 10:30:00,3.805,3.885,3.791,3.801,1447079.2
2026-02-21 10:45:00,3.8,3.827,3.767,3.791,817024.9
2026-02-21 11:00:00,3.792,3.881,3.787,3.821,1066080.5
2026-02-21 11:15:00,3.821,3.864,3.775,3.84,697263.9
2026-02-21 11:30:00,3.84,3.877,3.817,3.832,651613.7
2026-02-21 11:45:00,3.832,3.879,3.821,3.849,634018.6
2026-02-21 12:00:00,3.849,3.965,3.849,3.953,1834022.4
2026-02-21 12:15:00,3.953,3.977,3.871,3.891,1408462.0
2026-02-21 12:30:00,3.891,3.938,3.839,3.848,1405166.5
2026-02-21 12:45:00,3.847,3.885,3.818,3.867,1079414.8
2026-02-21 13:00:00,3.868,3.897,3.839,3.852,897369.0
2026-02-21 13:15:00,3.851,3.86,3.806,3.856,663980.4
2026-02-21 13:30:00,3.856,3.959,3.843,3.899,1725073.2
2026-02-21 13:45:00,3.899,4.018,3.887,3.99,2326200.9
2026-02-21 14:00:00,3.99,4.005,3.896,3.909,1878961.9
2026-02-21 14:15:00,3.909,3.927,3.897,3.91,668965.2
2026-02-21 14:30:00,3.91,3.911,3.853,3.858,779269.9
2026-02-21 14:45:00,3.857,3.859,3.811,3.823,827413.3
2026-02-21 15:00:00,3.824,3.856,3.82,3.838,518817.4
2026-02-21 15:15:00,3.838,3.867,3.828,3.831,631660.0
2026-02-21 15:30:00,3.832,3.887,3.818,3.865,801913.0
2026-02-21 15:45:00,3.865,3.866,3.823,3.825,764980.2
2026-02-21 16:00:00,3.824,3.845,3.755,3.804,1149067.3
2026-02-21 16:15:00,3.804,3.894,3.801,3.871,846531.2
2026-02-21 16:30:00,3.871,3.906,3.855,3.862,533701.6
2026-02-21 16:45:00,3.861,3.876,3.826,3.84,493102.2
2026-02-21 17:00:00,3.84,3.84,3.807,3.81,349014.9
2026-02-21 17:15:00,3.81,3.813,3.783,3.79,356467.2
2026-02-21 17:30:00,3.79,3.79,3.746,3.754,524583.0
2026-02-21 17:45:00,3.754,3.759,3.728,3.735,387737.7
2026-02-21 18:00:00,3.735,3.755,3.725,3.744,243160.2
2026-02-21 18:15:00,3.743,3.766,3.724,3.729,305508.0
2026-02-21 18:30:00,3.729,3.736,3.712,3.719,254461.6
2026-02-21 18:45:00,3.719,3.754,3.719,3.747,169018.1
2026-02-21 19:00:00,3.747,3.774,3.741,3.769,199774.8
2026-02-21 19:15:00,3.769,3.784,3.751,3.763,202033.6
2026-02-21 19:30:00,3.764,3.782,3.745,3.75,203163.1
2026-02-21 19:45:00,3.749,3.766,3.741,3.753,157246.4
2026-02-21 20:00:00,3.753,3.798,3.736,3.747,460722.9
2026-02-21 20:15:00,3.748,3.761,3.725,3.736,299097.5
2026-02-21 20:30:00,3.736,3.738,3.719,3.727,272593.8
2026-02-21 20:45:00,3.727,3.735,3.715,3.719,145966.7
2026-02-21 21:00:00,3.719,3.782,3.718,3.774,405961.4
2026-02-21 21:15:00,3.774,3.784,3.761,3.773,200016.3
2026-02-21 21:30:00,3.774,3.829,3.766,3.825,354869.6
2026-02-21 21:45:00,3.825,3.876,3.817,3.842,580924.5
2026-02-21 22:00:00,3.843,3.86,3.761,3.781,572227.2
2026-02-21 22:15:00,3.78,3.813,3.778,3.798,226869.0
2026-02-21 22:30:00,3.797,3.803,3.775,3.779,140965.4
2026-02-21 22:45:00,3.779,3.807,3.769,3.773,173378.7
2026-02-21 23:00:00,3.773,3.801,3.76,3.774,305986.8
2026-02-21 23:15:00,3.774,3.812,3.774,3.786,244239.8
2026-02-21 23:30:00,3.785,3.8,3.775,3.797,129906.1
2026-02-21 23:45:00,3.796,3.798,3.759,3.769,213836.1
2026-02-22 00:00:00,3.768,3.768,3.666,3.712,1234473.4
2026-02-22 00:15:00,3.712,3.748,3.689,3.712,507183.4
2026-02-22 00:30:00,3.712,3.775,3.709,3.72,810157.3
2026-02-22 00:45:00,3.721,3.739,3.693,3.72,345444.8
2026-02-22 01:00:00,3.72,3.725,3.692,3.701,322327.3
2026-02-22 01:15:00,3.701,3.725,3.681,3.72,303652.1
2026-02-22 01:30:00,3.72,3.752,3.72,3.744,269810.7
2026-02-22 01:45:00,3.744,3.745,3.697,3.701,241709.7
2026-02-22 02:00:00,3.701,3.738,3.695,3.722,277147.6
2026-02-22 02:15:00,3.722,3.733,3.7,3.712,137893.3
2026-02-22 02:30:00,3.713,3.719,3.66,3.681,316895.6
2026-02-22 02:45:00,3.682,3.701,3.681,3.693,135110.8
2026-02-22 03:00:00,3.693,3.695,3.657,3.669,195839.4
2026-02-22 03:15:00,3.67,3.675,3.644,3.655,237827.7
2026-02-22 03:30:00,3.655,3.666,3.642,3.643,191147.9
2026-02-22 03:45:00,3.643,3.662,3.633,3.64,313470.8
2026-02-22 04:00:00,3.641,3.656,3.636,3.648,149088.5
2026-02-22 04:15:00,3.648,3.66,3.634,3.658,212713.0
2026-02-22 04:30:00,3.658,3.666,3.643,3.648,225794.4
2026-02-22 04:45:00,3.649,3.659,3.646,3.653,98936.7
2026-02-22 05:00:00,3.654,3.658,3.624,3.63,176604.0
2026-02-22 05:15:00,3.63,3.636,3.605,3.634,294944.7
2026-02-22 05:30:00,3.634,3.637,3.62,3.632,147237.8
2026-02-22 05:45:00,3.633,3.634,3.618,3.625,153255.0
2026-02-22 06:00:00,3.625,3.639,3.604,3.613,284149.8
2026-02-22 06:15:00,3.613,3.624,3.588,3.589,245771.5
2026-02-22 06:30:00,3.59,3.601,3.557,3.589,619091.0
2026-02-22 06:45:00,3.59,3.606,3.584,3.598,156169.0
2026-02-22 07:00:00,3.598,3.622,3.592,3.62,235340.3
2026-02-22 07:15:00,3.62,3.661,3.616,3.659,278068.8
2026-02-22 07:30:00,3.66,3.673,3.649,3.657,363524.9
2026-02-22 07:45:00,3.658,3.659,3.627,3.637,200212.2
2026-02-22 08:00:00,3.637,3.637,3.622,3.629,242792.9
2026-02-22 08:15:00,3.629,3.629,3.606,3.608,190087.1
2026-02-22 08:30:00,3.608,3.615,3.595,3.6,186940.6
2026-02-22 08:45:00,3.6,3.604,3.589,3.59,176472.4
2026-02-22 09:00:00,3.591,3.605,3.586,3.604,186666.7
2026-02-22 09:15:00,3.605,3.617,3.6,3.608,99691.3
2026-02-22 09:30:00,3.608,3.616,3.604,3.614,79004.5
2026-02-22 09:45:00,3.615,3.627,3.606,3.619,196418.8
2026-02-22 10:00:00,3.619,3.629,3.595,3.618,262140.2
2026-02-22 10:15:00,3.619,3.632,3.611,3.612,235073.8
2026-02-22 10:30:00,3.612,3.625,3.596,3.599,196711.7
2026-02-22 10:45:00,3.6,3.601,3.572,3.577,351460.4
2026-02-22 11:00:00,3.577,3.599,3.574,3.594,292293.6
2026-02-22 11:15:00,3.594,3.598,3.573,3.574,151525.0
2026-02-22 11:30:00,3.574,3.593,3.572,3.576,268379.3
2026-02-22 11:45:00,3.577,3.578,3.558,3.564,133713.4
2026-02-22 12:00:00,3.565,3.566,3.538,3.556,367650.3
2026-02-22 12:15:00,3.556,3.564,3.549,3.56,146423.3
2026-02-22 12:30:00,3.56,3.576,3.55,3.565,158466.1
2026-02-22 12:45:00,3.566,3.58,3.555,3.56,176072.3
2026-02-22 13:00:00,3.56,3.563,3.526,3.541,225053.8
2026-02-22 13:15:00,3.542,3.565,3.539,3.548,238264.9
2026-02-22 13:30:00,3.549,3.569,3.548,3.565,224317.8
2026-02-22 13:45:00,3.565,3.565,3.547,3.553,134507.6
2026-02-22 14:00:00,3.553,3.574,3.544,3.565,189526.7
2026-02-22 14:15:00,3.566,3.586,3.56,3.573,258864.5
2026-02-22 14:30:00,3.574,3.581,3.553,3.555,160099.5
2026-02-22 14:45:00,3.556,3.562,3.542,3.552,238941.8
2026-02-22 15:00:00,3.553,3.558,3.535,3.543,143919.6
2026-02-22 15:15:00,3.543,3.552,3.536,3.551,101124.5
2026-02-22 15:30:00,3.551,3.578,3.547,3.577,167526.1
2026-02-22 15:45:00,3.578,3.578,3.566,3.566,86082.1
2026-02-22 16:00:00,3.566,3.567,3.549,3.553,153411.1
2026-02-22 16:15:00,3.554,3.562,3.516,3.522,289442.0
2026-02-22 16:30:00,3.522,3.533,3.513,3.527,368742.6
2026-02-22 16:45:00,3.527,3.529,3.515,3.527,117197.1
2026-02-22 17:00:00,3.528,3.536,3.523,3.525,119620.1
2026-02-22 17:15:00,3.525,3.535,3.524,3.529,96236.3
2026-02-22 17:30:00,3.529,3.54,3.521,3.538,181898.3
2026-02-22 17:45:00,3.538,3.553,3.531,3.548,128832.5
2026-02-22 18:00:00,3.548,3.55,3.536,3.546,148025.6
2026-02-22 18:15:00,3.546,3.559,3.546,3.551,149033.0
2026-02-22 18:30:00,3.552,3.552,3.543,3.544,64821.4
2026-02-22 18:45:00,3.544,3.545,3.542,3.543,29083.9
2026-02-22 19:00:00,3.544,3.573,3.544,3.573,159863.3
2026-02-22 19:15:00,3.573,3.577,3.559,3.572,140087.1
2026-02-22 19:30:00,3.572,3.579,3.566,3.576,104746.4
2026-02-22 19:45:00,3.577,3.59,3.571,3.58,104039.9
2026-02-22 20:00:00,3.58,3.581,3.551,3.557,168711.4
2026-02-22 20:15:00,3.557,3.566,3.555,3.558,37041.0
2026-02-22 20:30:00,3.557,3.559,3.539,3.546,122730.2
2026-02-22 20:45:00,3.545,3.548,3.531,3.535,67393.6
2026-02-22 21:00:00,3.535,3.54,3.528,3.531,61448.9
2026-02-22 21:15:00,3.532,3.536,3.516,3.523,75717.9
2026-02-22 21:30:00,3.524,3.539,3.52,3.536,54657.5
2026-02-22 21:45:00,3.536,3.547,3.529,3.53,95531.5
2026-02-22 22:00:00,3.531,3.531,3.501,3.508,204130.8
2026-02-22 22:15:00,3.508,3.521,3.504,3.517,45338.0
2026-02-22 22:30:00,3.517,3.522,3.512,3.52,45579.2
2026-02-22 22:45:00,3.521,3.526,3.516,3.52,37584.8
2026-02-22 23:00:00,3.52,3.539,3.518,3.528,90092.8
2026-02-22 23:15:00,3.527,3.528,3.507,3.509,98246.0
2026-02-22 23:30:00,3.51,3.517,3.493,3.501,118226.2
2026-02-22 23:45:00,3.5,3.509,3.492,3.503,118480.3
2026-02-23 00:00:00,3.503,3.529,3.5,3.522,241193.6
2026-02-23 00:15:00,3.521,3.524,3.499,3.512,109143.3
2026-02-23 00:30:00,3.512,3.512,3.487,3.501,193288.2
2026-02-23 00:45:00,3.501,3.537,3.5,3.514,232295.9
2026-02-23 01:00:00,3.513,3.513,3.435,3.459,915726.9
2026-02-23 01:15:00,3.459,3.47,3.402,3.417,530834.3
2026-02-23 01:30:00,3.416,3.448,3.404,3.441,222088.4
2026-02-23 01:45:00,3.44,3.452,3.383,3.389,452737.3
2026-02-23 02:00:00,3.388,3.432,3.382,3.427,209557.0
2026-02-23 02:15:00,3.427,3.428,3.401,3.407,128830.2
2026-02-23 02:30:00,3.407,3.414,3.405,3.408,81706.5
2026-02-23 02:45:00,3.409,3.429,3.398,3.429,137226.2
2026-02-23 03:00:00,3.429,3.47,3.428,3.444,354491.5
2026-02-23 03:15:00,3.443,3.443,3.415,3.416,164223.5
2026-02-23 03:30:00,3.416,3.424,3.4,3.423,146096.5
2026-02-23 03:45:00,3.424,3.426,3.41,3.412,84133.3
2026-02-23 04:00:00,3.413,3.419,3.4,3.403,104507.3
2026-02-23 04:15:00,3.402,3.404,3.374,3.387,212628.0
2026-02-23 04:30:00,3.386,3.391,3.342,3.344,340421.5
2026-02-23 04:45:00,3.344,3.385,3.337,3.384,174755.5
2026-02-23 05:00:00,3.384,3.406,3.382,3.398,137015.7
2026-02-23 05:15:00,3.398,3.413,3.394,3.41,97636.6
2026-02-23 05:30:00,3.411,3.418,3.401,3.403,71505.4
2026-02-23 05:45:00,3.403,3.403,3.395,3.399,49384.1
2026-02-23 06:00:00,3.4,3.446,3.396,3.441,154256.9
2026-02-23 06:15:00,3.44,3.44,3.403,3.405,136032.1
2026-02-23 06:30:00,3.406,3.408,3.397,3.4,83949.4
2026-02-23 06:45:00,3.4,3.417,3.4,3.411,53918.0
2026-02-23 07:00:00,3.411,3.426,3.408,3.413,78155.7
2026-02-23 07:15:00,3.413,3.426,3.409,3.421,78000.7
2026-02-23 07:30:00,3.422,3.428,3.404,3.42,58333.0
2026-02-23 07:45:00,3.42,3.428,3.404,3.404,71418.8
2026-02-23 08:00:00,3.404,3.41,3.388,3.392,160745.8
2026-02-23 08:15:00,3.393,3.396,3.376,3.39,104130.1
2026-02-23 08:30:00,3.39,3.394,3.372,3.378,90177.4
2026-02-23 08:45:00,3.378,3.384,3.368,3.378,92353.9
2026-02-23 09:00:00,3.378,3.398,3.378,3.394,92711.9
2026-02-23 09:15:00,3.394,3.395,3.38,3.384,62561.5
2026-02-23 09:30:00,3.384,3.422,3.382,3.404,134749.1
2026-02-23 09:45:00,3.405,3.426,3.405,3.425,112478.3
2026-02-23 10:00:00,3.425,3.457,3.421,3.451,184170.2
2026-02-23 10:15:00,3.452,3.469,3.444,3.461,143908.1
2026-02-23 10:30:00,3.462,3.474,3.455,3.471,90194.0
2026-02-23 10:45:00,3.472,3.475,3.455,3.46,88363.3
2026-02-23 11:00:00,3.46,3.485,3.456,3.472,98915.8
2026-02-23 11:15:00,3.471,3.488,3.462,3.465,79645.8
2026-02-23 11:30:00,3.465,3.467,3.449,3.454,106299.8
2026-02-23 11:45:00,3.454,3.458,3.441,3.447,89690.7
2026-02-23 12:00:00,3.447,3.458,3.435,3.45,144216.3
2026-02-23 12:15:00,3.45,3.465,3.442,3.464,133912.8
2026-02-23 12:30:00,3.464,3.536,3.449,3.534,223085.5
2026-02-23 12:45:00,3.535,3.548,3.508,3.519,232033.4
2026-02-23 13:00:00,3.52,3.545,3.519,3.532,157291.1
2026-02-23 13:15:00,3.531,3.531,3.501,3.527,137501.4
2026-02-23 13:30:00,3.527,3.527,3.496,3.513,137584.4
2026-02-23 13:45:00,3.512,3.515,3.468,3.475,169066.4
2026-02-23 14:00:00,3.474,3.477,3.456,3.459,139722.6
2026-02-23 14:15:00,3.459,3.471,3.438,3.446,174776.9
2026-02-23 14:30:00,3.445,3.474,3.44,3.461,181316.1
2026-02-23 14:45:00,3.46,3.494,3.458,3.476,144432.2
2026-02-23 15:00:00,3.476,3.48,3.428,3.433,170694.7
2026-02-23 15:15:00,3.433,3.449,3.416,3.42,127114.3
2026-02-23 15:30:00,3.421,3.428,3.412,3.416,81386.7
2026-02-23 15:45:00,3.417,3.419,3.392,3.396,156212.0
2026-02-23 16:00:00,3.395,3.397,3.371,3.378,206225.1
2026-02-23 16:15:00,3.379,3.419,3.377,3.412,145373.4
2026-02-23 16:30:00,3.412,3.426,3.393,3.401,133705.7
2026-02-23 16:45:00,3.401,3.402,3.376,3.382,93167.4
2026-02-23 17:00:00,3.382,3.394,3.373,3.377,80589.1
2026-02-23 17:15:00,3.376,3.386,3.347,3.347,208810.3
2026-02-23 17:30:00,3.347,3.381,3.341,3.375,211731.8
2026-02-23 17:45:00,3.374,3.385,3.351,3.384,149331.1
2026-02-23 18:00:00,3.384,3.414,3.376,3.407,146126.5
2026-02-23 18:15:00,3.407,3.416,3.402,3.409,87092.4
2026-02-23 18:30:00,3.409,3.424,3.386,3.404,130312.0
2026-02-23 18:45:00,3.404,3.404,3.37,3.372,78162.5
2026-02-23 19:00:00,3.373,3.385,3.363,3.368,72689.2
2026-02-23 19:15:00,3.368,3.374,3.352,3.358,80959.7
2026-02-23 19:30:00,3.359,3.366,3.345,3.35,62525.0
2026-02-23 19:45:00,3.351,3.357,3.338,3.347,57711.7
2026-02-23 20:00:00,3.348,3.36,3.341,3.347,90973.7
2026-02-23 20:15:00,3.346,3.353,3.316,3.334,149519.9
2026-02-23 20:30:00,3.335,3.359,3.335,3.356,84380.3
2026-02-23 20:45:00,3.356,3.365,3.351,3.363,46931.5
2026-02-23 21:00:00,3.363,3.375,3.349,3.358,108678.3
2026-02-23 21:15:00,3.359,3.361,3.345,3.349,65682.3
2026-02-23 21:30:00,3.349,3.357,3.338,3.341,85108.6
2026-02-23 21:45:00,3.342,3.356,3.341,3.351,54238.6
2026-02-23 22:00:00,3.352,3.353,3.331,3.346,95749.9
2026-02-23 22:15:00,3.346,3.352,3.341,3.348,55639.2
2026-02-23 22:30:00,3.348,3.352,3.342,3.348,34357.4
2026-02-23 22:45:00,3.349,3.351,3.329,3.334,52933.4
2026-02-23 23:00:00,3.335,3.355,3.334,3.347,35426.5
2026-02-23 23:15:00,3.347,3.352,3.334,3.336,46422.7
2026-02-23 23:30:00,3.336,3.34,3.321,3.324,162628.0
2026-02-23 23:45:00,3.323,3.33,3.308,3.317,150120.1
2026-02-24 00:00:00,3.317,3.334,3.317,3.331,108573.5
2026-02-24 00:15:00,3.332,3.364,3.33,3.363,154804.1
2026-02-24 00:30:00,3.364,3.374,3.355,3.365,111568.4
2026-02-24 00:45:00,3.365,3.389,3.364,3.378,119988.7
2026-02-24 01:00:00,3.378,3.378,3.337,3.339,113714.6
2026-02-24 01:15:00,3.338,3.389,3.305,3.378,328614.7
2026-02-24 01:30:00,3.377,3.382,3.355,3.366,118490.7
2026-02-24 01:45:00,3.365,3.376,3.357,3.36,84989.7
2026-02-24 02:00:00,3.359,3.361,3.336,3.354,152054.2
2026-02-24 02:15:00,3.354,3.374,3.352,3.361,140715.7
2026-02-24 02:30:00,3.36,3.375,3.346,3.346,81950.0
2026-02-24 02:45:00,3.346,3.346,3.332,3.337,108736.1
2026-02-24 03:00:00,3.338,3.338,3.235,3.25,1024991.1
2026-02-24 03:15:00,3.251,3.264,3.245,3.247,166481.6
2026-02-24 03:30:00,3.246,3.251,3.237,3.241,95757.4
2026-02-24 03:45:00,3.24,3.252,3.23,3.248,177993.8
2026-02-24 04:00:00,3.248,3.26,3.238,3.239,185351.8
2026-02-24 04:15:00,3.24,3.255,3.229,3.243,129212.9
2026-02-24 04:30:00,3.242,3.245,3.224,3.237,132209.1
2026-02-24 04:45:00,3.236,3.242,3.221,3.233,182644.1
2026-02-24 05:00:00,3.232,3.247,3.221,3.241,112401.0
2026-02-24 05:15:00,3.241,3.242,3.212,3.217,185327.0
2026-02-24 05:30:00,3.217,3.224,3.192,3.21,139337.1
2026-02-24 05:45:00,3.21,3.23,3.205,3.227,101642.6
2026-02-24 06:00:00,3.227,3.23,3.214,3.221,67576.6
2026-02-24 06:15:00,3.221,3.237,3.22,3.22,51229.7
2026-02-24 06:30:00,3.221,3.226,3.213,3.214,67368.2
2026-02-24 06:45:00,3.215,3.215,3.195,3.21,93292.6
2026-02-24 07:00:00,3.209,3.218,3.196,3.212,90940.9
2026-02-24 07:15:00,3.212,3.215,3.201,3.205,31621.3
2026-02-24 07:30:00,3.205,3.206,3.192,3.195,44062.8
2026-02-24 07:45:00,3.194,3.2,3.19,3.195,40367.1
2026-02-24 08:00:00,3.194,3.195,3.178,3.186,102334.1
2026-02-24 08:15:00,3.186,3.219,3.183,3.218,139074.5
2026-02-24 08:30:00,3.218,3.223,3.208,3.215,52596.4
2026-02-24 08:45:00,3.215,3.241,3.205,3.228,200505.7
2026-02-24 09:00:00,3.228,3.231,3.212,3.215,79563.9
2026-02-24 09:15:00,3.215,3.217,3.176,3.187,253945.3
2026-02-24 09:30:00,3.186,3.198,3.179,3.196,69667.5
2026-02-24 09:45:00,3.195,3.195,3.181,3.186,61183.5
2026-02-24 10:00:00,3.186,3.188,3.161,3.183,192922.4
2026-02-24 10:15:00,3.183,3.193,3.18,3.188,60147.2
2026-02-24 10:30:00,3.189,3.199,3.188,3.191,48262.4
2026-02-24 10:45:00,3.19,3.195,3.18,3.186,57856.4
2026-02-24 11:00:00,3.186,3.188,3.171,3.173,62761.5
2026-02-24 11:15:00,3.172,3.173,3.158,3.161,80606.5
2026-02-24 11:30:00,3.16,3.167,3.147,3.165,130813.8
2026-02-24 11:45:00,3.164,3.168,3.16,3.167,23168.8
2026-02-24 12:00:00,3.167,3.174,3.157,3.168,54342.3
2026-02-24 12:15:00,3.168,3.179,3.166,3.176,71650.3
2026-02-24 12:30:00,3.176,3.184,3.165,3.169,49112.1
2026-02-24 12:45:00,3.169,3.17,3.148,3.159,210615.6
2026-02-24 13:00:00,3.159,3.16,3.146,3.157,114876.0
2026-02-24 13:15:00,3.157,3.158,3.139,3.142,117755.0
2026-02-24 13:30:00,3.142,3.166,3.126,3.157,207369.0
2026-02-24 13:45:00,3.156,3.168,3.15,3.155,72577.2
2026-02-24 14:00:00,3.154,3.166,3.145,3.153,127332.4
2026-02-24 14:15:00,3.152,3.155,3.139,3.152,177601.5
2026-02-24 14:30:00,3.151,3.175,3.134,3.164,288270.9
2026-02-24 14:45:00,3.163,3.181,3.156,3.171,299345.8
2026-02-24 15:00:00,3.171,3.227,3.166,3.224,422280.5
2026-02-24 15:15:00,3.224,3.298,3.221,3.296,1116015.4
2026-02-24 15:30:00,3.295,3.297,3.227,3.24,647564.6
2026-02-24 15:45:00,3.241,3.248,3.211,3.221,201669.4
2026-02-24 16:00:00,3.221,3.245,3.21,3.21,212384.5
2026-02-24 16:15:00,3.21,3.21,3.178,3.183,200105.1
2026-02-24 16:30:00,3.183,3.199,3.161,3.193,423455.8
2026-02-24 16:45:00,3.194,3.207,3.185,3.206,121502.5
2026-02-24 17:00:00,3.206,3.206,3.184,3.192,129907.6
2026-02-24 17:15:00,3.193,3.193,3.175,3.178,108006.1
2026-02-24 17:30:00,3.179,3.19,3.173,3.182,67002.5
2026-02-24 17:45:00,3.183,3.205,3.18,3.181,141943.1
2026-02-24 18:00:00,3.182,3.194,3.158,3.16,131049.2
2026-02-24 18:15:00,3.16,3.171,3.153,3.161,86339.3
2026-02-24 18:30:00,3.161,3.188,3.16,3.18,105969.0
2026-02-24 18:45:00,3.18,3.183,3.168,3.172,59688.2
2026-02-24 19:00:00,3.172,3.187,3.163,3.163,110464.4
2026-02-24 19:15:00,3.163,3.168,3.154,3.159,50780.8
2026-02-24 19:30:00,3.16,3.182,3.159,3.178,78196.6
2026-02-24 19:45:00,3.177,3.178,3.166,3.167,37499.4
2026-02-24 20:00:00,3.167,3.18,3.161,3.168,95129.8
2026-02-24 20:15:00,3.167,3.177,3.165,3.169,56621.6
2026-02-24 20:30:00,3.17,3.176,3.166,3.168,35944.5
2026-02-24 20:45:00,3.168,3.171,3.154,3.156,69573.3
2026-02-24 21:00:00,3.157,3.158,3.113,3.122,328905.6
2026-02-24 21:15:00,3.122,3.129,3.112,3.12,75846.0
2026-02-24 21:30:00,3.12,3.135,3.117,3.122,95833.8
2026-02-24 21:45:00,3.122,3.13,3.121,3.125,40352.0
2026-02-24 22:00:00,3.126,3.147,3.124,3.14,73332.1
2026-02-24 22:15:00,3.14,3.142,3.131,3.133,53847.3
2026-02-24 22:30:00,3.134,3.138,3.13,3.133,18059.9
2026-02-24 22:45:00,3.132,3.14,3.124,3.139,41179.4
2026-02-24 23:00:00,3.138,3.144,3.119,3.122,114817.2
2026-02-24 23:15:00,3.122,3.131,3.119,3.127,101383.8
2026-02-24 23:30:00,3.126,3.132,3.119,3.121,62202.1
2026-02-24 23:45:00,3.12,3.132,3.114,3.126,171646.8
2026-02-25 00:00:00,3.126,3.129,3.113,3.122,99937.2
2026-02-25 00:15:00,3.122,3.128,3.108,3.112,98528.8
2026-02-25 00:30:00,3.111,3.132,3.111,3.131,57620.3
2026-02-25 00:45:00,3.132,3.134,3.118,3.125,66734.5
2026-02-25 01:00:00,3.125,3.236,3.125,3.229,388700.2
2026-02-25 01:15:00,3.229,3.269,3.213,3.239,306675.3
2026-02-25 01:30:00,3.24,3.24,3.209,3.212,173547.7
2026-02-25 01:45:00,3.212,3.214,3.197,3.206,125810.8
2026-02-25 02:00:00,3.204,3.248,3.201,3.241,211816.0
2026-02-25 02:15:00,3.242,3.259,3.226,3.258,159628.3
2026-02-25 02:30:00,3.259,3.265,3.219,3.227,125435.4
2026-02-25 02:45:00,3.228,3.232,3.213,3.213,45508.7
2026-02-25 03:00:00,3.213,3.216,3.185,3.2,100900.9
2026-02-25 03:15:00,3.2,3.201,3.171,3.181,84974.2
2026-02-25 03:30:00,3.181,3.194,3.177,3.187,79116.7
2026-02-25 03:45:00,3.188,3.192,3.174,3.174,104490.7
2026-02-25 04:00:00,3.174,3.177,3.152,3.17,111817.6
2026-02-25 04:15:00,3.17,3.177,3.159,3.176,68044.1
2026-02-25 04:30:00,3.176,3.179,3.163,3.176,37913.1
2026-02-25 04:45:00,3.176,3.179,3.161,3.165,64460.8
2026-02-25 05:00:00,3.165,3.167,3.147,3.149,117200.5
2026-02-25 05:15:00,3.149,3.154,3.128,3.13,140457.3
2026-02-25 05:30:00,3.13,3.138,3.111,3.122,136510.8
2026-02-25 05:45:00,3.123,3.141,3.122,3.126,96286.6
2026-02-25 06:00:00,3.127,3.13,3.121,3.126,49090.4
2026-02-25 06:15:00,3.126,3.139,3.121,3.128,91809.7
2026-02-25 06:30:00,3.127,3.145,3.121,3.139,53528.4
2026-02-25 06:45:00,3.138,3.139,3.122,3.125,61308.6
2026-02-25 07:00:00,3.126,3.142,3.123,3.141,49380.5
2026-02-25 07:15:00,3.141,3.147,3.133,3.146,69913.6
2026-02-25 07:30:00,3.145,3.164,3.141,3.158,101335.1
2026-02-25 07:45:00,3.157,3.167,3.154,3.166,42068.5
2026-02-25 08:00:00,3.166,3.175,3.16,3.171,93386.1
2026-02-25 08:15:00,3.171,3.178,3.16,3.166,127893.2
2026-02-25 08:30:00,3.167,3.193,3.165,3.192,73083.5
2026-02-25 08:45:00,3.192,3.205,3.182,3.192,198257.3
2026-02-25 09:00:00,3.192,3.196,3.175,3.188,127095.5
2026-02-25 09:15:00,3.188,3.19,3.178,3.185,78021.3
2026-02-25 09:30:00,3.186,3.189,3.18,3.187,44482.4
2026-02-25 09:45:00,3.188,3.213,3.187,3.208,134716.9
2026-02-25 10:00:00,3.209,3.214,3.197,3.206,78504.3
2026-02-25 10:15:00,3.206,3.214,3.186,3.191,175701.1
2026-02-25 10:30:00,3.192,3.199,3.181,3.183,54063.0
2026-02-25 10:45:00,3.184,3.202,3.18,3.184,114629.0
2026-02-25 11:00:00,3.184,3.184,3.169,3.172,189556.9
2026-02-25 11:15:00,3.173,3.188,3.164,3.179,65442.2
2026-02-25 11:30:00,3.18,3.191,3.175,3.188,79548.4
2026-02-25 11:45:00,3.188,3.206,3.186,3.193,107275.3
2026-02-25 12:00:00,3.193,3.214,3.191,3.196,177475.3
2026-02-25 12:15:00,3.197,3.237,3.188,3.232,133402.6
2026-02-25 12:30:00,3.233,3.242,3.222,3.238,160776.4
2026-02-25 12:45:00,3.238,3.263,3.234,3.253,207886.2
2026-02-25 13:00:00,3.253,3.264,3.239,3.249,225858.8
2026-02-25 13:15:00,3.249,3.268,3.233,3.26,200334.1
2026-02-25 13:30:00,3.261,3.284,3.252,3.253,280059.7
2026-02-25 13:45:00,3.255,3.263,3.238,3.24,221114.9
2026-02-25 14:00:00,3.24,3.254,3.227,3.252,203537.9
2026-02-25 14:15:00,3.252,3.263,3.247,3.26,107113.9
2026-02-25 14:30:00,3.26,3.261,3.233,3.242,151390.0
2026-02-25 14:45:00,3.241,3.286,3.24,3.278,151746.0
2026-02-25 15:00:00,3.279,3.296,3.27,3.284,220659.9
2026-02-25 15:15:00,3.283,3.303,3.28,3.286,194993.9
2026-02-25 15:30:00,3.285,3.346,3.281,3.338,432931.5
2026-02-25 15:45:00,3.339,3.342,3.3,3.31,292282.3
2026-02-25 16:00:00,3.311,3.333,3.304,3.322,318733.8
2026-02-25 16:15:00,3.323,3.343,3.308,3.335,199679.0
2026-02-25 16:30:00,3.336,3.336,3.291,3.312,286866.4
2026-02-25 16:45:00,3.313,3.329,3.309,3.324,83667.9
2026-02-25 17:00:00,3.324,3.338,3.309,3.322,235242.1
2026-02-25 17:15:00,3.322,3.334,3.317,3.326,116646.8
2026-02-25 17:30:00,3.327,3.33,3.307,3.31,123164.3
2026-02-25 17:45:00,3.311,3.321,3.303,3.309,78775.7
2026-02-25 18:00:00,3.308,3.31,3.278,3.306,248000.2
2026-02-25 18:15:00,3.305,3.324,3.29,3.319,165252.2
2026-02-25 18:30:00,3.318,3.329,3.307,3.324,112015.7
2026-02-25 18:45:00,3.323,3.326,3.313,3.32,64483.8
2026-02-25 19:00:00,3.321,3.333,3.306,3.331,153711.2
2026-02-25 19:15:00,3.332,3.345,3.326,3.331,111181.1
2026-02-25 19:30:00,3.332,3.338,3.316,3.336,169827.7
2026-02-25 19:45:00,3.337,3.355,3.331,3.351,101982.4
2026-02-25 20:00:00,3.351,3.361,3.332,3.333,218584.6
2026-02-25 20:15:00,3.333,3.352,3.323,3.342,89117.8
2026-02-25 20:30:00,3.341,3.369,3.338,3.351,120653.1
2026-02-25 20:45:00,3.352,3.358,3.327,3.334,214581.0
2026-02-25 21:00:00,3.334,3.337,3.317,3.318,81549.1
2026-02-25 21:15:00,3.318,3.336,3.318,3.326,63703.9
2026-02-25 21:30:00,3.326,3.406,3.322,3.366,347811.3
2026-02-25 21:45:00,3.365,3.369,3.343,3.351,146610.0
2026-02-25 22:00:00,3.351,3.372,3.351,3.368,117319.7
2026-02-25 22:15:00,3.367,3.374,3.339,3.345,84656.1
2026-02-25 22:30:00,3.344,3.345,3.31,3.313,130430.2
2026-02-25 22:45:00,3.312,3.323,3.283,3.299,154269.3
2026-02-25 23:00:00,3.299,3.304,3.284,3.297,83246.3
2026-02-25 23:15:00,3.297,3.297,3.262,3.266,228869.9
2026-02-25 23:30:00,3.266,3.266,3.207,3.211,378796.2
2026-02-25 23:45:00,3.211,3.265,3.209,3.252,249392.9
2026-02-26 00:00:00,3.251,3.252,3.229,3.244,187075.3
2026-02-26 00:15:00,3.244,3.259,3.238,3.245,97651.8
2026-02-26 00:30:00,3.244,3.256,3.206,3.227,173705.9
2026-02-26 00:45:00,3.226,3.24,3.215,3.235,112727.7
2026-02-26 01:00:00,3.236,3.256,3.219,3.252,118714.1
2026-02-26 01:15:00,3.251,3.252,3.236,3.242,56249.2
2026-02-26 01:30:00,3.241,3.252,3.229,3.23,132166.6
2026-02-26 01:45:00,3.23,3.245,3.224,3.234,79078.6
2026-02-26 02:00:00,3.233,3.238,3.218,3.224,83408.1
2026-02-26 02:15:00,3.224,3.251,3.223,3.234,49964.8
2026-02-26 02:30:00,3.234,3.254,3.234,3.247,65476.4
2026-02-26 02:45:00,3.246,3.26,3.238,3.257,59201.8
2026-02-26 03:00:00,3.257,3.262,3.239,3.244,62590.8
2026-02-26 03:15:00,3.244,3.247,3.237,3.245,43348.3
2026-02-26 03:30:00,3.245,3.256,3.242,3.254,43538.7
2026-02-26 03:45:00,3.253,3.26,3.247,3.25,42072.5
2026-02-26 04:00:00,3.249,3.269,3.239,3.254,131437.5
2026-02-26 04:15:00,3.254,3.277,3.248,3.269,90523.5
2026-02-26 04:30:00,3.268,3.283,3.264,3.27,59768.9
2026-02-26 04:45:00,3.27,3.27,3.254,3.255,43243.3
2026-02-26 05:00:00,3.256,3.256,3.205,3.21,178424.2
2026-02-26 05:15:00,3.209,3.218,3.191,3.214,203530.3
2026-02-26 05:30:00,3.213,3.217,3.202,3.21,46346.5
2026-02-26 05:45:00,3.211,3.223,3.207,3.218,109265.5
2026-02-26 06:00:00,3.218,3.24,3.205,3.225,105976.7
2026-02-26 06:15:00,3.225,3.23,3.208,3.213,72120.3
2026-02-26 06:30:00,3.213,3.226,3.208,3.218,55460.5
2026-02-26 06:45:00,3.219,3.222,3.205,3.212,79082.6
2026-02-26 07:00:00,3.213,3.225,3.206,3.217,112233.4
2026-02-26 07:15:00,3.216,3.219,3.206,3.212,46443.3
2026-02-26 07:30:00,3.212,3.215,3.2,3.203,72474.8
2026-02-26 07:45:00,3.202,3.21,3.198,3.207,49251.0
2026-02-26 08:00:00,3.206,3.215,3.2,3.21,106252.0
2026-02-26 08:15:00,3.21,3.224,3.207,3.219,79303.0
2026-02-26 08:30:00,3.219,3.224,3.21,3.218,52672.8
2026-02-26 08:45:00,3.218,3.234,3.201,3.202,110975.7
2026-02-26 09:00:00,3.202,3.238,3.196,3.228,443142.9
2026-02-26 09:15:00,3.228,3.232,3.219,3.221,89754.6
2026-02-26 09:30:00,3.221,3.24,3.218,3.23,84103.6
2026-02-26 09:45:00,3.23,3.241,3.227,3.23,83992.2
2026-02-26 10:00:00,3.23,3.25,3.226,3.229,93308.4
2026-02-26 10:15:00,3.229,3.235,3.219,3.224,75418.8
2026-02-26 10:30:00,3.223,3.228,3.213,3.219,101382.9
2026-02-26 10:45:00,3.218,3.219,3.198,3.201,110414.4
2026-02-26 11:00:00,3.201,3.214,3.2,3.211,70465.6
2026-02-26 11:15:00,3.21,3.21,3.191,3.198,109413.0
2026-02-26 11:30:00,3.199,3.207,3.197,3.202,42031.2
2026-02-26 11:45:00,3.202,3.204,3.183,3.191,110510.7
2026-02-26 12:00:00,3.191,3.197,3.188,3.189,54792.3
2026-02-26 12:15:00,3.189,3.2,3.186,3.199,43118.3
2026-02-26 12:30:00,3.2,3.211,3.196,3.199,54810.0
2026-02-26 12:45:00,3.199,3.211,3.195,3.205,57485.1
2026-02-26 13:00:00,3.205,3.205,3.189,3.19,93883.0
2026-02-26 13:15:00,3.191,3.204,3.189,3.203,54965.7
2026-02-26 13:30:00,3.204,3.205,3.193,3.196,88561.9
2026-02-26 13:45:00,3.197,3.204,3.179,3.187,70659.1
2026-02-26 14:00:00,3.188,3.206,3.175,3.198,106106.0
2026-02-26 14:15:00,3.197,3.206,3.188,3.199,52009.3
2026-02-26 14:30:00,3.199,3.215,3.178,3.191,153633.3
2026-02-26 14:45:00,3.19,3.215,3.173,3.207,312585.0
2026-02-26 15:00:00,3.207,3.208,3.175,3.184,208358.6
2026-02-26 15:15:00,3.185,3.197,3.152,3.171,305844.6
2026-02-26 15:30:00,3.171,3.204,3.164,3.198,191378.9
2026-02-26 15:45:00,3.196,3.208,3.176,3.183,87441.0
2026-02-26 16:00:00,3.183,3.184,3.14,3.148,160946.9
2026-02-26 16:15:00,3.148,3.17,3.146,3.162,80134.4
2026-02-26 16:30:00,3.162,3.163,3.129,3.15,264725.4
2026-02-26 16:45:00,3.15,3.152,3.09,3.103,476241.1
2026-02-26 17:00:00,3.103,3.133,3.1,3.122,118816.7
2026-02-26 17:15:00,3.122,3.135,3.118,3.122,75415.8
2026-02-26 17:30:00,3.122,3.131,3.104,3.112,67550.0
2026-02-26 17:45:00,3.111,3.116,3.097,3.104,85153.2
2026-02-26 18:00:00,3.103,3.118,3.1,3.113,82757.1
2026-02-26 18:15:00,3.113,3.128,3.106,3.124,85709.6
2026-02-26 18:30:00,3.123,3.161,3.123,3.154,201333.1
2026-02-26 18:45:00,3.154,3.159,3.148,3.155,86707.4
2026-02-26 19:00:00,3.154,3.2,3.152,3.181,224747.4
2026-02-26 19:15:00,3.182,3.19,3.174,3.179,139891.3
2026-02-26 19:30:00,3.178,3.182,3.17,3.176,43540.1
2026-02-26 19:45:00,3.176,3.196,3.175,3.186,175561.7
2026-02-26 20:00:00,3.186,3.203,3.181,3.181,83179.8
2026-02-26 20:15:00,3.182,3.19,3.178,3.179,53798.5
2026-02-26 20:30:00,3.179,3.181,3.164,3.171,62753.3
2026-02-26 20:45:00,3.172,3.173,3.16,3.162,71546.5
2026-02-26 21:00:00,3.161,3.168,3.152,3.166,64847.9
2026-02-26 21:15:00,3.166,3.17,3.16,3.17,29601.9
2026-02-26 21:30:00,3.169,3.171,3.162,3.167,16867.7
2026-02-26 21:45:00,3.166,3.171,3.163,3.169,27484.9
2026-02-26 22:00:00,3.169,3.176,3.166,3.172,33309.5
2026-02-26 22:15:00,3.172,3.175,3.168,3.173,26554.7
2026-02-26 22:30:00,3.173,3.184,3.172,3.178,27293.2
2026-02-26 22:45:00,3.179,3.183,3.176,3.182,19667.3
2026-02-26 23:00:00,3.181,3.196,3.175,3.191,52201.8
2026-02-26 23:15:00,3.191,3.195,3.185,3.19,18415.4
2026-02-26 23:30:00,3.19,3.194,3.188,3.188,16627.6
2026-02-26 23:45:00,3.189,3.194,3.185,3.194,33617.7
2026-02-27 00:00:00,3.193,3.199,3.176,3.178,48476.1
2026-02-27 00:15:00,3.178,3.187,3.176,3.18,34258.5
2026-02-27 00:30:00,3.179,3.179,3.167,3.171,44355.2
2026-02-27 00:45:00,3.17,3.18,3.166,3.177,29291.3
2026-02-27 01:00:00,3.176,3.18,3.164,3.171,72651.1
2026-02-27 01:15:00,3.171,3.197,3.168,3.191,93740.9
2026-02-27 01:30:00,3.19,3.205,3.187,3.197,65647.7
2026-02-27 01:45:00,3.196,3.215,3.194,3.212,68721.4
2026-02-27 02:00:00,3.213,3.233,3.21,3.221,88211.5
2026-02-27 02:15:00,3.22,3.236,3.213,3.224,89313.6
2026-02-27 02:30:00,3.225,3.246,3.222,3.227,74374.1
2026-02-27 02:45:00,3.226,3.295,3.225,3.246,784352.5
2026-02-27 03:00:00,3.246,3.246,3.211,3.212,139353.2
2026-02-27 03:15:00,3.212,3.214,3.196,3.205,158168.7
2026-02-27 03:30:00,3.205,3.22,3.202,3.21,46123.9
2026-02-27 03:45:00,3.21,3.232,3.206,3.223,52567.0
2026-02-27 04:00:00,3.223,3.269,3.222,3.264,169140.6
2026-02-27 04:15:00,3.265,3.269,3.248,3.249,84913.5
2026-02-27 04:30:00,3.25,3.253,3.224,3.227,72511.9
2026-02-27 04:45:00,3.228,3.254,3.227,3.243,57060.4
2026-02-27 05:00:00,3.243,3.246,3.231,3.233,67409.1
2026-02-27 05:15:00,3.234,3.235,3.218,3.228,61469.4
2026-02-27 05:30:00,3.227,3.241,3.227,3.238,50838.7
2026-02-27 05:45:00,3.237,3.246,3.229,3.233,60750.0
2026-02-27 06:00:00,3.232,3.237,3.224,3.228,81161.2
2026-02-27 06:15:00,3.227,3.233,3.221,3.231,56880.4
2026-02-27 06:30:00,3.231,3.247,3.224,3.241,50936.7
2026-02-27 06:45:00,3.241,3.249,3.24,3.243,35894.7
2026-02-27 07:00:00,3.242,3.25,3.234,3.244,71225.1
2026-02-27 07:15:00,3.244,3.248,3.235,3.241,49237.8
2026-02-27 07:30:00,3.241,3.259,3.239,3.255,81014.0
2026-02-27 07:45:00,3.254,3.268,3.252,3.262,81180.5
2026-02-27 08:00:00,3.262,3.281,3.261,3.263,112508.2
2026-02-27 08:15:00,3.264,3.275,3.256,3.272,86048.9
2026-02-27 08:30:00,3.273,3.285,3.258,3.276,50418.2
2026-02-27 08:45:00,3.276,3.289,3.27,3.285,105215.7
2026-02-27 09:00:00,3.286,3.294,3.278,3.285,152696.9
2026-02-27 09:15:00,3.285,3.287,3.27,3.276,77579.7
2026-02-27 09:30:00,3.276,3.282,3.264,3.267,89674.8
2026-02-27 09:45:00,3.267,3.271,3.248,3.261,204647.2
2026-02-27 10:00:00,3.261,3.265,3.219,3.225,218698.7
2026-02-27 10:15:00,3.224,3.242,3.218,3.23,254530.7
2026-02-27 10:30:00,3.229,3.252,3.228,3.243,85770.0
2026-02-27 10:45:00,3.243,3.25,3.208,3.218,148304.3
2026-02-27 11:00:00,3.217,3.223,3.21,3.216,75882.7
2026-02-27 11:15:00,3.216,3.229,3.201,3.212,119248.0
2026-02-27 11:30:00,3.211,3.212,3.157,3.167,216535.7
2026-02-27 11:45:00,3.166,3.183,3.163,3.17,107598.4
2026-02-27 12:00:00,3.169,3.172,3.154,3.164,97122.5
2026-02-27 12:15:00,3.164,3.177,3.154,3.161,61931.7
2026-02-27 12:30:00,3.16,3.17,3.145,3.154,110399.3
2026-02-27 12:45:00,3.154,3.16,3.145,3.16,79619.9
2026-02-27 13:00:00,3.159,3.179,3.158,3.167,74509.2
2026-02-27 13:15:00,3.168,3.172,3.144,3.147,56590.2
2026-02-27 13:30:00,3.147,3.147,3.118,3.139,318803.9
2026-02-27 13:45:00,3.139,3.153,3.134,3.146,97916.7
2026-02-27 14:00:00,3.145,3.152,3.138,3.148,72940.5
2026-02-27 14:15:00,3.148,3.148,3.129,3.134,63897.6
2026-02-27 14:30:00,3.134,3.165,3.133,3.152,120768.2
2026-02-27 14:45:00,3.151,3.162,3.126,3.135,121737.0
2026-02-27 15:00:00,3.134,3.158,3.13,3.135,108523.5
2026-02-27 15:15:00,3.134,3.146,3.125,3.133,56841.5
2026-02-27 15:30:00,3.133,3.135,3.11,3.125,88952.8
2026-02-27 15:45:00,3.125,3.139,3.118,3.129,52209.1
2026-02-27 16:00:00,3.129,3.129,3.095,3.108,166602.2
2026-02-27 16:15:00,3.107,3.128,3.105,3.118,94399.4
2026-02-27 16:30:00,3.118,3.134,3.114,3.12,92404.2
2026-02-27 16:45:00,3.121,3.126,3.103,3.111,63569.7
2026-02-27 17:00:00,3.11,3.116,3.093,3.097,103882.1
2026-02-27 17:15:00,3.098,3.102,3.083,3.085,105397.0
2026-02-27 17:30:00,3.084,3.114,3.076,3.106,128197.1
2026-02-27 17:45:00,3.107,3.132,3.101,3.129,77196.6
2026-02-27 18:00:00,3.129,3.138,3.119,3.125,84636.2
2026-02-27 18:15:00,3.124,3.131,3.111,3.121,41698.4
2026-02-27 18:30:00,3.121,3.131,3.11,3.117,55825.8
2026-02-27 18:45:00,3.116,3.117,3.094,3.096,61175.2
2026-02-27 19:00:00,3.095,3.097,3.073,3.077,88403.0
2026-02-27 19:15:00,3.077,3.09,3.072,3.081,103929.4
2026-02-27 19:30:00,3.08,3.091,3.054,3.067,202296.8
2026-02-27 19:45:00,3.068,3.08,3.06,3.073,78412.3
2026-02-27 20:00:00,3.073,3.086,3.071,3.081,74238.7
2026-02-27 20:15:00,3.081,3.086,3.075,3.076,39100.2
2026-02-27 20:30:00,3.076,3.083,3.075,3.08,31360.5
2026-02-27 20:45:00,3.081,3.088,3.076,3.078,38425.3
2026-02-27 21:00:00,3.079,3.088,3.073,3.081,67883.7
2026-02-27 21:15:00,3.081,3.083,3.071,3.072,34237.5
2026-02-27 21:30:00,3.072,3.072,3.057,3.064,62707.4
2026-02-27 21:45:00,3.065,3.066,3.048,3.059,60329.6
2026-02-27 22:00:00,3.06,3.066,3.053,3.058,29720.4
2026-02-27 22:15:00,3.059,3.065,3.039,3.041,73319.9
2026-02-27 22:30:00,3.04,3.053,3.003,3.051,271680.9
2026-02-27 22:45:00,3.051,3.06,3.049,3.059,66224.4
2026-02-27 23:00:00,3.058,3.073,3.053,3.064,81150.3
2026-02-27 23:15:00,3.064,3.07,3.057,3.067,42891.1
2026-02-27 23:30:00,3.067,3.088,3.067,3.077,124544.8
2026-02-27 23:45:00,3.077,3.083,3.075,3.078,34161.1
2026-02-28 00:00:00,3.078,3.082,3.07,3.079,49272.2
2026-02-28 00:15:00,3.08,3.084,3.068,3.081,40399.4
2026-02-28 00:30:00,3.081,3.093,3.079,3.091,53092.1
2026-02-28 00:45:00,3.092,3.102,3.088,3.098,82587.4
2026-02-28 01:00:00,3.099,3.109,3.099,3.101,85444.4
2026-02-28 01:15:00,3.102,3.104,3.089,3.089,30068.6
2026-02-28 01:30:00,3.09,3.092,3.08,3.088,56881.8
2026-02-28 01:45:00,3.088,3.096,3.084,3.085,33895.6
2026-02-28 02:00:00,3.085,3.085,3.072,3.082,42356.5
2026-02-28 02:15:00,3.083,3.092,3.08,3.088,28555.2
2026-02-28 02:30:00,3.089,3.098,3.086,3.086,19194.4
2026-02-28 02:45:00,3.086,3.091,3.078,3.083,78484.2
2026-02-28 03:00:00,3.083,3.085,3.077,3.077,44504.7
2026-02-28 03:15:00,3.078,3.086,3.073,3.075,34203.9
2026-02-28 03:30:00,3.075,3.077,3.062,3.063,65157.1
2026-02-28 03:45:00,3.064,3.072,3.058,3.064,56168.7
2026-02-28 04:00:00,3.064,3.066,3.055,3.059,45546.6
2026-02-28 04:15:00,3.059,3.066,3.051,3.055,55688.4
2026-02-28 04:30:00,3.055,3.057,3.038,3.057,103843.1
2026-02-28 04:45:00,3.056,3.059,3.047,3.05,45026.0
2026-02-28 05:00:00,3.05,3.054,3.046,3.053,35722.7
2026-02-28 05:15:00,3.052,3.052,3.035,3.036,54014.9
2026-02-28 05:30:00,3.036,3.037,3.014,3.028,131502.6
2026-02-28 05:45:00,3.028,3.035,3.026,3.035,21586.3
2026-02-28 06:00:00,3.034,3.034,3.021,3.024,41287.8
2026-02-28 06:15:00,3.024,3.025,2.96,2.974,532564.3
2026-02-28 06:30:00,2.973,2.98,2.911,2.952,582362.9
2026-02-28 06:45:00,2.952,2.956,2.887,2.897,326811.9
2026-02-28 07:00:00,2.897,2.936,2.877,2.93,324515.6
2026-02-28 07:15:00,2.93,2.94,2.902,2.905,90646.4
2026-02-28 07:30:00,2.905,2.977,2.904,2.965,222211.2
2026-02-28 07:45:00,2.965,2.965,2.931,2.932,98679.5
2026-02-28 08:00:00,2.932,2.932,2.907,2.909,155750.1
2026-02-28 08:15:00,2.91,2.92,2.882,2.898,173447.3
2026-02-28 08:30:00,2.899,2.913,2.89,2.898,109779.7
2026-02-28 08:45:00,2.899,2.903,2.886,2.889,99158.9
2026-02-28 09:00:00,2.89,2.915,2.884,2.907,117352.9
2026-02-28 09:15:00,2.907,2.916,2.896,2.909,106540.0
2026-02-28 09:30:00,2.909,2.91,2.887,2.887,81872.9
2026-02-28 09:45:00,2.888,2.893,2.866,2.884,149707.3
2026-02-28 10:00:00,2.884,2.884,2.864,2.872,141863.9
2026-02-28 10:15:00,2.871,2.892,2.869,2.884,69091.6
2026-02-28 10:30:00,2.885,2.958,2.885,2.906,1066669.4
2026-02-28 10:45:00,2.905,2.914,2.894,2.909,151576.9
2026-02-28 11:00:00,2.909,2.948,2.909,2.943,333278.4
2026-02-28 11:15:00,2.943,2.947,2.929,2.933,166883.1
2026-02-28 11:30:00,2.933,2.948,2.933,2.936,119203.9
2026-02-28 11:45:00,2.936,2.936,2.91,2.912,178948.2
2026-02-28 12:00:00,2.912,2.919,2.905,2.918,135202.7
2026-02-28 12:15:00,2.918,2.925,2.912,2.921,71408.6
2026-02-28 12:30:00,2.922,2.939,2.921,2.931,93108.6
2026-02-28 12:45:00,2.932,2.933,2.916,2.926,81950.0
2026-02-28 13:00:00,2.926,2.941,2.924,2.935,125661.2
2026-02-28 13:15:00,2.934,2.939,2.91,2.914,84407.1
2026-02-28 13:30:00,2.915,2.919,2.902,2.912,62294.6
2026-02-28 13:45:00,2.911,2.984,2.911,2.983,469177.8
2026-02-28 14:00:00,2.984,3.0,2.96,2.971,297380.0
2026-02-28 14:15:00,2.97,2.98,2.962,2.972,108389.2
2026-02-28 14:30:00,2.972,2.986,2.956,2.979,132453.8
2026-02-28 14:45:00,2.98,2.985,2.952,2.96,194640.3
2026-02-28 15:00:00,2.961,2.968,2.933,2.935,117966.0
2026-02-28 15:15:00,2.935,2.968,2.935,2.965,133059.0
2026-02-28 15:30:00,2.965,2.974,2.956,2.958,111789.0
2026-02-28 15:45:00,2.958,2.961,2.95,2.956,58750.8
2026-02-28 16:00:00,2.956,2.956,2.939,2.943,73934.0
2026-02-28 16:15:00,2.944,2.944,2.934,2.941,65839.7
2026-02-28 16:30:00,2.941,2.951,2.93,2.948,148807.9
2026-02-28 16:45:00,2.948,2.96,2.938,2.958,54766.1
2026-02-28 17:00:00,2.957,2.96,2.936,2.94,101196.4
2026-02-28 17:15:00,2.94,2.946,2.932,2.944,58763.4
2026-02-28 17:30:00,2.943,2.947,2.923,2.931,95002.9
2026-02-28 17:45:00,2.931,2.967,2.925,2.961,88585.8
2026-02-28 18:00:00,2.961,2.969,2.952,2.957,50923.4
2026-02-28 18:15:00,2.956,2.959,2.946,2.953,44612.8
2026-02-28 18:30:00,2.953,3.0,2.953,2.995,196958.5
2026-02-28 18:45:00,2.995,3.026,2.994,3.009,157794.3
2026-02-28 19:00:00,3.011,3.015,2.985,2.99,186119.8
2026-02-28 19:15:00,2.99,2.999,2.985,2.988,55029.3
2026-02-28 19:30:00,2.989,3.054,2.986,3.033,282813.4
2026-02-28 19:45:00,3.033,3.05,3.021,3.03,73570.7
2026-02-28 20:00:00,3.031,3.062,3.024,3.059,131871.0
2026-02-28 20:15:00,3.057,3.085,3.045,3.076,275062.1
2026-02-28 20:30:00,3.076,3.08,3.055,3.072,77617.0
2026-02-28 20:45:00,3.072,3.098,3.071,3.093,111136.8
2026-02-28 21:00:00,3.093,3.095,3.054,3.066,112279.3
2026-02-28 21:15:00,3.066,3.066,3.049,3.059,59633.3
2026-02-28 21:30:00,3.059,3.084,3.053,3.072,77239.9
2026-02-28 21:45:00,3.071,3.082,3.067,3.076,36950.7
2026-02-28 22:00:00,3.076,3.1,3.076,3.095,80248.4
2026-02-28 22:15:00,3.095,3.108,3.093,3.102,60716.8
2026-02-28 22:30:00,3.102,3.137,3.1,3.125,138184.9
2026-02-28 22:45:00,3.125,3.141,3.121,3.128,77558.5
2026-02-28 23:00:00,3.129,3.132,3.108,3.111,45751.4
2026-02-28 23:15:00,3.111,3.115,3.106,3.114,48143.4
2026-02-28 23:30:00,3.114,3.117,3.097,3.11,75277.2
2026-02-28 23:45:00,3.111,3.125,3.111,3.121,63909.7
2026-03-01 00:00:00,3.121,3.129,3.102,3.104,111790.4
2026-03-01 00:15:00,3.103,3.112,3.095,3.097,50798.7
2026-03-01 00:30:00,3.096,3.1,3.077,3.09,99781.8
2026-03-01 00:45:00,3.09,3.095,3.079,3.08,47479.9
2026-03-01 01:00:00,3.08,3.08,3.057,3.064,112106.8
2026-03-01 01:15:00,3.063,3.089,3.056,3.085,185763.2
2026-03-01 01:30:00,3.084,3.111,3.082,3.109,208798.7
2026-03-01 01:45:00,3.108,3.17,3.107,3.143,261815.6
2026-03-01 02:00:00,3.143,3.208,3.143,3.179,472775.1
2026-03-01 02:15:00,3.179,3.192,3.156,3.168,117204.8
2026-03-01 02:30:00,3.167,3.177,3.157,3.171,85395.2
2026-03-01 02:45:00,3.172,3.177,3.157,3.159,104229.6
2026-03-01 03:00:00,3.16,3.16,3.137,3.14,87035.3
2026-03-01 03:15:00,3.14,3.142,3.114,3.123,93800.2
2026-03-01 03:30:00,3.124,3.124,3.113,3.121,73859.0
2026-03-01 03:45:00,3.121,3.122,3.096,3.108,145032.6
2026-03-01 04:00:00,3.108,3.117,3.088,3.092,175925.9
2026-03-01 04:15:00,3.091,3.095,3.073,3.094,172270.2
2026-03-01 04:30:00,3.094,3.115,3.093,3.107,68477.6
2026-03-01 04:45:00,3.107,3.115,3.102,3.105,51098.0
2026-03-01 05:00:00,3.105,3.12,3.099,3.105,142518.1
2026-03-01 05:15:00,3.105,3.122,3.105,3.115,52548.6
2026-03-01 05:30:00,3.115,3.117,3.11,3.112,37768.5
2026-03-01 05:45:00,3.112,3.12,3.111,3.115,27317.7
2026-03-01 06:00:00,3.115,3.117,3.085,3.095,79030.4
2026-03-01 06:15:00,3.094,3.111,3.093,3.104,55935.8
2026-03-01 06:30:00,3.103,3.108,3.083,3.097,74894.4
2026-03-01 06:45:00,3.096,3.107,3.088,3.102,39269.0
2026-03-01 07:00:00,3.102,3.114,3.09,3.104,61773.0
2026-03-01 07:15:00,3.103,3.119,3.1,3.113,54720.4
2026-03-01 07:30:00,3.112,3.129,3.105,3.124,86054.6
2026-03-01 07:45:00,3.124,3.135,3.119,3.124,41871.2
2026-03-01 08:00:00,3.124,3.126,3.101,3.115,61990.5
2026-03-01 08:15:00,3.114,3.12,3.109,3.113,39143.6
2026-03-01 08:30:00,3.112,3.115,3.107,3.108,30532.7
2026-03-01 08:45:00,3.108,3.111,3.07,3.078,189701.1
2026-03-01 09:00:00,3.079,3.096,3.067,3.087,95911.0
2026-03-01 09:15:00,3.086,3.1,3.079,3.084,44676.1
2026-03-01 09:30:00,3.083,3.085,3.056,3.061,101292.2
2026-03-01 09:45:00,3.061,3.064,3.055,3.061,31543.9
2026-03-01 10:00:00,3.06,3.073,3.041,3.065,156343.3
2026-03-01 10:15:00,3.065,3.065,3.056,3.058,47903.9
2026-03-01 10:30:00,3.059,3.076,3.057,3.064,63461.5
2026-03-01 10:45:00,3.063,3.067,3.058,3.062,24043.8
2026-03-01 11:00:00,3.063,3.073,3.062,3.065,34141.3
2026-03-01 11:15:00,3.064,3.073,3.064,3.069,28929.3
2026-03-01 11:30:00,3.07,3.072,3.059,3.06,19907.5
2026-03-01 11:45:00,3.06,3.066,3.059,3.063,15806.3
2026-03-01 12:00:00,3.062,3.069,3.06,3.06,28699.5
2026-03-01 12:15:00,3.059,3.068,3.057,3.058,21106.1
2026-03-01 12:30:00,3.058,3.062,3.047,3.056,54296.4
2026-03-01 12:45:00,3.055,3.055,3.035,3.039,105454.8
2026-03-01 13:00:00,3.038,3.04,3.029,3.032,44673.9
2026-03-01 13:15:00,3.032,3.037,3.016,3.029,91325.1
2026-03-01 13:30:00,3.029,3.031,3.022,3.029,40031.5
2026-03-01 13:45:00,3.03,3.102,3.028,3.079,313201.2
2026-03-01 14:00:00,3.079,3.106,3.073,3.088,125222.5
2026-03-01 14:15:00,3.089,3.092,3.059,3.064,79075.3
2026-03-01 14:30:00,3.063,3.077,3.045,3.05,58883.4
2026-03-01 14:45:00,3.049,3.059,3.043,3.054,78916.8
2026-03-01 15:00:00,3.054,3.062,3.048,3.062,61010.5
2026-03-01 15:15:00,3.061,3.069,3.055,3.061,57844.2
2026-03-01 15:30:00,3.061,3.069,3.047,3.06,101592.2
2026-03-01 15:45:00,3.059,3.064,3.045,3.048,48771.6
2026-03-01 16:00:00,3.048,3.069,3.037,3.06,90455.5
2026-03-01 16:15:00,3.06,3.067,3.046,3.062,49834.3
2026-03-01 16:30:00,3.063,3.068,3.057,3.057,32871.5
2026-03-01 16:45:00,3.058,3.058,3.006,3.032,252747.5
2026-03-01 17:00:00,3.032,3.034,3.021,3.027,73908.7
2026-03-01 17:15:00,3.026,3.027,2.997,3.023,160064.5
2026-03-01 17:30:00,3.022,3.031,3.012,3.025,61650.6
2026-03-01 17:45:00,3.025,3.029,3.014,3.016,54348.7
2026-03-01 18:00:00,3.016,3.053,3.008,3.041,175017.5
2026-03-01 18:15:00,3.04,3.053,3.03,3.031,50380.7
2026-03-01 18:30:00,3.031,3.034,3.019,3.032,63103.6
2026-03-01 18:45:00,3.032,3.034,3.019,3.021,22729.5
2026-03-01 19:00:00,3.021,3.023,3.006,3.007,80422.0
2026-03-01 19:15:00,3.007,3.009,2.991,2.997,77520.7
2026-03-01 19:30:00,2.996,3.009,2.989,2.993,65448.2
2026-03-01 19:45:00,2.992,3.001,2.991,2.996,32021.4
2026-03-01 20:00:00,2.995,2.997,2.96,2.966,158224.8
2026-03-01 20:15:00,2.967,2.972,2.956,2.958,81018.0
2026-03-01 20:30:00,2.958,2.961,2.941,2.948,160909.2
2026-03-01 20:45:00,2.948,2.956,2.941,2.948,88063.6
2026-03-01 21:00:00,2.947,2.967,2.947,2.966,50306.5
2026-03-01 21:15:00,2.966,2.986,2.964,2.985,61015.7
2026-03-01 21:30:00,2.985,2.986,2.973,2.981,44484.4
2026-03-01 21:45:00,2.981,2.983,2.976,2.981,22281.7
2026-03-01 22:00:00,2.981,3.041,2.978,3.013,259556.6
2026-03-01 22:15:00,3.013,3.022,2.993,2.996,147556.9
2026-03-01 22:30:00,2.996,3.002,2.976,2.996,59034.2
2026-03-01 22:45:00,2.996,2.996,2.98,2.983,25889.6
2026-03-01 23:00:00,2.982,3.027,2.979,3.01,75974.3
2026-03-01 23:15:00,3.009,3.011,2.994,2.995,30850.5
2026-03-01 23:30:00,2.994,3.005,2.989,2.998,28753.7
2026-03-01 23:45:00,2.997,3.001,2.991,2.997,17774.4
2026-03-02 00:00:00,2.998,3.019,2.997,3.016,61043.2
2026-03-02 00:15:00,3.015,3.022,3.008,3.022,43567.3
2026-03-02 00:30:00,3.022,3.044,3.017,3.043,49203.6
2026-03-02 00:45:00,3.043,3.055,3.033,3.038,46538.3
2026-03-02 01:00:00,3.038,3.074,3.032,3.065,68473.5
2026-03-02 01:15:00,3.065,3.07,3.039,3.044,49076.2
2026-03-02 01:30:00,3.044,3.054,3.044,3.045,65717.7
2026-03-02 01:45:00,3.044,3.05,3.034,3.043,62250.1
2026-03-02 02:00:00,3.043,3.052,3.01,3.022,91989.8
2026-03-02 02:15:00,3.022,3.028,3.012,3.028,48741.3
2026-03-02 02:30:00,3.028,3.048,3.025,3.038,60161.8
2026-03-02 02:45:00,3.038,3.044,3.026,3.034,33189.1
2026-03-02 03:00:00,3.033,3.046,3.022,3.041,38951.8
2026-03-02 03:15:00,3.04,3.06,3.038,3.056,46424.1
2026-03-02 03:30:00,3.055,3.062,3.047,3.054,51400.5
2026-03-02 03:45:00,3.054,3.062,3.052,3.055,19740.9
2026-03-02 04:00:00,3.054,3.061,3.053,3.058,29078.1
2026-03-02 04:15:00,3.057,3.066,3.051,3.064,34024.4
2026-03-02 04:30:00,3.064,3.069,3.057,3.062,22404.7
2026-03-02 04:45:00,3.062,3.062,3.048,3.054,31619.5
2026-03-02 05:00:00,3.053,3.054,3.026,3.032,84041.1
2026-03-02 05:15:00,3.032,3.042,3.032,3.04,24419.0
2026-03-02 05:30:00,3.04,3.061,3.04,3.059,73319.6
2026-03-02 05:45:00,3.058,3.058,3.032,3.035,52816.0
2026-03-02 06:00:00,3.034,3.035,3.023,3.028,41683.0
2026-03-02 06:15:00,3.028,3.029,2.996,3.013,112111.0
2026-03-02 06:30:00,3.012,3.022,3.007,3.016,41857.5
2026-03-02 06:45:00,3.015,3.015,3.0,3.008,31576.7
2026-03-02 07:00:00,3.007,3.008,2.979,2.985,88921.9
2026-03-02 07:15:00,2.985,3.006,2.979,3.001,77168.9
2026-03-02 07:30:00,3.0,3.015,2.996,3.01,44486.7
2026-03-02 07:45:00,3.01,3.01,3.002,3.004,23796.2
2026-03-02 08:00:00,3.004,3.004,2.978,2.996,85842.3
2026-03-02 08:15:00,2.996,2.999,2.969,2.976,71496.6
2026-03-02 08:30:00,2.975,2.993,2.975,2.99,66353.7
2026-03-02 08:45:00,2.989,3.013,2.986,3.006,144544.4
2026-03-02 09:00:00,3.006,3.03,3.002,3.024,141662.4
2026-03-02 09:15:00,3.025,3.032,3.011,3.013,84838.0
2026-03-02 09:30:00,3.012,3.021,3.009,3.014,40259.0
2026-03-02 09:45:00,3.013,3.015,3.002,3.003,35942.9
2026-03-02 10:00:00,3.002,3.014,2.995,3.003,112076.5
2026-03-02 10:15:00,3.002,3.005,2.996,3.005,37687.7
2026-03-02 10:30:00,3.004,3.007,2.995,3.003,49089.1
2026-03-02 10:45:00,3.003,3.008,2.996,3.008,32027.1
2026-03-02 11:00:00,3.007,3.009,2.997,3.006,70537.3
2026-03-02 11:15:00,3.006,3.016,2.999,3.008,49491.3
2026-03-02 11:30:00,3.007,3.019,3.004,3.015,58228.8
2026-03-02 11:45:00,3.014,3.024,3.006,3.011,82492.9
2026-03-02 12:00:00,3.011,3.019,3.009,3.012,46879.9
2026-03-02 12:15:00,3.012,3.012,2.998,3.006,34808.8
2026-03-02 12:30:00,3.004,3.009,3.0,3.001,49079.2
2026-03-02 12:45:00,3.001,3.007,2.999,3.004,23113.4
2026-03-02 13:00:00,3.004,3.006,2.99,2.997,88500.8
2026-03-02 13:15:00,2.996,3.018,2.995,3.001,83264.6
2026-03-02 13:30:00,3.001,3.015,2.996,3.004,58252.0
2026-03-02 13:45:00,3.004,3.007,2.994,3.001,54494.8
2026-03-02 14:00:00,3.0,3.017,2.996,3.012,54875.9
2026-03-02 14:15:00,3.012,3.018,2.994,3.003,73793.5
2026-03-02 14:30:00,3.002,3.061,3.0,3.055,267144.5
2026-03-02 14:45:00,3.056,3.086,3.045,3.079,202148.4
2026-03-02 15:00:00,3.079,3.126,3.067,3.124,335115.1
2026-03-02 15:15:00,3.124,3.142,3.113,3.124,161233.9
2026-03-02 15:30:00,3.125,3.138,3.101,3.131,207978.2
2026-03-02 15:45:00,3.131,3.137,3.102,3.115,171138.1
2026-03-02 16:00:00,3.116,3.149,3.109,3.141,279359.9
2026-03-02 16:15:00,3.142,3.145,3.12,3.124,142297.1
2026-03-02 16:30:00,3.123,3.136,3.093,3.133,196831.3
2026-03-02 16:45:00,3.133,3.156,3.122,3.123,203734.2
2026-03-02 17:00:00,3.122,3.125,3.1,3.103,117923.6
2026-03-02 17:15:00,3.104,3.115,3.088,3.114,141695.0
2026-03-02 17:30:00,3.114,3.122,3.071,3.075,174296.7
2026-03-02 17:45:00,3.075,3.116,3.069,3.112,149541.9
2026-03-02 18:00:00,3.111,3.119,3.088,3.117,115627.2
2026-03-02 18:15:00,3.118,3.118,3.106,3.108,50877.0
2026-03-02 18:30:00,3.107,3.135,3.104,3.134,103826.6
2026-03-02 18:45:00,3.134,3.151,3.118,3.124,135928.2
2026-03-02 19:00:00,3.123,3.133,3.098,3.111,155995.4
2026-03-02 19:15:00,3.111,3.124,3.108,3.119,50732.6
2026-03-02 19:30:00,3.119,3.135,3.109,3.12,57609.8
2026-03-02 19:45:00,3.12,3.125,3.104,3.112,94644.7
2026-03-02 20:00:00,3.111,3.131,3.082,3.094,100365.7
2026-03-02 20:15:00,3.093,3.106,3.089,3.095,67225.1
2026-03-02 20:30:00,3.095,3.104,3.092,3.103,33160.6
2026-03-02 20:45:00,3.103,3.113,3.097,3.098,53467.7
2026-03-02 21:00:00,3.098,3.1,3.08,3.093,58622.7
2026-03-02 21:15:00,3.093,3.098,3.08,3.095,22996.2
2026-03-02 21:30:00,3.095,3.099,3.089,3.095,41344.8
2026-03-02 21:45:00,3.094,3.098,3.086,3.092,31539.2
2026-03-02 22:00:00,3.092,3.11,3.092,3.107,67605.6
2026-03-02 22:15:00,3.107,3.128,3.105,3.124,64396.2
2026-03-02 22:30:00,3.124,3.131,3.119,3.12,67558.7
2026-03-02 22:45:00,3.12,3.123,3.114,3.118,17661.3
2026-03-02 23:00:00,3.118,3.122,3.1,3.1,44173.7
2026-03-02 23:15:00,3.1,3.109,3.087,3.087,55975.2
2026-03-02 23:30:00,3.087,3.089,3.075,3.08,65706.8
2026-03-02 23:45:00,3.079,3.091,3.074,3.086,48771.9
2026-03-03 00:00:00,3.087,3.093,3.07,3.076,74739.3
2026-03-03 00:15:00,3.075,3.085,3.059,3.065,74471.6
2026-03-03 00:30:00,3.064,3.085,3.056,3.08,66887.6
2026-03-03 00:45:00,3.081,3.085,3.063,3.077,43520.1
2026-03-03 01:00:00,3.077,3.094,3.073,3.086,45560.6
2026-03-03 01:15:00,3.086,3.087,3.07,3.075,37261.8
2026-03-03 01:30:00,3.075,3.092,3.067,3.09,36477.0
2026-03-03 01:45:00,3.089,3.089,3.069,3.071,34175.1
2026-03-03 02:00:00,3.07,3.071,3.047,3.055,142787.2
2026-03-03 02:15:00,3.055,3.062,3.041,3.062,89428.1
2026-03-03 02:30:00,3.061,3.075,3.06,3.073,36960.0
2026-03-03 02:45:00,3.072,3.08,3.065,3.072,20733.0
2026-03-03 03:00:00,3.071,3.075,3.062,3.074,50478.1
2026-03-03 03:15:00,3.074,3.079,3.061,3.071,50478.6
2026-03-03 03:30:00,3.071,3.086,3.07,3.081,40561.6
2026-03-03 03:45:00,3.08,3.091,3.079,3.08,138468.8
2026-03-03 04:00:00,3.079,3.089,3.07,3.073,55253.9
2026-03-03 04:15:00,3.073,3.081,3.065,3.066,30996.2
2026-03-03 04:30:00,3.066,3.071,3.059,3.068,26532.7
2026-03-03 04:45:00,3.067,3.068,3.051,3.059,89858.2
2026-03-03 05:00:00,3.059,3.074,3.05,3.073,62099.8
2026-03-03 05:15:00,3.073,3.086,3.071,3.078,61458.6
2026-03-03 05:30:00,3.077,3.08,3.061,3.067,38788.6
2026-03-03 05:45:00,3.067,3.071,3.043,3.055,58222.6
2026-03-03 06:00:00,3.054,3.066,3.054,3.059,35264.4
2026-03-03 06:15:00,3.059,3.06,3.05,3.052,22674.9
2026-03-03 06:30:00,3.052,3.059,3.049,3.057,19396.7
2026-03-03 06:45:00,3.057,3.067,3.048,3.054,27621.3
2026-03-03 07:00:00,3.054,3.069,3.051,3.068,31162.7
2026-03-03 07:15:00,3.068,3.074,3.058,3.059,26753.4
2026-03-03 07:30:00,3.059,3.066,3.056,3.062,65914.4
2026-03-03 07:45:00,3.062,3.065,3.052,3.061,26026.3
2026-03-03 08:00:00,3.061,3.07,3.051,3.053,39846.3
2026-03-03 08:15:00,3.054,3.058,3.043,3.048,45055.6
2026-03-03 08:30:00,3.047,3.051,3.027,3.03,76766.5
2026-03-03 08:45:00,3.029,3.034,3.018,3.022,95181.7
2026-03-03 09:00:00,3.021,3.039,3.017,3.033,79439.1
2026-03-03 09:15:00,3.032,3.039,3.002,3.006,120889.3
2026-03-03 09:30:00,3.005,3.016,2.997,3.006,77096.6
2026-03-03 09:45:00,3.005,3.005,2.997,3.0,40487.2
2026-03-03 10:00:00,3.0,3.007,2.995,3.004,85625.3
2026-03-03 10:15:00,3.003,3.014,2.997,3.01,36846.9
2026-03-03 10:30:00,3.01,3.015,3.004,3.01,65166.4
2026-03-03 10:45:00,3.011,3.02,3.003,3.009,60891.2
2026-03-03 11:00:00,3.009,3.014,2.995,2.998,90025.5
2026-03-03 11:15:00,2.998,3.009,2.994,2.998,20841.9
2026-03-03 11:30:00,2.998,3.007,2.992,3.002,54656.7
2026-03-03 11:45:00,3.002,3.008,2.999,3.005,33996.0
2026-03-03 12:00:00,3.006,3.052,3.004,3.038,101306.7
2026-03-03 12:15:00,3.039,3.039,3.02,3.023,69534.3
2026-03-03 12:30:00,3.023,3.025,3.012,3.015,38392.2
2026-03-03 12:45:00,3.015,3.021,3.011,3.017,22626.4
2026-03-03 13:00:00,3.016,3.019,2.997,2.998,91341.1
2026-03-03 13:15:00,2.997,3.007,2.996,3.003,60734.4
2026-03-03 13:30:00,3.003,3.003,2.989,2.99,60362.0
2026-03-03 13:45:00,2.99,2.993,2.979,2.986,121935.9
2026-03-03 14:00:00,2.986,2.999,2.98,2.992,43526.7
2026-03-03 14:15:00,2.993,3.004,2.987,2.993,35971.4
2026-03-03 14:30:00,2.993,3.019,2.971,2.974,193744.5
2026-03-03 14:45:00,2.973,3.0,2.957,2.984,200170.3
2026-03-03 15:00:00,2.985,3.0,2.981,2.992,136954.1
2026-03-03 15:15:00,2.992,2.999,2.971,2.984,101422.5
2026-03-03 15:30:00,2.983,3.027,2.983,3.005,277126.5
2026-03-03 15:45:00,3.005,3.017,3.003,3.014,68573.9
2026-03-03 16:00:00,3.013,3.061,3.005,3.06,235294.2
2026-03-03 16:15:00,3.06,3.084,3.043,3.072,150060.9
2026-03-03 16:30:00,3.071,3.071,2.998,3.016,226351.8
2026-03-03 16:45:00,3.015,3.063,3.014,3.048,142254.2
2026-03-03 17:00:00,3.048,3.051,3.014,3.027,94162.5
2026-03-03 17:15:00,3.026,3.043,3.018,3.041,48781.2
2026-03-03 17:30:00,3.041,3.044,3.019,3.043,56367.9
2026-03-03 17:45:00,3.043,3.062,3.038,3.051,80869.6
2026-03-03 18:00:00,3.052,3.059,3.036,3.043,43043.8
2026-03-03 18:15:00,3.042,3.077,3.042,3.071,103359.3
2026-03-03 18:30:00,3.071,3.09,3.066,3.069,108389.0
2026-03-03 18:45:00,3.068,3.068,3.048,3.054,93852.1
2026-03-03 19:00:00,3.054,3.056,3.033,3.046,53832.8
2026-03-03 19:15:00,3.045,3.06,3.039,3.049,93931.8
2026-03-03 19:30:00,3.049,3.06,3.029,3.055,87503.5
2026-03-03 19:45:00,3.055,3.06,3.04,3.042,29884.9
2026-03-03 20:00:00,3.042,3.046,3.031,3.031,39327.6
2026-03-03 20:15:00,3.03,3.037,3.026,3.03,32465.4
2026-03-03 20:30:00,3.03,3.04,3.025,3.032,55708.8
2026-03-03 20:45:00,3.031,3.033,3.007,3.013,136181.4
2026-03-03 21:00:00,3.012,3.014,2.996,3.012,91646.5
2026-03-03 21:15:00,3.011,3.012,2.99,2.997,101744.7
2026-03-03 21:30:00,2.996,3.009,2.995,3.007,39690.0
2026-03-03 21:45:00,3.007,3.014,3.003,3.01,29828.1
2026-03-03 22:00:00,3.01,3.037,3.007,3.025,111379.3
2026-03-03 22:15:00,3.025,3.032,3.019,3.028,17718.3
2026-03-03 22:30:00,3.027,3.046,3.024,3.044,59344.9
2026-03-03 22:45:00,3.044,3.045,3.032,3.037,30824.5
2026-03-03 23:00:00,3.036,3.056,3.028,3.046,46398.0
2026-03-03 23:15:00,3.046,3.046,3.031,3.035,23785.1
2026-03-03 23:30:00,3.034,3.038,3.028,3.037,30039.6
2026-03-03 23:45:00,3.037,3.04,3.025,3.03,17772.9
2026-03-04 00:00:00,3.03,3.032,3.022,3.031,58315.5
2026-03-04 00:15:00,3.03,3.043,3.03,3.035,43452.4
2026-03-04 00:30:00,3.035,3.035,3.007,3.011,73175.4
2026-03-04 00:45:00,3.01,3.034,3.01,3.025,39218.8
2026-03-04 01:00:00,3.025,3.035,3.018,3.022,45822.6
2026-03-04 01:15:00,3.022,3.036,3.018,3.031,28852.6
2026-03-04 01:30:00,3.031,3.05,3.026,3.038,62624.3
2026-03-04 01:45:00,3.038,3.038,3.014,3.016,67920.8
2026-03-04 02:00:00,3.015,3.018,2.997,3.004,80057.0
2026-03-04 02:15:00,3.003,3.007,2.997,3.001,39907.5
2026-03-04 02:30:00,3.001,3.008,2.997,3.005,54545.0
2026-03-04 02:45:00,3.005,3.018,3.003,3.016,36137.1
2026-03-04 03:00:00,3.016,3.019,3.005,3.013,43649.1
2026-03-04 03:15:00,3.013,3.026,3.001,3.002,76438.3
2026-03-04 03:30:00,3.001,3.002,2.981,2.991,108159.9
2026-03-04 03:45:00,2.99,3.005,2.983,3.003,36126.5
2026-03-04 04:00:00,3.003,3.009,2.989,3.004,61957.6
2026-03-04 04:15:00,3.003,3.005,2.983,2.989,91430.9
2026-03-04 04:30:00,2.988,2.992,2.981,2.992,39608.2
2026-03-04 04:45:00,2.991,3.001,2.989,2.998,32594.8
2026-03-04 05:00:00,2.997,3.01,2.99,3.01,63533.9
2026-03-04 05:15:00,3.011,3.011,2.99,2.998,52802.8
2026-03-04 05:30:00,2.997,3.019,2.995,3.015,89146.0
2026-03-04 05:45:00,3.015,3.018,3.009,3.011,19762.1
2026-03-04 06:00:00,3.01,3.013,2.999,3.001,33734.1
2026-03-04 06:15:00,3.001,3.002,2.996,2.998,26945.0
2026-03-04 06:30:00,2.998,3.027,2.998,3.025,57200.7
2026-03-04 06:45:00,3.025,3.025,3.017,3.02,34317.0
2026-03-04 07:00:00,3.019,3.022,3.012,3.013,77920.1
2026-03-04 07:15:00,3.012,3.031,3.012,3.029,24839.5
2026-03-04 07:30:00,3.029,3.04,3.028,3.04,48766.2
2026-03-04 07:45:00,3.039,3.056,3.031,3.043,121152.2
2026-03-04 08:00:00,3.042,3.054,3.035,3.045,103485.0
2026-03-04 08:15:00,3.045,3.045,3.032,3.034,45656.1
2026-03-04 08:30:00,3.034,3.054,3.034,3.053,65124.6
2026-03-04 08:45:00,3.054,3.111,3.054,3.106,323182.9
2026-03-04 09:00:00,3.106,3.118,3.089,3.118,154648.2
2026-03-04 09:15:00,3.118,3.126,3.109,3.112,128016.4
2026-03-04 09:30:00,3.112,3.137,3.108,3.125,200030.8
2026-03-04 09:45:00,3.126,3.137,3.111,3.12,86747.3
2026-03-04 10:00:00,3.12,3.126,3.106,3.111,95758.1
2026-03-04 10:15:00,3.111,3.112,3.081,3.087,154739.8
2026-03-04 10:30:00,3.088,3.092,3.074,3.076,74296.2
2026-03-04 10:45:00,3.076,3.083,3.071,3.08,69288.3
2026-03-04 11:00:00,3.081,3.092,3.076,3.083,75016.0
2026-03-04 11:15:00,3.084,3.086,3.069,3.076,64528.3
2026-03-04 11:30:00,3.077,3.08,3.048,3.061,99829.6
2026-03-04 11:45:00,3.06,3.072,3.058,3.066,54912.0
2026-03-04 12:00:00,3.067,3.07,3.055,3.059,39888.3
2026-03-04 12:15:00,3.059,3.062,3.041,3.043,44248.8
2026-03-04 12:30:00,3.042,3.053,3.034,3.047,118901.9
2026-03-04 12:45:00,3.048,3.054,3.044,3.052,43390.8
2026-03-04 13:00:00,3.052,3.085,3.051,3.081,160871.0
2026-03-04 13:15:00,3.081,3.082,3.067,3.076,63631.9
2026-03-04 13:30:00,3.076,3.089,3.072,3.08,69316.9
2026-03-04 13:45:00,3.081,3.092,3.079,3.087,57695.4
2026-03-04 14:00:00,3.088,3.1,3.083,3.096,64168.8
2026-03-04 14:15:00,3.097,3.101,3.082,3.09,41392.2
2026-03-04 14:30:00,3.09,3.131,3.078,3.081,280205.7
2026-03-04 14:45:00,3.08,3.088,3.062,3.081,219826.1
2026-03-04 15:00:00,3.081,3.103,3.081,3.082,220335.2
2026-03-04 15:15:00,3.082,3.142,3.082,3.14,206813.0
2026-03-04 15:30:00,3.141,3.146,3.113,3.118,164758.4
2026-03-04 15:45:00,3.119,3.146,3.119,3.145,130890.9
2026-03-04 16:00:00,3.146,3.155,3.13,3.132,247066.1
2026-03-04 16:15:00,3.131,3.136,3.105,3.114,134552.5
2026-03-04 16:30:00,3.114,3.128,3.111,3.116,104711.4
2026-03-04 16:45:00,3.116,3.127,3.114,3.118,41411.5
2026-03-04 17:00:00,3.119,3.129,3.111,3.115,74228.2
2026-03-04 17:15:00,3.116,3.123,3.083,3.094,135065.5
2026-03-04 17:30:00,3.094,3.118,3.094,3.115,54470.7
2026-03-04 17:45:00,3.116,3.128,3.114,3.118,43906.6
2026-03-04 18:00:00,3.118,3.124,3.097,3.102,75402.2
2026-03-04 18:15:00,3.102,3.117,3.1,3.114,33223.4
2026-03-04 18:30:00,3.115,3.116,3.098,3.113,41775.4
2026-03-04 18:45:00,3.113,3.132,3.112,3.131,51184.5
2026-03-04 19:00:00,3.132,3.157,3.12,3.149,198886.3
2026-03-04 19:15:00,3.15,3.172,3.142,3.143,136599.1
2026-03-04 19:30:00,3.144,3.163,3.131,3.157,67592.4
2026-03-04 19:45:00,3.157,3.162,3.14,3.141,42717.4
2026-03-04 20:00:00,3.141,3.146,3.129,3.138,48736.9
2026-03-04 20:15:00,3.138,3.149,3.133,3.145,32923.2
2026-03-04 20:30:00,3.144,3.173,3.136,3.158,379344.0
2026-03-04 20:45:00,3.159,3.159,3.14,3.143,57920.4
2026-03-04 21:00:00,3.144,3.146,3.127,3.132,116567.5
2026-03-04 21:15:00,3.131,3.143,3.126,3.137,38403.6
2026-03-04 21:30:00,3.137,3.147,3.131,3.144,31266.2
2026-03-04 21:45:00,3.143,3.148,3.138,3.147,26168.9
2026-03-04 22:00:00,3.148,3.16,3.147,3.149,51238.2
2026-03-04 22:15:00,3.149,3.157,3.143,3.151,25415.0
2026-03-04 22:30:00,3.15,3.15,3.124,3.127,65907.9
2026-03-04 22:45:00,3.126,3.126,3.106,3.113,56646.2
2026-03-04 23:00:00,3.112,3.116,3.103,3.11,58428.9
2026-03-04 23:15:00,3.11,3.115,3.083,3.099,130650.6
2026-03-04 23:30:00,3.099,3.119,3.091,3.119,48838.6
2026-03-04 23:45:00,3.119,3.126,3.115,3.122,46390.7
2026-03-05 00:00:00,3.121,3.123,3.1,3.109,76335.6
2026-03-05 00:15:00,3.108,3.112,3.099,3.1,37863.8
2026-03-05 00:30:00,3.1,3.108,3.093,3.104,51243.1
2026-03-05 00:45:00,3.104,3.113,3.101,3.104,41501.1
2026-03-05 01:00:00,3.104,3.122,3.097,3.116,53124.5
2026-03-05 01:15:00,3.116,3.119,3.097,3.102,30491.0
2026-03-05 01:30:00,3.101,3.102,3.081,3.086,51283.1
2026-03-05 01:45:00,3.085,3.088,3.072,3.082,101060.6
2026-03-05 02:00:00,3.081,3.107,3.08,3.106,71915.3
2026-03-05 02:15:00,3.106,3.109,3.097,3.099,29328.0
2026-03-05 02:30:00,3.098,3.098,3.079,3.083,27303.4
2026-03-05 02:45:00,3.082,3.095,3.082,3.092,33769.4
2026-03-05 03:00:00,3.093,3.097,3.078,3.083,243013.5
2026-03-05 03:15:00,3.082,3.085,3.064,3.066,119116.9
2026-03-05 03:30:00,3.065,3.068,3.055,3.058,130351.0
2026-03-05 03:45:00,3.058,3.07,3.057,3.069,47632.3
2026-03-05 04:00:00,3.069,3.081,3.068,3.074,55317.1
2026-03-05 04:15:00,3.075,3.087,3.072,3.081,49569.5
2026-03-05 04:30:00,3.082,3.092,3.073,3.091,71610.4
2026-03-05 04:45:00,3.091,3.1,3.088,3.091,68388.7
2026-03-05 05:00:00,3.091,3.097,3.087,3.092,22918.8
2026-03-05 05:15:00,3.092,3.093,3.069,3.07,64214.6
2026-03-05 05:30:00,3.07,3.07,3.055,3.062,68654.4
2026-03-05 05:45:00,3.062,3.067,3.059,3.067,23392.2
2026-03-05 06:00:00,3.067,3.075,3.058,3.062,114452.4
2026-03-05 06:15:00,3.061,3.077,3.058,3.072,66048.9
2026-03-05 06:30:00,3.072,3.081,3.066,3.077,75445.8
2026-03-05 06:45:00,3.077,3.091,3.075,3.089,47132.6
2026-03-05 07:00:00,3.089,3.096,3.084,3.095,58346.8
2026-03-05 07:15:00,3.094,3.103,3.091,3.097,45350.3
2026-03-05 07:30:00,3.097,3.097,3.087,3.089,45514.7
2026-03-05 07:45:00,3.089,3.09,3.061,3.074,84429.5
2026-03-05 08:00:00,3.073,3.077,3.063,3.065,62864.4
2026-03-05 08:15:00,3.064,3.07,3.058,3.061,33464.4
2026-03-05 08:30:00,3.06,3.077,3.057,3.076,42996.4
2026-03-05 08:45:00,3.077,3.081,3.07,3.075,73528.2
2026-03-05 09:00:00,3.076,3.115,3.074,3.109,173781.8
2026-03-05 09:15:00,3.11,3.113,3.096,3.099,73554.7
2026-03-05 09:30:00,3.099,3.11,3.091,3.094,58230.8
2026-03-05 09:45:00,3.095,3.103,3.091,3.1,22381.8
2026-03-05 10:00:00,3.1,3.102,3.092,3.093,31468.9
2026-03-05 10:15:00,3.093,3.113,3.09,3.109,85224.0
2026-03-05 10:30:00,3.11,3.13,3.105,3.113,142107.2
2026-03-05 10:45:00,3.113,3.12,3.108,3.113,98759.7
2026-03-05 11:00:00,3.114,3.115,3.102,3.105,100886.1
2026-03-05 11:15:00,3.105,3.107,3.086,3.091,93288.8
2026-03-05 11:30:00,3.091,3.106,3.071,3.075,386594.2
2026-03-05 11:45:00,3.075,3.084,3.073,3.081,48134.2
2026-03-05 12:00:00,3.082,3.083,3.068,3.074,117388.5
2026-03-05 12:15:00,3.074,3.082,3.064,3.078,29332.0
2026-03-05 12:30:00,3.078,3.094,3.074,3.087,52678.4
2026-03-05 12:45:00,3.088,3.099,3.086,3.095,73045.1
2026-03-05 13:00:00,3.096,3.098,3.083,3.085,62261.4
2026-03-05 13:15:00,3.085,3.09,3.071,3.08,59083.0
2026-03-05 13:30:00,3.08,3.08,3.05,3.066,308361.2
2026-03-05 13:45:00,3.065,3.077,3.064,3.072,82245.6
2026-03-05 14:00:00,3.072,3.09,3.071,3.088,138935.4
2026-03-05 14:15:00,3.088,3.091,3.074,3.088,69563.3
2026-03-05 14:30:00,3.088,3.116,3.077,3.084,285416.0
2026-03-05 14:45:00,3.084,3.111,3.079,3.104,170357.7
2026-03-05 15:00:00,3.105,3.109,3.056,3.067,184944.7
2026-03-05 15:15:00,3.066,3.072,3.039,3.04,250332.9
2026-03-05 15:30:00,3.04,3.065,3.027,3.054,222416.8
2026-03-05 15:45:00,3.054,3.057,3.031,3.039,138142.6
2026-03-05 16:00:00,3.039,3.04,2.984,3.001,515637.2
2026-03-05 16:15:00,3.0,3.014,2.996,3.013,166693.6
2026-03-05 16:30:00,3.013,3.037,3.008,3.024,173309.2
2026-03-05 16:45:00,3.024,3.026,3.014,3.019,73867.2
2026-03-05 17:00:00,3.019,3.036,3.01,3.017,135918.0
2026-03-05 17:15:00,3.017,3.018,3.004,3.004,70204.8
2026-03-05 17:30:00,3.004,3.01,2.991,3.003,98405.8
2026-03-05 17:45:00,3.003,3.007,2.992,3.0,115563.8
2026-03-05 18:00:00,2.999,3.01,2.994,3.007,67717.6
2026-03-05 18:15:00,3.008,3.02,3.003,3.012,86577.9
2026-03-05 18:30:00,3.011,3.026,3.011,3.02,58497.5
2026-03-05 18:45:00,3.02,3.024,3.011,3.02,110173.0
2026-03-05 19:00:00,3.02,3.05,3.019,3.05,106448.5
2026-03-05 19:15:00,3.05,3.056,3.036,3.039,92087.7
2026-03-05 19:30:00,3.038,3.043,3.028,3.036,74853.3
2026-03-05 19:45:00,3.035,3.042,3.029,3.035,55394.8
2026-03-05 20:00:00,3.034,3.052,3.026,3.05,119533.2
2026-03-05 20:15:00,3.05,3.067,3.048,3.063,141913.4
2026-03-05 20:30:00,3.064,3.073,3.059,3.063,74664.7
2026-03-05 20:45:00,3.063,3.068,3.052,3.061,58907.0
2026-03-05 21:00:00,3.061,3.067,3.058,3.064,33194.3
2026-03-05 21:15:00,3.063,3.075,3.063,3.071,46470.8
2026-03-05 21:30:00,3.072,3.074,3.042,3.048,82789.5
2026-03-05 21:45:00,3.047,3.054,3.038,3.046,53819.1
2026-03-05 22:00:00,3.046,3.048,3.026,3.033,80394.9
2026-03-05 22:15:00,3.032,3.036,3.027,3.031,28296.2
2026-03-05 22:30:00,3.031,3.042,3.031,3.038,33779.1
2026-03-05 22:45:00,3.038,3.041,3.028,3.029,23709.2
2026-03-05 23:00:00,3.028,3.032,3.025,3.028,30597.5
2026-03-05 23:15:00,3.028,3.038,3.027,3.034,18202.2
2026-03-05 23:30:00,3.034,3.034,3.02,3.026,30998.8
2026-03-05 23:45:00,3.025,3.027,3.018,3.021,32010.4
2026-03-06 00:00:00,3.021,3.026,3.016,3.025,47367.5
2026-03-06 00:15:00,3.026,3.026,3.011,3.014,35777.1
2026-03-06 00:30:00,3.013,3.023,3.013,3.016,40880.2
2026-03-06 00:45:00,3.017,3.021,3.008,3.016,22622.2
2026-03-06 01:00:00,3.016,3.019,3.006,3.007,34066.6
2026-03-06 01:15:00,3.007,3.011,2.996,3.0,43593.0
2026-03-06 01:30:00,3.0,3.035,3.0,3.034,83674.5
2026-03-06 01:45:00,3.035,3.038,3.026,3.035,39661.6
2026-03-06 02:00:00,3.035,3.038,3.027,3.037,35641.8
2026-03-06 02:15:00,3.036,3.037,3.02,3.031,38232.1
2026-03-06 02:30:00,3.03,3.035,3.022,3.034,75856.9
2026-03-06 02:45:00,3.034,3.036,3.027,3.031,18448.0
2026-03-06 03:00:00,3.031,3.033,3.02,3.022,37874.7
2026-03-06 03:15:00,3.022,3.032,3.019,3.027,24849.2
2026-03-06 03:30:00,3.027,3.03,3.021,3.022,20801.4
2026-03-06 03:45:00,3.023,3.029,3.021,3.029,33818.9
2026-03-06 04:00:00,3.029,3.03,3.016,3.018,36672.6
2026-03-06 04:15:00,3.018,3.027,3.016,3.023,28353.7
2026-03-06 04:30:00,3.023,3.032,3.001,3.01,83397.9
2026-03-06 04:45:00,3.01,3.017,3.006,3.017,32317.8
2026-03-06 05:00:00,3.017,3.021,3.012,3.021,38608.8
2026-03-06 05:15:00,3.021,3.03,3.01,3.012,50798.1
2026-03-06 05:30:00,3.012,3.012,2.996,3.0,88439.2
2026-03-06 05:45:00,3.0,3.022,2.998,3.018,79542.4
2026-03-06 06:00:00,3.019,3.027,3.016,3.026,62270.6
2026-03-06 06:15:00,3.026,3.029,3.018,3.02,38408.6
2026-03-06 06:30:00,3.02,3.032,3.019,3.031,57459.1
2026-03-06 06:45:00,3.03,3.04,3.028,3.029,33658.2
2026-03-06 07:00:00,3.03,3.035,3.02,3.023,49346.2
2026-03-06 07:15:00,3.023,3.04,3.02,3.038,40057.7
2026-03-06 07:30:00,3.039,3.048,3.037,3.047,54128.2
2026-03-06 07:45:00,3.048,3.05,3.041,3.042,41524.8
2026-03-06 08:00:00,3.043,3.043,3.028,3.031,52112.9
2026-03-06 08:15:00,3.031,3.036,3.026,3.034,36327.1
2026-03-06 08:30:00,3.033,3.034,3.021,3.023,42726.2
2026-03-06 08:45:00,3.023,3.028,3.014,3.017,49971.6
2026-03-06 09:00:00,3.018,3.02,2.993,2.996,118914.0
2026-03-06 09:15:00,2.996,2.999,2.982,2.985,105570.6
2026-03-06 09:30:00,2.985,2.993,2.981,2.992,86580.5
2026-03-06 09:45:00,2.993,3.001,2.988,2.997,60248.0
2026-03-06 10:00:00,2.998,3.024,2.997,3.016,150667.3
2026-03-06 10:15:00,3.015,3.018,3.009,3.01,79614.5
2026-03-06 10:30:00,3.011,3.011,3.001,3.004,58980.9
2026-03-06 10:45:00,3.004,3.008,2.997,3.002,45594.5
2026-03-06 11:00:00,3.001,3.003,2.99,2.998,84451.5
2026-03-06 11:15:00,2.999,3.001,2.992,2.996,35110.4
2026-03-06 11:30:00,2.996,2.997,2.985,2.987,54471.5
2026-03-06 11:45:00,2.986,2.988,2.982,2.983,50717.0
2026-03-06 12:00:00,2.984,2.984,2.939,2.951,390024.5
2026-03-06 12:15:00,2.95,2.972,2.95,2.966,111345.6
2026-03-06 12:30:00,2.966,2.969,2.946,2.949,90659.1
2026-03-06 12:45:00,2.948,2.966,2.944,2.959,67510.9
2026-03-06 13:00:00,2.959,2.967,2.958,2.963,38742.1
2026-03-06 13:15:00,2.964,2.982,2.963,2.976,125912.8
2026-03-06 13:30:00,2.974,2.993,2.952,2.978,278873.2
2026-03-06 13:45:00,2.979,2.982,2.929,2.931,383899.0
2026-03-06 14:00:00,2.93,2.94,2.901,2.91,374233.0
2026-03-06 14:15:00,2.909,2.918,2.901,2.909,202693.8
2026-03-06 14:30:00,2.91,2.921,2.878,2.897,309848.2
2026-03-06 14:45:00,2.897,2.906,2.872,2.886,193375.3
2026-03-06 15:00:00,2.885,2.898,2.878,2.893,170750.4
2026-03-06 15:15:00,2.893,2.897,2.883,2.888,97774.7
2026-03-06 15:30:00,2.889,2.903,2.878,2.88,90836.1
2026-03-06 15:45:00,2.881,2.881,2.85,2.868,220653.0
2026-03-06 16:00:00,2.868,2.87,2.846,2.854,133399.9
2026-03-06 16:15:00,2.855,2.87,2.853,2.864,55264.1
2026-03-06 16:30:00,2.865,2.878,2.858,2.875,65864.7
2026-03-06 16:45:00,2.876,2.879,2.852,2.864,108408.3
2026-03-06 17:00:00,2.864,2.885,2.863,2.869,151270.4
2026-03-06 17:15:00,2.869,2.88,2.855,2.859,113452.5
2026-03-06 17:30:00,2.86,2.86,2.833,2.843,186396.6
2026-03-06 17:45:00,2.843,2.855,2.84,2.847,45665.4
2026-03-06 18:00:00,2.848,2.872,2.845,2.87,92530.3
2026-03-06 18:15:00,2.869,2.881,2.866,2.87,106012.2
2026-03-06 18:30:00,2.871,2.881,2.869,2.879,62687.3
2026-03-06 18:45:00,2.88,2.884,2.871,2.871,62821.8
2026-03-06 19:00:00,2.872,2.884,2.871,2.883,52777.2
2026-03-06 19:15:00,2.884,2.885,2.872,2.875,36171.8
2026-03-06 19:30:00,2.875,2.883,2.873,2.875,25351.2
2026-03-06 19:45:00,2.874,2.883,2.873,2.881,28038.4
2026-03-06 20:00:00,2.88,2.891,2.88,2.886,92278.9
2026-03-06 20:15:00,2.885,2.889,2.875,2.876,39811.7
2026-03-06 20:30:00,2.876,2.889,2.874,2.885,53877.4
2026-03-06 20:45:00,2.886,2.892,2.885,2.89,43609.7
2026-03-06 21:00:00,2.889,2.893,2.886,2.889,28031.2
2026-03-06 21:15:00,2.889,2.891,2.882,2.887,35185.3
2026-03-06 21:30:00,2.888,2.9,2.886,2.899,74128.9
2026-03-06 21:45:00,2.898,2.901,2.893,2.899,75166.5
2026-03-06 22:00:00,2.899,2.904,2.895,2.896,59893.8
2026-03-06 22:15:00,2.895,2.904,2.894,2.899,21079.7
2026-03-06 22:30:00,2.9,2.908,2.896,2.902,47391.2
2026-03-06 22:45:00,2.904,2.91,2.901,2.904,18676.5
2026-03-06 23:00:00,2.905,2.908,2.902,2.907,34379.3
2026-03-06 23:15:00,2.907,2.908,2.902,2.903,25669.3
2026-03-06 23:30:00,2.903,2.904,2.895,2.896,23321.0
2026-03-06 23:45:00,2.897,2.902,2.895,2.901,23311.9
2026-03-07 00:00:00,2.901,2.908,2.898,2.903,54948.6
2026-03-07 00:15:00,2.903,2.908,2.898,2.907,30195.3
2026-03-07 00:30:00,2.908,2.913,2.906,2.908,56563.1
2026-03-07 00:45:00,2.908,2.912,2.906,2.907,30328.6
2026-03-07 01:00:00,2.907,2.907,2.892,2.893,50235.9
2026-03-07 01:15:00,2.892,2.896,2.89,2.891,19646.2
2026-03-07 01:30:00,2.891,2.892,2.888,2.892,30869.7
2026-03-07 01:45:00,2.892,2.896,2.882,2.883,52191.4
2026-03-07 02:00:00,2.883,2.886,2.878,2.88,70142.0
2026-03-07 02:15:00,2.881,2.884,2.87,2.873,66097.8
2026-03-07 02:30:00,2.873,2.883,2.872,2.878,45435.9
2026-03-07 02:45:00,2.877,2.888,2.876,2.888,21343.6
2026-03-07 03:00:00,2.887,2.9,2.884,2.9,65062.0
2026-03-07 03:15:00,2.899,2.899,2.882,2.883,31771.5
2026-03-07 03:30:00,2.883,2.888,2.88,2.886,34411.2
2026-03-07 03:45:00,2.886,2.89,2.884,2.886,20710.7
2026-03-07 04:00:00,2.886,2.886,2.872,2.879,93522.4
2026-03-07 04:15:00,2.88,2.892,2.879,2.892,38991.8
2026-03-07 04:30:00,2.892,2.903,2.891,2.903,40216.2
2026-03-07 04:45:00,2.903,2.904,2.895,2.898,27872.0
2026-03-07 05:00:00,2.897,2.902,2.893,2.897,23210.8
2026-03-07 05:15:00,2.897,2.898,2.889,2.893,45427.0
2026-03-07 05:30:00,2.892,2.895,2.886,2.894,17854.7
2026-03-07 05:45:00,2.894,2.895,2.888,2.889,21258.3
2026-03-07 06:00:00,2.888,2.888,2.878,2.879,39360.2
2026-03-07 06:15:00,2.878,2.879,2.873,2.875,19237.2
2026-03-07 06:30:00,2.875,2.875,2.86,2.867,75097.0
2026-03-07 06:45:00,2.867,2.869,2.859,2.86,51507.2
2026-03-07 07:00:00,2.86,2.865,2.851,2.864,79415.6
2026-03-07 07:15:00,2.864,2.864,2.856,2.862,34113.3
2026-03-07 07:30:00,2.862,2.87,2.859,2.869,36960.8
2026-03-07 07:45:00,2.869,2.872,2.865,2.868,30780.6
2026-03-07 08:00:00,2.867,2.876,2.866,2.872,54982.9
2026-03-07 08:15:00,2.872,2.88,2.869,2.877,30280.3
2026-03-07 08:30:00,2.876,2.882,2.875,2.877,46480.4
2026-03-07 08:45:00,2.877,2.878,2.862,2.865,54816.8
2026-03-07 09:00:00,2.864,2.868,2.857,2.868,46102.9
2026-03-07 09:15:00,2.868,2.875,2.868,2.873,81798.2
2026-03-07 09:30:00,2.872,2.877,2.871,2.874,39018.4
2026-03-07 09:45:00,2.874,2.879,2.873,2.877,22894.2
2026-03-07 10:00:00,2.878,2.883,2.876,2.883,22285.4
2026-03-07 10:15:00,2.883,2.883,2.877,2.879,21883.2
2026-03-07 10:30:00,2.878,2.885,2.878,2.884,55922.4
2026-03-07 10:45:00,2.883,2.887,2.881,2.884,35020.2
2026-03-07 11:00:00,2.883,2.897,2.878,2.897,52805.5
2026-03-07 11:15:00,2.896,2.9,2.891,2.893,60994.6
2026-03-07 11:30:00,2.892,2.895,2.887,2.888,51026.7
2026-03-07 11:45:00,2.887,2.89,2.881,2.882,75171.1
2026-03-07 12:00:00,2.881,2.89,2.88,2.888,38069.5
2026-03-07 12:15:00,2.888,2.895,2.887,2.891,78488.3
2026-03-07 12:30:00,2.891,2.894,2.886,2.894,29851.1
2026-03-07 12:45:00,2.893,2.896,2.883,2.885,71159.1
2026-03-07 13:00:00,2.885,2.889,2.877,2.889,100005.8
2026-03-07 13:15:00,2.888,2.899,2.888,2.896,47166.6
2026-03-07 13:30:00,2.895,2.901,2.891,2.896,43323.6
2026-03-07 13:45:00,2.895,2.899,2.89,2.894,21885.7
2026-03-07 14:00:00,2.893,2.894,2.863,2.871,111213.0
2026-03-07 14:15:00,2.87,2.87,2.854,2.867,111178.6
2026-03-07 14:30:00,2.866,2.885,2.863,2.876,65388.1
2026-03-07 14:45:00,2.875,2.881,2.871,2.877,56683.2
2026-03-07 15:00:00,2.878,2.878,2.867,2.87,60797.3
2026-03-07 15:15:00,2.869,2.87,2.855,2.857,89328.9
2026-03-07 15:30:00,2.858,2.862,2.842,2.851,117103.0
2026-03-07 15:45:00,2.852,2.861,2.85,2.859,48287.6
2026-03-07 16:00:00,2.859,2.865,2.857,2.864,39083.7
2026-03-07 16:15:00,2.865,2.865,2.853,2.863,94990.9
2026-03-07 16:30:00,2.863,2.869,2.86,2.867,46470.3
2026-03-07 16:45:00,2.866,2.876,2.864,2.873,78907.3
2026-03-07 17:00:00,2.874,2.886,2.873,2.882,48713.6
2026-03-07 17:15:00,2.881,2.891,2.88,2.888,28519.1
2026-03-07 17:30:00,2.889,2.89,2.885,2.889,39633.7
2026-03-07 17:45:00,2.889,2.893,2.889,2.891,42530.0
2026-03-07 18:00:00,2.891,2.892,2.861,2.871,171849.6
2026-03-07 18:15:00,2.871,2.873,2.864,2.872,35379.2
2026-03-07 18:30:00,2.872,2.873,2.86,2.865,60442.0
2026-03-07 18:45:00,2.866,2.866,2.86,2.863,28414.3
2026-03-07 19:00:00,2.863,2.865,2.859,2.861,28535.3
2026-03-07 19:15:00,2.861,2.864,2.85,2.852,62547.5
2026-03-07 19:30:00,2.852,2.86,2.851,2.854,45733.7
2026-03-07 19:45:00,2.853,2.854,2.831,2.844,123813.6
2026-03-07 20:00:00,2.845,2.855,2.843,2.852,38406.4
2026-03-07 20:15:00,2.852,2.855,2.846,2.85,26370.5
2026-03-07 20:30:00,2.85,2.853,2.847,2.852,16179.4
2026-03-07 20:45:00,2.852,2.853,2.841,2.845,52753.8
2026-03-07 21:00:00,2.846,2.852,2.843,2.844,45482.2
2026-03-07 21:15:00,2.843,2.853,2.843,2.849,32895.7
2026-03-07 21:30:00,2.849,2.849,2.837,2.84,26649.1
2026-03-07 21:45:00,2.84,2.844,2.833,2.844,31174.9
2026-03-07 22:00:00,2.844,2.846,2.828,2.831,60030.4
2026-03-07 22:15:00,2.83,2.835,2.817,2.823,98538.9
2026-03-07 22:30:00,2.822,2.826,2.806,2.822,92239.3
2026-03-07 22:45:00,2.823,2.827,2.807,2.815,137080.3
2026-03-07 23:00:00,2.814,2.822,2.812,2.817,59359.5
2026-03-07 23:15:00,2.818,2.826,2.817,2.825,32837.7
2026-03-07 23:30:00,2.825,2.829,2.822,2.826,26804.6
2026-03-07 23:45:00,2.826,2.829,2.822,2.827,29354.4
2026-03-08 00:00:00,2.826,2.832,2.816,2.823,173947.1
2026-03-08 00:15:00,2.822,2.824,2.815,2.816,51802.7
2026-03-08 00:30:00,2.816,2.818,2.809,2.816,43011.0
2026-03-08 00:45:00,2.816,2.816,2.805,2.808,46601.5
2026-03-08 01:00:00,2.808,2.815,2.802,2.814,55983.2
2026-03-08 01:15:00,2.814,2.819,2.812,2.816,37987.0
2026-03-08 01:30:00,2.815,2.819,2.807,2.819,57322.7
2026-03-08 01:45:00,2.819,2.826,2.816,2.819,48624.0
2026-03-08 02:00:00,2.819,2.82,2.811,2.815,32043.7
2026-03-08 02:15:00,2.814,2.816,2.801,2.802,29355.3
2026-03-08 02:30:00,2.803,2.815,2.796,2.814,78017.0
2026-03-08 02:45:00,2.814,2.815,2.775,2.79,209135.4
2026-03-08 03:00:00,2.789,2.802,2.787,2.801,114314.5
2026-03-08 03:15:00,2.8,2.805,2.797,2.804,24952.2
2026-03-08 03:30:00,2.803,2.807,2.801,2.805,32600.3
2026-03-08 03:45:00,2.804,2.807,2.802,2.804,29683.3
2026-03-08 04:00:00,2.804,2.809,2.794,2.799,68459.8
2026-03-08 04:15:00,2.8,2.804,2.795,2.797,18385.0
2026-03-08 04:30:00,2.798,2.799,2.794,2.796,18681.9
2026-03-08 04:45:00,2.796,2.797,2.785,2.794,55323.7
2026-03-08 05:00:00,2.794,2.81,2.793,2.81,38373.1
2026-03-08 05:15:00,2.81,2.822,2.808,2.818,52081.3
2026-03-08 05:30:00,2.818,2.821,2.814,2.818,26338.9
2026-03-08 05:45:00,2.818,2.819,2.813,2.814,29123.9
2026-03-08 06:00:00,2.814,2.82,2.81,2.812,61110.1
2026-03-08 06:15:00,2.812,2.815,2.809,2.811,22564.6
2026-03-08 06:30:00,2.811,2.82,2.81,2.819,23736.9
2026-03-08 06:45:00,2.82,2.828,2.819,2.826,59232.2
2026-03-08 07:00:00,2.827,2.839,2.824,2.837,108424.9
2026-03-08 07:15:00,2.837,2.843,2.833,2.838,47124.4
2026-03-08 07:30:00,2.839,2.842,2.835,2.837,55564.1
2026-03-08 07:45:00,2.837,2.838,2.83,2.831,31233.7
2026-03-08 08:00:00,2.831,2.832,2.819,2.82,70066.9
2026-03-08 08:15:00,2.819,2.82,2.813,2.817,50619.8
2026-03-08 08:30:00,2.818,2.825,2.813,2.822,59101.2
2026-03-08 08:45:00,2.822,2.825,2.82,2.824,36287.4
2026-03-08 09:00:00,2.824,2.834,2.82,2.83,71479.1
2026-03-08 09:15:00,2.831,2.84,2.829,2.838,74643.7
2026-03-08 09:30:00,2.839,2.84,2.833,2.839,34485.2
2026-03-08 09:45:00,2.84,2.842,2.838,2.838,58610.4
2026-03-08 10:00:00,2.839,2.852,2.838,2.85,55765.6
2026-03-08 10:15:00,2.851,2.875,2.849,2.866,134341.4
2026-03-08 10:30:00,2.866,2.866,2.852,2.855,64244.6
2026-03-08 10:45:00,2.855,2.861,2.853,2.858,30407.5
2026-03-08 11:00:00,2.858,2.858,2.831,2.837,105430.3
2026-03-08 11:15:00,2.837,2.849,2.837,2.844,32303.4
2026-03-08 11:30:00,2.845,2.854,2.834,2.838,66367.3
2026-03-08 11:45:00,2.839,2.845,2.834,2.843,49087.7
2026-03-08 12:00:00,2.842,2.845,2.819,2.821,133222.8
2026-03-08 12:15:00,2.82,2.86,2.813,2.856,124964.7
2026-03-08 12:30:00,2.856,2.861,2.847,2.851,61118.3
2026-03-08 12:45:00,2.852,2.852,2.838,2.84,33526.7
2026-03-08 13:00:00,2.841,2.844,2.817,2.818,115556.2
2026-03-08 13:15:00,2.819,2.829,2.808,2.825,128900.6
2026-03-08 13:30:00,2.825,2.827,2.814,2.823,60152.6
2026-03-08 13:45:00,2.823,2.834,2.822,2.828,91596.3
2026-03-08 14:00:00,2.828,2.836,2.824,2.824,72840.1
2026-03-08 14:15:00,2.825,2.833,2.815,2.817,58308.3
2026-03-08 14:30:00,2.817,2.827,2.811,2.813,52147.2
2026-03-08 14:45:00,2.814,2.822,2.81,2.821,38623.8
2026-03-08 15:00:00,2.821,2.822,2.806,2.809,66046.8
2026-03-08 15:15:00,2.809,2.812,2.797,2.799,64850.3
2026-03-08 15:30:00,2.799,2.803,2.795,2.798,58293.7
2026-03-08 15:45:00,2.798,2.808,2.795,2.805,62882.1
2026-03-08 16:00:00,2.806,2.809,2.802,2.802,55472.8
2026-03-08 16:15:00,2.803,2.807,2.798,2.803,37042.0
2026-03-08 16:30:00,2.803,2.804,2.787,2.798,80424.9
2026-03-08 16:45:00,2.798,2.798,2.789,2.797,46110.4
2026-03-08 17:00:00,2.798,2.815,2.796,2.807,81646.9
2026-03-08 17:15:00,2.808,2.811,2.801,2.802,34095.4
2026-03-08 17:30:00,2.802,2.806,2.797,2.799,42654.3
2026-03-08 17:45:00,2.799,2.806,2.797,2.801,68110.6
2026-03-08 18:00:00,2.801,2.804,2.796,2.798,54419.2
2026-03-08 18:15:00,2.799,2.803,2.791,2.798,41237.4
2026-03-08 18:30:00,2.799,2.806,2.796,2.798,88615.1
2026-03-08 18:45:00,2.799,2.806,2.796,2.805,29252.8
2026-03-08 19:00:00,2.806,2.828,2.802,2.824,110580.2
2026-03-08 19:15:00,2.824,2.852,2.822,2.842,110855.4
2026-03-08 19:30:00,2.843,2.849,2.838,2.842,73889.8
2026-03-08 19:45:00,2.841,2.847,2.834,2.838,39296.0
2026-03-08 20:00:00,2.837,2.838,2.826,2.826,39618.6
2026-03-08 20:15:00,2.826,2.836,2.824,2.829,31159.3
2026-03-08 20:30:00,2.829,2.848,2.828,2.841,86015.0
2026-03-08 20:45:00,2.841,2.843,2.829,2.83,50085.0
2026-03-08 21:00:00,2.83,2.836,2.809,2.814,123744.9
2026-03-08 21:15:00,2.815,2.825,2.813,2.822,25701.1
2026-03-08 21:30:00,2.822,2.826,2.817,2.821,64069.3
2026-03-08 21:45:00,2.821,2.824,2.817,2.821,38579.4
2026-03-08 22:00:00,2.822,2.822,2.753,2.79,483068.6
2026-03-08 22:15:00,2.791,2.797,2.765,2.79,240764.8
2026-03-08 22:30:00,2.79,2.817,2.781,2.805,115050.8
2026-03-08 22:45:00,2.804,2.818,2.802,2.812,57641.3
2026-03-08 23:00:00,2.812,2.822,2.802,2.812,82962.0
2026-03-08 23:15:00,2.813,2.816,2.804,2.81,47276.7
2026-03-08 23:30:00,2.81,2.813,2.791,2.791,45515.7
2026-03-08 23:45:00,2.791,2.802,2.786,2.797,49925.9
2026-03-09 00:00:00,2.796,2.811,2.794,2.807,91621.4
2026-03-09 00:15:00,2.808,2.813,2.79,2.805,88876.8
2026-03-09 00:30:00,2.804,2.843,2.804,2.823,154589.2
2026-03-09 00:45:00,2.824,2.831,2.813,2.818,31048.5
2026-03-09 01:00:00,2.819,2.821,2.802,2.809,72920.6
2026-03-09 01:15:00,2.81,2.827,2.808,2.817,51005.4
2026-03-09 01:30:00,2.818,2.836,2.812,2.829,89228.0
2026-03-09 01:45:00,2.829,2.833,2.809,2.809,49905.6
2026-03-09 02:00:00,2.809,2.819,2.799,2.811,73434.8
2026-03-09 02:15:00,2.812,2.814,2.804,2.811,46555.3
2026-03-09 02:30:00,2.811,2.843,2.808,2.842,121235.2
2026-03-09 02:45:00,2.841,2.846,2.831,2.831,81539.0
2026-03-09 03:00:00,2.832,2.878,2.827,2.875,214965.9
2026-03-09 03:15:00,2.875,2.88,2.842,2.847,185412.5
2026-03-09 03:30:00,2.848,2.851,2.837,2.839,78498.3
2026-03-09 03:45:00,2.84,2.844,2.833,2.842,72455.5
2026-03-09 04:00:00,2.843,2.85,2.84,2.843,52448.3
2026-03-09 04:15:00,2.844,2.867,2.842,2.864,32231.0
2026-03-09 04:30:00,2.865,2.865,2.853,2.858,55593.2
2026-03-09 04:45:00,2.858,2.861,2.844,2.844,46431.8
2026-03-09 05:00:00,2.845,2.849,2.844,2.847,31165.2
2026-03-09 05:15:00,2.847,2.867,2.847,2.865,70147.3
2026-03-09 05:30:00,2.865,2.901,2.856,2.897,240880.1
2026-03-09 05:45:00,2.897,2.914,2.893,2.902,216497.8
2026-03-09 06:00:00,2.901,2.905,2.896,2.897,83805.6
2026-03-09 06:15:00,2.898,2.908,2.89,2.894,91605.8
2026-03-09 06:30:00,2.895,2.899,2.883,2.884,58957.2
2026-03-09 06:45:00,2.885,2.891,2.881,2.883,38047.1
2026-03-09 07:00:00,2.884,2.886,2.862,2.868,109452.7
2026-03-09 07:15:00,2.868,2.881,2.85,2.877,107616.5
2026-03-09 07:30:00,2.878,2.897,2.877,2.894,65100.6
2026-03-09 07:45:00,2.895,2.899,2.883,2.889,65223.9
2026-03-09 08:00:00,2.889,2.911,2.887,2.906,177266.0
2026-03-09 08:15:00,2.906,2.92,2.9,2.917,143552.7
2026-03-09 08:30:00,2.917,2.921,2.898,2.899,88863.2
2026-03-09 08:45:00,2.899,2.903,2.889,2.892,42091.7
2026-03-09 09:00:00,2.892,2.895,2.879,2.89,73681.6
2026-03-09 09:15:00,2.89,2.899,2.887,2.894,48954.1
2026-03-09 09:30:00,2.895,2.924,2.887,2.915,112554.7
2026-03-09 09:45:00,2.915,2.917,2.887,2.892,95102.8
2026-03-09 10:00:00,2.892,2.896,2.884,2.887,63614.3
2026-03-09 10:15:00,2.888,2.89,2.881,2.884,88934.7
2026-03-09 10:30:00,2.885,2.889,2.875,2.879,98477.3
2026-03-09 10:45:00,2.879,2.883,2.875,2.879,29392.8
2026-03-09 11:00:00,2.88,2.883,2.877,2.878,34129.6
2026-03-09 11:15:00,2.878,2.88,2.86,2.872,133628.5
2026-03-09 11:30:00,2.872,2.893,2.869,2.881,120745.4
2026-03-09 11:45:00,2.881,2.888,2.876,2.88,58218.8
2026-03-09 12:00:00,2.88,2.888,2.878,2.886,44583.4
2026-03-09 12:15:00,2.887,2.903,2.886,2.898,83399.7
2026-03-09 12:30:00,2.898,2.906,2.889,2.897,59992.5
2026-03-09 12:45:00,2.898,2.899,2.887,2.896,26180.3
2026-03-09 13:00:00,2.897,2.911,2.893,2.904,72259.7
2026-03-09 13:15:00,2.904,2.919,2.892,2.918,75355.8
2026-03-09 13:30:00,2.918,2.931,2.906,2.926,217007.4
2026-03-09 13:45:00,2.926,2.93,2.899,2.907,212724.6
2026-03-09 14:00:00,2.908,2.916,2.884,2.89,123185.1
2026-03-09 14:15:00,2.891,2.916,2.887,2.896,180973.8
2026-03-09 14:30:00,2.896,2.91,2.894,2.906,129086.5
2026-03-09 14:45:00,2.906,2.906,2.897,2.902,54598.9
2026-03-09 15:00:00,2.903,2.908,2.893,2.905,70682.5
2026-03-09 15:15:00,2.905,2.907,2.895,2.904,43646.4
2026-03-09 15:30:00,2.904,2.91,2.888,2.897,71239.9
2026-03-09 15:45:00,2.898,2.917,2.895,2.909,67198.6
2026-03-09 16:00:00,2.909,2.918,2.906,2.914,54769.6
2026-03-09 16:15:00,2.914,2.929,2.909,2.926,100699.5
2026-03-09 16:30:00,2.926,2.926,2.908,2.915,81242.2
2026-03-09 16:45:00,2.915,2.926,2.907,2.917,76179.6
2026-03-09 17:00:00,2.917,2.925,2.91,2.923,67758.4
2026-03-09 17:15:00,2.923,2.928,2.914,2.917,72684.5
2026-03-09 17:30:00,2.918,2.928,2.916,2.922,58475.8
2026-03-09 17:45:00,2.922,2.927,2.915,2.916,39982.3
2026-03-09 18:00:00,2.916,2.917,2.901,2.906,63585.8
2026-03-09 18:15:00,2.905,2.922,2.905,2.914,36937.2
2026-03-09 18:30:00,2.914,2.924,2.912,2.916,64029.3
2026-03-09 18:45:00,2.915,2.917,2.905,2.909,46669.3
2026-03-09 19:00:00,2.909,2.918,2.903,2.904,40563.6
2026-03-09 19:15:00,2.903,2.975,2.902,2.973,220801.0
2026-03-09 19:30:00,2.973,2.979,2.927,2.933,210383.8
2026-03-09 19:45:00,2.932,2.936,2.924,2.931,63236.5
2026-03-09 20:00:00,2.931,2.939,2.921,2.922,55159.9
2026-03-09 20:15:00,2.922,2.925,2.916,2.922,40076.6
2026-03-09 20:30:00,2.922,2.929,2.915,2.927,71898.5
2026-03-09 20:45:00,2.927,2.938,2.921,2.936,61356.4
2026-03-09 21:00:00,2.935,2.958,2.934,2.954,99691.4
2026-03-09 21:15:00,2.954,2.954,2.927,2.938,184741.1
2026-03-09 21:30:00,2.939,2.944,2.931,2.939,50499.5
2026-03-09 21:45:00,2.939,2.946,2.936,2.938,25244.5
2026-03-09 22:00:00,2.938,2.94,2.916,2.924,55496.4
2026-03-09 22:15:00,2.923,2.923,2.914,2.92,33667.0
2026-03-09 22:30:00,2.919,2.921,2.896,2.903,113977.7
2026-03-09 22:45:00,2.902,2.903,2.886,2.897,113013.4
2026-03-09 23:00:00,2.896,2.906,2.893,2.906,66610.9
2026-03-09 23:15:00,2.905,2.906,2.896,2.903,24592.0
2026-03-09 23:30:00,2.902,2.908,2.901,2.905,60991.1
2026-03-09 23:45:00,2.904,2.905,2.892,2.898,80618.6
2026-03-10 00:00:00,2.897,2.907,2.895,2.901,68560.3
2026-03-10 00:15:00,2.9,2.923,2.9,2.921,50711.0
2026-03-10 00:30:00,2.922,2.93,2.919,2.923,50117.5
2026-03-10 00:45:00,2.923,2.926,2.91,2.914,84362.7
2026-03-10 01:00:00,2.913,2.928,2.91,2.918,139739.9
2026-03-10 01:15:00,2.919,2.921,2.908,2.909,26992.7
2026-03-10 01:30:00,2.91,2.913,2.897,2.906,67190.4
2026-03-10 01:45:00,2.905,2.923,2.902,2.914,40226.9
2026-03-10 02:00:00,2.913,2.92,2.909,2.919,39503.0
2026-03-10 02:15:00,2.918,2.924,2.913,2.921,27084.5
2026-03-10 02:30:00,2.921,2.958,2.92,2.952,144798.1
2026-03-10 02:45:00,2.952,2.96,2.939,2.945,54300.6
2026-03-10 03:00:00,2.944,2.947,2.933,2.94,82179.8
2026-03-10 03:15:00,2.94,2.948,2.937,2.941,48757.1
2026-03-10 03:30:00,2.941,2.941,2.926,2.928,105132.4
2026-03-10 03:45:00,2.927,2.927,2.914,2.921,66496.7
2026-03-10 04:00:00,2.922,2.937,2.921,2.935,37182.2
2026-03-10 04:15:00,2.934,2.945,2.931,2.94,27438.5
2026-03-10 04:30:00,2.94,2.946,2.936,2.94,26262.6
2026-03-10 04:45:00,2.94,2.943,2.934,2.941,28930.2
2026-03-10 05:00:00,2.941,2.946,2.936,2.936,81677.3
2026-03-10 05:15:00,2.935,2.94,2.928,2.93,47666.1
2026-03-10 05:30:00,2.93,2.93,2.916,2.919,51968.4
2026-03-10 05:45:00,2.918,2.922,2.916,2.921,27761.1
2026-03-10 06:00:00,2.921,2.924,2.916,2.92,36063.2
2026-03-10 06:15:00,2.921,2.921,2.907,2.915,38170.3
2026-03-10 06:30:00,2.914,2.917,2.908,2.91,57545.3
2026-03-10 06:45:00,2.91,2.925,2.907,2.923,79796.6
2026-03-10 07:00:00,2.923,2.933,2.918,2.928,82891.9
2026-03-10 07:15:00,2.928,2.948,2.926,2.942,91396.0
2026-03-10 07:30:00,2.941,2.951,2.938,2.947,76920.1
2026-03-10 07:45:00,2.948,2.961,2.944,2.959,138422.0
2026-03-10 08:00:00,2.958,2.983,2.958,2.978,186461.8
2026-03-10 08:15:00,2.977,2.984,2.966,2.968,139889.6
2026-03-10 08:30:00,2.968,2.986,2.968,2.977,200054.6
2026-03-10 08:45:00,2.977,2.984,2.962,2.967,292118.7
2026-03-10 09:00:00,2.967,2.975,2.961,2.971,261628.5
2026-03-10 09:15:00,2.971,2.982,2.967,2.982,418080.0
2026-03-10 09:30:00,2.982,2.988,2.975,2.977,161489.2
2026-03-10 09:45:00,2.977,2.977,2.969,2.97,68781.7
2026-03-10 10:00:00,2.971,2.972,2.959,2.962,64731.8
2026-03-10 10:15:00,2.961,2.961,2.952,2.953,54847.2
2026-03-10 10:30:00,2.953,2.959,2.95,2.952,62244.5
2026-03-10 10:45:00,2.953,2.966,2.952,2.96,73146.1
2026-03-10 11:00:00,2.961,2.963,2.952,2.956,47348.5
2026-03-10 11:15:00,2.955,2.964,2.953,2.959,82841.1
2026-03-10 11:30:00,2.96,2.96,2.949,2.952,47484.4
2026-03-10 11:45:00,2.951,2.96,2.95,2.958,62329.0
2026-03-10 12:00:00,2.958,2.964,2.956,2.96,93934.5
2026-03-10 12:15:00,2.961,2.965,2.954,2.957,42000.3
2026-03-10 12:30:00,2.957,2.97,2.951,2.964,76861.9
2026-03-10 12:45:00,2.964,2.965,2.959,2.963,27898.6
2026-03-10 13:00:00,2.964,2.982,2.964,2.974,54204.4
2026-03-10 13:15:00,2.974,2.982,2.966,2.974,64979.2
2026-03-10 13:30:00,2.974,2.977,2.937,2.955,201481.1
2026-03-10 13:45:00,2.954,2.971,2.951,2.956,57047.0
2026-03-10 14:00:00,2.957,2.962,2.932,2.939,177616.3
2026-03-10 14:15:00,2.939,2.96,2.927,2.953,68642.9
2026-03-10 14:30:00,2.952,2.976,2.95,2.975,96925.4
2026-03-10 14:45:00,2.975,3.022,2.974,3.022,247738.3
2026-03-10 15:00:00,3.021,3.028,2.988,2.996,248105.3
2026-03-10 15:15:00,2.995,2.996,2.982,2.987,136351.6
2026-03-10 15:30:00,2.987,2.996,2.972,2.98,82543.2
2026-03-10 15:45:00,2.98,3.001,2.978,2.998,41879.7
2026-03-10 16:00:00,2.998,3.008,2.982,2.992,103938.8
2026-03-10 16:15:00,2.992,3.023,2.992,3.014,122792.7
2026-03-10 16:30:00,3.014,3.017,3.004,3.014,78247.5
2026-03-10 16:45:00,3.015,3.019,3.003,3.013,67833.9
2026-03-10 17:00:00,3.013,3.018,3.004,3.006,41188.3
2026-03-10 17:15:00,3.006,3.01,2.99,2.999,56032.2
2026-03-10 17:30:00,2.998,3.002,2.976,2.984,110738.3
2026-03-10 17:45:00,2.984,2.997,2.979,2.993,68170.2
2026-03-10 18:00:00,2.993,2.995,2.961,2.963,110816.2
2026-03-10 18:15:00,2.962,2.973,2.947,2.962,174289.5
2026-03-10 18:30:00,2.962,2.969,2.946,2.951,74809.7
2026-03-10 18:45:00,2.95,2.955,2.94,2.951,71706.2
2026-03-10 19:00:00,2.95,2.957,2.936,2.946,55483.1
2026-03-10 19:15:00,2.947,2.953,2.931,2.934,59606.0
2026-03-10 19:30:00,2.935,2.947,2.929,2.943,52110.4
2026-03-10 19:45:00,2.943,2.947,2.939,2.944,20478.9
2026-03-10 20:00:00,2.944,2.956,2.942,2.95,41424.9
2026-03-10 20:15:00,2.951,2.954,2.947,2.954,24975.5
2026-03-10 20:30:00,2.954,2.957,2.949,2.952,25323.6
2026-03-10 20:45:00,2.953,2.953,2.947,2.949,21437.7
2026-03-10 21:00:00,2.949,2.96,2.947,2.949,45479.2
2026-03-10 21:15:00,2.95,2.952,2.94,2.942,27554.0
2026-03-10 21:30:00,2.942,2.944,2.923,2.927,217852.9
2026-03-10 21:45:00,2.926,2.927,2.911,2.924,79008.4
2026-03-10 22:00:00,2.923,2.928,2.913,2.919,61592.9
2026-03-10 22:15:00,2.918,2.936,2.915,2.933,78561.3
2026-03-10 22:30:00,2.932,2.935,2.925,2.931,45924.8
2026-03-10 22:45:00,2.931,2.935,2.925,2.929,47748.1
2026-03-10 23:00:00,2.928,2.938,2.928,2.935,28819.5
2026-03-10 23:15:00,2.934,2.938,2.931,2.934,15871.4
2026-03-10 23:30:00,2.935,2.938,2.931,2.933,29374.0
2026-03-10 23:45:00,2.932,2.936,2.928,2.936,34236.7
2026-03-11 00:00:00,2.936,2.938,2.926,2.928,61580.8
2026-03-11 00:15:00,2.929,2.932,2.921,2.928,56973.2
2026-03-11 00:30:00,2.928,2.931,2.915,2.918,45673.4
2026-03-11 00:45:00,2.917,2.939,2.917,2.932,75309.9
2026-03-11 01:00:00,2.932,2.938,2.929,2.929,41049.0
2026-03-11 01:15:00,2.929,2.93,2.923,2.929,21558.8
2026-03-11 01:30:00,2.929,2.93,2.92,2.925,17926.6
2026-03-11 01:45:00,2.926,2.932,2.924,2.926,27249.5
2026-03-11 02:00:00,2.927,2.928,2.916,2.916,24772.2
2026-03-11 02:15:00,2.917,2.925,2.914,2.92,45746.5
2026-03-11 02:30:00,2.92,2.922,2.907,2.918,69153.6
2026-03-11 02:45:00,2.916,2.925,2.912,2.925,28450.6
2026-03-11 03:00:00,2.926,2.934,2.925,2.93,45160.3
2026-03-11 03:15:00,2.93,2.931,2.922,2.923,25400.3
2026-03-11 03:30:00,2.922,2.931,2.92,2.928,44722.4
2026-03-11 03:45:00,2.928,2.933,2.923,2.924,26191.5
2026-03-11 04:00:00,2.923,2.925,2.916,2.922,49306.7
2026-03-11 04:15:00,2.923,2.939,2.918,2.934,87791.7
2026-03-11 04:30:00,2.935,2.937,2.929,2.934,27861.4
2026-03-11 04:45:00,2.935,2.945,2.931,2.941,29580.6
2026-03-11 05:00:00,2.942,2.944,2.934,2.936,33675.1
2026-03-11 05:15:00,2.935,2.936,2.916,2.917,178049.8
2026-03-11 05:30:00,2.916,2.916,2.895,2.905,98478.2
2026-03-11 05:45:00,2.905,2.91,2.902,2.908,19903.8
2026-03-11 06:00:00,2.907,2.915,2.906,2.915,40732.4
2026-03-11 06:15:00,2.914,2.928,2.914,2.923,30393.1
2026-03-11 06:30:00,2.924,2.935,2.923,2.927,81754.2
2026-03-11 06:45:00,2.928,2.936,2.921,2.925,27236.3
2026-03-11 07:00:00,2.925,2.935,2.923,2.934,23075.7
2026-03-11 07:15:00,2.934,2.94,2.932,2.934,36274.9
2026-03-11 07:30:00,2.933,2.933,2.912,2.919,85743.0
2026-03-11 07:45:00,2.919,2.926,2.915,2.921,49084.3
2026-03-11 08:00:00,2.922,2.927,2.919,2.923,39890.0
2026-03-11 08:15:00,2.923,2.925,2.913,2.913,36867.8
2026-03-11 08:30:00,2.913,2.922,2.909,2.918,103943.7
2026-03-11 08:45:00,2.918,2.921,2.912,2.919,23348.2
2026-03-11 09:00:00,2.919,2.924,2.917,2.918,67786.4
2026-03-11 09:15:00,2.918,2.933,2.918,2.93,31706.2
2026-03-11 09:30:00,2.93,2.936,2.923,2.929,43055.8
2026-03-11 09:45:00,2.93,2.937,2.925,2.927,72408.7
2026-03-11 10:00:00,2.928,2.938,2.927,2.936,46881.2
2026-03-11 10:15:00,2.937,2.94,2.926,2.934,80615.3
2026-03-11 10:30:00,2.935,2.947,2.933,2.945,28474.9
2026-03-11 10:45:00,2.945,2.947,2.932,2.935,31152.9
2026-03-11 11:00:00,2.934,2.943,2.929,2.939,52615.9
2026-03-11 11:15:00,2.939,2.941,2.93,2.934,54998.3
2026-03-11 11:30:00,2.933,2.937,2.924,2.928,35022.5
2026-03-11 11:45:00,2.929,2.937,2.925,2.928,60038.7
2026-03-11 12:00:00,2.929,2.944,2.923,2.942,217590.1
2026-03-11 12:15:00,2.943,2.968,2.943,2.967,138552.7
2026-03-11 12:30:00,2.967,2.991,2.957,2.96,163297.6
2026-03-11 12:45:00,2.96,2.964,2.956,2.961,48337.4
2026-03-11 13:00:00,2.961,2.999,2.958,2.993,103086.5
2026-03-11 13:15:00,2.992,3.004,2.984,2.991,129985.9
2026-03-11 13:30:00,2.991,3.027,2.99,2.992,147060.9
2026-03-11 13:45:00,2.991,2.996,2.963,2.984,128819.2
2026-03-11 14:00:00,2.983,3.008,2.978,2.985,108047.5
2026-03-11 14:15:00,2.984,3.004,2.979,3.001,51034.3
2026-03-11 14:30:00,3.002,3.005,2.985,3.003,102804.8
2026-03-11 14:45:00,3.004,3.009,2.986,2.99,69621.8
2026-03-11 15:00:00,2.99,2.991,2.962,2.968,97889.0
2026-03-11 15:15:00,2.969,2.986,2.964,2.972,77689.4
2026-03-11 15:30:00,2.973,2.982,2.945,2.97,169330.0
2026-03-11 15:45:00,2.969,2.977,2.957,2.975,71777.7
2026-03-11 16:00:00,2.976,2.986,2.968,2.977,110118.9
2026-03-11 16:15:00,2.977,2.984,2.969,2.975,59975.6
2026-03-11 16:30:00,2.975,2.988,2.967,2.987,108207.3
2026-03-11 16:45:00,2.987,2.992,2.981,2.99,67243.1
2026-03-11 17:00:00,2.991,3.006,2.989,2.99,85545.7
2026-03-11 17:15:00,2.991,3.012,2.99,3.003,60076.7
2026-03-11 17:30:00,3.002,3.005,2.972,2.989,92262.8
2026-03-11 17:45:00,2.989,2.994,2.98,2.99,43972.6
2026-03-11 18:00:00,2.99,3.001,2.989,2.995,58380.8
2026-03-11 18:15:00,2.996,3.0,2.989,2.995,56141.4
2026-03-11 18:30:00,2.995,3.0,2.987,2.997,64393.1
2026-03-11 18:45:00,2.997,3.021,2.994,3.015,163119.2
2026-03-11 19:00:00,3.016,3.019,2.998,3.0,93095.0
2026-03-11 19:15:00,3.001,3.008,2.996,3.005,34702.4
2026-03-11 19:30:00,3.004,3.018,3.001,3.008,44269.3
2026-03-11 19:45:00,3.008,3.009,3.002,3.005,21047.8
2026-03-11 20:00:00,3.004,3.009,2.999,3.003,37333.6
2026-03-11 20:15:00,3.002,3.011,2.999,3.001,24227.5
2026-03-11 20:30:00,3.002,3.003,2.994,2.995,34625.3
2026-03-11 20:45:00,2.994,3.005,2.992,3.0,34282.1
2026-03-11 21:00:00,3.0,3.006,2.991,2.998,63192.1
2026-03-11 21:15:00,2.998,3.004,2.994,2.999,17563.1
2026-03-11 21:30:00,2.999,3.013,2.999,3.007,64976.9
2026-03-11 21:45:00,3.006,3.016,3.005,3.008,29152.4
2026-03-11 22:00:00,3.007,3.018,3.003,3.013,66397.8
2026-03-11 22:15:00,3.012,3.013,3.001,3.004,25695.9
2026-03-11 22:30:00,3.003,3.006,2.999,3.002,29847.8
2026-03-11 22:45:00,3.003,3.016,3.002,3.013,29682.8
2026-03-11 23:00:00,3.012,3.023,3.012,3.019,48468.9
2026-03-11 23:15:00,3.019,3.022,3.008,3.011,95865.9
2026-03-11 23:30:00,3.01,3.014,3.002,3.005,67527.3
2026-03-11 23:45:00,3.005,3.007,2.997,3.003,35394.0
2026-03-12 00:00:00,3.003,3.012,3.003,3.008,109978.6
2026-03-12 00:15:00,3.007,3.012,3.003,3.006,42452.1
2026-03-12 00:30:00,3.007,3.007,2.997,3.003,30196.3
2026-03-12 00:45:00,3.002,3.008,3.0,3.005,20516.2
2026-03-12 01:00:00,3.005,3.005,2.986,2.99,82211.6
2026-03-12 01:15:00,2.989,2.997,2.988,2.991,28363.6
2026-03-12 01:30:00,2.99,2.997,2.984,2.997,33838.5
2026-03-12 01:45:00,2.996,2.999,2.988,2.993,31983.1
2026-03-12 02:00:00,2.993,3.002,2.989,3.001,35383.0
2026-03-12 02:15:00,3.0,3.004,2.99,2.993,39224.8
2026-03-12 02:30:00,2.993,2.996,2.976,2.983,71493.2
2026-03-12 02:45:00,2.983,2.985,2.971,2.974,62573.2
2026-03-12 03:00:00,2.974,2.982,2.971,2.976,60993.3
2026-03-12 03:15:00,2.975,2.983,2.974,2.979,14156.7
2026-03-12 03:30:00,2.978,2.991,2.976,2.984,31973.3
2026-03-12 03:45:00,2.985,2.985,2.968,2.973,56092.7
2026-03-12 04:00:00,2.972,2.985,2.972,2.98,69581.4
2026-03-12 04:15:00,2.979,2.981,2.974,2.974,18797.6
2026-03-12 04:30:00,2.974,2.978,2.969,2.977,37273.5
2026-03-12 04:45:00,2.976,2.977,2.97,2.973,24642.7
2026-03-12 05:00:00,2.973,2.977,2.959,2.959,73270.1
2026-03-12 05:15:00,2.96,2.964,2.955,2.96,33714.8
2026-03-12 05:30:00,2.959,2.971,2.958,2.967,37310.6
2026-03-12 05:45:00,2.968,2.978,2.962,2.977,35728.9
2026-03-12 06:00:00,2.976,2.976,2.97,2.976,35253.0
2026-03-12 06:15:00,2.976,2.981,2.971,2.979,65097.1
2026-03-12 06:30:00,2.979,2.984,2.977,2.983,52957.2
2026-03-12 06:45:00,2.982,2.983,2.978,2.983,29495.0
2026-03-12 07:00:00,2.983,2.986,2.974,2.979,43375.9
2026-03-12 07:15:00,2.978,2.991,2.978,2.99,45139.9
2026-03-12 07:30:00,2.99,3.006,2.988,2.994,94859.1
2026-03-12 07:45:00,2.995,3.0,2.991,2.994,50052.2
2026-03-12 08:00:00,2.993,2.993,2.975,2.976,119802.5
2026-03-12 08:15:00,2.976,2.993,2.974,2.978,86534.0
2026-03-12 08:30:00,2.979,2.982,2.971,2.98,44834.8
2026-03-12 08:45:00,2.981,2.991,2.977,2.99,41698.5
2026-03-12 09:00:00,2.99,2.99,2.983,2.987,23858.8
2026-03-12 09:15:00,2.986,2.986,2.973,2.976,71030.0
2026-03-12 09:30:00,2.977,3.003,2.974,3.0,79314.8
2026-03-12 09:45:00,2.999,3.006,2.982,2.99,65812.4
2026-03-12 10:00:00,2.99,2.999,2.989,2.996,61186.1
2026-03-12 10:15:00,2.997,3.012,2.995,3.011,122681.1
2026-03-12 10:30:00,3.012,3.023,3.011,3.018,112211.8
2026-03-12 10:45:00,3.018,3.022,3.012,3.014,33651.4
2026-03-12 11:00:00,3.014,3.015,3.003,3.005,82322.0
2026-03-12 11:15:00,3.006,3.012,3.002,3.009,40540.5
2026-03-12 11:30:00,3.009,3.01,3.0,3.001,49803.1
2026-03-12 11:45:00,3.002,3.005,2.984,2.991,72321.5
2026-03-12 12:00:00,2.992,2.994,2.983,2.991,38053.0
2026-03-12 12:15:00,2.992,3.0,2.989,2.998,58317.4
2026-03-12 12:30:00,2.998,3.005,2.99,3.001,78032.7
2026-03-12 12:45:00,3.001,3.006,2.995,3.001,25744.9
2026-03-12 13:00:00,3.002,3.007,3.0,3.002,18870.6
2026-03-12 13:15:00,3.002,3.003,2.984,2.995,65656.3
2026-03-12 13:30:00,2.995,3.016,2.989,2.994,90877.2
2026-03-12 13:45:00,2.994,2.999,2.978,2.992,84389.5
2026-03-12 14:00:00,2.992,3.009,2.992,3.001,50036.4
2026-03-12 14:15:00,3.002,3.013,2.974,2.976,123721.4
2026-03-12 14:30:00,2.976,2.978,2.956,2.968,151724.8
2026-03-12 14:45:00,2.969,2.982,2.963,2.981,72301.8
2026-03-12 15:00:00,2.981,2.989,2.974,2.986,49813.2
2026-03-12 15:15:00,2.986,3.006,2.98,2.999,88194.9
2026-03-12 15:30:00,2.999,3.006,2.991,2.994,67841.9
2026-03-12 15:45:00,2.994,3.0,2.986,2.99,60463.2
2026-03-12 16:00:00,2.989,2.992,2.972,2.983,85281.6
2026-03-12 16:15:00,2.983,3.005,2.982,2.986,88744.5
2026-03-12 16:30:00,2.986,3.01,2.984,3.006,77800.4
2026-03-12 16:45:00,3.005,3.009,2.997,3.001,48987.0
2026-03-12 17:00:00,3.0,3.002,2.993,2.999,44519.0
2026-03-12 17:15:00,2.998,3.001,2.988,2.992,25951.1
2026-03-12 17:30:00,2.993,3.009,2.993,3.006,39287.8
2026-03-12 17:45:00,3.006,3.008,2.992,2.999,26289.3
2026-03-12 18:00:00,2.999,3.006,2.992,3.003,25315.2
2026-03-12 18:15:00,3.003,3.006,2.989,3.003,20394.5
2026-03-12 18:30:00,3.004,3.016,3.003,3.01,91407.3
2026-03-12 18:45:00,3.009,3.014,3.005,3.011,61055.6
2026-03-12 19:00:00,3.01,3.021,3.008,3.019,110176.9
2026-03-12 19:15:00,3.019,3.039,3.017,3.036,163404.6
2026-03-12 19:30:00,3.036,3.042,3.025,3.03,88821.0
2026-03-12 19:45:00,3.029,3.038,3.028,3.033,47509.3
2026-03-12 20:00:00,3.034,3.038,3.028,3.031,39227.8
2026-03-12 20:15:00,3.03,3.031,3.02,3.025,49926.2
2026-03-12 20:30:00,3.025,3.032,3.018,3.027,35464.3
2026-03-12 20:45:00,3.028,3.029,3.021,3.023,16229.2
2026-03-12 21:00:00,3.023,3.036,3.022,3.031,53609.5
2026-03-12 21:15:00,3.031,3.038,3.027,3.036,22414.3
2026-03-12 21:30:00,3.036,3.039,3.027,3.03,65029.0
2026-03-12 21:45:00,3.029,3.054,3.028,3.052,74348.2
2026-03-12 22:00:00,3.051,3.058,3.044,3.052,74557.8
2026-03-12 22:15:00,3.051,3.055,3.045,3.051,48146.7
2026-03-12 22:30:00,3.05,3.055,3.045,3.045,62875.6
2026-03-12 22:45:00,3.046,3.055,3.046,3.052,49028.7
2026-03-12 23:00:00,3.053,3.075,3.05,3.062,126024.8
2026-03-12 23:15:00,3.063,3.064,3.05,3.051,67273.2
2026-03-12 23:30:00,3.051,3.056,3.043,3.055,52486.5
2026-03-12 23:45:00,3.056,3.06,3.047,3.049,38016.9
2026-03-13 00:00:00,3.05,3.06,3.042,3.057,121193.3
2026-03-13 00:15:00,3.058,3.108,3.058,3.093,210819.0
2026-03-13 00:30:00,3.092,3.116,3.083,3.085,150825.8
2026-03-13 00:45:00,3.085,3.088,3.072,3.086,113261.7
2026-03-13 01:00:00,3.087,3.094,3.085,3.086,57463.0
2026-03-13 01:15:00,3.086,3.093,3.082,3.086,51108.9
2026-03-13 01:30:00,3.086,3.101,3.078,3.099,50984.2
2026-03-13 01:45:00,3.099,3.106,3.096,3.101,56205.9
2026-03-13 02:00:00,3.101,3.104,3.094,3.097,49119.5
2026-03-13 02:15:00,3.097,3.1,3.092,3.098,38301.4
2026-03-13 02:30:00,3.097,3.101,3.086,3.09,59714.9
2026-03-13 02:45:00,3.09,3.1,3.083,3.098,48750.3
2026-03-13 03:00:00,3.098,3.106,3.095,3.102,81900.5
2026-03-13 03:15:00,3.101,3.11,3.098,3.1,34879.1
2026-03-13 03:30:00,3.1,3.106,3.095,3.103,56828.1
2026-03-13 03:45:00,3.103,3.13,3.102,3.125,96284.3
2026-03-13 04:00:00,3.125,3.125,3.112,3.121,128321.2
2026-03-13 04:15:00,3.12,3.126,3.11,3.112,44213.7
2026-03-13 04:30:00,3.112,3.112,3.102,3.103,46130.3
2026-03-13 04:45:00,3.104,3.108,3.101,3.105,17349.6
2026-03-13 05:00:00,3.106,3.109,3.098,3.106,46648.1
2026-03-13 05:15:00,3.106,3.12,3.106,3.114,34877.1
2026-03-13 05:30:00,3.114,3.128,3.114,3.126,56944.0
2026-03-13 05:45:00,3.125,3.127,3.118,3.119,27378.0
2026-03-13 06:00:00,3.119,3.129,3.115,3.124,111642.3
2026-03-13 06:15:00,3.124,3.129,3.109,3.114,68049.9
2026-03-13 06:30:00,3.113,3.124,3.113,3.119,80849.7
2026-03-13 06:45:00,3.118,3.123,3.113,3.117,48146.5
2026-03-13 07:00:00,3.116,3.126,3.111,3.125,50110.7
2026-03-13 07:15:00,3.124,3.13,3.121,3.122,51229.2
2026-03-13 07:30:00,3.122,3.128,3.118,3.123,73760.5
2026-03-13 07:45:00,3.122,3.128,3.116,3.119,67255.1
2026-03-13 08:00:00,3.118,3.12,3.103,3.111,92567.9
2026-03-13 08:15:00,3.111,3.117,3.106,3.112,32202.4
2026-03-13 08:30:00,3.112,3.131,3.111,3.121,117946.1
2026-03-13 08:45:00,3.121,3.121,3.104,3.108,104245.2
2026-03-13 09:00:00,3.107,3.114,3.105,3.108,55908.4
2026-03-13 09:15:00,3.108,3.112,3.094,3.108,44074.2
2026-03-13 09:30:00,3.107,3.118,3.104,3.116,59229.6
2026-03-13 09:45:00,3.116,3.125,3.113,3.118,95900.9
2026-03-13 10:00:00,3.118,3.133,3.115,3.128,69037.7
2026-03-13 10:15:00,3.128,3.138,3.126,3.138,66825.8
2026-03-13 10:30:00,3.138,3.143,3.132,3.135,94330.6
2026-03-13 10:45:00,3.135,3.139,3.127,3.133,58558.6
2026-03-13 11:00:00,3.133,3.135,3.121,3.127,66115.1
2026-03-13 11:15:00,3.126,3.126,3.107,3.112,79091.5
2026-03-13 11:30:00,3.112,3.114,3.108,3.113,55971.9
2026-03-13 11:45:00,3.113,3.117,3.11,3.116,42208.3
2026-03-13 12:00:00,3.115,3.127,3.113,3.116,57613.6
2026-03-13 12:15:00,3.117,3.12,3.111,3.115,45385.9
2026-03-13 12:30:00,3.115,3.124,3.115,3.119,57607.3
2026-03-13 12:45:00,3.118,3.148,3.118,3.135,130509.6
2026-03-13 13:00:00,3.134,3.144,3.129,3.139,102078.6
2026-03-13 13:15:00,3.14,3.167,3.135,3.154,251295.0
2026-03-13 13:30:00,3.155,3.166,3.15,3.163,177671.7
2026-03-13 13:45:00,3.164,3.17,3.145,3.149,143715.7
2026-03-13 14:00:00,3.15,3.162,3.143,3.153,98580.9
2026-03-13 14:15:00,3.153,3.163,3.146,3.148,82113.4
2026-03-13 14:30:00,3.149,3.151,3.125,3.126,115038.4
2026-03-13 14:45:00,3.126,3.129,3.11,3.117,140370.2
2026-03-13 15:00:00,3.117,3.141,3.115,3.141,119621.1
2026-03-13 15:15:00,3.14,3.146,3.133,3.134,74932.0
2026-03-13 15:30:00,3.134,3.14,3.112,3.122,118352.8
2026-03-13 15:45:00,3.122,3.135,3.111,3.12,96791.4
2026-03-13 16:00:00,3.12,3.129,3.104,3.119,114462.9
2026-03-13 16:15:00,3.119,3.12,3.098,3.114,121895.2
2026-03-13 16:30:00,3.113,3.137,3.111,3.136,93002.0
2026-03-13 16:45:00,3.135,3.141,3.133,3.134,57210.6
2026-03-13 17:00:00,3.134,3.141,3.131,3.137,61729.8
2026-03-13 17:15:00,3.137,3.142,3.115,3.118,82203.1
2026-03-13 17:30:00,3.117,3.12,3.092,3.096,110488.7
2026-03-13 17:45:00,3.096,3.099,3.086,3.097,112578.1
2026-03-13 18:00:00,3.096,3.105,3.093,3.104,56633.7
2026-03-13 18:15:00,3.103,3.105,3.085,3.099,55533.9
2026-03-13 18:30:00,3.098,3.105,3.089,3.1,166415.0
2026-03-13 18:45:00,3.1,3.1,3.088,3.09,22473.9
2026-03-13 19:00:00,3.089,3.101,3.084,3.098,43946.7
2026-03-13 19:15:00,3.097,3.103,3.09,3.091,19803.1
2026-03-13 19:30:00,3.091,3.096,3.088,3.093,32345.7
2026-03-13 19:45:00,3.093,3.099,3.091,3.095,17891.3
2026-03-13 20:00:00,3.095,3.097,3.09,3.097,24806.0
2026-03-13 20:15:00,3.096,3.103,3.09,3.096,38143.6
2026-03-13 20:30:00,3.096,3.101,3.094,3.1,21261.1
2026-03-13 20:45:00,3.1,3.105,3.099,3.103,21488.2
2026-03-13 21:00:00,3.103,3.119,3.103,3.113,38166.1
2026-03-13 21:15:00,3.112,3.114,3.1,3.101,21161.2
2026-03-13 21:30:00,3.101,3.106,3.09,3.098,25348.1
2026-03-13 21:45:00,3.097,3.108,3.097,3.099,15184.5
2026-03-13 22:00:00,3.099,3.102,3.073,3.084,67748.7
2026-03-13 22:15:00,3.085,3.085,3.066,3.069,56483.2
2026-03-13 22:30:00,3.069,3.076,3.064,3.071,41052.2
2026-03-13 22:45:00,3.071,3.079,3.067,3.079,16479.4
2026-03-13 23:00:00,3.078,3.083,3.075,3.082,35212.8
2026-03-13 23:15:00,3.081,3.09,3.078,3.084,22650.3
2026-03-13 23:30:00,3.083,3.09,3.081,3.088,22268.7
2026-03-13 23:45:00,3.087,3.088,3.083,3.087,13463.2
2026-03-14 00:00:00,3.086,3.087,3.073,3.078,30571.9
2026-03-14 00:15:00,3.078,3.082,3.074,3.082,17954.7
2026-03-14 00:30:00,3.081,3.081,3.065,3.066,36940.7
2026-03-14 00:45:00,3.065,3.07,3.059,3.065,42661.3
2026-03-14 01:00:00,3.064,3.069,3.057,3.059,32942.6
2026-03-14 01:15:00,3.058,3.071,3.058,3.069,39561.2
2026-03-14 01:30:00,3.07,3.073,3.056,3.07,49068.1
2026-03-14 01:45:00,3.071,3.076,3.069,3.074,13432.3
2026-03-14 02:00:00,3.075,3.075,3.065,3.069,23514.2
2026-03-14 02:15:00,3.069,3.071,3.063,3.064,16696.9
2026-03-14 02:30:00,3.065,3.071,3.063,3.068,17998.9
2026-03-14 02:45:00,3.068,3.082,3.066,3.077,41502.3
2026-03-14 03:00:00,3.078,3.085,3.076,3.084,17014.5
2026-03-14 03:15:00,3.084,3.092,3.082,3.088,40714.5
2026-03-14 03:30:00,3.089,3.095,3.086,3.086,24205.5
2026-03-14 03:45:00,3.086,3.089,3.083,3.088,11282.1
2026-03-14 04:00:00,3.088,3.093,3.086,3.088,28165.6
2026-03-14 04:15:00,3.088,3.09,3.08,3.088,23544.2
2026-03-14 04:30:00,3.089,3.101,3.085,3.099,27897.3
2026-03-14 04:45:00,3.099,3.1,3.073,3.077,63627.2
2026-03-14 05:00:00,3.076,3.077,3.065,3.067,41183.9
2026-03-14 05:15:00,3.067,3.069,3.063,3.063,18803.5
2026-03-14 05:30:00,3.063,3.064,3.051,3.057,42098.0
2026-03-14 05:45:00,3.057,3.065,3.057,3.061,24059.1
2026-03-14 06:00:00,3.061,3.061,3.052,3.053,21347.4
2026-03-14 06:15:00,3.053,3.054,3.039,3.04,64747.4
2026-03-14 06:30:00,3.04,3.042,3.029,3.033,56229.3
2026-03-14 06:45:00,3.032,3.049,3.031,3.046,46429.1
2026-03-14 07:00:00,3.046,3.047,3.036,3.043,30290.4
2026-03-14 07:15:00,3.043,3.047,3.037,3.038,31579.6
2026-03-14 07:30:00,3.038,3.04,3.031,3.034,30029.6
2026-03-14 07:45:00,3.034,3.038,3.031,3.036,25256.3
2026-03-14 08:00:00,3.036,3.038,3.033,3.038,24187.6
