timestamp,open,high,low,close,volume
2025-09-18 15:00:00,116.22,117.45,116.03,116.97,184169.438
2025-09-18 16:00:00,116.97,117.77,116.92,117.17,127237.957
2025-09-18 17:00:00,117.17,118.32,117.0,118.14,174960.071
2025-09-18 18:00:00,118.14,118.76,117.97,118.67,106506.087
2025-09-18 19:00:00,118.67,118.73,117.8,118.44,101219.954
2025-09-18 20:00:00,118.45,119.07,118.37,118.74,87157.229
2025-09-18 21:00:00,118.75,118.82,118.07,118.11,53649.234
2025-09-18 22:00:00,118.12,118.6,117.86,118.03,55349.8
2025-09-18 23:00:00,118.03,118.32,117.56,118.14,65242.117
2025-09-19 00:00:00,118.15,119.14,118.15,119.13,68002.355
2025-09-19 01:00:00,119.14,119.43,118.39,118.62,101398.879
2025-09-19 02:00:00,118.61,119.0,117.76,117.84,108787.543
2025-09-19 03:00:00,117.84,118.29,117.07,117.14,91268.489
2025-09-19 04:00:00,117.13,117.33,116.22,117.32,176885.34
2025-09-19 05:00:00,117.32,117.34,116.39,117.28,84481.945
2025-09-19 06:00:00,117.29,117.69,116.62,116.64,87921.786
2025-09-19 07:00:00,116.63,117.66,116.55,117.49,76256.37
2025-09-19 08:00:00,117.49,117.74,116.8,117.05,68511.67
2025-09-19 09:00:00,117.04,117.51,116.06,116.39,99955.799
2025-09-19 10:00:00,116.39,116.79,116.16,116.55,59358.12
2025-09-19 11:00:00,116.55,116.56,115.42,115.71,113360.622
2025-09-19 12:00:00,115.72,116.24,115.52,115.76,65459.271
2025-09-19 13:00:00,115.75,116.48,115.73,116.16,67974.339
2025-09-19 14:00:00,116.15,116.43,115.2,115.55,136317.734
2025-09-19 15:00:00,115.55,115.6,114.54,115.43,157993.802
2025-09-19 16:00:00,115.43,115.79,115.3,115.4,54025.553
2025-09-19 17:00:00,115.4,115.42,114.4,114.48,68956.388
2025-09-19 18:00:00,114.47,114.61,113.83,113.96,91448.997
2025-09-19 19:00:00,113.96,114.56,113.76,113.77,63342.091
2025-09-19 20:00:00,113.77,114.19,113.75,113.76,51521.502
2025-09-19 21:00:00,113.75,114.23,113.54,114.19,43761.737
2025-09-19 22:00:00,114.19,114.43,114.16,114.18,40999.352
2025-09-19 23:00:00,114.19,114.24,113.3,113.95,67921.548
2025-09-20 00:00:00,113.95,114.48,113.81,114.47,44949.324
2025-09-20 01:00:00,114.47,114.52,113.85,114.01,49047.04
2025-09-20 02:00:00,114.02,114.23,113.42,114.17,38989.572
2025-09-20 03:00:00,114.17,114.46,113.9,114.22,35494.701
2025-09-20 04:00:00,114.22,114.53,114.14,114.25,42097.326
2025-09-20 05:00:00,114.25,114.6,114.13,114.58,33126.692
2025-09-20 06:00:00,114.59,114.59,114.29,114.5,24365.13
2025-09-20 07:00:00,114.5,115.25,114.47,115.1,125546.065
2025-09-20 08:00:00,115.1,115.1,114.21,114.24,64707.979
2025-09-20 09:00:00,114.24,114.5,113.72,113.86,48603.838
2025-09-20 10:00:00,113.86,114.18,113.52,113.54,51479.367
2025-09-20 11:00:00,113.54,113.93,113.35,113.89,38578.858
2025-09-20 12:00:00,113.89,114.01,113.73,113.87,27723.024
2025-09-20 13:00:00,113.87,113.94,113.46,113.69,42160.516
2025-09-20 14:00:00,113.69,114.34,113.36,114.26,44945.588
2025-09-20 15:00:00,114.26,114.79,114.25,114.63,77813.682
2025-09-20 16:00:00,114.64,114.83,114.15,114.51,39571.172
2025-09-20 17:00:00,114.51,114.55,114.01,114.11,26677.907
2025-09-20 18:00:00,114.1,114.1,113.58,113.7,34245.505
2025-09-20 19:00:00,113.69,114.03,113.55,113.73,22621.192
2025-09-20 20:00:00,113.74,114.09,113.63,114.0,21458.202
2025-09-20 21:00:00,114.01,114.38,113.91,114.04,24826.48
2025-09-20 22:00:00,114.03,114.17,113.87,114.1,19148.734
2025-09-20 23:00:00,114.11,114.12,113.62,113.85,19963.702
2025-09-21 00:00:00,113.85,114.36,113.67,114.24,34977.128
2025-09-21 01:00:00,114.24,114.33,113.78,113.91,22668.437
2025-09-21 02:00:00,113.91,114.35,113.77,114.27,29821.373
2025-09-21 03:00:00,114.28,114.39,114.16,114.38,20345.856
2025-09-21 04:00:00,114.39,114.4,114.0,114.26,19751.493
2025-09-21 05:00:00,114.27,114.75,114.12,114.73,22046.201
2025-09-21 06:00:00,114.74,114.96,114.63,114.82,48897.065
2025-09-21 07:00:00,114.83,115.36,114.69,115.32,59869.606
2025-09-21 08:00:00,115.33,115.45,114.84,115.13,66930.432
2025-09-21 09:00:00,115.14,115.4,114.4,115.26,89161.392
2025-09-21 10:00:00,115.27,116.2,114.82,114.89,148978.919
2025-09-21 11:00:00,114.88,115.12,114.6,114.67,52499.309
2025-09-21 12:00:00,114.68,115.35,114.52,114.64,45611.128
2025-09-21 13:00:00,114.64,115.07,114.61,115.03,28783.224
2025-09-21 14:00:00,115.02,115.23,114.65,114.7,27227.02
2025-09-21 15:00:00,114.69,115.52,114.68,115.37,61564.664
2025-09-21 16:00:00,115.38,115.53,114.68,115.03,76487.048
2025-09-21 17:00:00,115.02,115.83,114.53,115.78,69353.019
2025-09-21 18:00:00,115.78,115.89,115.18,115.3,49013.29
2025-09-21 19:00:00,115.3,115.36,114.8,115.18,37964.106
2025-09-21 20:00:00,115.17,115.31,114.82,115.02,33704.011
2025-09-21 21:00:00,115.03,115.15,114.66,114.86,33320.907
2025-09-21 22:00:00,114.87,115.08,114.2,114.84,45202.479
2025-09-21 23:00:00,114.85,114.85,113.86,113.92,44689.256
2025-09-22 00:00:00,113.92,114.46,111.24,111.55,376125.911
2025-09-22 01:00:00,111.55,112.56,111.43,111.85,168548.319
2025-09-22 02:00:00,111.86,112.14,109.94,110.64,254709.838
2025-09-22 03:00:00,110.64,111.43,110.64,111.33,64490.537
2025-09-22 04:00:00,111.32,111.49,110.8,111.12,77792.444
2025-09-22 05:00:00,111.12,111.14,109.27,109.28,108665.918
2025-09-22 06:00:00,109.28,109.51,100.55,106.85,990762.592
2025-09-22 07:00:00,106.85,106.85,105.29,105.44,187644.124
2025-09-22 08:00:00,105.45,105.95,104.82,105.58,165208.244
2025-09-22 09:00:00,105.58,105.61,104.74,104.97,150760.208
2025-09-22 10:00:00,104.97,105.86,104.72,105.68,116353.74
2025-09-22 11:00:00,105.68,105.79,105.22,105.57,78515.548
2025-09-22 12:00:00,105.57,106.2,105.25,106.0,83714.855
2025-09-22 13:00:00,106.0,106.41,105.55,106.37,88103.938
2025-09-22 14:00:00,106.37,106.64,105.61,105.8,98509.526
2025-09-22 15:00:00,105.81,105.95,104.77,105.21,102125.566
2025-09-22 16:00:00,105.21,105.7,104.92,105.04,75746.076
2025-09-22 17:00:00,105.04,105.42,104.52,105.32,79503.035
2025-09-22 18:00:00,105.31,105.56,104.85,104.85,65269.093
2025-09-22 19:00:00,104.85,105.08,104.52,104.7,66833.781
2025-09-22 20:00:00,104.69,105.99,104.55,105.82,59438.823
2025-09-22 21:00:00,105.83,106.11,105.4,106.08,42884.772
2025-09-22 22:00:00,106.08,106.08,105.61,105.67,25398.93
2025-09-22 23:00:00,105.66,105.88,105.57,105.61,36819.983
2025-09-23 00:00:00,105.61,105.96,105.19,105.43,164439.693
2025-09-23 01:00:00,105.43,106.08,105.12,105.34,83278.792
2025-09-23 02:00:00,105.34,106.13,104.68,104.76,107050.21
2025-09-23 03:00:00,104.76,106.59,104.34,106.09,169142.452
2025-09-23 04:00:00,106.09,106.4,105.45,105.89,84168.012
2025-09-23 05:00:00,105.88,106.2,105.57,105.66,71232.099
2025-09-23 06:00:00,105.66,106.52,105.57,106.38,91938.6
2025-09-23 07:00:00,106.38,106.53,106.0,106.19,66656.662
2025-09-23 08:00:00,106.19,106.46,106.02,106.37,42944.591
2025-09-23 09:00:00,106.37,106.63,105.7,105.9,107988.406
2025-09-23 10:00:00,105.9,106.38,105.75,106.3,31541.295
2025-09-23 11:00:00,106.31,106.58,105.86,106.44,35450.201
2025-09-23 12:00:00,106.43,107.16,106.32,106.92,94117.741
2025-09-23 13:00:00,106.91,106.99,106.08,106.36,98579.06
2025-09-23 14:00:00,106.36,106.88,106.04,106.35,65817.754
2025-09-23 15:00:00,106.34,106.93,106.13,106.72,56822.419
2025-09-23 16:00:00,106.72,106.78,105.85,106.54,82717.696
2025-09-23 17:00:00,106.53,106.6,105.31,105.51,94715.723
2025-09-23 18:00:00,105.51,106.18,105.49,105.95,128157.515
2025-09-23 19:00:00,105.94,106.63,105.6,105.96,59113.862
2025-09-23 20:00:00,105.96,106.51,105.61,106.48,53059.254
2025-09-23 21:00:00,106.48,106.69,105.7,106.36,51739.482
2025-09-23 22:00:00,106.36,106.42,106.0,106.26,26689.397
2025-09-23 23:00:00,106.26,106.53,106.0,106.01,33890.844
2025-09-24 00:00:00,106.02,106.81,105.99,106.57,48609.814
2025-09-24 01:00:00,106.57,107.55,106.44,107.48,49943.069
2025-09-24 02:00:00,107.49,107.54,106.75,107.04,77647.356
2025-09-24 03:00:00,107.05,107.18,105.65,105.76,148825.121
2025-09-24 04:00:00,105.75,106.88,104.5,106.53,248744.097
2025-09-24 05:00:00,106.52,107.31,106.35,107.22,59585.902
2025-09-24 06:00:00,107.21,107.4,106.18,106.89,592932.008
2025-09-24 07:00:00,106.89,107.01,106.5,106.83,51985.011
2025-09-24 08:00:00,106.83,107.02,106.65,106.73,30993.319
2025-09-24 09:00:00,106.73,106.99,106.54,106.86,37757.734
2025-09-24 10:00:00,106.85,107.08,106.65,107.06,64985.584
2025-09-24 11:00:00,107.05,107.37,106.93,107.14,50297.598
2025-09-24 12:00:00,107.14,107.25,105.87,106.36,204006.93
2025-09-24 13:00:00,106.36,106.76,106.1,106.24,54514.499
2025-09-24 14:00:00,106.25,107.63,106.23,107.26,91773.895
2025-09-24 15:00:00,107.27,107.4,106.7,106.78,61032.194
2025-09-24 16:00:00,106.78,106.83,106.44,106.56,48688.101
2025-09-24 17:00:00,106.57,107.04,106.44,106.64,33594.019
2025-09-24 18:00:00,106.63,106.66,106.2,106.24,35882.904
2025-09-24 19:00:00,106.23,106.25,105.77,106.05,45689.784
2025-09-24 20:00:00,106.05,106.29,105.72,106.23,37038.766
2025-09-24 21:00:00,106.23,106.46,105.74,105.85,37103.134
2025-09-24 22:00:00,105.86,106.23,105.75,105.83,36314.56
2025-09-24 23:00:00,105.84,106.06,105.4,105.49,46172.961
2025-09-25 00:00:00,105.49,105.79,105.09,105.19,58230.181
2025-09-25 01:00:00,105.18,105.51,104.57,104.92,110619.371
2025-09-25 02:00:00,104.93,105.77,104.46,105.38,77758.868
2025-09-25 03:00:00,105.39,105.39,104.12,104.78,91712.049
2025-09-25 04:00:00,104.77,105.07,103.24,103.75,209155.225
2025-09-25 05:00:00,103.74,104.76,103.34,104.54,68254.391
2025-09-25 06:00:00,104.54,104.56,103.72,103.77,54770.674
2025-09-25 07:00:00,103.78,104.3,103.58,103.91,50312.332
2025-09-25 08:00:00,103.91,104.53,103.68,103.93,53698.614
2025-09-25 09:00:00,103.93,104.62,103.75,103.78,66861.158
2025-09-25 10:00:00,103.79,104.23,103.3,103.31,68381.41
2025-09-25 11:00:00,103.31,103.55,102.86,103.41,112774.951
2025-09-25 12:00:00,103.4,104.14,101.78,103.84,244193.499
2025-09-25 13:00:00,103.84,104.76,103.38,103.82,187571.61
2025-09-25 14:00:00,103.82,105.23,103.82,104.7,92391.485
2025-09-25 15:00:00,104.7,104.79,104.09,104.49,65101.912
2025-09-25 16:00:00,104.48,104.67,102.98,103.11,93704.415
2025-09-25 17:00:00,103.1,103.12,100.19,100.85,457595.456
2025-09-25 18:00:00,100.85,103.17,100.41,103.13,234858.288
2025-09-25 19:00:00,103.14,103.72,102.54,102.74,95485.996
2025-09-25 20:00:00,102.75,102.9,102.12,102.24,64478.365
2025-09-25 21:00:00,102.25,103.1,101.89,102.83,66989.318
2025-09-25 22:00:00,102.82,103.14,102.12,102.35,61048.929
2025-09-25 23:00:00,102.36,102.93,101.47,102.23,88172.616
2025-09-26 00:00:00,102.22,103.64,102.21,103.49,79072.615
2025-09-26 01:00:00,103.5,103.87,103.27,103.47,61222.809
2025-09-26 02:00:00,103.48,103.83,102.97,103.26,43170.547
2025-09-26 03:00:00,103.25,103.36,102.63,103.15,39262.863
2025-09-26 04:00:00,103.15,103.45,102.77,103.06,35711.414
2025-09-26 05:00:00,103.06,103.57,102.56,102.88,48146.035
2025-09-26 06:00:00,102.89,103.54,102.59,102.93,86765.9
2025-09-26 07:00:00,102.93,103.31,102.36,103.02,60614.945
2025-09-26 08:00:00,103.03,103.26,102.66,102.77,52516.844
2025-09-26 09:00:00,102.77,102.87,101.63,101.99,91650.453
2025-09-26 10:00:00,101.99,102.04,101.15,101.44,78429.109
2025-09-26 11:00:00,101.44,102.05,100.93,101.86,75045.816
2025-09-26 12:00:00,101.86,103.13,101.25,102.73,174934.287
2025-09-26 13:00:00,102.73,103.44,102.23,103.26,106778.853
2025-09-26 14:00:00,103.25,103.36,102.3,102.82,95264.435
2025-09-26 15:00:00,102.82,103.67,102.75,103.34,67566.986
2025-09-26 16:00:00,103.33,104.06,103.31,103.93,69605.605
2025-09-26 17:00:00,103.92,104.72,103.91,104.67,77820.178
2025-09-26 18:00:00,104.66,104.85,104.38,104.49,55318.205
2025-09-26 19:00:00,104.49,104.53,103.73,104.06,56882.669
2025-09-26 20:00:00,104.06,104.25,103.84,103.86,30381.518
2025-09-26 21:00:00,103.86,104.34,103.75,104.29,31746.471
2025-09-26 22:00:00,104.3,104.76,104.19,104.39,66243.899
2025-09-26 23:00:00,104.39,104.63,104.27,104.5,24621.847
2025-09-27 00:00:00,104.51,104.51,104.03,104.27,38404.426
2025-09-27 01:00:00,104.26,104.28,103.74,103.85,28641.271
2025-09-27 02:00:00,103.84,103.99,103.39,103.57,52319.76
2025-09-27 03:00:00,103.57,104.05,103.55,103.81,34705.788
2025-09-27 04:00:00,103.81,103.96,103.7,103.83,25434.413
2025-09-27 05:00:00,103.84,103.89,103.6,103.78,17673.197
2025-09-27 06:00:00,103.78,103.85,103.6,103.84,17190.396
2025-09-27 07:00:00,103.84,103.97,103.5,103.69,38629.113
2025-09-27 08:00:00,103.69,103.85,103.42,103.58,39965.972
2025-09-27 09:00:00,103.58,104.12,103.28,104.03,73791.922
2025-09-27 10:00:00,104.04,104.47,103.9,104.21,77092.81
2025-09-27 11:00:00,104.21,104.21,103.89,103.92,20845.789
2025-09-27 12:00:00,103.92,104.42,103.89,104.35,31020.792
2025-09-27 13:00:00,104.35,104.42,104.21,104.28,17312.921
2025-09-27 14:00:00,104.28,104.82,104.25,104.55,51682.719
2025-09-27 15:00:00,104.55,104.88,104.32,104.86,42618.984
2025-09-27 16:00:00,104.86,104.91,104.65,104.7,36501.732
2025-09-27 17:00:00,104.7,104.71,104.02,104.53,43817.641
2025-09-27 18:00:00,104.53,104.6,104.32,104.42,25569.632
2025-09-27 19:00:00,104.42,104.55,104.21,104.53,20349.51
2025-09-27 20:00:00,104.53,104.67,104.42,104.55,16646.144
2025-09-27 21:00:00,104.56,104.7,104.47,104.61,20041.882
2025-09-27 22:00:00,104.61,104.89,104.57,104.65,26995.592
2025-09-27 23:00:00,104.64,104.76,104.36,104.42,18289.869
2025-09-28 00:00:00,104.42,104.59,104.09,104.16,35484.98
2025-09-28 01:00:00,104.16,104.19,103.63,103.82,29940.505
2025-09-28 02:00:00,103.82,104.02,103.62,103.75,25549.135
2025-09-28 03:00:00,103.74,103.89,103.52,103.81,18377.613
2025-09-28 04:00:00,103.81,103.98,103.65,103.96,17497.7
2025-09-28 05:00:00,103.96,104.18,103.61,103.94,31156.291
2025-09-28 06:00:00,103.94,104.06,103.66,103.84,24471.63
2025-09-28 07:00:00,103.84,104.2,103.68,104.06,31354.145
2025-09-28 08:00:00,104.05,104.13,103.5,103.61,41009.228
2025-09-28 09:00:00,103.6,103.69,103.3,103.45,37369.19
2025-09-28 10:00:00,103.44,103.59,103.12,103.57,33967.096
2025-09-28 11:00:00,103.57,103.62,103.08,103.3,41784.752
2025-09-28 12:00:00,103.3,103.33,102.71,103.13,54540.808
2025-09-28 13:00:00,103.14,104.14,103.05,103.98,48081.256
2025-09-28 14:00:00,103.98,104.42,103.88,104.16,42823.393
2025-09-28 15:00:00,104.16,104.51,104.14,104.51,32647.82
2025-09-28 16:00:00,104.51,104.89,104.32,104.81,61604.693
2025-09-28 17:00:00,104.8,105.21,104.77,105.06,59637.301
2025-09-28 18:00:00,105.06,105.35,104.88,105.35,38332.173
2025-09-28 19:00:00,105.36,105.58,105.12,105.58,44969.525
2025-09-28 20:00:00,105.58,106.03,105.57,105.81,80017.607
2025-09-28 21:00:00,105.81,106.33,105.79,106.04,58116.03
2025-09-28 22:00:00,106.04,107.0,106.04,106.9,99247.125
2025-09-28 23:00:00,106.9,107.08,106.67,106.82,55589.394
2025-09-29 00:00:00,106.82,106.97,106.42,106.84,82955.614
2025-09-29 01:00:00,106.84,106.86,106.53,106.6,47418.032
2025-09-29 02:00:00,106.6,107.21,106.48,106.74,49074.453
2025-09-29 03:00:00,106.74,106.74,106.41,106.53,29352.543
2025-09-29 04:00:00,106.53,106.55,106.2,106.21,31780.52
2025-09-29 05:00:00,106.21,106.24,105.76,106.13,49381.568
2025-09-29 06:00:00,106.13,106.14,105.65,105.66,34482.895
2025-09-29 07:00:00,105.66,106.18,105.52,105.99,29043.487
2025-09-29 08:00:00,105.99,106.42,105.75,106.24,49840.44
2025-09-29 09:00:00,106.25,106.45,105.64,105.92,45406.313
2025-09-29 10:00:00,105.92,106.09,105.65,105.69,33721.077
2025-09-29 11:00:00,105.69,106.06,105.37,105.67,67881.135
2025-09-29 12:00:00,105.67,106.02,105.22,105.48,73811.178
2025-09-29 13:00:00,105.48,106.64,105.23,106.47,98365.804
2025-09-29 14:00:00,106.48,107.65,106.38,106.53,312574.103
2025-09-29 15:00:00,106.53,106.69,106.15,106.32,95420.2
2025-09-29 16:00:00,106.32,106.73,105.74,105.82,54845.936
2025-09-29 17:00:00,105.82,106.18,105.4,106.07,93171.134
2025-09-29 18:00:00,106.07,106.08,105.63,105.79,28158.562
2025-09-29 19:00:00,105.8,106.41,105.74,106.31,39784.168
2025-09-29 20:00:00,106.3,107.13,106.21,107.1,62332.709
2025-09-29 21:00:00,107.1,107.14,106.82,106.9,30437.628
2025-09-29 22:00:00,106.91,107.04,106.71,106.94,35107.395
2025-09-29 23:00:00,106.93,106.98,106.6,106.72,30049.008
2025-09-30 00:00:00,106.72,107.28,106.43,106.57,77696.512
2025-09-30 01:00:00,106.58,107.07,106.32,106.89,49132.503
2025-09-30 02:00:00,106.89,106.92,106.24,106.28,27318.092
2025-09-30 03:00:00,106.29,106.67,106.15,106.34,35282.328
2025-09-30 04:00:00,106.35,106.44,106.15,106.31,35170.418
2025-09-30 05:00:00,106.3,106.41,105.99,106.32,38680.046
2025-09-30 06:00:00,106.33,106.64,106.11,106.14,37143.095
2025-09-30 07:00:00,106.15,106.26,105.46,105.79,67890.316
2025-09-30 08:00:00,105.79,105.94,105.49,105.49,54199.372
2025-09-30 09:00:00,105.49,105.67,105.08,105.41,108955.519
2025-09-30 10:00:00,105.41,105.51,105.19,105.35,41661.411
2025-09-30 11:00:00,105.35,105.56,105.05,105.37,40470.465
2025-09-30 12:00:00,105.38,105.45,105.08,105.11,31899.423
2025-09-30 13:00:00,105.12,105.82,104.94,105.09,74757.471
2025-09-30 14:00:00,105.09,105.27,104.66,105.1,74997.183
2025-09-30 15:00:00,105.1,105.12,103.78,104.46,120617.658
2025-09-30 16:00:00,104.45,104.66,104.15,104.45,44990.016
2025-09-30 17:00:00,104.45,104.76,104.26,104.41,58719.324
2025-09-30 18:00:00,104.42,105.25,104.25,105.2,54795.02
2025-09-30 19:00:00,105.2,106.81,105.14,106.79,92046.036
2025-09-30 20:00:00,106.79,107.56,106.52,107.37,125783.789
2025-09-30 21:00:00,107.38,107.5,106.57,106.57,67891.211
2025-09-30 22:00:00,106.57,107.18,106.26,106.36,54558.477
2025-09-30 23:00:00,106.37,107.06,106.16,106.83,45584.937
2025-10-01 00:00:00,106.83,107.01,106.07,106.45,44604.643
2025-10-01 01:00:00,106.46,107.02,106.22,107.0,34822.114
2025-10-01 02:00:00,107.0,107.07,105.93,106.12,43301.401
2025-10-01 03:00:00,106.12,106.35,105.71,105.75,41327.58
2025-10-01 04:00:00,105.75,106.44,105.65,106.14,36519.038
2025-10-01 05:00:00,106.14,106.64,106.14,106.37,27856.716
2025-10-01 06:00:00,106.39,106.48,105.29,105.46,97232.997
2025-10-01 07:00:00,105.45,105.98,105.39,105.9,53835.032
2025-10-01 08:00:00,105.9,109.06,105.77,109.05,416019.65
2025-10-01 09:00:00,109.05,110.73,108.74,110.47,340114.556
2025-10-01 10:00:00,110.47,110.56,109.27,109.41,133410.271
2025-10-01 11:00:00,109.42,110.77,109.39,110.32,185290.807
2025-10-01 12:00:00,110.32,110.84,109.92,110.76,102461.078
2025-10-01 13:00:00,110.77,111.22,110.42,110.83,142754.988
2025-10-01 14:00:00,110.83,111.55,110.64,111.07,163129.51
2025-10-01 15:00:00,111.07,111.7,110.83,111.27,124867.256
2025-10-01 16:00:00,111.28,111.85,111.07,111.62,120789.791
2025-10-01 17:00:00,111.62,111.69,110.44,110.58,121530.987
2025-10-01 18:00:00,110.58,111.4,110.58,111.26,57047.936
2025-10-01 19:00:00,111.26,112.61,111.12,112.09,120589.525
2025-10-01 20:00:00,112.09,112.13,111.64,112.0,41932.788
2025-10-01 21:00:00,111.99,112.36,111.56,112.34,75851.632
2025-10-01 22:00:00,112.35,115.0,112.23,114.8,258572.072
2025-10-01 23:00:00,114.8,115.31,113.93,115.06,203805.559
2025-10-02 00:00:00,115.06,118.37,115.06,117.97,474634.614
2025-10-02 01:00:00,117.97,121.45,117.7,121.29,470892.903
2025-10-02 02:00:00,121.29,121.48,117.78,118.32,587110.532
2025-10-02 03:00:00,118.32,119.1,117.66,118.4,271550.169
2025-10-02 04:00:00,118.41,118.57,117.38,117.84,147498.614
2025-10-02 05:00:00,117.84,118.63,117.66,117.84,92139.163
2025-10-02 06:00:00,117.83,118.44,117.83,117.91,70979.417
2025-10-02 07:00:00,117.92,120.11,117.88,119.33,277264.59
2025-10-02 08:00:00,119.34,119.93,118.72,119.1,151876.745
2025-10-02 09:00:00,119.1,120.12,118.79,120.11,126629.436
2025-10-02 10:00:00,120.11,122.52,119.93,122.07,335313.148
2025-10-02 11:00:00,122.08,122.65,119.63,119.82,358085.585
2025-10-02 12:00:00,119.82,120.2,119.28,119.77,160096.31
2025-10-02 13:00:00,119.78,119.83,117.94,118.61,304099.973
2025-10-02 14:00:00,118.61,119.1,117.03,117.66,293723.161
2025-10-02 15:00:00,117.65,119.16,117.38,118.75,251499.172
2025-10-02 16:00:00,118.75,119.65,117.73,119.13,255418.976
2025-10-02 17:00:00,119.12,119.32,118.45,119.13,90893.956
2025-10-02 18:00:00,119.13,119.82,119.04,119.18,159511.516
2025-10-02 19:00:00,119.19,119.82,118.94,119.39,103093.63
2025-10-02 20:00:00,119.4,119.96,119.24,119.84,65798.133
2025-10-02 21:00:00,119.84,120.13,119.4,119.84,85269.064
2025-10-02 22:00:00,119.84,119.92,118.91,118.99,78654.971
2025-10-02 23:00:00,119.0,119.64,118.96,119.5,50993.897
2025-10-03 00:00:00,119.5,119.5,117.81,118.17,159860.218
2025-10-03 01:00:00,118.17,118.43,117.62,117.76,97200.847
2025-10-03 02:00:00,117.76,117.99,117.18,117.51,91739.223
2025-10-03 03:00:00,117.51,118.25,117.13,117.36,104559.475
2025-10-03 04:00:00,117.35,118.5,117.21,117.78,82035.696
2025-10-03 05:00:00,117.77,117.85,117.0,117.23,82563.578
2025-10-03 06:00:00,117.23,117.37,116.31,116.77,179426.063
2025-10-03 07:00:00,116.78,116.94,115.9,116.4,160207.868
2025-10-03 08:00:00,116.4,116.93,115.73,116.77,99474.602
2025-10-03 09:00:00,116.78,117.27,116.65,117.11,88860.363
2025-10-03 10:00:00,117.12,117.54,117.03,117.31,74275.343
2025-10-03 11:00:00,117.32,117.66,117.01,117.38,79952.722
2025-10-03 12:00:00,117.37,118.3,117.26,117.99,105115.442
2025-10-03 13:00:00,117.99,118.42,117.72,117.98,118117.859
2025-10-03 14:00:00,117.97,119.99,117.35,118.98,241317.461
2025-10-03 15:00:00,118.97,120.15,118.69,119.98,149253.33
2025-10-03 16:00:00,119.98,121.05,119.84,120.4,244851.236
2025-10-03 17:00:00,120.39,123.07,118.26,121.41,652562.039
2025-10-03 18:00:00,121.42,124.87,120.92,123.31,349678.494
2025-10-03 19:00:00,123.32,123.85,122.13,122.38,198714.821
2025-10-03 20:00:00,122.39,122.49,121.41,122.46,128839.483
2025-10-03 21:00:00,122.45,122.52,120.99,121.45,64905.849
2025-10-03 22:00:00,121.46,121.65,120.56,120.86,71505.369
2025-10-03 23:00:00,120.86,120.92,120.22,120.52,70108.999
2025-10-04 00:00:00,120.53,120.97,120.11,120.39,78932.805
2025-10-04 01:00:00,120.4,120.48,118.97,119.65,191309.395
2025-10-04 02:00:00,119.65,120.18,119.04,119.75,80042.437
2025-10-04 03:00:00,119.75,119.92,119.3,119.44,49921.798
2025-10-04 04:00:00,119.44,119.46,118.95,119.07,48244.113
2025-10-04 05:00:00,119.07,119.48,118.8,118.88,52658.195
2025-10-04 06:00:00,118.88,119.6,118.87,119.06,65520.93
2025-10-04 07:00:00,119.07,119.18,118.2,118.46,71754.243
2025-10-04 08:00:00,118.47,118.7,118.1,118.35,68747.632
2025-10-04 09:00:00,118.34,118.65,118.19,118.27,43479.157
2025-10-04 10:00:00,118.28,118.89,118.01,118.2,94593.094
2025-10-04 11:00:00,118.2,118.32,117.63,117.77,70349.794
2025-10-04 12:00:00,117.77,118.22,117.74,117.98,49447.19
2025-10-04 13:00:00,117.98,118.68,117.98,118.33,96670.926
2025-10-04 14:00:00,118.33,118.85,117.81,117.83,64596.884
2025-10-04 15:00:00,117.82,118.13,117.39,117.76,107766.671
2025-10-04 16:00:00,117.77,118.67,117.7,118.63,69183.982
2025-10-04 17:00:00,118.62,118.64,118.0,118.3,42036.559
2025-10-04 18:00:00,118.3,118.61,118.21,118.49,30213.138
2025-10-04 19:00:00,118.49,119.23,118.48,118.74,71767.065
2025-10-04 20:00:00,118.74,119.2,118.74,119.0,48415.974
2025-10-04 21:00:00,119.01,119.53,119.0,119.38,45269.105
2025-10-04 22:00:00,119.39,120.08,119.38,119.93,62815.357
2025-10-04 23:00:00,119.94,120.5,119.83,120.43,67093.726
2025-10-05 00:00:00,120.43,121.9,120.12,120.71,156378.329
2025-10-05 01:00:00,120.7,122.11,120.47,121.96,121101.158
2025-10-05 02:00:00,121.95,124.13,121.67,123.83,220169.694
2025-10-05 03:00:00,123.84,124.14,122.31,122.67,218725.429
2025-10-05 04:00:00,122.66,122.83,120.82,121.19,286102.31
2025-10-05 05:00:00,121.19,121.68,120.47,121.57,157248.634
2025-10-05 06:00:00,121.57,121.8,120.83,120.99,88585.469
2025-10-05 07:00:00,120.98,122.41,120.98,122.05,110035.259
2025-10-05 08:00:00,122.04,122.52,121.57,122.01,107513.229
2025-10-05 09:00:00,122.01,122.02,120.51,120.76,149681.803
2025-10-05 10:00:00,120.76,120.94,119.88,120.01,134862.019
2025-10-05 11:00:00,120.01,120.37,119.55,120.03,86736.966
2025-10-05 12:00:00,120.02,120.04,119.33,119.7,72986.362
2025-10-05 13:00:00,119.71,120.42,119.66,120.29,64272.801
2025-10-05 14:00:00,120.28,120.54,119.6,119.95,67406.877
2025-10-05 15:00:00,119.94,120.03,119.48,119.76,60671.453
2025-10-05 16:00:00,119.76,120.28,119.13,119.9,93833.863
2025-10-05 17:00:00,119.9,120.08,119.14,119.23,47166.562
2025-10-05 18:00:00,119.22,119.43,118.74,119.38,72497.6
2025-10-05 19:00:00,119.38,119.42,118.25,118.54,91777.706
2025-10-05 20:00:00,118.54,119.04,118.42,118.82,62443.719
2025-10-05 21:00:00,118.81,118.95,118.44,118.55,28513.801
2025-10-05 22:00:00,118.55,118.92,118.46,118.55,34320.543
2025-10-05 23:00:00,118.54,118.94,118.52,118.78,50195.316
2025-10-06 00:00:00,118.78,119.92,118.03,118.32,134940.067
2025-10-06 01:00:00,118.33,119.51,118.03,119.17,80726.147
2025-10-06 02:00:00,119.16,120.43,119.15,120.2,176428.514
2025-10-06 03:00:00,120.21,121.21,120.06,120.6,97646.172
2025-10-06 04:00:00,120.6,120.76,119.64,119.69,73436.483
2025-10-06 05:00:00,119.69,120.87,119.37,120.85,74277.948
2025-10-06 06:00:00,120.85,121.43,120.09,120.49,103548.149
2025-10-06 07:00:00,120.48,120.62,119.73,119.82,70776.353
2025-10-06 08:00:00,119.83,120.44,119.65,120.16,56140.274
2025-10-06 09:00:00,120.17,120.68,120.14,120.64,56013.462
2025-10-06 10:00:00,120.64,120.87,120.03,120.08,44541.639
2025-10-06 11:00:00,120.07,120.33,119.74,119.88,74294.075
2025-10-06 12:00:00,119.88,120.44,119.63,119.75,97310.367
2025-10-06 13:00:00,119.74,120.56,119.62,120.39,149082.686
2025-10-06 14:00:00,120.4,120.74,119.68,120.03,124899.443
2025-10-06 15:00:00,120.02,121.33,119.88,120.49,145297.291
2025-10-06 16:00:00,120.49,120.65,118.72,119.53,213321.375
2025-10-06 17:00:00,119.53,120.18,119.29,119.66,140787.144
2025-10-06 18:00:00,119.66,120.52,119.22,120.17,116414.149
2025-10-06 19:00:00,120.16,120.25,119.67,119.82,69599.74
2025-10-06 20:00:00,119.81,120.14,119.31,119.61,95497.964
2025-10-06 21:00:00,119.6,119.6,118.54,118.99,103798.054
2025-10-06 22:00:00,119.0,119.11,118.0,118.41,101958.072
2025-10-06 23:00:00,118.4,118.71,118.04,118.25,71403.687
2025-10-07 00:00:00,118.25,118.6,117.58,118.59,115840.309
2025-10-07 01:00:00,118.6,118.99,117.94,118.05,92051.601
2025-10-07 02:00:00,118.05,118.46,117.71,117.89,58541.204
2025-10-07 03:00:00,117.9,118.46,117.87,118.14,54894.376
2025-10-07 04:00:00,118.14,118.69,117.87,118.47,78655.136
2025-10-07 05:00:00,118.46,119.2,118.13,118.64,94587.944
2025-10-07 06:00:00,118.64,118.91,117.3,117.94,183074.985
2025-10-07 07:00:00,117.95,118.43,117.52,117.73,104036.691
2025-10-07 08:00:00,117.74,118.21,117.41,118.03,98743.57
2025-10-07 09:00:00,118.04,118.65,117.8,118.1,71557.093
2025-10-07 10:00:00,118.09,118.38,117.71,117.93,50083.278
2025-10-07 11:00:00,117.93,118.36,117.85,118.16,47640.132
2025-10-07 12:00:00,118.16,118.95,117.88,118.89,66122.886
2025-10-07 13:00:00,118.9,119.14,117.44,118.21,209268.346
2025-10-07 14:00:00,118.2,118.29,116.24,116.57,304623.883
2025-10-07 15:00:00,116.58,116.84,115.08,116.08,331381.082
2025-10-07 16:00:00,116.08,116.76,115.36,116.29,144890.536
2025-10-07 17:00:00,116.28,116.51,115.68,115.77,81610.134
2025-10-07 18:00:00,115.77,116.18,115.38,115.42,70311.123
2025-10-07 19:00:00,115.42,116.24,115.36,115.91,62821.808
2025-10-07 20:00:00,115.92,117.0,115.92,116.81,81453.057
2025-10-07 21:00:00,116.8,117.36,116.64,117.14,62404.823
2025-10-07 22:00:00,117.14,117.42,116.88,117.34,42673.063
2025-10-07 23:00:00,117.33,117.42,116.5,116.85,73418.644
2025-10-08 00:00:00,116.85,117.95,116.83,117.71,105803.023
2025-10-08 01:00:00,117.71,118.0,117.33,117.7,59014.99
2025-10-08 02:00:00,117.71,118.28,117.53,117.7,73196.276
2025-10-08 03:00:00,117.7,117.79,116.5,116.94,99784.679
2025-10-08 04:00:00,116.94,117.5,116.27,116.79,137511.817
2025-10-08 05:00:00,116.79,116.79,115.28,115.74,105345.535
2025-10-08 06:00:00,115.74,116.13,115.37,115.81,92729.436
2025-10-08 07:00:00,115.8,116.28,115.5,116.27,81300.56
2025-10-08 08:00:00,116.27,116.57,115.71,116.46,77445.14
2025-10-08 09:00:00,116.46,117.34,116.21,116.89,99214.138
2025-10-08 10:00:00,116.9,117.01,116.32,116.66,51729.381
2025-10-08 11:00:00,116.67,116.79,115.99,116.18,55475.613
2025-10-08 12:00:00,116.19,116.68,115.74,116.67,69428.668
2025-10-08 13:00:00,116.67,117.17,115.88,116.93,108593.534
2025-10-08 14:00:00,116.92,117.64,116.26,116.47,110198.157
2025-10-08 15:00:00,116.47,116.85,116.23,116.31,72610.477
2025-10-08 16:00:00,116.31,117.75,116.13,117.62,102365.38
2025-10-08 17:00:00,117.61,119.58,117.55,119.19,229109.523
2025-10-08 18:00:00,119.19,119.48,118.34,118.59,165325.158
2025-10-08 19:00:00,118.6,118.86,118.26,118.59,67354.846
2025-10-08 20:00:00,118.6,118.68,117.94,118.01,44334.999
2025-10-08 21:00:00,118.0,118.62,117.72,118.3,54409.275
2025-10-08 22:00:00,118.29,118.68,118.13,118.33,32115.162
2025-10-08 23:00:00,118.33,118.77,117.8,118.55,57137.566
2025-10-09 00:00:00,118.54,119.36,118.26,118.9,106978.649
2025-10-09 01:00:00,118.9,118.97,118.06,118.75,106338.464
2025-10-09 02:00:00,118.74,118.81,116.81,117.04,135774.546
2025-10-09 03:00:00,117.05,119.75,117.05,118.38,196705.779
2025-10-09 04:00:00,118.38,119.52,118.34,119.27,95563.54
2025-10-09 05:00:00,119.27,119.65,118.61,118.73,77783.446
2025-10-09 06:00:00,118.74,118.76,117.63,117.67,75011.099
2025-10-09 07:00:00,117.68,117.99,117.16,117.28,72451.402
2025-10-09 08:00:00,117.28,117.31,115.36,115.63,256732.38
2025-10-09 09:00:00,115.64,116.29,115.6,116.21,91972.509
2025-10-09 10:00:00,116.21,116.85,116.0,116.57,89086.021
2025-10-09 11:00:00,116.57,116.94,116.28,116.6,79397.471
2025-10-09 12:00:00,116.59,118.52,116.54,118.15,129962.602
2025-10-09 13:00:00,118.15,118.99,117.44,117.82,231526.757
2025-10-09 14:00:00,117.82,118.54,116.52,117.97,285039.159
2025-10-09 15:00:00,117.97,119.11,117.73,118.25,273539.666
2025-10-09 16:00:00,118.25,118.89,115.52,115.79,204632.941
2025-10-09 17:00:00,115.79,118.0,115.52,117.97,138953.746
2025-10-09 18:00:00,117.97,118.12,117.11,117.26,97520.404
2025-10-09 19:00:00,117.25,118.99,117.22,118.95,80209.311
2025-10-09 20:00:00,118.95,119.43,118.35,119.03,104233.411
2025-10-09 21:00:00,119.03,119.46,118.59,119.31,76115.547
2025-10-09 22:00:00,119.31,128.15,119.2,126.61,881163.416
2025-10-09 23:00:00,126.61,126.91,124.83,125.84,388914.227
2025-10-10 00:00:00,125.83,129.46,125.57,128.38,551940.18
2025-10-10 01:00:00,128.38,128.69,127.02,128.36,274085.333
2025-10-10 02:00:00,128.36,129.13,127.47,128.04,242725.961
2025-10-10 03:00:00,128.04,132.79,127.55,131.22,587227.294
2025-10-10 04:00:00,131.22,132.17,129.01,129.64,328295.65
2025-10-10 05:00:00,129.64,130.08,127.8,130.04,435742.528
2025-10-10 06:00:00,130.03,131.72,125.76,127.67,961213.742
2025-10-10 07:00:00,127.66,128.97,126.97,128.24,216026.831
2025-10-10 08:00:00,128.24,130.29,128.08,128.99,300945.867
2025-10-10 09:00:00,129.0,130.21,128.5,129.78,171025.204
2025-10-10 10:00:00,129.78,130.88,128.7,129.72,160192.099
2025-10-10 11:00:00,129.72,133.33,129.72,132.13,450595.852
2025-10-10 12:00:00,132.13,133.26,131.29,133.17,284541.504
2025-10-10 13:00:00,133.16,136.03,132.43,133.8,622156.586
2025-10-10 14:00:00,133.79,135.32,131.5,131.82,472830.984
2025-10-10 15:00:00,131.83,132.12,125.85,127.04,1684892.2
2025-10-10 16:00:00,127.04,129.23,125.07,125.32,727267.76
2025-10-10 17:00:00,125.31,128.51,124.94,127.43,673973.162
2025-10-10 18:00:00,127.44,127.62,126.25,126.39,194337.023
2025-10-10 19:00:00,126.39,128.26,125.41,126.73,457638.492
2025-10-10 20:00:00,126.73,127.6,119.18,121.54,796091.999
2025-10-10 21:00:00,121.53,123.54,51.6,99.22,4097746.315
2025-10-10 22:00:00,99.25,99.36,84.3,98.02,1915249.772
2025-10-10 23:00:00,98.03,101.0,95.29,96.77,1159964.564
2025-10-11 00:00:00,96.79,98.13,94.2,96.43,675127.651
2025-10-11 01:00:00,96.43,96.57,94.61,96.08,441451.237
2025-10-11 02:00:00,96.09,102.7,96.04,101.22,533839.349
2025-10-11 03:00:00,101.21,101.42,97.9,100.59,431653.277
2025-10-11 04:00:00,100.58,101.05,99.32,100.52,265646.666
2025-10-11 05:00:00,100.51,100.75,97.64,98.38,293625.518
2025-10-11 06:00:00,98.39,100.23,98.09,98.79,203456.823
2025-10-11 07:00:00,98.79,99.63,98.13,98.38,172953.32
2025-10-11 08:00:00,98.38,99.83,97.53,99.33,231722.783
2025-10-11 09:00:00,99.34,100.62,98.1,98.19,320929.598
2025-10-11 10:00:00,98.19,98.95,97.91,98.42,195979.634
2025-10-11 11:00:00,98.44,98.59,97.17,98.02,174502.417
2025-10-11 12:00:00,98.02,98.11,96.38,97.32,173473.251
2025-10-11 13:00:00,97.32,97.65,95.09,96.39,278671.049
2025-10-11 14:00:00,96.39,96.48,95.31,95.98,289371.881
2025-10-11 15:00:00,95.98,97.46,95.86,95.96,205012.973
2025-10-11 16:00:00,95.96,96.79,95.36,96.07,138236.666
2025-10-11 17:00:00,96.07,97.41,96.01,97.4,140674.526
2025-10-11 18:00:00,97.4,97.91,97.08,97.08,105840.779
2025-10-11 19:00:00,97.09,97.1,93.08,93.68,323387.923
2025-10-11 20:00:00,93.68,93.99,91.11,91.61,288215.01
2025-10-11 21:00:00,91.62,93.58,90.04,93.49,346165.59
2025-10-11 22:00:00,93.49,94.22,93.0,93.86,131960.828
2025-10-11 23:00:00,93.86,94.24,93.07,93.28,93076.596
2025-10-12 00:00:00,93.28,93.52,91.55,91.65,142904.194
2025-10-12 01:00:00,91.65,93.59,91.62,92.28,155890.163
2025-10-12 02:00:00,92.28,93.6,91.77,92.52,118605.882
2025-10-12 03:00:00,92.52,94.27,92.41,93.69,121485.329
2025-10-12 04:00:00,93.69,94.74,93.45,94.4,113649.427
2025-10-12 05:00:00,94.41,94.64,93.81,94.29,68672.834
2025-10-12 06:00:00,94.3,96.0,94.23,95.87,116734.977
2025-10-12 07:00:00,95.86,96.55,94.97,95.26,169214.473
2025-10-12 08:00:00,95.25,95.82,95.11,95.5,115807.057
2025-10-12 09:00:00,95.51,95.51,93.91,94.85,182898.143
2025-10-12 10:00:00,94.85,95.81,94.78,95.45,112441.194
2025-10-12 11:00:00,95.46,95.93,95.06,95.52,75472.418
2025-10-12 12:00:00,95.51,96.14,95.34,95.9,100165.723
2025-10-12 13:00:00,95.9,96.51,94.44,94.84,153890.482
2025-10-12 14:00:00,94.85,97.88,94.05,96.36,449029.412
2025-10-12 15:00:00,96.37,98.59,96.15,98.12,514092.275
2025-10-12 16:00:00,98.12,99.88,97.64,99.02,472664.369
2025-10-12 17:00:00,99.03,99.73,98.32,99.36,253098.892
2025-10-12 18:00:00,99.36,99.8,98.47,98.97,202100.773
2025-10-12 19:00:00,98.97,100.98,98.85,100.75,171756.033
2025-10-12 20:00:00,100.75,102.1,100.48,100.62,241150.966
2025-10-12 21:00:00,100.61,101.21,98.58,99.39,198446.499
2025-10-12 22:00:00,99.4,100.22,98.34,98.79,162940.782
2025-10-12 23:00:00,98.79,98.96,97.93,98.89,114469.961
2025-10-13 00:00:00,98.88,99.39,97.77,98.19,154531.568
2025-10-13 01:00:00,98.19,99.64,97.57,99.34,149810.317
2025-10-13 02:00:00,99.33,99.61,98.28,98.78,135386.039
2025-10-13 03:00:00,98.78,100.01,98.62,98.94,140481.079
2025-10-13 04:00:00,98.96,99.09,97.7,98.42,132563.055
2025-10-13 05:00:00,98.41,98.53,95.75,96.62,305860.437
2025-10-13 06:00:00,96.61,97.75,96.05,97.25,219660.884
2025-10-13 07:00:00,97.26,98.05,96.6,97.32,229139.976
2025-10-13 08:00:00,97.31,98.5,96.96,98.11,188431.217
2025-10-13 09:00:00,98.11,98.47,97.24,98.38,161287.238
2025-10-13 10:00:00,98.38,98.56,97.61,97.87,153231.352
2025-10-13 11:00:00,97.86,98.0,94.51,96.21,420674.513
2025-10-13 12:00:00,96.21,97.65,95.55,96.68,192563.887
2025-10-13 13:00:00,96.67,98.74,96.54,98.16,357782.682
2025-10-13 14:00:00,98.15,98.36,95.59,96.02,244670.236
2025-10-13 15:00:00,96.02,97.99,96.0,97.79,202542.401
2025-10-13 16:00:00,97.8,98.52,97.17,98.23,243425.227
2025-10-13 17:00:00,98.23,99.74,98.15,99.7,186094.773
2025-10-13 18:00:00,99.69,99.99,99.05,99.15,185999.205
2025-10-13 19:00:00,99.15,100.38,98.74,100.14,162877.957
2025-10-13 20:00:00,100.14,101.21,99.76,101.16,139872.37
2025-10-13 21:00:00,101.16,101.29,99.62,100.2,182982.376
2025-10-13 22:00:00,100.2,100.76,99.77,100.07,199296.621
2025-10-13 23:00:00,100.07,100.25,99.05,99.4,136789.196
2025-10-14 00:00:00,99.41,100.49,98.83,100.15,157299.658
2025-10-14 01:00:00,100.15,100.4,98.8,98.96,117488.243
2025-10-14 02:00:00,98.95,99.55,98.14,99.04,192296.914
2025-10-14 03:00:00,99.05,99.15,97.72,98.11,160630.657
2025-10-14 04:00:00,98.11,98.32,96.21,96.68,187695.544
2025-10-14 05:00:00,96.68,97.58,95.18,95.5,219322.462
2025-10-14 06:00:00,95.5,95.98,91.75,93.65,536499.408
2025-10-14 07:00:00,93.65,94.33,92.71,93.61,244388.275
2025-10-14 08:00:00,93.61,94.56,92.88,94.25,210465.099
2025-10-14 09:00:00,94.25,94.96,93.56,93.99,187706.423
2025-10-14 10:00:00,93.99,94.02,91.76,92.87,304361.667
2025-10-14 11:00:00,92.88,94.16,92.82,93.2,158772.283
2025-10-14 12:00:00,93.2,93.24,91.68,92.12,208404.171
2025-10-14 13:00:00,92.11,93.28,91.01,92.93,359373.035
2025-10-14 14:00:00,92.92,94.6,92.67,93.62,243373.251
2025-10-14 15:00:00,93.62,95.65,93.2,95.52,215993.583
2025-10-14 16:00:00,95.53,96.27,94.8,95.25,250477.667
2025-10-14 17:00:00,95.24,96.73,94.01,96.44,236367.161
2025-10-14 18:00:00,96.44,97.26,96.27,97.19,172281.33
2025-10-14 19:00:00,97.19,98.17,95.99,98.04,384534.508
2025-10-14 20:00:00,98.05,98.26,97.37,97.96,115352.156
2025-10-14 21:00:00,97.97,98.05,97.11,97.79,77139.654
2025-10-14 22:00:00,97.79,98.44,97.54,97.59,81688.739
2025-10-14 23:00:00,97.59,98.02,97.16,97.29,58701.408
2025-10-15 00:00:00,97.28,97.56,96.57,97.52,128001.388
2025-10-15 01:00:00,97.51,97.71,96.45,96.96,85602.669
2025-10-15 02:00:00,96.95,98.31,96.92,97.92,79917.477
2025-10-15 03:00:00,97.91,98.0,96.71,97.12,102280.144
2025-10-15 04:00:00,97.13,97.9,96.67,97.61,77406.716
2025-10-15 05:00:00,97.61,98.31,97.61,98.16,96254.194
2025-10-15 06:00:00,98.16,98.65,97.17,98.27,113601.706
2025-10-15 07:00:00,98.27,98.47,97.73,98.1,54849.108
2025-10-15 08:00:00,98.1,99.91,98.07,98.68,169625.839
2025-10-15 09:00:00,98.69,98.86,97.38,97.71,121289.56
2025-10-15 10:00:00,97.71,98.03,97.38,97.67,84528.458
2025-10-15 11:00:00,97.66,97.87,96.63,97.01,118297.296
2025-10-15 12:00:00,97.0,97.17,96.3,96.97,130036.357
2025-10-15 13:00:00,96.97,97.85,95.34,96.6,292816.749
2025-10-15 14:00:00,96.6,97.38,95.48,95.89,162742.588
2025-10-15 15:00:00,95.88,96.3,94.22,94.66,237393.221
2025-10-15 16:00:00,94.66,94.88,93.96,94.08,163347.235
2025-10-15 17:00:00,94.08,94.58,93.31,94.57,149825.631
2025-10-15 18:00:00,94.57,95.34,94.26,95.27,79697.962
2025-10-15 19:00:00,95.27,95.27,94.12,94.4,73143.244
2025-10-15 20:00:00,94.4,95.04,93.3,94.12,121253.974
2025-10-15 21:00:00,94.13,94.83,93.5,93.99,85299.414
2025-10-15 22:00:00,94.0,94.97,93.97,94.37,57721.453
2025-10-15 23:00:00,94.38,95.5,94.35,95.43,85437.891
2025-10-16 00:00:00,95.43,95.61,94.82,95.06,72236.584
2025-10-16 01:00:00,95.05,96.28,95.0,95.96,74677.951
2025-10-16 02:00:00,95.96,96.32,95.35,95.87,59173.65
2025-10-16 03:00:00,95.87,95.9,94.5,94.76,77869.0
2025-10-16 04:00:00,94.77,95.19,94.31,94.4,66238.284
2025-10-16 05:00:00,94.4,94.73,93.77,94.38,82870.865
2025-10-16 06:00:00,94.39,95.54,94.28,95.43,57964.735
2025-10-16 07:00:00,95.44,95.52,94.53,94.79,58730.312
2025-10-16 08:00:00,94.79,94.92,93.93,94.14,55815.091
2025-10-16 09:00:00,94.14,95.34,91.8,95.01,389173.678
2025-10-16 10:00:00,95.01,96.19,94.96,95.35,116419.1
2025-10-16 11:00:00,95.34,95.98,94.84,95.98,81734.733
2025-10-16 12:00:00,95.98,96.85,95.62,96.11,165630.241
2025-10-16 13:00:00,96.11,96.27,95.18,95.48,120011.168
2025-10-16 14:00:00,95.48,96.08,94.06,94.76,233000.403
2025-10-16 15:00:00,94.76,95.01,91.55,91.74,345694.373
2025-10-16 16:00:00,91.74,93.18,90.51,93.12,456258.379
2025-10-16 17:00:00,93.13,93.16,91.53,91.77,171543.097
2025-10-16 18:00:00,91.77,92.0,90.82,91.72,187311.919
2025-10-16 19:00:00,91.73,91.87,89.57,90.48,281605.672
2025-10-16 20:00:00,90.49,90.97,89.73,90.09,141774.085
2025-10-16 21:00:00,90.09,91.36,89.88,91.31,98127.376
2025-10-16 22:00:00,91.32,91.43,90.7,90.72,58155.466
2025-10-16 23:00:00,90.72,91.79,90.62,91.73,59753.976
2025-10-17 00:00:00,91.73,92.41,91.46,92.26,111625.443
2025-10-17 01:00:00,92.26,93.14,91.74,92.14,88943.586
2025-10-17 02:00:00,92.14,92.43,91.54,92.18,61625.914
2025-10-17 03:00:00,92.19,92.43,91.74,92.06,53692.037
2025-10-17 04:00:00,92.07,92.11,91.73,91.85,40406.131
2025-10-17 05:00:00,91.85,92.0,91.17,91.31,54720.801
2025-10-17 06:00:00,91.31,91.64,88.05,88.56,393566.611
2025-10-17 07:00:00,88.57,88.79,84.3,85.18,952227.062
2025-10-17 08:00:00,85.19,86.03,84.2,84.85,534560.139
2025-10-17 09:00:00,84.85,86.96,84.74,85.55,252269.754
2025-10-17 10:00:00,85.56,85.99,84.22,85.73,221449.768
2025-10-17 11:00:00,85.73,88.09,85.62,87.58,348551.972
2025-10-17 12:00:00,87.58,88.47,87.46,88.25,181875.892
2025-10-17 13:00:00,88.25,89.3,87.59,88.91,255835.923
2025-10-17 14:00:00,88.91,89.24,87.4,88.49,207829.264
2025-10-17 15:00:00,88.49,89.98,88.43,89.94,188626.952
2025-10-17 16:00:00,89.95,90.86,89.42,90.37,249110.102
2025-10-17 17:00:00,90.38,90.51,89.64,90.25,128143.43
2025-10-17 18:00:00,90.25,90.94,90.25,90.63,110434.745
2025-10-17 19:00:00,90.63,91.12,90.08,90.53,122679.946
2025-10-17 20:00:00,90.54,91.45,90.35,91.03,109089.291
2025-10-17 21:00:00,91.04,91.78,90.76,90.92,100304.057
2025-10-17 22:00:00,90.92,91.26,90.21,90.52,87301.399
2025-10-17 23:00:00,90.53,90.53,89.93,90.08,50570.75
2025-10-18 00:00:00,90.08,90.54,89.91,90.42,65097.634
2025-10-18 01:00:00,90.43,90.92,90.39,90.85,61335.429
2025-10-18 02:00:00,90.85,91.28,90.32,90.55,85763.414
2025-10-18 03:00:00,90.54,90.95,90.38,90.45,39171.832
2025-10-18 04:00:00,90.45,90.49,89.83,90.14,93592.769
2025-10-18 05:00:00,90.13,90.78,90.13,90.66,51344.682
2025-10-18 06:00:00,90.66,90.98,90.41,90.76,54703.925
2025-10-18 07:00:00,90.76,91.86,90.73,90.9,112839.504
2025-10-18 08:00:00,90.9,91.19,90.59,90.69,61062.312
2025-10-18 09:00:00,90.69,91.43,90.65,91.23,77159.549
2025-10-18 10:00:00,91.24,91.51,90.88,91.27,56599.999
2025-10-18 11:00:00,91.26,91.61,90.97,91.41,51420.519
2025-10-18 12:00:00,91.41,91.53,90.77,90.83,55267.786
2025-10-18 13:00:00,90.83,90.83,90.13,90.25,72026.813
2025-10-18 14:00:00,90.25,90.84,89.96,90.64,61537.383
2025-10-18 15:00:00,90.64,91.15,90.48,91.05,54124.922
2025-10-18 16:00:00,91.05,91.28,90.4,91.01,77667.305
2025-10-18 17:00:00,91.01,91.81,90.73,91.72,80443.195
2025-10-18 18:00:00,91.73,91.89,91.48,91.72,42822.482
2025-10-18 19:00:00,91.71,92.13,91.57,91.89,57599.594
2025-10-18 20:00:00,91.9,92.16,91.79,91.81,52275.892
2025-10-18 21:00:00,91.81,92.0,91.6,91.8,39630.024
2025-10-18 22:00:00,91.8,91.95,91.51,91.56,27366.246
2025-10-18 23:00:00,91.55,91.66,91.41,91.62,28163.833
2025-10-19 00:00:00,91.62,91.68,90.7,91.02,66714.796
2025-10-19 01:00:00,91.01,91.23,90.74,91.04,34025.966
2025-10-19 02:00:00,91.03,91.76,90.98,91.49,48385.753
2025-10-19 03:00:00,91.5,92.55,91.36,92.15,77481.475
2025-10-19 04:00:00,92.15,92.2,91.7,91.86,43474.681
2025-10-19 05:00:00,91.87,92.4,91.68,92.35,49003.788
2025-10-19 06:00:00,92.35,92.58,91.74,91.96,61641.307
2025-10-19 07:00:00,91.96,92.02,91.63,91.82,41141.667
2025-10-19 08:00:00,91.83,92.56,90.93,91.18,147992.673
2025-10-19 09:00:00,91.19,92.78,90.64,92.21,176264.554
2025-10-19 10:00:00,92.21,93.44,91.96,93.17,161182.677
2025-10-19 11:00:00,93.16,93.74,93.15,93.36,91623.714
2025-10-19 12:00:00,93.37,93.6,92.96,93.54,61695.906
2025-10-19 13:00:00,93.54,94.47,92.83,94.23,107139.314
2025-10-19 14:00:00,94.24,94.59,93.71,94.37,132081.638
2025-10-19 15:00:00,94.37,94.43,93.92,94.09,53890.701
2025-10-19 16:00:00,94.1,94.29,93.6,93.97,63497.002
2025-10-19 17:00:00,93.97,94.74,93.68,93.8,97154.386
2025-10-19 18:00:00,93.8,94.3,93.77,94.23,49603.285
2025-10-19 19:00:00,94.24,94.27,93.9,94.1,38509.691
2025-10-19 20:00:00,94.09,94.26,93.98,94.22,29624.168
2025-10-19 21:00:00,94.22,94.25,93.52,93.75,50144.496
2025-10-19 22:00:00,93.76,94.36,93.73,94.02,38356.637
2025-10-19 23:00:00,94.03,94.04,93.14,93.27,51918.959
2025-10-20 00:00:00,93.28,93.28,92.19,93.07,124410.378
2025-10-20 01:00:00,93.07,93.48,92.75,92.94,70166.064
2025-10-20 02:00:00,92.93,93.51,92.48,93.32,56556.003
2025-10-20 03:00:00,93.31,94.79,92.91,94.57,100386.316
2025-10-20 04:00:00,94.58,94.91,94.33,94.63,89604.845
2025-10-20 05:00:00,94.63,95.3,94.47,95.2,74427.531
2025-10-20 06:00:00,95.21,95.75,95.08,95.52,92446.95
2025-10-20 07:00:00,95.53,95.53,94.79,95.07,78050.214
2025-10-20 08:00:00,95.06,95.39,94.69,94.73,89176.076
2025-10-20 09:00:00,94.73,94.87,94.37,94.62,69183.974
2025-10-20 10:00:00,94.62,95.03,94.17,94.57,87044.518
2025-10-20 11:00:00,94.57,94.59,94.07,94.51,72997.526
2025-10-20 12:00:00,94.5,94.83,94.26,94.73,54875.856
2025-10-20 13:00:00,94.73,95.44,94.49,95.27,82320.726
2025-10-20 14:00:00,95.27,95.59,94.71,95.46,82578.085
2025-10-20 15:00:00,95.46,95.7,94.79,94.79,88776.494
2025-10-20 16:00:00,94.8,94.86,93.26,94.47,221798.939
2025-10-20 17:00:00,94.47,94.86,93.72,94.3,80144.734
2025-10-20 18:00:00,94.31,94.8,94.1,94.75,64093.3
2025-10-20 19:00:00,94.76,95.5,94.46,95.23,57394.49
2025-10-20 20:00:00,95.22,95.34,94.88,95.08,45492.76
2025-10-20 21:00:00,95.08,95.2,94.49,94.66,48654.455
2025-10-20 22:00:00,94.66,95.18,94.52,94.87,30698.063
2025-10-20 23:00:00,94.88,94.88,93.93,93.97,64014.686
2025-10-21 00:00:00,93.96,94.05,93.19,93.44,88071.12
2025-10-21 01:00:00,93.44,93.8,92.89,93.34,80507.65
2025-10-21 02:00:00,93.35,93.42,92.72,92.93,67777.019
2025-10-21 03:00:00,92.94,93.44,92.72,92.86,67713.328
2025-10-21 04:00:00,92.86,92.91,91.57,91.83,200847.77
2025-10-21 05:00:00,91.83,92.47,91.72,92.45,83719.496
2025-10-21 06:00:00,92.46,92.98,92.09,92.73,68072.575
2025-10-21 07:00:00,92.73,93.19,92.49,92.99,93048.628
2025-10-21 08:00:00,92.99,92.99,91.94,92.13,87945.411
2025-10-21 09:00:00,92.12,92.13,91.71,92.02,64063.337
2025-10-21 10:00:00,92.03,92.87,91.79,92.66,77276.789
2025-10-21 11:00:00,92.66,92.95,92.4,92.86,52382.516
2025-10-21 12:00:00,92.86,93.87,92.65,92.91,120750.303
2025-10-21 13:00:00,92.9,93.45,92.32,92.99,117961.66
2025-10-21 14:00:00,93.0,95.53,92.99,95.38,284660.791
2025-10-21 15:00:00,95.38,96.57,94.98,96.24,328046.221
2025-10-21 16:00:00,96.24,96.72,95.33,95.66,248601.767
2025-10-21 17:00:00,95.67,96.92,94.86,96.31,291177.714
2025-10-21 18:00:00,96.32,96.9,95.81,96.43,121496.074
2025-10-21 19:00:00,96.42,96.8,96.03,96.05,78917.568
2025-10-21 20:00:00,96.06,96.12,94.87,95.62,143999.477
2025-10-21 21:00:00,95.62,95.81,94.29,95.53,115024.961
2025-10-21 22:00:00,95.52,95.66,94.08,94.4,157493.572
2025-10-21 23:00:00,94.4,94.78,92.35,92.42,182039.194
2025-10-22 00:00:00,92.42,92.87,91.88,92.38,199793.703
2025-10-22 01:00:00,92.38,92.85,92.17,92.73,93643.637
2025-10-22 02:00:00,92.74,93.22,92.66,92.96,64450.839
2025-10-22 03:00:00,92.97,92.98,92.39,92.88,68791.562
2025-10-22 04:00:00,92.88,93.39,92.8,93.08,88928.455
2025-10-22 05:00:00,93.09,93.09,91.9,92.62,103285.033
2025-10-22 06:00:00,92.61,92.77,92.35,92.45,54317.432
2025-10-22 07:00:00,92.45,93.21,92.17,93.1,79891.599
2025-10-22 08:00:00,93.1,93.1,92.28,92.34,59853.058
2025-10-22 09:00:00,92.35,92.42,91.72,92.02,118777.684
2025-10-22 10:00:00,92.03,92.23,91.69,91.8,79381.228
2025-10-22 11:00:00,91.81,92.85,90.88,92.23,227368.023
2025-10-22 12:00:00,92.23,92.93,92.03,92.83,84898.15
2025-10-22 13:00:00,92.84,93.71,92.56,93.46,155146.092
2025-10-22 14:00:00,93.46,93.51,91.81,93.42,257951.469
2025-10-22 15:00:00,93.43,93.63,92.05,92.86,155419.191
2025-10-22 16:00:00,92.87,94.41,92.15,94.28,237229.827
2025-10-22 17:00:00,94.27,94.43,93.28,93.52,212678.603
2025-10-22 18:00:00,93.52,94.44,93.26,94.05,104736.34
2025-10-22 19:00:00,94.05,94.92,93.08,93.78,129053.679
2025-10-22 20:00:00,93.78,93.97,92.19,92.57,110531.133
2025-10-22 21:00:00,92.56,92.57,89.83,90.76,397169.932
2025-10-22 22:00:00,90.76,91.28,90.32,90.82,125044.781
2025-10-22 23:00:00,90.82,92.29,90.76,91.83,114875.363
2025-10-23 00:00:00,91.83,92.57,91.74,92.43,64792.187
2025-10-23 01:00:00,92.42,92.77,92.12,92.31,75018.295
2025-10-23 02:00:00,92.31,92.39,92.03,92.27,49160.124
2025-10-23 03:00:00,92.27,92.89,92.26,92.53,43705.648
2025-10-23 04:00:00,92.54,92.66,92.08,92.16,43094.519
2025-10-23 05:00:00,92.17,92.77,92.1,92.74,46404.13
2025-10-23 06:00:00,92.74,93.99,92.64,93.78,122724.495
2025-10-23 07:00:00,93.78,93.8,92.98,93.27,51510.91
2025-10-23 08:00:00,93.28,93.82,93.27,93.53,60608.415
2025-10-23 09:00:00,93.54,93.61,93.16,93.28,37901.847
2025-10-23 10:00:00,93.28,93.74,93.23,93.59,47326.994
2025-10-23 11:00:00,93.58,93.93,93.11,93.24,69175.312
2025-10-23 12:00:00,93.23,93.44,92.51,93.22,99093.999
2025-10-23 13:00:00,93.22,93.81,92.81,93.48,88046.214
2025-10-23 14:00:00,93.49,93.83,92.84,93.48,94166.737
2025-10-23 15:00:00,93.49,94.44,93.26,93.99,109239.309
2025-10-23 16:00:00,93.99,94.56,93.54,94.42,92318.158
2025-10-23 17:00:00,94.42,94.74,93.53,94.56,122558.044
2025-10-23 18:00:00,94.55,94.6,93.74,93.9,118863.851
2025-10-23 19:00:00,93.9,93.92,93.48,93.82,43770.644
2025-10-23 20:00:00,93.81,93.88,92.86,93.21,69168.845
2025-10-23 21:00:00,93.2,93.54,93.1,93.41,39127.945
2025-10-23 22:00:00,93.41,93.83,93.37,93.69,37013.674
2025-10-23 23:00:00,93.7,94.0,93.63,93.96,30354.824
2025-10-24 00:00:00,93.97,94.53,93.87,94.39,60701.012
2025-10-24 01:00:00,94.38,94.86,94.08,94.84,50680.335
2025-10-24 02:00:00,94.83,95.24,94.7,95.08,86060.145
2025-10-24 03:00:00,95.08,95.21,94.42,94.72,50677.791
2025-10-24 04:00:00,94.71,95.34,94.42,95.21,71625.182
2025-10-24 05:00:00,95.21,95.74,94.95,95.58,69865.554
2025-10-24 06:00:00,95.58,96.03,95.51,95.98,60753.051
2025-10-24 07:00:00,95.98,96.08,95.39,96.04,92015.658
2025-10-24 08:00:00,96.04,96.65,95.85,96.33,96482.178
2025-10-24 09:00:00,96.32,96.32,95.56,95.68,68788.537
2025-10-24 10:00:00,95.68,95.68,95.29,95.34,69588.346
2025-10-24 11:00:00,95.35,96.13,95.09,96.09,97192.272
2025-10-24 12:00:00,96.1,97.43,95.9,96.4,209847.588
2025-10-24 13:00:00,96.41,96.48,95.66,96.19,119765.306
2025-10-24 14:00:00,96.19,96.22,94.85,95.33,151075.873
2025-10-24 15:00:00,95.34,95.75,94.96,95.18,111724.61
2025-10-24 16:00:00,95.18,95.54,94.9,95.53,54271.547
2025-10-24 17:00:00,95.53,95.89,95.35,95.69,62860.442
2025-10-24 18:00:00,95.68,96.01,95.61,95.71,47722.614
2025-10-24 19:00:00,95.71,96.28,95.7,96.12,68241.704
2025-10-24 20:00:00,96.12,96.87,96.02,96.75,64090.199
2025-10-24 21:00:00,96.75,97.0,96.61,96.89,47301.671
2025-10-24 22:00:00,96.89,96.92,96.41,96.57,38705.877
2025-10-24 23:00:00,96.56,96.57,96.22,96.4,33909.127
2025-10-25 00:00:00,96.4,96.69,96.09,96.43,39370.426
2025-10-25 01:00:00,96.43,96.94,96.34,96.51,38573.2
2025-10-25 02:00:00,96.52,96.58,96.14,96.18,32184.058
2025-10-25 03:00:00,96.17,96.3,96.02,96.07,32519.754
2025-10-25 04:00:00,96.07,96.5,96.02,96.21,41994.765
2025-10-25 05:00:00,96.21,96.21,95.8,96.12,27896.155
2025-10-25 06:00:00,96.13,96.24,95.9,96.04,26819.648
2025-10-25 07:00:00,96.04,96.92,96.02,96.49,58240.617
2025-10-25 08:00:00,96.49,96.56,96.23,96.31,23123.83
2025-10-25 09:00:00,96.32,96.41,95.75,95.86,40241.316
2025-10-25 10:00:00,95.87,96.31,95.61,96.11,40347.803
2025-10-25 11:00:00,96.12,96.39,95.99,96.19,21488.573
2025-10-25 12:00:00,96.2,96.39,96.09,96.33,27398.617
2025-10-25 13:00:00,96.34,96.37,95.91,96.19,29609.946
2025-10-25 14:00:00,96.19,96.42,96.0,96.38,33568.106
2025-10-25 15:00:00,96.39,96.4,96.0,96.07,39007.797
2025-10-25 16:00:00,96.07,96.28,95.95,96.14,74925.593
2025-10-25 17:00:00,96.15,96.44,96.06,96.34,23035.0
2025-10-25 18:00:00,96.34,96.85,96.16,96.82,44633.627
2025-10-25 19:00:00,96.82,97.05,96.72,96.92,38705.393
2025-10-25 20:00:00,96.92,96.99,96.6,96.77,37876.435
2025-10-25 21:00:00,96.77,96.84,96.43,96.73,27904.121
2025-10-25 22:00:00,96.73,96.99,96.5,96.84,19999.855
2025-10-25 23:00:00,96.84,97.0,96.69,96.91,18679.018
2025-10-26 00:00:00,96.91,97.01,96.72,96.82,36353.935
2025-10-26 01:00:00,96.83,96.92,96.46,96.61,31269.872
2025-10-26 02:00:00,96.62,96.68,96.32,96.53,28554.721
2025-10-26 03:00:00,96.52,96.66,96.33,96.39,21392.953
2025-10-26 04:00:00,96.4,96.67,96.27,96.63,24640.695
2025-10-26 05:00:00,96.64,96.94,96.52,96.78,23643.503
2025-10-26 06:00:00,96.78,97.19,96.67,97.19,38292.512
2025-10-26 07:00:00,97.19,97.6,97.13,97.4,61352.189
2025-10-26 08:00:00,97.41,97.8,97.38,97.64,50225.801
2025-10-26 09:00:00,97.65,98.54,97.47,98.38,100644.378
2025-10-26 10:00:00,98.39,98.48,97.81,97.96,40858.499
2025-10-26 11:00:00,97.97,98.76,97.69,98.61,83679.329
2025-10-26 12:00:00,98.61,99.64,98.47,99.45,173299.433
2025-10-26 13:00:00,99.45,99.58,99.03,99.18,88138.313
2025-10-26 14:00:00,99.18,99.22,98.54,98.71,133297.1
2025-10-26 15:00:00,98.71,99.26,98.55,99.15,50237.755
2025-10-26 16:00:00,99.15,99.49,98.86,99.06,61115.041
2025-10-26 17:00:00,99.06,99.33,98.84,99.05,35897.879
2025-10-26 18:00:00,99.05,99.27,98.92,99.13,29610.591
2025-10-26 19:00:00,99.14,99.21,98.89,99.21,40315.869
2025-10-26 20:00:00,99.2,99.21,98.66,98.91,51881.368
2025-10-26 21:00:00,98.9,99.59,98.83,99.38,43093.217
2025-10-26 22:00:00,99.39,101.0,99.39,100.29,156128.811
2025-10-26 23:00:00,100.3,100.63,99.77,99.95,83270.474
2025-10-27 00:00:00,99.95,100.63,99.82,100.11,94672.23
2025-10-27 01:00:00,100.1,100.56,99.96,100.45,69175.272
2025-10-27 02:00:00,100.46,100.83,100.07,100.36,80071.089
2025-10-27 03:00:00,100.35,100.44,99.85,99.99,56480.623
2025-10-27 04:00:00,99.98,100.51,99.84,100.42,57601.838
2025-10-27 05:00:00,100.42,100.83,100.32,100.4,69612.13
2025-10-27 06:00:00,100.4,101.2,100.08,100.84,86746.867
2025-10-27 07:00:00,100.84,100.85,99.24,99.75,145215.513
2025-10-27 08:00:00,99.74,99.9,98.8,99.31,122980.014
2025-10-27 09:00:00,99.3,99.35,98.55,98.93,121789.838
2025-10-27 10:00:00,98.94,99.31,98.79,98.94,47233.554
2025-10-27 11:00:00,98.95,99.25,98.27,99.22,76122.586
2025-10-27 12:00:00,99.23,99.27,98.55,98.65,54582.079
2025-10-27 13:00:00,98.64,99.24,98.1,99.11,118030.446
2025-10-27 14:00:00,99.12,99.26,98.35,99.07,123487.422
2025-10-27 15:00:00,99.06,102.4,99.04,101.97,607826.556
2025-10-27 16:00:00,101.98,103.07,101.38,102.69,280552.745
2025-10-27 17:00:00,102.68,102.97,101.66,101.85,109400.572
2025-10-27 18:00:00,101.84,103.14,101.69,101.93,309056.865
2025-10-27 19:00:00,101.93,102.28,101.33,102.0,104073.619
2025-10-27 20:00:00,101.99,101.99,100.16,100.16,167766.355
2025-10-27 21:00:00,100.16,100.72,100.09,100.17,56934.283
2025-10-27 22:00:00,100.17,100.29,99.02,99.22,123130.936
2025-10-27 23:00:00,99.22,99.48,98.6,99.33,97973.858
2025-10-28 00:00:00,99.33,99.84,99.06,99.63,80070.759
2025-10-28 01:00:00,99.63,100.72,99.11,100.21,168479.836
2025-10-28 02:00:00,100.21,100.35,98.8,99.75,96185.068
2025-10-28 03:00:00,99.74,100.08,99.04,99.98,76651.007
2025-10-28 04:00:00,99.97,100.26,99.57,99.96,62330.556
2025-10-28 05:00:00,99.95,100.24,99.09,99.45,86860.889
2025-10-28 06:00:00,99.46,105.87,99.45,105.48,465620.114
2025-10-28 07:00:00,105.48,106.97,102.21,102.39,651108.812
2025-10-28 08:00:00,102.4,102.74,101.28,102.23,370006.45
2025-10-28 09:00:00,102.23,102.55,100.76,101.93,276068.234
2025-10-28 10:00:00,101.93,102.09,100.95,101.49,149449.99
2025-10-28 11:00:00,101.5,102.3,101.15,102.15,192324.516
2025-10-28 12:00:00,102.14,102.28,101.32,102.25,126912.091
2025-10-28 13:00:00,102.25,102.75,101.46,101.63,222504.994
2025-10-28 14:00:00,101.64,101.81,97.05,98.54,850490.345
2025-10-28 15:00:00,98.54,99.32,98.41,99.02,210930.479
2025-10-28 16:00:00,99.01,99.58,98.7,99.26,174174.932
2025-10-28 17:00:00,99.26,99.99,99.26,99.84,93451.949
2025-10-28 18:00:00,99.84,99.89,98.84,99.27,174671.865
2025-10-28 19:00:00,99.28,99.33,97.81,98.24,189039.222
2025-10-28 20:00:00,98.23,98.25,95.75,96.64,440178.92
2025-10-28 21:00:00,96.63,97.13,95.21,96.82,157949.499
2025-10-28 22:00:00,96.82,97.39,96.62,97.12,79460.714
2025-10-28 23:00:00,97.12,97.21,96.42,96.58,85283.516
2025-10-29 00:00:00,96.58,96.95,96.26,96.52,80034.94
2025-10-29 01:00:00,96.51,97.08,96.36,96.72,66619.632
2025-10-29 02:00:00,96.71,96.99,96.37,96.68,78175.586
2025-10-29 03:00:00,96.68,96.68,96.15,96.37,62206.751
2025-10-29 04:00:00,96.37,96.88,96.3,96.7,45701.908
2025-10-29 05:00:00,96.69,97.27,96.63,97.13,64205.026
2025-10-29 06:00:00,97.14,97.48,96.87,97.43,62820.562
2025-10-29 07:00:00,97.42,98.74,97.37,98.62,108479.29
2025-10-29 08:00:00,98.62,98.64,97.51,97.66,89772.735
2025-10-29 09:00:00,97.66,97.7,97.09,97.54,102873.31
2025-10-29 10:00:00,97.55,98.6,97.55,98.09,93529.826
2025-10-29 11:00:00,98.09,98.59,98.03,98.39,61374.042
2025-10-29 12:00:00,98.38,99.39,98.21,99.25,162885.005
2025-10-29 13:00:00,99.24,100.67,99.22,99.92,248172.021
2025-10-29 14:00:00,99.92,100.04,98.45,98.91,269736.045
2025-10-29 15:00:00,98.92,99.01,97.68,98.15,189465.315
2025-10-29 16:00:00,98.15,98.98,97.56,98.88,118831.861
2025-10-29 17:00:00,98.88,99.5,98.34,99.36,91880.376
2025-10-29 18:00:00,99.37,99.65,95.61,98.6,646570.784
2025-10-29 19:00:00,98.6,99.78,98.22,98.69,236193.767
2025-10-29 20:00:00,98.7,99.47,98.2,99.18,121521.287
2025-10-29 21:00:00,99.19,99.77,98.89,99.55,55360.45
2025-10-29 22:00:00,99.55,99.83,99.32,99.45,78285.14
2025-10-29 23:00:00,99.45,99.64,98.31,98.48,108166.098
2025-10-30 00:00:00,98.48,99.24,97.72,99.21,121764.388
2025-10-30 01:00:00,99.21,99.29,98.53,98.89,64040.837
2025-10-30 02:00:00,98.9,99.69,98.75,99.63,60807.528
2025-10-30 03:00:00,99.63,99.63,98.53,98.88,72556.901
2025-10-30 04:00:00,98.88,98.93,95.6,96.34,398044.732
2025-10-30 05:00:00,96.33,98.23,96.17,98.08,133683.524
2025-10-30 06:00:00,98.07,98.71,97.57,98.21,88181.033
2025-10-30 07:00:00,98.21,98.95,98.07,98.67,84581.182
2025-10-30 08:00:00,98.67,98.78,97.85,97.91,68015.123
2025-10-30 09:00:00,97.92,98.04,97.2,97.28,105992.888
2025-10-30 10:00:00,97.28,97.38,96.48,96.74,94123.882
2025-10-30 11:00:00,96.74,97.1,96.49,96.64,58377.602
2025-10-30 12:00:00,96.64,97.04,94.78,95.55,301451.813
2025-10-30 13:00:00,95.54,95.76,93.1,93.2,369066.455
2025-10-30 14:00:00,93.2,93.87,92.58,93.23,243547.643
2025-10-30 15:00:00,93.22,93.4,91.63,92.09,183611.555
2025-10-30 16:00:00,92.1,92.74,91.68,92.46,148685.268
2025-10-30 17:00:00,92.47,92.49,91.0,92.07,221547.283
2025-10-30 18:00:00,92.06,92.26,91.13,91.44,97545.693
2025-10-30 19:00:00,91.43,91.67,90.32,90.61,163307.274
2025-10-30 20:00:00,90.6,92.02,90.38,91.92,138698.674
2025-10-30 21:00:00,91.93,92.58,91.69,92.27,75901.818
2025-10-30 22:00:00,92.26,92.88,92.14,92.71,69902.068
2025-10-30 23:00:00,92.72,93.42,92.49,93.33,78482.11
2025-10-31 00:00:00,93.34,94.08,92.9,93.84,102122.034
2025-10-31 01:00:00,93.85,94.5,93.62,93.77,100127.779
2025-10-31 02:00:00,93.77,93.8,93.11,93.54,68138.244
2025-10-31 03:00:00,93.54,94.02,93.32,93.83,58702.304
2025-10-31 04:00:00,93.83,94.77,93.83,94.46,88718.499
2025-10-31 05:00:00,94.45,94.45,94.02,94.11,48540.89
2025-10-31 06:00:00,94.12,94.3,93.82,94.0,38860.851
2025-10-31 07:00:00,93.99,94.37,93.65,94.21,64282.128
2025-10-31 08:00:00,94.21,94.61,93.97,94.58,55404.336
2025-10-31 09:00:00,94.59,94.77,94.14,94.31,43453.969
2025-10-31 10:00:00,94.32,94.5,94.09,94.17,34254.068
2025-10-31 11:00:00,94.17,95.04,93.91,94.95,71797.708
2025-10-31 12:00:00,94.95,95.37,94.58,94.66,93467.385
2025-10-31 13:00:00,94.67,95.58,94.58,94.97,87343.206
2025-10-31 14:00:00,94.98,95.93,94.78,95.8,98267.602
2025-10-31 15:00:00,95.79,96.06,95.41,95.58,88697.644
2025-10-31 16:00:00,95.57,95.7,94.4,94.55,111847.202
2025-10-31 17:00:00,94.55,94.96,93.92,94.64,127655.422
2025-10-31 18:00:00,94.65,95.17,94.23,94.9,70879.731
2025-10-31 19:00:00,94.89,96.22,94.65,96.08,122016.846
2025-10-31 20:00:00,96.07,96.28,95.42,95.53,77899.885
2025-10-31 21:00:00,95.53,96.07,95.32,95.61,46860.112
2025-10-31 22:00:00,95.62,95.71,95.23,95.44,27379.147
2025-10-31 23:00:00,95.44,95.8,95.31,95.34,28376.503
2025-11-01 00:00:00,95.33,95.52,95.0,95.47,43534.307
2025-11-01 01:00:00,95.48,95.89,95.25,95.48,81234.833
2025-11-01 02:00:00,95.48,95.87,95.21,95.76,32717.198
2025-11-01 03:00:00,95.77,96.22,95.72,96.07,48327.56
2025-11-01 04:00:00,96.08,96.42,95.98,96.17,52509.118
2025-11-01 05:00:00,96.16,96.22,95.6,95.72,32770.893
2025-11-01 06:00:00,95.72,98.22,95.57,97.69,155712.193
2025-11-01 07:00:00,97.69,99.42,97.02,99.04,249330.401
2025-11-01 08:00:00,99.04,99.28,97.8,98.22,129536.336
2025-11-01 09:00:00,98.23,99.2,97.78,97.9,243534.492
2025-11-01 10:00:00,97.9,98.71,97.9,98.67,67920.211
2025-11-01 11:00:00,98.67,98.88,98.28,98.6,71007.819
2025-11-01 12:00:00,98.61,99.12,98.53,98.89,67095.671
2025-11-01 13:00:00,98.89,99.55,98.36,99.2,107351.739
2025-11-01 14:00:00,99.2,99.47,98.58,98.78,115565.701
2025-11-01 15:00:00,98.78,99.75,98.44,98.61,104157.546
2025-11-01 16:00:00,98.62,99.3,98.44,99.16,62791.317
2025-11-01 17:00:00,99.16,99.71,98.82,99.17,106597.142
2025-11-01 18:00:00,99.18,99.55,99.02,99.4,47838.54
2025-11-01 19:00:00,99.4,99.79,99.21,99.68,38014.37
2025-11-01 20:00:00,99.69,100.5,99.51,100.03,85607.633
2025-11-01 21:00:00,100.04,100.57,99.75,99.78,71317.92
2025-11-01 22:00:00,99.78,100.64,99.64,100.17,78720.766
2025-11-01 23:00:00,100.18,101.87,100.06,101.31,155585.429
2025-11-02 00:00:00,101.31,101.47,100.33,100.75,95457.677
2025-11-02 01:00:00,100.74,100.95,99.84,99.94,94680.041
2025-11-02 02:00:00,99.94,100.51,99.75,99.88,62166.598
2025-11-02 03:00:00,99.87,100.28,99.32,99.49,69294.892
2025-11-02 04:00:00,99.48,100.19,99.35,100.07,74352.278
2025-11-02 05:00:00,100.08,100.4,99.61,100.38,51255.488
2025-11-02 06:00:00,100.39,100.4,99.74,99.99,53229.656
2025-11-02 07:00:00,99.99,100.84,99.75,100.62,68235.871
2025-11-02 08:00:00,100.63,101.08,100.13,100.22,85575.304
2025-11-02 09:00:00,100.23,101.04,100.13,100.5,82773.532
2025-11-02 10:00:00,100.51,101.2,99.79,100.1,131242.654
2025-11-02 11:00:00,100.09,101.12,100.02,100.83,99035.43
2025-11-02 12:00:00,100.83,100.85,100.08,100.31,53002.3
2025-11-02 13:00:00,100.3,100.5,98.71,99.23,230460.845
2025-11-02 14:00:00,99.23,99.3,98.15,98.72,149116.946
2025-11-02 15:00:00,98.71,99.05,98.19,98.36,85473.824
2025-11-02 16:00:00,98.36,98.61,97.45,98.48,135028.574
2025-11-02 17:00:00,98.48,98.5,97.93,98.13,48600.979
2025-11-02 18:00:00,98.13,98.38,97.92,98.23,42015.606
2025-11-02 19:00:00,98.24,98.37,97.72,98.23,42321.99
2025-11-02 20:00:00,98.23,98.4,98.03,98.34,24891.898
2025-11-02 21:00:00,98.35,98.8,98.19,98.54,31785.36
2025-11-02 22:00:00,98.55,98.62,97.95,98.18,34361.864
2025-11-02 23:00:00,98.19,99.57,98.19,99.36,86280.803
2025-11-03 00:00:00,99.37,99.72,98.15,98.16,94574.633
2025-11-03 01:00:00,98.16,98.65,97.53,97.81,99611.229
2025-11-03 02:00:00,97.81,97.98,96.45,97.07,176819.112
2025-11-03 03:00:00,97.07,97.33,93.8,94.11,428523.263
2025-11-03 04:00:00,94.1,94.7,93.15,94.6,233596.204
2025-11-03 05:00:00,94.59,94.97,93.56,93.63,105300.535
2025-11-03 06:00:00,93.63,93.95,92.3,93.37,187962.616
2025-11-03 07:00:00,93.36,93.83,92.84,93.16,107627.1
2025-11-03 08:00:00,93.15,93.44,92.58,93.18,100435.014
2025-11-03 09:00:00,93.17,93.84,92.23,92.37,128294.293
2025-11-03 10:00:00,92.37,92.77,91.38,91.59,138833.293
2025-11-03 11:00:00,91.6,92.56,91.59,91.67,156394.527
2025-11-03 12:00:00,91.68,92.4,91.31,91.41,146602.4
2025-11-03 13:00:00,91.4,92.42,91.31,91.93,114377.713
2025-11-03 14:00:00,91.94,92.75,91.53,92.16,145781.503
2025-11-03 15:00:00,92.16,92.29,85.18,87.64,1036982.978
2025-11-03 16:00:00,87.65,89.23,87.39,88.11,363870.809
2025-11-03 17:00:00,88.11,90.0,87.92,89.9,220467.315
2025-11-03 18:00:00,89.9,89.94,88.65,88.69,112397.344
2025-11-03 19:00:00,88.7,88.78,87.3,87.35,211184.798
2025-11-03 20:00:00,87.36,87.59,86.52,86.89,152788.117
2025-11-03 21:00:00,86.88,87.7,86.15,87.31,171438.708
2025-11-03 22:00:00,87.31,87.34,86.21,86.81,103572.008
2025-11-03 23:00:00,86.81,87.54,86.32,87.35,72036.432
2025-11-04 00:00:00,87.36,88.68,86.84,88.28,126059.118
2025-11-04 01:00:00,88.28,89.28,88.08,89.22,114232.428
2025-11-04 02:00:00,89.21,89.85,88.91,89.03,106896.223
2025-11-04 03:00:00,89.04,89.59,88.68,89.43,127347.626
2025-11-04 04:00:00,89.44,91.18,88.68,89.06,281070.848
2025-11-04 05:00:00,89.05,89.07,85.13,85.3,397157.167
2025-11-04 06:00:00,85.29,88.21,85.27,86.72,240187.974
2025-11-04 07:00:00,86.71,86.94,85.47,86.14,147052.997
2025-11-04 08:00:00,86.14,87.53,85.58,86.9,160046.84
2025-11-04 09:00:00,86.9,87.25,86.46,86.91,104702.989
2025-11-04 10:00:00,86.91,87.8,86.83,87.17,107691.034
2025-11-04 11:00:00,87.16,87.66,86.76,87.02,110147.707
2025-11-04 12:00:00,87.03,87.09,86.16,86.58,120296.779
2025-11-04 13:00:00,86.58,86.9,85.89,86.69,98424.88
2025-11-04 14:00:00,86.68,88.98,86.22,88.51,253585.736
2025-11-04 15:00:00,88.52,88.99,87.28,87.48,190902.509
2025-11-04 16:00:00,87.48,88.29,85.81,86.2,218252.814
2025-11-04 17:00:00,86.19,86.55,83.88,85.56,471315.483
2025-11-04 18:00:00,85.55,85.57,82.32,84.33,498777.723
2025-11-04 19:00:00,84.32,85.27,83.31,83.46,241783.115
2025-11-04 20:00:00,83.46,84.0,79.94,83.09,629898.588
2025-11-04 21:00:00,83.09,83.46,79.61,83.01,561366.083
2025-11-04 22:00:00,83.02,85.71,82.67,85.44,263316.51
2025-11-04 23:00:00,85.44,86.0,85.1,85.15,135988.204
2025-11-05 00:00:00,85.15,85.34,83.6,84.37,187669.156
2025-11-05 01:00:00,84.38,84.73,81.95,84.48,304527.069
2025-11-05 02:00:00,84.48,87.01,84.48,86.94,250005.818
2025-11-05 03:00:00,86.95,87.21,86.5,86.94,125486.235
2025-11-05 04:00:00,86.94,87.45,86.55,87.16,85377.81
2025-11-05 05:00:00,87.17,87.67,86.77,86.92,76835.245
2025-11-05 06:00:00,86.91,87.31,86.38,87.22,72014.404
2025-11-05 07:00:00,87.23,87.24,86.56,86.99,58125.32
2025-11-05 08:00:00,86.99,87.04,85.73,86.23,106217.566
2025-11-05 09:00:00,86.23,86.87,86.13,86.62,72619.112
2025-11-05 10:00:00,86.62,86.64,85.31,85.4,84312.386
2025-11-05 11:00:00,85.39,86.63,85.38,86.51,79178.359
2025-11-05 12:00:00,86.52,86.92,85.97,86.71,104909.018
2025-11-05 13:00:00,86.71,87.52,86.25,87.26,112746.437
2025-11-05 14:00:00,87.26,87.49,86.19,86.91,124197.607
2025-11-05 15:00:00,86.92,87.77,86.43,87.71,120751.868
2025-11-05 16:00:00,87.72,88.53,86.94,88.42,115303.426
2025-11-05 17:00:00,88.43,88.5,87.78,88.1,94541.637
2025-11-05 18:00:00,88.1,89.08,87.83,88.8,79436.193
2025-11-05 19:00:00,88.8,89.25,88.49,88.94,99570.927
2025-11-05 20:00:00,88.95,89.38,88.65,88.86,73283.39
2025-11-05 21:00:00,88.87,88.93,88.36,88.7,70258.554
2025-11-05 22:00:00,88.7,89.51,88.46,89.46,50558.553
2025-11-05 23:00:00,89.46,89.91,89.26,89.34,71047.293
2025-11-06 00:00:00,89.34,89.34,88.21,88.58,117479.108
2025-11-06 01:00:00,88.57,88.57,87.52,88.37,99980.355
2025-11-06 02:00:00,88.37,89.15,87.68,88.52,80813.862
2025-11-06 03:00:00,88.53,88.83,88.33,88.44,55636.606
2025-11-06 04:00:00,88.45,88.7,88.23,88.45,50429.239
2025-11-06 05:00:00,88.46,88.47,87.07,87.21,76404.721
2025-11-06 06:00:00,87.21,87.69,86.87,86.88,60560.314
2025-11-06 07:00:00,86.89,87.24,86.49,86.71,85479.957
2025-11-06 08:00:00,86.7,87.07,86.46,86.8,56956.845
2025-11-06 09:00:00,86.81,87.44,86.59,87.14,55753.026
2025-11-06 10:00:00,87.15,87.66,86.83,87.28,72583.615
2025-11-06 11:00:00,87.29,87.47,86.61,87.35,64558.881
2025-11-06 12:00:00,87.35,87.61,86.51,86.54,79109.953
2025-11-06 13:00:00,86.54,88.52,86.5,88.33,92771.363
2025-11-06 14:00:00,88.34,88.39,86.77,86.96,122358.222
2025-11-06 15:00:00,86.95,88.03,86.24,86.58,183539.393
2025-11-06 16:00:00,86.59,87.21,85.25,86.24,159015.897
2025-11-06 17:00:00,86.24,87.62,86.08,87.53,116299.876
2025-11-06 18:00:00,87.53,88.12,86.43,87.72,101893.277
2025-11-06 19:00:00,87.71,87.85,86.96,87.43,66213.225
2025-11-06 20:00:00,87.43,87.88,86.58,86.77,89504.046
2025-11-06 21:00:00,86.76,87.46,86.49,87.21,57715.119
2025-11-06 22:00:00,87.21,87.52,86.57,87.39,46551.978
2025-11-06 23:00:00,87.39,87.39,86.23,86.95,56343.057
2025-11-07 00:00:00,86.95,88.01,86.83,87.77,79254.207
2025-11-07 01:00:00,87.78,88.63,87.18,88.22,104663.27
2025-11-07 02:00:00,88.21,88.82,87.68,88.66,79208.669
2025-11-07 03:00:00,88.66,89.18,88.53,88.97,68818.842
2025-11-07 04:00:00,88.97,89.05,88.31,88.94,53890.591
2025-11-07 05:00:00,88.94,90.22,88.88,90.18,104626.671
2025-11-07 06:00:00,90.17,90.22,89.38,89.47,85969.676
2025-11-07 07:00:00,89.47,90.82,89.46,90.7,95049.021
2025-11-07 08:00:00,90.7,90.81,89.76,90.24,91390.916
2025-11-07 09:00:00,90.24,90.31,88.5,89.05,159603.229
2025-11-07 10:00:00,89.05,89.53,87.97,88.3,132020.624
2025-11-07 11:00:00,88.31,88.32,86.87,87.89,206000.303
2025-11-07 12:00:00,87.88,88.1,85.91,86.61,225866.328
2025-11-07 13:00:00,86.61,87.97,86.39,87.74,142029.907
2025-11-07 14:00:00,87.74,89.88,86.66,89.59,228021.14
2025-11-07 15:00:00,89.6,94.41,88.93,93.05,691699.897
2025-11-07 16:00:00,93.05,104.37,92.37,103.28,1492025.796
2025-11-07 17:00:00,103.27,104.65,101.5,103.88,622793.343
2025-11-07 18:00:00,103.91,104.84,100.48,101.09,460441.852
2025-11-07 19:00:00,101.09,102.26,100.33,100.58,346962.753
2025-11-07 20:00:00,100.58,101.32,99.42,101.06,307381.555
2025-11-07 21:00:00,101.06,102.25,100.83,102.09,134216.991
2025-11-07 22:00:00,102.1,103.66,101.6,103.28,135960.276
2025-11-07 23:00:00,103.28,103.54,101.64,101.85,140648.646
2025-11-08 00:00:00,101.84,102.89,100.21,100.25,202012.119
2025-11-08 01:00:00,100.24,102.79,99.98,102.6,197304.97
2025-11-08 02:00:00,102.59,102.78,101.0,101.23,146468.193
2025-11-08 03:00:00,101.23,102.32,100.75,100.85,124265.952
2025-11-08 04:00:00,100.85,102.55,100.82,101.73,124064.313
2025-11-08 05:00:00,101.73,102.12,99.79,100.15,210228.098
2025-11-08 06:00:00,100.16,100.36,98.36,99.5,265904.218
2025-11-08 07:00:00,99.5,100.28,99.39,99.87,90022.537
2025-11-08 08:00:00,99.87,100.79,99.32,100.21,141253.49
2025-11-08 09:00:00,100.2,100.21,98.75,99.25,136646.656
2025-11-08 10:00:00,99.26,100.17,97.94,99.6,308419.189
2025-11-08 11:00:00,99.61,100.09,98.91,99.72,166345.875
2025-11-08 12:00:00,99.72,100.89,99.61,100.49,144467.889
2025-11-08 13:00:00,100.5,100.79,99.35,99.61,144645.383
2025-11-08 14:00:00,99.62,100.01,98.23,99.72,235376.308
2025-11-08 15:00:00,99.72,100.24,98.37,98.62,149338.747
2025-11-08 16:00:00,98.61,99.4,98.02,99.36,162245.838
2025-11-08 17:00:00,99.36,99.85,98.55,99.81,152788.266
2025-11-08 18:00:00,99.81,101.37,99.74,100.83,181467.166
2025-11-08 19:00:00,100.83,100.92,99.64,100.61,80835.066
2025-11-08 20:00:00,100.6,101.24,100.5,100.76,60666.258
2025-11-08 21:00:00,100.76,101.28,100.52,101.11,53833.179
2025-11-08 22:00:00,101.12,101.82,101.06,101.39,74320.137
2025-11-08 23:00:00,101.39,107.55,101.19,106.89,422053.098
2025-11-09 00:00:00,106.89,109.89,104.07,104.58,936265.232
2025-11-09 01:00:00,104.57,106.51,104.06,105.04,332988.336
2025-11-09 02:00:00,105.05,105.05,100.93,101.46,404636.549
2025-11-09 03:00:00,101.47,101.92,99.4,100.0,249936.226
2025-11-09 04:00:00,100.01,101.19,99.7,100.29,131830.254
2025-11-09 05:00:00,100.29,100.63,99.33,100.45,127664.285
2025-11-09 06:00:00,100.44,101.93,99.94,101.05,149074.254
2025-11-09 07:00:00,101.04,101.61,100.71,101.46,85920.452
2025-11-09 08:00:00,101.47,101.53,100.42,101.1,76699.332
2025-11-09 09:00:00,101.11,101.44,99.81,99.82,101319.786
2025-11-09 10:00:00,99.82,106.08,98.72,105.47,706144.635
2025-11-09 11:00:00,105.46,106.58,101.61,101.99,646896.741
2025-11-09 12:00:00,101.98,103.35,100.85,102.58,337908.373
2025-11-09 13:00:00,102.6,105.01,101.91,104.78,236180.974
2025-11-09 14:00:00,104.77,109.82,104.24,106.33,773603.711
2025-11-09 15:00:00,106.33,109.81,105.98,106.8,455140.408
2025-11-09 16:00:00,106.8,106.94,104.55,105.66,281647.378
2025-11-09 17:00:00,105.66,105.92,104.58,105.13,162772.477
2025-11-09 18:00:00,105.14,108.8,104.41,108.52,239799.095
2025-11-09 19:00:00,108.52,109.68,107.62,109.46,259239.407
2025-11-09 20:00:00,109.46,113.4,108.8,111.35,475753.513
2025-11-09 21:00:00,111.35,111.97,110.04,110.89,222546.001
2025-11-09 22:00:00,110.89,113.7,110.27,111.35,257946.878
2025-11-09 23:00:00,111.35,112.42,108.81,110.22,241053.232
2025-11-10 00:00:00,110.22,112.21,109.15,110.13,278950.172
2025-11-10 01:00:00,110.12,111.3,108.71,109.91,318373.05
2025-11-10 02:00:00,109.9,110.65,108.7,109.41,139252.407
2025-11-10 03:00:00,109.41,109.76,107.22,108.3,202460.314
2025-11-10 04:00:00,108.31,108.78,107.26,108.43,135559.181
2025-11-10 05:00:00,108.44,109.12,107.79,109.0,113278.131
2025-11-10 06:00:00,109.0,109.01,107.6,108.2,99702.885
2025-11-10 07:00:00,108.2,108.46,107.1,107.2,97016.489
2025-11-10 08:00:00,107.19,107.95,106.76,107.09,143945.694
2025-11-10 09:00:00,107.1,108.58,106.93,108.37,143984.562
2025-11-10 10:00:00,108.38,108.51,106.69,107.07,149012.387
2025-11-10 11:00:00,107.07,107.96,106.92,107.09,119139.908
2025-11-10 12:00:00,107.08,107.22,106.08,106.51,162301.263
2025-11-10 13:00:00,106.51,107.69,106.5,107.39,119343.586
2025-11-10 14:00:00,107.4,107.46,105.25,106.34,258541.623
2025-11-10 15:00:00,106.33,109.71,106.19,107.36,394443.015
2025-11-10 16:00:00,107.36,108.97,106.41,106.73,239734.753
2025-11-10 17:00:00,106.73,109.04,106.35,107.94,200742.148
2025-11-10 18:00:00,107.94,108.33,107.01,107.45,139659.998
2025-11-10 19:00:00,107.46,107.98,106.91,107.54,93446.046
2025-11-10 20:00:00,107.54,108.21,106.71,107.01,94485.054
2025-11-10 21:00:00,107.01,107.03,103.29,104.59,332153.205
2025-11-10 22:00:00,104.6,105.55,103.63,105.09,145913.728
2025-11-10 23:00:00,105.09,105.56,104.04,104.2,140778.744
2025-11-11 00:00:00,104.21,104.7,102.63,104.23,231948.562
2025-11-11 01:00:00,104.23,106.96,104.13,104.52,234524.883
2025-11-11 02:00:00,104.53,105.85,104.01,105.05,136514.508
2025-11-11 03:00:00,105.04,105.9,104.94,105.15,97931.589
2025-11-11 04:00:00,105.15,105.45,103.85,104.24,126191.373
2025-11-11 05:00:00,104.25,104.41,103.08,103.28,130391.236
2025-11-11 06:00:00,103.28,103.8,102.8,103.61,113177.11
2025-11-11 07:00:00,103.62,103.81,102.02,102.08,165386.664
2025-11-11 08:00:00,102.08,102.6,101.83,102.43,98482.368
2025-11-11 09:00:00,102.43,103.24,102.25,102.26,96079.683
2025-11-11 10:00:00,102.25,103.11,102.07,102.22,73929.382
2025-11-11 11:00:00,102.22,102.84,102.16,102.62,61532.109
2025-11-11 12:00:00,102.63,102.98,101.8,102.17,106355.621
2025-11-11 13:00:00,102.18,102.34,101.13,101.6,136695.04
2025-11-11 14:00:00,101.61,102.87,100.67,102.72,189315.746
2025-11-11 15:00:00,102.71,102.87,99.54,100.98,407471.311
2025-11-11 16:00:00,100.98,101.76,100.83,100.97,118730.87
2025-11-11 17:00:00,100.97,101.3,99.99,100.55,117657.855
2025-11-11 18:00:00,100.55,100.98,99.72,100.14,83652.83
2025-11-11 19:00:00,100.13,100.62,99.38,100.2,80142.877
2025-11-11 20:00:00,100.2,100.3,99.09,99.42,127550.308
2025-11-11 21:00:00,99.43,100.07,99.06,99.44,94982.124
2025-11-11 22:00:00,99.43,100.77,98.97,100.56,92985.849
2025-11-11 23:00:00,100.57,100.61,99.34,99.64,121495.119
2025-11-12 00:00:00,99.65,100.17,99.19,99.33,86282.824
2025-11-12 01:00:00,99.34,100.22,99.18,99.42,92560.352
2025-11-12 02:00:00,99.43,100.08,98.75,99.23,100975.191
2025-11-12 03:00:00,99.24,99.91,99.06,99.42,56057.799
2025-11-12 04:00:00,99.43,99.62,99.16,99.51,42606.691
2025-11-12 05:00:00,99.52,99.84,99.27,99.71,53789.773
2025-11-12 06:00:00,99.72,99.96,99.27,99.41,53878.614
2025-11-12 07:00:00,99.41,100.19,99.27,99.53,60583.59
2025-11-12 08:00:00,99.54,102.71,99.53,101.22,226366.96
2025-11-12 09:00:00,101.22,102.53,100.58,101.77,215121.002
2025-11-12 10:00:00,101.76,102.61,101.63,102.2,109573.267
2025-11-12 11:00:00,102.19,102.85,101.62,102.0,149894.619
2025-11-12 12:00:00,102.0,103.08,101.64,102.69,116968.428
2025-11-12 13:00:00,102.69,104.24,102.34,103.83,157812.48
2025-11-12 14:00:00,103.82,103.89,100.28,101.46,285468.335
2025-11-12 15:00:00,101.46,102.11,99.59,99.98,274987.445
2025-11-12 16:00:00,99.98,100.26,95.12,95.24,663699.608
2025-11-12 17:00:00,95.23,96.98,95.1,96.1,258628.393
2025-11-12 18:00:00,96.09,97.12,96.05,96.37,167236.482
2025-11-12 19:00:00,96.38,97.9,94.85,97.1,280477.535
2025-11-12 20:00:00,97.11,98.59,96.82,98.34,201394.816
2025-11-12 21:00:00,98.34,98.84,97.45,98.26,152829.344
2025-11-12 22:00:00,98.25,98.26,97.23,98.1,97664.807
2025-11-12 23:00:00,98.11,98.11,97.34,97.56,48371.263
2025-11-13 00:00:00,97.56,98.53,97.44,98.0,61901.052
2025-11-13 01:00:00,97.99,99.36,97.94,98.83,132962.967
2025-11-13 02:00:00,98.83,99.71,98.65,99.14,80400.848
2025-11-13 03:00:00,99.15,99.92,97.56,98.97,155489.888
2025-11-13 04:00:00,98.98,99.79,98.4,99.52,112227.998
2025-11-13 05:00:00,99.51,101.1,98.93,101.04,101409.803
2025-11-13 06:00:00,101.04,101.73,100.71,100.84,127990.805
2025-11-13 07:00:00,100.83,101.71,100.41,100.53,114415.043
2025-11-13 08:00:00,100.54,101.03,100.06,100.28,116727.935
2025-11-13 09:00:00,100.28,100.42,98.92,99.61,134144.426
2025-11-13 10:00:00,99.61,100.44,99.1,99.29,100709.49
2025-11-13 11:00:00,99.29,100.38,99.29,100.14,100551.262
2025-11-13 12:00:00,100.15,101.0,99.76,100.92,84748.632
2025-11-13 13:00:00,100.92,101.16,99.86,100.73,143361.018
2025-11-13 14:00:00,100.73,102.68,100.05,101.7,418981.605
2025-11-13 15:00:00,101.7,101.7,98.55,99.54,261521.231
2025-11-13 16:00:00,99.53,100.07,97.01,97.34,290429.711
2025-11-13 17:00:00,97.33,97.45,95.46,95.75,257835.17
2025-11-13 18:00:00,95.75,96.05,93.62,95.27,342394.927
2025-11-13 19:00:00,95.27,95.91,94.39,94.93,239218.468
2025-11-13 20:00:00,94.92,95.51,94.26,94.71,213001.271
2025-11-13 21:00:00,94.72,95.41,94.15,94.91,120171.631
2025-11-13 22:00:00,94.92,96.7,94.63,96.44,125731.391
2025-11-13 23:00:00,96.43,97.51,95.85,96.49,139056.889
2025-11-14 00:00:00,96.49,97.23,95.62,95.9,163907.62
2025-11-14 01:00:00,95.89,96.22,95.44,95.68,125968.24
2025-11-14 02:00:00,95.68,96.89,95.65,96.24,85790.179
2025-11-14 03:00:00,96.24,96.47,95.62,96.31,76689.415
2025-11-14 04:00:00,96.31,96.48,93.12,95.31,352453.784
2025-11-14 05:00:00,95.31,96.57,95.01,96.17,175749.491
2025-11-14 06:00:00,96.17,97.71,95.1,97.51,239951.635
2025-11-14 07:00:00,97.51,99.04,96.59,98.15,227945.237
2025-11-14 08:00:00,98.14,98.18,96.83,97.41,141978.825
2025-11-14 09:00:00,97.4,97.58,95.5,95.62,193148.193
2025-11-14 10:00:00,95.63,96.7,95.58,96.17,105406.68
2025-11-14 11:00:00,96.17,96.43,95.28,96.04,121882.18
2025-11-14 12:00:00,96.05,96.4,94.15,95.95,295039.277
2025-11-14 13:00:00,95.95,96.58,94.09,95.22,210603.126
2025-11-14 14:00:00,95.22,96.92,93.68,96.39,378173.843
2025-11-14 15:00:00,96.39,97.83,95.34,96.86,250726.388
2025-11-14 16:00:00,96.86,98.06,96.04,97.59,177669.027
2025-11-14 17:00:00,97.6,97.99,95.77,96.5,125082.05
2025-11-14 18:00:00,96.49,98.52,96.41,96.72,213391.253
2025-11-14 19:00:00,96.72,100.11,96.7,99.89,216195.593
2025-11-14 20:00:00,99.89,100.11,97.03,98.14,305550.755
2025-11-14 21:00:00,98.13,99.67,97.78,98.76,150718.801
2025-11-14 22:00:00,98.76,99.07,97.53,98.34,118766.85
2025-11-14 23:00:00,98.35,98.44,96.03,97.63,159602.663
2025-11-15 00:00:00,97.63,98.73,97.5,98.35,129355.366
2025-11-15 01:00:00,98.34,102.0,97.73,101.81,272324.451
2025-11-15 02:00:00,101.8,105.32,101.32,105.2,314891.481
2025-11-15 03:00:00,105.21,106.55,103.63,103.98,302511.648
2025-11-15 04:00:00,103.97,105.99,103.91,104.36,163229.316
2025-11-15 05:00:00,104.35,104.36,102.84,103.94,172130.008
2025-11-15 06:00:00,103.94,104.94,103.61,103.65,140619.251
2025-11-15 07:00:00,103.64,104.06,102.24,102.72,148652.996
2025-11-15 08:00:00,102.71,102.84,101.63,102.01,156143.458
2025-11-15 09:00:00,102.0,103.37,101.85,102.46,129860.527
2025-11-15 10:00:00,102.45,102.47,101.43,102.24,123795.299
2025-11-15 11:00:00,102.24,103.13,102.18,102.75,83616.18
2025-11-15 12:00:00,102.75,106.69,102.22,106.68,348710.875
2025-11-15 13:00:00,106.68,109.5,106.2,106.47,755814.397
2025-11-15 14:00:00,106.48,107.13,104.41,105.14,401719.44
2025-11-15 15:00:00,105.15,105.52,104.06,104.15,195859.814
2025-11-15 16:00:00,104.15,104.38,103.11,104.01,172433.816
2025-11-15 17:00:00,104.0,104.26,102.07,103.3,238536.332
2025-11-15 18:00:00,103.31,103.83,103.04,103.82,96761.863
2025-11-15 19:00:00,103.83,104.03,103.08,103.3,79131.568
2025-11-15 20:00:00,103.29,103.53,102.05,102.19,112006.904
2025-11-15 21:00:00,102.18,102.91,101.52,101.9,168364.972
2025-11-15 22:00:00,101.89,102.58,101.78,102.25,62568.581
2025-11-15 23:00:00,102.25,102.7,101.58,101.67,62678.729
2025-11-16 00:00:00,101.67,101.76,100.68,101.42,142125.115
2025-11-16 01:00:00,101.41,101.41,100.06,100.56,160348.941
2025-11-16 02:00:00,100.55,101.92,99.78,101.91,150390.319
2025-11-16 03:00:00,101.91,103.33,101.82,102.43,177695.555
2025-11-16 04:00:00,102.43,102.93,101.84,102.0,94584.4
2025-11-16 05:00:00,102.0,102.51,101.76,101.85,64896.473
2025-11-16 06:00:00,101.85,102.36,101.26,101.4,126323.167
2025-11-16 07:00:00,101.41,102.03,101.32,101.97,62983.317
2025-11-16 08:00:00,101.96,102.01,101.32,101.65,55749.749
2025-11-16 09:00:00,101.66,102.7,101.43,102.47,89336.395
2025-11-16 10:00:00,102.47,102.5,101.91,102.07,85116.695
2025-11-16 11:00:00,102.08,102.19,100.1,100.54,219928.323
2025-11-16 12:00:00,100.53,101.8,100.41,101.41,122425.851
2025-11-16 13:00:00,101.4,101.44,100.03,100.55,125855.18
2025-11-16 14:00:00,100.56,101.19,100.37,100.88,96647.003
2025-11-16 15:00:00,100.89,100.92,97.59,97.76,392360.687
2025-11-16 16:00:00,97.77,98.64,97.02,97.26,271914.757
2025-11-16 17:00:00,97.26,97.32,95.01,95.55,362740.747
2025-11-16 18:00:00,95.54,97.12,95.49,96.02,266103.11
2025-11-16 19:00:00,96.02,96.92,95.7,95.87,124136.016
2025-11-16 20:00:00,95.88,96.56,95.67,95.72,96794.752
2025-11-16 21:00:00,95.73,95.9,94.81,95.68,156405.725
2025-11-16 22:00:00,95.67,96.96,95.13,96.3,147186.67
2025-11-16 23:00:00,96.31,96.73,94.13,95.74,262877.201
2025-11-17 00:00:00,95.74,97.39,95.03,97.29,168048.079
2025-11-17 01:00:00,97.3,97.54,96.33,96.37,99677.173
2025-11-17 02:00:00,96.38,97.24,96.09,97.07,91585.239
2025-11-17 03:00:00,97.07,97.86,96.98,97.11,79396.4
2025-11-17 04:00:00,97.12,97.49,96.57,96.68,98413.702
2025-11-17 05:00:00,96.69,97.05,96.1,96.9,88862.395
2025-11-17 06:00:00,96.91,97.33,96.52,97.17,62249.12
2025-11-17 07:00:00,97.18,97.48,96.93,96.97,84217.067
2025-11-17 08:00:00,96.97,97.18,96.29,96.35,104026.455
2025-11-17 09:00:00,96.35,97.17,96.17,96.25,86184.11
2025-11-17 10:00:00,96.25,96.72,95.96,96.53,65360.587
2025-11-17 11:00:00,96.53,97.11,96.34,96.5,73311.497
2025-11-17 12:00:00,96.49,96.68,95.6,95.94,83642.985
2025-11-17 13:00:00,95.93,96.01,93.64,94.21,254250.795
2025-11-17 14:00:00,94.22,97.44,93.7,95.68,405836.336
2025-11-17 15:00:00,95.68,96.1,94.44,94.6,256730.416
2025-11-17 16:00:00,94.6,95.36,93.35,95.26,230611.265
2025-11-17 17:00:00,95.27,95.88,93.35,93.53,193534.0
2025-11-17 18:00:00,93.53,94.22,92.33,92.7,246484.188
2025-11-17 19:00:00,92.69,93.12,91.43,91.92,230732.862
2025-11-17 20:00:00,91.91,92.48,91.17,91.97,188177.48
2025-11-17 21:00:00,91.98,92.6,90.7,91.65,228635.155
2025-11-17 22:00:00,91.65,91.97,91.2,91.31,82387.015
2025-11-17 23:00:00,91.31,91.49,90.53,91.2,121170.711
2025-11-18 00:00:00,91.2,92.06,90.35,91.96,168686.937
2025-11-18 01:00:00,91.96,92.23,91.36,91.88,104451.794
2025-11-18 02:00:00,91.87,92.94,90.88,91.58,193847.295
2025-11-18 03:00:00,91.58,93.2,90.74,93.04,196248.278
2025-11-18 04:00:00,93.04,93.81,91.92,93.76,151683.537
2025-11-18 05:00:00,93.76,94.42,93.0,93.91,145512.571
2025-11-18 06:00:00,93.92,94.56,93.33,93.75,113405.939
2025-11-18 07:00:00,93.74,95.8,93.41,95.39,164270.154
2025-11-18 08:00:00,95.39,96.45,95.32,95.73,190300.9
2025-11-18 09:00:00,95.73,96.18,95.14,96.13,133054.993
2025-11-18 10:00:00,96.13,96.34,94.83,95.05,130738.55
2025-11-18 11:00:00,95.04,95.34,94.31,95.24,130682.399
2025-11-18 12:00:00,95.23,96.0,94.27,95.91,153181.861
2025-11-18 13:00:00,95.9,96.04,94.64,95.79,132282.397
2025-11-18 14:00:00,95.79,96.34,94.82,94.87,234307.963
2025-11-18 15:00:00,94.86,97.52,94.77,96.3,310026.658
2025-11-18 16:00:00,96.29,97.31,95.86,96.48,152047.481
2025-11-18 17:00:00,96.48,96.62,95.29,96.1,136355.623
2025-11-18 18:00:00,96.1,96.51,95.2,95.31,144039.17
2025-11-18 19:00:00,95.31,95.33,94.59,95.06,127589.852
2025-11-18 20:00:00,95.06,95.76,95.04,95.28,75344.503
2025-11-18 21:00:00,95.28,95.54,94.71,94.73,92023.674
2025-11-18 22:00:00,94.73,96.57,94.72,96.12,84289.38
2025-11-18 23:00:00,96.12,96.26,95.46,95.61,83042.188
2025-11-19 00:00:00,95.61,95.92,94.67,95.75,108716.597
2025-11-19 01:00:00,95.76,95.77,94.84,95.32,70747.522
2025-11-19 02:00:00,95.32,95.7,94.91,95.23,63465.308
2025-11-19 03:00:00,95.22,95.35,94.34,94.44,69027.704
2025-11-19 04:00:00,94.43,94.51,93.67,93.86,101242.487
2025-11-19 05:00:00,93.85,94.01,92.25,92.95,152333.144
2025-11-19 06:00:00,92.96,93.93,92.82,93.86,131160.307
2025-11-19 07:00:00,93.86,94.93,93.81,94.42,89615.099
2025-11-19 08:00:00,94.42,94.84,94.0,94.32,79470.389
2025-11-19 09:00:00,94.32,94.32,93.35,93.6,125372.972
2025-11-19 10:00:00,93.6,94.07,93.49,93.69,63982.414
2025-11-19 11:00:00,93.68,94.14,93.43,93.45,47511.82
2025-11-19 12:00:00,93.45,93.76,93.28,93.64,57537.555
2025-11-19 13:00:00,93.64,93.65,92.71,92.8,82440.074
2025-11-19 14:00:00,92.81,93.75,92.29,93.56,143949.916
2025-11-19 15:00:00,93.57,94.53,91.44,91.67,291330.583
2025-11-19 16:00:00,91.67,92.14,90.48,90.78,205935.779
2025-11-19 17:00:00,90.77,91.1,89.33,89.99,290715.754
2025-11-19 18:00:00,89.99,90.47,88.78,89.39,220465.078
2025-11-19 19:00:00,89.39,90.33,89.02,89.88,155849.386
2025-11-19 20:00:00,89.88,91.0,89.6,90.85,125128.463
2025-11-19 21:00:00,90.86,92.66,90.61,92.38,222493.727
2025-11-19 22:00:00,92.38,92.45,91.63,92.22,94991.985
2025-11-19 23:00:00,92.22,93.2,92.18,92.85,100458.633
2025-11-20 00:00:00,92.84,93.14,92.2,92.6,90085.825
2025-11-20 01:00:00,92.6,93.5,92.42,93.35,86199.511
2025-11-20 02:00:00,93.36,93.76,92.91,93.11,71302.832
2025-11-20 03:00:00,93.12,93.48,93.09,93.18,51385.91
2025-11-20 04:00:00,93.18,93.68,92.66,93.64,81898.271
2025-11-20 05:00:00,93.63,93.71,92.71,92.81,68556.098
2025-11-20 06:00:00,92.81,93.15,92.26,92.74,87219.735
2025-11-20 07:00:00,92.74,93.25,92.57,93.1,62867.308
2025-11-20 08:00:00,93.11,93.11,92.62,92.78,45955.719
2025-11-20 09:00:00,92.78,92.87,92.12,92.55,80051.979
2025-11-20 10:00:00,92.56,92.7,92.07,92.58,56625.85
2025-11-20 11:00:00,92.58,92.68,92.17,92.57,43910.611
2025-11-20 12:00:00,92.57,92.93,92.26,92.78,61363.175
2025-11-20 13:00:00,92.78,93.19,91.82,91.86,148734.75
2025-11-20 14:00:00,91.86,92.73,91.19,92.06,193212.336
2025-11-20 15:00:00,92.06,92.1,90.2,90.34,176671.497
2025-11-20 16:00:00,90.33,90.45,86.56,86.97,615320.02
2025-11-20 17:00:00,86.97,87.4,85.9,87.01,361573.538
2025-11-20 18:00:00,87.01,87.56,86.54,86.74,160503.694
2025-11-20 19:00:00,86.74,87.14,86.01,86.98,178770.078
2025-11-20 20:00:00,86.98,87.3,86.3,86.71,110484.579
2025-11-20 21:00:00,86.71,88.03,86.7,87.7,124177.922
2025-11-20 22:00:00,87.7,89.0,87.61,88.67,132597.978
2025-11-20 23:00:00,88.66,88.73,86.98,87.19,137210.36
2025-11-21 00:00:00,87.19,88.42,87.07,88.21,101483.014
2025-11-21 01:00:00,88.22,88.61,87.64,87.99,70376.651
2025-11-21 02:00:00,87.99,88.07,86.38,86.62,168785.294
2025-11-21 03:00:00,86.61,87.77,86.61,86.99,122772.433
2025-11-21 04:00:00,86.98,87.48,86.16,87.38,124596.27
2025-11-21 05:00:00,87.38,87.54,86.43,86.86,96378.377
2025-11-21 06:00:00,86.87,87.16,86.31,86.9,103615.678
2025-11-21 07:00:00,86.91,87.22,80.0,84.54,777307.762
2025-11-21 08:00:00,84.55,85.86,83.95,84.12,245383.615
2025-11-21 09:00:00,84.12,84.6,82.93,83.09,197623.458
2025-11-21 10:00:00,83.08,83.67,82.54,82.92,203839.877
2025-11-21 11:00:00,82.92,83.55,81.66,81.71,167310.04
2025-11-21 12:00:00,81.71,83.12,79.97,82.58,492413.037
2025-11-21 13:00:00,82.57,83.73,82.2,83.39,235323.447
2025-11-21 14:00:00,83.39,84.4,82.51,83.78,266770.591
2025-11-21 15:00:00,83.79,84.07,81.57,81.98,364370.745
2025-11-21 16:00:00,81.97,83.73,80.94,83.68,294708.217
2025-11-21 17:00:00,83.68,84.52,83.15,83.33,223801.551
2025-11-21 18:00:00,83.33,83.94,81.68,83.17,199237.798
2025-11-21 19:00:00,83.17,83.65,82.71,82.93,90314.33
2025-11-21 20:00:00,82.93,82.98,81.36,81.99,162958.75
2025-11-21 21:00:00,81.98,83.21,81.35,82.61,145710.441
2025-11-21 22:00:00,82.61,83.26,80.91,80.97,170111.246
2025-11-21 23:00:00,80.98,82.85,80.27,82.61,155862.445
2025-11-22 00:00:00,82.6,83.29,82.5,82.88,100559.959
2025-11-22 01:00:00,82.88,83.82,82.63,83.8,89105.459
2025-11-22 02:00:00,83.81,83.86,82.78,83.36,88794.254
2025-11-22 03:00:00,83.36,83.73,83.08,83.21,58048.704
2025-11-22 04:00:00,83.21,83.32,81.62,82.54,143055.144
2025-11-22 05:00:00,82.54,82.74,81.65,82.24,72191.888
2025-11-22 06:00:00,82.23,83.28,81.82,83.2,89406.755
2025-11-22 07:00:00,83.21,83.5,82.64,83.15,64492.091
2025-11-22 08:00:00,83.16,83.16,81.38,81.64,134287.028
2025-11-22 09:00:00,81.65,82.34,81.18,81.85,100235.17
2025-11-22 10:00:00,81.84,82.14,81.22,82.04,81538.817
2025-11-22 11:00:00,82.03,83.06,81.67,82.83,117899.882
2025-11-22 12:00:00,82.84,82.85,81.62,81.97,81168.611
2025-11-22 13:00:00,81.96,82.19,80.75,81.25,98658.886
2025-11-22 14:00:00,81.26,82.42,81.18,81.91,103024.807
2025-11-22 15:00:00,81.9,82.09,80.86,81.47,122098.935
2025-11-22 16:00:00,81.48,82.34,81.39,82.12,95352.119
2025-11-22 17:00:00,82.12,82.32,81.77,81.97,52199.004
2025-11-22 18:00:00,81.96,82.49,81.75,82.33,59355.323
2025-11-22 19:00:00,82.33,82.54,81.76,82.03,35815.172
2025-11-22 20:00:00,82.03,82.45,81.25,81.48,52231.589
2025-11-22 21:00:00,81.48,81.83,81.31,81.81,27056.175
2025-11-22 22:00:00,81.81,83.06,81.53,82.85,64988.652
2025-11-22 23:00:00,82.84,82.98,81.92,82.05,60165.53
2025-11-23 00:00:00,82.06,82.55,81.78,82.09,53152.739
2025-11-23 01:00:00,82.1,83.39,82.02,83.2,102520.511
2025-11-23 02:00:00,83.21,84.11,82.88,83.81,118978.189
2025-11-23 03:00:00,83.8,83.93,83.18,83.64,53171.785
2025-11-23 04:00:00,83.64,84.33,83.5,83.93,96420.035
2025-11-23 05:00:00,83.92,83.93,83.35,83.73,51241.802
2025-11-23 06:00:00,83.74,83.98,82.88,83.0,85211.427
2025-11-23 07:00:00,82.99,83.09,82.45,83.06,65133.65
2025-11-23 08:00:00,83.07,83.4,83.0,83.27,49320.271
2025-11-23 09:00:00,83.28,83.64,83.2,83.22,48131.001
2025-11-23 10:00:00,83.22,83.32,82.87,83.07,66204.649
2025-11-23 11:00:00,83.06,83.22,82.52,83.04,54533.57
2025-11-23 12:00:00,83.04,83.84,82.97,83.41,96167.315
2025-11-23 13:00:00,83.41,83.83,83.21,83.83,54671.646
2025-11-23 14:00:00,83.82,84.12,82.88,82.98,100621.929
2025-11-23 15:00:00,82.98,83.9,82.83,83.71,77226.303
2025-11-23 16:00:00,83.7,84.0,83.32,83.35,66682.69
2025-11-23 17:00:00,83.35,83.49,82.87,82.97,63875.313
2025-11-23 18:00:00,82.97,83.9,82.96,83.46,53094.007
2025-11-23 19:00:00,83.46,84.13,83.39,83.8,42966.654
2025-11-23 20:00:00,83.8,84.0,83.56,83.74,33223.975
2025-11-23 21:00:00,83.74,84.36,83.33,84.27,52855.389
2025-11-23 22:00:00,84.27,84.4,83.86,84.06,46711.731
2025-11-23 23:00:00,84.06,84.22,82.8,83.03,72211.466
2025-11-24 00:00:00,83.04,83.49,82.12,83.05,117503.305
2025-11-24 01:00:00,83.04,83.32,82.48,83.28,66435.165
2025-11-24 02:00:00,83.28,84.96,83.21,84.3,158176.796
2025-11-24 03:00:00,84.29,84.8,83.98,84.15,47726.305
2025-11-24 04:00:00,84.15,84.38,82.96,83.37,83709.189
2025-11-24 05:00:00,83.36,84.85,83.27,84.2,104805.311
2025-11-24 06:00:00,84.21,84.29,83.4,83.86,85411.901
2025-11-24 07:00:00,83.86,84.26,83.51,83.84,44130.761
2025-11-24 08:00:00,83.83,84.4,83.54,84.29,46051.002
2025-11-24 09:00:00,84.29,84.31,82.57,83.08,131715.445
2025-11-24 10:00:00,83.07,83.6,82.86,83.21,62690.514
2025-11-24 11:00:00,83.2,83.32,82.81,83.17,48678.879
2025-11-24 12:00:00,83.17,83.17,82.35,82.6,80806.217
2025-11-24 13:00:00,82.6,83.44,82.51,82.88,108710.088
2025-11-24 14:00:00,82.87,83.64,82.19,83.4,216651.983
2025-11-24 15:00:00,83.4,84.48,83.16,84.15,149520.44
2025-11-24 16:00:00,84.14,85.34,84.08,84.87,167041.246
2025-11-24 17:00:00,84.87,86.86,84.87,86.73,214178.04
2025-11-24 18:00:00,86.73,86.91,86.02,86.26,145528.592
2025-11-24 19:00:00,86.26,86.58,85.86,85.97,85598.036
2025-11-24 20:00:00,85.98,87.18,85.74,86.89,133218.396
2025-11-24 21:00:00,86.88,86.9,85.73,85.98,73648.619
2025-11-24 22:00:00,85.97,86.52,85.81,86.07,63191.637
2025-11-24 23:00:00,86.06,86.23,85.39,85.43,59880.697
2025-11-25 00:00:00,85.43,86.17,85.38,86.04,90718.341
2025-11-25 01:00:00,86.04,86.47,85.78,85.82,70017.716
2025-11-25 02:00:00,85.82,86.0,85.16,85.82,99368.048
2025-11-25 03:00:00,85.82,86.02,85.2,85.36,61400.911
2025-11-25 04:00:00,85.35,85.8,84.78,85.27,106364.106
2025-11-25 05:00:00,85.27,85.28,84.56,84.81,85033.851
2025-11-25 06:00:00,84.8,85.05,84.31,84.44,69771.617
2025-11-25 07:00:00,84.45,84.63,83.93,84.05,93058.705
2025-11-25 08:00:00,84.05,84.48,83.5,83.61,108053.889
2025-11-25 09:00:00,83.62,84.54,83.46,84.43,122530.834
2025-11-25 10:00:00,84.42,84.42,83.74,83.94,96588.28
2025-11-25 11:00:00,83.93,84.01,83.57,83.69,70574.752
2025-11-25 12:00:00,83.69,84.34,83.62,84.09,102708.632
2025-11-25 13:00:00,84.08,84.27,83.37,83.62,99206.727
2025-11-25 14:00:00,83.63,84.5,83.02,83.98,201455.18
2025-11-25 15:00:00,83.98,84.49,83.35,84.18,125591.227
2025-11-25 16:00:00,84.17,85.68,84.16,85.1,180522.707
2025-11-25 17:00:00,85.09,86.52,84.79,86.16,137235.276
2025-11-25 18:00:00,86.15,86.71,85.57,85.6,91923.985
2025-11-25 19:00:00,85.59,85.81,84.46,85.35,126310.643
2025-11-25 20:00:00,85.35,86.08,85.13,85.77,90287.56
2025-11-25 21:00:00,85.77,85.94,84.83,84.86,89635.755
2025-11-25 22:00:00,84.85,85.68,84.09,85.49,143088.568
2025-11-25 23:00:00,85.48,86.05,85.18,85.26,130942.087
2025-11-26 00:00:00,85.25,85.59,85.04,85.34,50261.147
2025-11-26 01:00:00,85.33,86.15,85.1,85.73,58250.177
2025-11-26 02:00:00,85.72,85.82,85.05,85.1,68906.006
2025-11-26 03:00:00,85.1,85.19,84.46,84.48,81752.337
2025-11-26 04:00:00,84.47,84.89,84.36,84.64,44194.947
2025-11-26 05:00:00,84.64,85.32,84.63,85.18,37011.882
2025-11-26 06:00:00,85.18,85.41,84.64,85.13,103116.729
2025-11-26 07:00:00,85.14,85.39,84.91,85.35,64072.016
2025-11-26 08:00:00,85.34,85.43,84.75,84.77,47069.046
2025-11-26 09:00:00,84.76,85.0,84.52,84.8,52927.21
2025-11-26 10:00:00,84.8,85.19,84.25,84.63,69052.726
2025-11-26 11:00:00,84.62,84.64,83.82,84.13,112117.953
2025-11-26 12:00:00,84.12,84.23,83.53,83.76,95443.581
2025-11-26 13:00:00,83.77,84.61,83.66,84.45,78184.229
2025-11-26 14:00:00,84.45,84.73,83.61,83.83,159003.575
2025-11-26 15:00:00,83.82,84.23,83.25,83.78,113812.956
2025-11-26 16:00:00,83.79,84.68,83.75,84.21,113856.717
2025-11-26 17:00:00,84.22,86.29,84.22,86.15,238849.051
2025-11-26 18:00:00,86.16,87.08,86.14,86.96,180876.155
2025-11-26 19:00:00,86.95,86.98,86.35,86.58,65279.693
2025-11-26 20:00:00,86.58,86.64,86.07,86.6,79009.585
2025-11-26 21:00:00,86.6,87.43,86.24,86.99,88700.111
2025-11-26 22:00:00,87.0,87.21,86.69,87.11,51669.719
2025-11-26 23:00:00,87.11,87.68,86.71,86.8,109672.095
2025-11-27 00:00:00,86.8,86.89,86.29,86.61,70490.268
2025-11-27 01:00:00,86.62,86.99,86.4,86.82,40612.682
2025-11-27 02:00:00,86.81,87.15,86.46,86.49,57267.288
2025-11-27 03:00:00,86.49,86.72,85.9,86.14,55899.623
2025-11-27 04:00:00,86.15,86.56,86.1,86.34,32211.241
2025-11-27 05:00:00,86.33,86.62,86.16,86.4,72269.938
2025-11-27 06:00:00,86.39,86.74,86.17,86.54,48191.391
2025-11-27 07:00:00,86.53,86.57,86.27,86.43,27676.232
2025-11-27 08:00:00,86.43,86.57,85.98,86.56,44911.859
2025-11-27 09:00:00,86.57,87.29,86.39,86.98,63633.467
2025-11-27 10:00:00,86.98,87.23,86.33,86.63,74398.998
2025-11-27 11:00:00,86.64,86.72,86.22,86.37,41852.154
2025-11-27 12:00:00,86.38,86.56,85.94,86.34,76129.879
2025-11-27 13:00:00,86.34,86.64,86.04,86.55,76764.371
2025-11-27 14:00:00,86.56,86.87,86.37,86.7,57695.145
2025-11-27 15:00:00,86.7,87.25,86.52,87.18,67191.103
2025-11-27 16:00:00,87.19,87.59,86.93,87.14,87933.434
2025-11-27 17:00:00,87.14,87.22,86.78,87.09,57710.514
2025-11-27 18:00:00,87.09,87.44,86.92,87.31,50321.231
2025-11-27 19:00:00,87.31,87.31,86.99,87.25,30696.03
2025-11-27 20:00:00,87.26,87.75,87.22,87.5,50311.759
2025-11-27 21:00:00,87.51,87.7,87.2,87.28,40953.859
2025-11-27 22:00:00,87.27,87.37,86.38,86.57,55105.465
2025-11-27 23:00:00,86.58,86.81,86.45,86.53,41428.809
2025-11-28 00:00:00,86.53,86.71,86.01,86.1,57349.236
2025-11-28 01:00:00,86.11,86.17,85.01,85.03,112468.606
2025-11-28 02:00:00,85.04,85.34,84.6,85.3,131048.221
2025-11-28 03:00:00,85.3,85.53,85.1,85.24,48610.566
2025-11-28 04:00:00,85.25,85.42,84.94,84.95,41901.886
2025-11-28 05:00:00,84.96,85.24,84.76,85.15,48229.36
2025-11-28 06:00:00,85.16,85.17,84.35,84.66,78675.296
2025-11-28 07:00:00,84.66,85.0,84.51,84.57,57257.761
2025-11-28 08:00:00,84.58,86.28,84.56,86.02,109011.928
2025-11-28 09:00:00,86.03,86.05,85.52,85.67,61897.028
2025-11-28 10:00:00,85.67,85.84,85.41,85.76,39534.853
2025-11-28 11:00:00,85.75,85.75,84.5,85.0,78114.763
2025-11-28 12:00:00,84.99,85.33,84.86,84.99,41134.841
2025-11-28 13:00:00,84.98,86.05,84.62,85.63,91388.989
2025-11-28 14:00:00,85.62,86.2,85.36,85.98,127277.646
2025-11-28 15:00:00,85.99,86.73,85.68,85.94,126613.437
2025-11-28 16:00:00,85.95,85.97,84.36,84.61,130514.798
2025-11-28 17:00:00,84.62,84.76,83.43,83.65,193305.069
2025-11-28 18:00:00,83.65,83.99,83.06,83.95,119640.565
2025-11-28 19:00:00,83.96,84.8,83.96,84.72,67239.471
2025-11-28 20:00:00,84.72,84.75,84.23,84.59,36016.666
2025-11-28 21:00:00,84.6,84.77,84.32,84.34,31239.869
2025-11-28 22:00:00,84.35,84.79,84.2,84.7,54551.681
2025-11-28 23:00:00,84.71,84.88,84.17,84.18,45229.97
2025-11-29 00:00:00,84.18,84.47,84.05,84.43,52805.835
2025-11-29 01:00:00,84.43,84.94,84.41,84.55,48057.484
2025-11-29 02:00:00,84.56,84.66,84.19,84.35,47783.617
2025-11-29 03:00:00,84.36,84.65,84.26,84.38,32024.671
2025-11-29 04:00:00,84.38,85.63,84.23,85.6,80982.007
2025-11-29 05:00:00,85.6,85.7,84.65,84.81,94059.374
2025-11-29 06:00:00,84.8,84.97,83.88,84.4,76208.78
2025-11-29 07:00:00,84.4,84.58,83.93,84.16,41840.818
2025-11-29 08:00:00,84.16,84.32,83.99,84.15,37539.752
2025-11-29 09:00:00,84.14,84.41,84.06,84.4,27210.793
2025-11-29 10:00:00,84.4,84.62,83.96,84.47,41996.475
2025-11-29 11:00:00,84.48,84.66,84.25,84.57,41783.377
2025-11-29 12:00:00,84.57,84.66,84.05,84.08,37745.14
2025-11-29 13:00:00,84.08,84.24,83.91,84.14,33028.688
2025-11-29 14:00:00,84.14,84.18,83.9,83.99,27963.514
2025-11-29 15:00:00,83.99,84.6,83.95,84.36,62031.578
2025-11-29 16:00:00,84.37,84.49,84.03,84.16,33761.896
2025-11-29 17:00:00,84.16,84.26,83.32,83.46,85283.33
2025-11-29 18:00:00,83.47,83.68,83.1,83.53,111308.905
2025-11-29 19:00:00,83.53,83.87,83.47,83.67,31282.654
2025-11-29 20:00:00,83.67,84.21,83.47,84.16,32051.82
2025-11-29 21:00:00,84.16,84.2,83.82,84.0,50678.439
2025-11-29 22:00:00,84.0,84.2,83.79,83.83,46498.531
2025-11-29 23:00:00,83.84,84.14,83.67,83.89,21070.428
2025-11-30 00:00:00,83.9,84.15,83.84,84.01,23770.178
2025-11-30 01:00:00,84.01,84.33,83.92,84.23,22173.708
2025-11-30 02:00:00,84.23,84.49,83.89,83.94,28856.643
2025-11-30 03:00:00,83.94,84.14,83.34,84.14,45938.766
2025-11-30 04:00:00,84.14,84.21,83.83,83.94,22200.012
2025-11-30 05:00:00,83.93,83.94,83.48,83.72,21589.835
2025-11-30 06:00:00,83.72,84.12,83.6,83.87,38727.154
2025-11-30 07:00:00,83.87,84.15,83.78,84.09,16892.598
2025-11-30 08:00:00,84.09,84.67,84.0,84.18,50599.27
2025-11-30 09:00:00,84.18,84.4,83.94,84.27,33207.146
2025-11-30 10:00:00,84.27,84.34,83.95,83.96,27809.862
2025-11-30 11:00:00,83.96,84.13,83.71,83.87,47438.411
2025-11-30 12:00:00,83.88,84.48,83.75,84.32,41643.771
2025-11-30 13:00:00,84.32,84.78,84.23,84.75,64268.759
2025-11-30 14:00:00,84.74,84.78,84.07,84.17,40480.56
2025-11-30 15:00:00,84.17,84.17,83.68,83.87,51794.352
2025-11-30 16:00:00,83.88,84.47,83.86,84.3,51553.607
2025-11-30 17:00:00,84.3,84.37,84.0,84.27,39286.016
2025-11-30 18:00:00,84.27,84.29,83.8,83.95,57888.382
2025-11-30 19:00:00,83.95,84.04,83.77,83.92,40125.148
2025-11-30 20:00:00,83.92,84.22,83.55,83.81,27097.36
2025-11-30 21:00:00,83.81,83.88,83.5,83.76,36686.128
2025-11-30 22:00:00,83.77,84.17,83.6,84.01,34242.743
2025-11-30 23:00:00,84.01,84.04,82.21,82.32,148719.791
2025-12-01 00:00:00,82.32,82.44,77.84,77.94,903635.628
2025-12-01 01:00:00,77.94,79.2,77.84,78.41,187633.354
2025-12-01 02:00:00,78.41,78.94,78.32,78.42,134915.668
2025-12-01 03:00:00,78.42,78.6,77.61,77.99,141155.539
2025-12-01 04:00:00,77.98,78.1,76.87,77.11,183842.808
2025-12-01 05:00:00,77.11,77.68,77.09,77.24,86505.652
2025-12-01 06:00:00,77.25,77.57,77.05,77.38,76638.369
2025-12-01 07:00:00,77.38,77.59,76.92,77.45,76422.647
2025-12-01 08:00:00,77.46,77.9,77.4,77.86,71717.402
2025-12-01 09:00:00,77.86,78.13,77.49,77.61,86636.789
2025-12-01 10:00:00,77.61,77.89,77.61,77.79,56423.327
2025-12-01 11:00:00,77.79,77.88,77.29,77.39,64606.379
2025-12-01 12:00:00,77.4,77.48,75.68,76.87,245910.648
2025-12-01 13:00:00,76.87,77.35,76.1,76.54,105059.145
2025-12-01 14:00:00,76.53,77.33,76.45,76.68,127167.763
2025-12-01 15:00:00,76.69,76.78,74.61,75.6,335671.833
2025-12-01 16:00:00,75.61,75.84,74.97,75.15,150948.074
2025-12-01 17:00:00,75.15,75.93,75.13,75.57,100650.323
2025-12-01 18:00:00,75.57,76.19,75.47,76.03,94136.48
2025-12-01 19:00:00,76.03,76.1,75.59,75.98,61546.521
2025-12-01 20:00:00,75.98,76.9,75.97,76.77,132930.198
2025-12-01 21:00:00,76.78,77.31,76.69,77.28,97326.431
2025-12-01 22:00:00,77.28,77.84,77.16,77.45,74658.176
2025-12-01 23:00:00,77.46,77.92,77.44,77.48,42844.153
2025-12-02 00:00:00,77.49,77.82,77.47,77.7,43315.108
2025-12-02 01:00:00,77.69,78.5,77.48,77.57,72551.341
2025-12-02 02:00:00,77.58,77.98,77.31,77.6,44761.986
2025-12-02 03:00:00,77.59,77.96,77.25,77.82,33609.506
2025-12-02 04:00:00,77.81,78.01,77.47,77.5,34524.779
2025-12-02 05:00:00,77.51,77.61,77.32,77.46,36102.793
2025-12-02 06:00:00,77.46,77.97,77.36,77.93,42211.45
2025-12-02 07:00:00,77.93,78.04,77.65,78.0,34602.585
2025-12-02 08:00:00,77.99,78.07,77.26,77.33,63378.631
2025-12-02 09:00:00,77.32,77.91,77.3,77.82,40196.446
2025-12-02 10:00:00,77.82,78.73,77.82,78.43,63773.173
2025-12-02 11:00:00,78.43,78.74,78.18,78.58,63699.659
2025-12-02 12:00:00,78.58,78.62,78.25,78.48,52955.885
2025-12-02 13:00:00,78.47,79.42,78.29,79.32,92818.049
2025-12-02 14:00:00,79.32,80.36,79.08,80.32,192711.624
2025-12-02 15:00:00,80.32,83.04,80.32,82.45,435394.435
2025-12-02 16:00:00,82.46,82.82,81.71,82.06,178406.858
2025-12-02 17:00:00,82.07,82.68,81.81,82.15,87561.026
2025-12-02 18:00:00,82.15,82.87,82.08,82.67,103582.957
2025-12-02 19:00:00,82.66,83.14,82.6,82.71,73380.082
2025-12-02 20:00:00,82.71,82.79,82.16,82.73,95029.48
2025-12-02 21:00:00,82.74,83.12,82.63,83.04,72729.854
2025-12-02 22:00:00,83.04,83.26,82.82,83.23,47878.172
2025-12-02 23:00:00,83.24,83.25,82.62,82.75,55720.94
2025-12-03 00:00:00,82.75,83.32,82.46,83.28,66706.5
2025-12-03 01:00:00,83.27,83.41,82.91,83.18,62555.111
2025-12-03 02:00:00,83.18,83.94,83.14,83.69,97669.135
2025-12-03 03:00:00,83.69,84.17,83.56,83.95,70564.477
2025-12-03 04:00:00,83.95,85.06,83.7,84.99,111953.552
2025-12-03 05:00:00,85.0,85.93,84.96,85.05,120479.939
2025-12-03 06:00:00,85.05,85.52,84.65,84.98,82829.715
2025-12-03 07:00:00,84.97,85.15,84.75,85.15,42641.176
2025-12-03 08:00:00,85.15,85.36,84.92,85.26,50302.975
2025-12-03 09:00:00,85.26,85.43,85.04,85.21,48621.736
2025-12-03 10:00:00,85.21,85.85,84.9,85.1,73461.87
2025-12-03 11:00:00,85.09,85.45,84.83,85.45,53065.497
2025-12-03 12:00:00,85.45,85.79,85.25,85.64,65733.025
2025-12-03 13:00:00,85.64,85.67,85.05,85.12,53579.305
2025-12-03 14:00:00,85.12,85.93,83.64,84.64,355767.638
2025-12-03 15:00:00,84.65,85.34,84.4,85.1,100911.398
2025-12-03 16:00:00,85.1,85.35,84.65,85.22,57981.777
2025-12-03 17:00:00,85.21,85.61,84.93,85.45,68827.309
2025-12-03 18:00:00,85.46,85.85,85.21,85.42,59918.99
2025-12-03 19:00:00,85.42,86.1,85.37,85.71,78705.402
2025-12-03 20:00:00,85.71,86.34,85.5,85.84,69082.919
2025-12-03 21:00:00,85.84,86.55,85.78,86.51,63955.531
2025-12-03 22:00:00,86.51,86.7,85.75,86.09,153664.056
2025-12-03 23:00:00,86.1,86.57,85.75,85.79,61041.505
2025-12-04 00:00:00,85.79,86.3,85.45,86.18,66188.37
2025-12-04 01:00:00,86.18,86.8,85.98,86.04,79488.744
2025-12-04 02:00:00,86.05,86.51,86.01,86.38,32201.912
2025-12-04 03:00:00,86.39,86.45,86.03,86.14,30456.653
2025-12-04 04:00:00,86.15,86.17,85.69,85.85,37316.342
2025-12-04 05:00:00,85.85,85.98,85.58,85.97,46527.922
2025-12-04 06:00:00,85.97,86.14,85.61,85.67,53986.616
2025-12-04 07:00:00,85.66,85.68,85.23,85.55,53443.129
2025-12-04 08:00:00,85.56,85.72,84.96,85.1,51118.941
2025-12-04 09:00:00,85.1,85.32,84.58,84.88,166875.668
2025-12-04 10:00:00,84.88,85.13,84.5,84.59,57537.926
2025-12-04 11:00:00,84.59,84.66,83.95,84.02,73572.392
2025-12-04 12:00:00,84.02,84.34,83.98,84.23,71469.523
2025-12-04 13:00:00,84.24,84.35,83.9,83.99,65854.98
2025-12-04 14:00:00,84.0,84.28,83.26,83.4,97071.07
2025-12-04 15:00:00,83.4,84.81,83.38,84.43,110685.852
2025-12-04 16:00:00,84.43,84.65,83.69,83.72,90974.11
2025-12-04 17:00:00,83.72,83.91,83.32,83.69,93154.393
2025-12-04 18:00:00,83.7,83.85,83.29,83.59,57606.423
2025-12-04 19:00:00,83.59,83.63,82.11,83.29,160457.071
2025-12-04 20:00:00,83.29,84.01,83.14,83.94,88263.735
2025-12-04 21:00:00,83.94,84.12,83.51,83.53,46316.579
2025-12-04 22:00:00,83.54,83.97,83.5,83.76,35414.874
2025-12-04 23:00:00,83.76,83.97,83.45,83.48,25922.815
2025-12-05 00:00:00,83.49,83.89,83.33,83.65,45141.165
2025-12-05 01:00:00,83.65,83.99,83.6,83.62,42941.709
2025-12-05 02:00:00,83.62,84.09,83.41,83.75,44158.374
2025-12-05 03:00:00,83.76,83.86,83.2,83.35,34701.631
2025-12-05 04:00:00,83.35,83.65,83.02,83.29,42194.636
2025-12-05 05:00:00,83.29,83.49,83.06,83.29,29843.567
2025-12-05 06:00:00,83.3,83.76,83.28,83.61,38276.125
2025-12-05 07:00:00,83.61,83.9,83.5,83.58,30952.058
2025-12-05 08:00:00,83.58,83.64,83.1,83.27,36770.162
2025-12-05 09:00:00,83.27,83.28,82.02,82.1,146415.161
2025-12-05 10:00:00,82.1,82.58,81.9,82.23,75469.619
2025-12-05 11:00:00,82.23,82.31,81.66,82.16,56636.646
2025-12-05 12:00:00,82.17,82.51,82.01,82.33,61680.157
2025-12-05 13:00:00,82.33,82.44,81.58,82.05,65169.657
2025-12-05 14:00:00,82.06,82.33,81.5,81.75,80372.853
2025-12-05 15:00:00,81.75,82.96,81.75,81.96,135252.348
2025-12-05 16:00:00,81.96,82.0,79.86,80.46,239605.652
2025-12-05 17:00:00,80.46,80.8,79.72,80.48,103615.749
2025-12-05 18:00:00,80.47,81.07,79.83,79.92,76759.864
2025-12-05 19:00:00,79.93,80.74,79.55,80.36,105130.321
2025-12-05 20:00:00,80.35,80.41,79.9,79.98,54026.796
2025-12-05 21:00:00,79.97,80.2,79.72,79.97,48618.449
2025-12-05 22:00:00,79.98,80.35,79.8,80.23,43272.967
2025-12-05 23:00:00,80.23,80.44,79.81,80.33,39303.552
2025-12-06 00:00:00,80.33,80.43,79.89,80.38,36651.613
2025-12-06 01:00:00,80.38,80.59,80.11,80.25,33346.193
2025-12-06 02:00:00,80.24,80.5,80.04,80.48,20016.489
2025-12-06 03:00:00,80.48,80.86,80.42,80.62,40917.776
2025-12-06 04:00:00,80.62,80.65,80.25,80.37,36738.52
2025-12-06 05:00:00,80.37,80.41,80.05,80.22,28601.036
2025-12-06 06:00:00,80.22,80.58,80.1,80.4,31277.461
2025-12-06 07:00:00,80.4,80.49,79.99,80.13,32912.709
2025-12-06 08:00:00,80.13,80.21,79.85,79.97,38835.133
2025-12-06 09:00:00,79.97,80.62,79.97,80.46,34397.278
2025-12-06 10:00:00,80.45,80.74,80.3,80.56,24358.882
2025-12-06 11:00:00,80.55,81.24,80.49,81.05,68918.821
2025-12-06 12:00:00,81.05,81.23,80.89,81.22,39753.869
2025-12-06 13:00:00,81.23,81.67,81.09,81.5,44855.984
2025-12-06 14:00:00,81.5,82.03,81.43,81.61,81753.6
2025-12-06 15:00:00,81.6,81.65,80.85,80.88,93581.52
2025-12-06 16:00:00,80.87,81.22,80.78,81.06,56628.294
2025-12-06 17:00:00,81.06,81.63,81.01,81.63,41372.626
2025-12-06 18:00:00,81.62,82.46,81.47,81.96,119025.257
2025-12-06 19:00:00,81.96,82.14,81.31,81.62,70774.62
2025-12-06 20:00:00,81.63,81.86,81.49,81.71,27160.807
2025-12-06 21:00:00,81.7,82.05,81.62,81.81,31519.729
2025-12-06 22:00:00,81.8,81.86,81.49,81.67,23050.34
2025-12-06 23:00:00,81.67,81.78,81.24,81.65,38318.546
2025-12-07 00:00:00,81.64,82.27,81.63,82.18,43939.359
2025-12-07 01:00:00,82.18,82.25,81.88,81.98,22498.847
2025-12-07 02:00:00,81.98,82.28,81.96,82.18,31980.425
2025-12-07 03:00:00,82.17,82.21,82.0,82.14,56347.706
2025-12-07 04:00:00,82.14,82.34,81.97,82.08,58546.218
2025-12-07 05:00:00,82.08,82.19,81.85,82.06,25147.08
2025-12-07 06:00:00,82.05,82.69,82.0,82.65,25366.487
2025-12-07 07:00:00,82.65,82.7,82.07,82.33,42171.171
2025-12-07 08:00:00,82.33,82.39,81.74,82.03,56643.303
2025-12-07 09:00:00,82.04,82.23,81.39,81.54,46049.981
2025-12-07 10:00:00,81.54,81.87,81.28,81.74,46905.218
2025-12-07 11:00:00,81.75,82.08,81.63,81.65,29224.855
2025-12-07 12:00:00,81.65,82.34,81.64,82.27,37597.302
2025-12-07 13:00:00,82.27,82.33,81.49,81.68,57330.508
2025-12-07 14:00:00,81.68,81.73,79.82,79.93,252625.356
2025-12-07 15:00:00,79.92,81.64,79.84,81.58,141747.161
2025-12-07 16:00:00,81.58,81.6,80.96,81.54,76372.516
2025-12-07 17:00:00,81.54,83.13,81.21,82.97,180399.922
2025-12-07 18:00:00,82.98,83.7,82.98,83.11,96936.035
2025-12-07 19:00:00,83.11,83.27,82.93,83.2,37532.13
2025-12-07 20:00:00,83.2,83.3,83.0,83.14,34537.589
2025-12-07 21:00:00,83.13,83.16,81.24,81.61,95094.734
2025-12-07 22:00:00,81.6,81.62,80.07,80.96,158648.969
2025-12-07 23:00:00,80.96,81.48,80.55,81.38,50294.476
2025-12-08 00:00:00,81.39,81.76,80.96,81.19,56756.798
2025-12-08 01:00:00,81.19,82.93,81.18,82.05,93033.025
2025-12-08 02:00:00,82.06,82.58,81.82,82.5,36785.739
2025-12-08 03:00:00,82.5,82.71,82.33,82.4,44244.176
2025-12-08 04:00:00,82.4,83.08,82.4,82.76,41105.037
2025-12-08 05:00:00,82.75,83.4,82.55,83.25,94120.868
2025-12-08 06:00:00,83.25,83.68,83.25,83.48,63887.224
2025-12-08 07:00:00,83.48,83.85,82.88,83.16,86608.054
2025-12-08 08:00:00,83.16,83.56,83.13,83.44,40212.845
2025-12-08 09:00:00,83.44,84.16,83.42,83.79,105805.331
2025-12-08 10:00:00,83.8,83.96,83.65,83.8,40052.333
2025-12-08 11:00:00,83.81,83.97,83.4,83.55,53583.085
2025-12-08 12:00:00,83.55,83.58,83.2,83.55,42595.449
2025-12-08 13:00:00,83.56,83.94,83.37,83.46,69427.118
2025-12-08 14:00:00,83.46,83.95,83.0,83.33,140460.936
2025-12-08 15:00:00,83.34,83.62,82.66,83.29,148511.67
2025-12-08 16:00:00,83.3,84.07,82.95,83.57,94818.017
2025-12-08 17:00:00,83.58,84.04,83.34,83.84,76721.314
2025-12-08 18:00:00,83.84,84.18,82.93,83.17,88053.69
2025-12-08 19:00:00,83.17,83.58,83.1,83.2,43814.323
2025-12-08 20:00:00,83.21,83.97,83.21,83.88,44829.035
2025-12-08 21:00:00,83.89,84.45,83.8,84.26,56145.821
2025-12-08 22:00:00,84.27,84.3,83.75,84.1,33024.759
2025-12-08 23:00:00,84.1,84.19,83.59,83.83,40448.96
2025-12-09 00:00:00,83.82,84.33,83.77,83.97,39448.011
2025-12-09 01:00:00,83.97,84.11,83.22,83.45,40364.717
2025-12-09 02:00:00,83.45,83.79,83.15,83.15,29795.176
2025-12-09 03:00:00,83.16,83.57,82.68,83.5,51704.839
2025-12-09 04:00:00,83.51,83.57,82.94,83.0,41088.261
2025-12-09 05:00:00,83.0,83.28,82.47,82.83,62396.102
2025-12-09 06:00:00,82.84,83.06,82.41,82.82,39092.906
2025-12-09 07:00:00,82.83,83.55,82.81,83.39,42777.786
2025-12-09 08:00:00,83.39,83.81,83.32,83.47,57566.027
2025-12-09 09:00:00,83.47,83.53,83.15,83.35,57709.248
2025-12-09 10:00:00,83.34,83.45,82.75,83.35,43005.904
2025-12-09 11:00:00,83.35,83.46,82.96,83.28,29034.989
2025-12-09 12:00:00,83.29,84.13,83.17,84.09,75953.833
2025-12-09 13:00:00,84.09,84.72,83.93,84.45,115692.048
2025-12-09 14:00:00,84.46,84.79,83.39,83.64,96887.538
2025-12-09 15:00:00,83.65,85.89,83.61,85.84,235605.963
2025-12-09 16:00:00,85.84,87.43,85.82,87.03,322390.887
2025-12-09 17:00:00,87.02,87.52,86.46,86.62,196439.062
2025-12-09 18:00:00,86.63,86.92,86.29,86.47,102610.853
2025-12-09 19:00:00,86.47,86.76,86.18,86.36,62096.869
2025-12-09 20:00:00,86.36,86.39,85.34,85.93,114060.985
2025-12-09 21:00:00,85.93,85.97,84.8,85.36,80378.812
2025-12-09 22:00:00,85.36,86.29,85.36,86.16,42231.494
2025-12-09 23:00:00,86.15,86.43,85.78,85.79,55550.97
2025-12-10 00:00:00,85.78,85.95,85.2,85.21,61929.402
2025-12-10 01:00:00,85.21,85.42,84.87,85.07,44769.818
2025-12-10 02:00:00,85.07,85.23,84.72,84.95,42811.654
2025-12-10 03:00:00,84.95,85.02,84.39,84.61,53303.806
2025-12-10 04:00:00,84.61,84.71,84.22,84.53,47991.744
2025-12-10 05:00:00,84.53,84.81,84.42,84.47,46546.11
2025-12-10 06:00:00,84.48,84.55,84.25,84.29,32279.23
2025-12-10 07:00:00,84.29,84.3,83.91,84.19,43385.543
2025-12-10 08:00:00,84.19,84.31,84.06,84.14,31913.692
2025-12-10 09:00:00,84.14,84.63,84.02,84.6,42174.231
2025-12-10 10:00:00,84.59,85.07,83.76,83.78,95916.512
2025-12-10 11:00:00,83.78,84.17,83.71,84.1,52230.606
2025-12-10 12:00:00,84.11,84.21,83.88,84.18,31644.337
2025-12-10 13:00:00,84.18,84.56,84.11,84.35,37747.052
2025-12-10 14:00:00,84.35,84.43,83.95,84.21,42923.511
2025-12-10 15:00:00,84.2,84.45,83.87,84.17,52927.11
2025-12-10 16:00:00,84.16,84.99,84.01,84.6,92579.777
2025-12-10 17:00:00,84.6,85.1,84.53,84.8,51580.649
2025-12-10 18:00:00,84.81,85.62,84.48,84.93,112414.385
2025-12-10 19:00:00,84.93,85.87,84.24,85.62,233199.654
2025-12-10 20:00:00,85.63,87.04,85.17,85.31,204257.282
2025-12-10 21:00:00,85.31,85.73,84.74,84.84,85519.729
2025-12-10 22:00:00,84.84,85.33,84.13,85.2,60360.634
2025-12-10 23:00:00,85.2,85.37,84.23,84.28,37890.782
2025-12-11 00:00:00,84.28,84.56,82.65,82.75,207862.04
2025-12-11 01:00:00,82.75,82.77,81.47,81.53,159815.362
2025-12-11 02:00:00,81.53,81.64,80.76,80.87,193613.875
2025-12-11 03:00:00,80.88,80.93,80.25,80.6,98648.202
2025-12-11 04:00:00,80.6,81.66,80.25,81.54,106826.465
2025-12-11 05:00:00,81.54,81.56,81.3,81.52,45477.153
2025-12-11 06:00:00,81.53,81.53,80.94,81.21,45501.269
2025-12-11 07:00:00,81.22,81.26,80.77,80.83,42380.088
2025-12-11 08:00:00,80.83,80.96,80.4,80.87,59468.604
2025-12-11 09:00:00,80.87,81.19,80.8,80.94,52049.365
2025-12-11 10:00:00,80.95,81.04,80.56,80.81,39105.181
2025-12-11 11:00:00,80.82,81.04,80.76,80.94,39845.699
2025-12-11 12:00:00,80.93,80.94,80.57,80.65,59187.564
2025-12-11 13:00:00,80.65,80.96,80.46,80.93,49448.771
2025-12-11 14:00:00,80.94,81.44,80.51,80.8,116106.658
2025-12-11 15:00:00,80.8,81.45,80.55,80.98,95912.517
2025-12-11 16:00:00,80.97,81.52,80.52,81.13,66675.749
2025-12-11 17:00:00,81.14,81.73,81.08,81.33,56019.824
2025-12-11 18:00:00,81.33,82.17,81.15,81.69,77704.304
2025-12-11 19:00:00,81.7,82.34,81.53,81.63,74936.606
2025-12-11 20:00:00,81.63,82.44,81.58,82.35,71451.34
2025-12-11 21:00:00,82.35,83.47,82.24,83.19,131374.902
2025-12-11 22:00:00,83.2,83.4,82.56,82.83,51209.043
2025-12-11 23:00:00,82.82,83.14,82.54,82.89,34193.425
2025-12-12 00:00:00,82.89,83.31,82.19,82.25,43987.102
2025-12-12 01:00:00,82.25,83.12,82.25,82.81,39910.064
2025-12-12 02:00:00,82.82,83.33,82.8,83.22,33046.698
2025-12-12 03:00:00,83.23,83.38,82.74,82.89,37674.154
2025-12-12 04:00:00,82.89,82.89,82.55,82.69,27712.894
2025-12-12 05:00:00,82.7,83.15,82.51,83.13,28699.695
2025-12-12 06:00:00,83.13,83.63,83.13,83.37,35180.106
2025-12-12 07:00:00,83.37,83.48,83.2,83.35,34328.428
2025-12-12 08:00:00,83.34,83.52,83.06,83.38,31620.669
2025-12-12 09:00:00,83.37,83.92,83.26,83.89,37155.647
2025-12-12 10:00:00,83.89,84.38,83.86,83.88,102806.812
2025-12-12 11:00:00,83.88,84.15,83.76,84.01,43063.836
2025-12-12 12:00:00,84.02,84.3,83.87,84.24,43145.292
2025-12-12 13:00:00,84.24,84.43,83.85,84.03,72067.455
2025-12-12 14:00:00,84.04,84.35,83.84,84.18,73862.388
2025-12-12 15:00:00,84.17,84.17,80.92,81.32,302207.375
2025-12-12 16:00:00,81.31,81.56,80.41,80.89,218445.343
2025-12-12 17:00:00,80.89,81.88,80.82,81.5,94840.452
2025-12-12 18:00:00,81.5,82.17,81.36,81.67,86712.679
2025-12-12 19:00:00,81.68,81.73,81.06,81.27,45176.102
2025-12-12 20:00:00,81.27,81.67,81.2,81.55,30532.314
2025-12-12 21:00:00,81.54,81.96,81.46,81.76,25563.166
2025-12-12 22:00:00,81.76,82.1,81.73,82.0,22275.133
2025-12-12 23:00:00,82.0,82.11,81.83,81.91,21055.31
2025-12-13 00:00:00,81.91,82.13,81.73,81.92,36885.287
2025-12-13 01:00:00,81.92,82.06,81.8,82.06,26073.917
2025-12-13 02:00:00,82.06,82.42,81.97,82.11,33046.969
2025-12-13 03:00:00,82.1,82.38,82.02,82.31,25783.982
2025-12-13 04:00:00,82.31,82.4,82.2,82.27,27389.741
2025-12-13 05:00:00,82.26,82.37,82.09,82.16,20042.593
2025-12-13 06:00:00,82.16,82.16,81.61,81.63,35018.516
2025-12-13 07:00:00,81.63,81.82,81.58,81.78,30941.719
2025-12-13 08:00:00,81.79,82.25,81.79,81.95,42808.474
2025-12-13 09:00:00,81.95,82.04,81.68,81.81,35576.181
2025-12-13 10:00:00,81.8,82.03,81.71,81.78,33012.019
2025-12-13 11:00:00,81.78,81.8,81.51,81.56,35291.644
2025-12-13 12:00:00,81.56,81.85,81.33,81.53,34702.386
2025-12-13 13:00:00,81.53,81.64,81.27,81.34,31139.228
2025-12-13 14:00:00,81.34,81.46,81.16,81.4,34546.029
2025-12-13 15:00:00,81.39,81.88,81.38,81.68,33595.92
2025-12-13 16:00:00,81.68,81.95,81.61,81.86,30751.207
2025-12-13 17:00:00,81.87,81.87,81.46,81.55,23561.171
2025-12-13 18:00:00,81.55,81.62,81.24,81.26,23391.842
2025-12-13 19:00:00,81.26,81.47,81.23,81.36,19651.176
2025-12-13 20:00:00,81.37,81.49,81.27,81.33,10755.715
2025-12-13 21:00:00,81.34,81.35,80.73,81.22,42600.113
2025-12-13 22:00:00,81.22,81.37,81.1,81.25,16777.334
2025-12-13 23:00:00,81.25,81.55,81.14,81.44,21742.856
2025-12-14 00:00:00,81.43,81.54,81.2,81.44,29745.861
2025-12-14 01:00:00,81.45,81.95,81.33,81.46,43529.239
2025-12-14 02:00:00,81.47,81.74,81.47,81.64,15922.412
2025-12-14 03:00:00,81.65,81.72,81.42,81.44,17975.296
2025-12-14 04:00:00,81.43,81.49,81.04,81.12,47526.585
2025-12-14 05:00:00,81.12,81.14,80.85,81.02,32470.208
2025-12-14 06:00:00,81.03,81.03,80.64,80.85,25065.397
2025-12-14 07:00:00,80.86,81.12,80.78,81.0,24519.892
2025-12-14 08:00:00,81.0,81.2,80.87,80.91,26972.756
2025-12-14 09:00:00,80.91,81.09,80.79,80.85,23617.598
2025-12-14 10:00:00,80.86,80.94,80.3,80.51,93028.429
2025-12-14 11:00:00,80.51,80.59,79.33,79.96,160594.211
2025-12-14 12:00:00,79.95,80.48,79.73,80.19,54758.594
2025-12-14 13:00:00,80.19,80.25,79.86,80.24,34337.105
2025-12-14 14:00:00,80.23,80.36,79.05,79.31,76673.478
2025-12-14 15:00:00,79.31,79.36,78.72,78.88,92573.184
2025-12-14 16:00:00,78.87,79.5,78.79,79.31,62579.442
2025-12-14 17:00:00,79.31,79.46,78.74,78.91,52968.283
2025-12-14 18:00:00,78.91,79.37,78.79,79.36,42315.431
2025-12-14 19:00:00,79.35,79.36,78.86,79.07,32115.375
2025-12-14 20:00:00,79.06,79.46,78.76,78.95,60765.931
2025-12-14 21:00:00,78.94,79.15,78.03,78.18,81909.985
2025-12-14 22:00:00,78.18,78.66,78.12,78.62,49033.804
2025-12-14 23:00:00,78.63,79.11,77.9,78.92,109208.136
2025-12-15 00:00:00,78.92,79.67,78.89,79.37,80085.234
2025-12-15 01:00:00,79.37,80.39,79.29,80.3,58137.826
2025-12-15 02:00:00,80.31,80.99,80.03,80.13,91467.046
2025-12-15 03:00:00,80.14,80.44,80.0,80.34,40206.393
2025-12-15 04:00:00,80.35,80.85,80.35,80.75,48682.098
2025-12-15 05:00:00,80.75,81.15,80.66,81.11,47781.823
2025-12-15 06:00:00,81.12,81.29,80.77,80.99,42601.106
2025-12-15 07:00:00,81.0,81.15,80.45,80.74,48015.085
2025-12-15 08:00:00,80.74,81.04,80.63,80.83,32912.535
2025-12-15 09:00:00,80.83,81.22,80.81,80.97,39919.289
2025-12-15 10:00:00,80.98,81.39,80.81,80.93,38092.465
2025-12-15 11:00:00,80.94,81.09,80.84,81.01,24701.426
2025-12-15 12:00:00,81.02,81.09,80.71,80.93,27855.855
2025-12-15 13:00:00,80.93,80.98,80.37,80.58,68453.004
2025-12-15 14:00:00,80.58,81.09,79.19,79.56,219032.366
2025-12-15 15:00:00,79.56,79.58,77.41,77.79,390660.771
2025-12-15 16:00:00,77.79,78.18,76.61,77.04,189415.13
2025-12-15 17:00:00,77.03,77.14,76.34,76.42,125510.382
2025-12-15 18:00:00,76.41,76.8,75.69,76.75,176084.911
2025-12-15 19:00:00,76.76,77.4,76.72,76.95,97512.304
2025-12-15 20:00:00,76.94,76.94,76.23,76.24,99908.254
2025-12-15 21:00:00,76.25,77.03,76.17,76.98,48820.062
2025-12-15 22:00:00,76.98,77.37,76.78,77.37,46951.805
2025-12-15 23:00:00,77.37,77.77,77.34,77.48,51786.085
2025-12-16 00:00:00,77.47,77.72,77.08,77.11,53608.204
2025-12-16 01:00:00,77.12,77.6,77.02,77.14,59884.186
2025-12-16 02:00:00,77.13,77.7,76.74,77.44,65816.107
2025-12-16 03:00:00,77.44,77.84,77.03,77.81,60797.344
2025-12-16 04:00:00,77.81,77.95,76.4,77.39,86047.012
2025-12-16 05:00:00,77.39,77.49,77.2,77.31,36945.457
2025-12-16 06:00:00,77.32,78.05,77.32,77.99,40477.824
2025-12-16 07:00:00,77.99,78.04,77.04,77.13,61133.363
2025-12-16 08:00:00,77.12,77.57,77.06,77.23,33341.978
2025-12-16 09:00:00,77.23,77.56,77.16,77.54,40447.825
2025-12-16 10:00:00,77.54,78.97,77.44,78.41,97557.839
2025-12-16 11:00:00,78.41,79.07,78.23,78.91,67620.324
2025-12-16 12:00:00,78.91,79.17,78.58,78.81,41707.676
2025-12-16 13:00:00,78.81,79.21,77.55,77.58,135077.149
2025-12-16 14:00:00,77.57,78.57,77.12,78.23,145035.528
2025-12-16 15:00:00,78.24,79.54,77.9,79.38,153007.476
2025-12-16 16:00:00,79.38,79.44,78.59,78.97,66546.749
2025-12-16 17:00:00,78.98,79.31,78.69,78.74,48499.055
2025-12-16 18:00:00,78.74,80.09,78.53,79.41,114669.24
2025-12-16 19:00:00,79.4,79.41,78.78,79.16,54685.997
2025-12-16 20:00:00,79.15,79.3,78.87,78.92,35524.934
2025-12-16 21:00:00,78.92,79.4,78.72,79.27,37376.68
2025-12-16 22:00:00,79.26,79.45,78.96,79.19,25168.459
2025-12-16 23:00:00,79.2,79.26,78.93,79.04,18849.393
2025-12-17 00:00:00,79.04,79.1,78.77,79.08,31102.634
2025-12-17 01:00:00,79.08,79.73,79.08,79.21,44566.676
2025-12-17 02:00:00,79.21,79.41,78.8,79.32,28563.076
2025-12-17 03:00:00,79.32,79.47,79.07,79.12,37034.262
2025-12-17 04:00:00,79.12,79.37,78.68,78.83,29971.711
2025-12-17 05:00:00,78.83,79.28,78.4,79.19,51688.841
2025-12-17 06:00:00,79.19,79.37,78.82,78.94,33511.945
2025-12-17 07:00:00,78.95,79.16,78.71,78.82,22269.313
2025-12-17 08:00:00,78.82,78.82,78.26,78.32,39687.086
2025-12-17 09:00:00,78.32,78.43,78.04,78.07,29881.613
2025-12-17 10:00:00,78.07,78.48,77.85,78.22,41498.912
2025-12-17 11:00:00,78.21,78.94,78.2,78.75,46796.354
2025-12-17 12:00:00,78.75,78.95,78.27,78.41,45709.042
2025-12-17 13:00:00,78.41,79.34,78.24,79.23,67617.049
2025-12-17 14:00:00,79.23,80.29,78.06,80.27,198928.622
2025-12-17 15:00:00,80.26,81.0,77.97,78.18,311134.96
2025-12-17 16:00:00,78.17,78.63,75.99,77.07,319479.578
2025-12-17 17:00:00,77.07,77.2,76.26,76.34,102794.795
2025-12-17 18:00:00,76.35,76.93,75.35,75.52,114557.307
2025-12-17 19:00:00,75.52,76.16,75.1,76.15,93309.819
2025-12-17 20:00:00,76.15,76.67,75.92,76.17,59224.465
2025-12-17 21:00:00,76.16,76.32,75.41,75.57,56795.807
2025-12-17 22:00:00,75.57,76.24,75.29,76.18,46703.216
2025-12-17 23:00:00,76.18,76.18,75.68,75.98,43535.68
2025-12-18 00:00:00,75.98,76.26,75.83,76.21,52792.897
2025-12-18 01:00:00,76.21,76.21,75.46,75.62,36070.476
2025-12-18 02:00:00,75.63,76.39,75.46,76.21,41114.578
2025-12-18 03:00:00,76.21,76.21,75.52,75.72,36770.828
2025-12-18 04:00:00,75.72,75.99,75.69,75.81,25023.37
2025-12-18 05:00:00,75.81,75.82,74.79,74.9,84437.716
2025-12-18 06:00:00,74.9,75.25,74.74,75.2,56660.477
2025-12-18 07:00:00,75.21,75.44,75.13,75.31,44548.16
2025-12-18 08:00:00,75.32,76.04,75.3,75.9,55340.742
2025-12-18 09:00:00,75.9,76.33,75.66,75.92,47815.035
2025-12-18 10:00:00,75.92,76.19,75.78,76.13,32548.869
2025-12-18 11:00:00,76.14,76.19,75.8,76.18,32331.955
2025-12-18 12:00:00,76.18,76.44,75.87,76.36,55852.799
2025-12-18 13:00:00,76.35,78.12,76.35,78.08,238368.244
2025-12-18 14:00:00,78.08,78.52,76.72,77.29,192771.327
2025-12-18 15:00:00,77.29,78.27,76.82,77.63,95030.27
2025-12-18 16:00:00,77.63,77.86,77.15,77.39,56112.965
2025-12-18 17:00:00,77.4,77.42,73.52,75.08,452820.16
2025-12-18 18:00:00,75.08,75.72,74.12,74.42,148758.253
2025-12-18 19:00:00,74.42,74.54,72.6,72.71,200863.321
2025-12-18 20:00:00,72.7,73.69,72.66,73.2,118430.947
2025-12-18 21:00:00,73.2,74.51,73.2,74.49,89971.889
2025-12-18 22:00:00,74.5,74.65,74.16,74.25,33064.534
2025-12-18 23:00:00,74.26,74.33,73.97,74.24,38266.092
2025-12-19 00:00:00,74.25,74.45,73.73,74.19,54562.034
2025-12-19 01:00:00,74.2,74.21,73.64,73.85,34704.203
2025-12-19 02:00:00,73.85,74.4,73.52,74.22,45764.712
2025-12-19 03:00:00,74.23,76.21,74.18,75.73,167856.284
2025-12-19 04:00:00,75.73,76.03,75.56,75.83,64033.178
2025-12-19 05:00:00,75.84,75.85,75.35,75.55,53227.978
2025-12-19 06:00:00,75.56,75.72,75.2,75.64,56391.68
2025-12-19 07:00:00,75.64,76.53,75.63,75.8,118467.541
2025-12-19 08:00:00,75.8,76.11,75.56,76.0,55313.83
2025-12-19 09:00:00,76.0,76.13,75.85,76.05,48400.191
2025-12-19 10:00:00,76.06,76.35,75.95,76.08,59925.443
2025-12-19 11:00:00,76.08,76.24,75.85,76.2,43616.221
2025-12-19 12:00:00,76.2,76.45,76.09,76.2,49815.457
2025-12-19 13:00:00,76.21,76.47,76.05,76.16,41787.492
2025-12-19 14:00:00,76.16,76.9,75.83,76.52,109197.754
2025-12-19 15:00:00,76.52,77.41,76.04,76.2,137853.054
2025-12-19 16:00:00,76.2,77.33,76.16,76.62,72810.599
2025-12-19 17:00:00,76.62,77.06,75.96,75.98,82049.874
2025-12-19 18:00:00,75.99,76.62,75.97,76.49,60897.975
2025-12-19 19:00:00,76.5,77.72,76.5,77.63,63741.645
2025-12-19 20:00:00,77.63,77.98,77.47,77.76,51429.53
2025-12-19 21:00:00,77.76,77.77,77.27,77.34,31609.908
2025-12-19 22:00:00,77.35,77.71,77.35,77.6,19608.242
2025-12-19 23:00:00,77.59,77.68,77.44,77.45,20968.195
2025-12-20 00:00:00,77.44,77.65,77.27,77.4,34283.731
2025-12-20 01:00:00,77.4,77.59,77.21,77.25,19363.895
2025-12-20 02:00:00,77.26,77.45,77.11,77.21,24565.478
2025-12-20 03:00:00,77.21,77.26,76.87,76.91,28142.745
2025-12-20 04:00:00,76.91,76.91,76.45,76.49,43036.208
2025-12-20 05:00:00,76.5,76.83,76.4,76.71,29174.836
2025-12-20 06:00:00,76.71,76.88,76.67,76.78,21371.976
2025-12-20 07:00:00,76.79,77.12,76.63,77.08,27895.205
2025-12-20 08:00:00,77.07,77.55,77.04,77.36,36572.052
2025-12-20 09:00:00,77.35,77.69,77.3,77.48,28174.77
2025-12-20 10:00:00,77.48,77.55,77.07,77.14,35406.627
2025-12-20 11:00:00,77.14,77.43,77.07,77.34,25609.427
2025-12-20 12:00:00,77.34,77.34,76.99,77.06,33655.614
2025-12-20 13:00:00,77.05,77.1,76.61,76.98,43758.765
2025-12-20 14:00:00,76.98,76.99,76.62,76.96,22558.332
2025-12-20 15:00:00,76.97,76.99,76.63,76.67,34244.607
2025-12-20 16:00:00,76.68,76.83,76.53,76.81,70622.838
2025-12-20 17:00:00,76.82,77.03,76.76,76.93,33388.244
2025-12-20 18:00:00,76.93,77.32,76.81,77.21,25498.03
2025-12-20 19:00:00,77.21,77.4,77.1,77.27,18178.783
2025-12-20 20:00:00,77.28,77.56,77.26,77.53,21992.295
2025-12-20 21:00:00,77.53,77.89,77.52,77.86,46902.881
2025-12-20 22:00:00,77.86,78.39,77.86,78.35,49104.982
2025-12-20 23:00:00,78.35,79.39,77.75,77.8,142888.705
2025-12-21 00:00:00,77.81,78.01,77.64,77.77,39515.769
2025-12-21 01:00:00,77.77,77.8,77.18,77.19,39986.53
2025-12-21 02:00:00,77.19,77.44,76.75,76.94,38046.316
2025-12-21 03:00:00,76.95,77.37,76.91,77.17,30542.399
2025-12-21 04:00:00,77.18,77.25,76.94,77.02,22278.025
2025-12-21 05:00:00,77.01,77.44,76.98,77.06,33454.211
2025-12-21 06:00:00,77.07,77.27,77.04,77.16,24541.317
2025-12-21 07:00:00,77.15,77.18,76.95,77.15,28401.256
2025-12-21 08:00:00,77.15,77.55,76.87,77.4,50666.683
2025-12-21 09:00:00,77.4,77.79,77.21,77.64,44753.096
2025-12-21 10:00:00,77.65,77.89,77.25,77.39,33847.293
2025-12-21 11:00:00,77.39,77.57,77.31,77.37,33184.237
2025-12-21 12:00:00,77.37,77.57,76.78,76.96,48155.751
2025-12-21 13:00:00,76.96,76.96,75.39,75.6,168780.408
2025-12-21 14:00:00,75.6,76.25,75.52,75.96,63494.472
2025-12-21 15:00:00,75.96,76.12,75.63,75.91,52312.974
2025-12-21 16:00:00,75.9,76.34,75.75,76.3,42538.503
2025-12-21 17:00:00,76.3,76.66,76.14,76.2,38351.425
2025-12-21 18:00:00,76.21,76.32,75.86,76.32,36634.414
2025-12-21 19:00:00,76.32,76.78,76.19,76.58,31714.834
2025-12-21 20:00:00,76.58,76.59,76.18,76.24,20848.673
2025-12-21 21:00:00,76.23,76.4,75.95,76.01,26820.727
2025-12-21 22:00:00,76.0,76.59,75.92,76.56,23902.527
2025-12-21 23:00:00,76.56,76.94,76.44,76.73,32606.616
2025-12-22 00:00:00,76.74,78.21,76.73,77.07,130945.112
2025-12-22 01:00:00,77.08,77.84,77.05,77.13,56604.874
2025-12-22 02:00:00,77.14,77.62,76.37,77.44,138139.376
2025-12-22 03:00:00,77.45,78.27,77.28,77.95,56471.53
2025-12-22 04:00:00,77.96,78.08,77.54,77.88,84230.111
2025-12-22 05:00:00,77.87,78.24,77.56,77.56,40965.966
2025-12-22 06:00:00,77.56,77.75,77.37,77.48,38248.591
2025-12-22 07:00:00,77.48,77.88,77.42,77.78,27694.662
2025-12-22 08:00:00,77.78,78.32,77.65,77.73,62310.352
2025-12-22 09:00:00,77.74,78.08,77.68,77.85,32190.029
2025-12-22 10:00:00,77.86,78.0,77.66,77.88,36776.997
2025-12-22 11:00:00,77.89,78.06,77.64,77.88,41826.36
2025-12-22 12:00:00,77.89,78.3,77.65,78.12,66859.26
2025-12-22 13:00:00,78.12,78.15,77.78,78.07,48243.721
2025-12-22 14:00:00,78.07,78.54,77.67,78.51,93181.365
2025-12-22 15:00:00,78.52,79.48,78.24,79.27,148324.207
2025-12-22 16:00:00,79.28,79.36,78.71,78.84,86973.08
2025-12-22 17:00:00,78.84,78.85,78.28,78.49,44456.927
2025-12-22 18:00:00,78.5,78.76,78.17,78.28,33676.976
2025-12-22 19:00:00,78.28,78.29,76.88,77.03,107724.2
2025-12-22 20:00:00,77.02,77.15,76.38,76.39,87420.328
2025-12-22 21:00:00,76.38,76.94,76.32,76.7,53410.965
2025-12-22 22:00:00,76.69,77.27,76.54,77.14,42529.042
2025-12-22 23:00:00,77.15,77.18,76.91,77.01,36071.152
2025-12-23 00:00:00,77.0,77.4,76.92,77.09,53230.626
2025-12-23 01:00:00,77.1,77.2,76.49,76.86,47740.312
2025-12-23 02:00:00,76.85,77.07,76.37,76.49,38791.809
2025-12-23 03:00:00,76.5,76.97,76.11,76.74,60381.929
2025-12-23 04:00:00,76.73,77.04,76.61,76.78,52381.043
2025-12-23 05:00:00,76.77,76.95,76.26,76.95,52065.206
2025-12-23 06:00:00,76.94,76.94,76.35,76.6,54622.518
2025-12-23 07:00:00,76.61,76.96,76.52,76.74,36093.189
2025-12-23 08:00:00,76.74,76.99,76.45,76.5,32229.081
2025-12-23 09:00:00,76.5,76.63,76.27,76.56,33875.889
2025-12-23 10:00:00,76.56,76.73,76.36,76.55,68323.092
2025-12-23 11:00:00,76.55,76.93,76.47,76.87,36927.664
2025-12-23 12:00:00,76.88,77.06,76.6,76.87,50755.989
2025-12-23 13:00:00,76.87,76.89,76.14,76.34,59419.48
2025-12-23 14:00:00,76.34,76.65,75.47,75.95,109435.883
2025-12-23 15:00:00,75.94,76.7,75.74,76.63,80497.896
2025-12-23 16:00:00,76.63,77.5,76.47,77.2,112346.617
2025-12-23 17:00:00,77.2,77.7,76.43,76.45,86632.19
2025-12-23 18:00:00,76.46,77.4,76.36,77.22,71340.852
2025-12-23 19:00:00,77.22,77.32,76.98,77.18,28984.794
2025-12-23 20:00:00,77.18,77.91,77.05,77.41,50689.725
2025-12-23 21:00:00,77.41,77.57,77.03,77.04,32595.213
2025-12-23 22:00:00,77.05,77.11,76.62,76.79,28292.013
2025-12-23 23:00:00,76.79,77.03,76.52,76.96,32255.359
2025-12-24 00:00:00,76.96,77.24,76.77,77.13,47906.99
2025-12-24 01:00:00,77.14,77.38,76.85,77.03,28460.731
2025-12-24 02:00:00,77.04,77.04,76.15,76.22,62036.129
2025-12-24 03:00:00,76.21,76.58,75.93,76.57,51975.265
2025-12-24 04:00:00,76.57,76.88,75.99,76.07,51403.631
2025-12-24 05:00:00,76.08,76.27,75.65,75.76,49590.24
2025-12-24 06:00:00,75.76,75.91,75.54,75.86,39417.057
2025-12-24 07:00:00,75.87,76.08,75.63,75.64,32652.78
2025-12-24 08:00:00,75.64,75.76,75.23,75.31,83911.381
2025-12-24 09:00:00,75.32,75.82,75.29,75.71,51212.44
2025-12-24 10:00:00,75.71,76.27,75.69,76.07,47689.882
2025-12-24 11:00:00,76.08,76.41,76.08,76.11,38263.317
2025-12-24 12:00:00,76.12,76.45,76.01,76.42,31149.688
2025-12-24 13:00:00,76.42,76.64,76.21,76.5,35092.293
2025-12-24 14:00:00,76.51,76.78,75.18,75.3,201986.656
2025-12-24 15:00:00,75.3,76.15,75.24,75.88,111656.937
2025-12-24 16:00:00,75.89,76.11,75.39,75.78,94969.158
2025-12-24 17:00:00,75.79,75.94,75.45,75.54,33114.838
2025-12-24 18:00:00,75.54,75.7,75.34,75.51,39653.419
2025-12-24 19:00:00,75.51,75.76,75.4,75.73,23331.158
2025-12-24 20:00:00,75.73,75.9,75.5,75.53,27898.91
2025-12-24 21:00:00,75.54,75.67,75.38,75.51,29248.541
2025-12-24 22:00:00,75.51,76.11,75.48,76.08,29215.954
2025-12-24 23:00:00,76.07,76.08,75.66,75.75,23562.738
2025-12-25 00:00:00,75.76,75.89,75.48,75.53,32339.078
2025-12-25 01:00:00,75.54,76.02,75.51,75.91,20034.437
2025-12-25 02:00:00,75.91,76.26,75.72,76.15,28985.095
2025-12-25 03:00:00,76.16,76.45,76.0,76.21,52103.373
2025-12-25 04:00:00,76.22,76.38,76.16,76.34,24865.805
2025-12-25 05:00:00,76.34,76.36,76.03,76.26,22484.995
2025-12-25 06:00:00,76.27,76.67,76.2,76.44,42219.607
2025-12-25 07:00:00,76.45,77.01,76.28,76.92,43956.693
2025-12-25 08:00:00,76.92,77.28,76.44,76.72,83002.597
2025-12-25 09:00:00,76.73,76.86,76.57,76.82,19686.712
2025-12-25 10:00:00,76.82,76.82,75.89,76.13,63665.65
2025-12-25 11:00:00,76.13,76.44,76.09,76.15,27952.687
2025-12-25 12:00:00,76.15,76.48,76.08,76.22,27509.773
2025-12-25 13:00:00,76.22,76.43,76.0,76.23,32158.232
2025-12-25 14:00:00,76.22,76.39,75.97,76.22,21390.788
2025-12-25 15:00:00,76.23,77.26,76.16,76.97,95162.471
2025-12-25 16:00:00,76.96,77.39,76.79,76.92,72873.494
2025-12-25 17:00:00,76.92,77.15,76.66,77.08,33727.778
2025-12-25 18:00:00,77.09,77.53,77.06,77.32,43663.359
2025-12-25 19:00:00,77.32,77.55,77.19,77.36,34607.618
2025-12-25 20:00:00,77.36,77.5,77.08,77.19,27106.077
2025-12-25 21:00:00,77.19,77.27,76.98,77.02,21619.959
2025-12-25 22:00:00,77.01,77.07,75.64,76.07,81846.774
2025-12-25 23:00:00,76.06,76.32,75.27,75.64,95598.158
2025-12-26 00:00:00,75.64,76.09,75.59,76.05,69745.612
2025-12-26 01:00:00,76.05,76.55,75.99,76.3,46355.019
2025-12-26 02:00:00,76.3,77.9,76.14,77.38,180884.354
2025-12-26 03:00:00,77.39,77.56,77.15,77.5,77796.507
2025-12-26 04:00:00,77.51,77.73,77.09,77.62,36873.704
2025-12-26 05:00:00,77.62,77.86,77.43,77.83,32086.526
2025-12-26 06:00:00,77.84,77.98,77.68,77.75,35914.029
2025-12-26 07:00:00,77.76,77.94,77.11,77.19,47762.686
2025-12-26 08:00:00,77.2,77.39,76.72,76.94,80023.254
2025-12-26 09:00:00,76.95,77.26,76.71,77.18,30690.646
2025-12-26 10:00:00,77.19,77.41,77.12,77.38,25718.783
2025-12-26 11:00:00,77.39,77.43,76.9,77.05,35784.663
2025-12-26 12:00:00,77.06,77.39,77.04,77.25,17411.56
2025-12-26 13:00:00,77.25,77.43,77.2,77.35,21415.636
2025-12-26 14:00:00,77.36,77.47,75.61,75.87,159606.052
2025-12-26 15:00:00,75.86,76.64,75.41,76.57,141332.197
2025-12-26 16:00:00,76.58,76.7,76.04,76.08,55134.075
2025-12-26 17:00:00,76.09,76.63,76.09,76.47,36514.022
2025-12-26 18:00:00,76.46,76.78,76.43,76.66,26768.402
2025-12-26 19:00:00,76.65,76.91,76.59,76.78,20473.459
2025-12-26 20:00:00,76.78,77.19,76.65,76.99,27657.002
2025-12-26 21:00:00,77.0,77.04,76.68,76.7,12454.363
2025-12-26 22:00:00,76.71,76.81,76.51,76.8,15756.497
2025-12-26 23:00:00,76.8,76.9,76.7,76.84,16016.95
2025-12-27 00:00:00,76.84,77.04,76.77,77.02,25751.584
2025-12-27 01:00:00,77.03,77.06,76.71,76.98,16544.63
2025-12-27 02:00:00,76.98,77.29,76.88,77.16,40731.657
2025-12-27 03:00:00,77.16,77.63,77.15,77.51,51068.86
2025-12-27 04:00:00,77.5,77.58,77.15,77.19,36522.838
2025-12-27 05:00:00,77.19,77.29,77.1,77.28,24807.537
2025-12-27 06:00:00,77.29,77.38,77.06,77.11,38017.543
2025-12-27 07:00:00,77.11,77.35,77.01,77.02,17831.079
2025-12-27 08:00:00,77.03,77.22,76.97,77.02,19011.124
2025-12-27 09:00:00,77.01,77.46,77.01,77.29,36600.352
2025-12-27 10:00:00,77.28,77.41,76.97,77.4,29570.742
2025-12-27 11:00:00,77.41,77.87,77.37,77.85,49832.934
2025-12-27 12:00:00,77.86,78.22,77.86,78.18,73059.071
2025-12-27 13:00:00,78.19,78.27,78.01,78.15,50250.076
2025-12-27 14:00:00,78.15,78.67,78.07,78.6,60673.327
2025-12-27 15:00:00,78.6,78.76,78.25,78.65,65365.052
2025-12-27 16:00:00,78.66,78.94,78.52,78.72,56814.436
2025-12-27 17:00:00,78.72,79.12,78.64,78.88,49786.687
2025-12-27 18:00:00,78.89,79.14,78.65,78.7,62495.525
2025-12-27 19:00:00,78.7,79.13,78.64,79.12,25110.38
2025-12-27 20:00:00,79.13,79.34,78.9,79.24,43227.66
2025-12-27 21:00:00,79.24,79.66,79.13,79.49,52038.645
2025-12-27 22:00:00,79.5,79.99,79.21,79.39,70154.112
2025-12-27 23:00:00,79.4,80.56,79.4,80.29,71259.279
2025-12-28 00:00:00,80.28,80.58,80.09,80.23,81781.853
2025-12-28 01:00:00,80.24,80.39,79.75,79.83,41456.38
2025-12-28 02:00:00,79.83,79.88,79.62,79.65,35481.216
2025-12-28 03:00:00,79.65,79.66,79.31,79.34,47365.64
2025-12-28 04:00:00,79.35,79.51,79.18,79.25,34049.86
2025-12-28 05:00:00,79.24,79.3,79.02,79.1,38151.874
2025-12-28 06:00:00,79.1,79.55,79.09,79.48,37786.002
2025-12-28 07:00:00,79.48,79.9,79.42,79.65,49702.398
2025-12-28 08:00:00,79.65,80.1,79.6,79.81,50914.688
2025-12-28 09:00:00,79.8,79.82,79.25,79.3,43680.092
2025-12-28 10:00:00,79.3,79.51,79.23,79.29,26313.57
2025-12-28 11:00:00,79.3,79.45,79.12,79.24,51435.709
2025-12-28 12:00:00,79.24,79.38,78.86,78.96,53430.726
2025-12-28 13:00:00,78.96,79.2,78.9,78.99,34325.266
2025-12-28 14:00:00,78.99,79.53,78.98,79.31,39864.835
2025-12-28 15:00:00,79.31,79.48,79.26,79.33,24792.997
2025-12-28 16:00:00,79.34,79.59,79.06,79.24,45505.097
2025-12-28 17:00:00,79.24,79.66,79.23,79.39,33077.72
2025-12-28 18:00:00,79.4,79.43,78.22,78.27,118997.011
2025-12-28 19:00:00,78.27,78.53,78.15,78.25,39633.843
2025-12-28 20:00:00,78.25,78.51,78.06,78.16,50792.624
2025-12-28 21:00:00,78.16,78.24,77.82,78.11,78181.807
2025-12-28 22:00:00,78.12,78.48,77.9,78.32,62861.35
2025-12-28 23:00:00,78.32,78.72,78.12,78.68,37119.425
2025-12-29 00:00:00,78.68,79.49,78.39,79.21,92902.789
2025-12-29 01:00:00,79.21,79.55,78.77,79.25,63405.772
2025-12-29 02:00:00,79.25,79.86,78.87,79.01,91288.417
2025-12-29 03:00:00,79.02,80.14,79.02,80.08,90234.987
2025-12-29 04:00:00,80.07,80.2,79.67,79.72,76591.249
2025-12-29 05:00:00,79.73,79.84,79.49,79.49,43561.049
2025-12-29 06:00:00,79.49,79.88,79.01,79.06,52044.208
2025-12-29 07:00:00,79.07,79.23,78.54,79.17,111816.458
2025-12-29 08:00:00,79.17,79.24,78.77,78.85,67690.823
2025-12-29 09:00:00,78.85,78.87,77.56,78.13,126781.69
2025-12-29 10:00:00,78.12,78.43,77.87,78.1,93892.39
2025-12-29 11:00:00,78.1,78.11,77.73,77.8,38785.802
2025-12-29 12:00:00,77.8,77.9,76.85,77.65,146388.072
2025-12-29 13:00:00,77.65,77.72,77.18,77.38,50758.443
2025-12-29 14:00:00,77.39,78.26,77.25,77.94,144767.332
2025-12-29 15:00:00,77.93,78.51,77.76,78.21,97498.368
2025-12-29 16:00:00,78.2,78.37,77.62,77.89,54161.772
2025-12-29 17:00:00,77.89,78.25,77.74,78.22,41937.266
2025-12-29 18:00:00,78.21,78.29,77.31,77.47,41683.108
2025-12-29 19:00:00,77.47,78.0,77.4,77.88,49074.978
2025-12-29 20:00:00,77.89,78.32,77.8,78.01,44133.352
2025-12-29 21:00:00,78.0,78.34,77.94,78.24,35514.796
2025-12-29 22:00:00,78.23,78.42,78.1,78.33,21784.776
2025-12-29 23:00:00,78.33,78.57,78.17,78.3,40144.198
2025-12-30 00:00:00,78.29,78.33,77.78,78.24,31138.179
2025-12-30 01:00:00,78.23,78.56,77.97,78.29,26696.222
2025-12-30 02:00:00,78.3,78.38,77.75,77.99,32392.608
2025-12-30 03:00:00,77.98,78.32,77.66,78.16,37196.984
2025-12-30 04:00:00,78.16,78.52,78.05,78.26,40358.945
2025-12-30 05:00:00,78.25,78.39,78.04,78.14,25425.787
2025-12-30 06:00:00,78.14,78.43,78.11,78.12,31069.985
2025-12-30 07:00:00,78.11,78.27,78.0,78.23,22496.335
2025-12-30 08:00:00,78.23,78.81,77.95,77.98,93363.425
2025-12-30 09:00:00,77.99,78.29,77.91,78.1,39976.403
2025-12-30 10:00:00,78.1,78.23,77.87,78.02,28553.496
2025-12-30 11:00:00,78.01,78.13,77.9,78.0,18879.531
2025-12-30 12:00:00,78.01,78.04,77.71,77.79,27250.03
2025-12-30 13:00:00,77.79,78.29,77.76,78.21,32912.474
2025-12-30 14:00:00,78.21,78.69,77.78,78.58,82773.73
2025-12-30 15:00:00,78.57,78.74,78.03,78.64,69141.422
2025-12-30 16:00:00,78.64,78.74,78.18,78.29,71418.84
2025-12-30 17:00:00,78.29,78.4,77.87,78.02,36081.147
2025-12-30 18:00:00,78.02,78.16,77.8,78.02,25621.73
2025-12-30 19:00:00,78.01,78.22,77.57,78.15,38606.04
2025-12-30 20:00:00,78.14,78.19,77.74,77.77,25328.749
2025-12-30 21:00:00,77.76,78.04,77.72,77.95,24778.927
2025-12-30 22:00:00,77.95,78.13,77.9,78.08,17920.717
2025-12-30 23:00:00,78.07,79.0,78.02,78.84,62560.719
2025-12-31 00:00:00,78.84,78.85,77.85,78.07,72769.587
2025-12-31 01:00:00,78.06,78.55,77.97,78.17,31632.127
2025-12-31 02:00:00,78.16,78.27,78.01,78.06,22630.62
2025-12-31 03:00:00,78.06,78.22,77.8,78.08,34907.979
2025-12-31 04:00:00,78.09,78.14,77.91,78.0,19680.991
2025-12-31 05:00:00,78.0,78.2,77.99,78.11,14850.151
2025-12-31 06:00:00,78.12,78.28,78.07,78.27,17661.691
2025-12-31 07:00:00,78.27,78.37,78.11,78.18,32197.989
2025-12-31 08:00:00,78.18,78.4,77.74,77.87,57123.203
2025-12-31 09:00:00,77.87,78.19,77.87,77.99,28898.088
2025-12-31 10:00:00,77.98,78.23,77.91,78.02,25365.101
2025-12-31 11:00:00,78.02,78.29,77.98,78.22,26150.376
2025-12-31 12:00:00,78.22,78.24,77.84,78.0,28377.506
2025-12-31 13:00:00,77.99,78.24,77.94,78.18,20407.797
2025-12-31 14:00:00,78.19,78.49,78.06,78.19,65003.979
2025-12-31 15:00:00,78.19,78.2,77.15,77.57,125811.523
2025-12-31 16:00:00,77.58,77.58,76.44,76.88,128048.678
2025-12-31 17:00:00,76.88,76.9,76.31,76.41,82963.444
2025-12-31 18:00:00,76.41,76.94,76.28,76.7,43503.034
2025-12-31 19:00:00,76.7,76.9,76.52,76.53,24844.188
2025-12-31 20:00:00,76.53,76.77,76.03,76.69,65741.732
2025-12-31 21:00:00,76.7,76.86,76.6,76.82,21595.692
2025-12-31 22:00:00,76.82,76.98,76.66,76.83,45619.43
2025-12-31 23:00:00,76.82,76.89,76.7,76.82,18892.799
2026-01-01 00:00:00,76.82,77.08,76.73,77.0,33985.899
2026-01-01 01:00:00,76.99,77.32,76.95,77.25,29467.957
2026-01-01 02:00:00,77.25,77.27,77.04,77.11,24427.176
2026-01-01 03:00:00,77.11,77.25,76.83,76.88,29193.614
2026-01-01 04:00:00,76.89,76.89,76.64,76.75,25992.25
2026-01-01 05:00:00,76.75,77.31,76.74,77.17,31578.348
2026-01-01 06:00:00,77.17,77.27,77.07,77.21,31951.111
2026-01-01 07:00:00,77.21,77.31,77.04,77.13,33882.437
2026-01-01 08:00:00,77.12,77.5,77.1,77.46,23633.338
2026-01-01 09:00:00,77.47,77.62,77.39,77.58,30299.01
2026-01-01 10:00:00,77.57,77.58,77.39,77.47,25810.275
2026-01-01 11:00:00,77.47,77.79,77.38,77.75,23525.244
2026-01-01 12:00:00,77.75,77.76,77.47,77.57,25264.19
2026-01-01 13:00:00,77.57,78.01,77.55,77.97,40943.782
2026-01-01 14:00:00,77.98,78.31,77.87,78.09,59722.028
2026-01-01 15:00:00,78.1,79.18,78.07,78.81,119341.146
2026-01-01 16:00:00,78.82,79.09,78.62,78.84,89723.257
2026-01-01 17:00:00,78.83,79.19,78.55,78.94,83578.168
2026-01-01 18:00:00,78.94,79.11,78.89,79.0,35675.219
2026-01-01 19:00:00,79.01,79.43,78.98,79.41,42319.646
2026-01-01 20:00:00,79.41,79.63,79.3,79.45,56289.472
2026-01-01 21:00:00,79.46,79.64,79.23,79.61,46625.243
2026-01-01 22:00:00,79.61,79.89,79.49,79.85,33987.341
2026-01-01 23:00:00,79.86,80.0,79.62,79.92,58952.613
2026-01-02 00:00:00,79.92,80.0,79.51,79.67,60347.185
2026-01-02 01:00:00,79.66,79.75,79.03,79.36,61440.785
2026-01-02 02:00:00,79.36,79.5,79.15,79.47,26405.955
2026-01-02 03:00:00,79.47,80.32,79.41,80.12,74532.793
2026-01-02 04:00:00,80.13,80.25,79.61,79.67,35951.487
2026-01-02 05:00:00,79.68,79.84,79.47,79.81,26818.099
2026-01-02 06:00:00,79.82,79.89,79.41,79.42,50638.262
2026-01-02 07:00:00,79.42,79.51,79.16,79.29,37984.135
2026-01-02 08:00:00,79.28,79.56,79.25,79.47,46992.409
2026-01-02 09:00:00,79.48,80.53,79.4,80.22,92280.829
2026-01-02 10:00:00,80.23,80.51,79.65,79.97,98532.921
2026-01-02 11:00:00,79.98,79.98,79.4,79.63,51396.776
2026-01-02 12:00:00,79.63,80.23,79.6,80.1,45877.573
2026-01-02 13:00:00,80.09,80.25,79.89,80.02,46498.733
2026-01-02 14:00:00,80.01,81.16,79.6,80.49,150297.178
2026-01-02 15:00:00,80.48,80.75,79.78,80.51,99197.897
2026-01-02 16:00:00,80.5,81.48,80.4,81.48,161366.714
2026-01-02 17:00:00,81.47,81.6,80.78,81.25,115814.371
2026-01-02 18:00:00,81.25,81.53,80.82,81.12,51931.947
2026-01-02 19:00:00,81.12,81.33,81.04,81.27,31778.346
2026-01-02 20:00:00,81.27,81.42,80.96,81.16,50084.208
2026-01-02 21:00:00,81.16,81.8,81.16,81.78,57365.383
2026-01-02 22:00:00,81.78,82.21,81.73,82.07,60700.674
2026-01-02 23:00:00,82.06,82.08,81.72,81.88,54583.486
2026-01-03 00:00:00,81.88,82.23,81.83,82.01,34587.458
2026-01-03 01:00:00,82.0,82.53,81.98,82.5,40716.381
2026-01-03 02:00:00,82.51,82.79,82.06,82.65,47648.062
2026-01-03 03:00:00,82.65,82.7,82.07,82.64,54081.709
2026-01-03 04:00:00,82.65,82.65,82.36,82.44,42543.989
2026-01-03 05:00:00,82.45,82.64,81.91,82.52,74327.997
2026-01-03 06:00:00,82.51,82.78,81.92,82.22,49736.375
2026-01-03 07:00:00,82.21,82.36,80.97,81.33,137858.204
2026-01-03 08:00:00,81.32,81.82,81.21,81.3,150061.725
2026-01-03 09:00:00,81.3,81.61,81.22,81.36,52812.033
2026-01-03 10:00:00,81.37,81.75,81.11,81.4,82034.472
2026-01-03 11:00:00,81.4,81.42,81.13,81.35,43253.364
2026-01-03 12:00:00,81.35,81.6,81.19,81.52,26901.282
2026-01-03 13:00:00,81.52,81.91,81.44,81.78,47676.491
2026-01-03 14:00:00,81.79,81.9,80.71,81.19,85358.219
2026-01-03 15:00:00,81.2,81.38,80.98,81.21,53875.788
2026-01-03 16:00:00,81.21,82.05,81.12,81.93,43200.934
2026-01-03 17:00:00,81.94,82.32,81.85,82.19,39264.369
2026-01-03 18:00:00,82.2,82.51,82.08,82.37,39804.673
2026-01-03 19:00:00,82.37,82.37,82.14,82.19,15937.254
2026-01-03 20:00:00,82.2,82.39,81.88,82.3,24240.778
2026-01-03 21:00:00,82.31,82.44,82.1,82.13,27391.114
2026-01-03 22:00:00,82.13,82.49,82.04,82.35,15740.665
2026-01-03 23:00:00,82.36,82.4,81.99,82.04,19516.07
2026-01-04 00:00:00,82.04,82.75,81.91,82.45,70198.265
2026-01-04 01:00:00,82.45,82.51,81.98,82.23,35450.829
2026-01-04 02:00:00,82.22,82.31,82.01,82.14,26041.773
2026-01-04 03:00:00,82.14,82.64,82.1,82.48,43704.836
2026-01-04 04:00:00,82.49,82.68,82.36,82.39,27365.423
2026-01-04 05:00:00,82.39,82.53,82.18,82.51,25193.266
2026-01-04 06:00:00,82.51,82.8,82.03,82.15,56808.286
2026-01-04 07:00:00,82.16,82.42,82.02,82.15,37980.052
2026-01-04 08:00:00,82.16,82.17,81.68,82.11,59585.39
2026-01-04 09:00:00,82.12,82.69,81.97,82.5,49489.123
2026-01-04 10:00:00,82.5,82.68,82.27,82.27,55012.196
2026-01-04 11:00:00,82.27,82.53,82.06,82.5,40581.198
2026-01-04 12:00:00,82.5,83.05,82.32,82.57,83162.321
2026-01-04 13:00:00,82.56,82.64,82.07,82.62,46457.544
2026-01-04 14:00:00,82.62,82.77,82.11,82.26,95937.033
2026-01-04 15:00:00,82.26,82.74,82.18,82.63,46510.15
2026-01-04 16:00:00,82.62,83.15,82.56,82.96,59494.08
2026-01-04 17:00:00,82.96,83.02,82.58,82.85,44488.201
2026-01-04 18:00:00,82.86,82.95,82.13,82.43,57229.236
2026-01-04 19:00:00,82.43,82.43,81.57,82.13,79529.003
2026-01-04 20:00:00,82.12,82.25,81.99,82.12,21278.933
2026-01-04 21:00:00,82.11,82.41,81.71,81.94,33398.444
2026-01-04 22:00:00,81.93,82.12,81.77,81.98,20465.909
2026-01-04 23:00:00,81.98,82.4,81.92,82.2,32941.957
2026-01-05 00:00:00,82.21,82.93,82.13,82.72,76580.868
2026-01-05 01:00:00,82.73,83.55,82.54,83.25,105782.741
2026-01-05 02:00:00,83.26,83.6,82.14,82.4,147993.38
2026-01-05 03:00:00,82.39,82.63,82.25,82.57,71253.789
2026-01-05 04:00:00,82.58,82.73,81.39,81.96,127776.813
2026-01-05 05:00:00,81.95,82.16,81.66,81.7,50790.802
2026-01-05 06:00:00,81.69,82.23,81.45,82.09,76484.399
2026-01-05 07:00:00,82.09,82.49,81.92,82.35,39569.0
2026-01-05 08:00:00,82.35,82.47,81.89,82.14,37771.716
2026-01-05 09:00:00,82.15,82.19,81.69,81.83,52920.703
2026-01-05 10:00:00,81.84,82.2,81.55,81.65,56178.478
2026-01-05 11:00:00,81.65,82.05,81.57,81.98,30692.004
2026-01-05 12:00:00,81.98,82.12,81.58,81.97,50708.5
2026-01-05 13:00:00,81.98,82.12,81.58,81.86,49162.625
2026-01-05 14:00:00,81.85,82.9,81.64,82.73,158536.682
2026-01-05 15:00:00,82.73,83.63,82.62,83.39,176849.972
2026-01-05 16:00:00,83.39,83.61,82.77,82.89,90251.091
2026-01-05 17:00:00,82.9,83.4,82.03,83.29,123182.058
2026-01-05 18:00:00,83.29,83.83,82.95,83.78,89326.351
2026-01-05 19:00:00,83.78,84.1,83.45,83.64,121203.053
2026-01-05 20:00:00,83.65,84.57,83.58,83.91,102618.944
2026-01-05 21:00:00,83.9,84.01,83.48,83.66,40311.58
2026-01-05 22:00:00,83.66,84.23,83.55,84.02,59031.787
2026-01-05 23:00:00,84.02,84.03,83.42,83.42,44744.001
2026-01-06 00:00:00,83.42,83.7,82.77,83.62,73904.136
2026-01-06 01:00:00,83.62,84.09,83.27,83.34,61165.053
2026-01-06 02:00:00,83.34,83.76,83.22,83.52,32878.53
2026-01-06 03:00:00,83.52,83.97,83.5,83.79,28935.398
2026-01-06 04:00:00,83.8,83.94,83.46,83.63,45287.288
2026-01-06 05:00:00,83.63,83.76,83.31,83.36,31823.124
2026-01-06 06:00:00,83.36,83.96,83.29,83.65,62386.017
2026-01-06 07:00:00,83.66,83.72,82.76,83.02,65463.698
2026-01-06 08:00:00,83.02,83.3,82.92,82.99,44533.412
2026-01-06 09:00:00,82.99,83.29,82.9,83.03,28674.445
2026-01-06 10:00:00,83.03,83.25,82.87,83.19,37564.505
2026-01-06 11:00:00,83.2,83.77,83.11,83.75,45168.427
2026-01-06 12:00:00,83.76,84.32,83.71,84.2,63731.72
2026-01-06 13:00:00,84.21,84.33,83.73,83.87,67907.575
2026-01-06 14:00:00,83.88,84.85,83.55,83.93,218036.39
2026-01-06 15:00:00,83.92,84.47,83.18,83.49,161553.859
2026-01-06 16:00:00,83.49,83.57,81.84,82.57,201883.998
2026-01-06 17:00:00,82.56,82.91,81.16,81.36,168770.747
2026-01-06 18:00:00,81.35,82.55,81.12,82.48,80397.413
2026-01-06 19:00:00,82.47,82.76,82.34,82.41,38806.216
2026-01-06 20:00:00,82.4,82.97,82.4,82.7,49848.458
2026-01-06 21:00:00,82.71,84.1,82.56,83.74,96204.647
2026-01-06 22:00:00,83.74,83.93,83.38,83.61,35319.185
2026-01-06 23:00:00,83.62,84.08,83.57,83.93,37565.919
2026-01-07 00:00:00,83.93,83.95,82.89,82.94,61724.279
2026-01-07 01:00:00,82.94,83.19,82.65,82.82,47159.842
2026-01-07 02:00:00,82.82,83.56,82.65,83.56,45862.179
2026-01-07 03:00:00,83.56,83.72,83.21,83.27,29914.67
2026-01-07 04:00:00,83.27,83.52,83.1,83.15,26323.989
2026-01-07 05:00:00,83.16,83.29,82.89,82.94,29599.748
2026-01-07 06:00:00,82.95,83.14,82.8,82.81,21487.577
2026-01-07 07:00:00,82.82,83.59,82.82,83.46,41307.083
2026-01-07 08:00:00,83.46,83.91,83.26,83.79,70672.952
2026-01-07 09:00:00,83.79,83.83,82.52,82.75,126207.647
2026-01-07 10:00:00,82.75,82.98,82.56,82.72,51882.754
2026-01-07 11:00:00,82.72,82.83,82.57,82.72,30623.965
2026-01-07 12:00:00,82.71,82.75,82.02,82.59,112044.807
2026-01-07 13:00:00,82.59,82.86,82.32,82.44,47697.826
2026-01-07 14:00:00,82.45,82.46,81.22,82.19,198503.617
2026-01-07 15:00:00,82.2,82.21,81.22,81.51,115199.041
2026-01-07 16:00:00,81.51,81.89,81.11,81.48,84255.984
2026-01-07 17:00:00,81.49,81.9,81.3,81.4,40862.267
2026-01-07 18:00:00,81.41,81.78,81.15,81.39,49242.504
2026-01-07 19:00:00,81.38,81.61,80.88,81.42,102538.195
2026-01-07 20:00:00,81.42,81.57,81.13,81.34,30442.729
2026-01-07 21:00:00,81.33,81.57,81.32,81.45,19606.871
2026-01-07 22:00:00,81.45,81.9,81.22,81.42,37321.506
2026-01-07 23:00:00,81.42,81.94,81.17,81.65,35046.081
2026-01-08 00:00:00,81.66,81.94,81.44,81.84,46066.958
2026-01-08 01:00:00,81.85,82.27,81.81,82.1,44199.869
2026-01-08 02:00:00,82.1,82.27,81.64,81.83,40240.633
2026-01-08 03:00:00,81.84,82.02,81.13,81.25,43404.911
2026-01-08 04:00:00,81.25,81.86,81.15,81.65,41174.214
2026-01-08 05:00:00,81.66,82.01,81.57,81.66,37227.064
2026-01-08 06:00:00,81.67,81.76,80.55,80.55,160687.457
2026-01-08 07:00:00,80.55,81.3,80.23,81.27,108646.575
2026-01-08 08:00:00,81.26,81.57,80.79,80.9,70056.341
2026-01-08 09:00:00,80.91,81.11,80.45,80.55,50366.725
2026-01-08 10:00:00,80.56,81.16,80.18,81.0,72144.736
2026-01-08 11:00:00,81.0,81.06,80.34,80.88,94886.744
2026-01-08 12:00:00,80.88,80.88,80.35,80.45,54589.441
2026-01-08 13:00:00,80.46,80.79,80.32,80.63,60539.01
2026-01-08 14:00:00,80.63,80.91,79.88,80.69,167401.094
2026-01-08 15:00:00,80.7,81.38,80.34,81.32,91411.731
2026-01-08 16:00:00,81.32,81.46,80.73,81.39,73292.826
2026-01-08 17:00:00,81.4,81.62,81.11,81.56,54914.822
2026-01-08 18:00:00,81.56,81.64,81.23,81.34,30774.72
2026-01-08 19:00:00,81.35,81.57,80.9,80.99,28737.282
2026-01-08 20:00:00,80.99,81.05,80.4,80.98,63932.238
2026-01-08 21:00:00,80.98,81.39,80.91,81.31,24468.853
2026-01-08 22:00:00,81.32,81.62,81.14,81.5,29788.193
2026-01-08 23:00:00,81.51,81.55,81.2,81.26,18087.568
2026-01-09 00:00:00,81.26,81.76,81.25,81.69,36616.64
2026-01-09 01:00:00,81.7,82.07,81.1,81.33,105369.275
2026-01-09 02:00:00,81.33,81.79,81.18,81.22,28133.912
2026-01-09 03:00:00,81.22,81.82,81.15,81.8,32616.225
2026-01-09 04:00:00,81.8,81.93,81.52,81.56,28376.997
2026-01-09 05:00:00,81.56,81.67,81.32,81.58,22814.069
2026-01-09 06:00:00,81.59,81.87,81.45,81.81,24467.055
2026-01-09 07:00:00,81.82,81.82,81.49,81.5,27527.546
2026-01-09 08:00:00,81.51,81.74,80.48,80.87,92721.565
2026-01-09 09:00:00,80.87,81.24,80.8,81.01,36984.824
2026-01-09 10:00:00,81.01,81.24,80.93,81.17,20414.464
2026-01-09 11:00:00,81.17,81.41,81.02,81.14,20173.335
2026-01-09 12:00:00,81.15,81.23,80.87,80.95,31852.547
2026-01-09 13:00:00,80.96,81.6,80.88,80.97,72634.904
2026-01-09 14:00:00,80.97,80.99,79.89,80.66,215631.036
2026-01-09 15:00:00,80.67,81.81,80.31,81.3,182592.993
2026-01-09 16:00:00,81.3,81.95,81.29,81.82,81540.163
2026-01-09 17:00:00,81.83,81.9,81.23,81.8,48293.554
2026-01-09 18:00:00,81.79,81.87,80.96,81.43,52700.745
2026-01-09 19:00:00,81.43,81.43,80.7,80.97,38660.847
2026-01-09 20:00:00,80.96,81.24,80.85,80.89,25051.476
2026-01-09 21:00:00,80.9,81.43,80.79,81.38,24030.581
2026-01-09 22:00:00,81.38,81.59,81.23,81.54,24119.011
2026-01-09 23:00:00,81.54,81.64,81.39,81.46,22515.942
2026-01-10 00:00:00,81.46,81.5,81.2,81.3,25267.495
2026-01-10 01:00:00,81.31,81.52,81.3,81.51,14224.528
2026-01-10 02:00:00,81.52,81.55,80.98,81.17,25052.38
2026-01-10 03:00:00,81.17,81.18,80.88,81.09,22011.696
2026-01-10 04:00:00,81.1,81.1,80.76,80.83,28347.707
2026-01-10 05:00:00,80.84,81.02,80.76,80.97,29193.728
2026-01-10 06:00:00,80.98,81.18,80.8,81.1,21264.879
2026-01-10 07:00:00,81.11,81.6,81.1,81.56,45282.859
2026-01-10 08:00:00,81.57,81.57,81.27,81.43,22845.041
2026-01-10 09:00:00,81.43,81.67,81.39,81.62,27116.72
2026-01-10 10:00:00,81.62,81.74,81.45,81.66,44528.244
2026-01-10 11:00:00,81.65,81.79,81.52,81.78,25227.643
2026-01-10 12:00:00,81.79,81.85,81.6,81.84,20473.302
2026-01-10 13:00:00,81.84,82.28,81.74,82.11,79547.151
2026-01-10 14:00:00,82.11,82.41,81.47,81.64,113751.878
2026-01-10 15:00:00,81.64,81.84,81.41,81.51,32978.499
2026-01-10 16:00:00,81.5,81.61,81.35,81.52,24924.607
2026-01-10 17:00:00,81.52,81.68,80.97,81.05,75534.807
2026-01-10 18:00:00,81.05,81.3,81.02,81.21,23891.337
2026-01-10 19:00:00,81.22,81.35,81.18,81.33,16721.946
2026-01-10 20:00:00,81.34,81.39,81.28,81.36,17143.559
2026-01-10 21:00:00,81.35,81.35,81.02,81.05,24386.86
2026-01-10 22:00:00,81.05,81.24,80.82,80.89,27194.379
2026-01-10 23:00:00,80.89,81.24,80.88,81.15,26311.478
2026-01-11 00:00:00,81.14,81.31,81.03,81.26,24159.907
2026-01-11 01:00:00,81.26,81.44,81.13,81.38,28477.946
2026-01-11 02:00:00,81.39,81.67,81.33,81.45,39296.553
2026-01-11 03:00:00,81.45,81.77,81.41,81.69,25421.815
2026-01-11 04:00:00,81.7,81.71,81.22,81.41,25528.276
2026-01-11 05:00:00,81.41,81.52,81.25,81.39,21229.14
2026-01-11 06:00:00,81.4,81.45,81.05,81.36,39469.26
2026-01-11 07:00:00,81.36,81.4,81.01,81.22,117226.845
2026-01-11 08:00:00,81.22,81.37,81.06,81.25,38173.069
2026-01-11 09:00:00,81.25,81.37,81.15,81.24,21017.21
2026-01-11 10:00:00,81.24,81.46,81.12,81.19,21478.373
2026-01-11 11:00:00,81.2,81.22,80.9,81.01,44345.16
2026-01-11 12:00:00,81.02,81.29,80.96,81.18,35372.336
2026-01-11 13:00:00,81.18,81.24,80.82,80.87,40610.503
2026-01-11 14:00:00,80.87,81.25,80.73,81.13,56595.699
2026-01-11 15:00:00,81.14,81.21,80.32,80.5,102136.454
2026-01-11 16:00:00,80.51,81.13,80.42,80.77,68938.905
2026-01-11 17:00:00,80.78,80.97,80.36,80.62,32295.449
2026-01-11 18:00:00,80.62,80.76,80.26,80.69,46679.522
2026-01-11 19:00:00,80.69,80.79,80.21,80.24,34182.473
2026-01-11 20:00:00,80.25,80.25,79.61,79.94,153645.864
2026-01-11 21:00:00,79.94,79.94,79.18,79.31,123854.577
2026-01-11 22:00:00,79.31,79.31,78.7,78.83,90637.914
2026-01-11 23:00:00,78.83,79.47,78.46,78.76,166769.475
2026-01-12 00:00:00,78.76,78.83,77.68,78.5,224213.006
2026-01-12 01:00:00,78.49,79.03,78.09,78.64,136369.649
2026-01-12 02:00:00,78.64,79.36,78.47,79.16,117155.998
2026-01-12 03:00:00,79.17,79.93,79.05,79.22,136159.468
2026-01-12 04:00:00,79.21,80.07,78.92,80.02,110800.627
2026-01-12 05:00:00,80.02,80.73,79.87,79.98,138140.542
2026-01-12 06:00:00,79.98,80.17,79.28,79.53,98245.796
2026-01-12 07:00:00,79.54,79.74,78.53,78.55,110109.888
2026-01-12 08:00:00,78.55,78.97,77.79,78.26,182067.909
2026-01-12 09:00:00,78.27,78.34,78.01,78.14,68392.939
2026-01-12 10:00:00,78.15,78.32,77.27,77.49,128832.141
2026-01-12 11:00:00,77.49,77.94,77.47,77.58,68838.256
2026-01-12 12:00:00,77.59,77.59,76.11,76.33,313497.834
2026-01-12 13:00:00,76.34,76.5,75.49,76.13,294798.319
2026-01-12 14:00:00,76.14,77.08,76.06,76.88,246213.637
2026-01-12 15:00:00,76.89,77.4,76.54,77.14,200312.995
2026-01-12 16:00:00,77.14,77.7,76.64,76.84,185545.552
2026-01-12 17:00:00,76.83,77.08,76.41,76.95,166584.196
2026-01-12 18:00:00,76.96,76.98,75.9,76.56,155442.652
2026-01-12 19:00:00,76.55,76.6,75.87,76.19,157112.51
2026-01-12 20:00:00,76.19,76.66,75.95,76.0,91405.369
2026-01-12 21:00:00,76.0,76.61,75.9,76.24,108922.384
2026-01-12 22:00:00,76.24,76.68,75.97,75.99,67991.099
2026-01-12 23:00:00,75.98,76.24,75.83,76.07,95786.301
2026-01-13 00:00:00,76.07,76.35,75.82,75.98,119268.209
2026-01-13 01:00:00,75.98,76.25,75.73,76.22,79425.049
2026-01-13 02:00:00,76.21,76.62,75.87,76.13,72271.069
2026-01-13 03:00:00,76.12,76.49,76.04,76.19,52957.39
2026-01-13 04:00:00,76.2,76.59,76.18,76.48,51329.088
2026-01-13 05:00:00,76.48,76.77,76.25,76.48,102859.42
2026-01-13 06:00:00,76.47,76.75,76.13,76.67,77267.47
2026-01-13 07:00:00,76.66,77.16,76.37,76.77,136672.746
2026-01-13 08:00:00,76.76,76.98,76.0,76.52,116729.267
2026-01-13 09:00:00,76.52,76.77,75.92,76.13,143235.023
2026-01-13 10:00:00,76.13,76.32,75.24,75.58,219068.993
2026-01-13 11:00:00,75.58,76.5,75.5,76.29,136471.909
2026-01-13 12:00:00,76.28,76.7,76.1,76.7,117593.03
2026-01-13 13:00:00,76.69,76.95,76.19,76.33,272727.206
2026-01-13 14:00:00,76.32,77.43,76.06,76.57,240948.188
2026-01-13 15:00:00,76.57,77.08,75.93,77.01,304557.276
2026-01-13 16:00:00,77.02,77.91,76.87,77.52,329047.182
2026-01-13 17:00:00,77.52,77.63,76.65,76.65,169875.119
2026-01-13 18:00:00,76.66,76.76,75.86,76.2,268443.173
2026-01-13 19:00:00,76.2,77.21,76.11,77.21,140483.13
2026-01-13 20:00:00,77.21,77.45,76.3,76.77,234745.638
2026-01-13 21:00:00,76.77,77.2,76.43,77.14,119913.988
2026-01-13 22:00:00,77.14,78.94,76.93,78.38,616305.682
2026-01-13 23:00:00,78.39,78.9,77.72,78.15,211723.423
2026-01-14 00:00:00,78.14,78.6,77.64,78.15,222742.049
2026-01-14 01:00:00,78.15,78.8,77.83,78.09,179714.423
2026-01-14 02:00:00,78.09,78.64,77.89,78.22,104232.796
2026-01-14 03:00:00,78.23,79.36,78.1,79.28,180147.931
2026-01-14 04:00:00,79.29,79.4,78.26,78.62,277451.459
2026-01-14 05:00:00,78.62,78.91,78.31,78.63,110316.289
2026-01-14 06:00:00,78.64,79.08,78.04,79.03,118807.607
2026-01-14 07:00:00,79.03,79.35,78.81,79.02,100475.014
2026-01-14 08:00:00,79.02,79.32,78.54,78.79,114818.537
2026-01-14 09:00:00,78.8,79.58,78.66,78.68,262377.747
2026-01-14 10:00:00,78.68,79.16,78.32,78.37,194525.677
2026-01-14 11:00:00,78.37,78.48,77.73,77.86,134366.038
2026-01-14 12:00:00,77.86,78.86,77.82,78.74,123751.624
2026-01-14 13:00:00,78.74,79.15,78.39,78.58,195735.458
2026-01-14 14:00:00,78.59,79.66,78.55,79.24,284381.876
2026-01-14 15:00:00,79.23,80.92,78.9,79.69,445528.035
2026-01-14 16:00:00,79.7,80.26,79.14,79.31,299378.821
2026-01-14 17:00:00,79.31,79.45,78.01,78.23,334445.96
2026-01-14 18:00:00,78.22,78.62,77.52,77.89,315825.007
2026-01-14 19:00:00,77.88,78.58,77.41,77.49,294027.62
2026-01-14 20:00:00,77.5,78.0,76.89,77.62,219037.324
2026-01-14 21:00:00,77.62,77.97,77.23,77.62,141084.664
2026-01-14 22:00:00,77.61,77.92,76.24,76.59,309638.275
2026-01-14 23:00:00,76.6,77.24,76.06,76.63,255127.025
2026-01-15 00:00:00,76.63,76.78,75.88,76.23,196776.328
2026-01-15 01:00:00,76.23,76.72,75.61,75.97,209573.48
2026-01-15 02:00:00,75.96,76.22,75.34,75.74,175873.256
2026-01-15 03:00:00,75.74,75.79,73.0,73.91,779697.869
2026-01-15 04:00:00,73.9,74.54,73.85,74.31,189768.4
2026-01-15 05:00:00,74.31,74.74,74.28,74.6,118013.413
2026-01-15 06:00:00,74.6,74.72,74.04,74.38,120459.415
2026-01-15 07:00:00,74.38,74.77,74.26,74.5,138528.259
2026-01-15 08:00:00,74.5,75.38,74.32,75.13,351616.178
2026-01-15 09:00:00,75.14,77.0,74.57,75.98,447346.599
2026-01-15 10:00:00,75.99,76.19,75.57,75.76,154124.843
2026-01-15 11:00:00,75.76,75.87,75.23,75.61,136905.185
2026-01-15 12:00:00,75.6,75.81,75.28,75.75,87775.086
2026-01-15 13:00:00,75.74,76.09,75.53,75.68,119875.583
2026-01-15 14:00:00,75.67,75.77,74.34,74.79,311712.547
2026-01-15 15:00:00,74.8,75.07,69.3,72.29,1430002.873
2026-01-15 16:00:00,72.28,73.04,71.63,72.89,578788.507
2026-01-15 17:00:00,72.89,73.33,72.45,72.55,223192.081
2026-01-15 18:00:00,72.54,72.75,71.61,71.82,206489.197
2026-01-15 19:00:00,71.83,72.16,71.6,71.99,133043.089
2026-01-15 20:00:00,71.98,72.22,71.06,71.69,206945.264
2026-01-15 21:00:00,71.7,72.25,71.68,72.09,108493.676
2026-01-15 22:00:00,72.09,72.52,71.92,72.19,109557.673
2026-01-15 23:00:00,72.19,72.3,71.95,72.15,73073.373
2026-01-16 00:00:00,72.16,72.45,71.78,71.87,107775.789
2026-01-16 01:00:00,71.88,72.06,71.44,71.94,121156.879
2026-01-16 02:00:00,71.94,72.49,71.52,72.47,130449.617
2026-01-16 03:00:00,72.48,72.58,72.19,72.32,73388.464
2026-01-16 04:00:00,72.32,72.44,71.17,71.71,244233.91
2026-01-16 05:00:00,71.71,72.24,71.58,72.06,138493.299
2026-01-16 06:00:00,72.07,72.22,71.79,72.21,99626.476
2026-01-16 07:00:00,72.22,72.27,71.95,72.16,50870.129
2026-01-16 08:00:00,72.16,72.67,72.16,72.37,88007.229
2026-01-16 09:00:00,72.38,72.49,72.08,72.14,77374.204
2026-01-16 10:00:00,72.15,72.17,71.84,72.05,80015.056
2026-01-16 11:00:00,72.06,72.89,72.03,72.81,129951.282
2026-01-16 12:00:00,72.82,72.88,72.26,72.54,120371.17
2026-01-16 13:00:00,72.55,72.57,72.07,72.45,110423.16
2026-01-16 14:00:00,72.46,72.93,72.42,72.67,147108.136
2026-01-16 15:00:00,72.67,72.78,70.84,71.93,693455.541
2026-01-16 16:00:00,71.93,72.33,71.65,71.8,235108.406
2026-01-16 17:00:00,71.79,72.55,71.58,72.51,157560.929
2026-01-16 18:00:00,72.51,74.29,72.47,74.19,415389.134
2026-01-16 19:00:00,74.19,74.78,73.84,74.22,293302.353
2026-01-16 20:00:00,74.22,74.77,73.55,74.57,211397.547
2026-01-16 21:00:00,74.57,75.12,74.48,75.03,135091.367
2026-01-16 22:00:00,75.03,75.56,74.54,75.49,156077.035
2026-01-16 23:00:00,75.48,76.04,75.08,75.17,216335.209
2026-01-17 00:00:00,75.17,75.65,74.74,75.37,143260.365
2026-01-17 01:00:00,75.37,75.94,74.58,74.76,133286.021
2026-01-17 02:00:00,74.76,74.78,74.31,74.42,88375.692
2026-01-17 03:00:00,74.42,74.5,74.11,74.3,51842.347
2026-01-17 04:00:00,74.31,74.48,73.81,74.47,120894.38
2026-01-17 05:00:00,74.47,74.84,74.45,74.64,49809.18
2026-01-17 06:00:00,74.64,74.96,74.37,74.45,64278.022
2026-01-17 07:00:00,74.45,74.8,74.33,74.71,59532.11
2026-01-17 08:00:00,74.71,75.09,74.67,75.08,80850.754
2026-01-17 09:00:00,75.08,75.2,74.76,74.82,66252.729
2026-01-17 10:00:00,74.82,75.01,74.71,74.91,52511.249
2026-01-17 11:00:00,74.9,74.91,74.44,74.48,74998.178
2026-01-17 12:00:00,74.48,74.64,74.05,74.12,99927.041
2026-01-17 13:00:00,74.12,74.48,73.89,74.43,128098.435
2026-01-17 14:00:00,74.43,75.02,74.28,74.95,102280.733
2026-01-17 15:00:00,74.95,75.03,74.63,74.86,96278.768
2026-01-17 16:00:00,74.86,74.91,74.31,74.6,77989.691
2026-01-17 17:00:00,74.59,74.73,74.37,74.63,44365.281
2026-01-17 18:00:00,74.62,74.98,74.49,74.86,43636.894
2026-01-17 19:00:00,74.85,75.13,74.74,75.1,55307.284
2026-01-17 20:00:00,75.1,75.31,74.96,75.03,42648.657
2026-01-17 21:00:00,75.03,75.04,74.75,74.98,46725.149
2026-01-17 22:00:00,74.98,75.14,74.51,74.71,55062.435
2026-01-17 23:00:00,74.71,74.88,74.66,74.88,48411.172
2026-01-18 00:00:00,74.88,75.15,74.65,75.02,81230.602
2026-01-18 01:00:00,75.03,75.17,74.2,74.45,113927.949
2026-01-18 02:00:00,74.45,74.72,74.32,74.57,40983.268
2026-01-18 03:00:00,74.57,74.99,74.47,74.91,47900.001
2026-01-18 04:00:00,74.92,74.93,74.3,74.56,58253.539
2026-01-18 05:00:00,74.57,75.1,74.51,74.99,50662.722
2026-01-18 06:00:00,74.98,75.15,74.73,74.85,48685.474
2026-01-18 07:00:00,74.85,75.0,74.57,74.91,34184.031
2026-01-18 08:00:00,74.91,75.63,74.7,75.37,148293.516
2026-01-18 09:00:00,75.37,75.68,75.28,75.67,61746.758
2026-01-18 10:00:00,75.67,75.73,75.09,75.6,59315.383
2026-01-18 11:00:00,75.6,75.78,75.35,75.45,81245.812
2026-01-18 12:00:00,75.45,75.85,75.0,75.1,96632.569
2026-01-18 13:00:00,75.09,75.15,74.62,74.8,118402.797
2026-01-18 14:00:00,74.8,75.11,74.41,74.52,118564.949
2026-01-18 15:00:00,74.52,74.86,74.3,74.83,83235.975
2026-01-18 16:00:00,74.83,74.96,74.65,74.9,55463.588
2026-01-18 17:00:00,74.9,75.2,74.57,75.14,77509.155
2026-01-18 18:00:00,75.15,75.51,74.92,75.26,93422.722
2026-01-18 19:00:00,75.26,75.4,75.0,75.06,40443.36
2026-01-18 20:00:00,75.05,75.38,74.94,75.11,42947.08
2026-01-18 21:00:00,75.11,75.19,74.95,75.06,28089.565
2026-01-18 22:00:00,75.06,75.22,74.92,75.2,24753.348
2026-01-18 23:00:00,75.19,75.19,72.0,72.23,541665.634
2026-01-19 00:00:00,72.23,72.26,65.27,69.37,1492184.495
2026-01-19 01:00:00,69.37,69.94,69.24,69.52,200507.642
2026-01-19 02:00:00,69.53,69.97,69.4,69.75,125720.751
2026-01-19 03:00:00,69.75,70.32,69.7,70.18,164357.081
2026-01-19 04:00:00,70.18,70.26,69.78,69.88,104993.214
2026-01-19 05:00:00,69.88,70.24,69.74,70.19,153183.873
2026-01-19 06:00:00,70.19,70.29,69.83,70.06,114241.859
2026-01-19 07:00:00,70.07,70.59,69.92,70.54,66802.264
2026-01-19 08:00:00,70.53,71.22,70.11,70.29,272871.954
2026-01-19 09:00:00,70.29,70.34,69.87,70.09,97365.803
2026-01-19 10:00:00,70.1,70.14,69.86,70.0,103252.078
2026-01-19 11:00:00,70.01,70.46,69.91,70.17,52164.836
2026-01-19 12:00:00,70.17,70.51,69.97,70.14,61389.974
2026-01-19 13:00:00,70.14,70.16,69.59,70.0,151331.037
2026-01-19 14:00:00,69.99,70.82,69.9,70.48,132174.667
2026-01-19 15:00:00,70.48,71.07,70.48,70.63,189851.076
2026-01-19 16:00:00,70.64,71.02,70.26,70.88,104451.507
2026-01-19 17:00:00,70.87,71.48,70.75,71.08,98652.834
2026-01-19 18:00:00,71.08,71.52,70.86,71.3,71695.948
2026-01-19 19:00:00,71.3,71.7,71.25,71.54,57893.208
2026-01-19 20:00:00,71.54,71.68,71.32,71.33,45755.047
2026-01-19 21:00:00,71.33,71.47,71.1,71.14,47673.467
2026-01-19 22:00:00,71.14,71.41,70.69,70.71,72202.482
2026-01-19 23:00:00,70.7,70.95,70.09,70.75,228897.641
2026-01-20 00:00:00,70.76,70.98,70.66,70.75,75534.952
2026-01-20 01:00:00,70.76,71.03,70.47,70.5,84593.435
2026-01-20 02:00:00,70.51,70.56,70.25,70.32,61972.725
2026-01-20 03:00:00,70.32,70.37,69.99,70.2,71455.754
2026-01-20 04:00:00,70.19,70.45,70.01,70.18,77577.242
2026-01-20 05:00:00,70.17,70.73,69.89,70.5,108465.744
2026-01-20 06:00:00,70.5,70.62,69.6,70.09,170567.6
2026-01-20 07:00:00,70.09,70.44,69.37,69.48,156383.131
2026-01-20 08:00:00,69.48,69.62,68.91,69.41,220954.119
2026-01-20 09:00:00,69.4,69.59,69.25,69.53,82776.085
2026-01-20 10:00:00,69.52,69.89,69.36,69.42,81237.101
2026-01-20 11:00:00,69.42,69.71,69.36,69.41,61160.167
2026-01-20 12:00:00,69.41,69.77,69.24,69.53,92439.028
2026-01-20 13:00:00,69.53,69.53,68.84,68.95,146140.118
2026-01-20 14:00:00,68.96,70.0,68.93,69.41,244343.687
2026-01-20 15:00:00,69.4,69.48,68.3,68.65,359877.574
2026-01-20 16:00:00,68.64,69.11,68.01,68.31,180045.413
2026-01-20 17:00:00,68.31,68.84,67.71,68.06,156772.071
2026-01-20 18:00:00,68.06,68.29,67.29,67.65,260339.412
2026-01-20 19:00:00,67.66,67.97,67.36,67.52,69628.297
2026-01-20 20:00:00,67.52,67.78,67.16,67.22,134151.118
2026-01-20 21:00:00,67.22,67.41,66.88,67.13,82464.054
2026-01-20 22:00:00,67.13,67.43,65.64,67.01,250058.015
2026-01-20 23:00:00,67.02,67.24,66.75,67.07,100086.718
2026-01-21 00:00:00,67.08,68.28,67.05,68.19,155826.148
2026-01-21 01:00:00,68.19,68.47,68.06,68.37,98551.158
2026-01-21 02:00:00,68.38,68.88,68.36,68.75,88709.332
2026-01-21 03:00:00,68.76,68.98,68.69,68.81,50049.384
2026-01-21 04:00:00,68.81,68.98,68.73,68.84,40819.829
2026-01-21 05:00:00,68.84,69.35,68.82,69.15,93565.796
2026-01-21 06:00:00,69.16,69.17,68.86,68.93,60036.945
2026-01-21 07:00:00,68.93,69.21,68.77,68.9,74037.735
2026-01-21 08:00:00,68.91,68.91,68.3,68.42,93869.457
2026-01-21 09:00:00,68.42,68.57,67.94,68.54,123476.565
2026-01-21 10:00:00,68.54,68.85,68.44,68.58,57782.459
2026-01-21 11:00:00,68.58,68.6,67.94,68.0,62624.346
2026-01-21 12:00:00,68.0,68.07,67.2,67.88,127481.823
2026-01-21 13:00:00,67.87,68.04,67.38,67.55,74849.48
2026-01-21 14:00:00,67.55,68.95,67.49,68.64,207742.929
2026-01-21 15:00:00,68.63,69.26,68.53,69.08,179355.52
2026-01-21 16:00:00,69.08,69.11,66.51,66.59,301508.687
2026-01-21 17:00:00,66.59,67.06,66.0,66.57,295219.402
2026-01-21 18:00:00,66.57,67.65,66.52,67.32,158718.11
2026-01-21 19:00:00,67.32,69.25,67.15,69.17,245627.751
2026-01-21 20:00:00,69.16,69.27,68.39,68.9,127547.37
2026-01-21 21:00:00,68.91,69.44,68.71,69.21,112167.425
2026-01-21 22:00:00,69.21,69.69,68.85,68.94,91819.514
2026-01-21 23:00:00,68.95,69.23,68.21,68.43,98645.082
2026-01-22 00:00:00,68.43,69.3,68.41,69.16,110175.698
2026-01-22 01:00:00,69.17,69.52,69.09,69.43,56747.699
2026-01-22 02:00:00,69.44,69.62,68.91,68.99,70678.855
2026-01-22 03:00:00,68.99,69.23,68.6,68.61,54315.694
2026-01-22 04:00:00,68.61,68.94,68.5,68.73,58401.659
2026-01-22 05:00:00,68.73,68.76,68.45,68.6,37504.01
2026-01-22 06:00:00,68.61,68.7,68.29,68.6,54228.904
2026-01-22 07:00:00,68.6,68.65,67.95,68.37,66435.221
2026-01-22 08:00:00,68.37,68.71,68.18,68.69,64421.613
2026-01-22 09:00:00,68.69,68.99,68.56,68.87,45885.319
2026-01-22 10:00:00,68.88,68.91,68.58,68.65,46997.808
2026-01-22 11:00:00,68.65,68.72,68.33,68.37,55830.003
2026-01-22 12:00:00,68.37,68.46,68.28,68.32,37707.866
2026-01-22 13:00:00,68.32,68.75,68.27,68.47,87260.63
2026-01-22 14:00:00,68.47,68.71,67.66,67.71,154758.505
2026-01-22 15:00:00,67.71,68.17,67.01,67.98,156082.537
2026-01-22 16:00:00,67.99,68.33,67.75,68.19,75481.603
2026-01-22 17:00:00,68.2,68.34,67.72,68.29,54451.754
2026-01-22 18:00:00,68.29,68.5,67.9,67.93,62902.045
2026-01-22 19:00:00,67.94,68.38,67.79,68.28,36550.559
2026-01-22 20:00:00,68.28,68.42,67.82,68.04,33109.153
2026-01-22 21:00:00,68.05,68.33,67.79,67.95,45739.83
2026-01-22 22:00:00,67.96,68.1,67.74,67.98,44116.423
2026-01-22 23:00:00,67.98,68.19,67.66,68.15,30488.441
2026-01-23 00:00:00,68.16,68.75,68.07,68.59,59691.717
2026-01-23 01:00:00,68.6,69.44,68.57,69.42,69660.901
2026-01-23 02:00:00,69.43,69.55,68.86,68.99,68756.852
2026-01-23 03:00:00,68.99,69.69,68.97,69.3,80162.117
2026-01-23 04:00:00,69.3,69.46,69.13,69.32,48263.151
2026-01-23 05:00:00,69.32,69.32,68.82,68.98,68318.279
2026-01-23 06:00:00,68.99,69.13,68.66,68.71,50825.9
2026-01-23 07:00:00,68.72,68.83,68.54,68.78,32691.309
2026-01-23 08:00:00,68.78,68.84,68.14,68.24,70830.049
2026-01-23 09:00:00,68.24,68.42,68.06,68.24,42635.102
2026-01-23 10:00:00,68.24,68.56,68.14,68.22,69469.084
2026-01-23 11:00:00,68.22,68.55,68.19,68.48,44005.977
2026-01-23 12:00:00,68.49,68.56,68.24,68.34,22919.621
2026-01-23 13:00:00,68.34,68.38,67.87,67.96,47938.024
2026-01-23 14:00:00,67.96,68.03,66.91,67.35,205510.951
2026-01-23 15:00:00,67.36,68.23,67.02,68.2,127705.275
2026-01-23 16:00:00,68.19,68.63,67.73,68.23,124081.202
2026-01-23 17:00:00,68.22,69.16,67.9,68.56,115424.693
2026-01-23 18:00:00,68.57,68.96,68.42,68.65,70990.686
2026-01-23 19:00:00,68.65,68.65,67.73,67.9,130723.964
2026-01-23 20:00:00,67.9,68.03,66.97,67.38,95372.48
2026-01-23 21:00:00,67.38,67.75,67.34,67.44,39303.442
2026-01-23 22:00:00,67.44,68.05,67.41,68.0,37287.463
2026-01-23 23:00:00,67.99,68.1,67.8,68.02,33552.321
2026-01-24 00:00:00,68.01,68.22,67.87,67.87,28694.797
2026-01-24 01:00:00,67.87,68.07,67.84,68.07,23679.448
2026-01-24 02:00:00,68.07,68.24,68.05,68.2,20182.469
2026-01-24 03:00:00,68.2,68.66,68.11,68.57,43152.815
2026-01-24 04:00:00,68.58,68.81,68.52,68.59,41478.53
2026-01-24 05:00:00,68.6,68.66,68.42,68.63,35330.655
2026-01-24 06:00:00,68.64,68.78,68.57,68.74,16725.472
2026-01-24 07:00:00,68.74,68.84,68.47,68.48,33048.751
2026-01-24 08:00:00,68.48,68.76,68.44,68.62,28049.282
2026-01-24 09:00:00,68.62,68.62,68.42,68.51,26061.747
2026-01-24 10:00:00,68.5,68.53,68.32,68.38,26140.093
2026-01-24 11:00:00,68.39,68.61,68.36,68.47,18140.728
2026-01-24 12:00:00,68.48,68.75,68.42,68.59,23597.723
2026-01-24 13:00:00,68.59,68.89,68.57,68.62,37891.533
2026-01-24 14:00:00,68.62,68.84,68.46,68.83,45106.786
2026-01-24 15:00:00,68.84,68.94,68.21,68.27,69221.1
2026-01-24 16:00:00,68.27,68.29,67.69,67.78,79907.593
2026-01-24 17:00:00,67.79,68.17,67.72,68.05,37940.931
2026-01-24 18:00:00,68.06,68.16,67.91,68.03,29060.658
2026-01-24 19:00:00,68.04,68.07,67.75,67.79,38710.834
2026-01-24 20:00:00,67.8,68.11,67.79,68.01,18263.592
2026-01-24 21:00:00,68.01,68.11,67.84,67.98,19174.409
2026-01-24 22:00:00,67.99,68.15,67.92,68.14,17923.646
2026-01-24 23:00:00,68.14,68.24,68.04,68.15,21479.029
2026-01-25 00:00:00,68.14,68.5,68.14,68.46,46262.925
2026-01-25 01:00:00,68.47,68.58,68.13,68.16,37452.737
2026-01-25 02:00:00,68.16,68.42,68.13,68.22,19071.45
2026-01-25 03:00:00,68.23,68.31,67.78,68.09,43376.46
2026-01-25 04:00:00,68.09,68.48,68.01,68.43,34164.384
2026-01-25 05:00:00,68.43,68.78,68.34,68.67,34197.268
2026-01-25 06:00:00,68.67,68.67,68.34,68.4,39196.721
2026-01-25 07:00:00,68.4,68.68,68.23,68.62,46208.004
2026-01-25 08:00:00,68.61,68.91,68.25,68.6,91926.49
2026-01-25 09:00:00,68.6,69.27,68.47,69.1,91759.972
2026-01-25 10:00:00,69.1,70.32,69.03,69.66,209785.114
2026-01-25 11:00:00,69.65,70.08,69.35,69.96,115071.46
2026-01-25 12:00:00,69.96,70.08,69.28,69.66,102027.214
2026-01-25 13:00:00,69.66,70.23,69.53,70.17,87757.857
2026-01-25 14:00:00,70.18,70.27,68.61,68.69,242652.139
2026-01-25 15:00:00,68.69,69.5,68.61,69.46,83310.116
2026-01-25 16:00:00,69.46,69.47,67.97,68.02,300715.03
2026-01-25 17:00:00,68.03,68.17,67.3,67.59,136992.681
2026-01-25 18:00:00,67.6,67.79,66.67,67.21,184205.862
2026-01-25 19:00:00,67.21,67.33,65.59,65.97,295093.59
2026-01-25 20:00:00,65.97,66.45,65.16,65.93,206737.544
2026-01-25 21:00:00,65.93,66.7,65.92,66.67,126212.822
2026-01-25 22:00:00,66.68,66.88,66.08,66.6,104208.297
2026-01-25 23:00:00,66.6,67.35,66.26,67.27,89042.761
2026-01-26 00:00:00,67.26,67.64,66.94,67.57,105489.483
2026-01-26 01:00:00,67.57,68.15,67.42,67.95,109044.292
2026-01-26 02:00:00,67.95,68.01,67.63,67.66,56283.609
2026-01-26 03:00:00,67.66,67.89,67.19,67.37,61815.874
2026-01-26 04:00:00,67.37,68.09,67.37,67.79,49705.366
2026-01-26 05:00:00,67.79,67.8,67.51,67.68,31149.819
2026-01-26 06:00:00,67.68,68.0,67.53,67.91,38233.968
2026-01-26 07:00:00,67.91,68.46,67.77,68.35,78824.515
2026-01-26 08:00:00,68.36,68.79,68.11,68.23,108954.223
2026-01-26 09:00:00,68.23,68.27,67.8,67.92,56741.727
2026-01-26 10:00:00,67.92,68.35,67.9,68.32,38515.169
2026-01-26 11:00:00,68.31,68.34,68.19,68.21,20760.237
2026-01-26 12:00:00,68.21,68.54,68.21,68.31,40504.067
2026-01-26 13:00:00,68.31,68.47,68.2,68.39,53027.258
2026-01-26 14:00:00,68.39,69.99,68.2,69.23,307674.568
2026-01-26 15:00:00,69.22,69.77,68.64,69.01,198316.593
2026-01-26 16:00:00,69.01,69.58,68.74,69.37,95407.614
2026-01-26 17:00:00,69.38,69.63,68.6,69.13,111081.434
2026-01-26 18:00:00,69.13,69.89,68.99,69.67,83653.776
2026-01-26 19:00:00,69.68,69.72,68.96,69.08,85089.742
2026-01-26 20:00:00,69.09,69.2,68.76,68.85,57077.456
2026-01-26 21:00:00,68.85,69.67,68.83,69.42,57548.055
2026-01-26 22:00:00,69.42,69.74,69.23,69.55,50176.912
2026-01-26 23:00:00,69.56,70.05,69.4,69.68,77006.966
2026-01-27 00:00:00,69.68,69.98,69.46,69.92,56108.834
2026-01-27 01:00:00,69.92,70.09,69.63,69.85,73457.937
2026-01-27 02:00:00,69.85,70.05,69.56,69.71,61206.161
2026-01-27 03:00:00,69.7,69.88,69.48,69.54,36715.909
2026-01-27 04:00:00,69.54,69.85,69.41,69.52,53486.286
2026-01-27 05:00:00,69.52,69.7,69.28,69.6,35325.267
2026-01-27 06:00:00,69.6,69.63,69.15,69.19,32252.731
2026-01-27 07:00:00,69.19,69.27,69.03,69.08,43451.302
2026-01-27 08:00:00,69.08,69.43,69.04,69.36,47204.122
2026-01-27 09:00:00,69.36,69.43,69.04,69.22,41150.841
2026-01-27 10:00:00,69.21,69.29,68.93,69.28,56557.092
2026-01-27 11:00:00,69.28,69.48,68.97,69.01,151745.71
2026-01-27 12:00:00,69.01,69.08,68.71,68.79,47079.791
2026-01-27 13:00:00,68.79,68.91,68.58,68.9,46835.041
2026-01-27 14:00:00,68.9,69.74,68.86,69.14,129902.159
2026-01-27 15:00:00,69.15,69.95,69.05,69.89,94520.629
2026-01-27 16:00:00,69.9,70.19,69.6,70.1,186197.459
2026-01-27 17:00:00,70.1,70.14,69.05,69.28,132332.519
2026-01-27 18:00:00,69.29,69.81,69.11,69.61,94207.754
2026-01-27 19:00:00,69.62,69.72,69.3,69.63,58564.545
2026-01-27 20:00:00,69.63,70.19,69.62,70.03,83528.106
2026-01-27 21:00:00,70.03,70.14,69.79,70.03,62744.998
2026-01-27 22:00:00,70.04,70.25,69.89,70.18,68877.783
2026-01-27 23:00:00,70.18,70.45,69.92,70.0,70402.514
2026-01-28 00:00:00,69.99,70.27,69.69,70.03,61190.253
2026-01-28 01:00:00,70.04,70.1,69.59,69.83,54745.88
2026-01-28 02:00:00,69.82,69.9,69.62,69.8,36178.593
2026-01-28 03:00:00,69.8,69.88,69.43,69.51,70416.245
2026-01-28 04:00:00,69.51,69.61,69.25,69.29,46055.299
2026-01-28 05:00:00,69.29,69.65,69.15,69.61,64013.247
2026-01-28 06:00:00,69.62,69.98,69.62,69.89,50115.913
2026-01-28 07:00:00,69.89,69.95,69.47,69.59,33846.93
2026-01-28 08:00:00,69.59,69.66,69.29,69.33,52353.645
2026-01-28 09:00:00,69.34,69.82,69.24,69.77,50615.025
2026-01-28 10:00:00,69.77,69.92,69.52,69.53,54004.961
2026-01-28 11:00:00,69.54,69.98,69.36,69.91,67470.942
2026-01-28 12:00:00,69.91,70.01,69.52,69.69,67917.523
2026-01-28 13:00:00,69.69,69.96,69.67,69.74,67958.938
2026-01-28 14:00:00,69.73,69.73,68.69,68.96,195805.886
2026-01-28 15:00:00,68.95,69.13,68.33,68.96,113880.821
2026-01-28 16:00:00,68.95,69.4,68.68,69.11,103204.41
2026-01-28 17:00:00,69.11,69.84,68.81,69.66,70086.531
2026-01-28 18:00:00,69.65,69.66,69.15,69.4,62043.35
2026-01-28 19:00:00,69.39,69.66,69.13,69.47,106762.601
2026-01-28 20:00:00,69.48,69.88,69.14,69.2,58191.86
2026-01-28 21:00:00,69.21,69.53,68.86,69.42,60857.679
2026-01-28 22:00:00,69.43,69.65,69.15,69.62,39012.398
2026-01-28 23:00:00,69.63,69.7,69.36,69.36,36901.9
2026-01-29 00:00:00,69.37,69.52,68.97,69.16,41796.913
2026-01-29 01:00:00,69.15,69.26,68.63,68.73,49926.862
2026-01-29 02:00:00,68.74,68.97,68.04,68.25,130640.649
2026-01-29 03:00:00,68.24,68.66,67.88,67.96,60848.892
2026-01-29 04:00:00,67.97,68.1,67.66,68.02,54798.443
2026-01-29 05:00:00,68.02,68.22,67.92,67.98,53949.451
2026-01-29 06:00:00,67.99,68.3,67.96,68.25,29911.268
2026-01-29 07:00:00,68.24,68.38,68.09,68.13,34737.508
2026-01-29 08:00:00,68.13,68.26,67.82,67.92,48113.87
2026-01-29 09:00:00,67.93,68.09,67.86,67.9,28675.059
2026-01-29 10:00:00,67.91,67.95,67.34,67.47,89897.828
2026-01-29 11:00:00,67.47,67.58,67.31,67.46,51030.486
2026-01-29 12:00:00,67.46,67.55,67.04,67.3,67089.016
2026-01-29 13:00:00,67.3,67.49,67.25,67.48,25948.802
2026-01-29 14:00:00,67.49,67.6,66.36,66.44,116655.41
2026-01-29 15:00:00,66.44,66.46,64.66,65.4,570248.679
2026-01-29 16:00:00,65.4,66.1,65.01,66.05,190075.187
2026-01-29 17:00:00,66.05,66.69,65.55,65.61,166406.427
2026-01-29 18:00:00,65.62,65.85,64.37,64.47,217682.797
2026-01-29 19:00:00,64.47,65.3,64.38,65.01,124270.902
2026-01-29 20:00:00,65.02,65.84,64.91,65.72,72502.107
2026-01-29 21:00:00,65.71,66.12,65.71,66.03,55997.531
2026-01-29 22:00:00,66.03,66.21,65.88,66.06,29445.775
2026-01-29 23:00:00,66.05,66.2,65.71,66.19,35016.789
2026-01-30 00:00:00,66.18,66.37,65.94,66.14,72008.149
2026-01-30 01:00:00,66.14,66.44,62.5,64.78,598684.084
2026-01-30 02:00:00,64.79,64.81,63.37,63.92,189932.348
2026-01-30 03:00:00,63.92,64.34,63.78,63.96,65267.377
2026-01-30 04:00:00,63.95,64.75,63.93,64.37,83685.525
2026-01-30 05:00:00,64.37,64.65,64.25,64.46,100875.681
2026-01-30 06:00:00,64.47,64.5,63.05,63.48,119537.469
2026-01-30 07:00:00,63.48,64.49,63.46,64.25,75742.106
2026-01-30 08:00:00,64.24,64.42,63.7,63.93,72535.877
2026-01-30 09:00:00,63.94,64.22,63.74,64.05,53635.035
2026-01-30 10:00:00,64.04,64.35,63.85,64.35,36743.389
2026-01-30 11:00:00,64.35,65.16,64.25,64.94,57390.571
2026-01-30 12:00:00,64.94,65.01,64.35,64.46,60419.6
2026-01-30 13:00:00,64.47,64.58,63.88,64.15,113577.744
2026-01-30 14:00:00,64.15,65.02,64.15,64.67,92066.87
2026-01-30 15:00:00,64.68,65.21,64.1,64.78,127602.405
2026-01-30 16:00:00,64.77,65.4,64.39,65.02,88144.143
2026-01-30 17:00:00,65.03,65.6,64.7,65.23,114257.236
2026-01-30 18:00:00,65.24,65.72,63.6,65.56,216017.551
2026-01-30 19:00:00,65.56,65.96,65.46,65.69,106256.094
2026-01-30 20:00:00,65.69,65.69,64.69,64.97,135246.62
2026-01-30 21:00:00,64.98,65.57,64.91,65.39,57002.138
2026-01-30 22:00:00,65.38,65.48,64.99,65.46,37310.588
2026-01-30 23:00:00,65.46,65.47,65.01,65.43,32972.744
2026-01-31 00:00:00,65.43,65.47,65.16,65.2,41735.747
2026-01-31 01:00:00,65.2,65.43,65.01,65.15,29599.694
2026-01-31 02:00:00,65.16,65.26,64.75,65.02,31520.518
2026-01-31 03:00:00,65.03,65.15,64.88,64.91,21978.66
2026-01-31 04:00:00,64.91,65.11,64.58,64.65,33134.399
2026-01-31 05:00:00,64.65,64.66,64.42,64.54,38453.165
2026-01-31 06:00:00,64.54,64.6,63.97,64.23,50240.812
2026-01-31 07:00:00,64.24,64.33,63.48,63.88,89918.215
2026-01-31 08:00:00,63.87,63.95,62.39,63.01,203556.455
2026-01-31 09:00:00,63.01,63.49,62.88,63.19,60232.194
2026-01-31 10:00:00,63.2,63.54,62.97,63.28,54014.819
2026-01-31 11:00:00,63.28,63.36,62.88,63.03,48370.762
2026-01-31 12:00:00,63.02,63.07,62.59,62.7,68896.767
2026-01-31 13:00:00,62.71,62.74,62.1,62.29,124994.369
2026-01-31 14:00:00,62.3,62.52,58.77,60.32,904893.49
2026-01-31 15:00:00,60.31,60.89,60.04,60.13,183750.196
2026-01-31 16:00:00,60.14,61.12,59.65,59.95,355358.071
2026-01-31 17:00:00,59.95,60.08,56.52,58.17,980190.577
2026-01-31 18:00:00,58.17,58.51,54.66,57.73,927477.903
2026-01-31 19:00:00,57.74,58.59,57.48,58.07,317307.179
2026-01-31 20:00:00,58.07,58.55,57.47,58.21,174337.71
2026-01-31 21:00:00,58.22,59.02,58.02,58.8,148499.787
2026-01-31 22:00:00,58.81,58.83,58.27,58.62,67893.401
2026-01-31 23:00:00,58.62,59.82,58.56,59.49,138522.061
2026-02-01 00:00:00,59.49,59.86,59.37,59.62,98576.446
2026-02-01 01:00:00,59.61,59.66,58.96,59.48,72740.165
2026-02-01 02:00:00,59.48,59.91,59.29,59.78,95972.571
2026-02-01 03:00:00,59.78,59.86,59.45,59.63,55744.216
2026-02-01 04:00:00,59.64,59.87,59.53,59.53,44469.306
2026-02-01 05:00:00,59.54,59.66,59.1,59.18,58746.261
2026-02-01 06:00:00,59.19,59.52,58.91,59.21,72266.751
2026-02-01 07:00:00,59.21,59.71,58.9,59.35,80055.484
2026-02-01 08:00:00,59.35,59.77,59.26,59.49,57019.507
2026-02-01 09:00:00,59.49,59.74,59.17,59.65,45312.979
2026-02-01 10:00:00,59.65,59.73,58.65,58.72,114531.495
2026-02-01 11:00:00,58.71,59.43,58.71,59.28,55907.766
2026-02-01 12:00:00,59.28,59.38,58.79,59.15,85321.954
2026-02-01 13:00:00,59.16,59.69,59.11,59.31,78505.093
2026-02-01 14:00:00,59.31,59.66,58.31,59.29,252844.957
2026-02-01 15:00:00,59.28,59.3,57.55,58.4,273917.965
2026-02-01 16:00:00,58.4,58.8,57.81,58.34,135345.3
2026-02-01 17:00:00,58.33,58.63,57.96,58.62,110283.933
2026-02-01 18:00:00,58.62,59.59,58.61,59.19,151682.087
2026-02-01 19:00:00,59.19,59.32,58.42,58.72,73565.667
2026-02-01 20:00:00,58.72,59.26,58.11,58.69,88613.105
2026-02-01 21:00:00,58.68,58.84,58.21,58.42,93485.653
2026-02-01 22:00:00,58.43,59.34,58.37,58.88,96185.214
2026-02-01 23:00:00,58.87,59.25,57.14,58.47,369453.333
2026-02-02 00:00:00,58.46,59.5,58.04,59.05,152104.118
2026-02-02 01:00:00,59.06,59.71,58.35,59.27,136372.092
2026-02-02 02:00:00,59.28,59.51,58.64,58.73,77502.942
2026-02-02 03:00:00,58.74,58.74,56.52,58.3,385442.499
2026-02-02 04:00:00,58.3,58.83,57.41,57.95,128678.407
2026-02-02 05:00:00,57.95,58.02,56.6,57.16,186850.667
2026-02-02 06:00:00,57.16,58.6,56.47,58.05,353408.151
2026-02-02 07:00:00,58.05,58.66,57.88,58.2,118737.511
2026-02-02 08:00:00,58.21,58.87,58.2,58.55,96976.063
2026-02-02 09:00:00,58.55,59.38,58.23,59.13,140483.123
2026-02-02 10:00:00,59.14,59.46,58.97,59.11,100456.771
2026-02-02 11:00:00,59.11,59.4,58.98,59.09,85496.652
2026-02-02 12:00:00,59.09,59.8,59.09,59.74,112320.756
2026-02-02 13:00:00,59.74,59.85,59.42,59.72,85728.472
2026-02-02 14:00:00,59.71,60.38,59.25,59.9,227127.145
2026-02-02 15:00:00,59.9,61.12,59.75,61.01,219812.24
2026-02-02 16:00:00,61.01,61.13,60.48,60.53,122616.432
2026-02-02 17:00:00,60.54,60.8,60.06,60.28,84737.03
2026-02-02 18:00:00,60.29,60.54,59.92,60.33,77834.243
2026-02-02 19:00:00,60.33,60.38,59.83,59.89,46307.634
2026-02-02 20:00:00,59.89,60.06,59.43,59.61,83336.866
2026-02-02 21:00:00,59.61,59.92,59.59,59.8,54275.354
2026-02-02 22:00:00,59.81,60.13,59.8,60.03,32695.655
2026-02-02 23:00:00,60.04,60.11,59.83,59.97,44646.646
2026-02-03 00:00:00,59.98,60.1,59.59,60.07,63914.876
2026-02-03 01:00:00,60.07,60.12,59.69,59.92,52367.378
2026-02-03 02:00:00,59.93,59.94,59.04,59.09,71592.572
2026-02-03 03:00:00,59.1,60.01,58.88,59.94,105826.772
2026-02-03 04:00:00,59.95,60.29,59.7,60.12,67715.364
2026-02-03 05:00:00,60.13,60.16,59.65,59.69,48092.854
2026-02-03 06:00:00,59.68,60.23,59.46,60.13,62886.75
2026-02-03 07:00:00,60.13,60.43,59.9,60.22,45702.379
2026-02-03 08:00:00,60.23,60.45,59.99,60.08,50357.428
2026-02-03 09:00:00,60.08,60.2,59.31,59.69,137822.169
2026-02-03 10:00:00,59.7,59.91,59.46,59.62,38162.154
2026-02-03 11:00:00,59.63,59.99,59.62,59.82,52189.275
2026-02-03 12:00:00,59.82,60.18,59.69,60.07,44433.551
2026-02-03 13:00:00,60.06,60.25,59.82,60.14,43961.17
2026-02-03 14:00:00,60.13,60.2,59.2,59.21,127382.628
2026-02-03 15:00:00,59.2,60.41,59.07,60.33,197143.209
2026-02-03 16:00:00,60.34,60.35,59.27,59.44,168738.216
2026-02-03 17:00:00,59.44,59.5,58.12,58.16,186198.567
2026-02-03 18:00:00,58.17,58.42,56.94,57.0,259449.136
2026-02-03 19:00:00,57.0,59.51,56.83,59.27,300336.322
2026-02-03 20:00:00,59.26,61.38,58.79,60.98,323314.665
2026-02-03 21:00:00,60.98,61.32,59.93,60.07,134120.323
2026-02-03 22:00:00,60.08,60.11,59.41,59.48,85578.47
2026-02-03 23:00:00,59.47,59.6,59.07,59.44,75648.752
2026-02-04 00:00:00,59.43,60.09,59.19,59.81,68339.936
2026-02-04 01:00:00,59.81,60.45,59.81,60.25,63963.688
2026-02-04 02:00:00,60.24,60.32,59.83,59.98,48540.101
2026-02-04 03:00:00,59.99,60.75,59.92,60.7,59285.887
2026-02-04 04:00:00,60.7,60.9,60.5,60.56,56167.595
2026-02-04 05:00:00,60.56,60.61,60.02,60.15,33934.76
2026-02-04 06:00:00,60.16,60.78,60.09,60.56,37306.068
2026-02-04 07:00:00,60.56,60.95,60.39,60.75,47052.368
2026-02-04 08:00:00,60.76,60.85,60.46,60.79,45293.848
2026-02-04 09:00:00,60.78,60.82,60.25,60.37,52274.568
2026-02-04 10:00:00,60.38,60.46,60.19,60.27,39589.597
2026-02-04 11:00:00,60.27,60.28,59.61,60.06,104156.075
2026-02-04 12:00:00,60.07,60.15,59.72,59.98,51438.361
2026-02-04 13:00:00,59.98,59.98,59.18,59.2,82872.889
2026-02-04 14:00:00,59.2,59.7,58.31,58.37,220077.57
2026-02-04 15:00:00,58.38,59.01,57.58,58.15,240150.634
2026-02-04 16:00:00,58.16,58.45,57.35,57.87,207402.935
2026-02-04 17:00:00,57.86,58.21,57.01,57.75,214595.363
2026-02-04 18:00:00,57.74,59.02,57.07,58.38,230520.899
2026-02-04 19:00:00,58.39,59.62,58.39,59.43,150419.134
2026-02-04 20:00:00,59.43,59.51,58.87,58.98,58974.329
2026-02-04 21:00:00,58.98,59.17,58.21,58.64,72255.507
2026-02-04 22:00:00,58.64,59.4,57.75,58.32,116615.165
2026-02-04 23:00:00,58.32,59.15,58.21,58.85,99264.172
2026-02-05 00:00:00,58.85,59.24,58.6,59.05,63750.675
2026-02-05 01:00:00,59.05,59.47,58.39,58.89,118457.257
2026-02-05 02:00:00,58.89,59.28,58.17,58.26,116593.54
2026-02-05 03:00:00,58.25,58.69,58.0,58.18,116304.677
2026-02-05 04:00:00,58.19,58.52,57.83,58.04,137364.577
2026-02-05 05:00:00,58.05,58.63,57.48,58.14,133742.677
2026-02-05 06:00:00,58.15,58.19,57.37,57.65,107839.456
2026-02-05 07:00:00,57.65,58.32,57.52,57.6,89086.139
2026-02-05 08:00:00,57.6,58.32,57.6,57.97,82168.132
2026-02-05 09:00:00,57.98,58.6,57.97,58.08,88527.983
2026-02-05 10:00:00,58.08,58.15,56.66,56.81,175216.726
2026-02-05 11:00:00,56.81,57.07,55.63,56.45,364388.496
2026-02-05 12:00:00,56.44,56.7,55.55,55.92,247869.004
2026-02-05 13:00:00,55.91,56.3,55.47,55.7,121833.576
2026-02-05 14:00:00,55.7,57.21,55.7,56.07,236456.184
2026-02-05 15:00:00,56.06,56.27,52.62,53.88,960355.416
2026-02-05 16:00:00,53.89,54.93,53.37,54.39,391405.366
2026-02-05 17:00:00,54.39,54.58,52.59,53.04,400096.668
2026-02-05 18:00:00,53.03,53.53,52.21,53.4,359792.294
2026-02-05 19:00:00,53.39,53.52,52.26,52.41,188355.391
2026-02-05 20:00:00,52.41,52.83,50.14,50.79,865586.552
2026-02-05 21:00:00,50.79,51.99,50.29,50.96,459313.706
2026-02-05 22:00:00,50.97,52.1,50.33,51.53,325376.304
2026-02-05 23:00:00,51.54,52.62,50.56,50.73,213240.85
2026-02-06 00:00:00,50.74,51.0,45.0,49.67,1782269.248
2026-02-06 01:00:00,49.67,51.04,49.49,50.89,364556.23
2026-02-06 02:00:00,50.89,51.29,49.69,49.93,292179.109
2026-02-06 03:00:00,49.93,50.38,49.52,50.05,194357.874
2026-02-06 04:00:00,50.05,50.97,49.81,50.82,147762.841
2026-02-06 05:00:00,50.81,52.47,50.79,52.26,178027.863
2026-02-06 06:00:00,52.27,52.46,50.95,51.06,208649.926
2026-02-06 07:00:00,51.06,51.35,50.57,50.94,154675.914
2026-02-06 08:00:00,50.93,51.22,50.5,50.8,175511.027
2026-02-06 09:00:00,50.79,51.93,50.68,51.72,168902.175
2026-02-06 10:00:00,51.73,52.27,51.48,52.18,144790.458
2026-02-06 11:00:00,52.18,52.6,52.07,52.5,137745.922
2026-02-06 12:00:00,52.49,52.58,52.08,52.54,116968.827
2026-02-06 13:00:00,52.54,53.59,52.51,53.36,239723.693
2026-02-06 14:00:00,53.36,54.62,53.02,54.25,282570.445
2026-02-06 15:00:00,54.28,54.56,53.79,54.34,217359.264
2026-02-06 16:00:00,54.34,55.63,54.12,55.26,222614.076
2026-02-06 17:00:00,55.25,56.43,55.08,55.57,270594.535
2026-02-06 18:00:00,55.57,55.67,54.5,54.82,210844.89
2026-02-06 19:00:00,54.82,55.28,54.44,55.17,120260.358
2026-02-06 20:00:00,55.16,55.43,54.64,54.9,111635.351
2026-02-06 21:00:00,54.91,55.17,54.63,55.03,70943.696
2026-02-06 22:00:00,55.03,55.76,54.9,55.49,85942.543
2026-02-06 23:00:00,55.48,55.66,54.95,54.99,77175.296
2026-02-07 00:00:00,55.0,55.0,54.19,54.51,129641.866
2026-02-07 01:00:00,54.51,54.87,54.16,54.79,59101.594
2026-02-07 02:00:00,54.78,54.89,54.4,54.66,38775.052
2026-02-07 03:00:00,54.66,55.06,54.58,54.87,64272.803
2026-02-07 04:00:00,54.86,55.33,54.52,54.64,68190.094
2026-02-07 05:00:00,54.64,54.93,54.41,54.56,59838.455
2026-02-07 06:00:00,54.55,54.77,53.75,53.77,92721.352
2026-02-07 07:00:00,53.77,53.98,52.83,53.57,228076.212
2026-02-07 08:00:00,53.58,54.09,53.46,53.82,83887.511
2026-02-07 09:00:00,53.83,54.02,53.11,53.25,90658.042
2026-02-07 10:00:00,53.25,53.43,52.99,53.3,67438.965
2026-02-07 11:00:00,53.29,53.37,53.08,53.19,50805.69
2026-02-07 12:00:00,53.19,54.56,53.14,54.08,186907.849
2026-02-07 13:00:00,54.09,54.28,53.76,54.04,60995.758
2026-02-07 14:00:00,54.05,54.23,53.57,53.75,74286.707
2026-02-07 15:00:00,53.75,54.59,53.65,54.36,79303.441
2026-02-07 16:00:00,54.36,55.7,54.1,54.83,782699.038
2026-02-07 17:00:00,54.82,55.18,54.6,55.07,66273.077
2026-02-07 18:00:00,55.07,55.98,55.04,55.73,87058.792
2026-02-07 19:00:00,55.73,55.73,55.31,55.42,44568.707
2026-02-07 20:00:00,55.42,55.85,55.29,55.79,37192.436
2026-02-07 21:00:00,55.78,55.89,55.39,55.47,37302.593
2026-02-07 22:00:00,55.47,55.65,55.31,55.44,30797.104
2026-02-07 23:00:00,55.45,55.47,54.95,55.17,45224.21
2026-02-08 00:00:00,55.17,55.21,54.89,55.06,38903.386
2026-02-08 01:00:00,55.06,55.36,55.04,55.29,36876.273
2026-02-08 02:00:00,55.29,55.52,54.96,55.12,44024.112
2026-02-08 03:00:00,55.13,55.25,54.93,54.99,30834.946
2026-02-08 04:00:00,54.99,55.36,54.87,55.34,50442.283
2026-02-08 05:00:00,55.35,55.35,55.11,55.18,28704.404
2026-02-08 06:00:00,55.19,55.34,55.0,55.07,37357.727
2026-02-08 07:00:00,55.07,55.09,54.76,54.99,47475.565
2026-02-08 08:00:00,54.99,55.79,54.85,55.64,121371.815
2026-02-08 09:00:00,55.65,55.73,55.18,55.24,58755.513
2026-02-08 10:00:00,55.25,55.49,54.84,54.94,76915.2
2026-02-08 11:00:00,54.94,55.58,54.88,55.45,80395.269
2026-02-08 12:00:00,55.45,55.47,54.93,55.21,83266.04
2026-02-08 13:00:00,55.2,55.52,55.04,55.26,88444.561
2026-02-08 14:00:00,55.26,55.43,55.14,55.33,41014.262
2026-02-08 15:00:00,55.33,55.42,54.67,54.87,83515.199
2026-02-08 16:00:00,54.86,54.93,53.6,53.86,133558.724
2026-02-08 17:00:00,53.85,54.44,53.82,54.39,64991.09
2026-02-08 18:00:00,54.39,54.96,54.38,54.71,47804.792
2026-02-08 19:00:00,54.7,54.96,54.7,54.92,51917.871
2026-02-08 20:00:00,54.91,55.0,54.33,54.36,35346.782
2026-02-08 21:00:00,54.36,54.5,53.94,54.06,46756.246
2026-02-08 22:00:00,54.06,54.53,54.06,54.49,29963.384
2026-02-08 23:00:00,54.48,55.47,54.01,54.5,149636.041
2026-02-09 00:00:00,54.49,54.71,54.14,54.41,68280.774
2026-02-09 01:00:00,54.41,54.88,54.07,54.37,69537.471
2026-02-09 02:00:00,54.36,54.91,54.13,54.62,44623.185
2026-02-09 03:00:00,54.62,55.0,54.38,54.91,50791.142
2026-02-09 04:00:00,54.91,54.95,54.67,54.75,36474.162
2026-02-09 05:00:00,54.74,54.97,54.65,54.86,28220.308
2026-02-09 06:00:00,54.85,54.86,54.11,54.37,57870.192
2026-02-09 07:00:00,54.37,54.47,54.0,54.04,38274.611
2026-02-09 08:00:00,54.03,54.08,53.23,53.41,126672.972
2026-02-09 09:00:00,53.41,53.53,53.1,53.23,61910.279
2026-02-09 10:00:00,53.22,53.38,52.32,52.44,132614.069
2026-02-09 11:00:00,52.43,53.04,52.43,52.97,68073.507
2026-02-09 12:00:00,52.97,53.41,52.92,53.29,62187.424
2026-02-09 13:00:00,53.29,53.63,53.19,53.19,60348.937
2026-02-09 14:00:00,53.2,53.98,53.17,53.76,108252.413
2026-02-09 15:00:00,53.75,54.36,53.47,54.35,93618.071
2026-02-09 16:00:00,54.34,54.8,53.89,54.39,135413.657
2026-02-09 17:00:00,54.39,55.04,54.08,54.85,115278.885
2026-02-09 18:00:00,54.86,54.98,54.26,54.67,72092.022
2026-02-09 19:00:00,54.67,54.99,54.57,54.92,47082.892
2026-02-09 20:00:00,54.92,55.08,54.72,54.92,41871.449
2026-02-09 21:00:00,54.92,54.97,54.2,54.73,59024.084
2026-02-09 22:00:00,54.73,54.86,54.46,54.56,29941.541
2026-02-09 23:00:00,54.56,54.74,54.32,54.41,30801.313
2026-02-10 00:00:00,54.41,54.55,54.14,54.25,43132.308
2026-02-10 01:00:00,54.26,54.67,54.22,54.51,35873.382
2026-02-10 02:00:00,54.5,54.51,54.24,54.32,40117.884
2026-02-10 03:00:00,54.32,54.37,53.52,53.92,100471.69
2026-02-10 04:00:00,53.91,54.16,53.89,54.12,44515.815
2026-02-10 05:00:00,54.12,54.12,53.58,53.72,52851.625
2026-02-10 06:00:00,53.72,53.79,52.92,53.12,113529.623
2026-02-10 07:00:00,53.12,53.47,53.03,53.14,89690.603
2026-02-10 08:00:00,53.14,53.51,53.13,53.5,59882.526
2026-02-10 09:00:00,53.49,53.68,53.27,53.4,57484.069
2026-02-10 10:00:00,53.41,53.57,53.15,53.18,32169.079
2026-02-10 11:00:00,53.18,53.42,53.03,53.06,62259.886
2026-02-10 12:00:00,53.05,53.27,52.83,52.89,61569.636
2026-02-10 13:00:00,52.89,53.37,52.79,53.32,81592.814
2026-02-10 14:00:00,53.32,53.78,52.88,53.2,123807.258
2026-02-10 15:00:00,53.2,53.63,53.06,53.34,74137.875
2026-02-10 16:00:00,53.34,53.71,53.16,53.37,72923.921
2026-02-10 17:00:00,53.37,53.83,53.14,53.72,74362.562
2026-02-10 18:00:00,53.73,53.77,52.8,53.03,94201.617
2026-02-10 19:00:00,53.03,53.36,52.84,53.24,53726.153
2026-02-10 20:00:00,53.23,53.42,53.08,53.27,42553.346
2026-02-10 21:00:00,53.26,53.39,52.95,53.11,39915.563
2026-02-10 22:00:00,53.11,53.4,53.09,53.19,26591.617
2026-02-10 23:00:00,53.18,53.4,53.12,53.33,19880.759
2026-02-11 00:00:00,53.33,53.5,53.19,53.45,36411.246
2026-02-11 01:00:00,53.44,53.53,53.29,53.47,23242.222
2026-02-11 02:00:00,53.47,53.69,53.28,53.28,38435.76
2026-02-11 03:00:00,53.29,53.41,52.8,53.1,58955.558
2026-02-11 04:00:00,53.09,53.18,52.42,52.6,89722.754
2026-02-11 05:00:00,52.61,52.81,52.44,52.47,34237.199
2026-02-11 06:00:00,52.47,52.57,51.91,52.08,121878.575
2026-02-11 07:00:00,52.08,52.25,51.93,52.02,54347.014
2026-02-11 08:00:00,52.03,52.06,51.81,51.94,58363.169
2026-02-11 09:00:00,51.94,52.32,51.9,52.06,55682.317
2026-02-11 10:00:00,52.06,52.08,51.57,51.71,74431.658
2026-02-11 11:00:00,51.71,52.1,51.64,52.1,50370.395
2026-02-11 12:00:00,52.1,52.49,52.03,52.2,57480.729
2026-02-11 13:00:00,52.19,52.58,51.93,52.51,106643.353
2026-02-11 14:00:00,52.51,53.47,51.48,51.69,281647.498
2026-02-11 15:00:00,51.68,51.93,50.98,51.21,210792.189
2026-02-11 16:00:00,51.2,52.05,51.13,51.22,112104.636
2026-02-11 17:00:00,51.21,51.9,51.08,51.63,77535.636
2026-02-11 18:00:00,51.63,52.48,51.41,52.32,71946.225
2026-02-11 19:00:00,52.32,52.53,52.08,52.21,52016.342
2026-02-11 20:00:00,52.2,52.39,51.89,52.24,40668.907
2026-02-11 21:00:00,52.24,52.88,52.15,52.63,74223.862
2026-02-11 22:00:00,52.62,52.73,52.24,52.32,38457.419
2026-02-11 23:00:00,52.32,52.49,51.94,52.28,61918.77
2026-02-12 00:00:00,52.28,52.85,52.28,52.68,43475.974
2026-02-12 01:00:00,52.69,53.11,52.69,52.81,46964.916
2026-02-12 02:00:00,52.82,52.89,52.59,52.71,39700.474
2026-02-12 03:00:00,52.71,52.85,52.56,52.82,35107.956
2026-02-12 04:00:00,52.83,52.98,52.69,52.8,44970.821
2026-02-12 05:00:00,52.8,52.95,52.58,52.92,41585.368
2026-02-12 06:00:00,52.92,53.34,52.9,53.17,47059.467
2026-02-12 07:00:00,53.17,53.29,52.97,53.26,57609.945
2026-02-12 08:00:00,53.27,53.49,53.06,53.22,49694.075
2026-02-12 09:00:00,53.21,53.59,53.08,53.46,76229.905
2026-02-12 10:00:00,53.47,53.74,53.26,53.71,52132.651
2026-02-12 11:00:00,53.72,53.79,53.32,53.35,73307.282
2026-02-12 12:00:00,53.35,53.42,52.86,52.99,77053.967
2026-02-12 13:00:00,52.98,53.34,52.7,53.28,76722.259
2026-02-12 14:00:00,53.28,53.36,52.94,53.18,96406.414
2026-02-12 15:00:00,53.18,53.4,52.66,52.81,114618.981
2026-02-12 16:00:00,52.82,52.87,51.5,51.71,223232.343
2026-02-12 17:00:00,51.7,52.18,51.51,51.61,83663.239
2026-02-12 18:00:00,51.6,52.15,51.52,52.03,72478.545
2026-02-12 19:00:00,52.02,52.79,51.77,52.34,73606.353
2026-02-12 20:00:00,52.35,52.5,51.79,51.93,36093.0
2026-02-12 21:00:00,51.93,52.38,51.91,52.27,49112.204
2026-02-12 22:00:00,52.27,52.91,52.19,52.85,49020.937
2026-02-12 23:00:00,52.86,53.26,52.79,53.13,115182.966
2026-02-13 00:00:00,53.12,53.31,52.75,52.91,51951.354
2026-02-13 01:00:00,52.91,53.28,52.89,53.09,36811.069
2026-02-13 02:00:00,53.09,53.21,52.82,53.12,40654.827
2026-02-13 03:00:00,53.12,53.22,52.9,53.04,33177.041
2026-02-13 04:00:00,53.03,53.04,52.78,52.93,36740.398
2026-02-13 05:00:00,52.93,52.94,52.57,52.57,39015.105
2026-02-13 06:00:00,52.58,52.81,52.33,52.79,44887.187
2026-02-13 07:00:00,52.79,53.03,52.66,52.82,36209.521
2026-02-13 08:00:00,52.82,53.43,52.78,53.33,60803.044
2026-02-13 09:00:00,53.34,53.34,53.1,53.24,46580.528
2026-02-13 10:00:00,53.24,53.48,53.14,53.36,40365.731
2026-02-13 11:00:00,53.37,53.52,53.1,53.5,60466.771
2026-02-13 12:00:00,53.5,53.55,53.23,53.45,47137.47
2026-02-13 13:00:00,53.45,53.73,53.21,53.63,124146.04
2026-02-13 14:00:00,53.63,54.01,52.93,53.75,190592.182
2026-02-13 15:00:00,53.76,54.8,53.66,54.33,206718.0
2026-02-13 16:00:00,54.33,55.54,54.21,55.1,220135.83
2026-02-13 17:00:00,55.1,55.14,54.79,54.79,60548.92
2026-02-13 18:00:00,54.79,55.06,54.57,54.94,78179.684
2026-02-13 19:00:00,54.95,55.24,54.87,55.08,60148.527
2026-02-13 20:00:00,55.08,55.35,54.92,55.33,72409.235
2026-02-13 21:00:00,55.34,55.67,55.3,55.54,61663.921
2026-02-13 22:00:00,55.55,55.64,55.14,55.25,48987.697
2026-02-13 23:00:00,55.26,55.27,55.0,55.0,39020.541
2026-02-14 00:00:00,55.01,55.43,54.84,55.37,64637.142
2026-02-14 01:00:00,55.36,55.41,55.19,55.31,57968.012
2026-02-14 02:00:00,55.31,55.41,55.11,55.15,66174.305
2026-02-14 03:00:00,55.15,55.36,55.09,55.31,44418.305
2026-02-14 04:00:00,55.3,55.31,55.11,55.24,20429.794
2026-02-14 05:00:00,55.24,55.41,55.08,55.16,24817.659
2026-02-14 06:00:00,55.16,55.19,54.94,55.08,42660.525
2026-02-14 07:00:00,55.09,55.36,55.06,55.27,46687.159
2026-02-14 08:00:00,55.27,55.77,55.23,55.6,77537.351
2026-02-14 09:00:00,55.61,55.69,55.51,55.59,40571.099
2026-02-14 10:00:00,55.6,55.6,55.3,55.32,41417.261
2026-02-14 11:00:00,55.32,55.87,55.27,55.74,88899.545
2026-02-14 12:00:00,55.74,55.75,55.2,55.26,74908.027
2026-02-14 13:00:00,55.25,55.4,54.99,55.34,81116.586
2026-02-14 14:00:00,55.35,56.23,55.27,56.17,115853.771
2026-02-14 15:00:00,56.18,56.27,55.79,56.08,156685.509
2026-02-14 16:00:00,56.09,56.5,55.83,56.42,74381.06
2026-02-14 17:00:00,56.43,56.63,55.91,55.93,83805.451
2026-02-14 18:00:00,55.94,56.2,55.75,56.04,71823.734
2026-02-14 19:00:00,56.05,56.47,55.82,56.34,57946.731
2026-02-14 20:00:00,56.34,56.46,55.91,56.27,50353.622
2026-02-14 21:00:00,56.27,56.6,55.86,56.15,69990.398
2026-02-14 22:00:00,56.15,56.43,56.09,56.27,39333.528
2026-02-14 23:00:00,56.27,56.37,55.91,55.95,49840.766
2026-02-15 00:00:00,55.95,56.0,55.43,55.73,88528.228
2026-02-15 01:00:00,55.72,55.99,55.36,55.85,74220.819
2026-02-15 02:00:00,55.84,55.98,55.39,55.77,53719.33
2026-02-15 03:00:00,55.77,55.93,55.16,55.83,81029.204
2026-02-15 04:00:00,55.84,56.45,55.83,55.95,71130.585
2026-02-15 05:00:00,55.95,56.32,55.91,56.2,52664.975
2026-02-15 06:00:00,56.21,56.36,55.87,55.98,50485.056
2026-02-15 07:00:00,55.97,56.65,55.96,56.46,50050.888
2026-02-15 08:00:00,56.46,56.52,55.27,55.71,136811.967
2026-02-15 09:00:00,55.72,56.3,55.63,56.15,68948.934
2026-02-15 10:00:00,56.16,56.18,55.61,55.96,60217.884
2026-02-15 11:00:00,55.96,56.2,55.81,55.89,51163.914
2026-02-15 12:00:00,55.89,55.94,54.72,54.79,191685.205
2026-02-15 13:00:00,54.79,55.3,54.29,54.42,160423.329
2026-02-15 14:00:00,54.43,55.06,54.41,55.04,72441.146
2026-02-15 15:00:00,55.04,55.26,54.97,55.02,41153.009
2026-02-15 16:00:00,55.03,55.25,54.67,55.13,57141.968
2026-02-15 17:00:00,55.14,55.29,54.3,54.73,79040.279
2026-02-15 18:00:00,54.73,54.8,54.27,54.45,76100.041
2026-02-15 19:00:00,54.45,54.84,54.16,54.48,81072.689
2026-02-15 20:00:00,54.48,54.62,54.26,54.54,47477.238
2026-02-15 21:00:00,54.55,54.93,54.55,54.76,31763.81
2026-02-15 22:00:00,54.77,55.1,54.72,55.04,42359.082
2026-02-15 23:00:00,55.04,55.07,54.54,55.05,41464.898
2026-02-16 00:00:00,55.05,55.3,54.86,55.11,48745.931
2026-02-16 01:00:00,55.12,55.29,54.87,55.08,39862.339
2026-02-16 02:00:00,55.08,55.24,54.35,54.43,114897.668
2026-02-16 03:00:00,54.44,54.57,54.27,54.45,74205.937
2026-02-16 04:00:00,54.45,54.71,54.36,54.67,46467.398
2026-02-16 05:00:00,54.67,54.77,53.72,53.86,134456.621
2026-02-16 06:00:00,53.86,54.18,53.75,54.09,34214.812
2026-02-16 07:00:00,54.09,54.28,53.92,54.15,37083.114
2026-02-16 08:00:00,54.16,54.47,54.08,54.4,39601.301
2026-02-16 09:00:00,54.4,54.68,54.39,54.52,66341.724
2026-02-16 10:00:00,54.51,54.51,54.17,54.18,40843.702
2026-02-16 11:00:00,54.19,54.26,53.33,53.87,107330.079
2026-02-16 12:00:00,53.88,54.66,53.73,54.62,101142.723
2026-02-16 13:00:00,54.63,54.89,53.68,53.84,186417.251
2026-02-16 14:00:00,53.84,54.65,53.79,54.25,156467.068
2026-02-16 15:00:00,54.26,54.49,53.33,53.58,108332.547
2026-02-16 16:00:00,53.58,54.0,53.29,53.55,103382.293
2026-02-16 17:00:00,53.54,53.9,53.48,53.72,54852.452
2026-02-16 18:00:00,53.71,54.07,53.71,53.92,74050.682
2026-02-16 19:00:00,53.93,54.33,53.79,54.19,36943.664
2026-02-16 20:00:00,54.2,54.96,54.12,54.85,79393.593
2026-02-16 21:00:00,54.86,55.64,54.68,55.48,139332.739
2026-02-16 22:00:00,55.48,55.5,54.91,54.97,73490.903
2026-02-16 23:00:00,54.96,55.17,54.91,55.1,27514.862
2026-02-17 00:00:00,55.09,55.19,54.92,55.04,35635.131
2026-02-17 01:00:00,55.05,55.21,54.78,54.85,38978.21
2026-02-17 02:00:00,54.85,55.43,54.63,55.32,62944.413
2026-02-17 03:00:00,55.32,55.37,55.07,55.11,59015.521
2026-02-17 04:00:00,55.11,55.44,54.97,55.25,29808.294
2026-02-17 05:00:00,55.25,55.29,54.65,55.03,48349.772
2026-02-17 06:00:00,55.04,55.47,55.04,55.38,32334.57
2026-02-17 07:00:00,55.37,55.67,55.11,55.5,45693.522
2026-02-17 08:00:00,55.49,55.83,55.21,55.3,61949.128
2026-02-17 09:00:00,55.3,55.35,54.82,55.03,52316.525
2026-02-17 10:00:00,55.03,55.08,54.55,54.95,55470.52
2026-02-17 11:00:00,54.95,55.1,54.78,54.96,34910.879
2026-02-17 12:00:00,54.97,55.18,54.66,54.72,58491.76
2026-02-17 13:00:00,54.73,55.07,54.63,54.98,67832.676
2026-02-17 14:00:00,54.98,55.15,53.73,53.94,223248.008
2026-02-17 15:00:00,53.94,54.1,53.12,53.77,211225.426
2026-02-17 16:00:00,53.78,54.69,53.74,54.17,131010.36
2026-02-17 17:00:00,54.16,54.38,53.69,53.94,67468.638
2026-02-17 18:00:00,53.95,54.87,53.83,54.58,77128.865
2026-02-17 19:00:00,54.58,54.64,54.09,54.21,51552.405
2026-02-17 20:00:00,54.21,54.3,53.84,54.16,40629.045
2026-02-17 21:00:00,54.16,54.44,54.08,54.42,35054.604
2026-02-17 22:00:00,54.43,54.46,53.95,53.95,34814.824
2026-02-17 23:00:00,53.96,54.03,53.77,53.91,33615.116
2026-02-18 00:00:00,53.92,54.02,53.77,53.84,46583.342
2026-02-18 01:00:00,53.84,53.93,53.54,53.84,51601.577
2026-02-18 02:00:00,53.85,54.23,53.84,54.04,40603.8
2026-02-18 03:00:00,54.04,54.36,54.02,54.25,32402.345
2026-02-18 04:00:00,54.25,54.36,54.03,54.15,24579.105
2026-02-18 05:00:00,54.16,54.36,54.1,54.21,24878.231
2026-02-18 06:00:00,54.22,54.38,54.12,54.22,22774.338
2026-02-18 07:00:00,54.23,54.49,54.07,54.4,30095.323
2026-02-18 08:00:00,54.41,54.74,54.26,54.32,76387.708
2026-02-18 09:00:00,54.32,54.36,54.18,54.23,39456.701
2026-02-18 10:00:00,54.24,54.26,53.93,54.09,64292.09
2026-02-18 11:00:00,54.09,54.14,53.63,53.87,70253.251
2026-02-18 12:00:00,53.87,54.05,53.76,53.88,54247.232
2026-02-18 13:00:00,53.89,54.16,53.56,53.76,137422.512
2026-02-18 14:00:00,53.76,53.92,53.39,53.87,144101.415
2026-02-18 15:00:00,53.87,54.91,53.85,54.48,112942.512
2026-02-18 16:00:00,54.48,54.53,53.88,54.2,81294.795
2026-02-18 17:00:00,54.2,54.59,53.91,53.96,47539.788
2026-02-18 18:00:00,53.96,54.02,53.27,53.32,97631.387
2026-02-18 19:00:00,53.32,53.56,52.91,53.18,79242.795
2026-02-18 20:00:00,53.19,53.43,53.06,53.09,55228.096
2026-02-18 21:00:00,53.1,53.35,52.92,53.11,29540.205
2026-02-18 22:00:00,53.12,53.21,52.93,53.18,25765.032
2026-02-18 23:00:00,53.18,53.31,53.03,53.29,26652.617
2026-02-19 00:00:00,53.28,53.38,53.04,53.13,35621.224
2026-02-19 01:00:00,53.13,53.62,53.13,53.58,43390.045
2026-02-19 02:00:00,53.58,53.65,53.13,53.35,33633.268
2026-02-19 03:00:00,53.34,53.56,53.25,53.54,28767.927
2026-02-19 04:00:00,53.53,53.69,53.49,53.51,28558.928
2026-02-19 05:00:00,53.51,53.53,53.12,53.28,43210.725
2026-02-19 06:00:00,53.29,53.44,53.16,53.28,140885.79
2026-02-19 07:00:00,53.29,53.47,53.2,53.35,42590.943
2026-02-19 08:00:00,53.34,53.35,52.72,52.78,68352.424
2026-02-19 09:00:00,52.79,53.08,52.76,52.79,42908.236
2026-02-19 10:00:00,52.78,52.88,52.51,52.64,52716.638
2026-02-19 11:00:00,52.65,52.83,52.46,52.54,43587.164
2026-02-19 12:00:00,52.53,52.57,52.27,52.32,67843.967
2026-02-19 13:00:00,52.33,52.36,51.55,51.88,160226.809
2026-02-19 14:00:00,51.88,52.26,51.63,51.98,93918.406
2026-02-19 15:00:00,51.98,52.2,51.44,51.79,87292.29
2026-02-19 16:00:00,51.79,52.06,51.38,51.8,70339.388
2026-02-19 17:00:00,51.8,52.48,51.75,51.95,65427.331
2026-02-19 18:00:00,51.94,52.79,51.88,52.63,85910.864
2026-02-19 19:00:00,52.63,52.67,52.33,52.61,67065.085
2026-02-19 20:00:00,52.6,52.74,52.38,52.62,37894.913
2026-02-19 21:00:00,52.61,52.65,52.45,52.47,32724.598
2026-02-19 22:00:00,52.47,52.7,52.36,52.56,29551.449
2026-02-19 23:00:00,52.56,52.75,52.55,52.68,40903.039
2026-02-20 00:00:00,52.68,53.06,52.62,52.86,75489.595
2026-02-20 01:00:00,52.87,53.12,52.84,53.06,32787.688
2026-02-20 02:00:00,53.06,53.19,53.0,53.02,29892.648
2026-02-20 03:00:00,53.02,53.32,52.96,53.21,35267.299
2026-02-20 04:00:00,53.2,53.23,52.82,53.13,40843.625
2026-02-20 05:00:00,53.13,53.62,52.96,53.41,57183.358
2026-02-20 06:00:00,53.41,53.53,53.24,53.45,31208.799
2026-02-20 07:00:00,53.45,53.66,53.41,53.49,30530.807
2026-02-20 08:00:00,53.48,53.65,53.38,53.6,30565.252
2026-02-20 09:00:00,53.6,54.06,53.6,54.01,52103.265
2026-02-20 10:00:00,54.01,54.29,53.72,53.77,87112.165
2026-02-20 11:00:00,53.77,53.78,53.44,53.57,96132.091
2026-02-20 12:00:00,53.57,53.74,53.44,53.52,53699.839
2026-02-20 13:00:00,53.51,53.59,52.69,52.98,165323.912
2026-02-20 14:00:00,52.97,53.99,52.92,53.71,114618.179
2026-02-20 15:00:00,53.72,54.93,53.68,54.86,206580.672
2026-02-20 16:00:00,54.86,55.42,54.55,55.15,215318.039
2026-02-20 17:00:00,55.14,55.28,54.21,55.2,166175.593
2026-02-20 18:00:00,55.2,55.35,54.79,55.23,121114.907
2026-02-20 19:00:00,55.24,55.35,54.78,54.93,75235.264
2026-02-20 20:00:00,54.92,55.28,54.88,55.08,59878.783
2026-02-20 21:00:00,55.08,55.27,55.02,55.21,28361.756
2026-02-20 22:00:00,55.21,55.37,55.01,55.27,32445.847
2026-02-20 23:00:00,55.28,55.33,55.05,55.15,26385.779
2026-02-21 00:00:00,55.15,55.31,54.76,54.85,56472.951
2026-02-21 01:00:00,54.85,55.14,54.84,55.04,30269.93
2026-02-21 02:00:00,55.05,55.24,54.97,55.19,23258.488
2026-02-21 03:00:00,55.18,55.2,54.86,55.03,38606.482
2026-02-21 04:00:00,55.03,55.03,54.83,54.98,24247.522
2026-02-21 05:00:00,54.98,55.22,54.96,55.12,22489.385
2026-02-21 06:00:00,55.12,55.17,54.99,55.11,18162.251
2026-02-21 07:00:00,55.11,55.12,54.94,55.03,24285.139
2026-02-21 08:00:00,55.03,55.57,55.0,55.52,56194.641
2026-02-21 09:00:00,55.52,55.57,55.06,55.07,61851.996
2026-02-21 10:00:00,55.07,55.18,54.94,55.01,37153.006
2026-02-21 11:00:00,55.01,55.19,54.87,55.02,34977.395
2026-02-21 12:00:00,55.02,55.19,54.89,55.13,35261.772
2026-02-21 13:00:00,55.13,55.36,55.02,55.34,29221.765
2026-02-21 14:00:00,55.35,55.7,55.26,55.45,72224.836
2026-02-21 15:00:00,55.45,55.79,55.35,55.65,70564.285
2026-02-21 16:00:00,55.65,55.95,55.18,55.38,187852.601
2026-02-21 17:00:00,55.39,55.54,55.22,55.28,42463.528
2026-02-21 18:00:00,55.28,55.48,55.26,55.44,19182.647
2026-02-21 19:00:00,55.44,55.45,55.09,55.23,35874.067
2026-02-21 20:00:00,55.24,55.37,55.05,55.08,50517.626
2026-02-21 21:00:00,55.08,55.13,54.93,55.06,26853.316
2026-02-21 22:00:00,55.06,55.14,54.84,54.9,34095.162
2026-02-21 23:00:00,54.9,55.0,54.82,54.87,31368.214
2026-02-22 00:00:00,54.86,54.88,54.46,54.61,62396.389
2026-02-22 01:00:00,54.61,54.77,54.5,54.66,31838.303
2026-02-22 02:00:00,54.66,54.75,54.36,54.4,30423.316
2026-02-22 03:00:00,54.4,54.53,54.28,54.47,51111.209
2026-02-22 04:00:00,54.47,54.61,54.42,54.5,14890.759
2026-02-22 05:00:00,54.51,54.58,54.26,54.32,16099.505
2026-02-22 06:00:00,54.32,54.65,54.29,54.45,29617.533
2026-02-22 07:00:00,54.45,54.79,54.42,54.68,36177.027
2026-02-22 08:00:00,54.68,54.79,54.51,54.56,33880.87
2026-02-22 09:00:00,54.56,54.71,54.53,54.65,24519.478
2026-02-22 10:00:00,54.64,54.84,54.59,54.62,33945.758
2026-02-22 11:00:00,54.61,54.74,54.59,54.62,14928.672
2026-02-22 12:00:00,54.61,54.63,53.96,54.04,71542.38
2026-02-22 13:00:00,54.03,54.06,53.49,53.55,83186.621
2026-02-22 14:00:00,53.55,53.57,53.11,53.18,111710.473
2026-02-22 15:00:00,53.19,53.44,52.94,53.29,116154.63
2026-02-22 16:00:00,53.29,53.59,53.2,53.57,48906.461
2026-02-22 17:00:00,53.57,53.57,53.07,53.26,45081.301
2026-02-22 18:00:00,53.25,53.39,53.15,53.24,40751.484
2026-02-22 19:00:00,53.24,53.28,53.05,53.18,25569.257
2026-02-22 20:00:00,53.18,53.27,52.93,53.06,27487.54
2026-02-22 21:00:00,53.06,53.36,53.02,53.34,27478.531
2026-02-22 22:00:00,53.34,53.54,53.3,53.44,33563.052
2026-02-22 23:00:00,53.43,53.54,53.24,53.45,36398.949
2026-02-23 00:00:00,53.45,53.52,52.96,52.97,53642.58
2026-02-23 01:00:00,52.97,52.97,50.85,50.98,378456.263
2026-02-23 02:00:00,50.98,51.34,50.89,51.15,92240.602
2026-02-23 03:00:00,51.16,51.46,51.13,51.31,52370.625
2026-02-23 04:00:00,51.32,51.37,50.95,51.06,44209.048
2026-02-23 05:00:00,51.05,51.51,51.05,51.37,54404.554
2026-02-23 06:00:00,51.38,52.14,51.32,52.06,97305.305
2026-02-23 07:00:00,52.06,52.25,51.95,52.01,47648.725
2026-02-23 08:00:00,52.02,52.07,51.81,51.94,63860.937
2026-02-23 09:00:00,51.95,52.96,51.95,52.85,93975.029
2026-02-23 10:00:00,52.86,53.0,52.64,52.73,58238.298
2026-02-23 11:00:00,52.74,52.92,52.55,52.62,49384.663
2026-02-23 12:00:00,52.62,53.07,52.52,52.88,63687.584
2026-02-23 13:00:00,52.88,52.96,52.64,52.68,56639.122
2026-02-23 14:00:00,52.69,52.87,52.35,52.69,105704.418
2026-02-23 15:00:00,52.69,52.81,52.07,52.09,90665.231
2026-02-23 16:00:00,52.09,52.31,51.7,51.75,106750.746
2026-02-23 17:00:00,51.76,51.86,50.67,51.36,175771.897
2026-02-23 18:00:00,51.35,51.91,51.26,51.36,74941.66
2026-02-23 19:00:00,51.37,51.53,51.06,51.18,49315.431
2026-02-23 20:00:00,51.18,51.51,51.02,51.48,56407.765
2026-02-23 21:00:00,51.47,51.85,51.46,51.66,47474.748
2026-02-23 22:00:00,51.67,51.95,51.61,51.63,33880.916
2026-02-23 23:00:00,51.64,51.8,51.1,51.31,50871.712
2026-02-24 00:00:00,51.3,51.84,51.29,51.79,46506.57
2026-02-24 01:00:00,51.79,51.86,50.63,51.44,177174.999
2026-02-24 02:00:00,51.44,51.69,51.16,51.23,57645.602
2026-02-24 03:00:00,51.23,51.25,50.77,50.95,75268.102
2026-02-24 04:00:00,50.95,50.99,50.39,50.74,99389.846
2026-02-24 05:00:00,50.73,50.93,50.24,50.28,99917.944
2026-02-24 06:00:00,50.27,50.71,50.17,50.48,89914.025
2026-02-24 07:00:00,50.49,50.89,50.43,50.73,49067.838
2026-02-24 08:00:00,50.73,51.09,50.59,51.03,51030.473
2026-02-24 09:00:00,51.03,51.09,50.58,50.91,45908.52
2026-02-24 10:00:00,50.92,50.97,50.65,50.69,48005.128
2026-02-24 11:00:00,50.7,50.77,50.41,50.76,72067.072
2026-02-24 12:00:00,50.77,50.89,50.5,50.61,52753.759
2026-02-24 13:00:00,50.61,50.8,50.11,50.6,204898.99
2026-02-24 14:00:00,50.59,51.28,50.28,51.03,118318.774
2026-02-24 15:00:00,51.04,51.45,50.84,51.24,142122.523
2026-02-24 16:00:00,51.25,51.66,51.03,51.42,101451.115
2026-02-24 17:00:00,51.42,51.55,51.31,51.47,67888.359
2026-02-24 18:00:00,51.47,51.83,51.29,51.56,60967.531
2026-02-24 19:00:00,51.57,51.79,51.45,51.62,39142.236
2026-02-24 20:00:00,51.63,51.73,51.36,51.39,47348.24
2026-02-24 21:00:00,51.39,51.4,51.07,51.21,47247.319
2026-02-24 22:00:00,51.21,51.52,51.13,51.24,42538.863
2026-02-24 23:00:00,51.24,51.3,51.02,51.13,33954.338
2026-02-25 00:00:00,51.13,51.42,51.0,51.32,32512.432
2026-02-25 01:00:00,51.32,52.93,51.3,52.54,221852.31
2026-02-25 02:00:00,52.55,52.95,52.54,52.71,75208.449
2026-02-25 03:00:00,52.71,52.77,52.32,52.36,69796.21
2026-02-25 04:00:00,52.36,52.77,52.1,52.65,56706.509
2026-02-25 05:00:00,52.65,52.69,51.96,52.26,55896.659
2026-02-25 06:00:00,52.26,52.51,52.24,52.28,26297.911
2026-02-25 07:00:00,52.29,52.7,52.28,52.69,81374.311
2026-02-25 08:00:00,52.7,52.8,52.53,52.77,61421.158
2026-02-25 09:00:00,52.76,53.01,52.71,52.99,57250.331
2026-02-25 10:00:00,52.99,53.4,52.96,53.19,56972.328
2026-02-25 11:00:00,53.19,53.46,53.1,53.28,65584.949
2026-02-25 12:00:00,53.27,54.69,53.14,54.38,187805.818
2026-02-25 13:00:00,54.39,55.25,54.37,55.11,176563.411
2026-02-25 14:00:00,55.12,57.12,55.12,57.02,349782.968
2026-02-25 15:00:00,57.03,58.18,56.78,57.77,281611.202
2026-02-25 16:00:00,57.78,58.34,57.72,58.14,186481.992
2026-02-25 17:00:00,58.14,58.5,57.86,58.34,152136.493
2026-02-25 18:00:00,58.33,58.58,58.09,58.29,116127.114
2026-02-25 19:00:00,58.3,58.3,57.67,58.25,100461.225
2026-02-25 20:00:00,58.25,58.37,57.7,58.1,66845.087
2026-02-25 21:00:00,58.1,59.0,57.77,58.24,133015.542
2026-02-25 22:00:00,58.24,58.44,56.94,57.33,87099.781
2026-02-25 23:00:00,57.33,57.4,56.11,56.74,135760.94
2026-02-26 00:00:00,56.73,57.04,56.31,56.57,106144.712
2026-02-26 01:00:00,56.57,56.95,56.45,56.5,59654.528
2026-02-26 02:00:00,56.5,56.68,55.96,56.64,69212.466
2026-02-26 03:00:00,56.65,56.66,56.22,56.42,50318.477
2026-02-26 04:00:00,56.42,56.92,56.38,56.8,70556.434
2026-02-26 05:00:00,56.8,56.8,56.17,56.44,49021.422
2026-02-26 06:00:00,56.44,56.68,56.24,56.45,45124.669
2026-02-26 07:00:00,56.45,56.55,56.07,56.21,48517.355
2026-02-26 08:00:00,56.21,56.41,55.77,55.88,92833.965
2026-02-26 09:00:00,55.88,56.39,55.85,56.31,63791.8
2026-02-26 10:00:00,56.31,56.38,55.78,55.85,52584.677
2026-02-26 11:00:00,55.85,55.96,55.68,55.8,36523.158
2026-02-26 12:00:00,55.8,56.15,55.78,56.11,46693.777
2026-02-26 13:00:00,56.11,56.19,55.94,56.08,41002.462
2026-02-26 14:00:00,56.09,56.34,55.62,56.02,106933.159
2026-02-26 15:00:00,56.02,56.04,55.3,55.76,218428.873
2026-02-26 16:00:00,55.76,55.82,54.44,54.52,161973.954
2026-02-26 17:00:00,54.52,54.95,54.48,54.62,78095.32
2026-02-26 18:00:00,54.61,55.27,54.38,55.24,74154.006
2026-02-26 19:00:00,55.25,55.76,55.21,55.68,96496.879
2026-02-26 20:00:00,55.69,55.88,55.28,55.37,45995.879
2026-02-26 21:00:00,55.37,55.43,55.06,55.2,38788.035
2026-02-26 22:00:00,55.21,55.45,55.16,55.42,27014.675
2026-02-26 23:00:00,55.42,55.74,55.34,55.59,37634.289
2026-02-27 00:00:00,55.58,55.68,55.26,55.49,40029.222
2026-02-27 01:00:00,55.5,55.76,55.29,55.7,52045.617
2026-02-27 02:00:00,55.71,55.93,55.62,55.77,37737.742
2026-02-27 03:00:00,55.78,56.04,55.6,55.91,40118.874
2026-02-27 04:00:00,55.92,56.34,55.85,55.92,67459.102
2026-02-27 05:00:00,55.92,56.07,55.78,56.02,25413.228
2026-02-27 06:00:00,56.03,56.15,55.65,56.07,35392.881
2026-02-27 07:00:00,56.08,56.1,55.64,55.86,37739.918
2026-02-27 08:00:00,55.87,56.16,55.79,55.93,40706.04
2026-02-27 09:00:00,55.94,56.08,55.51,55.59,45339.845
2026-02-27 10:00:00,55.59,55.75,54.93,55.0,112004.817
2026-02-27 11:00:00,55.0,55.17,54.39,54.62,106607.336
2026-02-27 12:00:00,54.62,54.86,54.42,54.85,111467.563
2026-02-27 13:00:00,54.85,55.02,54.41,54.91,94058.63
2026-02-27 14:00:00,54.92,55.04,54.5,54.55,60707.979
2026-02-27 15:00:00,54.54,54.83,54.51,54.7,45038.603
2026-02-27 16:00:00,54.7,54.73,54.17,54.2,77089.524
2026-02-27 17:00:00,54.21,54.39,53.77,54.34,95769.899
2026-02-27 18:00:00,54.35,54.6,54.27,54.35,46769.773
2026-02-27 19:00:00,54.35,54.37,53.87,54.09,35847.466
2026-02-27 20:00:00,54.1,54.22,53.95,54.05,32180.666
2026-02-27 21:00:00,54.06,54.25,53.85,54.02,28814.688
2026-02-27 22:00:00,54.03,54.09,53.34,54.07,81544.055
2026-02-27 23:00:00,54.08,54.52,54.06,54.51,35835.611
2026-02-28 00:00:00,54.52,54.76,54.48,54.73,53095.098
2026-02-28 01:00:00,54.74,54.8,54.49,54.64,31747.075
2026-02-28 02:00:00,54.64,54.89,54.62,54.88,23150.208
2026-02-28 03:00:00,54.89,54.91,54.54,54.59,29405.067
2026-02-28 04:00:00,54.59,54.69,54.31,54.68,37686.133
2026-02-28 05:00:00,54.68,54.79,54.36,54.5,31735.69
2026-02-28 06:00:00,54.49,54.58,51.95,52.07,327610.944
2026-02-28 07:00:00,52.07,53.12,51.8,52.39,148786.064
2026-02-28 08:00:00,52.38,52.38,51.68,51.78,104691.967
2026-02-28 09:00:00,51.79,52.18,51.56,51.73,70004.261
2026-02-28 10:00:00,51.72,52.08,51.45,51.91,72736.067
2026-02-28 11:00:00,51.91,52.21,51.6,51.63,74065.2
2026-02-28 12:00:00,51.63,51.88,51.53,51.86,76360.268
2026-02-28 13:00:00,51.86,52.97,51.8,52.95,134488.794
2026-02-28 14:00:00,52.96,53.19,52.15,52.29,122069.801
2026-02-28 15:00:00,52.3,52.72,52.02,52.55,65848.716
2026-02-28 16:00:00,52.55,52.79,52.32,52.7,54188.305
2026-02-28 17:00:00,52.71,53.15,52.47,53.07,60915.051
2026-02-28 18:00:00,53.08,54.04,52.97,53.81,91491.272
2026-02-28 19:00:00,53.82,54.33,53.47,54.03,107087.028
2026-02-28 20:00:00,54.03,54.88,53.92,54.72,100470.121
2026-02-28 21:00:00,54.72,54.75,54.13,54.23,70643.327
2026-02-28 22:00:00,54.24,54.95,54.19,54.5,78771.87
2026-02-28 23:00:00,54.5,54.6,54.19,54.37,37684.154
2026-03-01 00:00:00,54.38,54.51,53.94,54.1,46985.361
2026-03-01 01:00:00,54.1,55.17,53.72,54.85,94486.622
2026-03-01 02:00:00,54.86,55.49,54.84,55.26,138566.495
2026-03-01 03:00:00,55.26,55.44,54.72,54.82,61623.35
2026-03-01 04:00:00,54.83,54.98,54.45,54.86,67595.347
2026-03-01 05:00:00,54.87,54.94,54.71,54.8,42430.648
2026-03-01 06:00:00,54.8,54.81,54.23,54.41,79988.985
2026-03-01 07:00:00,54.42,54.7,54.25,54.58,42672.669
2026-03-01 08:00:00,54.59,54.7,53.88,53.99,74226.771
2026-03-01 09:00:00,53.99,54.42,53.78,53.95,88227.293
2026-03-01 10:00:00,53.94,54.19,53.78,54.02,52648.652
2026-03-01 11:00:00,54.03,54.14,53.89,53.92,27814.443
2026-03-01 12:00:00,53.91,54.04,53.65,53.69,44457.411
2026-03-01 13:00:00,53.7,54.65,53.53,54.33,117810.084
2026-03-01 14:00:00,54.33,54.68,54.07,54.24,65006.927
2026-03-01 15:00:00,54.24,54.59,54.21,54.23,45480.101
2026-03-01 16:00:00,54.23,54.49,53.28,53.67,113521.27
2026-03-01 17:00:00,53.66,53.7,53.1,53.41,75550.069
2026-03-01 18:00:00,53.42,54.04,53.38,53.59,74718.032
2026-03-01 19:00:00,53.6,53.61,53.07,53.2,63919.814
2026-03-01 20:00:00,53.2,53.26,52.44,52.6,112889.432
2026-03-01 21:00:00,52.59,53.1,52.57,53.0,47453.501
2026-03-01 22:00:00,53.0,53.84,52.96,52.98,92544.199
2026-03-01 23:00:00,52.98,53.58,52.89,53.21,53341.921
2026-03-02 00:00:00,53.21,53.94,53.17,53.75,69583.244
2026-03-02 01:00:00,53.75,54.35,53.7,53.91,84609.435
2026-03-02 02:00:00,53.92,54.08,53.46,53.79,49226.724
2026-03-02 03:00:00,53.79,54.33,53.63,54.11,67291.815
2026-03-02 04:00:00,54.11,54.15,53.88,54.0,36167.037
2026-03-02 05:00:00,54.0,54.08,53.69,53.86,34526.905
2026-03-02 06:00:00,53.87,53.87,53.14,53.4,62297.782
2026-03-02 07:00:00,53.4,53.42,52.9,53.29,50373.393
2026-03-02 08:00:00,53.29,53.54,52.91,53.47,65603.249
2026-03-02 09:00:00,53.48,53.79,53.41,53.49,47127.775
2026-03-02 10:00:00,53.49,53.66,53.29,53.43,30166.624
2026-03-02 11:00:00,53.43,53.49,53.1,53.32,49042.918
2026-03-02 12:00:00,53.33,53.4,53.08,53.16,45633.379
2026-03-02 13:00:00,53.16,53.48,53.02,53.04,73268.987
2026-03-02 14:00:00,53.05,54.36,52.96,54.14,120436.415
2026-03-02 15:00:00,54.14,55.45,54.04,54.99,227623.66
2026-03-02 16:00:00,54.99,55.7,54.58,55.03,244096.162
2026-03-02 17:00:00,55.03,55.11,54.18,54.61,87954.807
2026-03-02 18:00:00,54.6,54.82,54.22,54.58,61525.927
2026-03-02 19:00:00,54.59,54.89,54.31,54.84,59960.716
2026-03-02 20:00:00,54.83,55.01,54.46,54.74,66289.358
2026-03-02 21:00:00,54.75,55.12,54.55,55.01,83732.036
2026-03-02 22:00:00,55.02,55.45,54.87,55.04,52253.958
2026-03-02 23:00:00,55.04,55.07,54.38,54.57,50684.324
2026-03-03 00:00:00,54.56,54.74,54.22,54.59,58069.719
2026-03-03 01:00:00,54.58,54.75,54.4,54.41,39636.836
2026-03-03 02:00:00,54.4,54.5,54.03,54.38,79268.061
2026-03-03 03:00:00,54.38,54.45,54.1,54.24,35324.967
2026-03-03 04:00:00,54.25,54.3,53.8,53.91,102156.898
2026-03-03 05:00:00,53.91,54.38,53.72,53.91,55605.875
2026-03-03 06:00:00,53.92,54.12,53.84,54.0,39567.534
2026-03-03 07:00:00,54.01,54.26,53.94,54.05,42999.333
2026-03-03 08:00:00,54.05,54.14,53.39,53.51,150960.446
2026-03-03 09:00:00,53.51,53.79,53.06,53.14,110207.219
2026-03-03 10:00:00,53.13,53.35,52.99,53.23,55950.234
2026-03-03 11:00:00,53.23,53.48,53.17,53.42,46690.391
2026-03-03 12:00:00,53.43,54.11,53.41,53.8,77011.059
2026-03-03 13:00:00,53.8,53.83,53.44,53.73,46389.743
2026-03-03 14:00:00,53.72,54.25,53.04,53.47,145811.442
2026-03-03 15:00:00,53.46,54.37,53.29,54.01,102388.759
2026-03-03 16:00:00,54.01,54.98,53.85,54.78,183853.421
2026-03-03 17:00:00,54.79,54.87,54.2,54.86,78743.9
2026-03-03 18:00:00,54.86,55.18,54.57,54.81,99698.914
2026-03-03 19:00:00,54.81,54.94,54.53,54.65,61323.32
2026-03-03 20:00:00,54.66,54.98,54.54,54.65,48931.464
2026-03-03 21:00:00,54.64,54.64,54.22,54.48,41255.969
2026-03-03 22:00:00,54.48,54.99,54.46,54.79,38581.035
2026-03-03 23:00:00,54.79,55.23,54.66,54.74,58674.082
2026-03-04 00:00:00,54.73,54.93,54.43,54.73,56881.037
2026-03-04 01:00:00,54.74,55.35,54.6,54.99,65585.282
2026-03-04 02:00:00,54.99,55.02,54.64,54.97,44107.687
2026-03-04 03:00:00,54.96,55.21,54.28,54.63,71487.77
2026-03-04 04:00:00,54.63,54.74,54.35,54.64,44138.054
2026-03-04 05:00:00,54.64,54.95,54.3,54.77,75947.939
2026-03-04 06:00:00,54.77,54.92,54.49,54.83,45193.617
2026-03-04 07:00:00,54.83,55.28,54.56,55.24,74072.479
2026-03-04 08:00:00,55.25,56.28,55.08,56.13,138887.0
2026-03-04 09:00:00,56.13,56.6,55.97,56.14,202983.613
2026-03-04 10:00:00,56.14,56.36,55.82,55.94,63982.032
2026-03-04 11:00:00,55.95,56.02,55.4,55.72,67348.909
2026-03-04 12:00:00,55.73,55.81,55.29,55.61,69224.728
2026-03-04 13:00:00,55.62,56.02,55.6,55.97,53010.158
2026-03-04 14:00:00,55.97,56.4,55.45,55.65,131152.298
2026-03-04 15:00:00,55.65,57.0,55.64,56.92,159571.141
2026-03-04 16:00:00,56.92,57.09,56.32,56.72,125264.774
2026-03-04 17:00:00,56.72,57.0,56.37,56.81,85215.247
2026-03-04 18:00:00,56.81,57.19,56.48,57.0,66618.164
2026-03-04 19:00:00,57.01,57.62,56.93,57.51,123728.824
2026-03-04 20:00:00,57.52,57.6,57.12,57.15,52223.573
2026-03-04 21:00:00,57.14,57.22,56.88,57.18,44465.124
2026-03-04 22:00:00,57.18,57.4,56.66,56.74,47719.656
2026-03-04 23:00:00,56.74,56.92,56.36,56.72,80090.12
2026-03-05 00:00:00,56.73,56.92,56.57,56.82,49209.214
2026-03-05 01:00:00,56.83,57.24,56.43,56.51,71583.467
2026-03-05 02:00:00,56.51,56.88,56.41,56.5,56144.291
2026-03-05 03:00:00,56.5,56.58,56.27,56.44,43445.073
2026-03-05 04:00:00,56.45,56.84,56.39,56.65,44627.029
2026-03-05 05:00:00,56.65,56.76,56.11,56.24,45607.049
2026-03-05 06:00:00,56.24,56.35,55.94,56.33,64558.04
2026-03-05 07:00:00,56.34,56.45,55.7,55.94,62480.946
2026-03-05 08:00:00,55.95,56.39,55.84,56.38,55479.977
2026-03-05 09:00:00,56.38,56.85,56.36,56.62,57388.485
2026-03-05 10:00:00,56.63,57.21,56.42,57.0,85774.885
2026-03-05 11:00:00,57.0,57.04,55.92,55.99,136658.814
2026-03-05 12:00:00,55.99,56.05,55.64,55.9,114773.72
2026-03-05 13:00:00,55.91,56.01,55.44,55.93,80183.533
2026-03-05 14:00:00,55.93,56.57,55.87,56.42,103965.345
2026-03-05 15:00:00,56.43,56.55,55.62,55.86,113019.207
2026-03-05 16:00:00,55.86,55.86,55.0,55.43,121001.214
2026-03-05 17:00:00,55.44,55.71,55.07,55.12,70418.379
2026-03-05 18:00:00,55.12,55.46,55.03,55.39,49777.79
2026-03-05 19:00:00,55.39,55.89,55.21,55.23,79812.568
2026-03-05 20:00:00,55.23,55.96,55.23,55.93,50153.118
2026-03-05 21:00:00,55.93,56.03,55.53,55.69,40135.58
2026-03-05 22:00:00,55.7,55.82,55.53,55.6,32502.699
2026-03-05 23:00:00,55.61,55.7,55.39,55.43,24415.672
2026-03-06 00:00:00,55.43,55.56,55.36,55.42,27752.651
2026-03-06 01:00:00,55.42,55.85,55.25,55.73,53301.798
2026-03-06 02:00:00,55.74,55.81,55.58,55.59,26881.032
2026-03-06 03:00:00,55.58,55.7,55.47,55.64,22575.875
2026-03-06 04:00:00,55.63,55.67,55.12,55.4,40686.193
2026-03-06 05:00:00,55.41,55.5,55.09,55.36,42858.907
2026-03-06 06:00:00,55.35,55.56,55.23,55.45,31290.394
2026-03-06 07:00:00,55.45,55.67,55.25,55.56,33957.435
2026-03-06 08:00:00,55.55,55.68,55.34,55.38,43344.72
2026-03-06 09:00:00,55.39,55.41,54.98,55.25,84354.929
2026-03-06 10:00:00,55.26,55.43,55.23,55.25,29771.106
2026-03-06 11:00:00,55.25,55.29,54.81,54.87,49663.692
2026-03-06 12:00:00,54.87,54.88,54.34,54.57,78633.271
2026-03-06 13:00:00,54.57,54.98,54.07,54.09,129738.315
2026-03-06 14:00:00,54.09,54.36,53.47,53.71,211195.718
2026-03-06 15:00:00,53.71,53.99,53.41,53.63,122805.77
2026-03-06 16:00:00,53.64,53.75,53.38,53.56,82736.223
2026-03-06 17:00:00,53.57,53.71,53.08,53.31,89067.529
2026-03-06 18:00:00,53.31,53.66,53.3,53.39,52873.798
2026-03-06 19:00:00,53.4,53.78,53.39,53.5,60433.851
2026-03-06 20:00:00,53.51,53.82,53.48,53.72,65741.794
2026-03-06 21:00:00,53.72,53.99,53.65,53.97,51169.977
2026-03-06 22:00:00,53.97,54.08,53.88,53.99,29457.498
2026-03-06 23:00:00,54.0,54.03,53.73,53.76,30074.195
2026-03-07 00:00:00,53.77,53.99,53.74,53.97,31432.91
2026-03-07 01:00:00,53.96,54.02,53.76,53.84,25736.738
2026-03-07 02:00:00,53.85,54.0,53.74,53.99,18445.321
2026-03-07 03:00:00,53.99,54.21,53.78,53.81,31285.092
2026-03-07 04:00:00,53.82,53.89,53.56,53.79,30718.331
2026-03-07 05:00:00,53.8,53.85,53.69,53.78,26938.705
2026-03-07 06:00:00,53.77,53.8,53.45,53.5,27366.363
2026-03-07 07:00:00,53.51,53.72,53.41,53.7,53809.304
2026-03-07 08:00:00,53.69,54.24,53.66,54.04,136664.057
2026-03-07 09:00:00,54.04,54.17,53.86,54.0,43992.915
2026-03-07 10:00:00,54.0,54.1,53.82,53.82,25196.546
2026-03-07 11:00:00,53.83,54.12,53.82,53.96,37228.994
2026-03-07 12:00:00,53.96,54.04,53.88,53.9,22517.039
2026-03-07 13:00:00,53.9,54.01,53.83,53.93,33441.619
2026-03-07 14:00:00,53.93,54.2,53.67,53.93,47639.275
2026-03-07 15:00:00,53.92,53.98,53.64,53.73,41628.282
2026-03-07 16:00:00,53.72,53.83,53.62,53.8,21150.728
2026-03-07 17:00:00,53.8,53.95,53.79,53.9,16040.051
2026-03-07 18:00:00,53.9,53.91,53.52,53.65,51248.368
2026-03-07 19:00:00,53.64,53.66,53.16,53.33,59981.85
2026-03-07 20:00:00,53.32,53.53,53.29,53.5,31243.781
2026-03-07 21:00:00,53.5,53.66,53.46,53.61,25807.153
2026-03-07 22:00:00,53.61,53.65,53.22,53.38,24976.608
2026-03-07 23:00:00,53.38,53.56,53.34,53.54,22134.15
2026-03-08 00:00:00,53.54,53.71,53.34,53.34,34226.8
2026-03-08 01:00:00,53.35,53.61,53.27,53.56,27431.288
2026-03-08 02:00:00,53.56,53.56,52.89,53.1,75117.584
2026-03-08 03:00:00,53.09,53.25,53.01,53.17,33161.834
2026-03-08 04:00:00,53.16,53.24,52.74,52.95,50118.896
2026-03-08 05:00:00,52.94,53.38,52.92,53.3,48459.327
2026-03-08 06:00:00,53.29,53.34,53.03,53.18,26391.965
2026-03-08 07:00:00,53.18,53.39,53.0,53.08,67713.508
2026-03-08 08:00:00,53.07,53.13,52.63,52.87,151594.779
2026-03-08 09:00:00,52.88,53.38,52.8,53.3,54259.751
2026-03-08 10:00:00,53.3,53.86,53.3,53.64,92276.492
2026-03-08 11:00:00,53.63,53.64,53.28,53.54,43458.601
2026-03-08 12:00:00,53.53,53.81,53.14,53.62,76137.561
2026-03-08 13:00:00,53.61,53.66,53.0,53.21,79040.278
2026-03-08 14:00:00,53.21,53.28,52.75,52.9,69570.283
2026-03-08 15:00:00,52.9,52.9,52.46,52.66,65828.677
2026-03-08 16:00:00,52.65,52.69,52.17,52.41,86268.677
2026-03-08 17:00:00,52.41,52.68,52.35,52.56,38227.682
2026-03-08 18:00:00,52.57,52.6,52.29,52.54,31771.751
2026-03-08 19:00:00,52.54,53.16,52.46,53.06,62080.397
2026-03-08 20:00:00,53.07,53.4,52.93,53.03,44867.011
2026-03-08 21:00:00,53.04,53.1,52.65,52.9,40887.785
2026-03-08 22:00:00,52.9,52.9,51.83,52.74,143780.923
2026-03-08 23:00:00,52.75,52.96,52.47,52.54,50257.81
2026-03-09 00:00:00,52.55,53.36,52.53,52.94,74119.538
2026-03-09 01:00:00,52.94,53.12,52.61,52.62,46961.499
2026-03-09 02:00:00,52.62,53.1,52.47,52.96,53366.444
2026-03-09 03:00:00,52.95,53.79,52.91,53.26,121639.956
2026-03-09 04:00:00,53.27,53.59,53.23,53.25,38176.802
2026-03-09 05:00:00,53.25,54.02,53.23,53.79,80087.012
2026-03-09 06:00:00,53.8,53.82,53.25,53.27,46784.028
2026-03-09 07:00:00,53.28,53.34,52.81,53.28,53947.392
2026-03-09 08:00:00,53.28,53.54,53.24,53.38,43164.321
2026-03-09 09:00:00,53.39,53.81,53.17,53.44,70443.02
2026-03-09 10:00:00,53.45,53.59,53.17,53.24,46989.226
2026-03-09 11:00:00,53.25,53.44,52.98,53.35,45927.155
2026-03-09 12:00:00,53.36,53.75,53.28,53.65,55196.184
2026-03-09 13:00:00,53.64,54.4,53.62,54.15,131464.688
2026-03-09 14:00:00,54.14,54.32,53.84,54.07,95323.22
2026-03-09 15:00:00,54.06,54.19,53.65,53.87,56633.079
2026-03-09 16:00:00,53.87,54.23,53.81,54.0,51931.007
2026-03-09 17:00:00,54.0,54.22,53.8,54.02,51196.787
2026-03-09 18:00:00,54.01,54.1,53.76,53.91,47010.637
2026-03-09 19:00:00,53.91,54.72,53.83,54.17,95142.109
2026-03-09 20:00:00,54.17,54.24,53.93,54.13,32937.87
2026-03-09 21:00:00,54.12,54.24,53.92,54.09,23133.543
2026-03-09 22:00:00,54.08,54.12,53.61,53.73,45274.437
2026-03-09 23:00:00,53.72,53.79,53.6,53.73,30169.79
2026-03-10 00:00:00,53.72,54.23,53.68,54.06,50093.639
2026-03-10 01:00:00,54.06,54.22,53.85,54.04,35829.05
2026-03-10 02:00:00,54.03,54.66,53.92,54.43,63919.325
2026-03-10 03:00:00,54.43,54.46,53.84,54.01,72147.488
2026-03-10 04:00:00,54.01,54.26,53.91,54.12,35708.12
2026-03-10 05:00:00,54.13,54.21,53.82,53.88,51545.739
2026-03-10 06:00:00,53.88,54.09,53.76,53.95,45919.611
2026-03-10 07:00:00,53.94,54.21,53.83,54.03,43361.269
2026-03-10 08:00:00,54.04,54.33,54.02,54.12,81333.574
2026-03-10 09:00:00,54.12,54.5,54.1,54.42,44697.172
2026-03-10 10:00:00,54.42,54.44,53.97,54.16,44741.112
2026-03-10 11:00:00,54.16,54.25,53.98,54.07,38685.963
2026-03-10 12:00:00,54.08,54.16,53.89,54.07,40415.168
2026-03-10 13:00:00,54.07,54.33,53.71,54.0,92188.559
2026-03-10 14:00:00,54.0,54.93,53.61,54.85,129112.071
2026-03-10 15:00:00,54.85,54.97,54.45,54.73,103245.491
2026-03-10 16:00:00,54.72,54.93,54.43,54.72,88484.706
2026-03-10 17:00:00,54.71,54.81,54.35,54.58,66532.916
2026-03-10 18:00:00,54.58,54.59,53.67,53.73,104954.908
2026-03-10 19:00:00,53.73,53.9,53.52,53.74,43716.215
2026-03-10 20:00:00,53.74,53.98,53.71,53.93,32199.594
2026-03-10 21:00:00,53.93,54.07,53.43,53.58,44636.539
2026-03-10 22:00:00,53.57,53.78,53.38,53.68,36294.724
2026-03-10 23:00:00,53.68,53.85,53.64,53.83,28771.301
2026-03-11 00:00:00,53.83,53.98,53.7,53.92,33386.962
2026-03-11 01:00:00,53.93,53.99,53.84,53.91,25002.684
2026-03-11 02:00:00,53.92,53.99,53.62,53.87,36341.488
2026-03-11 03:00:00,53.86,53.94,53.73,53.77,20321.272
2026-03-11 04:00:00,53.77,54.09,53.67,53.99,38861.956
2026-03-11 05:00:00,54.0,54.04,53.51,53.6,39548.899
2026-03-11 06:00:00,53.6,53.94,53.56,53.83,30078.644
2026-03-11 07:00:00,53.82,53.93,53.66,53.82,34239.261
2026-03-11 08:00:00,53.82,53.96,53.68,53.93,35759.861
2026-03-11 09:00:00,53.93,53.93,53.61,53.65,28797.948
2026-03-11 10:00:00,53.64,53.97,53.61,53.89,33287.788
2026-03-11 11:00:00,53.89,54.03,53.79,53.83,34056.952
2026-03-11 12:00:00,53.83,54.37,53.73,54.1,86256.115
2026-03-11 13:00:00,54.09,55.03,54.08,54.57,159046.974
2026-03-11 14:00:00,54.58,55.06,54.51,54.76,83713.239
2026-03-11 15:00:00,54.77,54.79,54.18,54.52,68224.167
2026-03-11 16:00:00,54.53,54.96,54.49,54.81,68701.045
2026-03-11 17:00:00,54.82,55.14,54.59,54.89,64606.163
2026-03-11 18:00:00,54.89,55.14,54.89,55.1,45437.416
2026-03-11 19:00:00,55.1,55.12,54.89,55.01,28033.754
2026-03-11 20:00:00,55.0,55.02,54.78,54.94,30896.449
2026-03-11 21:00:00,54.94,55.12,54.89,55.1,42366.532
2026-03-11 22:00:00,55.09,55.26,54.86,54.95,40877.509
2026-03-11 23:00:00,54.94,55.03,54.64,54.78,43026.105
2026-03-12 00:00:00,54.78,54.96,54.71,54.94,40323.169
2026-03-12 01:00:00,54.93,54.94,54.53,54.62,36140.21
2026-03-12 02:00:00,54.62,54.71,54.16,54.21,71879.95
2026-03-12 03:00:00,54.21,54.31,54.01,54.12,38736.637
2026-03-12 04:00:00,54.11,54.19,53.99,54.09,59769.118
2026-03-12 05:00:00,54.08,54.16,53.93,54.1,32678.168
2026-03-12 06:00:00,54.1,54.13,54.01,54.07,31474.521
2026-03-12 07:00:00,54.07,54.32,53.97,54.26,51534.578
2026-03-12 08:00:00,54.25,54.46,54.15,54.36,39748.195
2026-03-12 09:00:00,54.35,54.64,54.09,54.39,45274.242
2026-03-12 10:00:00,54.39,54.66,54.33,54.49,44309.968
2026-03-12 11:00:00,54.48,54.51,54.19,54.29,45002.476
2026-03-12 12:00:00,54.29,54.57,54.19,54.5,35186.561
2026-03-12 13:00:00,54.5,54.58,54.11,54.35,79066.462
2026-03-12 14:00:00,54.35,54.61,53.76,54.02,127451.76
2026-03-12 15:00:00,54.02,54.45,53.96,54.28,81411.6
2026-03-12 16:00:00,54.28,54.44,54.08,54.37,42667.31
2026-03-12 17:00:00,54.37,54.45,54.12,54.19,26708.055
2026-03-12 18:00:00,54.2,54.35,54.03,54.08,30751.709
2026-03-12 19:00:00,54.08,54.36,53.99,54.27,35115.926
2026-03-12 20:00:00,54.27,54.31,53.99,54.13,30471.655
2026-03-12 21:00:00,54.13,54.47,54.13,54.43,20786.039
2026-03-12 22:00:00,54.42,54.5,54.32,54.45,22763.717
2026-03-12 23:00:00,54.45,54.77,54.45,54.54,42948.078
2026-03-13 00:00:00,54.54,55.46,54.44,55.03,186248.184
2026-03-13 01:00:00,55.03,55.32,55.01,55.26,52532.965
2026-03-13 02:00:00,55.26,55.3,54.86,55.02,60508.587
2026-03-13 03:00:00,55.02,55.33,54.93,55.24,38297.481
2026-03-13 04:00:00,55.24,55.38,55.03,55.15,44819.866
2026-03-13 05:00:00,55.15,55.36,55.0,55.24,29828.098
2026-03-13 06:00:00,55.24,55.31,54.93,55.01,55451.701
2026-03-13 07:00:00,55.01,55.17,54.96,55.02,28645.19
2026-03-13 08:00:00,55.02,55.43,54.97,55.19,42574.093
2026-03-13 09:00:00,55.19,55.53,55.18,55.41,40972.385
2026-03-13 10:00:00,55.42,56.17,55.39,55.94,118602.509
2026-03-13 11:00:00,55.94,56.05,55.83,55.9,46122.133
2026-03-13 12:00:00,55.89,56.45,55.84,56.23,80527.013
2026-03-13 13:00:00,56.23,56.67,56.07,56.45,113098.956
2026-03-13 14:00:00,56.46,56.65,55.51,55.63,159441.329
2026-03-13 15:00:00,55.64,55.85,55.23,55.3,105415.679
2026-03-13 16:00:00,55.29,55.79,55.18,55.69,89047.602
2026-03-13 17:00:00,55.69,55.93,55.12,55.33,76250.884
2026-03-13 18:00:00,55.32,55.53,55.21,55.34,32103.181
2026-03-13 19:00:00,55.33,55.6,55.24,55.58,31302.0
2026-03-13 20:00:00,55.59,55.81,55.44,55.75,39674.327
2026-03-13 21:00:00,55.75,56.01,55.6,55.61,37440.334
2026-03-13 22:00:00,55.61,55.68,55.07,55.22,52022.72
2026-03-13 23:00:00,55.22,55.34,55.17,55.28,24442.031
2026-03-14 00:00:00,55.27,55.41,55.06,55.11,47273.207
2026-03-14 01:00:00,55.1,55.46,55.03,55.4,44385.206
2026-03-14 02:00:00,55.41,55.6,55.35,55.54,38776.261
2026-03-14 03:00:00,55.55,55.75,55.49,55.67,34437.838
2026-03-14 04:00:00,55.68,55.79,55.47,55.5,34989.222
2026-03-14 05:00:00,55.51,55.57,55.17,55.24,37200.676
2026-03-14 06:00:00,55.24,55.24,54.59,54.78,109936.566
2026-03-14 07:00:00,54.78,54.81,54.58,54.66,31544.766
2026-03-14 08:00:00,54.66,54.77,54.52,54.57,45031.038
2026-03-14 09:00:00,54.57,54.66,54.41,54.46,43475.758
2026-03-14 10:00:00,54.46,54.48,54.33,54.42,38076.289
2026-03-14 11:00:00,54.42,54.7,54.41,54.66,40825.872
2026-03-14 12:00:00,54.66,54.73,54.5,54.62,41190.32
2026-03-14 13:00:00,54.62,54.75,54.57,54.61,25761.487
2026-03-14 14:00:00,54.62,54.64,54.38,54.4,30717.378
2026-03-14 15:00:00,54.4,54.49,54.34,54.43,29170.196
2026-03-14 16:00:00,54.43,54.62,54.35,54.57,25407.212
2026-03-14 17:00:00,54.57,54.67,54.53,54.56,29478.666
2026-03-14 18:00:00,54.56,54.77,54.49,54.7,25723.937
2026-03-14 19:00:00,54.7,54.77,54.61,54.62,30318.21
2026-03-14 20:00:00,54.63,54.67,54.49,54.6,22575.542
2026-03-14 21:00:00,54.6,54.69,54.5,54.66,24367.951
2026-03-14 22:00:00,54.66,54.7,54.58,54.59,16401.382
2026-03-14 23:00:00,54.6,54.98,54.59,54.94,55100.157
2026-03-15 00:00:00,54.94,54.95,54.7,54.74,44691.283
2026-03-15 01:00:00,54.75,54.85,54.65,54.84,20490.934
2026-03-15 02:00:00,54.84,55.29,54.84,55.16,69535.175
2026-03-15 03:00:00,55.17,55.31,55.04,55.12,32592.444
2026-03-15 04:00:00,55.13,55.36,55.08,55.25,24621.792
2026-03-15 05:00:00,55.26,55.43,55.16,55.18,30880.948
2026-03-15 06:00:00,55.18,55.27,54.98,55.08,34935.787
2026-03-15 07:00:00,55.09,55.27,55.04,55.22,36697.459
2026-03-15 08:00:00,55.23,55.39,55.17,55.38,28248.306
2026-03-15 09:00:00,55.38,55.55,55.3,55.32,38824.714
2026-03-15 10:00:00,55.31,55.44,55.25,55.42,19820.729
2026-03-15 11:00:00,55.42,55.48,55.35,55.38,25488.603
2026-03-15 12:00:00,55.38,55.48,55.26,55.38,32787.792
2026-03-15 13:00:00,55.38,55.47,55.06,55.29,71716.147
2026-03-15 14:00:00,55.28,55.35,55.03,55.26,33088.958
2026-03-15 15:00:00,55.26,55.26,55.04,55.07,22415.594
2026-03-15 16:00:00,55.06,55.21,54.96,54.97,40410.13
2026-03-15 17:00:00,54.97,55.33,54.97,55.2,40418.53
2026-03-15 18:00:00,55.19,55.28,54.9,54.96,44776.07
2026-03-15 19:00:00,54.96,55.28,54.94,55.2,26011.057
2026-03-15 20:00:00,55.21,55.47,55.02,55.33,34669.286
2026-03-15 21:00:00,55.32,55.76,55.24,55.7,53103.124
2026-03-15 22:00:00,55.7,56.38,55.47,56.29,125231.674
2026-03-15 23:00:00,56.3,56.39,55.85,56.23,114384.809
2026-03-16 00:00:00,56.24,56.46,56.0,56.1,59695.798
2026-03-16 01:00:00,56.11,56.28,55.91,56.16,36664.499
2026-03-16 02:00:00,56.17,56.23,55.78,55.98,50768.959
2026-03-16 03:00:00,55.98,57.02,55.87,56.62,161026.457
2026-03-16 04:00:00,56.63,57.29,56.63,57.17,113772.474
2026-03-16 05:00:00,57.18,57.53,57.05,57.43,113553.924
2026-03-16 06:00:00,57.44,57.45,57.1,57.19,64208.48
2026-03-16 07:00:00,57.18,57.65,57.17,57.38,57945.844
2026-03-16 08:00:00,57.39,57.81,57.09,57.26,93074.223
2026-03-16 09:00:00,57.26,57.6,57.2,57.46,65423.795
2026-03-16 10:00:00,57.45,57.55,57.17,57.44,64146.185
2026-03-16 11:00:00,57.44,57.57,57.23,57.33,37978.358
2026-03-16 12:00:00,57.34,57.76,57.3,57.65,77721.14
2026-03-16 13:00:00,57.65,58.37,57.5,57.94,141413.559
2026-03-16 14:00:00,57.93,58.2,57.42,58.2,122283.745
2026-03-16 15:00:00,58.21,58.41,57.72,57.81,119106.802
2026-03-16 16:00:00,57.81,58.42,57.8,58.24,71175.761
2026-03-16 17:00:00,58.25,58.48,58.14,58.36,82210.616
2026-03-16 18:00:00,58.36,58.74,58.27,58.41,78419.723
2026-03-16 19:00:00,58.41,58.83,58.28,58.39,56286.907
2026-03-16 20:00:00,58.4,58.61,58.25,58.53,36029.276
2026-03-16 21:00:00,58.53,59.2,58.51,58.65,123752.835
2026-03-16 22:00:00,58.65,58.92,58.59,58.85,49801.003
2026-03-16 23:00:00,58.86,58.86,58.28,58.68,93910.406
2026-03-17 00:00:00,58.67,59.02,58.43,58.85,103863.509
2026-03-17 01:00:00,58.84,59.02,58.43,58.67,77381.562
2026-03-17 02:00:00,58.68,59.22,58.49,58.7,141216.939
2026-03-17 03:00:00,58.7,58.7,57.85,58.02,105870.655
2026-03-17 04:00:00,58.02,58.16,57.37,57.67,83249.51
2026-03-17 05:00:00,57.67,57.91,57.39,57.62,105246.708
2026-03-17 06:00:00,57.62,57.93,57.44,57.67,36703.709
2026-03-17 07:00:00,57.66,58.07,57.65,57.92,20754.105
