timestamp,open,high,low,close,volume
2025-12-14 10:00:00,0.3078,0.3085,0.3055,0.3071,5399939.7
2025-12-14 11:00:00,0.3071,0.3075,0.302,0.3057,10052201.0
2025-12-14 12:00:00,0.3057,0.3087,0.3041,0.307,6851516.7
2025-12-14 13:00:00,0.3071,0.3073,0.3052,0.3072,4011385.6
2025-12-14 14:00:00,0.3072,0.3081,0.3026,0.3041,5685044.0
2025-12-14 15:00:00,0.304,0.305,0.3027,0.3036,4799715.2
2025-12-14 16:00:00,0.3036,0.3059,0.3023,0.3035,6555669.6
2025-12-14 17:00:00,0.3036,0.3041,0.2993,0.3004,8147807.4
2025-12-14 18:00:00,0.3003,0.3024,0.2997,0.3019,5498809.9
2025-12-14 19:00:00,0.3019,0.302,0.2994,0.3003,3793764.2
2025-12-14 20:00:00,0.3002,0.3033,0.2986,0.3014,8364251.0
2025-12-14 21:00:00,0.3014,0.3026,0.2988,0.2996,4002220.7
2025-12-14 22:00:00,0.2996,0.3018,0.2982,0.3009,4237796.9
2025-12-14 23:00:00,0.3009,0.3028,0.2959,0.3005,8171123.1
2025-12-15 00:00:00,0.3006,0.3036,0.2996,0.3034,5726147.0
2025-12-15 01:00:00,0.3034,0.3086,0.3025,0.3073,8130105.5
2025-12-15 02:00:00,0.3074,0.313,0.3073,0.3076,8599744.0
2025-12-15 03:00:00,0.3077,0.309,0.3068,0.3083,3002123.6
2025-12-15 04:00:00,0.3084,0.3103,0.3082,0.3098,2863603.8
2025-12-15 05:00:00,0.3099,0.3138,0.309,0.3137,5245900.5
2025-12-15 06:00:00,0.3137,0.3147,0.3111,0.3123,5532636.4
2025-12-15 07:00:00,0.3124,0.3135,0.3082,0.3097,6234065.1
2025-12-15 08:00:00,0.3097,0.3111,0.3085,0.3092,3313408.7
2025-12-15 09:00:00,0.3093,0.3108,0.3089,0.3102,2369952.0
2025-12-15 10:00:00,0.3103,0.3128,0.3096,0.3107,4108593.4
2025-12-15 11:00:00,0.3108,0.3115,0.3087,0.3097,3932810.5
2025-12-15 12:00:00,0.3098,0.317,0.3091,0.3134,10075102.8
2025-12-15 13:00:00,0.3135,0.3138,0.3078,0.3094,7210419.6
2025-12-15 14:00:00,0.3094,0.3135,0.3009,0.3039,17992280.2
2025-12-15 15:00:00,0.3038,0.3046,0.2906,0.2922,30126821.7
2025-12-15 16:00:00,0.2922,0.2929,0.2863,0.2879,14230867.6
2025-12-15 17:00:00,0.2879,0.2885,0.2842,0.2849,10215012.2
2025-12-15 18:00:00,0.2849,0.287,0.281,0.2866,11029664.6
2025-12-15 19:00:00,0.2867,0.2905,0.2863,0.2873,9345200.5
2025-12-15 20:00:00,0.2873,0.2874,0.2834,0.285,7560054.2
2025-12-15 21:00:00,0.2851,0.2895,0.2844,0.2888,5125103.3
2025-12-15 22:00:00,0.2888,0.2909,0.2877,0.2907,3671680.3
2025-12-15 23:00:00,0.2908,0.2932,0.2908,0.2928,4789040.8
2025-12-16 00:00:00,0.2928,0.2933,0.2883,0.2886,5868330.3
2025-12-16 01:00:00,0.2885,0.2902,0.2866,0.2873,5559052.3
2025-12-16 02:00:00,0.2873,0.2905,0.2862,0.2889,4150551.1
2025-12-16 03:00:00,0.2889,0.2898,0.2862,0.2893,3999648.8
2025-12-16 04:00:00,0.2894,0.29,0.2828,0.2869,6226988.8
2025-12-16 05:00:00,0.287,0.2879,0.286,0.2866,3453411.2
2025-12-16 06:00:00,0.2865,0.2889,0.2863,0.2885,3181516.6
2025-12-16 07:00:00,0.2885,0.2892,0.2831,0.2842,5786968.3
2025-12-16 08:00:00,0.2842,0.2871,0.284,0.286,5513818.3
2025-12-16 09:00:00,0.286,0.2864,0.2851,0.2861,2664134.7
2025-12-16 10:00:00,0.2861,0.2938,0.2854,0.2917,7349912.9
2025-12-16 11:00:00,0.2917,0.2963,0.2911,0.2957,8391732.7
2025-12-16 12:00:00,0.2958,0.2966,0.293,0.2938,4776352.5
2025-12-16 13:00:00,0.2938,0.2977,0.2897,0.2903,13124830.0
2025-12-16 14:00:00,0.2904,0.2961,0.2876,0.2933,15900537.6
2025-12-16 15:00:00,0.2934,0.2977,0.2901,0.2966,10276409.2
2025-12-16 16:00:00,0.2965,0.2971,0.2933,0.2952,7067718.0
2025-12-16 17:00:00,0.2952,0.298,0.2929,0.2933,7303121.3
2025-12-16 18:00:00,0.2933,0.2969,0.2922,0.2949,7256446.8
2025-12-16 19:00:00,0.2948,0.2952,0.291,0.2937,5483633.4
2025-12-16 20:00:00,0.2936,0.2948,0.2926,0.2938,4724988.4
2025-12-16 21:00:00,0.2939,0.295,0.2928,0.294,2724667.0
2025-12-16 22:00:00,0.2939,0.2945,0.2924,0.2932,2507013.3
2025-12-16 23:00:00,0.2932,0.2933,0.292,0.2931,2851032.8
2025-12-17 00:00:00,0.2931,0.2931,0.2913,0.2917,2749737.4
2025-12-17 01:00:00,0.2918,0.2958,0.2918,0.2932,3869966.7
2025-12-17 02:00:00,0.2932,0.2948,0.2906,0.2942,6273735.0
2025-12-17 03:00:00,0.2942,0.2953,0.2914,0.2921,4711909.4
2025-12-17 04:00:00,0.2921,0.2926,0.2899,0.2905,3800450.5
2025-12-17 05:00:00,0.2906,0.2919,0.2886,0.2903,6041330.9
2025-12-17 06:00:00,0.2903,0.2921,0.2901,0.2904,3143649.3
2025-12-17 07:00:00,0.2904,0.2916,0.2895,0.2896,3395318.5
2025-12-17 08:00:00,0.2896,0.2896,0.287,0.288,5471255.3
2025-12-17 09:00:00,0.288,0.2884,0.2864,0.2873,3255275.7
2025-12-17 10:00:00,0.2874,0.2882,0.286,0.2869,4971191.2
2025-12-17 11:00:00,0.2869,0.2899,0.2868,0.2894,4369918.6
2025-12-17 12:00:00,0.2895,0.2904,0.2879,0.2891,4591506.3
2025-12-17 13:00:00,0.289,0.2935,0.2881,0.293,10917450.3
2025-12-17 14:00:00,0.293,0.2999,0.287,0.2995,27182272.5
2025-12-17 15:00:00,0.2994,0.3062,0.2864,0.2875,47547603.2
2025-12-17 16:00:00,0.2874,0.2898,0.2763,0.2803,47771089.0
2025-12-17 17:00:00,0.2803,0.2814,0.2743,0.2758,18738521.1
2025-12-17 18:00:00,0.276,0.279,0.2726,0.2732,15087430.1
2025-12-17 19:00:00,0.2731,0.2763,0.2713,0.2759,15285417.7
2025-12-17 20:00:00,0.2759,0.2787,0.2745,0.2753,7912684.3
2025-12-17 21:00:00,0.2754,0.2764,0.2717,0.2723,5896202.9
2025-12-17 22:00:00,0.2723,0.2739,0.2696,0.2734,9966429.9
2025-12-17 23:00:00,0.2734,0.2735,0.2714,0.2733,5842945.5
2025-12-18 00:00:00,0.2734,0.2738,0.272,0.2733,4281236.9
2025-12-18 01:00:00,0.2733,0.2734,0.2698,0.2714,6086318.2
2025-12-18 02:00:00,0.2714,0.2748,0.2703,0.2729,5337467.2
2025-12-18 03:00:00,0.2728,0.2729,0.2691,0.2702,6346464.8
2025-12-18 04:00:00,0.2702,0.2718,0.2698,0.2705,5056076.8
2025-12-18 05:00:00,0.2705,0.2709,0.2666,0.2674,9958574.8
2025-12-18 06:00:00,0.2674,0.2695,0.2669,0.269,6698015.7
2025-12-18 07:00:00,0.269,0.2711,0.2687,0.2704,6302080.4
2025-12-18 08:00:00,0.2704,0.2749,0.2702,0.2727,9916090.2
2025-12-18 09:00:00,0.2727,0.2739,0.2721,0.2726,4378963.4
2025-12-18 10:00:00,0.2726,0.2752,0.2721,0.2749,4687298.9
2025-12-18 11:00:00,0.275,0.2751,0.273,0.2741,3746085.2
2025-12-18 12:00:00,0.2742,0.2758,0.2732,0.2754,5098484.4
2025-12-18 13:00:00,0.2753,0.2849,0.2752,0.2845,23010597.1
2025-12-18 14:00:00,0.2846,0.2872,0.2785,0.2811,18251741.1
2025-12-18 15:00:00,0.2811,0.286,0.2787,0.2826,14899354.1
2025-12-18 16:00:00,0.2825,0.2829,0.2785,0.281,9406528.1
2025-12-18 17:00:00,0.2811,0.2812,0.2617,0.2669,45253673.9
2025-12-18 18:00:00,0.2669,0.2702,0.261,0.2621,14187660.2
2025-12-18 19:00:00,0.262,0.2638,0.2549,0.2558,20952662.6
2025-12-18 20:00:00,0.2557,0.2596,0.2554,0.2566,11668986.1
2025-12-18 21:00:00,0.2566,0.2637,0.2565,0.2636,13651383.1
2025-12-18 22:00:00,0.2637,0.2652,0.2628,0.2632,6905377.8
2025-12-18 23:00:00,0.2632,0.2632,0.2597,0.2597,4560508.9
2025-12-19 00:00:00,0.2598,0.2611,0.2572,0.2585,6297529.3
2025-12-19 01:00:00,0.2585,0.2585,0.2559,0.2572,7028619.6
2025-12-19 02:00:00,0.2572,0.2593,0.2563,0.2581,7337042.3
2025-12-19 03:00:00,0.2582,0.2686,0.2578,0.2649,22128431.7
2025-12-19 04:00:00,0.2649,0.2671,0.2643,0.2654,8565493.8
2025-12-19 05:00:00,0.2654,0.2655,0.2633,0.2639,6722178.6
2025-12-19 06:00:00,0.264,0.2656,0.2631,0.2652,5227033.1
2025-12-19 07:00:00,0.2652,0.271,0.2652,0.2681,11868873.3
2025-12-19 08:00:00,0.2682,0.2697,0.2676,0.2691,7337486.8
2025-12-19 09:00:00,0.2691,0.2697,0.2658,0.2671,4820000.9
2025-12-19 10:00:00,0.2672,0.2682,0.2666,0.2669,4054319.4
2025-12-19 11:00:00,0.2669,0.2686,0.2658,0.2676,4657633.0
2025-12-19 12:00:00,0.2676,0.269,0.2668,0.2681,6518787.2
2025-12-19 13:00:00,0.2682,0.2703,0.2681,0.2699,6328934.5
2025-12-19 14:00:00,0.27,0.2768,0.2692,0.274,16742886.4
2025-12-19 15:00:00,0.2741,0.2801,0.2717,0.2742,18364141.8
2025-12-19 16:00:00,0.2742,0.2818,0.2738,0.2765,12148408.7
2025-12-19 17:00:00,0.2765,0.2798,0.2716,0.2719,14194916.4
2025-12-19 18:00:00,0.2719,0.2777,0.2716,0.2769,7644568.9
2025-12-19 19:00:00,0.2769,0.2841,0.2768,0.2825,10890575.2
2025-12-19 20:00:00,0.2825,0.2843,0.2805,0.2816,9880638.6
2025-12-19 21:00:00,0.2816,0.2816,0.2796,0.2803,6680857.7
2025-12-19 22:00:00,0.2803,0.2828,0.2802,0.2817,3911184.9
2025-12-19 23:00:00,0.2817,0.2817,0.2794,0.2798,2520139.8
2025-12-20 00:00:00,0.2798,0.2801,0.2786,0.2792,3374845.5
2025-12-20 01:00:00,0.2792,0.2805,0.2778,0.2783,3043352.6
2025-12-20 02:00:00,0.2782,0.279,0.2779,0.2783,2321229.4
2025-12-20 03:00:00,0.2783,0.2799,0.2773,0.2784,3038457.8
2025-12-20 04:00:00,0.2785,0.2787,0.2761,0.2764,3347694.8
2025-12-20 05:00:00,0.2764,0.2775,0.2754,0.2762,4412119.7
2025-12-20 06:00:00,0.2762,0.2775,0.276,0.2773,1845835.1
2025-12-20 07:00:00,0.2774,0.281,0.2773,0.2809,5736750.1
2025-12-20 08:00:00,0.281,0.2846,0.2809,0.2821,9037543.0
2025-12-20 09:00:00,0.2821,0.2833,0.2815,0.2821,2781089.6
2025-12-20 10:00:00,0.2822,0.2827,0.2792,0.2795,4672890.5
2025-12-20 11:00:00,0.2796,0.2823,0.2792,0.2822,3224248.9
2025-12-20 12:00:00,0.2823,0.2825,0.2802,0.2813,3076314.3
2025-12-20 13:00:00,0.2814,0.2824,0.2783,0.2803,11694485.0
2025-12-20 14:00:00,0.2803,0.281,0.278,0.2805,3027584.3
2025-12-20 15:00:00,0.2806,0.2807,0.2787,0.2795,3306428.9
2025-12-20 16:00:00,0.2794,0.28,0.2787,0.2797,2750555.3
2025-12-20 17:00:00,0.2798,0.2819,0.2797,0.2801,2651725.6
2025-12-20 18:00:00,0.2802,0.2805,0.2792,0.2798,2063522.3
2025-12-20 19:00:00,0.2799,0.2803,0.2786,0.2789,2609101.2
2025-12-20 20:00:00,0.2789,0.2797,0.2787,0.2793,2787657.1
2025-12-20 21:00:00,0.2793,0.2801,0.2788,0.2789,2690537.1
2025-12-20 22:00:00,0.2789,0.2801,0.2779,0.2796,2917352.0
2025-12-20 23:00:00,0.2796,0.2798,0.2778,0.2782,2023049.0
2025-12-21 00:00:00,0.2782,0.2789,0.2764,0.2768,3990257.5
2025-12-21 01:00:00,0.2769,0.277,0.2743,0.2749,4957424.2
2025-12-21 02:00:00,0.2749,0.276,0.2733,0.2739,3774131.7
2025-12-21 03:00:00,0.274,0.276,0.2738,0.2756,3251688.1
2025-12-21 04:00:00,0.2756,0.2761,0.2752,0.2755,2128806.0
2025-12-21 05:00:00,0.2756,0.2774,0.2754,0.2761,3007800.4
2025-12-21 06:00:00,0.2762,0.2766,0.2754,0.2762,2103152.9
2025-12-21 07:00:00,0.2762,0.2766,0.2757,0.2763,1359025.5
2025-12-21 08:00:00,0.2763,0.2779,0.2752,0.2769,3696212.1
2025-12-21 09:00:00,0.277,0.2782,0.2754,0.277,6355968.5
2025-12-21 10:00:00,0.2771,0.2774,0.2745,0.2753,4058063.3
2025-12-21 11:00:00,0.2753,0.2758,0.2745,0.2746,2938619.1
2025-12-21 12:00:00,0.2747,0.2758,0.2718,0.2726,5695369.6
2025-12-21 13:00:00,0.2727,0.2727,0.2632,0.2636,21566763.5
2025-12-21 14:00:00,0.2637,0.2667,0.2632,0.2653,7110630.5
2025-12-21 15:00:00,0.2654,0.2674,0.2645,0.2666,5734822.3
2025-12-21 16:00:00,0.2666,0.2695,0.2657,0.2692,6563139.1
2025-12-21 17:00:00,0.2693,0.2713,0.2685,0.2688,4656464.8
2025-12-21 18:00:00,0.2688,0.2696,0.2666,0.2693,3602298.0
2025-12-21 19:00:00,0.2694,0.2712,0.2685,0.2709,3709412.0
2025-12-21 20:00:00,0.2709,0.2712,0.2688,0.2694,2435010.0
2025-12-21 21:00:00,0.2695,0.2706,0.2676,0.2683,3253601.7
2025-12-21 22:00:00,0.2684,0.2724,0.2679,0.2723,2936235.2
2025-12-21 23:00:00,0.2723,0.2742,0.2709,0.2722,3745877.7
2025-12-22 00:00:00,0.2723,0.2796,0.2722,0.274,14837805.8
2025-12-22 01:00:00,0.2739,0.2775,0.2733,0.2736,6932513.7
2025-12-22 02:00:00,0.2736,0.2736,0.2688,0.2723,9490464.4
2025-12-22 03:00:00,0.2722,0.2753,0.2712,0.274,5329886.1
2025-12-22 04:00:00,0.274,0.2755,0.2732,0.2746,3954689.9
2025-12-22 05:00:00,0.2745,0.275,0.2728,0.2736,3815386.8
2025-12-22 06:00:00,0.2735,0.2754,0.2731,0.2743,4368489.7
2025-12-22 07:00:00,0.2743,0.2765,0.2739,0.2758,3096383.9
2025-12-22 08:00:00,0.2758,0.2798,0.275,0.2758,11637092.5
2025-12-22 09:00:00,0.2759,0.2768,0.2745,0.2759,5193055.3
2025-12-22 10:00:00,0.2759,0.2773,0.2753,0.2759,5554092.7
2025-12-22 11:00:00,0.276,0.2771,0.2746,0.276,8876784.4
2025-12-22 12:00:00,0.2761,0.279,0.2752,0.2766,9527327.4
2025-12-22 13:00:00,0.2767,0.2774,0.2749,0.2765,4480797.1
2025-12-22 14:00:00,0.2765,0.2793,0.2749,0.2773,10375292.9
2025-12-22 15:00:00,0.2774,0.2792,0.2736,0.2773,10190895.0
2025-12-22 16:00:00,0.2774,0.2782,0.2753,0.2766,5591150.4
2025-12-22 17:00:00,0.2766,0.277,0.2748,0.2759,5272142.8
2025-12-22 18:00:00,0.276,0.277,0.274,0.2747,4337487.2
2025-12-22 19:00:00,0.2747,0.2749,0.2695,0.27,13829269.6
2025-12-22 20:00:00,0.2699,0.2716,0.2679,0.2687,11990681.0
2025-12-22 21:00:00,0.2686,0.2715,0.2684,0.2697,4842346.9
2025-12-22 22:00:00,0.2696,0.2726,0.2688,0.2723,3494071.3
2025-12-22 23:00:00,0.2724,0.2725,0.2708,0.2718,2549221.3
2025-12-23 00:00:00,0.2717,0.2746,0.2711,0.2734,4351722.1
2025-12-23 01:00:00,0.2735,0.2735,0.2706,0.2716,3040000.1
2025-12-23 02:00:00,0.2716,0.2733,0.2695,0.27,6086833.2
2025-12-23 03:00:00,0.2699,0.2709,0.2679,0.2699,4926642.0
2025-12-23 04:00:00,0.2698,0.2707,0.2687,0.2689,2922965.2
2025-12-23 05:00:00,0.2689,0.2699,0.267,0.2693,6075693.7
2025-12-23 06:00:00,0.2693,0.2696,0.266,0.2671,8913391.6
2025-12-23 07:00:00,0.267,0.2679,0.2662,0.2672,3600392.1
2025-12-23 08:00:00,0.2671,0.2686,0.2657,0.266,4175396.6
2025-12-23 09:00:00,0.2659,0.2675,0.2653,0.2673,4215690.0
2025-12-23 10:00:00,0.2674,0.269,0.2674,0.2684,3249231.8
2025-12-23 11:00:00,0.2684,0.27,0.2682,0.2685,2889073.7
2025-12-23 12:00:00,0.2685,0.2685,0.2657,0.267,4201917.5
2025-12-23 13:00:00,0.267,0.2683,0.2641,0.2657,10285325.6
2025-12-23 14:00:00,0.2656,0.2671,0.2609,0.2635,18981234.6
2025-12-23 15:00:00,0.2634,0.266,0.2625,0.2653,6748449.3
2025-12-23 16:00:00,0.2653,0.2699,0.2644,0.269,8921100.4
2025-12-23 17:00:00,0.2691,0.2707,0.265,0.2656,11647903.5
2025-12-23 18:00:00,0.2656,0.2724,0.2656,0.2709,9627766.5
2025-12-23 19:00:00,0.2709,0.2715,0.2692,0.2698,3891387.5
2025-12-23 20:00:00,0.2698,0.2748,0.2692,0.2719,6493375.4
2025-12-23 21:00:00,0.2721,0.2725,0.27,0.2702,4436876.7
2025-12-23 22:00:00,0.2702,0.2709,0.2683,0.2695,4383484.1
2025-12-23 23:00:00,0.2695,0.2711,0.2685,0.2704,4570517.7
2025-12-24 00:00:00,0.2704,0.2717,0.2698,0.2711,4228727.4
2025-12-24 01:00:00,0.2712,0.2722,0.2684,0.2694,3406786.8
2025-12-24 02:00:00,0.2694,0.2695,0.2654,0.266,5435989.4
2025-12-24 03:00:00,0.2661,0.268,0.2643,0.2679,4979095.6
2025-12-24 04:00:00,0.2679,0.2693,0.2654,0.2655,3515164.5
2025-12-24 05:00:00,0.2654,0.2663,0.263,0.2649,8501613.0
2025-12-24 06:00:00,0.265,0.2654,0.2622,0.2629,14862727.3
2025-12-24 07:00:00,0.2629,0.2641,0.2619,0.2619,6156382.6
2025-12-24 08:00:00,0.2619,0.263,0.2609,0.2616,5870400.9
2025-12-24 09:00:00,0.2617,0.263,0.2617,0.2619,4558669.7
2025-12-24 10:00:00,0.262,0.2632,0.2615,0.2616,3409859.6
2025-12-24 11:00:00,0.2617,0.2635,0.2617,0.2627,2767021.1
2025-12-24 12:00:00,0.2628,0.2654,0.2624,0.265,7162251.9
2025-12-24 13:00:00,0.265,0.265,0.2626,0.2633,6776970.0
2025-12-24 14:00:00,0.2634,0.2657,0.2594,0.2631,21022599.9
2025-12-24 15:00:00,0.2631,0.2673,0.2617,0.2659,11881508.1
2025-12-24 16:00:00,0.266,0.2673,0.2631,0.2647,11045912.0
2025-12-24 17:00:00,0.2648,0.2654,0.2619,0.2619,6057851.8
2025-12-24 18:00:00,0.262,0.2629,0.2612,0.2616,4131630.3
2025-12-24 19:00:00,0.2616,0.2635,0.2612,0.263,3653795.7
2025-12-24 20:00:00,0.263,0.2645,0.2627,0.263,2819667.3
2025-12-24 21:00:00,0.263,0.2639,0.2626,0.2634,3149831.8
2025-12-24 22:00:00,0.2634,0.2663,0.2632,0.2655,3403992.9
2025-12-24 23:00:00,0.2655,0.2656,0.2631,0.2633,3100503.6
2025-12-25 00:00:00,0.2633,0.2638,0.2606,0.2611,5768800.7
2025-12-25 01:00:00,0.2611,0.263,0.261,0.2624,3506242.8
2025-12-25 02:00:00,0.2623,0.2652,0.2615,0.2652,4994957.7
2025-12-25 03:00:00,0.2652,0.2654,0.2636,0.2648,4381437.3
2025-12-25 04:00:00,0.2648,0.2667,0.2642,0.2661,5073059.2
2025-12-25 05:00:00,0.2661,0.2662,0.2639,0.264,3109717.1
2025-12-25 06:00:00,0.2639,0.2654,0.2635,0.2647,2132848.2
2025-12-25 07:00:00,0.2648,0.2655,0.2633,0.2653,3190041.9
2025-12-25 08:00:00,0.2653,0.2671,0.2629,0.2637,6705670.2
2025-12-25 09:00:00,0.2637,0.2638,0.2622,0.2625,2815832.8
2025-12-25 10:00:00,0.2624,0.2624,0.2585,0.2594,11690852.6
2025-12-25 11:00:00,0.2594,0.2608,0.2591,0.2602,3505446.0
2025-12-25 12:00:00,0.2602,0.2625,0.2598,0.2624,5680240.6
2025-12-25 13:00:00,0.2624,0.2635,0.261,0.2623,5472914.3
2025-12-25 14:00:00,0.2623,0.2627,0.2591,0.2602,7429292.7
2025-12-25 15:00:00,0.2603,0.2633,0.2593,0.2619,10748944.1
2025-12-25 16:00:00,0.2619,0.2639,0.2594,0.26,9927533.2
2025-12-25 17:00:00,0.26,0.2601,0.2569,0.2585,11247797.3
2025-12-25 18:00:00,0.2586,0.2619,0.2583,0.2613,6838599.7
2025-12-25 19:00:00,0.2614,0.2628,0.2606,0.2628,3627015.7
2025-12-25 20:00:00,0.2628,0.2633,0.2613,0.2628,5369961.2
2025-12-25 21:00:00,0.2629,0.2636,0.2623,0.2631,2829655.5
2025-12-25 22:00:00,0.2632,0.2634,0.2544,0.2566,13534028.1
2025-12-25 23:00:00,0.2566,0.2573,0.2504,0.2518,21343713.3
2025-12-26 00:00:00,0.2518,0.2537,0.2508,0.2537,10117661.0
2025-12-26 01:00:00,0.2536,0.2552,0.253,0.2548,6240233.9
2025-12-26 02:00:00,0.2548,0.2674,0.2547,0.2656,22561820.7
2025-12-26 03:00:00,0.2657,0.2666,0.2635,0.2645,8992022.0
2025-12-26 04:00:00,0.2646,0.2668,0.262,0.2661,5756617.7
2025-12-26 05:00:00,0.2661,0.2663,0.2645,0.2656,5648539.3
2025-12-26 06:00:00,0.2657,0.2685,0.2645,0.2669,9498905.6
2025-12-26 07:00:00,0.2669,0.2673,0.2631,0.2638,7530097.3
2025-12-26 08:00:00,0.2639,0.2682,0.2636,0.2665,10010725.9
2025-12-26 09:00:00,0.2666,0.2673,0.2649,0.2668,6535361.1
2025-12-26 10:00:00,0.2669,0.2672,0.2661,0.2667,3379399.9
2025-12-26 11:00:00,0.2668,0.2675,0.2661,0.2672,3065326.5
2025-12-26 12:00:00,0.2673,0.27,0.2672,0.2697,6512665.0
2025-12-26 13:00:00,0.2698,0.2732,0.2687,0.269,13783911.6
2025-12-26 14:00:00,0.2691,0.2693,0.2632,0.2638,13404351.5
2025-12-26 15:00:00,0.2637,0.2647,0.2609,0.2631,13859501.5
2025-12-26 16:00:00,0.2632,0.2639,0.2588,0.2593,9665935.1
2025-12-26 17:00:00,0.2593,0.2641,0.2589,0.2629,13293027.5
2025-12-26 18:00:00,0.2629,0.2659,0.2627,0.2651,5401573.9
2025-12-26 19:00:00,0.2652,0.2681,0.2649,0.2672,3763039.0
2025-12-26 20:00:00,0.2673,0.2691,0.2666,0.2678,3075291.4
2025-12-26 21:00:00,0.2679,0.2684,0.2664,0.2665,3586529.4
2025-12-26 22:00:00,0.2665,0.2675,0.266,0.267,2798938.2
2025-12-26 23:00:00,0.267,0.2678,0.2666,0.2678,3165925.1
2025-12-27 00:00:00,0.2677,0.27,0.2675,0.2689,6015600.6
2025-12-27 01:00:00,0.269,0.2713,0.2681,0.2712,3481496.6
2025-12-27 02:00:00,0.2712,0.2724,0.2697,0.2722,4105882.5
2025-12-27 03:00:00,0.2723,0.2725,0.2708,0.2723,4502873.9
2025-12-27 04:00:00,0.2723,0.2725,0.2704,0.2708,2434330.1
2025-12-27 05:00:00,0.2708,0.2711,0.2698,0.2704,3092237.6
2025-12-27 06:00:00,0.2704,0.2705,0.2695,0.27,1963436.0
2025-12-27 07:00:00,0.2699,0.2714,0.2698,0.2706,2952060.3
2025-12-27 08:00:00,0.2706,0.2713,0.2701,0.2705,1763699.2
2025-12-27 09:00:00,0.2705,0.272,0.2697,0.27,3570135.6
2025-12-27 10:00:00,0.27,0.2709,0.2682,0.2707,6062118.9
2025-12-27 11:00:00,0.2708,0.2744,0.2704,0.2743,6791835.9
2025-12-27 12:00:00,0.2744,0.2753,0.2726,0.2733,6839273.3
2025-12-27 13:00:00,0.2732,0.2735,0.2712,0.2716,4037402.2
2025-12-27 14:00:00,0.2716,0.2739,0.2715,0.2737,4116132.8
2025-12-27 15:00:00,0.2737,0.2748,0.2732,0.2741,3065517.3
2025-12-27 16:00:00,0.2741,0.276,0.2741,0.2754,5369040.4
2025-12-27 17:00:00,0.2755,0.276,0.2734,0.2743,6797828.3
2025-12-27 18:00:00,0.2743,0.2748,0.273,0.2743,3777044.5
2025-12-27 19:00:00,0.2743,0.2744,0.2729,0.2732,1772056.0
2025-12-27 20:00:00,0.2731,0.2742,0.2726,0.273,1461982.7
2025-12-27 21:00:00,0.2729,0.2768,0.2729,0.2764,3037228.4
2025-12-27 22:00:00,0.2765,0.2797,0.2745,0.2756,6074195.1
2025-12-27 23:00:00,0.2757,0.2809,0.2757,0.2785,5496264.8
2025-12-28 00:00:00,0.2784,0.2796,0.2769,0.2771,3304337.2
2025-12-28 01:00:00,0.2771,0.2779,0.2754,0.2759,1918062.6
2025-12-28 02:00:00,0.2759,0.2774,0.2758,0.2765,1579592.3
2025-12-28 03:00:00,0.2766,0.2772,0.2756,0.2769,2988471.4
2025-12-28 04:00:00,0.2769,0.2779,0.2764,0.2768,1485664.2
2025-12-28 05:00:00,0.2769,0.2778,0.2761,0.2768,1821486.9
2025-12-28 06:00:00,0.2768,0.2784,0.2765,0.2775,2199932.1
2025-12-28 07:00:00,0.2775,0.2785,0.2768,0.2773,2152602.1
2025-12-28 08:00:00,0.2774,0.2786,0.2769,0.2771,1659796.2
2025-12-28 09:00:00,0.2772,0.2774,0.2757,0.2765,1642409.9
2025-12-28 10:00:00,0.2766,0.2778,0.2764,0.2766,1432596.6
2025-12-28 11:00:00,0.2766,0.2775,0.2746,0.2754,3427867.9
2025-12-28 12:00:00,0.2755,0.2756,0.2737,0.2742,2215297.7
2025-12-28 13:00:00,0.2742,0.2756,0.2741,0.2754,1762285.7
2025-12-28 14:00:00,0.2753,0.2777,0.2752,0.2767,5586877.6
2025-12-28 15:00:00,0.2767,0.2777,0.2751,0.2755,2920806.3
2025-12-28 16:00:00,0.2755,0.2761,0.2742,0.2753,3365146.4
2025-12-28 17:00:00,0.2753,0.2768,0.275,0.2753,1802814.3
2025-12-28 18:00:00,0.2754,0.2756,0.2711,0.2714,8121737.1
2025-12-28 19:00:00,0.2714,0.2728,0.2693,0.2707,6036501.1
2025-12-28 20:00:00,0.2707,0.2716,0.2689,0.2704,4377116.1
2025-12-28 21:00:00,0.2704,0.2711,0.2693,0.2711,3226209.6
2025-12-28 22:00:00,0.271,0.2737,0.2704,0.273,2782430.0
2025-12-28 23:00:00,0.2731,0.2739,0.2712,0.2738,2858601.9
2025-12-29 00:00:00,0.2738,0.2787,0.2734,0.2762,8630945.5
2025-12-29 01:00:00,0.2762,0.2787,0.2731,0.2776,8439878.8
2025-12-29 02:00:00,0.2775,0.2808,0.277,0.2776,10372450.0
2025-12-29 03:00:00,0.2777,0.2832,0.2776,0.2826,9197109.1
2025-12-29 04:00:00,0.2826,0.2838,0.2809,0.2821,7420077.1
2025-12-29 05:00:00,0.282,0.2838,0.2806,0.2818,6441190.3
2025-12-29 06:00:00,0.2818,0.2826,0.2805,0.2812,5509524.9
2025-12-29 07:00:00,0.2812,0.2819,0.2785,0.2816,4908945.8
2025-12-29 08:00:00,0.2815,0.2824,0.28,0.2805,5243215.5
2025-12-29 09:00:00,0.2805,0.2807,0.2736,0.276,10262764.3
2025-12-29 10:00:00,0.276,0.2786,0.2754,0.2776,4432730.2
2025-12-29 11:00:00,0.2775,0.2784,0.2756,0.2757,3315721.7
2025-12-29 12:00:00,0.2757,0.276,0.269,0.273,15326635.4
2025-12-29 13:00:00,0.2729,0.2734,0.2706,0.2714,4244804.2
2025-12-29 14:00:00,0.2713,0.276,0.2695,0.2717,17158785.2
2025-12-29 15:00:00,0.2717,0.2749,0.2715,0.2729,15646618.8
2025-12-29 16:00:00,0.2728,0.2735,0.2711,0.2716,7750562.6
2025-12-29 17:00:00,0.2716,0.2741,0.2702,0.2739,5806051.2
2025-12-29 18:00:00,0.2739,0.2748,0.2712,0.2718,4666178.3
2025-12-29 19:00:00,0.2717,0.2742,0.2707,0.2709,7843730.6
2025-12-29 20:00:00,0.2709,0.2719,0.2691,0.2699,4872707.8
2025-12-29 21:00:00,0.2699,0.2718,0.2698,0.2706,3000317.9
2025-12-29 22:00:00,0.2706,0.2712,0.2698,0.2701,1596594.1
2025-12-29 23:00:00,0.2701,0.2702,0.2682,0.2691,4288875.1
2025-12-30 00:00:00,0.2691,0.2708,0.2674,0.2695,3854954.7
2025-12-30 01:00:00,0.2695,0.2708,0.2684,0.2697,2477376.3
2025-12-30 02:00:00,0.2698,0.2702,0.2674,0.2683,3421085.3
2025-12-30 03:00:00,0.2682,0.2689,0.266,0.2681,7513131.4
2025-12-30 04:00:00,0.2681,0.2698,0.2672,0.2688,2352912.2
2025-12-30 05:00:00,0.2687,0.2688,0.2662,0.2675,2451849.1
2025-12-30 06:00:00,0.2675,0.2703,0.2672,0.2689,3691399.6
2025-12-30 07:00:00,0.2689,0.2701,0.2679,0.2685,2265111.2
2025-12-30 08:00:00,0.2686,0.2757,0.2685,0.2727,11847501.6
2025-12-30 09:00:00,0.2728,0.2752,0.2721,0.2744,3999197.0
2025-12-30 10:00:00,0.2745,0.2749,0.2723,0.2732,4917686.5
2025-12-30 11:00:00,0.2732,0.2743,0.2726,0.2743,3542936.2
2025-12-30 12:00:00,0.2743,0.2747,0.273,0.2732,3613296.3
2025-12-30 13:00:00,0.2733,0.2751,0.2729,0.274,3784917.5
2025-12-30 14:00:00,0.274,0.2755,0.2698,0.2737,12557361.7
2025-12-30 15:00:00,0.2737,0.275,0.2709,0.2746,7364038.1
2025-12-30 16:00:00,0.2747,0.2762,0.2714,0.2723,7845805.5
2025-12-30 17:00:00,0.2723,0.273,0.2694,0.2709,6204793.0
2025-12-30 18:00:00,0.2709,0.2717,0.2699,0.2711,2914555.6
2025-12-30 19:00:00,0.271,0.273,0.269,0.2726,5699025.4
2025-12-30 20:00:00,0.2726,0.2727,0.2702,0.2704,2419979.4
2025-12-30 21:00:00,0.2705,0.2716,0.2696,0.2703,3662937.3
2025-12-30 22:00:00,0.2703,0.2711,0.2696,0.2704,1628089.7
2025-12-30 23:00:00,0.2704,0.2722,0.2701,0.2715,3797153.2
2025-12-31 00:00:00,0.2715,0.2715,0.2688,0.2694,4376147.1
2025-12-31 01:00:00,0.2694,0.2726,0.2689,0.2712,6604899.0
2025-12-31 02:00:00,0.2713,0.272,0.2698,0.2705,2965053.0
2025-12-31 03:00:00,0.2705,0.2713,0.2689,0.2695,2444946.4
2025-12-31 04:00:00,0.2696,0.2702,0.2689,0.2692,2366213.9
2025-12-31 05:00:00,0.2692,0.2703,0.269,0.2693,3203340.8
2025-12-31 06:00:00,0.2693,0.2708,0.269,0.2701,3146157.9
2025-12-31 07:00:00,0.2702,0.2707,0.269,0.2702,2292008.8
2025-12-31 08:00:00,0.2702,0.2712,0.2678,0.2683,5182081.4
2025-12-31 09:00:00,0.2683,0.2698,0.2682,0.2695,3160897.5
2025-12-31 10:00:00,0.2695,0.2696,0.2674,0.2678,3886303.1
2025-12-31 11:00:00,0.2677,0.2707,0.2677,0.2705,4360488.4
2025-12-31 12:00:00,0.2705,0.2706,0.2684,0.269,4612974.1
2025-12-31 13:00:00,0.269,0.271,0.2685,0.2706,3068617.8
2025-12-31 14:00:00,0.2707,0.2731,0.2687,0.2707,14996247.2
2025-12-31 15:00:00,0.2707,0.2714,0.2667,0.2676,8499289.9
2025-12-31 16:00:00,0.2677,0.2688,0.2596,0.2621,18673649.6
2025-12-31 17:00:00,0.2621,0.2628,0.2604,0.2613,7781137.8
2025-12-31 18:00:00,0.2613,0.263,0.2598,0.2614,5792191.5
2025-12-31 19:00:00,0.2615,0.2658,0.2613,0.2645,5545867.7
2025-12-31 20:00:00,0.2645,0.2678,0.2621,0.2669,7568601.8
2025-12-31 21:00:00,0.267,0.2691,0.2666,0.2687,3967815.2
2025-12-31 22:00:00,0.2687,0.2698,0.2679,0.2687,3813234.3
2025-12-31 23:00:00,0.2686,0.2692,0.2676,0.2679,3599720.4
2026-01-01 00:00:00,0.2679,0.271,0.2679,0.2683,6574960.1
2026-01-01 01:00:00,0.2682,0.2698,0.2665,0.2671,6024886.5
2026-01-01 02:00:00,0.2671,0.2678,0.2659,0.2665,3279831.8
2026-01-01 03:00:00,0.2665,0.2673,0.2658,0.2662,2155462.0
2026-01-01 04:00:00,0.2661,0.2661,0.2641,0.2656,3684091.9
2026-01-01 05:00:00,0.2656,0.27,0.2656,0.2699,5720911.2
2026-01-01 06:00:00,0.2699,0.2704,0.2689,0.2692,3782743.9
2026-01-01 07:00:00,0.2692,0.2703,0.2688,0.27,2302312.0
2026-01-01 08:00:00,0.2699,0.2717,0.2691,0.2715,3252418.5
2026-01-01 09:00:00,0.2715,0.2739,0.2715,0.2735,5792485.2
2026-01-01 10:00:00,0.2735,0.2747,0.2726,0.2741,5412139.7
2026-01-01 11:00:00,0.2741,0.2753,0.2731,0.2741,5836240.5
2026-01-01 12:00:00,0.2741,0.2746,0.272,0.2741,6908442.2
2026-01-01 13:00:00,0.274,0.2775,0.2738,0.277,8736398.2
2026-01-01 14:00:00,0.277,0.2795,0.276,0.2783,8326300.8
2026-01-01 15:00:00,0.2783,0.2837,0.2778,0.2818,14124420.0
2026-01-01 16:00:00,0.2818,0.2836,0.2808,0.2836,10482149.1
2026-01-01 17:00:00,0.2835,0.288,0.2832,0.2861,13363266.0
2026-01-01 18:00:00,0.2861,0.2873,0.2852,0.2872,4953380.5
2026-01-01 19:00:00,0.2871,0.2923,0.2869,0.2923,7574682.3
2026-01-01 20:00:00,0.2923,0.2933,0.2889,0.29,7855877.0
2026-01-01 21:00:00,0.2901,0.2909,0.2887,0.2908,3517827.9
2026-01-01 22:00:00,0.2908,0.2962,0.2907,0.2958,6478077.5
2026-01-01 23:00:00,0.2959,0.2978,0.2953,0.2966,6455851.5
2026-01-02 00:00:00,0.2967,0.2978,0.2953,0.2969,5231808.1
2026-01-02 01:00:00,0.2968,0.2989,0.2958,0.2973,4940838.2
2026-01-02 02:00:00,0.2972,0.298,0.296,0.298,4156938.7
2026-01-02 03:00:00,0.2979,0.3018,0.2969,0.2994,9194426.5
2026-01-02 04:00:00,0.2995,0.3,0.2961,0.2984,5318236.8
2026-01-02 05:00:00,0.2985,0.2988,0.2967,0.2984,3249281.2
2026-01-02 06:00:00,0.2985,0.299,0.2967,0.2969,3444788.6
2026-01-02 07:00:00,0.2969,0.297,0.2942,0.2944,3948481.8
2026-01-02 08:00:00,0.2944,0.2965,0.2941,0.2953,4356438.6
2026-01-02 09:00:00,0.2953,0.3003,0.2942,0.2983,8210081.0
2026-01-02 10:00:00,0.2983,0.299,0.2968,0.2981,6049117.3
2026-01-02 11:00:00,0.2982,0.2982,0.2949,0.2962,5946004.1
2026-01-02 12:00:00,0.2962,0.3013,0.2953,0.301,8122926.1
2026-01-02 13:00:00,0.3009,0.3024,0.2988,0.299,7049018.2
2026-01-02 14:00:00,0.299,0.3027,0.2953,0.299,17546197.1
2026-01-02 15:00:00,0.299,0.3012,0.296,0.2988,8885013.0
2026-01-02 16:00:00,0.2987,0.3053,0.2978,0.3033,15018751.4
2026-01-02 17:00:00,0.3032,0.305,0.2995,0.3006,8971609.0
2026-01-02 18:00:00,0.3005,0.3021,0.2991,0.301,6040804.2
2026-01-02 19:00:00,0.301,0.3042,0.3002,0.3039,4215742.3
2026-01-02 20:00:00,0.3039,0.3048,0.3018,0.3031,6729040.9
2026-01-02 21:00:00,0.3031,0.3053,0.3023,0.3039,3071507.6
2026-01-02 22:00:00,0.3038,0.3068,0.3034,0.3051,5364308.7
2026-01-02 23:00:00,0.3051,0.3062,0.3045,0.3062,3951517.3
2026-01-03 00:00:00,0.3061,0.3064,0.304,0.304,4530380.1
2026-01-03 01:00:00,0.3041,0.3055,0.3032,0.3054,4680200.6
2026-01-03 02:00:00,0.3054,0.3083,0.3041,0.307,5385259.0
2026-01-03 03:00:00,0.307,0.3082,0.3042,0.3078,6013630.3
2026-01-03 04:00:00,0.3079,0.308,0.3058,0.3066,3418252.2
2026-01-03 05:00:00,0.3067,0.3083,0.306,0.3082,4049896.9
2026-01-03 06:00:00,0.3082,0.3093,0.3042,0.3052,7751058.6
2026-01-03 07:00:00,0.3051,0.3057,0.3004,0.302,9502243.0
2026-01-03 08:00:00,0.3019,0.3064,0.3006,0.3062,7984903.6
2026-01-03 09:00:00,0.3061,0.3071,0.3024,0.3026,14534534.9
2026-01-03 10:00:00,0.3026,0.3031,0.3019,0.302,3550362.1
2026-01-03 11:00:00,0.3021,0.3032,0.3014,0.303,2996986.4
2026-01-03 12:00:00,0.303,0.3061,0.3022,0.3051,3849786.9
2026-01-03 13:00:00,0.3051,0.3071,0.3046,0.3068,3092948.9
2026-01-03 14:00:00,0.3068,0.3084,0.3061,0.3073,3399395.8
2026-01-03 15:00:00,0.3074,0.3075,0.3055,0.3058,3286261.4
2026-01-03 16:00:00,0.3058,0.3114,0.3058,0.3101,9153409.7
2026-01-03 17:00:00,0.3102,0.3107,0.3085,0.3093,3604858.4
2026-01-03 18:00:00,0.3093,0.3103,0.3077,0.3097,3155065.0
2026-01-03 19:00:00,0.3096,0.3097,0.3085,0.3095,1836244.8
2026-01-03 20:00:00,0.3096,0.3098,0.307,0.3083,2720680.4
2026-01-03 21:00:00,0.3082,0.3101,0.3075,0.3089,1768456.4
2026-01-03 22:00:00,0.3088,0.312,0.308,0.3115,1945543.4
2026-01-03 23:00:00,0.3114,0.3117,0.3097,0.3104,2827288.0
2026-01-04 00:00:00,0.3103,0.3147,0.3094,0.312,8797049.9
2026-01-04 01:00:00,0.312,0.3126,0.31,0.3124,3053748.0
2026-01-04 02:00:00,0.3123,0.3145,0.3118,0.3129,3530837.7
2026-01-04 03:00:00,0.3129,0.3158,0.3128,0.3146,3907203.6
2026-01-04 04:00:00,0.3145,0.3161,0.3125,0.3127,3881176.6
2026-01-04 05:00:00,0.3127,0.3159,0.3125,0.3159,3563845.8
2026-01-04 06:00:00,0.3159,0.3167,0.3123,0.313,5434685.7
2026-01-04 07:00:00,0.313,0.3158,0.3119,0.3144,5288569.8
2026-01-04 08:00:00,0.3145,0.3153,0.3117,0.3145,5825648.0
2026-01-04 09:00:00,0.3144,0.3176,0.3134,0.316,6065564.9
2026-01-04 10:00:00,0.316,0.3169,0.3138,0.3142,6730789.3
2026-01-04 11:00:00,0.3142,0.317,0.3132,0.3163,4370451.2
2026-01-04 12:00:00,0.3163,0.3197,0.316,0.3167,7227105.3
2026-01-04 13:00:00,0.3167,0.3193,0.3151,0.3192,5339169.3
2026-01-04 14:00:00,0.3192,0.3202,0.3174,0.32,6872109.8
2026-01-04 15:00:00,0.32,0.3219,0.3183,0.3201,7945284.5
2026-01-04 16:00:00,0.3202,0.325,0.3195,0.3242,7564088.4
2026-01-04 17:00:00,0.3242,0.3245,0.3219,0.3234,4003312.0
2026-01-04 18:00:00,0.3234,0.3239,0.3194,0.3213,5176862.7
2026-01-04 19:00:00,0.3212,0.3213,0.3153,0.3184,9017141.2
2026-01-04 20:00:00,0.3183,0.3187,0.3171,0.3173,2819190.5
2026-01-04 21:00:00,0.3172,0.3202,0.3162,0.3184,4598408.5
2026-01-04 22:00:00,0.3183,0.3202,0.3173,0.3184,3276372.9
2026-01-04 23:00:00,0.3184,0.3211,0.3178,0.3192,3521840.3
2026-01-05 00:00:00,0.3193,0.3219,0.3168,0.3202,8252476.5
2026-01-05 01:00:00,0.3203,0.3237,0.3194,0.3217,8965643.0
2026-01-05 02:00:00,0.3218,0.3233,0.3184,0.3217,4693077.8
2026-01-05 03:00:00,0.3217,0.322,0.3191,0.3199,3177372.2
2026-01-05 04:00:00,0.3198,0.3208,0.3135,0.3166,8473203.6
2026-01-05 05:00:00,0.3164,0.3187,0.3152,0.316,3843772.5
2026-01-05 06:00:00,0.316,0.317,0.3132,0.3163,5767335.2
2026-01-05 07:00:00,0.3162,0.32,0.3152,0.3186,3767608.5
2026-01-05 08:00:00,0.3187,0.3194,0.3151,0.3153,3756827.1
2026-01-05 09:00:00,0.3153,0.3155,0.3121,0.3139,5861195.6
2026-01-05 10:00:00,0.314,0.316,0.3119,0.3139,3551695.1
2026-01-05 11:00:00,0.3138,0.3151,0.3129,0.3148,2987562.1
2026-01-05 12:00:00,0.3149,0.3173,0.3135,0.3163,2827210.4
2026-01-05 13:00:00,0.3164,0.3166,0.3128,0.3152,4861501.6
2026-01-05 14:00:00,0.3153,0.3203,0.3139,0.3189,8676366.3
2026-01-05 15:00:00,0.3189,0.324,0.3161,0.3233,9526914.2
2026-01-05 16:00:00,0.3233,0.3244,0.3216,0.3224,6778891.9
2026-01-05 17:00:00,0.3223,0.3266,0.3176,0.3252,10199076.9
2026-01-05 18:00:00,0.3252,0.3293,0.3239,0.3288,7820222.7
2026-01-05 19:00:00,0.3288,0.329,0.325,0.3258,3979326.8
2026-01-05 20:00:00,0.3258,0.3317,0.3256,0.3275,7040465.8
2026-01-05 21:00:00,0.3277,0.329,0.3269,0.3281,3118985.3
2026-01-05 22:00:00,0.328,0.3339,0.3273,0.3322,5035829.5
2026-01-05 23:00:00,0.3322,0.3327,0.3287,0.3292,3425646.0
2026-01-06 00:00:00,0.3292,0.3304,0.325,0.3293,6593724.2
2026-01-06 01:00:00,0.3293,0.3326,0.3272,0.3273,5729012.0
2026-01-06 02:00:00,0.3274,0.3293,0.3266,0.3272,3776898.1
2026-01-06 03:00:00,0.3272,0.3321,0.327,0.3303,4525289.7
2026-01-06 04:00:00,0.3304,0.3316,0.3291,0.3297,3384281.2
2026-01-06 05:00:00,0.3297,0.3308,0.3277,0.3282,3720135.7
2026-01-06 06:00:00,0.3281,0.3309,0.3262,0.3284,5835222.3
2026-01-06 07:00:00,0.3284,0.3287,0.3243,0.3258,5520040.9
2026-01-06 08:00:00,0.3259,0.3287,0.3257,0.3262,3644579.2
2026-01-06 09:00:00,0.3261,0.3293,0.3256,0.3285,4129801.6
2026-01-06 10:00:00,0.3285,0.3298,0.3276,0.3287,4035848.0
2026-01-06 11:00:00,0.3288,0.3322,0.3285,0.3314,3878735.2
2026-01-06 12:00:00,0.3314,0.3349,0.3307,0.3345,5282718.8
2026-01-06 13:00:00,0.3345,0.336,0.3333,0.3334,6287494.8
2026-01-06 14:00:00,0.3334,0.3405,0.3302,0.3324,20171515.7
2026-01-06 15:00:00,0.3323,0.335,0.326,0.3283,12533586.5
2026-01-06 16:00:00,0.3282,0.3289,0.3193,0.3226,25094793.6
2026-01-06 17:00:00,0.3225,0.324,0.314,0.3148,16874908.8
2026-01-06 18:00:00,0.3148,0.3204,0.3135,0.3194,9376071.3
2026-01-06 19:00:00,0.3195,0.3208,0.3185,0.3189,5212919.6
2026-01-06 20:00:00,0.319,0.3251,0.319,0.3244,6085246.3
2026-01-06 21:00:00,0.3244,0.333,0.3232,0.3314,14770211.3
2026-01-06 22:00:00,0.3313,0.3323,0.3277,0.3289,4395233.7
2026-01-06 23:00:00,0.3288,0.332,0.3286,0.3312,2951587.5
2026-01-07 00:00:00,0.3312,0.332,0.3243,0.3246,5853756.8
2026-01-07 01:00:00,0.3246,0.3264,0.3225,0.323,5795184.2
2026-01-07 02:00:00,0.323,0.3257,0.322,0.3248,3703491.7
2026-01-07 03:00:00,0.3249,0.3262,0.323,0.3238,2744193.3
2026-01-07 04:00:00,0.3238,0.3251,0.3229,0.3234,3296229.1
2026-01-07 05:00:00,0.3235,0.3262,0.3233,0.324,3742440.5
2026-01-07 06:00:00,0.3241,0.325,0.3232,0.3232,2448093.2
2026-01-07 07:00:00,0.3232,0.33,0.3231,0.3299,6359327.1
2026-01-07 08:00:00,0.33,0.3324,0.3289,0.3309,6838234.6
2026-01-07 09:00:00,0.331,0.3313,0.3241,0.3244,10772084.1
2026-01-07 10:00:00,0.3244,0.326,0.3235,0.3249,6255034.9
2026-01-07 11:00:00,0.3249,0.3264,0.3239,0.3255,3771724.2
2026-01-07 12:00:00,0.3256,0.3257,0.3211,0.3213,4965999.7
2026-01-07 13:00:00,0.3214,0.3234,0.3197,0.32,4460785.6
2026-01-07 14:00:00,0.3201,0.3204,0.3132,0.3198,12986743.7
2026-01-07 15:00:00,0.3199,0.32,0.3125,0.3153,13092410.3
2026-01-07 16:00:00,0.3153,0.3181,0.3141,0.3168,6567486.1
2026-01-07 17:00:00,0.3168,0.3196,0.316,0.317,5684229.5
2026-01-07 18:00:00,0.3171,0.32,0.3163,0.3181,7238131.4
2026-01-07 19:00:00,0.3181,0.3192,0.3148,0.3185,5568675.0
2026-01-07 20:00:00,0.3184,0.3191,0.315,0.3162,3868924.5
2026-01-07 21:00:00,0.3162,0.3176,0.3153,0.3155,2812263.5
2026-01-07 22:00:00,0.3155,0.3183,0.3144,0.3155,3829038.3
2026-01-07 23:00:00,0.3154,0.3188,0.3135,0.3169,5287393.8
2026-01-08 00:00:00,0.3169,0.3181,0.3157,0.3175,3621517.9
2026-01-08 01:00:00,0.3175,0.3187,0.3166,0.3177,2790127.0
2026-01-08 02:00:00,0.3177,0.3184,0.3148,0.3158,3517026.2
2026-01-08 03:00:00,0.3157,0.3176,0.3117,0.3133,5072591.2
2026-01-08 04:00:00,0.3133,0.3166,0.3123,0.3158,5835205.5
2026-01-08 05:00:00,0.3158,0.3184,0.3151,0.3155,4792633.0
2026-01-08 06:00:00,0.3155,0.3161,0.3089,0.3094,7925555.6
2026-01-08 07:00:00,0.3094,0.3148,0.3075,0.3143,8728363.7
2026-01-08 08:00:00,0.3143,0.3162,0.3119,0.3123,5121070.7
2026-01-08 09:00:00,0.3123,0.3137,0.3091,0.3096,6418947.5
2026-01-08 10:00:00,0.3096,0.3129,0.3066,0.3123,9142339.5
2026-01-08 11:00:00,0.3122,0.3126,0.3075,0.309,7217525.0
2026-01-08 12:00:00,0.309,0.3091,0.3049,0.3063,8591238.4
2026-01-08 13:00:00,0.3062,0.3075,0.3049,0.3061,3897469.0
2026-01-08 14:00:00,0.306,0.3217,0.3036,0.3138,39031575.5
2026-01-08 15:00:00,0.3138,0.3196,0.3104,0.3186,60494720.7
2026-01-08 16:00:00,0.3187,0.3196,0.3132,0.3172,15461366.8
2026-01-08 17:00:00,0.3172,0.3198,0.3153,0.3177,7494806.9
2026-01-08 18:00:00,0.3176,0.3178,0.3142,0.3153,4494693.1
2026-01-08 19:00:00,0.3154,0.3169,0.3135,0.3143,3804501.6
2026-01-08 20:00:00,0.3144,0.3144,0.311,0.3135,6954234.3
2026-01-08 21:00:00,0.3135,0.3166,0.3134,0.3161,3459939.5
2026-01-08 22:00:00,0.3161,0.3186,0.3145,0.3166,4243508.2
2026-01-08 23:00:00,0.3167,0.3172,0.314,0.3142,3880310.5
2026-01-09 00:00:00,0.3141,0.3155,0.3139,0.3148,2373851.0
2026-01-09 01:00:00,0.3149,0.3177,0.3113,0.3132,8401225.0
2026-01-09 02:00:00,0.3131,0.3157,0.3125,0.3134,4657508.7
2026-01-09 03:00:00,0.3135,0.3181,0.3131,0.318,4868142.4
2026-01-09 04:00:00,0.318,0.3186,0.3158,0.3164,3983140.6
2026-01-09 05:00:00,0.3164,0.3174,0.3145,0.3152,3096895.0
2026-01-09 06:00:00,0.3151,0.317,0.3144,0.3163,3460776.3
2026-01-09 07:00:00,0.3164,0.3168,0.3149,0.3156,2636149.4
2026-01-09 08:00:00,0.3157,0.3164,0.3101,0.3124,8839229.3
2026-01-09 09:00:00,0.3125,0.3168,0.3119,0.3144,8386970.1
2026-01-09 10:00:00,0.3145,0.3157,0.3132,0.3152,4247590.7
2026-01-09 11:00:00,0.3153,0.3168,0.3142,0.3144,5011045.7
2026-01-09 12:00:00,0.3144,0.3148,0.3117,0.3124,3982645.8
2026-01-09 13:00:00,0.3124,0.3171,0.3124,0.3155,10014260.9
2026-01-09 14:00:00,0.3156,0.3157,0.3092,0.3107,13962051.6
2026-01-09 15:00:00,0.3108,0.3212,0.3082,0.3179,26414050.4
2026-01-09 16:00:00,0.3179,0.3241,0.3178,0.3216,12239977.5
2026-01-09 17:00:00,0.3216,0.3218,0.3162,0.3201,5944732.7
2026-01-09 18:00:00,0.32,0.3204,0.3128,0.3166,8869809.5
2026-01-09 19:00:00,0.3165,0.3165,0.3113,0.3131,5781039.8
2026-01-09 20:00:00,0.313,0.3165,0.3126,0.3144,4906330.6
2026-01-09 21:00:00,0.3143,0.3168,0.3126,0.3158,3070087.3
2026-01-09 22:00:00,0.3158,0.3176,0.3145,0.3167,2955254.7
2026-01-09 23:00:00,0.3166,0.3168,0.3144,0.3149,1552651.7
2026-01-10 00:00:00,0.315,0.3152,0.3129,0.3142,2224183.3
2026-01-10 01:00:00,0.3141,0.3156,0.3137,0.3149,1859230.9
2026-01-10 02:00:00,0.315,0.3151,0.3125,0.3134,1621625.5
2026-01-10 03:00:00,0.3134,0.3144,0.3116,0.3141,2262722.8
2026-01-10 04:00:00,0.3141,0.3142,0.3117,0.3132,3288809.4
2026-01-10 05:00:00,0.3131,0.314,0.3125,0.3128,2446238.6
2026-01-10 06:00:00,0.3128,0.3144,0.3109,0.314,2864299.9
2026-01-10 07:00:00,0.3141,0.3178,0.314,0.3171,3699825.5
2026-01-10 08:00:00,0.3171,0.3193,0.317,0.319,3815213.2
2026-01-10 09:00:00,0.3191,0.3212,0.3187,0.3199,4687616.8
2026-01-10 10:00:00,0.3199,0.3222,0.3191,0.3219,4075344.6
2026-01-10 11:00:00,0.3218,0.3225,0.3206,0.3223,3040834.5
2026-01-10 12:00:00,0.3223,0.3279,0.3221,0.327,6660926.6
2026-01-10 13:00:00,0.3271,0.3274,0.3227,0.3232,7755159.1
2026-01-10 14:00:00,0.3232,0.3235,0.3196,0.3233,9135097.7
2026-01-10 15:00:00,0.3234,0.3249,0.3212,0.3218,6759163.4
2026-01-10 16:00:00,0.3217,0.3219,0.3194,0.3201,3600838.7
2026-01-10 17:00:00,0.3201,0.3218,0.3189,0.3194,6659847.4
2026-01-10 18:00:00,0.3193,0.3207,0.3177,0.3204,5613793.3
2026-01-10 19:00:00,0.3204,0.324,0.32,0.323,4308557.7
2026-01-10 20:00:00,0.3231,0.324,0.3217,0.3222,2430447.7
2026-01-10 21:00:00,0.3221,0.3223,0.3193,0.3194,2505866.2
2026-01-10 22:00:00,0.3194,0.3198,0.316,0.3163,3397699.1
2026-01-10 23:00:00,0.3162,0.3186,0.316,0.3179,2998310.3
2026-01-11 00:00:00,0.3179,0.319,0.3166,0.3186,4197678.9
2026-01-11 01:00:00,0.3186,0.3196,0.3175,0.3194,1958285.8
2026-01-11 02:00:00,0.3195,0.32,0.3176,0.3176,2265569.0
2026-01-11 03:00:00,0.3177,0.3192,0.3175,0.3188,2097277.6
2026-01-11 04:00:00,0.3188,0.3206,0.3171,0.3203,3246193.5
2026-01-11 05:00:00,0.3204,0.321,0.319,0.3198,2478497.4
2026-01-11 06:00:00,0.3199,0.32,0.3171,0.3194,3676770.5
2026-01-11 07:00:00,0.3195,0.3213,0.319,0.3211,2421525.5
2026-01-11 08:00:00,0.3211,0.3217,0.3195,0.3198,3162263.1
2026-01-11 09:00:00,0.3199,0.3213,0.3196,0.321,1833069.4
2026-01-11 10:00:00,0.321,0.3213,0.3195,0.3201,1578499.1
2026-01-11 11:00:00,0.3202,0.3211,0.3197,0.321,1517416.9
2026-01-11 12:00:00,0.3211,0.3238,0.3208,0.3224,2515923.4
2026-01-11 13:00:00,0.3225,0.3227,0.32,0.32,2507452.0
2026-01-11 14:00:00,0.32,0.3235,0.3199,0.3228,3003054.2
2026-01-11 15:00:00,0.3228,0.3234,0.3169,0.3185,8613248.5
2026-01-11 16:00:00,0.3186,0.3238,0.3178,0.321,6911888.5
2026-01-11 17:00:00,0.3211,0.3229,0.319,0.3228,3569067.9
2026-01-11 18:00:00,0.3229,0.323,0.319,0.3206,6664190.9
2026-01-11 19:00:00,0.3206,0.3214,0.3179,0.3184,3459163.4
2026-01-11 20:00:00,0.3184,0.3184,0.3136,0.3151,8528254.2
2026-01-11 21:00:00,0.3151,0.3171,0.3129,0.3168,4051178.1
2026-01-11 22:00:00,0.3167,0.3167,0.3124,0.3132,2956321.0
2026-01-11 23:00:00,0.3132,0.3163,0.3101,0.3159,5668797.6
2026-01-12 00:00:00,0.3159,0.3179,0.3111,0.3168,8758357.4
2026-01-12 01:00:00,0.3167,0.3202,0.3162,0.3194,7021231.8
2026-01-12 02:00:00,0.3194,0.3272,0.3193,0.3267,8629839.3
2026-01-12 03:00:00,0.3267,0.3328,0.3253,0.3258,11507595.5
2026-01-12 04:00:00,0.3258,0.3283,0.3239,0.3275,3991778.6
2026-01-12 05:00:00,0.3275,0.3285,0.3248,0.3256,3194904.3
2026-01-12 06:00:00,0.3256,0.3259,0.3217,0.3222,3863928.6
2026-01-12 07:00:00,0.3223,0.3249,0.3176,0.3182,6134984.2
2026-01-12 08:00:00,0.3182,0.3203,0.3118,0.3147,10946794.3
2026-01-12 09:00:00,0.3147,0.316,0.3138,0.3149,4549444.2
2026-01-12 10:00:00,0.3149,0.3166,0.3138,0.3142,4058598.5
2026-01-12 11:00:00,0.3141,0.3156,0.3133,0.3142,3935686.6
2026-01-12 12:00:00,0.3142,0.3144,0.3121,0.3127,3616580.6
2026-01-12 13:00:00,0.3127,0.3134,0.3082,0.3089,7544095.9
2026-01-12 14:00:00,0.3088,0.3141,0.3057,0.3114,12494935.2
2026-01-12 15:00:00,0.3115,0.316,0.3101,0.3152,9019791.4
2026-01-12 16:00:00,0.3152,0.32,0.314,0.3181,7921037.5
2026-01-12 17:00:00,0.3182,0.3189,0.3113,0.3134,7601834.1
2026-01-12 18:00:00,0.3134,0.3154,0.3112,0.3125,4367046.7
2026-01-12 19:00:00,0.3125,0.3143,0.311,0.3137,3257811.8
2026-01-12 20:00:00,0.3138,0.3161,0.311,0.3116,4649708.8
2026-01-12 21:00:00,0.3116,0.3117,0.3065,0.3083,5766507.6
2026-01-12 22:00:00,0.3083,0.3106,0.308,0.3096,3390822.0
2026-01-12 23:00:00,0.3095,0.3098,0.3077,0.3088,3049555.1
2026-01-13 00:00:00,0.3088,0.3106,0.3085,0.3104,5035893.8
2026-01-13 01:00:00,0.3104,0.3123,0.3092,0.3109,2877920.8
2026-01-13 02:00:00,0.3108,0.3142,0.3107,0.3109,4976255.0
2026-01-13 03:00:00,0.3108,0.314,0.3094,0.3128,6393295.9
2026-01-13 04:00:00,0.3129,0.3157,0.3127,0.3153,3714562.6
2026-01-13 05:00:00,0.3153,0.3203,0.3152,0.3176,7114083.7
2026-01-13 06:00:00,0.3177,0.3209,0.3175,0.3207,4464110.8
2026-01-13 07:00:00,0.3208,0.3209,0.3174,0.3179,3177221.2
2026-01-13 08:00:00,0.318,0.3206,0.3169,0.3195,4584470.1
2026-01-13 09:00:00,0.3196,0.322,0.3192,0.3201,5355579.2
2026-01-13 10:00:00,0.3202,0.3232,0.3201,0.323,5255927.9
2026-01-13 11:00:00,0.323,0.3271,0.3218,0.3248,14576285.3
2026-01-13 12:00:00,0.3249,0.3312,0.3249,0.3287,12803625.6
2026-01-13 13:00:00,0.3288,0.3347,0.3271,0.3335,17920418.3
2026-01-13 14:00:00,0.3336,0.343,0.3327,0.3362,20104779.8
2026-01-13 15:00:00,0.3362,0.3446,0.3334,0.3438,18783473.7
2026-01-13 16:00:00,0.3438,0.357,0.3435,0.3546,35250327.2
2026-01-13 17:00:00,0.3546,0.3631,0.3483,0.3596,30511968.0
2026-01-13 18:00:00,0.3597,0.3651,0.356,0.357,21199987.3
2026-01-13 19:00:00,0.3569,0.357,0.3524,0.3558,12621152.1
2026-01-13 20:00:00,0.3558,0.3575,0.3512,0.3545,14041495.8
2026-01-13 21:00:00,0.3544,0.3633,0.354,0.3631,9015155.0
2026-01-13 22:00:00,0.3632,0.3773,0.3619,0.3708,24447739.2
2026-01-13 23:00:00,0.3708,0.372,0.3651,0.3669,11639497.5
2026-01-14 00:00:00,0.3668,0.3705,0.3641,0.3669,14028243.3
2026-01-14 01:00:00,0.3668,0.3683,0.3634,0.3647,8620008.1
2026-01-14 02:00:00,0.3646,0.3649,0.3595,0.3602,6977094.1
2026-01-14 03:00:00,0.3602,0.3624,0.3596,0.3624,6239106.6
2026-01-14 04:00:00,0.3623,0.3629,0.3598,0.3604,5837667.9
2026-01-14 05:00:00,0.3603,0.3612,0.3572,0.3601,8842201.6
2026-01-14 06:00:00,0.3601,0.3624,0.3567,0.3623,6456408.4
2026-01-14 07:00:00,0.3623,0.363,0.3592,0.3606,5896024.6
2026-01-14 08:00:00,0.3605,0.3625,0.3602,0.3616,3644839.8
2026-01-14 09:00:00,0.3617,0.3634,0.3608,0.3618,4334003.1
2026-01-14 10:00:00,0.3619,0.3649,0.3594,0.3615,6217022.2
2026-01-14 11:00:00,0.3615,0.3639,0.36,0.3619,6967926.0
2026-01-14 12:00:00,0.3619,0.3635,0.3612,0.3622,4237467.3
2026-01-14 13:00:00,0.3621,0.3636,0.3546,0.3556,9720987.9
2026-01-14 14:00:00,0.3556,0.361,0.3551,0.3582,10949170.5
2026-01-14 15:00:00,0.3583,0.3613,0.3564,0.3587,11554965.3
2026-01-14 16:00:00,0.3587,0.3623,0.3567,0.3584,10636700.7
2026-01-14 17:00:00,0.3584,0.3598,0.3536,0.3558,8687177.6
2026-01-14 18:00:00,0.3557,0.3574,0.3495,0.3525,7492074.2
2026-01-14 19:00:00,0.3524,0.3581,0.3513,0.3545,5696951.1
2026-01-14 20:00:00,0.3545,0.3567,0.3527,0.3545,3127579.1
2026-01-14 21:00:00,0.3543,0.3555,0.3519,0.3536,3352889.3
2026-01-14 22:00:00,0.3535,0.3535,0.3502,0.3512,4037158.8
2026-01-14 23:00:00,0.3512,0.3531,0.35,0.3512,3679888.5
2026-01-15 00:00:00,0.3512,0.3544,0.3497,0.3543,7087566.7
2026-01-15 01:00:00,0.3543,0.3554,0.3526,0.3534,5079815.3
2026-01-15 02:00:00,0.3534,0.3542,0.3496,0.3506,4377134.8
2026-01-15 03:00:00,0.3506,0.352,0.3445,0.3474,11030802.1
2026-01-15 04:00:00,0.3473,0.35,0.3466,0.3496,4306831.6
2026-01-15 05:00:00,0.3495,0.3504,0.3474,0.348,2950859.3
2026-01-15 06:00:00,0.348,0.3516,0.3475,0.3479,5823214.3
2026-01-15 07:00:00,0.3479,0.3558,0.3478,0.3535,5801304.3
2026-01-15 08:00:00,0.3535,0.3546,0.3512,0.3526,5148173.5
2026-01-15 09:00:00,0.3526,0.3566,0.3503,0.3554,6441442.8
2026-01-15 10:00:00,0.3555,0.3578,0.3541,0.3552,5163415.9
2026-01-15 11:00:00,0.3553,0.3561,0.3533,0.3554,4336362.2
2026-01-15 12:00:00,0.3554,0.3649,0.3533,0.3568,20236155.7
2026-01-15 13:00:00,0.3568,0.358,0.354,0.3549,6520974.1
2026-01-15 14:00:00,0.3549,0.3557,0.3466,0.349,10405060.0
2026-01-15 15:00:00,0.349,0.3515,0.3398,0.3444,14507075.4
2026-01-15 16:00:00,0.3444,0.348,0.3404,0.3463,10346820.7
2026-01-15 17:00:00,0.3463,0.3485,0.3419,0.3433,6693634.6
2026-01-15 18:00:00,0.3434,0.3446,0.3381,0.3394,8788566.9
2026-01-15 19:00:00,0.3394,0.3399,0.3362,0.3392,6835230.5
2026-01-15 20:00:00,0.3391,0.3417,0.3358,0.3367,3880794.3
2026-01-15 21:00:00,0.3367,0.3398,0.3362,0.3387,2750364.2
2026-01-15 22:00:00,0.3386,0.3421,0.3383,0.3394,2821251.0
2026-01-15 23:00:00,0.3394,0.3416,0.3386,0.3408,2258169.7
2026-01-16 00:00:00,0.3408,0.3422,0.3405,0.3405,3261182.5
2026-01-16 01:00:00,0.3406,0.3433,0.3395,0.3412,3230647.2
2026-01-16 02:00:00,0.3411,0.3442,0.3373,0.3439,6242475.8
2026-01-16 03:00:00,0.3439,0.344,0.34,0.3407,4052172.7
2026-01-16 04:00:00,0.3406,0.3409,0.3363,0.3375,4807662.6
2026-01-16 05:00:00,0.3374,0.3412,0.3371,0.3397,4530380.3
2026-01-16 06:00:00,0.3397,0.3413,0.3389,0.341,2399565.7
2026-01-16 07:00:00,0.341,0.3419,0.3395,0.3401,1864506.1
2026-01-16 08:00:00,0.3401,0.342,0.3399,0.3406,2813568.0
2026-01-16 09:00:00,0.3406,0.3418,0.3395,0.3411,2296408.9
2026-01-16 10:00:00,0.3412,0.3414,0.339,0.3393,3203972.6
2026-01-16 11:00:00,0.3393,0.3408,0.3381,0.3393,3221578.7
2026-01-16 12:00:00,0.3393,0.3396,0.3371,0.3378,2373346.6
2026-01-16 13:00:00,0.3378,0.338,0.3344,0.3353,5433147.5
2026-01-16 14:00:00,0.3354,0.3378,0.3346,0.3354,4435259.2
2026-01-16 15:00:00,0.3354,0.3372,0.3249,0.3277,15753623.1
2026-01-16 16:00:00,0.3277,0.3315,0.3261,0.329,7900087.9
2026-01-16 17:00:00,0.329,0.3308,0.3255,0.3304,5358817.2
2026-01-16 18:00:00,0.3303,0.3321,0.3302,0.3303,3414414.1
2026-01-16 19:00:00,0.3304,0.3331,0.3285,0.3328,3129603.4
2026-01-16 20:00:00,0.3328,0.3385,0.3303,0.338,7131407.6
2026-01-16 21:00:00,0.3381,0.3392,0.3367,0.3381,4190138.4
2026-01-16 22:00:00,0.3382,0.3398,0.3375,0.3392,5033955.3
2026-01-16 23:00:00,0.3393,0.3399,0.3378,0.3399,2031330.8
2026-01-17 00:00:00,0.3398,0.3422,0.3385,0.3415,6285051.4
2026-01-17 01:00:00,0.3415,0.3438,0.3409,0.3426,4530682.7
2026-01-17 02:00:00,0.3427,0.3438,0.3395,0.3407,3477957.7
2026-01-17 03:00:00,0.3406,0.3429,0.3398,0.3415,2017452.1
2026-01-17 04:00:00,0.3414,0.3436,0.3396,0.343,1978400.0
2026-01-17 05:00:00,0.343,0.3457,0.3429,0.3438,4103825.2
2026-01-17 06:00:00,0.3437,0.345,0.3426,0.3434,2117779.6
2026-01-17 07:00:00,0.3433,0.3478,0.3421,0.3472,4183266.5
2026-01-17 08:00:00,0.3472,0.3528,0.347,0.3502,7354287.7
2026-01-17 09:00:00,0.3502,0.3511,0.3473,0.3475,4180353.3
2026-01-17 10:00:00,0.3475,0.3523,0.3472,0.35,4490349.5
2026-01-17 11:00:00,0.3499,0.3515,0.3473,0.3479,4110560.1
2026-01-17 12:00:00,0.3478,0.3544,0.3474,0.3524,5747172.5
2026-01-17 13:00:00,0.3524,0.3527,0.3494,0.3505,5031118.0
2026-01-17 14:00:00,0.3505,0.3554,0.3494,0.3543,7908637.9
2026-01-17 15:00:00,0.3543,0.3553,0.3502,0.3535,5710608.6
2026-01-17 16:00:00,0.3535,0.3545,0.3483,0.3499,5619401.8
2026-01-17 17:00:00,0.3499,0.3515,0.3475,0.3489,3539304.0
2026-01-17 18:00:00,0.3489,0.3502,0.3479,0.3494,2023826.2
2026-01-17 19:00:00,0.3495,0.3505,0.3478,0.3496,2721737.1
2026-01-17 20:00:00,0.3496,0.3502,0.3479,0.3485,2512995.3
2026-01-17 21:00:00,0.3485,0.3485,0.3466,0.3483,2186243.6
2026-01-17 22:00:00,0.3482,0.3485,0.3448,0.3463,2754865.1
2026-01-17 23:00:00,0.3462,0.3471,0.3453,0.3467,1677145.7
2026-01-18 00:00:00,0.3466,0.3503,0.3459,0.3464,5507615.8
2026-01-18 01:00:00,0.3465,0.3472,0.3423,0.3434,5620364.0
2026-01-18 02:00:00,0.3434,0.3451,0.3413,0.3427,4823230.0
2026-01-18 03:00:00,0.3427,0.3445,0.3418,0.3419,3017068.7
2026-01-18 04:00:00,0.3419,0.3419,0.34,0.341,2175530.6
2026-01-18 05:00:00,0.341,0.347,0.3399,0.3458,9664370.4
2026-01-18 06:00:00,0.3459,0.3459,0.3413,0.3414,5264595.7
2026-01-18 07:00:00,0.3414,0.3414,0.3361,0.3392,9124061.2
2026-01-18 08:00:00,0.3392,0.3396,0.3378,0.3389,2103617.1
2026-01-18 09:00:00,0.3389,0.3407,0.3381,0.3404,3498652.8
2026-01-18 10:00:00,0.3405,0.3408,0.3391,0.3407,2354329.7
2026-01-18 11:00:00,0.3408,0.3418,0.3399,0.3405,2384861.1
2026-01-18 12:00:00,0.3405,0.3414,0.3385,0.3388,2164943.7
2026-01-18 13:00:00,0.3388,0.3398,0.3372,0.3386,3728468.1
2026-01-18 14:00:00,0.3386,0.3413,0.336,0.3364,5071229.7
2026-01-18 15:00:00,0.3364,0.3417,0.3351,0.3417,4752629.3
2026-01-18 16:00:00,0.3417,0.3437,0.34,0.3411,5792627.2
2026-01-18 17:00:00,0.3412,0.342,0.3385,0.3408,3534307.5
2026-01-18 18:00:00,0.3409,0.3455,0.3401,0.3441,3509871.0
2026-01-18 19:00:00,0.3442,0.3449,0.3401,0.341,2141029.6
2026-01-18 20:00:00,0.341,0.345,0.3396,0.3434,3162554.2
2026-01-18 21:00:00,0.3434,0.3442,0.3425,0.3433,1807627.4
2026-01-18 22:00:00,0.3432,0.3451,0.3424,0.3445,2643170.6
2026-01-18 23:00:00,0.3445,0.3445,0.3228,0.3232,23079541.9
2026-01-19 00:00:00,0.3232,0.3232,0.2911,0.3041,80793741.5
2026-01-19 01:00:00,0.304,0.3074,0.303,0.3068,15075088.6
2026-01-19 02:00:00,0.3069,0.3106,0.3062,0.3099,7187086.4
2026-01-19 03:00:00,0.3098,0.3137,0.3085,0.3121,8099110.1
2026-01-19 04:00:00,0.3121,0.3127,0.3089,0.3091,6314351.5
2026-01-19 05:00:00,0.309,0.3114,0.3072,0.311,8617997.0
2026-01-19 06:00:00,0.3109,0.312,0.3088,0.3094,6680162.4
2026-01-19 07:00:00,0.3094,0.3121,0.3083,0.3102,5109476.1
2026-01-19 08:00:00,0.3102,0.3128,0.3089,0.3119,5593007.3
2026-01-19 09:00:00,0.3119,0.3138,0.3106,0.3122,4670828.5
2026-01-19 10:00:00,0.3123,0.3125,0.3093,0.3099,3312255.8
2026-01-19 11:00:00,0.31,0.3115,0.3086,0.3096,4427644.2
2026-01-19 12:00:00,0.3096,0.3096,0.3071,0.3079,4910376.6
2026-01-19 13:00:00,0.3079,0.3093,0.3067,0.3083,5637849.1
2026-01-19 14:00:00,0.3084,0.3125,0.3079,0.3109,5947480.1
2026-01-19 15:00:00,0.3109,0.3119,0.3087,0.3097,4443601.3
2026-01-19 16:00:00,0.3096,0.3157,0.3087,0.3153,5108448.7
2026-01-19 17:00:00,0.3152,0.3176,0.3139,0.3155,7866560.8
2026-01-19 18:00:00,0.3156,0.3163,0.3135,0.3159,4892483.3
2026-01-19 19:00:00,0.316,0.3239,0.316,0.3222,8633997.8
2026-01-19 20:00:00,0.3222,0.3229,0.3195,0.3202,4964159.6
2026-01-19 21:00:00,0.3202,0.3211,0.3172,0.3184,4124090.1
2026-01-19 22:00:00,0.3184,0.3191,0.3145,0.3146,4354674.9
2026-01-19 23:00:00,0.3145,0.3211,0.3145,0.3195,6035271.2
2026-01-20 00:00:00,0.3195,0.3204,0.317,0.3174,5885643.0
2026-01-20 01:00:00,0.3174,0.3209,0.3153,0.3185,4704602.9
2026-01-20 02:00:00,0.3186,0.3232,0.3171,0.3226,6431505.7
2026-01-20 03:00:00,0.3227,0.3235,0.3172,0.3196,5201015.6
2026-01-20 04:00:00,0.3197,0.3206,0.3177,0.3183,3754805.4
2026-01-20 05:00:00,0.3183,0.3204,0.3159,0.3173,8067140.1
2026-01-20 06:00:00,0.3173,0.3173,0.3116,0.3134,10968457.3
2026-01-20 07:00:00,0.3134,0.3155,0.3101,0.3102,5770654.2
2026-01-20 08:00:00,0.3102,0.3113,0.3063,0.3094,14915712.0
2026-01-20 09:00:00,0.3095,0.3121,0.3072,0.3112,8380584.8
2026-01-20 10:00:00,0.3111,0.3186,0.3105,0.3116,16561211.0
2026-01-20 11:00:00,0.3116,0.3127,0.3075,0.3082,7545701.4
2026-01-20 12:00:00,0.3082,0.3124,0.3078,0.3104,6640213.2
2026-01-20 13:00:00,0.3105,0.3107,0.3054,0.3061,7716747.1
2026-01-20 14:00:00,0.3061,0.3104,0.3043,0.3063,14795522.6
2026-01-20 15:00:00,0.3062,0.3066,0.3011,0.3037,13202221.3
2026-01-20 16:00:00,0.3038,0.3057,0.2987,0.3,9940821.5
2026-01-20 17:00:00,0.2999,0.3035,0.2973,0.2991,7074561.6
2026-01-20 18:00:00,0.2992,0.3003,0.2968,0.2984,6117808.2
2026-01-20 19:00:00,0.2984,0.3009,0.2978,0.3001,6983096.1
2026-01-20 20:00:00,0.3001,0.3058,0.2989,0.3056,8944259.0
2026-01-20 21:00:00,0.3057,0.3068,0.3025,0.3029,3649099.2
2026-01-20 22:00:00,0.3029,0.3038,0.2962,0.3013,8365983.6
2026-01-20 23:00:00,0.3012,0.3013,0.2987,0.2998,4931313.5
2026-01-21 00:00:00,0.2997,0.3053,0.2996,0.305,7002446.6
2026-01-21 01:00:00,0.3051,0.3082,0.3047,0.3072,5779023.2
2026-01-21 02:00:00,0.3073,0.3141,0.3069,0.3122,10406516.2
2026-01-21 03:00:00,0.3123,0.3145,0.3105,0.3123,5467482.1
2026-01-21 04:00:00,0.3123,0.3141,0.3112,0.3124,3171883.7
2026-01-21 05:00:00,0.3125,0.3125,0.3096,0.3107,5824572.8
2026-01-21 06:00:00,0.3108,0.3131,0.3084,0.3107,13994697.5
2026-01-21 07:00:00,0.3107,0.3128,0.3094,0.3109,5183623.6
2026-01-21 08:00:00,0.3109,0.3127,0.3067,0.3102,6820243.6
2026-01-21 09:00:00,0.3102,0.3102,0.3083,0.3099,3047511.3
2026-01-21 10:00:00,0.3098,0.3132,0.3096,0.311,5612911.6
2026-01-21 11:00:00,0.3109,0.313,0.3069,0.3076,6238181.3
2026-01-21 12:00:00,0.3076,0.3084,0.3019,0.3068,11483692.8
2026-01-21 13:00:00,0.3067,0.308,0.3032,0.3043,4812714.8
2026-01-21 14:00:00,0.3043,0.316,0.304,0.3145,18835270.1
2026-01-21 15:00:00,0.3144,0.3164,0.3095,0.3139,11222380.9
2026-01-21 16:00:00,0.3139,0.3144,0.2983,0.2991,18656691.6
2026-01-21 17:00:00,0.299,0.3034,0.2943,0.299,21314875.6
2026-01-21 18:00:00,0.299,0.3038,0.2976,0.3024,9858618.8
2026-01-21 19:00:00,0.3025,0.3156,0.3001,0.3147,20578484.7
2026-01-21 20:00:00,0.3147,0.3154,0.3084,0.3138,11458703.2
2026-01-21 21:00:00,0.3138,0.3169,0.3129,0.3157,7329307.2
2026-01-21 22:00:00,0.3157,0.3173,0.3115,0.312,5960023.6
2026-01-21 23:00:00,0.312,0.3135,0.3066,0.3086,9061603.3
2026-01-22 00:00:00,0.3085,0.3131,0.3085,0.3114,8215080.7
2026-01-22 01:00:00,0.3115,0.3183,0.3113,0.3177,6083494.9
2026-01-22 02:00:00,0.3178,0.321,0.3164,0.3203,6489757.4
2026-01-22 03:00:00,0.3202,0.3223,0.3179,0.3188,6484196.9
2026-01-22 04:00:00,0.3188,0.3224,0.3182,0.3218,5762819.8
2026-01-22 05:00:00,0.3217,0.3259,0.3191,0.3202,15503763.4
2026-01-22 06:00:00,0.3202,0.3202,0.3154,0.317,6585519.3
2026-01-22 07:00:00,0.3171,0.3176,0.3145,0.3152,3936928.2
2026-01-22 08:00:00,0.3152,0.3184,0.3134,0.3178,6778922.1
2026-01-22 09:00:00,0.3179,0.3198,0.3166,0.3172,5268577.9
2026-01-22 10:00:00,0.3172,0.3174,0.3148,0.3154,2958578.8
2026-01-22 11:00:00,0.3154,0.3154,0.311,0.311,5165834.7
2026-01-22 12:00:00,0.311,0.3123,0.3093,0.3103,4573652.9
2026-01-22 13:00:00,0.3104,0.3142,0.3083,0.3102,7960979.0
2026-01-22 14:00:00,0.3101,0.3112,0.3052,0.3062,10447810.0
2026-01-22 15:00:00,0.3063,0.3084,0.3027,0.3054,10132373.5
2026-01-22 16:00:00,0.3055,0.311,0.3044,0.3102,7439943.1
2026-01-22 17:00:00,0.3101,0.3113,0.3065,0.3103,5925670.6
2026-01-22 18:00:00,0.3104,0.3104,0.3066,0.3068,3746482.4
2026-01-22 19:00:00,0.3068,0.3091,0.306,0.3076,3702058.1
2026-01-22 20:00:00,0.3076,0.3085,0.3044,0.3058,4537528.3
2026-01-22 21:00:00,0.3058,0.308,0.3057,0.3076,3058648.3
2026-01-22 22:00:00,0.3076,0.309,0.3059,0.3068,3687857.0
2026-01-22 23:00:00,0.3068,0.3079,0.3045,0.3073,4106452.1
2026-01-23 00:00:00,0.3072,0.3094,0.306,0.3082,6477314.9
2026-01-23 01:00:00,0.3082,0.313,0.3078,0.3126,3302779.3
2026-01-23 02:00:00,0.3127,0.3131,0.3112,0.3115,3207591.4
2026-01-23 03:00:00,0.3115,0.3167,0.3105,0.3142,5363578.6
2026-01-23 04:00:00,0.3142,0.3193,0.3138,0.3177,5183855.2
2026-01-23 05:00:00,0.3177,0.318,0.3132,0.3154,5999529.5
2026-01-23 06:00:00,0.3155,0.3162,0.3103,0.3112,9599735.0
2026-01-23 07:00:00,0.3113,0.3126,0.3103,0.3112,3798458.4
2026-01-23 08:00:00,0.3112,0.3121,0.3066,0.308,5942621.0
2026-01-23 09:00:00,0.308,0.3092,0.3066,0.308,3204243.4
2026-01-23 10:00:00,0.3081,0.31,0.3064,0.3073,5232070.0
2026-01-23 11:00:00,0.3073,0.3089,0.307,0.3082,3672848.3
2026-01-23 12:00:00,0.3083,0.309,0.3064,0.3077,3872126.7
2026-01-23 13:00:00,0.3077,0.3092,0.3072,0.3078,3745650.9
2026-01-23 14:00:00,0.3078,0.3081,0.2992,0.3016,15766620.9
2026-01-23 15:00:00,0.3017,0.309,0.2998,0.3085,12781126.5
2026-01-23 16:00:00,0.3085,0.3142,0.3051,0.3109,12491284.1
2026-01-23 17:00:00,0.3109,0.3178,0.308,0.3132,13014977.1
2026-01-23 18:00:00,0.3132,0.3156,0.3115,0.3122,4858054.9
2026-01-23 19:00:00,0.3121,0.3121,0.3043,0.3058,10984733.4
2026-01-23 20:00:00,0.3058,0.3064,0.3009,0.3021,7786276.9
2026-01-23 21:00:00,0.302,0.3047,0.3016,0.3028,4080932.2
2026-01-23 22:00:00,0.3027,0.3062,0.3026,0.3058,3344036.5
2026-01-23 23:00:00,0.3057,0.3057,0.3032,0.304,2277774.6
2026-01-24 00:00:00,0.304,0.3058,0.3028,0.3029,3240620.3
2026-01-24 01:00:00,0.3028,0.3041,0.3018,0.3036,2190262.3
2026-01-24 02:00:00,0.3037,0.3052,0.3034,0.3042,1750861.7
2026-01-24 03:00:00,0.3043,0.307,0.3038,0.3058,2957436.1
2026-01-24 04:00:00,0.3058,0.3062,0.3044,0.305,1870242.7
2026-01-24 05:00:00,0.305,0.3051,0.3027,0.3046,1999093.9
2026-01-24 06:00:00,0.3047,0.3055,0.3045,0.3046,1964244.8
2026-01-24 07:00:00,0.3046,0.3056,0.3039,0.3041,2260925.5
2026-01-24 08:00:00,0.3041,0.3057,0.3033,0.3055,2057497.4
2026-01-24 09:00:00,0.3055,0.3056,0.3036,0.304,1659122.2
2026-01-24 10:00:00,0.304,0.3048,0.3035,0.304,1482564.8
2026-01-24 11:00:00,0.304,0.3047,0.3036,0.3045,1245180.7
2026-01-24 12:00:00,0.3045,0.3057,0.3042,0.3047,1886313.6
2026-01-24 13:00:00,0.3047,0.3049,0.3015,0.3017,2402927.8
2026-01-24 14:00:00,0.3017,0.3047,0.3006,0.3035,4031736.1
2026-01-24 15:00:00,0.3036,0.3044,0.3005,0.301,4246231.3
2026-01-24 16:00:00,0.3009,0.3023,0.2993,0.3014,4544176.4
2026-01-24 17:00:00,0.3015,0.3028,0.3008,0.3026,1811531.7
2026-01-24 18:00:00,0.3027,0.3033,0.3018,0.302,1448270.0
2026-01-24 19:00:00,0.3021,0.3022,0.3005,0.3013,1902572.2
2026-01-24 20:00:00,0.3013,0.3033,0.3012,0.303,1337851.6
2026-01-24 21:00:00,0.303,0.3047,0.3018,0.3038,2227844.4
2026-01-24 22:00:00,0.3039,0.305,0.3031,0.3043,1309882.9
2026-01-24 23:00:00,0.3044,0.3049,0.3032,0.3036,1666374.9
2026-01-25 00:00:00,0.3037,0.3058,0.3033,0.3056,4043883.8
2026-01-25 01:00:00,0.3057,0.3064,0.3026,0.3032,3991894.8
2026-01-25 02:00:00,0.3033,0.3047,0.3018,0.3027,2069047.1
2026-01-25 03:00:00,0.3028,0.3034,0.299,0.2998,4218248.0
2026-01-25 04:00:00,0.2997,0.3018,0.2986,0.2997,2534525.9
2026-01-25 05:00:00,0.2996,0.3007,0.2985,0.3006,2779371.4
2026-01-25 06:00:00,0.3005,0.3021,0.2991,0.2998,3319264.7
2026-01-25 07:00:00,0.2998,0.3012,0.2979,0.3005,3113746.6
2026-01-25 08:00:00,0.3006,0.3008,0.2971,0.2985,3901999.7
2026-01-25 09:00:00,0.2985,0.3039,0.2979,0.302,4627345.1
2026-01-25 10:00:00,0.3021,0.3056,0.3017,0.3036,4078175.1
2026-01-25 11:00:00,0.3036,0.3038,0.3009,0.3017,4561477.8
2026-01-25 12:00:00,0.3017,0.3017,0.2981,0.3008,5764107.3
2026-01-25 13:00:00,0.3007,0.3034,0.2995,0.3017,3992538.5
2026-01-25 14:00:00,0.3017,0.3019,0.2967,0.2989,5644445.3
2026-01-25 15:00:00,0.2989,0.3004,0.2977,0.2984,2933178.8
2026-01-25 16:00:00,0.2984,0.2984,0.2881,0.2909,25571504.5
2026-01-25 17:00:00,0.2909,0.2919,0.2888,0.2898,5316333.4
2026-01-25 18:00:00,0.2898,0.2902,0.2843,0.2864,12545262.4
2026-01-25 19:00:00,0.2865,0.2879,0.2784,0.2805,16202612.5
2026-01-25 20:00:00,0.2805,0.2838,0.2804,0.2831,7806142.4
2026-01-25 21:00:00,0.2832,0.2864,0.283,0.2849,5701028.5
2026-01-25 22:00:00,0.285,0.2853,0.2817,0.2836,4506108.2
2026-01-25 23:00:00,0.2836,0.287,0.282,0.2863,6078951.5
2026-01-26 00:00:00,0.2863,0.2892,0.2855,0.2886,6051081.9
2026-01-26 01:00:00,0.2885,0.2948,0.2883,0.2933,8651021.0
2026-01-26 02:00:00,0.2933,0.2936,0.2902,0.2909,4579294.9
2026-01-26 03:00:00,0.2909,0.2929,0.2882,0.289,5214019.7
2026-01-26 04:00:00,0.289,0.2932,0.289,0.2918,4924923.4
2026-01-26 05:00:00,0.2918,0.2928,0.2912,0.2919,2261729.0
2026-01-26 06:00:00,0.2919,0.2965,0.2904,0.2964,6893993.6
2026-01-26 07:00:00,0.2964,0.2975,0.2946,0.2954,6396163.8
2026-01-26 08:00:00,0.2954,0.299,0.2951,0.296,5591845.3
2026-01-26 09:00:00,0.296,0.296,0.2929,0.293,4031553.5
2026-01-26 10:00:00,0.293,0.295,0.293,0.2948,3072946.2
2026-01-26 11:00:00,0.2947,0.2954,0.2941,0.2949,3121409.2
2026-01-26 12:00:00,0.2948,0.296,0.2944,0.2957,3677070.5
2026-01-26 13:00:00,0.2956,0.2984,0.2955,0.2974,5960949.6
2026-01-26 14:00:00,0.2974,0.3002,0.2939,0.2986,13158969.4
2026-01-26 15:00:00,0.2985,0.3017,0.2944,0.2965,14014300.7
2026-01-26 16:00:00,0.2965,0.2982,0.2946,0.2964,8595651.3
2026-01-26 17:00:00,0.2964,0.2972,0.2926,0.2959,8772839.8
2026-01-26 18:00:00,0.2958,0.2999,0.2944,0.2969,7620878.7
2026-01-26 19:00:00,0.2969,0.298,0.2956,0.2962,3928280.2
2026-01-26 20:00:00,0.2962,0.2971,0.2946,0.2949,4434369.1
2026-01-26 21:00:00,0.295,0.3008,0.2944,0.2993,6837137.7
2026-01-26 22:00:00,0.2993,0.3008,0.2986,0.2987,3121031.5
2026-01-26 23:00:00,0.2987,0.2992,0.2974,0.2977,2275037.2
2026-01-27 00:00:00,0.2977,0.298,0.2962,0.2979,2374653.9
2026-01-27 01:00:00,0.2979,0.3004,0.2966,0.299,3337854.0
2026-01-27 02:00:00,0.2991,0.3002,0.2977,0.2987,2674093.2
2026-01-27 03:00:00,0.2986,0.2991,0.2961,0.2965,2403453.9
2026-01-27 04:00:00,0.2965,0.2983,0.2956,0.297,2338207.6
2026-01-27 05:00:00,0.297,0.297,0.2952,0.2959,2015193.2
2026-01-27 06:00:00,0.2959,0.2963,0.2942,0.2945,2574180.3
2026-01-27 07:00:00,0.2945,0.2963,0.2944,0.2954,2609188.3
2026-01-27 08:00:00,0.2954,0.2961,0.2941,0.295,2803902.6
2026-01-27 09:00:00,0.295,0.2954,0.2937,0.2941,2406033.3
2026-01-27 10:00:00,0.294,0.2952,0.2938,0.2948,1594684.6
2026-01-27 11:00:00,0.2948,0.2968,0.2943,0.2958,2963956.2
2026-01-27 12:00:00,0.2958,0.2962,0.2942,0.2954,2252029.5
2026-01-27 13:00:00,0.2954,0.2962,0.294,0.2942,3712097.5
2026-01-27 14:00:00,0.2942,0.2974,0.2925,0.2934,6817152.4
2026-01-27 15:00:00,0.2934,0.297,0.2923,0.2965,5334157.6
2026-01-27 16:00:00,0.2966,0.3019,0.296,0.3,11777508.4
2026-01-27 17:00:00,0.3,0.3003,0.2915,0.2929,12008820.4
2026-01-27 18:00:00,0.2929,0.2985,0.2921,0.2973,6302909.1
2026-01-27 19:00:00,0.2972,0.2989,0.2957,0.298,5011369.9
2026-01-27 20:00:00,0.2979,0.3042,0.2978,0.3031,7519480.6
2026-01-27 21:00:00,0.3031,0.3033,0.299,0.2995,4339065.8
2026-01-27 22:00:00,0.2995,0.3038,0.2993,0.3017,5867881.4
2026-01-27 23:00:00,0.3018,0.3026,0.3003,0.3017,4596040.7
2026-01-28 00:00:00,0.3018,0.3037,0.3002,0.3034,3926877.7
2026-01-28 01:00:00,0.3034,0.3037,0.3006,0.3022,2893867.0
2026-01-28 02:00:00,0.3022,0.3031,0.3008,0.3025,2442314.5
2026-01-28 03:00:00,0.3025,0.3027,0.3012,0.3015,2266902.2
2026-01-28 04:00:00,0.3014,0.302,0.2996,0.3007,2624188.7
2026-01-28 05:00:00,0.3007,0.302,0.2993,0.3018,2848705.0
2026-01-28 06:00:00,0.3018,0.3032,0.3001,0.3012,3823617.8
2026-01-28 07:00:00,0.3012,0.3012,0.2984,0.3003,11711953.0
2026-01-28 08:00:00,0.3003,0.3005,0.2984,0.2987,2952449.5
2026-01-28 09:00:00,0.2987,0.3013,0.2975,0.3008,10957323.2
2026-01-28 10:00:00,0.3008,0.3018,0.2994,0.2997,4097315.3
2026-01-28 11:00:00,0.2997,0.3034,0.2988,0.3032,7100905.9
2026-01-28 12:00:00,0.3032,0.3034,0.3,0.3012,6860641.1
2026-01-28 13:00:00,0.3012,0.3026,0.3001,0.3005,4084411.0
2026-01-28 14:00:00,0.3006,0.3009,0.2976,0.2988,9715381.9
2026-01-28 15:00:00,0.2987,0.3002,0.2956,0.2965,7588357.8
2026-01-28 16:00:00,0.2966,0.2977,0.2944,0.2956,5457958.2
2026-01-28 17:00:00,0.2955,0.2999,0.2937,0.2981,7145553.0
2026-01-28 18:00:00,0.2981,0.2982,0.2948,0.2962,4336007.6
2026-01-28 19:00:00,0.2961,0.3001,0.2954,0.2985,23335806.9
2026-01-28 20:00:00,0.2984,0.3022,0.2973,0.2987,7277361.0
2026-01-28 21:00:00,0.2987,0.3026,0.296,0.3006,17518654.8
2026-01-28 22:00:00,0.3007,0.304,0.2996,0.3034,6479339.9
2026-01-28 23:00:00,0.3033,0.3046,0.301,0.3013,8362463.6
2026-01-29 00:00:00,0.3014,0.3024,0.2962,0.2982,7114853.5
2026-01-29 01:00:00,0.2981,0.2992,0.2941,0.2948,4354918.3
2026-01-29 02:00:00,0.2947,0.2956,0.2852,0.2886,17509593.4
2026-01-29 03:00:00,0.2886,0.2908,0.2871,0.2877,6466490.8
2026-01-29 04:00:00,0.2877,0.2883,0.2856,0.2878,4862879.6
2026-01-29 05:00:00,0.2878,0.2888,0.2868,0.2873,3325076.9
2026-01-29 06:00:00,0.2872,0.2898,0.287,0.2894,5888683.5
2026-01-29 07:00:00,0.2894,0.2907,0.2877,0.288,3705718.5
2026-01-29 08:00:00,0.288,0.2887,0.2857,0.2865,7716241.4
2026-01-29 09:00:00,0.2865,0.2878,0.2862,0.2867,4872202.2
2026-01-29 10:00:00,0.2867,0.2872,0.2844,0.2857,4718270.3
2026-01-29 11:00:00,0.2857,0.286,0.2838,0.2843,5126605.0
2026-01-29 12:00:00,0.2842,0.2855,0.2827,0.284,8783393.0
2026-01-29 13:00:00,0.284,0.286,0.2839,0.2856,4537697.5
2026-01-29 14:00:00,0.2857,0.286,0.2774,0.278,18347251.9
2026-01-29 15:00:00,0.278,0.278,0.2651,0.2679,48435060.3
2026-01-29 16:00:00,0.2679,0.273,0.265,0.2728,18228973.4
2026-01-29 17:00:00,0.2728,0.2758,0.2668,0.2672,13877856.0
2026-01-29 18:00:00,0.2672,0.2684,0.2604,0.2611,21087610.3
2026-01-29 19:00:00,0.2612,0.2653,0.2603,0.2639,13410094.9
2026-01-29 20:00:00,0.264,0.27,0.2631,0.2696,9673512.4
2026-01-29 21:00:00,0.2697,0.2717,0.2697,0.2706,8219691.6
2026-01-29 22:00:00,0.2707,0.2717,0.2695,0.2697,4099807.9
2026-01-29 23:00:00,0.2697,0.2699,0.2683,0.2696,4925143.4
2026-01-30 00:00:00,0.2695,0.272,0.2694,0.271,6665685.6
2026-01-30 01:00:00,0.2711,0.2732,0.2587,0.2675,34715452.6
2026-01-30 02:00:00,0.2676,0.2677,0.2602,0.2639,12919117.9
2026-01-30 03:00:00,0.2638,0.2657,0.262,0.2625,4226421.8
2026-01-30 04:00:00,0.2625,0.2676,0.2625,0.2656,6968286.2
2026-01-30 05:00:00,0.2657,0.2663,0.2638,0.2641,3118030.7
2026-01-30 06:00:00,0.2642,0.2644,0.2586,0.2607,9459342.4
2026-01-30 07:00:00,0.2607,0.2661,0.2607,0.2646,7351389.4
2026-01-30 08:00:00,0.2647,0.2656,0.2619,0.2636,6177210.9
2026-01-30 09:00:00,0.2636,0.2652,0.2626,0.2644,8944592.4
2026-01-30 10:00:00,0.2643,0.2658,0.2635,0.2649,8237181.7
2026-01-30 11:00:00,0.2649,0.2698,0.2639,0.2682,11055547.1
2026-01-30 12:00:00,0.2683,0.2687,0.266,0.2669,9259992.1
2026-01-30 13:00:00,0.267,0.2673,0.2624,0.2637,16645749.8
2026-01-30 14:00:00,0.2636,0.2669,0.2621,0.2637,13912214.9
2026-01-30 15:00:00,0.2637,0.2665,0.2609,0.2644,11019069.6
2026-01-30 16:00:00,0.2643,0.2677,0.2621,0.2652,8889564.6
2026-01-30 17:00:00,0.2652,0.2676,0.2636,0.2651,7235519.7
2026-01-30 18:00:00,0.2651,0.2702,0.2575,0.269,20419103.7
2026-01-30 19:00:00,0.269,0.2706,0.2666,0.2675,8393676.9
2026-01-30 20:00:00,0.2675,0.2676,0.2616,0.2628,14966856.7
2026-01-30 21:00:00,0.2629,0.2657,0.2621,0.2642,6472473.6
2026-01-30 22:00:00,0.2641,0.2648,0.2614,0.263,2788226.9
2026-01-30 23:00:00,0.2629,0.263,0.2605,0.2628,3672208.9
2026-01-31 00:00:00,0.2627,0.2631,0.2611,0.2618,2978547.2
2026-01-31 01:00:00,0.2617,0.263,0.2614,0.2625,3098437.9
2026-01-31 02:00:00,0.2626,0.2639,0.2612,0.2628,3106733.2
2026-01-31 03:00:00,0.2628,0.2632,0.2615,0.2616,1691021.2
2026-01-31 04:00:00,0.2617,0.2627,0.2593,0.2596,4643166.5
2026-01-31 05:00:00,0.2596,0.2607,0.2584,0.2602,4435434.8
2026-01-31 06:00:00,0.2603,0.2605,0.2568,0.2587,5792467.3
2026-01-31 07:00:00,0.2588,0.2589,0.2546,0.2575,7471058.0
2026-01-31 08:00:00,0.2575,0.2579,0.2508,0.2542,18561567.2
2026-01-31 09:00:00,0.2543,0.2562,0.2534,0.2538,4709186.7
2026-01-31 10:00:00,0.2538,0.2557,0.2527,0.2543,4936971.6
2026-01-31 11:00:00,0.2544,0.2544,0.252,0.2525,4516500.1
2026-01-31 12:00:00,0.2526,0.2531,0.251,0.2516,7221911.4
2026-01-31 13:00:00,0.2516,0.2518,0.249,0.2506,10727286.7
2026-01-31 14:00:00,0.2507,0.2518,0.2346,0.2397,58259777.9
2026-01-31 15:00:00,0.2397,0.2435,0.2382,0.2386,14144517.1
2026-01-31 16:00:00,0.2385,0.2429,0.2361,0.2374,26419613.1
2026-01-31 17:00:00,0.2373,0.2386,0.2222,0.2259,64510492.6
2026-01-31 18:00:00,0.226,0.2273,0.2095,0.2238,68344330.5
2026-01-31 19:00:00,0.2238,0.2292,0.223,0.2249,25761117.0
2026-01-31 20:00:00,0.225,0.2281,0.2233,0.2266,13772352.7
2026-01-31 21:00:00,0.2267,0.2307,0.226,0.23,15152283.8
2026-01-31 22:00:00,0.2301,0.2306,0.2275,0.2292,4824826.4
2026-01-31 23:00:00,0.2293,0.2355,0.2291,0.2345,9513810.3
2026-02-01 00:00:00,0.2344,0.2371,0.234,0.236,8618630.7
2026-02-01 01:00:00,0.2361,0.2368,0.2329,0.2365,5427456.4
2026-02-01 02:00:00,0.2366,0.2389,0.236,0.2378,6784287.6
2026-02-01 03:00:00,0.2378,0.2384,0.2367,0.2381,4534994.5
2026-02-01 04:00:00,0.2381,0.239,0.2373,0.2377,5103109.4
2026-02-01 05:00:00,0.2377,0.2391,0.2365,0.2374,4753622.6
2026-02-01 06:00:00,0.2374,0.2399,0.2373,0.2385,6511118.4
2026-02-01 07:00:00,0.2385,0.2407,0.2372,0.2392,6391268.0
2026-02-01 08:00:00,0.2392,0.2406,0.2379,0.239,4545963.7
2026-02-01 09:00:00,0.239,0.2398,0.237,0.2394,5133531.3
2026-02-01 10:00:00,0.2394,0.2404,0.2343,0.2348,11139916.6
2026-02-01 11:00:00,0.2347,0.237,0.2343,0.2358,7161123.7
2026-02-01 12:00:00,0.2358,0.2359,0.2328,0.2337,7517473.7
2026-02-01 13:00:00,0.2337,0.2358,0.2319,0.233,6937179.7
2026-02-01 14:00:00,0.233,0.235,0.2283,0.2327,20822635.5
2026-02-01 15:00:00,0.2327,0.2327,0.2237,0.2271,19670889.6
2026-02-01 16:00:00,0.2271,0.2301,0.2247,0.2275,13982556.2
2026-02-01 17:00:00,0.2275,0.2288,0.2254,0.2282,8061410.1
2026-02-01 18:00:00,0.2281,0.2337,0.2281,0.2302,16012815.4
2026-02-01 19:00:00,0.2302,0.231,0.227,0.2286,7114433.5
2026-02-01 20:00:00,0.2285,0.2317,0.226,0.229,8615357.3
2026-02-01 21:00:00,0.2289,0.2292,0.2258,0.2271,9767720.1
2026-02-01 22:00:00,0.2271,0.2314,0.2267,0.2295,7773321.2
2026-02-01 23:00:00,0.2295,0.2318,0.2215,0.2276,23202497.4
2026-02-02 00:00:00,0.2275,0.2337,0.2255,0.2311,12469292.5
2026-02-02 01:00:00,0.2312,0.2351,0.2277,0.2321,10831974.1
2026-02-02 02:00:00,0.232,0.2334,0.2294,0.2299,8598152.6
2026-02-02 03:00:00,0.2299,0.2304,0.2199,0.2295,30241592.9
2026-02-02 04:00:00,0.2295,0.2328,0.2252,0.228,12503370.6
2026-02-02 05:00:00,0.228,0.2281,0.2216,0.224,15374845.3
2026-02-02 06:00:00,0.2241,0.2309,0.2202,0.227,30027422.7
2026-02-02 07:00:00,0.2269,0.2285,0.2252,0.2254,10215817.2
2026-02-02 08:00:00,0.2253,0.2286,0.2253,0.2277,8248481.3
2026-02-02 09:00:00,0.2278,0.2313,0.2261,0.2296,11534420.8
2026-02-02 10:00:00,0.2296,0.2306,0.2286,0.2294,6635733.2
2026-02-02 11:00:00,0.2293,0.2308,0.2285,0.2293,11189566.8
2026-02-02 12:00:00,0.2293,0.2309,0.2287,0.2301,7632676.1
2026-02-02 13:00:00,0.2301,0.2319,0.2293,0.231,6565593.8
2026-02-02 14:00:00,0.231,0.2343,0.2288,0.2317,19177171.0
2026-02-02 15:00:00,0.2317,0.237,0.2314,0.2349,13282039.1
2026-02-02 16:00:00,0.2349,0.2355,0.2322,0.2325,8255413.6
2026-02-02 17:00:00,0.2324,0.2342,0.2292,0.23,8847235.5
2026-02-02 18:00:00,0.2301,0.2312,0.2288,0.2306,6649019.1
2026-02-02 19:00:00,0.2305,0.2307,0.2288,0.2291,5901634.4
2026-02-02 20:00:00,0.229,0.2302,0.228,0.2296,6382796.4
2026-02-02 21:00:00,0.2294,0.2316,0.2294,0.2308,5602365.5
2026-02-02 22:00:00,0.2308,0.2318,0.2303,0.2312,2968357.8
2026-02-02 23:00:00,0.2312,0.2314,0.2293,0.2298,3523695.6
2026-02-03 00:00:00,0.2299,0.2303,0.2276,0.2294,6217946.1
2026-02-03 01:00:00,0.2294,0.2297,0.2273,0.2295,4021765.3
2026-02-03 02:00:00,0.2295,0.2296,0.2251,0.2253,9271789.8
2026-02-03 03:00:00,0.2253,0.2303,0.2244,0.2298,9328025.3
2026-02-03 04:00:00,0.2297,0.2316,0.2282,0.2307,6460938.8
2026-02-03 05:00:00,0.2307,0.2308,0.2277,0.228,4891326.5
2026-02-03 06:00:00,0.2279,0.2298,0.2264,0.2295,8037103.4
2026-02-03 07:00:00,0.2295,0.2312,0.2289,0.2296,6261522.1
2026-02-03 08:00:00,0.2297,0.2312,0.2287,0.2294,6989683.3
2026-02-03 09:00:00,0.2294,0.2301,0.2251,0.2273,17055333.6
2026-02-03 10:00:00,0.2274,0.229,0.2271,0.2278,5450401.9
2026-02-03 11:00:00,0.2279,0.2288,0.2274,0.2279,4481945.0
2026-02-03 12:00:00,0.2279,0.23,0.2272,0.2294,5026766.0
2026-02-03 13:00:00,0.2293,0.2297,0.2281,0.2291,4502555.6
2026-02-03 14:00:00,0.2291,0.23,0.2243,0.2244,15048965.8
2026-02-03 15:00:00,0.2243,0.2295,0.222,0.2238,51152123.5
2026-02-03 16:00:00,0.2239,0.2239,0.2148,0.2162,43405339.6
2026-02-03 17:00:00,0.2162,0.2172,0.2104,0.2106,25609486.4
2026-02-03 18:00:00,0.2106,0.212,0.2065,0.2068,37615782.7
2026-02-03 19:00:00,0.2068,0.2173,0.2066,0.2144,35302609.1
2026-02-03 20:00:00,0.2143,0.2238,0.2104,0.2215,43127558.1
2026-02-03 21:00:00,0.2215,0.2242,0.2176,0.2183,14146807.5
2026-02-03 22:00:00,0.2183,0.2186,0.214,0.2145,9470938.6
2026-02-03 23:00:00,0.2144,0.2153,0.2112,0.2129,10920399.6
2026-02-04 00:00:00,0.2128,0.2159,0.2118,0.2155,7648499.5
2026-02-04 01:00:00,0.2156,0.2203,0.2156,0.2193,9142274.5
2026-02-04 02:00:00,0.2192,0.2198,0.2172,0.2184,6294761.0
2026-02-04 03:00:00,0.2186,0.2234,0.2184,0.2221,9504420.4
2026-02-04 04:00:00,0.2221,0.2236,0.2214,0.2226,7012802.4
2026-02-04 05:00:00,0.2226,0.2231,0.2202,0.2213,4784721.4
2026-02-04 06:00:00,0.2213,0.2237,0.2211,0.2221,6065889.8
2026-02-04 07:00:00,0.2221,0.2231,0.2206,0.2225,8592685.4
2026-02-04 08:00:00,0.2225,0.2253,0.2217,0.2248,9682667.1
2026-02-04 09:00:00,0.2249,0.225,0.2224,0.2236,11671503.8
2026-02-04 10:00:00,0.2236,0.227,0.2234,0.2259,11614195.2
2026-02-04 11:00:00,0.226,0.2284,0.2238,0.2274,18393962.5
2026-02-04 12:00:00,0.2274,0.23,0.225,0.226,15624604.8
2026-02-04 13:00:00,0.226,0.2272,0.2211,0.2212,14100246.1
2026-02-04 14:00:00,0.2211,0.2232,0.2172,0.2186,26226944.1
2026-02-04 15:00:00,0.2186,0.2228,0.2155,0.2199,23894809.3
2026-02-04 16:00:00,0.2199,0.2225,0.2162,0.2188,22967559.1
2026-02-04 17:00:00,0.2188,0.2208,0.2161,0.2198,19287743.6
2026-02-04 18:00:00,0.2198,0.2239,0.215,0.2202,24173898.8
2026-02-04 19:00:00,0.2203,0.2244,0.2186,0.2241,16431803.4
2026-02-04 20:00:00,0.2241,0.2246,0.2215,0.2219,8131721.4
2026-02-04 21:00:00,0.2219,0.2228,0.2161,0.2181,7851364.2
2026-02-04 22:00:00,0.2182,0.2216,0.2136,0.2157,12143486.6
2026-02-04 23:00:00,0.2157,0.221,0.2154,0.219,11521427.0
2026-02-05 00:00:00,0.2189,0.2204,0.2175,0.2187,7826999.1
2026-02-05 01:00:00,0.2188,0.2223,0.2168,0.2184,14052641.4
2026-02-05 02:00:00,0.2183,0.2205,0.2155,0.2161,12407148.8
2026-02-05 03:00:00,0.216,0.2181,0.2148,0.2152,12959263.1
2026-02-05 04:00:00,0.2152,0.217,0.2139,0.2148,12392917.9
2026-02-05 05:00:00,0.2148,0.2178,0.2118,0.215,16643184.0
2026-02-05 06:00:00,0.2151,0.2153,0.2109,0.212,11484279.2
2026-02-05 07:00:00,0.2119,0.2153,0.2111,0.2115,10048777.9
2026-02-05 08:00:00,0.2116,0.2149,0.2116,0.213,7300081.7
2026-02-05 09:00:00,0.2131,0.2155,0.2122,0.2128,8850638.5
2026-02-05 10:00:00,0.2129,0.2137,0.2077,0.2087,13301830.3
2026-02-05 11:00:00,0.2087,0.2097,0.2033,0.2068,24514655.7
2026-02-05 12:00:00,0.2068,0.2084,0.2048,0.2075,19855838.9
2026-02-05 13:00:00,0.2075,0.2092,0.2054,0.206,10942206.0
2026-02-05 14:00:00,0.206,0.2107,0.2054,0.2058,21368738.1
2026-02-05 15:00:00,0.2059,0.2067,0.1902,0.1946,94866754.8
2026-02-05 16:00:00,0.1946,0.2003,0.1926,0.1975,39767542.2
2026-02-05 17:00:00,0.1976,0.2015,0.191,0.1924,40609811.8
2026-02-05 18:00:00,0.1924,0.1943,0.1895,0.1936,28100175.6
2026-02-05 19:00:00,0.1936,0.194,0.1896,0.1905,16093095.2
2026-02-05 20:00:00,0.1906,0.1924,0.1802,0.1847,80625313.9
2026-02-05 21:00:00,0.1846,0.1901,0.1827,0.1835,44299572.9
2026-02-05 22:00:00,0.1836,0.1884,0.1799,0.1838,29901488.9
2026-02-05 23:00:00,0.1839,0.1884,0.1809,0.1818,21346362.8
2026-02-06 00:00:00,0.1818,0.1831,0.1573,0.1747,220850224.1
2026-02-06 01:00:00,0.1747,0.1817,0.1739,0.1815,52641844.2
2026-02-06 02:00:00,0.1815,0.1833,0.1746,0.1753,41265083.9
2026-02-06 03:00:00,0.1754,0.1768,0.1731,0.1745,27732405.3
2026-02-06 04:00:00,0.1746,0.1769,0.1727,0.176,25379331.3
2026-02-06 05:00:00,0.1759,0.1804,0.1756,0.1792,31480497.5
2026-02-06 06:00:00,0.1793,0.1804,0.173,0.1734,35328074.8
2026-02-06 07:00:00,0.1733,0.1749,0.1704,0.1734,33055620.4
2026-02-06 08:00:00,0.1734,0.1741,0.17,0.1712,35363623.8
2026-02-06 09:00:00,0.1711,0.1787,0.1705,0.1784,38599585.8
2026-02-06 10:00:00,0.1784,0.1821,0.1773,0.182,32350183.1
2026-02-06 11:00:00,0.182,0.1841,0.1811,0.1831,26395327.9
2026-02-06 12:00:00,0.1831,0.1845,0.1819,0.1836,25711704.8
2026-02-06 13:00:00,0.1837,0.1869,0.1829,0.1859,32021398.2
2026-02-06 14:00:00,0.1859,0.1925,0.185,0.1906,33132769.2
2026-02-06 15:00:00,0.1906,0.1909,0.1877,0.1898,19261204.3
2026-02-06 16:00:00,0.1899,0.1959,0.1889,0.1946,22454394.5
2026-02-06 17:00:00,0.1946,0.2006,0.1939,0.1987,26512981.3
2026-02-06 18:00:00,0.1986,0.1988,0.1921,0.1934,19392381.4
2026-02-06 19:00:00,0.1934,0.1947,0.1917,0.1943,10437510.1
2026-02-06 20:00:00,0.1943,0.1955,0.1917,0.193,15539515.6
2026-02-06 21:00:00,0.1931,0.1955,0.1919,0.1954,6983218.7
2026-02-06 22:00:00,0.1954,0.1982,0.1951,0.1969,9163937.9
2026-02-06 23:00:00,0.1969,0.1982,0.1949,0.1972,9185197.2
2026-02-07 00:00:00,0.1972,0.1973,0.192,0.1935,16117340.3
2026-02-07 01:00:00,0.1935,0.1957,0.1926,0.1951,7328738.3
2026-02-07 02:00:00,0.195,0.1962,0.1945,0.1956,5061238.7
2026-02-07 03:00:00,0.1956,0.1979,0.1952,0.1972,6784652.3
2026-02-07 04:00:00,0.1972,0.1988,0.1956,0.1958,11621585.0
2026-02-07 05:00:00,0.1958,0.1965,0.1947,0.1954,7379787.2
2026-02-07 06:00:00,0.1955,0.1966,0.1915,0.1916,9030212.1
2026-02-07 07:00:00,0.1916,0.1927,0.1868,0.1893,25510075.2
2026-02-07 08:00:00,0.1892,0.1908,0.1882,0.1905,9589093.7
2026-02-07 09:00:00,0.1904,0.1913,0.1893,0.1897,8044094.3
2026-02-07 10:00:00,0.1896,0.1903,0.1886,0.19,7859812.8
2026-02-07 11:00:00,0.1899,0.1906,0.1895,0.1903,5179169.1
2026-02-07 12:00:00,0.1903,0.1983,0.1901,0.1965,24457257.4
2026-02-07 13:00:00,0.1966,0.1976,0.1943,0.1958,8428973.9
2026-02-07 14:00:00,0.1958,0.1959,0.1921,0.1925,7891966.0
2026-02-07 15:00:00,0.1925,0.1974,0.1919,0.1968,11442180.1
2026-02-07 16:00:00,0.1968,0.2027,0.1962,0.197,101073611.1
2026-02-07 17:00:00,0.1969,0.1975,0.195,0.1963,9793333.2
2026-02-07 18:00:00,0.1962,0.1996,0.1961,0.1986,7422399.6
2026-02-07 19:00:00,0.1985,0.1985,0.1964,0.1968,5430937.9
2026-02-07 20:00:00,0.1968,0.1978,0.1962,0.1973,4909064.9
2026-02-07 21:00:00,0.1973,0.1982,0.1964,0.1972,7424147.4
2026-02-07 22:00:00,0.1972,0.1979,0.1966,0.1968,3177201.1
2026-02-07 23:00:00,0.1968,0.1969,0.1955,0.1962,3774465.3
2026-02-08 00:00:00,0.1963,0.1964,0.1947,0.1956,4720504.3
2026-02-08 01:00:00,0.1957,0.1964,0.1948,0.1953,2818508.0
2026-02-08 02:00:00,0.1953,0.1962,0.1939,0.1945,5043877.9
2026-02-08 03:00:00,0.1944,0.1949,0.1932,0.1936,4216766.6
2026-02-08 04:00:00,0.1936,0.1945,0.1928,0.1941,3847002.3
2026-02-08 05:00:00,0.1941,0.1945,0.1929,0.1931,3104875.8
2026-02-08 06:00:00,0.1931,0.1937,0.1924,0.1928,3788959.1
2026-02-08 07:00:00,0.1929,0.1931,0.1914,0.1928,4666031.8
2026-02-08 08:00:00,0.1929,0.1963,0.1924,0.1955,8548018.8
2026-02-08 09:00:00,0.1956,0.1959,0.1927,0.1931,5449712.4
2026-02-08 10:00:00,0.1931,0.1944,0.1918,0.1926,6666746.6
2026-02-08 11:00:00,0.1926,0.1963,0.1925,0.1957,8745326.4
2026-02-08 12:00:00,0.1958,0.196,0.1938,0.195,8700437.6
2026-02-08 13:00:00,0.195,0.1953,0.1936,0.1947,8872286.0
2026-02-08 14:00:00,0.1947,0.1956,0.1939,0.195,3374567.7
2026-02-08 15:00:00,0.1951,0.1955,0.1921,0.1929,8213095.0
2026-02-08 16:00:00,0.1929,0.1932,0.1864,0.1875,22518164.5
2026-02-08 17:00:00,0.1874,0.1903,0.1872,0.1901,9822000.2
2026-02-08 18:00:00,0.19,0.1934,0.1899,0.192,9185063.1
2026-02-08 19:00:00,0.1919,0.1928,0.1914,0.1923,5118623.8
2026-02-08 20:00:00,0.1924,0.1924,0.1894,0.1899,6317782.4
2026-02-08 21:00:00,0.1898,0.1907,0.1883,0.1895,5873017.1
2026-02-08 22:00:00,0.1895,0.1909,0.1893,0.1906,3539852.5
2026-02-08 23:00:00,0.1905,0.195,0.1886,0.1902,11655953.7
2026-02-09 00:00:00,0.1902,0.191,0.1884,0.1899,6061503.5
2026-02-09 01:00:00,0.1899,0.1922,0.1887,0.1901,6132220.3
2026-02-09 02:00:00,0.1901,0.1919,0.1892,0.1906,3585274.1
2026-02-09 03:00:00,0.1906,0.1934,0.1904,0.1931,5829606.3
2026-02-09 04:00:00,0.1931,0.1932,0.1914,0.1916,3365891.8
2026-02-09 05:00:00,0.1917,0.1927,0.1911,0.1919,3289606.4
2026-02-09 06:00:00,0.1919,0.1919,0.1892,0.1901,5325028.7
2026-02-09 07:00:00,0.1901,0.1905,0.1885,0.1886,5551990.3
2026-02-09 08:00:00,0.1886,0.1892,0.1856,0.1865,8941029.1
2026-02-09 09:00:00,0.1864,0.1869,0.1847,0.1852,5683294.0
2026-02-09 10:00:00,0.1852,0.1855,0.1813,0.1821,11885800.1
2026-02-09 11:00:00,0.1822,0.1839,0.1822,0.1836,6865391.0
2026-02-09 12:00:00,0.1836,0.1849,0.1834,0.1843,4354112.9
2026-02-09 13:00:00,0.1844,0.1849,0.1821,0.1823,6142287.0
2026-02-09 14:00:00,0.1822,0.1864,0.1817,0.1857,13575539.8
2026-02-09 15:00:00,0.1857,0.1877,0.1841,0.1875,11598450.5
2026-02-09 16:00:00,0.1874,0.1909,0.1856,0.1889,11299098.8
2026-02-09 17:00:00,0.1889,0.1927,0.1878,0.1916,9790332.1
2026-02-09 18:00:00,0.1917,0.1922,0.1885,0.1897,9474625.5
2026-02-09 19:00:00,0.1897,0.1911,0.1888,0.1907,4733611.6
2026-02-09 20:00:00,0.1906,0.1915,0.1887,0.1893,5138531.1
2026-02-09 21:00:00,0.1894,0.1902,0.187,0.1894,8564256.0
2026-02-09 22:00:00,0.1895,0.1909,0.1892,0.19,3495442.4
2026-02-09 23:00:00,0.1899,0.1902,0.1886,0.189,2671606.8
2026-02-10 00:00:00,0.189,0.1894,0.1879,0.1884,3379139.7
2026-02-10 01:00:00,0.1884,0.1898,0.1882,0.1893,3605495.5
2026-02-10 02:00:00,0.1893,0.1894,0.1878,0.1883,3745670.0
2026-02-10 03:00:00,0.1883,0.1883,0.1842,0.1859,9028432.3
2026-02-10 04:00:00,0.1859,0.1875,0.1857,0.1873,4017771.6
2026-02-10 05:00:00,0.1873,0.1873,0.1841,0.1847,5446846.5
2026-02-10 06:00:00,0.1847,0.185,0.181,0.1817,14001272.9
2026-02-10 07:00:00,0.1817,0.1835,0.1817,0.1827,6161166.3
2026-02-10 08:00:00,0.1827,0.1839,0.1823,0.1834,6246281.8
2026-02-10 09:00:00,0.1834,0.1845,0.1832,0.1837,4869984.1
2026-02-10 10:00:00,0.1837,0.1841,0.1825,0.1826,3060483.6
2026-02-10 11:00:00,0.1826,0.183,0.1813,0.1816,5725371.6
2026-02-10 12:00:00,0.1816,0.1826,0.1805,0.1807,3950685.2
2026-02-10 13:00:00,0.1807,0.1823,0.1802,0.1821,9806522.6
2026-02-10 14:00:00,0.1822,0.1847,0.1814,0.1828,15470391.8
2026-02-10 15:00:00,0.1828,0.1856,0.182,0.1843,11584982.3
2026-02-10 16:00:00,0.1843,0.1853,0.1827,0.1835,6621141.2
2026-02-10 17:00:00,0.1835,0.1847,0.1825,0.1839,5005462.6
2026-02-10 18:00:00,0.184,0.1844,0.1802,0.1812,9983728.6
2026-02-10 19:00:00,0.1812,0.1827,0.1804,0.1818,5662853.0
2026-02-10 20:00:00,0.1819,0.1827,0.1812,0.1821,4354429.2
2026-02-10 21:00:00,0.182,0.1826,0.1809,0.1817,4055623.8
2026-02-10 22:00:00,0.1818,0.1833,0.1815,0.1821,2613955.0
2026-02-10 23:00:00,0.1821,0.1832,0.1818,0.1828,2361240.6
2026-02-11 00:00:00,0.1827,0.1839,0.1827,0.1836,4536907.7
2026-02-11 01:00:00,0.1837,0.1844,0.1834,0.1842,3024496.7
2026-02-11 02:00:00,0.1841,0.1855,0.184,0.1841,4330404.9
2026-02-11 03:00:00,0.1841,0.1849,0.1818,0.1831,6696493.2
2026-02-11 04:00:00,0.1831,0.1834,0.1797,0.1804,9556880.8
2026-02-11 05:00:00,0.1805,0.1813,0.1786,0.1791,6133554.0
2026-02-11 06:00:00,0.1792,0.1795,0.1762,0.1767,11028304.4
2026-02-11 07:00:00,0.1766,0.1783,0.1759,0.1772,14515763.3
2026-02-11 08:00:00,0.1771,0.1772,0.176,0.1767,12557441.9
2026-02-11 09:00:00,0.1766,0.177,0.1756,0.1758,3921750.2
2026-02-11 10:00:00,0.1759,0.1761,0.1746,0.1752,4391703.0
2026-02-11 11:00:00,0.1752,0.1772,0.1752,0.1767,4628691.6
2026-02-11 12:00:00,0.1768,0.1776,0.1762,0.1769,3443754.1
2026-02-11 13:00:00,0.1769,0.1797,0.1762,0.1797,12241091.5
2026-02-11 14:00:00,0.1797,0.1864,0.1753,0.1755,31821309.0
2026-02-11 15:00:00,0.1756,0.1768,0.1729,0.1752,20953647.6
2026-02-11 16:00:00,0.1753,0.1786,0.174,0.1742,11250347.2
2026-02-11 17:00:00,0.1742,0.178,0.1736,0.1763,9480364.7
2026-02-11 18:00:00,0.1763,0.1792,0.1748,0.1783,8030878.4
2026-02-11 19:00:00,0.1783,0.1792,0.1765,0.1771,7000657.0
2026-02-11 20:00:00,0.177,0.1793,0.1759,0.1788,5230977.2
2026-02-11 21:00:00,0.1788,0.1817,0.1785,0.1806,6654525.9
2026-02-11 22:00:00,0.1806,0.1812,0.1783,0.1786,3618875.3
2026-02-11 23:00:00,0.1786,0.1793,0.1765,0.1777,6068653.2
2026-02-12 00:00:00,0.1777,0.1801,0.1777,0.1792,6367489.2
2026-02-12 01:00:00,0.1792,0.1807,0.1791,0.1795,5249867.4
2026-02-12 02:00:00,0.1795,0.1812,0.1789,0.1801,5252750.9
2026-02-12 03:00:00,0.18,0.1811,0.1798,0.1808,3591294.7
2026-02-12 04:00:00,0.1808,0.1819,0.1799,0.181,3693992.8
2026-02-12 05:00:00,0.181,0.1825,0.1797,0.1822,5716406.0
2026-02-12 06:00:00,0.1823,0.1841,0.182,0.1832,4891070.1
2026-02-12 07:00:00,0.1832,0.1844,0.1822,0.1843,3808091.1
2026-02-12 08:00:00,0.1843,0.1847,0.1819,0.1829,11322604.9
2026-02-12 09:00:00,0.1829,0.1842,0.1823,0.1835,4682481.5
2026-02-12 10:00:00,0.1836,0.1845,0.1826,0.1844,4462942.1
2026-02-12 11:00:00,0.1845,0.186,0.1834,0.1843,10469707.6
2026-02-12 12:00:00,0.1844,0.1846,0.1814,0.1818,7851218.6
2026-02-12 13:00:00,0.1819,0.1819,0.1794,0.1817,11149817.8
2026-02-12 14:00:00,0.1818,0.1819,0.1796,0.1808,8226596.9
2026-02-12 15:00:00,0.1809,0.183,0.1789,0.1792,11054091.1
2026-02-12 16:00:00,0.1792,0.1799,0.1755,0.1769,19437532.9
2026-02-12 17:00:00,0.1768,0.1793,0.1763,0.177,7758091.3
2026-02-12 18:00:00,0.1769,0.1791,0.1767,0.1785,8227705.5
2026-02-12 19:00:00,0.1785,0.1835,0.1779,0.1803,9182967.7
2026-02-12 20:00:00,0.1804,0.1809,0.178,0.1785,5400257.5
2026-02-12 21:00:00,0.1786,0.1801,0.1786,0.1798,3505329.2
2026-02-12 22:00:00,0.1797,0.1823,0.1791,0.1821,3083703.1
2026-02-12 23:00:00,0.1821,0.1835,0.182,0.1827,4640648.8
2026-02-13 00:00:00,0.1827,0.1837,0.1807,0.1815,5384770.2
2026-02-13 01:00:00,0.1814,0.182,0.1807,0.1811,4975411.2
2026-02-13 02:00:00,0.1811,0.1819,0.1807,0.1816,3715044.3
2026-02-13 03:00:00,0.1815,0.1818,0.1802,0.1807,3396978.8
2026-02-13 04:00:00,0.1806,0.1807,0.1794,0.1801,2669984.0
2026-02-13 05:00:00,0.18,0.1806,0.1791,0.1794,3780908.0
2026-02-13 06:00:00,0.1793,0.1808,0.1784,0.1807,3738417.7
2026-02-13 07:00:00,0.1806,0.1817,0.1802,0.1807,5715427.4
2026-02-13 08:00:00,0.1806,0.1831,0.1804,0.1825,7366349.9
2026-02-13 09:00:00,0.1824,0.1824,0.1815,0.1817,3920398.0
2026-02-13 10:00:00,0.1817,0.1828,0.1816,0.1822,3756151.3
2026-02-13 11:00:00,0.1821,0.1822,0.1808,0.1818,12278307.9
2026-02-13 12:00:00,0.1817,0.1817,0.1803,0.1813,4184542.9
2026-02-13 13:00:00,0.1813,0.1841,0.181,0.1825,8442437.8
2026-02-13 14:00:00,0.1825,0.1853,0.1815,0.1835,12375898.6
2026-02-13 15:00:00,0.1835,0.1897,0.1835,0.1859,18754686.6
2026-02-13 16:00:00,0.186,0.1896,0.1854,0.1888,8303469.5
2026-02-13 17:00:00,0.1888,0.1904,0.1875,0.189,11735964.0
2026-02-13 18:00:00,0.1891,0.1901,0.1881,0.1894,6020790.5
2026-02-13 19:00:00,0.1895,0.1903,0.1889,0.1897,3670042.8
2026-02-13 20:00:00,0.1897,0.1905,0.1893,0.19,2980045.4
2026-02-13 21:00:00,0.1901,0.1917,0.1901,0.1911,3961714.0
2026-02-13 22:00:00,0.1912,0.1918,0.1894,0.1898,3862613.9
2026-02-13 23:00:00,0.1899,0.1902,0.189,0.1891,2335902.3
2026-02-14 00:00:00,0.1892,0.1911,0.1892,0.1906,5701745.5
2026-02-14 01:00:00,0.1907,0.1908,0.1899,0.1903,2570003.7
2026-02-14 02:00:00,0.1904,0.191,0.1901,0.1905,3207672.4
2026-02-14 03:00:00,0.1906,0.1922,0.1904,0.1915,4422034.9
2026-02-14 04:00:00,0.1915,0.1917,0.1907,0.1911,2305784.1
2026-02-14 05:00:00,0.1912,0.1919,0.1904,0.1906,3074991.4
2026-02-14 06:00:00,0.1906,0.1909,0.1896,0.1903,3534392.2
2026-02-14 07:00:00,0.1903,0.1918,0.1901,0.1911,3331465.6
2026-02-14 08:00:00,0.1911,0.1935,0.191,0.1934,7303121.9
2026-02-14 09:00:00,0.1935,0.1937,0.1926,0.1929,3059560.3
2026-02-14 10:00:00,0.193,0.193,0.1916,0.192,3124304.4
2026-02-14 11:00:00,0.1921,0.1945,0.1919,0.1941,8238263.6
2026-02-14 12:00:00,0.1941,0.1951,0.1931,0.1932,8034098.5
2026-02-14 13:00:00,0.1932,0.1936,0.1921,0.1933,4975998.0
2026-02-14 14:00:00,0.1933,0.1961,0.1931,0.1957,6474061.7
2026-02-14 15:00:00,0.1958,0.1963,0.1942,0.1961,8009231.1
2026-02-14 16:00:00,0.196,0.1982,0.1945,0.1978,9185097.2
2026-02-14 17:00:00,0.1978,0.1988,0.1962,0.1963,7539076.7
2026-02-14 18:00:00,0.1964,0.1981,0.1961,0.1978,4718299.1
2026-02-14 19:00:00,0.1978,0.2001,0.1968,0.1997,7197983.7
2026-02-14 20:00:00,0.1998,0.2007,0.1973,0.1986,6623600.7
2026-02-14 21:00:00,0.1987,0.1998,0.1972,0.1981,7473082.6
2026-02-14 22:00:00,0.1981,0.2003,0.1979,0.1988,3724965.1
2026-02-14 23:00:00,0.1988,0.1992,0.1969,0.197,4520300.7
2026-02-15 00:00:00,0.197,0.1977,0.1952,0.1962,7417469.7
2026-02-15 01:00:00,0.1961,0.1973,0.1948,0.1963,6946219.9
2026-02-15 02:00:00,0.1962,0.1972,0.1941,0.1953,6435351.5
2026-02-15 03:00:00,0.1953,0.1958,0.1923,0.1958,12590854.4
2026-02-15 04:00:00,0.1957,0.1983,0.1953,0.1958,7494150.3
2026-02-15 05:00:00,0.1958,0.1975,0.1954,0.1968,4396355.6
2026-02-15 06:00:00,0.1969,0.1972,0.1957,0.1962,3403707.9
2026-02-15 07:00:00,0.1963,0.1983,0.1961,0.1974,3697629.9
2026-02-15 08:00:00,0.1975,0.198,0.1927,0.1942,9167779.9
2026-02-15 09:00:00,0.1942,0.1956,0.1938,0.1949,5558286.8
2026-02-15 10:00:00,0.1949,0.1949,0.1927,0.1942,6256684.0
2026-02-15 11:00:00,0.1941,0.1945,0.1937,0.1942,3105572.7
2026-02-15 12:00:00,0.1942,0.1943,0.1881,0.1881,14936932.5
2026-02-15 13:00:00,0.1881,0.1902,0.1864,0.1874,15362776.1
2026-02-15 14:00:00,0.1873,0.1894,0.1871,0.1893,5420104.5
2026-02-15 15:00:00,0.1892,0.1897,0.1886,0.1893,4137635.5
2026-02-15 16:00:00,0.1892,0.1899,0.1879,0.1895,6667710.2
2026-02-15 17:00:00,0.1895,0.1899,0.1852,0.187,11443511.8
2026-02-15 18:00:00,0.1869,0.188,0.1856,0.1862,9094678.1
2026-02-15 19:00:00,0.1862,0.1873,0.1848,0.1865,8165993.1
2026-02-15 20:00:00,0.1864,0.1882,0.1856,0.1877,3970803.1
2026-02-15 21:00:00,0.1876,0.1889,0.1876,0.1878,3441450.9
2026-02-15 22:00:00,0.1877,0.1888,0.1874,0.1885,1842925.2
2026-02-15 23:00:00,0.1885,0.1895,0.1866,0.1893,3612934.9
2026-02-16 00:00:00,0.1893,0.1906,0.1886,0.1891,4038115.7
2026-02-16 01:00:00,0.1891,0.19,0.1878,0.1886,3420134.9
2026-02-16 02:00:00,0.1885,0.1889,0.1872,0.1875,2744616.4
2026-02-16 03:00:00,0.1875,0.1886,0.1874,0.1884,2495160.5
2026-02-16 04:00:00,0.1883,0.1898,0.1882,0.1896,2360072.2
2026-02-16 05:00:00,0.1897,0.1903,0.1863,0.1869,6836842.1
2026-02-16 06:00:00,0.1869,0.1889,0.1868,0.1882,3337123.8
2026-02-16 07:00:00,0.1882,0.1886,0.1871,0.1876,3153096.9
2026-02-16 08:00:00,0.1876,0.189,0.1875,0.1883,2576699.2
2026-02-16 09:00:00,0.1884,0.1898,0.1883,0.1895,5888581.7
2026-02-16 10:00:00,0.1894,0.1897,0.1881,0.1883,2201151.4
2026-02-16 11:00:00,0.1883,0.1886,0.1854,0.188,5479644.3
2026-02-16 12:00:00,0.1879,0.1913,0.1874,0.1911,6962700.6
2026-02-16 13:00:00,0.1911,0.1922,0.1872,0.1878,11160558.3
2026-02-16 14:00:00,0.1877,0.1898,0.1863,0.1887,7034137.9
2026-02-16 15:00:00,0.1887,0.1898,0.1841,0.1853,10945930.3
2026-02-16 16:00:00,0.1853,0.1873,0.1848,0.1865,7517474.3
2026-02-16 17:00:00,0.1864,0.1873,0.1854,0.1865,4659774.1
2026-02-16 18:00:00,0.1866,0.1881,0.1865,0.1868,4813933.4
2026-02-16 19:00:00,0.1868,0.1883,0.1861,0.1877,3010900.9
2026-02-16 20:00:00,0.1878,0.1896,0.1871,0.1893,3272453.4
2026-02-16 21:00:00,0.1893,0.1912,0.1886,0.1911,3713245.2
2026-02-16 22:00:00,0.1911,0.1914,0.1897,0.19,2848072.1
2026-02-16 23:00:00,0.1901,0.1907,0.1896,0.1901,2556373.0
2026-02-17 00:00:00,0.1902,0.1905,0.1889,0.1891,3398326.1
2026-02-17 01:00:00,0.1891,0.1898,0.1883,0.1884,2769430.3
2026-02-17 02:00:00,0.1884,0.1903,0.1873,0.1899,3344586.2
2026-02-17 03:00:00,0.1899,0.1899,0.1886,0.1888,3361303.5
2026-02-17 04:00:00,0.1888,0.19,0.1882,0.1888,2993889.7
2026-02-17 05:00:00,0.1889,0.189,0.1863,0.1877,3674209.9
2026-02-17 06:00:00,0.1877,0.1889,0.1877,0.1885,1967595.3
2026-02-17 07:00:00,0.1884,0.1892,0.1879,0.1884,2536735.9
2026-02-17 08:00:00,0.1885,0.1893,0.1872,0.1874,5013802.3
2026-02-17 09:00:00,0.1875,0.1878,0.1866,0.1876,3966529.7
2026-02-17 10:00:00,0.1877,0.188,0.1854,0.1864,34706475.7
2026-02-17 11:00:00,0.1863,0.188,0.1862,0.1874,4555118.9
2026-02-17 12:00:00,0.1873,0.1887,0.187,0.1873,4061269.9
2026-02-17 13:00:00,0.1872,0.1892,0.1866,0.1884,6794582.1
2026-02-17 14:00:00,0.1884,0.1893,0.184,0.1847,12805636.6
2026-02-17 15:00:00,0.1846,0.1867,0.1837,0.1867,9529626.1
2026-02-17 16:00:00,0.1867,0.1898,0.1863,0.187,8572848.8
2026-02-17 17:00:00,0.1871,0.1875,0.1843,0.1856,7181806.4
2026-02-17 18:00:00,0.1857,0.1902,0.1852,0.1888,8389968.9
2026-02-17 19:00:00,0.1888,0.189,0.1869,0.1873,4107658.1
2026-02-17 20:00:00,0.1874,0.1877,0.1858,0.1866,4039336.7
2026-02-17 21:00:00,0.1867,0.1875,0.1863,0.187,3061797.8
2026-02-17 22:00:00,0.187,0.1873,0.1861,0.1866,2142847.7
2026-02-17 23:00:00,0.1865,0.1871,0.1861,0.1869,2217957.4
2026-02-18 00:00:00,0.1868,0.1872,0.1859,0.1861,2500012.4
2026-02-18 01:00:00,0.1861,0.1864,0.1852,0.1861,2919532.3
2026-02-18 02:00:00,0.1862,0.1875,0.186,0.187,2393864.5
2026-02-18 03:00:00,0.1871,0.188,0.1868,0.1879,1985182.5
2026-02-18 04:00:00,0.1878,0.188,0.1871,0.1875,1611980.9
2026-02-18 05:00:00,0.1874,0.1881,0.1871,0.1878,2196800.8
2026-02-18 06:00:00,0.1877,0.1883,0.1875,0.1876,1719322.9
2026-02-18 07:00:00,0.1877,0.1895,0.1876,0.1888,2484945.0
2026-02-18 08:00:00,0.1888,0.1896,0.188,0.1882,5180609.1
2026-02-18 09:00:00,0.1882,0.1886,0.1877,0.1883,2469096.3
2026-02-18 10:00:00,0.1884,0.189,0.1873,0.1874,2889709.0
2026-02-18 11:00:00,0.1875,0.1876,0.1852,0.1865,4854982.9
2026-02-18 12:00:00,0.1864,0.1868,0.185,0.1857,4191160.2
2026-02-18 13:00:00,0.1858,0.1861,0.1832,0.1841,6932498.9
2026-02-18 14:00:00,0.184,0.185,0.1827,0.1847,7314972.4
2026-02-18 15:00:00,0.1847,0.1888,0.1845,0.1865,9731052.7
2026-02-18 16:00:00,0.1865,0.1867,0.1836,0.1842,6046414.7
2026-02-18 17:00:00,0.1841,0.1864,0.171,0.1782,158235646.1
2026-02-18 18:00:00,0.1782,0.1788,0.1743,0.1747,21146488.0
2026-02-18 19:00:00,0.1747,0.1761,0.1717,0.1728,20209874.9
2026-02-18 20:00:00,0.1728,0.1743,0.1711,0.1716,13014731.3
2026-02-18 21:00:00,0.1715,0.1717,0.1668,0.1672,17298843.7
2026-02-18 22:00:00,0.1672,0.1682,0.1652,0.1671,17837809.6
2026-02-18 23:00:00,0.1671,0.1675,0.1647,0.1652,14077132.9
2026-02-19 00:00:00,0.1653,0.1662,0.1625,0.1636,27997399.1
2026-02-19 01:00:00,0.1635,0.1651,0.1625,0.1644,20299876.3
2026-02-19 02:00:00,0.1643,0.1648,0.1594,0.1594,26639988.5
2026-02-19 03:00:00,0.1594,0.1607,0.1583,0.1598,21577705.4
2026-02-19 04:00:00,0.1598,0.16,0.1545,0.1548,32976795.1
2026-02-19 05:00:00,0.1547,0.1561,0.1512,0.1529,62370678.2
2026-02-19 06:00:00,0.1529,0.1531,0.1491,0.1503,54481648.4
2026-02-19 07:00:00,0.1503,0.1507,0.1458,0.1461,70997558.4
2026-02-19 08:00:00,0.1461,0.1464,0.1397,0.1417,144404385.8
2026-02-19 09:00:00,0.1416,0.1466,0.1403,0.1435,99141370.6
2026-02-19 10:00:00,0.1436,0.1448,0.1412,0.1417,73290584.7
2026-02-19 11:00:00,0.1416,0.1434,0.1404,0.1416,57539024.4
2026-02-19 12:00:00,0.1416,0.1444,0.141,0.1424,54622644.3
2026-02-19 13:00:00,0.1424,0.1427,0.1375,0.1397,117906689.5
2026-02-19 14:00:00,0.1397,0.1409,0.136,0.1383,105551496.3
2026-02-19 15:00:00,0.1383,0.1409,0.1376,0.1393,69158970.7
2026-02-19 16:00:00,0.1393,0.1405,0.1373,0.1378,65657020.0
2026-02-19 17:00:00,0.1379,0.1385,0.1337,0.1358,101484973.4
2026-02-19 18:00:00,0.1357,0.1387,0.1353,0.1373,42385319.5
2026-02-19 19:00:00,0.1373,0.1384,0.1364,0.138,26676678.7
2026-02-19 20:00:00,0.138,0.1396,0.1371,0.1374,28479532.3
2026-02-19 21:00:00,0.1374,0.1393,0.1372,0.1377,22983137.4
2026-02-19 22:00:00,0.1378,0.1384,0.1362,0.1378,24911816.2
2026-02-19 23:00:00,0.1378,0.1392,0.1377,0.139,31505638.9
2026-02-20 00:00:00,0.1389,0.1393,0.1348,0.1366,81109060.9
2026-02-20 01:00:00,0.1366,0.1381,0.1359,0.1375,35838943.9
2026-02-20 02:00:00,0.1375,0.1399,0.1269,0.1304,137977356.5
2026-02-20 03:00:00,0.1304,0.1316,0.1264,0.1291,105374673.4
2026-02-20 04:00:00,0.1291,0.1309,0.1274,0.1295,51584004.1
2026-02-20 05:00:00,0.1296,0.1325,0.1283,0.1317,46754240.5
2026-02-20 06:00:00,0.1318,0.1333,0.1308,0.1331,33997332.2
2026-02-20 07:00:00,0.1332,0.1337,0.1294,0.1298,46804050.0
2026-02-20 08:00:00,0.1298,0.13,0.1282,0.1287,50150225.9
2026-02-20 09:00:00,0.1287,0.1307,0.1275,0.1303,52311554.1
2026-02-20 10:00:00,0.1304,0.1316,0.1283,0.129,47285380.3
2026-02-20 11:00:00,0.129,0.1299,0.1255,0.1274,65330550.7
2026-02-20 12:00:00,0.1274,0.1274,0.1245,0.1267,55232134.6
2026-02-20 13:00:00,0.1267,0.1271,0.1245,0.127,57659257.0
2026-02-20 14:00:00,0.1269,0.1292,0.1266,0.1284,43712393.2
2026-02-20 15:00:00,0.1284,0.1346,0.1283,0.133,113225998.5
2026-02-20 16:00:00,0.133,0.1338,0.1296,0.1306,79591618.1
2026-02-20 17:00:00,0.1307,0.1307,0.1268,0.1297,65725882.4
2026-02-20 18:00:00,0.1297,0.13,0.1276,0.1281,44570650.9
2026-02-20 19:00:00,0.128,0.1288,0.1271,0.1285,33440143.1
2026-02-20 20:00:00,0.1285,0.1289,0.1264,0.1276,35214648.1
2026-02-20 21:00:00,0.1276,0.128,0.127,0.1274,16666958.4
2026-02-20 22:00:00,0.1273,0.1278,0.1267,0.1272,18125348.6
2026-02-20 23:00:00,0.1272,0.1287,0.1266,0.1282,30571920.5
2026-02-21 00:00:00,0.1283,0.1289,0.127,0.1276,24238903.8
2026-02-21 01:00:00,0.1276,0.1303,0.1273,0.1293,40045431.1
2026-02-21 02:00:00,0.1294,0.1329,0.129,0.1312,51726915.3
2026-02-21 03:00:00,0.1312,0.1318,0.1293,0.131,28689498.2
2026-02-21 04:00:00,0.1311,0.1321,0.1303,0.1311,28037414.0
2026-02-21 05:00:00,0.1311,0.1336,0.1309,0.1314,34083231.9
2026-02-21 06:00:00,0.1314,0.1323,0.1296,0.1303,29459077.8
2026-02-21 07:00:00,0.1302,0.132,0.1298,0.1316,17826996.7
2026-02-21 08:00:00,0.1315,0.133,0.1311,0.1326,21444207.6
2026-02-21 09:00:00,0.1326,0.1354,0.1325,0.133,60329349.8
2026-02-21 10:00:00,0.1331,0.1356,0.1326,0.1331,35567301.4
2026-02-21 11:00:00,0.1331,0.1334,0.1308,0.1315,30564112.6
2026-02-21 12:00:00,0.1315,0.132,0.13,0.1306,29501951.8
2026-02-21 13:00:00,0.1306,0.1309,0.1296,0.1307,16244159.5
2026-02-21 14:00:00,0.1307,0.1313,0.1276,0.1294,44745046.0
2026-02-21 15:00:00,0.1293,0.1301,0.1288,0.1298,32164795.9
2026-02-21 16:00:00,0.1299,0.1301,0.1277,0.128,35289325.7
2026-02-21 17:00:00,0.1279,0.1286,0.1263,0.1282,30391894.4
2026-02-21 18:00:00,0.1281,0.1294,0.128,0.1292,17330538.5
2026-02-21 19:00:00,0.1293,0.1296,0.128,0.1284,13764240.6
2026-02-21 20:00:00,0.1283,0.1284,0.1272,0.1275,11005110.5
2026-02-21 21:00:00,0.1275,0.1294,0.1274,0.129,13716343.0
2026-02-21 22:00:00,0.129,0.1295,0.1275,0.1283,10427809.0
2026-02-21 23:00:00,0.1283,0.1292,0.1279,0.1283,15395550.7
2026-02-22 00:00:00,0.1283,0.1284,0.1229,0.1259,82711414.5
2026-02-22 01:00:00,0.1259,0.1265,0.1254,0.126,20008955.5
2026-02-22 02:00:00,0.1259,0.1267,0.1245,0.1252,20186045.9
2026-02-22 03:00:00,0.1252,0.1258,0.1247,0.1248,12023073.7
2026-02-22 04:00:00,0.1249,0.1257,0.1247,0.1249,8416584.7
2026-02-22 05:00:00,0.1248,0.1255,0.1241,0.1254,12747035.4
2026-02-22 06:00:00,0.1254,0.1259,0.125,0.1254,11924046.9
2026-02-22 07:00:00,0.1255,0.1263,0.1246,0.1248,16026060.8
2026-02-22 08:00:00,0.1247,0.1255,0.1231,0.1243,30441882.5
2026-02-22 09:00:00,0.1244,0.1255,0.1242,0.125,14930917.8
2026-02-22 10:00:00,0.1249,0.1253,0.1245,0.1247,9871502.1
2026-02-22 11:00:00,0.1248,0.1252,0.1236,0.1241,26435663.5
2026-02-22 12:00:00,0.124,0.1242,0.1213,0.1216,57693419.6
2026-02-22 13:00:00,0.1215,0.1225,0.1208,0.122,33999640.5
2026-02-22 14:00:00,0.122,0.1233,0.1217,0.1218,25515966.5
2026-02-22 15:00:00,0.1218,0.1237,0.1214,0.1234,20856494.7
2026-02-22 16:00:00,0.1235,0.1252,0.1228,0.1249,27293300.0
2026-02-22 17:00:00,0.1249,0.1254,0.1231,0.1248,29965754.6
2026-02-22 18:00:00,0.1249,0.125,0.1231,0.1235,9512050.2
2026-02-22 19:00:00,0.1236,0.1239,0.1222,0.1229,12004208.6
2026-02-22 20:00:00,0.1229,0.1229,0.1212,0.1217,13446966.1
2026-02-22 21:00:00,0.1216,0.1224,0.1202,0.1218,24307454.3
2026-02-22 22:00:00,0.1218,0.1224,0.1213,0.1218,10393181.1
2026-02-22 23:00:00,0.1218,0.1228,0.1217,0.1222,12016056.7
2026-02-23 00:00:00,0.1222,0.123,0.1206,0.1207,30391234.2
2026-02-23 01:00:00,0.1206,0.1208,0.1142,0.1152,176262474.3
2026-02-23 02:00:00,0.1151,0.1164,0.115,0.1156,37696597.2
2026-02-23 03:00:00,0.1155,0.1163,0.1147,0.1155,25598666.8
2026-02-23 04:00:00,0.1155,0.1167,0.1148,0.1165,27531684.9
2026-02-23 05:00:00,0.1166,0.1179,0.1163,0.1175,32503814.8
2026-02-23 06:00:00,0.1174,0.122,0.1174,0.1218,50218404.7
2026-02-23 07:00:00,0.1218,0.1218,0.1205,0.1211,21082924.7
2026-02-23 08:00:00,0.1211,0.1238,0.1206,0.1226,51175095.4
2026-02-23 09:00:00,0.1227,0.1265,0.1225,0.1255,46934471.1
2026-02-23 10:00:00,0.1256,0.1259,0.1235,0.1239,20130911.0
2026-02-23 11:00:00,0.1239,0.1246,0.1234,0.1244,16174069.8
2026-02-23 12:00:00,0.1244,0.1259,0.1238,0.1251,16847837.7
2026-02-23 13:00:00,0.125,0.1252,0.1226,0.1229,17073072.6
2026-02-23 14:00:00,0.1229,0.1234,0.1217,0.1228,23432368.4
2026-02-23 15:00:00,0.1227,0.1229,0.121,0.1211,16113123.4
2026-02-23 16:00:00,0.1212,0.1225,0.1205,0.121,23414956.3
2026-02-23 17:00:00,0.121,0.1212,0.118,0.1194,28623361.1
2026-02-23 18:00:00,0.1195,0.1197,0.1173,0.1176,22998138.1
2026-02-23 19:00:00,0.1175,0.118,0.1167,0.1169,17224785.5
2026-02-23 20:00:00,0.1169,0.1184,0.1164,0.1182,19214806.5
2026-02-23 21:00:00,0.1183,0.1205,0.1182,0.1203,18487501.8
2026-02-23 22:00:00,0.1203,0.1216,0.1201,0.1208,13998234.3
2026-02-23 23:00:00,0.1209,0.1218,0.1207,0.1218,10904890.3
2026-02-24 00:00:00,0.1218,0.1224,0.1201,0.1218,31020236.7
2026-02-24 01:00:00,0.1219,0.1219,0.1188,0.1204,35413831.8
2026-02-24 02:00:00,0.1203,0.1205,0.1189,0.119,14224277.7
2026-02-24 03:00:00,0.119,0.119,0.118,0.1185,18957826.4
2026-02-24 04:00:00,0.1184,0.1188,0.1171,0.1177,15487035.9
2026-02-24 05:00:00,0.1176,0.1183,0.1161,0.117,18983836.1
2026-02-24 06:00:00,0.1169,0.1171,0.1154,0.1158,13475077.6
2026-02-24 07:00:00,0.1157,0.1172,0.1157,0.1167,13994689.9
2026-02-24 08:00:00,0.1168,0.1168,0.115,0.1161,25589019.0
2026-02-24 09:00:00,0.1161,0.1166,0.1152,0.1161,14951102.6
2026-02-24 10:00:00,0.1162,0.1173,0.1159,0.1169,14839513.6
2026-02-24 11:00:00,0.1169,0.1176,0.1166,0.1175,8949114.3
2026-02-24 12:00:00,0.1174,0.1177,0.1164,0.1168,12961043.5
2026-02-24 13:00:00,0.1168,0.117,0.1146,0.1157,24964639.5
2026-02-24 14:00:00,0.1156,0.1172,0.1142,0.1165,39386840.4
2026-02-24 15:00:00,0.1165,0.1183,0.1157,0.1179,45669834.1
2026-02-24 16:00:00,0.1179,0.1187,0.1164,0.1187,33571665.8
2026-02-24 17:00:00,0.1186,0.1189,0.1175,0.1175,16817064.7
2026-02-24 18:00:00,0.1175,0.1179,0.116,0.1166,16188924.0
2026-02-24 19:00:00,0.1166,0.118,0.1164,0.117,17352704.2
2026-02-24 20:00:00,0.1171,0.118,0.1166,0.1173,12380955.7
2026-02-24 21:00:00,0.1174,0.1178,0.1162,0.1174,11839089.8
2026-02-24 22:00:00,0.1175,0.1187,0.1174,0.1178,10024342.0
2026-02-24 23:00:00,0.1179,0.1189,0.1176,0.1176,12305317.8
2026-02-25 00:00:00,0.1177,0.1184,0.1173,0.1177,14480094.7
2026-02-25 01:00:00,0.1177,0.1229,0.1175,0.1206,44025609.8
2026-02-25 02:00:00,0.1207,0.1219,0.1194,0.1197,21086804.3
2026-02-25 03:00:00,0.1197,0.1199,0.1176,0.1177,24808811.2
2026-02-25 04:00:00,0.1177,0.118,0.1166,0.1174,23744371.0
2026-02-25 05:00:00,0.1175,0.1182,0.1163,0.1175,16751789.3
2026-02-25 06:00:00,0.1175,0.1199,0.1174,0.1188,28001913.8
2026-02-25 07:00:00,0.1188,0.1189,0.1173,0.1181,14916915.1
2026-02-25 08:00:00,0.1181,0.1183,0.1165,0.1177,21431476.8
2026-02-25 09:00:00,0.1178,0.1186,0.1173,0.1179,15118845.4
2026-02-25 10:00:00,0.1179,0.119,0.1179,0.1187,16265087.2
2026-02-25 11:00:00,0.1187,0.1197,0.1177,0.1191,22017486.9
2026-02-25 12:00:00,0.1192,0.1205,0.1187,0.1201,24154663.4
2026-02-25 13:00:00,0.12,0.1213,0.1191,0.1201,27948469.0
2026-02-25 14:00:00,0.1202,0.1228,0.1201,0.1222,27647431.3
2026-02-25 15:00:00,0.1222,0.1246,0.1216,0.1232,42744665.6
2026-02-25 16:00:00,0.1233,0.1263,0.1232,0.1257,45628910.5
2026-02-25 17:00:00,0.1258,0.1269,0.1254,0.1264,32037566.0
2026-02-25 18:00:00,0.1264,0.1276,0.1247,0.127,26702803.4
2026-02-25 19:00:00,0.1271,0.1295,0.1256,0.1288,41310309.7
2026-02-25 20:00:00,0.1288,0.1306,0.1274,0.1298,31277079.8
2026-02-25 21:00:00,0.1298,0.1336,0.1294,0.131,92667074.1
2026-02-25 22:00:00,0.1309,0.1318,0.1263,0.1275,48632110.6
2026-02-25 23:00:00,0.1274,0.1283,0.1227,0.1241,58724754.8
2026-02-26 00:00:00,0.1241,0.1247,0.1222,0.1244,32023235.1
2026-02-26 01:00:00,0.1244,0.1259,0.124,0.1242,20726271.6
2026-02-26 02:00:00,0.1241,0.1256,0.1228,0.1252,21786995.5
2026-02-26 03:00:00,0.1252,0.1264,0.124,0.1259,13302827.3
2026-02-26 04:00:00,0.1259,0.1267,0.1248,0.1254,17571150.7
2026-02-26 05:00:00,0.1254,0.1255,0.123,0.124,17836766.6
2026-02-26 06:00:00,0.124,0.125,0.1226,0.1231,16374631.1
2026-02-26 07:00:00,0.1232,0.124,0.1225,0.1238,14080367.8
2026-02-26 08:00:00,0.1238,0.1242,0.123,0.1231,17551752.9
2026-02-26 09:00:00,0.1231,0.1252,0.123,0.1239,18479297.6
2026-02-26 10:00:00,0.1238,0.1241,0.1212,0.1216,23991335.5
2026-02-26 11:00:00,0.1215,0.1223,0.1209,0.1213,18818555.2
2026-02-26 12:00:00,0.1214,0.123,0.121,0.1227,12816706.9
2026-02-26 13:00:00,0.1228,0.1235,0.1219,0.1221,13751332.2
2026-02-26 14:00:00,0.1222,0.1231,0.1213,0.1227,19359855.0
2026-02-26 15:00:00,0.1228,0.1229,0.12,0.1218,39204276.2
2026-02-26 16:00:00,0.1218,0.122,0.117,0.1174,60064467.9
2026-02-26 17:00:00,0.1174,0.1185,0.1159,0.1163,31589863.5
2026-02-26 18:00:00,0.1162,0.1177,0.1151,0.1175,42881849.2
2026-02-26 19:00:00,0.1175,0.1199,0.1174,0.1194,30118598.9
2026-02-26 20:00:00,0.1194,0.1201,0.1186,0.1189,11844760.3
2026-02-26 21:00:00,0.1188,0.1192,0.1181,0.1188,8652440.0
2026-02-26 22:00:00,0.1188,0.1194,0.1186,0.1192,7112751.0
2026-02-26 23:00:00,0.1192,0.1198,0.119,0.1193,9089936.0
2026-02-27 00:00:00,0.1194,0.1195,0.1182,0.1191,11869249.0
2026-02-27 01:00:00,0.1192,0.1195,0.1185,0.1194,10334812.0
2026-02-27 02:00:00,0.1194,0.1207,0.1192,0.1202,11513555.1
2026-02-27 03:00:00,0.1203,0.1204,0.119,0.1198,11713352.5
2026-02-27 04:00:00,0.1199,0.1231,0.1198,0.1221,20714044.8
2026-02-27 05:00:00,0.1221,0.1228,0.1215,0.1219,12891973.1
2026-02-27 06:00:00,0.1219,0.1237,0.1217,0.1233,16140235.8
2026-02-27 07:00:00,0.1234,0.1252,0.1223,0.1244,20789511.6
2026-02-27 08:00:00,0.1245,0.1268,0.1245,0.1266,24776136.2
2026-02-27 09:00:00,0.1266,0.1284,0.1263,0.1269,38186764.5
2026-02-27 10:00:00,0.1269,0.1277,0.1238,0.124,48940892.3
2026-02-27 11:00:00,0.124,0.1245,0.1216,0.1228,28317819.5
2026-02-27 12:00:00,0.1227,0.1234,0.1219,0.1227,14297326.8
2026-02-27 13:00:00,0.1226,0.1234,0.1206,0.1225,28645547.3
2026-02-27 14:00:00,0.1225,0.1231,0.1209,0.1215,26391320.1
2026-02-27 15:00:00,0.1214,0.1227,0.1209,0.1214,19870708.2
2026-02-27 16:00:00,0.1214,0.1217,0.1193,0.12,21212890.1
2026-02-27 17:00:00,0.1199,0.1219,0.1191,0.1218,17408804.5
2026-02-27 18:00:00,0.1218,0.1221,0.1204,0.1205,16041068.8
2026-02-27 19:00:00,0.1205,0.1206,0.1181,0.119,16435971.4
2026-02-27 20:00:00,0.1191,0.1198,0.1188,0.1191,7826624.2
2026-02-27 21:00:00,0.1191,0.1195,0.1176,0.1182,11127049.4
2026-02-27 22:00:00,0.1181,0.1185,0.1156,0.1183,22762586.3
2026-02-27 23:00:00,0.1183,0.1198,0.1181,0.1195,8940427.7
2026-02-28 00:00:00,0.1196,0.1202,0.1189,0.1201,12580107.3
2026-02-28 01:00:00,0.1202,0.1203,0.1192,0.1195,8077818.9
2026-02-28 02:00:00,0.1196,0.1206,0.1193,0.1199,8573454.4
2026-02-28 03:00:00,0.12,0.1203,0.1179,0.1182,10713922.9
2026-02-28 04:00:00,0.1183,0.1186,0.1174,0.1183,7725670.8
2026-02-28 05:00:00,0.1183,0.1187,0.1173,0.1176,11587365.9
2026-02-28 06:00:00,0.1176,0.1177,0.1103,0.1106,101550116.7
2026-02-28 07:00:00,0.1105,0.114,0.1098,0.1122,44454400.4
2026-02-28 08:00:00,0.1122,0.1122,0.1104,0.1106,19486882.3
2026-02-28 09:00:00,0.1106,0.1116,0.1096,0.1098,26724435.1
2026-02-28 10:00:00,0.1099,0.1109,0.109,0.1103,21765357.3
2026-02-28 11:00:00,0.1104,0.1111,0.1098,0.1099,14526116.1
2026-02-28 12:00:00,0.1099,0.1111,0.1099,0.1106,16813207.8
2026-02-28 13:00:00,0.1106,0.1137,0.1096,0.1135,32336029.0
2026-02-28 14:00:00,0.1136,0.1149,0.1126,0.1132,36530354.0
2026-02-28 15:00:00,0.1132,0.1141,0.1118,0.1135,14958448.5
2026-02-28 16:00:00,0.1136,0.1136,0.1121,0.1131,12854518.9
2026-02-28 17:00:00,0.1132,0.114,0.1121,0.1137,12999287.8
2026-02-28 18:00:00,0.1137,0.1174,0.1134,0.1164,21948609.3
2026-02-28 19:00:00,0.1165,0.1199,0.1153,0.1183,27629181.5
2026-02-28 20:00:00,0.1184,0.1211,0.118,0.1207,25373633.6
2026-02-28 21:00:00,0.1208,0.1211,0.1189,0.12,15628614.5
2026-02-28 22:00:00,0.1201,0.1226,0.12,0.1214,19264941.4
2026-02-28 23:00:00,0.1214,0.1226,0.121,0.1226,14648651.8
2026-03-01 00:00:00,0.1225,0.123,0.1206,0.1209,14846943.1
2026-03-01 01:00:00,0.1209,0.1256,0.1198,0.1241,32202899.4
2026-03-01 02:00:00,0.1242,0.1268,0.1241,0.125,34685774.9
2026-03-01 03:00:00,0.125,0.1255,0.1235,0.124,17032335.3
2026-03-01 04:00:00,0.1239,0.1247,0.1227,0.1236,14735929.8
2026-03-01 05:00:00,0.1237,0.1253,0.1236,0.125,11784258.8
2026-03-01 06:00:00,0.125,0.1251,0.1233,0.1238,13295718.6
2026-03-01 07:00:00,0.1237,0.1254,0.123,0.1254,11567859.1
2026-03-01 08:00:00,0.1254,0.1262,0.1226,0.1229,24810555.2
2026-03-01 09:00:00,0.1229,0.124,0.1222,0.1226,16764284.6
2026-03-01 10:00:00,0.1225,0.124,0.122,0.1233,14174563.0
2026-03-01 11:00:00,0.1232,0.1235,0.1226,0.123,7285424.1
2026-03-01 12:00:00,0.123,0.1237,0.1216,0.1217,13819111.8
2026-03-01 13:00:00,0.1217,0.1247,0.1207,0.1241,28973846.5
2026-03-01 14:00:00,0.1241,0.1251,0.1222,0.1227,23462009.8
2026-03-01 15:00:00,0.1227,0.1239,0.1226,0.1229,23145338.2
2026-03-01 16:00:00,0.1228,0.1242,0.1207,0.1217,27095285.5
2026-03-01 17:00:00,0.1217,0.1218,0.1198,0.121,22533354.0
2026-03-01 18:00:00,0.1209,0.1234,0.1209,0.1221,15262975.1
2026-03-01 19:00:00,0.1221,0.1222,0.1205,0.1208,10916397.4
2026-03-01 20:00:00,0.1207,0.1211,0.1183,0.1188,25668766.6
2026-03-01 21:00:00,0.1187,0.1208,0.1187,0.1201,12722865.3
2026-03-01 22:00:00,0.1201,0.1231,0.1199,0.121,21984220.0
2026-03-01 23:00:00,0.121,0.1231,0.1208,0.1216,11842725.8
2026-03-02 00:00:00,0.1216,0.1236,0.1215,0.1232,14963128.7
2026-03-02 01:00:00,0.1233,0.1253,0.1228,0.1236,19159531.2
2026-03-02 02:00:00,0.1236,0.1241,0.122,0.1224,15038763.0
2026-03-02 03:00:00,0.1223,0.1243,0.1215,0.1238,18330481.8
2026-03-02 04:00:00,0.1238,0.1244,0.1231,0.1234,9127673.3
2026-03-02 05:00:00,0.1234,0.1234,0.1221,0.1222,12470643.2
2026-03-02 06:00:00,0.1222,0.1223,0.1203,0.1212,13434274.8
2026-03-02 07:00:00,0.1212,0.1212,0.1196,0.1205,12757175.3
2026-03-02 08:00:00,0.1205,0.121,0.1193,0.1207,17820047.6
2026-03-02 09:00:00,0.1207,0.123,0.1205,0.122,15060727.3
2026-03-02 10:00:00,0.1219,0.1223,0.1213,0.1221,9682758.5
2026-03-02 11:00:00,0.1221,0.1232,0.122,0.1227,14900617.7
2026-03-02 12:00:00,0.1227,0.123,0.1217,0.1222,11293668.8
2026-03-02 13:00:00,0.1222,0.1234,0.1216,0.122,13065224.3
2026-03-02 14:00:00,0.1221,0.1273,0.1217,0.1273,36372163.7
2026-03-02 15:00:00,0.1272,0.13,0.1264,0.1287,42467570.2
2026-03-02 16:00:00,0.1287,0.13,0.1269,0.1285,29699144.2
2026-03-02 17:00:00,0.1285,0.1285,0.1256,0.1272,24611300.4
2026-03-02 18:00:00,0.1273,0.1275,0.1262,0.1267,15855855.7
2026-03-02 19:00:00,0.1268,0.1273,0.1249,0.1269,17838555.5
2026-03-02 20:00:00,0.1269,0.1277,0.1254,0.1262,14640168.2
2026-03-02 21:00:00,0.1262,0.1266,0.1253,0.1262,8247726.4
2026-03-02 22:00:00,0.1262,0.1275,0.1262,0.1266,6588015.6
2026-03-02 23:00:00,0.1267,0.1268,0.1239,0.1246,13139914.8
2026-03-03 00:00:00,0.1245,0.1251,0.1236,0.125,14807836.4
2026-03-03 01:00:00,0.1249,0.1263,0.1245,0.1254,13564869.6
2026-03-03 02:00:00,0.1255,0.1259,0.1243,0.1253,11302730.5
2026-03-03 03:00:00,0.1254,0.1271,0.1248,0.1268,11404342.3
2026-03-03 04:00:00,0.1269,0.1272,0.1257,0.1263,9856851.3
2026-03-03 05:00:00,0.1263,0.1283,0.1253,0.1257,18485898.0
2026-03-03 06:00:00,0.1258,0.1261,0.1249,0.1253,10184593.7
2026-03-03 07:00:00,0.1253,0.1259,0.1248,0.1253,8789029.8
2026-03-03 08:00:00,0.1253,0.1259,0.1232,0.1235,19274388.2
2026-03-03 09:00:00,0.1236,0.125,0.1223,0.1224,20155351.2
2026-03-03 10:00:00,0.1224,0.1226,0.1216,0.1222,15973473.6
2026-03-03 11:00:00,0.1222,0.1227,0.1216,0.1224,10116308.1
2026-03-03 12:00:00,0.1224,0.1251,0.1223,0.1239,19030699.2
2026-03-03 13:00:00,0.1239,0.1241,0.1226,0.123,11029956.6
2026-03-03 14:00:00,0.123,0.1249,0.1221,0.1234,21919809.5
2026-03-03 15:00:00,0.1233,0.1249,0.1218,0.1247,20748656.5
2026-03-03 16:00:00,0.1246,0.1278,0.1235,0.1258,32477824.2
2026-03-03 17:00:00,0.1259,0.1271,0.1242,0.1269,14007320.5
2026-03-03 18:00:00,0.1269,0.1287,0.1263,0.1272,19875652.2
2026-03-03 19:00:00,0.1272,0.1274,0.1259,0.1268,12403060.3
2026-03-03 20:00:00,0.1267,0.1269,0.1254,0.1259,10070769.8
2026-03-03 21:00:00,0.1258,0.126,0.1246,0.1256,9362222.6
2026-03-03 22:00:00,0.1255,0.127,0.1253,0.1264,6902128.8
2026-03-03 23:00:00,0.1264,0.1272,0.1257,0.1265,8109017.6
2026-03-04 00:00:00,0.1264,0.1272,0.1252,0.1263,11467512.0
2026-03-04 01:00:00,0.1263,0.1284,0.1262,0.1271,13009939.9
2026-03-04 02:00:00,0.1272,0.1279,0.1265,0.1276,8587856.7
2026-03-04 03:00:00,0.1276,0.1282,0.1255,0.1268,14687308.3
2026-03-04 04:00:00,0.1267,0.1273,0.1256,0.127,10404976.9
2026-03-04 05:00:00,0.1269,0.1285,0.1265,0.1275,15214049.5
2026-03-04 06:00:00,0.1275,0.1279,0.1258,0.1274,20608927.0
2026-03-04 07:00:00,0.1274,0.1279,0.1262,0.1275,13706991.3
2026-03-04 08:00:00,0.1275,0.1305,0.1267,0.1301,26956414.7
2026-03-04 09:00:00,0.13,0.1314,0.1287,0.1304,36521345.7
2026-03-04 10:00:00,0.1305,0.1311,0.1287,0.1297,16107198.6
2026-03-04 11:00:00,0.1297,0.1302,0.1278,0.1287,12146165.9
2026-03-04 12:00:00,0.1287,0.129,0.1274,0.1286,12799464.4
2026-03-04 13:00:00,0.1286,0.1297,0.1283,0.1285,12200212.1
2026-03-04 14:00:00,0.1286,0.1308,0.1278,0.1285,24084170.1
2026-03-04 15:00:00,0.1284,0.1321,0.1283,0.132,25181795.3
2026-03-04 16:00:00,0.132,0.1323,0.1294,0.1296,19232941.7
2026-03-04 17:00:00,0.1297,0.13,0.1282,0.1296,14991151.4
2026-03-04 18:00:00,0.1296,0.1302,0.1288,0.1299,10077511.5
2026-03-04 19:00:00,0.1299,0.131,0.1294,0.1306,13613550.1
2026-03-04 20:00:00,0.1305,0.1307,0.1294,0.1294,11122036.4
2026-03-04 21:00:00,0.1294,0.1301,0.1289,0.1297,7390950.8
2026-03-04 22:00:00,0.1298,0.1302,0.1285,0.1288,12273539.8
2026-03-04 23:00:00,0.1288,0.1289,0.1268,0.1285,14417668.9
2026-03-05 00:00:00,0.1285,0.1287,0.1277,0.1282,8369865.0
2026-03-05 01:00:00,0.1282,0.1291,0.1269,0.1273,9537265.3
2026-03-05 02:00:00,0.1273,0.1285,0.1272,0.1283,6935286.3
2026-03-05 03:00:00,0.1282,0.1287,0.1274,0.128,7908690.3
2026-03-05 04:00:00,0.128,0.129,0.1276,0.1286,8343066.5
2026-03-05 05:00:00,0.1286,0.129,0.127,0.1276,7596819.4
2026-03-05 06:00:00,0.1275,0.1285,0.1266,0.1282,9932785.9
2026-03-05 07:00:00,0.1282,0.1286,0.1268,0.1276,5698701.8
2026-03-05 08:00:00,0.1275,0.1285,0.1268,0.1282,8590661.4
2026-03-05 09:00:00,0.1283,0.1297,0.1281,0.129,10773015.3
2026-03-05 10:00:00,0.129,0.1303,0.1287,0.1298,18230150.9
2026-03-05 11:00:00,0.1299,0.13,0.1271,0.1273,17016150.9
2026-03-05 12:00:00,0.1273,0.1285,0.1269,0.1282,9231323.0
2026-03-05 13:00:00,0.1282,0.1283,0.1262,0.128,15984553.7
2026-03-05 14:00:00,0.1279,0.13,0.1276,0.1295,22057774.6
2026-03-05 15:00:00,0.1295,0.1298,0.1266,0.1271,17850740.3
2026-03-05 16:00:00,0.1271,0.1271,0.1237,0.1252,28347918.6
2026-03-05 17:00:00,0.1252,0.1257,0.1232,0.1233,15438809.5
2026-03-05 18:00:00,0.1233,0.1252,0.1232,0.1249,10016657.7
2026-03-05 19:00:00,0.1248,0.1267,0.1248,0.1254,10567233.2
2026-03-05 20:00:00,0.1254,0.1274,0.1249,0.1266,10131533.5
2026-03-05 21:00:00,0.1265,0.1271,0.1253,0.1258,6252857.7
2026-03-05 22:00:00,0.1257,0.1259,0.1249,0.1252,3602598.6
2026-03-05 23:00:00,0.1253,0.1259,0.1249,0.1251,3408745.2
2026-03-06 00:00:00,0.1252,0.1258,0.1251,0.1254,5635510.5
2026-03-06 01:00:00,0.1254,0.127,0.1249,0.1267,9186675.9
2026-03-06 02:00:00,0.1267,0.1273,0.1264,0.127,7654185.0
2026-03-06 03:00:00,0.127,0.1278,0.1267,0.1277,6197509.8
2026-03-06 04:00:00,0.1276,0.1279,0.1256,0.1262,7106920.4
2026-03-06 05:00:00,0.1262,0.1268,0.1252,0.1261,7960035.9
2026-03-06 06:00:00,0.1261,0.127,0.126,0.1264,9016086.7
2026-03-06 07:00:00,0.1264,0.1275,0.1262,0.1272,7655856.9
2026-03-06 08:00:00,0.1272,0.1274,0.1265,0.1269,9918069.1
2026-03-06 09:00:00,0.1269,0.1271,0.1248,0.1258,12541380.1
2026-03-06 10:00:00,0.1258,0.127,0.1257,0.1264,7776606.6
2026-03-06 11:00:00,0.1263,0.1264,0.1244,0.1248,12970694.3
2026-03-06 12:00:00,0.1247,0.1251,0.1235,0.1244,16848183.2
2026-03-06 13:00:00,0.1244,0.1252,0.1223,0.1226,33798516.5
2026-03-06 14:00:00,0.1225,0.1232,0.1195,0.1203,42216395.6
2026-03-06 15:00:00,0.1202,0.1213,0.1191,0.1197,20446818.3
2026-03-06 16:00:00,0.1196,0.1197,0.1183,0.1186,19384481.9
2026-03-06 17:00:00,0.1187,0.1193,0.1167,0.1175,25292441.1
2026-03-06 18:00:00,0.1175,0.1195,0.1175,0.1192,13519326.8
2026-03-06 19:00:00,0.1192,0.1201,0.1192,0.1196,8881466.9
2026-03-06 20:00:00,0.1197,0.1205,0.1192,0.1203,8503514.2
2026-03-06 21:00:00,0.1204,0.1208,0.1197,0.1207,5054182.7
2026-03-06 22:00:00,0.1207,0.121,0.1205,0.1208,5800958.2
2026-03-06 23:00:00,0.1208,0.121,0.1202,0.1204,5352843.8
2026-03-07 00:00:00,0.1204,0.1211,0.1203,0.1206,6520297.4
2026-03-07 01:00:00,0.1206,0.1206,0.1196,0.1199,5996576.3
2026-03-07 02:00:00,0.1199,0.1202,0.1193,0.1199,6118936.6
2026-03-07 03:00:00,0.1199,0.1206,0.1195,0.12,9424112.9
2026-03-07 04:00:00,0.1199,0.1209,0.1193,0.1203,9418052.2
2026-03-07 05:00:00,0.1203,0.1206,0.12,0.1202,4404153.3
2026-03-07 06:00:00,0.1201,0.1202,0.1187,0.1191,6300609.6
2026-03-07 07:00:00,0.1191,0.1194,0.1185,0.1194,4359376.8
2026-03-07 08:00:00,0.1193,0.1201,0.1191,0.1192,5849548.4
2026-03-07 09:00:00,0.1192,0.12,0.1189,0.1199,4743556.8
2026-03-07 10:00:00,0.1198,0.1199,0.1196,0.1198,3721673.3
2026-03-07 11:00:00,0.1197,0.1204,0.1194,0.1196,6520884.6
2026-03-07 12:00:00,0.1196,0.1198,0.1186,0.1188,5745762.7
2026-03-07 13:00:00,0.1187,0.1194,0.1186,0.1189,7120954.7
2026-03-07 14:00:00,0.1188,0.1188,0.1175,0.1181,14237388.9
2026-03-07 15:00:00,0.118,0.1182,0.1165,0.1171,11658059.4
2026-03-07 16:00:00,0.1171,0.1176,0.117,0.1174,7932552.1
2026-03-07 17:00:00,0.1175,0.1186,0.1174,0.1181,7048586.9
2026-03-07 18:00:00,0.1181,0.1182,0.1167,0.1172,12324118.1
2026-03-07 19:00:00,0.1171,0.1171,0.1157,0.1163,16206899.0
2026-03-07 20:00:00,0.1163,0.1169,0.1162,0.1167,5940026.5
2026-03-07 21:00:00,0.1166,0.117,0.1161,0.1165,4411040.2
2026-03-07 22:00:00,0.1166,0.1166,0.1148,0.1158,13844125.4
2026-03-07 23:00:00,0.1158,0.1164,0.1157,0.1164,4642187.6
2026-03-08 00:00:00,0.1163,0.1164,0.1155,0.1156,8416087.8
2026-03-08 01:00:00,0.1156,0.1159,0.1151,0.1157,7036426.2
2026-03-08 02:00:00,0.1156,0.1156,0.114,0.1144,14391220.9
2026-03-08 03:00:00,0.1143,0.1149,0.1139,0.1145,7601871.3
2026-03-08 04:00:00,0.1144,0.1147,0.1131,0.1137,9367829.1
2026-03-08 05:00:00,0.1136,0.1149,0.1136,0.1143,7162751.7
2026-03-08 06:00:00,0.1143,0.1143,0.1135,0.114,7119421.9
2026-03-08 07:00:00,0.114,0.1152,0.1139,0.1146,7872109.2
2026-03-08 08:00:00,0.1147,0.1149,0.1138,0.1146,6872309.4
2026-03-08 09:00:00,0.1146,0.1152,0.1144,0.115,8860824.8
2026-03-08 10:00:00,0.115,0.1164,0.1149,0.116,12432205.6
2026-03-08 11:00:00,0.116,0.1162,0.1147,0.1156,9370615.3
2026-03-08 12:00:00,0.1157,0.1169,0.1141,0.1161,16390375.4
2026-03-08 13:00:00,0.1161,0.1163,0.1143,0.1153,19850175.7
2026-03-08 14:00:00,0.1153,0.1159,0.1146,0.1152,6908278.7
2026-03-08 15:00:00,0.1152,0.1153,0.1139,0.1146,7104601.2
2026-03-08 16:00:00,0.1146,0.1148,0.1138,0.1142,6124256.3
2026-03-08 17:00:00,0.1142,0.1154,0.1141,0.1151,6461487.5
2026-03-08 18:00:00,0.115,0.1155,0.1146,0.1153,6791353.1
2026-03-08 19:00:00,0.1154,0.1176,0.1152,0.1171,12336227.0
2026-03-08 20:00:00,0.117,0.1174,0.1162,0.1165,9592950.2
2026-03-08 21:00:00,0.1165,0.1167,0.1153,0.1164,7212527.1
2026-03-08 22:00:00,0.1164,0.1165,0.1134,0.1159,28423331.5
2026-03-08 23:00:00,0.116,0.1166,0.1148,0.1152,9444532.4
2026-03-09 00:00:00,0.1152,0.1171,0.1148,0.1157,19233323.5
2026-03-09 01:00:00,0.1156,0.1166,0.1148,0.1156,11178446.4
2026-03-09 02:00:00,0.1155,0.117,0.1151,0.1163,9628732.5
2026-03-09 03:00:00,0.1164,0.1183,0.1159,0.1164,21518086.6
2026-03-09 04:00:00,0.1165,0.1175,0.1163,0.1171,6270465.5
2026-03-09 05:00:00,0.117,0.1201,0.1168,0.1195,19209776.1
2026-03-09 06:00:00,0.1195,0.1196,0.1179,0.118,6391083.9
2026-03-09 07:00:00,0.118,0.119,0.1167,0.1185,11987142.8
2026-03-09 08:00:00,0.1186,0.1188,0.1179,0.118,9775276.6
2026-03-09 09:00:00,0.1179,0.1193,0.1175,0.1183,13248878.1
2026-03-09 10:00:00,0.1183,0.1185,0.1173,0.1175,6217699.9
2026-03-09 11:00:00,0.1175,0.118,0.1166,0.1176,11655749.1
2026-03-09 12:00:00,0.1176,0.119,0.1176,0.1183,10992477.1
2026-03-09 13:00:00,0.1184,0.1207,0.1182,0.1197,17855752.2
2026-03-09 14:00:00,0.1196,0.1208,0.1187,0.1198,23570833.6
2026-03-09 15:00:00,0.1198,0.1199,0.1179,0.119,10751573.3
2026-03-09 16:00:00,0.1191,0.1202,0.1185,0.1188,12160132.2
2026-03-09 17:00:00,0.1188,0.1199,0.1187,0.1194,7501127.5
2026-03-09 18:00:00,0.1195,0.1203,0.1189,0.1193,9795255.2
2026-03-09 19:00:00,0.1192,0.1227,0.1188,0.1204,18336512.6
2026-03-09 20:00:00,0.1204,0.1208,0.1191,0.1197,7257597.2
2026-03-09 21:00:00,0.1197,0.1207,0.1194,0.1199,4119861.2
2026-03-09 22:00:00,0.12,0.12,0.118,0.1183,8154418.8
2026-03-09 23:00:00,0.1184,0.1187,0.118,0.1183,5771094.3
2026-03-10 00:00:00,0.1183,0.1201,0.1181,0.1193,10484251.3
2026-03-10 01:00:00,0.1193,0.1198,0.1185,0.1193,7530258.1
2026-03-10 02:00:00,0.1192,0.122,0.119,0.1211,14130659.1
2026-03-10 03:00:00,0.1212,0.1213,0.1192,0.1194,9914873.4
2026-03-10 04:00:00,0.1195,0.1212,0.1195,0.1207,7487383.4
2026-03-10 05:00:00,0.1208,0.121,0.1193,0.1196,7754921.6
2026-03-10 06:00:00,0.1197,0.1202,0.1192,0.12,8288148.0
2026-03-10 07:00:00,0.12,0.1215,0.1197,0.121,7651091.0
2026-03-10 08:00:00,0.121,0.1223,0.1205,0.1211,33198880.7
2026-03-10 09:00:00,0.1212,0.1224,0.1211,0.122,11021917.1
2026-03-10 10:00:00,0.122,0.1222,0.1207,0.1211,11313624.9
2026-03-10 11:00:00,0.121,0.1214,0.1206,0.1212,6130907.1
2026-03-10 12:00:00,0.1212,0.1216,0.1208,0.1213,8020278.8
2026-03-10 13:00:00,0.1214,0.1221,0.1202,0.121,15405109.6
2026-03-10 14:00:00,0.121,0.1232,0.1195,0.1231,26906358.4
2026-03-10 15:00:00,0.1231,0.1235,0.1215,0.1223,14574587.1
2026-03-10 16:00:00,0.1224,0.1227,0.1214,0.1221,11077904.3
2026-03-10 17:00:00,0.1222,0.1224,0.1203,0.1212,13083698.3
2026-03-10 18:00:00,0.1212,0.1214,0.1188,0.1193,26410639.2
2026-03-10 19:00:00,0.1193,0.1196,0.1182,0.1187,9469449.3
2026-03-10 20:00:00,0.1186,0.1196,0.1186,0.1194,6619575.0
2026-03-10 21:00:00,0.1194,0.1197,0.118,0.1183,8650083.1
2026-03-10 22:00:00,0.1182,0.1187,0.1174,0.1185,9266432.3
2026-03-10 23:00:00,0.1184,0.119,0.1184,0.1186,4695709.9
2026-03-11 00:00:00,0.1186,0.119,0.1182,0.1188,7100767.4
2026-03-11 01:00:00,0.1187,0.1191,0.1185,0.1189,5261378.8
2026-03-11 02:00:00,0.1189,0.119,0.1179,0.1187,5867318.3
2026-03-11 03:00:00,0.1187,0.1191,0.1185,0.1185,4404065.7
2026-03-11 04:00:00,0.1185,0.1192,0.1181,0.1188,8157721.0
2026-03-11 05:00:00,0.1189,0.119,0.1168,0.1174,15262271.6
2026-03-11 06:00:00,0.1174,0.1191,0.1174,0.1186,15358910.3
2026-03-11 07:00:00,0.1186,0.1193,0.1182,0.1185,7463815.2
2026-03-11 08:00:00,0.1185,0.1192,0.1183,0.1187,9120994.1
2026-03-11 09:00:00,0.1187,0.1197,0.1185,0.1188,11360995.5
2026-03-11 10:00:00,0.1188,0.1203,0.1185,0.1198,9722192.0
2026-03-11 11:00:00,0.1197,0.1202,0.1191,0.1193,9960744.0
2026-03-11 12:00:00,0.1192,0.1218,0.119,0.1204,22455798.7
2026-03-11 13:00:00,0.1203,0.1226,0.1199,0.121,22698859.0
2026-03-11 14:00:00,0.1211,0.1223,0.1207,0.121,15060798.5
2026-03-11 15:00:00,0.121,0.1211,0.119,0.1202,14350656.6
2026-03-11 16:00:00,0.1203,0.1208,0.12,0.1207,7471259.3
2026-03-11 17:00:00,0.1207,0.1216,0.1194,0.1203,19942884.4
2026-03-11 18:00:00,0.1204,0.1207,0.12,0.1205,8355132.1
2026-03-11 19:00:00,0.1206,0.121,0.1201,0.1206,6157616.9
2026-03-11 20:00:00,0.1205,0.1208,0.12,0.1204,5779700.9
2026-03-11 21:00:00,0.1205,0.1212,0.1204,0.121,4325532.3
2026-03-11 22:00:00,0.121,0.1213,0.1202,0.1208,6200548.8
2026-03-11 23:00:00,0.1208,0.121,0.1198,0.1203,4889297.0
2026-03-12 00:00:00,0.1204,0.1207,0.12,0.1204,5396443.0
2026-03-12 01:00:00,0.1205,0.1205,0.1195,0.1198,4897118.5
2026-03-12 02:00:00,0.1198,0.1202,0.1189,0.1192,7513746.0
2026-03-12 03:00:00,0.1192,0.1196,0.1186,0.1189,7520872.3
2026-03-12 04:00:00,0.1188,0.1196,0.1187,0.1189,6541114.1
2026-03-12 05:00:00,0.1188,0.1191,0.1178,0.1186,10927946.1
2026-03-12 06:00:00,0.1185,0.1189,0.1182,0.1188,4526788.7
2026-03-12 07:00:00,0.1189,0.1191,0.1184,0.1188,6365432.6
2026-03-12 08:00:00,0.1189,0.119,0.1182,0.1185,9188189.7
2026-03-12 09:00:00,0.1184,0.1198,0.118,0.119,9729997.7
2026-03-12 10:00:00,0.119,0.1203,0.1189,0.1195,11767191.1
2026-03-12 11:00:00,0.1195,0.1196,0.1178,0.1182,14510205.8
2026-03-12 12:00:00,0.1182,0.1185,0.1176,0.1181,10238164.8
2026-03-12 13:00:00,0.1181,0.1188,0.1169,0.1176,17641354.4
2026-03-12 14:00:00,0.1176,0.1183,0.1157,0.1169,26546491.7
2026-03-12 15:00:00,0.1169,0.1181,0.1166,0.1174,12645608.7
2026-03-12 16:00:00,0.1174,0.1186,0.117,0.1179,10241248.7
2026-03-12 17:00:00,0.1179,0.118,0.1166,0.117,9976159.2
2026-03-12 18:00:00,0.117,0.1175,0.1164,0.1173,7642931.5
2026-03-12 19:00:00,0.1173,0.1191,0.1172,0.119,11583764.4
2026-03-12 20:00:00,0.1189,0.1192,0.1175,0.1177,9358555.3
2026-03-12 21:00:00,0.1176,0.1197,0.1176,0.1194,6799076.4
2026-03-12 22:00:00,0.1194,0.1201,0.1192,0.1197,8627782.2
2026-03-12 23:00:00,0.1197,0.1209,0.1193,0.1199,13918550.7
2026-03-13 00:00:00,0.1199,0.1228,0.1197,0.1214,24957196.8
2026-03-13 01:00:00,0.1215,0.1227,0.1211,0.1226,15187361.6
2026-03-13 02:00:00,0.1226,0.1232,0.1221,0.1229,14862214.0
2026-03-13 03:00:00,0.1229,0.1243,0.1225,0.1241,13531774.7
2026-03-13 04:00:00,0.1241,0.1246,0.1232,0.124,13824826.0
2026-03-13 05:00:00,0.124,0.1252,0.1234,0.1242,11090384.0
2026-03-13 06:00:00,0.1242,0.1246,0.1231,0.1239,10425910.5
2026-03-13 07:00:00,0.1239,0.1242,0.1234,0.1236,8604410.7
2026-03-13 08:00:00,0.1236,0.1249,0.1231,0.1243,11578797.3
2026-03-13 09:00:00,0.1243,0.1252,0.1242,0.1247,9505496.7
2026-03-13 10:00:00,0.1248,0.1258,0.1245,0.1256,10555927.1
2026-03-13 11:00:00,0.1257,0.126,0.1245,0.1252,8319402.5
2026-03-13 12:00:00,0.1252,0.1261,0.1249,0.1256,10596455.0
2026-03-13 13:00:00,0.1255,0.1276,0.125,0.1265,26263823.5
2026-03-13 14:00:00,0.1266,0.1272,0.1252,0.1258,18207355.9
2026-03-13 15:00:00,0.1258,0.1273,0.1253,0.1259,23704162.9
2026-03-13 16:00:00,0.1259,0.1265,0.1241,0.1262,15871976.2
2026-03-13 17:00:00,0.1262,0.1264,0.1232,0.1241,13532276.1
2026-03-13 18:00:00,0.1241,0.1249,0.1232,0.1241,10936746.9
2026-03-13 19:00:00,0.124,0.1246,0.1238,0.1242,4837349.0
2026-03-13 20:00:00,0.1241,0.1245,0.1237,0.1244,3985082.5
2026-03-13 21:00:00,0.1244,0.1252,0.1237,0.1241,4948226.4
2026-03-13 22:00:00,0.124,0.1241,0.1222,0.1231,15880033.0
2026-03-13 23:00:00,0.1231,0.124,0.1229,0.1237,7997411.1
2026-03-14 00:00:00,0.1236,0.1236,0.1224,0.1226,10909497.1
2026-03-14 01:00:00,0.1225,0.1238,0.1221,0.1237,11278105.0
2026-03-14 02:00:00,0.1238,0.1238,0.1233,0.1233,2007058.0
