timestamp,open,high,low,close,volume
2025-12-15 20:45:00,0.2861,0.2862,0.2849,0.285,1118004.4
2025-12-15 21:00:00,0.2851,0.2854,0.2844,0.2851,859515.1
2025-12-15 21:15:00,0.2851,0.2881,0.2851,0.2876,1316377.3
2025-12-15 21:30:00,0.2878,0.2895,0.2877,0.2879,2144400.6
2025-12-15 21:45:00,0.2879,0.2889,0.2879,0.2888,804810.3
2025-12-15 22:00:00,0.2888,0.2892,0.288,0.2883,1531112.5
2025-12-15 22:15:00,0.2884,0.2893,0.2877,0.2893,782811.0
2025-12-15 22:30:00,0.2894,0.29,0.2887,0.2888,771244.5
2025-12-15 22:45:00,0.2888,0.2909,0.2888,0.2907,586512.3
2025-12-15 23:00:00,0.2908,0.2932,0.2908,0.2931,1725935.1
2025-12-15 23:15:00,0.2932,0.2932,0.2913,0.2918,1011983.4
2025-12-15 23:30:00,0.2919,0.2928,0.2912,0.2924,787193.6
2025-12-15 23:45:00,0.2925,0.2931,0.2921,0.2928,1263928.7
2025-12-16 00:00:00,0.2928,0.2933,0.2914,0.2914,1366023.8
2025-12-16 00:15:00,0.2915,0.2926,0.2908,0.292,1076745.3
2025-12-16 00:30:00,0.292,0.292,0.2897,0.2907,1704759.3
2025-12-16 00:45:00,0.2906,0.2906,0.2883,0.2886,1720801.9
2025-12-16 01:00:00,0.2885,0.2902,0.288,0.2891,1451062.0
2025-12-16 01:15:00,0.2891,0.2895,0.2872,0.2874,988720.0
2025-12-16 01:30:00,0.2874,0.2888,0.2866,0.2871,2152652.2
2025-12-16 01:45:00,0.287,0.2881,0.2868,0.2873,966618.1
2025-12-16 02:00:00,0.2873,0.2879,0.2862,0.2875,1077207.7
2025-12-16 02:15:00,0.2875,0.2904,0.287,0.2901,1317135.4
2025-12-16 02:30:00,0.2902,0.2905,0.2889,0.2891,943102.4
2025-12-16 02:45:00,0.2892,0.2897,0.2884,0.2889,813105.6
2025-12-16 03:00:00,0.2889,0.2898,0.2873,0.2877,911434.3
2025-12-16 03:15:00,0.2876,0.2886,0.2875,0.2884,744684.8
2025-12-16 03:30:00,0.2883,0.2895,0.2862,0.2892,1621991.1
2025-12-16 03:45:00,0.2892,0.2898,0.2888,0.2893,721538.6
2025-12-16 04:00:00,0.2894,0.29,0.2879,0.2879,862279.9
2025-12-16 04:15:00,0.2879,0.2882,0.2862,0.2863,964626.6
2025-12-16 04:30:00,0.2864,0.2865,0.2853,0.2856,1215541.0
2025-12-16 04:45:00,0.2857,0.287,0.2828,0.2869,3184541.3
2025-12-16 05:00:00,0.287,0.2871,0.286,0.286,1148683.1
2025-12-16 05:15:00,0.2861,0.2872,0.2861,0.2866,840815.4
2025-12-16 05:30:00,0.2866,0.2877,0.2864,0.2872,577496.6
2025-12-16 05:45:00,0.2872,0.2879,0.2862,0.2866,886416.1
2025-12-16 06:00:00,0.2865,0.2878,0.2863,0.2873,959576.5
2025-12-16 06:15:00,0.2873,0.2881,0.2872,0.2879,779665.4
2025-12-16 06:30:00,0.2879,0.288,0.287,0.287,623612.3
2025-12-16 06:45:00,0.287,0.2889,0.2869,0.2885,818662.4
2025-12-16 07:00:00,0.2885,0.2892,0.2874,0.2875,1164689.2
2025-12-16 07:15:00,0.2875,0.2876,0.2851,0.2853,1525310.5
2025-12-16 07:30:00,0.2853,0.2861,0.2831,0.2833,2068935.1
2025-12-16 07:45:00,0.2833,0.2848,0.2833,0.2842,1028033.5
2025-12-16 08:00:00,0.2842,0.2861,0.284,0.2856,1438822.2
2025-12-16 08:15:00,0.2856,0.2861,0.285,0.2858,1319651.0
2025-12-16 08:30:00,0.2857,0.2865,0.2846,0.2865,1707415.6
2025-12-16 08:45:00,0.2866,0.2871,0.2852,0.286,1047929.5
2025-12-16 09:00:00,0.286,0.286,0.2853,0.2856,601982.2
2025-12-16 09:15:00,0.2856,0.286,0.2851,0.2853,958627.1
2025-12-16 09:30:00,0.2854,0.2864,0.2853,0.2862,584008.9
2025-12-16 09:45:00,0.2862,0.2864,0.2853,0.2861,519516.5
2025-12-16 10:00:00,0.2861,0.2867,0.2854,0.2864,674195.2
2025-12-16 10:15:00,0.2864,0.2884,0.2863,0.2876,1507621.2
2025-12-16 10:30:00,0.2876,0.2933,0.2876,0.2924,2997752.2
2025-12-16 10:45:00,0.2925,0.2938,0.2912,0.2917,2170344.3
2025-12-16 11:00:00,0.2917,0.2924,0.2911,0.2921,2405352.4
2025-12-16 11:15:00,0.2921,0.2958,0.2919,0.2956,3075103.7
2025-12-16 11:30:00,0.2956,0.2963,0.2944,0.2949,1708853.2
2025-12-16 11:45:00,0.2949,0.296,0.2947,0.2957,1202423.4
2025-12-16 12:00:00,0.2958,0.2966,0.2954,0.2959,1587082.6
2025-12-16 12:15:00,0.2959,0.2963,0.2939,0.2944,1090124.3
2025-12-16 12:30:00,0.2944,0.2947,0.293,0.2939,1288425.6
2025-12-16 12:45:00,0.2938,0.2949,0.2932,0.2938,810720.0
2025-12-16 13:00:00,0.2938,0.2939,0.2929,0.2932,1220313.2
2025-12-16 13:15:00,0.2932,0.2949,0.2927,0.2941,2191822.7
2025-12-16 13:30:00,0.2941,0.2977,0.2897,0.2921,8203964.6
2025-12-16 13:45:00,0.2921,0.2936,0.2902,0.2903,1508729.5
2025-12-16 14:00:00,0.2904,0.2931,0.2876,0.2922,5392787.6
2025-12-16 14:15:00,0.2921,0.2939,0.2912,0.2929,1695763.9
2025-12-16 14:30:00,0.2928,0.2955,0.2914,0.2919,3852147.3
2025-12-16 14:45:00,0.2919,0.2961,0.2899,0.2933,4959838.8
2025-12-16 15:00:00,0.2934,0.2941,0.2912,0.2927,2290394.3
2025-12-16 15:15:00,0.2926,0.2928,0.2901,0.2918,1875250.7
2025-12-16 15:30:00,0.2917,0.2935,0.2914,0.2933,1852770.0
2025-12-16 15:45:00,0.2933,0.2977,0.2924,0.2966,4257994.2
2025-12-16 16:00:00,0.2965,0.2971,0.2942,0.2949,1959733.5
2025-12-16 16:15:00,0.2948,0.2971,0.2942,0.2965,1865101.3
2025-12-16 16:30:00,0.2965,0.2965,0.2933,0.294,1854888.6
2025-12-16 16:45:00,0.2939,0.296,0.2937,0.2952,1387994.6
2025-12-16 17:00:00,0.2952,0.298,0.2952,0.297,2539378.0
2025-12-16 17:15:00,0.297,0.2973,0.2937,0.2942,1609327.1
2025-12-16 17:30:00,0.2941,0.2955,0.2929,0.2937,2040402.9
2025-12-16 17:45:00,0.2937,0.2942,0.2929,0.2933,1114013.3
2025-12-16 18:00:00,0.2933,0.2939,0.2922,0.2939,2140409.5
2025-12-16 18:15:00,0.2938,0.294,0.2923,0.2925,1178584.2
2025-12-16 18:30:00,0.2925,0.2956,0.2924,0.2953,2774543.6
2025-12-16 18:45:00,0.2953,0.2969,0.2947,0.2949,1162909.5
2025-12-16 19:00:00,0.2948,0.2948,0.2915,0.2917,1624186.3
2025-12-16 19:15:00,0.2916,0.292,0.291,0.2915,1236224.9
2025-12-16 19:30:00,0.2916,0.2929,0.2913,0.2928,1289602.5
2025-12-16 19:45:00,0.2928,0.2952,0.2925,0.2937,1333619.7
2025-12-16 20:00:00,0.2936,0.2942,0.293,0.2933,1180180.0
2025-12-16 20:15:00,0.2933,0.2938,0.2926,0.2931,1073340.2
2025-12-16 20:30:00,0.293,0.2948,0.2929,0.2944,1319002.4
2025-12-16 20:45:00,0.2943,0.2948,0.2933,0.2938,1152465.8
2025-12-16 21:00:00,0.2939,0.2941,0.2929,0.294,734213.4
2025-12-16 21:15:00,0.294,0.2942,0.2928,0.2937,794467.6
2025-12-16 21:30:00,0.2937,0.295,0.2937,0.2948,648514.4
2025-12-16 21:45:00,0.2947,0.295,0.2938,0.294,547471.6
2025-12-16 22:00:00,0.2939,0.2945,0.2924,0.2928,688953.2
2025-12-16 22:15:00,0.2928,0.2942,0.2928,0.2939,709754.4
2025-12-16 22:30:00,0.2939,0.294,0.2933,0.2937,472587.2
2025-12-16 22:45:00,0.2937,0.2941,0.2929,0.2932,635718.5
2025-12-16 23:00:00,0.2932,0.2933,0.292,0.2924,973101.8
2025-12-16 23:15:00,0.2925,0.293,0.2921,0.2923,676616.3
2025-12-16 23:30:00,0.2924,0.293,0.292,0.2929,682211.3
2025-12-16 23:45:00,0.293,0.2933,0.2923,0.2931,519103.4
2025-12-17 00:00:00,0.2931,0.2931,0.292,0.2922,839758.5
2025-12-17 00:15:00,0.2922,0.2928,0.2918,0.2925,706977.7
2025-12-17 00:30:00,0.2924,0.2924,0.2913,0.292,952282.8
2025-12-17 00:45:00,0.292,0.2923,0.2915,0.2917,250718.4
2025-12-17 01:00:00,0.2918,0.2939,0.2918,0.2932,933874.7
2025-12-17 01:15:00,0.2933,0.2958,0.2932,0.2949,1648596.2
2025-12-17 01:30:00,0.295,0.2954,0.2934,0.2936,727766.4
2025-12-17 01:45:00,0.2936,0.2938,0.2923,0.2932,559729.4
2025-12-17 02:00:00,0.2932,0.2935,0.2915,0.2918,1324467.7
2025-12-17 02:15:00,0.2918,0.2924,0.2906,0.2923,3000406.5
2025-12-17 02:30:00,0.2923,0.293,0.2918,0.2929,804373.7
2025-12-17 02:45:00,0.2929,0.2948,0.2928,0.2942,1144487.1
2025-12-17 03:00:00,0.2942,0.2953,0.2938,0.294,1144479.7
2025-12-17 03:15:00,0.2939,0.2942,0.2932,0.2933,605037.5
2025-12-17 03:30:00,0.2932,0.2933,0.2916,0.292,2309920.7
2025-12-17 03:45:00,0.2919,0.2925,0.2914,0.2921,652471.5
2025-12-17 04:00:00,0.2921,0.2926,0.2918,0.2922,669427.1
2025-12-17 04:15:00,0.2922,0.2923,0.29,0.2907,1829477.2
2025-12-17 04:30:00,0.2906,0.2908,0.2899,0.2905,679145.7
2025-12-17 04:45:00,0.2905,0.2907,0.2901,0.2905,622400.5
2025-12-17 05:00:00,0.2906,0.2919,0.2886,0.2914,2629844.6
2025-12-17 05:15:00,0.2913,0.2916,0.2888,0.2897,1303867.7
2025-12-17 05:30:00,0.2897,0.2901,0.2886,0.2899,1259274.1
2025-12-17 05:45:00,0.29,0.2914,0.2895,0.2903,848344.5
2025-12-17 06:00:00,0.2903,0.2921,0.2901,0.2916,1454430.1
2025-12-17 06:15:00,0.2917,0.292,0.2909,0.291,585428.1
2025-12-17 06:30:00,0.2909,0.2914,0.2902,0.2904,805080.4
2025-12-17 06:45:00,0.2903,0.2906,0.2901,0.2904,298710.7
2025-12-17 07:00:00,0.2904,0.2913,0.2895,0.2898,1097678.7
2025-12-17 07:15:00,0.2897,0.2903,0.2895,0.2898,612002.5
2025-12-17 07:30:00,0.2898,0.2916,0.2896,0.2903,1142917.5
2025-12-17 07:45:00,0.2904,0.2905,0.2896,0.2896,542719.8
2025-12-17 08:00:00,0.2896,0.2896,0.2886,0.2892,1268375.3
2025-12-17 08:15:00,0.2893,0.2895,0.2872,0.2877,1274136.6
2025-12-17 08:30:00,0.2877,0.2887,0.287,0.2884,2141417.2
2025-12-17 08:45:00,0.2885,0.2887,0.2879,0.288,787326.2
2025-12-17 09:00:00,0.288,0.2881,0.2872,0.288,1093689.9
2025-12-17 09:15:00,0.288,0.2884,0.2864,0.2869,1010702.8
2025-12-17 09:30:00,0.2869,0.2881,0.2867,0.2879,755232.7
2025-12-17 09:45:00,0.2879,0.2882,0.2873,0.2873,395650.3
2025-12-17 10:00:00,0.2874,0.2877,0.286,0.2874,1589783.3
2025-12-17 10:15:00,0.2874,0.2876,0.2868,0.287,893469.0
2025-12-17 10:30:00,0.287,0.2879,0.2863,0.2876,1164352.6
2025-12-17 10:45:00,0.2876,0.2882,0.2865,0.2869,1323586.3
2025-12-17 11:00:00,0.2869,0.2888,0.2868,0.2883,1344134.5
2025-12-17 11:15:00,0.2884,0.2888,0.2881,0.2883,581311.5
2025-12-17 11:30:00,0.2883,0.2899,0.2882,0.2893,1537836.3
2025-12-17 11:45:00,0.2893,0.2897,0.2887,0.2894,906636.3
2025-12-17 12:00:00,0.2895,0.2904,0.2892,0.2899,1281671.6
2025-12-17 12:15:00,0.29,0.29,0.2887,0.2889,1190200.6
2025-12-17 12:30:00,0.2889,0.2896,0.2881,0.2881,1016384.7
2025-12-17 12:45:00,0.2882,0.2898,0.2879,0.2891,1103249.4
2025-12-17 13:00:00,0.289,0.2904,0.2883,0.2885,2447320.3
2025-12-17 13:15:00,0.2886,0.2897,0.2881,0.2893,1327913.1
2025-12-17 13:30:00,0.2893,0.2913,0.2889,0.2909,2407960.3
2025-12-17 13:45:00,0.2909,0.2935,0.2906,0.293,4734256.6
2025-12-17 14:00:00,0.293,0.2942,0.2927,0.2932,2591130.3
2025-12-17 14:15:00,0.2933,0.2946,0.2926,0.2929,1884670.7
2025-12-17 14:30:00,0.2928,0.2937,0.2899,0.2908,7027319.5
2025-12-17 14:45:00,0.2909,0.2999,0.287,0.2995,15679152.0
2025-12-17 15:00:00,0.2994,0.306,0.2971,0.3045,18434032.7
2025-12-17 15:15:00,0.3044,0.3062,0.3004,0.3016,7260630.9
2025-12-17 15:30:00,0.3015,0.3017,0.2926,0.2938,9905242.4
2025-12-17 15:45:00,0.2937,0.294,0.2864,0.2875,11947697.2
2025-12-17 16:00:00,0.2874,0.2898,0.2843,0.2843,7086243.2
2025-12-17 16:15:00,0.2843,0.2846,0.2774,0.278,27273173.9
2025-12-17 16:30:00,0.278,0.282,0.2763,0.2785,9426597.4
2025-12-17 16:45:00,0.2784,0.2806,0.278,0.2803,3985074.5
2025-12-17 17:00:00,0.2803,0.2814,0.2763,0.2778,5360717.9
2025-12-17 17:15:00,0.2777,0.2814,0.2769,0.2796,4915782.2
2025-12-17 17:30:00,0.2795,0.2801,0.2759,0.2759,2797874.9
2025-12-17 17:45:00,0.276,0.2773,0.2743,0.2758,5664146.1
2025-12-17 18:00:00,0.276,0.2778,0.2755,0.2772,3760211.5
2025-12-17 18:15:00,0.2772,0.279,0.2761,0.2773,1884908.2
2025-12-17 18:30:00,0.2772,0.278,0.2738,0.2753,4277694.5
2025-12-17 18:45:00,0.2754,0.2758,0.2726,0.2732,5164615.9
2025-12-17 19:00:00,0.2731,0.2735,0.2713,0.2726,5955186.2
2025-12-17 19:15:00,0.2725,0.2746,0.272,0.2728,3929055.5
2025-12-17 19:30:00,0.2727,0.2742,0.2722,0.2733,3563068.7
2025-12-17 19:45:00,0.2732,0.2763,0.2732,0.2759,1838107.3
2025-12-17 20:00:00,0.2759,0.2763,0.2745,0.2747,1657094.2
2025-12-17 20:15:00,0.2746,0.2787,0.2746,0.2783,2878244.8
2025-12-17 20:30:00,0.2784,0.2786,0.2761,0.2773,1669013.8
2025-12-17 20:45:00,0.2773,0.2774,0.2747,0.2753,1708331.5
2025-12-17 21:00:00,0.2754,0.2764,0.2753,0.2759,1109777.8
2025-12-17 21:15:00,0.2759,0.2759,0.2741,0.2743,1830714.5
2025-12-17 21:30:00,0.2744,0.2744,0.2725,0.2729,1876543.9
2025-12-17 21:45:00,0.2729,0.2731,0.2717,0.2723,1079166.7
2025-12-17 22:00:00,0.2723,0.2723,0.2696,0.272,4729786.3
2025-12-17 22:15:00,0.2721,0.2736,0.2711,0.2719,2723161.5
2025-12-17 22:30:00,0.272,0.2727,0.2718,0.2721,1581466.7
2025-12-17 22:45:00,0.2722,0.2739,0.2718,0.2734,932015.4
2025-12-17 23:00:00,0.2734,0.2735,0.2718,0.2718,3155278.5
2025-12-17 23:15:00,0.2719,0.2722,0.2714,0.272,710681.8
2025-12-17 23:30:00,0.272,0.2731,0.2718,0.2729,1030705.8
2025-12-17 23:45:00,0.2729,0.2734,0.2727,0.2733,946279.4
2025-12-18 00:00:00,0.2734,0.2735,0.272,0.2726,1852688.4
2025-12-18 00:15:00,0.2725,0.2735,0.2723,0.2735,1103543.5
2025-12-18 00:30:00,0.2734,0.2737,0.2726,0.273,835832.4
2025-12-18 00:45:00,0.2729,0.2738,0.2729,0.2733,489172.6
2025-12-18 01:00:00,0.2733,0.2734,0.2703,0.2711,2874359.7
2025-12-18 01:15:00,0.2711,0.2714,0.2698,0.2704,1288954.1
2025-12-18 01:30:00,0.2703,0.2716,0.2701,0.2715,903139.3
2025-12-18 01:45:00,0.2715,0.2718,0.2704,0.2714,1019865.1
2025-12-18 02:00:00,0.2714,0.2734,0.2703,0.2729,1422241.2
2025-12-18 02:15:00,0.2728,0.2748,0.2716,0.2725,1798956.4
2025-12-18 02:30:00,0.2725,0.2739,0.2723,0.2737,968978.0
2025-12-18 02:45:00,0.2736,0.2743,0.2725,0.2729,1147291.6
2025-12-18 03:00:00,0.2728,0.2729,0.2719,0.272,1211364.9
2025-12-18 03:15:00,0.2719,0.272,0.2699,0.27,1574130.8
2025-12-18 03:30:00,0.27,0.2705,0.2691,0.2699,2615352.5
2025-12-18 03:45:00,0.2699,0.2704,0.2695,0.2702,945616.6
2025-12-18 04:00:00,0.2702,0.2718,0.27,0.2703,1672860.3
2025-12-18 04:15:00,0.2704,0.2714,0.2698,0.2704,1198394.3
2025-12-18 04:30:00,0.2703,0.2714,0.2702,0.2713,1109509.5
2025-12-18 04:45:00,0.2712,0.2714,0.2704,0.2705,1075312.7
2025-12-18 05:00:00,0.2705,0.2709,0.2684,0.2687,2868129.7
2025-12-18 05:15:00,0.2686,0.2687,0.2667,0.2673,4486407.7
2025-12-18 05:30:00,0.2673,0.2687,0.2666,0.2684,1658024.5
2025-12-18 05:45:00,0.2684,0.2686,0.2671,0.2674,946012.9
2025-12-18 06:00:00,0.2674,0.2686,0.2669,0.2685,2013968.5
2025-12-18 06:15:00,0.2685,0.2686,0.2678,0.2678,1343993.4
2025-12-18 06:30:00,0.2678,0.2692,0.2677,0.2682,1791254.6
2025-12-18 06:45:00,0.2682,0.2695,0.2676,0.269,1548799.2
2025-12-18 07:00:00,0.269,0.2709,0.2687,0.2705,2401035.8
2025-12-18 07:15:00,0.2705,0.2709,0.2699,0.2708,1403402.0
2025-12-18 07:30:00,0.2708,0.2711,0.2693,0.2695,1391399.5
2025-12-18 07:45:00,0.2695,0.2704,0.2692,0.2704,1106243.1
2025-12-18 08:00:00,0.2704,0.2732,0.2702,0.273,3039094.0
2025-12-18 08:15:00,0.273,0.2749,0.272,0.2741,3008470.7
2025-12-18 08:30:00,0.2742,0.2749,0.2737,0.2737,2075257.0
2025-12-18 08:45:00,0.2737,0.2738,0.2722,0.2727,1793268.5
2025-12-18 09:00:00,0.2727,0.2732,0.2721,0.2725,1302519.7
2025-12-18 09:15:00,0.2725,0.2729,0.2721,0.2726,688988.0
2025-12-18 09:30:00,0.2727,0.2739,0.2724,0.2734,1357178.2
2025-12-18 09:45:00,0.2734,0.2736,0.2723,0.2726,1030277.5
2025-12-18 10:00:00,0.2726,0.2748,0.2721,0.2744,1687131.4
2025-12-18 10:15:00,0.2745,0.2751,0.2741,0.2746,1220535.9
2025-12-18 10:30:00,0.2746,0.2752,0.2743,0.2751,1055805.0
2025-12-18 10:45:00,0.2751,0.2752,0.2743,0.2749,723826.6
2025-12-18 11:00:00,0.275,0.2751,0.2731,0.2732,1631607.6
2025-12-18 11:15:00,0.2733,0.2739,0.273,0.2736,740503.0
2025-12-18 11:30:00,0.2736,0.2745,0.2733,0.2735,784582.3
2025-12-18 11:45:00,0.2736,0.2746,0.2734,0.2741,589392.3
2025-12-18 12:00:00,0.2742,0.2749,0.2736,0.2736,1530631.3
2025-12-18 12:15:00,0.2736,0.2745,0.2732,0.2737,1423800.9
2025-12-18 12:30:00,0.2737,0.2758,0.2737,0.2752,1233451.9
2025-12-18 12:45:00,0.2753,0.2756,0.274,0.2754,910600.3
2025-12-18 13:00:00,0.2753,0.2801,0.2752,0.279,4565425.8
2025-12-18 13:15:00,0.2791,0.2794,0.2767,0.2772,2119927.7
2025-12-18 13:30:00,0.2773,0.2833,0.2773,0.2829,10054267.4
2025-12-18 13:45:00,0.2829,0.2849,0.2824,0.2845,6270976.2
2025-12-18 14:00:00,0.2846,0.2872,0.2803,0.2805,6351459.3
2025-12-18 14:15:00,0.2804,0.2847,0.2803,0.284,3434624.1
2025-12-18 14:30:00,0.2841,0.2869,0.2788,0.2796,5715287.2
2025-12-18 14:45:00,0.2796,0.2819,0.2785,0.2811,2750370.5
2025-12-18 15:00:00,0.2811,0.2825,0.2787,0.2792,3784294.2
2025-12-18 15:15:00,0.2792,0.2842,0.2787,0.2842,3399151.2
2025-12-18 15:30:00,0.2841,0.286,0.2821,0.285,4827906.7
2025-12-18 15:45:00,0.285,0.285,0.282,0.2826,2888002.0
2025-12-18 16:00:00,0.2825,0.2829,0.2803,0.2804,2636706.2
2025-12-18 16:15:00,0.2805,0.281,0.2785,0.2795,3525516.3
2025-12-18 16:30:00,0.2794,0.2808,0.2791,0.2806,2212621.0
2025-12-18 16:45:00,0.2806,0.2815,0.2804,0.281,1031684.6
2025-12-18 17:00:00,0.2811,0.2812,0.2701,0.2708,12545528.8
2025-12-18 17:15:00,0.2707,0.2708,0.2617,0.2648,21753643.1
2025-12-18 17:30:00,0.2648,0.2683,0.2629,0.2675,6746511.0
2025-12-18 17:45:00,0.2675,0.2681,0.2653,0.2669,4207991.0
2025-12-18 18:00:00,0.2669,0.2702,0.2659,0.2689,3321611.9
2025-12-18 18:15:00,0.2689,0.269,0.2653,0.2656,2993766.4
2025-12-18 18:30:00,0.2656,0.2668,0.2648,0.2652,2547410.8
2025-12-18 18:45:00,0.2651,0.2653,0.261,0.2621,5324871.1
2025-12-18 19:00:00,0.262,0.2638,0.26,0.262,5303606.9
2025-12-18 19:15:00,0.262,0.2631,0.2606,0.2624,3508881.3
2025-12-18 19:30:00,0.2623,0.2633,0.2574,0.2582,6213599.9
2025-12-18 19:45:00,0.2581,0.2583,0.2549,0.2558,5926574.5
2025-12-18 20:00:00,0.2557,0.2596,0.2554,0.2588,4260908.4
2025-12-18 20:15:00,0.2587,0.2592,0.2571,0.2577,2797677.6
2025-12-18 20:30:00,0.2576,0.258,0.2566,0.2574,2302546.7
2025-12-18 20:45:00,0.2574,0.2581,0.2565,0.2566,2307853.4
2025-12-18 21:00:00,0.2566,0.2608,0.2565,0.2605,5769309.1
2025-12-18 21:15:00,0.2604,0.2625,0.2596,0.2624,3256505.9
2025-12-18 21:30:00,0.2624,0.263,0.2608,0.2614,2598123.8
2025-12-18 21:45:00,0.2613,0.2637,0.2611,0.2636,2027444.3
2025-12-18 22:00:00,0.2637,0.2652,0.2637,0.2639,3227623.9
2025-12-18 22:15:00,0.2639,0.2647,0.2628,0.2642,1832802.7
2025-12-18 22:30:00,0.2641,0.2646,0.2631,0.2631,1317133.5
2025-12-18 22:45:00,0.2631,0.264,0.2628,0.2632,527817.7
2025-12-18 23:00:00,0.2632,0.2632,0.2619,0.2626,1309698.9
2025-12-18 23:15:00,0.2625,0.2625,0.2611,0.2615,1009877.9
2025-12-18 23:30:00,0.2614,0.2622,0.261,0.2612,723829.2
2025-12-18 23:45:00,0.2612,0.2613,0.2597,0.2597,1517102.9
2025-12-19 00:00:00,0.2598,0.2611,0.2597,0.2602,2467981.0
2025-12-19 00:15:00,0.2603,0.2606,0.2593,0.2597,1012759.3
2025-12-19 00:30:00,0.2597,0.2599,0.2576,0.2581,1617442.2
2025-12-19 00:45:00,0.2581,0.2587,0.2572,0.2585,1199346.8
2025-12-19 01:00:00,0.2585,0.2585,0.2565,0.2574,2213906.3
2025-12-19 01:15:00,0.2574,0.2582,0.2563,0.2565,1470198.4
2025-12-19 01:30:00,0.2564,0.2576,0.2562,0.2572,1670512.3
2025-12-19 01:45:00,0.2573,0.2576,0.2559,0.2572,1674002.6
2025-12-19 02:00:00,0.2572,0.2577,0.2563,0.2569,1604852.1
2025-12-19 02:15:00,0.2569,0.2588,0.2569,0.2585,1622605.9
2025-12-19 02:30:00,0.2586,0.2589,0.2575,0.2581,2210701.9
2025-12-19 02:45:00,0.2582,0.2593,0.2581,0.2581,1898882.4
2025-12-19 03:00:00,0.2582,0.2626,0.2578,0.2621,5094635.0
2025-12-19 03:15:00,0.2621,0.2676,0.2595,0.2674,7269221.6
2025-12-19 03:30:00,0.2674,0.2686,0.2634,0.2652,6537898.9
2025-12-19 03:45:00,0.2651,0.2667,0.264,0.2649,3226676.2
2025-12-19 04:00:00,0.2649,0.2671,0.2643,0.2669,4556612.3
2025-12-19 04:15:00,0.2669,0.2671,0.2658,0.2663,1379110.2
2025-12-19 04:30:00,0.2663,0.2664,0.2649,0.2653,1827971.3
2025-12-19 04:45:00,0.2652,0.2658,0.265,0.2654,801800.0
2025-12-19 05:00:00,0.2654,0.2655,0.2635,0.2646,2621201.3
2025-12-19 05:15:00,0.2646,0.2646,0.2634,0.2638,1879033.0
2025-12-19 05:30:00,0.2638,0.2644,0.2633,0.2638,1362189.8
2025-12-19 05:45:00,0.2638,0.2643,0.2635,0.2639,859754.5
2025-12-19 06:00:00,0.264,0.2643,0.2636,0.2641,1101814.8
2025-12-19 06:15:00,0.2642,0.2643,0.2635,0.2641,700552.4
2025-12-19 06:30:00,0.2642,0.2642,0.2631,0.2639,1237100.1
2025-12-19 06:45:00,0.264,0.2656,0.2633,0.2652,2187565.8
2025-12-19 07:00:00,0.2652,0.271,0.2652,0.2689,6185799.1
2025-12-19 07:15:00,0.2689,0.2693,0.2667,0.267,2263110.8
2025-12-19 07:30:00,0.2671,0.2674,0.2661,0.2671,1672986.0
2025-12-19 07:45:00,0.2671,0.2682,0.2665,0.2681,1746977.4
2025-12-19 08:00:00,0.2682,0.2697,0.2679,0.2685,2948137.1
2025-12-19 08:15:00,0.2686,0.2692,0.2678,0.268,1564749.8
2025-12-19 08:30:00,0.268,0.2695,0.2676,0.2692,1424009.8
2025-12-19 08:45:00,0.2693,0.2697,0.2689,0.2691,1400590.1
2025-12-19 09:00:00,0.2691,0.2697,0.2676,0.2677,1464297.7
2025-12-19 09:15:00,0.2678,0.2678,0.2663,0.2666,1139906.8
2025-12-19 09:30:00,0.2666,0.2668,0.2658,0.2663,1497326.5
2025-12-19 09:45:00,0.2664,0.2672,0.2661,0.2671,718469.9
2025-12-19 10:00:00,0.2672,0.2679,0.2667,0.2677,1370124.4
2025-12-19 10:15:00,0.2678,0.2682,0.2666,0.2668,825167.2
2025-12-19 10:30:00,0.2668,0.2671,0.2666,0.267,858284.4
2025-12-19 10:45:00,0.267,0.2674,0.2667,0.2669,1000743.4
2025-12-19 11:00:00,0.2669,0.2674,0.2658,0.2672,1485793.4
2025-12-19 11:15:00,0.2673,0.268,0.2669,0.2677,1282741.8
2025-12-19 11:30:00,0.2678,0.2686,0.2673,0.2684,1096054.7
2025-12-19 11:45:00,0.2684,0.2686,0.2674,0.2676,793043.1
2025-12-19 12:00:00,0.2676,0.2688,0.2668,0.2684,2176793.8
2025-12-19 12:15:00,0.2684,0.269,0.2677,0.2677,1122499.8
2025-12-19 12:30:00,0.2677,0.2683,0.267,0.2679,1414484.5
2025-12-19 12:45:00,0.268,0.2683,0.2673,0.2681,1805009.1
2025-12-19 13:00:00,0.2682,0.2701,0.2681,0.27,1922337.8
2025-12-19 13:15:00,0.2699,0.2702,0.2689,0.2697,1460618.1
2025-12-19 13:30:00,0.2697,0.2702,0.2685,0.2697,1550070.2
2025-12-19 13:45:00,0.2697,0.2703,0.2693,0.2699,1395908.4
2025-12-19 14:00:00,0.27,0.2715,0.2692,0.2709,1562598.4
2025-12-19 14:15:00,0.271,0.2722,0.2692,0.2702,2773162.0
2025-12-19 14:30:00,0.2702,0.2759,0.2695,0.2757,5551626.6
2025-12-19 14:45:00,0.2758,0.2768,0.2723,0.274,6855499.4
2025-12-19 15:00:00,0.2741,0.2762,0.2731,0.276,2376309.1
2025-12-19 15:15:00,0.2761,0.2801,0.2717,0.2738,10110416.2
2025-12-19 15:30:00,0.2737,0.2761,0.2724,0.2749,3494294.2
2025-12-19 15:45:00,0.2749,0.275,0.2729,0.2742,2383122.3
2025-12-19 16:00:00,0.2742,0.2789,0.2738,0.2785,4500740.4
2025-12-19 16:15:00,0.2785,0.279,0.278,0.2787,1939824.3
2025-12-19 16:30:00,0.2787,0.2818,0.2784,0.2793,3590817.8
2025-12-19 16:45:00,0.2793,0.2795,0.2761,0.2765,2117026.2
2025-12-19 17:00:00,0.2765,0.2795,0.2765,0.2787,2572674.3
2025-12-19 17:15:00,0.2786,0.2798,0.2766,0.2766,1981707.5
2025-12-19 17:30:00,0.2766,0.2772,0.2735,0.2743,5310415.9
2025-12-19 17:45:00,0.2743,0.2753,0.2716,0.2719,4330118.7
2025-12-19 18:00:00,0.2719,0.2736,0.2716,0.2736,2609703.4
2025-12-19 18:15:00,0.2736,0.2765,0.2735,0.2755,2893685.6
2025-12-19 18:30:00,0.2755,0.2759,0.2744,0.2753,1039355.9
2025-12-19 18:45:00,0.2752,0.2777,0.2747,0.2769,1101824.0
2025-12-19 19:00:00,0.2769,0.2783,0.2768,0.2779,1729808.0
2025-12-19 19:15:00,0.2778,0.2804,0.2778,0.28,2086222.5
2025-12-19 19:30:00,0.28,0.2839,0.2798,0.283,4996327.4
2025-12-19 19:45:00,0.2829,0.2841,0.282,0.2825,2078217.3
2025-12-19 20:00:00,0.2825,0.2843,0.2812,0.2817,4144515.8
2025-12-19 20:15:00,0.2817,0.2837,0.2814,0.2822,1690840.4
2025-12-19 20:30:00,0.2821,0.2839,0.2814,0.2816,2087020.4
2025-12-19 20:45:00,0.2816,0.2828,0.2805,0.2816,1958262.0
2025-12-19 21:00:00,0.2816,0.2816,0.2799,0.2806,3912592.2
2025-12-19 21:15:00,0.2805,0.2813,0.2801,0.2803,1094220.5
2025-12-19 21:30:00,0.2803,0.281,0.28,0.2804,679790.3
2025-12-19 21:45:00,0.2804,0.2807,0.2796,0.2803,994254.7
2025-12-19 22:00:00,0.2803,0.2814,0.2802,0.2804,1473972.4
2025-12-19 22:15:00,0.2804,0.2815,0.2803,0.2815,943515.4
2025-12-19 22:30:00,0.2814,0.2828,0.2812,0.2824,1166408.4
2025-12-19 22:45:00,0.2824,0.2828,0.2817,0.2817,327288.7
2025-12-19 23:00:00,0.2817,0.2817,0.2799,0.2803,985108.2
2025-12-19 23:15:00,0.2803,0.2811,0.2802,0.281,437112.8
2025-12-19 23:30:00,0.281,0.281,0.2798,0.2801,516661.1
2025-12-19 23:45:00,0.28,0.2803,0.2794,0.2798,581257.7
2025-12-20 00:00:00,0.2798,0.2799,0.2786,0.2797,1375013.7
2025-12-20 00:15:00,0.2798,0.2801,0.2787,0.2796,700819.0
2025-12-20 00:30:00,0.2796,0.2797,0.2787,0.2795,652349.4
2025-12-20 00:45:00,0.2795,0.28,0.2789,0.2792,646663.4
2025-12-20 01:00:00,0.2792,0.28,0.2789,0.2797,673642.1
2025-12-20 01:15:00,0.2797,0.2805,0.2789,0.2791,684324.8
2025-12-20 01:30:00,0.2791,0.2792,0.2778,0.278,883185.7
2025-12-20 01:45:00,0.278,0.2785,0.2779,0.2783,802200.0
2025-12-20 02:00:00,0.2782,0.2787,0.2779,0.2782,786802.5
2025-12-20 02:15:00,0.2783,0.2789,0.2779,0.278,443460.2
2025-12-20 02:30:00,0.2779,0.279,0.2779,0.2789,658457.7
2025-12-20 02:45:00,0.2789,0.2789,0.2782,0.2783,432509.0
2025-12-20 03:00:00,0.2783,0.2785,0.2773,0.2775,839601.0
2025-12-20 03:15:00,0.2775,0.2785,0.2774,0.2784,675736.9
2025-12-20 03:30:00,0.2784,0.2799,0.2783,0.2795,882908.7
2025-12-20 03:45:00,0.2796,0.2796,0.2783,0.2784,640211.2
2025-12-20 04:00:00,0.2785,0.2787,0.2767,0.2769,1431477.6
2025-12-20 04:15:00,0.2769,0.2774,0.2767,0.2768,620930.7
2025-12-20 04:30:00,0.2768,0.2772,0.2767,0.2768,448329.3
2025-12-20 04:45:00,0.2769,0.2769,0.2761,0.2764,846957.2
2025-12-20 05:00:00,0.2764,0.2765,0.2754,0.2761,1528771.8
2025-12-20 05:15:00,0.2761,0.2769,0.276,0.2762,749492.0
2025-12-20 05:30:00,0.2762,0.2775,0.276,0.2765,1060748.9
2025-12-20 05:45:00,0.2765,0.2771,0.2759,0.2762,1073107.0
2025-12-20 06:00:00,0.2762,0.2773,0.276,0.2771,610457.8
2025-12-20 06:15:00,0.2771,0.2772,0.2767,0.2767,364607.2
2025-12-20 06:30:00,0.2768,0.2769,0.2766,0.2768,296739.2
2025-12-20 06:45:00,0.2769,0.2775,0.2765,0.2773,574030.9
2025-12-20 07:00:00,0.2774,0.2788,0.2773,0.278,1798573.2
2025-12-20 07:15:00,0.278,0.2797,0.2774,0.2796,1048762.4
2025-12-20 07:30:00,0.2796,0.2809,0.2792,0.2799,1818360.1
2025-12-20 07:45:00,0.28,0.281,0.2799,0.2809,1071054.4
2025-12-20 08:00:00,0.281,0.2819,0.2809,0.2816,1903202.9
2025-12-20 08:15:00,0.2817,0.2845,0.2816,0.284,2534104.4
2025-12-20 08:30:00,0.2841,0.2846,0.2826,0.2827,2330787.2
2025-12-20 08:45:00,0.2828,0.2834,0.2818,0.2821,2269448.5
2025-12-20 09:00:00,0.2821,0.2829,0.2818,0.2819,780319.1
2025-12-20 09:15:00,0.282,0.2824,0.2815,0.2824,567762.3
2025-12-20 09:30:00,0.2825,0.2833,0.2824,0.2827,666681.1
2025-12-20 09:45:00,0.2827,0.2828,0.282,0.2821,766327.1
2025-12-20 10:00:00,0.2822,0.2827,0.2819,0.2819,690587.8
2025-12-20 10:15:00,0.282,0.282,0.2803,0.2806,2152996.9
2025-12-20 10:30:00,0.2806,0.281,0.2794,0.28,1225495.5
2025-12-20 10:45:00,0.28,0.28,0.2792,0.2795,603810.3
2025-12-20 11:00:00,0.2796,0.28,0.2792,0.2798,752581.5
2025-12-20 11:15:00,0.2799,0.2816,0.2797,0.2809,1010187.1
2025-12-20 11:30:00,0.281,0.2819,0.281,0.2816,814611.5
2025-12-20 11:45:00,0.2816,0.2823,0.2814,0.2822,646868.8
2025-12-20 12:00:00,0.2823,0.2825,0.2811,0.2811,1078166.1
2025-12-20 12:15:00,0.2811,0.2815,0.2807,0.2809,666494.2
2025-12-20 12:30:00,0.281,0.281,0.2802,0.2805,648422.3
2025-12-20 12:45:00,0.2805,0.2814,0.2803,0.2813,683231.7
2025-12-20 13:00:00,0.2814,0.2824,0.2803,0.2822,3085003.4
2025-12-20 13:15:00,0.2821,0.2824,0.2783,0.2791,7114278.1
2025-12-20 13:30:00,0.279,0.2801,0.2788,0.2797,946719.9
2025-12-20 13:45:00,0.2797,0.2805,0.2796,0.2803,548483.6
2025-12-20 14:00:00,0.2803,0.2803,0.278,0.2788,1149599.0
2025-12-20 14:15:00,0.2788,0.2801,0.2788,0.2801,546667.2
2025-12-20 14:30:00,0.2801,0.2805,0.2794,0.2798,847277.8
2025-12-20 14:45:00,0.2799,0.281,0.2798,0.2805,484040.3
2025-12-20 15:00:00,0.2806,0.2807,0.2798,0.28,576701.8
2025-12-20 15:15:00,0.28,0.2804,0.2787,0.2793,1561828.6
2025-12-20 15:30:00,0.2792,0.2798,0.2792,0.2796,709786.4
2025-12-20 15:45:00,0.2795,0.2798,0.2793,0.2795,458112.1
2025-12-20 16:00:00,0.2794,0.28,0.279,0.2799,775285.9
2025-12-20 16:15:00,0.2798,0.28,0.2793,0.2796,904474.7
2025-12-20 16:30:00,0.2796,0.2798,0.2787,0.279,817378.5
2025-12-20 16:45:00,0.279,0.2798,0.2787,0.2797,253416.2
2025-12-20 17:00:00,0.2798,0.2811,0.2797,0.2806,773154.5
2025-12-20 17:15:00,0.2806,0.2819,0.2805,0.2816,989544.3
2025-12-20 17:30:00,0.2816,0.2816,0.2799,0.2802,644831.5
2025-12-20 17:45:00,0.2802,0.2806,0.2799,0.2801,244195.3
2025-12-20 18:00:00,0.2802,0.2803,0.2792,0.2797,652448.4
2025-12-20 18:15:00,0.2797,0.2799,0.2794,0.2797,413450.4
2025-12-20 18:30:00,0.2797,0.2799,0.2793,0.2795,404856.5
2025-12-20 18:45:00,0.2796,0.2805,0.2793,0.2798,592767.0
2025-12-20 19:00:00,0.2799,0.2803,0.2792,0.2796,705888.7
2025-12-20 19:15:00,0.2797,0.2798,0.2789,0.2793,576955.7
2025-12-20 19:30:00,0.2793,0.2793,0.2787,0.279,543572.4
2025-12-20 19:45:00,0.279,0.2792,0.2786,0.2789,782684.4
2025-12-20 20:00:00,0.2789,0.2793,0.2788,0.2792,575913.0
2025-12-20 20:15:00,0.2792,0.2793,0.2789,0.2791,289420.7
2025-12-20 20:30:00,0.279,0.2797,0.2787,0.2787,1105988.7
2025-12-20 20:45:00,0.2788,0.2794,0.2788,0.2793,816334.7
2025-12-20 21:00:00,0.2793,0.2801,0.2793,0.2796,814639.2
2025-12-20 21:15:00,0.2796,0.2798,0.2792,0.2795,668831.3
2025-12-20 21:30:00,0.2796,0.28,0.2794,0.2796,778978.4
2025-12-20 21:45:00,0.2797,0.2797,0.2788,0.2789,428088.2
2025-12-20 22:00:00,0.2789,0.279,0.2779,0.2785,1304904.4
2025-12-20 22:15:00,0.2785,0.2788,0.2782,0.2785,596578.6
2025-12-20 22:30:00,0.2785,0.2797,0.2784,0.2793,521873.1
2025-12-20 22:45:00,0.2793,0.2801,0.2791,0.2796,493995.9
2025-12-20 23:00:00,0.2796,0.2798,0.2788,0.2791,440935.0
2025-12-20 23:15:00,0.2791,0.2794,0.2782,0.2783,502812.2
2025-12-20 23:30:00,0.2783,0.2789,0.2778,0.278,663804.5
2025-12-20 23:45:00,0.2781,0.2784,0.2779,0.2782,415497.3
2025-12-21 00:00:00,0.2782,0.2789,0.2778,0.2779,928760.6
2025-12-21 00:15:00,0.278,0.2785,0.2778,0.278,841765.8
2025-12-21 00:30:00,0.278,0.2781,0.2764,0.277,1598454.3
2025-12-21 00:45:00,0.2771,0.2773,0.2765,0.2768,621276.8
2025-12-21 01:00:00,0.2769,0.277,0.2759,0.2761,801134.6
2025-12-21 01:15:00,0.2761,0.2767,0.2759,0.2762,619461.3
2025-12-21 01:30:00,0.2762,0.2763,0.2743,0.2747,2849081.5
2025-12-21 01:45:00,0.2746,0.2756,0.2744,0.2749,687746.8
2025-12-21 02:00:00,0.2749,0.276,0.2744,0.275,985701.5
2025-12-21 02:15:00,0.275,0.2752,0.2733,0.2746,1278862.8
2025-12-21 02:30:00,0.2746,0.2748,0.2735,0.2738,765005.3
2025-12-21 02:45:00,0.2738,0.2744,0.2734,0.2739,744562.1
2025-12-21 03:00:00,0.274,0.2754,0.2738,0.275,628603.5
2025-12-21 03:15:00,0.275,0.2759,0.2749,0.2751,927189.6
2025-12-21 03:30:00,0.2751,0.2759,0.2751,0.2756,1369986.8
2025-12-21 03:45:00,0.2756,0.276,0.2755,0.2756,325908.2
2025-12-21 04:00:00,0.2756,0.276,0.2754,0.2755,638226.3
2025-12-21 04:15:00,0.2755,0.2761,0.2752,0.2758,678542.9
2025-12-21 04:30:00,0.2758,0.2759,0.2752,0.2754,543629.0
2025-12-21 04:45:00,0.2755,0.2756,0.2753,0.2755,268407.8
2025-12-21 05:00:00,0.2756,0.2767,0.2754,0.2764,692940.0
2025-12-21 05:15:00,0.2765,0.2774,0.2764,0.2772,1235451.5
2025-12-21 05:30:00,0.2771,0.2773,0.2762,0.2763,726360.0
2025-12-21 05:45:00,0.2764,0.2765,0.2761,0.2761,353048.9
2025-12-21 06:00:00,0.2762,0.2764,0.2758,0.2759,523638.4
2025-12-21 06:15:00,0.2759,0.2765,0.2754,0.2756,529388.5
2025-12-21 06:30:00,0.2757,0.2759,0.2755,0.2756,392209.4
2025-12-21 06:45:00,0.2757,0.2766,0.2757,0.2762,657916.6
2025-12-21 07:00:00,0.2762,0.2765,0.276,0.2761,340275.9
2025-12-21 07:15:00,0.2761,0.2766,0.276,0.2763,268782.1
2025-12-21 07:30:00,0.2763,0.2763,0.2758,0.2759,386392.8
2025-12-21 07:45:00,0.2758,0.2764,0.2757,0.2763,363574.7
2025-12-21 08:00:00,0.2763,0.2763,0.2752,0.2754,630050.5
2025-12-21 08:15:00,0.2754,0.2763,0.2752,0.2761,677467.7
2025-12-21 08:30:00,0.2761,0.2779,0.2759,0.2772,1647396.9
2025-12-21 08:45:00,0.2773,0.2778,0.2765,0.2769,741297.0
2025-12-21 09:00:00,0.277,0.2778,0.2754,0.2763,1329171.0
2025-12-21 09:15:00,0.2763,0.2772,0.276,0.2763,561983.0
2025-12-21 09:30:00,0.2763,0.2777,0.2762,0.2766,2313428.1
2025-12-21 09:45:00,0.2767,0.2782,0.2766,0.277,2151386.4
2025-12-21 10:00:00,0.2771,0.2774,0.2761,0.2762,905368.1
2025-12-21 10:15:00,0.2763,0.2769,0.2761,0.2767,920590.3
2025-12-21 10:30:00,0.2768,0.2769,0.2749,0.2754,1481549.5
2025-12-21 10:45:00,0.2754,0.2755,0.2745,0.2753,750555.4
2025-12-21 11:00:00,0.2753,0.2755,0.2748,0.275,952410.3
2025-12-21 11:15:00,0.2751,0.2758,0.2746,0.2755,945952.1
2025-12-21 11:30:00,0.2755,0.2757,0.275,0.275,602560.2
2025-12-21 11:45:00,0.275,0.275,0.2745,0.2746,437696.5
2025-12-21 12:00:00,0.2747,0.2752,0.2742,0.2749,874873.7
2025-12-21 12:15:00,0.2749,0.2758,0.2747,0.2748,1110017.6
2025-12-21 12:30:00,0.2748,0.2751,0.2723,0.2723,2243314.9
2025-12-21 12:45:00,0.2724,0.273,0.2718,0.2726,1467163.4
2025-12-21 13:00:00,0.2727,0.2727,0.2683,0.2697,6045038.2
2025-12-21 13:15:00,0.2698,0.2698,0.2671,0.2674,2922140.1
2025-12-21 13:30:00,0.2675,0.2685,0.2654,0.2661,6766926.2
2025-12-21 13:45:00,0.2661,0.2661,0.2632,0.2636,5832659.0
2025-12-21 14:00:00,0.2637,0.2667,0.2632,0.2647,3383229.8
2025-12-21 14:15:00,0.2648,0.2658,0.2645,0.2648,1623750.3
2025-12-21 14:30:00,0.2647,0.2653,0.264,0.2651,1383937.1
2025-12-21 14:45:00,0.2651,0.2656,0.2645,0.2653,719713.3
2025-12-21 15:00:00,0.2654,0.2664,0.2648,0.2656,1253171.7
2025-12-21 15:15:00,0.2656,0.2662,0.2646,0.2653,1080516.3
2025-12-21 15:30:00,0.2654,0.266,0.2645,0.265,983417.1
2025-12-21 15:45:00,0.265,0.2674,0.2648,0.2666,2417717.2
2025-12-21 16:00:00,0.2666,0.2674,0.2663,0.2663,2375946.2
2025-12-21 16:15:00,0.2663,0.2695,0.2657,0.2688,2168263.8
2025-12-21 16:30:00,0.2688,0.2693,0.2687,0.269,1194411.3
2025-12-21 16:45:00,0.269,0.2694,0.2684,0.2692,824517.8
2025-12-21 17:00:00,0.2693,0.2707,0.2689,0.2706,1299664.0
2025-12-21 17:15:00,0.2707,0.2713,0.2696,0.2697,1394735.7
2025-12-21 17:30:00,0.2697,0.2704,0.2686,0.2688,1349023.9
2025-12-21 17:45:00,0.2689,0.2691,0.2685,0.2688,613041.2
2025-12-21 18:00:00,0.2688,0.269,0.2667,0.2668,1291039.6
2025-12-21 18:15:00,0.2668,0.2683,0.2666,0.2681,816373.2
2025-12-21 18:30:00,0.2681,0.269,0.2679,0.2687,617559.4
2025-12-21 18:45:00,0.2688,0.2696,0.2687,0.2693,877325.8
2025-12-21 19:00:00,0.2694,0.2704,0.2692,0.2697,989093.4
2025-12-21 19:15:00,0.2698,0.2704,0.2698,0.2701,499851.2
2025-12-21 19:30:00,0.2701,0.2701,0.2685,0.2699,1260378.4
2025-12-21 19:45:00,0.2699,0.2712,0.2697,0.2709,960089.0
2025-12-21 20:00:00,0.2709,0.2712,0.2699,0.2699,629709.4
2025-12-21 20:15:00,0.27,0.2702,0.2688,0.269,839568.9
2025-12-21 20:30:00,0.2691,0.2694,0.2688,0.2691,573885.3
2025-12-21 20:45:00,0.2692,0.2695,0.2688,0.2694,391846.4
2025-12-21 21:00:00,0.2695,0.2703,0.2689,0.2698,611956.6
2025-12-21 21:15:00,0.2698,0.2706,0.2695,0.2695,711532.8
2025-12-21 21:30:00,0.2696,0.2702,0.2683,0.2686,1001694.3
2025-12-21 21:45:00,0.2686,0.2686,0.2676,0.2683,928418.0
2025-12-21 22:00:00,0.2684,0.2692,0.2679,0.2692,1135068.6
2025-12-21 22:15:00,0.2692,0.2699,0.2685,0.2692,508551.7
2025-12-21 22:30:00,0.2693,0.2704,0.2691,0.2703,502576.5
2025-12-21 22:45:00,0.2703,0.2724,0.2702,0.2723,790038.4
2025-12-21 23:00:00,0.2723,0.2742,0.2723,0.2725,1831064.8
2025-12-21 23:15:00,0.2726,0.2734,0.272,0.272,753736.9
2025-12-21 23:30:00,0.272,0.2724,0.2709,0.2716,793462.3
2025-12-21 23:45:00,0.2717,0.2726,0.2717,0.2722,367613.7
2025-12-22 00:00:00,0.2723,0.2777,0.2722,0.2773,4649717.7
2025-12-22 00:15:00,0.2774,0.2796,0.2737,0.2748,5212547.4
2025-12-22 00:30:00,0.2749,0.2759,0.2736,0.2755,2953227.4
2025-12-22 00:45:00,0.2756,0.2762,0.2739,0.274,2022313.3
2025-12-22 01:00:00,0.2739,0.2754,0.2735,0.2748,2765202.5
2025-12-22 01:15:00,0.2747,0.2767,0.2745,0.2755,1444369.8
2025-12-22 01:30:00,0.2756,0.2775,0.2755,0.2757,1227972.2
2025-12-22 01:45:00,0.2757,0.2764,0.2733,0.2736,1494969.2
2025-12-22 02:00:00,0.2736,0.2736,0.2688,0.2708,5832517.5
2025-12-22 02:15:00,0.2707,0.2718,0.27,0.271,1910202.3
2025-12-22 02:30:00,0.271,0.2722,0.2707,0.2717,1113012.7
2025-12-22 02:45:00,0.2717,0.2726,0.2717,0.2723,634731.9
2025-12-22 03:00:00,0.2722,0.2744,0.2712,0.2734,2066737.7
2025-12-22 03:15:00,0.2734,0.275,0.2731,0.2745,879940.0
2025-12-22 03:30:00,0.2745,0.2753,0.274,0.2745,1897068.7
2025-12-22 03:45:00,0.2744,0.2752,0.2737,0.274,486139.7
2025-12-22 04:00:00,0.274,0.2746,0.2732,0.2733,751022.5
2025-12-22 04:15:00,0.2733,0.2755,0.2732,0.2753,1138472.4
2025-12-22 04:30:00,0.2753,0.2754,0.2738,0.2747,948604.4
2025-12-22 04:45:00,0.2747,0.275,0.2739,0.2746,1116590.6
2025-12-22 05:00:00,0.2745,0.275,0.2735,0.2739,841035.4
2025-12-22 05:15:00,0.2739,0.2744,0.2732,0.2734,954222.9
2025-12-22 05:30:00,0.2733,0.2746,0.2728,0.274,736019.4
2025-12-22 05:45:00,0.274,0.2747,0.2733,0.2736,1284109.1
2025-12-22 06:00:00,0.2735,0.2742,0.2731,0.2738,1560691.6
2025-12-22 06:15:00,0.2737,0.2753,0.2735,0.2741,1462925.5
2025-12-22 06:30:00,0.274,0.2754,0.274,0.2754,795396.4
2025-12-22 06:45:00,0.2754,0.2754,0.2743,0.2743,549476.2
2025-12-22 07:00:00,0.2743,0.2765,0.2739,0.2764,1059995.6
2025-12-22 07:15:00,0.2764,0.2764,0.2757,0.2761,811099.2
2025-12-22 07:30:00,0.276,0.2765,0.2753,0.2758,673752.7
2025-12-22 07:45:00,0.2759,0.2759,0.2751,0.2758,551536.4
2025-12-22 08:00:00,0.2758,0.2772,0.275,0.2757,1667964.9
2025-12-22 08:15:00,0.2757,0.2797,0.2757,0.2794,4834548.1
2025-12-22 08:30:00,0.2794,0.2798,0.2778,0.2782,2307983.9
2025-12-22 08:45:00,0.2783,0.2784,0.2755,0.2758,2826595.6
2025-12-22 09:00:00,0.2759,0.2761,0.2749,0.2751,1364960.5
2025-12-22 09:15:00,0.2752,0.2768,0.2752,0.2761,1457986.1
2025-12-22 09:30:00,0.2761,0.2765,0.2751,0.2751,1442247.9
2025-12-22 09:45:00,0.2751,0.2761,0.2745,0.2759,927860.8
2025-12-22 10:00:00,0.2759,0.277,0.2753,0.2769,1533065.5
2025-12-22 10:15:00,0.2769,0.2773,0.276,0.2767,1935273.4
2025-12-22 10:30:00,0.2767,0.2773,0.2766,0.2766,697454.5
2025-12-22 10:45:00,0.2765,0.2766,0.2756,0.2759,1388299.3
2025-12-22 11:00:00,0.276,0.276,0.2753,0.2756,1083365.5
2025-12-22 11:15:00,0.2756,0.2759,0.2746,0.2757,1513729.2
2025-12-22 11:30:00,0.2758,0.2767,0.275,0.2758,4436250.3
2025-12-22 11:45:00,0.2759,0.2771,0.2755,0.276,1843439.4
2025-12-22 12:00:00,0.2761,0.2767,0.2752,0.2763,2216193.4
2025-12-22 12:15:00,0.2764,0.2776,0.2764,0.2769,2032533.4
2025-12-22 12:30:00,0.277,0.279,0.2756,0.2763,4161508.8
2025-12-22 12:45:00,0.2764,0.2768,0.2758,0.2766,1117091.8
2025-12-22 13:00:00,0.2767,0.2774,0.2757,0.2764,1474435.2
2025-12-22 13:15:00,0.2765,0.2771,0.2758,0.2767,1025068.7
2025-12-22 13:30:00,0.2768,0.2768,0.2749,0.2752,894351.1
2025-12-22 13:45:00,0.2751,0.2767,0.2751,0.2765,1086942.1
2025-12-22 14:00:00,0.2765,0.2784,0.2764,0.2779,1938456.3
2025-12-22 14:15:00,0.2779,0.2787,0.2768,0.2774,1470665.5
2025-12-22 14:30:00,0.2774,0.2788,0.2749,0.2771,4550428.6
2025-12-22 14:45:00,0.277,0.2793,0.2765,0.2773,2415742.5
2025-12-22 15:00:00,0.2774,0.2792,0.2756,0.2756,2796288.9
2025-12-22 15:15:00,0.2756,0.2773,0.2736,0.2762,3235139.1
2025-12-22 15:30:00,0.2763,0.2764,0.2737,0.2757,2457588.6
2025-12-22 15:45:00,0.2758,0.2778,0.275,0.2773,1701878.4
2025-12-22 16:00:00,0.2774,0.2779,0.276,0.2777,1659693.9
2025-12-22 16:15:00,0.2777,0.2782,0.2771,0.2776,1354188.9
2025-12-22 16:30:00,0.2776,0.2776,0.2753,0.2759,1639233.2
2025-12-22 16:45:00,0.2759,0.2769,0.2759,0.2766,938034.4
2025-12-22 17:00:00,0.2766,0.2768,0.2748,0.2756,2185137.0
2025-12-22 17:15:00,0.2757,0.2762,0.2751,0.2759,1114450.3
2025-12-22 17:30:00,0.2759,0.277,0.2754,0.2762,1148931.2
2025-12-22 17:45:00,0.2761,0.2763,0.2755,0.2759,823624.3
2025-12-22 18:00:00,0.276,0.2764,0.2753,0.2758,807683.8
2025-12-22 18:15:00,0.2758,0.2767,0.275,0.2762,761823.8
2025-12-22 18:30:00,0.2763,0.277,0.2756,0.2765,1184217.3
2025-12-22 18:45:00,0.2766,0.2767,0.274,0.2747,1583762.3
2025-12-22 19:00:00,0.2747,0.2749,0.2718,0.2731,4596734.8
2025-12-22 19:15:00,0.2731,0.2743,0.2717,0.272,3280432.1
2025-12-22 19:30:00,0.2719,0.2725,0.2709,0.2719,2854888.5
2025-12-22 19:45:00,0.2718,0.272,0.2695,0.27,3097214.2
2025-12-22 20:00:00,0.2699,0.2716,0.2695,0.2703,2318532.3
2025-12-22 20:15:00,0.2702,0.2704,0.2679,0.2684,5716669.8
2025-12-22 20:30:00,0.2684,0.2695,0.2681,0.2691,1900814.9
2025-12-22 20:45:00,0.2691,0.2702,0.268,0.2687,2054664.0
2025-12-22 21:00:00,0.2686,0.2698,0.2684,0.2695,1149193.7
2025-12-22 21:15:00,0.2694,0.2701,0.2688,0.2698,1591367.0
2025-12-22 21:30:00,0.2698,0.2715,0.2697,0.271,1196711.8
2025-12-22 21:45:00,0.271,0.2712,0.2694,0.2697,905074.4
2025-12-22 22:00:00,0.2696,0.2701,0.2688,0.2696,1443599.6
2025-12-22 22:15:00,0.2697,0.2714,0.2696,0.2705,564233.4
2025-12-22 22:30:00,0.2705,0.2707,0.2699,0.2702,736049.9
2025-12-22 22:45:00,0.2702,0.2726,0.2701,0.2723,750188.4
2025-12-22 23:00:00,0.2724,0.2725,0.271,0.2722,868790.0
2025-12-22 23:15:00,0.2722,0.2723,0.2715,0.2719,515956.7
2025-12-22 23:30:00,0.2719,0.2722,0.2711,0.2714,415525.7
2025-12-22 23:45:00,0.2714,0.2718,0.2708,0.2718,748948.9
2025-12-23 00:00:00,0.2717,0.2718,0.2711,0.2717,794063.1
2025-12-23 00:15:00,0.2717,0.2733,0.2717,0.2727,1590424.9
2025-12-23 00:30:00,0.2727,0.2746,0.2725,0.2732,1239677.1
2025-12-23 00:45:00,0.2733,0.274,0.2729,0.2734,727557.0
2025-12-23 01:00:00,0.2735,0.2735,0.272,0.272,1026650.4
2025-12-23 01:15:00,0.272,0.2725,0.2714,0.2714,846653.1
2025-12-23 01:30:00,0.2714,0.2721,0.2706,0.2712,635961.9
2025-12-23 01:45:00,0.2712,0.2719,0.2712,0.2716,530734.7
2025-12-23 02:00:00,0.2716,0.2733,0.271,0.2725,1779891.1
2025-12-23 02:15:00,0.2725,0.2733,0.2723,0.2726,949562.3
2025-12-23 02:30:00,0.2726,0.273,0.2697,0.2703,2477027.5
2025-12-23 02:45:00,0.2702,0.2706,0.2695,0.27,880352.3
2025-12-23 03:00:00,0.2699,0.2701,0.2679,0.2699,2816572.5
2025-12-23 03:15:00,0.27,0.2709,0.2696,0.2698,754794.0
2025-12-23 03:30:00,0.2698,0.2705,0.2693,0.2704,706055.6
2025-12-23 03:45:00,0.2703,0.2704,0.2697,0.2699,649219.9
2025-12-23 04:00:00,0.2698,0.2707,0.2692,0.2701,1070513.7
2025-12-23 04:15:00,0.2701,0.2704,0.2697,0.2698,410845.3
2025-12-23 04:30:00,0.2698,0.2698,0.2688,0.2694,870580.5
2025-12-23 04:45:00,0.2693,0.2695,0.2687,0.2689,571025.7
2025-12-23 05:00:00,0.2689,0.2695,0.2686,0.2691,803596.3
2025-12-23 05:15:00,0.269,0.2698,0.2689,0.2698,509675.8
2025-12-23 05:30:00,0.2698,0.2699,0.267,0.2692,3721144.1
2025-12-23 05:45:00,0.2692,0.2696,0.2686,0.2693,1041277.5
2025-12-23 06:00:00,0.2693,0.2696,0.2684,0.2688,1429194.1
2025-12-23 06:15:00,0.2689,0.2692,0.2665,0.2669,4850530.8
2025-12-23 06:30:00,0.2668,0.2677,0.266,0.2674,1993042.7
2025-12-23 06:45:00,0.2674,0.2677,0.267,0.2671,640624.0
2025-12-23 07:00:00,0.267,0.2679,0.2665,0.2668,1313736.7
2025-12-23 07:15:00,0.2667,0.2677,0.2662,0.2672,1150630.5
2025-12-23 07:30:00,0.2672,0.2676,0.2669,0.2672,636264.7
2025-12-23 07:45:00,0.2671,0.2677,0.2668,0.2672,499760.2
2025-12-23 08:00:00,0.2671,0.2682,0.2668,0.2678,1102435.6
2025-12-23 08:15:00,0.2678,0.2686,0.2677,0.2682,1074016.4
2025-12-23 08:30:00,0.2682,0.2686,0.2676,0.2676,576980.2
2025-12-23 08:45:00,0.2677,0.2677,0.2657,0.266,1421964.4
2025-12-23 09:00:00,0.2659,0.2669,0.2658,0.2667,1180201.8
2025-12-23 09:15:00,0.2667,0.2668,0.2653,0.2666,1123238.3
2025-12-23 09:30:00,0.2665,0.267,0.2657,0.2667,844657.6
2025-12-23 09:45:00,0.2668,0.2675,0.2668,0.2673,1067592.3
2025-12-23 10:00:00,0.2674,0.2683,0.2674,0.2678,1417896.4
2025-12-23 10:15:00,0.2679,0.2688,0.2676,0.2682,570910.2
2025-12-23 10:30:00,0.2682,0.2684,0.2679,0.2682,603028.6
2025-12-23 10:45:00,0.2682,0.269,0.2681,0.2684,657396.6
2025-12-23 11:00:00,0.2684,0.2694,0.2682,0.2689,997315.0
2025-12-23 11:15:00,0.269,0.27,0.2688,0.2691,810133.4
2025-12-23 11:30:00,0.2692,0.2694,0.2687,0.269,457348.6
2025-12-23 11:45:00,0.269,0.2693,0.2684,0.2685,624276.7
2025-12-23 12:00:00,0.2685,0.2685,0.2673,0.2674,795267.6
2025-12-23 12:15:00,0.2673,0.2674,0.266,0.2663,1510210.4
2025-12-23 12:30:00,0.2662,0.2673,0.2657,0.2671,723971.0
2025-12-23 12:45:00,0.2672,0.268,0.267,0.267,1172468.5
2025-12-23 13:00:00,0.267,0.2677,0.2668,0.2675,875496.7
2025-12-23 13:15:00,0.2675,0.2682,0.2666,0.2679,1297680.8
2025-12-23 13:30:00,0.2679,0.2683,0.2641,0.2664,5761573.6
2025-12-23 13:45:00,0.2664,0.2664,0.2648,0.2657,2350574.5
2025-12-23 14:00:00,0.2656,0.2669,0.2653,0.266,2057369.7
2025-12-23 14:15:00,0.266,0.266,0.2643,0.2653,1531599.9
2025-12-23 14:30:00,0.2652,0.2671,0.2642,0.2654,5897545.8
2025-12-23 14:45:00,0.2654,0.2655,0.2609,0.2635,9494719.2
2025-12-23 15:00:00,0.2634,0.265,0.2625,0.2631,2651918.1
2025-12-23 15:15:00,0.2631,0.2656,0.263,0.2645,1611671.8
2025-12-23 15:30:00,0.2644,0.266,0.2644,0.2651,1688979.3
2025-12-23 15:45:00,0.265,0.2655,0.2643,0.2653,795880.1
2025-12-23 16:00:00,0.2653,0.2681,0.2644,0.267,3401547.0
2025-12-23 16:15:00,0.267,0.2692,0.2669,0.268,2749135.4
2025-12-23 16:30:00,0.2681,0.2685,0.2668,0.2677,1141952.3
2025-12-23 16:45:00,0.2678,0.2699,0.2677,0.269,1628465.7
2025-12-23 17:00:00,0.2691,0.2707,0.2687,0.2688,1968900.9
2025-12-23 17:15:00,0.2689,0.2702,0.2684,0.2685,1490689.0
2025-12-23 17:30:00,0.2686,0.2698,0.268,0.2689,5190883.9
2025-12-23 17:45:00,0.2689,0.2689,0.265,0.2656,2997429.7
2025-12-23 18:00:00,0.2656,0.2674,0.2656,0.2669,2477126.6
2025-12-23 18:15:00,0.267,0.2691,0.2668,0.2688,1843956.3
2025-12-23 18:30:00,0.2688,0.2724,0.2687,0.272,4151122.1
2025-12-23 18:45:00,0.272,0.272,0.2705,0.2709,1155561.5
2025-12-23 19:00:00,0.2709,0.2715,0.2696,0.2702,1533169.8
2025-12-23 19:15:00,0.2702,0.2705,0.2692,0.2695,1100536.3
2025-12-23 19:30:00,0.2695,0.2705,0.2694,0.2699,696098.7
2025-12-23 19:45:00,0.2699,0.27,0.2692,0.2698,561582.7
2025-12-23 20:00:00,0.2698,0.2704,0.2692,0.2702,875979.9
2025-12-23 20:15:00,0.2702,0.2712,0.27,0.2708,1004278.6
2025-12-23 20:30:00,0.2708,0.2743,0.2707,0.274,2723515.2
2025-12-23 20:45:00,0.274,0.2748,0.2717,0.2719,1889601.7
2025-12-23 21:00:00,0.2721,0.2725,0.2711,0.2718,1160935.1
2025-12-23 21:15:00,0.2718,0.2722,0.2711,0.2712,1100308.8
2025-12-23 21:30:00,0.2712,0.2714,0.2707,0.271,868183.5
2025-12-23 21:45:00,0.2711,0.2713,0.27,0.2702,1307449.3
2025-12-23 22:00:00,0.2702,0.2709,0.269,0.2696,1566848.3
2025-12-23 22:15:00,0.2696,0.2703,0.2691,0.2692,675111.4
2025-12-23 22:30:00,0.2692,0.2701,0.2683,0.27,1548594.2
2025-12-23 22:45:00,0.27,0.2705,0.2691,0.2695,592930.2
2025-12-23 23:00:00,0.2695,0.2696,0.2685,0.2692,758789.8
2025-12-23 23:15:00,0.2691,0.2701,0.2685,0.2699,1141434.1
2025-12-23 23:30:00,0.2698,0.2711,0.2698,0.2705,2056172.5
2025-12-23 23:45:00,0.2706,0.2707,0.27,0.2704,614121.3
2025-12-24 00:00:00,0.2704,0.2715,0.2701,0.2704,1270006.6
2025-12-24 00:15:00,0.2704,0.2711,0.2699,0.2706,799356.5
2025-12-24 00:30:00,0.2706,0.2711,0.2698,0.2711,487559.3
2025-12-24 00:45:00,0.2711,0.2717,0.2703,0.2711,1671805.0
2025-12-24 01:00:00,0.2712,0.2722,0.2709,0.2709,1038211.3
2025-12-24 01:15:00,0.271,0.271,0.2705,0.2706,455221.1
2025-12-24 01:30:00,0.2706,0.2707,0.2688,0.2689,901121.3
2025-12-24 01:45:00,0.2689,0.2696,0.2684,0.2694,1012233.1
2025-12-24 02:00:00,0.2694,0.2695,0.2679,0.2684,1155793.7
2025-12-24 02:15:00,0.2684,0.2687,0.2679,0.2683,683010.7
2025-12-24 02:30:00,0.2683,0.2686,0.2654,0.2661,2432037.4
2025-12-24 02:45:00,0.2661,0.2668,0.2656,0.266,1165147.6
2025-12-24 03:00:00,0.2661,0.2662,0.2644,0.2647,1917734.1
2025-12-24 03:15:00,0.2646,0.2665,0.2643,0.2664,890073.6
2025-12-24 03:30:00,0.2663,0.2676,0.2663,0.2674,1432585.3
2025-12-24 03:45:00,0.2673,0.268,0.267,0.2679,738702.6
2025-12-24 04:00:00,0.2679,0.2693,0.2672,0.2686,1018089.9
2025-12-24 04:15:00,0.2686,0.2687,0.2669,0.2672,491943.7
2025-12-24 04:30:00,0.2671,0.2671,0.2661,0.2666,1304452.4
2025-12-24 04:45:00,0.2665,0.2668,0.2654,0.2655,700678.5
2025-12-24 05:00:00,0.2654,0.2663,0.2653,0.2658,673727.4
2025-12-24 05:15:00,0.2658,0.2663,0.2648,0.265,1576287.7
2025-12-24 05:30:00,0.2651,0.2652,0.2633,0.2635,2152096.6
2025-12-24 05:45:00,0.2635,0.2651,0.263,0.2649,4099501.3
2025-12-24 06:00:00,0.265,0.2654,0.2633,0.2637,4894280.4
2025-12-24 06:15:00,0.2638,0.2642,0.2622,0.2626,4894649.5
2025-12-24 06:30:00,0.2627,0.2633,0.2624,0.2629,4139257.2
2025-12-24 06:45:00,0.2629,0.2633,0.2625,0.2629,934540.2
2025-12-24 07:00:00,0.2629,0.2636,0.2628,0.2629,1115880.4
2025-12-24 07:15:00,0.263,0.2636,0.2626,0.2629,1393345.7
2025-12-24 07:30:00,0.2629,0.264,0.2628,0.2634,1219911.3
2025-12-24 07:45:00,0.2635,0.2641,0.2619,0.2619,2427245.2
2025-12-24 08:00:00,0.2619,0.263,0.2618,0.2621,1685795.1
2025-12-24 08:15:00,0.2621,0.2628,0.2609,0.2618,1992845.5
2025-12-24 08:30:00,0.2618,0.2626,0.2611,0.2623,1563127.4
2025-12-24 08:45:00,0.2623,0.2624,0.2614,0.2616,628632.9
2025-12-24 09:00:00,0.2617,0.263,0.2617,0.2626,2010899.7
2025-12-24 09:15:00,0.2626,0.2629,0.2622,0.2623,1148519.4
2025-12-24 09:30:00,0.2623,0.2626,0.2617,0.2622,689010.1
2025-12-24 09:45:00,0.2622,0.2628,0.2618,0.2619,710240.5
2025-12-24 10:00:00,0.262,0.2631,0.2619,0.263,974050.9
2025-12-24 10:15:00,0.263,0.2632,0.2624,0.2626,1127091.6
2025-12-24 10:30:00,0.2626,0.2631,0.2625,0.2626,554776.3
2025-12-24 10:45:00,0.2626,0.263,0.2615,0.2616,753940.8
2025-12-24 11:00:00,0.2617,0.2635,0.2617,0.2627,1051451.7
2025-12-24 11:15:00,0.2627,0.263,0.2623,0.2623,587356.3
2025-12-24 11:30:00,0.2623,0.2629,0.2623,0.2627,536812.9
2025-12-24 11:45:00,0.2627,0.263,0.2623,0.2627,591400.2
2025-12-24 12:00:00,0.2628,0.2635,0.2624,0.2632,1331269.1
2025-12-24 12:15:00,0.2632,0.2642,0.2632,0.2639,1033609.1
2025-12-24 12:30:00,0.264,0.2653,0.264,0.2649,3407185.9
2025-12-24 12:45:00,0.2649,0.2654,0.2643,0.265,1390187.8
2025-12-24 13:00:00,0.265,0.265,0.2633,0.2641,3797742.9
2025-12-24 13:15:00,0.2641,0.2642,0.2636,0.2638,493052.9
2025-12-24 13:30:00,0.2638,0.2642,0.2626,0.2633,1752535.1
2025-12-24 13:45:00,0.2633,0.2639,0.2631,0.2633,733639.1
2025-12-24 14:00:00,0.2634,0.2657,0.2633,0.2653,4324990.7
2025-12-24 14:15:00,0.2653,0.2655,0.2629,0.2631,4625681.0
2025-12-24 14:30:00,0.2631,0.2648,0.2594,0.2639,9056116.0
2025-12-24 14:45:00,0.2639,0.2653,0.2624,0.2631,3015812.2
2025-12-24 15:00:00,0.2631,0.2647,0.2626,0.2627,1645407.6
2025-12-24 15:15:00,0.2628,0.2635,0.2617,0.2633,2022287.5
2025-12-24 15:30:00,0.2633,0.2671,0.2631,0.2665,5286914.6
2025-12-24 15:45:00,0.2665,0.2673,0.2652,0.2659,2926898.4
2025-12-24 16:00:00,0.266,0.2668,0.265,0.2659,2118527.6
2025-12-24 16:15:00,0.2658,0.2659,0.2631,0.2634,3471693.6
2025-12-24 16:30:00,0.2635,0.2673,0.2635,0.2655,4460562.9
2025-12-24 16:45:00,0.2655,0.2659,0.2643,0.2647,995127.9
2025-12-24 17:00:00,0.2648,0.2654,0.2641,0.2644,1081443.7
2025-12-24 17:15:00,0.2643,0.2648,0.2637,0.2642,1454203.0
2025-12-24 17:30:00,0.2642,0.2649,0.2628,0.2632,1592729.6
2025-12-24 17:45:00,0.2631,0.2634,0.2619,0.2619,1929475.5
2025-12-24 18:00:00,0.262,0.2624,0.2612,0.262,1436943.1
2025-12-24 18:15:00,0.262,0.2629,0.262,0.2623,1011825.8
2025-12-24 18:30:00,0.2623,0.2624,0.2615,0.2619,935055.0
2025-12-24 18:45:00,0.2618,0.262,0.2615,0.2616,747806.4
2025-12-24 19:00:00,0.2616,0.2622,0.2613,0.2617,793912.2
2025-12-24 19:15:00,0.2617,0.2623,0.2612,0.2621,1268905.4
2025-12-24 19:30:00,0.2621,0.263,0.2618,0.2628,906689.9
2025-12-24 19:45:00,0.2628,0.2635,0.2626,0.263,684288.2
2025-12-24 20:00:00,0.263,0.264,0.2629,0.2634,1166799.9
2025-12-24 20:15:00,0.2634,0.2642,0.2633,0.264,590166.4
2025-12-24 20:30:00,0.264,0.2645,0.2634,0.2637,489426.6
2025-12-24 20:45:00,0.2637,0.2638,0.2627,0.263,573274.4
2025-12-24 21:00:00,0.263,0.2636,0.2626,0.263,878927.1
2025-12-24 21:15:00,0.2629,0.2633,0.2627,0.2631,701701.9
2025-12-24 21:30:00,0.263,0.2639,0.2629,0.2635,832625.0
2025-12-24 21:45:00,0.2634,0.2637,0.2629,0.2634,736577.8
2025-12-24 22:00:00,0.2634,0.2652,0.2632,0.2646,1718868.8
2025-12-24 22:15:00,0.2645,0.2651,0.2643,0.2648,500286.8
2025-12-24 22:30:00,0.2647,0.2663,0.2647,0.2658,871677.1
2025-12-24 22:45:00,0.2658,0.2659,0.2653,0.2655,313160.2
2025-12-24 23:00:00,0.2655,0.2656,0.2637,0.2639,1018853.0
2025-12-24 23:15:00,0.2639,0.2643,0.2634,0.2636,810946.8
2025-12-24 23:30:00,0.2637,0.2641,0.2632,0.2633,837381.4
2025-12-24 23:45:00,0.2634,0.2636,0.2631,0.2633,433322.4
2025-12-25 00:00:00,0.2633,0.2638,0.2627,0.2631,942379.3
2025-12-25 00:15:00,0.263,0.2635,0.2626,0.2627,610193.6
2025-12-25 00:30:00,0.2626,0.2633,0.2612,0.2615,2790386.8
2025-12-25 00:45:00,0.2615,0.2617,0.2606,0.2611,1425841.0
2025-12-25 01:00:00,0.2611,0.262,0.261,0.2619,1044495.0
2025-12-25 01:15:00,0.2618,0.2621,0.2614,0.2616,825070.0
2025-12-25 01:30:00,0.2615,0.2625,0.2612,0.2625,817617.3
2025-12-25 01:45:00,0.2625,0.263,0.2622,0.2624,819060.5
2025-12-25 02:00:00,0.2623,0.2627,0.2615,0.2626,1483362.4
2025-12-25 02:15:00,0.2627,0.2641,0.2626,0.264,1204773.7
2025-12-25 02:30:00,0.264,0.2646,0.2639,0.2645,1139614.1
2025-12-25 02:45:00,0.2645,0.2652,0.2645,0.2652,1167207.5
2025-12-25 03:00:00,0.2652,0.2654,0.2636,0.2641,1110216.9
2025-12-25 03:15:00,0.2641,0.2648,0.2636,0.2643,1383705.1
2025-12-25 03:30:00,0.2643,0.2646,0.2636,0.2644,837831.9
2025-12-25 03:45:00,0.2644,0.2651,0.264,0.2648,1049683.4
2025-12-25 04:00:00,0.2648,0.2652,0.2642,0.2649,948204.9
2025-12-25 04:15:00,0.2649,0.2663,0.2649,0.2662,2016197.7
2025-12-25 04:30:00,0.2662,0.2667,0.2659,0.2665,1167351.8
2025-12-25 04:45:00,0.2665,0.2667,0.2659,0.2661,941304.8
2025-12-25 05:00:00,0.2661,0.2662,0.2643,0.2646,1313745.8
2025-12-25 05:15:00,0.2645,0.2652,0.2644,0.2649,849140.1
2025-12-25 05:30:00,0.265,0.2651,0.264,0.2645,590110.2
2025-12-25 05:45:00,0.2644,0.2644,0.2639,0.264,356721.0
2025-12-25 06:00:00,0.2639,0.264,0.2635,0.2637,716936.0
2025-12-25 06:15:00,0.2637,0.2644,0.2636,0.2642,663829.0
2025-12-25 06:30:00,0.2641,0.2648,0.2639,0.2647,356734.4
2025-12-25 06:45:00,0.2648,0.2654,0.2647,0.2647,395348.8
2025-12-25 07:00:00,0.2648,0.2649,0.2639,0.2639,609883.2
2025-12-25 07:15:00,0.264,0.264,0.2633,0.2636,764713.2
2025-12-25 07:30:00,0.2636,0.2641,0.2635,0.264,443656.5
2025-12-25 07:45:00,0.2641,0.2655,0.2641,0.2653,1371789.0
2025-12-25 08:00:00,0.2653,0.2671,0.2652,0.2659,1822885.8
2025-12-25 08:15:00,0.2659,0.266,0.2629,0.2638,3130297.6
2025-12-25 08:30:00,0.2637,0.2643,0.2635,0.2637,716367.1
2025-12-25 08:45:00,0.2637,0.2643,0.2636,0.2637,1036119.7
2025-12-25 09:00:00,0.2637,0.2638,0.2626,0.2628,1002732.2
2025-12-25 09:15:00,0.2628,0.263,0.2622,0.2622,777173.2
2025-12-25 09:30:00,0.2622,0.2629,0.2622,0.2623,680486.0
2025-12-25 09:45:00,0.2624,0.2629,0.2623,0.2625,355441.4
2025-12-25 10:00:00,0.2624,0.2624,0.2607,0.2609,1895084.9
2025-12-25 10:15:00,0.2608,0.2616,0.2605,0.2609,2694714.0
2025-12-25 10:30:00,0.2609,0.261,0.2585,0.2591,5291099.8
2025-12-25 10:45:00,0.2591,0.2599,0.2588,0.2594,1809953.9
2025-12-25 11:00:00,0.2594,0.2601,0.2591,0.2596,1505674.6
2025-12-25 11:15:00,0.2596,0.2602,0.2596,0.2599,596152.7
2025-12-25 11:30:00,0.2599,0.2605,0.2596,0.2601,705559.7
2025-12-25 11:45:00,0.2602,0.2608,0.2598,0.2602,698059.0
2025-12-25 12:00:00,0.2602,0.2608,0.2598,0.2601,1443779.3
2025-12-25 12:15:00,0.2602,0.262,0.2601,0.2619,1946879.7
2025-12-25 12:30:00,0.2619,0.2621,0.2615,0.2615,1781308.9
2025-12-25 12:45:00,0.2615,0.2625,0.2614,0.2624,508272.7
2025-12-25 13:00:00,0.2624,0.2625,0.262,0.2622,769631.9
2025-12-25 13:15:00,0.2623,0.2626,0.261,0.2621,1529954.7
2025-12-25 13:30:00,0.2621,0.2635,0.2616,0.2629,2161667.5
2025-12-25 13:45:00,0.2629,0.2632,0.2621,0.2623,1011660.2
2025-12-25 14:00:00,0.2623,0.2627,0.2612,0.2613,1297187.8
2025-12-25 14:15:00,0.2614,0.2617,0.2591,0.2596,3344259.2
2025-12-25 14:30:00,0.2597,0.2602,0.2593,0.2594,1544505.9
2025-12-25 14:45:00,0.2594,0.2605,0.2594,0.2602,1243339.8
2025-12-25 15:00:00,0.2603,0.2605,0.2595,0.2597,1167555.8
2025-12-25 15:15:00,0.2598,0.2628,0.2593,0.2612,2627722.5
2025-12-25 15:30:00,0.2613,0.2631,0.2598,0.2628,3428151.4
2025-12-25 15:45:00,0.263,0.2633,0.2614,0.2619,3525514.4
2025-12-25 16:00:00,0.2619,0.2624,0.2614,0.2623,1082981.6
2025-12-25 16:15:00,0.2624,0.2639,0.2623,0.2635,2657068.0
2025-12-25 16:30:00,0.2636,0.2639,0.2623,0.2626,1797276.8
2025-12-25 16:45:00,0.2627,0.2627,0.2594,0.26,4390206.8
2025-12-25 17:00:00,0.26,0.2601,0.259,0.2593,2358076.9
2025-12-25 17:15:00,0.2594,0.2594,0.2569,0.2576,4719499.2
2025-12-25 17:30:00,0.2576,0.2581,0.257,0.2578,2619870.4
2025-12-25 17:45:00,0.2578,0.2591,0.2575,0.2585,1550350.8
2025-12-25 18:00:00,0.2586,0.2596,0.2583,0.2596,2045643.5
2025-12-25 18:15:00,0.2595,0.2601,0.259,0.26,1023168.1
2025-12-25 18:30:00,0.2601,0.2619,0.2599,0.2611,2427619.8
2025-12-25 18:45:00,0.261,0.2619,0.2609,0.2613,1342168.3
2025-12-25 19:00:00,0.2614,0.262,0.2613,0.2616,777546.4
2025-12-25 19:15:00,0.2616,0.2617,0.2608,0.2613,747646.0
2025-12-25 19:30:00,0.2612,0.2619,0.2606,0.2614,797210.8
2025-12-25 19:45:00,0.2613,0.2628,0.261,0.2628,1304612.5
2025-12-25 20:00:00,0.2628,0.2633,0.2616,0.263,1768421.4
2025-12-25 20:15:00,0.263,0.2633,0.2617,0.2621,1267007.7
2025-12-25 20:30:00,0.262,0.2625,0.2613,0.2617,1656185.2
2025-12-25 20:45:00,0.2617,0.263,0.2616,0.2628,678346.9
2025-12-25 21:00:00,0.2629,0.2635,0.2624,0.2634,1076292.1
2025-12-25 21:15:00,0.2634,0.2636,0.2629,0.2631,744623.8
2025-12-25 21:30:00,0.2631,0.2633,0.2626,0.2628,467285.7
2025-12-25 21:45:00,0.2629,0.2633,0.2623,0.2631,541453.9
2025-12-25 22:00:00,0.2632,0.2634,0.2616,0.2625,1987698.1
2025-12-25 22:15:00,0.2624,0.2627,0.2617,0.2617,786905.0
2025-12-25 22:30:00,0.2617,0.2626,0.2603,0.2608,1820012.0
2025-12-25 22:45:00,0.2608,0.2608,0.2544,0.2566,8939413.0
2025-12-25 23:00:00,0.2566,0.2573,0.2533,0.2564,6200825.7
2025-12-25 23:15:00,0.2563,0.2572,0.2559,0.256,2016493.2
2025-12-25 23:30:00,0.2559,0.256,0.2511,0.2522,8561068.9
2025-12-25 23:45:00,0.2521,0.2525,0.2504,0.2518,4565325.5
2025-12-26 00:00:00,0.2518,0.2533,0.2508,0.2524,3927572.8
2025-12-26 00:15:00,0.2523,0.2536,0.2513,0.2521,2991791.3
2025-12-26 00:30:00,0.252,0.2532,0.2514,0.2521,1723110.1
2025-12-26 00:45:00,0.2521,0.2537,0.2515,0.2537,1475186.8
2025-12-26 01:00:00,0.2536,0.2547,0.253,0.2547,1982761.4
2025-12-26 01:15:00,0.2546,0.2552,0.2542,0.2545,2530746.0
2025-12-26 01:30:00,0.2544,0.2549,0.2543,0.2546,601883.1
2025-12-26 01:45:00,0.2545,0.2552,0.2543,0.2548,1124843.4
2025-12-26 02:00:00,0.2548,0.2605,0.2547,0.2603,3106832.5
2025-12-26 02:15:00,0.2604,0.2664,0.2604,0.2655,12147818.2
2025-12-26 02:30:00,0.2655,0.2674,0.2647,0.2655,4537385.4
2025-12-26 02:45:00,0.2655,0.2663,0.2652,0.2656,2769784.6
2025-12-26 03:00:00,0.2657,0.2666,0.2647,0.2661,3044522.8
2025-12-26 03:15:00,0.2661,0.2662,0.2635,0.2637,3085399.5
2025-12-26 03:30:00,0.2638,0.2651,0.2638,0.2647,1699505.2
2025-12-26 03:45:00,0.2646,0.2653,0.264,0.2645,1162594.5
2025-12-26 04:00:00,0.2646,0.265,0.262,0.2634,2152261.4
2025-12-26 04:15:00,0.2635,0.2639,0.263,0.2637,722617.8
2025-12-26 04:30:00,0.2638,0.2668,0.2638,0.2662,1758402.6
2025-12-26 04:45:00,0.2663,0.2667,0.2654,0.2661,1123335.9
2025-12-26 05:00:00,0.2661,0.2663,0.265,0.2652,2141654.7
2025-12-26 05:15:00,0.2651,0.2655,0.2646,0.2652,1179682.9
2025-12-26 05:30:00,0.2651,0.2656,0.2646,0.265,1656138.3
2025-12-26 05:45:00,0.265,0.2661,0.2645,0.2656,671063.4
2025-12-26 06:00:00,0.2657,0.2671,0.2656,0.2666,1755570.7
2025-12-26 06:15:00,0.2666,0.2679,0.2657,0.2659,3084225.1
2025-12-26 06:30:00,0.266,0.2661,0.2646,0.2656,2131004.0
2025-12-26 06:45:00,0.2656,0.2685,0.2645,0.2669,2528105.8
2025-12-26 07:00:00,0.2669,0.267,0.2656,0.2669,2403990.5
2025-12-26 07:15:00,0.2669,0.2673,0.2663,0.2664,1240625.1
2025-12-26 07:30:00,0.2664,0.2666,0.2642,0.2644,2262650.3
2025-12-26 07:45:00,0.2644,0.2646,0.2631,0.2638,1622831.4
2025-12-26 08:00:00,0.2639,0.2654,0.2636,0.2651,1632392.0
2025-12-26 08:15:00,0.2652,0.2668,0.2648,0.2659,2419849.6
2025-12-26 08:30:00,0.266,0.266,0.2653,0.2658,891383.7
2025-12-26 08:45:00,0.2659,0.2682,0.2654,0.2665,5067100.6
2025-12-26 09:00:00,0.2666,0.2673,0.2649,0.2651,2663215.6
2025-12-26 09:15:00,0.2652,0.2655,0.265,0.2654,1215265.8
2025-12-26 09:30:00,0.2655,0.2662,0.2655,0.2661,548258.1
2025-12-26 09:45:00,0.2661,0.2669,0.2658,0.2668,2108621.6
2025-12-26 10:00:00,0.2669,0.267,0.2663,0.2667,883170.9
2025-12-26 10:15:00,0.2668,0.2669,0.2661,0.2668,685944.5
2025-12-26 10:30:00,0.2668,0.267,0.2663,0.2667,679883.9
2025-12-26 10:45:00,0.2668,0.2672,0.2665,0.2667,1130400.6
2025-12-26 11:00:00,0.2668,0.2673,0.2665,0.2668,1137789.8
2025-12-26 11:15:00,0.2669,0.2671,0.2661,0.2666,738378.5
2025-12-26 11:30:00,0.2667,0.2671,0.2667,0.267,473190.1
2025-12-26 11:45:00,0.2671,0.2675,0.2669,0.2672,715968.1
2025-12-26 12:00:00,0.2673,0.2684,0.2672,0.2682,1270523.4
2025-12-26 12:15:00,0.2683,0.2684,0.2673,0.2682,1810407.7
2025-12-26 12:30:00,0.2682,0.2691,0.2679,0.2689,1481581.6
2025-12-26 12:45:00,0.269,0.27,0.269,0.2697,1950152.3
2025-12-26 13:00:00,0.2698,0.2732,0.2698,0.2715,6516081.5
2025-12-26 13:15:00,0.2715,0.2718,0.2691,0.2694,3417991.7
2025-12-26 13:30:00,0.2694,0.2699,0.2687,0.2688,1937664.8
2025-12-26 13:45:00,0.2689,0.2698,0.2688,0.269,1912173.6
2025-12-26 14:00:00,0.2691,0.2693,0.2682,0.2684,1554479.5
2025-12-26 14:15:00,0.2684,0.2689,0.2679,0.2681,771167.4
2025-12-26 14:30:00,0.2682,0.2688,0.2669,0.2678,2758611.7
2025-12-26 14:45:00,0.2677,0.2679,0.2632,0.2638,8320092.9
2025-12-26 15:00:00,0.2637,0.2647,0.2611,0.262,7146829.5
2025-12-26 15:15:00,0.2619,0.2632,0.2609,0.2626,3182455.9
2025-12-26 15:30:00,0.2626,0.2643,0.2622,0.263,2218777.3
2025-12-26 15:45:00,0.2631,0.2643,0.2624,0.2631,1311438.8
2025-12-26 16:00:00,0.2632,0.2639,0.2621,0.2622,1615845.1
2025-12-26 16:15:00,0.2623,0.263,0.2619,0.2625,852147.1
2025-12-26 16:30:00,0.2625,0.2631,0.2614,0.2623,2205160.4
2025-12-26 16:45:00,0.2623,0.2628,0.2588,0.2593,4992782.5
2025-12-26 17:00:00,0.2593,0.2608,0.2592,0.2599,2545824.6
2025-12-26 17:15:00,0.26,0.2627,0.2589,0.2621,4193533.2
2025-12-26 17:30:00,0.2621,0.264,0.262,0.2634,4455628.1
2025-12-26 17:45:00,0.2635,0.2641,0.2625,0.2629,2098041.6
2025-12-26 18:00:00,0.2629,0.264,0.2627,0.2637,1123444.4
2025-12-26 18:15:00,0.2638,0.2648,0.2636,0.264,1998642.4
2025-12-26 18:30:00,0.2641,0.2659,0.2641,0.2655,1350239.5
2025-12-26 18:45:00,0.2656,0.2658,0.2647,0.2651,929247.6
2025-12-26 19:00:00,0.2652,0.267,0.2649,0.266,1155534.2
2025-12-26 19:15:00,0.2661,0.2668,0.2656,0.2664,678423.0
2025-12-26 19:30:00,0.2664,0.2679,0.2664,0.2675,1061437.7
2025-12-26 19:45:00,0.2676,0.2681,0.267,0.2672,867644.1
2025-12-26 20:00:00,0.2673,0.2676,0.2666,0.2673,596504.0
2025-12-26 20:15:00,0.2674,0.2679,0.2672,0.2676,479352.9
2025-12-26 20:30:00,0.2677,0.2682,0.2673,0.2681,773707.3
2025-12-26 20:45:00,0.2681,0.2691,0.2676,0.2678,1225727.2
2025-12-26 21:00:00,0.2679,0.2684,0.2674,0.268,1229974.6
2025-12-26 21:15:00,0.268,0.2681,0.2673,0.2674,522442.9
2025-12-26 21:30:00,0.2674,0.2674,0.2665,0.2671,1000418.5
2025-12-26 21:45:00,0.2672,0.2674,0.2664,0.2665,833693.4
2025-12-26 22:00:00,0.2665,0.2674,0.2661,0.2665,692911.2
2025-12-26 22:15:00,0.2665,0.2675,0.2665,0.2667,503139.7
2025-12-26 22:30:00,0.2668,0.2671,0.266,0.2662,758720.7
2025-12-26 22:45:00,0.2663,0.2671,0.2662,0.267,844166.6
2025-12-26 23:00:00,0.267,0.2676,0.2668,0.267,1078311.3
2025-12-26 23:15:00,0.2671,0.2673,0.2666,0.2668,607260.4
2025-12-26 23:30:00,0.2669,0.2674,0.2668,0.267,1104386.2
2025-12-26 23:45:00,0.2671,0.2678,0.2669,0.2678,375967.2
2025-12-27 00:00:00,0.2677,0.27,0.2675,0.2692,3187426.6
2025-12-27 00:15:00,0.2692,0.2693,0.2677,0.268,1501957.3
2025-12-27 00:30:00,0.268,0.2688,0.2676,0.2684,735358.8
2025-12-27 00:45:00,0.2685,0.2691,0.2681,0.2689,590857.9
2025-12-27 01:00:00,0.269,0.2692,0.2687,0.269,719655.5
2025-12-27 01:15:00,0.269,0.2691,0.2681,0.2688,969812.0
2025-12-27 01:30:00,0.2689,0.27,0.2689,0.2696,721365.0
2025-12-27 01:45:00,0.2697,0.2713,0.2695,0.2712,1070664.1
2025-12-27 02:00:00,0.2712,0.2713,0.2702,0.2704,1460917.8
2025-12-27 02:15:00,0.2705,0.2705,0.2697,0.2703,907088.6
2025-12-27 02:30:00,0.2704,0.271,0.2703,0.2708,587535.9
2025-12-27 02:45:00,0.2709,0.2724,0.2708,0.2722,1150340.2
2025-12-27 03:00:00,0.2723,0.2725,0.2708,0.2709,1472967.4
2025-12-27 03:15:00,0.271,0.2722,0.2709,0.2717,999378.3
2025-12-27 03:30:00,0.2717,0.2725,0.2713,0.2715,1566067.1
2025-12-27 03:45:00,0.2715,0.2723,0.2715,0.2723,464461.1
2025-12-27 04:00:00,0.2723,0.2725,0.2716,0.2718,645038.7
2025-12-27 04:15:00,0.2718,0.2718,0.2713,0.2715,343083.8
2025-12-27 04:30:00,0.2715,0.2715,0.2706,0.2709,873710.7
2025-12-27 04:45:00,0.2709,0.271,0.2704,0.2708,572496.9
2025-12-27 05:00:00,0.2708,0.2711,0.27,0.2704,877307.0
2025-12-27 05:15:00,0.2704,0.2706,0.2701,0.2703,628100.7
2025-12-27 05:30:00,0.2703,0.2709,0.2698,0.2701,872971.0
2025-12-27 05:45:00,0.27,0.2707,0.27,0.2704,713858.9
2025-12-27 06:00:00,0.2704,0.2705,0.27,0.2702,458137.2
2025-12-27 06:15:00,0.2702,0.2705,0.2699,0.2703,450403.7
2025-12-27 06:30:00,0.2703,0.2703,0.2695,0.2698,738871.8
2025-12-27 06:45:00,0.2698,0.27,0.2696,0.27,316023.3
2025-12-27 07:00:00,0.2699,0.271,0.2698,0.2706,859458.8
2025-12-27 07:15:00,0.2706,0.2714,0.2705,0.2712,825902.0
2025-12-27 07:30:00,0.2713,0.2714,0.2707,0.2709,995274.3
2025-12-27 07:45:00,0.2708,0.2709,0.2704,0.2706,271425.2
2025-12-27 08:00:00,0.2706,0.2713,0.2705,0.2708,838698.1
2025-12-27 08:15:00,0.2708,0.2711,0.2706,0.2707,291188.2
2025-12-27 08:30:00,0.2706,0.2708,0.2702,0.2705,419641.0
2025-12-27 08:45:00,0.2704,0.2705,0.2701,0.2705,214171.9
2025-12-27 09:00:00,0.2705,0.2711,0.2703,0.2709,688789.8
2025-12-27 09:15:00,0.2709,0.272,0.2702,0.2705,1046365.7
2025-12-27 09:30:00,0.2705,0.2709,0.2701,0.2706,752431.9
2025-12-27 09:45:00,0.2705,0.2705,0.2697,0.27,1082548.2
2025-12-27 10:00:00,0.27,0.2704,0.2694,0.2702,843318.6
2025-12-27 10:15:00,0.2702,0.2707,0.269,0.2692,1520338.6
2025-12-27 10:30:00,0.2692,0.2699,0.2682,0.2691,2604564.5
2025-12-27 10:45:00,0.269,0.2709,0.2689,0.2707,1093897.2
2025-12-27 11:00:00,0.2708,0.2714,0.2704,0.2709,1498722.4
2025-12-27 11:15:00,0.2709,0.2725,0.2708,0.2721,1064128.0
2025-12-27 11:30:00,0.272,0.2726,0.2715,0.2717,1126716.3
2025-12-27 11:45:00,0.2716,0.2744,0.2715,0.2743,3102269.2
2025-12-27 12:00:00,0.2744,0.2753,0.2727,0.2734,3748333.7
2025-12-27 12:15:00,0.2734,0.2738,0.2726,0.2733,1606968.6
2025-12-27 12:30:00,0.2732,0.2737,0.2728,0.2736,642960.6
2025-12-27 12:45:00,0.2736,0.2739,0.2729,0.2733,841010.4
2025-12-27 13:00:00,0.2732,0.2735,0.2724,0.2734,1201361.0
2025-12-27 13:15:00,0.2734,0.2734,0.2718,0.272,750638.5
2025-12-27 13:30:00,0.272,0.2721,0.2712,0.2716,1478439.3
2025-12-27 13:45:00,0.2716,0.2719,0.2712,0.2716,606963.4
2025-12-27 14:00:00,0.2716,0.2728,0.2715,0.2725,931486.6
2025-12-27 14:15:00,0.2725,0.2728,0.2721,0.2728,653181.3
2025-12-27 14:30:00,0.2728,0.2738,0.2727,0.2735,1846010.3
2025-12-27 14:45:00,0.2735,0.2739,0.273,0.2737,685454.6
2025-12-27 15:00:00,0.2737,0.2739,0.2733,0.2737,959950.6
2025-12-27 15:15:00,0.2736,0.2741,0.2732,0.2741,630568.2
2025-12-27 15:30:00,0.2741,0.2746,0.2736,0.274,695608.2
2025-12-27 15:45:00,0.274,0.2748,0.2737,0.2741,779390.3
2025-12-27 16:00:00,0.2741,0.2756,0.2741,0.275,2667322.1
2025-12-27 16:15:00,0.2751,0.276,0.2749,0.2752,1306029.7
2025-12-27 16:30:00,0.2752,0.2759,0.2751,0.2753,670849.2
2025-12-27 16:45:00,0.2753,0.2759,0.275,0.2754,724839.4
2025-12-27 17:00:00,0.2755,0.2759,0.2751,0.2754,1214498.2
2025-12-27 17:15:00,0.2753,0.2757,0.2747,0.2754,1012357.9
2025-12-27 17:30:00,0.2754,0.276,0.2743,0.2748,2229830.9
2025-12-27 17:45:00,0.2747,0.275,0.2734,0.2743,2341141.3
2025-12-27 18:00:00,0.2743,0.2748,0.2735,0.2738,1100864.8
2025-12-27 18:15:00,0.2737,0.2738,0.273,0.2734,462684.3
2025-12-27 18:30:00,0.2733,0.2736,0.273,0.2731,482968.4
2025-12-27 18:45:00,0.273,0.2748,0.273,0.2743,1730527.0
2025-12-27 19:00:00,0.2743,0.2744,0.2733,0.2737,764094.1
2025-12-27 19:15:00,0.2736,0.2737,0.2732,0.2734,267107.2
2025-12-27 19:30:00,0.2733,0.2734,0.273,0.2733,385411.2
2025-12-27 19:45:00,0.2733,0.2737,0.2729,0.2732,355443.5
2025-12-27 20:00:00,0.2731,0.2742,0.2731,0.2736,660111.5
2025-12-27 20:15:00,0.2735,0.2738,0.2728,0.273,326854.2
2025-12-27 20:30:00,0.273,0.2733,0.2726,0.2728,252967.8
2025-12-27 20:45:00,0.2727,0.273,0.2726,0.273,222049.2
2025-12-27 21:00:00,0.2729,0.2747,0.2729,0.2746,595775.6
2025-12-27 21:15:00,0.2746,0.2757,0.2743,0.2756,824719.6
2025-12-27 21:30:00,0.2757,0.2768,0.2754,0.2761,1238219.4
2025-12-27 21:45:00,0.2761,0.2767,0.2761,0.2764,378513.8
2025-12-27 22:00:00,0.2765,0.2795,0.2763,0.2792,2407363.7
2025-12-27 22:15:00,0.2792,0.2797,0.2759,0.2761,2573667.9
2025-12-27 22:30:00,0.2762,0.2762,0.2745,0.2749,719361.2
2025-12-27 22:45:00,0.2749,0.2761,0.2746,0.2756,373802.3
2025-12-27 23:00:00,0.2757,0.2774,0.2757,0.2769,755239.8
2025-12-27 23:15:00,0.2769,0.278,0.2765,0.2766,922545.1
2025-12-27 23:30:00,0.2766,0.2771,0.2762,0.2764,546044.1
2025-12-27 23:45:00,0.2764,0.2809,0.2763,0.2785,3272435.8
2025-12-28 00:00:00,0.2784,0.2796,0.2773,0.2776,1553468.9
2025-12-28 00:15:00,0.2776,0.2783,0.2774,0.2775,484120.4
2025-12-28 00:30:00,0.2774,0.2779,0.2773,0.2775,659254.4
2025-12-28 00:45:00,0.2775,0.2778,0.2769,0.2771,607493.5
2025-12-28 01:00:00,0.2771,0.2779,0.2764,0.2764,598361.3
2025-12-28 01:15:00,0.2764,0.2766,0.2754,0.2757,701041.4
2025-12-28 01:30:00,0.2756,0.2764,0.2754,0.2758,376024.7
2025-12-28 01:45:00,0.2759,0.2761,0.2754,0.2759,242635.2
2025-12-28 02:00:00,0.2759,0.2763,0.2758,0.276,234782.4
2025-12-28 02:15:00,0.276,0.2768,0.2758,0.2764,233074.1
2025-12-28 02:30:00,0.2764,0.2774,0.2763,0.2773,856457.7
2025-12-28 02:45:00,0.2773,0.2774,0.2765,0.2765,255278.1
2025-12-28 03:00:00,0.2766,0.2766,0.2756,0.2759,526738.0
2025-12-28 03:15:00,0.2759,0.2764,0.2758,0.2761,647147.4
2025-12-28 03:30:00,0.2762,0.2772,0.2762,0.2765,1490683.0
2025-12-28 03:45:00,0.2766,0.2772,0.2765,0.2769,323903.0
2025-12-28 04:00:00,0.2769,0.2776,0.2765,0.2773,421379.3
2025-12-28 04:15:00,0.2773,0.2779,0.2769,0.2775,511354.1
2025-12-28 04:30:00,0.2776,0.2778,0.2766,0.2767,264499.2
2025-12-28 04:45:00,0.2767,0.2771,0.2764,0.2768,288431.6
2025-12-28 05:00:00,0.2769,0.2772,0.2765,0.2766,380538.6
2025-12-28 05:15:00,0.2766,0.2768,0.2761,0.2765,328141.4
2025-12-28 05:30:00,0.2765,0.2778,0.2765,0.2776,511656.5
2025-12-28 05:45:00,0.2777,0.2778,0.2767,0.2768,601150.4
2025-12-28 06:00:00,0.2768,0.2773,0.2765,0.2772,535099.1
2025-12-28 06:15:00,0.2772,0.2777,0.2766,0.2769,342457.2
2025-12-28 06:30:00,0.277,0.2784,0.2768,0.2777,798164.9
2025-12-28 06:45:00,0.2778,0.278,0.2773,0.2775,524210.9
2025-12-28 07:00:00,0.2775,0.2784,0.2771,0.2783,836452.4
2025-12-28 07:15:00,0.2784,0.2785,0.2774,0.2775,655556.2
2025-12-28 07:30:00,0.2775,0.2776,0.2768,0.2769,354429.8
2025-12-28 07:45:00,0.2769,0.2777,0.2768,0.2773,306163.7
2025-12-28 08:00:00,0.2774,0.2783,0.2773,0.2779,493605.3
2025-12-28 08:15:00,0.278,0.278,0.2773,0.2774,121741.4
2025-12-28 08:30:00,0.2774,0.2786,0.2769,0.2777,533013.0
2025-12-28 08:45:00,0.2778,0.2782,0.277,0.2771,511436.5
2025-12-28 09:00:00,0.2772,0.2772,0.2765,0.2769,589418.2
2025-12-28 09:15:00,0.277,0.2774,0.2768,0.2772,162741.7
2025-12-28 09:30:00,0.2773,0.2773,0.2757,0.2764,667498.0
2025-12-28 09:45:00,0.2765,0.2766,0.2761,0.2765,222752.0
2025-12-28 10:00:00,0.2766,0.2778,0.2764,0.2776,598182.3
2025-12-28 10:15:00,0.2776,0.2777,0.2771,0.2774,385063.0
2025-12-28 10:30:00,0.2774,0.2776,0.2766,0.2767,241521.5
2025-12-28 10:45:00,0.2767,0.2769,0.2765,0.2766,207829.8
2025-12-28 11:00:00,0.2766,0.2775,0.2765,0.2774,450627.0
2025-12-28 11:15:00,0.2775,0.2775,0.2764,0.2764,346677.1
2025-12-28 11:30:00,0.2765,0.2765,0.2746,0.275,1089145.0
2025-12-28 11:45:00,0.2751,0.2759,0.2748,0.2754,1541418.8
2025-12-28 12:00:00,0.2755,0.2756,0.275,0.2754,548693.4
2025-12-28 12:15:00,0.2754,0.2755,0.2749,0.2754,495023.3
2025-12-28 12:30:00,0.2754,0.2756,0.274,0.2744,592407.5
2025-12-28 12:45:00,0.2743,0.2745,0.2737,0.2742,579173.5
2025-12-28 13:00:00,0.2742,0.2756,0.2741,0.2747,678484.1
2025-12-28 13:15:00,0.2747,0.2752,0.2745,0.2746,250498.9
2025-12-28 13:30:00,0.2746,0.2754,0.2746,0.2753,492210.1
2025-12-28 13:45:00,0.2753,0.2755,0.2747,0.2754,341092.6
2025-12-28 14:00:00,0.2753,0.2758,0.2752,0.2756,516187.8
2025-12-28 14:15:00,0.2757,0.2772,0.2756,0.2769,1396469.1
2025-12-28 14:30:00,0.2769,0.2777,0.2762,0.2772,2289112.8
2025-12-28 14:45:00,0.2772,0.2776,0.2763,0.2767,1385107.9
2025-12-28 15:00:00,0.2767,0.2777,0.2765,0.2767,1170672.9
2025-12-28 15:15:00,0.2767,0.2772,0.2761,0.2763,366246.2
2025-12-28 15:30:00,0.2763,0.2763,0.2752,0.2755,611884.5
2025-12-28 15:45:00,0.2755,0.2762,0.2751,0.2755,772002.7
2025-12-28 16:00:00,0.2755,0.2761,0.2753,0.2759,527909.8
2025-12-28 16:15:00,0.276,0.2761,0.2742,0.2751,1679065.8
2025-12-28 16:30:00,0.2751,0.2756,0.2749,0.2754,602658.0
2025-12-28 16:45:00,0.2754,0.276,0.2752,0.2753,555512.8
2025-12-28 17:00:00,0.2753,0.2764,0.2753,0.2761,413422.5
2025-12-28 17:15:00,0.2761,0.2768,0.2758,0.2759,740870.7
2025-12-28 17:30:00,0.2759,0.276,0.2753,0.2756,342237.6
2025-12-28 17:45:00,0.2755,0.2756,0.275,0.2753,306283.5
2025-12-28 18:00:00,0.2754,0.2756,0.274,0.2743,921332.1
2025-12-28 18:15:00,0.2743,0.2745,0.2719,0.2733,3762854.9
2025-12-28 18:30:00,0.2733,0.2736,0.2727,0.2727,1200580.7
2025-12-28 18:45:00,0.2727,0.2728,0.2711,0.2714,2236969.4
2025-12-28 19:00:00,0.2714,0.2728,0.2707,0.2723,2163495.9
2025-12-28 19:15:00,0.2723,0.2726,0.2711,0.2711,593243.1
2025-12-28 19:30:00,0.2711,0.2719,0.2706,0.2706,630536.6
2025-12-28 19:45:00,0.2706,0.2711,0.2693,0.2707,2649225.5
2025-12-28 20:00:00,0.2707,0.2709,0.2689,0.2706,2923819.8
2025-12-28 20:15:00,0.2706,0.2713,0.2704,0.2711,595375.8
2025-12-28 20:30:00,0.2712,0.2716,0.2709,0.2711,449880.6
2025-12-28 20:45:00,0.2712,0.2715,0.2703,0.2704,408039.9
2025-12-28 21:00:00,0.2704,0.2709,0.2696,0.2699,1168688.1
2025-12-28 21:15:00,0.27,0.2703,0.2693,0.2698,536320.1
2025-12-28 21:30:00,0.2698,0.2708,0.2697,0.2706,1068907.1
2025-12-28 21:45:00,0.2705,0.2711,0.2705,0.2711,452294.3
2025-12-28 22:00:00,0.271,0.2711,0.2704,0.2711,519001.3
2025-12-28 22:15:00,0.2711,0.2716,0.2707,0.2715,387015.0
2025-12-28 22:30:00,0.2714,0.2717,0.271,0.2715,317996.6
2025-12-28 22:45:00,0.2715,0.2737,0.2715,0.273,1558417.1
2025-12-28 23:00:00,0.2731,0.2736,0.2714,0.2716,801900.1
2025-12-28 23:15:00,0.2716,0.2727,0.2714,0.2717,211424.4
2025-12-28 23:30:00,0.2717,0.2728,0.2712,0.2728,377691.2
2025-12-28 23:45:00,0.2728,0.2739,0.2726,0.2738,1467586.2
2025-12-29 00:00:00,0.2738,0.2745,0.2734,0.2736,1231120.8
2025-12-29 00:15:00,0.2737,0.2768,0.2734,0.2766,2903328.4
2025-12-29 00:30:00,0.2767,0.2787,0.2761,0.2764,3405790.8
2025-12-29 00:45:00,0.2765,0.2774,0.2761,0.2762,1090705.5
2025-12-29 01:00:00,0.2762,0.2764,0.2739,0.2741,1359195.3
2025-12-29 01:15:00,0.2741,0.2744,0.2731,0.2741,1044765.8
2025-12-29 01:30:00,0.2741,0.2787,0.2731,0.277,4529116.0
2025-12-29 01:45:00,0.277,0.2782,0.277,0.2776,1506801.7
2025-12-29 02:00:00,0.2775,0.2808,0.2774,0.2793,5143914.1
2025-12-29 02:15:00,0.2793,0.2796,0.2771,0.278,3217440.1
2025-12-29 02:30:00,0.278,0.2784,0.2771,0.2774,1250525.7
2025-12-29 02:45:00,0.2775,0.2779,0.277,0.2776,760570.1
2025-12-29 03:00:00,0.2777,0.2793,0.2776,0.279,1675043.8
2025-12-29 03:15:00,0.2791,0.2793,0.2782,0.2792,1067099.3
2025-12-29 03:30:00,0.2792,0.2832,0.279,0.2823,4804824.1
2025-12-29 03:45:00,0.2823,0.283,0.2813,0.2826,1650141.9
2025-12-29 04:00:00,0.2826,0.283,0.2811,0.282,2181405.6
2025-12-29 04:15:00,0.282,0.2824,0.2809,0.2819,1501956.0
2025-12-29 04:30:00,0.2818,0.2838,0.2813,0.2823,2451958.2
2025-12-29 04:45:00,0.2822,0.2823,0.2816,0.2821,1284757.3
2025-12-29 05:00:00,0.282,0.2822,0.2806,0.2817,1597120.9
2025-12-29 05:15:00,0.2816,0.282,0.2812,0.2819,900457.7
2025-12-29 05:30:00,0.2819,0.2838,0.2815,0.2838,2534472.4
2025-12-29 05:45:00,0.2838,0.2838,0.2816,0.2818,1409139.3
2025-12-29 06:00:00,0.2818,0.282,0.2805,0.2812,991790.7
2025-12-29 06:15:00,0.2811,0.2826,0.2805,0.2818,2540743.1
2025-12-29 06:30:00,0.2818,0.2825,0.2813,0.2823,1109036.3
2025-12-29 06:45:00,0.2822,0.2824,0.2808,0.2812,867954.8
2025-12-29 07:00:00,0.2812,0.2813,0.2785,0.2796,2675891.3
2025-12-29 07:15:00,0.2796,0.2799,0.2791,0.2795,1085580.4
2025-12-29 07:30:00,0.2795,0.2816,0.2795,0.2809,795583.3
2025-12-29 07:45:00,0.2808,0.2819,0.2808,0.2816,351890.8
2025-12-29 08:00:00,0.2815,0.2824,0.2812,0.2814,1459609.3
2025-12-29 08:15:00,0.2814,0.2823,0.2812,0.2817,1690572.6
2025-12-29 08:30:00,0.2816,0.2818,0.2807,0.2808,1267598.1
2025-12-29 08:45:00,0.2808,0.2816,0.28,0.2805,825435.5
2025-12-29 09:00:00,0.2805,0.2807,0.2793,0.2795,837520.2
2025-12-29 09:15:00,0.2795,0.2802,0.2791,0.2796,812763.7
2025-12-29 09:30:00,0.2796,0.2798,0.2747,0.2754,4557301.8
2025-12-29 09:45:00,0.2754,0.2764,0.2736,0.276,4055178.6
2025-12-29 10:00:00,0.276,0.2783,0.2754,0.2774,2105040.8
2025-12-29 10:15:00,0.2774,0.2777,0.2768,0.2777,862869.9
2025-12-29 10:30:00,0.2776,0.278,0.2773,0.278,594777.4
2025-12-29 10:45:00,0.2779,0.2786,0.2771,0.2776,870042.1
2025-12-29 11:00:00,0.2775,0.278,0.2766,0.2779,938087.2
2025-12-29 11:15:00,0.2778,0.2784,0.2771,0.2771,639477.5
2025-12-29 11:30:00,0.2771,0.2771,0.276,0.2761,1003594.6
2025-12-29 11:45:00,0.276,0.2765,0.2756,0.2757,734562.4
2025-12-29 12:00:00,0.2757,0.276,0.2698,0.2706,6701791.2
2025-12-29 12:15:00,0.2705,0.2726,0.269,0.2716,4064635.5
2025-12-29 12:30:00,0.2717,0.2733,0.2713,0.2723,3555257.8
2025-12-29 12:45:00,0.2722,0.2731,0.2721,0.273,1004950.9
2025-12-29 13:00:00,0.2729,0.2734,0.2723,0.2726,1115687.5
2025-12-29 13:15:00,0.2726,0.2734,0.2714,0.2715,1237622.0
2025-12-29 13:30:00,0.2714,0.272,0.2713,0.2719,1067461.4
2025-12-29 13:45:00,0.2719,0.2722,0.2706,0.2714,824033.3
2025-12-29 14:00:00,0.2713,0.2714,0.2702,0.271,1250374.9
2025-12-29 14:15:00,0.271,0.2716,0.2695,0.2715,1839086.5
2025-12-29 14:30:00,0.2714,0.276,0.2708,0.2745,8752362.4
2025-12-29 14:45:00,0.2745,0.2752,0.271,0.2717,5316961.4
2025-12-29 15:00:00,0.2717,0.274,0.2715,0.2732,7506822.4
2025-12-29 15:15:00,0.2732,0.2743,0.2723,0.2737,2251388.4
2025-12-29 15:30:00,0.2737,0.2749,0.2733,0.2748,1906783.9
2025-12-29 15:45:00,0.2747,0.2748,0.2723,0.2729,3981624.1
2025-12-29 16:00:00,0.2728,0.2735,0.2722,0.2733,1780436.5
2025-12-29 16:15:00,0.2732,0.2732,0.2711,0.2716,3643882.7
2025-12-29 16:30:00,0.2715,0.2722,0.2712,0.2713,1034976.3
2025-12-29 16:45:00,0.2714,0.2729,0.2713,0.2716,1291267.1
2025-12-29 17:00:00,0.2716,0.2726,0.2715,0.272,777453.8
2025-12-29 17:15:00,0.272,0.2724,0.2702,0.2708,1138070.7
2025-12-29 17:30:00,0.2708,0.2713,0.2703,0.2707,655953.1
2025-12-29 17:45:00,0.2708,0.2741,0.2708,0.2739,3234573.6
2025-12-29 18:00:00,0.2739,0.2748,0.2732,0.2738,1915632.9
2025-12-29 18:15:00,0.2737,0.2747,0.2727,0.2727,721637.5
2025-12-29 18:30:00,0.2728,0.2738,0.2726,0.2728,680618.5
2025-12-29 18:45:00,0.2729,0.2729,0.2712,0.2718,1348289.4
2025-12-29 19:00:00,0.2717,0.2742,0.2707,0.2731,2581883.9
2025-12-29 19:15:00,0.2732,0.2736,0.2715,0.2718,2346045.7
2025-12-29 19:30:00,0.2718,0.2724,0.2707,0.2711,1849423.1
2025-12-29 19:45:00,0.271,0.2715,0.2707,0.2709,1066377.9
2025-12-29 20:00:00,0.2709,0.2714,0.2704,0.2713,976906.3
2025-12-29 20:15:00,0.2713,0.2719,0.2698,0.2699,1094586.3
2025-12-29 20:30:00,0.2699,0.2706,0.2691,0.2694,1972364.3
2025-12-29 20:45:00,0.2694,0.2702,0.2691,0.2699,828850.9
2025-12-29 21:00:00,0.2699,0.2718,0.2698,0.2717,1598011.9
2025-12-29 21:15:00,0.2717,0.2718,0.2704,0.2707,582303.7
2025-12-29 21:30:00,0.2708,0.2714,0.2702,0.2711,470808.5
2025-12-29 21:45:00,0.2711,0.2711,0.2704,0.2706,349193.8
2025-12-29 22:00:00,0.2706,0.2706,0.2698,0.2701,519381.7
2025-12-29 22:15:00,0.2702,0.2709,0.27,0.2702,509008.3
2025-12-29 22:30:00,0.2702,0.2712,0.2701,0.2708,438657.3
2025-12-29 22:45:00,0.2708,0.2708,0.2701,0.2701,129546.8
2025-12-29 23:00:00,0.2701,0.2702,0.2684,0.2698,1427952.2
2025-12-29 23:15:00,0.2698,0.27,0.2682,0.2685,1085646.9
2025-12-29 23:30:00,0.2684,0.2692,0.2683,0.2689,548570.1
2025-12-29 23:45:00,0.2688,0.2693,0.2683,0.2691,1226705.9
2025-12-30 00:00:00,0.2691,0.2708,0.2689,0.2702,880163.8
2025-12-30 00:15:00,0.2701,0.2706,0.2689,0.269,358025.1
2025-12-30 00:30:00,0.2691,0.2691,0.2674,0.2689,2074299.2
2025-12-30 00:45:00,0.2689,0.2695,0.2688,0.2695,542466.6
2025-12-30 01:00:00,0.2695,0.2702,0.2684,0.2695,592544.1
2025-12-30 01:15:00,0.2695,0.2702,0.2691,0.2696,306823.3
2025-12-30 01:30:00,0.2696,0.27,0.2689,0.2697,555292.8
2025-12-30 01:45:00,0.2697,0.2708,0.2696,0.2697,1022716.1
2025-12-30 02:00:00,0.2698,0.2699,0.2688,0.2693,755099.2
2025-12-30 02:15:00,0.2692,0.2702,0.2688,0.2688,541054.6
2025-12-30 02:30:00,0.2689,0.2693,0.2676,0.2686,1373665.5
2025-12-30 02:45:00,0.2685,0.2686,0.2674,0.2683,751266.0
2025-12-30 03:00:00,0.2682,0.2685,0.2668,0.267,1123572.0
2025-12-30 03:15:00,0.267,0.2686,0.266,0.268,3210643.6
2025-12-30 03:30:00,0.2679,0.268,0.2669,0.2674,1963892.6
2025-12-30 03:45:00,0.2674,0.2689,0.2672,0.2681,1215023.2
2025-12-30 04:00:00,0.2681,0.2686,0.2672,0.2675,598693.8
2025-12-30 04:15:00,0.2675,0.2697,0.2674,0.2695,637116.8
2025-12-30 04:30:00,0.2696,0.2698,0.2688,0.2693,535747.7
2025-12-30 04:45:00,0.2693,0.2695,0.2684,0.2688,581353.9
2025-12-30 05:00:00,0.2687,0.2688,0.268,0.2685,437606.9
2025-12-30 05:15:00,0.2684,0.2686,0.2674,0.2676,694195.2
2025-12-30 05:30:00,0.2675,0.2676,0.2662,0.2669,758201.0
2025-12-30 05:45:00,0.2669,0.2678,0.2667,0.2675,561846.0
2025-12-30 06:00:00,0.2675,0.269,0.2672,0.2686,1061120.3
2025-12-30 06:15:00,0.2686,0.2697,0.2686,0.2691,812807.6
2025-12-30 06:30:00,0.2691,0.2703,0.2688,0.2696,1090262.1
2025-12-30 06:45:00,0.2697,0.2701,0.2688,0.2689,727209.6
2025-12-30 07:00:00,0.2689,0.2695,0.2686,0.2693,785492.8
2025-12-30 07:15:00,0.2693,0.2701,0.2683,0.2683,660391.6
2025-12-30 07:30:00,0.2683,0.2692,0.2679,0.2687,632238.6
2025-12-30 07:45:00,0.2687,0.2688,0.2683,0.2685,186988.2
2025-12-30 08:00:00,0.2686,0.275,0.2685,0.2741,6745603.6
2025-12-30 08:15:00,0.2741,0.2757,0.2724,0.2726,3036506.2
2025-12-30 08:30:00,0.2727,0.2738,0.2726,0.2731,1410113.3
2025-12-30 08:45:00,0.2731,0.2733,0.2726,0.2727,655278.5
2025-12-30 09:00:00,0.2728,0.2733,0.2723,0.2723,1192353.8
2025-12-30 09:15:00,0.2724,0.2731,0.2721,0.2729,910237.9
2025-12-30 09:30:00,0.273,0.2739,0.2729,0.2734,977171.8
2025-12-30 09:45:00,0.2735,0.2752,0.2733,0.2744,919433.5
2025-12-30 10:00:00,0.2745,0.2749,0.2741,0.2741,864584.8
2025-12-30 10:15:00,0.2741,0.2748,0.2731,0.2731,1721845.5
2025-12-30 10:30:00,0.2731,0.2736,0.2723,0.2735,911243.2
2025-12-30 10:45:00,0.2735,0.2737,0.2727,0.2732,1420013.0
2025-12-30 11:00:00,0.2732,0.2735,0.2726,0.2732,480137.5
2025-12-30 11:15:00,0.2732,0.2735,0.2727,0.2728,589428.3
2025-12-30 11:30:00,0.2728,0.2736,0.2726,0.2727,431668.9
2025-12-30 11:45:00,0.2728,0.2743,0.2728,0.2743,2041701.5
2025-12-30 12:00:00,0.2743,0.2746,0.2738,0.2742,1537374.3
2025-12-30 12:15:00,0.2743,0.2747,0.2738,0.2739,596671.6
2025-12-30 12:30:00,0.2739,0.2746,0.2731,0.2733,951964.2
2025-12-30 12:45:00,0.2733,0.2736,0.273,0.2732,527286.2
2025-12-30 13:00:00,0.2733,0.2742,0.2729,0.274,1147849.5
2025-12-30 13:15:00,0.274,0.2751,0.2739,0.2747,1049228.5
2025-12-30 13:30:00,0.2748,0.275,0.2736,0.2741,1129591.4
2025-12-30 13:45:00,0.2742,0.2744,0.2737,0.274,458248.1
2025-12-30 14:00:00,0.274,0.274,0.2705,0.2718,4905282.0
2025-12-30 14:15:00,0.2718,0.2733,0.2709,0.2711,1227238.4
2025-12-30 14:30:00,0.271,0.2724,0.2698,0.2718,2686560.7
2025-12-30 14:45:00,0.2719,0.2755,0.2714,0.2737,3738280.6
2025-12-30 15:00:00,0.2737,0.2745,0.2709,0.2718,2463931.8
2025-12-30 15:15:00,0.2719,0.2733,0.2718,0.2729,1492356.6
2025-12-30 15:30:00,0.273,0.2738,0.2724,0.2734,1835795.4
2025-12-30 15:45:00,0.2735,0.275,0.273,0.2746,1571954.3
2025-12-30 16:00:00,0.2747,0.2752,0.2733,0.2735,1531652.3
2025-12-30 16:15:00,0.2736,0.2762,0.2736,0.2747,2291692.9
2025-12-30 16:30:00,0.2748,0.2749,0.2715,0.2719,3031639.2
2025-12-30 16:45:00,0.272,0.2724,0.2714,0.2723,990821.1
2025-12-30 17:00:00,0.2723,0.273,0.2721,0.2721,971830.5
2025-12-30 17:15:00,0.2721,0.2724,0.2713,0.2715,1184228.4
2025-12-30 17:30:00,0.2715,0.2721,0.2708,0.2709,660786.0
2025-12-30 17:45:00,0.271,0.2716,0.2694,0.2709,3387948.1
2025-12-30 18:00:00,0.2709,0.2716,0.2705,0.2713,922201.5
2025-12-30 18:15:00,0.2713,0.2717,0.2707,0.2709,758706.1
2025-12-30 18:30:00,0.271,0.2714,0.2707,0.2711,418451.4
2025-12-30 18:45:00,0.2711,0.2711,0.2699,0.2711,815196.6
2025-12-30 19:00:00,0.271,0.271,0.269,0.2703,2155808.6
2025-12-30 19:15:00,0.2702,0.2718,0.2698,0.2716,1536341.5
2025-12-30 19:30:00,0.2716,0.2726,0.2715,0.2721,845691.8
2025-12-30 19:45:00,0.2721,0.273,0.2718,0.2726,1161183.5
2025-12-30 20:00:00,0.2726,0.2727,0.2715,0.2717,695119.4
2025-12-30 20:15:00,0.2718,0.2722,0.2712,0.2712,422797.7
2025-12-30 20:30:00,0.2713,0.2715,0.271,0.271,652495.8
2025-12-30 20:45:00,0.2709,0.2711,0.2702,0.2704,649566.5
2025-12-30 21:00:00,0.2705,0.2716,0.2702,0.2709,963739.8
2025-12-30 21:15:00,0.271,0.2712,0.2703,0.2704,398508.4
2025-12-30 21:30:00,0.2705,0.2706,0.2696,0.2698,1856149.8
2025-12-30 21:45:00,0.2698,0.2703,0.2696,0.2703,444539.3
2025-12-30 22:00:00,0.2703,0.2711,0.27,0.2709,629885.6
2025-12-30 22:15:00,0.2708,0.2709,0.2704,0.2706,296664.1
2025-12-30 22:30:00,0.2705,0.2707,0.2696,0.2698,440256.9
2025-12-30 22:45:00,0.2699,0.2707,0.2698,0.2704,261283.1
2025-12-30 23:00:00,0.2704,0.2722,0.2701,0.2713,2240187.3
2025-12-30 23:15:00,0.2712,0.2719,0.2708,0.2719,584414.0
2025-12-30 23:30:00,0.2718,0.2722,0.2715,0.2715,632372.1
2025-12-30 23:45:00,0.2715,0.272,0.2715,0.2715,340179.8
2025-12-31 00:00:00,0.2715,0.2715,0.2688,0.269,2105742.2
2025-12-31 00:15:00,0.269,0.2702,0.2689,0.2699,865972.3
2025-12-31 00:30:00,0.2698,0.2704,0.2693,0.2697,990974.3
2025-12-31 00:45:00,0.2697,0.2698,0.2689,0.2694,413458.3
2025-12-31 01:00:00,0.2694,0.2702,0.2689,0.2701,1067415.5
2025-12-31 01:15:00,0.2701,0.2726,0.2701,0.2712,2364471.5
2025-12-31 01:30:00,0.2713,0.2726,0.2712,0.2718,2475117.2
2025-12-31 01:45:00,0.2719,0.2723,0.2712,0.2712,697894.8
2025-12-31 02:00:00,0.2713,0.2717,0.2704,0.2716,1124248.4
2025-12-31 02:15:00,0.2717,0.272,0.271,0.2713,621108.5
2025-12-31 02:30:00,0.2713,0.2717,0.2701,0.2703,712184.4
2025-12-31 02:45:00,0.2704,0.2707,0.2698,0.2705,507511.7
2025-12-31 03:00:00,0.2705,0.2713,0.2704,0.2706,622571.9
2025-12-31 03:15:00,0.2706,0.2706,0.2694,0.2695,482876.4
2025-12-31 03:30:00,0.2696,0.2698,0.2689,0.2692,712840.8
2025-12-31 03:45:00,0.2693,0.2697,0.2689,0.2695,626657.3
2025-12-31 04:00:00,0.2696,0.2702,0.2692,0.2695,629159.5
2025-12-31 04:15:00,0.2695,0.27,0.2689,0.2691,483528.9
2025-12-31 04:30:00,0.2691,0.2696,0.2691,0.2693,681727.2
2025-12-31 04:45:00,0.2693,0.2695,0.2691,0.2692,571798.3
2025-12-31 05:00:00,0.2692,0.2699,0.2691,0.2696,911792.9
2025-12-31 05:15:00,0.2696,0.2703,0.2695,0.2699,895900.1
2025-12-31 05:30:00,0.27,0.2701,0.269,0.2694,1077591.6
2025-12-31 05:45:00,0.2695,0.2696,0.269,0.2693,318056.2
2025-12-31 06:00:00,0.2693,0.2708,0.269,0.2699,1686242.2
2025-12-31 06:15:00,0.27,0.2701,0.2694,0.2694,490529.5
2025-12-31 06:30:00,0.2694,0.2696,0.2691,0.2695,493662.5
2025-12-31 06:45:00,0.2696,0.2703,0.2694,0.2701,475723.7
2025-12-31 07:00:00,0.2702,0.2705,0.2697,0.2704,500010.5
2025-12-31 07:15:00,0.2705,0.2705,0.269,0.2697,662180.5
2025-12-31 07:30:00,0.2697,0.2705,0.2696,0.2702,469796.9
2025-12-31 07:45:00,0.2703,0.2707,0.2698,0.2702,660020.9
2025-12-31 08:00:00,0.2702,0.2712,0.2701,0.2709,1647474.4
2025-12-31 08:15:00,0.271,0.271,0.2702,0.2704,406886.5
2025-12-31 08:30:00,0.2705,0.2705,0.2683,0.2685,1772367.8
2025-12-31 08:45:00,0.2685,0.2686,0.2678,0.2683,1355352.7
2025-12-31 09:00:00,0.2683,0.2693,0.2682,0.2686,800330.6
2025-12-31 09:15:00,0.2687,0.2693,0.2686,0.2686,715900.5
2025-12-31 09:30:00,0.2686,0.2693,0.2682,0.2688,731768.4
2025-12-31 09:45:00,0.2689,0.2698,0.2688,0.2695,912898.0
2025-12-31 10:00:00,0.2695,0.2696,0.2687,0.2688,702892.9
2025-12-31 10:15:00,0.2688,0.2693,0.268,0.2684,1777913.9
2025-12-31 10:30:00,0.2685,0.2686,0.2678,0.2679,577776.1
2025-12-31 10:45:00,0.268,0.2683,0.2674,0.2678,827720.2
2025-12-31 11:00:00,0.2677,0.2701,0.2677,0.2694,1090934.3
2025-12-31 11:15:00,0.2693,0.2698,0.269,0.2697,625506.0
2025-12-31 11:30:00,0.2697,0.2704,0.2691,0.2701,1595928.6
2025-12-31 11:45:00,0.2701,0.2707,0.2696,0.2705,1048119.5
2025-12-31 12:00:00,0.2705,0.2706,0.2696,0.27,1115972.1
2025-12-31 12:15:00,0.27,0.2701,0.2692,0.2692,1196497.5
2025-12-31 12:30:00,0.2693,0.2701,0.2688,0.2688,1263162.2
2025-12-31 12:45:00,0.2689,0.2694,0.2684,0.269,1037342.3
2025-12-31 13:00:00,0.269,0.2697,0.2685,0.2691,601704.0
2025-12-31 13:15:00,0.2692,0.2701,0.2688,0.2699,1066051.8
2025-12-31 13:30:00,0.2698,0.2698,0.2689,0.2693,624761.9
2025-12-31 13:45:00,0.2693,0.271,0.2692,0.2706,776100.1
2025-12-31 14:00:00,0.2707,0.2731,0.2707,0.2722,3238096.4
2025-12-31 14:15:00,0.2723,0.2727,0.2709,0.2712,2585440.7
2025-12-31 14:30:00,0.2711,0.2716,0.2692,0.2699,4380981.9
2025-12-31 14:45:00,0.2699,0.2713,0.2687,0.2707,4791728.2
2025-12-31 15:00:00,0.2707,0.2714,0.2684,0.2696,2804347.9
2025-12-31 15:15:00,0.2695,0.2697,0.2684,0.2692,1241438.8
2025-12-31 15:30:00,0.2692,0.2692,0.2667,0.2677,3002131.3
2025-12-31 15:45:00,0.2678,0.2688,0.2675,0.2676,1451371.9
2025-12-31 16:00:00,0.2677,0.268,0.2667,0.2673,1767652.9
2025-12-31 16:15:00,0.2673,0.2688,0.2663,0.2666,1931851.6
2025-12-31 16:30:00,0.2666,0.2666,0.2596,0.2621,11298073.0
2025-12-31 16:45:00,0.2622,0.2632,0.2613,0.2621,3676072.1
2025-12-31 17:00:00,0.2621,0.2621,0.2608,0.2609,2307372.1
2025-12-31 17:15:00,0.2608,0.2628,0.2606,0.262,1368721.9
2025-12-31 17:30:00,0.262,0.2624,0.2605,0.2608,2975474.0
2025-12-31 17:45:00,0.2608,0.2615,0.2604,0.2613,1129569.8
2025-12-31 18:00:00,0.2613,0.2625,0.2598,0.2619,2800135.9
2025-12-31 18:15:00,0.2618,0.263,0.2617,0.2626,1116770.0
2025-12-31 18:30:00,0.2625,0.263,0.2623,0.2628,1227284.4
2025-12-31 18:45:00,0.2627,0.2629,0.2613,0.2614,648001.2
2025-12-31 19:00:00,0.2615,0.2631,0.2613,0.2627,1027818.3
2025-12-31 19:15:00,0.2627,0.2655,0.2627,0.2652,1608067.2
2025-12-31 19:30:00,0.2651,0.2658,0.2649,0.2651,1795028.8
2025-12-31 19:45:00,0.2652,0.2655,0.2645,0.2645,1114953.4
2025-12-31 20:00:00,0.2645,0.2645,0.2621,0.2632,2514904.6
2025-12-31 20:15:00,0.2633,0.2656,0.263,0.2645,1199145.8
2025-12-31 20:30:00,0.2645,0.2659,0.2638,0.2658,1779950.6
2025-12-31 20:45:00,0.2657,0.2678,0.2656,0.2669,2074600.8
2025-12-31 21:00:00,0.267,0.2677,0.2666,0.2676,1005432.1
2025-12-31 21:15:00,0.2675,0.2683,0.2674,0.2679,771766.0
2025-12-31 21:30:00,0.2679,0.269,0.2676,0.2689,892624.7
2025-12-31 21:45:00,0.2689,0.2691,0.2682,0.2687,1297992.4
2025-12-31 22:00:00,0.2687,0.2691,0.268,0.2687,870828.9
2025-12-31 22:15:00,0.2686,0.2697,0.2679,0.2696,1770922.1
2025-12-31 22:30:00,0.2695,0.2698,0.2689,0.269,792965.4
2025-12-31 22:45:00,0.2689,0.269,0.2685,0.2687,378517.9
2025-12-31 23:00:00,0.2686,0.2692,0.2682,0.2687,1172465.7
2025-12-31 23:15:00,0.2687,0.2691,0.2684,0.2687,818736.5
2025-12-31 23:30:00,0.2686,0.2689,0.2682,0.2684,843391.6
2025-12-31 23:45:00,0.2684,0.2685,0.2676,0.2679,765126.6
2026-01-01 00:00:00,0.2679,0.2691,0.2679,0.2688,1499166.4
2026-01-01 00:15:00,0.2689,0.271,0.2689,0.2708,2025240.7
2026-01-01 00:30:00,0.2709,0.271,0.2682,0.2687,2557642.5
2026-01-01 00:45:00,0.2686,0.269,0.2681,0.2683,492910.5
2026-01-01 01:00:00,0.2682,0.2695,0.2679,0.2694,1420513.7
2026-01-01 01:15:00,0.2695,0.2698,0.2671,0.2676,2491085.6
2026-01-01 01:30:00,0.2676,0.2678,0.2665,0.2672,1615125.1
2026-01-01 01:45:00,0.2672,0.2674,0.2668,0.2671,498162.1
2026-01-01 02:00:00,0.2671,0.2676,0.2667,0.267,871529.7
2026-01-01 02:15:00,0.267,0.2678,0.2667,0.2673,751459.5
2026-01-01 02:30:00,0.2673,0.2677,0.2661,0.2664,896673.8
2026-01-01 02:45:00,0.2664,0.2667,0.2659,0.2665,760168.8
2026-01-01 03:00:00,0.2665,0.2671,0.2662,0.267,729450.5
2026-01-01 03:15:00,0.267,0.2673,0.2665,0.2669,546896.4
2026-01-01 03:30:00,0.2669,0.267,0.2664,0.2667,540821.3
2026-01-01 03:45:00,0.2667,0.2667,0.2658,0.2662,338293.8
2026-01-01 04:00:00,0.2661,0.2661,0.2647,0.265,1292999.2
2026-01-01 04:15:00,0.265,0.2651,0.2645,0.265,1022466.4
2026-01-01 04:30:00,0.265,0.2651,0.2641,0.2643,441699.8
2026-01-01 04:45:00,0.2643,0.2656,0.2642,0.2656,926926.5
2026-01-01 05:00:00,0.2656,0.2674,0.2656,0.2674,1480524.4
2026-01-01 05:15:00,0.2673,0.268,0.2672,0.2679,610714.4
2026-01-01 05:30:00,0.2678,0.2686,0.2677,0.2685,1381653.2
2026-01-01 05:45:00,0.2685,0.27,0.2684,0.2699,2248019.2
2026-01-01 06:00:00,0.2699,0.2702,0.2689,0.2696,1316345.6
2026-01-01 06:15:00,0.2696,0.2704,0.2692,0.2693,1070900.7
2026-01-01 06:30:00,0.2693,0.27,0.2691,0.27,679831.3
2026-01-01 06:45:00,0.2699,0.2701,0.269,0.2692,715666.3
2026-01-01 07:00:00,0.2692,0.2697,0.269,0.2692,390367.9
2026-01-01 07:15:00,0.2692,0.2703,0.2688,0.2697,1267738.7
2026-01-01 07:30:00,0.2697,0.2703,0.2697,0.2698,400700.1
2026-01-01 07:45:00,0.2697,0.2701,0.2695,0.27,243505.3
2026-01-01 08:00:00,0.2699,0.2702,0.2694,0.2699,709860.3
2026-01-01 08:15:00,0.2699,0.2704,0.2697,0.2702,612256.8
2026-01-01 08:30:00,0.2702,0.2705,0.2691,0.2698,931292.3
2026-01-01 08:45:00,0.2697,0.2717,0.2697,0.2715,999009.1
2026-01-01 09:00:00,0.2715,0.2727,0.2715,0.272,2075466.9
2026-01-01 09:15:00,0.272,0.2726,0.2719,0.2725,851719.0
2026-01-01 09:30:00,0.2726,0.2739,0.2724,0.2736,1977658.7
2026-01-01 09:45:00,0.2736,0.2738,0.2731,0.2735,887640.6
2026-01-01 10:00:00,0.2735,0.2747,0.2732,0.2741,1597034.4
2026-01-01 10:15:00,0.2741,0.2741,0.2726,0.2731,1706547.3
2026-01-01 10:30:00,0.2731,0.2736,0.2727,0.2735,808647.5
2026-01-01 10:45:00,0.2735,0.2743,0.273,0.2741,1299910.5
2026-01-01 11:00:00,0.2741,0.2742,0.2731,0.2735,838044.2
2026-01-01 11:15:00,0.2735,0.2737,0.2732,0.2735,628291.8
2026-01-01 11:30:00,0.2734,0.2741,0.2734,0.2739,1152258.8
2026-01-01 11:45:00,0.2739,0.2753,0.2737,0.2741,3217645.7
2026-01-01 12:00:00,0.2741,0.2746,0.2733,0.2736,1377569.2
2026-01-01 12:15:00,0.2735,0.2738,0.272,0.273,3616533.3
2026-01-01 12:30:00,0.2729,0.2736,0.2725,0.2735,1069355.4
2026-01-01 12:45:00,0.2735,0.2745,0.2735,0.2741,844984.3
2026-01-01 13:00:00,0.274,0.2753,0.2738,0.2748,1396578.3
2026-01-01 13:15:00,0.2747,0.2762,0.2747,0.2751,2438396.3
2026-01-01 13:30:00,0.2751,0.277,0.2746,0.2762,2422262.0
2026-01-01 13:45:00,0.2761,0.2775,0.2759,0.277,2479161.6
2026-01-01 14:00:00,0.277,0.2778,0.2763,0.2777,2230054.4
2026-01-01 14:15:00,0.2776,0.2776,0.276,0.2767,1237976.3
2026-01-01 14:30:00,0.2766,0.2779,0.2763,0.2778,1763205.4
2026-01-01 14:45:00,0.2777,0.2795,0.2773,0.2783,3095064.7
2026-01-01 15:00:00,0.2783,0.2793,0.2778,0.2782,1734106.7
2026-01-01 15:15:00,0.2781,0.2795,0.278,0.2789,2599195.1
2026-01-01 15:30:00,0.2789,0.2826,0.2788,0.2805,5476072.3
2026-01-01 15:45:00,0.2805,0.2837,0.28,0.2818,4315045.9
2026-01-01 16:00:00,0.2818,0.2831,0.2812,0.2819,4121045.5
2026-01-01 16:15:00,0.2819,0.283,0.2808,0.282,1763976.3
2026-01-01 16:30:00,0.282,0.2835,0.2817,0.283,2289917.9
2026-01-01 16:45:00,0.2829,0.2836,0.2824,0.2836,2307209.4
2026-01-01 17:00:00,0.2835,0.2858,0.2832,0.2857,3978810.4
2026-01-01 17:15:00,0.2856,0.288,0.2852,0.2854,4827559.8
2026-01-01 17:30:00,0.2853,0.287,0.2852,0.2859,2680862.4
2026-01-01 17:45:00,0.2858,0.2862,0.285,0.2861,1876033.4
2026-01-01 18:00:00,0.2861,0.2866,0.2852,0.2858,1809882.4
2026-01-01 18:15:00,0.2858,0.2869,0.2856,0.2863,1104380.7
2026-01-01 18:30:00,0.2863,0.2873,0.286,0.2864,1263528.5
2026-01-01 18:45:00,0.2863,0.2872,0.286,0.2872,775588.9
2026-01-01 19:00:00,0.2871,0.2894,0.2869,0.2884,3299770.7
2026-01-01 19:15:00,0.2884,0.2886,0.288,0.2884,1026383.8
2026-01-01 19:30:00,0.2884,0.2906,0.2876,0.29,1816960.5
2026-01-01 19:45:00,0.29,0.2923,0.2893,0.2923,1431567.3
2026-01-01 20:00:00,0.2923,0.2933,0.2898,0.29,3818795.0
2026-01-01 20:15:00,0.2899,0.2907,0.2893,0.2901,1274001.4
2026-01-01 20:30:00,0.29,0.2904,0.2889,0.2903,1740829.3
2026-01-01 20:45:00,0.2903,0.2908,0.2897,0.29,1022251.3
2026-01-01 21:00:00,0.2901,0.2902,0.2887,0.2898,1042473.8
2026-01-01 21:15:00,0.2898,0.2908,0.2896,0.29,1129957.4
2026-01-01 21:30:00,0.29,0.2906,0.2895,0.29,565590.7
2026-01-01 21:45:00,0.29,0.2909,0.2897,0.2908,779806.0
2026-01-01 22:00:00,0.2908,0.2934,0.2907,0.2931,2657957.3
2026-01-01 22:15:00,0.2931,0.2943,0.293,0.2942,1369961.7
2026-01-01 22:30:00,0.2942,0.295,0.2932,0.2935,1223090.9
2026-01-01 22:45:00,0.2936,0.2962,0.2935,0.2958,1227067.6
2026-01-01 23:00:00,0.2959,0.2978,0.2953,0.2962,3002251.4
2026-01-01 23:15:00,0.2963,0.297,0.296,0.296,1171178.8
2026-01-01 23:30:00,0.296,0.2973,0.2955,0.2965,1589061.3
2026-01-01 23:45:00,0.2966,0.2971,0.2959,0.2966,693360.0
2026-01-02 00:00:00,0.2967,0.2978,0.2959,0.2969,2061229.7
2026-01-02 00:15:00,0.297,0.297,0.2956,0.2967,1075860.2
2026-01-02 00:30:00,0.2967,0.2967,0.2953,0.2958,1076310.6
2026-01-02 00:45:00,0.2958,0.2969,0.2956,0.2969,1018407.6
2026-01-02 01:00:00,0.2968,0.2972,0.2958,0.2965,900335.3
2026-01-02 01:15:00,0.2965,0.2989,0.2961,0.2978,2109986.9
2026-01-02 01:30:00,0.2977,0.2978,0.2967,0.2974,851830.5
2026-01-02 01:45:00,0.2974,0.2979,0.2964,0.2973,1078685.5
2026-01-02 02:00:00,0.2972,0.298,0.2964,0.297,1963111.4
2026-01-02 02:15:00,0.297,0.2978,0.296,0.2967,1135407.1
2026-01-02 02:30:00,0.2966,0.2972,0.2964,0.2972,630721.7
2026-01-02 02:45:00,0.2971,0.298,0.2967,0.298,427698.5
2026-01-02 03:00:00,0.2979,0.2996,0.2969,0.2991,1932985.0
2026-01-02 03:15:00,0.2991,0.2992,0.2981,0.2987,1511229.6
2026-01-02 03:30:00,0.2987,0.3008,0.2987,0.3,3756162.1
2026-01-02 03:45:00,0.3,0.3018,0.2988,0.2994,1994049.8
2026-01-02 04:00:00,0.2995,0.3,0.2979,0.2983,1794035.0
2026-01-02 04:15:00,0.2984,0.2985,0.297,0.2975,1060222.1
2026-01-02 04:30:00,0.2975,0.2979,0.2961,0.2975,1726941.7
2026-01-02 04:45:00,0.2975,0.2987,0.2972,0.2984,737038.0
2026-01-02 05:00:00,0.2985,0.2988,0.2972,0.2975,841865.7
2026-01-02 05:15:00,0.2975,0.2981,0.2967,0.2971,747943.3
2026-01-02 05:30:00,0.297,0.2979,0.2969,0.2979,571548.2
2026-01-02 05:45:00,0.2979,0.2988,0.2972,0.2984,1087924.0
2026-01-02 06:00:00,0.2985,0.299,0.2981,0.2986,1070716.3
2026-01-02 06:15:00,0.2987,0.2989,0.2977,0.298,685259.3
2026-01-02 06:30:00,0.2979,0.2983,0.2972,0.298,802844.8
2026-01-02 06:45:00,0.2979,0.2986,0.2967,0.2969,885968.2
2026-01-02 07:00:00,0.2969,0.297,0.2964,0.2966,675647.0
2026-01-02 07:15:00,0.2966,0.2968,0.295,0.2952,1112857.9
2026-01-02 07:30:00,0.2952,0.2952,0.2944,0.2947,1030274.9
2026-01-02 07:45:00,0.2946,0.2953,0.2942,0.2944,1129702.0
2026-01-02 08:00:00,0.2944,0.2964,0.2941,0.2961,1250689.3
2026-01-02 08:15:00,0.2962,0.2965,0.2948,0.2951,1073386.6
2026-01-02 08:30:00,0.2951,0.2952,0.2942,0.2943,948253.1
2026-01-02 08:45:00,0.2943,0.2954,0.2943,0.2953,1084109.6
2026-01-02 09:00:00,0.2953,0.2964,0.2948,0.2948,1345651.7
2026-01-02 09:15:00,0.2949,0.2953,0.2942,0.2942,737162.6
2026-01-02 09:30:00,0.2943,0.2972,0.2942,0.2971,1081527.9
2026-01-02 09:45:00,0.297,0.3003,0.2962,0.2983,5045738.8
2026-01-02 10:00:00,0.2983,0.299,0.2976,0.2982,2158657.2
2026-01-02 10:15:00,0.2982,0.2983,0.2972,0.2975,1185568.9
2026-01-02 10:30:00,0.2975,0.2979,0.2968,0.2971,1343633.7
2026-01-02 10:45:00,0.2971,0.2986,0.2971,0.2981,1361257.5
2026-01-02 11:00:00,0.2982,0.2982,0.2962,0.2965,1758303.0
2026-01-02 11:15:00,0.2965,0.2974,0.2963,0.2968,798360.1
2026-01-02 11:30:00,0.2969,0.2975,0.2952,0.2963,1885211.1
2026-01-02 11:45:00,0.2962,0.2966,0.2949,0.2962,1504129.9
2026-01-02 12:00:00,0.2962,0.2964,0.2956,0.2958,482950.3
2026-01-02 12:15:00,0.2958,0.2961,0.2953,0.2957,776778.9
2026-01-02 12:30:00,0.2957,0.3013,0.2957,0.3006,4709198.0
2026-01-02 12:45:00,0.3007,0.3011,0.3,0.301,2153998.9
2026-01-02 13:00:00,0.3009,0.3024,0.3,0.3008,2508401.4
2026-01-02 13:15:00,0.3008,0.3016,0.2997,0.3003,1381311.6
2026-01-02 13:30:00,0.3003,0.3011,0.3001,0.3007,1369241.2
2026-01-02 13:45:00,0.3006,0.3007,0.2988,0.299,1790064.0
2026-01-02 14:00:00,0.299,0.3004,0.2975,0.2978,1995331.3
2026-01-02 14:15:00,0.2978,0.2981,0.2956,0.2975,2795897.2
2026-01-02 14:30:00,0.2974,0.3011,0.2953,0.2987,6693982.4
2026-01-02 14:45:00,0.2987,0.3027,0.2974,0.299,6060986.2
2026-01-02 15:00:00,0.299,0.3,0.2971,0.2975,3307330.4
2026-01-02 15:15:00,0.2974,0.299,0.296,0.2985,2057910.5
2026-01-02 15:30:00,0.2984,0.3012,0.2977,0.2996,2349845.5
2026-01-02 15:45:00,0.2995,0.3004,0.298,0.2988,1169926.6
2026-01-02 16:00:00,0.2987,0.3004,0.2978,0.3004,1363612.7
2026-01-02 16:15:00,0.3004,0.3029,0.3,0.3013,4763675.8
2026-01-02 16:30:00,0.3013,0.3053,0.3002,0.3007,5645901.9
2026-01-02 16:45:00,0.3008,0.3033,0.3002,0.3033,3245561.0
2026-01-02 17:00:00,0.3032,0.305,0.3023,0.303,4079276.2
2026-01-02 17:15:00,0.3029,0.3037,0.302,0.3023,1511319.0
2026-01-02 17:30:00,0.3022,0.3022,0.3004,0.3013,1952803.1
2026-01-02 17:45:00,0.3013,0.3016,0.2995,0.3006,1428210.7
2026-01-02 18:00:00,0.3005,0.3021,0.2998,0.3014,1519983.3
2026-01-02 18:15:00,0.3014,0.3021,0.3008,0.3014,947348.4
2026-01-02 18:30:00,0.3013,0.3016,0.2999,0.3006,1722899.3
2026-01-02 18:45:00,0.3006,0.3016,0.2991,0.301,1850573.2
2026-01-02 19:00:00,0.301,0.3019,0.3002,0.3016,830011.7
2026-01-02 19:15:00,0.3016,0.3034,0.3016,0.3025,1578510.0
2026-01-02 19:30:00,0.3024,0.3037,0.3024,0.3033,870765.7
2026-01-02 19:45:00,0.3033,0.3042,0.3029,0.3039,936454.9
2026-01-02 20:00:00,0.3039,0.3048,0.3035,0.304,2677046.7
2026-01-02 20:15:00,0.3039,0.3039,0.3026,0.3028,987014.4
2026-01-02 20:30:00,0.3027,0.3032,0.3022,0.3031,636124.5
2026-01-02 20:45:00,0.3031,0.3034,0.3018,0.3031,2428855.3
2026-01-02 21:00:00,0.3031,0.3033,0.3023,0.3028,461223.4
2026-01-02 21:15:00,0.3027,0.3039,0.3023,0.3038,556275.3
2026-01-02 21:30:00,0.3038,0.3044,0.3033,0.3043,413539.3
2026-01-02 21:45:00,0.3042,0.3053,0.3033,0.3039,1640469.6
2026-01-02 22:00:00,0.3038,0.3068,0.3034,0.3041,3365455.9
2026-01-02 22:15:00,0.304,0.3047,0.3036,0.3041,695966.0
2026-01-02 22:30:00,0.304,0.3049,0.3037,0.3048,665403.9
2026-01-02 22:45:00,0.3048,0.306,0.3047,0.3051,637482.9
2026-01-02 23:00:00,0.3051,0.3054,0.3045,0.305,681249.0
2026-01-02 23:15:00,0.305,0.306,0.3047,0.3049,1053098.6
2026-01-02 23:30:00,0.3048,0.3058,0.3045,0.3054,1230501.2
2026-01-02 23:45:00,0.3055,0.3062,0.3051,0.3062,986668.5
2026-01-03 00:00:00,0.3061,0.3062,0.3051,0.3058,1094149.6
2026-01-03 00:15:00,0.3058,0.3064,0.3047,0.3056,1013195.2
2026-01-03 00:30:00,0.3056,0.306,0.3049,0.3058,1145626.7
2026-01-03 00:45:00,0.3058,0.3062,0.304,0.304,1277408.6
2026-01-03 01:00:00,0.3041,0.3054,0.3032,0.305,1426634.8
2026-01-03 01:15:00,0.3051,0.3053,0.3039,0.3046,1741984.0
2026-01-03 01:30:00,0.3045,0.3055,0.3044,0.3053,1123031.3
2026-01-03 01:45:00,0.3052,0.3055,0.3048,0.3054,388550.5
2026-01-03 02:00:00,0.3054,0.3061,0.3041,0.306,1513544.5
2026-01-03 02:15:00,0.3059,0.3072,0.3058,0.3065,1211982.0
2026-01-03 02:30:00,0.3065,0.3072,0.3062,0.3072,1089225.7
2026-01-03 02:45:00,0.3072,0.3083,0.3069,0.307,1570506.8
2026-01-03 03:00:00,0.307,0.3071,0.3059,0.3061,981716.4
2026-01-03 03:15:00,0.306,0.3062,0.305,0.3052,1106794.1
2026-01-03 03:30:00,0.3052,0.3076,0.3042,0.3073,2852903.0
2026-01-03 03:45:00,0.3073,0.3082,0.3066,0.3078,1072216.8
2026-01-03 04:00:00,0.3079,0.308,0.306,0.3061,971264.0
2026-01-03 04:15:00,0.3062,0.3064,0.3058,0.3062,587240.2
2026-01-03 04:30:00,0.3062,0.3069,0.306,0.3063,927603.9
2026-01-03 04:45:00,0.3063,0.307,0.306,0.3066,932144.1
2026-01-03 05:00:00,0.3067,0.3081,0.3067,0.3075,1287724.6
2026-01-03 05:15:00,0.3076,0.3082,0.3073,0.3076,579026.0
2026-01-03 05:30:00,0.3076,0.308,0.306,0.3065,1110638.0
2026-01-03 05:45:00,0.3065,0.3083,0.3062,0.3082,1072508.3
2026-01-03 06:00:00,0.3082,0.3092,0.3078,0.3087,1807890.0
2026-01-03 06:15:00,0.3088,0.3093,0.3072,0.3076,1296002.3
2026-01-03 06:30:00,0.3076,0.3084,0.3048,0.3052,2421797.1
2026-01-03 06:45:00,0.3052,0.3057,0.3042,0.3052,2225369.2
2026-01-03 07:00:00,0.3051,0.3057,0.3032,0.3036,1562384.7
2026-01-03 07:15:00,0.3036,0.3041,0.3005,0.3013,4170403.1
2026-01-03 07:30:00,0.3012,0.3039,0.3004,0.3027,2837568.3
2026-01-03 07:45:00,0.3027,0.303,0.3016,0.302,931886.9
2026-01-03 08:00:00,0.3019,0.3029,0.3006,0.3017,1330156.5
2026-01-03 08:15:00,0.3017,0.3038,0.3015,0.3033,1428494.9
2026-01-03 08:30:00,0.3033,0.3058,0.3028,0.3055,3228534.8
2026-01-03 08:45:00,0.3056,0.3064,0.3049,0.3062,1997717.4
2026-01-03 09:00:00,0.3061,0.3071,0.3038,0.3043,9195465.0
2026-01-03 09:15:00,0.3042,0.3051,0.3034,0.3042,2237111.5
2026-01-03 09:30:00,0.3043,0.3049,0.3035,0.3041,1612513.6
2026-01-03 09:45:00,0.3042,0.3043,0.3024,0.3026,1489444.8
2026-01-03 10:00:00,0.3026,0.3031,0.302,0.3022,1422946.5
2026-01-03 10:15:00,0.3022,0.3028,0.302,0.3023,617157.2
2026-01-03 10:30:00,0.3024,0.3031,0.302,0.3027,885082.8
2026-01-03 10:45:00,0.3027,0.3027,0.3019,0.302,625175.6
2026-01-03 11:00:00,0.3021,0.3023,0.3014,0.3018,937500.6
2026-01-03 11:15:00,0.3019,0.3026,0.3018,0.3021,467243.2
2026-01-03 11:30:00,0.3021,0.3026,0.3017,0.3025,638419.6
2026-01-03 11:45:00,0.3026,0.3032,0.3022,0.303,953823.0
2026-01-03 12:00:00,0.303,0.3031,0.3022,0.3028,484870.9
2026-01-03 12:15:00,0.3029,0.3046,0.3029,0.3046,882456.0
2026-01-03 12:30:00,0.3047,0.305,0.304,0.3049,804971.8
2026-01-03 12:45:00,0.3049,0.3061,0.3047,0.3051,1677488.2
2026-01-03 13:00:00,0.3051,0.3055,0.3046,0.3054,656988.1
2026-01-03 13:15:00,0.3055,0.3065,0.3051,0.3054,779133.4
2026-01-03 13:30:00,0.3055,0.3066,0.3054,0.3058,792906.4
2026-01-03 13:45:00,0.3059,0.3071,0.3056,0.3068,863921.0
2026-01-03 14:00:00,0.3068,0.3074,0.3062,0.3066,943930.9
2026-01-03 14:15:00,0.3066,0.3072,0.3061,0.307,708117.0
2026-01-03 14:30:00,0.307,0.3084,0.3068,0.3077,1093052.6
2026-01-03 14:45:00,0.3078,0.3079,0.3065,0.3073,654295.3
2026-01-03 15:00:00,0.3074,0.3075,0.3061,0.3068,1006647.4
2026-01-03 15:15:00,0.3067,0.307,0.306,0.3065,614300.7
2026-01-03 15:30:00,0.3065,0.307,0.3061,0.3063,512741.5
2026-01-03 15:45:00,0.3064,0.3068,0.3055,0.3058,1152571.8
2026-01-03 16:00:00,0.3058,0.3081,0.3058,0.3073,2041506.8
2026-01-03 16:15:00,0.3073,0.3096,0.3073,0.3093,2371542.9
2026-01-03 16:30:00,0.3094,0.3111,0.309,0.3104,3024060.2
2026-01-03 16:45:00,0.3105,0.3114,0.3099,0.3101,1716299.8
2026-01-03 17:00:00,0.3102,0.3104,0.3085,0.3089,1030438.8
2026-01-03 17:15:00,0.3089,0.3101,0.3089,0.3094,918625.1
2026-01-03 17:30:00,0.3094,0.3107,0.3093,0.3106,1013960.4
2026-01-03 17:45:00,0.3106,0.3106,0.3092,0.3093,641834.1
2026-01-03 18:00:00,0.3093,0.3094,0.3077,0.3085,1027833.2
2026-01-03 18:15:00,0.3085,0.3098,0.3084,0.3096,819301.7
2026-01-03 18:30:00,0.3096,0.3103,0.3089,0.3093,811311.9
2026-01-03 18:45:00,0.3092,0.3098,0.3089,0.3097,496618.2
2026-01-03 19:00:00,0.3096,0.3096,0.3086,0.3093,696375.0
2026-01-03 19:15:00,0.3093,0.3097,0.3089,0.3091,392659.8
2026-01-03 19:30:00,0.309,0.3094,0.3086,0.309,467286.9
2026-01-03 19:45:00,0.3089,0.3095,0.3085,0.3095,279923.1
2026-01-03 20:00:00,0.3096,0.3098,0.307,0.308,970077.1
2026-01-03 20:15:00,0.3079,0.3094,0.3079,0.3092,728011.5
2026-01-03 20:30:00,0.3091,0.3097,0.3089,0.3092,679025.5
2026-01-03 20:45:00,0.3091,0.3091,0.3081,0.3083,343566.3
2026-01-03 21:00:00,0.3082,0.3083,0.3075,0.3079,506349.6
2026-01-03 21:15:00,0.308,0.3094,0.3079,0.3089,338392.8
2026-01-03 21:30:00,0.3088,0.3101,0.3082,0.3084,596284.7
2026-01-03 21:45:00,0.3083,0.309,0.3081,0.3089,327429.3
2026-01-03 22:00:00,0.3088,0.3088,0.308,0.3082,362524.1
2026-01-03 22:15:00,0.3083,0.3097,0.3082,0.3091,237013.3
2026-01-03 22:30:00,0.3092,0.312,0.3091,0.3109,910350.1
2026-01-03 22:45:00,0.311,0.3115,0.3107,0.3115,435655.9
2026-01-03 23:00:00,0.3114,0.3117,0.3097,0.31,697058.0
2026-01-03 23:15:00,0.3101,0.3116,0.3099,0.3113,729858.6
2026-01-03 23:30:00,0.3113,0.3113,0.31,0.3104,1047972.9
2026-01-03 23:45:00,0.3105,0.3106,0.31,0.3104,352398.5
2026-01-04 00:00:00,0.3103,0.3147,0.3094,0.3124,4855685.7
2026-01-04 00:15:00,0.3125,0.3126,0.3103,0.3106,1378505.0
2026-01-04 00:30:00,0.3105,0.3126,0.3104,0.3111,1552481.1
2026-01-04 00:45:00,0.3111,0.3128,0.3105,0.312,1010378.1
2026-01-04 01:00:00,0.312,0.3122,0.3108,0.3112,860431.1
2026-01-04 01:15:00,0.3113,0.3115,0.31,0.3111,699656.3
2026-01-04 01:30:00,0.3111,0.3126,0.3103,0.3122,881300.8
2026-01-04 01:45:00,0.3121,0.3125,0.3116,0.3124,612359.8
2026-01-04 02:00:00,0.3123,0.3131,0.312,0.3126,921094.6
2026-01-04 02:15:00,0.3126,0.3145,0.3125,0.3137,1198022.6
2026-01-04 02:30:00,0.3138,0.3141,0.3122,0.3124,597060.7
2026-01-04 02:45:00,0.3124,0.3129,0.3118,0.3129,814659.8
2026-01-04 03:00:00,0.3129,0.3158,0.3128,0.3154,1094354.7
2026-01-04 03:15:00,0.3153,0.3157,0.3138,0.3146,870168.5
2026-01-04 03:30:00,0.3146,0.3154,0.3144,0.3148,852041.1
2026-01-04 03:45:00,0.3148,0.3155,0.3143,0.3146,1090639.3
2026-01-04 04:00:00,0.3145,0.3152,0.314,0.315,805927.4
2026-01-04 04:15:00,0.315,0.3161,0.3142,0.3148,1239579.8
2026-01-04 04:30:00,0.3148,0.3148,0.3136,0.3137,521093.0
2026-01-04 04:45:00,0.3136,0.3143,0.3125,0.3127,1314576.4
2026-01-04 05:00:00,0.3127,0.3135,0.3126,0.3131,559418.9
2026-01-04 05:15:00,0.3131,0.3142,0.3129,0.3136,988748.5
2026-01-04 05:30:00,0.3136,0.3142,0.3125,0.3134,615685.7
2026-01-04 05:45:00,0.3135,0.3159,0.3133,0.3159,1399992.7
2026-01-04 06:00:00,0.3159,0.3165,0.315,0.3155,1051718.9
2026-01-04 06:15:00,0.3157,0.3167,0.3148,0.3148,1097785.2
2026-01-04 06:30:00,0.3147,0.3159,0.3128,0.3132,1324044.8
2026-01-04 06:45:00,0.3132,0.314,0.3123,0.313,1961136.8
2026-01-04 07:00:00,0.313,0.3141,0.3127,0.3133,1682926.0
2026-01-04 07:15:00,0.3134,0.3137,0.3119,0.3124,1238498.3
2026-01-04 07:30:00,0.3124,0.3151,0.3122,0.3149,1545177.0
2026-01-04 07:45:00,0.315,0.3158,0.3144,0.3144,821968.5
2026-01-04 08:00:00,0.3145,0.3145,0.3117,0.3134,2207249.1
2026-01-04 08:15:00,0.3134,0.3145,0.3123,0.313,1019406.3
2026-01-04 08:30:00,0.3131,0.3151,0.3131,0.3147,1809167.8
2026-01-04 08:45:00,0.3148,0.3153,0.3142,0.3145,789824.8
2026-01-04 09:00:00,0.3144,0.3147,0.3134,0.3143,1523481.0
2026-01-04 09:15:00,0.3143,0.317,0.3142,0.3153,1763705.6
2026-01-04 09:30:00,0.3154,0.3176,0.3154,0.3158,1931194.3
2026-01-04 09:45:00,0.3158,0.317,0.3154,0.316,847184.0
2026-01-04 10:00:00,0.316,0.3169,0.3153,0.3165,1596916.0
2026-01-04 10:15:00,0.3165,0.3167,0.3148,0.315,1364965.3
2026-01-04 10:30:00,0.315,0.3157,0.3138,0.3147,3217357.3
2026-01-04 10:45:00,0.3147,0.3148,0.3139,0.3142,551550.7
2026-01-04 11:00:00,0.3142,0.3152,0.3132,0.314,1324741.2
2026-01-04 11:15:00,0.3141,0.3152,0.3139,0.3149,570209.5
2026-01-04 11:30:00,0.3149,0.317,0.3148,0.316,1429878.2
2026-01-04 11:45:00,0.3161,0.3165,0.3155,0.3163,1045622.3
2026-01-04 12:00:00,0.3163,0.3183,0.316,0.3179,2288346.8
2026-01-04 12:15:00,0.3179,0.3195,0.3174,0.3188,2504468.8
2026-01-04 12:30:00,0.3188,0.3197,0.3168,0.3168,1542052.2
2026-01-04 12:45:00,0.3168,0.3178,0.3165,0.3167,892237.5
2026-01-04 13:00:00,0.3167,0.3177,0.3158,0.3171,1110869.1
2026-01-04 13:15:00,0.3171,0.3171,0.3151,0.3165,1773314.1
2026-01-04 13:30:00,0.3166,0.3183,0.3162,0.3178,1336934.2
2026-01-04 13:45:00,0.3179,0.3193,0.3171,0.3192,1118051.9
2026-01-04 14:00:00,0.3192,0.3195,0.3179,0.319,1029196.2
2026-01-04 14:15:00,0.3191,0.3195,0.3176,0.318,1420279.0
2026-01-04 14:30:00,0.318,0.3198,0.3174,0.3187,2538541.3
2026-01-04 14:45:00,0.3187,0.3202,0.3177,0.32,1884093.3
2026-01-04 15:00:00,0.32,0.3219,0.3194,0.3213,3102106.5
2026-01-04 15:15:00,0.3213,0.3213,0.3193,0.3203,1751211.6
2026-01-04 15:30:00,0.3203,0.3215,0.3189,0.3196,1737055.8
2026-01-04 15:45:00,0.3196,0.3208,0.3183,0.3201,1354910.6
2026-01-04 16:00:00,0.3202,0.3224,0.3195,0.3217,2462579.2
2026-01-04 16:15:00,0.3218,0.3242,0.3214,0.3228,2395275.0
2026-01-04 16:30:00,0.3228,0.3246,0.3224,0.3239,1462293.8
2026-01-04 16:45:00,0.324,0.325,0.324,0.3242,1243940.4
2026-01-04 17:00:00,0.3242,0.3245,0.3232,0.3235,989742.9
2026-01-04 17:15:00,0.3235,0.3241,0.3219,0.3222,1267367.3
2026-01-04 17:30:00,0.3223,0.3232,0.3219,0.3223,780147.2
2026-01-04 17:45:00,0.3224,0.3242,0.3224,0.3234,966054.6
2026-01-04 18:00:00,0.3234,0.3239,0.3227,0.323,1028795.3
2026-01-04 18:15:00,0.3231,0.3236,0.3207,0.3215,1643306.3
2026-01-04 18:30:00,0.3215,0.3216,0.3194,0.3213,1950092.4
2026-01-04 18:45:00,0.3213,0.3215,0.3199,0.3213,554668.7
2026-01-04 19:00:00,0.3212,0.3213,0.3153,0.316,5881170.7
2026-01-04 19:15:00,0.3159,0.3181,0.3158,0.3169,1654754.5
2026-01-04 19:30:00,0.3168,0.318,0.3165,0.3168,731096.7
2026-01-04 19:45:00,0.3167,0.3184,0.3167,0.3184,750119.3
2026-01-04 20:00:00,0.3183,0.3187,0.3172,0.3183,1386187.3
2026-01-04 20:15:00,0.3183,0.3185,0.3174,0.3185,500566.0
2026-01-04 20:30:00,0.3185,0.3187,0.3177,0.318,541146.3
2026-01-04 20:45:00,0.318,0.3184,0.3171,0.3173,391290.9
2026-01-04 21:00:00,0.3172,0.3202,0.3162,0.3195,2598777.6
2026-01-04 21:15:00,0.3196,0.3201,0.3185,0.3187,743225.6
2026-01-04 21:30:00,0.3187,0.3188,0.3164,0.3166,809035.5
2026-01-04 21:45:00,0.3166,0.3185,0.3163,0.3184,447369.8
2026-01-04 22:00:00,0.3183,0.3202,0.3175,0.3179,1521437.7
2026-01-04 22:15:00,0.318,0.3191,0.3173,0.3187,841562.7
2026-01-04 22:30:00,0.3187,0.3188,0.3177,0.3179,581876.1
2026-01-04 22:45:00,0.3178,0.3188,0.3176,0.3184,331496.4
2026-01-04 23:00:00,0.3184,0.3211,0.3184,0.3192,1105434.3
2026-01-04 23:15:00,0.3192,0.3209,0.3187,0.3193,919386.7
2026-01-04 23:30:00,0.3193,0.3198,0.3185,0.3189,630606.0
2026-01-04 23:45:00,0.3189,0.3197,0.3178,0.3192,866413.3
2026-01-05 00:00:00,0.3193,0.3219,0.3181,0.3192,2810946.2
2026-01-05 00:15:00,0.3192,0.3203,0.317,0.3181,1104353.0
2026-01-05 00:30:00,0.3182,0.3191,0.3168,0.3189,1111630.3
2026-01-05 00:45:00,0.3188,0.3218,0.3186,0.3202,3225547.0
2026-01-05 01:00:00,0.3203,0.3227,0.3194,0.3216,3683814.2
2026-01-05 01:15:00,0.3217,0.3221,0.3196,0.3212,1747491.5
2026-01-05 01:30:00,0.3212,0.3237,0.3205,0.3222,2191334.3
2026-01-05 01:45:00,0.3223,0.3235,0.3214,0.3217,1343003.0
2026-01-05 02:00:00,0.3218,0.3233,0.3198,0.3204,1790281.0
2026-01-05 02:15:00,0.3204,0.3218,0.3185,0.3186,1281426.1
2026-01-05 02:30:00,0.3186,0.3203,0.3184,0.3202,879982.6
2026-01-05 02:45:00,0.3202,0.3218,0.3202,0.3217,741388.1
2026-01-05 03:00:00,0.3217,0.322,0.3197,0.32,921056.0
2026-01-05 03:15:00,0.3201,0.3205,0.3192,0.3192,1035854.4
2026-01-05 03:30:00,0.3192,0.3206,0.3191,0.3196,690180.1
2026-01-05 03:45:00,0.3197,0.3207,0.3197,0.3199,530281.7
2026-01-05 04:00:00,0.3198,0.3208,0.318,0.3183,897317.3
2026-01-05 04:15:00,0.3183,0.3193,0.3153,0.3157,3170618.2
2026-01-05 04:30:00,0.3157,0.316,0.3135,0.3154,3226138.6
2026-01-05 04:45:00,0.3154,0.3166,0.3154,0.3166,1179129.5
2026-01-05 05:00:00,0.3164,0.3165,0.3152,0.3162,974997.4
2026-01-05 05:15:00,0.3161,0.3178,0.3161,0.3175,647870.5
2026-01-05 05:30:00,0.3175,0.3187,0.3174,0.3179,1289767.4
2026-01-05 05:45:00,0.3179,0.3184,0.3158,0.316,931137.2
2026-01-05 06:00:00,0.316,0.3167,0.3158,0.3161,1187268.0
2026-01-05 06:15:00,0.3161,0.317,0.3146,0.3149,1172144.6
2026-01-05 06:30:00,0.3148,0.3158,0.3132,0.3158,2915639.6
2026-01-05 06:45:00,0.3157,0.3166,0.3152,0.3163,492283.0
2026-01-05 07:00:00,0.3162,0.3171,0.3152,0.3168,738751.3
2026-01-05 07:15:00,0.3169,0.3179,0.3167,0.3179,788048.0
2026-01-05 07:30:00,0.318,0.32,0.3179,0.3197,1493122.4
2026-01-05 07:45:00,0.3197,0.3199,0.3185,0.3186,747686.8
2026-01-05 08:00:00,0.3187,0.3194,0.3183,0.3186,516178.6
2026-01-05 08:15:00,0.3186,0.3191,0.3172,0.3173,1316040.1
2026-01-05 08:30:00,0.3173,0.3176,0.3151,0.3154,1043204.9
2026-01-05 08:45:00,0.3155,0.3166,0.3153,0.3153,881403.5
2026-01-05 09:00:00,0.3153,0.3155,0.3121,0.3133,3432510.1
2026-01-05 09:15:00,0.3133,0.3144,0.3132,0.3142,1032566.2
2026-01-05 09:30:00,0.3142,0.3151,0.3134,0.3145,533090.2
2026-01-05 09:45:00,0.3145,0.3148,0.3136,0.3139,863029.1
2026-01-05 10:00:00,0.314,0.316,0.314,0.3155,912511.9
2026-01-05 10:15:00,0.3155,0.3159,0.3146,0.3146,475810.4
2026-01-05 10:30:00,0.3147,0.3147,0.3119,0.3131,1791553.8
2026-01-05 10:45:00,0.3132,0.3144,0.3132,0.3139,371819.0
2026-01-05 11:00:00,0.3138,0.3142,0.3131,0.3132,623864.8
2026-01-05 11:15:00,0.3133,0.3148,0.3129,0.3135,1227455.0
2026-01-05 11:30:00,0.3135,0.3139,0.3129,0.3135,692921.0
2026-01-05 11:45:00,0.3136,0.3151,0.3136,0.3148,443321.3
2026-01-05 12:00:00,0.3149,0.3151,0.314,0.3148,485599.9
2026-01-05 12:15:00,0.3148,0.3149,0.3135,0.3142,608960.4
2026-01-05 12:30:00,0.3142,0.3156,0.3141,0.3152,618995.9
2026-01-05 12:45:00,0.3153,0.3173,0.3153,0.3163,1113654.2
2026-01-05 13:00:00,0.3164,0.3165,0.315,0.316,1026658.5
2026-01-05 13:15:00,0.316,0.3166,0.3149,0.3159,1117249.4
2026-01-05 13:30:00,0.3159,0.3159,0.3128,0.314,1885637.0
2026-01-05 13:45:00,0.314,0.3153,0.3137,0.3152,831956.7
2026-01-05 14:00:00,0.3153,0.3159,0.3139,0.3145,2812949.8
2026-01-05 14:15:00,0.3145,0.3164,0.3144,0.316,740373.8
2026-01-05 14:30:00,0.3159,0.3196,0.3141,0.3188,2998499.7
2026-01-05 14:45:00,0.3187,0.3203,0.3166,0.3189,2124543.0
2026-01-05 15:00:00,0.3189,0.3198,0.3161,0.3175,2547349.2
2026-01-05 15:15:00,0.3175,0.3198,0.3172,0.3185,1913552.9
2026-01-05 15:30:00,0.3185,0.324,0.3183,0.3228,3371593.6
2026-01-05 15:45:00,0.3228,0.3237,0.3219,0.3233,1694418.5
2026-01-05 16:00:00,0.3233,0.3244,0.3222,0.3234,2182294.6
2026-01-05 16:15:00,0.3234,0.324,0.3216,0.323,2142528.4
2026-01-05 16:30:00,0.3229,0.3236,0.3218,0.3224,1344242.2
2026-01-05 16:45:00,0.3225,0.3233,0.3218,0.3224,1109826.7
2026-01-05 17:00:00,0.3223,0.3233,0.3218,0.3223,641806.6
2026-01-05 17:15:00,0.3223,0.3225,0.3176,0.3186,2705164.6
2026-01-05 17:30:00,0.3186,0.3222,0.3186,0.3221,2111144.4
2026-01-05 17:45:00,0.3221,0.3266,0.3221,0.3252,4740961.3
2026-01-05 18:00:00,0.3252,0.3257,0.3239,0.325,1501116.2
2026-01-05 18:15:00,0.325,0.3268,0.3243,0.3266,1615958.4
2026-01-05 18:30:00,0.3264,0.3275,0.3253,0.3269,1723350.4
2026-01-05 18:45:00,0.3269,0.3293,0.3267,0.3288,2979797.7
2026-01-05 19:00:00,0.3288,0.329,0.3275,0.3278,1185745.1
2026-01-05 19:15:00,0.3278,0.3279,0.3266,0.3278,949811.0
2026-01-05 19:30:00,0.3277,0.3287,0.3265,0.3265,911344.2
2026-01-05 19:45:00,0.3264,0.3266,0.325,0.3258,932426.5
2026-01-05 20:00:00,0.3258,0.3285,0.3256,0.3282,1814889.2
2026-01-05 20:15:00,0.3282,0.3317,0.3277,0.3309,2104602.3
2026-01-05 20:30:00,0.3308,0.3308,0.3271,0.3282,2125479.3
2026-01-05 20:45:00,0.3282,0.3285,0.3263,0.3275,995495.0
2026-01-05 21:00:00,0.3277,0.3286,0.3272,0.3277,917329.6
2026-01-05 21:15:00,0.3277,0.329,0.3272,0.3273,987845.5
2026-01-05 21:30:00,0.3273,0.3283,0.3269,0.3282,605820.1
2026-01-05 21:45:00,0.3282,0.3283,0.3273,0.3281,607990.1
2026-01-05 22:00:00,0.328,0.3295,0.3273,0.3295,993728.0
2026-01-05 22:15:00,0.3294,0.3313,0.3294,0.3307,1135974.8
2026-01-05 22:30:00,0.3307,0.3339,0.3307,0.3334,1625246.3
2026-01-05 22:45:00,0.3334,0.3339,0.3307,0.3322,1280880.4
2026-01-05 23:00:00,0.3322,0.3327,0.3297,0.3299,1102662.8
2026-01-05 23:15:00,0.33,0.3308,0.3287,0.3298,881286.2
2026-01-05 23:30:00,0.3297,0.3301,0.3287,0.33,937610.2
2026-01-05 23:45:00,0.33,0.3303,0.329,0.3292,504086.8
2026-01-06 00:00:00,0.3292,0.3304,0.3285,0.329,2596561.3
2026-01-06 00:15:00,0.329,0.3298,0.3284,0.3292,960395.6
2026-01-06 00:30:00,0.3291,0.3291,0.325,0.3259,1619010.2
2026-01-06 00:45:00,0.3259,0.3294,0.3256,0.3293,1417757.1
2026-01-06 01:00:00,0.3293,0.3322,0.3288,0.3298,1871027.9
2026-01-06 01:15:00,0.33,0.3326,0.3296,0.3321,983859.0
2026-01-06 01:30:00,0.3321,0.3324,0.3296,0.3298,1572558.6
2026-01-06 01:45:00,0.3298,0.3299,0.3272,0.3273,1301566.5
2026-01-06 02:00:00,0.3274,0.3286,0.3271,0.3281,1233785.3
2026-01-06 02:15:00,0.3281,0.3291,0.3273,0.3286,908343.2
2026-01-06 02:30:00,0.3287,0.3293,0.3269,0.3276,960556.4
2026-01-06 02:45:00,0.3277,0.3278,0.3266,0.3272,674213.2
2026-01-06 03:00:00,0.3272,0.3302,0.327,0.3293,1156354.6
2026-01-06 03:15:00,0.3293,0.33,0.3285,0.3294,719951.3
2026-01-06 03:30:00,0.3295,0.3321,0.3295,0.331,1852586.1
2026-01-06 03:45:00,0.3311,0.3318,0.3299,0.3303,796397.7
2026-01-06 04:00:00,0.3304,0.3306,0.3291,0.3302,847803.0
2026-01-06 04:15:00,0.3303,0.331,0.3298,0.3304,1049008.4
2026-01-06 04:30:00,0.3304,0.3316,0.3301,0.3302,973238.8
2026-01-06 04:45:00,0.3302,0.3307,0.3297,0.3297,514231.0
2026-01-06 05:00:00,0.3297,0.3306,0.3294,0.3303,865452.6
2026-01-06 05:15:00,0.3304,0.3308,0.3283,0.3288,1049616.7
2026-01-06 05:30:00,0.3287,0.3299,0.328,0.3284,1000354.3
2026-01-06 05:45:00,0.3283,0.329,0.3277,0.3282,804712.1
2026-01-06 06:00:00,0.3281,0.3289,0.3278,0.3281,770429.5
2026-01-06 06:15:00,0.3281,0.3281,0.3262,0.3275,1287625.4
2026-01-06 06:30:00,0.3276,0.3305,0.3276,0.3304,2106820.0
2026-01-06 06:45:00,0.3303,0.3309,0.3283,0.3284,1670347.4
2026-01-06 07:00:00,0.3284,0.3286,0.3273,0.3275,954674.0
2026-01-06 07:15:00,0.3275,0.3287,0.326,0.3265,1335692.9
2026-01-06 07:30:00,0.3265,0.3269,0.3247,0.3259,1473684.0
2026-01-06 07:45:00,0.326,0.3262,0.3243,0.3258,1755990.0
2026-01-06 08:00:00,0.3259,0.3287,0.3258,0.3274,1932740.4
2026-01-06 08:15:00,0.3274,0.3281,0.3264,0.3269,654859.6
2026-01-06 08:30:00,0.3268,0.327,0.3257,0.3263,557210.2
2026-01-06 08:45:00,0.3263,0.327,0.3258,0.3262,499769.0
2026-01-06 09:00:00,0.3261,0.3285,0.3256,0.3275,1564973.5
2026-01-06 09:15:00,0.3276,0.3289,0.3276,0.3281,823991.7
2026-01-06 09:30:00,0.328,0.3292,0.3277,0.3291,664003.2
2026-01-06 09:45:00,0.3291,0.3293,0.3285,0.3285,1076833.2
2026-01-06 10:00:00,0.3285,0.3293,0.3276,0.3287,1412563.9
2026-01-06 10:15:00,0.3287,0.3294,0.3279,0.3293,851132.8
2026-01-06 10:30:00,0.3293,0.3298,0.3288,0.3296,1091691.5
2026-01-06 10:45:00,0.3296,0.3298,0.3284,0.3287,680459.8
2026-01-06 11:00:00,0.3288,0.3307,0.3285,0.3302,977519.6
2026-01-06 11:15:00,0.3302,0.332,0.3297,0.3314,937894.6
2026-01-06 11:30:00,0.3314,0.332,0.3308,0.3315,1050928.7
2026-01-06 11:45:00,0.3316,0.3322,0.3308,0.3314,912392.3
2026-01-06 12:00:00,0.3314,0.3327,0.3307,0.3325,1074149.7
2026-01-06 12:15:00,0.3325,0.334,0.3322,0.3332,1817445.2
2026-01-06 12:30:00,0.3333,0.3338,0.333,0.3333,925993.8
2026-01-06 12:45:00,0.3334,0.3349,0.333,0.3345,1465130.1
2026-01-06 13:00:00,0.3345,0.3347,0.3333,0.3345,1652729.4
2026-01-06 13:15:00,0.3345,0.3353,0.3337,0.3351,1423277.9
2026-01-06 13:30:00,0.3352,0.336,0.3342,0.3351,1789499.3
2026-01-06 13:45:00,0.3352,0.3352,0.3333,0.3334,1421988.2
2026-01-06 14:00:00,0.3334,0.3379,0.3328,0.3367,3791884.5
2026-01-06 14:15:00,0.3368,0.3405,0.3368,0.34,5144403.6
2026-01-06 14:30:00,0.34,0.34,0.3355,0.3357,4402684.8
2026-01-06 14:45:00,0.3358,0.3359,0.3302,0.3324,6832542.8
2026-01-06 15:00:00,0.3323,0.3344,0.3317,0.3324,2848709.3
2026-01-06 15:15:00,0.3325,0.335,0.3325,0.3338,1587573.5
2026-01-06 15:30:00,0.3339,0.3342,0.3266,0.3277,5230759.6
2026-01-06 15:45:00,0.3277,0.3285,0.326,0.3283,2866544.1
2026-01-06 16:00:00,0.3282,0.3289,0.3221,0.3261,8935704.3
2026-01-06 16:15:00,0.3262,0.327,0.3213,0.3227,7151302.4
2026-01-06 16:30:00,0.3226,0.324,0.3202,0.3214,5863810.6
2026-01-06 16:45:00,0.3213,0.3233,0.3193,0.3226,3143976.3
2026-01-06 17:00:00,0.3225,0.3237,0.3212,0.3224,2287482.0
2026-01-06 17:15:00,0.3224,0.3234,0.3209,0.323,1857054.3
2026-01-06 17:30:00,0.3229,0.324,0.3206,0.3209,3010953.5
2026-01-06 17:45:00,0.321,0.321,0.314,0.3148,9719419.0
2026-01-06 18:00:00,0.3148,0.3188,0.3135,0.3182,5129061.3
2026-01-06 18:15:00,0.3181,0.319,0.3177,0.3182,1376035.3
2026-01-06 18:30:00,0.3183,0.3194,0.3177,0.319,1270339.9
2026-01-06 18:45:00,0.319,0.3204,0.3189,0.3194,1600634.8
2026-01-06 19:00:00,0.3195,0.3207,0.3186,0.3205,1083997.7
2026-01-06 19:15:00,0.3206,0.3208,0.3192,0.3198,1782964.3
2026-01-06 19:30:00,0.3199,0.3207,0.3187,0.3189,1734446.2
2026-01-06 19:45:00,0.3189,0.3197,0.3185,0.3189,611511.4
2026-01-06 20:00:00,0.319,0.3217,0.319,0.3214,1690841.8
2026-01-06 20:15:00,0.3215,0.3236,0.3213,0.3229,1639461.7
2026-01-06 20:30:00,0.3229,0.325,0.3228,0.3244,1449488.7
2026-01-06 20:45:00,0.3245,0.3251,0.3243,0.3244,1305454.1
2026-01-06 21:00:00,0.3244,0.3268,0.3232,0.3266,3339248.6
2026-01-06 21:15:00,0.3266,0.333,0.3264,0.3308,7837179.5
2026-01-06 21:30:00,0.3308,0.333,0.3304,0.3315,1955275.2
2026-01-06 21:45:00,0.3315,0.3319,0.3298,0.3314,1638508.0
2026-01-06 22:00:00,0.3313,0.3323,0.3301,0.3303,1335063.5
2026-01-06 22:15:00,0.3303,0.3309,0.3281,0.329,1765919.6
2026-01-06 22:30:00,0.329,0.3291,0.3277,0.3284,735340.8
2026-01-06 22:45:00,0.3284,0.3299,0.3284,0.3289,558909.8
2026-01-06 23:00:00,0.3288,0.3306,0.3286,0.3303,492714.0
2026-01-06 23:15:00,0.3302,0.3305,0.3288,0.3299,388646.0
2026-01-06 23:30:00,0.3298,0.3317,0.3295,0.3307,931451.0
2026-01-06 23:45:00,0.3306,0.332,0.3304,0.3312,1138776.5
2026-01-07 00:00:00,0.3312,0.332,0.3299,0.3302,1146950.5
2026-01-07 00:15:00,0.3301,0.3306,0.3285,0.3285,766554.9
2026-01-07 00:30:00,0.3285,0.329,0.3266,0.3271,1110197.7
2026-01-07 00:45:00,0.327,0.3271,0.3243,0.3246,2830053.7
2026-01-07 01:00:00,0.3246,0.3264,0.3245,0.325,1199368.1
2026-01-07 01:15:00,0.325,0.3255,0.3225,0.3247,2399312.9
2026-01-07 01:30:00,0.3248,0.325,0.3232,0.3236,1253692.1
2026-01-07 01:45:00,0.3235,0.3239,0.3225,0.323,942811.1
2026-01-07 02:00:00,0.323,0.3243,0.322,0.3236,1580338.3
2026-01-07 02:15:00,0.3235,0.3238,0.3223,0.323,772100.7
2026-01-07 02:30:00,0.3229,0.3248,0.3223,0.3245,684464.9
2026-01-07 02:45:00,0.3246,0.3257,0.3243,0.3248,666587.8
2026-01-07 03:00:00,0.3249,0.3256,0.3244,0.3254,855705.6
2026-01-07 03:15:00,0.3253,0.3262,0.3248,0.3252,661000.7
2026-01-07 03:30:00,0.3252,0.3255,0.3232,0.3236,777038.6
2026-01-07 03:45:00,0.3235,0.324,0.323,0.3238,450448.4
2026-01-07 04:00:00,0.3238,0.3251,0.3236,0.3245,1416823.1
2026-01-07 04:15:00,0.3244,0.3248,0.3238,0.3243,430000.4
2026-01-07 04:30:00,0.3243,0.3247,0.3229,0.3245,1054541.5
2026-01-07 04:45:00,0.3244,0.3244,0.3231,0.3234,394864.1
2026-01-07 05:00:00,0.3235,0.3239,0.3233,0.3237,654044.2
2026-01-07 05:15:00,0.3238,0.3247,0.3235,0.3239,615811.2
2026-01-07 05:30:00,0.324,0.3262,0.324,0.3252,1351136.2
2026-01-07 05:45:00,0.3252,0.3252,0.3238,0.324,1121448.9
2026-01-07 06:00:00,0.3241,0.3248,0.3235,0.3241,1015723.9
2026-01-07 06:15:00,0.3241,0.3249,0.324,0.3246,364745.6
2026-01-07 06:30:00,0.3246,0.325,0.3232,0.3233,667884.2
2026-01-07 06:45:00,0.3233,0.3238,0.3232,0.3232,399739.5
2026-01-07 07:00:00,0.3232,0.3246,0.3231,0.3246,577593.2
2026-01-07 07:15:00,0.3247,0.3274,0.3247,0.3271,2131236.4
2026-01-07 07:30:00,0.3272,0.3292,0.327,0.3285,2041707.8
2026-01-07 07:45:00,0.3285,0.33,0.3278,0.3299,1608789.7
2026-01-07 08:00:00,0.33,0.3314,0.3293,0.3303,2416259.4
2026-01-07 08:15:00,0.3304,0.3316,0.3289,0.3293,1127969.8
2026-01-07 08:30:00,0.3294,0.3304,0.3289,0.3296,949720.2
2026-01-07 08:45:00,0.3295,0.3324,0.3293,0.3309,2344285.2
2026-01-07 09:00:00,0.331,0.3313,0.3293,0.3298,2223308.0
2026-01-07 09:15:00,0.3297,0.3309,0.3276,0.3284,1898663.5
2026-01-07 09:30:00,0.3284,0.3291,0.3252,0.3257,3136744.7
2026-01-07 09:45:00,0.3257,0.3257,0.3241,0.3244,3513367.9
2026-01-07 10:00:00,0.3244,0.326,0.3243,0.3254,1600554.8
2026-01-07 10:15:00,0.3254,0.3254,0.3235,0.3242,1626829.1
2026-01-07 10:30:00,0.3242,0.3259,0.3239,0.3251,2229453.3
2026-01-07 10:45:00,0.3251,0.3258,0.3244,0.3249,798197.7
2026-01-07 11:00:00,0.3249,0.3257,0.3239,0.3253,1810825.1
2026-01-07 11:15:00,0.3254,0.3258,0.3249,0.3251,545770.9
2026-01-07 11:30:00,0.3252,0.3264,0.3247,0.3255,621022.2
2026-01-07 11:45:00,0.3256,0.3257,0.3245,0.3255,794106.0
2026-01-07 12:00:00,0.3256,0.3257,0.3236,0.3239,1008215.7
2026-01-07 12:15:00,0.3238,0.3249,0.3228,0.323,1556846.0
2026-01-07 12:30:00,0.3231,0.3234,0.3214,0.3219,1575472.8
2026-01-07 12:45:00,0.3219,0.3226,0.3211,0.3213,825465.2
2026-01-07 13:00:00,0.3214,0.3225,0.3207,0.321,1427465.5
2026-01-07 13:15:00,0.3209,0.3234,0.3209,0.3224,1331426.7
2026-01-07 13:30:00,0.3224,0.3227,0.3214,0.3217,562915.0
2026-01-07 13:45:00,0.3217,0.3219,0.3197,0.32,1138978.4
2026-01-07 14:00:00,0.3201,0.3203,0.3161,0.3171,3510738.6
2026-01-07 14:15:00,0.3171,0.3175,0.3152,0.3157,2036589.4
2026-01-07 14:30:00,0.3157,0.3198,0.3132,0.3185,5769638.7
2026-01-07 14:45:00,0.3187,0.3204,0.3183,0.3198,1669777.0
2026-01-07 15:00:00,0.3199,0.32,0.3151,0.3159,3888107.9
2026-01-07 15:15:00,0.316,0.3161,0.3125,0.315,4362984.6
2026-01-07 15:30:00,0.315,0.3162,0.3134,0.3146,2914086.0
2026-01-07 15:45:00,0.3147,0.316,0.3139,0.3153,1927231.8
2026-01-07 16:00:00,0.3153,0.3173,0.3147,0.3166,1647450.4
2026-01-07 16:15:00,0.3166,0.3181,0.3162,0.3169,846721.5
2026-01-07 16:30:00,0.317,0.3175,0.3141,0.3167,2773445.0
2026-01-07 16:45:00,0.3167,0.3178,0.316,0.3168,1299869.2
2026-01-07 17:00:00,0.3168,0.3181,0.316,0.3172,1612012.2
2026-01-07 17:15:00,0.3172,0.3191,0.317,0.3189,1809509.0
2026-01-07 17:30:00,0.319,0.3196,0.318,0.3186,829757.8
2026-01-07 17:45:00,0.3187,0.319,0.3163,0.317,1432950.5
2026-01-07 18:00:00,0.3171,0.3185,0.3166,0.3183,1720367.8
2026-01-07 18:15:00,0.3184,0.3187,0.3163,0.3183,2138565.2
2026-01-07 18:30:00,0.3183,0.32,0.3183,0.3185,1728425.2
2026-01-07 18:45:00,0.3185,0.3192,0.3169,0.3181,1650773.2
2026-01-07 19:00:00,0.3181,0.319,0.3154,0.3159,1877426.7
2026-01-07 19:15:00,0.316,0.3166,0.3148,0.3165,1504356.0
2026-01-07 19:30:00,0.3165,0.3192,0.3165,0.3182,1553008.8
2026-01-07 19:45:00,0.3183,0.3191,0.3181,0.3185,633883.5
2026-01-07 20:00:00,0.3184,0.3191,0.3162,0.3164,1165586.4
2026-01-07 20:15:00,0.3164,0.3168,0.315,0.3156,1026921.2
2026-01-07 20:30:00,0.3156,0.3172,0.3154,0.3162,1159807.0
2026-01-07 20:45:00,0.3162,0.3166,0.3156,0.3162,516609.9
2026-01-07 21:00:00,0.3162,0.3171,0.316,0.3166,1106768.7
2026-01-07 21:15:00,0.3167,0.3172,0.3162,0.3169,639045.9
2026-01-07 21:30:00,0.317,0.3176,0.3161,0.3165,411448.1
2026-01-07 21:45:00,0.3165,0.3166,0.3153,0.3155,655000.8
2026-01-07 22:00:00,0.3155,0.316,0.3144,0.3153,1251232.4
2026-01-07 22:15:00,0.3153,0.3166,0.3151,0.3164,519276.4
2026-01-07 22:30:00,0.3163,0.3183,0.3158,0.3164,1652969.9
2026-01-07 22:45:00,0.3163,0.3164,0.3144,0.3155,405559.6
2026-01-07 23:00:00,0.3154,0.3163,0.3135,0.3163,1934571.1
2026-01-07 23:15:00,0.3164,0.3188,0.3164,0.3183,1935346.6
2026-01-07 23:30:00,0.3181,0.3183,0.3165,0.3166,516704.9
2026-01-07 23:45:00,0.3166,0.3174,0.3162,0.3169,900771.2
2026-01-08 00:00:00,0.3169,0.3177,0.3164,0.3165,828049.3
2026-01-08 00:15:00,0.3165,0.3169,0.3157,0.3166,716881.3
2026-01-08 00:30:00,0.3166,0.3168,0.3159,0.3167,564510.8
2026-01-08 00:45:00,0.3167,0.3181,0.3167,0.3175,1512076.5
2026-01-08 01:00:00,0.3175,0.3185,0.3174,0.3179,696732.2
2026-01-08 01:15:00,0.3179,0.3187,0.3169,0.3184,1051619.2
2026-01-08 01:30:00,0.3183,0.3183,0.3166,0.3169,603843.1
2026-01-08 01:45:00,0.3169,0.318,0.3166,0.3177,437932.5
2026-01-08 02:00:00,0.3177,0.3182,0.3167,0.3179,1186236.2
2026-01-08 02:15:00,0.3179,0.3184,0.3157,0.3165,913935.8
2026-01-08 02:30:00,0.3166,0.3166,0.315,0.3161,638940.3
2026-01-08 02:45:00,0.3161,0.3163,0.3148,0.3158,777913.9
2026-01-08 03:00:00,0.3157,0.3176,0.3154,0.3173,756622.0
2026-01-08 03:15:00,0.3173,0.3176,0.3153,0.3156,574196.6
2026-01-08 03:30:00,0.3156,0.3165,0.3117,0.3133,2673080.1
2026-01-08 03:45:00,0.3133,0.3143,0.3125,0.3133,1068692.5
2026-01-08 04:00:00,0.3133,0.3146,0.3123,0.3135,1952015.0
2026-01-08 04:15:00,0.3135,0.316,0.3131,0.316,2501597.1
2026-01-08 04:30:00,0.3161,0.3166,0.3156,0.3163,813337.0
2026-01-08 04:45:00,0.3163,0.3166,0.3153,0.3158,568256.4
2026-01-08 05:00:00,0.3158,0.3174,0.3154,0.3167,1136695.7
2026-01-08 05:15:00,0.3167,0.3177,0.3163,0.3167,1289402.1
2026-01-08 05:30:00,0.3167,0.3184,0.3161,0.3165,1485725.6
2026-01-08 05:45:00,0.3165,0.3167,0.3151,0.3155,880809.6
2026-01-08 06:00:00,0.3155,0.3161,0.3128,0.3135,1853424.4
2026-01-08 06:15:00,0.3135,0.3139,0.3112,0.3122,2511970.9
2026-01-08 06:30:00,0.3122,0.314,0.3119,0.3134,1097960.4
2026-01-08 06:45:00,0.3134,0.3135,0.3089,0.3094,2462199.9
2026-01-08 07:00:00,0.3094,0.3109,0.3075,0.3109,4030057.3
2026-01-08 07:15:00,0.3108,0.3132,0.3104,0.3132,2227951.9
2026-01-08 07:30:00,0.3132,0.3148,0.313,0.3138,1818528.9
2026-01-08 07:45:00,0.3138,0.3147,0.3137,0.3143,651825.6
2026-01-08 08:00:00,0.3143,0.3155,0.3142,0.3153,1082791.9
2026-01-08 08:15:00,0.3152,0.3162,0.315,0.3158,1872003.9
2026-01-08 08:30:00,0.3157,0.3162,0.3135,0.3143,1163925.2
2026-01-08 08:45:00,0.3143,0.3143,0.3119,0.3123,1002349.7
2026-01-08 09:00:00,0.3123,0.3137,0.3123,0.313,1445392.1
2026-01-08 09:15:00,0.3129,0.3129,0.3102,0.3104,1384264.3
2026-01-08 09:30:00,0.3103,0.311,0.3092,0.3102,1885089.7
2026-01-08 09:45:00,0.3101,0.3113,0.3091,0.3096,1704201.4
2026-01-08 10:00:00,0.3096,0.3097,0.3066,0.3092,3703269.7
2026-01-08 10:15:00,0.3091,0.3116,0.3086,0.3114,2771228.1
2026-01-08 10:30:00,0.3113,0.3119,0.3105,0.311,1076666.2
2026-01-08 10:45:00,0.311,0.3129,0.311,0.3123,1591175.5
2026-01-08 11:00:00,0.3122,0.3126,0.3095,0.3098,2141245.6
2026-01-08 11:15:00,0.3098,0.3104,0.3075,0.3086,2415958.8
2026-01-08 11:30:00,0.3085,0.3092,0.3076,0.3083,1410277.6
2026-01-08 11:45:00,0.3083,0.3094,0.3079,0.309,1250043.0
2026-01-08 12:00:00,0.309,0.3091,0.3059,0.3068,2530606.6
2026-01-08 12:15:00,0.3067,0.3072,0.3057,0.3068,2884525.7
2026-01-08 12:30:00,0.3068,0.3072,0.305,0.3062,1468045.6
2026-01-08 12:45:00,0.3062,0.3065,0.3049,0.3063,1708060.5
2026-01-08 13:00:00,0.3062,0.3072,0.306,0.3069,653591.2
2026-01-08 13:15:00,0.3069,0.3075,0.3061,0.3073,877420.9
2026-01-08 13:30:00,0.3073,0.3075,0.3049,0.3063,1540116.3
2026-01-08 13:45:00,0.3062,0.3067,0.3051,0.3061,826340.6
2026-01-08 14:00:00,0.306,0.3069,0.3042,0.3062,1733388.9
2026-01-08 14:15:00,0.3062,0.3065,0.3037,0.3052,1975361.6
2026-01-08 14:30:00,0.3051,0.3072,0.3043,0.3046,3942481.6
2026-01-08 14:45:00,0.3045,0.3217,0.3036,0.3138,31380343.4
2026-01-08 15:00:00,0.3138,0.3163,0.3104,0.3144,38786717.3
2026-01-08 15:15:00,0.3145,0.3169,0.3125,0.3168,9489599.4
2026-01-08 15:30:00,0.3168,0.3196,0.3141,0.3175,6164100.0
2026-01-08 15:45:00,0.3176,0.3191,0.3164,0.3186,6054304.0
2026-01-08 16:00:00,0.3187,0.3196,0.3162,0.3173,5183728.6
2026-01-08 16:15:00,0.3174,0.3177,0.3153,0.3164,2609971.9
2026-01-08 16:30:00,0.3163,0.3176,0.3132,0.3155,5895654.5
2026-01-08 16:45:00,0.3155,0.3173,0.3149,0.3172,1772011.8
2026-01-08 17:00:00,0.3172,0.3198,0.3172,0.3179,3277047.1
2026-01-08 17:15:00,0.3179,0.3182,0.3156,0.3157,1487307.3
2026-01-08 17:30:00,0.3157,0.3173,0.3153,0.3165,1618576.2
2026-01-08 17:45:00,0.3165,0.3186,0.3163,0.3177,1111876.3
2026-01-08 18:00:00,0.3176,0.3178,0.3159,0.3161,1413840.3
2026-01-08 18:15:00,0.3162,0.3165,0.3151,0.3158,943644.5
2026-01-08 18:30:00,0.3158,0.3163,0.3142,0.3149,1414880.4
2026-01-08 18:45:00,0.315,0.3159,0.3145,0.3153,722327.9
2026-01-08 19:00:00,0.3154,0.3169,0.315,0.3155,954614.1
2026-01-08 19:15:00,0.3156,0.3156,0.3138,0.3143,624481.5
2026-01-08 19:30:00,0.3144,0.3162,0.3144,0.3148,522093.1
2026-01-08 19:45:00,0.3149,0.3155,0.3135,0.3143,1703312.9
2026-01-08 20:00:00,0.3144,0.3144,0.311,0.3123,3309400.7
2026-01-08 20:15:00,0.3122,0.3132,0.3114,0.3119,1490096.5
2026-01-08 20:30:00,0.3119,0.3135,0.3119,0.3132,1453983.0
2026-01-08 20:45:00,0.3132,0.3141,0.3127,0.3135,700754.1
2026-01-08 21:00:00,0.3135,0.3155,0.3134,0.3154,752879.1
2026-01-08 21:15:00,0.3154,0.3159,0.3146,0.3151,707152.5
2026-01-08 21:30:00,0.315,0.3163,0.3145,0.3157,1402437.4
2026-01-08 21:45:00,0.3156,0.3166,0.3153,0.3161,597470.5
2026-01-08 22:00:00,0.3161,0.3186,0.3161,0.3182,1639161.3
2026-01-08 22:15:00,0.3181,0.3181,0.3165,0.3169,573285.5
2026-01-08 22:30:00,0.3169,0.317,0.3145,0.315,1183366.5
2026-01-08 22:45:00,0.3149,0.3171,0.3149,0.3166,847694.9
2026-01-08 23:00:00,0.3167,0.3172,0.3161,0.3162,1251047.7
2026-01-08 23:15:00,0.3162,0.3171,0.3159,0.316,605146.7
2026-01-08 23:30:00,0.316,0.3161,0.314,0.3147,1460949.2
2026-01-08 23:45:00,0.3147,0.3152,0.314,0.3142,563166.9
2026-01-09 00:00:00,0.3141,0.3151,0.3141,0.3148,811984.4
2026-01-09 00:15:00,0.3148,0.3152,0.3139,0.3139,465249.4
2026-01-09 00:30:00,0.314,0.3155,0.314,0.3151,518027.3
2026-01-09 00:45:00,0.3151,0.3152,0.3145,0.3148,578589.9
2026-01-09 01:00:00,0.3149,0.3153,0.3145,0.3146,478115.5
2026-01-09 01:15:00,0.3146,0.3177,0.3125,0.3166,2960434.5
2026-01-09 01:30:00,0.3167,0.3175,0.3113,0.3127,4267200.0
2026-01-09 01:45:00,0.3127,0.3136,0.3124,0.3132,695475.0
2026-01-09 02:00:00,0.3131,0.3157,0.3125,0.3152,2481473.1
2026-01-09 02:15:00,0.3151,0.3155,0.3146,0.3147,635787.2
2026-01-09 02:30:00,0.3147,0.3149,0.3135,0.3144,1073821.3
2026-01-09 02:45:00,0.3144,0.3148,0.3132,0.3134,466427.1
2026-01-09 03:00:00,0.3135,0.3165,0.3131,0.3164,1348941.2
2026-01-09 03:15:00,0.3164,0.3173,0.3146,0.3149,1556494.8
2026-01-09 03:30:00,0.3149,0.316,0.3148,0.3156,663678.1
2026-01-09 03:45:00,0.3155,0.3181,0.3154,0.318,1299028.3
2026-01-09 04:00:00,0.318,0.3186,0.3173,0.3177,1465537.5
2026-01-09 04:15:00,0.3177,0.3183,0.3174,0.3182,555239.5
2026-01-09 04:30:00,0.3181,0.3182,0.3158,0.3164,1272799.9
2026-01-09 04:45:00,0.3164,0.3171,0.3163,0.3164,689563.7
2026-01-09 05:00:00,0.3164,0.3174,0.3164,0.3168,626294.9
2026-01-09 05:15:00,0.3167,0.3168,0.3153,0.3158,912869.3
2026-01-09 05:30:00,0.3157,0.3159,0.3145,0.3152,864107.7
2026-01-09 05:45:00,0.3152,0.3156,0.3148,0.3152,693623.1
2026-01-09 06:00:00,0.3151,0.3154,0.3144,0.3152,872780.2
2026-01-09 06:15:00,0.3151,0.3158,0.3145,0.3145,727999.1
2026-01-09 06:30:00,0.3145,0.3167,0.3144,0.3165,1039985.5
2026-01-09 06:45:00,0.3165,0.317,0.3162,0.3163,820011.5
2026-01-09 07:00:00,0.3164,0.3165,0.3149,0.3156,700250.8
2026-01-09 07:15:00,0.3156,0.3167,0.3153,0.3166,553315.4
2026-01-09 07:30:00,0.3166,0.3168,0.3154,0.316,842399.8
2026-01-09 07:45:00,0.316,0.3163,0.3152,0.3156,540183.4
2026-01-09 08:00:00,0.3157,0.3164,0.3145,0.3155,1498074.0
2026-01-09 08:15:00,0.3156,0.3164,0.3155,0.3157,921295.9
2026-01-09 08:30:00,0.3158,0.3161,0.3138,0.3139,1814600.8
2026-01-09 08:45:00,0.3139,0.314,0.3101,0.3124,4605258.6
2026-01-09 09:00:00,0.3125,0.3151,0.3119,0.3144,5133487.4
2026-01-09 09:15:00,0.3144,0.316,0.3137,0.3159,1377053.5
2026-01-09 09:30:00,0.3159,0.3168,0.3154,0.3156,1188246.7
2026-01-09 09:45:00,0.3156,0.3156,0.3142,0.3144,688182.5
2026-01-09 10:00:00,0.3145,0.315,0.3135,0.3145,1707810.6
2026-01-09 10:15:00,0.3145,0.315,0.3136,0.3137,744535.5
2026-01-09 10:30:00,0.3137,0.3144,0.3132,0.314,941466.6
2026-01-09 10:45:00,0.314,0.3157,0.3139,0.3152,853778.0
2026-01-09 11:00:00,0.3153,0.3165,0.3151,0.3162,1649562.2
2026-01-09 11:15:00,0.3164,0.3168,0.3157,0.316,781180.5
2026-01-09 11:30:00,0.316,0.3166,0.3148,0.3151,1251853.6
2026-01-09 11:45:00,0.3152,0.3156,0.3142,0.3144,1328449.4
2026-01-09 12:00:00,0.3144,0.3148,0.313,0.3131,1106591.2
2026-01-09 12:15:00,0.3131,0.3131,0.3122,0.3127,1163613.3
2026-01-09 12:30:00,0.3128,0.313,0.3118,0.3119,1017765.7
2026-01-09 12:45:00,0.312,0.3127,0.3117,0.3124,694675.6
2026-01-09 13:00:00,0.3124,0.3148,0.3124,0.3143,1676559.4
2026-01-09 13:15:00,0.3144,0.3156,0.314,0.3145,1613277.6
2026-01-09 13:30:00,0.3146,0.3171,0.3132,0.315,5302072.7
2026-01-09 13:45:00,0.3151,0.3163,0.3145,0.3155,1422351.2
2026-01-09 14:00:00,0.3156,0.3157,0.3119,0.3124,2690878.9
2026-01-09 14:15:00,0.3125,0.3136,0.3122,0.3132,1962623.6
2026-01-09 14:30:00,0.3133,0.3145,0.3106,0.311,5127847.3
2026-01-09 14:45:00,0.3111,0.3117,0.3092,0.3107,4180701.8
2026-01-09 15:00:00,0.3108,0.3115,0.3082,0.3107,5470992.8
2026-01-09 15:15:00,0.3107,0.3189,0.3099,0.3179,6502209.2
2026-01-09 15:30:00,0.3179,0.3212,0.3165,0.3177,9145193.6
2026-01-09 15:45:00,0.3176,0.3204,0.3154,0.3179,5295654.8
2026-01-09 16:00:00,0.3179,0.3234,0.3178,0.3232,5157752.3
2026-01-09 16:15:00,0.3232,0.3241,0.3195,0.3201,3588743.2
2026-01-09 16:30:00,0.3201,0.321,0.3187,0.3201,1914954.4
2026-01-09 16:45:00,0.3201,0.3219,0.3198,0.3216,1578527.6
2026-01-09 17:00:00,0.3216,0.3218,0.319,0.32,1601571.4
2026-01-09 17:15:00,0.32,0.32,0.3163,0.3176,1667328.9
2026-01-09 17:30:00,0.3177,0.318,0.3162,0.3173,1065953.7
2026-01-09 17:45:00,0.3173,0.3206,0.317,0.3201,1609878.7
2026-01-09 18:00:00,0.32,0.3204,0.3181,0.3183,1355392.4
2026-01-09 18:15:00,0.3182,0.3182,0.3143,0.3145,3379942.4
2026-01-09 18:30:00,0.3146,0.3166,0.3128,0.3162,2988082.7
2026-01-09 18:45:00,0.3162,0.317,0.3155,0.3166,1146392.0
2026-01-09 19:00:00,0.3165,0.3165,0.3138,0.3138,1420811.9
2026-01-09 19:15:00,0.3139,0.3141,0.312,0.3127,2024028.9
2026-01-09 19:30:00,0.3126,0.3128,0.3113,0.3124,1401689.0
2026-01-09 19:45:00,0.3123,0.3143,0.3122,0.3131,934510.0
2026-01-09 20:00:00,0.313,0.3143,0.3126,0.3138,1540237.9
2026-01-09 20:15:00,0.3138,0.3149,0.3134,0.3144,874889.7
2026-01-09 20:30:00,0.3144,0.3165,0.3134,0.3136,1363776.6
2026-01-09 20:45:00,0.3136,0.3148,0.3136,0.3144,1127426.4
2026-01-09 21:00:00,0.3143,0.3149,0.3126,0.3141,1115237.9
2026-01-09 21:15:00,0.314,0.3165,0.3136,0.3157,967658.4
2026-01-09 21:30:00,0.3157,0.3168,0.3149,0.3155,613986.0
2026-01-09 21:45:00,0.3155,0.316,0.3149,0.3158,373205.0
2026-01-09 22:00:00,0.3158,0.3172,0.3154,0.316,1159324.5
2026-01-09 22:15:00,0.3159,0.3161,0.3145,0.3158,512196.0
2026-01-09 22:30:00,0.3157,0.3176,0.3155,0.3161,1022419.5
2026-01-09 22:45:00,0.3161,0.3171,0.3159,0.3167,261314.7
2026-01-09 23:00:00,0.3166,0.3168,0.3158,0.3165,502308.5
2026-01-09 23:15:00,0.3165,0.3166,0.3156,0.3156,383068.3
2026-01-09 23:30:00,0.3156,0.3156,0.3144,0.3147,355646.3
2026-01-09 23:45:00,0.3147,0.3153,0.3146,0.3149,311628.6
2026-01-10 00:00:00,0.315,0.3152,0.3139,0.314,669551.2
2026-01-10 00:15:00,0.3139,0.3145,0.3132,0.3145,568505.2
2026-01-10 00:30:00,0.3145,0.3148,0.3134,0.3136,512034.6
2026-01-10 00:45:00,0.3136,0.3142,0.3129,0.3142,474092.3
2026-01-10 01:00:00,0.3141,0.3151,0.3137,0.3145,528607.4
2026-01-10 01:15:00,0.3145,0.3156,0.3143,0.315,494326.7
2026-01-10 01:30:00,0.3149,0.3156,0.3147,0.3153,508859.7
2026-01-10 01:45:00,0.3153,0.3156,0.3146,0.3149,327437.1
2026-01-10 02:00:00,0.315,0.3151,0.3142,0.3147,262513.3
2026-01-10 02:15:00,0.3147,0.315,0.3144,0.3146,371166.8
2026-01-10 02:30:00,0.3146,0.3146,0.3125,0.3128,518529.3
2026-01-10 02:45:00,0.3127,0.3135,0.3126,0.3134,469416.1
2026-01-10 03:00:00,0.3134,0.3135,0.3116,0.312,805409.6
2026-01-10 03:15:00,0.312,0.3133,0.312,0.3133,284464.6
2026-01-10 03:30:00,0.3132,0.3134,0.3122,0.3127,501977.0
2026-01-10 03:45:00,0.3127,0.3144,0.3127,0.3141,670871.6
2026-01-10 04:00:00,0.3141,0.3142,0.3122,0.3126,751042.0
2026-01-10 04:15:00,0.3126,0.3134,0.3117,0.3124,635927.4
2026-01-10 04:30:00,0.3124,0.3138,0.3122,0.3134,1010247.8
2026-01-10 04:45:00,0.3134,0.314,0.3128,0.3132,891592.2
2026-01-10 05:00:00,0.3131,0.3136,0.3128,0.3136,433654.5
2026-01-10 05:15:00,0.3136,0.3137,0.3127,0.3129,1210673.1
2026-01-10 05:30:00,0.3129,0.314,0.3125,0.3136,560980.5
2026-01-10 05:45:00,0.3136,0.3138,0.3127,0.3128,240930.5
2026-01-10 06:00:00,0.3128,0.3132,0.3127,0.3128,252275.2
2026-01-10 06:15:00,0.3128,0.3129,0.3109,0.3125,1177441.8
2026-01-10 06:30:00,0.3125,0.3135,0.3121,0.3135,406098.6
2026-01-10 06:45:00,0.3135,0.3144,0.3135,0.314,1028484.3
2026-01-10 07:00:00,0.3141,0.3174,0.314,0.317,975546.0
2026-01-10 07:15:00,0.3171,0.3176,0.3159,0.3164,1306755.6
2026-01-10 07:30:00,0.3164,0.317,0.3157,0.3159,640782.6
2026-01-10 07:45:00,0.3159,0.3178,0.3158,0.3171,776741.3
2026-01-10 08:00:00,0.3171,0.3193,0.317,0.3187,1727635.6
2026-01-10 08:15:00,0.3188,0.3191,0.3176,0.3181,1147377.0
2026-01-10 08:30:00,0.3182,0.3183,0.3173,0.3179,438759.6
2026-01-10 08:45:00,0.318,0.3191,0.3176,0.319,501441.0
2026-01-10 09:00:00,0.3191,0.3201,0.3187,0.3193,1238255.2
2026-01-10 09:15:00,0.3193,0.3202,0.3192,0.3198,671256.8
2026-01-10 09:30:00,0.3199,0.3212,0.3194,0.3203,1483201.4
2026-01-10 09:45:00,0.3203,0.3212,0.3196,0.3199,1294903.4
2026-01-10 10:00:00,0.3199,0.3202,0.3191,0.3199,774845.1
2026-01-10 10:15:00,0.32,0.3201,0.3191,0.32,1539437.2
2026-01-10 10:30:00,0.3201,0.3216,0.3198,0.3209,981128.4
2026-01-10 10:45:00,0.321,0.3222,0.3209,0.3219,779933.9
2026-01-10 11:00:00,0.3218,0.3219,0.3206,0.321,1057134.5
2026-01-10 11:15:00,0.3211,0.3213,0.3206,0.3211,659343.8
2026-01-10 11:30:00,0.3211,0.3223,0.3206,0.3222,486702.7
2026-01-10 11:45:00,0.3223,0.3225,0.3214,0.3223,837653.5
2026-01-10 12:00:00,0.3223,0.3236,0.3221,0.3231,1749866.2
2026-01-10 12:15:00,0.3231,0.3237,0.3228,0.3228,769038.6
2026-01-10 12:30:00,0.3229,0.324,0.3227,0.3236,1182841.8
2026-01-10 12:45:00,0.3237,0.3279,0.3237,0.327,2959180.0
2026-01-10 13:00:00,0.3271,0.3274,0.3251,0.326,2474544.1
2026-01-10 13:15:00,0.3261,0.3274,0.3252,0.3254,1551882.2
2026-01-10 13:30:00,0.3255,0.326,0.3248,0.325,1559679.1
2026-01-10 13:45:00,0.3249,0.3252,0.3227,0.3232,2169053.7
2026-01-10 14:00:00,0.3232,0.3235,0.3208,0.321,2358982.3
2026-01-10 14:15:00,0.3211,0.3227,0.3196,0.3221,5037464.0
2026-01-10 14:30:00,0.3221,0.3229,0.3215,0.3218,1005461.4
2026-01-10 14:45:00,0.3218,0.3233,0.3218,0.3233,733190.0
2026-01-10 15:00:00,0.3234,0.3249,0.3232,0.3236,1356618.2
2026-01-10 15:15:00,0.3237,0.3239,0.3212,0.322,3433480.7
2026-01-10 15:30:00,0.3219,0.3227,0.3216,0.3223,815802.1
2026-01-10 15:45:00,0.3222,0.3224,0.3216,0.3218,1153262.4
2026-01-10 16:00:00,0.3217,0.3219,0.3197,0.3203,1369717.4
2026-01-10 16:15:00,0.3202,0.321,0.3196,0.3202,836277.0
2026-01-10 16:30:00,0.3201,0.3208,0.3194,0.3205,825870.8
2026-01-10 16:45:00,0.3205,0.3207,0.3198,0.3201,568973.5
2026-01-10 17:00:00,0.3201,0.3216,0.3201,0.321,1001402.8
2026-01-10 17:15:00,0.3211,0.3218,0.3209,0.3216,556040.3
2026-01-10 17:30:00,0.3216,0.3217,0.3205,0.3208,652157.5
2026-01-10 17:45:00,0.3207,0.3211,0.3189,0.3194,4450246.8
2026-01-10 18:00:00,0.3193,0.3196,0.3177,0.3186,2040865.5
2026-01-10 18:15:00,0.3185,0.3198,0.3177,0.3197,833805.1
2026-01-10 18:30:00,0.3198,0.3203,0.3196,0.32,1076627.6
2026-01-10 18:45:00,0.32,0.3207,0.3197,0.3204,1662495.1
2026-01-10 19:00:00,0.3204,0.3235,0.32,0.3232,1735234.8
2026-01-10 19:15:00,0.3232,0.3239,0.3225,0.3238,1075716.3
2026-01-10 19:30:00,0.3239,0.324,0.3222,0.323,810900.5
2026-01-10 19:45:00,0.323,0.3232,0.3222,0.323,686706.1
2026-01-10 20:00:00,0.3231,0.3233,0.3223,0.3225,690645.5
2026-01-10 20:15:00,0.3225,0.324,0.3221,0.3239,623288.8
2026-01-10 20:30:00,0.324,0.324,0.322,0.3221,642195.0
2026-01-10 20:45:00,0.3221,0.3227,0.3217,0.3222,474318.4
2026-01-10 21:00:00,0.3221,0.3223,0.321,0.3214,798574.3
2026-01-10 21:15:00,0.3214,0.3218,0.321,0.3213,433129.0
2026-01-10 21:30:00,0.3212,0.3215,0.3198,0.3203,664603.3
2026-01-10 21:45:00,0.3203,0.3204,0.3193,0.3194,609559.6
2026-01-10 22:00:00,0.3194,0.3198,0.3188,0.3189,801291.3
2026-01-10 22:15:00,0.3188,0.3191,0.3181,0.3184,450927.1
2026-01-10 22:30:00,0.3184,0.3195,0.3184,0.3188,753384.5
2026-01-10 22:45:00,0.3187,0.3188,0.316,0.3163,1392096.2
2026-01-10 23:00:00,0.3162,0.3177,0.316,0.3167,868998.0
2026-01-10 23:15:00,0.3166,0.3178,0.3165,0.3176,467073.7
2026-01-10 23:30:00,0.3175,0.318,0.317,0.3179,593017.4
2026-01-10 23:45:00,0.3179,0.3186,0.3176,0.3179,1069221.2
2026-01-11 00:00:00,0.3179,0.3183,0.3166,0.3177,2225783.6
2026-01-11 00:15:00,0.3176,0.3182,0.3171,0.3179,938445.4
2026-01-11 00:30:00,0.3179,0.3182,0.3167,0.3169,394860.3
2026-01-11 00:45:00,0.3169,0.319,0.3168,0.3186,638589.6
2026-01-11 01:00:00,0.3186,0.3188,0.3176,0.3177,569831.6
2026-01-11 01:15:00,0.3178,0.3184,0.3175,0.3182,326780.0
2026-01-11 01:30:00,0.3181,0.3196,0.3175,0.3194,581713.7
2026-01-11 01:45:00,0.3195,0.3196,0.3187,0.3194,479960.5
2026-01-11 02:00:00,0.3195,0.3197,0.3183,0.3195,538961.9
2026-01-11 02:15:00,0.3196,0.32,0.3191,0.3192,610908.2
2026-01-11 02:30:00,0.3192,0.3192,0.3179,0.3184,747092.8
2026-01-11 02:45:00,0.3185,0.3187,0.3176,0.3176,368606.1
2026-01-11 03:00:00,0.3177,0.3182,0.3175,0.3178,441550.0
2026-01-11 03:15:00,0.3179,0.3189,0.3177,0.3178,516042.5
2026-01-11 03:30:00,0.3178,0.3187,0.3178,0.3186,537984.5
2026-01-11 03:45:00,0.3186,0.3192,0.3185,0.3188,601700.6
2026-01-11 04:00:00,0.3188,0.3188,0.3178,0.318,550854.4
2026-01-11 04:15:00,0.318,0.3181,0.3171,0.3174,589594.4
2026-01-11 04:30:00,0.3175,0.3203,0.3174,0.3186,1338039.0
2026-01-11 04:45:00,0.3187,0.3206,0.3187,0.3203,767705.7
2026-01-11 05:00:00,0.3204,0.321,0.3201,0.3203,806137.0
2026-01-11 05:15:00,0.3204,0.3204,0.319,0.3192,474355.8
2026-01-11 05:30:00,0.3192,0.3201,0.3192,0.3199,462387.7
2026-01-11 05:45:00,0.3199,0.3205,0.3194,0.3198,735616.9
2026-01-11 06:00:00,0.3199,0.32,0.3191,0.3194,542750.3
2026-01-11 06:15:00,0.3195,0.3197,0.3171,0.3176,1767082.1
2026-01-11 06:30:00,0.3177,0.3184,0.3173,0.318,517213.3
2026-01-11 06:45:00,0.318,0.3197,0.318,0.3194,849724.8
2026-01-11 07:00:00,0.3195,0.32,0.3191,0.3196,594439.9
2026-01-11 07:15:00,0.3197,0.3201,0.319,0.32,429936.5
2026-01-11 07:30:00,0.3201,0.3211,0.32,0.321,912028.3
2026-01-11 07:45:00,0.3211,0.3213,0.3204,0.3211,485120.8
2026-01-11 08:00:00,0.3211,0.3211,0.3198,0.3201,603177.5
2026-01-11 08:15:00,0.3202,0.321,0.3201,0.3204,379807.4
2026-01-11 08:30:00,0.3205,0.3217,0.32,0.3202,1020515.8
2026-01-11 08:45:00,0.3202,0.3209,0.3195,0.3198,1158762.4
2026-01-11 09:00:00,0.3199,0.3203,0.3196,0.3201,527771.3
2026-01-11 09:15:00,0.3201,0.3207,0.32,0.3206,439719.9
2026-01-11 09:30:00,0.3207,0.3208,0.3196,0.3202,632369.5
2026-01-11 09:45:00,0.3202,0.3213,0.3202,0.321,233208.7
2026-01-11 10:00:00,0.321,0.3212,0.3201,0.3211,475802.0
2026-01-11 10:15:00,0.3212,0.3213,0.3205,0.3207,283987.7
2026-01-11 10:30:00,0.3208,0.3209,0.3195,0.3196,489762.8
2026-01-11 10:45:00,0.3197,0.3204,0.3196,0.3201,328946.6
2026-01-11 11:00:00,0.3202,0.3205,0.3197,0.3202,357664.4
2026-01-11 11:15:00,0.3203,0.3207,0.32,0.3203,390346.5
2026-01-11 11:30:00,0.3203,0.3208,0.3201,0.3203,377641.0
2026-01-11 11:45:00,0.3204,0.3211,0.3201,0.321,391765.0
2026-01-11 12:00:00,0.3211,0.3223,0.3208,0.322,787240.5
2026-01-11 12:15:00,0.3221,0.3227,0.3217,0.3221,467582.1
2026-01-11 12:30:00,0.3222,0.323,0.3216,0.3227,497348.4
2026-01-11 12:45:00,0.3228,0.3238,0.3219,0.3224,763752.4
2026-01-11 13:00:00,0.3225,0.3227,0.3214,0.3219,681916.1
2026-01-11 13:15:00,0.322,0.3221,0.3205,0.3209,626465.3
2026-01-11 13:30:00,0.3209,0.321,0.32,0.32,715105.1
2026-01-11 13:45:00,0.3201,0.3211,0.32,0.32,483965.5
2026-01-11 14:00:00,0.32,0.3211,0.3199,0.3209,689954.7
2026-01-11 14:15:00,0.3209,0.3216,0.3204,0.3215,530629.4
2026-01-11 14:30:00,0.3215,0.3221,0.3206,0.321,929461.7
2026-01-11 14:45:00,0.321,0.3235,0.321,0.3228,853008.4
2026-01-11 15:00:00,0.3228,0.3234,0.3202,0.3206,916692.9
2026-01-11 15:15:00,0.3207,0.3212,0.3201,0.3202,611966.0
2026-01-11 15:30:00,0.3203,0.3208,0.3189,0.3191,1409807.5
2026-01-11 15:45:00,0.3192,0.3193,0.3169,0.3185,5674782.1
2026-01-11 16:00:00,0.3186,0.3193,0.3178,0.3181,1130796.4
2026-01-11 16:15:00,0.3182,0.3214,0.3179,0.3206,1585123.8
2026-01-11 16:30:00,0.3207,0.3238,0.3207,0.3221,3105385.7
2026-01-11 16:45:00,0.3221,0.3225,0.3204,0.321,1090582.6
2026-01-11 17:00:00,0.3211,0.3221,0.3207,0.3218,755550.4
2026-01-11 17:15:00,0.3219,0.3219,0.3206,0.321,717097.2
2026-01-11 17:30:00,0.321,0.3212,0.319,0.3208,914689.6
2026-01-11 17:45:00,0.3208,0.3229,0.3204,0.3228,1181730.7
2026-01-11 18:00:00,0.3229,0.323,0.3197,0.32,4474806.1
2026-01-11 18:15:00,0.32,0.3204,0.3191,0.3196,1194746.4
2026-01-11 18:30:00,0.3197,0.3201,0.319,0.3198,436377.3
2026-01-11 18:45:00,0.3199,0.321,0.3197,0.3206,558261.1
2026-01-11 19:00:00,0.3206,0.3214,0.3198,0.3213,1108736.6
2026-01-11 19:15:00,0.3213,0.3214,0.3198,0.32,481835.9
2026-01-11 19:30:00,0.32,0.3204,0.3194,0.3197,342885.6
2026-01-11 19:45:00,0.3198,0.3198,0.3179,0.3184,1525705.3
2026-01-11 20:00:00,0.3184,0.3184,0.3148,0.3158,3711295.5
2026-01-11 20:15:00,0.3157,0.3157,0.3136,0.3147,1996348.1
2026-01-11 20:30:00,0.3146,0.3163,0.3139,0.3148,2182555.1
2026-01-11 20:45:00,0.3148,0.3158,0.3147,0.3151,638055.5
2026-01-11 21:00:00,0.3151,0.3151,0.3129,0.3139,1536839.7
2026-01-11 21:15:00,0.3138,0.315,0.3138,0.3146,559294.0
2026-01-11 21:30:00,0.3146,0.3152,0.314,0.3148,832098.7
2026-01-11 21:45:00,0.3148,0.3171,0.3147,0.3168,1122945.7
2026-01-11 22:00:00,0.3167,0.3167,0.3124,0.3133,1469604.0
2026-01-11 22:15:00,0.3134,0.3147,0.3127,0.3141,682458.5
2026-01-11 22:30:00,0.3141,0.315,0.313,0.3149,559416.7
2026-01-11 22:45:00,0.3149,0.3149,0.3132,0.3132,244841.8
2026-01-11 23:00:00,0.3132,0.3143,0.3101,0.3142,2740721.3
2026-01-11 23:15:00,0.3141,0.3163,0.314,0.3142,1472300.4
2026-01-11 23:30:00,0.3142,0.3151,0.3135,0.3149,741862.3
2026-01-11 23:45:00,0.3149,0.3159,0.3146,0.3159,713913.6
2026-01-12 00:00:00,0.3159,0.3165,0.3148,0.3156,1501275.5
2026-01-12 00:15:00,0.3157,0.3179,0.3152,0.3167,2371690.6
2026-01-12 00:30:00,0.3167,0.3177,0.3126,0.313,2608568.2
2026-01-12 00:45:00,0.3129,0.3168,0.3111,0.3168,2276823.1
2026-01-12 01:00:00,0.3167,0.3197,0.3162,0.3186,2640159.8
2026-01-12 01:15:00,0.3186,0.3202,0.3175,0.3201,1199773.1
2026-01-12 01:30:00,0.3201,0.3202,0.3165,0.318,1891996.9
2026-01-12 01:45:00,0.3179,0.3196,0.3177,0.3194,1289302.0
2026-01-12 02:00:00,0.3194,0.3229,0.3193,0.3229,2360846.8
2026-01-12 02:15:00,0.3228,0.324,0.3213,0.3233,1894611.9
2026-01-12 02:30:00,0.3233,0.3243,0.3223,0.3239,1502477.2
2026-01-12 02:45:00,0.3238,0.3272,0.3238,0.3267,2871903.4
2026-01-12 03:00:00,0.3267,0.3287,0.3258,0.3286,2717875.7
2026-01-12 03:15:00,0.3286,0.3315,0.3286,0.3305,4263184.3
2026-01-12 03:30:00,0.3306,0.3328,0.3271,0.3275,3033230.7
2026-01-12 03:45:00,0.3274,0.3279,0.3253,0.3258,1493304.8
2026-01-12 04:00:00,0.3258,0.3264,0.3239,0.3253,1652064.3
2026-01-12 04:15:00,0.3252,0.3262,0.3244,0.325,894341.7
2026-01-12 04:30:00,0.325,0.328,0.3249,0.3272,856615.1
2026-01-12 04:45:00,0.3272,0.3283,0.3271,0.3275,588757.5
2026-01-12 05:00:00,0.3275,0.3281,0.3255,0.3268,1292948.4
2026-01-12 05:15:00,0.3268,0.3285,0.3262,0.3274,849136.8
2026-01-12 05:30:00,0.3274,0.3278,0.3252,0.3254,575492.8
2026-01-12 05:45:00,0.3254,0.3258,0.3248,0.3256,477326.3
2026-01-12 06:00:00,0.3256,0.3259,0.3247,0.3252,917424.9
2026-01-12 06:15:00,0.3254,0.3256,0.323,0.3236,1053622.4
2026-01-12 06:30:00,0.3237,0.3238,0.3219,0.3227,1195691.1
2026-01-12 06:45:00,0.3228,0.3229,0.3217,0.3222,697190.2
2026-01-12 07:00:00,0.3223,0.3249,0.3217,0.3228,1373871.9
2026-01-12 07:15:00,0.3228,0.3235,0.3213,0.3216,789205.2
2026-01-12 07:30:00,0.3215,0.3217,0.3186,0.3192,2123271.3
2026-01-12 07:45:00,0.3192,0.3192,0.3176,0.3182,1848635.8
2026-01-12 08:00:00,0.3182,0.3203,0.318,0.3193,1764618.6
2026-01-12 08:15:00,0.3193,0.3203,0.3185,0.3188,1142152.7
2026-01-12 08:30:00,0.3187,0.3187,0.3131,0.3134,5334148.8
2026-01-12 08:45:00,0.3133,0.3149,0.3118,0.3147,2705874.2
2026-01-12 09:00:00,0.3147,0.3157,0.3138,0.3151,1845146.9
2026-01-12 09:15:00,0.3151,0.316,0.3143,0.3145,999372.0
2026-01-12 09:30:00,0.3144,0.3157,0.3142,0.3152,1106114.2
2026-01-12 09:45:00,0.3151,0.3156,0.3143,0.3149,598811.1
2026-01-12 10:00:00,0.3149,0.3161,0.3144,0.3153,925800.2
2026-01-12 10:15:00,0.3152,0.3159,0.3145,0.3159,1212619.2
2026-01-12 10:30:00,0.3158,0.3166,0.3149,0.3151,892684.6
2026-01-12 10:45:00,0.3151,0.3151,0.3138,0.3142,1027494.5
2026-01-12 11:00:00,0.3141,0.3146,0.3134,0.3137,1262926.6
2026-01-12 11:15:00,0.3137,0.3151,0.3133,0.3144,1354240.2
2026-01-12 11:30:00,0.3144,0.3156,0.3138,0.3141,808110.2
2026-01-12 11:45:00,0.3141,0.315,0.314,0.3142,510409.6
2026-01-12 12:00:00,0.3142,0.3143,0.3134,0.3136,732949.2
2026-01-12 12:15:00,0.3137,0.3144,0.313,0.3132,736796.3
2026-01-12 12:30:00,0.3132,0.3133,0.3121,0.3124,1329547.1
2026-01-12 12:45:00,0.3124,0.3138,0.3124,0.3127,817288.0
2026-01-12 13:00:00,0.3127,0.3134,0.3099,0.3102,2718434.2
2026-01-12 13:15:00,0.3102,0.3113,0.3095,0.3104,1699946.9
2026-01-12 13:30:00,0.3104,0.3116,0.3087,0.3093,1634040.5
2026-01-12 13:45:00,0.3093,0.3099,0.3082,0.3089,1491674.3
2026-01-12 14:00:00,0.3088,0.3113,0.3087,0.3109,1283963.7
2026-01-12 14:15:00,0.3108,0.3111,0.3057,0.3083,5227523.0
2026-01-12 14:30:00,0.3082,0.3141,0.3079,0.3113,4132298.1
2026-01-12 14:45:00,0.3112,0.313,0.3098,0.3114,1851150.4
2026-01-12 15:00:00,0.3115,0.3121,0.3101,0.312,1822249.5
2026-01-12 15:15:00,0.312,0.3151,0.3115,0.3142,3179415.2
2026-01-12 15:30:00,0.3143,0.316,0.3136,0.3154,2056046.0
2026-01-12 15:45:00,0.3155,0.3156,0.314,0.3152,1962080.7
2026-01-12 16:00:00,0.3152,0.3161,0.3144,0.3155,1688936.9
2026-01-12 16:15:00,0.3156,0.3186,0.314,0.3183,2596255.4
2026-01-12 16:30:00,0.3184,0.32,0.3172,0.3178,2294273.3
2026-01-12 16:45:00,0.3178,0.3184,0.316,0.3181,1341571.9
2026-01-12 17:00:00,0.3182,0.3189,0.3164,0.3171,1716364.5
2026-01-12 17:15:00,0.3171,0.318,0.3142,0.3146,1266677.1
2026-01-12 17:30:00,0.3145,0.3145,0.3113,0.3135,3804697.3
2026-01-12 17:45:00,0.3134,0.3144,0.313,0.3134,814095.2
2026-01-12 18:00:00,0.3134,0.3149,0.3129,0.3139,991839.8
2026-01-12 18:15:00,0.3139,0.3154,0.3136,0.3152,1373404.9
2026-01-12 18:30:00,0.3152,0.3153,0.3112,0.3118,1351652.6
2026-01-12 18:45:00,0.3119,0.3129,0.3117,0.3125,650149.4
2026-01-12 19:00:00,0.3125,0.3136,0.311,0.3125,1415516.4
2026-01-12 19:15:00,0.3125,0.3141,0.3125,0.313,733371.0
2026-01-12 19:30:00,0.3131,0.3143,0.3129,0.3131,644784.9
2026-01-12 19:45:00,0.3131,0.314,0.3124,0.3137,464139.5
2026-01-12 20:00:00,0.3138,0.3161,0.3131,0.3154,1432050.5
2026-01-12 20:15:00,0.3153,0.3154,0.3133,0.3138,1327430.6
2026-01-12 20:30:00,0.3137,0.3138,0.3113,0.3115,1188874.3
2026-01-12 20:45:00,0.3116,0.3123,0.311,0.3116,701353.4
2026-01-12 21:00:00,0.3116,0.3117,0.3097,0.311,1252577.0
2026-01-12 21:15:00,0.311,0.3112,0.3095,0.3097,1322291.6
2026-01-12 21:30:00,0.3097,0.3099,0.3087,0.3087,929185.0
2026-01-12 21:45:00,0.3087,0.3091,0.3065,0.3083,2262454.0
2026-01-12 22:00:00,0.3083,0.3106,0.308,0.3098,1428584.5
2026-01-12 22:15:00,0.3098,0.31,0.3086,0.3093,1043502.0
2026-01-12 22:30:00,0.3092,0.3101,0.3086,0.3097,601537.9
2026-01-12 22:45:00,0.3096,0.3097,0.309,0.3096,317197.6
2026-01-12 23:00:00,0.3095,0.3097,0.3077,0.3085,798827.7
2026-01-12 23:15:00,0.3084,0.3096,0.3079,0.3093,870639.2
2026-01-12 23:30:00,0.3093,0.3098,0.3083,0.3087,731096.8
2026-01-12 23:45:00,0.3087,0.3093,0.3083,0.3088,648991.4
2026-01-13 00:00:00,0.3088,0.3104,0.3085,0.3095,1922280.2
2026-01-13 00:15:00,0.3095,0.3106,0.3092,0.3092,1539710.8
2026-01-13 00:30:00,0.3092,0.3104,0.3089,0.3097,871943.5
2026-01-13 00:45:00,0.3097,0.3106,0.3096,0.3104,701959.3
2026-01-13 01:00:00,0.3104,0.312,0.3101,0.3117,737613.7
2026-01-13 01:15:00,0.3117,0.3123,0.311,0.3115,658933.2
2026-01-13 01:30:00,0.3115,0.3117,0.3092,0.3098,991736.1
2026-01-13 01:45:00,0.3097,0.3109,0.3095,0.3109,489637.8
2026-01-13 02:00:00,0.3108,0.314,0.3107,0.3131,2105167.6
2026-01-13 02:15:00,0.3132,0.3142,0.312,0.3127,1201409.0
2026-01-13 02:30:00,0.3126,0.3133,0.3116,0.3119,1035090.7
2026-01-13 02:45:00,0.3118,0.3122,0.3107,0.3109,634587.7
2026-01-13 03:00:00,0.3108,0.3115,0.3094,0.311,2254453.4
2026-01-13 03:15:00,0.3111,0.3137,0.3111,0.3137,1757716.9
2026-01-13 03:30:00,0.3136,0.3137,0.3116,0.3136,1337114.1
2026-01-13 03:45:00,0.3136,0.314,0.3125,0.3128,1044011.5
2026-01-13 04:00:00,0.3129,0.3155,0.3127,0.3154,1494013.2
2026-01-13 04:15:00,0.3154,0.3157,0.3137,0.3145,895182.8
2026-01-13 04:30:00,0.3145,0.3148,0.3131,0.3147,709237.0
2026-01-13 04:45:00,0.3147,0.3155,0.3141,0.3153,616129.6
2026-01-13 05:00:00,0.3153,0.3172,0.3152,0.317,1305382.5
2026-01-13 05:15:00,0.3171,0.3203,0.317,0.3185,3121021.5
2026-01-13 05:30:00,0.3186,0.3189,0.3172,0.3178,1701746.2
2026-01-13 05:45:00,0.3178,0.3185,0.317,0.3176,985933.5
2026-01-13 06:00:00,0.3177,0.319,0.3175,0.3182,1249738.3
2026-01-13 06:15:00,0.3183,0.319,0.3177,0.3177,701112.3
2026-01-13 06:30:00,0.3177,0.3189,0.3176,0.3183,674501.3
2026-01-13 06:45:00,0.3184,0.3209,0.3184,0.3207,1838758.9
2026-01-13 07:00:00,0.3208,0.3209,0.319,0.3195,985158.4
2026-01-13 07:15:00,0.3196,0.3196,0.3183,0.3186,826438.7
2026-01-13 07:30:00,0.3187,0.3187,0.3178,0.3179,613983.4
2026-01-13 07:45:00,0.318,0.3182,0.3174,0.3179,751640.7
2026-01-13 08:00:00,0.318,0.3196,0.318,0.3186,940481.7
2026-01-13 08:15:00,0.3186,0.3189,0.3175,0.3177,863593.3
2026-01-13 08:30:00,0.3178,0.3191,0.3169,0.319,1188087.1
2026-01-13 08:45:00,0.319,0.3206,0.3188,0.3195,1592308.0
2026-01-13 09:00:00,0.3196,0.3203,0.3195,0.3201,999261.3
2026-01-13 09:15:00,0.3202,0.3212,0.3193,0.3203,1333850.9
2026-01-13 09:30:00,0.3203,0.322,0.3192,0.3199,1869982.8
2026-01-13 09:45:00,0.3199,0.3214,0.3193,0.3201,1152484.2
2026-01-13 10:00:00,0.3202,0.3223,0.3201,0.3212,1830771.1
2026-01-13 10:15:00,0.3212,0.322,0.3208,0.3217,914272.1
2026-01-13 10:30:00,0.3218,0.3223,0.3201,0.3205,1150512.2
2026-01-13 10:45:00,0.3206,0.3232,0.3203,0.323,1360372.5
2026-01-13 11:00:00,0.323,0.3231,0.3218,0.3226,1456643.5
2026-01-13 11:15:00,0.3227,0.3247,0.3224,0.3244,1589573.3
2026-01-13 11:30:00,0.3245,0.3271,0.3235,0.3241,4543256.4
2026-01-13 11:45:00,0.3241,0.3261,0.3227,0.3248,6986812.1
2026-01-13 12:00:00,0.3249,0.3275,0.3249,0.3262,3943587.0
2026-01-13 12:15:00,0.3262,0.3285,0.3257,0.3264,1893733.5
2026-01-13 12:30:00,0.3265,0.3272,0.3262,0.327,1637062.2
2026-01-13 12:45:00,0.327,0.3312,0.3266,0.3287,5329242.9
2026-01-13 13:00:00,0.3288,0.33,0.3277,0.3282,3163905.0
2026-01-13 13:15:00,0.3282,0.3298,0.3271,0.3297,1943349.0
2026-01-13 13:30:00,0.3297,0.3346,0.3297,0.3345,8680292.0
2026-01-13 13:45:00,0.3346,0.3347,0.3327,0.3335,4132872.3
2026-01-13 14:00:00,0.3336,0.3345,0.3327,0.3338,3053514.7
2026-01-13 14:15:00,0.3338,0.3396,0.3337,0.3394,4464069.8
2026-01-13 14:30:00,0.3394,0.343,0.3389,0.3418,8052499.2
2026-01-13 14:45:00,0.3419,0.3424,0.3361,0.3362,4534696.1
2026-01-13 15:00:00,0.3362,0.3388,0.3343,0.3368,5347924.6
2026-01-13 15:15:00,0.3368,0.3372,0.3334,0.3366,3467442.8
2026-01-13 15:30:00,0.3366,0.3419,0.3365,0.3414,4846039.3
2026-01-13 15:45:00,0.3413,0.3446,0.3395,0.3438,5122067.0
2026-01-13 16:00:00,0.3438,0.3499,0.3435,0.3478,13081395.5
2026-01-13 16:15:00,0.3477,0.3496,0.3464,0.3484,4603096.3
2026-01-13 16:30:00,0.3484,0.3541,0.3483,0.3526,10013579.8
2026-01-13 16:45:00,0.3527,0.357,0.3525,0.3546,7552255.6
2026-01-13 17:00:00,0.3546,0.3563,0.3495,0.3501,6487507.8
2026-01-13 17:15:00,0.35,0.3525,0.3483,0.3518,3670831.0
2026-01-13 17:30:00,0.3518,0.3545,0.3499,0.3535,2575692.9
2026-01-13 17:45:00,0.3534,0.3631,0.3532,0.3596,17777936.3
2026-01-13 18:00:00,0.3597,0.3648,0.3574,0.3637,7874897.6
2026-01-13 18:15:00,0.3637,0.3651,0.3584,0.359,6144215.8
2026-01-13 18:30:00,0.359,0.362,0.3575,0.3595,3195423.2
2026-01-13 18:45:00,0.3594,0.3623,0.356,0.357,3985450.7
2026-01-13 19:00:00,0.3569,0.357,0.3524,0.3548,5020059.1
2026-01-13 19:15:00,0.3548,0.357,0.3543,0.356,3747776.2
2026-01-13 19:30:00,0.356,0.357,0.3539,0.3543,1745587.9
2026-01-13 19:45:00,0.3544,0.356,0.3544,0.3558,2107728.9
2026-01-13 20:00:00,0.3558,0.3575,0.3547,0.3556,2203565.3
2026-01-13 20:15:00,0.3555,0.3555,0.3534,0.3538,1467501.5
2026-01-13 20:30:00,0.3537,0.3549,0.3512,0.3546,9314099.2
2026-01-13 20:45:00,0.3546,0.3549,0.3529,0.3545,1056329.8
2026-01-13 21:00:00,0.3544,0.3587,0.354,0.3579,2497607.3
2026-01-13 21:15:00,0.3579,0.3632,0.3577,0.3613,2991944.4
2026-01-13 21:30:00,0.3613,0.3615,0.3588,0.3602,2189664.4
2026-01-13 21:45:00,0.3601,0.3633,0.3601,0.3631,1335938.9
2026-01-13 22:00:00,0.3632,0.3773,0.3619,0.3686,11647789.1
2026-01-13 22:15:00,0.3685,0.3719,0.3664,0.3702,4861353.3
2026-01-13 22:30:00,0.3701,0.3757,0.3696,0.3727,4337342.8
2026-01-13 22:45:00,0.3728,0.3741,0.369,0.3708,3601254.0
2026-01-13 23:00:00,0.3708,0.372,0.3683,0.3688,4186353.2
2026-01-13 23:15:00,0.3688,0.3697,0.3663,0.3673,2748795.5
2026-01-13 23:30:00,0.3672,0.3675,0.3651,0.3673,2741694.7
2026-01-13 23:45:00,0.3672,0.3674,0.3653,0.3669,1962654.1
2026-01-14 00:00:00,0.3668,0.3705,0.3666,0.369,5327972.6
2026-01-14 00:15:00,0.3689,0.3699,0.3655,0.3676,4174652.6
2026-01-14 00:30:00,0.3675,0.3676,0.3652,0.3659,1984423.4
2026-01-14 00:45:00,0.3658,0.3676,0.3641,0.3669,2541194.7
2026-01-14 01:00:00,0.3668,0.3683,0.3663,0.3664,2496963.1
2026-01-14 01:15:00,0.3665,0.3665,0.3638,0.3648,1705251.1
2026-01-14 01:30:00,0.3647,0.3655,0.3634,0.3642,2202814.2
2026-01-14 01:45:00,0.3642,0.3661,0.3635,0.3647,2214979.7
2026-01-14 02:00:00,0.3646,0.3649,0.3627,0.3638,1967008.9
2026-01-14 02:15:00,0.3638,0.3638,0.3615,0.3623,1564388.4
2026-01-14 02:30:00,0.3623,0.3623,0.3605,0.3617,1378234.6
2026-01-14 02:45:00,0.3617,0.3625,0.3595,0.3602,2067462.2
2026-01-14 03:00:00,0.3602,0.3612,0.3596,0.3603,2076390.9
2026-01-14 03:15:00,0.3602,0.3619,0.3601,0.3614,1569476.5
2026-01-14 03:30:00,0.3613,0.362,0.3608,0.3615,1171531.7
2026-01-14 03:45:00,0.3615,0.3624,0.3607,0.3624,1421707.5
2026-01-14 04:00:00,0.3623,0.3629,0.3599,0.3602,2193384.2
2026-01-14 04:15:00,0.3602,0.3616,0.3598,0.3613,1086055.7
2026-01-14 04:30:00,0.3612,0.3625,0.3606,0.3608,1582996.7
2026-01-14 04:45:00,0.3607,0.3615,0.3603,0.3604,975231.3
2026-01-14 05:00:00,0.3603,0.3603,0.3581,0.3594,3443164.0
2026-01-14 05:15:00,0.3593,0.3599,0.3576,0.3581,1702017.4
2026-01-14 05:30:00,0.358,0.3595,0.3572,0.3589,1969354.8
2026-01-14 05:45:00,0.3589,0.3612,0.3589,0.3601,1727665.4
2026-01-14 06:00:00,0.3601,0.3604,0.3589,0.3603,1494421.2
2026-01-14 06:15:00,0.3602,0.3604,0.3583,0.3584,1205745.9
2026-01-14 06:30:00,0.3583,0.3596,0.3567,0.3594,1932669.0
2026-01-14 06:45:00,0.3594,0.3624,0.3594,0.3623,1823572.3
2026-01-14 07:00:00,0.3623,0.363,0.3603,0.3609,2930616.0
2026-01-14 07:15:00,0.3608,0.3618,0.3596,0.3599,1120478.3
2026-01-14 07:30:00,0.3599,0.3617,0.3592,0.3611,1141385.7
2026-01-14 07:45:00,0.3611,0.3619,0.3599,0.3606,703544.6
2026-01-14 08:00:00,0.3605,0.3619,0.3602,0.3619,842802.8
2026-01-14 08:15:00,0.3618,0.362,0.3611,0.362,773109.6
2026-01-14 08:30:00,0.362,0.3624,0.3614,0.3621,1316016.6
2026-01-14 08:45:00,0.3621,0.3625,0.3615,0.3616,712910.8
2026-01-14 09:00:00,0.3617,0.3634,0.3616,0.3631,1563794.5
2026-01-14 09:15:00,0.363,0.3632,0.3615,0.3617,889693.9
2026-01-14 09:30:00,0.3618,0.3625,0.3608,0.3612,959081.5
2026-01-14 09:45:00,0.3613,0.3624,0.361,0.3618,921433.2
2026-01-14 10:00:00,0.3619,0.3649,0.3615,0.3642,1887894.0
2026-01-14 10:15:00,0.3642,0.3645,0.36,0.3616,2080359.3
2026-01-14 10:30:00,0.3615,0.3621,0.3594,0.3603,1157693.1
2026-01-14 10:45:00,0.3603,0.3618,0.3602,0.3615,1091075.8
2026-01-14 11:00:00,0.3615,0.3624,0.36,0.361,2279626.1
2026-01-14 11:15:00,0.3609,0.3639,0.3602,0.3638,2510167.8
2026-01-14 11:30:00,0.3637,0.3637,0.3613,0.3623,1171173.4
2026-01-14 11:45:00,0.3622,0.3625,0.3613,0.3619,1006958.7
2026-01-14 12:00:00,0.3619,0.3635,0.3618,0.3635,1613195.2
2026-01-14 12:15:00,0.3635,0.3635,0.3618,0.3625,990619.2
2026-01-14 12:30:00,0.3626,0.3627,0.3613,0.3616,706030.1
2026-01-14 12:45:00,0.3615,0.3625,0.3612,0.3622,927622.8
2026-01-14 13:00:00,0.3621,0.3622,0.3607,0.3618,1062938.9
2026-01-14 13:15:00,0.3618,0.3636,0.3616,0.3623,916698.9
2026-01-14 13:30:00,0.3624,0.3625,0.3592,0.3595,1711430.1
2026-01-14 13:45:00,0.3596,0.3596,0.3546,0.3556,6029920.0
2026-01-14 14:00:00,0.3556,0.3589,0.3551,0.3584,3074327.6
2026-01-14 14:15:00,0.3584,0.36,0.3576,0.3578,2239951.7
2026-01-14 14:30:00,0.3578,0.3598,0.3568,0.3581,1807594.9
2026-01-14 14:45:00,0.3581,0.361,0.3575,0.3582,3827296.3
2026-01-14 15:00:00,0.3583,0.3607,0.3564,0.3601,4755956.2
2026-01-14 15:15:00,0.36,0.3613,0.359,0.3598,2750650.4
2026-01-14 15:30:00,0.3599,0.3606,0.3575,0.3582,2336718.8
2026-01-14 15:45:00,0.3583,0.3593,0.357,0.3587,1711639.9
2026-01-14 16:00:00,0.3587,0.3623,0.3587,0.3611,3624411.9
2026-01-14 16:15:00,0.3612,0.3614,0.3585,0.3588,2412969.3
2026-01-14 16:30:00,0.3587,0.3607,0.3567,0.359,2868927.4
2026-01-14 16:45:00,0.3589,0.3601,0.3577,0.3584,1730392.1
2026-01-14 17:00:00,0.3584,0.3596,0.358,0.3589,1293755.8
2026-01-14 17:15:00,0.359,0.3598,0.358,0.3584,1421707.1
2026-01-14 17:30:00,0.3585,0.3585,0.3536,0.3573,4170521.0
2026-01-14 17:45:00,0.3573,0.3578,0.3549,0.3558,1801193.7
2026-01-14 18:00:00,0.3557,0.3574,0.3553,0.3559,1331359.2
2026-01-14 18:15:00,0.3559,0.356,0.3535,0.3554,1067872.8
2026-01-14 18:30:00,0.3555,0.3561,0.3503,0.3505,3100089.7
2026-01-14 18:45:00,0.3504,0.3538,0.3495,0.3525,1992752.5
2026-01-14 19:00:00,0.3524,0.3532,0.3513,0.3526,1403832.4
2026-01-14 19:15:00,0.3526,0.3574,0.3524,0.3571,2330398.6
2026-01-14 19:30:00,0.3571,0.3581,0.3542,0.3551,1509031.1
2026-01-14 19:45:00,0.355,0.3555,0.3539,0.3545,453689.0
2026-01-14 20:00:00,0.3545,0.3567,0.3538,0.3551,1107298.5
2026-01-14 20:15:00,0.3551,0.3552,0.3533,0.3535,674095.9
2026-01-14 20:30:00,0.3535,0.3548,0.3535,0.3536,699237.1
2026-01-14 20:45:00,0.3536,0.3546,0.3527,0.3545,646947.6
2026-01-14 21:00:00,0.3543,0.3555,0.3539,0.3543,649349.7
2026-01-14 21:15:00,0.3542,0.3554,0.3533,0.3549,834656.4
2026-01-14 21:30:00,0.3548,0.3549,0.3531,0.3533,729226.2
2026-01-14 21:45:00,0.3533,0.354,0.3519,0.3536,1139657.0
2026-01-14 22:00:00,0.3535,0.3535,0.3521,0.3526,1332738.5
2026-01-14 22:15:00,0.3525,0.3535,0.3517,0.3521,730151.3
2026-01-14 22:30:00,0.3521,0.3527,0.3502,0.3508,1380360.5
2026-01-14 22:45:00,0.3507,0.3517,0.3502,0.3512,593908.5
2026-01-14 23:00:00,0.3512,0.3526,0.3512,0.3522,746308.1
2026-01-14 23:15:00,0.3522,0.3531,0.3506,0.3507,1252988.2
2026-01-14 23:30:00,0.3506,0.3513,0.35,0.351,1115840.5
2026-01-14 23:45:00,0.351,0.3515,0.3509,0.3512,564751.7
2026-01-15 00:00:00,0.3512,0.3531,0.3497,0.353,1587337.7
2026-01-15 00:15:00,0.3529,0.3544,0.3519,0.3521,2344773.1
2026-01-15 00:30:00,0.3522,0.3531,0.3513,0.3524,1627663.1
2026-01-15 00:45:00,0.3524,0.3544,0.3507,0.3543,1527792.8
2026-01-15 01:00:00,0.3543,0.3554,0.3537,0.3538,2286041.5
2026-01-15 01:15:00,0.3537,0.3548,0.3527,0.354,880368.5
2026-01-15 01:30:00,0.354,0.3553,0.3526,0.3541,1264690.8
2026-01-15 01:45:00,0.3541,0.3543,0.3528,0.3534,648714.5
2026-01-15 02:00:00,0.3534,0.3542,0.3521,0.3524,845241.8
2026-01-15 02:15:00,0.3524,0.354,0.3521,0.3523,954156.5
2026-01-15 02:30:00,0.3523,0.353,0.3496,0.3517,1774215.2
2026-01-15 02:45:00,0.3517,0.3518,0.3497,0.3506,803521.3
2026-01-15 03:00:00,0.3506,0.3515,0.3501,0.3508,751592.1
2026-01-15 03:15:00,0.3508,0.352,0.3471,0.3473,3724063.8
2026-01-15 03:30:00,0.3472,0.3485,0.3445,0.3465,4667619.9
2026-01-15 03:45:00,0.3465,0.3478,0.3458,0.3474,1887526.3
2026-01-15 04:00:00,0.3473,0.3487,0.3466,0.3485,1249726.6
2026-01-15 04:15:00,0.3486,0.3497,0.3477,0.3487,986901.7
2026-01-15 04:30:00,0.3486,0.3497,0.3481,0.349,1293978.3
2026-01-15 04:45:00,0.3489,0.35,0.3489,0.3496,776225.0
2026-01-15 05:00:00,0.3495,0.3504,0.3488,0.3489,1037456.1
2026-01-15 05:15:00,0.3489,0.3496,0.348,0.3482,756793.3
2026-01-15 05:30:00,0.3482,0.3487,0.3474,0.3483,754003.5
2026-01-15 05:45:00,0.3483,0.3486,0.3478,0.348,402606.4
2026-01-15 06:00:00,0.348,0.3489,0.3476,0.3484,1348661.2
2026-01-15 06:15:00,0.3484,0.3516,0.3483,0.3503,2595847.2
2026-01-15 06:30:00,0.3503,0.3506,0.348,0.3481,1158268.3
2026-01-15 06:45:00,0.348,0.3486,0.3475,0.3479,720437.6
2026-01-15 07:00:00,0.3479,0.3495,0.3478,0.3488,536054.2
2026-01-15 07:15:00,0.3489,0.352,0.3488,0.3516,1353862.3
2026-01-15 07:30:00,0.3516,0.3551,0.3515,0.3547,2290343.6
2026-01-15 07:45:00,0.3548,0.3558,0.3532,0.3535,1621044.2
2026-01-15 08:00:00,0.3535,0.3539,0.353,0.3539,1390792.1
2026-01-15 08:15:00,0.354,0.3546,0.3512,0.3516,2418411.5
2026-01-15 08:30:00,0.3516,0.3528,0.3512,0.3524,721614.6
2026-01-15 08:45:00,0.3524,0.3528,0.3518,0.3526,617355.3
2026-01-15 09:00:00,0.3526,0.3527,0.3509,0.3509,1077776.2
2026-01-15 09:15:00,0.3509,0.353,0.3503,0.3523,592400.6
2026-01-15 09:30:00,0.3523,0.3552,0.3513,0.3552,2590905.3
2026-01-15 09:45:00,0.3552,0.3566,0.3552,0.3554,2180360.7
2026-01-15 10:00:00,0.3555,0.3559,0.3546,0.3551,1644809.6
2026-01-15 10:15:00,0.3552,0.3578,0.3546,0.3547,1722848.6
2026-01-15 10:30:00,0.3547,0.3552,0.3541,0.3544,1137265.7
2026-01-15 10:45:00,0.3544,0.3554,0.3543,0.3552,658492.0
2026-01-15 11:00:00,0.3553,0.3561,0.3547,0.3556,1107300.5
2026-01-15 11:15:00,0.3557,0.3558,0.3545,0.3547,666796.7
2026-01-15 11:30:00,0.3547,0.355,0.3533,0.3546,1041759.9
2026-01-15 11:45:00,0.3547,0.3559,0.3544,0.3554,1520505.1
2026-01-15 12:00:00,0.3554,0.361,0.3552,0.3593,4040046.6
2026-01-15 12:15:00,0.3594,0.3628,0.3584,0.3624,3497295.3
2026-01-15 12:30:00,0.3625,0.3649,0.3552,0.3558,9756491.9
2026-01-15 12:45:00,0.3559,0.3572,0.3533,0.3568,2942321.9
2026-01-15 13:00:00,0.3568,0.357,0.355,0.355,1171099.7
2026-01-15 13:15:00,0.355,0.358,0.3549,0.3573,1649805.2
2026-01-15 13:30:00,0.3573,0.3576,0.354,0.3554,1834720.8
2026-01-15 13:45:00,0.3555,0.357,0.3549,0.3549,1865348.4
2026-01-15 14:00:00,0.3549,0.3557,0.3541,0.3546,849172.8
2026-01-15 14:15:00,0.3547,0.3548,0.3521,0.3529,2040133.0
2026-01-15 14:30:00,0.3529,0.3539,0.3486,0.3488,3980049.4
2026-01-15 14:45:00,0.3488,0.351,0.3466,0.349,3535704.8
2026-01-15 15:00:00,0.349,0.3515,0.3486,0.3491,2378448.8
2026-01-15 15:15:00,0.3492,0.3499,0.3457,0.346,2692031.0
2026-01-15 15:30:00,0.3459,0.3475,0.343,0.3444,2704736.5
2026-01-15 15:45:00,0.3443,0.3449,0.3398,0.3444,6731859.1
2026-01-15 16:00:00,0.3444,0.3453,0.3404,0.3432,2762143.6
2026-01-15 16:15:00,0.3432,0.3441,0.342,0.3435,2509311.1
2026-01-15 16:30:00,0.3435,0.3475,0.3427,0.347,3522242.1
2026-01-15 16:45:00,0.347,0.348,0.3457,0.3463,1553123.9
2026-01-15 17:00:00,0.3463,0.3473,0.3445,0.345,1312115.8
2026-01-15 17:15:00,0.3451,0.3463,0.3442,0.3459,1242468.9
2026-01-15 17:30:00,0.346,0.3485,0.3453,0.3474,1613412.0
2026-01-15 17:45:00,0.3474,0.3479,0.3419,0.3433,2525637.9
2026-01-15 18:00:00,0.3434,0.3446,0.3404,0.3411,2936537.2
2026-01-15 18:15:00,0.3412,0.3419,0.3392,0.3414,2040663.9
2026-01-15 18:30:00,0.3414,0.3421,0.3381,0.34,2311617.0
2026-01-15 18:45:00,0.34,0.3408,0.339,0.3394,1499748.8
2026-01-15 19:00:00,0.3394,0.3395,0.3362,0.338,3027633.5
2026-01-15 19:15:00,0.3381,0.3399,0.3367,0.3373,2135751.0
2026-01-15 19:30:00,0.3372,0.3395,0.3364,0.3379,952719.1
2026-01-15 19:45:00,0.3379,0.3396,0.3378,0.3392,719126.9
2026-01-15 20:00:00,0.3391,0.3414,0.3388,0.3414,1018424.5
2026-01-15 20:15:00,0.3414,0.3417,0.3378,0.3381,825742.0
2026-01-15 20:30:00,0.3381,0.3391,0.3373,0.3375,889983.0
2026-01-15 20:45:00,0.3374,0.3374,0.3358,0.3367,1146644.8
2026-01-15 21:00:00,0.3367,0.3386,0.3362,0.3384,893961.7
2026-01-15 21:15:00,0.3384,0.3398,0.338,0.3393,790105.7
2026-01-15 21:30:00,0.3393,0.3394,0.3387,0.3389,511852.7
2026-01-15 21:45:00,0.3389,0.3396,0.3383,0.3387,554444.1
2026-01-15 22:00:00,0.3386,0.34,0.3383,0.3398,821337.2
2026-01-15 22:15:00,0.3397,0.3415,0.3396,0.3411,936659.7
2026-01-15 22:30:00,0.3412,0.3421,0.3407,0.3408,666034.8
2026-01-15 22:45:00,0.3409,0.3409,0.3392,0.3394,397219.3
2026-01-15 23:00:00,0.3394,0.34,0.3386,0.34,682793.8
2026-01-15 23:15:00,0.34,0.3411,0.3396,0.3401,765083.8
2026-01-15 23:30:00,0.3401,0.3412,0.34,0.341,345286.3
2026-01-15 23:45:00,0.3411,0.3416,0.3406,0.3408,465005.8
2026-01-16 00:00:00,0.3408,0.3415,0.3405,0.3414,653423.1
2026-01-16 00:15:00,0.3415,0.3422,0.3408,0.3412,1175189.5
2026-01-16 00:30:00,0.3412,0.3418,0.3409,0.3413,562122.3
2026-01-16 00:45:00,0.3413,0.3418,0.3405,0.3405,870447.6
2026-01-16 01:00:00,0.3406,0.3409,0.3395,0.3402,872086.9
2026-01-16 01:15:00,0.3402,0.3414,0.3401,0.341,670947.3
2026-01-16 01:30:00,0.3409,0.3433,0.3409,0.3416,1273478.3
2026-01-16 01:45:00,0.3415,0.3421,0.341,0.3412,414134.7
2026-01-16 02:00:00,0.3411,0.3411,0.3373,0.3385,2251682.7
2026-01-16 02:15:00,0.3384,0.3429,0.338,0.3424,1836825.7
2026-01-16 02:30:00,0.3425,0.3434,0.3416,0.3426,1274217.7
2026-01-16 02:45:00,0.3426,0.3442,0.3426,0.3439,879749.7
2026-01-16 03:00:00,0.3439,0.344,0.3429,0.3431,535533.4
2026-01-16 03:15:00,0.3432,0.3432,0.3416,0.3419,702953.8
2026-01-16 03:30:00,0.3418,0.3419,0.34,0.3415,2190652.7
2026-01-16 03:45:00,0.3415,0.3417,0.3404,0.3407,623032.8
2026-01-16 04:00:00,0.3406,0.3407,0.3398,0.3404,531340.8
2026-01-16 04:15:00,0.3404,0.3409,0.3392,0.3393,782924.0
2026-01-16 04:30:00,0.3393,0.3402,0.3377,0.3381,1582869.9
2026-01-16 04:45:00,0.3381,0.3386,0.3363,0.3375,1910527.9
2026-01-16 05:00:00,0.3374,0.3388,0.3371,0.338,763909.9
2026-01-16 05:15:00,0.3382,0.3396,0.3377,0.3381,1710267.5
2026-01-16 05:30:00,0.3382,0.3402,0.3381,0.3396,1092751.9
2026-01-16 05:45:00,0.3397,0.3412,0.3396,0.3397,963451.0
2026-01-16 06:00:00,0.3397,0.3403,0.3389,0.339,587287.6
2026-01-16 06:15:00,0.3391,0.3402,0.339,0.3396,436835.0
2026-01-16 06:30:00,0.3396,0.3408,0.3394,0.3404,747738.7
2026-01-16 06:45:00,0.3405,0.3413,0.3402,0.341,627704.4
2026-01-16 07:00:00,0.341,0.3418,0.3402,0.3416,620892.8
2026-01-16 07:15:00,0.3416,0.3419,0.3402,0.3403,471710.5
2026-01-16 07:30:00,0.3402,0.3403,0.3395,0.3399,439832.5
2026-01-16 07:45:00,0.3398,0.3401,0.3395,0.3401,332070.3
2026-01-16 08:00:00,0.3401,0.3412,0.3399,0.3408,726819.4
2026-01-16 08:15:00,0.3408,0.3413,0.3405,0.3412,580065.8
2026-01-16 08:30:00,0.3412,0.3419,0.3408,0.3417,687693.2
2026-01-16 08:45:00,0.3418,0.342,0.3405,0.3406,818989.6
2026-01-16 09:00:00,0.3406,0.3411,0.3404,0.3405,487879.2
2026-01-16 09:15:00,0.3405,0.3405,0.3395,0.3404,690570.9
2026-01-16 09:30:00,0.3405,0.341,0.3398,0.3409,389172.9
2026-01-16 09:45:00,0.3409,0.3418,0.3406,0.3411,728785.9
2026-01-16 10:00:00,0.3412,0.3414,0.34,0.3405,435113.9
2026-01-16 10:15:00,0.3405,0.3406,0.3391,0.34,1530100.8
2026-01-16 10:30:00,0.34,0.3402,0.3393,0.3396,614276.8
2026-01-16 10:45:00,0.3396,0.3399,0.339,0.3393,624481.1
2026-01-16 11:00:00,0.3393,0.3402,0.3385,0.3385,757521.9
2026-01-16 11:15:00,0.3386,0.3398,0.3381,0.3397,864602.9
2026-01-16 11:30:00,0.3397,0.3408,0.3389,0.3389,510984.8
2026-01-16 11:45:00,0.339,0.34,0.3385,0.3393,1088469.1
2026-01-16 12:00:00,0.3393,0.3396,0.3384,0.3386,434810.6
2026-01-16 12:15:00,0.3386,0.3391,0.3383,0.3387,400513.7
2026-01-16 12:30:00,0.3387,0.3387,0.3372,0.3372,1130262.0
2026-01-16 12:45:00,0.3373,0.3379,0.3371,0.3378,407760.3
2026-01-16 13:00:00,0.3378,0.338,0.3362,0.3366,1155928.9
2026-01-16 13:15:00,0.3367,0.337,0.3351,0.336,2142464.6
2026-01-16 13:30:00,0.336,0.3367,0.3344,0.3358,1586781.5
2026-01-16 13:45:00,0.3359,0.3363,0.3353,0.3353,547972.5
2026-01-16 14:00:00,0.3354,0.3365,0.3352,0.3355,609396.7
2026-01-16 14:15:00,0.3355,0.3368,0.3346,0.3368,1180512.6
2026-01-16 14:30:00,0.3369,0.3373,0.3352,0.3362,1550375.6
2026-01-16 14:45:00,0.3362,0.3378,0.3353,0.3354,1094974.3
2026-01-16 15:00:00,0.3354,0.3372,0.3347,0.3365,1770660.8
2026-01-16 15:15:00,0.3366,0.3366,0.3311,0.3313,4017394.0
2026-01-16 15:30:00,0.3312,0.3317,0.3277,0.3282,5580968.4
2026-01-16 15:45:00,0.3282,0.3282,0.3249,0.3277,4384599.9
2026-01-16 16:00:00,0.3277,0.3285,0.3261,0.3283,3053838.3
2026-01-16 16:15:00,0.3283,0.3304,0.3271,0.3292,2366969.4
2026-01-16 16:30:00,0.3292,0.3307,0.3288,0.3303,1325652.8
2026-01-16 16:45:00,0.3304,0.3315,0.3289,0.329,1153627.4
2026-01-16 17:00:00,0.329,0.3293,0.3266,0.327,1540343.9
2026-01-16 17:15:00,0.327,0.3281,0.3255,0.3275,1954458.2
2026-01-16 17:30:00,0.3275,0.3297,0.3274,0.3296,749204.0
2026-01-16 17:45:00,0.3296,0.3308,0.3287,0.3304,1114811.1
2026-01-16 18:00:00,0.3303,0.3315,0.3303,0.3309,1116253.6
2026-01-16 18:15:00,0.331,0.332,0.3307,0.3316,909657.0
2026-01-16 18:30:00,0.3317,0.3321,0.3311,0.3315,695012.6
2026-01-16 18:45:00,0.3316,0.3319,0.3302,0.3303,693490.9
2026-01-16 19:00:00,0.3304,0.3305,0.3286,0.3287,634255.2
2026-01-16 19:15:00,0.3288,0.3303,0.3285,0.3294,622238.8
2026-01-16 19:30:00,0.3294,0.3323,0.3293,0.3314,792805.1
2026-01-16 19:45:00,0.3315,0.3331,0.3313,0.3328,1080304.3
2026-01-16 20:00:00,0.3328,0.3331,0.3303,0.3319,1002344.2
2026-01-16 20:15:00,0.3319,0.3352,0.3318,0.3351,1787786.9
2026-01-16 20:30:00,0.3352,0.3385,0.3351,0.337,3257641.9
2026-01-16 20:45:00,0.3371,0.3383,0.3367,0.338,1083634.6
2026-01-16 21:00:00,0.3381,0.3392,0.3373,0.3373,2067349.6
2026-01-16 21:15:00,0.3373,0.3379,0.3367,0.3379,889405.0
2026-01-16 21:30:00,0.3379,0.339,0.3379,0.3386,569661.3
2026-01-16 21:45:00,0.3386,0.339,0.338,0.3381,663722.5
2026-01-16 22:00:00,0.3382,0.3397,0.3375,0.3388,3059847.5
2026-01-16 22:15:00,0.3388,0.3398,0.3382,0.3386,883029.7
2026-01-16 22:30:00,0.3385,0.3393,0.3376,0.3382,551838.1
2026-01-16 22:45:00,0.3383,0.3396,0.3381,0.3392,539240.0
2026-01-16 23:00:00,0.3393,0.3397,0.3378,0.3385,467850.4
2026-01-16 23:15:00,0.3385,0.339,0.338,0.3387,468602.7
2026-01-16 23:30:00,0.3388,0.3391,0.338,0.338,422598.1
2026-01-16 23:45:00,0.3381,0.3399,0.338,0.3399,672279.6
2026-01-17 00:00:00,0.3398,0.3403,0.3386,0.3398,1428819.8
2026-01-17 00:15:00,0.3398,0.3407,0.3388,0.3391,1415482.8
2026-01-17 00:30:00,0.339,0.3414,0.3385,0.341,1557184.1
2026-01-17 00:45:00,0.3409,0.3422,0.3407,0.3415,1883564.7
2026-01-17 01:00:00,0.3415,0.3429,0.3409,0.3425,1050557.5
2026-01-17 01:15:00,0.3425,0.3438,0.342,0.3433,1621498.3
2026-01-17 01:30:00,0.3433,0.3438,0.3417,0.3424,1238870.6
2026-01-17 01:45:00,0.3424,0.3436,0.3423,0.3426,619756.3
2026-01-17 02:00:00,0.3427,0.3438,0.3407,0.341,1310009.3
2026-01-17 02:15:00,0.3409,0.3416,0.3401,0.3403,1254781.7
2026-01-17 02:30:00,0.3403,0.3405,0.3395,0.3402,492611.3
2026-01-17 02:45:00,0.3403,0.3408,0.3402,0.3407,420555.4
2026-01-17 03:00:00,0.3406,0.3413,0.3401,0.3411,382819.3
2026-01-17 03:15:00,0.3412,0.3429,0.3412,0.3419,726640.1
2026-01-17 03:30:00,0.3418,0.3421,0.3398,0.3408,411031.7
2026-01-17 03:45:00,0.3408,0.3419,0.3402,0.3415,496961.0
2026-01-17 04:00:00,0.3414,0.3414,0.3396,0.3406,477939.0
2026-01-17 04:15:00,0.3405,0.3415,0.3399,0.3414,282043.2
2026-01-17 04:30:00,0.3414,0.3427,0.3413,0.3422,457107.6
2026-01-17 04:45:00,0.3422,0.3436,0.3418,0.343,761310.2
2026-01-17 05:00:00,0.343,0.3438,0.3429,0.3437,480056.7
2026-01-17 05:15:00,0.3437,0.345,0.3434,0.3447,696142.8
2026-01-17 05:30:00,0.3446,0.3457,0.3437,0.3447,1939045.0
2026-01-17 05:45:00,0.3446,0.3449,0.3435,0.3438,988580.7
2026-01-17 06:00:00,0.3437,0.345,0.3431,0.3448,565823.2
2026-01-17 06:15:00,0.3447,0.3449,0.3438,0.3447,626448.9
2026-01-17 06:30:00,0.3446,0.3448,0.3433,0.3435,476130.9
2026-01-17 06:45:00,0.3433,0.3439,0.3426,0.3434,449376.6
2026-01-17 07:00:00,0.3433,0.344,0.3421,0.3438,684915.7
2026-01-17 07:15:00,0.3437,0.3472,0.3437,0.3471,1450875.1
2026-01-17 07:30:00,0.3471,0.3478,0.3459,0.3464,1118199.2
2026-01-17 07:45:00,0.3464,0.3476,0.3464,0.3472,929276.5
2026-01-17 08:00:00,0.3472,0.3502,0.347,0.3493,2696444.5
2026-01-17 08:15:00,0.3492,0.3495,0.3478,0.348,1007974.6
2026-01-17 08:30:00,0.348,0.3505,0.3471,0.3503,1448952.7
2026-01-17 08:45:00,0.3503,0.3528,0.349,0.3502,2200915.9
2026-01-17 09:00:00,0.3502,0.3511,0.3485,0.3489,1308301.3
2026-01-17 09:15:00,0.3489,0.3498,0.3485,0.3488,848934.7
2026-01-17 09:30:00,0.3487,0.3491,0.3475,0.3479,969592.4
2026-01-17 09:45:00,0.3478,0.3484,0.3473,0.3475,1053524.9
2026-01-17 10:00:00,0.3475,0.3492,0.3472,0.3487,612557.2
2026-01-17 10:15:00,0.3486,0.3523,0.3485,0.3519,1780555.9
2026-01-17 10:30:00,0.3519,0.3522,0.3491,0.3496,1251538.9
2026-01-17 10:45:00,0.3495,0.3504,0.3492,0.35,845697.5
2026-01-17 11:00:00,0.3499,0.3507,0.3491,0.3494,1009346.7
2026-01-17 11:15:00,0.3495,0.3515,0.3488,0.3505,994526.2
2026-01-17 11:30:00,0.3505,0.3505,0.3477,0.3479,1183954.9
2026-01-17 11:45:00,0.3478,0.3487,0.3473,0.3479,922732.3
2026-01-17 12:00:00,0.3478,0.3492,0.3474,0.349,580394.7
2026-01-17 12:15:00,0.3491,0.3537,0.3491,0.3535,2253606.7
2026-01-17 12:30:00,0.3534,0.3544,0.3524,0.354,1327440.9
2026-01-17 12:45:00,0.3541,0.3543,0.3508,0.3524,1585730.2
2026-01-17 13:00:00,0.3524,0.3527,0.3496,0.3498,1545650.0
2026-01-17 13:15:00,0.3497,0.3508,0.3494,0.3498,1477754.3
2026-01-17 13:30:00,0.3497,0.3521,0.3495,0.35,1345060.2
2026-01-17 13:45:00,0.3501,0.3511,0.35,0.3505,662653.5
2026-01-17 14:00:00,0.3505,0.3514,0.3494,0.3504,1197359.3
2026-01-17 14:15:00,0.3504,0.3509,0.3496,0.3499,681581.7
2026-01-17 14:30:00,0.3499,0.3554,0.3498,0.3538,3709907.7
2026-01-17 14:45:00,0.3538,0.3552,0.3529,0.3543,2319789.2
2026-01-17 15:00:00,0.3543,0.3553,0.3533,0.3533,1617644.9
2026-01-17 15:15:00,0.3533,0.3535,0.3502,0.3507,2010551.6
2026-01-17 15:30:00,0.3507,0.3537,0.3505,0.3517,1358383.6
2026-01-17 15:45:00,0.3517,0.3535,0.3515,0.3535,724028.5
2026-01-17 16:00:00,0.3535,0.3545,0.3529,0.3532,1145319.3
2026-01-17 16:15:00,0.3532,0.3536,0.3508,0.352,1420230.2
2026-01-17 16:30:00,0.352,0.3522,0.3484,0.3488,2109946.8
2026-01-17 16:45:00,0.3489,0.3501,0.3483,0.3499,943905.5
2026-01-17 17:00:00,0.3499,0.3515,0.3488,0.3507,719999.2
2026-01-17 17:15:00,0.3508,0.3509,0.3489,0.349,928703.6
2026-01-17 17:30:00,0.3491,0.3493,0.3475,0.3489,1221459.5
2026-01-17 17:45:00,0.349,0.3493,0.3478,0.3489,669141.7
2026-01-17 18:00:00,0.3489,0.3494,0.3479,0.3492,869975.9
2026-01-17 18:15:00,0.3492,0.3502,0.3483,0.3485,449990.6
2026-01-17 18:30:00,0.3485,0.3496,0.3485,0.349,319458.8
2026-01-17 18:45:00,0.349,0.3496,0.3489,0.3494,384400.9
2026-01-17 19:00:00,0.3495,0.3502,0.3491,0.3496,500248.3
2026-01-17 19:15:00,0.3496,0.3505,0.3488,0.3501,942090.4
2026-01-17 19:30:00,0.3501,0.3501,0.3486,0.3487,775212.0
2026-01-17 19:45:00,0.3487,0.3496,0.3478,0.3496,504186.4
2026-01-17 20:00:00,0.3496,0.3502,0.3483,0.3494,1448067.3
2026-01-17 20:15:00,0.3494,0.35,0.3484,0.3488,474186.4
2026-01-17 20:30:00,0.3487,0.3488,0.348,0.3482,321664.7
2026-01-17 20:45:00,0.3482,0.3487,0.3479,0.3485,269076.9
2026-01-17 21:00:00,0.3485,0.3485,0.3473,0.3474,558654.1
2026-01-17 21:15:00,0.3474,0.3483,0.347,0.3476,383276.5
2026-01-17 21:30:00,0.3475,0.3476,0.3466,0.3474,836681.3
2026-01-17 21:45:00,0.3474,0.3483,0.3474,0.3483,407631.7
2026-01-17 22:00:00,0.3482,0.3485,0.3472,0.3481,485062.4
2026-01-17 22:15:00,0.348,0.3484,0.3466,0.3469,475926.8
2026-01-17 22:30:00,0.3469,0.3469,0.3448,0.3461,1280140.2
2026-01-17 22:45:00,0.346,0.3467,0.345,0.3463,513735.7
2026-01-17 23:00:00,0.3462,0.3468,0.3453,0.3468,514937.1
2026-01-17 23:15:00,0.3467,0.3469,0.3457,0.3461,485705.7
2026-01-17 23:30:00,0.346,0.3468,0.3457,0.3463,337617.7
2026-01-17 23:45:00,0.3462,0.3471,0.3461,0.3467,338885.2
2026-01-18 00:00:00,0.3466,0.3503,0.3466,0.3495,2432167.0
2026-01-18 00:15:00,0.3495,0.3501,0.3481,0.3487,1060340.3
2026-01-18 00:30:00,0.3487,0.349,0.3465,0.347,1196128.8
2026-01-18 00:45:00,0.3469,0.3475,0.3459,0.3464,818979.7
2026-01-18 01:00:00,0.3465,0.3472,0.3436,0.344,2380811.1
2026-01-18 01:15:00,0.3439,0.3447,0.3433,0.3436,903559.4
2026-01-18 01:30:00,0.3436,0.344,0.3427,0.3435,1317999.0
2026-01-18 01:45:00,0.3434,0.344,0.3423,0.3434,1017994.5
2026-01-18 02:00:00,0.3434,0.3451,0.3433,0.3439,600022.4
2026-01-18 02:15:00,0.3439,0.3447,0.3422,0.3427,1429907.5
2026-01-18 02:30:00,0.3426,0.3427,0.3413,0.3425,2256629.1
2026-01-18 02:45:00,0.3424,0.3431,0.342,0.3427,536671.0
2026-01-18 03:00:00,0.3427,0.3437,0.3424,0.3437,502940.2
2026-01-18 03:15:00,0.3436,0.3437,0.3425,0.3435,1076492.7
2026-01-18 03:30:00,0.3434,0.3445,0.3431,0.3435,767930.6
2026-01-18 03:45:00,0.3435,0.3435,0.3418,0.3419,669705.2
2026-01-18 04:00:00,0.3419,0.3419,0.3401,0.3406,1062586.7
2026-01-18 04:15:00,0.3405,0.341,0.3401,0.3407,341732.7
2026-01-18 04:30:00,0.3407,0.3408,0.34,0.3405,473244.1
2026-01-18 04:45:00,0.3405,0.3414,0.3403,0.341,297967.1
2026-01-18 05:00:00,0.341,0.341,0.3399,0.3408,533591.6
2026-01-18 05:15:00,0.3409,0.3412,0.3405,0.3407,534407.0
2026-01-18 05:30:00,0.3406,0.341,0.34,0.3407,408432.1
2026-01-18 05:45:00,0.3408,0.347,0.3403,0.3458,8187939.7
2026-01-18 06:00:00,0.3459,0.3459,0.3424,0.3432,3209640.4
2026-01-18 06:15:00,0.3432,0.3432,0.3417,0.342,930645.8
2026-01-18 06:30:00,0.3421,0.3421,0.3414,0.3416,717798.5
2026-01-18 06:45:00,0.3416,0.3419,0.3413,0.3414,406511.0
2026-01-18 07:00:00,0.3414,0.3414,0.3361,0.3368,6346113.6
2026-01-18 07:15:00,0.3368,0.339,0.3368,0.3389,986573.6
2026-01-18 07:30:00,0.3389,0.3399,0.3377,0.3396,822739.1
2026-01-18 07:45:00,0.3397,0.3404,0.3391,0.3392,968634.9
2026-01-18 08:00:00,0.3392,0.3396,0.3386,0.339,428267.4
2026-01-18 08:15:00,0.339,0.3395,0.3381,0.3392,782185.8
2026-01-18 08:30:00,0.3391,0.3393,0.3384,0.3384,535843.3
2026-01-18 08:45:00,0.3385,0.3392,0.3378,0.3389,357320.6
2026-01-18 09:00:00,0.3389,0.3395,0.3382,0.3391,452709.8
2026-01-18 09:15:00,0.3391,0.3392,0.3381,0.3386,784267.5
2026-01-18 09:30:00,0.3387,0.3399,0.3384,0.3394,1025005.2
2026-01-18 09:45:00,0.3394,0.3407,0.3392,0.3404,1236670.3
2026-01-18 10:00:00,0.3405,0.3406,0.3391,0.3399,1075291.5
2026-01-18 10:15:00,0.3399,0.3408,0.3399,0.3399,531117.2
2026-01-18 10:30:00,0.3399,0.3405,0.3392,0.3398,443254.9
2026-01-18 10:45:00,0.3399,0.3408,0.3395,0.3407,304666.1
2026-01-18 11:00:00,0.3408,0.3414,0.3399,0.3407,532934.8
2026-01-18 11:15:00,0.3407,0.3418,0.3403,0.3403,828827.9
2026-01-18 11:30:00,0.3403,0.3417,0.34,0.3412,701149.8
2026-01-18 11:45:00,0.3412,0.3416,0.3402,0.3405,321948.6
2026-01-18 12:00:00,0.3405,0.3407,0.3396,0.3402,597672.5
2026-01-18 12:15:00,0.3402,0.3414,0.3397,0.3412,281627.0
2026-01-18 12:30:00,0.3413,0.3413,0.3397,0.3405,312272.1
2026-01-18 12:45:00,0.3406,0.3411,0.3385,0.3388,973372.1
2026-01-18 13:00:00,0.3388,0.3393,0.3374,0.3383,961990.8
2026-01-18 13:15:00,0.3384,0.3389,0.3372,0.3375,1148256.2
2026-01-18 13:30:00,0.3375,0.3398,0.3374,0.3395,1162144.3
2026-01-18 13:45:00,0.3395,0.3398,0.3384,0.3386,456076.8
2026-01-18 14:00:00,0.3386,0.3394,0.337,0.3393,1153510.5
2026-01-18 14:15:00,0.3393,0.3413,0.3387,0.3389,2265757.1
2026-01-18 14:30:00,0.339,0.3399,0.3376,0.3376,769826.7
2026-01-18 14:45:00,0.3377,0.3381,0.336,0.3364,882135.4
2026-01-18 15:00:00,0.3364,0.338,0.3351,0.3379,1581354.0
2026-01-18 15:15:00,0.3379,0.3399,0.3377,0.3396,1022231.6
2026-01-18 15:30:00,0.3397,0.341,0.3395,0.3406,926300.5
2026-01-18 15:45:00,0.3406,0.3417,0.3399,0.3417,1222743.2
2026-01-18 16:00:00,0.3417,0.3426,0.34,0.3423,2163136.0
2026-01-18 16:15:00,0.3424,0.3437,0.3416,0.342,1735318.2
2026-01-18 16:30:00,0.342,0.3426,0.3417,0.342,678256.7
2026-01-18 16:45:00,0.3421,0.3421,0.3406,0.3411,1215916.3
2026-01-18 17:00:00,0.3412,0.342,0.3399,0.34,907890.3
2026-01-18 17:15:00,0.3401,0.3411,0.3399,0.3404,935024.6
2026-01-18 17:30:00,0.3405,0.341,0.3385,0.339,896088.1
2026-01-18 17:45:00,0.3391,0.3414,0.3391,0.3408,795304.5
2026-01-18 18:00:00,0.3409,0.3414,0.3401,0.3409,568578.2
2026-01-18 18:15:00,0.341,0.3439,0.3406,0.3438,724922.1
2026-01-18 18:30:00,0.3439,0.3455,0.3432,0.3437,1323722.2
2026-01-18 18:45:00,0.3438,0.3452,0.3437,0.3441,892648.5
2026-01-18 19:00:00,0.3442,0.3449,0.3426,0.3429,691023.6
2026-01-18 19:15:00,0.343,0.3433,0.3415,0.3415,382490.7
2026-01-18 19:30:00,0.3416,0.3423,0.3412,0.3418,521814.8
2026-01-18 19:45:00,0.3418,0.3418,0.3401,0.341,545700.5
2026-01-18 20:00:00,0.341,0.3412,0.3396,0.3412,1046229.1
2026-01-18 20:15:00,0.3412,0.3447,0.3412,0.3447,660499.1
2026-01-18 20:30:00,0.3447,0.345,0.3426,0.3434,981397.0
2026-01-18 20:45:00,0.3434,0.3437,0.3427,0.3434,474429.0
2026-01-18 21:00:00,0.3434,0.3438,0.3429,0.3436,553601.8
2026-01-18 21:15:00,0.3436,0.3437,0.3428,0.3429,315643.2
2026-01-18 21:30:00,0.343,0.3434,0.3425,0.3434,478840.2
2026-01-18 21:45:00,0.3434,0.3442,0.3428,0.3433,459542.2
2026-01-18 22:00:00,0.3432,0.3451,0.3432,0.3444,623845.0
2026-01-18 22:15:00,0.3443,0.3443,0.3424,0.3427,576957.8
2026-01-18 22:30:00,0.3427,0.344,0.3427,0.3437,266404.4
2026-01-18 22:45:00,0.3436,0.3449,0.3435,0.3445,1175963.4
2026-01-18 23:00:00,0.3445,0.3445,0.3392,0.3394,3454140.5
2026-01-18 23:15:00,0.3394,0.3405,0.3325,0.3329,5903357.3
2026-01-18 23:30:00,0.3329,0.335,0.331,0.3317,3658664.4
2026-01-18 23:45:00,0.3316,0.3316,0.3228,0.3232,10063379.7
2026-01-19 00:00:00,0.3232,0.3232,0.2911,0.3039,48068135.7
2026-01-19 00:15:00,0.304,0.3064,0.2997,0.3015,18247110.1
2026-01-19 00:30:00,0.3014,0.3049,0.2992,0.3048,9166327.5
2026-01-19 00:45:00,0.3047,0.3057,0.3031,0.3041,5312168.2
2026-01-19 01:00:00,0.304,0.3072,0.303,0.3059,5590861.6
2026-01-19 01:15:00,0.3059,0.3069,0.3043,0.3049,2736442.4
2026-01-19 01:30:00,0.3049,0.3073,0.3046,0.3051,3294789.5
2026-01-19 01:45:00,0.3051,0.3074,0.3039,0.3068,3452995.1
2026-01-19 02:00:00,0.3069,0.3089,0.3062,0.3081,2829810.6
2026-01-19 02:15:00,0.308,0.3101,0.3079,0.3097,1941859.1
2026-01-19 02:30:00,0.3096,0.3106,0.3092,0.3101,1504759.5
2026-01-19 02:45:00,0.31,0.3106,0.3093,0.3099,910657.2
2026-01-19 03:00:00,0.3098,0.3101,0.3085,0.3099,2984790.0
2026-01-19 03:15:00,0.31,0.3119,0.3099,0.3114,1540692.0
2026-01-19 03:30:00,0.3114,0.3122,0.3105,0.3116,1992520.9
2026-01-19 03:45:00,0.3116,0.3137,0.3113,0.3121,1581107.2
2026-01-19 04:00:00,0.3121,0.3127,0.3104,0.3104,2304025.8
2026-01-19 04:15:00,0.3104,0.311,0.3096,0.3103,1591343.3
2026-01-19 04:30:00,0.3104,0.3117,0.3102,0.3107,1206229.5
2026-01-19 04:45:00,0.3105,0.3108,0.3089,0.3091,1212752.9
2026-01-19 05:00:00,0.309,0.3101,0.3078,0.3079,2373360.3
2026-01-19 05:15:00,0.3079,0.3087,0.3072,0.3084,2442641.6
2026-01-19 05:30:00,0.3084,0.3109,0.3083,0.309,2419800.1
2026-01-19 05:45:00,0.309,0.3114,0.309,0.311,1382195.0
2026-01-19 06:00:00,0.3109,0.3114,0.3089,0.3093,2136810.6
2026-01-19 06:15:00,0.3093,0.3113,0.3088,0.311,1711448.4
2026-01-19 06:30:00,0.311,0.312,0.3094,0.3096,1986846.5
2026-01-19 06:45:00,0.3097,0.3101,0.3089,0.3094,845056.9
2026-01-19 07:00:00,0.3094,0.31,0.3083,0.3091,1057351.5
2026-01-19 07:15:00,0.3091,0.312,0.3091,0.3114,1194054.2
2026-01-19 07:30:00,0.3114,0.3121,0.3101,0.3101,1676783.5
2026-01-19 07:45:00,0.3102,0.311,0.3095,0.3102,1181286.9
2026-01-19 08:00:00,0.3102,0.3102,0.3089,0.3092,1333733.3
2026-01-19 08:15:00,0.3093,0.3122,0.3091,0.3108,1721015.1
2026-01-19 08:30:00,0.3108,0.3122,0.3103,0.3112,1348633.1
2026-01-19 08:45:00,0.3112,0.3128,0.3111,0.3119,1189625.8
2026-01-19 09:00:00,0.3119,0.3124,0.3106,0.311,1395738.7
2026-01-19 09:15:00,0.3111,0.313,0.3111,0.3126,1107643.0
2026-01-19 09:30:00,0.3127,0.3138,0.312,0.3121,1631915.1
2026-01-19 09:45:00,0.3122,0.3127,0.3116,0.3122,535531.7
2026-01-19 10:00:00,0.3123,0.3124,0.3109,0.312,1161914.7
2026-01-19 10:15:00,0.3121,0.3125,0.3105,0.3108,835796.5
2026-01-19 10:30:00,0.3109,0.3111,0.3098,0.3101,586922.8
2026-01-19 10:45:00,0.3102,0.3105,0.3093,0.3099,727621.8
2026-01-19 11:00:00,0.31,0.311,0.3099,0.3099,771686.2
2026-01-19 11:15:00,0.31,0.3105,0.3092,0.3095,1169718.3
2026-01-19 11:30:00,0.3096,0.3115,0.3086,0.3104,1554230.9
2026-01-19 11:45:00,0.3104,0.3109,0.3087,0.3096,932008.8
2026-01-19 12:00:00,0.3096,0.3096,0.3071,0.3084,2042803.8
2026-01-19 12:15:00,0.3085,0.3089,0.3073,0.3076,943006.6
2026-01-19 12:30:00,0.3076,0.309,0.3076,0.3081,1019808.4
2026-01-19 12:45:00,0.3081,0.3089,0.3074,0.3079,904757.8
2026-01-19 13:00:00,0.3079,0.3093,0.3067,0.3082,2475346.4
2026-01-19 13:15:00,0.3083,0.3086,0.3071,0.3077,1197221.1
2026-01-19 13:30:00,0.3077,0.3082,0.3071,0.3079,1300123.3
2026-01-19 13:45:00,0.308,0.3085,0.3075,0.3083,665158.3
2026-01-19 14:00:00,0.3084,0.3094,0.3079,0.3089,1188782.5
2026-01-19 14:15:00,0.3089,0.3113,0.3089,0.3107,1671290.2
2026-01-19 14:30:00,0.3107,0.3125,0.3105,0.3122,1966044.6
2026-01-19 14:45:00,0.3122,0.3123,0.3108,0.3109,1121362.8
2026-01-19 15:00:00,0.3109,0.3119,0.31,0.3108,1447589.8
2026-01-19 15:15:00,0.3108,0.311,0.3087,0.3091,1663272.1
2026-01-19 15:30:00,0.3091,0.3103,0.3088,0.3095,881841.2
2026-01-19 15:45:00,0.3095,0.31,0.3094,0.3097,450898.2
2026-01-19 16:00:00,0.3096,0.3101,0.3087,0.3099,835787.3
2026-01-19 16:15:00,0.3099,0.3127,0.3097,0.3124,1148746.2
2026-01-19 16:30:00,0.3123,0.3131,0.3118,0.313,1098301.6
2026-01-19 16:45:00,0.313,0.3157,0.3127,0.3153,2025613.6
2026-01-19 17:00:00,0.3152,0.3161,0.3147,0.3158,2480981.1
2026-01-19 17:15:00,0.3158,0.3161,0.3147,0.315,1273137.1
2026-01-19 17:30:00,0.3151,0.3158,0.3139,0.3146,1851518.7
2026-01-19 17:45:00,0.3146,0.3176,0.3142,0.3155,2260923.9
2026-01-19 18:00:00,0.3156,0.3163,0.3135,0.3137,1671985.3
2026-01-19 18:15:00,0.3137,0.315,0.3136,0.314,1260853.3
2026-01-19 18:30:00,0.314,0.3155,0.3136,0.3153,1216068.8
2026-01-19 18:45:00,0.3154,0.3162,0.315,0.3159,743575.9
2026-01-19 19:00:00,0.316,0.3188,0.316,0.3186,1713015.3
2026-01-19 19:15:00,0.3187,0.3239,0.3185,0.3227,3793417.5
2026-01-19 19:30:00,0.3227,0.3234,0.3217,0.3231,1735573.6
2026-01-19 19:45:00,0.3232,0.3235,0.3213,0.3222,1391991.4
2026-01-19 20:00:00,0.3222,0.3229,0.3208,0.3213,1425793.9
2026-01-19 20:15:00,0.3214,0.3225,0.3208,0.3218,1303936.8
2026-01-19 20:30:00,0.3218,0.3219,0.32,0.32,1129063.1
2026-01-19 20:45:00,0.32,0.3208,0.3195,0.3202,1105365.8
2026-01-19 21:00:00,0.3202,0.3211,0.3181,0.3184,1350125.6
2026-01-19 21:15:00,0.3184,0.3187,0.3175,0.3182,1658439.9
2026-01-19 21:30:00,0.3181,0.3185,0.3176,0.318,487769.6
2026-01-19 21:45:00,0.318,0.3186,0.3172,0.3184,627755.0
2026-01-19 22:00:00,0.3184,0.3191,0.3159,0.317,1130127.2
2026-01-19 22:15:00,0.317,0.3187,0.317,0.3185,922713.4
2026-01-19 22:30:00,0.3185,0.3185,0.3157,0.3163,1348581.6
2026-01-19 22:45:00,0.3162,0.3167,0.3145,0.3146,953252.7
2026-01-19 23:00:00,0.3145,0.3169,0.3145,0.316,1914186.8
2026-01-19 23:15:00,0.316,0.3181,0.315,0.3181,1201455.1
2026-01-19 23:30:00,0.3181,0.3211,0.318,0.3206,2166382.5
2026-01-19 23:45:00,0.3207,0.3207,0.319,0.3195,753246.8
2026-01-20 00:00:00,0.3195,0.32,0.3185,0.3198,1802570.2
2026-01-20 00:15:00,0.3198,0.3204,0.3176,0.3186,2296791.3
2026-01-20 00:30:00,0.3186,0.3192,0.3174,0.3182,1193890.0
2026-01-20 00:45:00,0.3182,0.3183,0.317,0.3174,592391.5
2026-01-20 01:00:00,0.3174,0.3175,0.3153,0.3171,1293941.4
2026-01-20 01:15:00,0.317,0.3209,0.3167,0.3208,1713152.7
2026-01-20 01:30:00,0.3207,0.3209,0.3177,0.318,973806.8
2026-01-20 01:45:00,0.318,0.3197,0.3178,0.3185,723702.0
2026-01-20 02:00:00,0.3186,0.3186,0.3171,0.3178,1628303.8
2026-01-20 02:15:00,0.3178,0.3182,0.3171,0.3176,793826.4
2026-01-20 02:30:00,0.3178,0.3218,0.3177,0.3213,1730240.4
2026-01-20 02:45:00,0.3212,0.3232,0.3211,0.3226,2279135.1
2026-01-20 03:00:00,0.3227,0.3235,0.3194,0.3199,1585987.1
2026-01-20 03:15:00,0.3199,0.3206,0.3183,0.3187,854670.2
2026-01-20 03:30:00,0.3187,0.3203,0.3172,0.3202,1851637.7
2026-01-20 03:45:00,0.3202,0.322,0.3196,0.3196,908720.6
2026-01-20 04:00:00,0.3197,0.3197,0.318,0.3183,917632.7
2026-01-20 04:15:00,0.3183,0.3189,0.3177,0.3188,753870.5
2026-01-20 04:30:00,0.3188,0.32,0.3182,0.3198,845104.0
2026-01-20 04:45:00,0.3199,0.3206,0.3182,0.3183,1238198.2
2026-01-20 05:00:00,0.3183,0.3204,0.3161,0.3171,3622950.2
2026-01-20 05:15:00,0.317,0.3189,0.3159,0.3183,1425487.8
2026-01-20 05:30:00,0.3183,0.3188,0.3172,0.3179,1623778.2
2026-01-20 05:45:00,0.3179,0.3195,0.3167,0.3173,1394923.9
2026-01-20 06:00:00,0.3173,0.3173,0.3152,0.3152,993956.6
2026-01-20 06:15:00,0.3154,0.3163,0.3116,0.3161,4331681.4
2026-01-20 06:30:00,0.316,0.3162,0.3127,0.315,2704978.8
2026-01-20 06:45:00,0.3149,0.3153,0.3122,0.3134,2937840.5
2026-01-20 07:00:00,0.3134,0.3152,0.3127,0.3148,1673867.4
2026-01-20 07:15:00,0.3148,0.3155,0.313,0.3132,926120.5
2026-01-20 07:30:00,0.3131,0.3131,0.3118,0.3121,1404974.7
2026-01-20 07:45:00,0.312,0.3121,0.3101,0.3102,1765691.6
2026-01-20 08:00:00,0.3102,0.311,0.3076,0.3096,7329324.0
2026-01-20 08:15:00,0.3096,0.3113,0.3093,0.3102,2327815.1
2026-01-20 08:30:00,0.3101,0.3101,0.3063,0.3075,3338153.1
2026-01-20 08:45:00,0.3076,0.3095,0.3072,0.3094,1920419.8
2026-01-20 09:00:00,0.3095,0.3098,0.3084,0.3093,1489809.7
2026-01-20 09:15:00,0.3093,0.3093,0.3075,0.3079,2524995.0
2026-01-20 09:30:00,0.3079,0.3086,0.3072,0.3077,1148139.5
2026-01-20 09:45:00,0.3077,0.3121,0.3074,0.3112,3217640.6
2026-01-20 10:00:00,0.3111,0.3186,0.3105,0.3179,7306359.1
2026-01-20 10:15:00,0.3178,0.318,0.3144,0.3147,6824796.2
2026-01-20 10:30:00,0.3148,0.3157,0.3134,0.3135,1234007.4
2026-01-20 10:45:00,0.3135,0.3139,0.3115,0.3116,1196048.3
2026-01-20 11:00:00,0.3116,0.3127,0.3115,0.3117,2030554.8
2026-01-20 11:15:00,0.3116,0.3119,0.3105,0.3113,1412164.1
2026-01-20 11:30:00,0.3113,0.3113,0.3075,0.3088,2657620.6
2026-01-20 11:45:00,0.3089,0.3093,0.3079,0.3082,1445361.9
2026-01-20 12:00:00,0.3082,0.3102,0.3078,0.3099,1382136.8
2026-01-20 12:15:00,0.3099,0.3124,0.3097,0.3116,2236332.5
2026-01-20 12:30:00,0.3117,0.3117,0.3097,0.3107,1377903.7
2026-01-20 12:45:00,0.3107,0.3113,0.3102,0.3104,1643840.2
2026-01-20 13:00:00,0.3105,0.3107,0.3072,0.3077,1779529.6
2026-01-20 13:15:00,0.3076,0.3089,0.3071,0.3083,1610826.8
2026-01-20 13:30:00,0.3083,0.3093,0.3071,0.308,1700125.6
2026-01-20 13:45:00,0.3081,0.3081,0.3054,0.3061,2626265.1
2026-01-20 14:00:00,0.3061,0.3085,0.306,0.3065,3175847.2
2026-01-20 14:15:00,0.3066,0.307,0.3053,0.3059,2214414.5
2026-01-20 14:30:00,0.3058,0.3104,0.3043,0.308,5872046.7
2026-01-20 14:45:00,0.308,0.3095,0.3056,0.3063,3533214.2
2026-01-20 15:00:00,0.3062,0.3066,0.3011,0.3045,7040429.7
2026-01-20 15:15:00,0.3046,0.3056,0.3028,0.304,2574959.7
2026-01-20 15:30:00,0.304,0.3055,0.3032,0.3035,1520493.9
2026-01-20 15:45:00,0.3035,0.3038,0.3019,0.3037,2066338.0
2026-01-20 16:00:00,0.3038,0.3056,0.303,0.3048,2494767.4
2026-01-20 16:15:00,0.3048,0.3057,0.3023,0.3026,1763477.6
2026-01-20 16:30:00,0.3027,0.3033,0.2996,0.2999,3451370.7
2026-01-20 16:45:00,0.3,0.3016,0.2987,0.3,2231205.8
2026-01-20 17:00:00,0.2999,0.3035,0.299,0.3017,1871988.1
2026-01-20 17:15:00,0.3017,0.302,0.2997,0.3004,962976.2
2026-01-20 17:30:00,0.3005,0.3009,0.2985,0.2991,2089914.1
2026-01-20 17:45:00,0.299,0.3001,0.2973,0.2991,2149683.2
2026-01-20 18:00:00,0.2992,0.3003,0.2988,0.2995,1346778.0
2026-01-20 18:15:00,0.2996,0.2997,0.2975,0.2983,1616283.2
2026-01-20 18:30:00,0.2983,0.2993,0.2969,0.2976,2359299.5
2026-01-20 18:45:00,0.2977,0.2985,0.2968,0.2984,795447.5
2026-01-20 19:00:00,0.2984,0.3009,0.2984,0.2998,2047913.4
2026-01-20 19:15:00,0.2997,0.3002,0.2986,0.2987,727509.0
2026-01-20 19:30:00,0.2987,0.3,0.2978,0.2994,2606647.4
2026-01-20 19:45:00,0.2993,0.3008,0.2991,0.3001,1601026.3
2026-01-20 20:00:00,0.3001,0.3008,0.2989,0.3003,2103170.0
2026-01-20 20:15:00,0.3004,0.305,0.3004,0.3048,3768860.4
2026-01-20 20:30:00,0.3048,0.3053,0.3028,0.3035,1688327.9
2026-01-20 20:45:00,0.3034,0.3058,0.3034,0.3056,1383900.7
2026-01-20 21:00:00,0.3057,0.3068,0.3045,0.3045,1645096.9
2026-01-20 21:15:00,0.3045,0.3046,0.3031,0.3034,1009302.1
2026-01-20 21:30:00,0.3034,0.304,0.3025,0.3037,607486.5
2026-01-20 21:45:00,0.3037,0.3038,0.3025,0.3029,387213.7
2026-01-20 22:00:00,0.3029,0.3038,0.3024,0.3028,1072736.0
2026-01-20 22:15:00,0.3029,0.3032,0.3011,0.3022,1333855.5
2026-01-20 22:30:00,0.3022,0.303,0.2962,0.302,4944542.7
2026-01-20 22:45:00,0.302,0.3025,0.3009,0.3013,1014849.4
2026-01-20 23:00:00,0.3012,0.3013,0.2991,0.3007,1876487.3
2026-01-20 23:15:00,0.3006,0.3011,0.2987,0.2993,1484227.3
2026-01-20 23:30:00,0.2994,0.3008,0.2994,0.2998,978490.4
2026-01-20 23:45:00,0.2999,0.3002,0.2991,0.2998,592108.5
2026-01-21 00:00:00,0.2997,0.3017,0.2996,0.3009,1460376.9
2026-01-21 00:15:00,0.3008,0.3023,0.3002,0.3009,1803286.6
2026-01-21 00:30:00,0.301,0.3027,0.3007,0.3021,1691648.4
2026-01-21 00:45:00,0.3021,0.3053,0.302,0.305,2047134.7
2026-01-21 01:00:00,0.3051,0.3068,0.3047,0.3067,1705072.2
2026-01-21 01:15:00,0.3068,0.3082,0.3067,0.3075,1617841.8
2026-01-21 01:30:00,0.3076,0.3078,0.3061,0.3064,1617584.1
2026-01-21 01:45:00,0.3065,0.3075,0.3059,0.3072,838525.1
2026-01-21 02:00:00,0.3073,0.3099,0.3069,0.3097,3291517.5
2026-01-21 02:15:00,0.3098,0.3104,0.309,0.3101,1855234.3
2026-01-21 02:30:00,0.3102,0.3115,0.3087,0.3114,2676788.8
2026-01-21 02:45:00,0.3114,0.3141,0.3104,0.3122,2582975.6
2026-01-21 03:00:00,0.3123,0.3128,0.3105,0.3127,1433194.5
2026-01-21 03:15:00,0.3127,0.3145,0.3121,0.3141,1395895.3
2026-01-21 03:30:00,0.3142,0.3142,0.3125,0.3133,1576258.8
2026-01-21 03:45:00,0.3134,0.3142,0.3121,0.3123,1062133.5
2026-01-21 04:00:00,0.3123,0.3129,0.3112,0.3112,1291569.8
2026-01-21 04:15:00,0.3112,0.3135,0.3112,0.3134,561844.9
2026-01-21 04:30:00,0.3134,0.3141,0.3126,0.3132,783904.7
2026-01-21 04:45:00,0.3132,0.3135,0.3124,0.3124,534564.3
2026-01-21 05:00:00,0.3125,0.3125,0.3116,0.3119,831614.6
2026-01-21 05:15:00,0.3118,0.3123,0.3107,0.311,1259798.1
2026-01-21 05:30:00,0.3109,0.311,0.3096,0.3097,2322357.0
2026-01-21 05:45:00,0.3098,0.3116,0.3097,0.3107,1410803.1
2026-01-21 06:00:00,0.3108,0.3108,0.3084,0.3086,1976224.3
2026-01-21 06:15:00,0.3086,0.3131,0.3084,0.311,8467920.7
2026-01-21 06:30:00,0.3111,0.3119,0.3094,0.3105,2956039.9
2026-01-21 06:45:00,0.3106,0.3112,0.3099,0.3107,594512.6
2026-01-21 07:00:00,0.3107,0.3118,0.3097,0.3111,648854.6
2026-01-21 07:15:00,0.3111,0.3128,0.3111,0.3126,828215.5
2026-01-21 07:30:00,0.3127,0.3128,0.3094,0.31,2795138.6
2026-01-21 07:45:00,0.31,0.311,0.3097,0.3109,911414.9
2026-01-21 08:00:00,0.3109,0.3127,0.3104,0.3109,2647487.8
2026-01-21 08:15:00,0.3109,0.3115,0.3096,0.3096,671729.7
2026-01-21 08:30:00,0.3097,0.3099,0.3067,0.3073,2426105.8
2026-01-21 08:45:00,0.3073,0.3103,0.3071,0.3102,1074920.3
2026-01-21 09:00:00,0.3102,0.3102,0.3083,0.3086,814037.1
2026-01-21 09:15:00,0.3087,0.31,0.3087,0.3095,861704.2
2026-01-21 09:30:00,0.3094,0.3094,0.3086,0.3089,587348.5
2026-01-21 09:45:00,0.309,0.3101,0.3089,0.3099,784421.5
2026-01-21 10:00:00,0.3098,0.3123,0.3096,0.3114,1580327.1
2026-01-21 10:15:00,0.3114,0.3119,0.3104,0.3105,583624.8
2026-01-21 10:30:00,0.3104,0.3132,0.3103,0.3129,1810194.0
2026-01-21 10:45:00,0.3129,0.3131,0.3109,0.311,1638765.7
2026-01-21 11:00:00,0.3109,0.3122,0.3106,0.312,1031447.2
2026-01-21 11:15:00,0.312,0.313,0.3115,0.3122,1476568.6
2026-01-21 11:30:00,0.3123,0.3126,0.3107,0.3111,1406372.0
2026-01-21 11:45:00,0.3111,0.3115,0.3069,0.3076,2323793.5
2026-01-21 12:00:00,0.3076,0.3084,0.3026,0.3039,6185842.3
2026-01-21 12:15:00,0.304,0.3042,0.3019,0.3031,2583138.7
2026-01-21 12:30:00,0.303,0.3062,0.3023,0.3058,1888680.7
2026-01-21 12:45:00,0.3058,0.307,0.3056,0.3068,826031.1
2026-01-21 13:00:00,0.3067,0.308,0.3061,0.3073,1302074.0
2026-01-21 13:15:00,0.3074,0.3076,0.3052,0.3057,1107648.6
2026-01-21 13:30:00,0.3056,0.3063,0.3036,0.3041,1166551.5
2026-01-21 13:45:00,0.304,0.3057,0.3032,0.3043,1236440.7
2026-01-21 14:00:00,0.3043,0.3141,0.304,0.3133,8656042.2
2026-01-21 14:15:00,0.3133,0.3138,0.3114,0.3124,3424403.8
2026-01-21 14:30:00,0.3124,0.316,0.3112,0.3124,4704669.9
2026-01-21 14:45:00,0.3124,0.3151,0.312,0.3145,2050154.2
2026-01-21 15:00:00,0.3144,0.3148,0.3128,0.314,1894064.0
2026-01-21 15:15:00,0.3139,0.3164,0.3116,0.3117,4053006.8
2026-01-21 15:30:00,0.3118,0.3119,0.3095,0.3113,2894295.7
2026-01-21 15:45:00,0.3112,0.314,0.3112,0.3139,2381014.4
2026-01-21 16:00:00,0.3139,0.3144,0.3116,0.312,1694332.0
2026-01-21 16:15:00,0.3119,0.312,0.3073,0.3089,4996834.6
2026-01-21 16:30:00,0.3089,0.309,0.3006,0.3008,6221063.2
2026-01-21 16:45:00,0.3007,0.3047,0.2983,0.2991,5744461.8
2026-01-21 17:00:00,0.299,0.3034,0.2969,0.2972,7047323.6
2026-01-21 17:15:00,0.2973,0.3001,0.2961,0.2977,4994276.1
2026-01-21 17:30:00,0.2977,0.2985,0.2943,0.2971,5690646.0
2026-01-21 17:45:00,0.2971,0.2999,0.2964,0.299,3582629.9
2026-01-21 18:00:00,0.299,0.3013,0.2978,0.3005,2463685.7
2026-01-21 18:15:00,0.3005,0.3011,0.2976,0.2983,2123515.5
2026-01-21 18:30:00,0.2983,0.3009,0.2979,0.2999,3017523.8
2026-01-21 18:45:00,0.2999,0.3038,0.2996,0.3024,2253893.8
2026-01-21 19:00:00,0.3025,0.3031,0.3001,0.3009,2137846.1
2026-01-21 19:15:00,0.3008,0.3091,0.3003,0.3087,5814780.0
2026-01-21 19:30:00,0.3087,0.3133,0.3077,0.3132,7884137.1
2026-01-21 19:45:00,0.3133,0.3156,0.3124,0.3147,4741721.5
2026-01-21 20:00:00,0.3147,0.3154,0.3121,0.3121,1950250.1
2026-01-21 20:15:00,0.3122,0.3122,0.3086,0.3095,4378807.6
2026-01-21 20:30:00,0.3095,0.3111,0.3084,0.3101,3861782.5
2026-01-21 20:45:00,0.31,0.3138,0.31,0.3138,1267863.0
2026-01-21 21:00:00,0.3138,0.3164,0.3129,0.3141,3433193.1
2026-01-21 21:15:00,0.314,0.3168,0.3135,0.3149,2316860.4
2026-01-21 21:30:00,0.3149,0.3169,0.3148,0.3164,953768.4
2026-01-21 21:45:00,0.3164,0.3169,0.3151,0.3157,625485.3
2026-01-21 22:00:00,0.3157,0.3173,0.3153,0.3153,1472559.9
2026-01-21 22:15:00,0.3153,0.3156,0.3116,0.3131,2478040.7
2026-01-21 22:30:00,0.313,0.3133,0.3115,0.3118,1133596.3
2026-01-21 22:45:00,0.3119,0.3133,0.3117,0.312,875826.7
2026-01-21 23:00:00,0.312,0.3135,0.3112,0.3124,2869450.7
2026-01-21 23:15:00,0.3124,0.3126,0.3096,0.311,1657761.5
2026-01-21 23:30:00,0.311,0.311,0.3076,0.308,1864507.2
2026-01-21 23:45:00,0.308,0.3087,0.3066,0.3086,2669883.9
2026-01-22 00:00:00,0.3085,0.311,0.3085,0.3109,2866351.3
2026-01-22 00:15:00,0.311,0.3117,0.3102,0.311,2181440.6
2026-01-22 00:30:00,0.311,0.3131,0.3108,0.3128,1907504.5
2026-01-22 00:45:00,0.3128,0.3131,0.3112,0.3114,1259784.3
2026-01-22 01:00:00,0.3115,0.3129,0.3113,0.3118,1124453.7
2026-01-22 01:15:00,0.3117,0.315,0.3117,0.3147,1932537.3
2026-01-22 01:30:00,0.3148,0.3162,0.3145,0.3161,1199988.0
2026-01-22 01:45:00,0.3162,0.3183,0.3153,0.3177,1826515.9
2026-01-22 02:00:00,0.3178,0.319,0.3164,0.3179,1929369.2
2026-01-22 02:15:00,0.3179,0.3194,0.3177,0.3192,1598518.4
2026-01-22 02:30:00,0.3193,0.3208,0.3187,0.3206,1480375.0
2026-01-22 02:45:00,0.3205,0.321,0.3192,0.3203,1481494.8
2026-01-22 03:00:00,0.3202,0.3223,0.3197,0.3217,2122608.5
2026-01-22 03:15:00,0.3216,0.3217,0.3197,0.3205,1630224.2
2026-01-22 03:30:00,0.3206,0.3206,0.3179,0.3195,1756801.6
2026-01-22 03:45:00,0.3194,0.3203,0.3187,0.3188,974562.6
2026-01-22 04:00:00,0.3188,0.3203,0.3182,0.319,1351211.2
2026-01-22 04:15:00,0.319,0.3221,0.3186,0.3211,1423529.6
2026-01-22 04:30:00,0.3212,0.3223,0.3194,0.3221,2096796.8
2026-01-22 04:45:00,0.3221,0.3224,0.3208,0.3218,891282.2
2026-01-22 05:00:00,0.3217,0.3259,0.3206,0.3216,7306171.4
2026-01-22 05:15:00,0.3217,0.3225,0.3208,0.3208,3422238.4
2026-01-22 05:30:00,0.3208,0.321,0.3191,0.3206,1937310.0
2026-01-22 05:45:00,0.3206,0.3222,0.3196,0.3202,2838043.6
2026-01-22 06:00:00,0.3202,0.3202,0.3175,0.3183,2230923.9
2026-01-22 06:15:00,0.3184,0.3191,0.3154,0.3159,2155031.5
2026-01-22 06:30:00,0.3158,0.317,0.3156,0.3163,1405698.6
2026-01-22 06:45:00,0.3163,0.3175,0.3163,0.317,793865.3
2026-01-22 07:00:00,0.3171,0.3176,0.3158,0.316,849508.4
2026-01-22 07:15:00,0.316,0.3167,0.315,0.3151,1327937.4
2026-01-22 07:30:00,0.3151,0.3169,0.3145,0.3159,1146140.9
2026-01-22 07:45:00,0.3159,0.3163,0.315,0.3152,613341.5
2026-01-22 08:00:00,0.3152,0.317,0.3142,0.315,1507182.3
2026-01-22 08:15:00,0.315,0.3159,0.3146,0.3147,1173560.7
2026-01-22 08:30:00,0.3147,0.315,0.3134,0.3146,1778542.0
2026-01-22 08:45:00,0.3146,0.3184,0.3144,0.3178,2319637.1
2026-01-22 09:00:00,0.3179,0.3182,0.3166,0.318,1412088.6
2026-01-22 09:15:00,0.3181,0.3198,0.3167,0.3168,2554072.7
2026-01-22 09:30:00,0.3167,0.3187,0.3167,0.3185,753862.2
2026-01-22 09:45:00,0.3186,0.3187,0.317,0.3172,548554.4
2026-01-22 10:00:00,0.3172,0.3174,0.3162,0.3165,613933.0
2026-01-22 10:15:00,0.3165,0.3169,0.3154,0.3155,1099939.2
2026-01-22 10:30:00,0.3156,0.3162,0.3149,0.3155,838627.8
2026-01-22 10:45:00,0.3156,0.3159,0.3148,0.3154,406078.8
2026-01-22 11:00:00,0.3154,0.3154,0.3136,0.3142,518992.3
2026-01-22 11:15:00,0.3141,0.3142,0.3125,0.3127,1929543.2
2026-01-22 11:30:00,0.3127,0.3132,0.3115,0.312,1825871.6
2026-01-22 11:45:00,0.3121,0.3124,0.311,0.311,891427.6
2026-01-22 12:00:00,0.311,0.3118,0.3104,0.3111,1221088.0
2026-01-22 12:15:00,0.3111,0.3123,0.3105,0.3109,1371886.0
2026-01-22 12:30:00,0.311,0.3116,0.3093,0.3101,1472016.0
2026-01-22 12:45:00,0.3101,0.3106,0.3099,0.3103,508662.9
2026-01-22 13:00:00,0.3104,0.3117,0.3103,0.3107,1044120.4
2026-01-22 13:15:00,0.3108,0.3123,0.3105,0.3122,1288805.5
2026-01-22 13:30:00,0.3122,0.3142,0.3094,0.31,3915786.4
2026-01-22 13:45:00,0.3099,0.3111,0.3083,0.3102,1712266.7
2026-01-22 14:00:00,0.3101,0.3112,0.3088,0.3107,1513358.4
2026-01-22 14:15:00,0.3107,0.3107,0.3077,0.3086,2699489.7
2026-01-22 14:30:00,0.3087,0.3109,0.3075,0.3086,3228025.6
2026-01-22 14:45:00,0.3087,0.3088,0.3052,0.3062,3006936.3
2026-01-22 15:00:00,0.3063,0.3075,0.3054,0.3068,1982254.0
2026-01-22 15:15:00,0.3067,0.3083,0.3028,0.3033,4236256.9
2026-01-22 15:30:00,0.3033,0.3073,0.3027,0.3071,1994508.9
2026-01-22 15:45:00,0.3071,0.3084,0.305,0.3054,1919353.7
2026-01-22 16:00:00,0.3055,0.3077,0.3045,0.3047,1918142.2
2026-01-22 16:15:00,0.3048,0.3072,0.3044,0.3059,2002972.4
2026-01-22 16:30:00,0.3059,0.3075,0.3054,0.3074,1091786.6
2026-01-22 16:45:00,0.3074,0.311,0.3074,0.3102,2427041.9
2026-01-22 17:00:00,0.3101,0.3113,0.3094,0.3099,2573660.1
2026-01-22 17:15:00,0.3099,0.3105,0.3065,0.3072,1540976.8
2026-01-22 17:30:00,0.3072,0.3081,0.3071,0.3079,727702.6
2026-01-22 17:45:00,0.3079,0.3107,0.3079,0.3103,1083331.1
2026-01-22 18:00:00,0.3104,0.3104,0.3083,0.3085,1007737.8
2026-01-22 18:15:00,0.3086,0.3101,0.3081,0.3088,733277.7
2026-01-22 18:30:00,0.3087,0.3103,0.3087,0.3091,1178819.9
2026-01-22 18:45:00,0.3092,0.3092,0.3066,0.3068,826647.0
2026-01-22 19:00:00,0.3068,0.3079,0.306,0.3074,866123.9
2026-01-22 19:15:00,0.3075,0.3077,0.3062,0.3069,542622.8
2026-01-22 19:30:00,0.307,0.3091,0.307,0.308,780213.0
2026-01-22 19:45:00,0.3081,0.3085,0.3065,0.3076,1513098.4
2026-01-22 20:00:00,0.3076,0.3081,0.3067,0.308,829922.6
2026-01-22 20:15:00,0.308,0.3085,0.3051,0.3053,1697000.1
2026-01-22 20:30:00,0.3054,0.3064,0.3044,0.3047,1156249.2
2026-01-22 20:45:00,0.3048,0.3062,0.3048,0.3058,854356.4
2026-01-22 21:00:00,0.3058,0.3073,0.3057,0.3066,978797.1
2026-01-22 21:15:00,0.3067,0.308,0.3064,0.3074,698347.1
2026-01-22 21:30:00,0.3075,0.3078,0.3068,0.3069,853315.2
2026-01-22 21:45:00,0.3069,0.3079,0.3062,0.3076,528188.9
2026-01-22 22:00:00,0.3076,0.309,0.3068,0.3077,1544717.8
2026-01-22 22:15:00,0.3078,0.3083,0.3066,0.3071,689750.2
2026-01-22 22:30:00,0.3072,0.3072,0.3059,0.3067,748122.7
2026-01-22 22:45:00,0.3067,0.3072,0.3062,0.3068,705266.3
2026-01-22 23:00:00,0.3068,0.3068,0.3045,0.3063,1528774.8
2026-01-22 23:15:00,0.3063,0.3076,0.3058,0.3067,1000783.7
2026-01-22 23:30:00,0.3068,0.3079,0.3061,0.3064,682107.9
2026-01-22 23:45:00,0.3064,0.3075,0.3063,0.3073,894785.7
2026-01-23 00:00:00,0.3072,0.3086,0.306,0.3082,1808791.7
2026-01-23 00:15:00,0.3082,0.3092,0.3074,0.3084,2623880.6
2026-01-23 00:30:00,0.3084,0.3091,0.3072,0.3084,1275362.6
2026-01-23 00:45:00,0.3084,0.3094,0.3081,0.3082,769280.0
2026-01-23 01:00:00,0.3082,0.3096,0.3082,0.3088,547721.7
2026-01-23 01:15:00,0.3089,0.3097,0.3078,0.3088,587979.4
2026-01-23 01:30:00,0.3089,0.3119,0.3089,0.3116,1369803.5
2026-01-23 01:45:00,0.3116,0.313,0.3115,0.3126,797274.7
2026-01-23 02:00:00,0.3127,0.3131,0.3116,0.3124,1101426.2
2026-01-23 02:15:00,0.3124,0.3125,0.3112,0.3116,989930.3
2026-01-23 02:30:00,0.3117,0.3123,0.3116,0.3121,445494.8
2026-01-23 02:45:00,0.3121,0.313,0.3114,0.3115,670740.1
2026-01-23 03:00:00,0.3115,0.3125,0.3105,0.3124,1298842.9
2026-01-23 03:15:00,0.3125,0.3164,0.3125,0.3162,2103965.6
2026-01-23 03:30:00,0.3163,0.3167,0.3144,0.3146,1136720.1
2026-01-23 03:45:00,0.3146,0.3146,0.3135,0.3142,824050.0
2026-01-23 04:00:00,0.3142,0.3156,0.3138,0.3154,1092439.5
2026-01-23 04:15:00,0.3154,0.3172,0.3144,0.3166,1065526.6
2026-01-23 04:30:00,0.3166,0.3184,0.3162,0.318,1291104.6
2026-01-23 04:45:00,0.318,0.3193,0.3175,0.3177,1734784.5
2026-01-23 05:00:00,0.3177,0.3177,0.3164,0.3173,1711012.4
2026-01-23 05:15:00,0.3173,0.318,0.3156,0.3168,1533292.9
2026-01-23 05:30:00,0.3169,0.3172,0.3152,0.3152,851615.9
2026-01-23 05:45:00,0.3152,0.3155,0.3132,0.3154,1903608.3
2026-01-23 06:00:00,0.3155,0.3162,0.3144,0.315,1268620.3
2026-01-23 06:15:00,0.315,0.3157,0.3112,0.3118,2057618.3
2026-01-23 06:30:00,0.3119,0.314,0.3119,0.3134,1074999.9
2026-01-23 06:45:00,0.3135,0.3141,0.3103,0.3112,5198496.5
2026-01-23 07:00:00,0.3113,0.3119,0.3103,0.3112,975134.7
2026-01-23 07:15:00,0.3113,0.3126,0.3111,0.3114,980313.0
2026-01-23 07:30:00,0.3114,0.3123,0.3113,0.3115,830206.9
2026-01-23 07:45:00,0.3115,0.3122,0.3103,0.3112,1012803.8
2026-01-23 08:00:00,0.3112,0.3121,0.3107,0.3114,761846.6
2026-01-23 08:15:00,0.3114,0.3121,0.3103,0.3107,1207409.0
2026-01-23 08:30:00,0.3108,0.3114,0.3081,0.3088,2205445.3
2026-01-23 08:45:00,0.3088,0.3092,0.3066,0.308,1767920.1
2026-01-23 09:00:00,0.308,0.3092,0.3079,0.3087,887667.9
2026-01-23 09:15:00,0.3086,0.3087,0.3075,0.3077,670986.7
2026-01-23 09:30:00,0.3078,0.3089,0.3066,0.3085,792278.7
2026-01-23 09:45:00,0.3084,0.3088,0.3075,0.308,853310.1
2026-01-23 10:00:00,0.3081,0.3097,0.3074,0.3096,1574434.3
2026-01-23 10:15:00,0.3097,0.31,0.3076,0.3077,965236.1
2026-01-23 10:30:00,0.3077,0.3082,0.3064,0.3072,1904977.2
2026-01-23 10:45:00,0.3072,0.3077,0.3068,0.3073,787422.4
2026-01-23 11:00:00,0.3073,0.3083,0.307,0.308,1322263.0
2026-01-23 11:15:00,0.308,0.3085,0.3073,0.3081,885033.3
2026-01-23 11:30:00,0.3081,0.3089,0.3076,0.3077,870310.0
2026-01-23 11:45:00,0.3078,0.3085,0.3074,0.3082,595242.0
2026-01-23 12:00:00,0.3083,0.309,0.3079,0.3079,743994.5
2026-01-23 12:15:00,0.3079,0.3082,0.3073,0.3075,596969.5
2026-01-23 12:30:00,0.3075,0.3078,0.3064,0.3072,1415575.6
2026-01-23 12:45:00,0.3072,0.3082,0.3069,0.3077,1115587.1
2026-01-23 13:00:00,0.3077,0.3084,0.3075,0.3082,574843.8
2026-01-23 13:15:00,0.3082,0.3092,0.3081,0.3085,1053071.5
2026-01-23 13:30:00,0.3085,0.309,0.3072,0.3082,1131895.4
2026-01-23 13:45:00,0.3082,0.3089,0.3072,0.3078,985840.2
2026-01-23 14:00:00,0.3078,0.3081,0.3067,0.3068,1063980.6
2026-01-23 14:15:00,0.3069,0.3077,0.3065,0.3072,1101536.1
2026-01-23 14:30:00,0.3072,0.3077,0.3009,0.302,8781248.6
2026-01-23 14:45:00,0.3021,0.3033,0.2992,0.3016,4819855.6
2026-01-23 15:00:00,0.3017,0.3035,0.3006,0.3014,3661709.4
2026-01-23 15:15:00,0.3015,0.3047,0.2998,0.3032,2946170.1
2026-01-23 15:30:00,0.3032,0.3063,0.303,0.305,2518387.6
2026-01-23 15:45:00,0.3051,0.309,0.3048,0.3085,3654859.4
2026-01-23 16:00:00,0.3085,0.3098,0.3076,0.3096,2402712.5
2026-01-23 16:15:00,0.3096,0.3097,0.3062,0.3067,1385655.4
2026-01-23 16:30:00,0.3067,0.3132,0.3051,0.3122,6243229.4
2026-01-23 16:45:00,0.3122,0.3142,0.3107,0.3109,2459686.8
2026-01-23 17:00:00,0.3109,0.3109,0.308,0.3096,2340121.6
2026-01-23 17:15:00,0.3097,0.3163,0.3097,0.3161,3530429.3
2026-01-23 17:30:00,0.316,0.3178,0.314,0.3151,5037380.5
2026-01-23 17:45:00,0.315,0.3162,0.3128,0.3132,2107045.7
2026-01-23 18:00:00,0.3132,0.3156,0.3122,0.3138,1580052.9
2026-01-23 18:15:00,0.3138,0.3146,0.3129,0.314,1022686.3
2026-01-23 18:30:00,0.3139,0.3151,0.3131,0.3136,1140997.6
2026-01-23 18:45:00,0.3136,0.3136,0.3115,0.3122,1114318.1
2026-01-23 19:00:00,0.3121,0.3121,0.3093,0.3094,2345125.3
2026-01-23 19:15:00,0.3094,0.3097,0.306,0.3063,4106449.7
2026-01-23 19:30:00,0.3064,0.3068,0.3043,0.3059,3038982.5
2026-01-23 19:45:00,0.3059,0.3064,0.3043,0.3058,1494175.9
2026-01-23 20:00:00,0.3058,0.3064,0.3049,0.3059,1727784.2
2026-01-23 20:15:00,0.3058,0.3061,0.304,0.3041,1068861.9
2026-01-23 20:30:00,0.3041,0.3041,0.3012,0.3023,3138001.0
2026-01-23 20:45:00,0.3024,0.3034,0.3009,0.3021,1851629.8
2026-01-23 21:00:00,0.302,0.3047,0.3016,0.3044,1646946.5
2026-01-23 21:15:00,0.3043,0.3047,0.3031,0.3038,1025552.9
2026-01-23 21:30:00,0.3038,0.3039,0.3026,0.303,707780.4
2026-01-23 21:45:00,0.3031,0.3039,0.3026,0.3028,700652.4
2026-01-23 22:00:00,0.3027,0.3052,0.3026,0.3042,1546405.8
2026-01-23 22:15:00,0.3041,0.3058,0.3037,0.3052,806189.2
2026-01-23 22:30:00,0.3052,0.3062,0.3046,0.3048,636096.6
2026-01-23 22:45:00,0.3048,0.3062,0.3047,0.3058,355344.9
2026-01-23 23:00:00,0.3057,0.3057,0.3042,0.3049,664331.4
2026-01-23 23:15:00,0.3048,0.3053,0.3042,0.3043,404258.4
2026-01-23 23:30:00,0.3043,0.3045,0.3035,0.3035,532160.3
2026-01-23 23:45:00,0.3035,0.3044,0.3032,0.304,677024.5
2026-01-24 00:00:00,0.304,0.3058,0.3039,0.3044,1531113.1
2026-01-24 00:15:00,0.3044,0.3052,0.3038,0.3039,839485.5
2026-01-24 00:30:00,0.3039,0.3051,0.3035,0.3037,538138.4
2026-01-24 00:45:00,0.3036,0.3041,0.3028,0.3029,331883.3
2026-01-24 01:00:00,0.3028,0.3037,0.3025,0.3032,689887.2
2026-01-24 01:15:00,0.3032,0.3034,0.3026,0.3032,534705.4
2026-01-24 01:30:00,0.3032,0.3038,0.3018,0.3035,519209.5
2026-01-24 01:45:00,0.3035,0.3041,0.303,0.3036,446460.2
2026-01-24 02:00:00,0.3037,0.3052,0.3037,0.3043,678050.4
2026-01-24 02:15:00,0.3043,0.3044,0.3036,0.3037,307874.4
2026-01-24 02:30:00,0.3037,0.3045,0.3036,0.3038,466061.7
2026-01-24 02:45:00,0.3038,0.3043,0.3034,0.3042,298875.2
2026-01-24 03:00:00,0.3043,0.3065,0.3038,0.3057,871969.6
2026-01-24 03:15:00,0.3058,0.3068,0.3052,0.3068,438249.0
2026-01-24 03:30:00,0.3068,0.307,0.3054,0.3059,729500.7
2026-01-24 03:45:00,0.3059,0.3062,0.3051,0.3058,917716.8
2026-01-24 04:00:00,0.3058,0.3062,0.3052,0.3053,602435.5
2026-01-24 04:15:00,0.3053,0.3057,0.3046,0.3049,375758.8
2026-01-24 04:30:00,0.3049,0.3054,0.3044,0.3052,480268.7
2026-01-24 04:45:00,0.3052,0.3053,0.3045,0.305,411779.7
2026-01-24 05:00:00,0.305,0.3051,0.3034,0.3039,664474.8
2026-01-24 05:15:00,0.3039,0.3044,0.3037,0.3038,352923.9
2026-01-24 05:30:00,0.3038,0.3041,0.3027,0.3037,650557.1
2026-01-24 05:45:00,0.3037,0.3046,0.3036,0.3046,331138.1
2026-01-24 06:00:00,0.3047,0.3055,0.3046,0.305,646145.2
2026-01-24 06:15:00,0.305,0.3054,0.3045,0.3046,680564.3
2026-01-24 06:30:00,0.3047,0.3053,0.3045,0.305,373404.6
2026-01-24 06:45:00,0.305,0.3053,0.3045,0.3046,264130.7
2026-01-24 07:00:00,0.3046,0.3056,0.3045,0.3047,1000164.5
2026-01-24 07:15:00,0.3047,0.3048,0.304,0.3044,468668.6
2026-01-24 07:30:00,0.3044,0.3048,0.3041,0.3044,367111.4
2026-01-24 07:45:00,0.3044,0.3049,0.3039,0.3041,424981.0
2026-01-24 08:00:00,0.3041,0.3043,0.3035,0.3038,828109.1
2026-01-24 08:15:00,0.3038,0.3042,0.3033,0.3041,351280.2
2026-01-24 08:30:00,0.3042,0.3052,0.3042,0.3052,457533.9
2026-01-24 08:45:00,0.3051,0.3057,0.3047,0.3055,420574.2
2026-01-24 09:00:00,0.3055,0.3056,0.3041,0.3048,561246.3
2026-01-24 09:15:00,0.3048,0.3049,0.3039,0.3041,302958.9
2026-01-24 09:30:00,0.3041,0.3046,0.3039,0.3039,386492.4
2026-01-24 09:45:00,0.304,0.3041,0.3036,0.304,408424.6
2026-01-24 10:00:00,0.304,0.3042,0.3037,0.3038,370796.6
2026-01-24 10:15:00,0.3038,0.3045,0.3035,0.3043,436639.0
2026-01-24 10:30:00,0.3044,0.3048,0.3041,0.3047,423006.2
2026-01-24 10:45:00,0.3047,0.3047,0.3039,0.304,252123.0
2026-01-24 11:00:00,0.304,0.3047,0.304,0.3044,249996.4
2026-01-24 11:15:00,0.3045,0.3045,0.3036,0.3037,375866.7
2026-01-24 11:30:00,0.3038,0.3043,0.3036,0.3042,353570.2
2026-01-24 11:45:00,0.3042,0.3046,0.3039,0.3045,265747.4
2026-01-24 12:00:00,0.3045,0.3053,0.3042,0.3048,621137.6
2026-01-24 12:15:00,0.3048,0.305,0.3044,0.3048,440297.4
2026-01-24 12:30:00,0.3048,0.3057,0.3044,0.3046,547730.9
2026-01-24 12:45:00,0.3046,0.305,0.3042,0.3047,277147.7
2026-01-24 13:00:00,0.3047,0.3049,0.3039,0.3041,361475.4
2026-01-24 13:15:00,0.3041,0.3042,0.3034,0.3036,387316.9
2026-01-24 13:30:00,0.3036,0.3042,0.3035,0.3036,400816.3
2026-01-24 13:45:00,0.3037,0.3044,0.3015,0.3017,1253319.2
2026-01-24 14:00:00,0.3017,0.3032,0.3006,0.3029,2403956.1
2026-01-24 14:15:00,0.3029,0.3035,0.3023,0.303,742810.9
2026-01-24 14:30:00,0.3031,0.3047,0.3031,0.304,559599.4
2026-01-24 14:45:00,0.3041,0.3046,0.3033,0.3035,325369.7
2026-01-24 15:00:00,0.3036,0.3044,0.3036,0.3041,635932.1
2026-01-24 15:15:00,0.3041,0.3041,0.3026,0.3028,518190.0
2026-01-24 15:30:00,0.3027,0.303,0.3005,0.3012,2220525.6
2026-01-24 15:45:00,0.3011,0.3015,0.3006,0.301,871583.6
2026-01-24 16:00:00,0.3009,0.302,0.3008,0.3013,1327457.8
2026-01-24 16:15:00,0.3013,0.3013,0.2993,0.3008,2309467.3
2026-01-24 16:30:00,0.3007,0.3012,0.3003,0.3005,328202.5
2026-01-24 16:45:00,0.3006,0.3023,0.3005,0.3014,579048.8
2026-01-24 17:00:00,0.3015,0.3021,0.3008,0.3018,571327.6
2026-01-24 17:15:00,0.3018,0.3027,0.3016,0.3018,539525.0
2026-01-24 17:30:00,0.3019,0.3027,0.3016,0.3023,366946.6
2026-01-24 17:45:00,0.3023,0.3028,0.3019,0.3026,333732.5
2026-01-24 18:00:00,0.3027,0.3031,0.3018,0.3024,425094.6
2026-01-24 18:15:00,0.3025,0.3029,0.3021,0.3023,324740.1
2026-01-24 18:30:00,0.3023,0.3033,0.3021,0.3027,362855.5
2026-01-24 18:45:00,0.3026,0.3028,0.3019,0.302,335579.8
2026-01-24 19:00:00,0.3021,0.3022,0.301,0.3013,674849.0
2026-01-24 19:15:00,0.3012,0.3014,0.3005,0.3014,575339.1
2026-01-24 19:30:00,0.3014,0.3018,0.3013,0.3017,337714.6
2026-01-24 19:45:00,0.3017,0.3018,0.3011,0.3013,314669.5
2026-01-24 20:00:00,0.3013,0.3019,0.3012,0.3018,229598.0
2026-01-24 20:15:00,0.3019,0.3033,0.3018,0.3031,529799.4
2026-01-24 20:30:00,0.3031,0.3033,0.3026,0.3028,346971.2
2026-01-24 20:45:00,0.3029,0.3033,0.3026,0.303,231483.0
2026-01-24 21:00:00,0.303,0.3031,0.3018,0.3029,680470.3
2026-01-24 21:15:00,0.3029,0.3031,0.3025,0.3028,233625.2
2026-01-24 21:30:00,0.3028,0.3039,0.3024,0.3038,440136.0
2026-01-24 21:45:00,0.3039,0.3047,0.3035,0.3038,873612.9
2026-01-24 22:00:00,0.3039,0.3049,0.3031,0.3043,509585.0
2026-01-24 22:15:00,0.3044,0.305,0.3039,0.3044,516181.2
2026-01-24 22:30:00,0.3044,0.3044,0.3036,0.3037,146539.8
2026-01-24 22:45:00,0.3037,0.3047,0.3036,0.3043,137576.9
2026-01-24 23:00:00,0.3044,0.3049,0.304,0.3043,552370.1
2026-01-24 23:15:00,0.3044,0.3047,0.3035,0.3042,405834.5
2026-01-24 23:30:00,0.3042,0.3043,0.3035,0.3035,217012.0
2026-01-24 23:45:00,0.3036,0.3038,0.3032,0.3036,491158.3
2026-01-25 00:00:00,0.3037,0.3043,0.3033,0.3042,656506.0
2026-01-25 00:15:00,0.3043,0.305,0.3035,0.3046,2404696.7
2026-01-25 00:30:00,0.3046,0.3047,0.3038,0.3043,546010.4
2026-01-25 00:45:00,0.3044,0.3058,0.304,0.3056,436670.7
2026-01-25 01:00:00,0.3057,0.3064,0.3052,0.3054,963548.1
2026-01-25 01:15:00,0.3054,0.306,0.3044,0.3046,805860.6
2026-01-25 01:30:00,0.3047,0.3047,0.3026,0.3028,1613331.5
2026-01-25 01:45:00,0.3029,0.3037,0.3026,0.3032,609154.6
2026-01-25 02:00:00,0.3033,0.3047,0.3031,0.3045,515039.7
2026-01-25 02:15:00,0.3044,0.3045,0.3035,0.3035,303309.3
2026-01-25 02:30:00,0.3036,0.3038,0.3018,0.3019,721021.3
2026-01-25 02:45:00,0.3018,0.3032,0.3018,0.3027,529676.8
2026-01-25 03:00:00,0.3028,0.3034,0.3024,0.3024,418480.4
2026-01-25 03:15:00,0.3025,0.3025,0.3004,0.3006,1467927.9
2026-01-25 03:30:00,0.3007,0.3007,0.299,0.3,1674758.6
2026-01-25 03:45:00,0.3,0.3003,0.2991,0.2998,657081.1
2026-01-25 04:00:00,0.2997,0.3006,0.2986,0.299,1016991.3
2026-01-25 04:15:00,0.2991,0.3005,0.2991,0.3004,552803.6
2026-01-25 04:30:00,0.3005,0.3018,0.3004,0.3009,621144.8
2026-01-25 04:45:00,0.3009,0.3009,0.2995,0.2997,343586.2
2026-01-25 05:00:00,0.2996,0.3,0.2994,0.2999,643089.2
2026-01-25 05:15:00,0.3,0.3,0.2992,0.2997,570448.7
2026-01-25 05:30:00,0.2998,0.2999,0.2985,0.2992,1127466.1
2026-01-25 05:45:00,0.2993,0.3007,0.2992,0.3006,438367.4
2026-01-25 06:00:00,0.3005,0.3006,0.2991,0.2993,711682.5
2026-01-25 06:15:00,0.2993,0.3007,0.2991,0.3,559689.5
2026-01-25 06:30:00,0.3,0.3021,0.3,0.3014,1188331.2
2026-01-25 06:45:00,0.3015,0.3015,0.2997,0.2998,859561.5
2026-01-25 07:00:00,0.2998,0.2998,0.2982,0.2984,1074829.4
2026-01-25 07:15:00,0.2985,0.3003,0.2979,0.2999,1104714.9
2026-01-25 07:30:00,0.2999,0.3012,0.2993,0.3007,631297.7
2026-01-25 07:45:00,0.3008,0.301,0.3001,0.3005,302904.6
2026-01-25 08:00:00,0.3006,0.3008,0.3001,0.3004,456715.8
2026-01-25 08:15:00,0.3004,0.3008,0.2996,0.2998,504194.9
2026-01-25 08:30:00,0.2997,0.3,0.2971,0.2988,1945637.5
2026-01-25 08:45:00,0.2988,0.2988,0.2972,0.2985,995451.5
2026-01-25 09:00:00,0.2985,0.299,0.2979,0.2988,798449.7
2026-01-25 09:15:00,0.2988,0.3003,0.2988,0.2999,922546.6
2026-01-25 09:30:00,0.2999,0.3034,0.2999,0.3029,1474826.0
2026-01-25 09:45:00,0.3029,0.3039,0.302,0.302,1431522.8
2026-01-25 10:00:00,0.3021,0.3029,0.3017,0.3028,688516.5
2026-01-25 10:15:00,0.3029,0.3056,0.3027,0.3052,1531120.5
2026-01-25 10:30:00,0.3052,0.3056,0.3042,0.3047,917179.9
2026-01-25 10:45:00,0.3048,0.3051,0.3034,0.3036,941358.2
2026-01-25 11:00:00,0.3036,0.3036,0.3015,0.3023,1529683.5
2026-01-25 11:15:00,0.3025,0.3034,0.3025,0.303,792303.5
2026-01-25 11:30:00,0.303,0.3038,0.302,0.3025,747174.4
2026-01-25 11:45:00,0.3024,0.3024,0.3009,0.3017,1492316.4
2026-01-25 12:00:00,0.3017,0.3017,0.3,0.3005,1493094.8
2026-01-25 12:15:00,0.3006,0.301,0.2987,0.2992,1736766.6
2026-01-25 12:30:00,0.2992,0.2999,0.2981,0.2995,1266654.4
2026-01-25 12:45:00,0.2995,0.3012,0.2994,0.3008,1267591.5
2026-01-25 13:00:00,0.3007,0.3013,0.3001,0.3005,872807.0
2026-01-25 13:15:00,0.3005,0.3012,0.2998,0.2999,566935.1
2026-01-25 13:30:00,0.2999,0.3014,0.2995,0.3013,897716.5
2026-01-25 13:45:00,0.3013,0.3034,0.3011,0.3017,1655079.9
2026-01-25 14:00:00,0.3017,0.3019,0.299,0.2995,1296891.5
2026-01-25 14:15:00,0.2995,0.3003,0.2967,0.2981,2156863.9
2026-01-25 14:30:00,0.2981,0.2984,0.2968,0.2977,1100542.3
2026-01-25 14:45:00,0.2977,0.2991,0.2969,0.2989,1090147.6
2026-01-25 15:00:00,0.2989,0.3002,0.2982,0.2997,707815.0
2026-01-25 15:15:00,0.2997,0.3004,0.2984,0.3,693206.8
2026-01-25 15:30:00,0.2999,0.3001,0.2985,0.2986,587529.2
2026-01-25 15:45:00,0.2986,0.2988,0.2977,0.2984,944627.8
2026-01-25 16:00:00,0.2984,0.2984,0.2922,0.2931,9474198.5
2026-01-25 16:15:00,0.2932,0.2935,0.2883,0.2901,11254411.1
2026-01-25 16:30:00,0.2901,0.291,0.2881,0.2891,3358392.5
2026-01-25 16:45:00,0.289,0.2914,0.2886,0.2909,1484502.4
2026-01-25 17:00:00,0.2909,0.2919,0.2897,0.2898,2190574.7
2026-01-25 17:15:00,0.2898,0.2903,0.2888,0.2896,1157868.2
2026-01-25 17:30:00,0.2896,0.2912,0.2892,0.291,978085.6
2026-01-25 17:45:00,0.2911,0.2914,0.2894,0.2898,989804.9
2026-01-25 18:00:00,0.2898,0.2902,0.2852,0.2884,4352503.4
2026-01-25 18:15:00,0.2885,0.2898,0.2867,0.2872,2122318.1
2026-01-25 18:30:00,0.2871,0.2871,0.2843,0.2853,4112290.9
2026-01-25 18:45:00,0.2854,0.2866,0.2851,0.2864,1958150.0
2026-01-25 19:00:00,0.2865,0.2879,0.286,0.286,1949736.5
2026-01-25 19:15:00,0.2861,0.2861,0.282,0.2824,4998960.1
2026-01-25 19:30:00,0.2824,0.2845,0.2815,0.2838,3284895.6
2026-01-25 19:45:00,0.2837,0.2838,0.2784,0.2805,5969020.3
2026-01-25 20:00:00,0.2805,0.2838,0.2805,0.2822,3214599.6
2026-01-25 20:15:00,0.2821,0.2829,0.2816,0.2823,1480796.5
2026-01-25 20:30:00,0.2822,0.2825,0.2804,0.2813,1878331.3
2026-01-25 20:45:00,0.2814,0.2832,0.2811,0.2831,1232415.0
2026-01-25 21:00:00,0.2832,0.2855,0.283,0.285,1978754.1
2026-01-25 21:15:00,0.285,0.2864,0.285,0.286,1613554.3
2026-01-25 21:30:00,0.286,0.2864,0.2838,0.2846,1361632.4
2026-01-25 21:45:00,0.2846,0.2856,0.2841,0.2849,747087.7
2026-01-25 22:00:00,0.285,0.2853,0.2833,0.2841,1047068.5
2026-01-25 22:15:00,0.2842,0.2844,0.2822,0.2828,1018147.3
2026-01-25 22:30:00,0.2828,0.2844,0.2819,0.2837,1501162.0
2026-01-25 22:45:00,0.2838,0.2838,0.2817,0.2836,939730.4
2026-01-25 23:00:00,0.2836,0.2854,0.282,0.2845,1531877.6
2026-01-25 23:15:00,0.2846,0.2862,0.284,0.2848,2050645.1
2026-01-25 23:30:00,0.2849,0.2855,0.2841,0.2849,758839.5
2026-01-25 23:45:00,0.285,0.287,0.285,0.2863,1737589.3
2026-01-26 00:00:00,0.2863,0.2878,0.2855,0.2877,1876864.7
2026-01-26 00:15:00,0.2876,0.2892,0.2874,0.2879,1607105.5
2026-01-26 00:30:00,0.2878,0.2879,0.2857,0.286,977007.1
2026-01-26 00:45:00,0.2859,0.2888,0.2857,0.2886,1590104.6
2026-01-26 01:00:00,0.2885,0.2935,0.2883,0.2927,2384866.4
2026-01-26 01:15:00,0.2926,0.293,0.2912,0.2915,2206027.0
2026-01-26 01:30:00,0.2915,0.2931,0.2915,0.2931,1666987.2
2026-01-26 01:45:00,0.2931,0.2948,0.2927,0.2933,2393140.4
2026-01-26 02:00:00,0.2933,0.2936,0.2906,0.2906,1249748.0
2026-01-26 02:15:00,0.2906,0.2923,0.2902,0.2917,1343984.2
2026-01-26 02:30:00,0.2917,0.2919,0.2906,0.2907,1241833.5
2026-01-26 02:45:00,0.2907,0.2915,0.2903,0.2909,743729.2
2026-01-26 03:00:00,0.2909,0.2929,0.2909,0.2916,2322680.8
2026-01-26 03:15:00,0.2915,0.292,0.2904,0.2905,910015.4
2026-01-26 03:30:00,0.2904,0.2906,0.2888,0.2894,1072791.5
2026-01-26 03:45:00,0.2894,0.2896,0.2882,0.289,908532.0
2026-01-26 04:00:00,0.289,0.2911,0.289,0.2903,1811806.9
2026-01-26 04:15:00,0.2903,0.2932,0.29,0.2927,1445934.1
2026-01-26 04:30:00,0.2927,0.293,0.2912,0.2913,998011.2
2026-01-26 04:45:00,0.2911,0.2921,0.2911,0.2918,669171.2
2026-01-26 05:00:00,0.2918,0.2921,0.2912,0.2918,687995.4
2026-01-26 05:15:00,0.2918,0.2924,0.2914,0.2922,488091.6
2026-01-26 05:30:00,0.2922,0.2928,0.2915,0.2923,521553.0
2026-01-26 05:45:00,0.2923,0.2928,0.2918,0.2919,564089.0
2026-01-26 06:00:00,0.2919,0.2921,0.2908,0.2909,501590.4
2026-01-26 06:15:00,0.2909,0.2928,0.2904,0.2928,1590778.3
2026-01-26 06:30:00,0.2927,0.2935,0.2922,0.2932,1249339.4
2026-01-26 06:45:00,0.2932,0.2965,0.2932,0.2964,3552285.5
2026-01-26 07:00:00,0.2964,0.2966,0.295,0.2963,1822228.6
2026-01-26 07:15:00,0.2963,0.2975,0.2955,0.2959,2455065.5
2026-01-26 07:30:00,0.2959,0.2961,0.2948,0.2949,1419538.1
2026-01-26 07:45:00,0.295,0.2964,0.2946,0.2954,699331.6
2026-01-26 08:00:00,0.2954,0.2961,0.2951,0.2956,1348200.1
2026-01-26 08:15:00,0.2956,0.299,0.2954,0.297,2993615.0
2026-01-26 08:30:00,0.2971,0.2972,0.2955,0.2956,519671.1
2026-01-26 08:45:00,0.2957,0.2971,0.2955,0.296,730359.1
2026-01-26 09:00:00,0.296,0.296,0.2936,0.294,1185191.4
2026-01-26 09:15:00,0.2939,0.2941,0.2933,0.2937,1179359.6
2026-01-26 09:30:00,0.2937,0.2946,0.2935,0.2941,896925.1
2026-01-26 09:45:00,0.294,0.2945,0.2929,0.293,770077.4
2026-01-26 10:00:00,0.293,0.295,0.293,0.2942,971593.4
2026-01-26 10:15:00,0.2941,0.295,0.2938,0.2946,937169.9
2026-01-26 10:30:00,0.2946,0.2946,0.2938,0.294,622125.0
2026-01-26 10:45:00,0.294,0.295,0.2938,0.2948,542057.9
2026-01-26 11:00:00,0.2947,0.2954,0.2945,0.2953,958565.0
2026-01-26 11:15:00,0.2953,0.2953,0.2943,0.2944,708521.1
2026-01-26 11:30:00,0.2944,0.2947,0.2941,0.2944,975066.0
2026-01-26 11:45:00,0.2944,0.2951,0.2943,0.2949,479257.1
2026-01-26 12:00:00,0.2948,0.296,0.2948,0.2955,1494396.4
2026-01-26 12:15:00,0.2955,0.296,0.2949,0.295,760301.7
2026-01-26 12:30:00,0.295,0.2956,0.2944,0.2947,1013747.1
2026-01-26 12:45:00,0.2947,0.2957,0.2947,0.2957,408625.3
2026-01-26 13:00:00,0.2956,0.2969,0.2955,0.2967,1300132.1
2026-01-26 13:15:00,0.2967,0.2981,0.2963,0.2975,1491987.0
2026-01-26 13:30:00,0.2976,0.2984,0.2969,0.2974,1597433.4
2026-01-26 13:45:00,0.2973,0.2982,0.297,0.2974,1571397.1
2026-01-26 14:00:00,0.2974,0.298,0.2951,0.2955,1906825.2
2026-01-26 14:15:00,0.2954,0.2962,0.2951,0.2953,1278737.6
2026-01-26 14:30:00,0.2952,0.3002,0.2939,0.298,7791555.0
2026-01-26 14:45:00,0.2979,0.299,0.2963,0.2986,2181851.6
2026-01-26 15:00:00,0.2985,0.3017,0.2973,0.3013,5411699.0
2026-01-26 15:15:00,0.3013,0.3017,0.2985,0.2989,3341272.0
2026-01-26 15:30:00,0.2989,0.2994,0.2945,0.2952,3628062.9
2026-01-26 15:45:00,0.2952,0.297,0.2944,0.2965,1633266.8
2026-01-26 16:00:00,0.2965,0.2981,0.2955,0.2961,3294749.6
2026-01-26 16:15:00,0.296,0.2981,0.2946,0.2966,2387479.9
2026-01-26 16:30:00,0.2966,0.2973,0.295,0.2954,1172939.2
2026-01-26 16:45:00,0.2953,0.2982,0.2949,0.2964,1740482.6
2026-01-26 17:00:00,0.2964,0.2972,0.2951,0.2955,1272220.4
2026-01-26 17:15:00,0.2954,0.2963,0.2941,0.2946,1954508.5
2026-01-26 17:30:00,0.2945,0.2957,0.2926,0.2953,3344954.4
2026-01-26 17:45:00,0.2953,0.2965,0.2949,0.2959,2201156.5
2026-01-26 18:00:00,0.2958,0.2958,0.2948,0.2955,1138080.9
2026-01-26 18:15:00,0.2954,0.2971,0.2944,0.2969,1460266.4
2026-01-26 18:30:00,0.2969,0.2999,0.2958,0.2961,3856549.2
2026-01-26 18:45:00,0.2962,0.2972,0.2957,0.2969,1165982.2
2026-01-26 19:00:00,0.2969,0.298,0.2966,0.297,1117217.2
2026-01-26 19:15:00,0.297,0.2973,0.2961,0.2964,830650.6
2026-01-26 19:30:00,0.2964,0.2974,0.296,0.2968,616693.8
2026-01-26 19:45:00,0.2968,0.2975,0.2956,0.2962,1363718.6
2026-01-26 20:00:00,0.2962,0.2971,0.2957,0.296,849549.8
2026-01-26 20:15:00,0.296,0.2971,0.2952,0.2957,626383.0
2026-01-26 20:30:00,0.2957,0.2962,0.2951,0.2954,1791081.4
2026-01-26 20:45:00,0.2955,0.2959,0.2946,0.2949,1167354.9
2026-01-26 21:00:00,0.295,0.2957,0.2944,0.2954,701686.4
2026-01-26 21:15:00,0.2954,0.2966,0.295,0.2966,1151326.4
2026-01-26 21:30:00,0.2966,0.3008,0.2964,0.2996,3758222.7
2026-01-26 21:45:00,0.2995,0.3,0.2991,0.2993,1225902.2
2026-01-26 22:00:00,0.2993,0.3008,0.2993,0.2998,1259500.6
2026-01-26 22:15:00,0.2998,0.3,0.2986,0.299,671333.5
2026-01-26 22:30:00,0.2989,0.3001,0.2986,0.299,880833.1
2026-01-26 22:45:00,0.299,0.2995,0.2987,0.2987,309364.3
2026-01-26 23:00:00,0.2987,0.2987,0.2975,0.2979,522637.0
2026-01-26 23:15:00,0.298,0.2983,0.2975,0.2981,456654.8
2026-01-26 23:30:00,0.2982,0.2992,0.2981,0.2981,894160.8
2026-01-26 23:45:00,0.2982,0.2983,0.2974,0.2977,401584.6
2026-01-27 00:00:00,0.2977,0.2978,0.2963,0.2963,799136.3
2026-01-27 00:15:00,0.2964,0.2972,0.2963,0.2963,582021.8
2026-01-27 00:30:00,0.2964,0.2979,0.2962,0.2974,619416.0
2026-01-27 00:45:00,0.2974,0.298,0.2969,0.2979,374079.8
2026-01-27 01:00:00,0.2979,0.2979,0.2966,0.2969,665448.3
2026-01-27 01:15:00,0.2969,0.299,0.2967,0.2986,910305.2
2026-01-27 01:30:00,0.2987,0.3,0.2982,0.2991,1147010.2
2026-01-27 01:45:00,0.2992,0.3004,0.2985,0.299,615090.3
2026-01-27 02:00:00,0.2991,0.3002,0.2983,0.2987,1067934.7
2026-01-27 02:15:00,0.2987,0.2989,0.2978,0.2978,462076.4
2026-01-27 02:30:00,0.2979,0.2989,0.2977,0.298,704129.4
2026-01-27 02:45:00,0.2981,0.2989,0.2979,0.2987,439952.7
2026-01-27 03:00:00,0.2986,0.2991,0.2971,0.2973,878442.1
2026-01-27 03:15:00,0.2974,0.2978,0.2972,0.2973,538463.2
2026-01-27 03:30:00,0.2974,0.2975,0.2965,0.2969,625654.6
2026-01-27 03:45:00,0.2969,0.297,0.2961,0.2965,360894.0
2026-01-27 04:00:00,0.2965,0.2983,0.2964,0.2974,986963.7
2026-01-27 04:15:00,0.2974,0.2978,0.2964,0.2966,397310.2
2026-01-27 04:30:00,0.2966,0.2968,0.2961,0.2962,482407.9
2026-01-27 04:45:00,0.2962,0.2972,0.2956,0.297,471525.8
2026-01-27 05:00:00,0.297,0.297,0.2957,0.296,488722.7
2026-01-27 05:15:00,0.296,0.2963,0.2952,0.2961,839381.0
2026-01-27 05:30:00,0.2962,0.2964,0.2958,0.296,357457.8
2026-01-27 05:45:00,0.296,0.2961,0.2955,0.2959,329631.7
2026-01-27 06:00:00,0.2959,0.2963,0.2949,0.2953,798383.0
2026-01-27 06:15:00,0.2954,0.296,0.295,0.295,321113.1
2026-01-27 06:30:00,0.2951,0.2951,0.2943,0.2943,1077365.3
2026-01-27 06:45:00,0.2944,0.2947,0.2942,0.2945,377318.9
2026-01-27 07:00:00,0.2945,0.2955,0.2944,0.2955,673886.5
2026-01-27 07:15:00,0.2954,0.2955,0.2946,0.2952,755072.2
2026-01-27 07:30:00,0.2953,0.2963,0.2953,0.2958,705443.1
2026-01-27 07:45:00,0.2958,0.2962,0.2949,0.2954,474786.5
2026-01-27 08:00:00,0.2954,0.2961,0.2948,0.295,716529.9
2026-01-27 08:15:00,0.295,0.2952,0.2945,0.2949,448571.8
2026-01-27 08:30:00,0.2949,0.2952,0.2941,0.2944,967895.7
2026-01-27 08:45:00,0.2945,0.2955,0.2944,0.295,670905.2
2026-01-27 09:00:00,0.295,0.2954,0.2939,0.2943,776470.7
2026-01-27 09:15:00,0.2942,0.2947,0.2937,0.2943,569061.4
2026-01-27 09:30:00,0.2942,0.2954,0.2941,0.2949,574616.5
2026-01-27 09:45:00,0.295,0.2951,0.294,0.2941,485884.7
2026-01-27 10:00:00,0.294,0.2946,0.294,0.2945,282750.1
2026-01-27 10:15:00,0.2945,0.2952,0.2942,0.2947,589326.5
2026-01-27 10:30:00,0.2947,0.2947,0.2938,0.2944,340752.7
2026-01-27 10:45:00,0.2945,0.2949,0.2941,0.2948,381855.3
2026-01-27 11:00:00,0.2948,0.295,0.2943,0.2948,396961.5
2026-01-27 11:15:00,0.2948,0.2957,0.2948,0.2956,581123.7
2026-01-27 11:30:00,0.2956,0.2968,0.2955,0.2965,1122658.1
2026-01-27 11:45:00,0.2965,0.2966,0.2958,0.2958,863212.9
2026-01-27 12:00:00,0.2958,0.2962,0.2955,0.2958,522732.1
2026-01-27 12:15:00,0.2959,0.296,0.2955,0.2956,445749.4
2026-01-27 12:30:00,0.2957,0.2958,0.2942,0.2943,696997.1
2026-01-27 12:45:00,0.2944,0.2954,0.2943,0.2954,586550.9
2026-01-27 13:00:00,0.2954,0.2959,0.2952,0.2956,677310.7
2026-01-27 13:15:00,0.2957,0.2958,0.2945,0.2947,1854917.0
2026-01-27 13:30:00,0.2946,0.2962,0.2942,0.2954,719733.6
2026-01-27 13:45:00,0.2954,0.2954,0.294,0.2942,460136.2
2026-01-27 14:00:00,0.2942,0.2959,0.2939,0.2959,1059841.2
2026-01-27 14:15:00,0.2958,0.2974,0.2956,0.2957,1786501.9
2026-01-27 14:30:00,0.2957,0.2961,0.2931,0.2933,2410034.6
2026-01-27 14:45:00,0.2933,0.2942,0.2925,0.2934,1560774.7
2026-01-27 15:00:00,0.2934,0.2959,0.2927,0.2942,1520114.5
2026-01-27 15:15:00,0.2943,0.2947,0.2925,0.2926,1241853.1
2026-01-27 15:30:00,0.2925,0.2938,0.2923,0.2935,1023051.9
2026-01-27 15:45:00,0.2935,0.297,0.2935,0.2965,1549138.1
2026-01-27 16:00:00,0.2966,0.2991,0.296,0.2986,4371064.3
2026-01-27 16:15:00,0.2986,0.2995,0.2964,0.297,2504319.8
2026-01-27 16:30:00,0.297,0.3019,0.297,0.3013,3397976.5
2026-01-27 16:45:00,0.3013,0.3016,0.2994,0.3,1504147.8
2026-01-27 17:00:00,0.3,0.3003,0.2949,0.2952,2781756.0
2026-01-27 17:15:00,0.2951,0.2952,0.2922,0.2946,4610134.0
2026-01-27 17:30:00,0.2945,0.2958,0.2919,0.2921,3132094.9
2026-01-27 17:45:00,0.292,0.2929,0.2915,0.2929,1484835.5
2026-01-27 18:00:00,0.2929,0.295,0.2921,0.2939,1596901.4
2026-01-27 18:15:00,0.2939,0.2947,0.2932,0.2939,1245095.5
2026-01-27 18:30:00,0.2939,0.295,0.2933,0.2942,1395312.2
2026-01-27 18:45:00,0.2942,0.2985,0.2941,0.2973,2065600.0
2026-01-27 19:00:00,0.2972,0.2975,0.2957,0.297,1083499.3
2026-01-27 19:15:00,0.2969,0.298,0.2966,0.297,1084076.6
2026-01-27 19:30:00,0.2969,0.2981,0.2958,0.2979,1051706.0
2026-01-27 19:45:00,0.2978,0.2989,0.2976,0.298,1792088.0
2026-01-27 20:00:00,0.2979,0.2999,0.2978,0.2999,1134727.0
2026-01-27 20:15:00,0.2998,0.3031,0.299,0.3031,3257924.3
2026-01-27 20:30:00,0.3031,0.3033,0.3008,0.3012,1353980.4
2026-01-27 20:45:00,0.3012,0.3042,0.3011,0.3031,1772848.9
2026-01-27 21:00:00,0.3031,0.3033,0.3011,0.3014,1413532.6
2026-01-27 21:15:00,0.3013,0.3018,0.3005,0.3006,765000.1
2026-01-27 21:30:00,0.3005,0.3009,0.299,0.2996,1718958.4
2026-01-27 21:45:00,0.2995,0.3002,0.2991,0.2995,441574.7
2026-01-27 22:00:00,0.2995,0.3008,0.2995,0.3004,992527.9
2026-01-27 22:15:00,0.3004,0.3009,0.2993,0.3003,1259118.9
2026-01-27 22:30:00,0.3002,0.3038,0.3001,0.3032,2835405.6
2026-01-27 22:45:00,0.3032,0.3032,0.3016,0.3017,780829.0
2026-01-27 23:00:00,0.3018,0.3021,0.3003,0.3011,2680408.7
2026-01-27 23:15:00,0.3011,0.3015,0.3003,0.3013,410325.8
2026-01-27 23:30:00,0.3014,0.3026,0.301,0.302,731341.6
2026-01-27 23:45:00,0.3021,0.3025,0.3012,0.3017,773964.6
2026-01-28 00:00:00,0.3018,0.3023,0.3012,0.3017,943752.7
2026-01-28 00:15:00,0.3017,0.3022,0.3007,0.3015,915280.9
2026-01-28 00:30:00,0.3015,0.3015,0.3002,0.3007,645800.0
2026-01-28 00:45:00,0.3006,0.3037,0.3005,0.3034,1422044.1
2026-01-28 01:00:00,0.3034,0.3037,0.3017,0.3022,907198.1
2026-01-28 01:15:00,0.3022,0.3025,0.3007,0.3012,744845.5
2026-01-28 01:30:00,0.3013,0.3017,0.3006,0.3013,581119.8
2026-01-28 01:45:00,0.3012,0.3025,0.301,0.3022,660703.6
2026-01-28 02:00:00,0.3022,0.3025,0.3008,0.3011,586775.2
2026-01-28 02:15:00,0.301,0.3028,0.3009,0.3023,611348.4
2026-01-28 02:30:00,0.3023,0.3031,0.3015,0.3018,723632.7
2026-01-28 02:45:00,0.3017,0.3028,0.3015,0.3025,520558.2
2026-01-28 03:00:00,0.3025,0.3027,0.3013,0.3015,765898.0
2026-01-28 03:15:00,0.3015,0.3025,0.3012,0.3022,466218.7
2026-01-28 03:30:00,0.3021,0.3025,0.3013,0.3016,533599.9
2026-01-28 03:45:00,0.3016,0.3022,0.3012,0.3015,501185.6
2026-01-28 04:00:00,0.3014,0.302,0.3005,0.3007,476745.0
2026-01-28 04:15:00,0.3006,0.3007,0.2996,0.3002,937177.4
2026-01-28 04:30:00,0.3001,0.3008,0.2996,0.3001,760074.4
2026-01-28 04:45:00,0.3,0.3008,0.2996,0.3007,450191.9
2026-01-28 05:00:00,0.3007,0.3015,0.2996,0.2996,501820.1
2026-01-28 05:15:00,0.2997,0.3002,0.2993,0.2995,785454.9
2026-01-28 05:30:00,0.2995,0.3015,0.2995,0.301,632808.7
2026-01-28 05:45:00,0.301,0.302,0.3008,0.3018,928621.3
2026-01-28 06:00:00,0.3018,0.3032,0.3018,0.3022,1113357.2
2026-01-28 06:15:00,0.3022,0.3027,0.3008,0.3009,611848.6
2026-01-28 06:30:00,0.3009,0.3015,0.3001,0.3004,1021331.7
2026-01-28 06:45:00,0.3005,0.3015,0.3001,0.3012,1077080.3
2026-01-28 07:00:00,0.3012,0.3012,0.2993,0.2996,1349393.2
2026-01-28 07:15:00,0.2996,0.2999,0.2989,0.2994,1946565.3
2026-01-28 07:30:00,0.2993,0.3007,0.2984,0.3004,7945389.2
2026-01-28 07:45:00,0.3004,0.3005,0.2993,0.3003,470605.3
2026-01-28 08:00:00,0.3003,0.3004,0.2993,0.3002,772463.6
2026-01-28 08:15:00,0.3002,0.3005,0.2993,0.2994,724438.1
2026-01-28 08:30:00,0.2994,0.2999,0.2985,0.299,723768.3
2026-01-28 08:45:00,0.2989,0.2994,0.2984,0.2987,731779.5
2026-01-28 09:00:00,0.2987,0.2998,0.2985,0.2987,559438.1
2026-01-28 09:15:00,0.2987,0.2989,0.2975,0.2985,1245030.4
2026-01-28 09:30:00,0.2985,0.3013,0.2984,0.3004,8400056.5
2026-01-28 09:45:00,0.3004,0.3008,0.3,0.3008,752798.2
2026-01-28 10:00:00,0.3008,0.3011,0.2999,0.301,982793.5
2026-01-28 10:15:00,0.301,0.3018,0.2995,0.2998,1676421.4
2026-01-28 10:30:00,0.2998,0.3003,0.2997,0.3001,499592.6
2026-01-28 10:45:00,0.3001,0.3004,0.2994,0.2997,938507.8
2026-01-28 11:00:00,0.2997,0.3001,0.2988,0.299,1064492.8
2026-01-28 11:15:00,0.299,0.3008,0.2989,0.3001,1286575.7
2026-01-28 11:30:00,0.3,0.3007,0.2995,0.3006,1416586.1
2026-01-28 11:45:00,0.3006,0.3034,0.3003,0.3032,3333251.3
2026-01-28 12:00:00,0.3032,0.3034,0.3015,0.302,2302359.6
2026-01-28 12:15:00,0.302,0.3029,0.3012,0.3018,2458543.4
2026-01-28 12:30:00,0.3017,0.302,0.3003,0.3006,1138731.6
2026-01-28 12:45:00,0.3006,0.3016,0.3,0.3012,961006.5
2026-01-28 13:00:00,0.3012,0.3026,0.3011,0.3018,1131113.4
2026-01-28 13:15:00,0.3018,0.3026,0.3008,0.3015,830715.4
2026-01-28 13:30:00,0.3015,0.3026,0.3009,0.3017,1280605.5
2026-01-28 13:45:00,0.3017,0.302,0.3001,0.3005,841976.7
2026-01-28 14:00:00,0.3006,0.3009,0.2995,0.2996,1912364.9
2026-01-28 14:15:00,0.2996,0.2997,0.2976,0.2983,3120817.8
2026-01-28 14:30:00,0.2983,0.3004,0.298,0.2993,3056293.9
2026-01-28 14:45:00,0.2993,0.2998,0.298,0.2988,1625905.3
2026-01-28 15:00:00,0.2987,0.3002,0.2965,0.2968,2486318.8
2026-01-28 15:15:00,0.2968,0.2982,0.2956,0.2977,2932493.3
2026-01-28 15:30:00,0.2977,0.2981,0.2967,0.2971,1242337.1
2026-01-28 15:45:00,0.2972,0.2979,0.296,0.2965,927208.6
2026-01-28 16:00:00,0.2966,0.2967,0.2944,0.2947,2458205.4
2026-01-28 16:15:00,0.2947,0.2974,0.2945,0.2972,867535.4
2026-01-28 16:30:00,0.2972,0.2977,0.2949,0.2955,1354458.2
2026-01-28 16:45:00,0.2955,0.2966,0.2953,0.2956,777759.2
2026-01-28 17:00:00,0.2955,0.2968,0.2955,0.2963,1054739.1
2026-01-28 17:15:00,0.2962,0.2966,0.2953,0.2956,561367.5
2026-01-28 17:30:00,0.2955,0.2972,0.2937,0.2967,2800233.8
2026-01-28 17:45:00,0.2967,0.2999,0.2967,0.2981,2729212.6
2026-01-28 18:00:00,0.2981,0.2982,0.2956,0.2967,1939676.2
2026-01-28 18:15:00,0.2966,0.2975,0.2959,0.2963,775726.5
2026-01-28 18:30:00,0.2962,0.2967,0.2953,0.2958,688679.5
2026-01-28 18:45:00,0.2957,0.2963,0.2948,0.2962,931925.4
2026-01-28 19:00:00,0.2961,0.298,0.2954,0.2963,2467389.9
2026-01-28 19:15:00,0.2962,0.3001,0.2956,0.2973,16638275.5
2026-01-28 19:30:00,0.2973,0.298,0.2957,0.296,2108815.7
2026-01-28 19:45:00,0.2961,0.2995,0.296,0.2985,2121325.8
2026-01-28 20:00:00,0.2984,0.2997,0.2981,0.2993,1334487.7
2026-01-28 20:15:00,0.2992,0.3022,0.2989,0.3015,2565390.3
2026-01-28 20:30:00,0.3015,0.3017,0.2984,0.2986,1456897.5
2026-01-28 20:45:00,0.2986,0.2995,0.2973,0.2987,1920585.5
2026-01-28 21:00:00,0.2987,0.3015,0.296,0.3002,9370354.1
2026-01-28 21:15:00,0.3002,0.3007,0.2988,0.2998,3563860.9
2026-01-28 21:30:00,0.2997,0.3012,0.2985,0.3005,2012189.4
2026-01-28 21:45:00,0.3004,0.3026,0.2999,0.3006,2572250.4
2026-01-28 22:00:00,0.3007,0.3013,0.3002,0.3006,1822581.1
2026-01-28 22:15:00,0.3005,0.3027,0.2996,0.3023,1767613.2
2026-01-28 22:30:00,0.3022,0.3034,0.3018,0.3029,1860928.0
2026-01-28 22:45:00,0.3029,0.304,0.3025,0.3034,1028217.6
2026-01-28 23:00:00,0.3033,0.3043,0.3021,0.303,1164320.9
2026-01-28 23:15:00,0.3029,0.3046,0.3021,0.3025,3410272.9
2026-01-28 23:30:00,0.3026,0.3029,0.3012,0.3023,2045265.6
2026-01-28 23:45:00,0.3022,0.3027,0.301,0.3013,1742604.2
2026-01-29 00:00:00,0.3014,0.3024,0.2994,0.2996,1922168.1
2026-01-29 00:15:00,0.2995,0.3,0.2986,0.2989,2350415.7
2026-01-29 00:30:00,0.2988,0.2993,0.297,0.2971,1610244.0
2026-01-29 00:45:00,0.2971,0.2983,0.2962,0.2982,1232025.7
2026-01-29 01:00:00,0.2981,0.2992,0.2975,0.2978,811377.0
2026-01-29 01:15:00,0.2979,0.298,0.2945,0.2965,1718017.1
2026-01-29 01:30:00,0.2964,0.2965,0.295,0.2955,1121000.9
2026-01-29 01:45:00,0.2954,0.296,0.2941,0.2948,704523.3
2026-01-29 02:00:00,0.2947,0.2956,0.294,0.2949,1144787.2
2026-01-29 02:15:00,0.2948,0.2953,0.2942,0.2944,709646.4
2026-01-29 02:30:00,0.2943,0.2944,0.2852,0.2895,12776969.6
2026-01-29 02:45:00,0.2895,0.2897,0.287,0.2886,2878190.2
2026-01-29 03:00:00,0.2886,0.2908,0.2876,0.2903,2276231.5
2026-01-29 03:15:00,0.2902,0.2906,0.288,0.2882,1435675.7
2026-01-29 03:30:00,0.2881,0.2889,0.2877,0.2889,997024.4
2026-01-29 03:45:00,0.2888,0.289,0.2871,0.2877,1757559.2
2026-01-29 04:00:00,0.2877,0.2878,0.2859,0.2864,2059652.7
2026-01-29 04:15:00,0.2865,0.2878,0.2856,0.2877,1197384.1
2026-01-29 04:30:00,0.2878,0.2881,0.2871,0.2877,923248.2
2026-01-29 04:45:00,0.2877,0.2883,0.2874,0.2878,682594.6
2026-01-29 05:00:00,0.2878,0.2888,0.2873,0.2877,857707.7
2026-01-29 05:15:00,0.2877,0.2882,0.2873,0.2876,830605.7
2026-01-29 05:30:00,0.2876,0.2884,0.2871,0.2874,975262.5
2026-01-29 05:45:00,0.2874,0.2876,0.2868,0.2873,661501.0
2026-01-29 06:00:00,0.2872,0.288,0.287,0.2877,979820.3
2026-01-29 06:15:00,0.2876,0.2891,0.2876,0.289,873626.2
2026-01-29 06:30:00,0.289,0.2898,0.2877,0.289,3302080.1
2026-01-29 06:45:00,0.289,0.2894,0.288,0.2894,733156.9
2026-01-29 07:00:00,0.2894,0.2907,0.2891,0.2897,1022570.0
2026-01-29 07:15:00,0.2897,0.29,0.2887,0.2887,753509.5
2026-01-29 07:30:00,0.2888,0.2893,0.2882,0.2888,863192.8
2026-01-29 07:45:00,0.2888,0.2889,0.2877,0.288,1066446.2
2026-01-29 08:00:00,0.288,0.288,0.2865,0.2867,2056056.3
2026-01-29 08:15:00,0.2867,0.2886,0.2857,0.2886,2022512.1
2026-01-29 08:30:00,0.2885,0.2887,0.2862,0.287,1350884.0
2026-01-29 08:45:00,0.2869,0.2876,0.2859,0.2865,2286789.0
2026-01-29 09:00:00,0.2865,0.2875,0.2862,0.2869,846983.6
2026-01-29 09:15:00,0.2868,0.2871,0.2864,0.2866,592226.1
2026-01-29 09:30:00,0.2866,0.2878,0.2864,0.2873,1788264.7
2026-01-29 09:45:00,0.2873,0.2876,0.2862,0.2867,1644727.8
2026-01-29 10:00:00,0.2867,0.2872,0.2864,0.2866,1042443.3
2026-01-29 10:15:00,0.2867,0.2871,0.2864,0.2866,543103.5
2026-01-29 10:30:00,0.2866,0.2866,0.2854,0.2855,1529390.1
2026-01-29 10:45:00,0.2855,0.2863,0.2844,0.2857,1603333.4
2026-01-29 11:00:00,0.2857,0.286,0.2847,0.2852,1106723.1
2026-01-29 11:15:00,0.2852,0.2855,0.2838,0.2846,2262267.1
2026-01-29 11:30:00,0.2845,0.2852,0.2843,0.2845,740952.3
2026-01-29 11:45:00,0.2844,0.2851,0.284,0.2843,1016662.5
2026-01-29 12:00:00,0.2842,0.2855,0.284,0.285,1587200.2
2026-01-29 12:15:00,0.285,0.2854,0.2847,0.2849,1188822.0
2026-01-29 12:30:00,0.2849,0.285,0.2827,0.2837,4861387.4
2026-01-29 12:45:00,0.2837,0.2841,0.2833,0.284,1145983.4
2026-01-29 13:00:00,0.284,0.2852,0.2839,0.2851,1114531.9
2026-01-29 13:15:00,0.2851,0.286,0.2845,0.2859,1508296.7
2026-01-29 13:30:00,0.2859,0.2859,0.285,0.2851,898395.8
2026-01-29 13:45:00,0.285,0.2858,0.2848,0.2856,1016473.1
2026-01-29 14:00:00,0.2857,0.286,0.2849,0.285,3692927.7
2026-01-29 14:15:00,0.2851,0.2855,0.2831,0.2833,1683075.5
2026-01-29 14:30:00,0.2832,0.2848,0.2808,0.2817,6632405.4
2026-01-29 14:45:00,0.2817,0.2825,0.2774,0.278,6338843.3
2026-01-29 15:00:00,0.278,0.278,0.2677,0.2685,21263398.4
2026-01-29 15:15:00,0.2686,0.2721,0.2669,0.2716,10488401.3
2026-01-29 15:30:00,0.2716,0.2723,0.2651,0.2662,9648409.3
2026-01-29 15:45:00,0.2662,0.2691,0.2653,0.2679,7034851.3
2026-01-29 16:00:00,0.2679,0.2685,0.265,0.2685,7979589.8
2026-01-29 16:15:00,0.2686,0.2706,0.2684,0.2688,4677264.1
2026-01-29 16:30:00,0.2688,0.2707,0.2684,0.2699,2726079.8
2026-01-29 16:45:00,0.27,0.273,0.27,0.2728,2846039.7
2026-01-29 17:00:00,0.2728,0.2756,0.2726,0.2744,4484876.4
2026-01-29 17:15:00,0.2744,0.2758,0.2713,0.2713,3364300.1
2026-01-29 17:30:00,0.2714,0.2716,0.2683,0.2689,2844941.7
2026-01-29 17:45:00,0.269,0.2692,0.2668,0.2672,3183737.8
2026-01-29 18:00:00,0.2672,0.2684,0.2669,0.2672,2490623.3
2026-01-29 18:15:00,0.2672,0.2678,0.2629,0.2639,8397915.7
2026-01-29 18:30:00,0.2639,0.2654,0.2619,0.2644,5124755.6
2026-01-29 18:45:00,0.2644,0.2644,0.2604,0.2611,5074315.7
2026-01-29 19:00:00,0.2612,0.2623,0.2605,0.2616,4308854.5
2026-01-29 19:15:00,0.2616,0.2623,0.2603,0.2615,2234958.2
2026-01-29 19:30:00,0.2615,0.2653,0.2615,0.2645,4819581.7
2026-01-29 19:45:00,0.2644,0.2651,0.2636,0.2639,2046700.5
2026-01-29 20:00:00,0.264,0.2653,0.2631,0.2647,2433686.3
2026-01-29 20:15:00,0.2647,0.2665,0.2647,0.2661,1233129.9
2026-01-29 20:30:00,0.2661,0.2681,0.2661,0.2677,2967332.4
2026-01-29 20:45:00,0.2676,0.27,0.2672,0.2696,3039363.8
2026-01-29 21:00:00,0.2697,0.2715,0.2697,0.271,3138691.2
2026-01-29 21:15:00,0.2709,0.271,0.2701,0.2706,2277556.5
2026-01-29 21:30:00,0.2707,0.2717,0.27,0.2712,1780376.1
2026-01-29 21:45:00,0.2712,0.2716,0.2702,0.2706,1023067.8
2026-01-29 22:00:00,0.2707,0.2717,0.2697,0.2698,1271240.4
2026-01-29 22:15:00,0.2699,0.2705,0.2695,0.2704,1199907.2
2026-01-29 22:30:00,0.2705,0.2709,0.2695,0.27,1221678.1
2026-01-29 22:45:00,0.27,0.2702,0.2696,0.2697,406982.2
2026-01-29 23:00:00,0.2697,0.2699,0.2683,0.269,2272449.2
2026-01-29 23:15:00,0.269,0.2694,0.2683,0.2686,893821.9
2026-01-29 23:30:00,0.2686,0.2695,0.2686,0.2689,1102591.9
2026-01-29 23:45:00,0.269,0.2697,0.269,0.2696,656280.4
2026-01-30 00:00:00,0.2695,0.2708,0.2695,0.2701,1886342.8
2026-01-30 00:15:00,0.2701,0.2706,0.2694,0.2702,2524224.2
2026-01-30 00:30:00,0.2702,0.2713,0.2697,0.2707,905233.8
2026-01-30 00:45:00,0.2707,0.272,0.2704,0.271,1349884.8
2026-01-30 01:00:00,0.2711,0.2726,0.2707,0.272,1639032.6
2026-01-30 01:15:00,0.272,0.2732,0.2711,0.2722,3242819.0
2026-01-30 01:30:00,0.2722,0.2731,0.2587,0.2644,20319183.7
2026-01-30 01:45:00,0.2644,0.2683,0.2636,0.2675,9514417.3
2026-01-30 02:00:00,0.2676,0.2677,0.2638,0.2641,2396326.4
2026-01-30 02:15:00,0.2642,0.2649,0.2602,0.2617,4845758.5
2026-01-30 02:30:00,0.2618,0.2659,0.2606,0.2654,4136017.6
2026-01-30 02:45:00,0.2654,0.2662,0.263,0.2639,1541015.4
2026-01-30 03:00:00,0.2638,0.2657,0.2634,0.2649,1666952.6
2026-01-30 03:15:00,0.2647,0.2651,0.2637,0.2637,677549.8
2026-01-30 03:30:00,0.2637,0.264,0.2627,0.263,857556.4
2026-01-30 03:45:00,0.263,0.2633,0.262,0.2625,1024363.0
2026-01-30 04:00:00,0.2625,0.2643,0.2625,0.264,1201064.5
2026-01-30 04:15:00,0.2641,0.2672,0.2636,0.2666,2480157.7
2026-01-30 04:30:00,0.2666,0.2676,0.2653,0.2666,2231624.1
2026-01-30 04:45:00,0.2667,0.2672,0.2654,0.2656,1055439.9
2026-01-30 05:00:00,0.2657,0.2663,0.2641,0.2644,1016646.0
2026-01-30 05:15:00,0.2645,0.2657,0.2638,0.265,839602.8
2026-01-30 05:30:00,0.2651,0.2654,0.2639,0.2642,820095.5
2026-01-30 05:45:00,0.2643,0.2648,0.2639,0.2641,441686.4
2026-01-30 06:00:00,0.2642,0.2644,0.2619,0.2621,1534642.7
2026-01-30 06:15:00,0.2621,0.2622,0.2595,0.2603,3116428.3
2026-01-30 06:30:00,0.2603,0.261,0.2596,0.2597,1867685.3
2026-01-30 06:45:00,0.2596,0.2614,0.2586,0.2607,2940586.1
2026-01-30 07:00:00,0.2607,0.2661,0.2607,0.2655,3263565.0
2026-01-30 07:15:00,0.2654,0.266,0.2646,0.2649,1450999.2
2026-01-30 07:30:00,0.2649,0.265,0.2631,0.2639,1943192.6
2026-01-30 07:45:00,0.264,0.2656,0.2637,0.2646,693632.6
2026-01-30 08:00:00,0.2647,0.2652,0.2639,0.265,1559976.3
2026-01-30 08:15:00,0.265,0.2656,0.2644,0.2645,676785.2
2026-01-30 08:30:00,0.2644,0.2644,0.2619,0.2632,2611936.3
2026-01-30 08:45:00,0.2632,0.2638,0.2625,0.2636,1328513.1
2026-01-30 09:00:00,0.2636,0.2645,0.2633,0.264,1390798.9
2026-01-30 09:15:00,0.2639,0.2643,0.2626,0.2636,1428625.3
2026-01-30 09:30:00,0.2635,0.2652,0.2635,0.2652,2251022.3
2026-01-30 09:45:00,0.2651,0.2651,0.2629,0.2644,3874145.9
2026-01-30 10:00:00,0.2643,0.2648,0.2635,0.2647,2152090.2
2026-01-30 10:15:00,0.2646,0.2658,0.2639,0.265,2644394.7
2026-01-30 10:30:00,0.265,0.2652,0.2639,0.2641,1539904.9
2026-01-30 10:45:00,0.2641,0.265,0.2639,0.2649,1900791.9
2026-01-30 11:00:00,0.2649,0.2654,0.2644,0.2648,1453043.2
2026-01-30 11:15:00,0.2648,0.2649,0.2639,0.2641,1452431.0
2026-01-30 11:30:00,0.2641,0.2654,0.264,0.2649,1898916.8
2026-01-30 11:45:00,0.265,0.2698,0.265,0.2682,6251156.1
2026-01-30 12:00:00,0.2683,0.2687,0.2671,0.2674,2731043.0
2026-01-30 12:15:00,0.2673,0.2679,0.2664,0.267,2142315.8
2026-01-30 12:30:00,0.2669,0.2672,0.2661,0.2661,1586979.0
2026-01-30 12:45:00,0.2661,0.2671,0.266,0.2669,2799654.3
2026-01-30 13:00:00,0.267,0.2673,0.2653,0.2663,2569509.5
2026-01-30 13:15:00,0.2663,0.2671,0.2659,0.2662,3370663.3
2026-01-30 13:30:00,0.2663,0.2672,0.2638,0.2651,7471968.0
2026-01-30 13:45:00,0.265,0.265,0.2624,0.2637,3233609.0
2026-01-30 14:00:00,0.2636,0.2656,0.2636,0.2644,3373138.8
2026-01-30 14:15:00,0.2645,0.2647,0.2637,0.264,2034580.3
2026-01-30 14:30:00,0.2641,0.2669,0.2634,0.2662,5174518.0
2026-01-30 14:45:00,0.2662,0.2668,0.2621,0.2637,3329977.8
2026-01-30 15:00:00,0.2637,0.2657,0.2629,0.2642,2244833.2
2026-01-30 15:15:00,0.2643,0.2652,0.2612,0.2618,2628271.5
2026-01-30 15:30:00,0.2617,0.2665,0.2609,0.2661,4673431.9
2026-01-30 15:45:00,0.2662,0.2664,0.2642,0.2644,1472533.0
2026-01-30 16:00:00,0.2643,0.2655,0.2632,0.2652,2394649.1
2026-01-30 16:15:00,0.2652,0.2661,0.2621,0.265,2393608.9
2026-01-30 16:30:00,0.265,0.2677,0.2645,0.2666,2886960.1
2026-01-30 16:45:00,0.2667,0.2667,0.2647,0.2652,1214346.5
2026-01-30 17:00:00,0.2652,0.2655,0.2636,0.2641,2055927.0
2026-01-30 17:15:00,0.264,0.2676,0.2637,0.2671,2233395.7
2026-01-30 17:30:00,0.267,0.267,0.265,0.2666,1800266.2
2026-01-30 17:45:00,0.2665,0.2667,0.2649,0.2651,1145930.8
2026-01-30 18:00:00,0.2651,0.2659,0.2633,0.264,1415743.9
2026-01-30 18:15:00,0.2639,0.2639,0.2575,0.2623,9625534.1
2026-01-30 18:30:00,0.2623,0.2665,0.2612,0.2663,4158980.9
2026-01-30 18:45:00,0.2663,0.2702,0.2654,0.269,5218844.8
2026-01-30 19:00:00,0.269,0.2706,0.2681,0.2687,3445276.4
2026-01-30 19:15:00,0.2686,0.27,0.2683,0.2692,1987930.7
2026-01-30 19:30:00,0.2692,0.2695,0.2672,0.2674,1425867.7
2026-01-30 19:45:00,0.2673,0.2688,0.2666,0.2675,1534602.1
2026-01-30 20:00:00,0.2675,0.2676,0.2649,0.2654,2236866.0
2026-01-30 20:15:00,0.2653,0.2666,0.2631,0.2642,4505833.2
2026-01-30 20:30:00,0.2642,0.2659,0.2616,0.2632,5278248.6
2026-01-30 20:45:00,0.2632,0.2642,0.262,0.2628,2945908.9
2026-01-30 21:00:00,0.2629,0.2638,0.2621,0.263,1411445.4
2026-01-30 21:15:00,0.263,0.2657,0.263,0.2633,2234697.6
2026-01-30 21:30:00,0.2633,0.2645,0.2623,0.263,1084746.6
2026-01-30 21:45:00,0.263,0.2647,0.263,0.2642,1741584.0
2026-01-30 22:00:00,0.2641,0.2648,0.2624,0.2624,783704.0
2026-01-30 22:15:00,0.2624,0.263,0.2614,0.2616,758128.2
2026-01-30 22:30:00,0.2615,0.2635,0.2615,0.2631,756260.7
2026-01-30 22:45:00,0.2631,0.2639,0.2626,0.263,490134.0
2026-01-30 23:00:00,0.2629,0.263,0.2607,0.2613,1268778.7
2026-01-30 23:15:00,0.2614,0.2621,0.2605,0.2609,941645.1
2026-01-30 23:30:00,0.2609,0.2618,0.2605,0.2617,847907.5
2026-01-30 23:45:00,0.2617,0.2628,0.2615,0.2628,613877.6
2026-01-31 00:00:00,0.2627,0.2628,0.2616,0.262,1134892.1
2026-01-31 00:15:00,0.2619,0.2621,0.2611,0.2619,733546.0
2026-01-31 00:30:00,0.2619,0.2631,0.2615,0.2626,729342.3
2026-01-31 00:45:00,0.2627,0.2627,0.2617,0.2618,380766.8
2026-01-31 01:00:00,0.2617,0.263,0.2614,0.2624,1138945.0
2026-01-31 01:15:00,0.2625,0.263,0.262,0.2627,788561.9
2026-01-31 01:30:00,0.2628,0.2628,0.2614,0.2627,770362.6
2026-01-31 01:45:00,0.2626,0.2628,0.2619,0.2625,400568.4
2026-01-31 02:00:00,0.2626,0.2626,0.2615,0.2623,658606.2
2026-01-31 02:15:00,0.2623,0.2623,0.2612,0.2621,807726.6
2026-01-31 02:30:00,0.2621,0.2639,0.2618,0.263,1134614.4
2026-01-31 02:45:00,0.2631,0.2634,0.2628,0.2628,505786.0
2026-01-31 03:00:00,0.2628,0.2632,0.2621,0.2625,550620.1
2026-01-31 03:15:00,0.2625,0.2627,0.2621,0.2623,329704.7
2026-01-31 03:30:00,0.2624,0.2625,0.2615,0.262,480539.4
2026-01-31 03:45:00,0.262,0.2622,0.2615,0.2616,330157.0
2026-01-31 04:00:00,0.2617,0.2627,0.2613,0.262,654151.1
2026-01-31 04:15:00,0.262,0.2622,0.2615,0.2618,713535.5
2026-01-31 04:30:00,0.2619,0.2619,0.2606,0.2606,893315.3
2026-01-31 04:45:00,0.2606,0.2607,0.2593,0.2596,2382164.6
2026-01-31 05:00:00,0.2596,0.2597,0.2584,0.2593,2128022.2
2026-01-31 05:15:00,0.2594,0.2604,0.2591,0.2601,1239867.5
2026-01-31 05:30:00,0.2602,0.2606,0.2594,0.2601,706863.7
2026-01-31 05:45:00,0.2602,0.2607,0.2599,0.2602,360681.4
2026-01-31 06:00:00,0.2603,0.2605,0.2595,0.2596,816700.7
2026-01-31 06:15:00,0.2596,0.26,0.2568,0.2575,2321215.2
2026-01-31 06:30:00,0.2574,0.2582,0.2568,0.2577,1694956.7
2026-01-31 06:45:00,0.2578,0.2589,0.2576,0.2587,959594.7
2026-01-31 07:00:00,0.2588,0.2589,0.2577,0.258,1145741.5
2026-01-31 07:15:00,0.258,0.2585,0.2577,0.2579,821070.5
2026-01-31 07:30:00,0.2579,0.2579,0.2546,0.2563,4586034.9
2026-01-31 07:45:00,0.2563,0.2576,0.2563,0.2575,918211.1
2026-01-31 08:00:00,0.2575,0.2579,0.2559,0.2561,2073894.1
2026-01-31 08:15:00,0.2561,0.2561,0.2526,0.2544,4556603.5
2026-01-31 08:30:00,0.2544,0.2546,0.2508,0.2525,8750879.0
2026-01-31 08:45:00,0.2524,0.2549,0.2519,0.2542,3180190.6
2026-01-31 09:00:00,0.2543,0.2551,0.2538,0.2548,1194413.3
2026-01-31 09:15:00,0.2548,0.2552,0.2534,0.254,1070046.9
2026-01-31 09:30:00,0.2541,0.2562,0.2541,0.2547,1522441.8
2026-01-31 09:45:00,0.2547,0.2547,0.2534,0.2538,922284.7
2026-01-31 10:00:00,0.2538,0.2544,0.2527,0.253,1282840.3
2026-01-31 10:15:00,0.2531,0.2543,0.2528,0.2542,1756082.9
2026-01-31 10:30:00,0.2543,0.2557,0.2541,0.2549,1414541.8
2026-01-31 10:45:00,0.255,0.2552,0.2542,0.2543,483506.6
2026-01-31 11:00:00,0.2544,0.2544,0.2529,0.2533,1071075.5
2026-01-31 11:15:00,0.2533,0.2543,0.2531,0.2541,731528.3
2026-01-31 11:30:00,0.2542,0.2543,0.2528,0.253,1207813.0
2026-01-31 11:45:00,0.253,0.253,0.252,0.2525,1506083.3
2026-01-31 12:00:00,0.2526,0.2531,0.2517,0.2521,1872351.0
2026-01-31 12:15:00,0.2521,0.253,0.252,0.2526,985853.8
2026-01-31 12:30:00,0.2527,0.2527,0.2514,0.2522,1682743.9
2026-01-31 12:45:00,0.2523,0.2525,0.251,0.2516,2680962.7
2026-01-31 13:00:00,0.2516,0.2518,0.2503,0.2507,2640401.4
2026-01-31 13:15:00,0.2507,0.2513,0.2499,0.2506,2369591.2
2026-01-31 13:30:00,0.2507,0.2511,0.249,0.25,4409247.2
2026-01-31 13:45:00,0.2501,0.2508,0.2498,0.2506,1308046.9
2026-01-31 14:00:00,0.2507,0.2518,0.2477,0.2487,4642409.4
2026-01-31 14:15:00,0.2488,0.2494,0.237,0.2396,28693298.8
2026-01-31 14:30:00,0.2396,0.2412,0.2351,0.2358,17249266.7
2026-01-31 14:45:00,0.2359,0.2406,0.2346,0.2397,7674803.0
2026-01-31 15:00:00,0.2397,0.2435,0.2394,0.241,6931731.5
2026-01-31 15:15:00,0.241,0.2416,0.2397,0.2406,2231986.9
2026-01-31 15:30:00,0.2408,0.242,0.2397,0.24,2372776.7
2026-01-31 15:45:00,0.2401,0.2409,0.2382,0.2386,2608022.0
2026-01-31 16:00:00,0.2385,0.2396,0.2371,0.2383,5274695.2
2026-01-31 16:15:00,0.2384,0.2429,0.2366,0.2394,10877128.4
2026-01-31 16:30:00,0.2395,0.24,0.2382,0.239,2784424.8
2026-01-31 16:45:00,0.239,0.2398,0.2361,0.2374,7483364.7
2026-01-31 17:00:00,0.2373,0.2386,0.2222,0.2277,37537881.0
2026-01-31 17:15:00,0.2278,0.2303,0.2261,0.2276,12768399.2
2026-01-31 17:30:00,0.2278,0.2292,0.2247,0.2265,8525878.0
2026-01-31 17:45:00,0.2266,0.2274,0.2239,0.2259,5678334.4
2026-01-31 18:00:00,0.226,0.2273,0.2253,0.2262,4717719.6
2026-01-31 18:15:00,0.2262,0.2265,0.2235,0.226,5855769.9
2026-01-31 18:30:00,0.226,0.2265,0.2095,0.2207,31040267.2
2026-01-31 18:45:00,0.2208,0.226,0.2192,0.2238,26730573.8
2026-01-31 19:00:00,0.2238,0.2287,0.2235,0.2277,11635724.8
2026-01-31 19:15:00,0.2277,0.2292,0.2259,0.2272,5490940.8
2026-01-31 19:30:00,0.2272,0.2276,0.223,0.2235,4411227.8
2026-01-31 19:45:00,0.2236,0.2255,0.2232,0.2249,4223223.6
2026-01-31 20:00:00,0.225,0.2259,0.2237,0.2237,3429507.2
2026-01-31 20:15:00,0.2238,0.2281,0.2235,0.2243,4218652.5
2026-01-31 20:30:00,0.2243,0.2262,0.2233,0.2261,3192696.3
2026-01-31 20:45:00,0.2262,0.2274,0.2253,0.2266,2931496.7
2026-01-31 21:00:00,0.2267,0.2289,0.2264,0.2268,6079539.2
2026-01-31 21:15:00,0.2269,0.229,0.226,0.2285,3422266.0
2026-01-31 21:30:00,0.2286,0.2307,0.2277,0.2301,3225701.6
2026-01-31 21:45:00,0.2302,0.2307,0.2294,0.23,2424777.0
2026-01-31 22:00:00,0.2301,0.2306,0.2284,0.2284,1745945.1
2026-01-31 22:15:00,0.2285,0.2291,0.2276,0.2289,1080851.9
2026-01-31 22:30:00,0.229,0.2294,0.2275,0.2281,1326137.2
2026-01-31 22:45:00,0.2282,0.2296,0.2277,0.2292,671892.2
2026-01-31 23:00:00,0.2293,0.2304,0.2291,0.2298,1286607.0
2026-01-31 23:15:00,0.2299,0.2355,0.2297,0.234,4868401.3
2026-01-31 23:30:00,0.2341,0.2348,0.2332,0.2334,1802517.2
2026-01-31 23:45:00,0.2335,0.2345,0.2323,0.2345,1556284.8
2026-02-01 00:00:00,0.2344,0.2365,0.234,0.2364,3305714.8
2026-02-01 00:15:00,0.2365,0.2371,0.2356,0.236,2583513.7
2026-02-01 00:30:00,0.2361,0.2366,0.2346,0.2359,1418845.9
2026-02-01 00:45:00,0.236,0.2363,0.2354,0.236,1310556.3
2026-02-01 01:00:00,0.2361,0.2363,0.2339,0.2345,1626348.5
2026-02-01 01:15:00,0.2346,0.2356,0.2329,0.2355,1523904.3
2026-02-01 01:30:00,0.2355,0.2357,0.2348,0.2354,1245161.4
2026-02-01 01:45:00,0.2354,0.2368,0.2353,0.2365,1032042.2
2026-02-01 02:00:00,0.2366,0.2377,0.236,0.2372,1661718.7
2026-02-01 02:15:00,0.2371,0.2375,0.2361,0.2366,1117109.5
2026-02-01 02:30:00,0.2367,0.2383,0.2366,0.2378,1797685.2
2026-02-01 02:45:00,0.2378,0.2389,0.2375,0.2378,2207774.2
2026-02-01 03:00:00,0.2378,0.2383,0.2367,0.2381,1248345.4
2026-02-01 03:15:00,0.2381,0.2384,0.2375,0.2382,1132419.5
2026-02-01 03:30:00,0.2382,0.2383,0.2371,0.2377,1257626.5
2026-02-01 03:45:00,0.2377,0.2384,0.2375,0.2381,896603.1
2026-02-01 04:00:00,0.2381,0.239,0.2377,0.2386,1215545.9
2026-02-01 04:15:00,0.2386,0.2388,0.2375,0.2377,908244.9
2026-02-01 04:30:00,0.2378,0.2387,0.2373,0.2383,1834866.6
2026-02-01 04:45:00,0.2383,0.2384,0.2375,0.2377,1144452.0
2026-02-01 05:00:00,0.2377,0.2387,0.2372,0.2382,1587248.7
2026-02-01 05:15:00,0.2382,0.2391,0.2376,0.2389,988560.3
2026-02-01 05:30:00,0.2389,0.239,0.2365,0.2367,1411951.4
2026-02-01 05:45:00,0.2367,0.2376,0.2366,0.2374,765862.2
2026-02-01 06:00:00,0.2374,0.2389,0.2374,0.2387,1325345.5
2026-02-01 06:15:00,0.2387,0.2399,0.2386,0.2392,1677795.0
2026-02-01 06:30:00,0.2392,0.2399,0.2373,0.2386,2280269.8
2026-02-01 06:45:00,0.2386,0.2389,0.238,0.2385,1227708.1
2026-02-01 07:00:00,0.2385,0.2389,0.2375,0.2379,1584700.5
2026-02-01 07:15:00,0.2379,0.2383,0.2372,0.2377,989380.8
2026-02-01 07:30:00,0.2377,0.2407,0.2372,0.2403,2519208.5
2026-02-01 07:45:00,0.2403,0.2404,0.239,0.2392,1297978.2
2026-02-01 08:00:00,0.2392,0.2397,0.2388,0.2388,1043712.4
2026-02-01 08:15:00,0.2388,0.2391,0.2379,0.2386,1553332.0
2026-02-01 08:30:00,0.2386,0.2406,0.2384,0.2405,1183588.8
2026-02-01 08:45:00,0.2405,0.2405,0.2388,0.239,765330.5
2026-02-01 09:00:00,0.239,0.2394,0.2382,0.2384,745408.7
2026-02-01 09:15:00,0.2384,0.2385,0.2371,0.2372,1344058.3
2026-02-01 09:30:00,0.2372,0.2387,0.237,0.2385,1575765.6
2026-02-01 09:45:00,0.2385,0.2398,0.2381,0.2394,1468298.7
2026-02-01 10:00:00,0.2394,0.2404,0.2389,0.24,1245979.7
2026-02-01 10:15:00,0.24,0.24,0.2384,0.2389,845823.3
2026-02-01 10:30:00,0.2389,0.2394,0.235,0.2352,6135447.0
2026-02-01 10:45:00,0.2352,0.2361,0.2343,0.2348,2912666.6
2026-02-01 11:00:00,0.2347,0.2356,0.2347,0.2356,1745807.2
2026-02-01 11:15:00,0.2356,0.2356,0.2344,0.2345,1183605.0
2026-02-01 11:30:00,0.2346,0.237,0.2343,0.2366,2826429.3
2026-02-01 11:45:00,0.2366,0.237,0.2354,0.2358,1405282.2
2026-02-01 12:00:00,0.2358,0.2359,0.2342,0.2349,1250629.2
2026-02-01 12:15:00,0.2349,0.2349,0.2328,0.2334,3515699.8
2026-02-01 12:30:00,0.2334,0.235,0.2333,0.2335,1705566.3
2026-02-01 12:45:00,0.2336,0.2342,0.2334,0.2337,1045578.4
2026-02-01 13:00:00,0.2337,0.2358,0.2336,0.2356,1927896.3
2026-02-01 13:15:00,0.2356,0.2356,0.2347,0.2353,1176688.7
2026-02-01 13:30:00,0.2353,0.2356,0.2337,0.2343,1113613.5
2026-02-01 13:45:00,0.2343,0.2347,0.2319,0.233,2718981.2
2026-02-01 14:00:00,0.233,0.2336,0.2318,0.232,2208724.9
2026-02-01 14:15:00,0.2319,0.2322,0.2301,0.2306,4926607.5
2026-02-01 14:30:00,0.2306,0.232,0.2283,0.231,7961517.5
2026-02-01 14:45:00,0.231,0.235,0.2308,0.2327,5725785.6
2026-02-01 15:00:00,0.2327,0.2327,0.2292,0.2295,2508902.6
2026-02-01 15:15:00,0.2295,0.2296,0.2255,0.2256,6849722.1
2026-02-01 15:30:00,0.2257,0.227,0.2237,0.2254,6404938.3
2026-02-01 15:45:00,0.2253,0.2288,0.225,0.2271,3907326.6
2026-02-01 16:00:00,0.2271,0.229,0.2257,0.228,4737284.5
2026-02-01 16:15:00,0.228,0.2301,0.2247,0.2284,4281973.7
2026-02-01 16:30:00,0.2283,0.229,0.2262,0.2266,2750325.0
2026-02-01 16:45:00,0.2266,0.2282,0.2263,0.2275,2212973.0
2026-02-01 17:00:00,0.2275,0.2288,0.227,0.2281,1657291.5
2026-02-01 17:15:00,0.2281,0.2281,0.226,0.2272,1636755.4
2026-02-01 17:30:00,0.2272,0.2277,0.2254,0.2268,3259924.5
2026-02-01 17:45:00,0.2268,0.2283,0.2259,0.2282,1507438.7
2026-02-01 18:00:00,0.2281,0.2329,0.2281,0.2326,7111442.3
2026-02-01 18:15:00,0.2325,0.2337,0.2308,0.232,5031456.4
2026-02-01 18:30:00,0.2319,0.232,0.2302,0.2302,2203515.9
2026-02-01 18:45:00,0.2302,0.2306,0.2292,0.2302,1666400.8
2026-02-01 19:00:00,0.2302,0.231,0.2292,0.2294,1406654.9
2026-02-01 19:15:00,0.2294,0.2302,0.2282,0.2299,1521802.5
2026-02-01 19:30:00,0.2299,0.2305,0.229,0.2294,1091899.7
2026-02-01 19:45:00,0.2294,0.2294,0.227,0.2286,3094076.4
2026-02-01 20:00:00,0.2285,0.229,0.2275,0.228,1965082.0
2026-02-01 20:15:00,0.228,0.2288,0.226,0.2263,2481733.8
2026-02-01 20:30:00,0.2263,0.2317,0.2263,0.2305,2757560.1
2026-02-01 20:45:00,0.2305,0.2305,0.2288,0.229,1410981.4
2026-02-01 21:00:00,0.2289,0.2292,0.2268,0.2279,2440625.1
2026-02-01 21:15:00,0.2279,0.228,0.2267,0.2275,2297521.2
2026-02-01 21:30:00,0.2275,0.2288,0.2268,0.2273,1594996.4
2026-02-01 21:45:00,0.2273,0.228,0.2258,0.2271,3434577.4
2026-02-01 22:00:00,0.2271,0.2314,0.2267,0.2305,4057109.6
2026-02-01 22:15:00,0.2305,0.2305,0.2272,0.2293,1758606.3
2026-02-01 22:30:00,0.2293,0.2313,0.2292,0.23,1035588.5
2026-02-01 22:45:00,0.2301,0.2305,0.2289,0.2295,922016.8
2026-02-01 23:00:00,0.2295,0.2295,0.2215,0.2265,12392739.9
2026-02-01 23:15:00,0.2266,0.2288,0.2244,0.2281,5532860.3
2026-02-01 23:30:00,0.228,0.2318,0.227,0.2299,3233994.9
2026-02-01 23:45:00,0.2298,0.2298,0.2271,0.2276,2042902.3
2026-02-02 00:00:00,0.2275,0.2305,0.2255,0.2296,3861466.7
2026-02-02 00:15:00,0.2296,0.2325,0.2294,0.2319,3581507.6
2026-02-02 00:30:00,0.2319,0.2337,0.2315,0.2326,2960595.6
2026-02-02 00:45:00,0.2326,0.2329,0.2308,0.2311,2065722.6
2026-02-02 01:00:00,0.2312,0.2327,0.2281,0.2284,3101662.3
2026-02-02 01:15:00,0.2284,0.2351,0.2277,0.2344,4444702.8
2026-02-02 01:30:00,0.2345,0.2345,0.2325,0.2335,2043122.7
2026-02-02 01:45:00,0.2335,0.2335,0.2318,0.2321,1242486.3
2026-02-02 02:00:00,0.232,0.2324,0.2304,0.2311,1597081.9
2026-02-02 02:15:00,0.2311,0.2334,0.2309,0.2326,3556690.6
2026-02-02 02:30:00,0.2326,0.2329,0.2304,0.231,1807376.0
2026-02-02 02:45:00,0.231,0.2312,0.2294,0.2299,1637004.1
2026-02-02 03:00:00,0.2299,0.2301,0.2263,0.2265,3014891.7
2026-02-02 03:15:00,0.2265,0.227,0.2208,0.2215,10864132.0
2026-02-02 03:30:00,0.2216,0.2236,0.2199,0.2213,7679486.8
2026-02-02 03:45:00,0.2213,0.2304,0.2211,0.2295,8683082.4
2026-02-02 04:00:00,0.2295,0.2298,0.2252,0.2259,4017444.2
2026-02-02 04:15:00,0.2259,0.2322,0.2255,0.2319,3838335.2
2026-02-02 04:30:00,0.2319,0.2328,0.23,0.23,3157665.0
2026-02-02 04:45:00,0.2301,0.2301,0.2279,0.228,1489926.2
2026-02-02 05:00:00,0.228,0.2281,0.2247,0.2253,2507199.9
2026-02-02 05:15:00,0.2253,0.2255,0.2219,0.2228,5720609.4
2026-02-02 05:30:00,0.2228,0.2242,0.2216,0.2233,3765037.2
2026-02-02 05:45:00,0.2233,0.226,0.223,0.224,3381998.8
2026-02-02 06:00:00,0.2241,0.2249,0.2215,0.2241,4174778.3
2026-02-02 06:15:00,0.224,0.2268,0.2234,0.2247,2946299.6
2026-02-02 06:30:00,0.2245,0.2309,0.2202,0.2279,18030747.3
2026-02-02 06:45:00,0.2279,0.2296,0.2257,0.227,4875597.5
2026-02-02 07:00:00,0.2269,0.2285,0.2255,0.2264,3800269.6
2026-02-02 07:15:00,0.2263,0.2273,0.2252,0.2257,1738375.0
2026-02-02 07:30:00,0.2256,0.2271,0.2255,0.2266,2575197.6
2026-02-02 07:45:00,0.2266,0.228,0.2252,0.2254,2101975.0
2026-02-02 08:00:00,0.2253,0.2269,0.2253,0.2262,2431967.3
2026-02-02 08:15:00,0.2262,0.2275,0.2254,0.2258,1866713.9
2026-02-02 08:30:00,0.2259,0.2283,0.2258,0.2277,2448927.7
2026-02-02 08:45:00,0.2277,0.2286,0.2271,0.2277,1500872.4
2026-02-02 09:00:00,0.2278,0.2281,0.2261,0.2266,1550942.2
2026-02-02 09:15:00,0.2265,0.2294,0.2261,0.2292,2024479.8
2026-02-02 09:30:00,0.2291,0.2307,0.2277,0.2289,4164206.2
2026-02-02 09:45:00,0.229,0.2313,0.2288,0.2296,3794792.6
2026-02-02 10:00:00,0.2296,0.2306,0.2294,0.2302,1475301.0
2026-02-02 10:15:00,0.2302,0.2303,0.2286,0.2296,2745058.1
2026-02-02 10:30:00,0.2295,0.2303,0.229,0.2294,1411204.6
2026-02-02 10:45:00,0.2294,0.2297,0.229,0.2294,1004169.5
2026-02-02 11:00:00,0.2293,0.23,0.2285,0.2299,1418848.4
2026-02-02 11:15:00,0.2298,0.2299,0.2288,0.2299,1067626.4
2026-02-02 11:30:00,0.2298,0.2308,0.2294,0.23,1506246.0
2026-02-02 11:45:00,0.2299,0.2308,0.2288,0.2293,7196846.0
2026-02-02 12:00:00,0.2293,0.2296,0.2287,0.2294,2192900.7
2026-02-02 12:15:00,0.2293,0.2308,0.2288,0.2294,2956793.2
2026-02-02 12:30:00,0.2294,0.2299,0.2287,0.2295,1120203.3
2026-02-02 12:45:00,0.2294,0.2309,0.2292,0.2301,1362778.9
2026-02-02 13:00:00,0.2301,0.2303,0.2293,0.2301,2296076.7
2026-02-02 13:15:00,0.23,0.2314,0.2294,0.2304,1315367.5
2026-02-02 13:30:00,0.2303,0.2311,0.2301,0.2306,1428400.5
2026-02-02 13:45:00,0.2306,0.2319,0.2301,0.231,1525749.1
2026-02-02 14:00:00,0.231,0.2311,0.2288,0.2297,3149378.6
2026-02-02 14:15:00,0.2297,0.231,0.2291,0.2304,2993792.6
2026-02-02 14:30:00,0.2303,0.2342,0.2303,0.2329,8674693.9
2026-02-02 14:45:00,0.2327,0.2343,0.2314,0.2317,4359305.9
2026-02-02 15:00:00,0.2317,0.2342,0.2314,0.2336,2797660.6
2026-02-02 15:15:00,0.2336,0.2355,0.2329,0.2345,3739879.7
2026-02-02 15:30:00,0.2345,0.237,0.2337,0.2357,4362835.2
2026-02-02 15:45:00,0.2356,0.236,0.2341,0.2349,2381663.6
2026-02-02 16:00:00,0.2349,0.2353,0.2341,0.2347,2388830.4
2026-02-02 16:15:00,0.2347,0.2355,0.2336,0.2351,2386561.2
2026-02-02 16:30:00,0.2351,0.2353,0.2337,0.2342,1533137.2
2026-02-02 16:45:00,0.2341,0.2341,0.2322,0.2325,1946884.8
2026-02-02 17:00:00,0.2324,0.2342,0.2321,0.2332,1666672.0
2026-02-02 17:15:00,0.2332,0.2335,0.2319,0.2321,1103005.9
2026-02-02 17:30:00,0.232,0.2327,0.2299,0.2305,3509681.3
2026-02-02 17:45:00,0.2305,0.231,0.2292,0.23,2567876.3
2026-02-02 18:00:00,0.2301,0.2301,0.2292,0.2295,1526513.0
2026-02-02 18:15:00,0.2296,0.2301,0.2288,0.2292,2233893.1
2026-02-02 18:30:00,0.2292,0.2312,0.2292,0.2301,1983857.0
2026-02-02 18:45:00,0.23,0.2307,0.2299,0.2306,904756.0
2026-02-02 19:00:00,0.2305,0.2307,0.2295,0.23,1740668.9
2026-02-02 19:15:00,0.2299,0.2301,0.229,0.2296,1603924.4
2026-02-02 19:30:00,0.2297,0.2301,0.2289,0.2298,1396022.3
2026-02-02 19:45:00,0.2298,0.2298,0.2288,0.2291,1161018.8
2026-02-02 20:00:00,0.229,0.23,0.228,0.2292,2171921.9
2026-02-02 20:15:00,0.2294,0.2302,0.2292,0.2297,1059769.4
2026-02-02 20:30:00,0.2297,0.23,0.2286,0.2291,1496571.6
2026-02-02 20:45:00,0.2291,0.23,0.2286,0.2296,1654533.5
2026-02-02 21:00:00,0.2294,0.2312,0.2294,0.2306,2975717.4
2026-02-02 21:15:00,0.2307,0.2309,0.2302,0.2304,636105.4
2026-02-02 21:30:00,0.2305,0.2312,0.2304,0.2307,832088.3
2026-02-02 21:45:00,0.2308,0.2316,0.2306,0.2308,1158454.4
2026-02-02 22:00:00,0.2308,0.2316,0.2307,0.2311,1358998.2
2026-02-02 22:15:00,0.2312,0.2312,0.2303,0.231,463615.1
2026-02-02 22:30:00,0.2309,0.2318,0.2307,0.2314,629066.2
2026-02-02 22:45:00,0.2314,0.2315,0.2308,0.2312,516678.3
2026-02-02 23:00:00,0.2312,0.2314,0.2303,0.2309,963733.5
2026-02-02 23:15:00,0.2308,0.231,0.2298,0.23,683373.4
2026-02-02 23:30:00,0.23,0.2305,0.2296,0.2298,1020652.0
2026-02-02 23:45:00,0.2299,0.2299,0.2293,0.2298,855936.7
2026-02-03 00:00:00,0.2299,0.2303,0.2276,0.2284,2765656.1
2026-02-03 00:15:00,0.2285,0.2296,0.2283,0.2294,1225350.6
2026-02-03 00:30:00,0.2294,0.2295,0.2277,0.2287,1384703.6
2026-02-03 00:45:00,0.2286,0.2295,0.2282,0.2294,842235.8
2026-02-03 01:00:00,0.2294,0.2297,0.2285,0.2289,1448643.8
2026-02-03 01:15:00,0.2288,0.2291,0.2273,0.2285,855339.4
2026-02-03 01:30:00,0.2284,0.2289,0.2281,0.2289,980657.0
2026-02-03 01:45:00,0.2288,0.2295,0.2285,0.2295,737125.1
2026-02-03 02:00:00,0.2295,0.2296,0.227,0.2273,1746591.1
2026-02-03 02:15:00,0.2273,0.2281,0.2268,0.2272,2208794.4
2026-02-03 02:30:00,0.2271,0.2274,0.226,0.2267,3151736.5
2026-02-03 02:45:00,0.2266,0.2267,0.2251,0.2253,2164667.8
2026-02-03 03:00:00,0.2253,0.2263,0.2244,0.226,2398440.1
2026-02-03 03:15:00,0.2259,0.2268,0.2246,0.2266,2612967.8
2026-02-03 03:30:00,0.2265,0.2287,0.2264,0.2285,1865621.2
2026-02-03 03:45:00,0.2284,0.2303,0.2281,0.2298,2450996.2
2026-02-03 04:00:00,0.2297,0.2301,0.2282,0.23,2071264.9
2026-02-03 04:15:00,0.2301,0.2303,0.229,0.2292,1445831.2
2026-02-03 04:30:00,0.2292,0.2316,0.2291,0.2316,1844937.1
2026-02-03 04:45:00,0.2316,0.2316,0.2303,0.2307,1098905.6
2026-02-03 05:00:00,0.2307,0.2308,0.2286,0.2287,1543947.7
2026-02-03 05:15:00,0.2288,0.2298,0.2286,0.2291,1114425.7
2026-02-03 05:30:00,0.229,0.2294,0.2287,0.2291,672339.2
2026-02-03 05:45:00,0.2291,0.2293,0.2277,0.228,1560613.9
2026-02-03 06:00:00,0.2279,0.2285,0.2264,0.2266,3755217.7
2026-02-03 06:15:00,0.2266,0.229,0.2264,0.2287,2019556.8
2026-02-03 06:30:00,0.2286,0.2293,0.2282,0.2283,929550.7
2026-02-03 06:45:00,0.2284,0.2298,0.2284,0.2295,1332778.2
2026-02-03 07:00:00,0.2295,0.2309,0.2289,0.2301,2416190.1
2026-02-03 07:15:00,0.23,0.2304,0.2294,0.2297,1282003.0
2026-02-03 07:30:00,0.2297,0.2312,0.2295,0.2302,1754738.0
2026-02-03 07:45:00,0.2302,0.2303,0.2294,0.2296,808591.0
2026-02-03 08:00:00,0.2297,0.2299,0.2287,0.2291,2083867.5
2026-02-03 08:15:00,0.2291,0.2312,0.2289,0.2306,1595327.9
2026-02-03 08:30:00,0.2306,0.2311,0.2301,0.2309,1898183.1
2026-02-03 08:45:00,0.231,0.231,0.2292,0.2294,1412304.8
2026-02-03 09:00:00,0.2294,0.2301,0.227,0.2271,5990767.8
2026-02-03 09:15:00,0.2272,0.2274,0.2251,0.2255,6934199.9
2026-02-03 09:30:00,0.2255,0.2275,0.2254,0.2271,3022397.0
2026-02-03 09:45:00,0.2272,0.2279,0.2269,0.2273,1107968.9
2026-02-03 10:00:00,0.2274,0.2288,0.2271,0.2283,1546943.2
2026-02-03 10:15:00,0.2284,0.229,0.2279,0.2286,1315935.7
2026-02-03 10:30:00,0.2287,0.2287,0.2274,0.2276,1485996.9
2026-02-03 10:45:00,0.2276,0.2281,0.2272,0.2278,1101526.1
2026-02-03 11:00:00,0.2279,0.2283,0.2275,0.2277,931936.2
2026-02-03 11:15:00,0.2277,0.2282,0.2274,0.2278,954592.7
2026-02-03 11:30:00,0.2278,0.2284,0.2274,0.2279,1513441.6
2026-02-03 11:45:00,0.228,0.2288,0.2278,0.2279,1081974.5
2026-02-03 12:00:00,0.2279,0.2296,0.2272,0.2289,1349213.5
2026-02-03 12:15:00,0.229,0.2299,0.2282,0.2295,1839618.1
2026-02-03 12:30:00,0.2294,0.2298,0.2289,0.2293,854976.6
2026-02-03 12:45:00,0.2293,0.23,0.2293,0.2294,982957.8
2026-02-03 13:00:00,0.2293,0.2296,0.2286,0.2291,908185.2
2026-02-03 13:15:00,0.2291,0.2293,0.2282,0.2291,1282677.2
2026-02-03 13:30:00,0.2291,0.2294,0.2283,0.2285,1240426.7
2026-02-03 13:45:00,0.2286,0.2297,0.2281,0.2291,1071266.5
2026-02-03 14:00:00,0.2291,0.2297,0.2289,0.2294,1003409.2
2026-02-03 14:15:00,0.2294,0.23,0.2283,0.2294,2653435.0
2026-02-03 14:30:00,0.2293,0.2295,0.2258,0.2268,6062855.9
2026-02-03 14:45:00,0.2268,0.228,0.2243,0.2244,5329265.7
2026-02-03 15:00:00,0.2243,0.2267,0.2237,0.2239,6635929.7
2026-02-03 15:15:00,0.224,0.2294,0.2234,0.2276,9851967.0
2026-02-03 15:30:00,0.2276,0.2295,0.2261,0.2261,4966848.5
2026-02-03 15:45:00,0.2261,0.2264,0.222,0.2238,29697378.3
2026-02-03 16:00:00,0.2239,0.2239,0.2172,0.2178,20775694.5
2026-02-03 16:15:00,0.2178,0.2182,0.216,0.2173,10376758.9
2026-02-03 16:30:00,0.2173,0.2174,0.2148,0.2161,7180292.1
2026-02-03 16:45:00,0.2161,0.2168,0.2148,0.2162,5072594.1
2026-02-03 17:00:00,0.2162,0.2172,0.2139,0.2144,7535991.6
2026-02-03 17:15:00,0.2145,0.2153,0.2137,0.2146,5721046.4
2026-02-03 17:30:00,0.2145,0.2146,0.2117,0.2118,6453900.6
2026-02-03 17:45:00,0.2119,0.2137,0.2104,0.2106,5898547.8
2026-02-03 18:00:00,0.2106,0.212,0.2098,0.2105,9368178.9
2026-02-03 18:15:00,0.2105,0.2111,0.2077,0.2083,13690400.3
2026-02-03 18:30:00,0.2083,0.2097,0.207,0.208,7062588.1
2026-02-03 18:45:00,0.2079,0.2085,0.2065,0.2068,7494615.4
2026-02-03 19:00:00,0.2068,0.2141,0.2066,0.2133,13722499.8
2026-02-03 19:15:00,0.2134,0.2156,0.2128,0.2143,9308301.9
2026-02-03 19:30:00,0.2144,0.2173,0.2142,0.2155,7079748.2
2026-02-03 19:45:00,0.2155,0.2156,0.2133,0.2144,5192059.2
2026-02-03 20:00:00,0.2143,0.2146,0.211,0.2113,4844366.3
2026-02-03 20:15:00,0.2112,0.2165,0.2104,0.2155,9843503.4
2026-02-03 20:30:00,0.2156,0.2236,0.2156,0.2218,21771263.3
2026-02-03 20:45:00,0.2218,0.2238,0.2204,0.2215,6668425.1
2026-02-03 21:00:00,0.2215,0.2242,0.2208,0.2229,5345172.2
2026-02-03 21:15:00,0.2229,0.2231,0.2197,0.2199,3583735.5
2026-02-03 21:30:00,0.2198,0.22,0.2181,0.2188,2155184.2
2026-02-03 21:45:00,0.2187,0.2194,0.2176,0.2183,3062715.6
2026-02-03 22:00:00,0.2183,0.2186,0.2158,0.2158,2371240.3
2026-02-03 22:15:00,0.2157,0.2165,0.2145,0.2162,2908556.9
2026-02-03 22:30:00,0.2163,0.2175,0.2158,0.216,1993243.7
2026-02-03 22:45:00,0.2161,0.2161,0.214,0.2145,2197897.7
2026-02-03 23:00:00,0.2144,0.2148,0.2121,0.2148,4196068.3
2026-02-03 23:15:00,0.2149,0.2153,0.2138,0.2139,1791311.2
2026-02-03 23:30:00,0.2138,0.2139,0.2125,0.2129,2330758.2
2026-02-03 23:45:00,0.213,0.2132,0.2112,0.2129,2602261.9
2026-02-04 00:00:00,0.2128,0.213,0.2118,0.2119,2095846.1
2026-02-04 00:15:00,0.212,0.2132,0.2119,0.2131,2125467.0
2026-02-04 00:30:00,0.2132,0.2158,0.2129,0.2153,2015181.4
2026-02-04 00:45:00,0.2153,0.2159,0.2152,0.2155,1412005.0
2026-02-04 01:00:00,0.2156,0.22,0.2156,0.2199,2994703.2
2026-02-04 01:15:00,0.2199,0.2203,0.2189,0.219,2440581.9
2026-02-04 01:30:00,0.2191,0.2203,0.2188,0.2198,1557356.8
2026-02-04 01:45:00,0.2198,0.2198,0.218,0.2193,2149632.6
2026-02-04 02:00:00,0.2192,0.2195,0.2182,0.2188,1790931.5
2026-02-04 02:15:00,0.2188,0.2198,0.2183,0.219,1613735.2
2026-02-04 02:30:00,0.2189,0.2191,0.2172,0.2186,1470458.5
2026-02-04 02:45:00,0.2186,0.219,0.2178,0.2184,1419635.8
2026-02-04 03:00:00,0.2186,0.2215,0.2184,0.221,2773731.4
2026-02-04 03:15:00,0.221,0.2219,0.2203,0.2207,2463611.9
2026-02-04 03:30:00,0.2206,0.2234,0.2205,0.2224,3274181.3
2026-02-04 03:45:00,0.2224,0.2227,0.222,0.2221,992895.8
2026-02-04 04:00:00,0.2221,0.2236,0.2214,0.223,3115604.1
2026-02-04 04:15:00,0.2229,0.2232,0.2222,0.2227,1231142.3
2026-02-04 04:30:00,0.2227,0.223,0.2222,0.2223,1296774.6
2026-02-04 04:45:00,0.2223,0.2232,0.2222,0.2226,1369281.4
2026-02-04 05:00:00,0.2226,0.2231,0.2224,0.2226,1056810.3
2026-02-04 05:15:00,0.2226,0.2226,0.2214,0.2223,922167.2
2026-02-04 05:30:00,0.2223,0.2225,0.2215,0.2218,1046921.0
2026-02-04 05:45:00,0.2218,0.2223,0.2202,0.2213,1758822.9
2026-02-04 06:00:00,0.2213,0.2236,0.2211,0.2232,2094423.2
2026-02-04 06:15:00,0.2233,0.2234,0.2219,0.2222,987236.0
2026-02-04 06:30:00,0.2221,0.223,0.2217,0.2228,925024.8
2026-02-04 06:45:00,0.2228,0.2237,0.222,0.2221,2059205.8
2026-02-04 07:00:00,0.2221,0.2223,0.2206,0.2221,2609533.0
2026-02-04 07:15:00,0.2221,0.2223,0.221,0.2216,1999345.1
2026-02-04 07:30:00,0.2215,0.2231,0.221,0.2224,1912273.3
2026-02-04 07:45:00,0.2224,0.223,0.2219,0.2225,2071534.0
2026-02-04 08:00:00,0.2225,0.2233,0.2217,0.2225,3317582.0
2026-02-04 08:15:00,0.2226,0.2236,0.2224,0.2226,1752063.4
2026-02-04 08:30:00,0.2226,0.224,0.2223,0.224,1358956.5
2026-02-04 08:45:00,0.224,0.2253,0.2238,0.2248,3254065.2
2026-02-04 09:00:00,0.2249,0.225,0.2237,0.2237,1917850.0
2026-02-04 09:15:00,0.2238,0.2247,0.2234,0.2237,1988088.0
2026-02-04 09:30:00,0.2237,0.2248,0.2224,0.2228,5967907.1
2026-02-04 09:45:00,0.2227,0.2239,0.2226,0.2236,1797658.7
2026-02-04 10:00:00,0.2236,0.225,0.2234,0.2245,2099747.9
2026-02-04 10:15:00,0.2245,0.2256,0.2244,0.2253,2290550.4
2026-02-04 10:30:00,0.2252,0.2262,0.2248,0.2259,2516473.2
2026-02-04 10:45:00,0.2259,0.227,0.2253,0.2259,4707423.7
2026-02-04 11:00:00,0.226,0.2261,0.2238,0.2252,6750332.8
2026-02-04 11:15:00,0.2252,0.2273,0.2246,0.2265,3148829.3
2026-02-04 11:30:00,0.2265,0.2284,0.2255,0.2257,5706103.5
2026-02-04 11:45:00,0.2258,0.2278,0.2255,0.2274,2788696.9
2026-02-04 12:00:00,0.2274,0.2288,0.2269,0.2282,4108080.1
2026-02-04 12:15:00,0.2283,0.23,0.2251,0.2252,6804603.1
2026-02-04 12:30:00,0.2252,0.2263,0.225,0.2258,3091484.0
2026-02-04 12:45:00,0.2258,0.2262,0.2251,0.226,1620437.6
2026-02-04 13:00:00,0.226,0.2272,0.2256,0.2268,2412172.3
2026-02-04 13:15:00,0.2267,0.227,0.2252,0.2258,1812666.3
2026-02-04 13:30:00,0.2259,0.2264,0.2234,0.2236,5047006.3
2026-02-04 13:45:00,0.2236,0.2242,0.2211,0.2212,4828401.2
2026-02-04 14:00:00,0.2211,0.2227,0.2206,0.2217,2810337.2
2026-02-04 14:15:00,0.2217,0.2218,0.2201,0.2206,2457399.1
2026-02-04 14:30:00,0.2206,0.2226,0.2172,0.2209,14153414.1
2026-02-04 14:45:00,0.2209,0.2232,0.2183,0.2186,6805793.7
2026-02-04 15:00:00,0.2186,0.2228,0.2175,0.2217,7972403.9
2026-02-04 15:15:00,0.2217,0.2228,0.2197,0.2204,4356098.0
2026-02-04 15:30:00,0.2204,0.2206,0.2155,0.2192,8027097.0
2026-02-04 15:45:00,0.2192,0.2209,0.2182,0.2199,3539210.4
2026-02-04 16:00:00,0.2199,0.2225,0.2193,0.2213,6045615.3
2026-02-04 16:15:00,0.2214,0.2216,0.2185,0.2199,6246536.0
2026-02-04 16:30:00,0.2199,0.2199,0.2162,0.2174,5536851.3
2026-02-04 16:45:00,0.2174,0.2201,0.2163,0.2188,5138556.5
2026-02-04 17:00:00,0.2188,0.2202,0.2168,0.2193,4891089.7
2026-02-04 17:15:00,0.2194,0.2208,0.2163,0.2165,4866417.0
2026-02-04 17:30:00,0.2165,0.2198,0.2161,0.2193,6719398.2
2026-02-04 17:45:00,0.2193,0.2205,0.2178,0.2198,2810838.7
2026-02-04 18:00:00,0.2198,0.22,0.2155,0.2161,5627932.7
2026-02-04 18:15:00,0.2161,0.2207,0.215,0.2193,6200409.2
2026-02-04 18:30:00,0.2194,0.2239,0.2186,0.2234,8386085.8
2026-02-04 18:45:00,0.2234,0.2236,0.22,0.2202,3959471.1
2026-02-04 19:00:00,0.2203,0.2217,0.2189,0.2198,4628805.4
2026-02-04 19:15:00,0.2198,0.2209,0.2186,0.2187,3450949.9
2026-02-04 19:30:00,0.2188,0.221,0.2186,0.2208,2613620.3
2026-02-04 19:45:00,0.2208,0.2244,0.2206,0.2241,5738427.8
2026-02-04 20:00:00,0.2241,0.2246,0.2222,0.2225,3605982.5
2026-02-04 20:15:00,0.2226,0.2236,0.2225,0.2231,1623240.2
2026-02-04 20:30:00,0.2231,0.2233,0.2219,0.2219,1946030.1
2026-02-04 20:45:00,0.2219,0.2225,0.2215,0.2219,956468.6
2026-02-04 21:00:00,0.2219,0.2228,0.2201,0.2206,2315612.4
2026-02-04 21:15:00,0.2207,0.2208,0.2187,0.2194,1473884.4
2026-02-04 21:30:00,0.2194,0.2197,0.217,0.2175,1826058.3
2026-02-04 21:45:00,0.2176,0.2183,0.2161,0.2181,2235809.1
2026-02-04 22:00:00,0.2182,0.2183,0.2136,0.2157,4384366.7
2026-02-04 22:15:00,0.2157,0.2216,0.2156,0.2215,3648417.7
2026-02-04 22:30:00,0.2214,0.2214,0.216,0.2166,2273774.8
2026-02-04 22:45:00,0.2165,0.2178,0.2152,0.2157,1836927.4
2026-02-04 23:00:00,0.2157,0.2169,0.2154,0.2167,1948799.9
2026-02-04 23:15:00,0.2168,0.2204,0.2163,0.2199,4846267.9
2026-02-04 23:30:00,0.2199,0.221,0.219,0.2196,2869128.6
2026-02-04 23:45:00,0.2197,0.2204,0.2188,0.219,1857230.6
2026-02-05 00:00:00,0.2189,0.2192,0.2181,0.2185,2696133.6
2026-02-05 00:15:00,0.2184,0.2204,0.2181,0.2202,1979716.8
2026-02-05 00:30:00,0.2202,0.2202,0.2175,0.2187,2339062.2
2026-02-05 00:45:00,0.2187,0.2194,0.2182,0.2187,812086.5
2026-02-05 01:00:00,0.2188,0.2212,0.2185,0.2205,2675815.9
2026-02-05 01:15:00,0.2206,0.222,0.2168,0.2215,3931540.0
2026-02-05 01:30:00,0.2215,0.2223,0.2187,0.2199,5938112.8
2026-02-05 01:45:00,0.2199,0.22,0.2182,0.2184,1507172.7
2026-02-05 02:00:00,0.2183,0.2188,0.2163,0.2165,2351568.4
2026-02-05 02:15:00,0.2165,0.2188,0.2157,0.2183,2851612.3
2026-02-05 02:30:00,0.2183,0.2205,0.2181,0.2191,3539447.5
2026-02-05 02:45:00,0.2191,0.2191,0.2155,0.2161,3664520.6
2026-02-05 03:00:00,0.216,0.2181,0.2156,0.2168,5062757.4
2026-02-05 03:15:00,0.2167,0.2181,0.2152,0.2167,2949487.2
2026-02-05 03:30:00,0.2167,0.2167,0.215,0.2154,3575540.9
2026-02-05 03:45:00,0.2153,0.2157,0.2148,0.2152,1371477.6
2026-02-05 04:00:00,0.2152,0.217,0.2142,0.2148,3597300.6
2026-02-05 04:15:00,0.2148,0.2162,0.2139,0.2147,4153626.9
2026-02-05 04:30:00,0.2147,0.2164,0.214,0.2161,2918411.2
2026-02-05 04:45:00,0.2161,0.2163,0.2142,0.2148,1723579.2
2026-02-05 05:00:00,0.2148,0.2156,0.2135,0.2147,2176505.2
2026-02-05 05:15:00,0.2147,0.2151,0.2118,0.2137,6192549.1
2026-02-05 05:30:00,0.2137,0.2178,0.213,0.2171,5330655.9
2026-02-05 05:45:00,0.2171,0.2173,0.2148,0.215,2943473.8
2026-02-05 06:00:00,0.2151,0.2153,0.2131,0.2134,3423329.3
2026-02-05 06:15:00,0.2135,0.214,0.2119,0.2121,2475074.8
2026-02-05 06:30:00,0.2122,0.2137,0.2122,0.2127,1974198.7
2026-02-05 06:45:00,0.2128,0.2134,0.2109,0.212,3611676.4
2026-02-05 07:00:00,0.2119,0.2153,0.2117,0.2123,4554538.2
2026-02-05 07:15:00,0.2124,0.2147,0.212,0.2141,1978034.7
2026-02-05 07:30:00,0.2142,0.2144,0.2118,0.2125,2074921.6
2026-02-05 07:45:00,0.2124,0.2127,0.2111,0.2115,1441283.4
2026-02-05 08:00:00,0.2116,0.2134,0.2116,0.2125,1897532.5
2026-02-05 08:15:00,0.2126,0.2139,0.2123,0.2135,2482010.7
2026-02-05 08:30:00,0.2135,0.2149,0.2134,0.2137,1722014.3
2026-02-05 08:45:00,0.2137,0.2142,0.2128,0.213,1198524.2
2026-02-05 09:00:00,0.2131,0.2153,0.2127,0.2145,3620537.4
2026-02-05 09:15:00,0.2145,0.2155,0.2133,0.2137,2242524.9
2026-02-05 09:30:00,0.2137,0.2139,0.2122,0.2125,2148007.7
2026-02-05 09:45:00,0.2126,0.2132,0.2125,0.2128,839568.5
2026-02-05 10:00:00,0.2129,0.213,0.2119,0.2127,2141306.9
2026-02-05 10:15:00,0.2128,0.2137,0.2127,0.2128,1148499.2
2026-02-05 10:30:00,0.2129,0.2132,0.2108,0.211,1955783.4
2026-02-05 10:45:00,0.2111,0.2112,0.2077,0.2087,8056240.8
2026-02-05 11:00:00,0.2087,0.2097,0.2068,0.2072,3665231.5
2026-02-05 11:15:00,0.2072,0.2083,0.2033,0.2038,11547883.8
2026-02-05 11:30:00,0.2039,0.2089,0.2038,0.2082,6327302.5
2026-02-05 11:45:00,0.2083,0.2085,0.2062,0.2068,2974237.9
2026-02-05 12:00:00,0.2068,0.2081,0.2063,0.2067,3097306.5
2026-02-05 12:15:00,0.2067,0.2084,0.2048,0.2073,6961939.2
2026-02-05 12:30:00,0.2074,0.2084,0.2064,0.2068,4741851.2
2026-02-05 12:45:00,0.2068,0.2081,0.2061,0.2075,5054742.0
2026-02-05 13:00:00,0.2075,0.2092,0.2073,0.2076,3876399.8
2026-02-05 13:15:00,0.2076,0.2078,0.2061,0.2063,2277025.3
2026-02-05 13:30:00,0.2064,0.2081,0.2063,0.2068,2664910.3
2026-02-05 13:45:00,0.2068,0.2072,0.2054,0.206,2123870.6
2026-02-05 14:00:00,0.206,0.209,0.2059,0.2065,6201835.9
2026-02-05 14:15:00,0.2066,0.2076,0.2057,0.2074,2513165.1
2026-02-05 14:30:00,0.2074,0.2107,0.2067,0.2089,7525891.6
2026-02-05 14:45:00,0.209,0.2101,0.2054,0.2058,5127845.5
2026-02-05 15:00:00,0.2059,0.2067,0.1979,0.1982,18113907.9
2026-02-05 15:15:00,0.1983,0.2015,0.1929,0.1934,28284380.3
2026-02-05 15:30:00,0.1933,0.1968,0.1902,0.1964,34360333.5
2026-02-05 15:45:00,0.1964,0.1995,0.1941,0.1946,14108133.1
2026-02-05 16:00:00,0.1946,0.1965,0.1926,0.194,12012528.7
2026-02-05 16:15:00,0.194,0.2001,0.1936,0.199,13425261.6
2026-02-05 16:30:00,0.1991,0.2003,0.1966,0.1967,7085391.4
2026-02-05 16:45:00,0.1968,0.2002,0.1951,0.1975,7244360.5
2026-02-05 17:00:00,0.1976,0.2015,0.1941,0.1949,13913196.5
2026-02-05 17:15:00,0.1948,0.1979,0.191,0.1968,13310172.8
2026-02-05 17:30:00,0.1967,0.1974,0.1931,0.1941,9945785.5
2026-02-05 17:45:00,0.1942,0.1951,0.192,0.1924,3440657.0
2026-02-05 18:00:00,0.1924,0.1942,0.1919,0.1927,4052289.9
2026-02-05 18:15:00,0.1926,0.193,0.1895,0.1916,9433665.2
2026-02-05 18:30:00,0.1916,0.1924,0.1896,0.1904,6858433.6
2026-02-05 18:45:00,0.1905,0.1943,0.1898,0.1936,7755786.9
2026-02-05 19:00:00,0.1936,0.194,0.1914,0.1918,5422255.7
2026-02-05 19:15:00,0.1918,0.193,0.1902,0.1915,3814836.1
2026-02-05 19:30:00,0.1915,0.1929,0.1909,0.1914,2910668.5
2026-02-05 19:45:00,0.1915,0.1917,0.1896,0.1905,3945334.9
2026-02-05 20:00:00,0.1906,0.1924,0.1898,0.1899,4455328.1
2026-02-05 20:15:00,0.1899,0.19,0.1802,0.1835,38459914.5
2026-02-05 20:30:00,0.1835,0.1895,0.1822,0.1877,22413839.2
2026-02-05 20:45:00,0.1876,0.188,0.1821,0.1847,15296232.1
2026-02-05 21:00:00,0.1846,0.1901,0.1842,0.185,17596366.7
2026-02-05 21:15:00,0.185,0.1888,0.1827,0.1886,12339112.8
2026-02-05 21:30:00,0.1887,0.1893,0.1852,0.1858,6663861.2
2026-02-05 21:45:00,0.1859,0.1869,0.1835,0.1835,7700232.2
2026-02-05 22:00:00,0.1836,0.1854,0.1811,0.1834,12646277.4
2026-02-05 22:15:00,0.1835,0.1869,0.1799,0.1863,8633037.4
2026-02-05 22:30:00,0.1864,0.1884,0.1835,0.1845,6118194.1
2026-02-05 22:45:00,0.1845,0.1858,0.1836,0.1838,2503980.0
2026-02-05 23:00:00,0.1839,0.1884,0.1835,0.1875,6189560.7
2026-02-05 23:15:00,0.1874,0.1879,0.185,0.1862,2940167.5
2026-02-05 23:30:00,0.1861,0.1868,0.1825,0.1829,5611828.5
2026-02-05 23:45:00,0.1829,0.1836,0.1809,0.1818,6604806.1
2026-02-06 00:00:00,0.1818,0.1831,0.165,0.1676,53524260.5
2026-02-06 00:15:00,0.1676,0.1722,0.1573,0.1665,107659374.8
2026-02-06 00:30:00,0.1665,0.1766,0.1659,0.1739,39203116.4
2026-02-06 00:45:00,0.174,0.1775,0.1726,0.1747,20463472.4
2026-02-06 01:00:00,0.1747,0.1788,0.1739,0.1774,19854222.1
2026-02-06 01:15:00,0.1774,0.1802,0.1774,0.1779,12453313.9
2026-02-06 01:30:00,0.178,0.1794,0.1768,0.1791,9996855.4
2026-02-06 01:45:00,0.179,0.1817,0.1785,0.1815,10337452.8
2026-02-06 02:00:00,0.1815,0.1833,0.1795,0.1799,13557475.8
2026-02-06 02:15:00,0.18,0.1804,0.1764,0.1772,10917277.9
2026-02-06 02:30:00,0.1772,0.1795,0.177,0.1777,9253494.2
2026-02-06 02:45:00,0.1778,0.178,0.1746,0.1753,7536836.0
2026-02-06 03:00:00,0.1754,0.1768,0.1739,0.1743,8500409.3
2026-02-06 03:15:00,0.1743,0.1751,0.1731,0.1746,6488857.1
2026-02-06 03:30:00,0.1745,0.1757,0.1737,0.1742,6137754.9
2026-02-06 03:45:00,0.1742,0.175,0.1732,0.1745,6605384.0
2026-02-06 04:00:00,0.1746,0.1746,0.1727,0.1737,6602065.7
2026-02-06 04:15:00,0.1737,0.1769,0.1737,0.176,6862294.3
2026-02-06 04:30:00,0.1761,0.1765,0.1744,0.1749,6225509.7
2026-02-06 04:45:00,0.175,0.1765,0.175,0.176,5689461.6
2026-02-06 05:00:00,0.1759,0.179,0.1756,0.1784,7732102.7
2026-02-06 05:15:00,0.1784,0.1784,0.1761,0.1767,6098609.5
2026-02-06 05:30:00,0.1768,0.1789,0.1767,0.1784,6924415.5
2026-02-06 05:45:00,0.1784,0.1804,0.1775,0.1792,10725369.8
2026-02-06 06:00:00,0.1793,0.1804,0.179,0.1794,9464327.5
2026-02-06 06:15:00,0.1793,0.1794,0.1775,0.1781,6505763.0
2026-02-06 06:30:00,0.1781,0.1783,0.1744,0.1748,8442938.7
2026-02-06 06:45:00,0.1749,0.1754,0.173,0.1734,10915045.6
2026-02-06 07:00:00,0.1733,0.1735,0.171,0.1718,9957739.7
2026-02-06 07:15:00,0.1718,0.1727,0.1704,0.1727,9352196.4
2026-02-06 07:30:00,0.1726,0.1749,0.1724,0.1742,7340504.7
2026-02-06 07:45:00,0.1742,0.1749,0.1729,0.1734,6405179.6
2026-02-06 08:00:00,0.1734,0.1741,0.1722,0.173,8507673.5
2026-02-06 08:15:00,0.173,0.1732,0.171,0.1716,10496718.0
2026-02-06 08:30:00,0.1716,0.172,0.17,0.1707,9367354.3
2026-02-06 08:45:00,0.1707,0.1721,0.1705,0.1712,6991878.0
2026-02-06 09:00:00,0.1711,0.1718,0.1706,0.1711,6637813.9
2026-02-06 09:15:00,0.1711,0.1722,0.1705,0.1715,9774428.0
2026-02-06 09:30:00,0.1715,0.1751,0.1712,0.175,10692099.1
2026-02-06 09:45:00,0.1749,0.1787,0.1745,0.1784,11495244.8
2026-02-06 10:00:00,0.1784,0.1792,0.1773,0.1781,9821655.3
2026-02-06 10:15:00,0.1782,0.1814,0.1782,0.1802,8013082.2
2026-02-06 10:30:00,0.1802,0.1813,0.1796,0.1803,7542253.6
2026-02-06 10:45:00,0.1803,0.1821,0.18,0.182,6973192.0
2026-02-06 11:00:00,0.182,0.1823,0.1812,0.1821,6686265.4
2026-02-06 11:15:00,0.1821,0.1827,0.1811,0.1821,6458857.9
2026-02-06 11:30:00,0.1822,0.1834,0.182,0.1827,6625743.9
2026-02-06 11:45:00,0.1828,0.1841,0.1821,0.1831,6624460.7
2026-02-06 12:00:00,0.1831,0.1836,0.1819,0.1833,6505635.9
2026-02-06 12:15:00,0.1833,0.1843,0.1827,0.1839,6769245.7
2026-02-06 12:30:00,0.184,0.1844,0.1836,0.1843,6038375.1
2026-02-06 12:45:00,0.1842,0.1845,0.1831,0.1836,6398448.1
2026-02-06 13:00:00,0.1837,0.1848,0.1832,0.1838,7543116.9
2026-02-06 13:15:00,0.1838,0.186,0.1829,0.1849,9125469.3
2026-02-06 13:30:00,0.1849,0.1869,0.1847,0.1864,10053236.6
2026-02-06 13:45:00,0.1864,0.1868,0.1854,0.1859,5299575.4
2026-02-06 14:00:00,0.1859,0.1865,0.1852,0.1863,3315645.9
2026-02-06 14:15:00,0.1863,0.1869,0.185,0.1869,3527647.7
2026-02-06 14:30:00,0.1869,0.1916,0.1867,0.1912,15913976.6
2026-02-06 14:45:00,0.1912,0.1925,0.1892,0.1906,10375499.0
2026-02-06 15:00:00,0.1906,0.1906,0.1877,0.1879,8319757.5
2026-02-06 15:15:00,0.1878,0.1897,0.1877,0.189,3966312.0
2026-02-06 15:30:00,0.1889,0.1906,0.1887,0.1899,3387567.4
2026-02-06 15:45:00,0.1899,0.1909,0.1891,0.1898,3587567.4
2026-02-06 16:00:00,0.1899,0.1926,0.1889,0.1924,5378493.8
2026-02-06 16:15:00,0.1924,0.1951,0.1918,0.1941,6522024.4
2026-02-06 16:30:00,0.1941,0.1957,0.1938,0.1948,6564044.3
2026-02-06 16:45:00,0.1948,0.1959,0.1939,0.1946,3989832.0
2026-02-06 17:00:00,0.1946,0.1969,0.1939,0.1961,5187966.2
2026-02-06 17:15:00,0.1961,0.1984,0.1959,0.1983,7820261.4
2026-02-06 17:30:00,0.1982,0.2006,0.1973,0.1995,8525191.1
2026-02-06 17:45:00,0.1995,0.2003,0.1981,0.1987,4979562.6
2026-02-06 18:00:00,0.1986,0.1988,0.1932,0.1947,7299533.7
2026-02-06 18:15:00,0.1947,0.1948,0.1925,0.1928,3919793.9
2026-02-06 18:30:00,0.1928,0.1941,0.1921,0.1935,5053816.4
2026-02-06 18:45:00,0.1934,0.1943,0.1928,0.1934,3119237.4
2026-02-06 19:00:00,0.1934,0.1937,0.192,0.1924,2300836.3
2026-02-06 19:15:00,0.1923,0.194,0.1917,0.1928,3437311.2
2026-02-06 19:30:00,0.1928,0.1935,0.1923,0.1934,1950094.7
2026-02-06 19:45:00,0.1933,0.1947,0.1932,0.1943,2749267.9
2026-02-06 20:00:00,0.1943,0.1943,0.1921,0.1925,2720337.0
2026-02-06 20:15:00,0.1925,0.1929,0.1917,0.1926,2017573.8
2026-02-06 20:30:00,0.1926,0.1955,0.1923,0.1938,6066187.4
2026-02-06 20:45:00,0.1938,0.1949,0.1925,0.193,4735417.4
2026-02-06 21:00:00,0.1931,0.1935,0.1919,0.1929,2386722.1
2026-02-06 21:15:00,0.1929,0.1953,0.1926,0.195,1535250.5
2026-02-06 21:30:00,0.195,0.195,0.194,0.1949,1551970.2
2026-02-06 21:45:00,0.1949,0.1955,0.1947,0.1954,1509275.9
2026-02-06 22:00:00,0.1954,0.1967,0.1951,0.1954,3923180.2
2026-02-06 22:15:00,0.1953,0.1963,0.1951,0.196,1544598.5
2026-02-06 22:30:00,0.196,0.1982,0.1958,0.1973,2609951.0
2026-02-06 22:45:00,0.1972,0.1982,0.1966,0.1969,1086208.2
2026-02-06 23:00:00,0.1969,0.1982,0.1963,0.1964,3117317.8
2026-02-06 23:15:00,0.1963,0.1963,0.1949,0.1962,2843697.9
2026-02-06 23:30:00,0.1962,0.1975,0.1962,0.1973,1930054.4
2026-02-06 23:45:00,0.1972,0.1976,0.1968,0.1972,1294127.1
2026-02-07 00:00:00,0.1972,0.1973,0.1947,0.1956,4849767.0
2026-02-07 00:15:00,0.1955,0.1958,0.1928,0.1931,4044315.7
2026-02-07 00:30:00,0.1931,0.1934,0.192,0.1924,4800531.4
2026-02-07 00:45:00,0.1923,0.1944,0.1923,0.1935,2422726.2
2026-02-07 01:00:00,0.1935,0.1939,0.1926,0.1928,1636844.5
2026-02-07 01:15:00,0.1928,0.1944,0.1926,0.1938,1547239.3
2026-02-07 01:30:00,0.1938,0.195,0.1934,0.1941,2170899.9
2026-02-07 01:45:00,0.194,0.1957,0.1939,0.1951,1973754.6
2026-02-07 02:00:00,0.195,0.1958,0.1945,0.1957,1615343.4
2026-02-07 02:15:00,0.1956,0.1962,0.1953,0.1957,1321808.1
2026-02-07 02:30:00,0.1956,0.1959,0.1951,0.1954,955949.7
2026-02-07 02:45:00,0.1953,0.1958,0.1946,0.1956,1168137.5
2026-02-07 03:00:00,0.1956,0.1977,0.1952,0.197,2583382.7
2026-02-07 03:15:00,0.1969,0.1977,0.1963,0.1974,1310151.4
2026-02-07 03:30:00,0.1974,0.1979,0.1968,0.1976,1512687.8
2026-02-07 03:45:00,0.1976,0.1976,0.1968,0.1972,1378430.4
2026-02-07 04:00:00,0.1972,0.1988,0.1968,0.1985,2954027.7
2026-02-07 04:15:00,0.1984,0.1988,0.1966,0.1968,3527128.4
2026-02-07 04:30:00,0.1969,0.1983,0.1956,0.1959,4114178.1
2026-02-07 04:45:00,0.1959,0.1962,0.1956,0.1958,1026250.8
2026-02-07 05:00:00,0.1958,0.1963,0.1953,0.1957,1260376.0
2026-02-07 05:15:00,0.1958,0.1965,0.1947,0.1948,2840959.0
2026-02-07 05:30:00,0.1949,0.1962,0.1947,0.1956,2104051.0
2026-02-07 05:45:00,0.1956,0.1958,0.1949,0.1954,1174401.2
2026-02-07 06:00:00,0.1955,0.1966,0.1952,0.1962,2269623.0
2026-02-07 06:15:00,0.1962,0.1962,0.1947,0.1954,1372440.8
2026-02-07 06:30:00,0.1955,0.1958,0.1945,0.1947,1037583.4
2026-02-07 06:45:00,0.1947,0.1951,0.1915,0.1916,4350564.9
2026-02-07 07:00:00,0.1916,0.1927,0.1888,0.1889,8138888.0
2026-02-07 07:15:00,0.189,0.1899,0.1868,0.1896,9497419.8
2026-02-07 07:30:00,0.1896,0.1918,0.1881,0.1909,5239719.1
2026-02-07 07:45:00,0.191,0.191,0.1892,0.1893,2634048.3
2026-02-07 08:00:00,0.1892,0.1901,0.1882,0.1893,3342173.1
2026-02-07 08:15:00,0.1893,0.1902,0.1885,0.1897,2486766.4
2026-02-07 08:30:00,0.1897,0.1907,0.1892,0.1897,2195092.1
2026-02-07 08:45:00,0.1897,0.1908,0.1897,0.1905,1565062.1
2026-02-07 09:00:00,0.1904,0.1913,0.1903,0.1913,1421899.8
2026-02-07 09:15:00,0.1913,0.1913,0.1899,0.1901,2116207.8
2026-02-07 09:30:00,0.1902,0.1907,0.1894,0.1899,2528051.1
2026-02-07 09:45:00,0.1898,0.19,0.1893,0.1897,1977935.6
2026-02-07 10:00:00,0.1896,0.1903,0.1894,0.1898,1819805.6
2026-02-07 10:15:00,0.1897,0.19,0.1894,0.1898,1654231.5
2026-02-07 10:30:00,0.1898,0.19,0.1886,0.1895,2203184.4
2026-02-07 10:45:00,0.1894,0.1902,0.1888,0.19,2182591.3
2026-02-07 11:00:00,0.1899,0.1905,0.1897,0.1898,1602228.0
2026-02-07 11:15:00,0.1899,0.1904,0.1897,0.1899,761451.5
2026-02-07 11:30:00,0.19,0.1904,0.1895,0.1896,1188514.2
2026-02-07 11:45:00,0.1896,0.1906,0.1896,0.1903,1626975.4
2026-02-07 12:00:00,0.1903,0.1943,0.1901,0.194,6250776.2
2026-02-07 12:15:00,0.1941,0.198,0.1937,0.1962,9101078.4
2026-02-07 12:30:00,0.1963,0.1983,0.1961,0.1966,5749709.0
2026-02-07 12:45:00,0.1967,0.1971,0.1958,0.1965,3355693.8
2026-02-07 13:00:00,0.1966,0.1976,0.1959,0.1963,2274161.0
2026-02-07 13:15:00,0.1964,0.1968,0.1955,0.1958,2022053.1
2026-02-07 13:30:00,0.1957,0.1958,0.1943,0.1946,2245588.8
2026-02-07 13:45:00,0.1945,0.1959,0.1944,0.1958,1887171.0
2026-02-07 14:00:00,0.1958,0.1959,0.1947,0.195,994983.6
2026-02-07 14:15:00,0.195,0.1957,0.1946,0.195,725325.8
2026-02-07 14:30:00,0.1949,0.1952,0.1931,0.1941,3233963.0
2026-02-07 14:45:00,0.1941,0.1942,0.1921,0.1925,2937693.6
2026-02-07 15:00:00,0.1925,0.1948,0.1919,0.1945,3781164.3
2026-02-07 15:15:00,0.1946,0.1963,0.1942,0.1958,2811215.4
2026-02-07 15:30:00,0.1958,0.1974,0.1957,0.196,3224023.8
2026-02-07 15:45:00,0.1961,0.1969,0.1957,0.1968,1625776.6
2026-02-07 16:00:00,0.1968,0.2026,0.1962,0.2003,64517180.4
2026-02-07 16:15:00,0.2003,0.2027,0.1967,0.1985,31356289.2
2026-02-07 16:30:00,0.1985,0.1988,0.1972,0.1979,3097418.3
2026-02-07 16:45:00,0.1979,0.1979,0.1965,0.197,2102723.2
2026-02-07 17:00:00,0.1969,0.1973,0.195,0.1956,3908590.3
2026-02-07 17:15:00,0.1956,0.1967,0.1951,0.1961,2919382.8
2026-02-07 17:30:00,0.196,0.1975,0.1957,0.1966,1887780.2
2026-02-07 17:45:00,0.1966,0.1968,0.1957,0.1963,1077579.9
2026-02-07 18:00:00,0.1962,0.1968,0.1961,0.1961,1078385.2
2026-02-07 18:15:00,0.1962,0.1986,0.1962,0.1984,2518451.8
2026-02-07 18:30:00,0.1984,0.1996,0.1981,0.1991,2260198.6
2026-02-07 18:45:00,0.199,0.1995,0.1984,0.1986,1565364.0
2026-02-07 19:00:00,0.1985,0.1985,0.197,0.1973,2280665.2
2026-02-07 19:15:00,0.1973,0.1979,0.1969,0.1974,1039830.7
2026-02-07 19:30:00,0.1975,0.1975,0.1964,0.1971,1275193.3
2026-02-07 19:45:00,0.197,0.1973,0.1965,0.1968,835248.7
2026-02-07 20:00:00,0.1968,0.1973,0.1964,0.1967,927412.1
2026-02-07 20:15:00,0.1966,0.197,0.1962,0.1967,876410.1
2026-02-07 20:30:00,0.1968,0.1971,0.1963,0.1966,1020087.2
2026-02-07 20:45:00,0.1966,0.1978,0.1966,0.1973,2085155.5
2026-02-07 21:00:00,0.1973,0.1982,0.1964,0.1979,3046516.9
2026-02-07 21:15:00,0.1978,0.1982,0.1971,0.1978,2377896.9
2026-02-07 21:30:00,0.1978,0.1981,0.1969,0.197,1029434.3
2026-02-07 21:45:00,0.197,0.1974,0.1967,0.1972,970299.3
2026-02-07 22:00:00,0.1972,0.1979,0.1968,0.1973,926036.6
2026-02-07 22:15:00,0.1974,0.1975,0.1968,0.1974,534400.4
2026-02-07 22:30:00,0.1974,0.1976,0.1966,0.1971,1542376.2
2026-02-07 22:45:00,0.1971,0.1971,0.1966,0.1968,174387.9
2026-02-07 23:00:00,0.1968,0.1969,0.1956,0.1965,1563123.5
2026-02-07 23:15:00,0.1965,0.1966,0.1955,0.1962,813965.9
2026-02-07 23:30:00,0.1961,0.1966,0.196,0.1965,881594.6
2026-02-07 23:45:00,0.1965,0.1967,0.1962,0.1962,515781.3
2026-02-08 00:00:00,0.1963,0.1964,0.1954,0.1958,2073687.5
2026-02-08 00:15:00,0.1958,0.1959,0.1948,0.195,999638.7
2026-02-08 00:30:00,0.1949,0.1957,0.1947,0.1951,953060.9
2026-02-08 00:45:00,0.1952,0.196,0.195,0.1956,694117.2
2026-02-08 01:00:00,0.1957,0.1964,0.1956,0.1963,969069.9
2026-02-08 01:15:00,0.1963,0.1963,0.195,0.1952,515096.0
2026-02-08 01:30:00,0.1952,0.1958,0.195,0.1953,669796.9
2026-02-08 01:45:00,0.1952,0.1955,0.1948,0.1953,664545.2
2026-02-08 02:00:00,0.1953,0.1957,0.195,0.1953,1392798.0
2026-02-08 02:15:00,0.1953,0.1962,0.1948,0.1949,781270.3
2026-02-08 02:30:00,0.1948,0.1951,0.1941,0.1944,1393533.6
2026-02-08 02:45:00,0.1944,0.1947,0.1939,0.1945,1476276.0
2026-02-08 03:00:00,0.1944,0.1949,0.1942,0.1944,1003977.9
2026-02-08 03:15:00,0.1944,0.1947,0.1941,0.1944,1091329.4
2026-02-08 03:30:00,0.1944,0.1948,0.1939,0.1942,690556.1
2026-02-08 03:45:00,0.1942,0.1943,0.1932,0.1936,1430903.2
2026-02-08 04:00:00,0.1936,0.1939,0.1933,0.1935,692917.7
2026-02-08 04:15:00,0.1934,0.1945,0.1928,0.1943,1593983.6
2026-02-08 04:30:00,0.1944,0.1945,0.1933,0.1936,551772.1
2026-02-08 04:45:00,0.1936,0.1941,0.1934,0.1941,1008328.9
2026-02-08 05:00:00,0.1941,0.1945,0.1936,0.1943,1169831.5
2026-02-08 05:15:00,0.1943,0.1945,0.1938,0.194,578756.8
2026-02-08 05:30:00,0.194,0.194,0.1933,0.1935,582862.6
2026-02-08 05:45:00,0.1934,0.1935,0.1929,0.1931,773424.9
2026-02-08 06:00:00,0.1931,0.1936,0.1927,0.1935,859054.6
2026-02-08 06:15:00,0.1935,0.1937,0.1929,0.1934,1668216.2
2026-02-08 06:30:00,0.1934,0.1936,0.1927,0.193,550884.0
2026-02-08 06:45:00,0.1931,0.1932,0.1924,0.1928,710804.3
2026-02-08 07:00:00,0.1929,0.1931,0.1919,0.1925,1369360.9
2026-02-08 07:15:00,0.1925,0.1926,0.1914,0.1921,1481979.5
2026-02-08 07:30:00,0.1921,0.1928,0.1918,0.1923,852709.1
2026-02-08 07:45:00,0.1923,0.1931,0.1922,0.1928,961982.3
2026-02-08 08:00:00,0.1929,0.1937,0.1925,0.193,1852971.9
2026-02-08 08:15:00,0.193,0.1951,0.1924,0.1948,2568477.4
2026-02-08 08:30:00,0.1947,0.1963,0.1939,0.1944,2574696.3
2026-02-08 08:45:00,0.1945,0.1957,0.1944,0.1955,1551873.2
2026-02-08 09:00:00,0.1956,0.1959,0.1948,0.195,1723625.7
2026-02-08 09:15:00,0.1951,0.1951,0.1944,0.1944,793627.7
2026-02-08 09:30:00,0.1945,0.1948,0.1927,0.1928,1880840.8
2026-02-08 09:45:00,0.1928,0.1936,0.1927,0.1931,1051618.2
2026-02-08 10:00:00,0.1931,0.1944,0.1931,0.1938,1738199.8
2026-02-08 10:15:00,0.1938,0.1942,0.1918,0.1922,3032709.5
2026-02-08 10:30:00,0.1922,0.1929,0.1918,0.1923,1058925.3
2026-02-08 10:45:00,0.1923,0.1931,0.1923,0.1926,836912.0
2026-02-08 11:00:00,0.1926,0.1941,0.1925,0.194,1710722.7
2026-02-08 11:15:00,0.1941,0.1954,0.194,0.1946,2040849.6
2026-02-08 11:30:00,0.1947,0.1963,0.1944,0.1953,3045613.2
2026-02-08 11:45:00,0.1954,0.1961,0.1951,0.1957,1948140.9
2026-02-08 12:00:00,0.1958,0.196,0.1947,0.1948,1984852.6
2026-02-08 12:15:00,0.1949,0.1955,0.1946,0.1953,1081334.1
2026-02-08 12:30:00,0.1953,0.1953,0.1938,0.1941,1478824.0
2026-02-08 12:45:00,0.1941,0.1952,0.194,0.195,4155426.9
2026-02-08 13:00:00,0.195,0.1952,0.1937,0.1939,2542056.0
2026-02-08 13:15:00,0.194,0.1953,0.1939,0.1949,1611363.0
2026-02-08 13:30:00,0.1949,0.1949,0.1936,0.1938,3422465.2
2026-02-08 13:45:00,0.1938,0.1948,0.1937,0.1947,1296401.8
2026-02-08 14:00:00,0.1947,0.1952,0.1943,0.1944,1130950.4
2026-02-08 14:15:00,0.1944,0.1947,0.1939,0.1946,711426.7
2026-02-08 14:30:00,0.1947,0.1956,0.1946,0.1949,838010.2
2026-02-08 14:45:00,0.1949,0.1955,0.1947,0.195,694180.4
2026-02-08 15:00:00,0.1951,0.1955,0.1947,0.195,1239904.8
2026-02-08 15:15:00,0.195,0.195,0.1921,0.1924,3646742.5
2026-02-08 15:30:00,0.1924,0.1935,0.1923,0.1931,2097953.3
2026-02-08 15:45:00,0.1931,0.1933,0.1921,0.1929,1228494.4
2026-02-08 16:00:00,0.1929,0.1932,0.1921,0.1923,1739626.1
2026-02-08 16:15:00,0.1923,0.193,0.1923,0.1925,1355114.0
2026-02-08 16:30:00,0.1926,0.1926,0.1896,0.1897,8452464.5
2026-02-08 16:45:00,0.1897,0.1899,0.1864,0.1875,10970959.9
2026-02-08 17:00:00,0.1874,0.1888,0.1872,0.1882,4041878.6
2026-02-08 17:15:00,0.1881,0.1893,0.1878,0.1883,2572787.3
2026-02-08 17:30:00,0.1883,0.19,0.1883,0.1898,2088263.9
2026-02-08 17:45:00,0.1898,0.1903,0.1893,0.1901,1119070.4
2026-02-08 18:00:00,0.19,0.1911,0.1899,0.1908,2245423.7
2026-02-08 18:15:00,0.1907,0.191,0.1902,0.1906,851004.1
2026-02-08 18:30:00,0.1905,0.1934,0.1905,0.1924,3906624.7
2026-02-08 18:45:00,0.1923,0.1929,0.1919,0.192,2182010.6
2026-02-08 19:00:00,0.1919,0.1923,0.1914,0.1917,1666921.7
2026-02-08 19:15:00,0.1918,0.1923,0.1914,0.1916,1018021.2
2026-02-08 19:30:00,0.1916,0.1923,0.1915,0.192,579212.3
2026-02-08 19:45:00,0.192,0.1928,0.1914,0.1923,1854468.6
2026-02-08 20:00:00,0.1924,0.1924,0.1904,0.1908,2248593.8
2026-02-08 20:15:00,0.1907,0.1914,0.1905,0.1907,1124834.8
2026-02-08 20:30:00,0.1908,0.1914,0.1907,0.191,697040.9
2026-02-08 20:45:00,0.1911,0.1913,0.1894,0.1899,2247312.9
2026-02-08 21:00:00,0.1898,0.1907,0.1896,0.1903,933998.3
2026-02-08 21:15:00,0.1904,0.1906,0.1899,0.1901,791144.6
2026-02-08 21:30:00,0.1901,0.1902,0.1883,0.1888,3220114.2
2026-02-08 21:45:00,0.1889,0.1897,0.1885,0.1895,927760.0
2026-02-08 22:00:00,0.1895,0.1903,0.1895,0.1903,1369592.9
2026-02-08 22:15:00,0.1903,0.1909,0.1901,0.1904,1011436.0
2026-02-08 22:30:00,0.1905,0.1905,0.1893,0.19,489995.1
2026-02-08 22:45:00,0.1901,0.1909,0.1899,0.1906,668828.5
2026-02-08 23:00:00,0.1905,0.195,0.1905,0.1919,5132431.6
2026-02-08 23:15:00,0.1919,0.1921,0.1893,0.1901,2478686.2
2026-02-08 23:30:00,0.19,0.1905,0.1886,0.1903,2576586.8
2026-02-08 23:45:00,0.1903,0.1916,0.1899,0.1902,1468249.1
2026-02-09 00:00:00,0.1902,0.191,0.19,0.1903,2386946.0
2026-02-09 00:15:00,0.1903,0.1907,0.1892,0.1893,1614078.8
2026-02-09 00:30:00,0.1894,0.1898,0.1884,0.189,1145812.2
2026-02-09 00:45:00,0.189,0.1901,0.1886,0.1899,914666.5
2026-02-09 01:00:00,0.1899,0.1904,0.1895,0.1898,813019.9
2026-02-09 01:15:00,0.1899,0.1922,0.1896,0.1916,1300659.7
2026-02-09 01:30:00,0.1916,0.1916,0.1887,0.1895,1827447.8
2026-02-09 01:45:00,0.1894,0.1907,0.1891,0.1901,2191092.9
2026-02-09 02:00:00,0.1901,0.1901,0.1893,0.1893,1034465.7
2026-02-09 02:15:00,0.1893,0.1897,0.1892,0.1895,449772.5
2026-02-09 02:30:00,0.1895,0.1919,0.1894,0.1915,1559885.9
2026-02-09 02:45:00,0.1915,0.1916,0.1904,0.1906,541150.0
2026-02-09 03:00:00,0.1906,0.1912,0.1904,0.1907,1122949.6
2026-02-09 03:15:00,0.1908,0.1915,0.1906,0.1914,884386.7
2026-02-09 03:30:00,0.1914,0.1934,0.1914,0.1929,1813352.3
2026-02-09 03:45:00,0.1928,0.1934,0.1923,0.1931,2008917.7
2026-02-09 04:00:00,0.1931,0.1932,0.192,0.1922,1034385.8
2026-02-09 04:15:00,0.1923,0.1928,0.192,0.1925,807531.9
2026-02-09 04:30:00,0.1925,0.1925,0.1914,0.1917,879150.2
2026-02-09 04:45:00,0.1917,0.1922,0.1916,0.1916,644823.9
2026-02-09 05:00:00,0.1917,0.192,0.1911,0.1916,964203.0
2026-02-09 05:15:00,0.1917,0.1924,0.1916,0.1924,545873.9
2026-02-09 05:30:00,0.1925,0.1927,0.1917,0.1917,945285.4
2026-02-09 05:45:00,0.1917,0.1922,0.1914,0.1919,834244.1
2026-02-09 06:00:00,0.1919,0.1919,0.1905,0.1908,1996346.0
2026-02-09 06:15:00,0.1909,0.1909,0.1895,0.1896,1754795.0
2026-02-09 06:30:00,0.1896,0.1901,0.1892,0.1899,997083.9
2026-02-09 06:45:00,0.1899,0.1902,0.1897,0.1901,576803.8
2026-02-09 07:00:00,0.1901,0.1905,0.1896,0.1901,1033242.1
2026-02-09 07:15:00,0.1902,0.1903,0.1896,0.1897,595457.3
2026-02-09 07:30:00,0.1897,0.1899,0.1886,0.1888,2833704.1
2026-02-09 07:45:00,0.1888,0.1892,0.1885,0.1886,1089586.8
2026-02-09 08:00:00,0.1886,0.1892,0.1883,0.1886,1923736.0
2026-02-09 08:15:00,0.1886,0.1887,0.1873,0.1874,1978504.3
2026-02-09 08:30:00,0.1874,0.1875,0.1856,0.1871,3385662.0
2026-02-09 08:45:00,0.1871,0.1875,0.1865,0.1865,1653126.8
2026-02-09 09:00:00,0.1864,0.1869,0.1862,0.1862,1086627.2
2026-02-09 09:15:00,0.1863,0.1865,0.1855,0.1858,2032784.1
2026-02-09 09:30:00,0.1858,0.1859,0.1848,0.1852,1322819.5
2026-02-09 09:45:00,0.1853,0.1857,0.1847,0.1852,1241063.2
2026-02-09 10:00:00,0.1852,0.1855,0.1846,0.1846,1362048.8
2026-02-09 10:15:00,0.1847,0.1847,0.182,0.1827,5312768.6
2026-02-09 10:30:00,0.1827,0.1828,0.1813,0.1816,3834123.7
2026-02-09 10:45:00,0.1817,0.1825,0.1813,0.1821,1376859.0
2026-02-09 11:00:00,0.1822,0.1839,0.1822,0.183,2893544.8
2026-02-09 11:15:00,0.183,0.1839,0.1827,0.1833,1752772.9
2026-02-09 11:30:00,0.1834,0.1839,0.183,0.1832,943511.2
2026-02-09 11:45:00,0.1833,0.1837,0.1829,0.1836,1275562.1
2026-02-09 12:00:00,0.1836,0.1847,0.1834,0.1845,1607368.5
2026-02-09 12:15:00,0.1846,0.1846,0.1838,0.1839,758392.4
2026-02-09 12:30:00,0.184,0.1849,0.1839,0.1845,1596907.5
2026-02-09 12:45:00,0.1846,0.1847,0.184,0.1843,391444.5
2026-02-09 13:00:00,0.1844,0.1849,0.1839,0.1845,1764482.9
2026-02-09 13:15:00,0.1845,0.1847,0.1839,0.184,727912.0
2026-02-09 13:30:00,0.184,0.1842,0.1831,0.1834,1592265.5
2026-02-09 13:45:00,0.1833,0.1834,0.1821,0.1823,2057626.6
2026-02-09 14:00:00,0.1822,0.1831,0.1817,0.1825,3154451.9
2026-02-09 14:15:00,0.1826,0.1829,0.1818,0.1824,1857918.0
2026-02-09 14:30:00,0.1824,0.1864,0.1817,0.1848,5729252.2
2026-02-09 14:45:00,0.1849,0.1864,0.1847,0.1857,2833917.7
2026-02-09 15:00:00,0.1857,0.1877,0.1857,0.1864,3178681.1
2026-02-09 15:15:00,0.1865,0.1869,0.1843,0.1845,3636687.3
2026-02-09 15:30:00,0.1846,0.1877,0.1841,0.1873,3313601.6
2026-02-09 15:45:00,0.1873,0.1877,0.1864,0.1875,1469480.5
2026-02-09 16:00:00,0.1874,0.188,0.1856,0.186,2518572.5
2026-02-09 16:15:00,0.186,0.1873,0.1857,0.1872,1274980.0
2026-02-09 16:30:00,0.1871,0.1891,0.1861,0.1887,2559272.4
2026-02-09 16:45:00,0.1887,0.1909,0.1887,0.1889,4946273.9
2026-02-09 17:00:00,0.1889,0.1898,0.1878,0.1881,2092333.7
2026-02-09 17:15:00,0.1881,0.1887,0.1878,0.1885,984502.8
2026-02-09 17:30:00,0.1885,0.1927,0.1884,0.192,4793205.4
2026-02-09 17:45:00,0.192,0.1924,0.1911,0.1916,1920290.2
2026-02-09 18:00:00,0.1917,0.1922,0.1905,0.1905,2275042.3
2026-02-09 18:15:00,0.1906,0.1907,0.1885,0.1889,4189173.2
2026-02-09 18:30:00,0.1889,0.19,0.1886,0.1898,1782641.9
2026-02-09 18:45:00,0.1897,0.1904,0.1892,0.1897,1227768.1
2026-02-09 19:00:00,0.1897,0.1899,0.1889,0.1893,1154341.0
2026-02-09 19:15:00,0.1894,0.1896,0.1888,0.1894,967400.2
2026-02-09 19:30:00,0.1893,0.1907,0.1892,0.1903,1492133.2
2026-02-09 19:45:00,0.1902,0.1911,0.1899,0.1907,1119737.2
2026-02-09 20:00:00,0.1906,0.1915,0.1898,0.1907,1874188.8
2026-02-09 20:15:00,0.1906,0.1906,0.1887,0.1888,1027877.3
2026-02-09 20:30:00,0.1889,0.19,0.1887,0.1897,1147827.3
2026-02-09 20:45:00,0.1897,0.1899,0.189,0.1893,1088637.7
2026-02-09 21:00:00,0.1894,0.1896,0.1888,0.189,715527.1
2026-02-09 21:15:00,0.189,0.1895,0.1888,0.1894,690491.1
2026-02-09 21:30:00,0.1894,0.1895,0.187,0.1877,3946312.6
2026-02-09 21:45:00,0.1877,0.1902,0.1871,0.1894,3211925.2
2026-02-09 22:00:00,0.1895,0.1909,0.1892,0.1908,1151938.6
2026-02-09 22:15:00,0.1907,0.1907,0.1896,0.19,1024019.9
2026-02-09 22:30:00,0.1901,0.1903,0.1896,0.1899,1044475.1
2026-02-09 22:45:00,0.1899,0.1904,0.1896,0.19,275008.8
2026-02-09 23:00:00,0.1899,0.1902,0.1892,0.1895,566331.2
2026-02-09 23:15:00,0.1896,0.1898,0.1891,0.1894,813320.5
2026-02-09 23:30:00,0.1895,0.1897,0.1893,0.1893,489568.5
2026-02-09 23:45:00,0.1894,0.1895,0.1886,0.189,802386.6
2026-02-10 00:00:00,0.189,0.1894,0.1881,0.1886,1576357.4
2026-02-10 00:15:00,0.1886,0.1889,0.1879,0.1883,904315.3
2026-02-10 00:30:00,0.1883,0.1889,0.188,0.1882,562988.8
2026-02-10 00:45:00,0.1881,0.1886,0.188,0.1884,335478.2
2026-02-10 01:00:00,0.1884,0.1891,0.1882,0.1889,901713.7
2026-02-10 01:15:00,0.1889,0.1896,0.1885,0.1893,769256.8
2026-02-10 01:30:00,0.1893,0.1898,0.1886,0.1894,1207354.8
2026-02-10 01:45:00,0.1895,0.1897,0.189,0.1893,727170.2
2026-02-10 02:00:00,0.1893,0.1894,0.1889,0.1889,1054243.7
2026-02-10 02:15:00,0.189,0.1894,0.1884,0.1884,903675.8
2026-02-10 02:30:00,0.1885,0.1888,0.1879,0.188,999986.6
2026-02-10 02:45:00,0.188,0.1885,0.1878,0.1883,787763.9
2026-02-10 03:00:00,0.1883,0.1883,0.1866,0.1872,1791561.1
2026-02-10 03:15:00,0.1871,0.1874,0.1855,0.1857,2581463.0
2026-02-10 03:30:00,0.1856,0.1858,0.1842,0.1852,3289099.4
2026-02-10 03:45:00,0.1852,0.1862,0.185,0.1859,1366308.8
2026-02-10 04:00:00,0.1859,0.187,0.1857,0.187,1516323.5
2026-02-10 04:15:00,0.187,0.1872,0.1865,0.1872,1020877.9
2026-02-10 04:30:00,0.1871,0.1872,0.1863,0.1866,658308.7
2026-02-10 04:45:00,0.1865,0.1875,0.1865,0.1873,822261.5
2026-02-10 05:00:00,0.1873,0.1873,0.1866,0.1869,975622.6
2026-02-10 05:15:00,0.1869,0.1869,0.186,0.1861,677583.3
2026-02-10 05:30:00,0.186,0.1865,0.1851,0.1853,1912852.6
2026-02-10 05:45:00,0.1852,0.1853,0.1841,0.1847,1880788.0
2026-02-10 06:00:00,0.1847,0.185,0.1842,0.1844,2034915.2
2026-02-10 06:15:00,0.1844,0.1846,0.1834,0.1838,2990602.9
2026-02-10 06:30:00,0.1839,0.1843,0.1829,0.1831,2411875.9
2026-02-10 06:45:00,0.1831,0.1832,0.181,0.1817,6563878.9
2026-02-10 07:00:00,0.1817,0.1835,0.1817,0.1828,2553002.8
2026-02-10 07:15:00,0.1828,0.183,0.182,0.1829,1453759.9
2026-02-10 07:30:00,0.1829,0.1832,0.1825,0.1827,971827.1
2026-02-10 07:45:00,0.1826,0.183,0.1824,0.1827,1182576.5
2026-02-10 08:00:00,0.1827,0.1831,0.1825,0.1826,2404292.5
2026-02-10 08:15:00,0.1826,0.1837,0.1823,0.1836,1461887.6
2026-02-10 08:30:00,0.1836,0.1839,0.1829,0.1835,1432722.4
2026-02-10 08:45:00,0.1835,0.1837,0.1832,0.1834,947379.3
2026-02-10 09:00:00,0.1834,0.1845,0.1833,0.1839,1327210.7
2026-02-10 09:15:00,0.184,0.1842,0.1837,0.1839,1063382.4
2026-02-10 09:30:00,0.1839,0.1841,0.1835,0.1839,661119.6
2026-02-10 09:45:00,0.1839,0.1844,0.1832,0.1837,1818271.4
2026-02-10 10:00:00,0.1837,0.1841,0.1833,0.1835,711757.3
2026-02-10 10:15:00,0.1836,0.184,0.1831,0.1833,1273020.5
2026-02-10 10:30:00,0.1833,0.1833,0.1826,0.1826,582881.7
2026-02-10 10:45:00,0.1826,0.183,0.1825,0.1826,492824.1
2026-02-10 11:00:00,0.1826,0.1829,0.1825,0.1826,917444.7
2026-02-10 11:15:00,0.1826,0.1827,0.1822,0.1824,817913.2
2026-02-10 11:30:00,0.1824,0.183,0.1814,0.182,1870990.5
2026-02-10 11:45:00,0.182,0.1825,0.1813,0.1816,2119023.2
2026-02-10 12:00:00,0.1816,0.1826,0.1816,0.1817,1217871.1
2026-02-10 12:15:00,0.1817,0.1819,0.1814,0.1814,473939.9
2026-02-10 12:30:00,0.1814,0.1815,0.1805,0.1807,1564238.5
2026-02-10 12:45:00,0.1807,0.1809,0.1805,0.1807,694635.7
2026-02-10 13:00:00,0.1807,0.1812,0.1802,0.1808,3296071.6
2026-02-10 13:15:00,0.1808,0.1812,0.1805,0.181,2062075.4
2026-02-10 13:30:00,0.181,0.1822,0.1808,0.1821,3128700.7
2026-02-10 13:45:00,0.1821,0.1823,0.1816,0.1821,1319674.9
2026-02-10 14:00:00,0.1822,0.1827,0.1819,0.1825,1737182.9
2026-02-10 14:15:00,0.1825,0.1843,0.1825,0.1836,5007085.0
2026-02-10 14:30:00,0.1836,0.1847,0.1814,0.183,5968680.9
2026-02-10 14:45:00,0.1829,0.1835,0.1815,0.1828,2757443.0
2026-02-10 15:00:00,0.1828,0.1844,0.182,0.1828,3225890.7
2026-02-10 15:15:00,0.1828,0.1851,0.1824,0.1845,2366676.1
2026-02-10 15:30:00,0.1845,0.1856,0.1844,0.1848,3893794.8
2026-02-10 15:45:00,0.1848,0.1849,0.1837,0.1843,2098620.7
2026-02-10 16:00:00,0.1843,0.1852,0.1827,0.1849,2164917.4
2026-02-10 16:15:00,0.185,0.1853,0.1837,0.1842,2060255.5
2026-02-10 16:30:00,0.1842,0.185,0.1837,0.1843,1151663.6
2026-02-10 16:45:00,0.1844,0.1846,0.183,0.1835,1244304.7
2026-02-10 17:00:00,0.1835,0.1836,0.1825,0.1826,1567104.9
2026-02-10 17:15:00,0.1827,0.1839,0.1825,0.1834,891275.7
2026-02-10 17:30:00,0.1834,0.1847,0.1832,0.1841,1800217.9
2026-02-10 17:45:00,0.1841,0.1844,0.1834,0.1839,746864.1
2026-02-10 18:00:00,0.184,0.1844,0.1829,0.1831,1924995.5
2026-02-10 18:15:00,0.1831,0.1836,0.1813,0.1816,3011402.2
2026-02-10 18:30:00,0.1816,0.1821,0.1807,0.1815,2770805.5
2026-02-10 18:45:00,0.1816,0.1816,0.1802,0.1812,2276525.4
2026-02-10 19:00:00,0.1812,0.1815,0.1805,0.1811,1611484.7
2026-02-10 19:15:00,0.1811,0.1813,0.1804,0.1809,1052963.6
2026-02-10 19:30:00,0.1809,0.1827,0.1808,0.1826,1614991.8
2026-02-10 19:45:00,0.1825,0.1827,0.1817,0.1818,1383412.9
2026-02-10 20:00:00,0.1819,0.1822,0.1812,0.1813,948480.6
2026-02-10 20:15:00,0.1812,0.182,0.1812,0.1816,1040659.3
2026-02-10 20:30:00,0.1816,0.1825,0.1816,0.1825,1154934.1
2026-02-10 20:45:00,0.1825,0.1827,0.1818,0.1821,1210355.2
2026-02-10 21:00:00,0.182,0.1825,0.1819,0.1822,724486.1
2026-02-10 21:15:00,0.1822,0.1826,0.1816,0.1816,871100.8
2026-02-10 21:30:00,0.1816,0.1818,0.1809,0.1812,1405124.9
2026-02-10 21:45:00,0.1813,0.1822,0.1812,0.1817,1054912.0
2026-02-10 22:00:00,0.1818,0.1822,0.1815,0.1819,817904.3
2026-02-10 22:15:00,0.182,0.1827,0.1818,0.1827,599061.4
2026-02-10 22:30:00,0.1826,0.1833,0.1825,0.1827,773701.4
2026-02-10 22:45:00,0.1827,0.1828,0.1819,0.1821,423287.9
2026-02-10 23:00:00,0.1821,0.1825,0.1818,0.1822,957874.2
2026-02-10 23:15:00,0.1822,0.1826,0.182,0.1825,377270.9
2026-02-10 23:30:00,0.1825,0.1832,0.1824,0.1829,481551.3
2026-02-10 23:45:00,0.1828,0.183,0.1826,0.1828,544544.2
2026-02-11 00:00:00,0.1827,0.1833,0.1827,0.1831,1833000.6
2026-02-11 00:15:00,0.1831,0.1839,0.183,0.1836,1063071.9
2026-02-11 00:30:00,0.1837,0.1838,0.1831,0.1834,842199.8
2026-02-11 00:45:00,0.1834,0.1839,0.1833,0.1836,798635.4
2026-02-11 01:00:00,0.1837,0.184,0.1834,0.1839,1122209.3
2026-02-11 01:15:00,0.1839,0.1843,0.1835,0.1835,751890.4
2026-02-11 01:30:00,0.1836,0.1842,0.1835,0.1841,604624.0
2026-02-11 01:45:00,0.1841,0.1844,0.1838,0.1842,545773.0
2026-02-11 02:00:00,0.1841,0.185,0.184,0.1844,1047441.3
2026-02-11 02:15:00,0.1845,0.1852,0.1844,0.1851,857548.7
2026-02-11 02:30:00,0.185,0.1855,0.1849,0.1849,917148.2
2026-02-11 02:45:00,0.1849,0.185,0.1841,0.1841,1508266.7
2026-02-11 03:00:00,0.1841,0.1843,0.1832,0.1833,1465449.0
2026-02-11 03:15:00,0.1833,0.1839,0.1818,0.1835,2608710.8
2026-02-11 03:30:00,0.1834,0.1849,0.1833,0.1845,1381515.6
2026-02-11 03:45:00,0.1844,0.1845,0.1831,0.1831,1240817.8
2026-02-11 04:00:00,0.1831,0.1834,0.1825,0.1826,996138.1
2026-02-11 04:15:00,0.1826,0.1828,0.1813,0.1818,2782695.7
2026-02-11 04:30:00,0.1819,0.1819,0.1803,0.1807,3151415.4
2026-02-11 04:45:00,0.1807,0.1813,0.1797,0.1804,2626631.6
2026-02-11 05:00:00,0.1805,0.1813,0.1804,0.1807,1725918.3
2026-02-11 05:15:00,0.1808,0.1811,0.1797,0.1798,997141.5
2026-02-11 05:30:00,0.1798,0.1801,0.1791,0.1792,1518015.2
2026-02-11 05:45:00,0.1792,0.1795,0.1786,0.1791,1892479.0
2026-02-11 06:00:00,0.1792,0.1795,0.1771,0.1775,3484906.7
2026-02-11 06:15:00,0.1775,0.1787,0.1767,0.1785,3880264.1
2026-02-11 06:30:00,0.1785,0.1788,0.1774,0.1774,1949498.1
2026-02-11 06:45:00,0.1775,0.1775,0.1762,0.1767,1713635.5
2026-02-11 07:00:00,0.1766,0.1774,0.1761,0.1765,1118004.0
2026-02-11 07:15:00,0.1766,0.1774,0.1759,0.1771,2366090.7
2026-02-11 07:30:00,0.1771,0.1783,0.1766,0.1771,8949010.9
2026-02-11 07:45:00,0.1771,0.1777,0.1768,0.1772,2082657.7
2026-02-11 08:00:00,0.1771,0.1772,0.1763,0.177,3254165.3
2026-02-11 08:15:00,0.177,0.1771,0.176,0.1767,6747544.9
2026-02-11 08:30:00,0.1767,0.1768,0.1761,0.1765,1572563.2
2026-02-11 08:45:00,0.1765,0.1768,0.1762,0.1767,983168.5
2026-02-11 09:00:00,0.1766,0.177,0.1759,0.1763,1173087.5
2026-02-11 09:15:00,0.1763,0.1765,0.1758,0.1765,817528.2
2026-02-11 09:30:00,0.1765,0.1769,0.1759,0.176,1078488.8
2026-02-11 09:45:00,0.176,0.1761,0.1756,0.1758,852645.7
2026-02-11 10:00:00,0.1759,0.1761,0.1752,0.1754,1184282.0
2026-02-11 10:15:00,0.1754,0.176,0.1752,0.1758,734333.1
2026-02-11 10:30:00,0.1758,0.1759,0.1746,0.1751,1133959.5
2026-02-11 10:45:00,0.1751,0.1755,0.1748,0.1752,1339128.4
2026-02-11 11:00:00,0.1752,0.1758,0.1752,0.1753,907232.2
2026-02-11 11:15:00,0.1753,0.1765,0.1752,0.1763,1444802.1
2026-02-11 11:30:00,0.1763,0.1768,0.1762,0.1765,1524652.9
2026-02-11 11:45:00,0.1765,0.1772,0.1763,0.1767,752004.4
2026-02-11 12:00:00,0.1768,0.1771,0.1762,0.1765,1326426.1
2026-02-11 12:15:00,0.1765,0.1776,0.1765,0.1772,906648.4
2026-02-11 12:30:00,0.1773,0.1774,0.1766,0.1768,662918.0
2026-02-11 12:45:00,0.1768,0.1769,0.1765,0.1769,547761.6
2026-02-11 13:00:00,0.1769,0.1773,0.1767,0.177,860900.5
2026-02-11 13:15:00,0.177,0.1771,0.1762,0.1767,2502823.7
2026-02-11 13:30:00,0.1767,0.1791,0.1766,0.1783,7078628.6
2026-02-11 13:45:00,0.1784,0.1797,0.1776,0.1797,1798738.7
2026-02-11 14:00:00,0.1797,0.1864,0.1795,0.1861,13696050.3
2026-02-11 14:15:00,0.1862,0.1864,0.1813,0.1815,7083086.5
2026-02-11 14:30:00,0.1816,0.1823,0.1777,0.1783,6289170.1
2026-02-11 14:45:00,0.1783,0.1788,0.1753,0.1755,4753002.1
2026-02-11 15:00:00,0.1756,0.1768,0.1729,0.1743,8490768.3
2026-02-11 15:15:00,0.1743,0.1764,0.174,0.1744,5477702.0
2026-02-11 15:30:00,0.1744,0.1754,0.1741,0.1751,3876118.9
2026-02-11 15:45:00,0.1752,0.1757,0.1733,0.1752,3109058.4
2026-02-11 16:00:00,0.1753,0.1786,0.1752,0.1783,3837530.5
2026-02-11 16:15:00,0.1783,0.1786,0.1765,0.1765,1979188.7
2026-02-11 16:30:00,0.1765,0.1772,0.1747,0.1752,3163618.6
2026-02-11 16:45:00,0.1752,0.1754,0.174,0.1742,2270009.4
2026-02-11 17:00:00,0.1742,0.1748,0.1736,0.1745,2442505.4
2026-02-11 17:15:00,0.1746,0.1775,0.1745,0.1772,2638796.1
2026-02-11 17:30:00,0.1771,0.178,0.1767,0.1769,2302093.6
2026-02-11 17:45:00,0.1768,0.1774,0.176,0.1763,2096969.6
2026-02-11 18:00:00,0.1763,0.1765,0.1748,0.1756,1858264.3
2026-02-11 18:15:00,0.1755,0.1786,0.1754,0.1783,2283306.3
2026-02-11 18:30:00,0.1783,0.1787,0.1771,0.1782,1960695.7
2026-02-11 18:45:00,0.1782,0.1792,0.1779,0.1783,1928612.1
2026-02-11 19:00:00,0.1783,0.1792,0.1777,0.1784,3240549.3
2026-02-11 19:15:00,0.1784,0.1788,0.1773,0.1774,1052315.8
2026-02-11 19:30:00,0.1773,0.178,0.1765,0.1779,1483670.8
2026-02-11 19:45:00,0.1779,0.1781,0.1767,0.1771,1224121.1
2026-02-11 20:00:00,0.177,0.1777,0.1762,0.1775,1499420.8
2026-02-11 20:15:00,0.1775,0.1778,0.1759,0.1761,1525036.5
2026-02-11 20:30:00,0.176,0.1771,0.176,0.1771,707438.3
2026-02-11 20:45:00,0.177,0.1793,0.1769,0.1788,1499081.6
2026-02-11 21:00:00,0.1788,0.1793,0.1785,0.1791,1501803.0
2026-02-11 21:15:00,0.1791,0.1814,0.1785,0.1813,2004938.5
2026-02-11 21:30:00,0.1813,0.1817,0.1801,0.1804,2191078.9
2026-02-11 21:45:00,0.1804,0.1812,0.1802,0.1806,956705.5
2026-02-11 22:00:00,0.1806,0.1809,0.1801,0.1806,1283397.7
2026-02-11 22:15:00,0.1806,0.1812,0.1802,0.1806,946873.7
2026-02-11 22:30:00,0.1806,0.1811,0.1797,0.1798,803734.8
2026-02-11 22:45:00,0.1798,0.1798,0.1783,0.1786,584869.1
2026-02-11 23:00:00,0.1786,0.1793,0.1775,0.1779,1698346.7
2026-02-11 23:15:00,0.1778,0.1783,0.1767,0.1772,1942739.9
2026-02-11 23:30:00,0.1772,0.1779,0.1765,0.1779,1434180.5
2026-02-11 23:45:00,0.1778,0.1781,0.1773,0.1777,993386.1
2026-02-12 00:00:00,0.1777,0.1793,0.1777,0.1791,1990112.9
2026-02-12 00:15:00,0.1791,0.1797,0.1785,0.1788,2075154.8
2026-02-12 00:30:00,0.1788,0.1801,0.1788,0.1798,1192426.5
2026-02-12 00:45:00,0.1798,0.1801,0.1792,0.1792,1109795.0
2026-02-12 01:00:00,0.1792,0.1797,0.1791,0.1796,1035162.7
2026-02-12 01:15:00,0.1797,0.1805,0.1794,0.1801,1636234.7
2026-02-12 01:30:00,0.1802,0.1807,0.1797,0.18,1866025.1
2026-02-12 01:45:00,0.18,0.18,0.1794,0.1795,712444.9
2026-02-12 02:00:00,0.1795,0.1801,0.179,0.1791,1269253.3
2026-02-12 02:15:00,0.1791,0.1797,0.1789,0.1797,765914.9
2026-02-12 02:30:00,0.1796,0.1812,0.1796,0.181,2146346.4
2026-02-12 02:45:00,0.1811,0.1811,0.1799,0.1801,1071236.3
2026-02-12 03:00:00,0.18,0.1808,0.1798,0.1807,847624.1
2026-02-12 03:15:00,0.1806,0.1808,0.1799,0.1802,802401.7
2026-02-12 03:30:00,0.1802,0.1809,0.18,0.1808,958019.9
2026-02-12 03:45:00,0.1807,0.1811,0.1805,0.1808,983249.0
2026-02-12 04:00:00,0.1808,0.1811,0.1804,0.1808,773181.9
2026-02-12 04:15:00,0.1808,0.181,0.1799,0.1805,895158.9
2026-02-12 04:30:00,0.1805,0.1819,0.1804,0.1818,1126714.9
2026-02-12 04:45:00,0.1817,0.1819,0.1808,0.181,898937.1
2026-02-12 05:00:00,0.181,0.1814,0.1803,0.1805,958107.1
2026-02-12 05:15:00,0.1804,0.1815,0.1797,0.181,1848499.2
2026-02-12 05:30:00,0.1811,0.1824,0.181,0.182,1915904.2
2026-02-12 05:45:00,0.1821,0.1825,0.1818,0.1822,993895.5
2026-02-12 06:00:00,0.1823,0.1829,0.182,0.1824,1177783.4
2026-02-12 06:15:00,0.1824,0.1838,0.1824,0.1836,1656607.2
2026-02-12 06:30:00,0.1836,0.1841,0.1834,0.1838,1339709.8
2026-02-12 06:45:00,0.1837,0.1839,0.1829,0.1832,716969.7
2026-02-12 07:00:00,0.1832,0.1834,0.1822,0.1826,1146224.9
2026-02-12 07:15:00,0.1825,0.184,0.1823,0.1836,935678.0
2026-02-12 07:30:00,0.1836,0.184,0.1833,0.1834,1090326.1
2026-02-12 07:45:00,0.1835,0.1844,0.1833,0.1843,635862.1
2026-02-12 08:00:00,0.1843,0.1847,0.1838,0.1842,2218440.8
2026-02-12 08:15:00,0.1842,0.1843,0.183,0.183,1506323.9
2026-02-12 08:30:00,0.183,0.1831,0.1819,0.1826,6540455.1
2026-02-12 08:45:00,0.1825,0.1833,0.1822,0.1829,1057385.1
2026-02-12 09:00:00,0.1829,0.1832,0.1823,0.1827,1209109.6
2026-02-12 09:15:00,0.1827,0.1836,0.1826,0.1833,817961.6
2026-02-12 09:30:00,0.1834,0.1842,0.1831,0.1837,1095187.2
2026-02-12 09:45:00,0.1838,0.184,0.183,0.1835,1560223.1
2026-02-12 10:00:00,0.1836,0.184,0.1831,0.1832,975750.5
2026-02-12 10:15:00,0.1832,0.1833,0.1826,0.1829,1139705.5
2026-02-12 10:30:00,0.183,0.1836,0.1827,0.1829,740944.3
2026-02-12 10:45:00,0.183,0.1845,0.1829,0.1844,1606541.8
2026-02-12 11:00:00,0.1845,0.185,0.1834,0.1837,2390587.6
2026-02-12 11:15:00,0.1837,0.186,0.1835,0.1852,4218724.8
2026-02-12 11:30:00,0.1853,0.1856,0.1844,0.1846,2516135.5
2026-02-12 11:45:00,0.1847,0.1849,0.1843,0.1843,1344259.7
2026-02-12 12:00:00,0.1844,0.1846,0.183,0.1834,2254094.3
2026-02-12 12:15:00,0.1833,0.1834,0.1826,0.1828,1530311.5
2026-02-12 12:30:00,0.1828,0.1828,0.1822,0.1822,1538323.1
2026-02-12 12:45:00,0.1822,0.1824,0.1814,0.1818,2528489.7
2026-02-12 13:00:00,0.1819,0.1819,0.1807,0.181,2757806.6
2026-02-12 13:15:00,0.181,0.1811,0.1794,0.1798,3095321.9
2026-02-12 13:30:00,0.1798,0.1813,0.1798,0.1811,3027763.2
2026-02-12 13:45:00,0.1811,0.1819,0.1806,0.1817,2268926.1
2026-02-12 14:00:00,0.1818,0.1819,0.1797,0.1799,2303071.8
2026-02-12 14:15:00,0.1799,0.1806,0.1796,0.1803,1532731.9
2026-02-12 14:30:00,0.1803,0.1816,0.1801,0.1804,2530915.4
2026-02-12 14:45:00,0.1804,0.1819,0.1803,0.1808,1859877.8
2026-02-12 15:00:00,0.1809,0.1812,0.1791,0.1806,3328583.2
2026-02-12 15:15:00,0.1805,0.1828,0.18,0.1827,2415871.2
2026-02-12 15:30:00,0.1827,0.183,0.18,0.1808,2474744.3
2026-02-12 15:45:00,0.1809,0.1812,0.1789,0.1792,2834892.4
2026-02-12 16:00:00,0.1792,0.1799,0.177,0.1772,5763761.6
2026-02-12 16:15:00,0.1772,0.1781,0.1758,0.1763,4835434.3
2026-02-12 16:30:00,0.1762,0.1787,0.1755,0.1784,4306849.1
2026-02-12 16:45:00,0.1783,0.1787,0.1762,0.1769,4531487.9
2026-02-12 17:00:00,0.1768,0.178,0.1763,0.177,3008563.3
2026-02-12 17:15:00,0.1769,0.1791,0.1766,0.1782,1828128.4
2026-02-12 17:30:00,0.1782,0.1793,0.1776,0.1784,1782259.9
2026-02-12 17:45:00,0.1784,0.1785,0.1769,0.177,1139139.7
2026-02-12 18:00:00,0.1769,0.1787,0.1768,0.1782,2292206.9
2026-02-12 18:15:00,0.1781,0.1782,0.177,0.1774,2073687.1
2026-02-12 18:30:00,0.1773,0.1786,0.1767,0.1783,2403971.4
2026-02-12 18:45:00,0.1782,0.1791,0.1779,0.1785,1457840.1
2026-02-12 19:00:00,0.1785,0.1791,0.1779,0.1788,1385830.0
2026-02-12 19:15:00,0.1788,0.182,0.1785,0.1811,3175472.8
2026-02-12 19:30:00,0.1811,0.1835,0.181,0.1816,3405671.2
2026-02-12 19:45:00,0.1817,0.1822,0.1802,0.1803,1215993.7
2026-02-12 20:00:00,0.1804,0.1809,0.1792,0.1797,1415165.6
2026-02-12 20:15:00,0.1797,0.1803,0.1789,0.1793,1581737.7
2026-02-12 20:30:00,0.1792,0.1797,0.1788,0.1794,999557.9
2026-02-12 20:45:00,0.1794,0.1794,0.178,0.1785,1403796.3
2026-02-12 21:00:00,0.1786,0.1795,0.1786,0.1794,1269045.4
2026-02-12 21:15:00,0.1794,0.1799,0.1789,0.1791,857378.9
2026-02-12 21:30:00,0.1791,0.1801,0.1789,0.1796,900321.6
2026-02-12 21:45:00,0.1796,0.18,0.1794,0.1798,478583.3
2026-02-12 22:00:00,0.1797,0.1798,0.1791,0.1795,994050.6
2026-02-12 22:15:00,0.1796,0.1801,0.1791,0.1799,596524.1
2026-02-12 22:30:00,0.18,0.181,0.1798,0.1809,820898.7
2026-02-12 22:45:00,0.1809,0.1823,0.1809,0.1821,672229.7
2026-02-12 23:00:00,0.1821,0.183,0.182,0.1823,1225671.6
2026-02-12 23:15:00,0.1823,0.1833,0.1822,0.1832,906599.3
2026-02-12 23:30:00,0.1832,0.1835,0.1827,0.1832,1310909.8
2026-02-12 23:45:00,0.1833,0.1833,0.1825,0.1827,1197468.1
2026-02-13 00:00:00,0.1827,0.1837,0.1823,0.1829,1735212.9
2026-02-13 00:15:00,0.183,0.183,0.1819,0.182,1148407.3
2026-02-13 00:30:00,0.182,0.1821,0.1807,0.1807,1196145.3
2026-02-13 00:45:00,0.1807,0.1817,0.1807,0.1815,1305004.7
2026-02-13 01:00:00,0.1814,0.1819,0.1811,0.1818,939005.1
2026-02-13 01:15:00,0.1818,0.182,0.1808,0.1814,1570112.7
2026-02-13 01:30:00,0.1813,0.1819,0.1811,0.1813,1359088.0
2026-02-13 01:45:00,0.1814,0.1817,0.1807,0.1811,1107205.4
2026-02-13 02:00:00,0.1811,0.1816,0.1811,0.1813,894376.5
2026-02-13 02:15:00,0.1813,0.1817,0.1809,0.1811,1243177.2
2026-02-13 02:30:00,0.1811,0.1814,0.1807,0.1814,775481.5
2026-02-13 02:45:00,0.1813,0.1819,0.1811,0.1816,802009.1
2026-02-13 03:00:00,0.1815,0.1816,0.1803,0.1803,1123135.1
2026-02-13 03:15:00,0.1804,0.1812,0.1802,0.181,725650.8
2026-02-13 03:30:00,0.1809,0.1818,0.1809,0.181,1094779.0
2026-02-13 03:45:00,0.1809,0.1811,0.1804,0.1807,453413.9
2026-02-13 04:00:00,0.1806,0.1807,0.1798,0.18,719208.2
2026-02-13 04:15:00,0.1799,0.1804,0.1794,0.1799,835787.4
2026-02-13 04:30:00,0.1798,0.1804,0.1797,0.1799,640227.2
2026-02-13 04:45:00,0.1798,0.1804,0.1798,0.1801,474761.2
2026-02-13 05:00:00,0.18,0.1802,0.1791,0.1796,945839.3
2026-02-13 05:15:00,0.1796,0.1804,0.1794,0.18,631761.9
2026-02-13 05:30:00,0.1799,0.1806,0.1798,0.1801,1447883.0
2026-02-13 05:45:00,0.18,0.1801,0.1793,0.1794,755423.8
2026-02-13 06:00:00,0.1793,0.1798,0.1793,0.1796,519957.1
2026-02-13 06:15:00,0.1795,0.18,0.1784,0.1788,1550158.3
2026-02-13 06:30:00,0.1787,0.1794,0.1787,0.1794,878327.2
2026-02-13 06:45:00,0.1793,0.1808,0.1792,0.1807,789975.1
2026-02-13 07:00:00,0.1806,0.1815,0.1804,0.1814,1780598.3
2026-02-13 07:15:00,0.1813,0.1817,0.1812,0.1815,877420.3
2026-02-13 07:30:00,0.1814,0.1814,0.1803,0.1804,1392581.4
2026-02-13 07:45:00,0.1804,0.181,0.1802,0.1807,1664827.4
2026-02-13 08:00:00,0.1806,0.1811,0.1804,0.1808,1777782.4
2026-02-13 08:15:00,0.1808,0.1818,0.1806,0.1818,2468032.6
2026-02-13 08:30:00,0.1817,0.1825,0.1815,0.1822,1618578.0
2026-02-13 08:45:00,0.1822,0.1831,0.1821,0.1825,1501956.9
2026-02-13 09:00:00,0.1824,0.1824,0.1815,0.1818,1037257.0
2026-02-13 09:15:00,0.1818,0.1821,0.1816,0.182,700848.8
2026-02-13 09:30:00,0.182,0.1822,0.1816,0.1816,1410280.6
2026-02-13 09:45:00,0.1816,0.1819,0.1816,0.1817,772011.6
2026-02-13 10:00:00,0.1817,0.1822,0.1816,0.1822,1184988.7
2026-02-13 10:15:00,0.1822,0.1828,0.182,0.1823,863505.4
2026-02-13 10:30:00,0.1822,0.1828,0.1821,0.1826,815170.4
2026-02-13 10:45:00,0.1826,0.1828,0.182,0.1822,892486.8
2026-02-13 11:00:00,0.1821,0.1822,0.1808,0.181,4504641.9
2026-02-13 11:15:00,0.181,0.1821,0.1809,0.1818,4558990.2
2026-02-13 11:30:00,0.1818,0.1819,0.1811,0.1816,1432736.8
2026-02-13 11:45:00,0.1815,0.182,0.1811,0.1818,1781939.0
2026-02-13 12:00:00,0.1817,0.1817,0.1803,0.1807,1671610.5
2026-02-13 12:15:00,0.1807,0.1812,0.1805,0.1812,1202859.0
2026-02-13 12:30:00,0.1811,0.1814,0.1807,0.181,741268.1
2026-02-13 12:45:00,0.181,0.1816,0.1808,0.1813,568805.3
2026-02-13 13:00:00,0.1813,0.1818,0.181,0.1816,1363622.0
2026-02-13 13:15:00,0.1816,0.1836,0.1816,0.1831,2312443.2
2026-02-13 13:30:00,0.1831,0.1841,0.1821,0.1821,3681786.1
2026-02-13 13:45:00,0.1821,0.183,0.1818,0.1825,1084586.5
2026-02-13 14:00:00,0.1825,0.1826,0.1815,0.1817,943472.3
2026-02-13 14:15:00,0.1817,0.1827,0.1815,0.1826,901317.2
2026-02-13 14:30:00,0.1826,0.1843,0.1822,0.1834,4137738.8
2026-02-13 14:45:00,0.1835,0.1853,0.183,0.1835,6393370.3
2026-02-13 15:00:00,0.1835,0.1868,0.1835,0.1863,4338099.5
2026-02-13 15:15:00,0.1863,0.1882,0.1854,0.188,6872200.9
2026-02-13 15:30:00,0.1881,0.1897,0.1862,0.1864,5498065.5
2026-02-13 15:45:00,0.1864,0.1865,0.1853,0.1859,2046320.7
2026-02-13 16:00:00,0.186,0.1876,0.1854,0.1872,3437167.9
2026-02-13 16:15:00,0.1873,0.1883,0.1869,0.1883,1330896.9
2026-02-13 16:30:00,0.1883,0.1896,0.1878,0.189,2182896.2
2026-02-13 16:45:00,0.1891,0.1895,0.1883,0.1888,1352508.5
2026-02-13 17:00:00,0.1888,0.1889,0.1875,0.1889,1813457.4
2026-02-13 17:15:00,0.1889,0.1896,0.1885,0.1893,1363792.5
2026-02-13 17:30:00,0.1893,0.1904,0.1891,0.19,5123322.8
2026-02-13 17:45:00,0.1901,0.1902,0.189,0.189,3435391.3
2026-02-13 18:00:00,0.1891,0.1892,0.1883,0.1884,2275935.2
2026-02-13 18:15:00,0.1884,0.1894,0.1881,0.189,1060099.8
2026-02-13 18:30:00,0.1891,0.19,0.1888,0.1896,1186980.7
2026-02-13 18:45:00,0.1897,0.1901,0.1892,0.1894,1497774.8
2026-02-13 19:00:00,0.1895,0.19,0.1892,0.1897,1104943.3
2026-02-13 19:15:00,0.1897,0.1901,0.1892,0.1892,630626.5
2026-02-13 19:30:00,0.1893,0.1894,0.1889,0.1892,952334.7
2026-02-13 19:45:00,0.1893,0.1903,0.1892,0.1897,982138.3
2026-02-13 20:00:00,0.1897,0.1902,0.1894,0.1894,1213675.1
2026-02-13 20:15:00,0.1895,0.1902,0.1893,0.1899,578923.6
2026-02-13 20:30:00,0.1899,0.1905,0.1895,0.1901,602078.1
2026-02-13 20:45:00,0.1901,0.1904,0.1898,0.19,585368.6
2026-02-13 21:00:00,0.1901,0.1917,0.1901,0.1914,2137256.0
2026-02-13 21:15:00,0.1915,0.1916,0.1905,0.1905,637487.0
2026-02-13 21:30:00,0.1906,0.1912,0.1904,0.1911,524454.3
2026-02-13 21:45:00,0.1912,0.1912,0.1907,0.1911,662516.7
2026-02-13 22:00:00,0.1912,0.1918,0.1902,0.1902,2023597.5
2026-02-13 22:15:00,0.1903,0.1908,0.1902,0.1907,454673.7
2026-02-13 22:30:00,0.1908,0.1909,0.1899,0.1901,601611.4
2026-02-13 22:45:00,0.1902,0.1902,0.1894,0.1898,782731.3
2026-02-13 23:00:00,0.1899,0.19,0.1892,0.1897,539823.4
2026-02-13 23:15:00,0.1898,0.1902,0.1895,0.1896,570454.1
2026-02-13 23:30:00,0.1897,0.1899,0.189,0.189,670758.0
2026-02-13 23:45:00,0.1891,0.1896,0.1891,0.1891,554866.8
2026-02-14 00:00:00,0.1892,0.1902,0.1892,0.19,2659006.8
2026-02-14 00:15:00,0.1901,0.1902,0.1894,0.1898,1014119.0
2026-02-14 00:30:00,0.1899,0.1909,0.1897,0.1908,937354.0
2026-02-14 00:45:00,0.1909,0.1911,0.1906,0.1906,1091265.7
2026-02-14 01:00:00,0.1907,0.1907,0.1899,0.1903,849642.2
2026-02-14 01:15:00,0.1904,0.1908,0.19,0.1905,657890.6
2026-02-14 01:30:00,0.1906,0.1906,0.19,0.1903,641346.0
2026-02-14 01:45:00,0.1904,0.1907,0.1903,0.1903,421124.9
2026-02-14 02:00:00,0.1904,0.1909,0.1902,0.1909,715286.5
2026-02-14 02:15:00,0.1909,0.191,0.1901,0.1903,742625.3
2026-02-14 02:30:00,0.1903,0.1907,0.1901,0.1907,552491.5
2026-02-14 02:45:00,0.1907,0.1908,0.1905,0.1905,1197269.1
2026-02-14 03:00:00,0.1906,0.1916,0.1904,0.1916,1402081.2
2026-02-14 03:15:00,0.1916,0.1918,0.1907,0.1912,732101.4
2026-02-14 03:30:00,0.1913,0.1922,0.1912,0.1915,1090807.0
2026-02-14 03:45:00,0.1916,0.1918,0.1912,0.1915,1197045.3
2026-02-14 04:00:00,0.1915,0.1917,0.1908,0.1911,685271.4
2026-02-14 04:15:00,0.1912,0.1913,0.1907,0.1912,585169.0
2026-02-14 04:30:00,0.1913,0.1916,0.191,0.1916,564319.0
2026-02-14 04:45:00,0.1916,0.1916,0.1911,0.1911,471024.7
2026-02-14 05:00:00,0.1912,0.1919,0.1907,0.1919,970378.5
2026-02-14 05:15:00,0.1919,0.1919,0.191,0.1911,922210.4
2026-02-14 05:30:00,0.1911,0.1912,0.1907,0.1911,587659.1
2026-02-14 05:45:00,0.1911,0.1912,0.1904,0.1906,594743.4
2026-02-14 06:00:00,0.1906,0.1909,0.1897,0.19,1202881.4
2026-02-14 06:15:00,0.19,0.1905,0.1899,0.1901,875742.8
2026-02-14 06:30:00,0.1901,0.1902,0.1897,0.1898,677526.3
2026-02-14 06:45:00,0.1898,0.1903,0.1896,0.1903,778241.7
2026-02-14 07:00:00,0.1903,0.1911,0.1901,0.1911,669833.1
2026-02-14 07:15:00,0.1911,0.1915,0.1908,0.1914,701631.2
2026-02-14 07:30:00,0.1914,0.1918,0.1912,0.1918,979539.4
2026-02-14 07:45:00,0.1918,0.1918,0.1908,0.1911,980461.9
2026-02-14 08:00:00,0.1911,0.1931,0.191,0.1924,3117823.4
2026-02-14 08:15:00,0.1925,0.1927,0.1921,0.1923,1123708.2
2026-02-14 08:30:00,0.1924,0.1935,0.1923,0.193,1811490.2
2026-02-14 08:45:00,0.1931,0.1935,0.1928,0.1934,1250100.1
2026-02-14 09:00:00,0.1935,0.1937,0.1931,0.1931,807984.0
2026-02-14 09:15:00,0.1932,0.1934,0.1929,0.1931,791133.4
2026-02-14 09:30:00,0.1932,0.1934,0.1928,0.1928,840591.3
2026-02-14 09:45:00,0.1929,0.1934,0.1926,0.1929,619851.6
2026-02-14 10:00:00,0.193,0.193,0.1921,0.1923,867916.2
2026-02-14 10:15:00,0.1924,0.1926,0.1918,0.192,902661.7
2026-02-14 10:30:00,0.1921,0.1922,0.1918,0.1918,714084.1
2026-02-14 10:45:00,0.1919,0.1922,0.1916,0.192,639642.4
2026-02-14 11:00:00,0.1921,0.1928,0.1919,0.1926,1528685.8
2026-02-14 11:15:00,0.1926,0.1944,0.1925,0.194,2612013.7
2026-02-14 11:30:00,0.1941,0.1943,0.1933,0.1936,1609252.2
2026-02-14 11:45:00,0.1937,0.1945,0.1936,0.1941,2488311.9
2026-02-14 12:00:00,0.1941,0.1946,0.1938,0.1945,1369342.0
2026-02-14 12:15:00,0.1946,0.1951,0.194,0.1944,1799064.8
2026-02-14 12:30:00,0.1945,0.1947,0.1936,0.1942,2536521.9
2026-02-14 12:45:00,0.1942,0.1942,0.1931,0.1932,2329169.8
2026-02-14 13:00:00,0.1932,0.1934,0.1921,0.1932,1630780.6
2026-02-14 13:15:00,0.1933,0.1936,0.1924,0.1926,1437789.7
2026-02-14 13:30:00,0.1926,0.1933,0.1923,0.1928,944583.1
2026-02-14 13:45:00,0.1929,0.1935,0.1927,0.1933,962844.6
2026-02-14 14:00:00,0.1933,0.1939,0.1931,0.1936,880129.4
2026-02-14 14:15:00,0.1937,0.1941,0.1931,0.1936,872127.2
2026-02-14 14:30:00,0.1937,0.1947,0.1935,0.194,1402309.9
2026-02-14 14:45:00,0.194,0.1961,0.1939,0.1957,3319495.2
2026-02-14 15:00:00,0.1958,0.1958,0.1946,0.1947,2116646.0
2026-02-14 15:15:00,0.1947,0.1952,0.1944,0.1945,1567590.1
2026-02-14 15:30:00,0.1946,0.1953,0.1942,0.1951,1882238.1
2026-02-14 15:45:00,0.195,0.1963,0.1947,0.1961,2442756.9
2026-02-14 16:00:00,0.196,0.1963,0.1954,0.1958,2201047.1
2026-02-14 16:15:00,0.1957,0.1959,0.1947,0.1952,2321455.2
2026-02-14 16:30:00,0.1952,0.1968,0.1945,0.1966,1635985.1
2026-02-14 16:45:00,0.1966,0.1982,0.1962,0.1978,3026609.8
2026-02-14 17:00:00,0.1978,0.1982,0.1967,0.1978,3291176.9
2026-02-14 17:15:00,0.1978,0.1988,0.1976,0.1982,1648177.5
2026-02-14 17:30:00,0.1982,0.1986,0.1968,0.197,1604394.7
2026-02-14 17:45:00,0.1969,0.197,0.1962,0.1963,995327.6
2026-02-14 18:00:00,0.1964,0.1973,0.1961,0.1972,1176630.6
2026-02-14 18:15:00,0.1972,0.1979,0.197,0.1972,1047112.5
2026-02-14 18:30:00,0.1973,0.1978,0.1971,0.1974,1424929.1
2026-02-14 18:45:00,0.1974,0.1981,0.1973,0.1978,1069626.9
2026-02-14 19:00:00,0.1978,0.1982,0.1973,0.1976,1057282.5
2026-02-14 19:15:00,0.1976,0.1993,0.1968,0.1989,2343512.2
2026-02-14 19:30:00,0.1988,0.1997,0.1986,0.1988,1914161.1
2026-02-14 19:45:00,0.1987,0.2001,0.1986,0.1997,1883027.9
2026-02-14 20:00:00,0.1998,0.2007,0.1985,0.1988,2681142.0
2026-02-14 20:15:00,0.1988,0.1991,0.1973,0.1982,2319972.8
2026-02-14 20:30:00,0.1982,0.1984,0.1975,0.1978,829505.9
2026-02-14 20:45:00,0.1978,0.1987,0.1977,0.1986,792980.0
2026-02-14 21:00:00,0.1987,0.1998,0.1986,0.1994,2443254.3
2026-02-14 21:15:00,0.1995,0.1998,0.1986,0.1988,1540225.2
2026-02-14 21:30:00,0.1988,0.1989,0.1972,0.198,2804047.8
2026-02-14 21:45:00,0.198,0.1984,0.1976,0.1981,685555.3
2026-02-14 22:00:00,0.1981,0.1994,0.1979,0.1992,911298.6
2026-02-14 22:15:00,0.1992,0.1994,0.1981,0.1987,1040470.9
2026-02-14 22:30:00,0.1988,0.2003,0.1987,0.1998,1156979.5
2026-02-14 22:45:00,0.1998,0.2,0.1987,0.1988,616216.1
2026-02-14 23:00:00,0.1988,0.1992,0.1983,0.1987,1316184.6
2026-02-14 23:15:00,0.1986,0.199,0.1973,0.1977,1313381.0
2026-02-14 23:30:00,0.1976,0.1979,0.1969,0.1974,798276.2
2026-02-14 23:45:00,0.1973,0.1975,0.1969,0.197,1092458.9
2026-02-15 00:00:00,0.197,0.1977,0.1963,0.1965,1829003.7
2026-02-15 00:15:00,0.1964,0.1967,0.1957,0.1958,2023743.5
2026-02-15 00:30:00,0.1958,0.1963,0.1954,0.1959,1671379.0
2026-02-15 00:45:00,0.1959,0.1966,0.1952,0.1962,1893343.5
2026-02-15 01:00:00,0.1961,0.1973,0.196,0.197,1682178.0
2026-02-15 01:15:00,0.197,0.1972,0.1948,0.1955,2495363.2
2026-02-15 01:30:00,0.1956,0.1964,0.1952,0.1956,1672389.2
2026-02-15 01:45:00,0.1955,0.1965,0.1953,0.1963,1096289.5
2026-02-15 02:00:00,0.1962,0.1972,0.1956,0.196,2135309.0
2026-02-15 02:15:00,0.196,0.1963,0.1949,0.1951,899351.1
2026-02-15 02:30:00,0.1951,0.1957,0.1941,0.1954,2534934.2
2026-02-15 02:45:00,0.1954,0.1957,0.1947,0.1953,865757.2
2026-02-15 03:00:00,0.1953,0.1958,0.1952,0.1952,1495896.6
2026-02-15 03:15:00,0.1952,0.1957,0.1946,0.1947,1115941.0
2026-02-15 03:30:00,0.1946,0.1949,0.1923,0.1933,7312569.9
2026-02-15 03:45:00,0.1932,0.1958,0.1932,0.1958,2666446.9
2026-02-15 04:00:00,0.1957,0.1983,0.1955,0.1978,3594138.7
2026-02-15 04:15:00,0.1978,0.1983,0.1954,0.1956,1927460.0
2026-02-15 04:30:00,0.1955,0.1965,0.1953,0.196,1215150.7
2026-02-15 04:45:00,0.196,0.1963,0.1953,0.1958,757400.9
2026-02-15 05:00:00,0.1958,0.1964,0.1954,0.1962,1076505.7
2026-02-15 05:15:00,0.1963,0.1971,0.1959,0.1964,1448831.4
2026-02-15 05:30:00,0.1965,0.1973,0.1964,0.1971,899254.4
2026-02-15 05:45:00,0.1972,0.1975,0.1966,0.1968,971764.1
2026-02-15 06:00:00,0.1969,0.197,0.1965,0.1969,948060.9
2026-02-15 06:15:00,0.1969,0.1972,0.1965,0.1966,523618.8
2026-02-15 06:30:00,0.1967,0.1971,0.1964,0.1965,721481.1
2026-02-15 06:45:00,0.1965,0.1966,0.1957,0.1962,1210547.1
2026-02-15 07:00:00,0.1963,0.197,0.1961,0.1968,735585.8
2026-02-15 07:15:00,0.1968,0.1976,0.1968,0.1969,1221914.1
2026-02-15 07:30:00,0.197,0.1983,0.1967,0.197,1012616.1
2026-02-15 07:45:00,0.197,0.1976,0.1969,0.1974,727513.9
2026-02-15 08:00:00,0.1975,0.198,0.1967,0.1969,1131310.1
2026-02-15 08:15:00,0.197,0.1975,0.1952,0.1953,1038628.5
2026-02-15 08:30:00,0.1954,0.1955,0.1927,0.1936,5060902.7
2026-02-15 08:45:00,0.1936,0.1944,0.1933,0.1942,1936938.6
2026-02-15 09:00:00,0.1942,0.1956,0.1938,0.1952,1969001.5
2026-02-15 09:15:00,0.1952,0.1953,0.1944,0.1946,1377933.8
2026-02-15 09:30:00,0.1947,0.1952,0.1941,0.1947,1324220.4
2026-02-15 09:45:00,0.1948,0.1952,0.1944,0.1949,887131.1
2026-02-15 10:00:00,0.1949,0.1949,0.1933,0.1936,1738393.1
2026-02-15 10:15:00,0.1937,0.194,0.1928,0.1935,1323852.4
2026-02-15 10:30:00,0.1936,0.1937,0.1927,0.1937,1174678.9
2026-02-15 10:45:00,0.1937,0.1944,0.1936,0.1942,2019759.6
2026-02-15 11:00:00,0.1941,0.1945,0.194,0.1941,1013840.7
2026-02-15 11:15:00,0.1941,0.1945,0.1937,0.194,469972.5
2026-02-15 11:30:00,0.1939,0.1944,0.1938,0.1942,719049.4
2026-02-15 11:45:00,0.1942,0.1945,0.1937,0.1942,902710.1
2026-02-15 12:00:00,0.1942,0.1943,0.1925,0.1929,1859035.8
2026-02-15 12:15:00,0.1929,0.1936,0.1927,0.1933,1465562.2
2026-02-15 12:30:00,0.1934,0.1938,0.1925,0.1931,1634825.1
2026-02-15 12:45:00,0.1931,0.1932,0.1881,0.1881,9977509.4
2026-02-15 13:00:00,0.1881,0.1898,0.1881,0.1895,4277118.0
2026-02-15 13:15:00,0.1894,0.1902,0.1882,0.1884,2700179.5
2026-02-15 13:30:00,0.1885,0.1888,0.1871,0.1877,5064656.6
2026-02-15 13:45:00,0.1877,0.1882,0.1864,0.1874,3320822.0
2026-02-15 14:00:00,0.1873,0.1881,0.1871,0.1876,2217222.2
2026-02-15 14:15:00,0.1877,0.1883,0.1877,0.1881,922687.7
2026-02-15 14:30:00,0.188,0.1894,0.188,0.1891,1295838.9
2026-02-15 14:45:00,0.1892,0.1894,0.1888,0.1893,984355.7
2026-02-15 15:00:00,0.1892,0.1897,0.189,0.1896,1354149.5
2026-02-15 15:15:00,0.1897,0.1897,0.1887,0.1889,1385606.8
2026-02-15 15:30:00,0.189,0.1893,0.1886,0.1893,645829.9
2026-02-15 15:45:00,0.1893,0.1895,0.1888,0.1893,752049.3
2026-02-15 16:00:00,0.1892,0.1895,0.1879,0.1891,2807517.0
2026-02-15 16:15:00,0.1892,0.1899,0.1888,0.1898,1669874.6
2026-02-15 16:30:00,0.1899,0.1899,0.1887,0.1893,1105489.9
2026-02-15 16:45:00,0.1894,0.1897,0.1891,0.1895,1084828.7
2026-02-15 17:00:00,0.1895,0.1899,0.1894,0.1898,763437.6
2026-02-15 17:15:00,0.1897,0.1898,0.1886,0.189,639076.7
2026-02-15 17:30:00,0.1889,0.1897,0.1884,0.1886,1386874.9
2026-02-15 17:45:00,0.1885,0.1885,0.1852,0.187,8654122.6
2026-02-15 18:00:00,0.1869,0.1873,0.1859,0.187,2940794.6
2026-02-15 18:15:00,0.187,0.188,0.1865,0.1869,1472488.5
2026-02-15 18:30:00,0.1869,0.1871,0.1857,0.1869,3048550.1
2026-02-15 18:45:00,0.1869,0.187,0.1856,0.1862,1632844.9
2026-02-15 19:00:00,0.1862,0.1865,0.1848,0.1858,3258809.0
2026-02-15 19:15:00,0.1858,0.1873,0.1855,0.1871,2082270.0
2026-02-15 19:30:00,0.1871,0.1872,0.1855,0.186,1695784.4
2026-02-15 19:45:00,0.186,0.1867,0.1859,0.1865,1129129.7
2026-02-15 20:00:00,0.1864,0.1872,0.1856,0.1871,1083929.6
2026-02-15 20:15:00,0.187,0.1875,0.1863,0.1874,1073683.1
2026-02-15 20:30:00,0.1874,0.1882,0.1872,0.188,1332793.5
2026-02-15 20:45:00,0.1881,0.1882,0.1875,0.1877,480396.9
2026-02-15 21:00:00,0.1876,0.1884,0.1876,0.1882,1385251.8
2026-02-15 21:15:00,0.1883,0.1884,0.1878,0.1881,548266.1
2026-02-15 21:30:00,0.1881,0.1889,0.1876,0.1877,1078836.5
2026-02-15 21:45:00,0.1877,0.1881,0.1876,0.1878,429096.5
2026-02-15 22:00:00,0.1877,0.1882,0.1874,0.1877,608492.2
2026-02-15 22:15:00,0.1877,0.1886,0.1876,0.1882,462538.2
2026-02-15 22:30:00,0.1882,0.1888,0.1881,0.1883,419357.1
2026-02-15 22:45:00,0.1884,0.1888,0.1881,0.1885,352537.7
2026-02-15 23:00:00,0.1885,0.1885,0.1866,0.1873,1088453.5
2026-02-15 23:15:00,0.1873,0.1883,0.1869,0.1881,949993.2
2026-02-15 23:30:00,0.1881,0.1891,0.1881,0.1886,642266.3
2026-02-15 23:45:00,0.1887,0.1895,0.1887,0.1893,932221.9
2026-02-16 00:00:00,0.1893,0.1902,0.1889,0.19,1244664.2
2026-02-16 00:15:00,0.19,0.1906,0.189,0.1892,1471169.9
2026-02-16 00:30:00,0.1891,0.1897,0.1888,0.1888,661468.2
2026-02-16 00:45:00,0.1889,0.1896,0.1886,0.1891,660813.4
2026-02-16 01:00:00,0.1891,0.19,0.1889,0.1891,1079161.6
2026-02-16 01:15:00,0.1892,0.1895,0.1882,0.1886,618063.1
2026-02-16 01:30:00,0.1887,0.1889,0.1878,0.1884,1436107.7
2026-02-16 01:45:00,0.1884,0.1887,0.1883,0.1886,286802.5
2026-02-16 02:00:00,0.1885,0.1889,0.188,0.1887,941158.7
2026-02-16 02:15:00,0.1887,0.1888,0.1879,0.188,483864.6
2026-02-16 02:30:00,0.188,0.1884,0.1877,0.1879,631931.8
2026-02-16 02:45:00,0.188,0.1882,0.1872,0.1875,687661.3
2026-02-16 03:00:00,0.1875,0.188,0.1875,0.1876,649827.0
2026-02-16 03:15:00,0.1876,0.188,0.1874,0.1878,614961.1
2026-02-16 03:30:00,0.1878,0.1883,0.1877,0.1882,669209.6
2026-02-16 03:45:00,0.1882,0.1886,0.1879,0.1884,561162.8
2026-02-16 04:00:00,0.1883,0.1892,0.1882,0.1889,690846.6
2026-02-16 04:15:00,0.189,0.1895,0.1889,0.1893,553902.8
2026-02-16 04:30:00,0.1892,0.1893,0.1885,0.1886,544728.4
2026-02-16 04:45:00,0.1886,0.1898,0.1885,0.1896,570594.4
2026-02-16 05:00:00,0.1897,0.1903,0.1879,0.1879,1048749.3
2026-02-16 05:15:00,0.188,0.188,0.1864,0.187,2427032.9
2026-02-16 05:30:00,0.1869,0.1875,0.1863,0.187,2703072.5
2026-02-16 05:45:00,0.187,0.1871,0.1866,0.1869,657987.4
2026-02-16 06:00:00,0.1869,0.1874,0.1868,0.1872,603981.8
2026-02-16 06:15:00,0.1872,0.1878,0.187,0.1877,494805.1
2026-02-16 06:30:00,0.1876,0.1889,0.1876,0.1886,1454499.1
2026-02-16 06:45:00,0.1886,0.1887,0.1881,0.1882,783837.8
2026-02-16 07:00:00,0.1882,0.1884,0.1877,0.1884,1147758.4
2026-02-16 07:15:00,0.1884,0.1886,0.1878,0.1879,565878.5
2026-02-16 07:30:00,0.188,0.1884,0.1871,0.1874,790586.6
2026-02-16 07:45:00,0.1874,0.1879,0.1873,0.1876,648873.4
2026-02-16 08:00:00,0.1876,0.1885,0.1875,0.188,701141.0
2026-02-16 08:15:00,0.188,0.189,0.1879,0.1884,684442.0
2026-02-16 08:30:00,0.1884,0.1886,0.1879,0.1882,540277.2
2026-02-16 08:45:00,0.1882,0.1887,0.1881,0.1883,650839.0
2026-02-16 09:00:00,0.1884,0.1895,0.1883,0.189,1293306.1
2026-02-16 09:15:00,0.1891,0.1891,0.1885,0.1888,1958692.4
2026-02-16 09:30:00,0.1888,0.1897,0.1884,0.1894,2141969.6
2026-02-16 09:45:00,0.1893,0.1898,0.1891,0.1895,494613.6
2026-02-16 10:00:00,0.1894,0.1897,0.1891,0.1893,831262.3
2026-02-16 10:15:00,0.1893,0.1894,0.1883,0.1887,458718.9
2026-02-16 10:30:00,0.1887,0.189,0.1883,0.1885,543818.4
2026-02-16 10:45:00,0.1885,0.1887,0.1881,0.1883,367351.8
2026-02-16 11:00:00,0.1883,0.1886,0.1861,0.1867,2209535.1
2026-02-16 11:15:00,0.1866,0.1874,0.1854,0.1873,1831276.3
2026-02-16 11:30:00,0.1873,0.1876,0.187,0.1873,522405.8
2026-02-16 11:45:00,0.1873,0.1885,0.1873,0.188,916427.1
2026-02-16 12:00:00,0.1879,0.1882,0.1878,0.1879,427383.9
2026-02-16 12:15:00,0.188,0.1901,0.1874,0.1897,2201390.0
2026-02-16 12:30:00,0.1898,0.1905,0.189,0.1901,2133456.7
2026-02-16 12:45:00,0.1902,0.1913,0.1897,0.1911,2200470.0
2026-02-16 13:00:00,0.1911,0.1922,0.1908,0.1911,2578127.6
2026-02-16 13:15:00,0.1912,0.1917,0.1879,0.1889,3712024.6
2026-02-16 13:30:00,0.1889,0.1901,0.1882,0.1891,2650339.1
2026-02-16 13:45:00,0.1892,0.1894,0.1872,0.1878,2220067.0
2026-02-16 14:00:00,0.1877,0.1887,0.1874,0.1877,1907108.9
2026-02-16 14:15:00,0.1878,0.1884,0.1863,0.1868,1765124.2
2026-02-16 14:30:00,0.1867,0.1892,0.1866,0.1885,2161007.3
2026-02-16 14:45:00,0.1886,0.1898,0.188,0.1887,1200897.5
2026-02-16 15:00:00,0.1887,0.1898,0.1883,0.1883,1051463.9
2026-02-16 15:15:00,0.1884,0.1886,0.1875,0.1878,1191451.6
2026-02-16 15:30:00,0.1877,0.1878,0.1841,0.1854,7141880.2
2026-02-16 15:45:00,0.1853,0.1859,0.1849,0.1853,1561134.6
2026-02-16 16:00:00,0.1853,0.1873,0.1848,0.1866,2888471.9
2026-02-16 16:15:00,0.1865,0.187,0.1859,0.1864,1574837.6
2026-02-16 16:30:00,0.1863,0.1865,0.1849,0.1862,2144031.2
2026-02-16 16:45:00,0.1861,0.1865,0.1857,0.1865,910133.6
2026-02-16 17:00:00,0.1864,0.1868,0.1858,0.1862,1198216.8
2026-02-16 17:15:00,0.1862,0.1869,0.1854,0.1867,1147953.9
2026-02-16 17:30:00,0.1867,0.1873,0.1864,0.1872,1375425.3
2026-02-16 17:45:00,0.1871,0.1871,0.1863,0.1865,938178.1
2026-02-16 18:00:00,0.1866,0.1874,0.1865,0.1873,1220805.7
2026-02-16 18:15:00,0.1873,0.1881,0.1871,0.1873,1873264.4
2026-02-16 18:30:00,0.1872,0.1877,0.187,0.1871,725321.9
2026-02-16 18:45:00,0.1872,0.1874,0.1865,0.1868,994541.4
2026-02-16 19:00:00,0.1868,0.187,0.1865,0.1868,402694.0
2026-02-16 19:15:00,0.1869,0.1873,0.1861,0.187,709792.7
2026-02-16 19:30:00,0.187,0.1883,0.1868,0.1882,1127351.3
2026-02-16 19:45:00,0.1881,0.1882,0.1875,0.1877,771062.9
2026-02-16 20:00:00,0.1878,0.1879,0.1873,0.1875,683803.0
2026-02-16 20:15:00,0.1874,0.1887,0.1871,0.1886,634796.4
2026-02-16 20:30:00,0.1886,0.1888,0.1881,0.1885,807821.6
2026-02-16 20:45:00,0.1885,0.1896,0.1882,0.1893,1146032.4
2026-02-16 21:00:00,0.1893,0.1897,0.1886,0.1897,874458.9
2026-02-16 21:15:00,0.1897,0.19,0.1892,0.1894,498921.4
2026-02-16 21:30:00,0.1894,0.1898,0.1891,0.1896,830305.6
2026-02-16 21:45:00,0.1896,0.1912,0.1894,0.1911,1509559.3
2026-02-16 22:00:00,0.1911,0.1914,0.1903,0.1906,1079585.7
2026-02-16 22:15:00,0.1906,0.1909,0.19,0.1901,492946.8
2026-02-16 22:30:00,0.1901,0.1907,0.1897,0.1905,924697.3
2026-02-16 22:45:00,0.1905,0.1905,0.1897,0.19,350842.3
2026-02-16 23:00:00,0.1901,0.1904,0.1897,0.1902,564808.5
2026-02-16 23:15:00,0.1902,0.1907,0.1899,0.19,520036.7
2026-02-16 23:30:00,0.1901,0.1902,0.1896,0.1897,591607.3
2026-02-16 23:45:00,0.1897,0.1903,0.1896,0.1901,879920.5
2026-02-17 00:00:00,0.1902,0.1905,0.1896,0.1901,1003020.7
2026-02-17 00:15:00,0.1901,0.1902,0.1894,0.1899,801690.9
2026-02-17 00:30:00,0.19,0.19,0.1892,0.1894,636660.1
2026-02-17 00:45:00,0.1894,0.19,0.1889,0.1891,956954.4
2026-02-17 01:00:00,0.1891,0.1898,0.1889,0.1894,926945.3
2026-02-17 01:15:00,0.1893,0.1895,0.1888,0.1893,488725.1
2026-02-17 01:30:00,0.1892,0.1896,0.189,0.1891,575607.1
2026-02-17 01:45:00,0.1891,0.1892,0.1883,0.1884,778152.8
2026-02-17 02:00:00,0.1884,0.1901,0.1873,0.1895,1980093.1
2026-02-17 02:15:00,0.1895,0.1899,0.1894,0.1899,512460.1
2026-02-17 02:30:00,0.1899,0.1902,0.1897,0.1902,366227.3
2026-02-17 02:45:00,0.1901,0.1903,0.1897,0.1899,485805.7
2026-02-17 03:00:00,0.1899,0.1899,0.189,0.1894,1546139.4
2026-02-17 03:15:00,0.1894,0.1895,0.189,0.1893,515948.9
2026-02-17 03:30:00,0.1892,0.1894,0.1889,0.1892,694179.1
2026-02-17 03:45:00,0.1892,0.1893,0.1886,0.1888,605036.1
2026-02-17 04:00:00,0.1888,0.1891,0.1884,0.1889,861913.2
2026-02-17 04:15:00,0.189,0.19,0.1886,0.1896,958265.0
2026-02-17 04:30:00,0.1896,0.1896,0.1882,0.189,885354.4
2026-02-17 04:45:00,0.1891,0.1893,0.1887,0.1888,288357.1
2026-02-17 05:00:00,0.1889,0.189,0.1882,0.1884,469677.8
2026-02-17 05:15:00,0.1884,0.1885,0.1872,0.1873,1141777.2
2026-02-17 05:30:00,0.1873,0.1878,0.1863,0.1876,1572327.1
2026-02-17 05:45:00,0.1877,0.1879,0.1875,0.1877,490427.8
2026-02-17 06:00:00,0.1877,0.1884,0.1877,0.1881,716531.4
2026-02-17 06:15:00,0.1881,0.1885,0.1879,0.1884,355373.8
2026-02-17 06:30:00,0.1884,0.1888,0.188,0.1885,447867.0
2026-02-17 06:45:00,0.1886,0.1889,0.1883,0.1885,447823.1
2026-02-17 07:00:00,0.1884,0.1886,0.1882,0.1884,769685.0
2026-02-17 07:15:00,0.1883,0.1885,0.1881,0.1882,333017.3
2026-02-17 07:30:00,0.1882,0.189,0.1879,0.1888,614664.1
2026-02-17 07:45:00,0.1889,0.1892,0.1883,0.1884,819369.5
2026-02-17 08:00:00,0.1885,0.1893,0.1883,0.1892,1021882.8
2026-02-17 08:15:00,0.1893,0.1893,0.1887,0.1887,535407.1
2026-02-17 08:30:00,0.1888,0.1889,0.1875,0.1879,2009777.9
2026-02-17 08:45:00,0.1879,0.188,0.1872,0.1874,1446734.5
2026-02-17 09:00:00,0.1875,0.1876,0.1866,0.1868,1039931.5
2026-02-17 09:15:00,0.1868,0.1873,0.1867,0.187,617499.9
2026-02-17 09:30:00,0.187,0.1872,0.1866,0.187,501481.7
2026-02-17 09:45:00,0.187,0.1878,0.187,0.1876,1807616.6
2026-02-17 10:00:00,0.1877,0.188,0.1874,0.1878,1731094.8
2026-02-17 10:15:00,0.1877,0.1877,0.1854,0.1856,17441587.2
2026-02-17 10:30:00,0.1855,0.1862,0.1854,0.1861,3339534.5
2026-02-17 10:45:00,0.1861,0.1867,0.1858,0.1864,12194259.2
2026-02-17 11:00:00,0.1863,0.1874,0.1862,0.1873,1753737.0
2026-02-17 11:15:00,0.1873,0.188,0.187,0.1875,1470923.8
2026-02-17 11:30:00,0.1875,0.1876,0.1867,0.1871,713450.1
2026-02-17 11:45:00,0.1871,0.1875,0.1869,0.1874,617008.0
2026-02-17 12:00:00,0.1873,0.1884,0.1871,0.1876,1498563.0
2026-02-17 12:15:00,0.1877,0.1881,0.1873,0.1879,351438.9
2026-02-17 12:30:00,0.188,0.1887,0.1879,0.1882,945031.9
2026-02-17 12:45:00,0.1883,0.1883,0.187,0.1873,1266236.1
2026-02-17 13:00:00,0.1872,0.1883,0.1866,0.188,2047217.0
2026-02-17 13:15:00,0.1881,0.1889,0.1878,0.1879,1912488.2
2026-02-17 13:30:00,0.188,0.188,0.1874,0.1876,732409.4
2026-02-17 13:45:00,0.1876,0.1892,0.1875,0.1884,2102467.5
2026-02-17 14:00:00,0.1884,0.1892,0.1881,0.1884,1523388.0
2026-02-17 14:15:00,0.1883,0.1886,0.1881,0.1882,689301.2
2026-02-17 14:30:00,0.1882,0.1893,0.1853,0.186,4971519.4
2026-02-17 14:45:00,0.1859,0.1859,0.184,0.1847,5621428.0
2026-02-17 15:00:00,0.1846,0.1863,0.1844,0.1854,2797946.3
2026-02-17 15:15:00,0.1855,0.1866,0.1845,0.1851,2103291.0
2026-02-17 15:30:00,0.1851,0.1854,0.1837,0.1852,2947338.3
2026-02-17 15:45:00,0.1853,0.1867,0.1852,0.1867,1681050.5
2026-02-17 16:00:00,0.1867,0.1891,0.1863,0.1881,3502905.3
2026-02-17 16:15:00,0.188,0.1889,0.1869,0.1869,1893194.8
2026-02-17 16:30:00,0.187,0.1898,0.1868,0.1885,1993155.6
2026-02-17 16:45:00,0.1886,0.1887,0.187,0.187,1183593.1
2026-02-17 17:00:00,0.1871,0.1875,0.185,0.1856,2651319.0
2026-02-17 17:15:00,0.1856,0.1867,0.1855,0.1866,1122486.6
2026-02-17 17:30:00,0.1866,0.1867,0.1847,0.1847,1684225.3
2026-02-17 17:45:00,0.1848,0.1858,0.1843,0.1856,1723775.5
2026-02-17 18:00:00,0.1857,0.1859,0.1852,0.1857,1311939.4
2026-02-17 18:15:00,0.1858,0.1888,0.1855,0.1885,2644764.5
2026-02-17 18:30:00,0.1886,0.1902,0.1882,0.1896,2933405.9
2026-02-17 18:45:00,0.1895,0.1895,0.1888,0.1888,1499859.1
2026-02-17 19:00:00,0.1888,0.189,0.1883,0.1889,1364243.2
2026-02-17 19:15:00,0.1889,0.1889,0.1876,0.1878,1034020.3
2026-02-17 19:30:00,0.1877,0.1879,0.1871,0.1878,679729.0
2026-02-17 19:45:00,0.1877,0.1881,0.1869,0.1873,1029665.6
2026-02-17 20:00:00,0.1874,0.1877,0.1868,0.1868,1141842.3
2026-02-17 20:15:00,0.1868,0.187,0.1863,0.1868,1033710.4
2026-02-17 20:30:00,0.1867,0.1872,0.1858,0.1869,1042845.5
2026-02-17 20:45:00,0.1869,0.1872,0.1865,0.1866,820938.5
2026-02-17 21:00:00,0.1867,0.1874,0.1864,0.1873,659000.0
2026-02-17 21:15:00,0.1872,0.1875,0.1865,0.1866,271539.5
2026-02-17 21:30:00,0.1867,0.1867,0.1863,0.1866,414961.3
2026-02-17 21:45:00,0.1865,0.1872,0.1864,0.187,1716297.0
2026-02-17 22:00:00,0.187,0.1872,0.1867,0.1869,747884.1
2026-02-17 22:15:00,0.1869,0.1871,0.1865,0.1868,410664.7
2026-02-17 22:30:00,0.1869,0.1873,0.1866,0.1867,543287.0
2026-02-17 22:45:00,0.1866,0.1868,0.1861,0.1866,441011.9
2026-02-17 23:00:00,0.1865,0.1868,0.1861,0.1865,772055.9
2026-02-17 23:15:00,0.1864,0.1871,0.1863,0.1866,290714.7
2026-02-17 23:30:00,0.1866,0.1869,0.1862,0.1869,456013.6
2026-02-17 23:45:00,0.1869,0.187,0.1864,0.1869,699173.2
2026-02-18 00:00:00,0.1868,0.187,0.1866,0.1867,615220.1
2026-02-18 00:15:00,0.1866,0.187,0.1863,0.1869,619545.6
2026-02-18 00:30:00,0.1868,0.1872,0.1866,0.1867,410277.5
2026-02-18 00:45:00,0.1866,0.1867,0.1859,0.1861,854969.2
2026-02-18 01:00:00,0.1861,0.1864,0.1852,0.1857,1429647.8
2026-02-18 01:15:00,0.1856,0.1862,0.1856,0.1858,433646.4
2026-02-18 01:30:00,0.1858,0.1859,0.1852,0.1859,726523.5
2026-02-18 01:45:00,0.1858,0.1862,0.1857,0.1861,329714.6
2026-02-18 02:00:00,0.1862,0.1873,0.186,0.1869,1055283.5
2026-02-18 02:15:00,0.1869,0.1872,0.1864,0.1865,471328.4
2026-02-18 02:30:00,0.1865,0.1875,0.1863,0.1873,562950.2
2026-02-18 02:45:00,0.1873,0.1874,0.1869,0.187,304302.4
2026-02-18 03:00:00,0.1871,0.1874,0.1868,0.1874,520884.3
2026-02-18 03:15:00,0.1874,0.1879,0.1874,0.1878,462835.2
2026-02-18 03:30:00,0.1877,0.188,0.1875,0.1878,531367.9
2026-02-18 03:45:00,0.1878,0.188,0.1875,0.1879,470095.1
2026-02-18 04:00:00,0.1878,0.188,0.1871,0.1874,618651.6
2026-02-18 04:15:00,0.1874,0.1878,0.1872,0.1874,218759.3
2026-02-18 04:30:00,0.1873,0.1875,0.1871,0.1875,421975.1
2026-02-18 04:45:00,0.1874,0.1878,0.1872,0.1875,352594.9
2026-02-18 05:00:00,0.1874,0.1877,0.1871,0.1875,802906.1
2026-02-18 05:15:00,0.1875,0.188,0.1873,0.1873,534350.9
2026-02-18 05:30:00,0.1873,0.1877,0.1871,0.1876,483992.2
2026-02-18 05:45:00,0.1875,0.1881,0.1875,0.1878,375551.6
2026-02-18 06:00:00,0.1877,0.188,0.1876,0.1879,551827.2
2026-02-18 06:15:00,0.1879,0.1881,0.1875,0.1881,278632.2
2026-02-18 06:30:00,0.188,0.1883,0.1878,0.1881,344249.7
2026-02-18 06:45:00,0.1882,0.1883,0.1875,0.1876,544613.8
2026-02-18 07:00:00,0.1877,0.1881,0.1876,0.1878,552341.3
2026-02-18 07:15:00,0.1877,0.188,0.1876,0.188,113847.1
2026-02-18 07:30:00,0.1879,0.1892,0.1879,0.1889,864854.8
2026-02-18 07:45:00,0.1888,0.1895,0.1886,0.1888,953901.8
2026-02-18 08:00:00,0.1888,0.1891,0.1884,0.1886,1396284.1
2026-02-18 08:15:00,0.1886,0.1896,0.1885,0.1891,2023735.8
2026-02-18 08:30:00,0.1891,0.1892,0.1883,0.1884,972611.3
2026-02-18 08:45:00,0.1883,0.1886,0.188,0.1882,787977.9
2026-02-18 09:00:00,0.1882,0.1884,0.1878,0.188,1000159.1
2026-02-18 09:15:00,0.188,0.1881,0.1877,0.188,679068.0
2026-02-18 09:30:00,0.188,0.1886,0.1879,0.1884,404912.1
2026-02-18 09:45:00,0.1885,0.1886,0.1882,0.1883,384957.1
2026-02-18 10:00:00,0.1884,0.189,0.1882,0.1887,726255.0
2026-02-18 10:15:00,0.1888,0.1888,0.1883,0.1885,556279.7
2026-02-18 10:30:00,0.1885,0.1885,0.1874,0.1875,600138.7
2026-02-18 10:45:00,0.1875,0.1877,0.1873,0.1874,1007035.6
2026-02-18 11:00:00,0.1875,0.1876,0.1852,0.1863,2822369.1
2026-02-18 11:15:00,0.1863,0.1868,0.1862,0.1866,599207.2
2026-02-18 11:30:00,0.1866,0.1871,0.1865,0.187,897005.4
2026-02-18 11:45:00,0.187,0.1874,0.1863,0.1865,536401.2
2026-02-18 12:00:00,0.1864,0.1868,0.1862,0.1863,982309.7
2026-02-18 12:15:00,0.1864,0.1865,0.1859,0.1864,926170.4
2026-02-18 12:30:00,0.1864,0.1865,0.185,0.186,1676496.6
2026-02-18 12:45:00,0.1861,0.1864,0.1856,0.1857,606183.5
2026-02-18 13:00:00,0.1858,0.1861,0.1849,0.1855,1642146.2
2026-02-18 13:15:00,0.1855,0.1859,0.185,0.1856,714296.7
2026-02-18 13:30:00,0.1856,0.1857,0.1842,0.1844,2029236.4
2026-02-18 13:45:00,0.1845,0.1846,0.1832,0.1841,2546819.6
2026-02-18 14:00:00,0.184,0.1844,0.1837,0.1843,1079560.7
2026-02-18 14:15:00,0.1843,0.1845,0.1833,0.1833,1121926.0
2026-02-18 14:30:00,0.1833,0.185,0.1832,0.1839,2520676.4
2026-02-18 14:45:00,0.184,0.185,0.1827,0.1847,2592809.3
2026-02-18 15:00:00,0.1847,0.1862,0.1845,0.1856,3302816.1
2026-02-18 15:15:00,0.1857,0.1864,0.1856,0.186,1119678.9
2026-02-18 15:30:00,0.186,0.1888,0.1859,0.188,3825801.2
2026-02-18 15:45:00,0.188,0.188,0.1861,0.1865,1482756.5
2026-02-18 16:00:00,0.1865,0.1867,0.1845,0.1846,3447278.2
2026-02-18 16:15:00,0.1846,0.1851,0.1844,0.1849,1164198.8
2026-02-18 16:30:00,0.1849,0.1851,0.184,0.1845,853973.0
2026-02-18 16:45:00,0.1846,0.1847,0.1836,0.1842,580964.7
2026-02-18 17:00:00,0.1841,0.1864,0.171,0.1775,97393471.4
2026-02-18 17:15:00,0.1776,0.1825,0.1763,0.1775,50175752.9
2026-02-18 17:30:00,0.1775,0.1793,0.1773,0.1779,5252827.2
2026-02-18 17:45:00,0.178,0.1786,0.1776,0.1782,5413594.6
2026-02-18 18:00:00,0.1782,0.1788,0.178,0.1786,3718092.7
2026-02-18 18:15:00,0.1787,0.1788,0.1765,0.1776,6250377.7
2026-02-18 18:30:00,0.1776,0.1776,0.1744,0.1744,7056120.7
2026-02-18 18:45:00,0.1745,0.1755,0.1743,0.1747,4121896.9
2026-02-18 19:00:00,0.1747,0.1761,0.1742,0.1745,6045349.9
2026-02-18 19:15:00,0.1744,0.1749,0.1735,0.174,4257796.3
2026-02-18 19:30:00,0.174,0.1742,0.1717,0.1729,6662499.2
2026-02-18 19:45:00,0.173,0.1735,0.1724,0.1728,3244229.5
2026-02-18 20:00:00,0.1728,0.1742,0.1727,0.1734,5213273.2
2026-02-18 20:15:00,0.1733,0.1738,0.1729,0.1731,1771104.7
2026-02-18 20:30:00,0.1731,0.1743,0.1731,0.1736,2233661.3
2026-02-18 20:45:00,0.1737,0.174,0.1711,0.1716,3796692.1
2026-02-18 21:00:00,0.1715,0.1717,0.1699,0.1699,4516438.1
2026-02-18 21:15:00,0.1699,0.1702,0.1689,0.1695,4681984.1
2026-02-18 21:30:00,0.1696,0.1701,0.1692,0.1692,1827647.0
2026-02-18 21:45:00,0.1693,0.1695,0.1668,0.1672,6272774.5
2026-02-18 22:00:00,0.1672,0.1678,0.1652,0.1662,8442483.2
2026-02-18 22:15:00,0.1662,0.1671,0.1659,0.1667,2580434.7
2026-02-18 22:30:00,0.1668,0.1682,0.1667,0.1677,2604922.3
2026-02-18 22:45:00,0.1677,0.1678,0.1666,0.1671,4209969.4
2026-02-18 23:00:00,0.1671,0.1675,0.1668,0.1673,2587395.4
2026-02-18 23:15:00,0.1673,0.1673,0.1661,0.1666,2943627.6
2026-02-18 23:30:00,0.1665,0.1667,0.1654,0.1657,3494412.1
2026-02-18 23:45:00,0.1656,0.1658,0.1647,0.1652,5051697.8
2026-02-19 00:00:00,0.1653,0.1662,0.1647,0.1653,7520779.1
2026-02-19 00:15:00,0.1654,0.1658,0.1648,0.165,3067195.2
2026-02-19 00:30:00,0.1651,0.1653,0.1644,0.1651,3864458.6
2026-02-19 00:45:00,0.165,0.1655,0.1625,0.1636,13544966.2
2026-02-19 01:00:00,0.1635,0.1642,0.1625,0.1635,8004397.9
2026-02-19 01:15:00,0.1636,0.164,0.1626,0.1639,4059511.3
2026-02-19 01:30:00,0.1639,0.1648,0.1632,0.1642,3990596.5
2026-02-19 01:45:00,0.1642,0.1651,0.1637,0.1644,4245370.6
2026-02-19 02:00:00,0.1643,0.1644,0.1635,0.164,3128269.5
2026-02-19 02:15:00,0.164,0.1648,0.1626,0.1631,5162748.2
2026-02-19 02:30:00,0.1631,0.1633,0.1608,0.161,10382068.8
2026-02-19 02:45:00,0.1609,0.1612,0.1594,0.1594,7966902.0
2026-02-19 03:00:00,0.1594,0.1605,0.1585,0.1604,9435595.1
2026-02-19 03:15:00,0.1603,0.1607,0.1596,0.1597,2683033.7
2026-02-19 03:30:00,0.1597,0.1599,0.1583,0.1587,5419593.1
2026-02-19 03:45:00,0.1588,0.1602,0.1583,0.1598,4039483.5
2026-02-19 04:00:00,0.1598,0.16,0.1566,0.1572,11265674.5
2026-02-19 04:15:00,0.1572,0.1579,0.1566,0.1579,6005034.8
2026-02-19 04:30:00,0.1578,0.1587,0.1573,0.1573,4634350.5
2026-02-19 04:45:00,0.1574,0.1576,0.1545,0.1548,11071735.3
2026-02-19 05:00:00,0.1547,0.1561,0.1534,0.1549,21183197.8
2026-02-19 05:15:00,0.155,0.155,0.1512,0.1521,24732815.7
2026-02-19 05:30:00,0.1521,0.1532,0.1514,0.1523,10206066.0
2026-02-19 05:45:00,0.1524,0.1534,0.1521,0.1529,6248598.7
2026-02-19 06:00:00,0.1529,0.1531,0.1523,0.1527,5967511.3
2026-02-19 06:15:00,0.1527,0.1528,0.1491,0.1505,32165619.7
2026-02-19 06:30:00,0.1505,0.1523,0.1504,0.151,10150214.1
2026-02-19 06:45:00,0.151,0.1517,0.1502,0.1503,6198303.3
2026-02-19 07:00:00,0.1503,0.1507,0.1476,0.1486,21378520.0
2026-02-19 07:15:00,0.1485,0.1486,0.1464,0.1476,18955353.9
2026-02-19 07:30:00,0.1475,0.1485,0.1458,0.1468,14675611.0
2026-02-19 07:45:00,0.1468,0.1476,0.1458,0.1461,15988073.5
2026-02-19 08:00:00,0.1461,0.1464,0.1437,0.1446,33076866.8
2026-02-19 08:15:00,0.1447,0.1456,0.1416,0.1417,34353392.5
2026-02-19 08:30:00,0.1418,0.1428,0.1397,0.1417,52599030.1
2026-02-19 08:45:00,0.1417,0.1436,0.1413,0.1417,24375096.4
2026-02-19 09:00:00,0.1416,0.1427,0.1403,0.142,22635093.4
2026-02-19 09:15:00,0.142,0.1441,0.1417,0.1436,17699550.2
2026-02-19 09:30:00,0.1437,0.1465,0.1434,0.146,34381401.1
2026-02-19 09:45:00,0.1461,0.1466,0.1435,0.1435,24425325.9
2026-02-19 10:00:00,0.1436,0.1436,0.1416,0.1425,25978517.9
2026-02-19 10:15:00,0.1425,0.1448,0.1423,0.1434,17845490.1
2026-02-19 10:30:00,0.1434,0.1445,0.1424,0.1427,15718939.0
2026-02-19 10:45:00,0.1427,0.1432,0.1412,0.1417,13747637.7
2026-02-19 11:00:00,0.1416,0.143,0.1414,0.1427,14699221.9
2026-02-19 11:15:00,0.1428,0.1434,0.1412,0.1415,12525407.8
2026-02-19 11:30:00,0.1415,0.1423,0.1404,0.1422,19473081.9
2026-02-19 11:45:00,0.1422,0.1424,0.141,0.1416,10841312.8
2026-02-19 12:00:00,0.1416,0.1429,0.141,0.1428,16027884.7
2026-02-19 12:15:00,0.1428,0.143,0.1417,0.1429,12270563.7
2026-02-19 12:30:00,0.1429,0.1444,0.1427,0.1437,14270246.4
2026-02-19 12:45:00,0.1438,0.144,0.1422,0.1424,12053949.5
2026-02-19 13:00:00,0.1424,0.1427,0.1375,0.1401,59445490.1
2026-02-19 13:15:00,0.1401,0.1419,0.1401,0.1416,18502697.9
2026-02-19 13:30:00,0.1416,0.1423,0.1388,0.1396,24712871.7
2026-02-19 13:45:00,0.1396,0.1407,0.1391,0.1397,15245629.8
2026-02-19 14:00:00,0.1397,0.1409,0.1381,0.139,23680086.4
2026-02-19 14:15:00,0.1389,0.1403,0.1381,0.1396,14776852.0
2026-02-19 14:30:00,0.1397,0.1401,0.136,0.1377,40587552.1
2026-02-19 14:45:00,0.1376,0.1397,0.1371,0.1383,26507005.8
2026-02-19 15:00:00,0.1383,0.1398,0.1377,0.1382,17637083.8
2026-02-19 15:15:00,0.1383,0.1392,0.1376,0.1383,10753563.3
2026-02-19 15:30:00,0.1383,0.1407,0.1381,0.1403,16692173.0
2026-02-19 15:45:00,0.1403,0.1409,0.1386,0.1393,24076150.6
2026-02-19 16:00:00,0.1393,0.14,0.1377,0.1396,22252357.2
2026-02-19 16:15:00,0.1397,0.1405,0.1381,0.1391,18019402.6
2026-02-19 16:30:00,0.1391,0.14,0.1387,0.1387,9220121.0
2026-02-19 16:45:00,0.1387,0.1389,0.1373,0.1378,16165139.2
2026-02-19 17:00:00,0.1379,0.1383,0.1337,0.1364,53800128.3
2026-02-19 17:15:00,0.1363,0.1385,0.136,0.1376,20069007.9
2026-02-19 17:30:00,0.1376,0.1379,0.1353,0.136,11922376.2
2026-02-19 17:45:00,0.136,0.1362,0.1343,0.1358,15693461.0
2026-02-19 18:00:00,0.1357,0.1376,0.1353,0.1372,17938595.3
2026-02-19 18:15:00,0.1372,0.1382,0.1363,0.138,10077836.9
2026-02-19 18:30:00,0.138,0.1385,0.137,0.1383,7645381.3
2026-02-19 18:45:00,0.1383,0.1387,0.137,0.1373,6723506.0
2026-02-19 19:00:00,0.1373,0.1384,0.1367,0.1379,9300488.9
2026-02-19 19:15:00,0.1379,0.1381,0.1373,0.1375,5839286.2
2026-02-19 19:30:00,0.1376,0.1378,0.1364,0.137,7065722.3
2026-02-19 19:45:00,0.137,0.1382,0.1368,0.138,4471181.3
2026-02-19 20:00:00,0.138,0.1395,0.1377,0.1383,7430452.5
2026-02-19 20:15:00,0.1383,0.1389,0.1379,0.1389,4398324.8
2026-02-19 20:30:00,0.1388,0.1395,0.1387,0.139,6160005.1
2026-02-19 20:45:00,0.139,0.1396,0.1371,0.1374,10490749.9
2026-02-19 21:00:00,0.1374,0.1386,0.1372,0.1384,6851500.9
2026-02-19 21:15:00,0.1385,0.1393,0.138,0.1391,7359291.8
2026-02-19 21:30:00,0.1391,0.1393,0.1386,0.139,4641111.1
2026-02-19 21:45:00,0.139,0.1391,0.1375,0.1377,4131233.6
2026-02-19 22:00:00,0.1378,0.1379,0.1367,0.1372,7558657.0
2026-02-19 22:15:00,0.1372,0.1379,0.1364,0.1375,6654951.3
2026-02-19 22:30:00,0.1375,0.1375,0.1362,0.137,5057207.8
2026-02-19 22:45:00,0.1371,0.1384,0.1365,0.1378,5641000.1
2026-02-19 23:00:00,0.1378,0.1392,0.1377,0.1384,11489407.3
2026-02-19 23:15:00,0.1384,0.1392,0.1381,0.1384,10088154.9
2026-02-19 23:30:00,0.1384,0.1391,0.1383,0.1385,4593630.0
2026-02-19 23:45:00,0.1385,0.1391,0.1384,0.139,5334446.7
2026-02-20 00:00:00,0.1389,0.1392,0.1348,0.1354,27872955.1
2026-02-20 00:15:00,0.1354,0.1367,0.135,0.1366,16515398.2
2026-02-20 00:30:00,0.1367,0.1393,0.1366,0.1371,19258812.7
2026-02-20 00:45:00,0.1371,0.1382,0.1361,0.1366,17461894.9
2026-02-20 01:00:00,0.1366,0.1375,0.1359,0.1365,12306343.8
2026-02-20 01:15:00,0.1366,0.1376,0.1362,0.1374,7908643.8
2026-02-20 01:30:00,0.1375,0.1381,0.1363,0.1367,8803362.2
2026-02-20 01:45:00,0.1367,0.1375,0.1363,0.1375,6820594.1
2026-02-20 02:00:00,0.1375,0.1388,0.1372,0.1384,7589759.7
2026-02-20 02:15:00,0.1385,0.1393,0.1378,0.1391,5816881.6
2026-02-20 02:30:00,0.1391,0.1399,0.1382,0.1385,7735142.2
2026-02-20 02:45:00,0.1386,0.1386,0.1269,0.1304,116835573.0
2026-02-20 03:00:00,0.1304,0.1316,0.1264,0.1292,52395634.8
2026-02-20 03:15:00,0.1292,0.131,0.1277,0.1301,27129289.3
2026-02-20 03:30:00,0.1301,0.131,0.1293,0.1306,12763381.5
2026-02-20 03:45:00,0.1306,0.131,0.1287,0.1291,13086367.8
2026-02-20 04:00:00,0.1291,0.1309,0.1288,0.1307,8640009.2
2026-02-20 04:15:00,0.1306,0.1307,0.1274,0.1283,23246356.6
2026-02-20 04:30:00,0.1282,0.129,0.1278,0.1288,10343193.9
2026-02-20 04:45:00,0.1288,0.1296,0.1283,0.1295,9354444.4
2026-02-20 05:00:00,0.1296,0.1298,0.1285,0.1293,8730247.7
2026-02-20 05:15:00,0.1293,0.1298,0.1283,0.1291,8149748.6
2026-02-20 05:30:00,0.1292,0.1307,0.1291,0.1305,12843112.1
2026-02-20 05:45:00,0.1305,0.1325,0.1304,0.1317,17031132.1
2026-02-20 06:00:00,0.1318,0.1321,0.1308,0.131,8845580.7
2026-02-20 06:15:00,0.131,0.1316,0.1308,0.1315,5378804.4
2026-02-20 06:30:00,0.1315,0.133,0.1314,0.1324,10547168.0
2026-02-20 06:45:00,0.1324,0.1333,0.1319,0.1331,9225779.1
2026-02-20 07:00:00,0.1332,0.1337,0.1326,0.1327,11548273.1
2026-02-20 07:15:00,0.1328,0.1329,0.1308,0.1309,11415385.7
2026-02-20 07:30:00,0.1309,0.131,0.1294,0.1299,13088489.7
2026-02-20 07:45:00,0.1299,0.1302,0.1295,0.1298,10751901.5
2026-02-20 08:00:00,0.1298,0.13,0.1289,0.1292,15112614.8
2026-02-20 08:15:00,0.1291,0.1292,0.1282,0.1285,15875667.1
2026-02-20 08:30:00,0.1285,0.1292,0.1282,0.1289,10321761.4
2026-02-20 08:45:00,0.1289,0.129,0.1282,0.1287,8840182.6
2026-02-20 09:00:00,0.1287,0.1292,0.1275,0.1285,21555925.2
2026-02-20 09:15:00,0.1284,0.1294,0.1277,0.1293,10455023.0
2026-02-20 09:30:00,0.1292,0.13,0.1292,0.1295,10166937.2
2026-02-20 09:45:00,0.1295,0.1307,0.1293,0.1303,10133668.7
2026-02-20 10:00:00,0.1304,0.1316,0.1302,0.1313,13100749.7
2026-02-20 10:15:00,0.1314,0.1315,0.1299,0.1302,12776105.7
2026-02-20 10:30:00,0.1302,0.1303,0.1289,0.1295,10917127.4
2026-02-20 10:45:00,0.1294,0.1295,0.1283,0.129,10491397.5
2026-02-20 11:00:00,0.129,0.1299,0.1288,0.1291,8717857.3
2026-02-20 11:15:00,0.1291,0.1293,0.1255,0.1275,36722455.0
2026-02-20 11:30:00,0.1275,0.1279,0.1264,0.1269,13844111.8
2026-02-20 11:45:00,0.1268,0.1278,0.1267,0.1274,6046126.6
2026-02-20 12:00:00,0.1274,0.1274,0.126,0.1263,14855627.5
2026-02-20 12:15:00,0.1264,0.1268,0.1245,0.1256,19916811.5
2026-02-20 12:30:00,0.1256,0.1272,0.1255,0.1269,11861752.5
2026-02-20 12:45:00,0.1268,0.1274,0.1264,0.1267,8597943.1
2026-02-20 13:00:00,0.1267,0.1268,0.1255,0.126,14659817.8
2026-02-20 13:15:00,0.1259,0.1265,0.1253,0.1265,10046198.8
2026-02-20 13:30:00,0.1265,0.1266,0.1245,0.1262,21426729.2
2026-02-20 13:45:00,0.1262,0.1271,0.1256,0.127,11526511.2
2026-02-20 14:00:00,0.1269,0.1276,0.1268,0.1269,9941973.1
2026-02-20 14:15:00,0.127,0.1278,0.1266,0.1271,9719170.6
2026-02-20 14:30:00,0.1272,0.1292,0.1269,0.1289,17261884.6
2026-02-20 14:45:00,0.1289,0.129,0.1281,0.1284,6789364.9
2026-02-20 15:00:00,0.1284,0.1319,0.1283,0.1304,33539437.0
2026-02-20 15:15:00,0.1304,0.1345,0.1304,0.1342,37548294.3
2026-02-20 15:30:00,0.1343,0.1346,0.1317,0.1321,25625069.8
2026-02-20 15:45:00,0.1321,0.1338,0.1319,0.133,16513197.4
2026-02-20 16:00:00,0.133,0.1338,0.1315,0.1315,24817257.0
2026-02-20 16:15:00,0.1316,0.1317,0.1299,0.13,32050526.5
2026-02-20 16:30:00,0.1301,0.1307,0.1296,0.1299,13349506.5
2026-02-20 16:45:00,0.1299,0.1311,0.1298,0.1306,9374328.1
2026-02-20 17:00:00,0.1307,0.1307,0.1279,0.1279,17325647.5
2026-02-20 17:15:00,0.128,0.1284,0.1268,0.1282,23898836.9
2026-02-20 17:30:00,0.1281,0.129,0.128,0.1287,12463629.6
2026-02-20 17:45:00,0.1287,0.13,0.1286,0.1297,12037768.4
2026-02-20 18:00:00,0.1297,0.1299,0.1288,0.1289,11026642.7
2026-02-20 18:15:00,0.1289,0.1294,0.1281,0.1289,9480000.7
2026-02-20 18:30:00,0.1289,0.13,0.1277,0.1284,13720918.2
2026-02-20 18:45:00,0.1284,0.1288,0.1276,0.1281,10343089.3
2026-02-20 19:00:00,0.128,0.1286,0.1271,0.1272,12148236.6
2026-02-20 19:15:00,0.1272,0.128,0.1271,0.1277,8660246.7
2026-02-20 19:30:00,0.1276,0.1288,0.1276,0.1281,8015749.9
2026-02-20 19:45:00,0.1281,0.1287,0.1279,0.1285,4615909.9
2026-02-20 20:00:00,0.1285,0.1289,0.1281,0.1288,5418676.5
2026-02-20 20:15:00,0.1288,0.1289,0.1277,0.1277,5126551.6
2026-02-20 20:30:00,0.1278,0.128,0.1264,0.1277,16346429.8
2026-02-20 20:45:00,0.1277,0.1278,0.1268,0.1276,8322990.2
2026-02-20 21:00:00,0.1276,0.128,0.1273,0.1276,4399349.2
2026-02-20 21:15:00,0.1276,0.1278,0.1272,0.1274,3045878.6
2026-02-20 21:30:00,0.1273,0.1276,0.127,0.1273,4534801.2
2026-02-20 21:45:00,0.1273,0.1277,0.1271,0.1274,4686929.4
2026-02-20 22:00:00,0.1273,0.1277,0.1271,0.1272,4113000.6
2026-02-20 22:15:00,0.1272,0.1278,0.1267,0.1274,5822429.2
2026-02-20 22:30:00,0.1275,0.1277,0.1267,0.127,5252568.5
2026-02-20 22:45:00,0.127,0.1275,0.1268,0.1272,2937350.3
2026-02-20 23:00:00,0.1272,0.1275,0.1266,0.1268,6305122.9
2026-02-20 23:15:00,0.1268,0.1275,0.1267,0.1275,6077057.7
2026-02-20 23:30:00,0.1275,0.1285,0.1272,0.1275,10679018.9
2026-02-20 23:45:00,0.1274,0.1287,0.1274,0.1282,7510721.0
2026-02-21 00:00:00,0.1283,0.1285,0.1276,0.1281,8861998.8
2026-02-21 00:15:00,0.1282,0.1289,0.1271,0.1275,8672585.8
2026-02-21 00:30:00,0.1275,0.1277,0.127,0.1277,3910591.9
2026-02-21 00:45:00,0.1276,0.1278,0.1274,0.1276,2793727.3
2026-02-21 01:00:00,0.1276,0.1283,0.1276,0.128,4624609.3
2026-02-21 01:15:00,0.128,0.1287,0.1273,0.1286,5769195.2
2026-02-21 01:30:00,0.1286,0.1303,0.1286,0.1297,22644601.7
2026-02-21 01:45:00,0.1298,0.1301,0.1289,0.1293,7007024.9
2026-02-21 02:00:00,0.1294,0.13,0.129,0.1299,6374704.0
2026-02-21 02:15:00,0.1298,0.1313,0.1297,0.1311,10747409.4
2026-02-21 02:30:00,0.1312,0.1329,0.131,0.1314,21538805.4
2026-02-21 02:45:00,0.1315,0.1319,0.1306,0.1312,13065996.5
2026-02-21 03:00:00,0.1312,0.1318,0.1305,0.1305,7826518.6
2026-02-21 03:15:00,0.1306,0.1309,0.1301,0.1302,6496874.4
2026-02-21 03:30:00,0.1303,0.1304,0.1293,0.1298,9670995.0
2026-02-21 03:45:00,0.1298,0.1311,0.1296,0.131,4695110.2
2026-02-21 04:00:00,0.1311,0.1321,0.1305,0.1306,15192135.7
2026-02-21 04:15:00,0.1307,0.1312,0.1306,0.1307,4192312.9
2026-02-21 04:30:00,0.1307,0.1312,0.1306,0.1306,3415279.5
2026-02-21 04:45:00,0.1307,0.1315,0.1303,0.1311,5237685.9
2026-02-21 05:00:00,0.1311,0.1321,0.1309,0.1319,5111420.6
2026-02-21 05:15:00,0.132,0.1334,0.1314,0.1332,11687342.4
2026-02-21 05:30:00,0.1332,0.1336,0.1323,0.1324,10555514.7
2026-02-21 05:45:00,0.1323,0.1325,0.1311,0.1314,6728954.2
2026-02-21 06:00:00,0.1314,0.1319,0.1312,0.1317,5699214.3
2026-02-21 06:15:00,0.1317,0.1323,0.1314,0.1315,5742586.4
2026-02-21 06:30:00,0.1315,0.1317,0.1301,0.1305,10332629.7
2026-02-21 06:45:00,0.1305,0.1306,0.1296,0.1303,7684647.4
2026-02-21 07:00:00,0.1302,0.1304,0.1298,0.1301,3806225.9
2026-02-21 07:15:00,0.1301,0.1303,0.1299,0.1303,2281464.9
2026-02-21 07:30:00,0.1303,0.1319,0.1302,0.1315,8252865.6
2026-02-21 07:45:00,0.1315,0.132,0.1312,0.1316,3486440.3
2026-02-21 08:00:00,0.1315,0.1319,0.1311,0.1318,5778477.4
2026-02-21 08:15:00,0.1318,0.132,0.1312,0.1318,4819933.8
2026-02-21 08:30:00,0.1318,0.1321,0.1314,0.132,3637155.5
2026-02-21 08:45:00,0.132,0.133,0.1317,0.1326,7208640.9
2026-02-21 09:00:00,0.1326,0.1347,0.1325,0.1335,20728480.4
2026-02-21 09:15:00,0.1335,0.1354,0.1335,0.1345,18920689.3
2026-02-21 09:30:00,0.1346,0.135,0.1334,0.1341,13177853.3
2026-02-21 09:45:00,0.1341,0.1342,0.1328,0.133,7502326.8
2026-02-21 10:00:00,0.1331,0.134,0.133,0.1337,6676025.8
2026-02-21 10:15:00,0.1338,0.1349,0.1334,0.1336,7298396.4
2026-02-21 10:30:00,0.1336,0.1356,0.1334,0.1341,12425529.1
2026-02-21 10:45:00,0.1341,0.1341,0.1326,0.1331,9167350.1
2026-02-21 11:00:00,0.1331,0.1333,0.1324,0.1326,4453733.0
2026-02-21 11:15:00,0.1326,0.1334,0.1323,0.1328,7185182.9
2026-02-21 11:30:00,0.1329,0.133,0.1312,0.1315,11858775.3
2026-02-21 11:45:00,0.1314,0.1317,0.1308,0.1315,7066421.4
2026-02-21 12:00:00,0.1315,0.1318,0.1311,0.1314,6358184.0
2026-02-21 12:15:00,0.1315,0.132,0.1312,0.1316,7356738.4
2026-02-21 12:30:00,0.1315,0.1316,0.13,0.1303,11035203.3
2026-02-21 12:45:00,0.1303,0.1307,0.13,0.1306,4751826.1
2026-02-21 13:00:00,0.1306,0.1307,0.1303,0.1304,4074634.7
2026-02-21 13:15:00,0.1305,0.1305,0.1298,0.13,4473901.4
2026-02-21 13:30:00,0.1301,0.1304,0.1296,0.1299,3886134.0
2026-02-21 13:45:00,0.1299,0.1309,0.1298,0.1307,3809489.4
2026-02-21 14:00:00,0.1307,0.1309,0.1302,0.1304,5144089.0
2026-02-21 14:15:00,0.1303,0.1313,0.1296,0.1298,10749996.8
2026-02-21 14:30:00,0.1299,0.1304,0.1297,0.1301,6235102.6
2026-02-21 14:45:00,0.1301,0.1302,0.1276,0.1294,22615857.6
2026-02-21 15:00:00,0.1293,0.1295,0.1289,0.1291,8594228.7
2026-02-21 15:15:00,0.1291,0.1299,0.1288,0.1293,11831698.5
2026-02-21 15:30:00,0.1292,0.1301,0.1291,0.1297,8668559.1
2026-02-21 15:45:00,0.1297,0.1301,0.1296,0.1298,3070309.6
2026-02-21 16:00:00,0.1299,0.1301,0.1288,0.1291,10412291.0
2026-02-21 16:15:00,0.129,0.1296,0.1279,0.1287,12834738.2
2026-02-21 16:30:00,0.1287,0.1288,0.1282,0.1286,4198132.7
2026-02-21 16:45:00,0.1285,0.1285,0.1277,0.128,7844163.8
2026-02-21 17:00:00,0.1279,0.1286,0.1274,0.128,8538870.1
2026-02-21 17:15:00,0.128,0.128,0.1263,0.1275,12843580.1
2026-02-21 17:30:00,0.1275,0.1282,0.1274,0.128,3820680.3
2026-02-21 17:45:00,0.128,0.1285,0.1279,0.1282,5188763.9
2026-02-21 18:00:00,0.1281,0.1287,0.128,0.1284,3122739.1
2026-02-21 18:15:00,0.1284,0.1287,0.1282,0.1285,3227137.5
2026-02-21 18:30:00,0.1284,0.1294,0.1284,0.1288,7577832.9
2026-02-21 18:45:00,0.1288,0.1293,0.1288,0.1292,3402829.0
2026-02-21 19:00:00,0.1293,0.1296,0.1286,0.1287,3424292.8
2026-02-21 19:15:00,0.1288,0.1289,0.1283,0.1288,2394698.9
2026-02-21 19:30:00,0.1288,0.1289,0.1283,0.1284,3610335.7
2026-02-21 19:45:00,0.1284,0.1285,0.128,0.1284,4334913.2
2026-02-21 20:00:00,0.1283,0.1283,0.1277,0.1278,3264025.4
2026-02-21 20:15:00,0.1279,0.1284,0.1278,0.1281,2076017.1
2026-02-21 20:30:00,0.1281,0.1282,0.1277,0.1281,1836885.5
2026-02-21 20:45:00,0.1281,0.1282,0.1272,0.1275,3828182.5
2026-02-21 21:00:00,0.1275,0.1282,0.1274,0.128,3918287.9
2026-02-21 21:15:00,0.128,0.1289,0.1279,0.1286,4000817.5
2026-02-21 21:30:00,0.1287,0.129,0.1286,0.1287,2108161.1
2026-02-21 21:45:00,0.1287,0.1294,0.1286,0.129,3689076.5
2026-02-21 22:00:00,0.129,0.1295,0.1285,0.1288,3101334.9
2026-02-21 22:15:00,0.1288,0.1289,0.128,0.1282,2030164.7
2026-02-21 22:30:00,0.1281,0.1284,0.1275,0.1278,3571101.5
2026-02-21 22:45:00,0.1279,0.1284,0.1278,0.1283,1725207.9
2026-02-21 23:00:00,0.1283,0.1286,0.1279,0.1279,3428294.4
2026-02-21 23:15:00,0.128,0.1289,0.1279,0.1288,3143759.7
2026-02-21 23:30:00,0.1289,0.1292,0.1281,0.1287,3995699.6
2026-02-21 23:45:00,0.1286,0.1288,0.1281,0.1283,4827797.0
2026-02-22 00:00:00,0.1283,0.1284,0.125,0.1266,31236081.4
2026-02-22 00:15:00,0.1267,0.1272,0.126,0.1262,6363926.0
2026-02-22 00:30:00,0.1261,0.1263,0.1229,0.1241,32937838.9
2026-02-22 00:45:00,0.124,0.1259,0.124,0.1259,12173568.2
2026-02-22 01:00:00,0.1259,0.1263,0.1254,0.1259,6878073.5
2026-02-22 01:15:00,0.126,0.1262,0.1255,0.1258,4570187.8
2026-02-22 01:30:00,0.1259,0.126,0.1254,0.1256,4152673.8
2026-02-22 01:45:00,0.1255,0.1265,0.1254,0.126,4408020.4
2026-02-22 02:00:00,0.1259,0.1267,0.1257,0.126,4578904.8
2026-02-22 02:15:00,0.126,0.1261,0.1248,0.1249,3474373.6
2026-02-22 02:30:00,0.1249,0.1254,0.1245,0.125,6421180.9
2026-02-22 02:45:00,0.1249,0.1255,0.1247,0.1252,5711586.6
2026-02-22 03:00:00,0.1252,0.1258,0.1251,0.1254,3182332.0
2026-02-22 03:15:00,0.1254,0.1255,0.1247,0.1249,4616065.8
2026-02-22 03:30:00,0.1249,0.1255,0.1248,0.1252,2292354.1
2026-02-22 03:45:00,0.1252,0.1253,0.1247,0.1248,1932321.8
2026-02-22 04:00:00,0.1249,0.1255,0.1247,0.1254,3355519.7
2026-02-22 04:15:00,0.1255,0.1255,0.1251,0.1253,1510420.8
2026-02-22 04:30:00,0.1253,0.1257,0.1251,0.1252,1573611.1
2026-02-22 04:45:00,0.1252,0.1253,0.1247,0.1249,1977033.1
2026-02-22 05:00:00,0.1248,0.1253,0.1248,0.1248,1765277.2
2026-02-22 05:15:00,0.1248,0.125,0.1241,0.1249,5787129.2
2026-02-22 05:30:00,0.1248,0.1254,0.1247,0.1252,2504445.3
2026-02-22 05:45:00,0.1253,0.1255,0.125,0.1254,2690183.7
2026-02-22 06:00:00,0.1254,0.1258,0.125,0.125,3517847.4
2026-02-22 06:15:00,0.1251,0.1258,0.125,0.1253,4239632.4
2026-02-22 06:30:00,0.1253,0.1258,0.1253,0.1257,1994941.9
2026-02-22 06:45:00,0.1257,0.1259,0.1253,0.1254,2171625.2
2026-02-22 07:00:00,0.1255,0.1256,0.125,0.1253,3123659.9
2026-02-22 07:15:00,0.1253,0.1262,0.1253,0.1258,3485089.9
2026-02-22 07:30:00,0.1258,0.1263,0.1255,0.1255,3636029.0
2026-02-22 07:45:00,0.1255,0.1256,0.1246,0.1248,5781282.0
2026-02-22 08:00:00,0.1247,0.1254,0.1243,0.1253,7397296.3
2026-02-22 08:15:00,0.1254,0.1255,0.1246,0.1248,4179603.8
2026-02-22 08:30:00,0.1249,0.1251,0.1246,0.125,3879278.1
2026-02-22 08:45:00,0.1251,0.1251,0.1231,0.1243,14985704.3
2026-02-22 09:00:00,0.1244,0.1252,0.1242,0.125,5174120.3
2026-02-22 09:15:00,0.1251,0.1255,0.125,0.1254,3446784.0
2026-02-22 09:30:00,0.1255,0.1255,0.1247,0.125,3745661.5
2026-02-22 09:45:00,0.125,0.1251,0.1245,0.125,2564352.0
2026-02-22 10:00:00,0.1249,0.1252,0.1248,0.1251,2206461.1
2026-02-22 10:15:00,0.1251,0.1253,0.1248,0.1249,2541488.6
2026-02-22 10:30:00,0.125,0.1252,0.1247,0.1247,2607420.8
2026-02-22 10:45:00,0.1248,0.1248,0.1245,0.1247,2516131.6
2026-02-22 11:00:00,0.1248,0.1252,0.1247,0.125,3576148.9
2026-02-22 11:15:00,0.1251,0.1252,0.1243,0.1245,4531527.3
2026-02-22 11:30:00,0.1245,0.1246,0.1238,0.1241,8223087.9
2026-02-22 11:45:00,0.124,0.1243,0.1236,0.1241,10104899.4
2026-02-22 12:00:00,0.124,0.1242,0.1219,0.1225,25787567.1
2026-02-22 12:15:00,0.1226,0.1229,0.1224,0.1226,6882842.3
2026-02-22 12:30:00,0.1226,0.1228,0.1216,0.1219,14863564.1
2026-02-22 12:45:00,0.1219,0.1222,0.1213,0.1216,10159446.1
2026-02-22 13:00:00,0.1215,0.122,0.1208,0.1215,15021813.6
2026-02-22 13:15:00,0.1215,0.1222,0.1214,0.1221,6119894.6
2026-02-22 13:30:00,0.1221,0.1225,0.1218,0.1219,8248570.5
2026-02-22 13:45:00,0.1218,0.1221,0.1217,0.122,4609361.8
2026-02-22 14:00:00,0.122,0.1227,0.1219,0.1224,7625711.6
2026-02-22 14:15:00,0.1225,0.1233,0.122,0.1225,7328863.6
2026-02-22 14:30:00,0.1225,0.1229,0.1223,0.1224,4673076.2
2026-02-22 14:45:00,0.1223,0.1224,0.1217,0.1218,5888315.1
2026-02-22 15:00:00,0.1218,0.1222,0.1214,0.1218,4489148.3
2026-02-22 15:15:00,0.1218,0.122,0.1214,0.1219,4028335.1
2026-02-22 15:30:00,0.1219,0.1236,0.1219,0.1235,8732388.0
2026-02-22 15:45:00,0.1235,0.1237,0.1234,0.1234,3606623.3
2026-02-22 16:00:00,0.1235,0.1238,0.1228,0.1228,7642658.2
2026-02-22 16:15:00,0.1229,0.1238,0.1228,0.1231,5168951.8
2026-02-22 16:30:00,0.1231,0.1241,0.123,0.1237,6063901.9
2026-02-22 16:45:00,0.1237,0.1252,0.1237,0.1249,8417788.1
2026-02-22 17:00:00,0.1249,0.1251,0.1242,0.1244,6403192.0
2026-02-22 17:15:00,0.1245,0.1249,0.1244,0.1244,4914055.7
2026-02-22 17:30:00,0.1244,0.1245,0.1231,0.1244,8754314.3
2026-02-22 17:45:00,0.1244,0.1254,0.1243,0.1248,9894192.6
2026-02-22 18:00:00,0.1249,0.125,0.124,0.1241,2692149.7
2026-02-22 18:15:00,0.124,0.1242,0.1235,0.1236,2300182.5
2026-02-22 18:30:00,0.1236,0.1237,0.1231,0.1232,2084059.1
2026-02-22 18:45:00,0.1232,0.1236,0.1231,0.1235,2435658.9
2026-02-22 19:00:00,0.1236,0.1239,0.1222,0.1228,5772016.4
2026-02-22 19:15:00,0.1227,0.1229,0.1225,0.1227,2170130.5
2026-02-22 19:30:00,0.1226,0.1228,0.1224,0.1228,2022940.2
2026-02-22 19:45:00,0.1228,0.123,0.1227,0.1229,2039121.5
2026-02-22 20:00:00,0.1229,0.1229,0.1221,0.1222,2428945.3
2026-02-22 20:15:00,0.1223,0.1225,0.1219,0.1222,3036767.5
2026-02-22 20:30:00,0.1222,0.1224,0.122,0.1222,1891112.2
2026-02-22 20:45:00,0.1221,0.1222,0.1212,0.1217,6090141.1
2026-02-22 21:00:00,0.1216,0.1221,0.1215,0.1216,3440967.7
2026-02-22 21:15:00,0.1217,0.122,0.1202,0.1208,9355400.4
2026-02-22 21:30:00,0.1209,0.1224,0.1206,0.1218,8248580.4
2026-02-22 21:45:00,0.1218,0.1222,0.1216,0.1218,3262505.8
2026-02-22 22:00:00,0.1218,0.1221,0.1217,0.1219,1875928.5
2026-02-22 22:15:00,0.1218,0.1224,0.1217,0.1217,4045526.0
2026-02-22 22:30:00,0.1217,0.122,0.1213,0.1218,2520887.4
2026-02-22 22:45:00,0.1218,0.1222,0.1217,0.1218,1950839.2
2026-02-22 23:00:00,0.1218,0.1226,0.1218,0.1223,3429189.4
2026-02-22 23:15:00,0.1223,0.1228,0.122,0.1224,4375318.7
2026-02-22 23:30:00,0.1223,0.1224,0.1217,0.1218,1668788.9
2026-02-22 23:45:00,0.1219,0.1227,0.1218,0.1222,2542759.7
2026-02-23 00:00:00,0.1222,0.123,0.1219,0.1221,8070740.3
2026-02-23 00:15:00,0.1221,0.1221,0.1214,0.1218,7481137.3
2026-02-23 00:30:00,0.1218,0.1218,0.1206,0.1215,8433165.4
2026-02-23 00:45:00,0.1215,0.122,0.1206,0.1207,6406191.2
2026-02-23 01:00:00,0.1206,0.1208,0.1158,0.117,92037425.8
2026-02-23 01:15:00,0.1169,0.1171,0.1142,0.1155,42306265.0
2026-02-23 01:30:00,0.1155,0.1165,0.115,0.116,18533835.3
2026-02-23 01:45:00,0.116,0.1163,0.1144,0.1152,23384948.2
2026-02-23 02:00:00,0.1151,0.1163,0.115,0.1159,13280113.0
2026-02-23 02:15:00,0.1159,0.1161,0.1153,0.1155,5635379.0
2026-02-23 02:30:00,0.1155,0.1164,0.1152,0.1158,13868053.9
2026-02-23 02:45:00,0.1158,0.1161,0.1152,0.1156,4913051.3
2026-02-23 03:00:00,0.1155,0.1163,0.1155,0.116,7442792.6
2026-02-23 03:15:00,0.1159,0.116,0.1151,0.1153,4342061.2
2026-02-23 03:30:00,0.1152,0.1159,0.1147,0.1158,9552814.8
2026-02-23 03:45:00,0.1158,0.116,0.1153,0.1155,4260998.2
2026-02-23 04:00:00,0.1155,0.1159,0.1148,0.1154,7903851.5
2026-02-23 04:15:00,0.1154,0.116,0.1151,0.1155,4211966.1
2026-02-23 04:30:00,0.1155,0.1155,0.1148,0.1149,3455078.9
2026-02-23 04:45:00,0.1148,0.1167,0.1148,0.1165,11960788.4
2026-02-23 05:00:00,0.1166,0.1176,0.1163,0.1169,14083189.0
2026-02-23 05:15:00,0.1169,0.1179,0.1167,0.1172,10021086.4
2026-02-23 05:30:00,0.1171,0.1177,0.117,0.1173,4750947.2
2026-02-23 05:45:00,0.1172,0.1176,0.117,0.1175,3648592.2
2026-02-23 06:00:00,0.1174,0.1209,0.1174,0.1207,21070382.5
2026-02-23 06:15:00,0.1207,0.1215,0.1204,0.121,15900220.7
2026-02-23 06:30:00,0.121,0.1215,0.1207,0.1211,5641789.1
2026-02-23 06:45:00,0.1212,0.122,0.1211,0.1218,7606012.4
2026-02-23 07:00:00,0.1218,0.1218,0.1205,0.1212,6108822.7
2026-02-23 07:15:00,0.1212,0.1216,0.1206,0.1209,6196543.3
2026-02-23 07:30:00,0.121,0.1218,0.1209,0.1214,5269235.7
2026-02-23 07:45:00,0.1214,0.1217,0.121,0.1211,3508323.0
2026-02-23 08:00:00,0.1211,0.1213,0.1206,0.1211,6782596.7
2026-02-23 08:15:00,0.1212,0.1238,0.1211,0.1227,28444288.8
2026-02-23 08:30:00,0.1227,0.1232,0.1215,0.1224,11321277.6
2026-02-23 08:45:00,0.1224,0.1227,0.122,0.1226,4626932.3
2026-02-23 09:00:00,0.1227,0.1237,0.1227,0.1231,6826082.4
2026-02-23 09:15:00,0.1232,0.1234,0.1225,0.1233,5234037.1
2026-02-23 09:30:00,0.1233,0.1265,0.1231,0.1247,23626681.7
2026-02-23 09:45:00,0.1247,0.1256,0.1245,0.1255,11247669.9
2026-02-23 10:00:00,0.1256,0.1259,0.1247,0.1248,7372940.7
2026-02-23 10:15:00,0.1249,0.1252,0.1239,0.1241,5712171.9
2026-02-23 10:30:00,0.1242,0.1243,0.1235,0.1239,4632878.2
2026-02-23 10:45:00,0.124,0.1241,0.1236,0.1239,2412920.2
2026-02-23 11:00:00,0.1239,0.1244,0.1235,0.1242,3359392.8
2026-02-23 11:15:00,0.1242,0.1244,0.1238,0.124,3587500.6
2026-02-23 11:30:00,0.124,0.1241,0.1234,0.1237,2159408.4
2026-02-23 11:45:00,0.1236,0.1246,0.1235,0.1244,7067768.0
2026-02-23 12:00:00,0.1244,0.125,0.1238,0.1247,3770790.9
2026-02-23 12:15:00,0.1247,0.1248,0.1241,0.1245,2715385.2
2026-02-23 12:30:00,0.1245,0.1259,0.1239,0.1258,6045310.3
2026-02-23 12:45:00,0.1257,0.1257,0.1248,0.1251,4316351.3
2026-02-23 13:00:00,0.125,0.1252,0.124,0.1242,5684156.8
2026-02-23 13:15:00,0.1241,0.1242,0.1237,0.1238,2643533.6
2026-02-23 13:30:00,0.1238,0.1238,0.1229,0.1233,4568697.5
2026-02-23 13:45:00,0.1232,0.1233,0.1226,0.1229,4176684.7
2026-02-23 14:00:00,0.1229,0.1231,0.1224,0.123,3846786.8
2026-02-23 14:15:00,0.1229,0.123,0.1217,0.1219,6014927.5
2026-02-23 14:30:00,0.122,0.1231,0.1219,0.1228,6841548.8
2026-02-23 14:45:00,0.1228,0.1234,0.1222,0.1228,6729105.3
2026-02-23 15:00:00,0.1227,0.1229,0.1219,0.1223,5896478.3
2026-02-23 15:15:00,0.1222,0.1228,0.1218,0.1221,2986840.9
2026-02-23 15:30:00,0.1221,0.1222,0.1214,0.122,3606751.0
2026-02-23 15:45:00,0.122,0.1221,0.121,0.1211,3623053.2
2026-02-23 16:00:00,0.1212,0.1215,0.1205,0.1208,7602975.7
2026-02-23 16:15:00,0.1209,0.1225,0.1208,0.1221,8767814.1
2026-02-23 16:30:00,0.1221,0.1222,0.1212,0.1215,4105695.2
2026-02-23 16:45:00,0.1215,0.1216,0.1208,0.121,2938471.3
2026-02-23 17:00:00,0.121,0.1212,0.1196,0.1197,8780110.1
2026-02-23 17:15:00,0.1197,0.12,0.1187,0.1187,7353276.2
2026-02-23 17:30:00,0.1187,0.1195,0.1183,0.1188,6286692.3
2026-02-23 17:45:00,0.1188,0.1195,0.118,0.1194,6203282.5
2026-02-23 18:00:00,0.1195,0.1197,0.1188,0.119,5093480.8
2026-02-23 18:15:00,0.119,0.1191,0.1185,0.119,3565368.9
2026-02-23 18:30:00,0.1189,0.1196,0.1187,0.1189,3747060.8
2026-02-23 18:45:00,0.1189,0.1189,0.1173,0.1176,10592227.6
2026-02-23 19:00:00,0.1175,0.118,0.1172,0.1172,5805832.4
2026-02-23 19:15:00,0.1173,0.1178,0.1172,0.1174,3939950.6
2026-02-23 19:30:00,0.1173,0.1177,0.1168,0.1173,4632841.2
2026-02-23 19:45:00,0.1173,0.1175,0.1167,0.1169,2846161.3
2026-02-23 20:00:00,0.1169,0.1172,0.1164,0.1168,4128329.8
2026-02-23 20:15:00,0.1167,0.1172,0.1165,0.1167,5798754.8
2026-02-23 20:30:00,0.1168,0.1177,0.1167,0.1175,4999270.3
2026-02-23 20:45:00,0.1176,0.1184,0.1174,0.1182,4288451.6
2026-02-23 21:00:00,0.1183,0.1195,0.1182,0.1194,5434417.2
2026-02-23 21:15:00,0.1194,0.1198,0.119,0.1195,5517533.8
2026-02-23 21:30:00,0.1196,0.1205,0.1192,0.1198,4583679.0
2026-02-23 21:45:00,0.1199,0.1204,0.1198,0.1203,2951871.8
2026-02-23 22:00:00,0.1203,0.1216,0.1201,0.1211,7310234.4
2026-02-23 22:15:00,0.1212,0.1215,0.1209,0.1211,2469290.1
2026-02-23 22:30:00,0.1212,0.1215,0.121,0.1211,2787260.4
2026-02-23 22:45:00,0.1212,0.1213,0.1206,0.1208,1431449.4
2026-02-23 23:00:00,0.1209,0.1214,0.1207,0.1212,2688016.0
2026-02-23 23:15:00,0.1212,0.1217,0.1211,0.1214,2184996.4
2026-02-23 23:30:00,0.1214,0.1217,0.1211,0.1212,3279584.8
2026-02-23 23:45:00,0.1213,0.1218,0.1212,0.1218,2752293.1
2026-02-24 00:00:00,0.1218,0.1224,0.1201,0.1206,19540107.0
2026-02-24 00:15:00,0.1206,0.1213,0.1205,0.121,4419096.3
2026-02-24 00:30:00,0.121,0.1219,0.1206,0.1216,3752937.3
2026-02-24 00:45:00,0.1216,0.1222,0.1215,0.1218,3308096.1
2026-02-24 01:00:00,0.1219,0.1219,0.1202,0.1204,7200778.1
2026-02-24 01:15:00,0.1204,0.1214,0.1188,0.1211,19088432.5
2026-02-24 01:30:00,0.121,0.1214,0.1203,0.1208,5976874.6
2026-02-24 01:45:00,0.1207,0.1209,0.1201,0.1204,3147746.6
2026-02-24 02:00:00,0.1203,0.1204,0.1197,0.12,4860480.2
2026-02-24 02:15:00,0.1199,0.1203,0.1195,0.1203,3112637.5
2026-02-24 02:30:00,0.1203,0.1205,0.1195,0.1197,2649011.7
2026-02-24 02:45:00,0.1197,0.1197,0.1189,0.119,3602148.3
2026-02-24 03:00:00,0.119,0.119,0.1183,0.1186,8311087.4
2026-02-24 03:15:00,0.1186,0.1189,0.118,0.1183,4483364.7
2026-02-24 03:30:00,0.1182,0.1187,0.118,0.1182,3313458.9
2026-02-24 03:45:00,0.1182,0.1187,0.118,0.1185,2849915.4
2026-02-24 04:00:00,0.1184,0.1188,0.1174,0.1175,4661857.6
2026-02-24 04:15:00,0.1175,0.1186,0.1171,0.1181,5462150.5
2026-02-24 04:30:00,0.1181,0.1181,0.1174,0.1178,3993959.8
2026-02-24 04:45:00,0.1178,0.1179,0.1173,0.1177,1369068.0
2026-02-24 05:00:00,0.1176,0.1183,0.1175,0.1176,4529022.4
2026-02-24 05:15:00,0.1175,0.1176,0.1162,0.1166,8271286.9
2026-02-24 05:30:00,0.1166,0.1169,0.1161,0.1165,4347425.6
2026-02-24 05:45:00,0.1164,0.117,0.1162,0.117,1836101.2
2026-02-24 06:00:00,0.1169,0.117,0.1164,0.1167,2926433.3
2026-02-24 06:15:00,0.1167,0.1171,0.1164,0.1166,1889388.5
2026-02-24 06:30:00,0.1165,0.1166,0.1161,0.1163,2706591.6
2026-02-24 06:45:00,0.1163,0.1164,0.1154,0.1158,5952664.2
2026-02-24 07:00:00,0.1157,0.1172,0.1157,0.1169,6630052.2
2026-02-24 07:15:00,0.1169,0.1171,0.1165,0.117,2390459.8
2026-02-24 07:30:00,0.1171,0.1171,0.1165,0.1167,2802573.6
2026-02-24 07:45:00,0.1166,0.117,0.1165,0.1167,2171604.3
2026-02-24 08:00:00,0.1168,0.1168,0.1152,0.1155,12601904.6
2026-02-24 08:15:00,0.1155,0.1158,0.115,0.1155,5865780.5
2026-02-24 08:30:00,0.1154,0.1163,0.1154,0.1159,4358663.6
2026-02-24 08:45:00,0.1158,0.1163,0.1157,0.1161,2762670.3
2026-02-24 09:00:00,0.1161,0.1164,0.1159,0.116,3185055.3
2026-02-24 09:15:00,0.116,0.1162,0.1157,0.1158,3836186.1
2026-02-24 09:30:00,0.1157,0.1165,0.1152,0.1164,4863273.7
2026-02-24 09:45:00,0.1164,0.1166,0.116,0.1161,3066587.5
2026-02-24 10:00:00,0.1162,0.1163,0.1159,0.1161,2276855.0
2026-02-24 10:15:00,0.1161,0.1172,0.116,0.1168,7036026.6
2026-02-24 10:30:00,0.1169,0.1172,0.1168,0.1171,3612619.0
2026-02-24 10:45:00,0.117,0.1173,0.1167,0.1169,1914013.0
2026-02-24 11:00:00,0.1169,0.117,0.1166,0.1169,1556440.7
2026-02-24 11:15:00,0.1168,0.1175,0.1168,0.1173,2585263.8
2026-02-24 11:30:00,0.1172,0.1173,0.1167,0.1169,2568848.0
2026-02-24 11:45:00,0.1168,0.1176,0.1167,0.1175,2238561.8
2026-02-24 12:00:00,0.1174,0.1177,0.1169,0.1171,5150641.4
2026-02-24 12:15:00,0.1171,0.1173,0.1168,0.1172,2385906.7
2026-02-24 12:30:00,0.1172,0.1174,0.1164,0.1166,3516665.9
2026-02-24 12:45:00,0.1166,0.1169,0.1164,0.1168,1907829.5
2026-02-24 13:00:00,0.1168,0.117,0.1162,0.1164,2292622.0
2026-02-24 13:15:00,0.1163,0.1164,0.1149,0.115,7797294.8
2026-02-24 13:30:00,0.1149,0.1162,0.1146,0.116,11990133.6
2026-02-24 13:45:00,0.116,0.1161,0.1155,0.1157,2884589.1
2026-02-24 14:00:00,0.1156,0.1156,0.1148,0.115,6380741.7
2026-02-24 14:15:00,0.1149,0.1152,0.1144,0.1149,4290084.2
2026-02-24 14:30:00,0.1148,0.1162,0.1142,0.1155,13693511.1
2026-02-24 14:45:00,0.1156,0.1172,0.1151,0.1165,15022503.4
2026-02-24 15:00:00,0.1165,0.1175,0.116,0.1167,11749098.8
2026-02-24 15:15:00,0.1167,0.1175,0.1165,0.117,9431812.6
2026-02-24 15:30:00,0.117,0.1172,0.1157,0.116,5619168.9
2026-02-24 15:45:00,0.116,0.1183,0.1159,0.1179,18869753.8
2026-02-24 16:00:00,0.1179,0.1184,0.1165,0.1176,16707415.4
2026-02-24 16:15:00,0.1177,0.1179,0.1169,0.1171,4520817.5
2026-02-24 16:30:00,0.1172,0.1183,0.1164,0.118,7198836.3
2026-02-24 16:45:00,0.1179,0.1187,0.1171,0.1187,5144596.6
2026-02-24 17:00:00,0.1186,0.1189,0.1181,0.1186,7652291.9
2026-02-24 17:15:00,0.1186,0.1188,0.1182,0.1184,4068169.0
2026-02-24 17:30:00,0.1184,0.1187,0.1178,0.118,2603373.3
2026-02-24 17:45:00,0.118,0.1181,0.1175,0.1175,2493230.5
2026-02-24 18:00:00,0.1175,0.1179,0.1162,0.1162,5217200.4
2026-02-24 18:15:00,0.1162,0.1171,0.116,0.1166,5353085.7
2026-02-24 18:30:00,0.1166,0.1168,0.1163,0.1165,3623650.7
2026-02-24 18:45:00,0.1165,0.1168,0.1165,0.1166,1994987.2
2026-02-24 19:00:00,0.1166,0.1176,0.1165,0.1168,5223916.3
2026-02-24 19:15:00,0.1168,0.1172,0.1164,0.1168,3505014.1
2026-02-24 19:30:00,0.1169,0.1179,0.1167,0.1176,3922215.9
2026-02-24 19:45:00,0.1177,0.118,0.117,0.117,4701557.9
2026-02-24 20:00:00,0.1171,0.1173,0.1166,0.117,5759178.5
2026-02-24 20:15:00,0.117,0.1178,0.1169,0.1177,2672981.1
2026-02-24 20:30:00,0.1177,0.118,0.1174,0.1178,2511257.1
2026-02-24 20:45:00,0.1179,0.1179,0.1171,0.1173,1437539.0
2026-02-24 21:00:00,0.1174,0.1175,0.1165,0.1168,4664257.4
2026-02-24 21:15:00,0.1169,0.1171,0.1162,0.1168,3466083.9
2026-02-24 21:30:00,0.1168,0.1174,0.1167,0.1173,1688677.6
2026-02-24 21:45:00,0.1174,0.1178,0.1171,0.1174,2020070.9
2026-02-24 22:00:00,0.1175,0.1187,0.1174,0.1186,4466123.6
2026-02-24 22:15:00,0.1186,0.1186,0.1177,0.1179,3116980.2
2026-02-24 22:30:00,0.1179,0.118,0.1176,0.1177,1061533.7
2026-02-24 22:45:00,0.1177,0.118,0.1176,0.1178,1379704.5
2026-02-24 23:00:00,0.1179,0.1185,0.1176,0.1179,3051329.1
2026-02-24 23:15:00,0.1179,0.1186,0.1178,0.1185,2566456.5
2026-02-24 23:30:00,0.1185,0.1189,0.1183,0.1184,4088861.1
2026-02-24 23:45:00,0.1184,0.1185,0.1176,0.1176,2598671.1
2026-02-25 00:00:00,0.1177,0.1183,0.1174,0.1178,5221008.9
2026-02-25 00:15:00,0.1178,0.1181,0.1173,0.1178,3302643.6
2026-02-25 00:30:00,0.1179,0.1184,0.1177,0.1183,2821050.4
2026-02-25 00:45:00,0.1183,0.1184,0.1177,0.1177,3135391.8
2026-02-25 01:00:00,0.1177,0.1214,0.1175,0.121,12654577.5
2026-02-25 01:15:00,0.121,0.1229,0.1203,0.1217,20019952.0
2026-02-25 01:30:00,0.1218,0.1219,0.1208,0.121,6589011.5
2026-02-25 01:45:00,0.121,0.1211,0.1205,0.1206,4762068.8
2026-02-25 02:00:00,0.1207,0.1219,0.1206,0.1211,6341303.3
2026-02-25 02:15:00,0.1211,0.1212,0.1201,0.1209,5896419.1
2026-02-25 02:30:00,0.121,0.121,0.1194,0.1198,5178719.2
2026-02-25 02:45:00,0.1198,0.1201,0.1196,0.1197,3670362.7
2026-02-25 03:00:00,0.1197,0.1199,0.1184,0.119,8603750.3
2026-02-25 03:15:00,0.119,0.119,0.1177,0.1179,6850398.2
2026-02-25 03:30:00,0.118,0.1184,0.1178,0.1182,6501554.7
2026-02-25 03:45:00,0.1182,0.1184,0.1176,0.1177,2853108.0
2026-02-25 04:00:00,0.1177,0.118,0.1166,0.1173,8647027.9
2026-02-25 04:15:00,0.1174,0.1175,0.1167,0.1172,7370816.6
2026-02-25 04:30:00,0.1172,0.1179,0.1169,0.1176,4651533.0
2026-02-25 04:45:00,0.1176,0.1179,0.1173,0.1174,3074993.5
2026-02-25 05:00:00,0.1175,0.1182,0.1172,0.118,3674231.9
2026-02-25 05:15:00,0.118,0.118,0.1171,0.1173,3834914.7
2026-02-25 05:30:00,0.1174,0.1177,0.1163,0.117,5569931.5
2026-02-25 05:45:00,0.1169,0.1176,0.1169,0.1175,3672711.2
2026-02-25 06:00:00,0.1175,0.1187,0.1174,0.1186,8058391.1
2026-02-25 06:15:00,0.1186,0.1191,0.118,0.1188,6438292.5
2026-02-25 06:30:00,0.1189,0.1199,0.1187,0.1195,7068410.0
2026-02-25 06:45:00,0.1196,0.1196,0.1183,0.1188,6436820.2
2026-02-25 07:00:00,0.1188,0.1189,0.1177,0.1178,5075154.0
2026-02-25 07:15:00,0.1178,0.118,0.1173,0.1177,6124289.8
2026-02-25 07:30:00,0.1176,0.1181,0.1175,0.1179,2379557.3
2026-02-25 07:45:00,0.1179,0.1183,0.1178,0.1181,1337914.0
2026-02-25 08:00:00,0.1181,0.1183,0.1176,0.1177,2596759.9
2026-02-25 08:15:00,0.1177,0.1182,0.1165,0.1175,9409070.0
2026-02-25 08:30:00,0.1175,0.1181,0.1172,0.1177,4574396.1
2026-02-25 08:45:00,0.1178,0.1183,0.1176,0.1177,4851250.8
2026-02-25 09:00:00,0.1178,0.1183,0.1173,0.1182,5250856.1
2026-02-25 09:15:00,0.1181,0.1186,0.118,0.1182,4471108.4
2026-02-25 09:30:00,0.1182,0.1183,0.1175,0.1175,3023799.2
2026-02-25 09:45:00,0.1176,0.1181,0.1174,0.1179,2373081.7
2026-02-25 10:00:00,0.1179,0.1188,0.1179,0.1186,5701706.8
2026-02-25 10:15:00,0.1187,0.1189,0.1182,0.1187,3789476.4
2026-02-25 10:30:00,0.1186,0.119,0.1184,0.1185,3670513.7
2026-02-25 10:45:00,0.1184,0.1189,0.1183,0.1187,3103390.3
2026-02-25 11:00:00,0.1187,0.1188,0.1178,0.1181,3627770.6
2026-02-25 11:15:00,0.118,0.1196,0.1177,0.1191,8659224.5
2026-02-25 11:30:00,0.1192,0.1197,0.1189,0.1191,5491261.2
2026-02-25 11:45:00,0.1191,0.1196,0.119,0.1191,4239230.6
2026-02-25 12:00:00,0.1192,0.1194,0.1188,0.119,3769739.6
2026-02-25 12:15:00,0.119,0.1199,0.1187,0.1195,7645234.0
2026-02-25 12:30:00,0.1195,0.1201,0.119,0.1196,4952328.4
2026-02-25 12:45:00,0.1196,0.1205,0.1195,0.1201,7787361.4
2026-02-25 13:00:00,0.12,0.1204,0.1195,0.1196,5075635.0
2026-02-25 13:15:00,0.1195,0.1206,0.1191,0.1204,6966882.0
2026-02-25 13:30:00,0.1205,0.1213,0.1201,0.1205,9329785.0
2026-02-25 13:45:00,0.1205,0.1213,0.1201,0.1201,6576167.0
2026-02-25 14:00:00,0.1202,0.1211,0.1201,0.121,4580154.5
2026-02-25 14:15:00,0.1209,0.1212,0.1207,0.1209,4013855.9
2026-02-25 14:30:00,0.1209,0.1219,0.1206,0.1213,10787887.6
2026-02-25 14:45:00,0.1214,0.1228,0.1213,0.1222,8265533.3
2026-02-25 15:00:00,0.1222,0.123,0.1216,0.1224,11033746.8
2026-02-25 15:15:00,0.1224,0.1237,0.1222,0.1228,12117538.8
2026-02-25 15:30:00,0.1229,0.1239,0.1225,0.1238,10594559.2
2026-02-25 15:45:00,0.1239,0.1246,0.123,0.1232,8998820.8
2026-02-25 16:00:00,0.1233,0.1248,0.1232,0.1239,11256899.6
2026-02-25 16:15:00,0.124,0.1254,0.1235,0.125,14928481.9
2026-02-25 16:30:00,0.125,0.1255,0.1245,0.1249,9249384.7
2026-02-25 16:45:00,0.125,0.1263,0.1248,0.1257,10194144.3
2026-02-25 17:00:00,0.1258,0.1266,0.1254,0.1258,12047548.1
2026-02-25 17:15:00,0.1257,0.1269,0.1255,0.1266,8642251.7
2026-02-25 17:30:00,0.1267,0.1267,0.1257,0.1261,6599462.5
2026-02-25 17:45:00,0.1261,0.1266,0.1259,0.1264,4748303.7
2026-02-25 18:00:00,0.1264,0.1266,0.1247,0.1263,11233595.1
2026-02-25 18:15:00,0.1262,0.1276,0.1261,0.1273,7757481.1
2026-02-25 18:30:00,0.1274,0.1275,0.1268,0.1273,3928284.7
2026-02-25 18:45:00,0.1273,0.1274,0.1266,0.127,3783442.5
2026-02-25 19:00:00,0.1271,0.1271,0.1256,0.1263,5847828.4
2026-02-25 19:15:00,0.1263,0.1278,0.1262,0.1271,7309848.5
2026-02-25 19:30:00,0.1272,0.1285,0.1267,0.1284,11478521.0
2026-02-25 19:45:00,0.1284,0.1295,0.128,0.1288,16674111.8
2026-02-25 20:00:00,0.1288,0.1291,0.1281,0.1282,5447674.6
2026-02-25 20:15:00,0.1282,0.1287,0.1274,0.1285,10259535.9
2026-02-25 20:30:00,0.1285,0.1303,0.1284,0.1302,7716351.4
2026-02-25 20:45:00,0.1302,0.1306,0.1294,0.1298,7853517.9
2026-02-25 21:00:00,0.1298,0.1303,0.1294,0.1296,7450760.8
2026-02-25 21:15:00,0.1295,0.132,0.1294,0.1297,20548772.7
2026-02-25 21:30:00,0.1297,0.1333,0.1296,0.1324,26533597.7
2026-02-25 21:45:00,0.1325,0.1336,0.1305,0.131,38133942.9
2026-02-25 22:00:00,0.1309,0.1318,0.1293,0.1303,21414765.6
2026-02-25 22:15:00,0.1303,0.1305,0.1288,0.1289,8015404.6
2026-02-25 22:30:00,0.1288,0.1292,0.1271,0.1276,11791475.7
2026-02-25 22:45:00,0.1276,0.1281,0.1263,0.1275,7410464.7
2026-02-25 23:00:00,0.1274,0.1283,0.1266,0.1276,9555584.6
2026-02-25 23:15:00,0.1276,0.1276,0.1256,0.1256,15567526.3
2026-02-25 23:30:00,0.1256,0.1258,0.123,0.1234,20285964.1
2026-02-25 23:45:00,0.1233,0.1242,0.1227,0.1241,13315679.8
2026-02-26 00:00:00,0.1241,0.1244,0.1232,0.124,8869830.3
2026-02-26 00:15:00,0.1239,0.1245,0.1236,0.124,5359690.9
2026-02-26 00:30:00,0.1239,0.1247,0.1222,0.1237,11623965.0
2026-02-26 00:45:00,0.1236,0.1247,0.1233,0.1244,6169748.9
2026-02-26 01:00:00,0.1244,0.1256,0.124,0.1251,6550547.7
2026-02-26 01:15:00,0.125,0.1259,0.1245,0.1253,5788005.9
2026-02-26 01:30:00,0.1252,0.1255,0.1247,0.1249,4513309.0
2026-02-26 01:45:00,0.1248,0.1251,0.1241,0.1242,3874409.0
2026-02-26 02:00:00,0.1241,0.1242,0.1228,0.1232,6674531.0
2026-02-26 02:15:00,0.1232,0.1244,0.1232,0.1242,4940929.4
2026-02-26 02:30:00,0.1242,0.1256,0.1241,0.1249,7303239.5
2026-02-26 02:45:00,0.1249,0.1254,0.1244,0.1252,2868295.6
2026-02-26 03:00:00,0.1252,0.1254,0.1243,0.1245,3252059.5
2026-02-26 03:15:00,0.1244,0.1248,0.124,0.1247,2263161.8
2026-02-26 03:30:00,0.1247,0.1262,0.1246,0.126,5063095.6
2026-02-26 03:45:00,0.1261,0.1264,0.1257,0.1259,2724510.4
2026-02-26 04:00:00,0.1259,0.1267,0.125,0.1257,5763679.9
2026-02-26 04:15:00,0.1257,0.1262,0.1248,0.1251,4999258.7
2026-02-26 04:30:00,0.1251,0.1258,0.1248,0.1256,5134789.8
2026-02-26 04:45:00,0.1257,0.1257,0.1251,0.1254,1673422.3
2026-02-26 05:00:00,0.1254,0.1255,0.1234,0.1236,6418079.8
2026-02-26 05:15:00,0.1236,0.1243,0.123,0.124,4906725.4
2026-02-26 05:30:00,0.1241,0.1243,0.1236,0.1242,3077369.0
2026-02-26 05:45:00,0.1243,0.1245,0.124,0.124,3434592.4
2026-02-26 06:00:00,0.124,0.125,0.1233,0.1245,5210737.9
2026-02-26 06:15:00,0.1244,0.1246,0.1236,0.1236,2100877.1
2026-02-26 06:30:00,0.1236,0.1238,0.1226,0.1229,5837784.5
2026-02-26 06:45:00,0.1229,0.1233,0.1228,0.1231,3225231.6
2026-02-26 07:00:00,0.1232,0.1235,0.1229,0.1231,3642222.6
2026-02-26 07:15:00,0.123,0.1232,0.1227,0.123,2887085.8
2026-02-26 07:30:00,0.1229,0.1231,0.1225,0.1226,3474732.4
2026-02-26 07:45:00,0.1226,0.124,0.1225,0.1238,4076327.0
2026-02-26 08:00:00,0.1238,0.1242,0.1234,0.1235,5710851.4
2026-02-26 08:15:00,0.1235,0.1241,0.1231,0.1237,4420694.1
2026-02-26 08:30:00,0.1237,0.1239,0.1231,0.1235,4972087.4
2026-02-26 08:45:00,0.1235,0.1238,0.123,0.1231,2448120.0
2026-02-26 09:00:00,0.1231,0.1245,0.123,0.124,5182166.3
2026-02-26 09:15:00,0.124,0.1243,0.1238,0.124,2741460.7
2026-02-26 09:30:00,0.124,0.1252,0.1239,0.1248,5047409.3
2026-02-26 09:45:00,0.1249,0.1251,0.1235,0.1239,5508261.3
2026-02-26 10:00:00,0.1238,0.1241,0.1228,0.1228,5516337.0
2026-02-26 10:15:00,0.1229,0.123,0.1218,0.1222,8395069.8
2026-02-26 10:30:00,0.1222,0.1222,0.1216,0.1219,5240890.7
2026-02-26 10:45:00,0.1218,0.1219,0.1212,0.1216,4839038.0
2026-02-26 11:00:00,0.1215,0.1223,0.1211,0.1213,10734721.3
2026-02-26 11:15:00,0.1212,0.1216,0.1209,0.1214,3812721.1
2026-02-26 11:30:00,0.1215,0.1217,0.1213,0.1214,2041085.6
2026-02-26 11:45:00,0.1214,0.1215,0.1211,0.1213,2230027.2
2026-02-26 12:00:00,0.1214,0.1217,0.121,0.1216,4682629.5
2026-02-26 12:15:00,0.1216,0.1226,0.1215,0.1225,3111618.6
2026-02-26 12:30:00,0.1226,0.1229,0.1223,0.1225,2336159.3
2026-02-26 12:45:00,0.1225,0.123,0.1224,0.1227,2686299.5
2026-02-26 13:00:00,0.1228,0.123,0.1222,0.1224,5299201.5
2026-02-26 13:15:00,0.1225,0.1235,0.1224,0.1233,2467413.0
2026-02-26 13:30:00,0.1233,0.1233,0.1226,0.1227,2769909.6
2026-02-26 13:45:00,0.1226,0.1231,0.1219,0.1221,3214808.1
2026-02-26 14:00:00,0.1222,0.1228,0.1216,0.1224,4078127.2
2026-02-26 14:15:00,0.1224,0.1228,0.1222,0.1224,1987109.1
2026-02-26 14:30:00,0.1223,0.1231,0.1213,0.1221,7443361.9
2026-02-26 14:45:00,0.1221,0.1231,0.1215,0.1227,5851256.8
2026-02-26 15:00:00,0.1228,0.1229,0.1221,0.1225,3689767.7
2026-02-26 15:15:00,0.1225,0.1225,0.12,0.1214,21065225.7
2026-02-26 15:30:00,0.1214,0.1228,0.1207,0.1223,10193865.1
2026-02-26 15:45:00,0.1223,0.1228,0.1216,0.1218,4255417.7
2026-02-26 16:00:00,0.1218,0.122,0.1202,0.1203,7033819.1
2026-02-26 16:15:00,0.1203,0.1214,0.1202,0.1211,5720482.2
2026-02-26 16:30:00,0.1211,0.1211,0.1186,0.1195,15923503.2
2026-02-26 16:45:00,0.1195,0.1196,0.117,0.1174,31386663.4
2026-02-26 17:00:00,0.1174,0.1185,0.1172,0.1177,8095221.0
2026-02-26 17:15:00,0.1176,0.1184,0.1172,0.1173,4993850.7
2026-02-26 17:30:00,0.1173,0.1178,0.1166,0.117,7442320.9
2026-02-26 17:45:00,0.1169,0.1171,0.1159,0.1163,11058470.9
2026-02-26 18:00:00,0.1162,0.1166,0.1156,0.1158,8913755.4
2026-02-26 18:15:00,0.1158,0.1161,0.1151,0.1153,11820074.2
2026-02-26 18:30:00,0.1153,0.1177,0.1152,0.1169,17507929.0
2026-02-26 18:45:00,0.1169,0.1176,0.1166,0.1175,4640090.6
2026-02-26 19:00:00,0.1175,0.1197,0.1174,0.1194,15305092.2
2026-02-26 19:15:00,0.1195,0.1198,0.119,0.1194,5084559.0
2026-02-26 19:30:00,0.1194,0.1199,0.1192,0.1194,3868919.4
2026-02-26 19:45:00,0.1195,0.1199,0.1191,0.1194,5860028.3
2026-02-26 20:00:00,0.1194,0.1201,0.1192,0.1195,3680494.1
2026-02-26 20:15:00,0.1195,0.12,0.1193,0.1195,2943230.9
2026-02-26 20:30:00,0.1195,0.1196,0.1186,0.119,2870907.0
2026-02-26 20:45:00,0.1189,0.1191,0.1186,0.1189,2350128.3
2026-02-26 21:00:00,0.1188,0.1189,0.1181,0.1184,2461179.9
2026-02-26 21:15:00,0.1184,0.1189,0.1182,0.1188,2218405.8
2026-02-26 21:30:00,0.1189,0.1192,0.1185,0.1191,1921217.4
2026-02-26 21:45:00,0.1191,0.1192,0.1186,0.1188,2051636.9
2026-02-26 22:00:00,0.1188,0.1193,0.1186,0.1189,2930416.9
2026-02-26 22:15:00,0.1189,0.1191,0.1186,0.1189,993267.7
2026-02-26 22:30:00,0.1189,0.1194,0.1188,0.1191,1575297.9
2026-02-26 22:45:00,0.1191,0.1193,0.1188,0.1192,1613768.5
2026-02-26 23:00:00,0.1192,0.1198,0.119,0.1193,3346021.9
2026-02-26 23:15:00,0.1193,0.1198,0.119,0.1197,2656937.8
2026-02-26 23:30:00,0.1198,0.1198,0.1193,0.1193,1731888.1
2026-02-26 23:45:00,0.1193,0.1195,0.1192,0.1193,1355088.2
2026-02-27 00:00:00,0.1194,0.1195,0.1189,0.1193,2795046.1
2026-02-27 00:15:00,0.1192,0.1193,0.1186,0.1189,3754235.3
2026-02-27 00:30:00,0.1189,0.1191,0.1182,0.1185,3290304.9
2026-02-27 00:45:00,0.1184,0.1192,0.1183,0.1191,2029662.7
2026-02-27 01:00:00,0.1192,0.1192,0.1185,0.1189,2351886.0
2026-02-27 01:15:00,0.1188,0.1195,0.1187,0.1191,3252015.7
2026-02-27 01:30:00,0.1191,0.1195,0.1188,0.119,3044361.5
2026-02-27 01:45:00,0.1191,0.1194,0.1189,0.1194,1686548.8
2026-02-27 02:00:00,0.1194,0.1201,0.1192,0.1197,3567647.5
2026-02-27 02:15:00,0.1197,0.1204,0.1195,0.1202,2132847.5
2026-02-27 02:30:00,0.1203,0.1207,0.1198,0.12,4394779.9
2026-02-27 02:45:00,0.12,0.1206,0.1198,0.1202,1418280.2
2026-02-27 03:00:00,0.1203,0.1204,0.1193,0.1195,3441476.7
2026-02-27 03:15:00,0.1196,0.1198,0.119,0.1192,2667630.7
2026-02-27 03:30:00,0.1193,0.1196,0.1191,0.1194,2677500.6
2026-02-27 03:45:00,0.1194,0.1201,0.1191,0.1198,2926744.5
2026-02-27 04:00:00,0.1199,0.1226,0.1198,0.1224,9043011.8
2026-02-27 04:15:00,0.1225,0.1231,0.1218,0.122,5843523.4
2026-02-27 04:30:00,0.122,0.1222,0.1214,0.1214,2942491.9
2026-02-27 04:45:00,0.1215,0.1225,0.1212,0.1221,2885017.7
2026-02-27 05:00:00,0.1221,0.1224,0.1218,0.122,2785196.4
2026-02-27 05:15:00,0.1221,0.1224,0.1215,0.1222,4090146.2
2026-02-27 05:30:00,0.1222,0.1228,0.1221,0.1225,3870530.5
2026-02-27 05:45:00,0.1225,0.1225,0.1218,0.1219,2146100.0
2026-02-27 06:00:00,0.1219,0.1224,0.1218,0.1223,5793810.6
2026-02-27 06:15:00,0.1223,0.1226,0.1217,0.1221,2522667.8
2026-02-27 06:30:00,0.1222,0.1234,0.122,0.1231,3810930.2
2026-02-27 06:45:00,0.123,0.1237,0.123,0.1233,4012827.2
2026-02-27 07:00:00,0.1234,0.1234,0.1223,0.123,4032667.6
2026-02-27 07:15:00,0.123,0.1234,0.1226,0.1229,3770585.0
2026-02-27 07:30:00,0.1229,0.1235,0.1227,0.1233,4143769.4
2026-02-27 07:45:00,0.1233,0.1252,0.1231,0.1244,8842489.6
2026-02-27 08:00:00,0.1245,0.1259,0.1245,0.1254,9355787.1
2026-02-27 08:15:00,0.1253,0.1264,0.1249,0.1257,5924325.8
2026-02-27 08:30:00,0.1258,0.1264,0.1252,0.1261,4686034.8
2026-02-27 08:45:00,0.1262,0.1268,0.1256,0.1266,4809988.5
2026-02-27 09:00:00,0.1266,0.1273,0.1263,0.1269,7447352.8
2026-02-27 09:15:00,0.127,0.1282,0.1269,0.1278,9080824.0
2026-02-27 09:30:00,0.1278,0.1284,0.1269,0.1272,10379320.3
2026-02-27 09:45:00,0.1272,0.1279,0.1264,0.1269,11279267.4
2026-02-27 10:00:00,0.1269,0.1277,0.1253,0.1255,19138500.7
2026-02-27 10:15:00,0.1254,0.1256,0.1245,0.1252,13166767.0
2026-02-27 10:30:00,0.1251,0.1265,0.125,0.125,8423441.4
2026-02-27 10:45:00,0.1251,0.1257,0.1238,0.124,8212183.2
2026-02-27 11:00:00,0.124,0.1243,0.1236,0.1239,4224872.8
2026-02-27 11:15:00,0.1239,0.1245,0.1234,0.1237,6838991.9
2026-02-27 11:30:00,0.1236,0.1237,0.1216,0.1219,12593651.7
2026-02-27 11:45:00,0.1218,0.1231,0.1217,0.1228,4660303.1
2026-02-27 12:00:00,0.1227,0.1232,0.1223,0.1226,4759179.1
2026-02-27 12:15:00,0.1226,0.1234,0.1221,0.1228,3326742.0
2026-02-27 12:30:00,0.1227,0.1232,0.1221,0.1224,2916338.9
2026-02-27 12:45:00,0.1224,0.1227,0.1219,0.1227,3295066.8
2026-02-27 13:00:00,0.1226,0.1234,0.1225,0.1232,4135385.6
2026-02-27 13:15:00,0.1232,0.1234,0.1224,0.1226,3524694.1
2026-02-27 13:30:00,0.1225,0.1225,0.1206,0.1219,14961059.0
2026-02-27 13:45:00,0.1219,0.1227,0.1216,0.1225,6024408.6
2026-02-27 14:00:00,0.1225,0.1231,0.1224,0.1225,6082516.3
2026-02-27 14:15:00,0.1225,0.1226,0.1214,0.1215,4786589.6
2026-02-27 14:30:00,0.1216,0.1226,0.1209,0.122,10507843.7
2026-02-27 14:45:00,0.122,0.1224,0.1213,0.1215,5014370.5
2026-02-27 15:00:00,0.1214,0.1227,0.1212,0.1218,5137213.0
2026-02-27 15:15:00,0.1218,0.1224,0.1213,0.1218,3235685.9
2026-02-27 15:30:00,0.1217,0.1223,0.1209,0.1213,8499251.6
2026-02-27 15:45:00,0.1212,0.1219,0.1212,0.1214,2998557.7
2026-02-27 16:00:00,0.1214,0.1215,0.1202,0.1212,6547917.2
2026-02-27 16:15:00,0.1211,0.1217,0.121,0.1211,3432073.7
2026-02-27 16:30:00,0.1212,0.1214,0.1204,0.1206,2971920.3
2026-02-27 16:45:00,0.1207,0.1208,0.1193,0.12,8260978.9
2026-02-27 17:00:00,0.1199,0.1204,0.1196,0.1196,4490625.8
2026-02-27 17:15:00,0.1197,0.1199,0.1192,0.1193,3832928.4
2026-02-27 17:30:00,0.1193,0.1211,0.1191,0.1208,4879523.8
2026-02-27 17:45:00,0.1208,0.1219,0.1205,0.1218,4205726.5
2026-02-27 18:00:00,0.1218,0.1221,0.1213,0.1215,6230776.4
2026-02-27 18:15:00,0.1215,0.1219,0.1207,0.1212,5499623.3
2026-02-27 18:30:00,0.1212,0.1217,0.1211,0.1213,2809150.6
2026-02-27 18:45:00,0.1213,0.1215,0.1204,0.1205,1501518.5
2026-02-27 19:00:00,0.1205,0.1206,0.1189,0.119,5230689.1
2026-02-27 19:15:00,0.119,0.1196,0.1188,0.1193,3393979.1
2026-02-27 19:30:00,0.1193,0.1194,0.1181,0.1182,5117923.2
2026-02-27 19:45:00,0.1182,0.1192,0.1182,0.119,2693380.0
2026-02-27 20:00:00,0.1191,0.1197,0.1189,0.1196,3158555.6
2026-02-27 20:15:00,0.1196,0.1198,0.1193,0.1193,1438750.4
2026-02-27 20:30:00,0.1193,0.1195,0.1189,0.1192,1410556.9
2026-02-27 20:45:00,0.1191,0.1194,0.1188,0.1191,1818761.3
2026-02-27 21:00:00,0.1191,0.1195,0.1188,0.1189,2345916.7
2026-02-27 21:15:00,0.119,0.1191,0.1185,0.1186,2432249.0
2026-02-27 21:30:00,0.1186,0.1186,0.1177,0.118,4342245.1
2026-02-27 21:45:00,0.1179,0.1182,0.1176,0.1182,2006638.6
2026-02-27 22:00:00,0.1181,0.1185,0.1177,0.118,3378737.6
2026-02-27 22:15:00,0.118,0.1182,0.1171,0.1174,3958679.5
2026-02-27 22:30:00,0.1173,0.1178,0.1156,0.1177,13117558.2
2026-02-27 22:45:00,0.1177,0.1183,0.1176,0.1183,2307611.0
2026-02-27 23:00:00,0.1183,0.1192,0.1181,0.1189,3669169.7
2026-02-27 23:15:00,0.1189,0.1196,0.1188,0.1196,1960777.9
2026-02-27 23:30:00,0.1195,0.1197,0.1193,0.1195,2069076.3
2026-02-27 23:45:00,0.1195,0.1198,0.1194,0.1195,1241403.8
2026-02-28 00:00:00,0.1196,0.1199,0.1192,0.1198,3310890.4
2026-02-28 00:15:00,0.1199,0.12,0.1192,0.1194,1776062.2
2026-02-28 00:30:00,0.1193,0.1197,0.1189,0.1195,3524056.0
2026-02-28 00:45:00,0.1196,0.1202,0.1195,0.1201,3969098.7
2026-02-28 01:00:00,0.1202,0.1203,0.1198,0.1199,3206495.5
2026-02-28 01:15:00,0.12,0.1201,0.1195,0.1196,1727360.2
2026-02-28 01:30:00,0.1195,0.12,0.1192,0.1197,1700237.3
2026-02-28 01:45:00,0.1197,0.1199,0.1195,0.1195,1443725.9
2026-02-28 02:00:00,0.1196,0.1197,0.1193,0.1196,1761115.5
2026-02-28 02:15:00,0.1197,0.1206,0.1195,0.1205,3026135.4
2026-02-28 02:30:00,0.1204,0.1205,0.1201,0.1203,2383449.3
2026-02-28 02:45:00,0.1204,0.1204,0.1199,0.1199,1402754.2
2026-02-28 03:00:00,0.12,0.1202,0.1198,0.12,1312768.0
2026-02-28 03:15:00,0.12,0.1203,0.1196,0.1197,1980752.4
2026-02-28 03:30:00,0.1197,0.1198,0.1183,0.1183,4773172.4
2026-02-28 03:45:00,0.1183,0.1187,0.1179,0.1182,2647230.1
2026-02-28 04:00:00,0.1183,0.1184,0.1179,0.1184,1394032.3
2026-02-28 04:15:00,0.1183,0.1186,0.1181,0.1181,2306092.0
2026-02-28 04:30:00,0.1181,0.1186,0.1174,0.1183,2952050.6
2026-02-28 04:45:00,0.1183,0.1186,0.1182,0.1183,1073495.9
2026-02-28 05:00:00,0.1183,0.1187,0.1182,0.1183,2320212.7
2026-02-28 05:15:00,0.1184,0.1184,0.1178,0.1179,1532475.3
2026-02-28 05:30:00,0.1178,0.1181,0.1173,0.1175,6375875.1
2026-02-28 05:45:00,0.1175,0.1178,0.1174,0.1176,1358802.8
2026-02-28 06:00:00,0.1176,0.1177,0.1168,0.117,3584583.0
2026-02-28 06:15:00,0.117,0.1171,0.113,0.1146,41385389.5
2026-02-28 06:30:00,0.1145,0.1146,0.1116,0.1129,35760255.9
2026-02-28 06:45:00,0.1129,0.113,0.1103,0.1106,20819888.3
2026-02-28 07:00:00,0.1105,0.1122,0.1098,0.1119,19359864.6
2026-02-28 07:15:00,0.112,0.1122,0.1106,0.1109,6221470.3
2026-02-28 07:30:00,0.1108,0.114,0.1108,0.1136,13946184.9
2026-02-28 07:45:00,0.1136,0.1136,0.1121,0.1122,4926880.6
2026-02-28 08:00:00,0.1122,0.1122,0.1112,0.1113,6709493.1
2026-02-28 08:15:00,0.1114,0.1119,0.1107,0.1113,4479736.6
2026-02-28 08:30:00,0.1113,0.112,0.1111,0.1113,3401664.0
2026-02-28 08:45:00,0.1113,0.1115,0.1104,0.1106,4895988.6
2026-02-28 09:00:00,0.1106,0.1116,0.1102,0.1112,7657007.5
2026-02-28 09:15:00,0.1113,0.1115,0.1108,0.1113,3510252.4
2026-02-28 09:30:00,0.1114,0.1115,0.1106,0.1108,2070292.7
2026-02-28 09:45:00,0.1107,0.1109,0.1096,0.1098,13486882.5
2026-02-28 10:00:00,0.1099,0.11,0.109,0.1095,8900079.0
2026-02-28 10:15:00,0.1095,0.1102,0.1093,0.1098,5326916.3
2026-02-28 10:30:00,0.1098,0.1109,0.1097,0.1105,3780941.6
2026-02-28 10:45:00,0.1105,0.1106,0.11,0.1103,3757420.4
2026-02-28 11:00:00,0.1104,0.111,0.1102,0.1104,3805263.7
2026-02-28 11:15:00,0.1103,0.1107,0.1101,0.1105,3458038.4
2026-02-28 11:30:00,0.1106,0.1111,0.1104,0.1104,3406443.6
2026-02-28 11:45:00,0.1105,0.1107,0.1098,0.1099,3856370.4
2026-02-28 12:00:00,0.1099,0.1105,0.1099,0.1104,4973526.7
2026-02-28 12:15:00,0.1104,0.1106,0.1101,0.1106,2367131.6
2026-02-28 12:30:00,0.1105,0.1111,0.1104,0.1105,5937846.8
2026-02-28 12:45:00,0.1106,0.1106,0.11,0.1106,3534702.7
2026-02-28 13:00:00,0.1106,0.1109,0.1104,0.1108,2969623.4
2026-02-28 13:15:00,0.1107,0.111,0.11,0.1103,2939135.0
2026-02-28 13:30:00,0.1103,0.1105,0.1096,0.1103,2972218.3
2026-02-28 13:45:00,0.1103,0.1137,0.1103,0.1135,23455052.3
2026-02-28 14:00:00,0.1136,0.1149,0.113,0.1136,16876524.8
2026-02-28 14:15:00,0.1135,0.1144,0.1133,0.1143,5341436.4
2026-02-28 14:30:00,0.1144,0.1148,0.1136,0.1144,7760372.6
2026-02-28 14:45:00,0.1144,0.1146,0.1126,0.1132,6552020.2
2026-02-28 15:00:00,0.1132,0.1134,0.1118,0.1119,4971140.6
2026-02-28 15:15:00,0.1119,0.1138,0.1119,0.1137,5014719.5
2026-02-28 15:30:00,0.1136,0.1141,0.1133,0.1134,3243482.2
2026-02-28 15:45:00,0.1135,0.1137,0.1133,0.1135,1729106.2
2026-02-28 16:00:00,0.1136,0.1136,0.1128,0.1131,4923334.1
2026-02-28 16:15:00,0.1132,0.1132,0.1126,0.1127,1668998.4
2026-02-28 16:30:00,0.1128,0.1131,0.1121,0.1129,3398790.8
2026-02-28 16:45:00,0.113,0.1133,0.1125,0.1131,2863395.6
2026-02-28 17:00:00,0.1132,0.1133,0.1126,0.1128,2713488.2
2026-02-28 17:15:00,0.1128,0.1131,0.1125,0.113,1684278.2
2026-02-28 17:30:00,0.113,0.1132,0.1122,0.1125,4102860.6
2026-02-28 17:45:00,0.1125,0.114,0.1121,0.1137,4498660.8
2026-02-28 18:00:00,0.1137,0.1142,0.1134,0.1139,2643754.8
2026-02-28 18:15:00,0.1138,0.1139,0.1135,0.1138,2021799.6
2026-02-28 18:30:00,0.1138,0.1161,0.1137,0.1157,9234534.4
2026-02-28 18:45:00,0.1157,0.1174,0.1157,0.1164,8048520.5
2026-02-28 19:00:00,0.1165,0.1165,0.1153,0.1158,5681167.9
2026-02-28 19:15:00,0.1157,0.1164,0.1156,0.1162,3756420.7
2026-02-28 19:30:00,0.1161,0.1199,0.116,0.1186,13822018.6
2026-02-28 19:45:00,0.1187,0.1193,0.118,0.1183,4369574.3
2026-02-28 20:00:00,0.1184,0.1197,0.118,0.1193,5321061.6
2026-02-28 20:15:00,0.1193,0.1208,0.119,0.1199,7022062.9
2026-02-28 20:30:00,0.12,0.1201,0.1189,0.1198,4903805.8
2026-02-28 20:45:00,0.1197,0.1211,0.1196,0.1207,8126703.3
2026-02-28 21:00:00,0.1208,0.1211,0.119,0.1195,4574439.3
2026-02-28 21:15:00,0.1195,0.1196,0.1189,0.1192,3324880.8
2026-02-28 21:30:00,0.1191,0.1207,0.1189,0.1198,5696179.6
2026-02-28 21:45:00,0.1198,0.1204,0.1196,0.12,2033114.8
2026-02-28 22:00:00,0.1201,0.1214,0.12,0.121,6282075.3
2026-02-28 22:15:00,0.1211,0.1215,0.1208,0.1209,2888184.4
2026-02-28 22:30:00,0.121,0.1226,0.1208,0.1214,7583874.3
2026-02-28 22:45:00,0.1214,0.122,0.1211,0.1214,2510807.4
2026-02-28 23:00:00,0.1214,0.122,0.1212,0.1214,2599643.9
2026-02-28 23:15:00,0.1214,0.1215,0.121,0.1213,2540945.7
2026-02-28 23:30:00,0.1214,0.1218,0.1211,0.1217,4797436.3
2026-02-28 23:45:00,0.1217,0.1226,0.1217,0.1226,4710625.9
2026-03-01 00:00:00,0.1225,0.123,0.1218,0.122,5927833.4
2026-03-01 00:15:00,0.1219,0.1221,0.1211,0.1212,2830601.4
2026-03-01 00:30:00,0.1212,0.1215,0.1206,0.1212,3682703.2
2026-03-01 00:45:00,0.1212,0.1213,0.1206,0.1209,2405805.1
2026-03-01 01:00:00,0.1209,0.1209,0.1198,0.1202,5458983.6
2026-03-01 01:15:00,0.1202,0.121,0.12,0.1209,4954621.5
2026-03-01 01:30:00,0.1209,0.1225,0.1206,0.1222,4413339.6
2026-03-01 01:45:00,0.1221,0.1256,0.1221,0.1241,17375954.7
2026-03-01 02:00:00,0.1242,0.1268,0.1241,0.1262,16474505.5
2026-03-01 02:15:00,0.1263,0.1267,0.125,0.1252,7492842.8
2026-03-01 02:30:00,0.1253,0.126,0.1247,0.1258,5533017.8
2026-03-01 02:45:00,0.1259,0.1261,0.125,0.125,5185408.8
2026-03-01 03:00:00,0.125,0.1253,0.1246,0.125,2347320.9
2026-03-01 03:15:00,0.1251,0.1255,0.1242,0.1246,5158809.4
2026-03-01 03:30:00,0.1245,0.1247,0.1238,0.1242,4888018.4
2026-03-01 03:45:00,0.1243,0.1244,0.1235,0.124,4638186.6
2026-03-01 04:00:00,0.1239,0.1247,0.1236,0.1239,3922012.5
2026-03-01 04:15:00,0.1238,0.124,0.1227,0.1232,6621009.8
2026-03-01 04:30:00,0.1232,0.1242,0.1231,0.1239,2190004.3
2026-03-01 04:45:00,0.1239,0.1241,0.1236,0.1236,2002903.2
2026-03-01 05:00:00,0.1237,0.1244,0.1236,0.1238,2158421.7
2026-03-01 05:15:00,0.1239,0.1253,0.1238,0.1246,4115414.4
2026-03-01 05:30:00,0.1247,0.1253,0.1244,0.1248,3746214.3
2026-03-01 05:45:00,0.1248,0.1251,0.1246,0.125,1764208.4
2026-03-01 06:00:00,0.125,0.1251,0.1236,0.124,5192788.5
2026-03-01 06:15:00,0.124,0.1244,0.1238,0.1242,2799925.1
2026-03-01 06:30:00,0.1242,0.1246,0.1234,0.1239,3519541.0
2026-03-01 06:45:00,0.1238,0.1242,0.1233,0.1238,1783464.0
2026-03-01 07:00:00,0.1237,0.1239,0.123,0.1237,4072762.3
2026-03-01 07:15:00,0.1236,0.1245,0.1233,0.1241,2207090.9
2026-03-01 07:30:00,0.1241,0.1248,0.1239,0.1245,2153264.6
2026-03-01 07:45:00,0.1244,0.1254,0.1242,0.1254,3134741.3
2026-03-01 08:00:00,0.1254,0.1261,0.1248,0.126,7503479.5
2026-03-01 08:15:00,0.1259,0.1262,0.1251,0.1253,6523031.5
2026-03-01 08:30:00,0.1252,0.1252,0.1242,0.1243,4167522.6
2026-03-01 08:45:00,0.1243,0.1244,0.1226,0.1229,6616521.6
2026-03-01 09:00:00,0.1229,0.1238,0.1222,0.1232,5705082.2
2026-03-01 09:15:00,0.1232,0.124,0.123,0.1233,3669156.7
2026-03-01 09:30:00,0.1233,0.1233,0.1224,0.1228,4519039.4
2026-03-01 09:45:00,0.1227,0.1229,0.1223,0.1226,2871006.3
2026-03-01 10:00:00,0.1225,0.1229,0.122,0.1229,6541387.0
2026-03-01 10:15:00,0.1229,0.1231,0.1224,0.1229,1974935.1
2026-03-01 10:30:00,0.123,0.124,0.1228,0.1236,3767837.2
2026-03-01 10:45:00,0.1235,0.1238,0.1232,0.1233,1890403.7
2026-03-01 11:00:00,0.1232,0.1235,0.1228,0.1229,2341591.8
2026-03-01 11:15:00,0.1229,0.1232,0.1228,0.1229,1354543.7
2026-03-01 11:30:00,0.123,0.1232,0.1226,0.1229,1924261.8
2026-03-01 11:45:00,0.1228,0.1232,0.1227,0.123,1665026.8
2026-03-01 12:00:00,0.123,0.1234,0.1228,0.1231,2681805.6
2026-03-01 12:15:00,0.1231,0.1237,0.123,0.1233,1928990.0
2026-03-01 12:30:00,0.1233,0.1237,0.1227,0.1229,4330242.6
2026-03-01 12:45:00,0.1229,0.1229,0.1216,0.1217,4878073.6
2026-03-01 13:00:00,0.1217,0.1219,0.1213,0.1216,4650985.2
2026-03-01 13:15:00,0.1217,0.1218,0.1207,0.1212,4592007.9
2026-03-01 13:30:00,0.1212,0.1213,0.1208,0.1211,3024259.6
2026-03-01 13:45:00,0.1211,0.1247,0.1209,0.1241,16706593.8
2026-03-01 14:00:00,0.1241,0.1251,0.1232,0.124,10518207.6
2026-03-01 14:15:00,0.1241,0.1242,0.1231,0.1233,5409243.8
2026-03-01 14:30:00,0.1233,0.1238,0.1223,0.1226,4604352.7
2026-03-01 14:45:00,0.1226,0.1229,0.1222,0.1227,2930205.7
2026-03-01 15:00:00,0.1227,0.1235,0.1226,0.1235,3708264.3
2026-03-01 15:15:00,0.1235,0.1239,0.1232,0.1235,3447175.2
2026-03-01 15:30:00,0.1235,0.1237,0.1227,0.1233,9334213.8
2026-03-01 15:45:00,0.1233,0.1237,0.1228,0.1229,6655684.9
2026-03-01 16:00:00,0.1228,0.1242,0.1225,0.1237,6993014.4
2026-03-01 16:15:00,0.1236,0.124,0.123,0.1238,4391128.7
2026-03-01 16:30:00,0.1237,0.1242,0.1235,0.1236,3042618.8
2026-03-01 16:45:00,0.1236,0.1237,0.1207,0.1217,12668523.6
2026-03-01 17:00:00,0.1217,0.1218,0.1208,0.1212,5736082.8
2026-03-01 17:15:00,0.1211,0.1212,0.1198,0.121,9993119.1
2026-03-01 17:30:00,0.1211,0.1217,0.1204,0.1214,3021849.3
2026-03-01 17:45:00,0.1214,0.1216,0.1207,0.121,3782302.8
2026-03-01 18:00:00,0.1209,0.1234,0.1209,0.1227,7504826.1
2026-03-01 18:15:00,0.1226,0.1233,0.1222,0.1224,3864599.4
2026-03-01 18:30:00,0.1223,0.1225,0.1219,0.1223,2363446.7
2026-03-01 18:45:00,0.1222,0.1225,0.122,0.1221,1530102.9
2026-03-01 19:00:00,0.1221,0.1222,0.1211,0.1212,3295599.2
2026-03-01 19:15:00,0.1211,0.1214,0.1207,0.121,2382910.2
2026-03-01 19:30:00,0.121,0.1217,0.1206,0.1208,3111266.4
2026-03-01 19:45:00,0.1208,0.1212,0.1205,0.1208,2126621.6
2026-03-01 20:00:00,0.1207,0.1211,0.1193,0.1196,9009670.0
2026-03-01 20:15:00,0.1196,0.1199,0.1192,0.1192,2952936.2
2026-03-01 20:30:00,0.1192,0.1194,0.1186,0.1188,5566715.3
2026-03-01 20:45:00,0.1187,0.1193,0.1183,0.1188,8139445.1
2026-03-01 21:00:00,0.1187,0.12,0.1187,0.1198,4265619.0
2026-03-01 21:15:00,0.1197,0.1208,0.1195,0.1208,3023499.3
2026-03-01 21:30:00,0.1207,0.1208,0.1197,0.1201,4064902.8
2026-03-01 21:45:00,0.1201,0.1204,0.12,0.1201,1368844.2
2026-03-01 22:00:00,0.1201,0.1231,0.1199,0.1221,10541537.9
2026-03-01 22:15:00,0.1221,0.1226,0.1212,0.1215,5195682.9
2026-03-01 22:30:00,0.1215,0.1219,0.1207,0.1218,4541346.8
2026-03-01 22:45:00,0.1219,0.1219,0.1209,0.121,1705652.4
2026-03-01 23:00:00,0.121,0.1231,0.1208,0.1223,5897269.0
2026-03-01 23:15:00,0.1222,0.1224,0.1216,0.1217,2211814.4
2026-03-01 23:30:00,0.1217,0.122,0.1214,0.1217,2041961.9
2026-03-01 23:45:00,0.1217,0.122,0.1213,0.1216,1691680.5
2026-03-02 00:00:00,0.1216,0.1222,0.1215,0.1219,3752566.1
2026-03-02 00:15:00,0.1218,0.1224,0.1215,0.1218,4096370.5
2026-03-02 00:30:00,0.1218,0.1231,0.1217,0.123,2486232.6
2026-03-02 00:45:00,0.1231,0.1236,0.1228,0.1232,4627959.5
2026-03-02 01:00:00,0.1233,0.1253,0.1228,0.1247,8849512.2
2026-03-02 01:15:00,0.1247,0.125,0.1233,0.1235,3912140.8
2026-03-02 01:30:00,0.1236,0.124,0.1233,0.1236,3239732.8
2026-03-02 01:45:00,0.1237,0.1238,0.1232,0.1236,3158145.4
2026-03-02 02:00:00,0.1236,0.1241,0.1222,0.1226,6092865.0
2026-03-02 02:15:00,0.1226,0.1229,0.1223,0.1227,2318932.5
2026-03-02 02:30:00,0.1226,0.1234,0.1224,0.1226,3531415.6
2026-03-02 02:45:00,0.1226,0.123,0.122,0.1224,3095549.9
2026-03-02 03:00:00,0.1223,0.1232,0.1215,0.1229,5770099.3
2026-03-02 03:15:00,0.1228,0.1241,0.1228,0.1239,4145530.6
2026-03-02 03:30:00,0.1238,0.1239,0.1233,0.1235,3413748.4
2026-03-02 03:45:00,0.1235,0.1243,0.1234,0.1238,5001103.5
2026-03-02 04:00:00,0.1238,0.124,0.1235,0.1238,2089300.2
2026-03-02 04:15:00,0.1239,0.1243,0.1235,0.1241,2496207.8
2026-03-02 04:30:00,0.1241,0.1244,0.1237,0.1239,2754280.5
2026-03-02 04:45:00,0.1238,0.1238,0.1231,0.1234,1787884.8
2026-03-02 05:00:00,0.1234,0.1234,0.1222,0.1224,4811083.4
2026-03-02 05:15:00,0.1224,0.1229,0.1223,0.1228,3592193.5
2026-03-02 05:30:00,0.1228,0.1234,0.1226,0.1231,1997318.8
2026-03-02 05:45:00,0.1231,0.1231,0.1221,0.1222,2070047.5
2026-03-02 06:00:00,0.1222,0.1223,0.1216,0.1219,3732432.6
2026-03-02 06:15:00,0.1219,0.122,0.1203,0.1211,5362932.2
2026-03-02 06:30:00,0.1211,0.1217,0.1208,0.1215,2723691.7
2026-03-02 06:45:00,0.1216,0.1216,0.1208,0.1212,1615218.3
2026-03-02 07:00:00,0.1212,0.1212,0.1199,0.1201,6091781.4
2026-03-02 07:15:00,0.1201,0.1206,0.1196,0.1204,3165593.0
2026-03-02 07:30:00,0.1204,0.1209,0.1203,0.1205,1722142.1
2026-03-02 07:45:00,0.1206,0.1207,0.1203,0.1205,1777658.8
2026-03-02 08:00:00,0.1205,0.1205,0.1193,0.1204,5910145.3
2026-03-02 08:15:00,0.1204,0.1205,0.1194,0.1197,5544707.1
2026-03-02 08:30:00,0.1197,0.1204,0.1196,0.1202,2517480.9
2026-03-02 08:45:00,0.1202,0.121,0.1199,0.1207,3847714.3
2026-03-02 09:00:00,0.1207,0.1219,0.1205,0.1217,3698168.9
2026-03-02 09:15:00,0.1217,0.1226,0.1216,0.122,5055511.6
2026-03-02 09:30:00,0.122,0.123,0.122,0.1226,4110869.8
2026-03-02 09:45:00,0.1226,0.1227,0.1219,0.122,2196177.0
2026-03-02 10:00:00,0.1219,0.1223,0.1216,0.122,3451420.5
2026-03-02 10:15:00,0.122,0.1223,0.1219,0.1221,1854467.4
2026-03-02 10:30:00,0.1221,0.1222,0.1213,0.1215,3231997.2
2026-03-02 10:45:00,0.1216,0.1221,0.1213,0.1221,1144873.4
2026-03-02 11:00:00,0.1221,0.1232,0.122,0.1229,4111161.5
2026-03-02 11:15:00,0.1228,0.1232,0.1222,0.1225,4669368.3
2026-03-02 11:30:00,0.1225,0.1228,0.1222,0.1224,2179282.6
2026-03-02 11:45:00,0.1223,0.1229,0.1222,0.1227,3940805.3
2026-03-02 12:00:00,0.1227,0.123,0.1224,0.1226,2151381.3
2026-03-02 12:15:00,0.1226,0.1227,0.1219,0.1223,3030606.2
2026-03-02 12:30:00,0.1222,0.1226,0.1217,0.1224,4124315.4
2026-03-02 12:45:00,0.1224,0.1224,0.122,0.1222,1987365.9
2026-03-02 13:00:00,0.1222,0.1226,0.1219,0.1223,3272866.7
2026-03-02 13:15:00,0.1223,0.1234,0.1222,0.1225,4950772.9
2026-03-02 13:30:00,0.1225,0.1229,0.1217,0.1222,2851893.7
2026-03-02 13:45:00,0.1222,0.1223,0.1216,0.122,1989691.0
2026-03-02 14:00:00,0.1221,0.1228,0.1217,0.1227,3567915.2
2026-03-02 14:15:00,0.1226,0.1234,0.1222,0.1227,5445231.9
2026-03-02 14:30:00,0.1227,0.1258,0.1226,0.1254,16375447.4
2026-03-02 14:45:00,0.1255,0.1273,0.125,0.1273,10983569.2
2026-03-02 15:00:00,0.1272,0.1296,0.1264,0.1294,15792699.6
2026-03-02 15:15:00,0.1295,0.13,0.1285,0.1294,10783136.4
2026-03-02 15:30:00,0.1294,0.13,0.1282,0.1288,8206537.2
2026-03-02 15:45:00,0.1288,0.1294,0.1277,0.1287,7685197.0
2026-03-02 16:00:00,0.1287,0.1292,0.1277,0.1289,8341413.3
2026-03-02 16:15:00,0.1289,0.1294,0.1282,0.1286,5215304.9
2026-03-02 16:30:00,0.1286,0.129,0.1269,0.1289,8357386.6
2026-03-02 16:45:00,0.1288,0.13,0.1284,0.1285,7785039.4
2026-03-02 17:00:00,0.1285,0.1285,0.1267,0.1272,6846298.4
2026-03-02 17:15:00,0.1272,0.1275,0.1262,0.127,5643917.4
2026-03-02 17:30:00,0.127,0.1275,0.1256,0.1257,6870569.7
2026-03-02 17:45:00,0.1258,0.1275,0.1256,0.1272,5250514.9
2026-03-02 18:00:00,0.1273,0.1274,0.1262,0.1272,4667955.7
2026-03-02 18:15:00,0.1272,0.1273,0.1267,0.1268,2964494.4
2026-03-02 18:30:00,0.1269,0.1273,0.1265,0.1272,2481197.8
2026-03-02 18:45:00,0.1273,0.1275,0.1264,0.1267,5742207.8
2026-03-02 19:00:00,0.1268,0.1269,0.1249,0.1259,8588203.4
2026-03-02 19:15:00,0.1259,0.1263,0.1257,0.1262,3217360.3
2026-03-02 19:30:00,0.1262,0.127,0.1258,0.1265,3341403.6
2026-03-02 19:45:00,0.1264,0.1273,0.1264,0.1269,2691588.2
2026-03-02 20:00:00,0.1269,0.1277,0.1254,0.1259,7214756.2
2026-03-02 20:15:00,0.126,0.1264,0.1257,0.1259,2370966.0
2026-03-02 20:30:00,0.1259,0.1265,0.1258,0.1264,1353322.2
2026-03-02 20:45:00,0.1264,0.127,0.1262,0.1262,3701123.8
2026-03-02 21:00:00,0.1262,0.1263,0.1253,0.1258,3241086.2
2026-03-02 21:15:00,0.1259,0.1262,0.1255,0.126,1742220.2
2026-03-02 21:30:00,0.126,0.1265,0.1259,0.1264,1687608.8
2026-03-02 21:45:00,0.1264,0.1266,0.126,0.1262,1576811.2
2026-03-02 22:00:00,0.1262,0.127,0.1262,0.1267,2644987.1
2026-03-02 22:15:00,0.1267,0.1273,0.1266,0.1272,1678490.8
2026-03-02 22:30:00,0.1272,0.1275,0.1268,0.1269,1469585.7
2026-03-02 22:45:00,0.127,0.127,0.1264,0.1266,794952.0
2026-03-02 23:00:00,0.1267,0.1268,0.1255,0.1255,2462834.4
2026-03-02 23:15:00,0.1256,0.1257,0.1247,0.1247,4168086.5
2026-03-02 23:30:00,0.1248,0.1248,0.1239,0.1242,4820725.1
2026-03-02 23:45:00,0.1242,0.1249,0.124,0.1246,1688268.8
2026-03-03 00:00:00,0.1245,0.1248,0.1241,0.1245,3324729.4
2026-03-03 00:15:00,0.1244,0.1246,0.1239,0.1242,2740315.9
2026-03-03 00:30:00,0.1242,0.1248,0.1236,0.1245,5239222.3
2026-03-03 00:45:00,0.1245,0.1251,0.1238,0.125,3503568.8
2026-03-03 01:00:00,0.1249,0.1256,0.1245,0.1252,2779639.0
2026-03-03 01:15:00,0.1252,0.1256,0.1247,0.1251,3037658.4
2026-03-03 01:30:00,0.1251,0.1263,0.1245,0.1262,4501365.2
2026-03-03 01:45:00,0.1261,0.1261,0.1253,0.1254,3246207.0
2026-03-03 02:00:00,0.1255,0.1255,0.1248,0.1249,3909218.4
2026-03-03 02:15:00,0.125,0.1252,0.1243,0.1251,3354152.5
2026-03-03 02:30:00,0.1251,0.1257,0.1251,0.1255,2087596.6
2026-03-03 02:45:00,0.1255,0.1259,0.1252,0.1253,1951763.0
2026-03-03 03:00:00,0.1254,0.1257,0.1249,0.1252,2426237.5
2026-03-03 03:15:00,0.1253,0.1256,0.1248,0.1254,1800327.6
2026-03-03 03:30:00,0.1254,0.1268,0.1254,0.1266,4418144.5
2026-03-03 03:45:00,0.1266,0.1271,0.1263,0.1268,2759632.7
2026-03-03 04:00:00,0.1269,0.1272,0.1259,0.126,2897763.9
2026-03-03 04:15:00,0.1261,0.1272,0.126,0.1263,2396486.7
2026-03-03 04:30:00,0.1263,0.1266,0.1258,0.1263,2283359.6
2026-03-03 04:45:00,0.1263,0.1265,0.1257,0.1263,2279241.1
2026-03-03 05:00:00,0.1263,0.1272,0.1257,0.1272,2617004.1
2026-03-03 05:15:00,0.1272,0.1283,0.1271,0.128,7512529.7
2026-03-03 05:30:00,0.128,0.1281,0.1269,0.1271,3089482.2
2026-03-03 05:45:00,0.1271,0.1273,0.1253,0.1257,5266882.0
2026-03-03 06:00:00,0.1258,0.1261,0.1252,0.1254,3624429.3
2026-03-03 06:15:00,0.1255,0.1255,0.1249,0.125,2783536.1
2026-03-03 06:30:00,0.1251,0.1253,0.125,0.1251,1675280.4
2026-03-03 06:45:00,0.1251,0.1259,0.1249,0.1253,2101347.9
2026-03-03 07:00:00,0.1253,0.1258,0.125,0.1256,2313557.0
2026-03-03 07:15:00,0.1255,0.1259,0.1249,0.125,2940712.5
2026-03-03 07:30:00,0.1251,0.1254,0.1248,0.1253,2458634.4
2026-03-03 07:45:00,0.1253,0.1255,0.1248,0.1253,1076125.9
2026-03-03 08:00:00,0.1253,0.1259,0.125,0.1251,2763539.6
2026-03-03 08:15:00,0.1252,0.1256,0.1243,0.125,5154381.6
2026-03-03 08:30:00,0.125,0.1251,0.1235,0.1238,7080731.1
2026-03-03 08:45:00,0.1238,0.1239,0.1232,0.1235,4275735.9
2026-03-03 09:00:00,0.1236,0.125,0.1232,0.1246,3942839.8
2026-03-03 09:15:00,0.1246,0.125,0.1227,0.123,5769184.4
2026-03-03 09:30:00,0.123,0.1236,0.1224,0.1226,6115051.0
2026-03-03 09:45:00,0.1227,0.1228,0.1223,0.1224,4328276.0
2026-03-03 10:00:00,0.1224,0.1225,0.1217,0.1221,4286182.9
2026-03-03 10:15:00,0.1222,0.1223,0.1216,0.1219,2544282.2
2026-03-03 10:30:00,0.122,0.1224,0.1217,0.1219,4765390.7
2026-03-03 10:45:00,0.122,0.1226,0.1216,0.1222,4377617.8
2026-03-03 11:00:00,0.1222,0.1227,0.1219,0.122,3138376.4
2026-03-03 11:15:00,0.1221,0.1226,0.1216,0.1222,1799966.7
2026-03-03 11:30:00,0.1222,0.1227,0.1218,0.1224,3097929.1
2026-03-03 11:45:00,0.1224,0.1227,0.1219,0.1224,2080035.9
2026-03-03 12:00:00,0.1224,0.1251,0.1223,0.1246,7652938.5
2026-03-03 12:15:00,0.1246,0.1247,0.1235,0.1237,4912346.1
2026-03-03 12:30:00,0.1238,0.124,0.1233,0.1236,3548896.6
2026-03-03 12:45:00,0.1237,0.1241,0.1233,0.1239,2916518.0
2026-03-03 13:00:00,0.1239,0.1241,0.1228,0.1229,4525391.9
2026-03-03 13:15:00,0.1229,0.1238,0.1228,0.1235,1480660.1
2026-03-03 13:30:00,0.1235,0.1236,0.1227,0.123,2131901.5
2026-03-03 13:45:00,0.1231,0.1236,0.1226,0.123,2892003.1
2026-03-03 14:00:00,0.123,0.1237,0.1227,0.1234,2142022.8
2026-03-03 14:15:00,0.1234,0.1242,0.1231,0.1235,1973589.5
2026-03-03 14:30:00,0.1235,0.1249,0.1224,0.123,11052843.8
2026-03-03 14:45:00,0.123,0.1244,0.1221,0.1234,6751353.4
2026-03-03 15:00:00,0.1233,0.1238,0.1226,0.1233,5423775.7
2026-03-03 15:15:00,0.1233,0.1236,0.1218,0.1228,5123218.9
2026-03-03 15:30:00,0.1228,0.1249,0.1227,0.1238,7000098.8
2026-03-03 15:45:00,0.1238,0.1248,0.1238,0.1247,3201563.1
2026-03-03 16:00:00,0.1246,0.1265,0.1242,0.1264,8004628.9
2026-03-03 16:15:00,0.1264,0.1278,0.1257,0.1273,7235855.6
2026-03-03 16:30:00,0.1272,0.1272,0.1235,0.1246,10047950.5
2026-03-03 16:45:00,0.1246,0.1266,0.1245,0.1258,7189389.2
2026-03-03 17:00:00,0.1259,0.1259,0.1242,0.1249,5613706.2
2026-03-03 17:15:00,0.1248,0.1258,0.1246,0.1258,2638729.7
2026-03-03 17:30:00,0.1257,0.1261,0.1249,0.1261,2504085.2
2026-03-03 17:45:00,0.1261,0.1271,0.1258,0.1269,3250799.4
2026-03-03 18:00:00,0.1269,0.127,0.1263,0.1265,3960082.5
2026-03-03 18:15:00,0.1265,0.1279,0.1265,0.1278,5219275.6
2026-03-03 18:30:00,0.1277,0.1287,0.1275,0.1281,7725854.8
2026-03-03 18:45:00,0.128,0.1281,0.1269,0.1272,2970439.3
2026-03-03 19:00:00,0.1272,0.1272,0.1261,0.1264,4659928.1
2026-03-03 19:15:00,0.1265,0.1271,0.1261,0.1265,2576610.1
2026-03-03 19:30:00,0.1265,0.1271,0.1259,0.127,3581575.3
2026-03-03 19:45:00,0.127,0.1274,0.1266,0.1268,1584946.8
2026-03-03 20:00:00,0.1267,0.1269,0.1261,0.1261,2199719.3
2026-03-03 20:15:00,0.1261,0.1268,0.126,0.1263,2372843.3
2026-03-03 20:30:00,0.1263,0.1269,0.1261,0.1266,1647816.9
2026-03-03 20:45:00,0.1265,0.1267,0.1254,0.1259,3850390.3
2026-03-03 21:00:00,0.1258,0.126,0.125,0.1254,3248608.8
2026-03-03 21:15:00,0.1254,0.1256,0.1246,0.125,2798440.2
2026-03-03 21:30:00,0.1251,0.1256,0.1249,0.1255,1830074.8
2026-03-03 21:45:00,0.1254,0.1258,0.1252,0.1256,1485098.8
2026-03-03 22:00:00,0.1255,0.1269,0.1253,0.1264,3763035.3
2026-03-03 22:15:00,0.1263,0.1267,0.126,0.1264,1049946.6
2026-03-03 22:30:00,0.1263,0.127,0.126,0.1269,1202403.9
2026-03-03 22:45:00,0.1268,0.1269,0.1262,0.1264,886743.0
2026-03-03 23:00:00,0.1264,0.1272,0.1257,0.1268,3090098.7
2026-03-03 23:15:00,0.1267,0.1268,0.1262,0.1265,1445827.6
2026-03-03 23:30:00,0.1266,0.1268,0.1261,0.1265,2673934.5
2026-03-03 23:45:00,0.1266,0.1267,0.1262,0.1265,899156.8
2026-03-04 00:00:00,0.1264,0.1266,0.126,0.1264,1757493.4
2026-03-04 00:15:00,0.1264,0.1272,0.1263,0.1269,2697295.2
2026-03-04 00:30:00,0.1269,0.127,0.1252,0.1253,3808500.4
2026-03-04 00:45:00,0.1253,0.1266,0.1252,0.1263,3204223.0
2026-03-04 01:00:00,0.1263,0.1273,0.1262,0.1268,2759549.3
2026-03-04 01:15:00,0.1268,0.1275,0.1264,0.1272,3496850.6
2026-03-04 01:30:00,0.1272,0.1284,0.1269,0.128,4821282.1
2026-03-04 01:45:00,0.128,0.1282,0.127,0.1271,1932257.9
2026-03-04 02:00:00,0.1272,0.1275,0.1266,0.127,2720213.2
2026-03-04 02:15:00,0.1269,0.1274,0.1265,0.1268,1966437.7
2026-03-04 02:30:00,0.1268,0.1275,0.1265,0.1275,2129806.0
2026-03-04 02:45:00,0.1274,0.1279,0.1273,0.1276,1771399.8
2026-03-04 03:00:00,0.1276,0.128,0.127,0.1277,2593665.5
2026-03-04 03:15:00,0.1276,0.1282,0.1269,0.1271,2739814.6
2026-03-04 03:30:00,0.1271,0.1271,0.1256,0.126,6594578.4
2026-03-04 03:45:00,0.126,0.1269,0.1255,0.1268,2759249.8
2026-03-04 04:00:00,0.1267,0.1273,0.1263,0.127,3881159.4
2026-03-04 04:15:00,0.1269,0.127,0.1259,0.1259,2297614.7
2026-03-04 04:30:00,0.1259,0.1264,0.1256,0.1262,2634725.5
2026-03-04 04:45:00,0.1262,0.127,0.1261,0.127,1591477.3
2026-03-04 05:00:00,0.1269,0.1275,0.1266,0.1275,3278988.4
2026-03-04 05:15:00,0.1274,0.1276,0.1265,0.127,2867279.2
2026-03-04 05:30:00,0.127,0.1285,0.1268,0.1279,6638836.9
2026-03-04 05:45:00,0.1279,0.1282,0.1274,0.1275,2428945.0
2026-03-04 06:00:00,0.1275,0.1278,0.1265,0.1266,3648238.1
2026-03-04 06:15:00,0.1267,0.1267,0.1258,0.126,7329492.0
2026-03-04 06:30:00,0.126,0.1279,0.1259,0.1273,7470555.7
2026-03-04 06:45:00,0.1273,0.1275,0.1268,0.1274,2160641.2
2026-03-04 07:00:00,0.1274,0.1277,0.1262,0.1263,3925836.6
2026-03-04 07:15:00,0.1264,0.1271,0.1262,0.1271,1868611.6
2026-03-04 07:30:00,0.127,0.1274,0.1266,0.1271,3198930.8
2026-03-04 07:45:00,0.1271,0.1279,0.1266,0.1275,4713612.3
2026-03-04 08:00:00,0.1275,0.1278,0.127,0.1271,6251952.5
2026-03-04 08:15:00,0.1272,0.1273,0.1267,0.1268,2167686.3
2026-03-04 08:30:00,0.1269,0.1283,0.1268,0.1282,3959824.3
2026-03-04 08:45:00,0.1282,0.1305,0.1281,0.1301,14576951.6
2026-03-04 09:00:00,0.13,0.1302,0.1287,0.1294,9753728.1
2026-03-04 09:15:00,0.1295,0.1305,0.1293,0.1301,7437468.7
2026-03-04 09:30:00,0.1301,0.1314,0.1298,0.131,13630355.4
2026-03-04 09:45:00,0.131,0.1314,0.1301,0.1304,5699793.5
2026-03-04 10:00:00,0.1305,0.1311,0.13,0.1301,3544339.4
2026-03-04 10:15:00,0.1302,0.1303,0.129,0.1293,5093196.4
2026-03-04 10:30:00,0.1294,0.1295,0.1287,0.1292,3885129.2
2026-03-04 10:45:00,0.1292,0.1297,0.129,0.1297,3584533.6
2026-03-04 11:00:00,0.1297,0.1302,0.1295,0.13,3469308.9
2026-03-04 11:15:00,0.13,0.1302,0.1293,0.1294,2111909.2
2026-03-04 11:30:00,0.1294,0.1294,0.1278,0.1282,4543747.2
2026-03-04 11:45:00,0.1283,0.1291,0.1281,0.1287,2021200.6
2026-03-04 12:00:00,0.1287,0.1289,0.1282,0.1284,2882141.3
2026-03-04 12:15:00,0.1285,0.1285,0.1278,0.1278,2423838.5
2026-03-04 12:30:00,0.1279,0.1283,0.1274,0.1282,3588973.8
2026-03-04 12:45:00,0.1282,0.129,0.1281,0.1286,3904510.8
2026-03-04 13:00:00,0.1286,0.1297,0.1285,0.1288,5686334.2
2026-03-04 13:15:00,0.1288,0.129,0.1283,0.1288,2873802.3
2026-03-04 13:30:00,0.1288,0.1289,0.1285,0.1286,2460348.6
2026-03-04 13:45:00,0.1287,0.1288,0.1284,0.1285,1179727.0
2026-03-04 14:00:00,0.1286,0.1291,0.1283,0.1291,3409010.0
2026-03-04 14:15:00,0.1291,0.1293,0.1285,0.1291,2371438.4
2026-03-04 14:30:00,0.1292,0.1308,0.1281,0.1282,11952624.8
2026-03-04 14:45:00,0.1282,0.1286,0.1278,0.1285,6351096.9
2026-03-04 15:00:00,0.1284,0.1293,0.1283,0.1286,6463713.5
2026-03-04 15:15:00,0.1286,0.1311,0.1286,0.131,7840481.3
2026-03-04 15:30:00,0.1311,0.1313,0.13,0.1303,5317199.8
2026-03-04 15:45:00,0.1304,0.1321,0.1304,0.132,5560400.7
2026-03-04 16:00:00,0.132,0.1323,0.1301,0.1302,9228575.7
2026-03-04 16:15:00,0.1302,0.1303,0.1294,0.1298,4745465.7
2026-03-04 16:30:00,0.1299,0.1301,0.1296,0.1297,2630986.1
2026-03-04 16:45:00,0.1297,0.1301,0.1295,0.1296,2627914.2
2026-03-04 17:00:00,0.1297,0.1299,0.1292,0.1292,3532658.7
2026-03-04 17:15:00,0.1293,0.1296,0.1282,0.1287,5779136.9
2026-03-04 17:30:00,0.1288,0.1294,0.1287,0.1293,3070130.1
2026-03-04 17:45:00,0.1293,0.13,0.1293,0.1296,2609225.7
2026-03-04 18:00:00,0.1296,0.13,0.1288,0.129,3503696.0
2026-03-04 18:15:00,0.129,0.1296,0.1288,0.1295,1793004.7
2026-03-04 18:30:00,0.1295,0.1297,0.1288,0.1296,2546154.1
2026-03-04 18:45:00,0.1296,0.1302,0.1295,0.1299,2234656.7
2026-03-04 19:00:00,0.1299,0.1307,0.1294,0.1304,4667407.9
2026-03-04 19:15:00,0.1304,0.131,0.1299,0.1302,4219032.6
2026-03-04 19:30:00,0.1302,0.1309,0.1297,0.1305,2930559.1
2026-03-04 19:45:00,0.1305,0.1307,0.1302,0.1306,1796550.5
2026-03-04 20:00:00,0.1305,0.1307,0.1297,0.1302,2979444.0
2026-03-04 20:15:00,0.1302,0.1304,0.1297,0.1302,2690700.4
2026-03-04 20:30:00,0.1302,0.1304,0.1299,0.1303,1904716.4
2026-03-04 20:45:00,0.1303,0.1304,0.1294,0.1294,3547175.6
2026-03-04 21:00:00,0.1294,0.1296,0.1289,0.1291,3348181.9
2026-03-04 21:15:00,0.1291,0.1296,0.129,0.1295,2028281.6
2026-03-04 21:30:00,0.1295,0.1301,0.1293,0.1298,1343980.4
2026-03-04 21:45:00,0.1298,0.1299,0.1296,0.1297,670506.9
2026-03-04 22:00:00,0.1298,0.1302,0.1296,0.1299,1903651.5
2026-03-04 22:15:00,0.1299,0.1302,0.1294,0.1301,2041034.5
2026-03-04 22:30:00,0.13,0.1301,0.1292,0.1294,4133418.0
2026-03-04 22:45:00,0.1294,0.1294,0.1285,0.1288,4195435.8
2026-03-04 23:00:00,0.1288,0.1289,0.1282,0.1286,2127584.9
2026-03-04 23:15:00,0.1286,0.1288,0.1268,0.1279,8055767.9
2026-03-04 23:30:00,0.1279,0.1287,0.1273,0.1286,2879435.6
2026-03-04 23:45:00,0.1285,0.1287,0.1283,0.1285,1354880.5
2026-03-05 00:00:00,0.1285,0.1287,0.1281,0.1284,2086595.2
2026-03-05 00:15:00,0.1285,0.1286,0.1279,0.128,2346386.6
2026-03-05 00:30:00,0.128,0.1283,0.1277,0.1283,2166615.2
2026-03-05 00:45:00,0.1282,0.1287,0.1279,0.1282,1770268.0
2026-03-05 01:00:00,0.1282,0.1291,0.1278,0.1287,2636929.8
2026-03-05 01:15:00,0.1287,0.129,0.1279,0.1282,1780493.5
2026-03-05 01:30:00,0.1282,0.1282,0.1275,0.1276,2684199.3
2026-03-05 01:45:00,0.1276,0.1276,0.1269,0.1273,2435642.7
2026-03-05 02:00:00,0.1273,0.1285,0.1272,0.1283,3596193.8
2026-03-05 02:15:00,0.1282,0.1285,0.1281,0.1283,670868.8
2026-03-05 02:30:00,0.1283,0.1283,0.1274,0.1276,1299479.6
2026-03-05 02:45:00,0.1276,0.1283,0.1276,0.1283,1368744.1
2026-03-05 03:00:00,0.1282,0.1287,0.1281,0.1286,1845784.6
2026-03-05 03:15:00,0.1285,0.1287,0.1281,0.1282,1266846.0
2026-03-05 03:30:00,0.1282,0.1282,0.1274,0.1275,3363974.9
2026-03-05 03:45:00,0.1275,0.1282,0.1274,0.128,1432084.8
2026-03-05 04:00:00,0.128,0.1284,0.1278,0.128,1721242.1
2026-03-05 04:15:00,0.1281,0.1285,0.1277,0.1282,1106096.7
2026-03-05 04:30:00,0.1282,0.1285,0.1276,0.1284,1687586.2
2026-03-05 04:45:00,0.1284,0.129,0.1283,0.1286,3828141.5
2026-03-05 05:00:00,0.1286,0.129,0.1286,0.1287,849566.3
2026-03-05 05:15:00,0.1288,0.1288,0.1278,0.128,2095090.5
2026-03-05 05:30:00,0.1281,0.1281,0.1271,0.1274,2756580.2
2026-03-05 05:45:00,0.1274,0.1276,0.127,0.1276,1895582.4
2026-03-05 06:00:00,0.1275,0.1278,0.1266,0.127,3294252.1
2026-03-05 06:15:00,0.127,0.1278,0.1267,0.1275,3028747.6
2026-03-05 06:30:00,0.1275,0.1278,0.1272,0.1274,1253582.1
2026-03-05 06:45:00,0.1275,0.1285,0.1274,0.1282,2356204.1
2026-03-05 07:00:00,0.1282,0.1286,0.1279,0.1284,1039898.1
2026-03-05 07:15:00,0.1283,0.1286,0.1282,0.1282,615319.6
2026-03-05 07:30:00,0.1283,0.1284,0.1279,0.1281,1635447.9
2026-03-05 07:45:00,0.1281,0.1282,0.1268,0.1276,2408036.2
2026-03-05 08:00:00,0.1275,0.1276,0.1268,0.1269,2221886.9
2026-03-05 08:15:00,0.1269,0.1275,0.1268,0.1274,1877001.3
2026-03-05 08:30:00,0.1273,0.1284,0.1272,0.1283,2046446.0
2026-03-05 08:45:00,0.1283,0.1285,0.1281,0.1282,2445327.2
2026-03-05 09:00:00,0.1283,0.1296,0.1281,0.1294,3810425.0
2026-03-05 09:15:00,0.1294,0.1297,0.1291,0.1291,3601389.1
2026-03-05 09:30:00,0.1292,0.1294,0.1286,0.1288,2310346.2
2026-03-05 09:45:00,0.1289,0.1292,0.1287,0.129,1050855.0
2026-03-05 10:00:00,0.129,0.1292,0.1288,0.129,3939657.6
2026-03-05 10:15:00,0.129,0.1297,0.1287,0.1293,4206860.0
2026-03-05 10:30:00,0.1293,0.1302,0.1292,0.1296,4309298.9
2026-03-05 10:45:00,0.1296,0.1303,0.1295,0.1298,5774334.4
2026-03-05 11:00:00,0.1299,0.13,0.1292,0.1292,4434323.7
2026-03-05 11:15:00,0.1293,0.1293,0.1283,0.1284,5255575.8
2026-03-05 11:30:00,0.1285,0.1285,0.1271,0.1272,3585851.7
2026-03-05 11:45:00,0.1273,0.1276,0.1271,0.1273,3740399.7
2026-03-05 12:00:00,0.1273,0.1278,0.1269,0.1275,3025862.7
2026-03-05 12:15:00,0.1274,0.1281,0.127,0.1277,2364390.8
2026-03-05 12:30:00,0.1277,0.1283,0.1275,0.128,1854461.1
2026-03-05 12:45:00,0.128,0.1285,0.1279,0.1282,1986608.4
2026-03-05 13:00:00,0.1282,0.1283,0.1274,0.1277,2535001.6
2026-03-05 13:15:00,0.1276,0.128,0.1271,0.1277,3448360.2
2026-03-05 13:30:00,0.1277,0.1278,0.1262,0.1274,6301726.3
2026-03-05 13:45:00,0.1274,0.1282,0.1272,0.128,3699465.6
2026-03-05 14:00:00,0.1279,0.1286,0.1276,0.1285,2152349.6
2026-03-05 14:15:00,0.1285,0.1291,0.1282,0.1291,4402080.8
2026-03-05 14:30:00,0.129,0.13,0.1285,0.1288,10093845.1
2026-03-05 14:45:00,0.1288,0.1298,0.1286,0.1295,5409499.1
2026-03-05 15:00:00,0.1295,0.1298,0.1275,0.1281,6906814.3
2026-03-05 15:15:00,0.1281,0.1283,0.1268,0.1269,4760805.7
2026-03-05 15:30:00,0.127,0.128,0.1266,0.1276,3774771.8
2026-03-05 15:45:00,0.1275,0.1278,0.1267,0.1271,2408348.5
2026-03-05 16:00:00,0.1271,0.1271,0.1237,0.1245,15685703.8
2026-03-05 16:15:00,0.1245,0.1251,0.1242,0.1247,5463291.6
2026-03-05 16:30:00,0.1247,0.126,0.1246,0.1254,5751641.9
2026-03-05 16:45:00,0.1253,0.1256,0.125,0.1252,1447281.3
2026-03-05 17:00:00,0.1252,0.1257,0.1243,0.1246,5624447.1
2026-03-05 17:15:00,0.1246,0.1246,0.1239,0.124,2143148.9
2026-03-05 17:30:00,0.1241,0.1241,0.1232,0.1235,5130441.0
2026-03-05 17:45:00,0.1236,0.1239,0.1232,0.1233,2540772.5
2026-03-05 18:00:00,0.1233,0.1239,0.1232,0.1238,2415991.6
2026-03-05 18:15:00,0.1237,0.1245,0.1235,0.1241,3057669.2
2026-03-05 18:30:00,0.124,0.1249,0.1239,0.1246,2975177.8
2026-03-05 18:45:00,0.1245,0.1252,0.1245,0.1249,1567819.1
2026-03-05 19:00:00,0.1248,0.1263,0.1248,0.1263,3296288.4
2026-03-05 19:15:00,0.1262,0.1267,0.1255,0.1257,3813598.7
2026-03-05 19:30:00,0.1257,0.1258,0.1251,0.1255,1820633.5
2026-03-05 19:45:00,0.1254,0.1258,0.1251,0.1254,1636712.6
2026-03-05 20:00:00,0.1254,0.1261,0.1249,0.1261,3501616.6
2026-03-05 20:15:00,0.126,0.1271,0.126,0.1269,2589360.8
2026-03-05 20:30:00,0.1269,0.1274,0.1266,0.1267,2412221.4
2026-03-05 20:45:00,0.1267,0.127,0.1262,0.1266,1628334.7
2026-03-05 21:00:00,0.1265,0.1268,0.1263,0.1266,888365.5
2026-03-05 21:15:00,0.1265,0.1271,0.1264,0.1268,1875575.0
2026-03-05 21:30:00,0.1267,0.1269,0.1253,0.1257,2265237.5
2026-03-05 21:45:00,0.1257,0.1261,0.1253,0.1258,1223679.7
2026-03-05 22:00:00,0.1257,0.1259,0.1249,0.1253,1568595.8
2026-03-05 22:15:00,0.1253,0.1255,0.125,0.1252,686130.7
2026-03-05 22:30:00,0.1252,0.1258,0.1252,0.1258,902080.6
2026-03-05 22:45:00,0.1257,0.1259,0.1252,0.1252,445791.5
2026-03-05 23:00:00,0.1253,0.1256,0.1252,0.1255,637449.8
2026-03-05 23:15:00,0.1255,0.1259,0.1254,0.1257,611689.2
2026-03-05 23:30:00,0.1256,0.1256,0.1249,0.1251,1393764.4
2026-03-05 23:45:00,0.1251,0.1252,0.1249,0.1251,765841.8
2026-03-06 00:00:00,0.1252,0.1257,0.1251,0.1256,1821805.0
2026-03-06 00:15:00,0.1256,0.1257,0.1251,0.1252,1138146.6
2026-03-06 00:30:00,0.1253,0.1258,0.1252,0.1255,1106280.2
2026-03-06 00:45:00,0.1255,0.1257,0.1251,0.1254,1569278.7
2026-03-06 01:00:00,0.1254,0.1255,0.1251,0.1253,1661720.3
2026-03-06 01:15:00,0.1253,0.1255,0.1249,0.125,1691617.0
2026-03-06 01:30:00,0.1251,0.1267,0.1251,0.1265,3541833.6
2026-03-06 01:45:00,0.1265,0.127,0.1262,0.1267,2291505.0
2026-03-06 02:00:00,0.1267,0.1273,0.1265,0.127,2340495.7
2026-03-06 02:15:00,0.127,0.1272,0.1264,0.1268,1891019.1
2026-03-06 02:30:00,0.1268,0.1272,0.1265,0.127,1094501.3
2026-03-06 02:45:00,0.127,0.1273,0.1267,0.127,2328168.9
2026-03-06 03:00:00,0.127,0.1273,0.1267,0.1268,1635127.3
2026-03-06 03:15:00,0.1269,0.1277,0.1268,0.1276,1244025.5
2026-03-06 03:30:00,0.1275,0.1277,0.1273,0.1275,1609035.3
2026-03-06 03:45:00,0.1275,0.1278,0.1272,0.1277,1709321.7
2026-03-06 04:00:00,0.1276,0.1279,0.1272,0.1273,1240120.1
2026-03-06 04:15:00,0.1274,0.1274,0.1269,0.1269,598124.4
2026-03-06 04:30:00,0.127,0.1271,0.1256,0.126,3171195.9
2026-03-06 04:45:00,0.1261,0.1263,0.1256,0.1262,2097480.0
2026-03-06 05:00:00,0.1262,0.1264,0.1258,0.1263,2578673.1
2026-03-06 05:15:00,0.1263,0.1268,0.1257,0.1259,1807609.7
2026-03-06 05:30:00,0.126,0.1262,0.1254,0.1254,2006217.7
2026-03-06 05:45:00,0.1255,0.1264,0.1252,0.1261,1567535.4
2026-03-06 06:00:00,0.1261,0.1266,0.126,0.1263,3229663.1
2026-03-06 06:15:00,0.1263,0.1265,0.1261,0.1261,1167525.9
2026-03-06 06:30:00,0.1261,0.1266,0.126,0.1265,1366547.1
2026-03-06 06:45:00,0.1265,0.127,0.1264,0.1264,3252350.6
2026-03-06 07:00:00,0.1264,0.1267,0.1262,0.1263,1694319.3
2026-03-06 07:15:00,0.1263,0.1272,0.1262,0.1272,2662854.1
2026-03-06 07:30:00,0.1271,0.1274,0.1268,0.1272,1430702.7
2026-03-06 07:45:00,0.1272,0.1275,0.1271,0.1272,1867980.8
2026-03-06 08:00:00,0.1272,0.1274,0.1268,0.1271,3673285.4
2026-03-06 08:15:00,0.1271,0.1273,0.1268,0.127,1787887.9
2026-03-06 08:30:00,0.127,0.1272,0.1265,0.1267,2437402.2
2026-03-06 08:45:00,0.1268,0.1272,0.1266,0.1269,2019493.6
2026-03-06 09:00:00,0.1269,0.1271,0.1257,0.1258,2374643.7
2026-03-06 09:15:00,0.1259,0.126,0.125,0.1252,4957957.2
2026-03-06 09:30:00,0.1252,0.1254,0.1248,0.1253,2967712.9
2026-03-06 09:45:00,0.1253,0.1259,0.125,0.1258,2241066.3
2026-03-06 10:00:00,0.1258,0.127,0.1257,0.1267,3176785.3
2026-03-06 10:15:00,0.1268,0.127,0.1265,0.1267,1723842.9
2026-03-06 10:30:00,0.1268,0.1268,0.1262,0.1265,1310497.0
2026-03-06 10:45:00,0.1265,0.1267,0.1261,0.1264,1565481.4
2026-03-06 11:00:00,0.1263,0.1264,0.1257,0.1261,2300426.4
2026-03-06 11:15:00,0.1262,0.1262,0.1257,0.1258,1385065.1
2026-03-06 11:30:00,0.1259,0.1259,0.1245,0.1247,3588885.1
2026-03-06 11:45:00,0.1248,0.125,0.1244,0.1248,5696317.7
2026-03-06 12:00:00,0.1247,0.125,0.1236,0.1241,6473103.7
2026-03-06 12:15:00,0.1241,0.1251,0.124,0.1246,4397037.0
2026-03-06 12:30:00,0.1246,0.1247,0.1237,0.1237,3002062.1
2026-03-06 12:45:00,0.1238,0.1246,0.1235,0.1244,2975980.4
2026-03-06 13:00:00,0.1244,0.1246,0.1241,0.1241,2960272.0
2026-03-06 13:15:00,0.1242,0.1249,0.1238,0.1243,3642440.5
2026-03-06 13:30:00,0.1243,0.1252,0.1231,0.1245,13883197.8
2026-03-06 13:45:00,0.1245,0.1247,0.1223,0.1226,13312606.2
2026-03-06 14:00:00,0.1225,0.1232,0.1212,0.1219,12909706.1
2026-03-06 14:15:00,0.1218,0.1223,0.1216,0.1217,4855310.5
2026-03-06 14:30:00,0.1217,0.1223,0.1201,0.1209,13870433.3
2026-03-06 14:45:00,0.121,0.1215,0.1195,0.1203,10580945.7
2026-03-06 15:00:00,0.1202,0.1211,0.12,0.1207,6544887.0
2026-03-06 15:15:00,0.1208,0.121,0.12,0.1203,3650488.0
2026-03-06 15:30:00,0.1204,0.1213,0.1202,0.1203,4356189.1
2026-03-06 15:45:00,0.1203,0.1204,0.1191,0.1197,5895254.2
2026-03-06 16:00:00,0.1196,0.1197,0.1185,0.1187,7257067.9
2026-03-06 16:15:00,0.1188,0.1192,0.1183,0.1188,3920867.3
2026-03-06 16:30:00,0.1188,0.1194,0.1187,0.1189,3044573.9
2026-03-06 16:45:00,0.1189,0.1193,0.1185,0.1186,5161972.8
2026-03-06 17:00:00,0.1187,0.1193,0.1186,0.1187,1911824.2
2026-03-06 17:15:00,0.1186,0.1193,0.1183,0.1184,3271438.8
2026-03-06 17:30:00,0.1185,0.1186,0.1167,0.1171,15591104.1
2026-03-06 17:45:00,0.117,0.1179,0.1169,0.1175,4518074.0
2026-03-06 18:00:00,0.1175,0.1186,0.1175,0.1184,4168379.2
2026-03-06 18:15:00,0.1185,0.1189,0.1184,0.1186,4218064.0
2026-03-06 18:30:00,0.1186,0.1193,0.1186,0.1191,2498904.1
2026-03-06 18:45:00,0.1191,0.1195,0.1189,0.1192,2633979.5
2026-03-06 19:00:00,0.1192,0.1197,0.1192,0.1197,2022600.5
2026-03-06 19:15:00,0.1196,0.1201,0.1192,0.1194,2970782.9
2026-03-06 19:30:00,0.1195,0.1201,0.1192,0.1196,2913320.3
2026-03-06 19:45:00,0.1197,0.1198,0.1194,0.1196,974763.2
2026-03-06 20:00:00,0.1197,0.1202,0.1196,0.1198,2180270.0
2026-03-06 20:15:00,0.1199,0.12,0.1192,0.1193,2388289.4
2026-03-06 20:30:00,0.1194,0.1203,0.1192,0.12,2556475.9
2026-03-06 20:45:00,0.12,0.1205,0.12,0.1203,1378478.9
2026-03-06 21:00:00,0.1204,0.1205,0.1199,0.1201,1791142.3
2026-03-06 21:15:00,0.1202,0.1203,0.1197,0.1199,1432816.1
2026-03-06 21:30:00,0.12,0.1204,0.1198,0.1203,841511.0
2026-03-06 21:45:00,0.1204,0.1208,0.1203,0.1207,988713.3
2026-03-06 22:00:00,0.1207,0.1208,0.1205,0.1206,1706457.0
2026-03-06 22:15:00,0.1206,0.1208,0.1205,0.1207,964592.5
2026-03-06 22:30:00,0.1207,0.1208,0.1205,0.1206,1256953.2
2026-03-06 22:45:00,0.1207,0.121,0.1206,0.1208,1872955.5
2026-03-06 23:00:00,0.1208,0.121,0.1205,0.1207,1238214.4
2026-03-06 23:15:00,0.1207,0.1209,0.1205,0.1208,1888371.7
2026-03-06 23:30:00,0.1208,0.1209,0.1206,0.1206,708060.6
2026-03-06 23:45:00,0.1207,0.1208,0.1202,0.1204,1518197.1
2026-03-07 00:00:00,0.1204,0.1208,0.1203,0.1205,2282300.2
2026-03-07 00:15:00,0.1205,0.1209,0.1205,0.1207,1567353.5
2026-03-07 00:30:00,0.1207,0.1211,0.1206,0.1207,1465109.7
2026-03-07 00:45:00,0.1207,0.1208,0.1205,0.1206,1205534.0
2026-03-07 01:00:00,0.1206,0.1206,0.1198,0.1199,1955078.4
2026-03-07 01:15:00,0.1199,0.12,0.1196,0.1199,1496975.5
2026-03-07 01:30:00,0.12,0.1201,0.1198,0.12,598726.2
2026-03-07 01:45:00,0.12,0.1202,0.1198,0.1199,1945796.2
2026-03-07 02:00:00,0.1199,0.1202,0.1198,0.1199,1614835.4
2026-03-07 02:15:00,0.1199,0.12,0.1193,0.1195,1504853.4
2026-03-07 02:30:00,0.1195,0.1198,0.1194,0.1196,1861908.1
2026-03-07 02:45:00,0.1195,0.12,0.1194,0.1199,1137339.7
2026-03-07 03:00:00,0.1199,0.1206,0.1197,0.1205,2335015.4
2026-03-07 03:15:00,0.1205,0.1206,0.1198,0.1199,2174677.2
2026-03-07 03:30:00,0.1199,0.1199,0.1195,0.1197,1482036.1
2026-03-07 03:45:00,0.1197,0.1202,0.1196,0.12,3432384.2
2026-03-07 04:00:00,0.1199,0.12,0.1193,0.1198,3322382.1
2026-03-07 04:15:00,0.1198,0.1204,0.1197,0.1204,1366445.8
2026-03-07 04:30:00,0.1203,0.1209,0.1203,0.1209,2412616.4
2026-03-07 04:45:00,0.1208,0.1209,0.1202,0.1203,2316607.9
2026-03-07 05:00:00,0.1203,0.1206,0.1201,0.1202,1272107.7
2026-03-07 05:15:00,0.1202,0.1205,0.1201,0.1203,1244151.7
2026-03-07 05:30:00,0.1203,0.1203,0.12,0.1203,874388.5
2026-03-07 05:45:00,0.1202,0.1204,0.12,0.1202,1013505.4
2026-03-07 06:00:00,0.1201,0.1202,0.1195,0.1196,1476298.0
2026-03-07 06:15:00,0.1196,0.1197,0.1193,0.1193,978368.4
2026-03-07 06:30:00,0.1194,0.1195,0.1187,0.1192,2353090.8
2026-03-07 06:45:00,0.1192,0.1193,0.1188,0.1191,1492852.4
2026-03-07 07:00:00,0.1191,0.1192,0.1185,0.1191,1488651.2
2026-03-07 07:15:00,0.119,0.1192,0.1187,0.119,890183.7
2026-03-07 07:30:00,0.119,0.1193,0.1189,0.1193,1258754.4
2026-03-07 07:45:00,0.1192,0.1194,0.1192,0.1194,721787.5
2026-03-07 08:00:00,0.1193,0.1197,0.1192,0.1197,1141641.0
2026-03-07 08:15:00,0.1196,0.1201,0.1196,0.1198,1453941.1
2026-03-07 08:30:00,0.1199,0.1201,0.1197,0.1198,1498095.9
2026-03-07 08:45:00,0.1198,0.1199,0.1191,0.1192,1755870.4
2026-03-07 09:00:00,0.1192,0.1194,0.1189,0.1193,1239515.4
2026-03-07 09:15:00,0.1194,0.1198,0.1194,0.1196,1598241.5
2026-03-07 09:30:00,0.1196,0.1199,0.1195,0.1198,1033587.7
2026-03-07 09:45:00,0.1197,0.12,0.1197,0.1199,872212.2
2026-03-07 10:00:00,0.1198,0.1199,0.1196,0.1199,1932272.5
2026-03-07 10:15:00,0.1198,0.1199,0.1196,0.1198,698972.1
2026-03-07 10:30:00,0.1198,0.1199,0.1196,0.1198,466960.2
2026-03-07 10:45:00,0.1198,0.1199,0.1197,0.1198,623468.5
2026-03-07 11:00:00,0.1197,0.1204,0.1195,0.1203,1840802.9
2026-03-07 11:15:00,0.1203,0.1204,0.1199,0.12,2479933.2
2026-03-07 11:30:00,0.1199,0.1201,0.1194,0.1196,1364969.2
2026-03-07 11:45:00,0.1195,0.1198,0.1194,0.1196,835179.3
2026-03-07 12:00:00,0.1196,0.1198,0.1193,0.1195,900743.7
2026-03-07 12:15:00,0.1194,0.1196,0.1192,0.1193,853514.3
2026-03-07 12:30:00,0.1194,0.1194,0.1191,0.1191,902336.7
2026-03-07 12:45:00,0.1192,0.1192,0.1186,0.1188,3089168.0
2026-03-07 13:00:00,0.1187,0.1191,0.1186,0.119,2158534.4
2026-03-07 13:15:00,0.119,0.1193,0.1188,0.1191,1713490.6
2026-03-07 13:30:00,0.1191,0.1194,0.1189,0.1191,1621373.9
2026-03-07 13:45:00,0.119,0.1193,0.1187,0.1189,1627555.8
2026-03-07 14:00:00,0.1188,0.1188,0.1175,0.1179,7528304.7
2026-03-07 14:15:00,0.1179,0.118,0.1175,0.1179,2159571.6
2026-03-07 14:30:00,0.1178,0.1188,0.1175,0.1183,3278966.4
2026-03-07 14:45:00,0.1184,0.1185,0.118,0.1181,1270546.2
2026-03-07 15:00:00,0.118,0.1182,0.1176,0.1177,2240281.4
2026-03-07 15:15:00,0.1178,0.1179,0.1172,0.1175,3133132.6
2026-03-07 15:30:00,0.1176,0.1177,0.1165,0.1168,4526146.6
2026-03-07 15:45:00,0.1169,0.1173,0.1167,0.1171,1758498.8
2026-03-07 16:00:00,0.1171,0.1175,0.117,0.1173,1665260.6
2026-03-07 16:15:00,0.1173,0.1175,0.117,0.1173,4175207.4
2026-03-07 16:30:00,0.1174,0.1175,0.1171,0.1173,887625.8
2026-03-07 16:45:00,0.1173,0.1176,0.1171,0.1174,1204458.3
2026-03-07 17:00:00,0.1175,0.1181,0.1174,0.1178,3221117.7
2026-03-07 17:15:00,0.1178,0.1185,0.1178,0.1184,1925487.1
2026-03-07 17:30:00,0.1185,0.1185,0.1183,0.1185,541553.8
2026-03-07 17:45:00,0.1185,0.1186,0.118,0.1181,1360428.3
2026-03-07 18:00:00,0.1181,0.1182,0.117,0.1171,7756118.9
2026-03-07 18:15:00,0.1172,0.1173,0.1167,0.1173,1780861.7
2026-03-07 18:30:00,0.1172,0.1174,0.117,0.1173,1636619.6
2026-03-07 18:45:00,0.1173,0.1175,0.117,0.1172,1150517.9
2026-03-07 19:00:00,0.1171,0.1171,0.1168,0.1169,1358898.2
2026-03-07 19:15:00,0.1168,0.117,0.1162,0.1164,5682661.6
2026-03-07 19:30:00,0.1164,0.1169,0.1163,0.1166,1967541.8
2026-03-07 19:45:00,0.1166,0.1169,0.1157,0.1163,7197797.4
2026-03-07 20:00:00,0.1163,0.1169,0.1162,0.1166,2133397.2
2026-03-07 20:15:00,0.1166,0.1168,0.1163,0.1166,1087535.0
2026-03-07 20:30:00,0.1165,0.1168,0.1164,0.1167,1350962.3
2026-03-07 20:45:00,0.1167,0.1169,0.1165,0.1167,1368132.0
2026-03-07 21:00:00,0.1166,0.1168,0.1165,0.1167,1208451.2
2026-03-07 21:15:00,0.1166,0.117,0.1165,0.1168,994310.7
2026-03-07 21:30:00,0.1169,0.117,0.1163,0.1164,1447414.5
2026-03-07 21:45:00,0.1163,0.1166,0.1161,0.1165,760863.8
2026-03-07 22:00:00,0.1166,0.1166,0.116,0.1162,1903067.3
2026-03-07 22:15:00,0.1162,0.1162,0.1155,0.1159,2611074.4
2026-03-07 22:30:00,0.1158,0.116,0.1148,0.1159,7482247.7
2026-03-07 22:45:00,0.1158,0.116,0.1156,0.1158,1847736.0
2026-03-07 23:00:00,0.1158,0.1161,0.1157,0.1159,2430548.5
2026-03-07 23:15:00,0.1159,0.1163,0.1158,0.1161,523644.2
2026-03-07 23:30:00,0.1161,0.1164,0.1161,0.1163,725469.7
2026-03-07 23:45:00,0.1164,0.1164,0.1161,0.1164,962525.2
2026-03-08 00:00:00,0.1163,0.1164,0.116,0.116,2848505.3
2026-03-08 00:15:00,0.116,0.1161,0.1158,0.116,2353083.1
2026-03-08 00:30:00,0.1159,0.1161,0.1157,0.116,1070441.9
2026-03-08 00:45:00,0.116,0.116,0.1155,0.1156,2144057.5
2026-03-08 01:00:00,0.1156,0.1157,0.1151,0.1157,2542441.8
2026-03-08 01:15:00,0.1157,0.1158,0.1155,0.1156,1281730.5
2026-03-08 01:30:00,0.1156,0.1158,0.1152,0.1157,2103600.9
2026-03-08 01:45:00,0.1158,0.1159,0.1156,0.1157,1108653.0
2026-03-08 02:00:00,0.1156,0.1156,0.115,0.1153,1932375.7
2026-03-08 02:15:00,0.1153,0.1153,0.1146,0.1147,2205062.7
2026-03-08 02:30:00,0.1148,0.1155,0.1143,0.1155,4392850.9
2026-03-08 02:45:00,0.1154,0.1154,0.114,0.1144,5860931.6
2026-03-08 03:00:00,0.1143,0.1144,0.1139,0.1144,2740312.4
2026-03-08 03:15:00,0.1144,0.1149,0.1141,0.1147,1814361.4
2026-03-08 03:30:00,0.1147,0.1149,0.1145,0.1146,1739315.4
2026-03-08 03:45:00,0.1146,0.1147,0.1144,0.1145,1307882.1
2026-03-08 04:00:00,0.1144,0.1147,0.114,0.1143,2357241.3
2026-03-08 04:15:00,0.1143,0.1145,0.1141,0.1143,776022.9
2026-03-08 04:30:00,0.1142,0.1143,0.1137,0.1139,1695783.8
2026-03-08 04:45:00,0.1139,0.1139,0.1131,0.1137,4538781.1
2026-03-08 05:00:00,0.1136,0.1144,0.1136,0.1143,1807734.6
2026-03-08 05:15:00,0.1144,0.1149,0.1143,0.1147,2295123.1
2026-03-08 05:30:00,0.1147,0.1149,0.1145,0.1147,2159738.3
2026-03-08 05:45:00,0.1147,0.1148,0.1142,0.1143,900155.7
2026-03-08 06:00:00,0.1143,0.1143,0.1137,0.1138,2884055.5
2026-03-08 06:15:00,0.1139,0.1139,0.1135,0.1137,659679.9
2026-03-08 06:30:00,0.1136,0.114,0.1135,0.1139,1806208.5
2026-03-08 06:45:00,0.1138,0.1142,0.1138,0.114,1769478.0
2026-03-08 07:00:00,0.114,0.115,0.1139,0.1149,3352777.6
2026-03-08 07:15:00,0.115,0.1152,0.1147,0.115,1513741.1
2026-03-08 07:30:00,0.1151,0.1151,0.1147,0.1149,1687374.0
2026-03-08 07:45:00,0.1149,0.115,0.1146,0.1146,1318216.5
2026-03-08 08:00:00,0.1147,0.1148,0.1139,0.1139,2206108.6
2026-03-08 08:15:00,0.114,0.1143,0.1138,0.1142,1980519.2
2026-03-08 08:30:00,0.1143,0.1148,0.114,0.1146,1205560.7
2026-03-08 08:45:00,0.1147,0.1149,0.1144,0.1146,1480120.9
2026-03-08 09:00:00,0.1146,0.1149,0.1144,0.1147,1817421.0
2026-03-08 09:15:00,0.1148,0.1152,0.1146,0.115,4497845.2
2026-03-08 09:30:00,0.1151,0.1151,0.1147,0.115,1679643.4
2026-03-08 09:45:00,0.115,0.1152,0.1148,0.115,865915.2
2026-03-08 10:00:00,0.115,0.1153,0.1149,0.1151,2734553.5
2026-03-08 10:15:00,0.1151,0.1164,0.1151,0.116,5109318.3
2026-03-08 10:30:00,0.116,0.1161,0.1154,0.1156,3270623.0
2026-03-08 10:45:00,0.1156,0.1161,0.1154,0.116,1317710.8
2026-03-08 11:00:00,0.116,0.1161,0.1147,0.1153,4694485.5
2026-03-08 11:15:00,0.1152,0.116,0.1151,0.1156,1707180.9
2026-03-08 11:30:00,0.1157,0.1162,0.1152,0.1154,1875132.2
2026-03-08 11:45:00,0.1154,0.1159,0.1153,0.1156,1093816.7
2026-03-08 12:00:00,0.1157,0.1157,0.1142,0.1144,4915081.8
2026-03-08 12:15:00,0.1145,0.1166,0.1141,0.1165,5435130.4
2026-03-08 12:30:00,0.1165,0.1169,0.1161,0.1163,4734409.2
2026-03-08 12:45:00,0.1164,0.1164,0.1159,0.1161,1305754.0
2026-03-08 13:00:00,0.1161,0.1163,0.1149,0.1151,5883205.7
2026-03-08 13:15:00,0.1151,0.1155,0.1143,0.1152,4356952.1
2026-03-08 13:30:00,0.1152,0.1154,0.1146,0.1152,2299065.4
2026-03-08 13:45:00,0.1151,0.1163,0.1151,0.1153,7310952.5
2026-03-08 14:00:00,0.1153,0.1159,0.115,0.1153,2844818.0
2026-03-08 14:15:00,0.1154,0.1155,0.1149,0.115,1408560.8
2026-03-08 14:30:00,0.1151,0.1155,0.1146,0.1149,1601120.4
2026-03-08 14:45:00,0.1149,0.1153,0.1146,0.1152,1053779.5
2026-03-08 15:00:00,0.1152,0.1153,0.1144,0.1148,1758064.4
2026-03-08 15:15:00,0.1148,0.1148,0.1139,0.1141,2164899.8
2026-03-08 15:30:00,0.1142,0.1144,0.1139,0.1141,1336458.2
2026-03-08 15:45:00,0.1142,0.1147,0.1139,0.1146,1845178.8
2026-03-08 16:00:00,0.1146,0.1148,0.1144,0.1145,984920.0
2026-03-08 16:15:00,0.1145,0.1148,0.1143,0.1147,1293090.6
2026-03-08 16:30:00,0.1147,0.1148,0.1138,0.1145,2397602.9
2026-03-08 16:45:00,0.1144,0.1144,0.1139,0.1142,1448642.8
2026-03-08 17:00:00,0.1142,0.1152,0.1141,0.1149,2655533.4
2026-03-08 17:15:00,0.115,0.1154,0.1148,0.1149,1372446.5
2026-03-08 17:30:00,0.1149,0.1153,0.1147,0.1148,1267961.1
2026-03-08 17:45:00,0.1149,0.1152,0.1147,0.1151,1165546.5
2026-03-08 18:00:00,0.115,0.1152,0.1148,0.1149,2068827.2
2026-03-08 18:15:00,0.1149,0.115,0.1146,0.1147,2136292.6
2026-03-08 18:30:00,0.1147,0.1153,0.1147,0.1151,1692939.0
2026-03-08 18:45:00,0.1151,0.1155,0.115,0.1153,893294.3
2026-03-08 19:00:00,0.1154,0.1163,0.1152,0.1161,2841313.2
2026-03-08 19:15:00,0.116,0.1173,0.116,0.1171,5307574.9
2026-03-08 19:30:00,0.1172,0.1173,0.1167,0.1172,2461448.1
2026-03-08 19:45:00,0.1172,0.1176,0.1169,0.1171,1725890.8
2026-03-08 20:00:00,0.117,0.1172,0.1164,0.1165,2592611.6
2026-03-08 20:15:00,0.1164,0.1168,0.1162,0.1163,1790205.1
2026-03-08 20:30:00,0.1164,0.1174,0.1163,0.1168,3936575.6
2026-03-08 20:45:00,0.1168,0.117,0.1163,0.1165,1273557.9
2026-03-08 21:00:00,0.1165,0.1166,0.1153,0.1156,3790918.6
2026-03-08 21:15:00,0.1156,0.1162,0.1155,0.116,1750470.7
2026-03-08 21:30:00,0.1161,0.1164,0.116,0.1162,1228927.7
2026-03-08 21:45:00,0.1163,0.1167,0.1162,0.1164,442210.1
2026-03-08 22:00:00,0.1164,0.1165,0.1134,0.1149,13992492.3
2026-03-08 22:15:00,0.1148,0.1154,0.1138,0.1151,6125843.2
2026-03-08 22:30:00,0.1151,0.1163,0.1146,0.1158,6366516.1
2026-03-08 22:45:00,0.1157,0.1165,0.1156,0.1159,1938479.9
2026-03-08 23:00:00,0.116,0.1166,0.1155,0.1161,3841218.6
2026-03-08 23:15:00,0.1162,0.1164,0.1157,0.1161,1222600.1
2026-03-08 23:30:00,0.116,0.1163,0.1151,0.1152,2289419.9
2026-03-08 23:45:00,0.1151,0.1156,0.1148,0.1152,2091293.8
2026-03-09 00:00:00,0.1152,0.1161,0.1151,0.1158,3850624.0
2026-03-09 00:15:00,0.1158,0.1162,0.1148,0.1154,5697572.3
2026-03-09 00:30:00,0.1154,0.1171,0.1154,0.1161,6863905.7
2026-03-09 00:45:00,0.1161,0.1165,0.1154,0.1157,2821221.5
2026-03-09 01:00:00,0.1156,0.1158,0.1148,0.1153,3355500.4
2026-03-09 01:15:00,0.1153,0.1163,0.1152,0.1158,3498204.7
2026-03-09 01:30:00,0.1158,0.1166,0.1154,0.1164,2905801.6
2026-03-09 01:45:00,0.1164,0.1166,0.1155,0.1156,1418939.7
2026-03-09 02:00:00,0.1155,0.1161,0.1151,0.1158,3197317.3
2026-03-09 02:15:00,0.1158,0.1158,0.1153,0.1155,1610684.8
2026-03-09 02:30:00,0.1154,0.117,0.1152,0.1169,3149537.4
2026-03-09 02:45:00,0.1168,0.1169,0.1163,0.1163,1671193.0
2026-03-09 03:00:00,0.1164,0.1183,0.1162,0.1179,8558258.3
2026-03-09 03:15:00,0.118,0.1183,0.1165,0.1166,7688180.6
2026-03-09 03:30:00,0.1166,0.1167,0.1159,0.1162,2433060.0
2026-03-09 03:45:00,0.1161,0.1165,0.1159,0.1164,2838587.7
2026-03-09 04:00:00,0.1165,0.1169,0.1163,0.1166,1198748.5
2026-03-09 04:15:00,0.1166,0.1174,0.1165,0.1173,2246782.5
2026-03-09 04:30:00,0.1173,0.1175,0.117,0.1173,1450931.8
2026-03-09 04:45:00,0.1173,0.1174,0.1169,0.1171,1374002.7
2026-03-09 05:00:00,0.117,0.1172,0.1168,0.1169,1094590.8
2026-03-09 05:15:00,0.1169,0.1179,0.1168,0.1178,1770176.9
2026-03-09 05:30:00,0.1178,0.1195,0.1177,0.1193,7659189.9
2026-03-09 05:45:00,0.1193,0.1201,0.119,0.1195,8685818.5
2026-03-09 06:00:00,0.1195,0.1196,0.1191,0.1192,1838442.9
2026-03-09 06:15:00,0.1191,0.1195,0.1188,0.1192,1806672.2
2026-03-09 06:30:00,0.1193,0.1193,0.1182,0.1184,1435268.4
2026-03-09 06:45:00,0.1183,0.1185,0.1179,0.118,1310700.4
2026-03-09 07:00:00,0.118,0.118,0.1172,0.1176,3706420.2
2026-03-09 07:15:00,0.1176,0.1183,0.1167,0.1181,3292180.6
2026-03-09 07:30:00,0.1182,0.119,0.1181,0.1187,3933524.8
2026-03-09 07:45:00,0.1187,0.1189,0.1182,0.1185,1055017.2
2026-03-09 08:00:00,0.1186,0.1188,0.1179,0.1183,3063955.7
2026-03-09 08:15:00,0.1182,0.1188,0.1179,0.1185,2744022.0
2026-03-09 08:30:00,0.1186,0.1187,0.1179,0.1181,2268157.2
2026-03-09 08:45:00,0.1182,0.1184,0.1179,0.118,1699141.7
2026-03-09 09:00:00,0.1179,0.1182,0.1175,0.1181,3310081.6
2026-03-09 09:15:00,0.1181,0.1184,0.1179,0.1183,1787119.6
2026-03-09 09:30:00,0.1183,0.1193,0.118,0.1188,5390194.1
2026-03-09 09:45:00,0.1188,0.119,0.1179,0.1183,2761482.8
2026-03-09 10:00:00,0.1183,0.1185,0.1179,0.118,1405440.9
2026-03-09 10:15:00,0.1181,0.1181,0.1175,0.1179,1249756.4
2026-03-09 10:30:00,0.1179,0.1182,0.1173,0.1176,2390211.6
2026-03-09 10:45:00,0.1176,0.1178,0.1174,0.1175,1172291.0
2026-03-09 11:00:00,0.1175,0.1177,0.1173,0.1175,2153006.9
2026-03-09 11:15:00,0.1174,0.1176,0.1166,0.1169,4444083.2
2026-03-09 11:30:00,0.117,0.1179,0.1168,0.1175,3714370.0
2026-03-09 11:45:00,0.1176,0.118,0.1174,0.1176,1344289.0
2026-03-09 12:00:00,0.1176,0.118,0.1176,0.118,1966234.5
2026-03-09 12:15:00,0.1181,0.1187,0.118,0.1186,2897347.5
2026-03-09 12:30:00,0.1187,0.119,0.1181,0.1183,4356948.6
2026-03-09 12:45:00,0.1184,0.1186,0.1181,0.1183,1771946.5
2026-03-09 13:00:00,0.1184,0.1191,0.1182,0.1189,2298922.2
2026-03-09 13:15:00,0.119,0.1199,0.1185,0.1198,3096049.0
2026-03-09 13:30:00,0.1197,0.1207,0.1193,0.1205,7066649.3
2026-03-09 13:45:00,0.1205,0.1207,0.1193,0.1197,5394131.7
2026-03-09 14:00:00,0.1196,0.1202,0.1187,0.1193,9279625.7
2026-03-09 14:15:00,0.1194,0.1207,0.1193,0.1202,5215026.8
2026-03-09 14:30:00,0.1203,0.1208,0.12,0.1202,5203457.1
2026-03-09 14:45:00,0.1203,0.1204,0.1195,0.1198,3872724.0
2026-03-09 15:00:00,0.1198,0.1199,0.1189,0.1192,2572123.2
2026-03-09 15:15:00,0.1193,0.1194,0.1185,0.1187,2018348.0
2026-03-09 15:30:00,0.1187,0.119,0.1179,0.1186,3808944.0
2026-03-09 15:45:00,0.1187,0.1196,0.1186,0.119,2352158.1
2026-03-09 16:00:00,0.1191,0.1195,0.1188,0.1194,3029991.8
2026-03-09 16:15:00,0.1193,0.1202,0.1191,0.1199,2560580.9
2026-03-09 16:30:00,0.12,0.12,0.1189,0.1192,3301926.0
2026-03-09 16:45:00,0.1191,0.1194,0.1185,0.1188,3267633.5
2026-03-09 17:00:00,0.1188,0.1193,0.1187,0.1191,1374700.4
2026-03-09 17:15:00,0.1191,0.1193,0.1187,0.1189,1831657.8
2026-03-09 17:30:00,0.1189,0.1197,0.1188,0.1193,2785986.7
2026-03-09 17:45:00,0.1192,0.1199,0.1191,0.1194,1508782.6
2026-03-09 18:00:00,0.1195,0.1195,0.1189,0.1193,2401566.2
2026-03-09 18:15:00,0.1192,0.12,0.1191,0.1197,1929336.1
2026-03-09 18:30:00,0.1198,0.1203,0.1194,0.1195,3779390.8
2026-03-09 18:45:00,0.1194,0.1196,0.119,0.1193,1684962.1
2026-03-09 19:00:00,0.1192,0.1196,0.1188,0.119,1662660.4
2026-03-09 19:15:00,0.119,0.1224,0.1189,0.1222,9361334.2
2026-03-09 19:30:00,0.1223,0.1227,0.1203,0.1205,5714019.1
2026-03-09 19:45:00,0.1205,0.1206,0.1199,0.1204,1598498.9
2026-03-09 20:00:00,0.1204,0.1208,0.1196,0.1197,2593339.9
2026-03-09 20:15:00,0.1197,0.1198,0.1193,0.1195,1669488.0
2026-03-09 20:30:00,0.1196,0.1197,0.1191,0.1195,2433555.6
2026-03-09 20:45:00,0.1195,0.12,0.1192,0.1197,561213.7
2026-03-09 21:00:00,0.1197,0.1207,0.1196,0.1204,1418186.5
2026-03-09 21:15:00,0.1205,0.1205,0.1197,0.12,536063.6
2026-03-09 21:30:00,0.1199,0.12,0.1194,0.1198,1329704.7
2026-03-09 21:45:00,0.1199,0.1202,0.1198,0.1199,835906.4
2026-03-09 22:00:00,0.12,0.12,0.1191,0.1194,2573173.9
2026-03-09 22:15:00,0.1194,0.1194,0.1189,0.1192,1357392.1
2026-03-09 22:30:00,0.1192,0.1193,0.1184,0.1188,2772098.6
2026-03-09 22:45:00,0.1187,0.1188,0.118,0.1183,1451754.2
2026-03-09 23:00:00,0.1184,0.1187,0.1182,0.1186,1637249.0
2026-03-09 23:15:00,0.1186,0.1186,0.118,0.1183,1157528.4
2026-03-09 23:30:00,0.1182,0.1186,0.1182,0.1185,1484152.0
2026-03-09 23:45:00,0.1184,0.1185,0.1181,0.1183,1492164.9
2026-03-10 00:00:00,0.1183,0.1186,0.1181,0.1182,1941863.4
2026-03-10 00:15:00,0.1183,0.1197,0.1183,0.1196,3544110.8
2026-03-10 00:30:00,0.1195,0.1201,0.1192,0.1196,2548750.8
2026-03-10 00:45:00,0.1196,0.1199,0.1192,0.1193,2449526.3
2026-03-10 01:00:00,0.1193,0.1198,0.1191,0.1195,1981442.8
2026-03-10 01:15:00,0.1195,0.1197,0.1189,0.1191,1364626.7
2026-03-10 01:30:00,0.119,0.1193,0.1185,0.1188,2625013.3
2026-03-10 01:45:00,0.1188,0.1196,0.1187,0.1193,1559175.3
2026-03-10 02:00:00,0.1192,0.1198,0.119,0.1194,2806472.1
2026-03-10 02:15:00,0.1195,0.1203,0.1192,0.1201,1334519.1
2026-03-10 02:30:00,0.1201,0.1218,0.1201,0.1215,6599341.0
2026-03-10 02:45:00,0.1215,0.122,0.1209,0.1211,3390326.9
2026-03-10 03:00:00,0.1212,0.1213,0.1205,0.1207,2993540.7
2026-03-10 03:15:00,0.1208,0.121,0.1205,0.1206,892928.0
2026-03-10 03:30:00,0.1207,0.1207,0.12,0.1201,2581599.0
2026-03-10 03:45:00,0.12,0.1201,0.1192,0.1194,3446805.7
2026-03-10 04:00:00,0.1195,0.1203,0.1195,0.1201,2464889.5
2026-03-10 04:15:00,0.1201,0.1208,0.12,0.1206,1770769.9
2026-03-10 04:30:00,0.1206,0.1212,0.1203,0.1209,2136849.4
2026-03-10 04:45:00,0.1209,0.121,0.1205,0.1207,1114874.6
2026-03-10 05:00:00,0.1208,0.121,0.1203,0.1203,2225081.0
2026-03-10 05:15:00,0.1204,0.1206,0.1199,0.12,1629401.2
2026-03-10 05:30:00,0.12,0.1201,0.1193,0.1194,2697677.2
2026-03-10 05:45:00,0.1194,0.1197,0.1193,0.1196,1202762.2
2026-03-10 06:00:00,0.1197,0.1199,0.1194,0.1195,2578627.9
2026-03-10 06:15:00,0.1195,0.1198,0.1192,0.1197,1762564.5
2026-03-10 06:30:00,0.1197,0.12,0.1194,0.1197,2388496.6
2026-03-10 06:45:00,0.1197,0.1202,0.1196,0.12,1558459.0
2026-03-10 07:00:00,0.12,0.1209,0.1197,0.1205,2404575.0
2026-03-10 07:15:00,0.1205,0.1215,0.1204,0.121,2275455.4
2026-03-10 07:30:00,0.121,0.1211,0.1208,0.1209,1460999.7
2026-03-10 07:45:00,0.1209,0.1213,0.1208,0.121,1510060.9
2026-03-10 08:00:00,0.121,0.122,0.121,0.1217,4491084.3
2026-03-10 08:15:00,0.1217,0.1219,0.1205,0.1209,10603345.9
2026-03-10 08:30:00,0.121,0.1223,0.1208,0.1211,15923942.6
2026-03-10 08:45:00,0.1212,0.1214,0.1208,0.1211,2180507.9
2026-03-10 09:00:00,0.1212,0.1217,0.1211,0.1214,4064454.6
2026-03-10 09:15:00,0.1214,0.1224,0.1214,0.1223,3583578.5
2026-03-10 09:30:00,0.1224,0.1224,0.122,0.1221,1585395.8
2026-03-10 09:45:00,0.1222,0.1222,0.1218,0.122,1788488.2
2026-03-10 10:00:00,0.122,0.1222,0.1212,0.1213,2355104.2
2026-03-10 10:15:00,0.1214,0.1214,0.1208,0.1209,4744842.7
2026-03-10 10:30:00,0.1209,0.1212,0.1207,0.121,1914962.5
2026-03-10 10:45:00,0.1211,0.1217,0.121,0.1211,2298715.5
2026-03-10 11:00:00,0.121,0.1212,0.1206,0.1209,3437373.9
2026-03-10 11:15:00,0.1209,0.1213,0.1209,0.1211,1301681.1
2026-03-10 11:30:00,0.1211,0.1212,0.1208,0.121,506549.6
2026-03-10 11:45:00,0.1211,0.1214,0.1209,0.1212,885302.5
2026-03-10 12:00:00,0.1212,0.1214,0.121,0.1211,2933925.7
2026-03-10 12:15:00,0.121,0.1213,0.1209,0.121,911031.2
2026-03-10 12:30:00,0.1211,0.1216,0.1208,0.1214,3106634.6
2026-03-10 12:45:00,0.1214,0.1215,0.1211,0.1213,1068687.3
2026-03-10 13:00:00,0.1214,0.1221,0.1213,0.1218,3119771.2
2026-03-10 13:15:00,0.1219,0.1221,0.1214,0.1215,1633833.3
2026-03-10 13:30:00,0.1215,0.1217,0.1202,0.121,6986453.5
2026-03-10 13:45:00,0.1211,0.1217,0.1209,0.121,3665051.6
2026-03-10 14:00:00,0.121,0.1215,0.1197,0.1201,7523979.8
2026-03-10 14:15:00,0.12,0.1208,0.1195,0.1205,5673785.9
2026-03-10 14:30:00,0.1205,0.1217,0.1205,0.1217,5211899.0
2026-03-10 14:45:00,0.1217,0.1232,0.1215,0.1231,8496693.7
2026-03-10 15:00:00,0.1231,0.1235,0.122,0.1223,6034219.5
2026-03-10 15:15:00,0.1222,0.1227,0.1216,0.1223,2372715.4
2026-03-10 15:30:00,0.1223,0.1228,0.1216,0.1218,3204555.1
2026-03-10 15:45:00,0.1218,0.1225,0.1215,0.1223,2963097.1
2026-03-10 16:00:00,0.1224,0.1226,0.1214,0.1216,2969909.8
2026-03-10 16:15:00,0.1217,0.1227,0.1217,0.1223,4328225.6
2026-03-10 16:30:00,0.1222,0.1225,0.1218,0.1222,1726537.5
2026-03-10 16:45:00,0.1223,0.1224,0.1219,0.1221,2053231.4
2026-03-10 17:00:00,0.1222,0.1224,0.1217,0.1218,4273215.2
2026-03-10 17:15:00,0.1218,0.122,0.1209,0.1212,3747815.9
2026-03-10 17:30:00,0.1212,0.1214,0.1203,0.1206,4046608.6
2026-03-10 17:45:00,0.1207,0.1214,0.1204,0.1212,1016058.6
2026-03-10 18:00:00,0.1212,0.1214,0.1202,0.1202,2745668.3
2026-03-10 18:15:00,0.1202,0.1206,0.1193,0.12,13446335.2
2026-03-10 18:30:00,0.12,0.1203,0.1192,0.1195,4802085.4
2026-03-10 18:45:00,0.1195,0.1196,0.1188,0.1193,5416550.3
2026-03-10 19:00:00,0.1193,0.1196,0.1187,0.1191,2736977.2
2026-03-10 19:15:00,0.1191,0.1193,0.1184,0.1184,3053290.6
2026-03-10 19:30:00,0.1184,0.119,0.1182,0.1186,2503178.6
2026-03-10 19:45:00,0.1187,0.1189,0.1185,0.1187,1176002.9
2026-03-10 20:00:00,0.1186,0.1193,0.1186,0.119,3166682.8
2026-03-10 20:15:00,0.1189,0.1194,0.1188,0.1193,1393703.2
2026-03-10 20:30:00,0.1194,0.1196,0.1192,0.1193,875910.5
2026-03-10 20:45:00,0.1193,0.1196,0.1192,0.1194,1183278.5
2026-03-10 21:00:00,0.1194,0.1197,0.119,0.1193,2085464.8
2026-03-10 21:15:00,0.1192,0.1194,0.1189,0.1189,1010013.6
2026-03-10 21:30:00,0.1189,0.1191,0.1183,0.1184,2979744.7
2026-03-10 21:45:00,0.1183,0.1185,0.118,0.1183,2574860.0
2026-03-10 22:00:00,0.1182,0.1184,0.1174,0.1177,4432038.0
2026-03-10 22:15:00,0.1176,0.1186,0.1175,0.1185,1632280.4
2026-03-10 22:30:00,0.1184,0.1187,0.118,0.1186,1952055.0
2026-03-10 22:45:00,0.1185,0.1187,0.1183,0.1185,1250058.9
2026-03-10 23:00:00,0.1184,0.1189,0.1184,0.1187,1199540.4
2026-03-10 23:15:00,0.1186,0.1188,0.1184,0.1187,840594.9
2026-03-10 23:30:00,0.1187,0.119,0.1186,0.1187,1246155.6
2026-03-10 23:45:00,0.1186,0.1187,0.1185,0.1186,1409419.0
2026-03-11 00:00:00,0.1186,0.1188,0.1184,0.1186,2720247.4
2026-03-11 00:15:00,0.1186,0.119,0.1184,0.1186,2086283.9
2026-03-11 00:30:00,0.1187,0.1187,0.1182,0.1183,1387824.9
2026-03-11 00:45:00,0.1183,0.119,0.1182,0.1188,906411.2
2026-03-11 01:00:00,0.1187,0.1191,0.1185,0.1189,1626568.2
2026-03-11 01:15:00,0.1189,0.119,0.1186,0.1189,980462.5
2026-03-11 01:30:00,0.119,0.1191,0.1185,0.1189,1809581.4
2026-03-11 01:45:00,0.1189,0.1191,0.1187,0.1189,844766.7
2026-03-11 02:00:00,0.1189,0.119,0.1186,0.1186,1394048.0
2026-03-11 02:15:00,0.1187,0.1189,0.1186,0.1187,975806.6
2026-03-11 02:30:00,0.1187,0.1187,0.1179,0.1183,1871700.6
2026-03-11 02:45:00,0.1182,0.1187,0.118,0.1187,1625763.1
2026-03-11 03:00:00,0.1187,0.1191,0.1187,0.119,1761997.6
2026-03-11 03:15:00,0.1189,0.1191,0.1185,0.1186,1042511.4
2026-03-11 03:30:00,0.1185,0.1189,0.1185,0.1187,830973.5
2026-03-11 03:45:00,0.1188,0.1189,0.1185,0.1185,768583.2
2026-03-11 04:00:00,0.1185,0.1187,0.1181,0.1183,2437922.4
2026-03-11 04:15:00,0.1183,0.1191,0.1181,0.1188,3393636.8
2026-03-11 04:30:00,0.1188,0.119,0.1185,0.1187,1071569.3
2026-03-11 04:45:00,0.1187,0.1192,0.1186,0.1188,1254592.5
2026-03-11 05:00:00,0.1189,0.119,0.1183,0.1184,1392284.0
2026-03-11 05:15:00,0.1185,0.1185,0.118,0.1181,1979651.8
2026-03-11 05:30:00,0.1181,0.1182,0.1168,0.1173,8829104.0
2026-03-11 05:45:00,0.1173,0.1177,0.1172,0.1174,3061231.8
2026-03-11 06:00:00,0.1174,0.1179,0.1174,0.1179,3454507.4
2026-03-11 06:15:00,0.1179,0.1188,0.1178,0.1185,9170592.7
2026-03-11 06:30:00,0.1184,0.1188,0.1184,0.1185,1288072.6
2026-03-11 06:45:00,0.1185,0.1191,0.1183,0.1186,1445737.6
2026-03-11 07:00:00,0.1186,0.1191,0.1185,0.1189,1415251.2
2026-03-11 07:15:00,0.1189,0.1193,0.1187,0.119,2276305.6
2026-03-11 07:30:00,0.1189,0.1191,0.1182,0.1184,2998075.0
2026-03-11 07:45:00,0.1184,0.1187,0.1182,0.1185,774183.4
2026-03-11 08:00:00,0.1185,0.1189,0.1184,0.1187,1800410.7
2026-03-11 08:15:00,0.1188,0.1192,0.1185,0.1185,2547446.0
2026-03-11 08:30:00,0.1185,0.1191,0.1183,0.119,3358383.5
2026-03-11 08:45:00,0.1191,0.1192,0.1185,0.1187,1414753.9
2026-03-11 09:00:00,0.1187,0.119,0.1185,0.1187,1220569.4
2026-03-11 09:15:00,0.1188,0.1193,0.1187,0.1191,1572687.1
2026-03-11 09:30:00,0.1192,0.1197,0.119,0.1192,4557788.1
2026-03-11 09:45:00,0.1193,0.1195,0.1186,0.1188,4009950.9
2026-03-11 10:00:00,0.1188,0.1193,0.1185,0.119,2384213.8
2026-03-11 10:15:00,0.1191,0.1196,0.119,0.1196,3205496.4
2026-03-11 10:30:00,0.1196,0.1203,0.1193,0.1202,2896723.1
2026-03-11 10:45:00,0.1203,0.1203,0.1197,0.1198,1235758.7
2026-03-11 11:00:00,0.1197,0.1201,0.1193,0.12,2929959.1
2026-03-11 11:15:00,0.1201,0.1202,0.1195,0.1196,1316445.8
2026-03-11 11:30:00,0.1196,0.1199,0.1191,0.1193,1510105.9
2026-03-11 11:45:00,0.1193,0.1197,0.1192,0.1193,4204233.2
2026-03-11 12:00:00,0.1192,0.1198,0.119,0.1197,3761206.7
2026-03-11 12:15:00,0.1197,0.1211,0.1197,0.1209,6350932.9
2026-03-11 12:30:00,0.1209,0.1218,0.1206,0.1207,9656531.9
2026-03-11 12:45:00,0.1208,0.121,0.1203,0.1204,2687127.2
2026-03-11 13:00:00,0.1203,0.1221,0.1203,0.1215,3521057.4
2026-03-11 13:15:00,0.1215,0.1217,0.121,0.1212,3718474.6
2026-03-11 13:30:00,0.1211,0.1226,0.121,0.121,7044694.0
2026-03-11 13:45:00,0.121,0.1213,0.1199,0.121,8414633.0
2026-03-11 14:00:00,0.1211,0.1223,0.1209,0.1214,4659219.2
2026-03-11 14:15:00,0.1213,0.122,0.1211,0.1219,3512588.7
2026-03-11 14:30:00,0.122,0.1222,0.1213,0.1217,4350047.6
2026-03-11 14:45:00,0.1218,0.122,0.1207,0.121,2538943.0
2026-03-11 15:00:00,0.121,0.1211,0.1196,0.1199,4002989.2
2026-03-11 15:15:00,0.12,0.1209,0.1198,0.1203,2198137.3
2026-03-11 15:30:00,0.1203,0.1204,0.119,0.12,4989188.3
2026-03-11 15:45:00,0.1199,0.1204,0.1193,0.1202,3160341.8
2026-03-11 16:00:00,0.1203,0.1207,0.12,0.1205,2533681.3
2026-03-11 16:15:00,0.1205,0.1208,0.12,0.1203,1383021.5
2026-03-11 16:30:00,0.1202,0.1208,0.12,0.1207,2309246.6
2026-03-11 16:45:00,0.1207,0.1208,0.1202,0.1207,1245309.9
2026-03-11 17:00:00,0.1207,0.1215,0.1206,0.1212,5275914.6
2026-03-11 17:15:00,0.1212,0.1216,0.121,0.1212,7424158.9
2026-03-11 17:30:00,0.1212,0.1213,0.1194,0.1201,5862628.5
2026-03-11 17:45:00,0.1202,0.1205,0.1199,0.1203,1380182.4
2026-03-11 18:00:00,0.1204,0.1206,0.1202,0.1204,2306734.8
2026-03-11 18:15:00,0.1205,0.1207,0.1202,0.1205,2086482.3
2026-03-11 18:30:00,0.1205,0.1207,0.12,0.1201,2241470.0
2026-03-11 18:45:00,0.1201,0.1207,0.1201,0.1205,1720445.0
2026-03-11 19:00:00,0.1206,0.1208,0.1202,0.1203,2933648.5
2026-03-11 19:15:00,0.1203,0.1206,0.1201,0.1205,1142299.2
2026-03-11 19:30:00,0.1204,0.121,0.1203,0.1207,1266418.1
2026-03-11 19:45:00,0.1207,0.1208,0.1203,0.1206,815251.1
2026-03-11 20:00:00,0.1205,0.1208,0.1202,0.1205,2479602.2
2026-03-11 20:15:00,0.1204,0.1206,0.1202,0.1202,1385090.5
2026-03-11 20:30:00,0.1202,0.1204,0.12,0.1202,837222.4
2026-03-11 20:45:00,0.1201,0.1206,0.1201,0.1204,1077785.8
2026-03-11 21:00:00,0.1205,0.1209,0.1204,0.1206,1717481.4
2026-03-11 21:15:00,0.1207,0.1209,0.1205,0.1205,661188.7
2026-03-11 21:30:00,0.1205,0.1209,0.1205,0.1208,949086.4
2026-03-11 21:45:00,0.1207,0.1212,0.1207,0.121,997775.8
2026-03-11 22:00:00,0.121,0.1213,0.1206,0.1211,2336294.4
2026-03-11 22:15:00,0.121,0.1211,0.1204,0.1205,1559755.1
2026-03-11 22:30:00,0.1205,0.1206,0.1202,0.1205,1218264.8
2026-03-11 22:45:00,0.1205,0.1209,0.1204,0.1208,1086234.5
2026-03-11 23:00:00,0.1208,0.121,0.1207,0.1207,1025985.6
2026-03-11 23:15:00,0.1207,0.1208,0.1205,0.1207,683406.0
2026-03-11 23:30:00,0.1206,0.1207,0.1202,0.1203,1238775.0
2026-03-11 23:45:00,0.1203,0.1204,0.1198,0.1203,1941130.4
2026-03-12 00:00:00,0.1204,0.1207,0.1201,0.1201,2049207.9
2026-03-12 00:15:00,0.1201,0.1204,0.12,0.1202,1476152.8
2026-03-12 00:30:00,0.1202,0.1206,0.12,0.1203,1148090.6
2026-03-12 00:45:00,0.1204,0.1205,0.1202,0.1204,722991.7
2026-03-12 01:00:00,0.1205,0.1205,0.1198,0.1202,1736576.8
2026-03-12 01:15:00,0.1201,0.1203,0.1199,0.1201,869135.3
2026-03-12 01:30:00,0.12,0.1202,0.1196,0.1201,1067993.5
2026-03-12 01:45:00,0.12,0.1201,0.1195,0.1198,1223412.9
2026-03-12 02:00:00,0.1198,0.1202,0.1196,0.1202,1157736.4
2026-03-12 02:15:00,0.1201,0.1202,0.1195,0.12,1650373.9
2026-03-12 02:30:00,0.12,0.12,0.1192,0.1195,2544058.9
2026-03-12 02:45:00,0.1195,0.1196,0.1189,0.1192,2161576.8
2026-03-12 03:00:00,0.1192,0.1196,0.1191,0.1195,1775632.4
2026-03-12 03:15:00,0.1194,0.1195,0.1191,0.1192,1399419.3
2026-03-12 03:30:00,0.1191,0.1196,0.119,0.1192,1080702.3
2026-03-12 03:45:00,0.1192,0.1193,0.1186,0.1189,3265118.3
2026-03-12 04:00:00,0.1188,0.1196,0.1188,0.1192,2113618.0
2026-03-12 04:15:00,0.1193,0.1194,0.1188,0.1189,1209146.8
2026-03-12 04:30:00,0.1188,0.1193,0.1188,0.119,2151529.8
2026-03-12 04:45:00,0.119,0.119,0.1187,0.1189,1066819.5
2026-03-12 05:00:00,0.1188,0.1191,0.1186,0.1186,1651597.5
2026-03-12 05:15:00,0.1186,0.1188,0.1178,0.1181,6857563.1
2026-03-12 05:30:00,0.118,0.1184,0.118,0.1182,1774838.4
2026-03-12 05:45:00,0.1182,0.1186,0.1181,0.1186,643947.1
2026-03-12 06:00:00,0.1185,0.1186,0.1182,0.1186,1378600.8
2026-03-12 06:15:00,0.1185,0.1187,0.1183,0.1185,1249166.4
2026-03-12 06:30:00,0.1185,0.1186,0.1182,0.1185,511710.7
2026-03-12 06:45:00,0.1185,0.1189,0.1184,0.1188,1387310.8
2026-03-12 07:00:00,0.1189,0.1189,0.1184,0.1186,1317585.2
2026-03-12 07:15:00,0.1186,0.1188,0.1185,0.1187,1854526.1
2026-03-12 07:30:00,0.1187,0.1191,0.1186,0.1188,2368391.8
2026-03-12 07:45:00,0.1188,0.119,0.1188,0.1188,824929.5
2026-03-12 08:00:00,0.1189,0.1189,0.1184,0.1184,2285083.9
2026-03-12 08:15:00,0.1184,0.119,0.1183,0.1183,3355128.5
2026-03-12 08:30:00,0.1183,0.1186,0.1182,0.1185,1662643.7
2026-03-12 08:45:00,0.1185,0.1188,0.1184,0.1185,1885333.6
2026-03-12 09:00:00,0.1184,0.1185,0.118,0.1181,1429828.4
2026-03-12 09:15:00,0.1181,0.1183,0.118,0.1181,1783811.4
2026-03-12 09:30:00,0.1181,0.1195,0.118,0.1193,3176312.2
2026-03-12 09:45:00,0.1193,0.1198,0.1187,0.119,3340045.7
2026-03-12 10:00:00,0.119,0.1192,0.1189,0.119,2041259.5
2026-03-12 10:15:00,0.1191,0.1198,0.119,0.1198,2128113.4
2026-03-12 10:30:00,0.1198,0.1203,0.1196,0.12,4584084.9
2026-03-12 10:45:00,0.1201,0.1202,0.1195,0.1195,3013733.3
2026-03-12 11:00:00,0.1195,0.1196,0.119,0.1193,2266793.8
2026-03-12 11:15:00,0.1192,0.1195,0.1185,0.1188,4127555.3
2026-03-12 11:30:00,0.1188,0.1189,0.1185,0.1189,3093001.2
2026-03-12 11:45:00,0.1189,0.119,0.1178,0.1182,5022855.5
2026-03-12 12:00:00,0.1182,0.1184,0.1176,0.118,4108075.6
2026-03-12 12:15:00,0.118,0.1185,0.1179,0.1181,1755433.2
2026-03-12 12:30:00,0.1182,0.1183,0.1179,0.1181,1185209.1
2026-03-12 12:45:00,0.1182,0.1184,0.1179,0.1181,3189446.9
2026-03-12 13:00:00,0.1181,0.1184,0.118,0.1181,1386460.9
2026-03-12 13:15:00,0.1182,0.1182,0.1172,0.1177,4377112.7
2026-03-12 13:30:00,0.1177,0.1188,0.1174,0.1177,5726929.9
2026-03-12 13:45:00,0.1176,0.1179,0.1169,0.1176,6150850.9
2026-03-12 14:00:00,0.1176,0.1183,0.1174,0.1177,5408544.6
2026-03-12 14:15:00,0.1176,0.1182,0.1163,0.1165,9206887.7
2026-03-12 14:30:00,0.1165,0.1168,0.1157,0.1162,8000638.4
2026-03-12 14:45:00,0.1162,0.117,0.116,0.1169,3930421.0
2026-03-12 15:00:00,0.1169,0.1175,0.1166,0.1172,4542757.2
2026-03-12 15:15:00,0.1171,0.1181,0.1168,0.1176,3845488.3
2026-03-12 15:30:00,0.1177,0.1181,0.1173,0.1177,2603950.6
2026-03-12 15:45:00,0.1177,0.1179,0.1171,0.1174,1653412.6
2026-03-12 16:00:00,0.1174,0.1177,0.117,0.1177,3669530.8
2026-03-12 16:15:00,0.1177,0.1186,0.1175,0.1179,4314343.6
2026-03-12 16:30:00,0.1178,0.1184,0.1177,0.1183,1225402.5
2026-03-12 16:45:00,0.1184,0.1184,0.1178,0.1179,1031971.8
2026-03-12 17:00:00,0.1179,0.118,0.1175,0.1178,2432055.4
2026-03-12 17:15:00,0.1178,0.118,0.1173,0.1175,2536436.8
2026-03-12 17:30:00,0.1174,0.1178,0.1171,0.1174,1944508.1
2026-03-12 17:45:00,0.1174,0.1175,0.1166,0.117,3063158.9
2026-03-12 18:00:00,0.117,0.1172,0.1166,0.1169,1249738.6
2026-03-12 18:15:00,0.1169,0.1172,0.1164,0.1172,3320525.8
2026-03-12 18:30:00,0.1172,0.1175,0.1171,0.1172,1926244.9
2026-03-12 18:45:00,0.1172,0.1175,0.1171,0.1173,1146422.2
2026-03-12 19:00:00,0.1173,0.1178,0.1172,0.1177,3724903.9
2026-03-12 19:15:00,0.1176,0.1189,0.1176,0.1188,2998358.3
2026-03-12 19:30:00,0.1188,0.1191,0.1183,0.1187,2349355.6
2026-03-12 19:45:00,0.1186,0.1191,0.1185,0.119,2511146.6
2026-03-12 20:00:00,0.1189,0.1192,0.1186,0.1187,5486220.4
2026-03-12 20:15:00,0.1187,0.1187,0.118,0.1181,770414.2
2026-03-12 20:30:00,0.1181,0.1181,0.1176,0.118,2016737.7
2026-03-12 20:45:00,0.1179,0.1179,0.1175,0.1177,1085183.0
2026-03-12 21:00:00,0.1176,0.1178,0.1176,0.1177,949170.2
2026-03-12 21:15:00,0.1177,0.1183,0.1176,0.1183,1354919.0
2026-03-12 21:30:00,0.1183,0.1186,0.1182,0.1185,932173.4
2026-03-12 21:45:00,0.1185,0.1197,0.1184,0.1194,3562813.8
2026-03-12 22:00:00,0.1194,0.1201,0.1193,0.1197,2883496.7
2026-03-12 22:15:00,0.1197,0.12,0.1195,0.1197,2001163.8
2026-03-12 22:30:00,0.1196,0.12,0.1195,0.1197,1532694.9
2026-03-12 22:45:00,0.1196,0.1199,0.1192,0.1197,2210426.8
2026-03-12 23:00:00,0.1197,0.1209,0.1196,0.1206,5916651.2
2026-03-12 23:15:00,0.1207,0.1208,0.1197,0.1198,2293275.0
2026-03-12 23:30:00,0.1198,0.1205,0.1193,0.1203,3030674.9
2026-03-12 23:45:00,0.1204,0.1206,0.1197,0.1199,2677949.6
2026-03-13 00:00:00,0.1199,0.1203,0.1197,0.1199,2769898.8
2026-03-13 00:15:00,0.1199,0.1221,0.1199,0.1216,11262286.1
2026-03-13 00:30:00,0.1215,0.1228,0.1211,0.1212,7012689.8
2026-03-13 00:45:00,0.1213,0.1216,0.1209,0.1214,3912322.1
2026-03-13 01:00:00,0.1215,0.1224,0.1215,0.1217,3946989.1
2026-03-13 01:15:00,0.1218,0.1223,0.1212,0.1215,5562299.1
2026-03-13 01:30:00,0.1215,0.1223,0.1211,0.1222,3180316.7
2026-03-13 01:45:00,0.1222,0.1227,0.1219,0.1226,2497756.7
2026-03-13 02:00:00,0.1226,0.1231,0.1221,0.123,6431928.6
2026-03-13 02:15:00,0.123,0.1232,0.1225,0.1227,2306446.5
2026-03-13 02:30:00,0.1227,0.123,0.1224,0.1227,2664121.3
2026-03-13 02:45:00,0.1227,0.123,0.1222,0.1229,3459717.6
2026-03-13 03:00:00,0.1229,0.1234,0.1225,0.1231,3264124.4
2026-03-13 03:15:00,0.1231,0.124,0.123,0.1233,3661590.0
2026-03-13 03:30:00,0.1233,0.1236,0.1229,0.1231,3298570.7
2026-03-13 03:45:00,0.123,0.1243,0.123,0.1241,3307489.6
2026-03-13 04:00:00,0.1241,0.1246,0.124,0.1245,5591443.2
2026-03-13 04:15:00,0.1245,0.1246,0.1235,0.1237,3001676.8
2026-03-13 04:30:00,0.1238,0.1238,0.1232,0.1234,2613337.8
2026-03-13 04:45:00,0.1235,0.1242,0.1234,0.124,2618368.2
2026-03-13 05:00:00,0.124,0.1243,0.1234,0.1237,2964963.1
2026-03-13 05:15:00,0.1237,0.1247,0.1236,0.1245,2903708.5
2026-03-13 05:30:00,0.1245,0.1252,0.1243,0.1245,3667857.5
2026-03-13 05:45:00,0.1245,0.1246,0.1239,0.1242,1553854.9
2026-03-13 06:00:00,0.1242,0.1244,0.1235,0.1235,2598613.3
2026-03-13 06:15:00,0.1236,0.1239,0.1231,0.1232,2637176.6
2026-03-13 06:30:00,0.1231,0.1242,0.1231,0.1241,2065005.4
2026-03-13 06:45:00,0.124,0.1246,0.1238,0.1239,3125115.2
2026-03-13 07:00:00,0.1239,0.1242,0.1235,0.1239,2695239.0
2026-03-13 07:15:00,0.1239,0.124,0.1235,0.1236,1698787.4
2026-03-13 07:30:00,0.1237,0.1241,0.1234,0.1236,2352993.2
2026-03-13 07:45:00,0.1236,0.124,0.1234,0.1236,1857391.1
2026-03-13 08:00:00,0.1236,0.124,0.1231,0.1235,1913580.8
2026-03-13 08:15:00,0.1236,0.124,0.1234,0.1239,2121135.9
2026-03-13 08:30:00,0.1239,0.1249,0.1239,0.1242,2969224.3
2026-03-13 08:45:00,0.1242,0.1244,0.1233,0.1243,4574856.3
2026-03-13 09:00:00,0.1243,0.1248,0.1243,0.1248,4012585.8
2026-03-13 09:15:00,0.1247,0.125,0.1242,0.1247,1410694.4
2026-03-13 09:30:00,0.1247,0.1252,0.1245,0.1248,2501756.4
2026-03-13 09:45:00,0.1249,0.125,0.1246,0.1247,1580460.1
2026-03-13 10:00:00,0.1248,0.1254,0.1245,0.125,2551911.7
2026-03-13 10:15:00,0.1251,0.1256,0.1248,0.1254,2818799.0
2026-03-13 10:30:00,0.1255,0.1255,0.1251,0.1251,1770186.2
2026-03-13 10:45:00,0.1251,0.1258,0.125,0.1256,3415030.2
2026-03-13 11:00:00,0.1257,0.126,0.1249,0.1252,3203557.6
2026-03-13 11:15:00,0.1251,0.1253,0.1247,0.1248,1472038.1
2026-03-13 11:30:00,0.1247,0.125,0.1245,0.1249,2411832.4
2026-03-13 11:45:00,0.1249,0.1253,0.1247,0.1252,1231974.4
2026-03-13 12:00:00,0.1252,0.126,0.125,0.1253,2646644.5
2026-03-13 12:15:00,0.1253,0.1257,0.125,0.1254,1903006.6
2026-03-13 12:30:00,0.1254,0.1255,0.1249,0.125,3035160.7
2026-03-13 12:45:00,0.1249,0.1261,0.1249,0.1256,3011643.2
2026-03-13 13:00:00,0.1255,0.1273,0.125,0.1258,12753283.7
2026-03-13 13:15:00,0.1258,0.127,0.1255,0.1263,5359615.4
2026-03-13 13:30:00,0.1263,0.1272,0.1259,0.1271,4671069.8
2026-03-13 13:45:00,0.1271,0.1276,0.1263,0.1265,3479854.6
2026-03-13 14:00:00,0.1266,0.1272,0.1261,0.1267,3187868.8
2026-03-13 14:15:00,0.1266,0.127,0.1262,0.1264,2811551.0
2026-03-13 14:30:00,0.1264,0.1266,0.1255,0.1257,4713744.1
2026-03-13 14:45:00,0.1257,0.1263,0.1252,0.1258,7494192.0
2026-03-13 15:00:00,0.1258,0.1272,0.1256,0.1269,10109829.7
2026-03-13 15:15:00,0.1268,0.1273,0.1265,0.1265,2715574.2
2026-03-13 15:30:00,0.1265,0.1266,0.1256,0.126,6006583.0
2026-03-13 15:45:00,0.126,0.1266,0.1253,0.1259,4872176.0
2026-03-13 16:00:00,0.1259,0.1265,0.1251,0.1255,5022453.1
2026-03-13 16:15:00,0.1254,0.1255,0.1241,0.1248,5248707.6
2026-03-13 16:30:00,0.1247,0.1259,0.1246,0.1259,2170174.5
2026-03-13 16:45:00,0.1258,0.1264,0.1257,0.1262,3430641.0
2026-03-13 17:00:00,0.1262,0.1263,0.1257,0.1261,1582212.7
2026-03-13 17:15:00,0.1261,0.1264,0.1247,0.1248,3402203.8
2026-03-13 17:30:00,0.1248,0.1249,0.1238,0.1239,3357956.0
2026-03-13 17:45:00,0.1239,0.1241,0.1232,0.1241,5189903.6
2026-03-13 18:00:00,0.1241,0.1244,0.1238,0.1243,3563498.2
2026-03-13 18:15:00,0.1242,0.1244,0.1232,0.1242,4575491.1
2026-03-13 18:30:00,0.1241,0.1249,0.124,0.1248,1707702.4
2026-03-13 18:45:00,0.1247,0.1248,0.124,0.1241,1090055.2
2026-03-13 19:00:00,0.124,0.1245,0.1238,0.1243,1819382.7
2026-03-13 19:15:00,0.1242,0.1246,0.1238,0.1239,1070801.9
2026-03-13 19:30:00,0.1239,0.1243,0.1238,0.124,851597.3
2026-03-13 19:45:00,0.124,0.1244,0.1239,0.1242,1095567.1
2026-03-13 20:00:00,0.1241,0.1243,0.1239,0.1242,1173814.4
2026-03-13 20:15:00,0.1242,0.1244,0.1237,0.124,1087922.3
2026-03-13 20:30:00,0.124,0.1241,0.1238,0.124,629958.3
2026-03-13 20:45:00,0.1239,0.1245,0.1239,0.1244,1093387.5
2026-03-13 21:00:00,0.1244,0.1252,0.1244,0.1248,2082540.1
2026-03-13 21:15:00,0.1248,0.1249,0.124,0.1241,923282.8
2026-03-13 21:30:00,0.1241,0.1246,0.1237,0.1243,1167310.1
2026-03-13 21:45:00,0.1242,0.1245,0.124,0.1241,775093.4
2026-03-13 22:00:00,0.124,0.1241,0.1227,0.1231,5072649.8
2026-03-13 22:15:00,0.1231,0.1231,0.1223,0.1224,5758870.4
2026-03-13 22:30:00,0.1224,0.1228,0.1222,0.1226,3790932.9
2026-03-13 22:45:00,0.1225,0.1231,0.1223,0.1231,1257579.9
2026-03-13 23:00:00,0.1231,0.1236,0.1229,0.1235,1868274.9
2026-03-13 23:15:00,0.1235,0.124,0.1234,0.1237,1982783.5
2026-03-13 23:30:00,0.1237,0.124,0.1234,0.1239,2370027.9
2026-03-13 23:45:00,0.1238,0.1238,0.1235,0.1237,1776324.8
2026-03-14 00:00:00,0.1236,0.1236,0.1226,0.1229,3580639.8
2026-03-14 00:15:00,0.1229,0.1232,0.1227,0.1231,2551564.0
2026-03-14 00:30:00,0.123,0.1233,0.1227,0.1228,2080714.5
2026-03-14 00:45:00,0.1227,0.1229,0.1224,0.1226,2696578.8
2026-03-14 01:00:00,0.1225,0.1228,0.1221,0.1223,2912737.4
2026-03-14 01:15:00,0.1223,0.1234,0.1223,0.1232,2342003.3
2026-03-14 01:30:00,0.1232,0.1235,0.1224,0.1232,4094389.2
2026-03-14 01:45:00,0.1232,0.1238,0.1231,0.1237,1928975.1
2026-03-14 02:00:00,0.1238,0.1238,0.1234,0.1235,1663619.0
2026-03-14 02:15:00,0.1235,0.1237,0.123,0.1231,948385.4
2026-03-14 02:30:00,0.1231,0.1238,0.1231,0.1236,2338002.5
2026-03-14 02:45:00,0.1237,0.1246,0.1235,0.1242,2722084.9
2026-03-14 03:00:00,0.1243,0.1247,0.124,0.1245,2209158.4
2026-03-14 03:15:00,0.1245,0.1251,0.1244,0.1249,3135114.9
2026-03-14 03:30:00,0.125,0.1253,0.1248,0.125,1652116.3
2026-03-14 03:45:00,0.1251,0.1252,0.1248,0.1251,1694100.6
2026-03-14 04:00:00,0.1252,0.1266,0.1251,0.1256,9830654.4
2026-03-14 04:15:00,0.1257,0.1257,0.1251,0.1253,2510952.1
2026-03-14 04:30:00,0.1253,0.1256,0.1249,0.1253,1814930.9
2026-03-14 04:45:00,0.1254,0.1254,0.1239,0.1245,5085033.4
2026-03-14 05:00:00,0.1244,0.1245,0.1238,0.124,1876891.5
2026-03-14 05:15:00,0.1239,0.1241,0.1238,0.1239,722333.0
2026-03-14 05:30:00,0.1239,0.1241,0.1229,0.1232,3327051.7
2026-03-14 05:45:00,0.1232,0.1237,0.1231,0.1235,631015.2
2026-03-14 06:00:00,0.1234,0.1235,0.1231,0.1234,1320358.0
2026-03-14 06:15:00,0.1233,0.1234,0.1221,0.1224,6684962.7
2026-03-14 06:30:00,0.1223,0.1227,0.1216,0.1219,5852825.4
2026-03-14 06:45:00,0.1219,0.1229,0.1219,0.1226,2151255.1
2026-03-14 07:00:00,0.1226,0.1227,0.1222,0.1224,1089084.9
2026-03-14 07:15:00,0.1224,0.123,0.1223,0.1229,2031363.6
2026-03-14 07:30:00,0.1229,0.1229,0.1223,0.1225,1411398.1
2026-03-14 07:45:00,0.1225,0.1227,0.1221,0.1226,1239821.6
2026-03-14 08:00:00,0.1226,0.1227,0.1221,0.1225,2372962.9
2026-03-14 08:15:00,0.1224,0.1225,0.122,0.1224,1427528.2
2026-03-14 08:30:00,0.1224,0.1226,0.1221,0.1222,1724640.7
2026-03-14 08:45:00,0.1222,0.1224,0.1221,0.1223,1279649.9
2026-03-14 09:00:00,0.1222,0.1229,0.1222,0.1227,2751954.1
2026-03-14 09:15:00,0.1227,0.1228,0.1224,0.1227,757095.2
2026-03-14 09:30:00,0.1227,0.1228,0.1224,0.1225,1303587.0
2026-03-14 09:45:00,0.1226,0.1227,0.122,0.1223,1902599.1
2026-03-14 10:00:00,0.1222,0.1225,0.122,0.1224,1674382.3
2026-03-14 10:15:00,0.1224,0.1225,0.1221,0.1224,1628474.6
2026-03-14 10:30:00,0.1223,0.1225,0.1221,0.1224,1579311.3
2026-03-14 10:45:00,0.1224,0.1227,0.1223,0.1226,1588267.6
2026-03-14 11:00:00,0.1226,0.1233,0.1224,0.1229,4132897.2
2026-03-14 11:15:00,0.123,0.1231,0.1227,0.1229,1581204.5
2026-03-14 11:30:00,0.123,0.1234,0.1229,0.1234,557808.4
2026-03-14 11:45:00,0.1234,0.1238,0.1233,0.1235,1685824.6
2026-03-14 12:00:00,0.1236,0.1238,0.1232,0.1233,2350602.7
2026-03-14 12:15:00,0.1234,0.1236,0.1231,0.1231,922234.1
2026-03-14 12:30:00,0.1232,0.1233,0.1222,0.1224,6050240.8
2026-03-14 12:45:00,0.1224,0.1229,0.1224,0.1228,1102654.7
2026-03-14 13:00:00,0.1228,0.1229,0.1227,0.1228,719995.9
2026-03-14 13:15:00,0.1229,0.1234,0.1228,0.1232,749617.4
2026-03-14 13:30:00,0.1233,0.1234,0.1231,0.1232,670665.4
2026-03-14 13:45:00,0.1233,0.1236,0.123,0.1235,574847.5
2026-03-14 14:00:00,0.1236,0.1239,0.1234,0.1237,2282802.8
2026-03-14 14:15:00,0.1238,0.1241,0.1235,0.1236,2207194.6
2026-03-14 14:30:00,0.1237,0.1238,0.1228,0.1229,3169462.1
2026-03-14 14:45:00,0.123,0.1233,0.1228,0.1231,1246089.7
2026-03-14 15:00:00,0.1232,0.1233,0.1225,0.1227,2222992.2
2026-03-14 15:15:00,0.1228,0.1229,0.1225,0.1226,1389713.8
2026-03-14 15:30:00,0.1227,0.1227,0.122,0.1222,3092221.3
2026-03-14 15:45:00,0.1222,0.1227,0.1222,0.1225,697323.3
2026-03-14 16:00:00,0.1226,0.1228,0.1224,0.1227,1331431.2
2026-03-14 16:15:00,0.1227,0.1233,0.1227,0.123,1298358.4
2026-03-14 16:30:00,0.1231,0.1233,0.123,0.1232,852461.6
2026-03-14 16:45:00,0.1233,0.1233,0.123,0.1232,295454.5
2026-03-14 17:00:00,0.1233,0.1234,0.1231,0.1232,662358.5
2026-03-14 17:15:00,0.1232,0.1233,0.123,0.1232,448517.6
2026-03-14 17:30:00,0.1232,0.1233,0.1228,0.123,697878.9
2026-03-14 17:45:00,0.123,0.1231,0.1226,0.1229,602455.7
2026-03-14 18:00:00,0.1229,0.123,0.1226,0.1228,1188800.2
2026-03-14 18:15:00,0.1228,0.1229,0.1225,0.1226,655795.3
2026-03-14 18:30:00,0.1227,0.1233,0.1226,0.123,1618067.5
2026-03-14 18:45:00,0.1231,0.1231,0.1228,0.1228,536960.2
2026-03-14 19:00:00,0.1228,0.1229,0.1225,0.1227,1022649.5
2026-03-14 19:15:00,0.1228,0.1229,0.1224,0.1224,416228.8
2026-03-14 19:30:00,0.1224,0.1227,0.1223,0.1226,989259.0
2026-03-14 19:45:00,0.1226,0.1227,0.1223,0.1223,666360.5
2026-03-14 20:00:00,0.1223,0.1224,0.1221,0.1223,886733.9
2026-03-14 20:15:00,0.1222,0.1224,0.1221,0.1222,903744.3
2026-03-14 20:30:00,0.1222,0.1226,0.1222,0.1226,665124.5
2026-03-14 20:45:00,0.1226,0.1226,0.1224,0.1224,447437.5
2026-03-14 21:00:00,0.1224,0.1226,0.1222,0.1224,1219563.4
2026-03-14 21:15:00,0.1224,0.1226,0.1223,0.1224,803799.3
2026-03-14 21:30:00,0.1224,0.1227,0.1224,0.1227,1042731.6
2026-03-14 21:45:00,0.1227,0.1231,0.1226,0.123,1275941.4
2026-03-14 22:00:00,0.1229,0.1232,0.1228,0.1231,2078994.9
2026-03-14 22:15:00,0.1231,0.1232,0.1229,0.1229,1070746.5
2026-03-14 22:30:00,0.123,0.1231,0.1227,0.1231,1060090.2
2026-03-14 22:45:00,0.123,0.1231,0.1226,0.1227,1393068.6
2026-03-14 23:00:00,0.1228,0.1236,0.1227,0.1232,3588708.8
2026-03-14 23:15:00,0.1232,0.1234,0.1229,0.1233,1194195.9
2026-03-14 23:30:00,0.1234,0.1237,0.1233,0.1236,1152053.5
2026-03-14 23:45:00,0.1237,0.1238,0.1235,0.1237,1270997.3
2026-03-15 00:00:00,0.1237,0.1239,0.1235,0.1237,3148887.3
2026-03-15 00:15:00,0.1237,0.1237,0.123,0.1231,2956014.0
2026-03-15 00:30:00,0.1231,0.1238,0.123,0.1237,4307577.2
2026-03-15 00:45:00,0.1238,0.1238,0.1231,0.1234,3488752.1
2026-03-15 01:00:00,0.1234,0.1237,0.1231,0.1234,1472095.8
2026-03-15 01:15:00,0.1234,0.1237,0.1231,0.1236,1215943.6
2026-03-15 01:30:00,0.1237,0.1245,0.1237,0.1243,4791137.8
2026-03-15 01:45:00,0.1244,0.1248,0.1241,0.1247,3427551.8
2026-03-15 02:00:00,0.1248,0.1258,0.1247,0.1253,5716147.0
2026-03-15 02:15:00,0.1254,0.1256,0.1251,0.1251,1913389.0
2026-03-15 02:30:00,0.1251,0.1263,0.1251,0.1262,3098680.4
2026-03-15 02:45:00,0.1263,0.1272,0.1262,0.1269,4190765.9
2026-03-15 03:00:00,0.127,0.1274,0.1269,0.1272,3121218.1
2026-03-15 03:15:00,0.1273,0.1274,0.1259,0.1259,4227447.2
2026-03-15 03:30:00,0.126,0.1262,0.1257,0.1257,2620089.7
2026-03-15 03:45:00,0.1258,0.1262,0.1255,0.1261,995513.6
2026-03-15 04:00:00,0.1262,0.1271,0.1261,0.1266,4572555.7
2026-03-15 04:15:00,0.1266,0.1267,0.1259,0.126,1527891.2
2026-03-15 04:30:00,0.126,0.1268,0.1258,0.1267,5117483.4
2026-03-15 04:45:00,0.1267,0.1267,0.1262,0.1264,1897748.1
2026-03-15 05:00:00,0.1265,0.1265,0.126,0.1261,1719482.1
2026-03-15 05:15:00,0.1262,0.1268,0.1259,0.1262,6386409.3
2026-03-15 05:30:00,0.1263,0.1269,0.1262,0.1268,2236165.7
2026-03-15 05:45:00,0.1269,0.127,0.1263,0.1263,1083213.9
2026-03-15 06:00:00,0.1264,0.1266,0.1258,0.1259,3048831.1
2026-03-15 06:15:00,0.126,0.1264,0.1256,0.1261,4157907.9
2026-03-15 06:30:00,0.1261,0.1269,0.126,0.1263,7158122.7
2026-03-15 06:45:00,0.1264,0.127,0.1263,0.1268,1769095.0
2026-03-15 07:00:00,0.1268,0.1275,0.1266,0.1273,2015740.8
2026-03-15 07:15:00,0.1274,0.1274,0.1265,0.1266,3544494.2
2026-03-15 07:30:00,0.1267,0.1271,0.1264,0.1266,3151614.1
2026-03-15 07:45:00,0.1267,0.1269,0.1263,0.1268,3848656.6
2026-03-15 08:00:00,0.1268,0.1271,0.1259,0.1261,6154258.3
2026-03-15 08:15:00,0.1262,0.1264,0.126,0.1262,1548139.4
2026-03-15 08:30:00,0.1263,0.1263,0.126,0.126,1049138.5
2026-03-15 08:45:00,0.126,0.1262,0.1258,0.1262,1256347.9
2026-03-15 09:00:00,0.1261,0.1266,0.126,0.126,2422233.0
2026-03-15 09:15:00,0.126,0.1263,0.126,0.126,975805.5
2026-03-15 09:30:00,0.1261,0.1263,0.1257,0.1258,975850.0
2026-03-15 09:45:00,0.1258,0.1261,0.1257,0.1259,757921.7
2026-03-15 10:00:00,0.1259,0.1274,0.1257,0.1273,6369689.9
2026-03-15 10:15:00,0.1272,0.1274,0.1268,0.1269,2753975.6
2026-03-15 10:30:00,0.127,0.1277,0.1266,0.1273,4490477.9
2026-03-15 10:45:00,0.1273,0.1278,0.1272,0.1274,1524939.3
2026-03-15 11:00:00,0.1275,0.1275,0.1264,0.1269,5507542.2
2026-03-15 11:15:00,0.127,0.1274,0.127,0.1271,777211.4
2026-03-15 11:30:00,0.1271,0.1271,0.1268,0.127,1257111.7
2026-03-15 11:45:00,0.127,0.127,0.1267,0.1267,1908893.7
2026-03-15 12:00:00,0.1268,0.1271,0.1266,0.1267,1437816.8
2026-03-15 12:15:00,0.1267,0.1274,0.1267,0.1273,871569.1
2026-03-15 12:30:00,0.1272,0.1282,0.1271,0.1276,6344220.9
2026-03-15 12:45:00,0.1276,0.128,0.1265,0.127,5825270.9
2026-03-15 13:00:00,0.127,0.1271,0.1252,0.1256,6253002.0
2026-03-15 13:15:00,0.1255,0.1259,0.1252,0.1256,2905681.4
2026-03-15 13:30:00,0.1256,0.1259,0.1253,0.1254,706108.5
