timestamp,open,high,low,close,volume
2025-12-14 09:30:00,5.838,6.39,5.828,6.227,356721.7
2025-12-14 09:45:00,6.227,6.242,5.919,5.98,216984.5
2025-12-14 10:00:00,5.978,6.022,5.771,5.879,197140.7
2025-12-14 10:15:00,5.878,6.021,5.718,5.755,156352.5
2025-12-14 10:30:00,5.755,5.776,5.674,5.749,88165.6
2025-12-14 10:45:00,5.749,5.749,5.601,5.669,98799.5
2025-12-14 11:00:00,5.669,5.689,5.461,5.569,192895.4
2025-12-14 11:15:00,5.569,5.594,5.412,5.46,151370.7
2025-12-14 11:30:00,5.457,5.645,5.418,5.638,183735.6
2025-12-14 11:45:00,5.638,5.699,5.429,5.542,160059.6
2025-12-14 12:00:00,5.542,5.619,5.44,5.591,121762.1
2025-12-14 12:15:00,5.593,5.632,5.321,5.564,218535.9
2025-12-14 12:30:00,5.562,5.656,5.52,5.641,117246.0
2025-12-14 12:45:00,5.642,5.881,5.615,5.832,166039.7
2025-12-14 13:00:00,5.832,5.979,5.774,5.966,122412.0
2025-12-14 13:15:00,5.966,6.299,5.894,5.985,369805.5
2025-12-14 13:30:00,5.984,6.089,5.87,6.007,183357.8
2025-12-14 13:45:00,6.006,6.054,5.7,5.784,169092.0
2025-12-14 14:00:00,5.784,5.816,5.631,5.733,125339.6
2025-12-14 14:15:00,5.735,5.86,5.718,5.821,85487.7
2025-12-14 14:30:00,5.821,5.998,5.807,5.992,79168.9
2025-12-14 14:45:00,5.992,6.035,5.901,6.018,79242.7
2025-12-14 15:00:00,6.019,6.049,5.861,5.918,80937.5
2025-12-14 15:15:00,5.918,5.993,5.867,5.921,35458.1
2025-12-14 15:30:00,5.922,5.955,5.75,5.809,72086.9
2025-12-14 15:45:00,5.81,5.986,5.737,5.937,118790.1
2025-12-14 16:00:00,5.937,6.053,5.885,5.962,134372.2
2025-12-14 16:15:00,5.962,5.993,5.893,5.986,51667.6
2025-12-14 16:30:00,5.989,6.069,5.93,6.048,55520.2
2025-12-14 16:45:00,6.048,6.3,6.015,6.259,138481.8
2025-12-14 17:00:00,6.258,6.279,5.973,6.039,155117.6
2025-12-14 17:15:00,6.039,6.145,6.005,6.128,65603.6
2025-12-14 17:30:00,6.128,6.283,6.098,6.215,95284.9
2025-12-14 17:45:00,6.216,6.327,6.164,6.201,77023.1
2025-12-14 18:00:00,6.202,6.218,6.006,6.039,69791.3
2025-12-14 18:15:00,6.038,6.067,5.97,5.994,51452.6
2025-12-14 18:30:00,5.997,5.997,5.796,5.83,85153.1
2025-12-14 18:45:00,5.831,5.855,5.723,5.759,62631.9
2025-12-14 19:00:00,5.757,5.772,5.655,5.703,84821.6
2025-12-14 19:15:00,5.702,5.745,5.622,5.735,56546.8
2025-12-14 19:30:00,5.734,5.739,5.642,5.653,31147.3
2025-12-14 19:45:00,5.651,5.827,5.648,5.748,52980.7
2025-12-14 20:00:00,5.749,5.759,5.67,5.729,48762.5
2025-12-14 20:15:00,5.729,5.731,5.66,5.68,21256.1
2025-12-14 20:30:00,5.679,5.711,5.631,5.633,21170.6
2025-12-14 20:45:00,5.634,5.72,5.612,5.697,25097.6
2025-12-14 21:00:00,5.696,5.702,5.55,5.615,51783.1
2025-12-14 21:15:00,5.613,5.679,5.598,5.659,40807.6
2025-12-14 21:30:00,5.66,5.661,5.596,5.645,23779.9
2025-12-14 21:45:00,5.645,5.693,5.621,5.653,21601.3
2025-12-14 22:00:00,5.652,5.672,5.613,5.659,20638.9
2025-12-14 22:15:00,5.66,5.714,5.63,5.689,31041.2
2025-12-14 22:30:00,5.69,5.78,5.672,5.755,34444.3
2025-12-14 22:45:00,5.757,5.759,5.616,5.645,54163.2
2025-12-14 23:00:00,5.645,5.711,5.644,5.707,24304.5
2025-12-14 23:15:00,5.707,5.811,5.707,5.731,33059.1
2025-12-14 23:30:00,5.73,5.89,5.661,5.833,53086.8
2025-12-14 23:45:00,5.834,5.889,5.715,5.879,67417.7
2025-12-15 00:00:00,5.877,5.936,5.802,5.873,122491.0
2025-12-15 00:15:00,5.875,5.879,5.741,5.772,83913.9
2025-12-15 00:30:00,5.773,5.896,5.749,5.789,52096.1
2025-12-15 00:45:00,5.792,5.798,5.584,5.617,118447.4
2025-12-15 01:00:00,5.618,5.624,5.51,5.577,72273.7
2025-12-15 01:15:00,5.579,5.638,5.457,5.511,87983.2
2025-12-15 01:30:00,5.512,5.562,5.422,5.5,98371.4
2025-12-15 01:45:00,5.501,5.58,5.487,5.534,59546.2
2025-12-15 02:00:00,5.534,5.671,5.486,5.605,105410.1
2025-12-15 02:15:00,5.605,5.659,5.541,5.583,55406.4
2025-12-15 02:30:00,5.584,5.659,5.57,5.625,34355.9
2025-12-15 02:45:00,5.626,5.631,5.502,5.547,39749.5
2025-12-15 03:00:00,5.546,5.577,5.484,5.5,31441.3
2025-12-15 03:15:00,5.5,5.578,5.451,5.541,42983.9
2025-12-15 03:30:00,5.541,5.59,5.486,5.505,35370.7
2025-12-15 03:45:00,5.505,5.523,5.456,5.507,42365.9
2025-12-15 04:00:00,5.508,5.525,5.45,5.479,36753.4
2025-12-15 04:15:00,5.479,5.515,5.455,5.51,29821.6
2025-12-15 04:30:00,5.509,5.544,5.459,5.467,35614.6
2025-12-15 04:45:00,5.466,5.515,5.452,5.484,22044.6
2025-12-15 05:00:00,5.484,5.546,5.469,5.543,29311.3
2025-12-15 05:15:00,5.54,5.604,5.46,5.475,54146.6
2025-12-15 05:30:00,5.474,5.565,5.457,5.506,27607.1
2025-12-15 05:45:00,5.507,5.551,5.481,5.523,33652.9
2025-12-15 06:00:00,5.524,5.597,5.5,5.501,55026.2
2025-12-15 06:15:00,5.503,5.566,5.474,5.494,37963.9
2025-12-15 06:30:00,5.494,5.534,5.476,5.485,62946.0
2025-12-15 06:45:00,5.484,5.508,5.44,5.447,55165.4
2025-12-15 07:00:00,5.444,5.479,5.013,5.119,381222.6
2025-12-15 07:15:00,5.118,5.171,4.939,4.969,219697.6
2025-12-15 07:30:00,4.97,5.054,4.831,4.948,236325.3
2025-12-15 07:45:00,4.948,4.948,4.69,4.712,265046.3
2025-12-15 08:00:00,4.711,4.717,4.333,4.43,521241.2
2025-12-15 08:15:00,4.429,4.666,4.37,4.46,406608.4
2025-12-15 08:30:00,4.463,4.614,4.405,4.418,197457.2
2025-12-15 08:45:00,4.419,4.457,4.386,4.396,153876.3
2025-12-15 09:00:00,4.393,4.468,4.257,4.311,366511.0
2025-12-15 09:15:00,4.31,4.331,4.174,4.246,191138.1
2025-12-15 09:30:00,4.246,4.38,4.202,4.215,195011.8
2025-12-15 09:45:00,4.214,4.318,4.18,4.291,191776.5
2025-12-15 10:00:00,4.292,4.504,4.224,4.474,247916.9
2025-12-15 10:15:00,4.475,4.517,4.239,4.343,274985.0
2025-12-15 10:30:00,4.343,4.521,4.325,4.433,142517.9
2025-12-15 10:45:00,4.434,4.527,4.433,4.488,130833.5
2025-12-15 11:00:00,4.488,4.54,4.424,4.498,94313.8
2025-12-15 11:15:00,4.497,4.508,4.381,4.4,101718.7
2025-12-15 11:30:00,4.399,4.4,4.255,4.308,122766.6
2025-12-15 11:45:00,4.307,4.439,4.28,4.426,106897.6
2025-12-15 12:00:00,4.426,4.456,4.366,4.422,87478.4
2025-12-15 12:15:00,4.42,4.454,4.312,4.435,122070.3
2025-12-15 12:30:00,4.438,4.459,4.335,4.356,111603.4
2025-12-15 12:45:00,4.355,4.38,4.291,4.352,99462.9
2025-12-15 13:00:00,4.353,4.356,4.283,4.33,102112.2
2025-12-15 13:15:00,4.33,4.4,4.3,4.381,99905.8
2025-12-15 13:30:00,4.381,4.44,4.359,4.431,82477.2
2025-12-15 13:45:00,4.43,4.464,4.376,4.381,91125.8
2025-12-15 14:00:00,4.379,4.437,4.355,4.427,77384.6
2025-12-15 14:15:00,4.426,4.455,4.34,4.38,131783.0
2025-12-15 14:30:00,4.379,4.388,4.287,4.288,113001.2
2025-12-15 14:45:00,4.289,4.356,4.224,4.309,209321.0
2025-12-15 15:00:00,4.312,4.41,4.3,4.322,141824.8
2025-12-15 15:15:00,4.322,4.348,4.271,4.283,97259.3
2025-12-15 15:30:00,4.283,4.377,4.273,4.296,125608.0
2025-12-15 15:45:00,4.299,4.299,4.195,4.239,170768.6
2025-12-15 16:00:00,4.239,4.242,3.939,4.103,568490.5
2025-12-15 16:15:00,4.101,4.182,4.051,4.105,169362.3
2025-12-15 16:30:00,4.103,4.189,4.067,4.138,163179.5
2025-12-15 16:45:00,4.138,4.337,4.131,4.288,189062.5
2025-12-15 17:00:00,4.287,4.355,4.231,4.291,138275.3
2025-12-15 17:15:00,4.291,4.313,4.187,4.228,103963.4
2025-12-15 17:30:00,4.227,4.273,4.197,4.219,74125.6
2025-12-15 17:45:00,4.22,4.261,4.164,4.216,82194.6
2025-12-15 18:00:00,4.219,4.255,4.16,4.193,75619.2
2025-12-15 18:15:00,4.194,4.219,4.185,4.203,24949.6
2025-12-15 18:30:00,4.203,4.251,4.136,4.147,52377.4
2025-12-15 18:45:00,4.148,4.166,4.073,4.09,90121.0
2025-12-15 19:00:00,4.089,4.125,4.067,4.083,99248.9
2025-12-15 19:15:00,4.084,4.113,4.059,4.072,59204.4
2025-12-15 19:30:00,4.073,4.074,4.02,4.056,80292.4
2025-12-15 19:45:00,4.056,4.08,4.009,4.053,60681.3
2025-12-15 20:00:00,4.053,4.098,4.016,4.041,61257.0
2025-12-15 20:15:00,4.04,4.069,4.03,4.065,52489.4
2025-12-15 20:30:00,4.065,4.072,3.971,3.977,80769.3
2025-12-15 20:45:00,3.977,4.021,3.963,3.993,54092.5
2025-12-15 21:00:00,3.993,4.061,3.99,4.053,83008.3
2025-12-15 21:15:00,4.055,4.06,4.012,4.025,33911.9
2025-12-15 21:30:00,4.024,4.041,3.99,3.997,45565.0
2025-12-15 21:45:00,3.996,4.012,3.971,4.004,26796.4
2025-12-15 22:00:00,4.004,4.053,4.003,4.017,57159.2
2025-12-15 22:15:00,4.017,4.017,3.883,3.971,136925.7
2025-12-15 22:30:00,3.971,3.981,3.915,3.963,47377.8
2025-12-15 22:45:00,3.963,3.997,3.947,3.972,39102.0
2025-12-15 23:00:00,3.971,4.079,3.93,4.073,81228.8
2025-12-15 23:15:00,4.071,4.231,4.046,4.221,130212.1
2025-12-15 23:30:00,4.217,4.354,4.197,4.349,150115.1
2025-12-15 23:45:00,4.348,4.55,4.341,4.514,264621.6
2025-12-16 00:00:00,4.515,4.675,4.182,4.216,521756.1
2025-12-16 00:15:00,4.215,4.233,4.116,4.214,142275.7
2025-12-16 00:30:00,4.213,4.343,4.201,4.318,91021.2
2025-12-16 00:45:00,4.318,4.377,4.223,4.259,83129.3
2025-12-16 01:00:00,4.258,4.262,4.043,4.089,141708.2
2025-12-16 01:15:00,4.09,4.24,4.06,4.183,126000.8
2025-12-16 01:30:00,4.183,4.226,4.152,4.167,43151.3
2025-12-16 01:45:00,4.166,4.187,4.049,4.063,65287.3
2025-12-16 02:00:00,4.063,4.087,3.996,4.006,115304.8
2025-12-16 02:15:00,4.006,4.067,3.959,3.989,61513.3
2025-12-16 02:30:00,3.988,4.07,3.983,3.999,64328.2
2025-12-16 02:45:00,3.999,4.053,3.991,4.05,44732.5
2025-12-16 03:00:00,4.048,4.059,3.975,4.005,58512.2
2025-12-16 03:15:00,4.004,4.037,3.995,4.004,28082.8
2025-12-16 03:30:00,4.003,4.049,3.977,4.0,39530.6
2025-12-16 03:45:00,3.999,4.001,3.806,3.905,235852.8
2025-12-16 04:00:00,3.905,3.929,3.814,3.871,97662.8
2025-12-16 04:15:00,3.871,3.874,3.719,3.755,194162.0
2025-12-16 04:30:00,3.756,3.813,3.748,3.805,52895.9
2025-12-16 04:45:00,3.805,3.924,3.787,3.881,144550.9
2025-12-16 05:00:00,3.881,3.926,3.812,3.883,75340.0
2025-12-16 05:15:00,3.884,3.899,3.843,3.895,52154.5
2025-12-16 05:30:00,3.895,3.939,3.866,3.873,58548.4
2025-12-16 05:45:00,3.875,3.885,3.801,3.826,85303.9
2025-12-16 06:00:00,3.826,3.878,3.752,3.853,83176.5
2025-12-16 06:15:00,3.852,3.897,3.839,3.885,56879.2
2025-12-16 06:30:00,3.885,3.898,3.841,3.854,28599.6
2025-12-16 06:45:00,3.854,3.862,3.786,3.805,81059.2
2025-12-16 07:00:00,3.805,3.83,3.768,3.776,48481.8
2025-12-16 07:15:00,3.777,3.801,3.726,3.801,101701.5
2025-12-16 07:30:00,3.798,3.86,3.789,3.796,83741.4
2025-12-16 07:45:00,3.793,3.821,3.768,3.768,38512.3
2025-12-16 08:00:00,3.771,3.807,3.753,3.767,43400.3
2025-12-16 08:15:00,3.769,3.801,3.725,3.791,67148.2
2025-12-16 08:30:00,3.789,3.79,3.681,3.74,113496.4
2025-12-16 08:45:00,3.739,3.749,3.587,3.617,218936.8
2025-12-16 09:00:00,3.617,3.629,3.55,3.594,136355.1
2025-12-16 09:15:00,3.594,3.608,3.554,3.578,61968.1
2025-12-16 09:30:00,3.576,3.596,3.507,3.543,90633.5
2025-12-16 09:45:00,3.544,3.556,3.43,3.464,149828.1
2025-12-16 10:00:00,3.464,3.477,3.352,3.363,216025.8
2025-12-16 10:15:00,3.362,3.4,3.201,3.23,322729.9
2025-12-16 10:30:00,3.228,3.359,3.192,3.308,308097.2
2025-12-16 10:45:00,3.308,3.378,3.15,3.197,357912.7
2025-12-16 11:00:00,3.197,3.212,3.052,3.116,451404.8
2025-12-16 11:15:00,3.117,3.159,3.09,3.1,179544.3
2025-12-16 11:30:00,3.102,3.188,2.938,3.006,399392.7
2025-12-16 11:45:00,3.006,3.116,2.96,3.097,340169.9
2025-12-16 12:00:00,3.096,3.174,3.012,3.035,276914.4
2025-12-16 12:15:00,3.035,3.099,2.976,3.0,184795.7
2025-12-16 12:30:00,3.0,3.08,2.949,3.006,230058.6
2025-12-16 12:45:00,3.005,3.021,2.951,2.976,177687.3
2025-12-16 13:00:00,2.976,2.976,2.803,2.827,523649.5
2025-12-16 13:15:00,2.827,2.845,2.707,2.741,607416.8
2025-12-16 13:30:00,2.74,2.975,2.727,2.86,676931.2
2025-12-16 13:45:00,2.86,2.876,2.773,2.845,329977.9
2025-12-16 14:00:00,2.844,2.844,2.622,2.646,544596.6
2025-12-16 14:15:00,2.646,2.68,2.577,2.627,460359.7
2025-12-16 14:30:00,2.627,2.674,2.588,2.648,298031.2
2025-12-16 14:45:00,2.648,2.808,2.643,2.749,423635.7
2025-12-16 15:00:00,2.75,2.782,2.664,2.749,388695.7
2025-12-16 15:15:00,2.748,2.865,2.726,2.862,260500.5
2025-12-16 15:30:00,2.862,2.869,2.749,2.854,244917.4
2025-12-16 15:45:00,2.854,2.982,2.838,2.858,459889.3
2025-12-16 16:00:00,2.858,2.928,2.803,2.821,253453.4
2025-12-16 16:15:00,2.823,2.884,2.753,2.869,259010.9
2025-12-16 16:30:00,2.868,2.97,2.853,2.925,169612.7
2025-12-16 16:45:00,2.925,2.929,2.824,2.825,128164.2
2025-12-16 17:00:00,2.827,2.858,2.798,2.821,107011.0
2025-12-16 17:15:00,2.82,2.939,2.819,2.925,128604.4
2025-12-16 17:30:00,2.925,2.935,2.876,2.877,96831.0
2025-12-16 17:45:00,2.876,2.882,2.822,2.859,91636.9
2025-12-16 18:00:00,2.859,2.889,2.822,2.844,121655.2
2025-12-16 18:15:00,2.843,2.871,2.83,2.834,60331.9
2025-12-16 18:30:00,2.833,2.856,2.806,2.841,81968.9
2025-12-16 18:45:00,2.841,2.875,2.82,2.825,65055.6
2025-12-16 19:00:00,2.825,2.869,2.794,2.802,103161.1
2025-12-16 19:15:00,2.804,2.849,2.757,2.849,151764.9
2025-12-16 19:30:00,2.848,2.848,2.787,2.798,51696.6
2025-12-16 19:45:00,2.798,2.838,2.798,2.818,52819.4
2025-12-16 20:00:00,2.819,2.844,2.777,2.788,49452.0
2025-12-16 20:15:00,2.789,2.831,2.765,2.818,67209.8
2025-12-16 20:30:00,2.817,2.825,2.792,2.809,53402.3
2025-12-16 20:45:00,2.808,2.825,2.795,2.817,33094.1
2025-12-16 21:00:00,2.816,2.841,2.796,2.823,55671.3
2025-12-16 21:15:00,2.824,2.832,2.773,2.83,62546.8
2025-12-16 21:30:00,2.83,2.843,2.815,2.83,45221.9
2025-12-16 21:45:00,2.829,2.84,2.793,2.796,56331.4
2025-12-16 22:00:00,2.796,2.812,2.776,2.795,73527.0
2025-12-16 22:15:00,2.794,2.836,2.79,2.823,42211.5
2025-12-16 22:30:00,2.823,2.834,2.777,2.778,47196.1
2025-12-16 22:45:00,2.777,2.807,2.76,2.786,46741.0
2025-12-16 23:00:00,2.785,2.797,2.687,2.716,223447.6
2025-12-16 23:15:00,2.716,2.764,2.716,2.764,71750.4
2025-12-16 23:30:00,2.762,2.765,2.687,2.755,122317.1
2025-12-16 23:45:00,2.756,3.078,2.745,3.072,428532.4
2025-12-17 00:00:00,3.072,3.106,2.915,2.939,286764.7
2025-12-17 00:15:00,2.94,2.993,2.905,2.963,119989.1
2025-12-17 00:30:00,2.963,2.968,2.868,2.925,101876.8
2025-12-17 00:45:00,2.923,2.967,2.876,2.905,121910.7
2025-12-17 01:00:00,2.904,2.953,2.868,2.884,104171.8
2025-12-17 01:15:00,2.884,2.931,2.874,2.899,63394.6
2025-12-17 01:30:00,2.899,2.903,2.854,2.873,61959.8
2025-12-17 01:45:00,2.874,2.894,2.833,2.855,68992.2
2025-12-17 02:00:00,2.855,2.879,2.767,2.776,139322.4
2025-12-17 02:15:00,2.777,2.787,2.665,2.7,262815.9
2025-12-17 02:30:00,2.7,2.711,2.517,2.554,391872.5
2025-12-17 02:45:00,2.553,2.64,2.507,2.603,350043.0
2025-12-17 03:00:00,2.604,2.636,2.544,2.556,221102.5
2025-12-17 03:15:00,2.555,2.556,2.467,2.473,269711.9
2025-12-17 03:30:00,2.475,2.487,2.39,2.403,591692.7
2025-12-17 03:45:00,2.404,2.436,2.369,2.394,416549.0
2025-12-17 04:00:00,2.393,2.431,2.367,2.406,297178.0
2025-12-17 04:15:00,2.404,2.486,2.389,2.402,367103.0
2025-12-17 04:30:00,2.404,2.424,2.374,2.376,206535.4
2025-12-17 04:45:00,2.376,2.418,2.366,2.383,221052.4
2025-12-17 05:00:00,2.383,2.463,2.347,2.403,499963.8
2025-12-17 05:15:00,2.402,2.453,2.378,2.383,247101.4
2025-12-17 05:30:00,2.385,2.426,2.384,2.397,164412.6
2025-12-17 05:45:00,2.397,2.398,2.312,2.333,565775.3
2025-12-17 06:00:00,2.331,2.332,2.244,2.304,877174.7
2025-12-17 06:15:00,2.305,2.311,2.226,2.255,420360.4
2025-12-17 06:30:00,2.257,2.293,2.243,2.267,298039.4
2025-12-17 06:45:00,2.266,2.266,2.2,2.227,572448.7
2025-12-17 07:00:00,2.227,2.229,2.043,2.075,1800782.2
2025-12-17 07:15:00,2.076,2.089,2.024,2.074,1229436.3
2025-12-17 07:30:00,2.074,2.078,1.958,1.988,1408846.5
2025-12-17 07:45:00,1.988,1.998,1.93,1.953,1202767.7
2025-12-17 08:00:00,1.951,2.211,1.923,2.137,2516203.8
2025-12-17 08:15:00,2.138,2.15,1.933,1.997,2890528.7
2025-12-17 08:30:00,1.997,1.999,1.731,1.801,3472239.9
2025-12-17 08:45:00,1.802,1.877,1.746,1.773,2038722.9
2025-12-17 09:00:00,1.772,1.791,1.652,1.676,2743811.9
2025-12-17 09:15:00,1.676,1.783,1.664,1.695,1928724.6
2025-12-17 09:30:00,1.696,1.717,1.616,1.645,1829581.1
2025-12-17 09:45:00,1.646,1.866,1.633,1.859,2515273.9
2025-12-17 10:00:00,1.86,1.983,1.811,1.927,3383308.9
2025-12-17 10:15:00,1.927,1.946,1.778,1.794,1728929.3
2025-12-17 10:30:00,1.794,2.079,1.785,1.993,2751150.3
2025-12-17 10:45:00,1.991,2.014,1.852,1.876,1545340.1
2025-12-17 11:00:00,1.877,1.985,1.831,1.92,1370884.6
2025-12-17 11:15:00,1.92,1.979,1.876,1.938,794049.1
2025-12-17 11:30:00,1.938,1.978,1.932,1.957,445314.6
2025-12-17 11:45:00,1.956,2.014,1.908,1.983,697505.1
2025-12-17 12:00:00,1.982,2.19,1.968,2.182,1854875.4
2025-12-17 12:15:00,2.181,2.332,2.161,2.29,2144389.0
2025-12-17 12:30:00,2.29,2.416,2.272,2.38,1332965.2
2025-12-17 12:45:00,2.379,2.544,2.302,2.518,2116588.9
2025-12-17 13:00:00,2.518,2.698,2.341,2.587,4153322.6
2025-12-17 13:15:00,2.589,2.734,2.429,2.488,2457023.1
2025-12-17 13:30:00,2.486,2.58,2.359,2.449,2206301.8
2025-12-17 13:45:00,2.448,2.662,2.401,2.643,1558871.2
2025-12-17 14:00:00,2.643,2.717,2.621,2.694,984755.2
2025-12-17 14:15:00,2.693,2.881,2.65,2.783,1391568.5
2025-12-17 14:30:00,2.784,2.794,2.516,2.675,2276733.5
2025-12-17 14:45:00,2.674,2.716,2.359,2.393,1584805.2
2025-12-17 15:00:00,2.394,2.533,2.26,2.524,2192234.6
2025-12-17 15:15:00,2.524,2.606,2.491,2.536,565750.8
2025-12-17 15:30:00,2.536,2.647,2.522,2.618,518958.9
2025-12-17 15:45:00,2.62,2.672,2.581,2.657,444494.0
2025-12-17 16:00:00,2.658,2.802,2.647,2.773,692547.9
2025-12-17 16:15:00,2.774,2.882,2.679,2.815,844131.3
2025-12-17 16:30:00,2.812,2.929,2.768,2.918,625138.6
2025-12-17 16:45:00,2.917,3.068,2.877,3.028,767788.1
2025-12-17 17:00:00,3.027,3.171,2.804,3.137,1725031.8
2025-12-17 17:15:00,3.138,3.174,2.577,2.709,2672278.8
2025-12-17 17:30:00,2.709,2.918,2.69,2.839,888189.2
2025-12-17 17:45:00,2.838,2.939,2.7,2.708,744819.0
2025-12-17 18:00:00,2.708,2.741,2.561,2.613,993812.7
2025-12-17 18:15:00,2.613,2.801,2.551,2.734,829464.6
2025-12-17 18:30:00,2.735,2.744,2.581,2.617,497112.7
2025-12-17 18:45:00,2.617,2.666,2.568,2.587,372746.7
2025-12-17 19:00:00,2.587,2.619,2.532,2.594,445287.4
2025-12-17 19:15:00,2.595,2.667,2.572,2.619,302421.7
2025-12-17 19:30:00,2.619,2.719,2.616,2.715,272693.7
2025-12-17 19:45:00,2.716,2.819,2.686,2.817,242855.2
2025-12-17 20:00:00,2.817,2.935,2.74,2.929,532028.0
2025-12-17 20:15:00,2.928,2.942,2.8,2.892,369342.9
2025-12-17 20:30:00,2.891,2.935,2.827,2.923,225997.3
2025-12-17 20:45:00,2.923,3.003,2.856,2.906,382629.9
2025-12-17 21:00:00,2.906,2.913,2.778,2.828,281611.0
2025-12-17 21:15:00,2.827,2.89,2.762,2.819,222328.5
2025-12-17 21:30:00,2.819,2.875,2.767,2.779,148864.6
2025-12-17 21:45:00,2.779,2.82,2.723,2.731,198008.0
2025-12-17 22:00:00,2.732,2.748,2.673,2.691,188536.5
2025-12-17 22:15:00,2.693,2.699,2.59,2.595,265733.9
2025-12-17 22:30:00,2.594,2.63,2.567,2.626,240908.0
2025-12-17 22:45:00,2.626,2.786,2.625,2.713,236401.7
2025-12-17 23:00:00,2.714,2.795,2.713,2.766,154080.3
2025-12-17 23:15:00,2.766,2.815,2.741,2.808,126100.7
2025-12-17 23:30:00,2.807,2.852,2.806,2.843,142341.1
2025-12-17 23:45:00,2.844,2.884,2.763,2.778,301377.8
2025-12-18 00:00:00,2.78,2.825,2.741,2.817,249780.9
2025-12-18 00:15:00,2.818,2.835,2.744,2.758,131478.3
2025-12-18 00:30:00,2.758,2.767,2.722,2.758,142330.6
2025-12-18 00:45:00,2.758,2.766,2.663,2.704,156955.8
2025-12-18 01:00:00,2.705,2.759,2.704,2.731,104997.9
2025-12-18 01:15:00,2.732,2.9,2.688,2.848,291562.4
2025-12-18 01:30:00,2.847,2.892,2.771,2.859,191357.2
2025-12-18 01:45:00,2.859,2.878,2.812,2.852,115483.3
2025-12-18 02:00:00,2.852,2.901,2.816,2.84,152676.7
2025-12-18 02:15:00,2.839,2.89,2.806,2.873,122421.8
2025-12-18 02:30:00,2.874,2.934,2.873,2.923,215048.1
2025-12-18 02:45:00,2.923,2.968,2.724,2.756,478644.7
2025-12-18 03:00:00,2.755,2.838,2.722,2.8,353386.1
2025-12-18 03:15:00,2.8,2.88,2.761,2.817,244848.9
2025-12-18 03:30:00,2.817,2.853,2.743,2.76,161492.7
2025-12-18 03:45:00,2.761,2.767,2.709,2.717,239472.1
2025-12-18 04:00:00,2.717,2.879,2.629,2.855,537785.2
2025-12-18 04:15:00,2.856,2.929,2.85,2.915,284496.2
2025-12-18 04:30:00,2.914,2.94,2.851,2.893,223051.2
2025-12-18 04:45:00,2.893,3.071,2.87,3.055,419609.8
2025-12-18 05:00:00,3.055,3.056,2.944,2.969,283119.5
2025-12-18 05:15:00,2.969,3.07,2.956,2.988,431195.9
2025-12-18 05:30:00,2.988,3.047,2.986,3.038,192720.6
2025-12-18 05:45:00,3.036,3.041,2.908,2.96,281537.5
2025-12-18 06:00:00,2.96,3.087,2.828,3.038,704140.2
2025-12-18 06:15:00,3.036,3.079,2.979,3.062,420793.0
2025-12-18 06:30:00,3.06,3.232,3.041,3.22,1460083.1
2025-12-18 06:45:00,3.22,3.3,3.13,3.267,1351212.2
2025-12-18 07:00:00,3.269,3.484,3.258,3.452,2569465.5
2025-12-18 07:15:00,3.452,3.532,3.252,3.392,2792174.1
2025-12-18 07:30:00,3.393,3.42,3.136,3.163,2896656.9
2025-12-18 07:45:00,3.161,3.259,3.023,3.2,2596765.3
2025-12-18 08:00:00,3.2,3.255,3.13,3.173,1656272.2
2025-12-18 08:15:00,3.174,3.19,3.02,3.112,1487657.9
2025-12-18 08:30:00,3.114,3.221,3.081,3.188,906848.6
2025-12-18 08:45:00,3.188,3.284,3.085,3.111,1501501.3
2025-12-18 09:00:00,3.11,3.112,2.68,2.936,4393104.8
2025-12-18 09:15:00,2.937,3.059,2.894,3.003,1321079.4
2025-12-18 09:30:00,3.005,3.225,2.943,3.176,1935292.8
2025-12-18 09:45:00,3.175,3.259,3.098,3.245,1291363.8
2025-12-18 10:00:00,3.245,3.272,3.136,3.161,1207829.2
2025-12-18 10:15:00,3.159,3.367,3.15,3.322,1538055.0
2025-12-18 10:30:00,3.322,3.425,3.282,3.302,1696432.3
2025-12-18 10:45:00,3.302,3.41,3.252,3.345,1252155.1
2025-12-18 11:00:00,3.345,3.388,3.181,3.287,1639564.3
2025-12-18 11:15:00,3.288,3.325,3.167,3.207,1211599.3
2025-12-18 11:30:00,3.209,3.3,3.184,3.274,949295.1
2025-12-18 11:45:00,3.274,3.275,3.186,3.21,755915.7
2025-12-18 12:00:00,3.21,3.23,3.016,3.102,1637623.1
2025-12-18 12:15:00,3.103,3.128,2.984,3.061,1018754.8
2025-12-18 12:30:00,3.061,3.119,2.943,2.97,1103867.7
2025-12-18 12:45:00,2.969,2.994,2.854,2.87,1285202.9
2025-12-18 13:00:00,2.869,3.044,2.796,2.923,2079883.1
2025-12-18 13:15:00,2.924,2.975,2.872,2.951,857828.8
2025-12-18 13:30:00,2.952,3.044,2.904,3.005,865362.1
2025-12-18 13:45:00,3.002,3.053,2.969,3.032,608665.4
2025-12-18 14:00:00,3.032,3.06,2.978,3.051,544833.4
2025-12-18 14:15:00,3.049,3.099,2.922,2.962,761643.0
2025-12-18 14:30:00,2.96,2.986,2.925,2.966,442459.8
2025-12-18 14:45:00,2.966,2.971,2.903,2.911,370660.5
2025-12-18 15:00:00,2.913,2.933,2.851,2.921,563106.1
2025-12-18 15:15:00,2.921,3.015,2.872,2.901,712831.1
2025-12-18 15:30:00,2.9,2.959,2.873,2.911,305227.8
2025-12-18 15:45:00,2.911,2.945,2.882,2.928,197749.3
2025-12-18 16:00:00,2.927,2.947,2.894,2.911,189177.3
2025-12-18 16:15:00,2.913,2.94,2.829,2.858,517270.3
2025-12-18 16:30:00,2.858,2.954,2.844,2.95,237801.4
2025-12-18 16:45:00,2.95,3.012,2.921,2.991,308478.5
2025-12-18 17:00:00,2.989,3.032,2.943,2.965,348922.7
2025-12-18 17:15:00,2.966,3.0,2.877,2.995,372597.3
2025-12-18 17:30:00,2.996,3.097,2.974,3.036,413012.4
2025-12-18 17:45:00,3.038,3.091,3.013,3.083,283343.6
2025-12-18 18:00:00,3.084,3.334,3.073,3.174,1247082.3
2025-12-18 18:15:00,3.174,3.246,3.172,3.246,398432.2
2025-12-18 18:30:00,3.244,3.289,3.207,3.266,291693.5
2025-12-18 18:45:00,3.266,3.304,3.234,3.269,330625.4
2025-12-18 19:00:00,3.269,3.317,3.242,3.263,365836.6
2025-12-18 19:15:00,3.263,3.271,3.15,3.262,463532.2
2025-12-18 19:30:00,3.263,3.313,3.213,3.252,360593.5
2025-12-18 19:45:00,3.254,3.295,3.205,3.282,261082.9
2025-12-18 20:00:00,3.281,3.305,3.2,3.235,232602.9
2025-12-18 20:15:00,3.236,3.34,3.233,3.281,339471.0
2025-12-18 20:30:00,3.281,3.328,3.265,3.304,181786.2
2025-12-18 20:45:00,3.307,3.445,3.294,3.415,399942.2
2025-12-18 21:00:00,3.415,3.488,3.366,3.422,664250.2
2025-12-18 21:15:00,3.423,3.48,3.388,3.407,382224.4
2025-12-18 21:30:00,3.405,3.443,3.268,3.302,587472.7
2025-12-18 21:45:00,3.301,3.349,3.262,3.345,355546.3
2025-12-18 22:00:00,3.345,3.365,3.264,3.317,353542.3
2025-12-18 22:15:00,3.317,3.318,3.22,3.228,332167.6
2025-12-18 22:30:00,3.227,3.323,3.225,3.312,260329.5
2025-12-18 22:45:00,3.312,3.444,3.31,3.413,563192.7
2025-12-18 23:00:00,3.412,3.458,3.361,3.39,391204.3
2025-12-18 23:15:00,3.391,3.437,3.363,3.374,279480.2
2025-12-18 23:30:00,3.374,3.391,3.273,3.314,397618.5
2025-12-18 23:45:00,3.313,3.438,3.307,3.428,438295.4
2025-12-19 00:00:00,3.426,3.497,3.375,3.454,550404.1
2025-12-19 00:15:00,3.454,3.579,3.434,3.495,844285.4
2025-12-19 00:30:00,3.497,3.517,3.355,3.426,598887.2
2025-12-19 00:45:00,3.425,3.632,3.405,3.615,938582.4
2025-12-19 01:00:00,3.613,3.664,3.525,3.635,937067.7
2025-12-19 01:15:00,3.634,3.667,3.504,3.525,820646.9
2025-12-19 01:30:00,3.525,3.599,3.458,3.578,670594.5
2025-12-19 01:45:00,3.577,3.606,3.414,3.449,665639.8
2025-12-19 02:00:00,3.45,3.459,3.27,3.303,814833.0
2025-12-19 02:15:00,3.305,3.522,3.246,3.489,1003304.4
2025-12-19 02:30:00,3.489,3.499,3.356,3.387,536830.2
2025-12-19 02:45:00,3.386,3.428,3.343,3.416,320930.5
2025-12-19 03:00:00,3.415,3.442,3.334,3.377,386568.8
2025-12-19 03:15:00,3.377,3.5,3.309,3.483,442378.1
2025-12-19 03:30:00,3.483,3.495,3.374,3.406,340385.1
2025-12-19 03:45:00,3.406,3.47,3.385,3.397,271087.2
2025-12-19 04:00:00,3.397,3.472,3.353,3.452,290955.9
2025-12-19 04:15:00,3.452,3.493,3.369,3.403,314499.6
2025-12-19 04:30:00,3.405,3.427,3.329,3.376,236813.1
2025-12-19 04:45:00,3.376,3.391,3.307,3.309,261559.5
2025-12-19 05:00:00,3.31,3.406,3.3,3.365,286372.0
2025-12-19 05:15:00,3.365,3.459,3.361,3.44,290132.0
2025-12-19 05:30:00,3.44,3.488,3.358,3.368,376401.2
2025-12-19 05:45:00,3.369,3.448,3.362,3.442,182152.2
2025-12-19 06:00:00,3.443,3.5,3.423,3.43,311494.2
2025-12-19 06:15:00,3.431,3.454,3.373,3.422,208995.6
2025-12-19 06:30:00,3.422,3.468,3.387,3.429,149748.1
2025-12-19 06:45:00,3.429,3.47,3.371,3.417,189952.2
2025-12-19 07:00:00,3.417,3.459,3.379,3.434,227783.7
2025-12-19 07:15:00,3.434,3.435,3.331,3.377,184602.9
2025-12-19 07:30:00,3.378,3.39,3.345,3.374,115346.7
2025-12-19 07:45:00,3.374,3.4,3.317,3.345,155147.5
2025-12-19 08:00:00,3.345,3.385,3.343,3.368,109659.5
2025-12-19 08:15:00,3.368,3.372,3.287,3.309,189493.1
2025-12-19 08:30:00,3.309,3.409,3.261,3.37,384586.1
2025-12-19 08:45:00,3.368,3.381,3.306,3.351,198006.3
2025-12-19 09:00:00,3.351,3.393,3.309,3.324,229675.2
2025-12-19 09:15:00,3.323,3.348,3.253,3.262,305380.6
2025-12-19 09:30:00,3.262,3.273,3.151,3.257,730751.3
2025-12-19 09:45:00,3.257,3.281,3.191,3.231,200773.0
2025-12-19 10:00:00,3.231,3.246,3.161,3.201,217715.6
2025-12-19 10:15:00,3.2,3.244,3.187,3.205,180241.3
2025-12-19 10:30:00,3.205,3.223,3.116,3.184,324888.6
2025-12-19 10:45:00,3.184,3.209,3.148,3.156,171270.3
2025-12-19 11:00:00,3.155,3.213,3.149,3.187,205155.0
2025-12-19 11:15:00,3.186,3.265,3.153,3.226,206551.2
2025-12-19 11:30:00,3.225,3.239,3.186,3.219,123790.9
2025-12-19 11:45:00,3.219,3.235,3.122,3.152,219771.0
2025-12-19 12:00:00,3.153,3.177,3.071,3.127,276269.5
2025-12-19 12:15:00,3.127,3.175,3.114,3.122,174596.4
2025-12-19 12:30:00,3.122,3.209,3.104,3.192,214694.0
2025-12-19 12:45:00,3.191,3.275,3.188,3.202,175991.9
2025-12-19 13:00:00,3.203,3.264,3.169,3.237,152726.9
2025-12-19 13:15:00,3.237,3.246,3.166,3.194,84562.4
2025-12-19 13:30:00,3.194,3.259,3.187,3.219,128418.5
2025-12-19 13:45:00,3.219,3.226,3.185,3.208,53592.5
2025-12-19 14:00:00,3.208,3.254,3.202,3.239,81711.3
2025-12-19 14:15:00,3.239,3.392,3.232,3.385,282524.3
2025-12-19 14:30:00,3.385,3.43,3.35,3.414,314917.9
2025-12-19 14:45:00,3.414,3.576,3.381,3.541,590620.5
2025-12-19 15:00:00,3.541,3.745,3.529,3.566,1056498.8
2025-12-19 15:15:00,3.566,3.612,3.359,3.371,836057.0
2025-12-19 15:30:00,3.37,3.455,3.331,3.418,412377.0
2025-12-19 15:45:00,3.418,3.507,3.361,3.447,365796.4
2025-12-19 16:00:00,3.446,3.467,3.417,3.434,188774.3
2025-12-19 16:15:00,3.434,3.527,3.416,3.521,215691.8
2025-12-19 16:30:00,3.52,3.63,3.499,3.602,380375.4
2025-12-19 16:45:00,3.603,3.688,3.575,3.676,604345.6
2025-12-19 17:00:00,3.676,3.695,3.562,3.607,359556.2
2025-12-19 17:15:00,3.607,3.75,3.6,3.721,387398.2
2025-12-19 17:30:00,3.722,3.799,3.659,3.764,412737.9
2025-12-19 17:45:00,3.764,3.87,3.731,3.838,552643.1
2025-12-19 18:00:00,3.839,3.95,3.815,3.926,515713.8
2025-12-19 18:15:00,3.928,4.059,3.913,3.999,956406.1
2025-12-19 18:30:00,4.0,4.027,3.925,3.99,555839.0
2025-12-19 18:45:00,3.992,4.0,3.703,3.754,978712.3
2025-12-19 19:00:00,3.754,3.809,3.538,3.612,613234.4
2025-12-19 19:15:00,3.614,3.833,3.555,3.803,462171.8
2025-12-19 19:30:00,3.803,3.819,3.713,3.768,201950.5
2025-12-19 19:45:00,3.768,3.77,3.673,3.682,145595.2
2025-12-19 20:00:00,3.683,3.75,3.68,3.703,109318.2
2025-12-19 20:15:00,3.703,3.711,3.635,3.637,103684.1
2025-12-19 20:30:00,3.638,3.67,3.613,3.636,93768.7
2025-12-19 20:45:00,3.634,3.658,3.614,3.629,67956.1
2025-12-19 21:00:00,3.63,3.713,3.627,3.669,125664.7
2025-12-19 21:15:00,3.668,3.714,3.602,3.606,95585.8
2025-12-19 21:30:00,3.606,3.622,3.566,3.588,93132.3
2025-12-19 21:45:00,3.588,3.612,3.574,3.589,45435.3
2025-12-19 22:00:00,3.589,3.692,3.583,3.683,99458.5
2025-12-19 22:15:00,3.684,3.767,3.67,3.684,148355.3
2025-12-19 22:30:00,3.685,3.727,3.639,3.706,118396.8
2025-12-19 22:45:00,3.707,3.711,3.629,3.671,72013.6
2025-12-19 23:00:00,3.671,3.705,3.645,3.699,58855.6
2025-12-19 23:15:00,3.699,3.799,3.694,3.75,143882.3
2025-12-19 23:30:00,3.75,3.77,3.682,3.689,107268.4
2025-12-19 23:45:00,3.688,3.733,3.67,3.711,58030.2
2025-12-20 00:00:00,3.71,3.751,3.638,3.74,106748.2
2025-12-20 00:15:00,3.741,3.818,3.713,3.773,159919.8
2025-12-20 00:30:00,3.772,3.868,3.755,3.809,131748.5
2025-12-20 00:45:00,3.809,3.859,3.741,3.79,119854.8
2025-12-20 01:00:00,3.79,3.808,3.731,3.755,80041.9
2025-12-20 01:15:00,3.755,3.758,3.65,3.67,104112.8
2025-12-20 01:30:00,3.67,3.713,3.639,3.669,82427.9
2025-12-20 01:45:00,3.67,3.685,3.625,3.64,52073.5
2025-12-20 02:00:00,3.641,3.651,3.557,3.615,145210.4
2025-12-20 02:15:00,3.616,3.688,3.569,3.591,114489.0
2025-12-20 02:30:00,3.592,3.631,3.564,3.587,75582.3
2025-12-20 02:45:00,3.587,3.592,3.53,3.539,104120.8
2025-12-20 03:00:00,3.54,3.592,3.536,3.561,59034.4
2025-12-20 03:15:00,3.562,3.587,3.547,3.574,54944.9
2025-12-20 03:30:00,3.575,3.576,3.512,3.525,79356.0
2025-12-20 03:45:00,3.525,3.535,3.466,3.503,105678.8
2025-12-20 04:00:00,3.503,3.512,3.474,3.495,71540.0
2025-12-20 04:15:00,3.495,3.604,3.492,3.526,136677.7
2025-12-20 04:30:00,3.526,3.585,3.504,3.566,67553.2
2025-12-20 04:45:00,3.566,3.601,3.561,3.573,45297.3
2025-12-20 05:00:00,3.573,3.639,3.542,3.606,88100.9
2025-12-20 05:15:00,3.606,3.63,3.552,3.569,75786.4
2025-12-20 05:30:00,3.568,3.589,3.509,3.522,57751.1
2025-12-20 05:45:00,3.526,3.555,3.467,3.534,125583.4
2025-12-20 06:00:00,3.534,3.585,3.526,3.559,62119.2
2025-12-20 06:15:00,3.559,3.626,3.54,3.607,47307.8
2025-12-20 06:30:00,3.607,3.672,3.605,3.648,80442.2
2025-12-20 06:45:00,3.649,3.696,3.635,3.677,82872.4
2025-12-20 07:00:00,3.677,3.704,3.655,3.686,59169.4
2025-12-20 07:15:00,3.686,3.7,3.657,3.66,66338.7
2025-12-20 07:30:00,3.66,3.691,3.64,3.678,72035.9
2025-12-20 07:45:00,3.678,3.701,3.64,3.667,51361.1
2025-12-20 08:00:00,3.668,3.678,3.643,3.653,48400.2
2025-12-20 08:15:00,3.652,3.732,3.617,3.673,127857.8
2025-12-20 08:30:00,3.672,3.717,3.663,3.695,59760.2
2025-12-20 08:45:00,3.695,3.788,3.68,3.763,108708.6
2025-12-20 09:00:00,3.763,3.82,3.728,3.793,186030.3
2025-12-20 09:15:00,3.794,3.931,3.789,3.92,224442.1
2025-12-20 09:30:00,3.921,3.972,3.886,3.952,277405.2
2025-12-20 09:45:00,3.953,4.009,3.918,3.932,355436.9
2025-12-20 10:00:00,3.931,3.98,3.851,3.954,350748.9
2025-12-20 10:15:00,3.953,4.015,3.872,3.881,253759.0
2025-12-20 10:30:00,3.88,4.095,3.858,4.06,477673.0
2025-12-20 10:45:00,4.061,4.095,3.986,4.025,289965.6
2025-12-20 11:00:00,4.023,4.072,3.964,4.007,236411.3
2025-12-20 11:15:00,4.009,4.093,3.957,4.075,212003.0
2025-12-20 11:30:00,4.077,4.187,4.074,4.148,385214.4
2025-12-20 11:45:00,4.148,4.258,4.138,4.248,410573.4
2025-12-20 12:00:00,4.249,4.279,4.136,4.151,530823.3
2025-12-20 12:15:00,4.151,4.348,4.077,4.313,641261.1
2025-12-20 12:30:00,4.313,4.379,4.273,4.351,558745.2
2025-12-20 12:45:00,4.351,4.378,4.272,4.303,293780.1
2025-12-20 13:00:00,4.304,4.406,4.232,4.25,355195.2
2025-12-20 13:15:00,4.248,4.359,4.181,4.352,488095.7
2025-12-20 13:30:00,4.351,4.444,4.345,4.4,441736.6
2025-12-20 13:45:00,4.401,4.468,4.352,4.445,335204.6
2025-12-20 14:00:00,4.445,4.496,4.36,4.408,488450.4
2025-12-20 14:15:00,4.408,4.471,4.305,4.45,449594.6
2025-12-20 14:30:00,4.449,4.597,4.442,4.558,687966.7
2025-12-20 14:45:00,4.559,4.628,4.415,4.626,748813.2
2025-12-20 15:00:00,4.626,4.677,4.55,4.595,618318.9
2025-12-20 15:15:00,4.593,4.688,4.342,4.361,927705.4
2025-12-20 15:30:00,4.362,4.59,4.282,4.572,866613.8
2025-12-20 15:45:00,4.571,4.8,4.46,4.712,920622.3
2025-12-20 16:00:00,4.711,4.715,4.074,4.282,2373068.6
2025-12-20 16:15:00,4.282,4.438,4.174,4.385,770054.9
2025-12-20 16:30:00,4.386,4.392,4.244,4.307,345874.8
2025-12-20 16:45:00,4.306,4.314,4.131,4.228,477332.5
2025-12-20 17:00:00,4.228,4.268,4.169,4.201,230431.9
2025-12-20 17:15:00,4.202,4.251,4.134,4.18,402297.5
2025-12-20 17:30:00,4.18,4.307,4.15,4.276,277309.2
2025-12-20 17:45:00,4.277,4.389,4.273,4.319,243430.1
2025-12-20 18:00:00,4.318,4.373,4.285,4.331,134964.7
2025-12-20 18:15:00,4.331,4.394,4.313,4.37,91901.3
2025-12-20 18:30:00,4.369,4.379,4.245,4.256,117768.5
2025-12-20 18:45:00,4.255,4.325,4.225,4.307,120122.5
2025-12-20 19:00:00,4.307,4.307,4.195,4.255,101319.1
2025-12-20 19:15:00,4.256,4.291,4.223,4.273,55202.6
2025-12-20 19:30:00,4.271,4.316,4.25,4.263,63613.1
2025-12-20 19:45:00,4.261,4.35,4.22,4.306,120597.8
2025-12-20 20:00:00,4.305,4.386,4.19,4.248,194828.9
2025-12-20 20:15:00,4.248,4.251,4.158,4.205,110527.7
2025-12-20 20:30:00,4.206,4.248,4.193,4.231,75180.0
2025-12-20 20:45:00,4.229,4.25,4.187,4.198,54921.4
2025-12-20 21:00:00,4.198,4.247,4.14,4.221,125552.7
2025-12-20 21:15:00,4.221,4.279,4.192,4.211,85387.1
2025-12-20 21:30:00,4.211,4.228,4.157,4.163,54918.1
2025-12-20 21:45:00,4.163,4.22,4.163,4.199,38619.6
2025-12-20 22:00:00,4.199,4.273,4.181,4.218,84654.5
2025-12-20 22:15:00,4.219,4.247,4.169,4.193,49123.7
2025-12-20 22:30:00,4.192,4.194,4.117,4.154,122751.8
2025-12-20 22:45:00,4.154,4.208,4.117,4.206,50596.2
2025-12-20 23:00:00,4.206,4.266,4.167,4.216,87686.7
2025-12-20 23:15:00,4.218,4.218,4.165,4.187,32691.9
2025-12-20 23:30:00,4.188,4.194,4.137,4.154,52452.2
2025-12-20 23:45:00,4.154,4.244,4.126,4.133,128689.2
2025-12-21 00:00:00,4.132,4.197,4.081,4.194,157893.6
2025-12-21 00:15:00,4.194,4.213,4.133,4.148,72227.2
2025-12-21 00:30:00,4.148,4.181,4.107,4.118,52746.3
2025-12-21 00:45:00,4.117,4.144,4.102,4.105,39988.1
2025-12-21 01:00:00,4.105,4.15,4.086,4.086,68714.1
2025-12-21 01:15:00,4.086,4.115,4.056,4.105,75334.7
2025-12-21 01:30:00,4.106,4.175,4.087,4.091,102952.6
2025-12-21 01:45:00,4.091,4.186,4.083,4.159,106146.3
2025-12-21 02:00:00,4.16,4.188,4.118,4.143,57644.3
2025-12-21 02:15:00,4.144,4.202,4.137,4.173,73766.8
2025-12-21 02:30:00,4.173,4.245,4.171,4.187,116697.7
2025-12-21 02:45:00,4.188,4.213,4.112,4.159,111924.5
2025-12-21 03:00:00,4.16,4.232,4.153,4.213,89149.0
2025-12-21 03:15:00,4.212,4.271,4.199,4.259,84165.8
2025-12-21 03:30:00,4.26,4.339,4.191,4.218,167433.2
2025-12-21 03:45:00,4.216,4.248,4.193,4.223,52086.2
2025-12-21 04:00:00,4.224,4.226,4.123,4.197,130019.2
2025-12-21 04:15:00,4.198,4.222,4.103,4.124,135579.7
2025-12-21 04:30:00,4.124,4.129,3.959,4.022,391303.2
2025-12-21 04:45:00,4.023,4.084,3.981,4.018,153150.8
2025-12-21 05:00:00,4.02,4.039,3.941,3.978,148766.3
2025-12-21 05:15:00,3.977,4.089,3.971,4.048,99924.4
2025-12-21 05:30:00,4.048,4.048,3.95,3.991,106502.8
2025-12-21 05:45:00,3.992,4.085,3.89,4.07,311034.3
2025-12-21 06:00:00,4.07,4.108,4.006,4.048,135390.9
2025-12-21 06:15:00,4.048,4.139,4.004,4.027,172286.1
2025-12-21 06:30:00,4.026,4.058,4.003,4.011,79830.5
2025-12-21 06:45:00,4.012,4.039,3.979,4.014,124268.3
2025-12-21 07:00:00,4.015,4.074,3.992,4.057,84084.0
2025-12-21 07:15:00,4.057,4.172,4.047,4.117,158738.0
2025-12-21 07:30:00,4.117,4.186,4.095,4.115,149140.5
2025-12-21 07:45:00,4.117,4.126,4.032,4.055,92056.6
2025-12-21 08:00:00,4.054,4.088,4.016,4.054,83399.7
2025-12-21 08:15:00,4.053,4.087,4.034,4.04,65582.6
2025-12-21 08:30:00,4.04,4.069,4.026,4.057,40783.3
2025-12-21 08:45:00,4.057,4.172,4.038,4.151,143849.2
2025-12-21 09:00:00,4.151,4.179,4.05,4.1,130989.5
2025-12-21 09:15:00,4.099,4.109,4.058,4.098,48743.7
2025-12-21 09:30:00,4.095,4.154,4.061,4.067,67396.4
2025-12-21 09:45:00,4.067,4.115,4.025,4.096,91807.3
2025-12-21 10:00:00,4.097,4.128,4.065,4.119,84685.5
2025-12-21 10:15:00,4.12,4.156,4.088,4.098,84242.1
2025-12-21 10:30:00,4.099,4.114,4.059,4.06,73338.2
2025-12-21 10:45:00,4.061,4.079,4.003,4.012,77536.4
2025-12-21 11:00:00,4.013,4.077,3.983,4.07,119035.7
2025-12-21 11:15:00,4.07,4.127,4.066,4.115,108539.1
2025-12-21 11:30:00,4.115,4.143,4.028,4.141,123214.8
2025-12-21 11:45:00,4.139,4.148,4.081,4.127,72431.5
2025-12-21 12:00:00,4.126,4.15,4.035,4.046,60123.8
2025-12-21 12:15:00,4.045,4.092,4.014,4.071,110955.8
2025-12-21 12:30:00,4.072,4.121,4.038,4.115,58991.0
2025-12-21 12:45:00,4.115,4.139,4.067,4.091,71889.8
2025-12-21 13:00:00,4.092,4.199,4.069,4.179,124055.9
2025-12-21 13:15:00,4.178,4.227,4.103,4.106,164945.1
2025-12-21 13:30:00,4.106,4.197,4.069,4.11,149229.8
2025-12-21 13:45:00,4.109,4.16,4.067,4.104,106801.4
2025-12-21 14:00:00,4.103,4.119,3.951,3.971,141150.4
2025-12-21 14:15:00,3.97,4.177,3.968,4.164,147322.0
2025-12-21 14:30:00,4.163,4.217,4.128,4.203,115226.6
2025-12-21 14:45:00,4.202,4.204,4.119,4.193,96584.3
2025-12-21 15:00:00,4.193,4.443,4.087,4.438,342357.3
2025-12-21 15:15:00,4.437,4.48,4.326,4.463,216134.4
2025-12-21 15:30:00,4.464,4.584,4.408,4.549,228709.7
2025-12-21 15:45:00,4.552,4.617,4.522,4.601,201031.2
2025-12-21 16:00:00,4.6,4.74,4.577,4.683,325030.4
2025-12-21 16:15:00,4.682,4.925,4.486,4.891,537953.7
2025-12-21 16:30:00,4.891,4.917,4.407,4.632,635533.1
2025-12-21 16:45:00,4.631,4.668,4.516,4.548,233217.0
2025-12-21 17:00:00,4.548,4.611,4.529,4.586,113381.6
2025-12-21 17:15:00,4.585,4.646,4.54,4.587,95512.9
2025-12-21 17:30:00,4.587,4.6,4.41,4.492,195378.7
2025-12-21 17:45:00,4.492,4.533,4.422,4.513,114756.9
2025-12-21 18:00:00,4.512,4.525,4.436,4.458,93580.3
2025-12-21 18:15:00,4.458,4.466,4.33,4.44,124303.2
2025-12-21 18:30:00,4.439,4.503,4.401,4.466,80890.3
2025-12-21 18:45:00,4.467,4.529,4.424,4.516,56229.9
2025-12-21 19:00:00,4.514,4.533,4.427,4.442,91400.6
2025-12-21 19:15:00,4.441,4.512,4.406,4.473,83851.3
2025-12-21 19:30:00,4.473,4.529,4.453,4.481,59195.0
2025-12-21 19:45:00,4.48,4.576,4.465,4.541,60286.7
2025-12-21 20:00:00,4.542,4.56,4.485,4.554,50987.0
2025-12-21 20:15:00,4.554,4.649,4.469,4.639,147853.7
2025-12-21 20:30:00,4.639,4.669,4.526,4.597,120135.8
2025-12-21 20:45:00,4.598,4.688,4.535,4.665,103637.9
2025-12-21 21:00:00,4.665,4.667,4.465,4.47,147850.2
2025-12-21 21:15:00,4.468,4.54,4.405,4.426,95491.3
2025-12-21 21:30:00,4.424,4.514,4.273,4.394,182792.9
2025-12-21 21:45:00,4.394,4.481,4.363,4.406,102757.2
2025-12-21 22:00:00,4.405,4.469,4.288,4.311,116219.0
2025-12-21 22:15:00,4.312,4.43,4.312,4.41,106954.7
2025-12-21 22:30:00,4.41,4.531,4.41,4.508,61722.1
2025-12-21 22:45:00,4.51,4.574,4.386,4.408,73773.4
2025-12-21 23:00:00,4.408,4.6,4.408,4.569,107635.5
2025-12-21 23:15:00,4.568,4.569,4.457,4.461,61815.0
2025-12-21 23:30:00,4.461,4.561,4.445,4.532,82249.6
2025-12-21 23:45:00,4.531,4.567,4.472,4.515,73256.5
2025-12-22 00:00:00,4.513,4.571,4.485,4.515,71749.1
2025-12-22 00:15:00,4.516,4.693,4.51,4.632,108247.0
2025-12-22 00:30:00,4.632,4.707,4.606,4.635,120724.1
2025-12-22 00:45:00,4.636,4.699,4.601,4.68,55496.4
2025-12-22 01:00:00,4.681,4.74,4.664,4.734,110235.7
2025-12-22 01:15:00,4.732,4.793,4.701,4.772,108512.0
2025-12-22 01:30:00,4.773,4.872,4.73,4.86,156245.2
2025-12-22 01:45:00,4.86,4.899,4.82,4.881,146150.6
2025-12-22 02:00:00,4.881,5.023,4.846,4.997,275500.9
2025-12-22 02:15:00,4.996,5.1,4.96,5.049,165731.5
2025-12-22 02:30:00,5.05,5.168,5.009,5.115,177684.4
2025-12-22 02:45:00,5.115,5.247,5.079,5.192,270711.9
2025-12-22 03:00:00,5.193,5.268,5.03,5.146,400662.3
2025-12-22 03:15:00,5.147,5.383,5.131,5.339,267220.1
2025-12-22 03:30:00,5.337,5.448,5.282,5.415,274319.8
2025-12-22 03:45:00,5.415,5.517,5.315,5.5,310694.8
2025-12-22 04:00:00,5.499,5.563,5.343,5.457,399705.3
2025-12-22 04:15:00,5.457,5.669,5.366,5.603,503978.0
2025-12-22 04:30:00,5.603,5.74,5.565,5.705,460966.0
2025-12-22 04:45:00,5.705,5.77,5.582,5.588,448403.3
2025-12-22 05:00:00,5.587,5.764,5.316,5.734,1027595.0
2025-12-22 05:15:00,5.733,5.799,5.577,5.607,553747.1
2025-12-22 05:30:00,5.607,5.675,5.4,5.611,751901.6
2025-12-22 05:45:00,5.611,5.844,5.536,5.706,657748.7
2025-12-22 06:00:00,5.708,5.764,5.533,5.585,480364.6
2025-12-22 06:15:00,5.587,5.683,5.464,5.472,364713.2
2025-12-22 06:30:00,5.475,5.556,5.332,5.344,556930.2
2025-12-22 06:45:00,5.344,5.707,5.328,5.665,626480.0
2025-12-22 07:00:00,5.667,5.737,5.589,5.647,543227.1
2025-12-22 07:15:00,5.647,5.727,5.604,5.656,296662.7
2025-12-22 07:30:00,5.651,5.795,5.611,5.741,477928.0
2025-12-22 07:45:00,5.741,5.797,5.571,5.612,444525.0
2025-12-22 08:00:00,5.609,5.735,5.452,5.685,712693.2
2025-12-22 08:15:00,5.686,5.703,5.356,5.396,675834.4
2025-12-22 08:30:00,5.398,5.457,5.036,5.092,1239862.8
2025-12-22 08:45:00,5.092,5.5,5.068,5.288,1099752.6
2025-12-22 09:00:00,5.288,5.44,5.223,5.375,567895.1
2025-12-22 09:15:00,5.375,5.498,5.375,5.469,377170.1
2025-12-22 09:30:00,5.467,5.63,5.428,5.455,835308.2
2025-12-22 09:45:00,5.454,5.539,5.331,5.471,401292.6
2025-12-22 10:00:00,5.471,5.482,5.33,5.335,320215.5
2025-12-22 10:15:00,5.338,5.533,5.322,5.503,343047.9
2025-12-22 10:30:00,5.501,5.687,5.494,5.566,654757.8
2025-12-22 10:45:00,5.565,5.657,5.512,5.618,346231.1
2025-12-22 11:00:00,5.618,5.67,5.5,5.54,334721.6
2025-12-22 11:15:00,5.54,5.607,5.435,5.49,324378.7
2025-12-22 11:30:00,5.489,5.577,5.405,5.423,261219.6
2025-12-22 11:45:00,5.424,5.516,5.423,5.464,192599.1
2025-12-22 12:00:00,5.463,5.6,5.427,5.575,274993.3
2025-12-22 12:15:00,5.575,5.629,5.481,5.57,291526.8
2025-12-22 12:30:00,5.571,5.573,5.367,5.415,337800.8
2025-12-22 12:45:00,5.415,5.484,5.268,5.44,421726.3
2025-12-22 13:00:00,5.44,5.534,5.42,5.481,273708.6
2025-12-22 13:15:00,5.482,5.682,5.445,5.647,465500.8
2025-12-22 13:30:00,5.646,5.758,5.546,5.563,518313.3
2025-12-22 13:45:00,5.562,5.668,5.51,5.538,255417.9
2025-12-22 14:00:00,5.538,5.589,5.437,5.465,309064.3
2025-12-22 14:15:00,5.467,5.491,5.373,5.457,323830.3
2025-12-22 14:30:00,5.458,5.479,5.335,5.356,321423.4
2025-12-22 14:45:00,5.356,5.516,5.154,5.426,873301.8
2025-12-22 15:00:00,5.425,5.441,5.202,5.266,467994.1
2025-12-22 15:15:00,5.265,5.441,5.253,5.403,301050.6
2025-12-22 15:30:00,5.403,5.557,5.371,5.495,299529.4
2025-12-22 15:45:00,5.494,5.635,5.493,5.592,287009.5
2025-12-22 16:00:00,5.592,5.645,5.489,5.599,309214.7
2025-12-22 16:15:00,5.596,5.699,5.531,5.559,266610.0
2025-12-22 16:30:00,5.557,5.629,5.508,5.546,162305.4
2025-12-22 16:45:00,5.545,5.625,5.464,5.564,172057.3
2025-12-22 17:00:00,5.564,5.73,5.515,5.634,387090.3
2025-12-22 17:15:00,5.635,5.703,5.571,5.595,251600.8
2025-12-22 17:30:00,5.595,5.649,5.545,5.57,179904.6
2025-12-22 17:45:00,5.57,5.69,5.557,5.59,191355.9
2025-12-22 18:00:00,5.591,5.593,5.47,5.504,221898.0
2025-12-22 18:15:00,5.506,5.567,5.422,5.474,201009.2
2025-12-22 18:30:00,5.474,5.522,5.398,5.408,211213.9
2025-12-22 18:45:00,5.408,5.428,5.328,5.349,192243.7
2025-12-22 19:00:00,5.348,5.45,5.288,5.387,279498.1
2025-12-22 19:15:00,5.387,5.495,5.384,5.459,171277.7
2025-12-22 19:30:00,5.458,5.511,5.439,5.466,139977.1
2025-12-22 19:45:00,5.465,5.583,5.4,5.532,155861.9
2025-12-22 20:00:00,5.532,5.553,5.482,5.536,126791.7
2025-12-22 20:15:00,5.535,5.646,5.519,5.603,200686.8
2025-12-22 20:30:00,5.603,5.626,5.557,5.582,136297.3
2025-12-22 20:45:00,5.583,5.655,5.567,5.614,94031.6
2025-12-22 21:00:00,5.615,5.75,5.587,5.607,332310.5
2025-12-22 21:15:00,5.607,5.614,5.486,5.512,225340.3
2025-12-22 21:30:00,5.512,5.563,5.48,5.524,121682.0
2025-12-22 21:45:00,5.524,5.539,5.483,5.513,85336.5
2025-12-22 22:00:00,5.513,5.695,5.51,5.649,172640.4
2025-12-22 22:15:00,5.649,5.787,5.602,5.641,326311.0
2025-12-22 22:30:00,5.641,5.719,5.61,5.701,160032.1
2025-12-22 22:45:00,5.701,5.869,5.692,5.722,476955.4
2025-12-22 23:00:00,5.722,5.738,5.548,5.603,308284.4
2025-12-22 23:15:00,5.602,5.64,5.548,5.618,166851.2
2025-12-22 23:30:00,5.618,5.704,5.582,5.698,205188.8
2025-12-22 23:45:00,5.697,5.7,5.467,5.523,282141.7
2025-12-23 00:00:00,5.522,5.568,5.403,5.532,286346.7
2025-12-23 00:15:00,5.533,5.551,5.436,5.461,123948.0
2025-12-23 00:30:00,5.464,5.535,5.37,5.385,158712.8
2025-12-23 00:45:00,5.385,5.491,5.353,5.402,222125.5
2025-12-23 01:00:00,5.403,5.423,5.328,5.415,161043.3
2025-12-23 01:15:00,5.414,5.447,5.34,5.378,121370.3
2025-12-23 01:30:00,5.378,5.444,5.313,5.326,134968.9
2025-12-23 01:45:00,5.325,5.438,5.321,5.358,148909.0
2025-12-23 02:00:00,5.358,5.486,5.342,5.47,119713.3
2025-12-23 02:15:00,5.471,5.513,5.436,5.507,124665.7
2025-12-23 02:30:00,5.507,5.64,5.488,5.619,202298.1
2025-12-23 02:45:00,5.618,5.662,5.585,5.638,134419.5
2025-12-23 03:00:00,5.638,5.672,5.56,5.593,158674.4
2025-12-23 03:15:00,5.593,5.625,5.458,5.478,163831.3
2025-12-23 03:30:00,5.477,5.509,5.414,5.487,155179.5
2025-12-23 03:45:00,5.488,5.547,5.444,5.52,108932.3
2025-12-23 04:00:00,5.519,5.605,5.502,5.601,122199.9
2025-12-23 04:15:00,5.601,5.66,5.548,5.565,145040.4
2025-12-23 04:30:00,5.566,5.605,5.547,5.579,69236.5
2025-12-23 04:45:00,5.58,5.61,5.552,5.567,77328.9
2025-12-23 05:00:00,5.568,5.584,5.427,5.462,131919.8
2025-12-23 05:15:00,5.463,5.534,5.458,5.458,90074.0
2025-12-23 05:30:00,5.458,5.486,5.361,5.393,200381.7
2025-12-23 05:45:00,5.395,5.441,5.37,5.41,109649.3
2025-12-23 06:00:00,5.41,5.445,5.33,5.4,153123.5
2025-12-23 06:15:00,5.4,5.458,5.364,5.458,93330.6
2025-12-23 06:30:00,5.456,5.588,5.44,5.445,204536.6
2025-12-23 06:45:00,5.446,5.536,5.444,5.485,94118.9
2025-12-23 07:00:00,5.485,5.614,5.451,5.515,172894.8
2025-12-23 07:15:00,5.515,5.66,5.476,5.62,167508.0
2025-12-23 07:30:00,5.62,5.653,5.532,5.614,165204.6
2025-12-23 07:45:00,5.613,5.631,5.446,5.495,143388.2
2025-12-23 08:00:00,5.495,5.546,5.471,5.523,91756.4
2025-12-23 08:15:00,5.519,5.527,5.414,5.426,117383.1
2025-12-23 08:30:00,5.428,5.436,5.337,5.357,182433.2
2025-12-23 08:45:00,5.355,5.452,5.355,5.402,137612.0
2025-12-23 09:00:00,5.403,5.411,5.095,5.115,566583.3
2025-12-23 09:15:00,5.114,5.114,4.853,4.87,778241.6
2025-12-23 09:30:00,4.873,5.11,4.81,4.937,592050.6
2025-12-23 09:45:00,4.935,5.077,4.893,5.033,284780.1
2025-12-23 10:00:00,5.032,5.07,4.921,5.012,220835.9
2025-12-23 10:15:00,5.011,5.068,4.888,4.978,210522.5
2025-12-23 10:30:00,4.979,5.022,4.892,4.908,202119.3
2025-12-23 10:45:00,4.909,4.926,4.55,4.565,841373.0
2025-12-23 11:00:00,4.565,4.762,4.511,4.726,598667.9
2025-12-23 11:15:00,4.726,4.759,4.646,4.714,208012.5
2025-12-23 11:30:00,4.716,4.751,4.679,4.726,139477.7
2025-12-23 11:45:00,4.727,4.866,4.721,4.789,215988.7
2025-12-23 12:00:00,4.788,4.927,4.744,4.889,233900.1
2025-12-23 12:15:00,4.89,4.89,4.633,4.695,352221.9
2025-12-23 12:30:00,4.694,4.746,4.625,4.72,205996.2
2025-12-23 12:45:00,4.72,4.872,4.71,4.851,166216.7
2025-12-23 13:00:00,4.851,4.946,4.828,4.844,200565.5
2025-12-23 13:15:00,4.844,4.871,4.785,4.835,125099.5
2025-12-23 13:30:00,4.835,4.928,4.834,4.857,138447.3
2025-12-23 13:45:00,4.859,4.891,4.711,4.717,145400.5
2025-12-23 14:00:00,4.716,4.767,4.651,4.709,189300.7
2025-12-23 14:15:00,4.709,4.728,4.663,4.707,85833.0
2025-12-23 14:30:00,4.707,4.791,4.65,4.713,147292.1
2025-12-23 14:45:00,4.713,4.728,4.667,4.685,92694.6
2025-12-23 15:00:00,4.684,4.691,4.624,4.676,103154.3
2025-12-23 15:15:00,4.676,4.676,4.572,4.658,115367.8
2025-12-23 15:30:00,4.659,4.735,4.633,4.635,131414.4
2025-12-23 15:45:00,4.635,4.659,4.595,4.607,94779.8
2025-12-23 16:00:00,4.607,4.726,4.496,4.511,263695.4
2025-12-23 16:15:00,4.511,4.562,4.501,4.539,172856.5
2025-12-23 16:30:00,4.54,4.629,4.536,4.619,152592.4
2025-12-23 16:45:00,4.618,4.668,4.594,4.658,84318.3
2025-12-23 17:00:00,4.659,4.765,4.634,4.685,199332.9
2025-12-23 17:15:00,4.683,4.738,4.55,4.565,176374.0
2025-12-23 17:30:00,4.565,4.673,4.546,4.647,104709.4
2025-12-23 17:45:00,4.647,4.737,4.643,4.67,83963.9
2025-12-23 18:00:00,4.67,4.847,4.669,4.817,126941.1
2025-12-23 18:15:00,4.817,4.868,4.755,4.764,133535.7
2025-12-23 18:30:00,4.766,4.809,4.724,4.787,82521.1
2025-12-23 18:45:00,4.787,4.849,4.768,4.809,86986.6
2025-12-23 19:00:00,4.808,4.808,4.722,4.73,73546.2
2025-12-23 19:15:00,4.729,4.736,4.678,4.69,74327.6
2025-12-23 19:30:00,4.691,4.761,4.678,4.752,38124.0
2025-12-23 19:45:00,4.751,4.78,4.73,4.768,35573.5
2025-12-23 20:00:00,4.769,4.779,4.703,4.714,35883.1
2025-12-23 20:15:00,4.713,4.778,4.711,4.732,44740.1
2025-12-23 20:30:00,4.731,4.771,4.688,4.713,43161.6
2025-12-23 20:45:00,4.712,4.751,4.667,4.679,60777.4
2025-12-23 21:00:00,4.68,4.687,4.59,4.598,82958.5
2025-12-23 21:15:00,4.599,4.633,4.558,4.594,86244.3
2025-12-23 21:30:00,4.593,4.624,4.553,4.604,59411.1
2025-12-23 21:45:00,4.605,4.62,4.544,4.605,53892.5
2025-12-23 22:00:00,4.604,4.616,4.556,4.611,45210.8
2025-12-23 22:15:00,4.61,4.63,4.553,4.555,46351.8
2025-12-23 22:30:00,4.556,4.588,4.512,4.526,101932.2
2025-12-23 22:45:00,4.522,4.602,4.516,4.585,67506.3
2025-12-23 23:00:00,4.585,4.756,4.525,4.73,160700.1
2025-12-23 23:15:00,4.731,4.86,4.708,4.801,186314.4
2025-12-23 23:30:00,4.802,4.841,4.753,4.786,117351.0
2025-12-23 23:45:00,4.788,4.83,4.761,4.811,79177.3
2025-12-24 00:00:00,4.811,4.935,4.772,4.932,154526.4
2025-12-24 00:15:00,4.933,5.218,4.893,5.039,360487.6
2025-12-24 00:30:00,5.038,5.149,4.953,4.978,251417.9
2025-12-24 00:45:00,4.978,5.017,4.918,4.99,106058.0
2025-12-24 01:00:00,4.988,5.073,4.963,5.06,78964.0
2025-12-24 01:15:00,5.061,5.063,5.005,5.029,53208.8
2025-12-24 01:30:00,5.029,5.049,4.978,5.044,66535.1
2025-12-24 01:45:00,5.044,5.084,5.004,5.015,85506.2
2025-12-24 02:00:00,5.017,5.039,4.951,5.004,59693.5
2025-12-24 02:15:00,5.004,5.091,5.004,5.083,72459.9
2025-12-24 02:30:00,5.083,5.099,5.005,5.044,75045.2
2025-12-24 02:45:00,5.044,5.078,4.957,5.053,89689.1
2025-12-24 03:00:00,5.052,5.081,4.968,4.994,88721.7
2025-12-24 03:15:00,4.994,5.051,4.972,5.002,74151.1
2025-12-24 03:30:00,5.002,5.03,4.904,4.936,95087.5
2025-12-24 03:45:00,4.936,4.942,4.76,4.852,169359.1
2025-12-24 04:00:00,4.851,4.881,4.683,4.718,171181.6
2025-12-24 04:15:00,4.718,4.815,4.678,4.706,119950.2
2025-12-24 04:30:00,4.705,4.722,4.627,4.659,116690.7
2025-12-24 04:45:00,4.659,4.675,4.412,4.466,254593.7
2025-12-24 05:00:00,4.465,4.59,4.432,4.535,248802.9
2025-12-24 05:15:00,4.534,4.586,4.514,4.544,108690.3
2025-12-24 05:30:00,4.543,4.561,4.513,4.543,66530.3
2025-12-24 05:45:00,4.543,4.558,4.458,4.513,98610.9
2025-12-24 06:00:00,4.513,4.567,4.465,4.498,99560.2
2025-12-24 06:15:00,4.499,4.546,4.48,4.526,73248.5
2025-12-24 06:30:00,4.525,4.53,4.436,4.481,115264.5
2025-12-24 06:45:00,4.48,4.52,4.454,4.496,63470.9
2025-12-24 07:00:00,4.497,4.645,4.467,4.489,239349.0
2025-12-24 07:15:00,4.489,4.529,4.441,4.444,98187.5
2025-12-24 07:30:00,4.445,4.464,4.375,4.411,157841.7
2025-12-24 07:45:00,4.411,4.413,4.251,4.265,273636.3
2025-12-24 08:00:00,4.268,4.371,4.25,4.331,221455.5
2025-12-24 08:15:00,4.331,4.388,4.323,4.369,136630.4
2025-12-24 08:30:00,4.368,4.368,4.262,4.326,129186.1
2025-12-24 08:45:00,4.328,4.463,4.313,4.43,237388.2
2025-12-24 09:00:00,4.431,4.48,4.266,4.303,327164.5
2025-12-24 09:15:00,4.302,4.306,4.152,4.161,306829.6
2025-12-24 09:30:00,4.161,4.204,4.125,4.154,222639.7
2025-12-24 09:45:00,4.154,4.185,4.09,4.134,185983.7
2025-12-24 10:00:00,4.135,4.176,4.08,4.088,122536.2
2025-12-24 10:15:00,4.088,4.168,4.023,4.04,208083.5
2025-12-24 10:30:00,4.04,4.066,4.012,4.03,127447.7
2025-12-24 10:45:00,4.031,4.081,4.016,4.047,151919.9
2025-12-24 11:00:00,4.047,4.058,3.959,3.98,158595.8
2025-12-24 11:15:00,3.98,3.98,3.93,3.934,122410.8
2025-12-24 11:30:00,3.933,3.978,3.828,3.861,398914.7
2025-12-24 11:45:00,3.861,3.877,3.742,3.761,322790.2
2025-12-24 12:00:00,3.762,3.801,3.625,3.629,358052.0
2025-12-24 12:15:00,3.629,3.684,3.517,3.541,522654.6
2025-12-24 12:30:00,3.541,3.783,3.538,3.665,737559.0
2025-12-24 12:45:00,3.664,3.671,3.452,3.484,428582.1
2025-12-24 13:00:00,3.483,3.74,3.354,3.526,919859.8
2025-12-24 13:15:00,3.525,3.615,3.436,3.499,518688.9
2025-12-24 13:30:00,3.498,3.594,3.425,3.458,404428.7
2025-12-24 13:45:00,3.457,3.484,3.355,3.376,332961.6
2025-12-24 14:00:00,3.375,3.67,3.342,3.617,645052.7
2025-12-24 14:15:00,3.617,3.623,3.412,3.494,478610.6
2025-12-24 14:30:00,3.493,3.622,3.49,3.528,320914.3
2025-12-24 14:45:00,3.529,3.678,3.51,3.606,295646.1
2025-12-24 15:00:00,3.606,3.636,3.501,3.525,226521.0
2025-12-24 15:15:00,3.524,3.61,3.491,3.608,181594.2
2025-12-24 15:30:00,3.607,3.609,3.537,3.555,136125.5
2025-12-24 15:45:00,3.554,3.557,3.5,3.509,92995.6
2025-12-24 16:00:00,3.51,3.564,3.509,3.543,112414.1
2025-12-24 16:15:00,3.542,3.583,3.512,3.553,124979.0
2025-12-24 16:30:00,3.553,3.596,3.534,3.539,108615.0
2025-12-24 16:45:00,3.538,3.545,3.45,3.507,216507.9
2025-12-24 17:00:00,3.507,3.519,3.45,3.457,117185.9
2025-12-24 17:15:00,3.457,3.489,3.436,3.465,106257.3
2025-12-24 17:30:00,3.464,3.511,3.423,3.425,151024.8
2025-12-24 17:45:00,3.427,3.452,3.381,3.396,153223.7
2025-12-24 18:00:00,3.396,3.454,3.355,3.365,173266.5
2025-12-24 18:15:00,3.365,3.382,3.286,3.328,342816.9
2025-12-24 18:30:00,3.327,3.441,3.32,3.406,356010.1
2025-12-24 18:45:00,3.405,3.405,3.317,3.339,173778.9
2025-12-24 19:00:00,3.337,3.338,3.252,3.282,316054.5
2025-12-24 19:15:00,3.281,3.31,3.214,3.24,279323.9
2025-12-24 19:30:00,3.239,3.267,3.209,3.251,132716.5
2025-12-24 19:45:00,3.25,3.25,3.181,3.21,220035.2
2025-12-24 20:00:00,3.211,3.256,3.183,3.224,200970.6
2025-12-24 20:15:00,3.224,3.33,3.21,3.227,307403.3
2025-12-24 20:30:00,3.227,3.289,3.21,3.256,176072.1
2025-12-24 20:45:00,3.256,3.297,3.245,3.297,138441.1
2025-12-24 21:00:00,3.294,3.546,3.271,3.494,493176.5
2025-12-24 21:15:00,3.495,3.713,3.477,3.67,601475.6
2025-12-24 21:30:00,3.67,3.692,3.527,3.538,461458.8
2025-12-24 21:45:00,3.537,3.636,3.432,3.454,574227.0
2025-12-24 22:00:00,3.454,3.554,3.41,3.41,362651.2
2025-12-24 22:15:00,3.413,3.551,3.382,3.519,276328.9
2025-12-24 22:30:00,3.519,3.548,3.443,3.453,165690.5
2025-12-24 22:45:00,3.454,3.553,3.452,3.544,101801.9
2025-12-24 23:00:00,3.544,3.545,3.444,3.467,147223.6
2025-12-24 23:15:00,3.467,3.484,3.411,3.413,86635.6
2025-12-24 23:30:00,3.415,3.498,3.415,3.454,84816.1
2025-12-24 23:45:00,3.453,3.487,3.428,3.439,92720.9
2025-12-25 00:00:00,3.44,3.458,3.408,3.445,102368.2
2025-12-25 00:15:00,3.445,3.515,3.445,3.466,89336.0
2025-12-25 00:30:00,3.467,3.534,3.461,3.503,117078.7
2025-12-25 00:45:00,3.504,3.509,3.465,3.489,60093.3
2025-12-25 01:00:00,3.489,3.501,3.371,3.399,203800.7
2025-12-25 01:15:00,3.399,3.488,3.375,3.447,127828.4
2025-12-25 01:30:00,3.445,3.484,3.416,3.468,80570.0
2025-12-25 01:45:00,3.468,3.488,3.443,3.462,54203.2
2025-12-25 02:00:00,3.461,3.465,3.373,3.38,119046.6
2025-12-25 02:15:00,3.381,3.391,3.289,3.294,212699.4
2025-12-25 02:30:00,3.294,3.403,3.264,3.392,243481.4
2025-12-25 02:45:00,3.392,3.447,3.348,3.406,146445.1
2025-12-25 03:00:00,3.405,3.436,3.369,3.381,97853.8
2025-12-25 03:15:00,3.381,3.408,3.327,3.332,80412.4
2025-12-25 03:30:00,3.332,3.368,3.283,3.287,135207.5
2025-12-25 03:45:00,3.288,3.343,3.288,3.298,107456.6
2025-12-25 04:00:00,3.298,3.347,3.276,3.305,139117.1
2025-12-25 04:15:00,3.304,3.314,3.236,3.272,148052.8
2025-12-25 04:30:00,3.273,3.281,3.205,3.231,211592.9
2025-12-25 04:45:00,3.231,3.25,3.205,3.227,166267.8
2025-12-25 05:00:00,3.225,3.293,3.218,3.286,157286.3
2025-12-25 05:15:00,3.286,3.36,3.282,3.307,240739.9
2025-12-25 05:30:00,3.307,3.444,3.292,3.385,253554.7
2025-12-25 05:45:00,3.385,3.467,3.361,3.415,209355.6
2025-12-25 06:00:00,3.414,3.445,3.335,3.339,198147.0
2025-12-25 06:15:00,3.34,3.364,3.2,3.264,495539.4
2025-12-25 06:30:00,3.264,3.321,3.236,3.242,172496.9
2025-12-25 06:45:00,3.242,3.313,3.218,3.285,248623.8
2025-12-25 07:00:00,3.285,3.319,3.262,3.269,105250.8
2025-12-25 07:15:00,3.269,3.313,3.222,3.23,135928.4
2025-12-25 07:30:00,3.231,3.24,3.152,3.206,334350.9
2025-12-25 07:45:00,3.207,3.25,3.111,3.118,234319.1
2025-12-25 08:00:00,3.118,3.171,3.106,3.132,206921.3
2025-12-25 08:15:00,3.133,3.141,3.051,3.057,280733.4
2025-12-25 08:30:00,3.057,3.137,3.02,3.112,310540.1
2025-12-25 08:45:00,3.114,3.155,3.034,3.038,263858.7
2025-12-25 09:00:00,3.039,3.076,2.977,3.02,335794.8
2025-12-25 09:15:00,3.02,3.047,2.991,3.035,145487.8
2025-12-25 09:30:00,3.035,3.035,2.947,2.96,238952.2
2025-12-25 09:45:00,2.958,3.007,2.909,2.921,302345.1
2025-12-25 10:00:00,2.92,2.953,2.895,2.925,249912.0
2025-12-25 10:15:00,2.924,2.965,2.901,2.92,183024.1
2025-12-25 10:30:00,2.92,2.92,2.815,2.857,501400.1
2025-12-25 10:45:00,2.856,2.881,2.816,2.834,200185.7
2025-12-25 11:00:00,2.834,2.843,2.788,2.812,220005.4
2025-12-25 11:15:00,2.812,2.9,2.806,2.873,269085.5
2025-12-25 11:30:00,2.872,3.042,2.82,3.016,461090.8
2025-12-25 11:45:00,3.017,3.251,2.976,3.202,866003.8
2025-12-25 12:00:00,3.202,3.277,3.05,3.184,989028.9
2025-12-25 12:15:00,3.184,3.203,3.063,3.069,378549.5
2025-12-25 12:30:00,3.069,3.212,3.065,3.09,385320.6
2025-12-25 12:45:00,3.089,3.153,3.089,3.127,176613.1
2025-12-25 13:00:00,3.127,3.193,3.073,3.159,256368.2
2025-12-25 13:15:00,3.158,3.174,3.08,3.086,123574.1
2025-12-25 13:30:00,3.085,3.127,3.006,3.015,293777.5
2025-12-25 13:45:00,3.016,3.176,2.925,3.112,762413.9
2025-12-25 14:00:00,3.11,3.269,3.074,3.228,697536.7
2025-12-25 14:15:00,3.227,3.641,3.21,3.509,1163166.3
2025-12-25 14:30:00,3.508,3.777,3.294,3.491,1346417.7
2025-12-25 14:45:00,3.491,3.683,3.415,3.625,561996.8
2025-12-25 15:00:00,3.624,3.661,3.361,3.558,800486.3
2025-12-25 15:15:00,3.558,3.75,3.511,3.706,506329.2
2025-12-25 15:30:00,3.704,3.865,3.611,3.779,675006.5
2025-12-25 15:45:00,3.78,3.814,3.676,3.727,301743.3
2025-12-25 16:00:00,3.726,3.805,3.62,3.775,352139.7
2025-12-25 16:15:00,3.774,3.845,3.698,3.737,204151.2
2025-12-25 16:30:00,3.736,3.795,3.686,3.767,162163.2
2025-12-25 16:45:00,3.768,3.844,3.752,3.837,154327.8
2025-12-25 17:00:00,3.836,3.884,3.771,3.786,208253.1
2025-12-25 17:15:00,3.786,3.983,3.78,3.879,350596.5
2025-12-25 17:30:00,3.877,3.974,3.864,3.927,237845.4
2025-12-25 17:45:00,3.926,3.999,3.896,3.956,281359.9
2025-12-25 18:00:00,3.955,3.963,3.757,3.801,347319.7
2025-12-25 18:15:00,3.801,3.948,3.731,3.896,378834.8
2025-12-25 18:30:00,3.896,3.92,3.656,3.679,371732.2
2025-12-25 18:45:00,3.68,3.814,3.666,3.8,232181.7
2025-12-25 19:00:00,3.8,3.843,3.728,3.732,196137.3
2025-12-25 19:15:00,3.733,3.849,3.701,3.786,202062.4
2025-12-25 19:30:00,3.786,3.811,3.727,3.75,134528.6
2025-12-25 19:45:00,3.749,3.783,3.706,3.738,82478.6
2025-12-25 20:00:00,3.737,3.779,3.707,3.75,94711.0
2025-12-25 20:15:00,3.75,3.771,3.708,3.718,85004.4
2025-12-25 20:30:00,3.717,3.779,3.706,3.765,94500.1
2025-12-25 20:45:00,3.764,3.797,3.723,3.768,79661.1
2025-12-25 21:00:00,3.768,3.852,3.737,3.806,122463.0
2025-12-25 21:15:00,3.807,3.88,3.754,3.777,130010.8
2025-12-25 21:30:00,3.777,3.82,3.708,3.735,106186.3
2025-12-25 21:45:00,3.735,3.791,3.71,3.748,103993.7
2025-12-25 22:00:00,3.749,3.788,3.724,3.74,82365.1
2025-12-25 22:15:00,3.741,3.764,3.701,3.759,46741.5
2025-12-25 22:30:00,3.758,3.79,3.708,3.717,64484.8
2025-12-25 22:45:00,3.717,3.732,3.662,3.708,82724.9
2025-12-25 23:00:00,3.706,3.709,3.612,3.671,144720.0
2025-12-25 23:15:00,3.671,3.695,3.57,3.624,101418.4
2025-12-25 23:30:00,3.624,3.664,3.601,3.625,137483.4
2025-12-25 23:45:00,3.625,3.659,3.59,3.654,107147.1
2025-12-26 00:00:00,3.653,3.822,3.647,3.761,255664.9
2025-12-26 00:15:00,3.762,3.873,3.752,3.856,158442.6
2025-12-26 00:30:00,3.855,3.899,3.783,3.807,170861.8
2025-12-26 00:45:00,3.807,3.851,3.682,3.688,195519.3
2025-12-26 01:00:00,3.689,3.721,3.654,3.685,192261.6
2025-12-26 01:15:00,3.686,3.689,3.596,3.617,115395.2
2025-12-26 01:30:00,3.619,3.663,3.608,3.623,84869.5
2025-12-26 01:45:00,3.622,3.72,3.616,3.699,101504.2
2025-12-26 02:00:00,3.7,3.749,3.66,3.713,73622.4
2025-12-26 02:15:00,3.713,3.726,3.661,3.691,104561.2
2025-12-26 02:30:00,3.691,3.719,3.625,3.654,84656.5
2025-12-26 02:45:00,3.653,3.711,3.647,3.649,98284.4
2025-12-26 03:00:00,3.65,3.716,3.648,3.671,113346.9
2025-12-26 03:15:00,3.671,3.725,3.651,3.714,84473.9
2025-12-26 03:30:00,3.714,3.947,3.689,3.944,421480.1
2025-12-26 03:45:00,3.944,4.127,3.933,4.057,617111.3
2025-12-26 04:00:00,4.057,4.069,3.9,3.909,423808.2
2025-12-26 04:15:00,3.909,4.036,3.909,3.964,350356.3
2025-12-26 04:30:00,3.964,3.999,3.84,3.865,302813.1
2025-12-26 04:45:00,3.867,3.875,3.661,3.795,505708.3
2025-12-26 05:00:00,3.795,3.83,3.725,3.737,200588.4
2025-12-26 05:15:00,3.736,3.804,3.736,3.744,119858.7
2025-12-26 05:30:00,3.744,3.779,3.71,3.76,133720.9
2025-12-26 05:45:00,3.762,3.798,3.724,3.741,106435.9
2025-12-26 06:00:00,3.74,3.855,3.689,3.782,268046.3
2025-12-26 06:15:00,3.781,3.803,3.761,3.778,89484.8
2025-12-26 06:30:00,3.779,3.87,3.745,3.854,162111.6
2025-12-26 06:45:00,3.854,3.889,3.814,3.864,186514.8
2025-12-26 07:00:00,3.863,3.888,3.8,3.865,198049.3
2025-12-26 07:15:00,3.865,3.871,3.816,3.827,102709.9
2025-12-26 07:30:00,3.827,3.932,3.824,3.908,199027.5
2025-12-26 07:45:00,3.911,3.97,3.887,3.946,206436.3
2025-12-26 08:00:00,3.945,4.068,3.936,4.055,527388.7
2025-12-26 08:15:00,4.055,4.073,3.917,3.983,716449.1
2025-12-26 08:30:00,3.982,4.045,3.964,4.002,482625.8
2025-12-26 08:45:00,4.003,4.018,3.937,3.963,325008.3
2025-12-26 09:00:00,3.962,4.017,3.9,3.998,429217.4
2025-12-26 09:15:00,3.998,4.085,3.993,4.028,529114.0
2025-12-26 09:30:00,4.031,4.07,3.964,4.027,478387.0
2025-12-26 09:45:00,4.028,4.107,4.024,4.059,397809.7
2025-12-26 10:00:00,4.058,4.132,4.033,4.076,707440.0
2025-12-26 10:15:00,4.077,4.099,4.015,4.036,435179.6
2025-12-26 10:30:00,4.037,4.077,4.026,4.057,335479.6
2025-12-26 10:45:00,4.057,4.059,3.701,3.917,2329418.4
2025-12-26 11:00:00,3.917,3.984,3.868,3.881,1179844.9
2025-12-26 11:15:00,3.883,3.926,3.853,3.878,493681.0
2025-12-26 11:30:00,3.877,3.933,3.831,3.896,518926.3
2025-12-26 11:45:00,3.894,3.922,3.865,3.899,307541.0
2025-12-26 12:00:00,3.899,3.956,3.871,3.917,387625.3
2025-12-26 12:15:00,3.916,3.939,3.867,3.929,260349.0
2025-12-26 12:30:00,3.929,3.975,3.872,3.884,472458.5
2025-12-26 12:45:00,3.884,3.93,3.857,3.912,381134.6
2025-12-26 13:00:00,3.913,3.928,3.878,3.879,235350.2
2025-12-26 13:15:00,3.881,3.897,3.853,3.875,249936.9
2025-12-26 13:30:00,3.874,3.899,3.827,3.846,301420.9
2025-12-26 13:45:00,3.845,3.85,3.793,3.83,396111.9
2025-12-26 14:00:00,3.829,3.867,3.812,3.854,263770.0
2025-12-26 14:15:00,3.853,3.923,3.845,3.885,282318.5
2025-12-26 14:30:00,3.884,3.914,3.847,3.855,173789.3
2025-12-26 14:45:00,3.855,3.987,3.832,3.953,334933.9
2025-12-26 15:00:00,3.954,4.098,3.929,4.062,627632.0
2025-12-26 15:15:00,4.062,4.237,4.051,4.167,810503.1
2025-12-26 15:30:00,4.168,4.183,4.085,4.12,319203.2
2025-12-26 15:45:00,4.121,4.24,4.118,4.183,341106.8
2025-12-26 16:00:00,4.183,4.2,4.081,4.096,324068.1
2025-12-26 16:15:00,4.096,4.108,4.014,4.057,301882.9
2025-12-26 16:30:00,4.058,4.112,4.043,4.098,144184.8
2025-12-26 16:45:00,4.098,4.109,4.017,4.018,171005.2
2025-12-26 17:00:00,4.019,4.045,3.955,4.013,248559.1
2025-12-26 17:15:00,4.012,4.021,3.956,3.961,90877.2
2025-12-26 17:30:00,3.963,3.966,3.871,3.879,157974.9
2025-12-26 17:45:00,3.879,3.909,3.816,3.842,227281.3
2025-12-26 18:00:00,3.841,3.879,3.83,3.855,113045.0
2025-12-26 18:15:00,3.854,3.943,3.842,3.934,165090.3
2025-12-26 18:30:00,3.934,3.949,3.877,3.891,77967.7
2025-12-26 18:45:00,3.891,3.903,3.842,3.847,65747.3
2025-12-26 19:00:00,3.85,3.888,3.841,3.858,78758.9
2025-12-26 19:15:00,3.859,3.871,3.821,3.862,87960.3
2025-12-26 19:30:00,3.862,3.93,3.851,3.894,75631.1
2025-12-26 19:45:00,3.895,3.912,3.876,3.882,50754.8
2025-12-26 20:00:00,3.883,3.901,3.84,3.853,87818.8
2025-12-26 20:15:00,3.853,3.887,3.853,3.861,50036.8
2025-12-26 20:30:00,3.861,3.868,3.84,3.849,71967.2
2025-12-26 20:45:00,3.851,3.863,3.83,3.858,43402.4
2025-12-26 21:00:00,3.859,3.905,3.852,3.884,48420.9
2025-12-26 21:15:00,3.883,3.973,3.879,3.928,101922.0
2025-12-26 21:30:00,3.929,3.939,3.881,3.93,53597.7
2025-12-26 21:45:00,3.93,3.935,3.864,3.875,57055.4
2025-12-26 22:00:00,3.875,3.909,3.851,3.861,46725.9
2025-12-26 22:15:00,3.861,3.9,3.853,3.881,51106.8
2025-12-26 22:30:00,3.881,3.915,3.86,3.87,52735.4
2025-12-26 22:45:00,3.87,3.876,3.822,3.852,84535.0
2025-12-26 23:00:00,3.852,3.9,3.842,3.891,46605.3
2025-12-26 23:15:00,3.891,3.938,3.873,3.878,68268.9
2025-12-26 23:30:00,3.877,3.895,3.833,3.89,58377.3
2025-12-26 23:45:00,3.888,3.909,3.867,3.867,40851.8
2025-12-27 00:00:00,3.868,3.911,3.866,3.885,46416.3
2025-12-27 00:15:00,3.885,3.933,3.885,3.925,46901.0
2025-12-27 00:30:00,3.925,3.939,3.873,3.882,43075.2
2025-12-27 00:45:00,3.883,3.917,3.875,3.888,46001.6
2025-12-27 01:00:00,3.89,3.921,3.876,3.913,37511.8
2025-12-27 01:15:00,3.915,3.923,3.878,3.901,31340.4
2025-12-27 01:30:00,3.902,3.919,3.884,3.91,28385.1
2025-12-27 01:45:00,3.909,3.969,3.909,3.944,67759.8
2025-12-27 02:00:00,3.944,3.946,3.901,3.915,40070.5
2025-12-27 02:15:00,3.914,3.935,3.888,3.901,63567.6
2025-12-27 02:30:00,3.902,3.935,3.883,3.893,55180.4
2025-12-27 02:45:00,3.893,3.905,3.861,3.89,54694.2
2025-12-27 03:00:00,3.891,3.912,3.872,3.892,40426.6
2025-12-27 03:15:00,3.893,3.921,3.873,3.892,50345.8
2025-12-27 03:30:00,3.892,3.894,3.86,3.874,33322.4
2025-12-27 03:45:00,3.875,3.894,3.838,3.861,71954.9
2025-12-27 04:00:00,3.86,3.92,3.853,3.894,64096.3
2025-12-27 04:15:00,3.896,3.95,3.894,3.902,127848.6
2025-12-27 04:30:00,3.901,3.929,3.877,3.883,34341.9
2025-12-27 04:45:00,3.883,3.912,3.87,3.874,26503.4
2025-12-27 05:00:00,3.874,3.915,3.866,3.913,31257.3
2025-12-27 05:15:00,3.913,3.938,3.898,3.917,39889.7
2025-12-27 05:30:00,3.917,3.924,3.9,3.904,17768.8
2025-12-27 05:45:00,3.905,3.966,3.902,3.946,64986.1
2025-12-27 06:00:00,3.946,3.948,3.894,3.897,63078.9
2025-12-27 06:15:00,3.898,3.912,3.867,3.871,66290.4
2025-12-27 06:30:00,3.872,3.901,3.865,3.888,48842.7
2025-12-27 06:45:00,3.888,3.919,3.884,3.892,22966.2
2025-12-27 07:00:00,3.893,3.91,3.873,3.878,28258.3
2025-12-27 07:15:00,3.878,3.892,3.851,3.866,38283.0
2025-12-27 07:30:00,3.868,3.906,3.857,3.9,33094.1
2025-12-27 07:45:00,3.898,3.932,3.88,3.887,40649.2
2025-12-27 08:00:00,3.887,3.939,3.884,3.915,66754.9
2025-12-27 08:15:00,3.914,3.917,3.877,3.892,40727.7
2025-12-27 08:30:00,3.892,3.923,3.889,3.914,28850.3
2025-12-27 08:45:00,3.913,3.922,3.739,3.799,422186.0
2025-12-27 09:00:00,3.801,3.868,3.801,3.866,122712.2
2025-12-27 09:15:00,3.863,3.9,3.843,3.889,79927.3
2025-12-27 09:30:00,3.888,3.918,3.869,3.895,60197.2
2025-12-27 09:45:00,3.896,3.903,3.848,3.864,41437.2
2025-12-27 10:00:00,3.864,3.883,3.85,3.871,39346.4
2025-12-27 10:15:00,3.87,3.885,3.794,3.83,116642.5
2025-12-27 10:30:00,3.83,3.877,3.771,3.797,138621.0
2025-12-27 10:45:00,3.798,3.865,3.792,3.843,118398.5
2025-12-27 11:00:00,3.843,3.878,3.826,3.869,59207.9
2025-12-27 11:15:00,3.869,3.89,3.831,3.885,63722.0
2025-12-27 11:30:00,3.885,3.964,3.884,3.943,165053.7
2025-12-27 11:45:00,3.943,4.033,3.943,3.972,169511.1
2025-12-27 12:00:00,3.972,3.992,3.942,3.974,61333.9
2025-12-27 12:15:00,3.973,3.979,3.895,3.9,50575.5
2025-12-27 12:30:00,3.901,3.915,3.869,3.881,49850.7
2025-12-27 12:45:00,3.881,3.94,3.863,3.93,68807.9
2025-12-27 13:00:00,3.93,3.964,3.909,3.959,53325.7
2025-12-27 13:15:00,3.959,3.959,3.912,3.93,42935.9
2025-12-27 13:30:00,3.931,3.952,3.909,3.934,52141.1
2025-12-27 13:45:00,3.935,3.938,3.909,3.913,32660.1
2025-12-27 14:00:00,3.914,3.942,3.901,3.905,39773.4
2025-12-27 14:15:00,3.907,3.915,3.879,3.897,47054.5
2025-12-27 14:30:00,3.897,3.906,3.871,3.891,45672.0
2025-12-27 14:45:00,3.891,3.928,3.88,3.903,38720.9
2025-12-27 15:00:00,3.904,3.909,3.851,3.856,53207.4
2025-12-27 15:15:00,3.855,3.92,3.843,3.893,63425.4
2025-12-27 15:30:00,3.894,3.984,3.885,3.979,108577.8
2025-12-27 15:45:00,3.978,4.021,3.977,4.002,99951.3
2025-12-27 16:00:00,4.002,4.002,3.943,3.965,49004.6
2025-12-27 16:15:00,3.965,4.083,3.962,4.013,113096.0
2025-12-27 16:30:00,4.012,4.158,3.993,4.12,169798.5
2025-12-27 16:45:00,4.12,4.157,4.066,4.081,114786.2
2025-12-27 17:00:00,4.081,4.093,4.036,4.042,69705.2
2025-12-27 17:15:00,4.041,4.072,3.962,3.993,130828.7
2025-12-27 17:30:00,3.993,4.031,3.991,4.025,50140.6
2025-12-27 17:45:00,4.024,4.091,4.013,4.065,86101.4
2025-12-27 18:00:00,4.064,4.089,4.056,4.07,43664.0
2025-12-27 18:15:00,4.069,4.069,4.038,4.06,32226.2
2025-12-27 18:30:00,4.06,4.103,4.052,4.071,38276.9
2025-12-27 18:45:00,4.071,4.073,4.024,4.028,36491.3
2025-12-27 19:00:00,4.028,4.038,3.996,4.013,35163.2
2025-12-27 19:15:00,4.014,4.046,4.008,4.026,22013.6
2025-12-27 19:30:00,4.026,4.054,4.004,4.052,20792.1
2025-12-27 19:45:00,4.052,4.07,4.028,4.033,24418.3
2025-12-27 20:00:00,4.032,4.053,4.028,4.045,17339.1
2025-12-27 20:15:00,4.045,4.054,4.023,4.042,22658.1
2025-12-27 20:30:00,4.043,4.102,4.035,4.093,42230.4
2025-12-27 20:45:00,4.093,4.138,4.081,4.09,57221.6
2025-12-27 21:00:00,4.089,4.098,4.062,4.09,30531.7
2025-12-27 21:15:00,4.091,4.194,4.087,4.131,69938.5
2025-12-27 21:30:00,4.13,4.175,4.115,4.169,38878.1
2025-12-27 21:45:00,4.169,4.177,4.102,4.115,42872.9
2025-12-27 22:00:00,4.113,4.141,4.091,4.107,24450.6
2025-12-27 22:15:00,4.107,4.138,4.105,4.119,20124.5
2025-12-27 22:30:00,4.12,4.146,4.113,4.142,25524.4
2025-12-27 22:45:00,4.142,4.177,4.127,4.136,41378.1
2025-12-27 23:00:00,4.135,4.137,4.048,4.087,55820.0
2025-12-27 23:15:00,4.088,4.135,4.07,4.118,23663.2
2025-12-27 23:30:00,4.118,4.15,4.089,4.104,40409.6
2025-12-27 23:45:00,4.103,4.12,4.08,4.087,49587.5
2025-12-28 00:00:00,4.088,4.141,4.088,4.122,26274.7
2025-12-28 00:15:00,4.123,4.146,4.085,4.095,28041.0
2025-12-28 00:30:00,4.097,4.115,4.084,4.101,19163.7
2025-12-28 00:45:00,4.101,4.124,4.091,4.123,13639.3
2025-12-28 01:00:00,4.124,4.149,4.114,4.149,21695.5
2025-12-28 01:15:00,4.148,4.157,4.119,4.141,25428.1
2025-12-28 01:30:00,4.142,4.142,4.085,4.099,27100.6
2025-12-28 01:45:00,4.098,4.1,4.05,4.078,43826.4
2025-12-28 02:00:00,4.078,4.126,4.061,4.122,26393.1
2025-12-28 02:15:00,4.122,4.131,4.087,4.089,24632.1
2025-12-28 02:30:00,4.088,4.095,4.055,4.057,32420.2
2025-12-28 02:45:00,4.059,4.076,4.035,4.046,42901.3
2025-12-28 03:00:00,4.046,4.06,4.034,4.042,26279.5
2025-12-28 03:15:00,4.04,4.095,4.038,4.069,41729.6
2025-12-28 03:30:00,4.068,4.164,4.058,4.147,51904.3
2025-12-28 03:45:00,4.148,4.15,4.102,4.117,35301.8
2025-12-28 04:00:00,4.117,4.179,4.103,4.17,57645.7
2025-12-28 04:15:00,4.17,4.179,4.124,4.175,58111.9
2025-12-28 04:30:00,4.175,4.237,4.161,4.189,128829.9
2025-12-28 04:45:00,4.188,4.272,4.188,4.228,78077.8
2025-12-28 05:00:00,4.227,4.27,4.222,4.255,49208.4
2025-12-28 05:15:00,4.255,4.382,4.248,4.379,170486.6
2025-12-28 05:30:00,4.38,4.434,4.312,4.331,264279.8
2025-12-28 05:45:00,4.33,4.387,4.323,4.351,84389.2
2025-12-28 06:00:00,4.35,4.354,4.21,4.23,136450.0
2025-12-28 06:15:00,4.23,4.257,4.172,4.188,75911.5
2025-12-28 06:30:00,4.187,4.293,4.126,4.271,189536.3
2025-12-28 06:45:00,4.27,4.293,4.237,4.262,56395.6
2025-12-28 07:00:00,4.262,4.38,4.261,4.364,86531.0
2025-12-28 07:15:00,4.364,4.435,4.29,4.326,196622.2
2025-12-28 07:30:00,4.326,4.379,4.311,4.316,71456.6
2025-12-28 07:45:00,4.315,4.343,4.29,4.337,51322.6
2025-12-28 08:00:00,4.338,4.376,4.305,4.366,65423.9
2025-12-28 08:15:00,4.366,4.472,4.365,4.448,193794.0
2025-12-28 08:30:00,4.449,4.677,4.447,4.652,282704.4
2025-12-28 08:45:00,4.652,4.678,4.553,4.58,409553.9
2025-12-28 09:00:00,4.579,4.657,4.52,4.655,290012.2
2025-12-28 09:15:00,4.657,4.71,4.507,4.572,471391.8
2025-12-28 09:30:00,4.572,4.606,4.405,4.508,385223.8
2025-12-28 09:45:00,4.509,4.521,4.473,4.518,90269.1
2025-12-28 10:00:00,4.516,4.648,4.511,4.632,168314.3
2025-12-28 10:15:00,4.632,4.646,4.5,4.505,224769.7
2025-12-28 10:30:00,4.507,4.599,4.473,4.547,200517.7
2025-12-28 10:45:00,4.547,4.555,4.501,4.53,75795.3
2025-12-28 11:00:00,4.53,4.584,4.504,4.576,108337.8
2025-12-28 11:15:00,4.575,4.639,4.512,4.607,210242.1
2025-12-28 11:30:00,4.605,4.664,4.604,4.632,149868.0
2025-12-28 11:45:00,4.632,4.676,4.624,4.654,89749.1
2025-12-28 12:00:00,4.655,4.857,4.635,4.828,442525.1
2025-12-28 12:15:00,4.83,4.879,4.722,4.794,633677.1
2025-12-28 12:30:00,4.793,4.796,4.671,4.721,391673.1
2025-12-28 12:45:00,4.721,4.82,4.71,4.777,354132.0
2025-12-28 13:00:00,4.775,4.782,4.65,4.674,327404.8
2025-12-28 13:15:00,4.677,4.79,4.673,4.773,249691.0
2025-12-28 13:30:00,4.774,4.878,4.773,4.797,521681.1
2025-12-28 13:45:00,4.797,4.862,4.71,4.729,305375.6
2025-12-28 14:00:00,4.728,4.8,4.69,4.757,291766.0
2025-12-28 14:15:00,4.758,4.813,4.711,4.807,174150.3
2025-12-28 14:30:00,4.81,4.816,4.714,4.732,177527.5
2025-12-28 14:45:00,4.733,4.783,4.677,4.781,202039.1
2025-12-28 15:00:00,4.78,4.822,4.758,4.781,178702.9
2025-12-28 15:15:00,4.78,4.782,4.731,4.736,158472.7
2025-12-28 15:30:00,4.738,4.818,4.72,4.799,170455.1
2025-12-28 15:45:00,4.798,4.805,4.76,4.766,100983.3
2025-12-28 16:00:00,4.766,4.783,4.722,4.742,157343.1
2025-12-28 16:15:00,4.743,4.814,4.727,4.8,151106.8
2025-12-28 16:30:00,4.8,4.867,4.779,4.825,220956.5
2025-12-28 16:45:00,4.824,4.84,4.779,4.796,102101.4
2025-12-28 17:00:00,4.796,5.037,4.793,4.906,796102.7
2025-12-28 17:15:00,4.907,4.925,4.785,4.825,296012.7
2025-12-28 17:30:00,4.823,4.851,4.762,4.806,159332.8
2025-12-28 17:45:00,4.805,4.881,4.792,4.874,136907.6
2025-12-28 18:00:00,4.873,4.94,4.833,4.918,201719.4
2025-12-28 18:15:00,4.918,4.999,4.609,4.684,653232.7
2025-12-28 18:30:00,4.686,4.83,4.685,4.802,384690.3
2025-12-28 18:45:00,4.801,4.83,4.762,4.775,152046.1
2025-12-28 19:00:00,4.774,4.817,4.761,4.77,114830.5
2025-12-28 19:15:00,4.77,4.778,4.693,4.696,165150.8
2025-12-28 19:30:00,4.696,4.74,4.405,4.496,671918.3
2025-12-28 19:45:00,4.496,4.496,4.406,4.448,206952.7
2025-12-28 20:00:00,4.448,4.482,4.337,4.354,259046.2
2025-12-28 20:15:00,4.356,4.508,4.34,4.491,214565.5
2025-12-28 20:30:00,4.491,4.572,4.471,4.501,201982.4
2025-12-28 20:45:00,4.502,4.546,4.463,4.537,84060.2
2025-12-28 21:00:00,4.537,4.561,4.494,4.499,84104.1
2025-12-28 21:15:00,4.5,4.621,4.499,4.615,83364.6
2025-12-28 21:30:00,4.614,4.638,4.54,4.595,114279.7
2025-12-28 21:45:00,4.592,4.593,4.558,4.576,50049.7
2025-12-28 22:00:00,4.575,4.595,4.512,4.521,92125.1
2025-12-28 22:15:00,4.521,4.527,4.437,4.487,199773.9
2025-12-28 22:30:00,4.489,4.56,4.48,4.539,63210.4
2025-12-28 22:45:00,4.539,4.597,4.534,4.545,58699.6
2025-12-28 23:00:00,4.547,4.552,4.496,4.524,59815.1
2025-12-28 23:15:00,4.523,4.618,4.511,4.549,68438.4
2025-12-28 23:30:00,4.548,4.549,4.487,4.5,50974.7
2025-12-28 23:45:00,4.5,4.529,4.48,4.515,44043.4
2025-12-29 00:00:00,4.514,4.558,4.501,4.518,76562.9
2025-12-29 00:15:00,4.517,4.534,4.461,4.478,57562.7
2025-12-29 00:30:00,4.478,4.493,4.443,4.471,40660.3
2025-12-29 00:45:00,4.471,4.476,4.386,4.404,90502.8
2025-12-29 01:00:00,4.404,4.461,4.4,4.454,44484.2
2025-12-29 01:15:00,4.455,4.594,4.431,4.561,110477.6
2025-12-29 01:30:00,4.559,4.715,4.546,4.709,248349.5
2025-12-29 01:45:00,4.712,4.82,4.689,4.799,256932.4
2025-12-29 02:00:00,4.799,4.975,4.789,4.95,397180.3
2025-12-29 02:15:00,4.952,5.058,4.827,4.875,546229.2
2025-12-29 02:30:00,4.875,4.889,4.839,4.859,152736.8
2025-12-29 02:45:00,4.86,4.87,4.754,4.769,194888.1
2025-12-29 03:00:00,4.766,4.82,4.733,4.798,175764.4
2025-12-29 03:15:00,4.797,4.84,4.737,4.75,126666.6
2025-12-29 03:30:00,4.752,4.897,4.737,4.867,137419.6
2025-12-29 03:45:00,4.866,4.956,4.82,4.842,207224.9
2025-12-29 04:00:00,4.841,4.864,4.78,4.797,75792.7
2025-12-29 04:15:00,4.796,4.823,4.729,4.734,87430.2
2025-12-29 04:30:00,4.734,4.746,4.684,4.691,65239.7
2025-12-29 04:45:00,4.69,4.734,4.684,4.719,40719.7
2025-12-29 05:00:00,4.718,4.818,4.718,4.758,108428.6
2025-12-29 05:15:00,4.757,4.845,4.751,4.843,56783.1
2025-12-29 05:30:00,4.84,4.885,4.819,4.876,80665.1
2025-12-29 05:45:00,4.877,4.943,4.837,4.856,119655.8
2025-12-29 06:00:00,4.856,4.913,4.738,4.879,188666.5
2025-12-29 06:15:00,4.878,5.025,4.877,4.99,221195.8
2025-12-29 06:30:00,4.99,5.067,4.933,5.006,202037.4
2025-12-29 06:45:00,5.007,5.159,4.995,5.1,264892.6
2025-12-29 07:00:00,5.101,5.18,5.055,5.143,234851.9
2025-12-29 07:15:00,5.145,5.17,5.021,5.135,235800.4
2025-12-29 07:30:00,5.137,5.157,5.042,5.055,150718.8
2025-12-29 07:45:00,5.058,5.144,5.052,5.135,136479.7
2025-12-29 08:00:00,5.135,5.145,5.057,5.107,106578.2
2025-12-29 08:15:00,5.105,5.157,5.065,5.139,123386.2
2025-12-29 08:30:00,5.136,5.197,5.058,5.084,184158.7
2025-12-29 08:45:00,5.084,5.143,5.066,5.101,81977.4
2025-12-29 09:00:00,5.101,5.137,5.072,5.088,84496.7
2025-12-29 09:15:00,5.089,5.124,5.072,5.092,78424.6
2025-12-29 09:30:00,5.091,5.101,4.936,5.014,259484.4
2025-12-29 09:45:00,5.015,5.074,4.972,5.044,143376.0
2025-12-29 10:00:00,5.044,5.16,4.995,5.113,145854.4
2025-12-29 10:15:00,5.114,5.351,5.079,5.138,508051.0
2025-12-29 10:30:00,5.14,5.144,4.685,5.111,705621.7
2025-12-29 10:45:00,5.111,5.195,5.08,5.173,145615.4
2025-12-29 11:00:00,5.173,5.363,5.164,5.333,273102.7
2025-12-29 11:15:00,5.333,5.488,5.307,5.463,390770.9
2025-12-29 11:30:00,5.464,5.516,5.362,5.481,402901.0
2025-12-29 11:45:00,5.481,5.645,5.414,5.57,444887.9
2025-12-29 12:00:00,5.569,5.581,5.134,5.429,778568.7
2025-12-29 12:15:00,5.428,5.74,5.4,5.7,522176.3
2025-12-29 12:30:00,5.7,5.784,5.589,5.729,300818.2
2025-12-29 12:45:00,5.729,5.855,5.628,5.824,414189.0
2025-12-29 13:00:00,5.826,5.899,5.771,5.878,356952.2
2025-12-29 13:15:00,5.878,6.077,5.767,5.864,881712.1
2025-12-29 13:30:00,5.862,5.971,5.775,5.864,437555.0
2025-12-29 13:45:00,5.866,5.91,5.822,5.833,228986.3
2025-12-29 14:00:00,5.832,5.832,5.681,5.712,475017.8
2025-12-29 14:15:00,5.712,5.757,5.656,5.712,255117.7
2025-12-29 14:30:00,5.713,5.806,5.656,5.688,211376.1
2025-12-29 14:45:00,5.689,5.762,5.672,5.707,158750.9
2025-12-29 15:00:00,5.705,5.745,5.66,5.671,151048.8
2025-12-29 15:15:00,5.671,5.719,5.572,5.576,214093.8
2025-12-29 15:30:00,5.577,5.608,5.41,5.447,349094.1
2025-12-29 15:45:00,5.445,5.675,5.377,5.52,422707.4
2025-12-29 16:00:00,5.52,5.536,5.401,5.425,222868.7
2025-12-29 16:15:00,5.427,5.496,5.267,5.291,265433.5
2025-12-29 16:30:00,5.29,5.345,5.128,5.203,403632.5
2025-12-29 16:45:00,5.203,5.4,5.063,5.35,446054.7
2025-12-29 17:00:00,5.352,5.48,5.332,5.448,375141.8
2025-12-29 17:15:00,5.448,5.639,5.448,5.559,339077.4
2025-12-29 17:30:00,5.559,5.596,5.257,5.459,401197.7
2025-12-29 17:45:00,5.459,5.466,5.383,5.42,126854.7
2025-12-29 18:00:00,5.418,5.433,5.253,5.325,208713.2
2025-12-29 18:15:00,5.325,5.366,5.28,5.291,102358.5
2025-12-29 18:30:00,5.291,5.339,5.189,5.247,127844.0
2025-12-29 18:45:00,5.246,5.313,5.243,5.301,78959.8
2025-12-29 19:00:00,5.302,5.309,5.19,5.198,99334.8
2025-12-29 19:15:00,5.197,5.227,5.164,5.177,75417.5
2025-12-29 19:30:00,5.177,5.222,5.117,5.17,117279.5
2025-12-29 19:45:00,5.17,5.18,5.127,5.161,87745.0
2025-12-29 20:00:00,5.161,5.217,5.101,5.194,130638.6
2025-12-29 20:15:00,5.193,5.193,5.091,5.104,84062.2
2025-12-29 20:30:00,5.105,5.149,5.072,5.097,68187.9
2025-12-29 20:45:00,5.098,5.136,5.066,5.131,85455.3
2025-12-29 21:00:00,5.132,5.14,5.024,5.024,94662.0
2025-12-29 21:15:00,5.025,5.067,5.006,5.058,106356.8
2025-12-29 21:30:00,5.059,5.121,4.947,4.953,145238.4
2025-12-29 21:45:00,4.954,5.018,4.922,4.933,99185.1
2025-12-29 22:00:00,4.933,4.978,4.899,4.962,131406.5
2025-12-29 22:15:00,4.963,4.978,4.86,4.864,101473.0
2025-12-29 22:30:00,4.866,5.034,4.852,4.973,107987.2
2025-12-29 22:45:00,4.977,5.128,4.914,5.08,147893.0
2025-12-29 23:00:00,5.08,5.09,4.9,4.92,137925.6
2025-12-29 23:15:00,4.92,4.989,4.899,4.929,79612.7
2025-12-29 23:30:00,4.929,4.966,4.909,4.931,52782.0
2025-12-29 23:45:00,4.93,5.055,4.915,4.985,128025.2
2025-12-30 00:00:00,4.985,5.147,4.981,5.104,199306.1
2025-12-30 00:15:00,5.104,5.219,5.082,5.179,238362.0
2025-12-30 00:30:00,5.18,5.315,5.18,5.232,271207.9
2025-12-30 00:45:00,5.233,5.281,5.16,5.179,179274.2
2025-12-30 01:00:00,5.175,5.359,5.129,5.339,300275.0
2025-12-30 01:15:00,5.34,5.348,5.106,5.245,531046.2
2025-12-30 01:30:00,5.245,5.257,5.124,5.181,332495.9
2025-12-30 01:45:00,5.181,5.316,5.155,5.303,177915.4
2025-12-30 02:00:00,5.304,5.347,5.274,5.303,132332.3
2025-12-30 02:15:00,5.303,5.327,5.25,5.313,96903.9
2025-12-30 02:30:00,5.312,5.466,5.312,5.424,216399.3
2025-12-30 02:45:00,5.424,5.498,5.404,5.426,205006.4
2025-12-30 03:00:00,5.424,5.463,5.356,5.387,169003.1
2025-12-30 03:15:00,5.383,5.414,5.354,5.369,128867.8
2025-12-30 03:30:00,5.369,5.377,5.184,5.208,189894.3
2025-12-30 03:45:00,5.208,5.278,5.158,5.21,173754.2
2025-12-30 04:00:00,5.211,5.299,5.181,5.222,116926.6
2025-12-30 04:15:00,5.221,5.221,5.006,5.043,358433.0
2025-12-30 04:30:00,5.044,5.1,4.926,4.964,246159.1
2025-12-30 04:45:00,4.964,5.058,4.932,5.046,134735.5
2025-12-30 05:00:00,5.045,5.134,4.896,5.052,326596.2
2025-12-30 05:15:00,5.051,5.179,5.044,5.137,164226.8
2025-12-30 05:30:00,5.139,5.226,5.125,5.199,115961.1
2025-12-30 05:45:00,5.199,5.277,5.095,5.115,199914.2
2025-12-30 06:00:00,5.114,5.121,4.93,4.939,341934.3
2025-12-30 06:15:00,4.939,4.989,4.735,4.815,343326.9
2025-12-30 06:30:00,4.815,4.84,4.724,4.735,142174.1
2025-12-30 06:45:00,4.735,4.752,4.585,4.606,306130.7
2025-12-30 07:00:00,4.608,4.644,4.46,4.484,315690.1
2025-12-30 07:15:00,4.484,4.589,4.409,4.443,384464.5
2025-12-30 07:30:00,4.441,4.445,4.229,4.249,529501.3
2025-12-30 07:45:00,4.249,4.277,4.151,4.166,435162.1
2025-12-30 08:00:00,4.166,4.461,4.131,4.301,696606.7
2025-12-30 08:15:00,4.302,4.599,4.152,4.571,640992.0
2025-12-30 08:30:00,4.572,4.632,4.203,4.276,794067.7
2025-12-30 08:45:00,4.278,4.547,4.15,4.197,748738.3
2025-12-30 09:00:00,4.196,4.41,4.115,4.242,964682.8
2025-12-30 09:15:00,4.243,4.262,4.12,4.132,434953.4
2025-12-30 09:30:00,4.13,4.26,3.953,4.231,968443.6
2025-12-30 09:45:00,4.232,4.705,4.206,4.637,919941.5
2025-12-30 10:00:00,4.637,4.736,4.51,4.528,599909.5
2025-12-30 10:15:00,4.53,4.861,4.458,4.802,618490.7
2025-12-30 10:30:00,4.801,4.955,4.79,4.937,452601.7
2025-12-30 10:45:00,4.939,5.047,4.839,4.993,478657.1
2025-12-30 11:00:00,4.993,5.008,4.84,4.951,471158.4
2025-12-30 11:15:00,4.951,5.193,4.851,5.056,495745.7
2025-12-30 11:30:00,5.057,5.119,4.946,4.955,271619.4
2025-12-30 11:45:00,4.954,5.033,4.886,4.915,205121.3
2025-12-30 12:00:00,4.916,4.97,4.864,4.924,244876.7
2025-12-30 12:15:00,4.924,5.1,4.848,5.072,311633.7
2025-12-30 12:30:00,5.07,5.113,4.933,4.967,245192.8
2025-12-30 12:45:00,4.965,5.03,4.935,4.947,134812.9
2025-12-30 13:00:00,4.946,5.029,4.923,4.989,117865.9
2025-12-30 13:15:00,4.99,5.01,4.935,4.937,78573.0
2025-12-30 13:30:00,4.942,5.025,4.931,4.998,107301.8
2025-12-30 13:45:00,4.999,5.02,4.882,4.896,241461.2
2025-12-30 14:00:00,4.896,5.008,4.851,4.924,233428.2
2025-12-30 14:15:00,4.923,4.923,4.701,4.715,346473.4
2025-12-30 14:30:00,4.716,4.928,4.673,4.888,342631.6
2025-12-30 14:45:00,4.89,4.973,4.84,4.922,241385.0
2025-12-30 15:00:00,4.921,5.051,4.888,4.908,241784.0
2025-12-30 15:15:00,4.909,4.999,4.875,4.995,137555.0
2025-12-30 15:30:00,4.996,5.1,4.939,4.946,216081.8
2025-12-30 15:45:00,4.947,5.022,4.932,4.997,112378.2
2025-12-30 16:00:00,4.997,5.014,4.879,4.9,158481.1
2025-12-30 16:15:00,4.9,4.939,4.876,4.89,119685.1
2025-12-30 16:30:00,4.889,4.983,4.871,4.97,103882.0
2025-12-30 16:45:00,4.972,4.996,4.914,4.938,74088.6
2025-12-30 17:00:00,4.935,4.968,4.876,4.94,91191.8
2025-12-30 17:15:00,4.938,4.969,4.872,4.901,82281.1
2025-12-30 17:30:00,4.901,4.949,4.881,4.905,46934.4
2025-12-30 17:45:00,4.906,5.037,4.765,4.993,435836.3
2025-12-30 18:00:00,4.992,5.086,4.953,4.965,120404.8
2025-12-30 18:15:00,4.964,4.999,4.944,4.977,37296.6
2025-12-30 18:30:00,4.974,5.012,4.95,4.988,33913.9
2025-12-30 18:45:00,4.987,5.033,4.964,5.02,70978.8
2025-12-30 19:00:00,5.018,5.048,4.991,5.001,38738.4
2025-12-30 19:15:00,5.002,5.05,4.981,5.038,51575.9
2025-12-30 19:30:00,5.038,5.106,5.037,5.085,96851.2
2025-12-30 19:45:00,5.084,5.149,5.072,5.099,63474.2
2025-12-30 20:00:00,5.1,5.342,5.041,5.245,245593.9
2025-12-30 20:15:00,5.245,5.36,5.224,5.281,240763.7
2025-12-30 20:30:00,5.281,5.369,5.275,5.275,133322.2
2025-12-30 20:45:00,5.276,5.288,5.186,5.222,132243.2
2025-12-30 21:00:00,5.222,5.228,5.053,5.066,162853.6
2025-12-30 21:15:00,5.066,5.13,5.023,5.098,147045.5
2025-12-30 21:30:00,5.099,5.133,5.009,5.045,74261.1
2025-12-30 21:45:00,5.046,5.07,4.916,4.917,171976.7
2025-12-30 22:00:00,4.918,5.0,4.901,4.976,139982.7
2025-12-30 22:15:00,4.975,4.983,4.936,4.968,55946.8
2025-12-30 22:30:00,4.966,4.977,4.885,4.926,62346.8
2025-12-30 22:45:00,4.927,4.96,4.896,4.934,83149.0
2025-12-30 23:00:00,4.935,5.028,4.853,4.963,159980.4
2025-12-30 23:15:00,4.963,4.992,4.865,4.904,70848.0
2025-12-30 23:30:00,4.905,4.93,4.885,4.89,36098.8
2025-12-30 23:45:00,4.889,4.918,4.866,4.896,32089.7
2025-12-31 00:00:00,4.897,4.98,4.893,4.934,51392.3
2025-12-31 00:15:00,4.934,5.087,4.934,5.06,117002.5
2025-12-31 00:30:00,5.06,5.147,5.059,5.141,113536.6
2025-12-31 00:45:00,5.142,5.185,5.033,5.055,131750.4
2025-12-31 01:00:00,5.054,5.1,4.966,5.018,107923.0
2025-12-31 01:15:00,5.019,5.019,4.973,4.978,50153.6
2025-12-31 01:30:00,4.977,5.08,4.974,5.044,56202.2
2025-12-31 01:45:00,5.045,5.054,4.981,4.998,48348.8
2025-12-31 02:00:00,4.998,5.026,4.971,5.008,35877.8
2025-12-31 02:15:00,5.009,5.012,4.973,4.997,33664.2
2025-12-31 02:30:00,4.997,5.31,4.997,5.25,407795.6
2025-12-31 02:45:00,5.249,5.487,5.241,5.383,270398.7
2025-12-31 03:00:00,5.383,5.392,5.272,5.319,240471.2
2025-12-31 03:15:00,5.319,5.476,5.299,5.396,213505.9
2025-12-31 03:30:00,5.396,5.43,5.334,5.342,88841.0
2025-12-31 03:45:00,5.34,5.432,5.338,5.422,61690.1
2025-12-31 04:00:00,5.421,5.467,5.402,5.445,80935.8
2025-12-31 04:15:00,5.444,5.711,5.426,5.616,346730.7
2025-12-31 04:30:00,5.617,5.762,5.616,5.722,309756.4
2025-12-31 04:45:00,5.722,5.753,5.659,5.704,253274.1
2025-12-31 05:00:00,5.704,5.751,5.649,5.691,214399.9
2025-12-31 05:15:00,5.691,5.779,5.548,5.766,292059.8
2025-12-31 05:30:00,5.766,5.85,5.653,5.69,269677.7
2025-12-31 05:45:00,5.692,5.777,5.459,5.765,413036.3
2025-12-31 06:00:00,5.761,5.819,5.748,5.787,245359.4
2025-12-31 06:15:00,5.786,5.903,5.706,5.883,474867.7
2025-12-31 06:30:00,5.883,5.953,5.804,5.897,455577.2
2025-12-31 06:45:00,5.897,5.943,5.803,5.87,397241.9
2025-12-31 07:00:00,5.868,5.886,5.769,5.845,347458.5
2025-12-31 07:15:00,5.846,5.918,5.793,5.849,617461.8
2025-12-31 07:30:00,5.848,5.897,5.77,5.795,393610.8
2025-12-31 07:45:00,5.795,6.122,5.793,5.978,791625.6
2025-12-31 08:00:00,5.977,6.242,5.932,6.157,1387514.3
2025-12-31 08:15:00,6.156,6.367,6.13,6.304,1355391.4
2025-12-31 08:30:00,6.305,6.638,6.289,6.572,2016165.9
2025-12-31 08:45:00,6.572,6.66,6.328,6.408,2010563.7
2025-12-31 09:00:00,6.409,6.523,6.234,6.409,1719157.6
2025-12-31 09:15:00,6.408,6.86,6.389,6.699,2087662.9
2025-12-31 09:30:00,6.699,7.068,6.687,7.008,2566777.2
2025-12-31 09:45:00,7.007,7.016,6.708,6.758,1858072.8
2025-12-31 10:00:00,6.758,6.988,6.52,6.972,2102051.6
2025-12-31 10:15:00,6.972,7.1,6.828,6.97,1256988.1
2025-12-31 10:30:00,6.971,7.25,6.944,7.144,1707602.4
2025-12-31 10:45:00,7.145,7.5,7.138,7.395,2145001.4
2025-12-31 11:00:00,7.394,7.439,7.16,7.222,1848830.5
2025-12-31 11:15:00,7.218,7.363,7.126,7.135,1075608.0
2025-12-31 11:30:00,7.135,7.669,7.106,7.554,2212775.9
2025-12-31 11:45:00,7.554,7.852,7.55,7.613,1808584.2
2025-12-31 12:00:00,7.611,8.021,7.502,7.963,2431721.6
2025-12-31 12:15:00,7.963,8.19,7.865,8.073,1743973.9
2025-12-31 12:30:00,8.074,8.45,8.001,8.106,2762966.7
2025-12-31 12:45:00,8.106,8.369,8.103,8.309,1357694.8
2025-12-31 13:00:00,8.313,8.393,8.007,8.172,1952636.5
2025-12-31 13:15:00,8.172,8.266,8.081,8.137,857289.7
2025-12-31 13:30:00,8.137,8.5,8.116,8.402,1541135.9
2025-12-31 13:45:00,8.403,8.58,8.294,8.456,1590845.0
2025-12-31 14:00:00,8.456,8.9,8.35,8.583,3273897.5
2025-12-31 14:15:00,8.584,8.675,8.495,8.599,1157772.4
2025-12-31 14:30:00,8.6,8.771,8.563,8.672,1094825.4
2025-12-31 14:45:00,8.674,8.8,8.085,8.306,2501116.7
2025-12-31 15:00:00,8.309,8.32,7.257,7.705,5276491.0
2025-12-31 15:15:00,7.704,8.199,7.513,8.14,2019366.1
2025-12-31 15:30:00,8.141,8.52,8.125,8.16,1871492.7
2025-12-31 15:45:00,8.161,8.309,8.02,8.239,1418088.8
2025-12-31 16:00:00,8.238,8.685,8.125,8.573,1816192.2
2025-12-31 16:15:00,8.573,8.777,8.485,8.626,1246691.2
2025-12-31 16:30:00,8.626,9.361,8.537,9.222,2995483.7
2025-12-31 16:45:00,9.224,9.625,9.069,9.106,2514783.7
2025-12-31 17:00:00,9.105,9.221,8.782,9.153,2196828.2
2025-12-31 17:15:00,9.15,9.424,9.095,9.4,1240540.0
2025-12-31 17:30:00,9.402,9.463,9.121,9.281,1247196.8
2025-12-31 17:45:00,9.28,9.353,9.14,9.217,872531.4
2025-12-31 18:00:00,9.217,9.33,9.013,9.204,1104127.3
2025-12-31 18:15:00,9.205,9.319,8.9,9.101,935498.4
2025-12-31 18:30:00,9.102,9.39,9.1,9.352,794872.3
2025-12-31 18:45:00,9.353,9.857,9.287,9.75,1899256.6
2025-12-31 19:00:00,9.753,10.3,9.579,10.043,2741643.8
2025-12-31 19:15:00,10.042,11.0,9.677,10.374,2010306.1
2025-12-31 19:30:00,10.377,10.692,10.002,10.173,1801802.4
2025-12-31 19:45:00,10.172,10.7,9.84,10.621,1170008.4
2025-12-31 20:00:00,10.62,10.633,9.545,10.157,1683148.4
2025-12-31 20:15:00,10.158,10.291,9.635,10.055,1157889.0
2025-12-31 20:30:00,10.056,10.284,9.765,10.139,935716.3
2025-12-31 20:45:00,10.139,10.857,10.025,10.441,1614612.3
2025-12-31 21:00:00,10.44,10.638,10.09,10.57,1057672.2
2025-12-31 21:15:00,10.57,11.436,10.513,10.936,1890776.4
2025-12-31 21:30:00,10.936,11.428,10.71,11.215,1414851.0
2025-12-31 21:45:00,11.217,11.48,10.747,11.028,1228145.6
2025-12-31 22:00:00,11.028,11.053,9.28,10.414,2580568.4
2025-12-31 22:15:00,10.419,10.689,9.888,10.027,1219103.7
2025-12-31 22:30:00,10.031,10.94,9.98,10.771,1047578.6
2025-12-31 22:45:00,10.772,10.976,10.371,10.397,747387.0
2025-12-31 23:00:00,10.392,10.649,10.201,10.578,869910.2
2025-12-31 23:15:00,10.578,11.007,10.534,10.612,733194.2
2025-12-31 23:30:00,10.612,10.93,10.481,10.852,591322.7
2025-12-31 23:45:00,10.849,11.088,10.755,10.936,784926.0
2026-01-01 00:00:00,10.933,11.3,10.57,11.208,1190803.2
2026-01-01 00:15:00,11.204,11.235,10.8,11.044,676877.9
2026-01-01 00:30:00,11.045,11.59,10.825,10.85,1078591.8
2026-01-01 00:45:00,10.849,11.055,10.625,10.956,795910.3
2026-01-01 01:00:00,10.955,10.984,10.263,10.547,1149617.1
2026-01-01 01:15:00,10.551,10.84,10.516,10.585,585252.9
2026-01-01 01:30:00,10.585,10.746,10.026,10.159,808192.3
2026-01-01 01:45:00,10.162,10.466,9.719,9.914,1221385.8
2026-01-01 02:00:00,9.913,10.1,9.359,9.674,1995098.2
2026-01-01 02:15:00,9.674,9.9,8.81,9.115,2199366.3
2026-01-01 02:30:00,9.116,9.799,9.089,9.476,1709521.5
2026-01-01 02:45:00,9.477,9.902,9.425,9.546,973861.8
2026-01-01 03:00:00,9.541,9.587,9.154,9.369,1123138.9
2026-01-01 03:15:00,9.371,9.388,8.9,9.105,1037414.5
2026-01-01 03:30:00,9.105,9.235,8.488,8.631,1802294.2
2026-01-01 03:45:00,8.627,9.078,8.621,8.745,1089432.0
2026-01-01 04:00:00,8.744,9.061,8.646,9.019,986539.3
2026-01-01 04:15:00,9.018,9.5,8.985,9.311,1297567.1
2026-01-01 04:30:00,9.31,9.361,8.715,8.852,1230739.5
2026-01-01 04:45:00,8.85,9.321,8.823,9.007,956446.4
2026-01-01 05:00:00,9.004,9.1,8.291,8.372,1384696.1
2026-01-01 05:15:00,8.371,8.691,7.837,7.841,2024828.3
2026-01-01 05:30:00,7.843,7.92,7.42,7.566,2286039.5
2026-01-01 05:45:00,7.567,7.597,7.265,7.33,1513932.1
2026-01-01 06:00:00,7.328,7.58,7.006,7.042,2377551.1
2026-01-01 06:15:00,7.042,7.917,7.02,7.741,2384392.5
2026-01-01 06:30:00,7.743,8.6,7.586,8.162,2766177.0
2026-01-01 06:45:00,8.165,8.5,7.939,8.069,1284804.9
2026-01-01 07:00:00,8.069,8.846,7.935,8.705,1499988.2
2026-01-01 07:15:00,8.704,8.715,8.233,8.377,1093190.3
2026-01-01 07:30:00,8.38,8.959,8.227,8.702,1193303.6
2026-01-01 07:45:00,8.698,10.02,8.671,9.345,2593793.9
2026-01-01 08:00:00,9.344,9.679,9.03,9.546,1466962.4
2026-01-01 08:15:00,9.545,9.86,9.384,9.733,975085.5
2026-01-01 08:30:00,9.735,10.339,9.6,10.196,1667326.2
2026-01-01 08:45:00,10.197,10.857,9.531,10.457,2409710.9
2026-01-01 09:00:00,10.457,10.745,10.125,10.368,1407500.3
2026-01-01 09:15:00,10.367,10.494,9.906,10.244,1432982.9
2026-01-01 09:30:00,10.247,11.12,10.238,11.0,1439953.6
2026-01-01 09:45:00,10.999,11.5,10.685,10.785,2356576.5
2026-01-01 10:00:00,10.784,11.229,10.511,10.72,1640860.3
2026-01-01 10:15:00,10.715,10.89,10.41,10.612,1031327.1
2026-01-01 10:30:00,10.614,10.716,10.254,10.337,980972.8
2026-01-01 10:45:00,10.337,10.425,9.368,10.232,2613955.2
2026-01-01 11:00:00,10.23,10.393,9.141,9.622,2054688.5
2026-01-01 11:15:00,9.622,9.9,9.35,9.687,1637783.8
2026-01-01 11:30:00,9.687,9.899,9.425,9.452,1013974.2
2026-01-01 11:45:00,9.455,9.849,9.416,9.794,992637.0
2026-01-01 12:00:00,9.794,10.595,9.779,10.244,1675796.8
2026-01-01 12:15:00,10.243,10.825,9.108,9.34,2420035.3
2026-01-01 12:30:00,9.343,10.299,9.343,9.886,1967035.1
2026-01-01 12:45:00,9.889,10.383,9.851,10.277,1019072.7
2026-01-01 13:00:00,10.281,10.488,10.011,10.154,889183.4
2026-01-01 13:15:00,10.155,10.243,9.754,10.041,970615.1
2026-01-01 13:30:00,10.044,10.105,9.793,9.882,660094.1
2026-01-01 13:45:00,9.88,10.08,9.642,9.662,792307.0
2026-01-01 14:00:00,9.659,9.89,9.542,9.775,878835.8
2026-01-01 14:15:00,9.775,10.232,9.664,10.153,1039495.2
2026-01-01 14:30:00,10.156,10.184,9.886,9.974,549154.9
2026-01-01 14:45:00,9.972,10.08,9.823,9.983,453764.5
2026-01-01 15:00:00,9.982,10.156,9.704,9.754,719152.0
2026-01-01 15:15:00,9.753,10.099,9.703,9.988,631328.5
2026-01-01 15:30:00,9.99,10.067,9.851,9.984,411986.2
2026-01-01 15:45:00,9.984,10.49,9.922,9.978,961289.6
2026-01-01 16:00:00,9.979,10.338,9.937,10.173,725942.7
2026-01-01 16:15:00,10.173,10.314,9.941,10.048,583204.9
2026-01-01 16:30:00,10.047,10.35,9.606,10.301,818943.2
2026-01-01 16:45:00,10.3,10.598,10.241,10.377,880966.4
2026-01-01 17:00:00,10.377,11.274,10.303,10.819,1528438.8
2026-01-01 17:15:00,10.817,11.3,10.751,10.996,1076479.7
2026-01-01 17:30:00,10.992,11.398,10.561,11.116,1407092.6
2026-01-01 17:45:00,11.12,13.098,11.09,12.249,3502420.5
2026-01-01 18:00:00,12.254,13.864,12.139,13.148,3041963.2
2026-01-01 18:15:00,13.147,13.693,12.628,12.984,1943281.4
2026-01-01 18:30:00,12.991,13.007,12.539,12.86,1210723.2
2026-01-01 18:45:00,12.859,13.241,12.511,12.65,1241695.0
2026-01-01 19:00:00,12.65,12.764,12.067,12.574,1402255.2
2026-01-01 19:15:00,12.575,12.849,12.44,12.829,641873.8
2026-01-01 19:30:00,12.827,13.265,12.743,12.981,1085372.0
2026-01-01 19:45:00,12.982,13.462,12.83,13.123,967266.5
2026-01-01 20:00:00,13.123,13.5,12.914,13.282,954763.0
2026-01-01 20:15:00,13.282,14.795,13.275,14.117,2540067.5
2026-01-01 20:30:00,14.116,14.479,13.605,13.971,1260678.5
2026-01-01 20:45:00,13.971,14.199,13.7,13.78,806182.3
2026-01-01 21:00:00,13.776,14.098,13.362,14.039,1111620.4
2026-01-01 21:15:00,14.039,14.36,13.973,14.234,734781.0
2026-01-01 21:30:00,14.234,14.85,14.044,14.193,1297696.2
2026-01-01 21:45:00,14.188,14.209,12.0,13.401,3225348.5
2026-01-01 22:00:00,13.395,13.889,12.98,13.694,1229723.3
2026-01-01 22:15:00,13.688,14.185,13.657,13.867,915206.1
2026-01-01 22:30:00,13.868,14.288,13.569,13.982,702621.9
2026-01-01 22:45:00,13.983,14.15,13.621,13.74,592542.7
2026-01-01 23:00:00,13.74,14.1,13.451,13.959,883636.7
2026-01-01 23:15:00,13.961,14.986,13.894,14.263,1486605.4
2026-01-01 23:30:00,14.275,14.933,14.04,14.234,1067604.8
2026-01-01 23:45:00,14.238,14.5,14.079,14.135,620813.7
2026-01-02 00:00:00,14.131,14.5,13.732,14.439,1033846.8
2026-01-02 00:15:00,14.439,14.879,14.239,14.455,969156.2
2026-01-02 00:30:00,14.457,15.4,13.734,14.285,1803021.9
2026-01-02 00:45:00,14.285,14.374,14.066,14.117,550024.8
2026-01-02 01:00:00,14.123,14.363,13.91,14.3,728989.6
2026-01-02 01:15:00,14.305,14.674,14.065,14.428,843884.5
2026-01-02 01:30:00,14.424,15.201,14.36,14.471,988192.2
2026-01-02 01:45:00,14.471,14.54,14.268,14.323,540976.3
2026-01-02 02:00:00,14.323,14.433,13.067,13.687,1193979.6
2026-01-02 02:15:00,13.687,13.831,12.548,12.699,1522637.0
2026-01-02 02:30:00,12.706,13.616,12.576,13.273,1625113.4
2026-01-02 02:45:00,13.273,13.709,13.103,13.119,912545.0
2026-01-02 03:00:00,13.118,13.364,12.778,12.939,1033225.4
2026-01-02 03:15:00,12.939,13.377,12.86,13.279,710318.1
2026-01-02 03:30:00,13.281,13.68,12.669,12.958,1061165.4
2026-01-02 03:45:00,12.959,13.139,12.33,12.391,1303008.9
2026-01-02 04:00:00,12.391,12.798,11.741,12.119,1642714.6
2026-01-02 04:15:00,12.12,12.43,11.837,12.106,1102225.8
2026-01-02 04:30:00,12.105,12.57,12.098,12.305,763108.2
2026-01-02 04:45:00,12.305,12.444,12.112,12.27,686261.7
2026-01-02 05:00:00,12.271,12.275,11.662,11.877,1059927.5
2026-01-02 05:15:00,11.878,12.246,11.647,12.172,883324.8
2026-01-02 05:30:00,12.172,12.394,11.263,11.529,1603497.6
2026-01-02 05:45:00,11.529,11.743,11.387,11.542,766904.3
2026-01-02 06:00:00,11.544,11.66,11.283,11.595,1033274.1
2026-01-02 06:15:00,11.598,11.955,11.582,11.906,907231.0
2026-01-02 06:30:00,11.906,12.727,11.836,12.587,1789866.8
2026-01-02 06:45:00,12.588,13.029,12.271,12.683,1321698.6
2026-01-02 07:00:00,12.683,13.064,12.43,12.441,1270900.1
2026-01-02 07:15:00,12.437,12.569,12.067,12.115,1011742.2
2026-01-02 07:30:00,12.116,12.297,11.891,11.986,1061963.8
2026-01-02 07:45:00,11.986,12.134,11.605,12.017,1046198.4
2026-01-02 08:00:00,12.016,12.22,11.836,11.901,911094.0
2026-01-02 08:15:00,11.901,12.046,11.672,11.911,745818.4
2026-01-02 08:30:00,11.911,11.994,11.618,11.803,660727.1
2026-01-02 08:45:00,11.803,11.901,11.65,11.728,549123.9
2026-01-02 09:00:00,11.724,11.73,11.328,11.446,828417.4
2026-01-02 09:15:00,11.446,12.339,11.413,12.268,1687609.7
2026-01-02 09:30:00,12.269,12.278,11.479,11.576,1027125.6
2026-01-02 09:45:00,11.575,11.966,11.568,11.872,773370.8
2026-01-02 10:00:00,11.87,12.15,11.759,11.862,669768.1
2026-01-02 10:15:00,11.858,12.153,11.766,12.011,537209.9
2026-01-02 10:30:00,12.012,12.144,11.835,11.993,510644.2
2026-01-02 10:45:00,11.993,12.499,11.928,12.399,748035.4
2026-01-02 11:00:00,12.399,12.669,12.2,12.304,906349.5
2026-01-02 11:15:00,12.304,12.467,12.186,12.277,572207.0
2026-01-02 11:30:00,12.278,12.446,12.061,12.151,547730.4
2026-01-02 11:45:00,12.15,12.599,12.077,12.519,599434.8
2026-01-02 12:00:00,12.519,12.883,12.44,12.708,1037775.2
2026-01-02 12:15:00,12.708,12.882,12.552,12.607,585228.9
2026-01-02 12:30:00,12.607,13.39,12.524,13.248,1495350.0
2026-01-02 12:45:00,13.248,13.546,13.079,13.15,1052398.8
2026-01-02 13:00:00,13.149,13.68,13.002,13.614,1224507.6
2026-01-02 13:15:00,13.614,14.245,13.468,14.087,1971725.5
2026-01-02 13:30:00,14.086,14.456,13.917,14.393,1483219.4
2026-01-02 13:45:00,14.39,14.436,13.629,13.97,1818243.1
2026-01-02 14:00:00,13.97,14.186,13.751,13.982,1296977.9
2026-01-02 14:15:00,13.979,14.5,13.917,14.282,1424099.1
2026-01-02 14:30:00,14.282,14.521,14.062,14.246,1112057.0
2026-01-02 14:45:00,14.246,15.173,14.127,14.96,2534125.7
2026-01-02 15:00:00,14.959,15.349,14.57,14.78,2173600.2
2026-01-02 15:15:00,14.783,15.35,13.941,14.586,2831340.2
2026-01-02 15:30:00,14.581,16.3,14.581,15.978,3717955.8
2026-01-02 15:45:00,15.977,16.55,15.888,16.067,2589095.7
2026-01-02 16:00:00,16.069,16.182,15.381,15.954,2663599.2
2026-01-02 16:15:00,15.954,16.065,15.512,15.584,1800277.5
2026-01-02 16:30:00,15.583,16.38,15.554,16.174,1546532.5
2026-01-02 16:45:00,16.173,16.37,15.902,16.011,1164838.0
2026-01-02 17:00:00,16.011,16.279,15.67,16.211,1335891.0
2026-01-02 17:15:00,16.212,16.879,16.193,16.527,1922712.8
2026-01-02 17:30:00,16.527,16.76,16.4,16.638,952347.8
2026-01-02 17:45:00,16.639,16.693,16.211,16.29,1247514.0
2026-01-02 18:00:00,16.291,16.72,16.107,16.567,1085620.0
2026-01-02 18:15:00,16.566,17.8,16.518,17.425,2263858.7
2026-01-02 18:30:00,17.428,17.565,17.121,17.311,945472.5
2026-01-02 18:45:00,17.31,17.443,17.027,17.163,834292.6
2026-01-02 19:00:00,17.162,17.179,15.427,16.365,2043973.6
2026-01-02 19:15:00,16.364,17.228,16.362,17.097,1253223.3
2026-01-02 19:30:00,17.095,17.11,16.701,16.885,763164.1
2026-01-02 19:45:00,16.884,17.28,16.602,16.697,805374.7
2026-01-02 20:00:00,16.7,17.065,16.444,17.0,835877.4
2026-01-02 20:15:00,16.995,17.093,16.625,16.752,549670.6
2026-01-02 20:30:00,16.752,16.8,16.254,16.554,778320.9
2026-01-02 20:45:00,16.554,16.911,16.409,16.666,642488.9
2026-01-02 21:00:00,16.667,16.675,16.311,16.639,617069.2
2026-01-02 21:15:00,16.638,17.034,15.308,16.14,1405415.4
2026-01-02 21:30:00,16.137,16.439,15.682,16.413,712952.8
2026-01-02 21:45:00,16.414,16.565,16.25,16.411,496450.4
2026-01-02 22:00:00,16.404,16.857,16.154,16.528,773184.8
2026-01-02 22:15:00,16.523,16.89,16.461,16.659,430712.5
2026-01-02 22:30:00,16.659,17.127,16.415,16.834,389216.8
2026-01-02 22:45:00,16.834,17.2,16.743,16.853,514568.2
2026-01-02 23:00:00,16.862,16.903,16.043,16.606,606766.9
2026-01-02 23:15:00,16.607,16.671,16.3,16.303,321962.2
2026-01-02 23:30:00,16.302,16.515,16.13,16.353,406229.4
2026-01-02 23:45:00,16.354,16.729,16.353,16.644,379510.9
2026-01-03 00:00:00,16.641,17.388,16.42,16.649,890200.6
2026-01-03 00:15:00,16.65,17.568,16.6,17.177,821353.8
2026-01-03 00:30:00,17.176,17.6,17.054,17.265,700561.0
2026-01-03 00:45:00,17.266,17.389,16.77,17.249,953864.8
2026-01-03 01:00:00,17.256,17.276,16.753,17.162,625619.1
2026-01-03 01:15:00,17.165,17.385,16.95,17.019,587053.5
2026-01-03 01:30:00,17.02,17.196,16.662,16.859,602123.6
2026-01-03 01:45:00,16.859,16.907,15.622,15.883,1568011.6
2026-01-03 02:00:00,15.883,15.939,14.481,15.301,2683528.8
2026-01-03 02:15:00,15.302,15.993,15.106,15.598,1132950.8
2026-01-03 02:30:00,15.598,15.964,15.268,15.772,778358.7
2026-01-03 02:45:00,15.773,15.973,15.293,15.323,616636.3
2026-01-03 03:00:00,15.321,15.651,15.155,15.451,611234.8
2026-01-03 03:15:00,15.451,15.625,15.118,15.25,463237.8
2026-01-03 03:30:00,15.251,15.421,14.82,14.893,645749.6
2026-01-03 03:45:00,14.891,15.199,14.826,14.941,440275.2
2026-01-03 04:00:00,14.939,15.248,14.861,15.044,490768.2
2026-01-03 04:15:00,15.044,15.479,14.917,15.273,524422.9
2026-01-03 04:30:00,15.269,15.6,15.006,15.039,515045.8
2026-01-03 04:45:00,15.039,15.171,14.877,15.044,358594.4
2026-01-03 05:00:00,15.043,15.281,14.825,15.272,442532.9
2026-01-03 05:15:00,15.272,15.745,15.2,15.582,665962.5
2026-01-03 05:30:00,15.582,15.869,15.528,15.644,559879.3
2026-01-03 05:45:00,15.644,15.74,15.174,15.22,660559.7
2026-01-03 06:00:00,15.22,15.345,15.122,15.207,372228.9
2026-01-03 06:15:00,15.206,15.592,14.872,14.922,517245.7
2026-01-03 06:30:00,14.923,15.148,14.501,14.805,664564.0
2026-01-03 06:45:00,14.808,15.038,14.77,14.948,386923.2
2026-01-03 07:00:00,14.946,15.102,14.7,14.73,521704.0
2026-01-03 07:15:00,14.73,15.015,14.451,15.002,620210.2
2026-01-03 07:30:00,15.002,15.48,14.958,15.134,750680.8
2026-01-03 07:45:00,15.133,15.249,14.906,15.122,415076.2
2026-01-03 08:00:00,15.122,15.124,14.721,14.801,417768.9
2026-01-03 08:15:00,14.801,14.999,13.766,14.28,1249422.9
2026-01-03 08:30:00,14.279,14.466,14.03,14.072,549774.7
2026-01-03 08:45:00,14.069,14.555,13.849,14.42,821206.7
2026-01-03 09:00:00,14.418,14.849,14.235,14.69,668247.9
2026-01-03 09:15:00,14.692,15.146,14.607,14.695,793461.5
2026-01-03 09:30:00,14.695,14.708,14.139,14.208,661728.8
2026-01-03 09:45:00,14.209,14.321,13.906,14.064,624346.7
2026-01-03 10:00:00,14.065,14.441,13.64,13.669,994973.4
2026-01-03 10:15:00,13.669,13.762,13.1,13.478,1378690.1
2026-01-03 10:30:00,13.478,13.68,13.122,13.222,743523.7
2026-01-03 10:45:00,13.224,13.328,12.844,13.082,1024492.9
2026-01-03 11:00:00,13.083,13.603,12.86,13.428,1155260.4
2026-01-03 11:15:00,13.428,13.813,13.246,13.287,883220.1
2026-01-03 11:30:00,13.288,13.579,13.107,13.535,654100.9
2026-01-03 11:45:00,13.534,13.576,13.253,13.39,418176.6
2026-01-03 12:00:00,13.39,13.73,13.255,13.411,653168.6
2026-01-03 12:15:00,13.41,13.529,13.155,13.318,400426.2
2026-01-03 12:30:00,13.318,13.573,13.288,13.379,366031.9
2026-01-03 12:45:00,13.378,13.663,13.265,13.483,415271.5
2026-01-03 13:00:00,13.481,14.469,13.425,14.338,930729.1
2026-01-03 13:15:00,14.344,14.406,13.698,13.795,888108.5
2026-01-03 13:30:00,13.794,14.141,13.206,13.337,878800.8
2026-01-03 13:45:00,13.336,13.689,13.205,13.419,690135.6
2026-01-03 14:00:00,13.421,13.773,13.359,13.53,531523.3
2026-01-03 14:15:00,13.531,13.937,13.494,13.806,469466.0
2026-01-03 14:30:00,13.806,13.916,13.562,13.674,443783.1
2026-01-03 14:45:00,13.673,13.719,13.133,13.147,683474.5
2026-01-03 15:00:00,13.147,13.517,13.017,13.064,712979.5
2026-01-03 15:15:00,13.063,13.356,13.018,13.277,539441.6
2026-01-03 15:30:00,13.274,13.45,13.183,13.339,393651.1
2026-01-03 15:45:00,13.339,13.408,12.46,12.81,1119809.9
2026-01-03 16:00:00,12.808,13.189,12.802,13.072,638260.5
2026-01-03 16:15:00,13.074,13.828,13.065,13.561,892862.7
2026-01-03 16:30:00,13.561,13.704,13.321,13.44,570811.4
2026-01-03 16:45:00,13.441,13.561,13.195,13.446,444661.7
2026-01-03 17:00:00,13.446,13.63,13.168,13.193,386699.7
2026-01-03 17:15:00,13.194,13.3,13.069,13.101,342746.1
2026-01-03 17:30:00,13.102,13.377,13.001,13.222,433586.8
2026-01-03 17:45:00,13.222,13.368,13.109,13.288,247462.0
2026-01-03 18:00:00,13.287,13.522,13.155,13.178,368300.9
2026-01-03 18:15:00,13.178,13.63,13.165,13.54,391262.4
2026-01-03 18:30:00,13.542,14.4,13.525,13.682,1048755.2
2026-01-03 18:45:00,13.682,13.976,13.553,13.725,413326.1
2026-01-03 19:00:00,13.725,13.879,13.251,13.467,438214.2
2026-01-03 19:15:00,13.467,13.586,13.041,13.161,446370.5
2026-01-03 19:30:00,13.163,13.37,13.086,13.325,292121.5
2026-01-03 19:45:00,13.323,13.388,13.116,13.234,227735.9
2026-01-03 20:00:00,13.235,13.324,13.139,13.311,206950.2
2026-01-03 20:15:00,13.312,13.38,13.147,13.198,203565.6
2026-01-03 20:30:00,13.201,13.254,13.005,13.149,266976.9
2026-01-03 20:45:00,13.148,13.219,12.9,12.988,308484.3
2026-01-03 21:00:00,12.985,13.022,12.75,12.913,418350.9
2026-01-03 21:15:00,12.914,12.963,12.621,12.66,321255.8
2026-01-03 21:30:00,12.659,12.805,12.123,12.245,854248.3
2026-01-03 21:45:00,12.245,12.402,12.176,12.296,345013.6
2026-01-03 22:00:00,12.295,12.425,12.059,12.156,448904.9
2026-01-03 22:15:00,12.154,12.52,12.132,12.193,433183.2
2026-01-03 22:30:00,12.191,12.378,12.128,12.305,284976.8
2026-01-03 22:45:00,12.305,12.7,12.3,12.586,343500.5
2026-01-03 23:00:00,12.587,12.752,12.388,12.448,328871.2
2026-01-03 23:15:00,12.445,12.482,12.135,12.191,322745.3
2026-01-03 23:30:00,12.192,12.671,11.702,12.409,924662.9
2026-01-03 23:45:00,12.411,12.432,12.036,12.265,575958.8
2026-01-04 00:00:00,12.263,13.099,12.239,13.0,908775.5
2026-01-04 00:15:00,13.002,13.885,12.924,13.572,1203097.3
2026-01-04 00:30:00,13.571,14.08,13.466,13.92,1021578.4
2026-01-04 00:45:00,13.919,15.266,13.731,14.162,1521070.8
2026-01-04 01:00:00,14.162,14.446,13.627,13.87,1153062.7
2026-01-04 01:15:00,13.868,14.067,13.615,13.732,508715.3
2026-01-04 01:30:00,13.733,14.05,13.65,13.946,417342.4
2026-01-04 01:45:00,13.946,14.008,13.727,13.816,264094.3
2026-01-04 02:00:00,13.815,13.92,13.6,13.632,287912.4
2026-01-04 02:15:00,13.633,13.839,13.511,13.689,295918.5
2026-01-04 02:30:00,13.688,13.824,13.605,13.693,188041.2
2026-01-04 02:45:00,13.693,13.713,13.411,13.441,227609.8
2026-01-04 03:00:00,13.441,13.572,13.215,13.309,374856.8
2026-01-04 03:15:00,13.309,13.719,13.288,13.513,319125.9
2026-01-04 03:30:00,13.512,13.58,13.354,13.433,197990.7
2026-01-04 03:45:00,13.432,13.644,13.397,13.455,201095.5
2026-01-04 04:00:00,13.456,13.665,13.343,13.392,227370.0
2026-01-04 04:15:00,13.391,13.517,13.288,13.412,191141.7
2026-01-04 04:30:00,13.412,13.672,13.38,13.556,230641.0
2026-01-04 04:45:00,13.556,13.885,13.552,13.728,324179.1
2026-01-04 05:00:00,13.729,13.805,13.566,13.596,215285.4
2026-01-04 05:15:00,13.596,13.627,13.453,13.523,170471.6
2026-01-04 05:30:00,13.521,13.569,13.394,13.454,183535.3
2026-01-04 05:45:00,13.455,13.599,13.372,13.518,193732.4
2026-01-04 06:00:00,13.517,14.2,13.513,14.104,493083.2
2026-01-04 06:15:00,14.104,14.799,14.104,14.619,858859.1
2026-01-04 06:30:00,14.615,15.247,14.502,15.21,930438.5
2026-01-04 06:45:00,15.21,15.763,14.804,15.499,1327334.8
2026-01-04 07:00:00,15.503,16.42,15.402,16.195,1340915.4
2026-01-04 07:15:00,16.199,16.699,15.853,16.487,1173721.6
2026-01-04 07:30:00,16.481,16.612,15.38,16.149,1427502.6
2026-01-04 07:45:00,16.143,16.313,15.71,15.792,762743.5
2026-01-04 08:00:00,15.795,16.394,15.702,16.247,838983.4
2026-01-04 08:15:00,16.246,16.678,16.196,16.418,713810.6
2026-01-04 08:30:00,16.42,16.553,16.131,16.144,561595.1
2026-01-04 08:45:00,16.147,16.399,15.7,15.843,763724.1
2026-01-04 09:00:00,15.845,15.849,15.102,15.351,1022021.8
2026-01-04 09:15:00,15.351,15.637,14.533,14.834,1376439.0
2026-01-04 09:30:00,14.834,15.19,14.681,15.066,721489.3
2026-01-04 09:45:00,15.067,15.26,14.771,14.887,529291.4
2026-01-04 10:00:00,14.889,15.156,14.684,15.042,456800.6
2026-01-04 10:15:00,15.042,15.4,15.003,15.306,515771.9
2026-01-04 10:30:00,15.305,15.54,15.06,15.264,551044.2
2026-01-04 10:45:00,15.263,15.348,14.72,14.844,562620.9
2026-01-04 11:00:00,14.843,15.127,14.792,14.833,446171.1
2026-01-04 11:15:00,14.833,15.048,14.531,14.618,570716.5
2026-01-04 11:30:00,14.618,14.669,13.053,13.533,1923599.0
2026-01-04 11:45:00,13.535,13.544,12.305,12.755,2329915.4
2026-01-04 12:00:00,12.755,13.082,12.47,12.603,1184931.7
2026-01-04 12:15:00,12.604,12.792,11.8,12.339,1667092.9
2026-01-04 12:30:00,12.338,12.728,12.128,12.235,1118857.6
2026-01-04 12:45:00,12.235,12.463,12.154,12.216,783291.7
2026-01-04 13:00:00,12.213,12.284,11.761,12.099,1279892.9
2026-01-04 13:15:00,12.098,12.349,11.899,12.0,748979.0
2026-01-04 13:30:00,11.998,12.078,11.11,11.55,1456726.3
2026-01-04 13:45:00,11.548,11.578,10.934,11.483,1489166.9
2026-01-04 14:00:00,11.483,12.559,11.464,12.46,1985702.0
2026-01-04 14:15:00,12.46,13.056,12.452,12.565,1648752.9
2026-01-04 14:30:00,12.566,12.88,12.207,12.361,1397430.0
2026-01-04 14:45:00,12.36,12.44,12.022,12.033,855254.9
2026-01-04 15:00:00,12.036,12.539,11.986,12.405,773568.1
2026-01-04 15:15:00,12.404,12.486,12.102,12.221,494461.7
2026-01-04 15:30:00,12.221,12.444,12.137,12.146,358491.0
2026-01-04 15:45:00,12.146,12.363,12.041,12.103,358767.1
2026-01-04 16:00:00,12.103,12.337,12.085,12.167,322844.4
2026-01-04 16:15:00,12.167,12.413,12.127,12.289,316382.6
2026-01-04 16:30:00,12.286,12.681,12.217,12.297,530728.5
2026-01-04 16:45:00,12.297,12.57,12.296,12.385,258488.5
2026-01-04 17:00:00,12.385,12.494,12.113,12.144,273951.9
2026-01-04 17:15:00,12.142,12.412,12.121,12.275,298775.5
2026-01-04 17:30:00,12.274,12.589,12.271,12.341,403224.9
2026-01-04 17:45:00,12.341,12.516,12.15,12.377,280779.3
2026-01-04 18:00:00,12.374,12.999,12.341,12.569,515438.3
2026-01-04 18:15:00,12.569,12.783,12.534,12.729,275198.3
2026-01-04 18:30:00,12.729,12.81,12.582,12.685,226435.5
2026-01-04 18:45:00,12.686,12.757,12.466,12.494,207005.6
2026-01-04 19:00:00,12.497,12.72,12.401,12.702,221155.1
2026-01-04 19:15:00,12.702,13.499,12.647,13.14,778416.4
2026-01-04 19:30:00,13.141,13.185,12.564,12.71,485869.4
2026-01-04 19:45:00,12.71,12.737,12.244,12.311,453271.9
2026-01-04 20:00:00,12.31,12.684,12.304,12.554,351996.2
2026-01-04 20:15:00,12.555,12.615,12.38,12.488,184767.7
2026-01-04 20:30:00,12.487,12.556,12.297,12.34,194018.1
2026-01-04 20:45:00,12.339,12.397,11.8,12.362,482707.7
2026-01-04 21:00:00,12.362,12.658,12.323,12.392,335171.4
2026-01-04 21:15:00,12.391,12.453,12.212,12.312,217795.5
2026-01-04 21:30:00,12.312,12.499,12.312,12.355,145498.7
2026-01-04 21:45:00,12.355,12.554,12.315,12.522,120949.5
2026-01-04 22:00:00,12.519,12.782,12.47,12.528,282688.5
2026-01-04 22:15:00,12.528,12.637,12.386,12.479,195761.2
2026-01-04 22:30:00,12.479,12.596,12.357,12.402,125314.9
2026-01-04 22:45:00,12.401,12.481,12.322,12.403,119561.1
2026-01-04 23:00:00,12.404,12.472,12.12,12.192,190356.5
2026-01-04 23:15:00,12.193,12.364,12.193,12.254,155842.8
2026-01-04 23:30:00,12.255,12.346,12.193,12.316,133421.2
2026-01-04 23:45:00,12.316,12.334,12.058,12.233,175909.6
2026-01-05 00:00:00,12.234,12.3,12.091,12.149,185751.1
2026-01-05 00:15:00,12.15,12.237,11.855,11.989,309914.7
2026-01-05 00:30:00,11.992,12.365,11.924,12.294,347544.5
2026-01-05 00:45:00,12.293,12.737,12.271,12.603,484509.3
2026-01-05 01:00:00,12.603,12.98,12.512,12.898,415419.8
2026-01-05 01:15:00,12.9,13.092,12.516,12.75,485986.5
2026-01-05 01:30:00,12.75,13.38,12.695,13.273,466372.2
2026-01-05 01:45:00,13.273,13.815,13.24,13.385,653064.4
2026-01-05 02:00:00,13.385,13.605,13.083,13.515,528273.5
2026-01-05 02:15:00,13.515,13.706,13.245,13.298,329206.0
2026-01-05 02:30:00,13.297,13.487,12.928,13.155,356104.6
2026-01-05 02:45:00,13.155,13.327,13.099,13.19,213602.1
2026-01-05 03:00:00,13.19,13.456,13.018,13.356,259234.6
2026-01-05 03:15:00,13.357,13.695,13.337,13.469,321074.1
2026-01-05 03:30:00,13.47,13.689,13.382,13.517,252906.3
2026-01-05 03:45:00,13.517,14.23,13.466,14.137,660579.6
2026-01-05 04:00:00,14.136,14.267,13.836,13.903,564590.4
2026-01-05 04:15:00,13.903,14.376,13.6,14.222,610540.8
2026-01-05 04:30:00,14.224,14.499,14.074,14.283,442420.0
2026-01-05 04:45:00,14.282,14.438,13.911,14.301,477666.4
2026-01-05 05:00:00,14.297,14.676,14.097,14.651,500619.3
2026-01-05 05:15:00,14.646,15.0,14.418,14.69,774453.0
2026-01-05 05:30:00,14.691,14.758,13.381,13.462,1402955.0
2026-01-05 05:45:00,13.462,13.65,13.154,13.413,894430.6
2026-01-05 06:00:00,13.416,13.633,13.1,13.285,749573.1
2026-01-05 06:15:00,13.287,13.742,13.127,13.633,634331.1
2026-01-05 06:30:00,13.633,13.8,13.236,13.539,765169.5
2026-01-05 06:45:00,13.539,14.149,13.497,14.037,595344.0
2026-01-05 07:00:00,14.037,14.422,13.747,14.375,755687.3
2026-01-05 07:15:00,14.374,14.567,14.067,14.219,650552.1
2026-01-05 07:30:00,14.219,14.37,13.986,14.067,477302.3
2026-01-05 07:45:00,14.066,14.236,13.98,14.143,365212.3
2026-01-05 08:00:00,14.143,14.4,13.725,13.874,817352.4
2026-01-05 08:15:00,13.874,14.487,13.848,14.417,530012.4
2026-01-05 08:30:00,14.417,15.12,14.417,14.927,994625.7
2026-01-05 08:45:00,14.928,15.075,14.55,14.8,725660.8
2026-01-05 09:00:00,14.798,15.5,14.65,15.319,1050564.9
2026-01-05 09:15:00,15.319,15.4,14.97,15.25,570947.3
2026-01-05 09:30:00,15.248,15.426,14.933,15.171,515556.9
2026-01-05 09:45:00,15.173,15.457,15.08,15.292,481000.1
2026-01-05 10:00:00,15.29,15.77,14.911,15.338,1066688.9
2026-01-05 10:15:00,15.335,15.777,15.212,15.742,603645.0
2026-01-05 10:30:00,15.74,15.977,15.611,15.736,1032781.1
2026-01-05 10:45:00,15.736,16.081,15.562,15.827,747824.9
2026-01-05 11:00:00,15.83,15.931,15.272,15.639,987135.6
2026-01-05 11:15:00,15.639,15.778,14.974,15.284,1147605.1
2026-01-05 11:30:00,15.288,15.41,14.724,15.128,1180076.0
2026-01-05 11:45:00,15.128,15.663,15.035,15.628,790440.0
2026-01-05 12:00:00,15.627,15.833,15.361,15.821,846435.8
2026-01-05 12:15:00,15.821,16.47,15.66,16.409,1535791.8
2026-01-05 12:30:00,16.41,16.535,16.026,16.254,993683.5
2026-01-05 12:45:00,16.254,16.6,16.129,16.422,948791.9
2026-01-05 13:00:00,16.424,16.879,16.179,16.545,1402545.8
2026-01-05 13:15:00,16.544,16.9,16.48,16.739,944757.9
2026-01-05 13:30:00,16.737,16.738,16.221,16.499,1184763.1
2026-01-05 13:45:00,16.501,17.054,16.231,16.822,1437313.7
2026-01-05 14:00:00,16.819,16.848,16.55,16.838,898958.0
2026-01-05 14:15:00,16.838,16.92,16.505,16.611,657988.7
2026-01-05 14:30:00,16.611,16.96,16.452,16.851,851381.1
2026-01-05 14:45:00,16.853,17.098,16.708,17.041,1088461.1
2026-01-05 15:00:00,17.041,17.048,16.6,16.958,1030571.0
2026-01-05 15:15:00,16.959,17.63,16.766,17.519,1751534.0
2026-01-05 15:30:00,17.517,18.709,17.314,18.467,3004569.7
2026-01-05 15:45:00,18.467,18.664,17.778,18.118,1875814.8
2026-01-05 16:00:00,18.119,18.378,17.87,18.251,1303587.5
2026-01-05 16:15:00,18.252,18.516,17.717,18.159,1241253.6
2026-01-05 16:30:00,18.16,18.826,18.12,18.513,1334266.8
2026-01-05 16:45:00,18.513,18.859,18.36,18.719,1318582.7
2026-01-05 17:00:00,18.716,19.317,18.448,19.092,2511446.1
2026-01-05 17:15:00,19.093,19.42,18.784,19.064,1999771.1
2026-01-05 17:30:00,19.062,19.58,18.911,19.159,2290939.2
2026-01-05 17:45:00,19.16,19.6,19.043,19.58,1543231.2
2026-01-05 18:00:00,19.586,19.6,15.04,17.193,11300236.4
2026-01-05 18:15:00,17.192,17.65,17.0,17.324,2072725.5
2026-01-05 18:30:00,17.321,17.871,17.268,17.383,1507746.1
2026-01-05 18:45:00,17.382,17.498,16.101,16.451,2164888.8
2026-01-05 19:00:00,16.45,16.546,14.6,16.203,3474998.6
2026-01-05 19:15:00,16.201,16.306,15.597,15.862,1172585.8
2026-01-05 19:30:00,15.862,15.972,15.458,15.923,1151836.3
2026-01-05 19:45:00,15.916,16.295,15.84,15.858,1071118.6
2026-01-05 20:00:00,15.858,16.897,15.561,16.801,1709919.6
2026-01-05 20:15:00,16.797,17.5,16.636,17.293,1142534.3
2026-01-05 20:30:00,17.279,17.547,16.623,16.826,1053183.9
2026-01-05 20:45:00,16.824,17.101,16.564,16.649,759713.8
2026-01-05 21:00:00,16.642,17.24,16.4,17.13,991948.5
2026-01-05 21:15:00,17.13,17.219,16.581,16.701,602470.0
2026-01-05 21:30:00,16.701,16.924,16.32,16.81,601890.7
2026-01-05 21:45:00,16.81,17.169,16.78,17.031,487792.4
2026-01-05 22:00:00,17.031,17.598,16.85,17.399,985041.5
2026-01-05 22:15:00,17.398,17.972,17.305,17.89,967536.4
2026-01-05 22:30:00,17.89,18.16,17.332,17.419,1032964.3
2026-01-05 22:45:00,17.418,17.54,17.077,17.381,586602.4
2026-01-05 23:00:00,17.381,17.411,16.369,16.571,979291.3
2026-01-05 23:15:00,16.57,16.607,15.486,15.599,1231143.7
2026-01-05 23:30:00,15.599,16.3,15.201,16.075,1266505.6
2026-01-05 23:45:00,16.073,16.434,16.012,16.151,641225.3
2026-01-06 00:00:00,16.156,16.412,15.711,15.828,902587.2
2026-01-06 00:15:00,15.827,16.049,15.65,15.928,512922.3
2026-01-06 00:30:00,15.928,16.205,15.725,15.879,583717.9
2026-01-06 00:45:00,15.878,16.197,15.769,15.883,449814.5
2026-01-06 01:00:00,15.88,16.052,15.724,15.909,461312.0
2026-01-06 01:15:00,15.909,16.016,15.761,15.857,371537.5
2026-01-06 01:30:00,15.857,16.075,15.844,15.949,283351.0
2026-01-06 01:45:00,15.948,16.271,15.932,16.024,391224.2
2026-01-06 02:00:00,16.023,16.658,15.88,16.475,692636.3
2026-01-06 02:15:00,16.471,16.93,16.303,16.415,803821.8
2026-01-06 02:30:00,16.414,16.447,15.678,15.859,1013409.5
2026-01-06 02:45:00,15.86,15.953,15.0,15.355,1043550.0
2026-01-06 03:00:00,15.36,15.401,14.565,14.941,1129021.9
2026-01-06 03:15:00,14.941,14.942,14.28,14.33,710214.3
2026-01-06 03:30:00,14.33,14.886,13.988,14.237,1145826.1
2026-01-06 03:45:00,14.238,15.248,13.943,15.17,1076937.0
2026-01-06 04:00:00,15.169,15.8,15.146,15.433,1057043.2
2026-01-06 04:15:00,15.434,16.19,15.416,16.058,688713.9
2026-01-06 04:30:00,16.058,16.376,15.481,15.544,807278.3
2026-01-06 04:45:00,15.545,15.795,15.317,15.466,551065.7
2026-01-06 05:00:00,15.465,15.94,15.326,15.583,684424.3
2026-01-06 05:15:00,15.584,15.685,15.225,15.32,372391.6
2026-01-06 05:30:00,15.32,15.793,15.272,15.749,420097.5
2026-01-06 05:45:00,15.749,15.95,15.544,15.742,531711.8
2026-01-06 06:00:00,15.742,16.25,15.614,15.901,513175.3
2026-01-06 06:15:00,15.9,16.285,15.72,16.133,618669.9
2026-01-06 06:30:00,16.131,16.471,16.091,16.416,515544.6
2026-01-06 06:45:00,16.418,16.78,16.411,16.529,674190.3
2026-01-06 07:00:00,16.528,17.075,16.494,16.875,777954.0
2026-01-06 07:15:00,16.873,17.39,16.52,17.185,941615.1
2026-01-06 07:30:00,17.185,17.499,16.941,17.125,725127.0
2026-01-06 07:45:00,17.121,17.197,16.6,16.799,701560.3
2026-01-06 08:00:00,16.798,17.357,16.557,17.249,737612.4
2026-01-06 08:15:00,17.249,17.424,16.918,17.089,551358.2
2026-01-06 08:30:00,17.088,17.23,16.589,16.716,527663.5
2026-01-06 08:45:00,16.717,17.29,16.616,17.082,542298.1
2026-01-06 09:00:00,17.081,17.288,16.746,17.046,476468.7
2026-01-06 09:15:00,17.047,17.497,16.902,17.362,640884.5
2026-01-06 09:30:00,17.362,17.737,17.16,17.234,574157.5
2026-01-06 09:45:00,17.233,17.792,17.066,17.715,534221.0
2026-01-06 10:00:00,17.715,18.467,17.548,18.215,1219013.2
2026-01-06 10:15:00,18.213,18.456,18.032,18.301,668438.4
2026-01-06 10:30:00,18.301,18.564,18.035,18.126,696805.2
2026-01-06 10:45:00,18.125,18.777,18.053,18.617,838421.6
2026-01-06 11:00:00,18.619,19.35,18.403,19.308,1367963.4
2026-01-06 11:15:00,19.308,19.428,18.65,19.186,1164888.7
2026-01-06 11:30:00,19.187,19.729,18.942,19.582,1088391.1
2026-01-06 11:45:00,19.582,19.798,19.41,19.561,1206166.7
2026-01-06 12:00:00,19.568,20.196,18.788,19.799,2548894.8
2026-01-06 12:15:00,19.799,20.1,19.278,19.31,961901.1
2026-01-06 12:30:00,19.31,20.45,19.309,20.031,1240591.9
2026-01-06 12:45:00,20.03,20.379,19.971,20.07,991753.7
2026-01-06 13:00:00,20.072,20.082,18.113,19.233,2591665.8
2026-01-06 13:15:00,19.233,19.29,18.278,19.067,1169854.9
2026-01-06 13:30:00,19.067,19.979,19.067,19.877,1247397.7
2026-01-06 13:45:00,19.878,20.669,19.763,20.328,1460478.4
2026-01-06 14:00:00,20.322,21.437,20.063,21.392,2220077.7
2026-01-06 14:15:00,21.395,21.47,20.916,21.161,975732.5
2026-01-06 14:30:00,21.16,22.4,21.152,22.314,1650523.4
2026-01-06 14:45:00,22.313,23.877,21.75,21.824,2629283.5
2026-01-06 15:00:00,21.819,22.455,20.68,22.006,2365321.7
2026-01-06 15:15:00,22.012,22.025,21.285,21.474,879221.1
2026-01-06 15:30:00,21.471,21.681,21.032,21.2,946928.7
2026-01-06 15:45:00,21.2,21.854,20.81,21.66,1102441.6
2026-01-06 16:00:00,21.661,22.419,21.497,22.074,1227355.8
2026-01-06 16:15:00,22.073,22.417,21.506,21.644,944574.8
2026-01-06 16:30:00,21.644,22.25,21.611,22.067,635598.6
2026-01-06 16:45:00,22.061,22.35,21.818,21.973,648061.1
2026-01-06 17:00:00,21.972,22.784,20.461,22.089,1756872.2
2026-01-06 17:15:00,22.09,22.246,20.917,21.305,916007.4
2026-01-06 17:30:00,21.304,21.335,19.43,20.192,1936098.2
2026-01-06 17:45:00,20.195,20.555,19.255,19.62,1301112.8
2026-01-06 18:00:00,19.62,19.878,18.966,19.842,1591381.9
2026-01-06 18:15:00,19.841,20.203,19.34,19.77,889636.7
2026-01-06 18:30:00,19.769,20.033,19.271,19.974,620147.7
2026-01-06 18:45:00,19.966,20.038,19.139,19.38,630037.6
2026-01-06 19:00:00,19.384,19.511,18.733,19.382,814982.0
2026-01-06 19:15:00,19.383,19.46,18.815,19.074,442122.7
2026-01-06 19:30:00,19.07,19.406,18.9,19.03,459410.8
2026-01-06 19:45:00,19.03,19.187,18.54,18.675,565203.6
2026-01-06 20:00:00,18.673,19.263,18.54,18.755,587948.9
2026-01-06 20:15:00,18.755,18.759,17.807,17.946,751194.0
2026-01-06 20:30:00,17.945,18.349,17.525,18.032,784545.8
2026-01-06 20:45:00,18.033,18.709,17.921,18.661,539545.5
2026-01-06 21:00:00,18.661,19.219,18.552,19.137,766528.9
2026-01-06 21:15:00,19.133,19.235,18.37,18.693,464080.8
2026-01-06 21:30:00,18.693,18.924,18.214,18.464,448695.6
2026-01-06 21:45:00,18.465,18.74,18.384,18.452,322288.7
2026-01-06 22:00:00,18.452,18.543,18.037,18.164,429245.8
2026-01-06 22:15:00,18.163,18.496,18.129,18.168,329524.8
2026-01-06 22:30:00,18.167,18.291,17.89,18.153,307387.1
2026-01-06 22:45:00,18.154,18.807,18.11,18.354,273965.7
2026-01-06 23:00:00,18.354,18.761,18.325,18.662,396079.1
2026-01-06 23:15:00,18.661,18.835,18.361,18.6,373533.8
2026-01-06 23:30:00,18.601,19.176,18.448,19.064,399963.2
2026-01-06 23:45:00,19.06,19.099,18.571,18.655,314459.6
2026-01-07 00:00:00,18.655,19.499,18.519,19.083,519320.2
2026-01-07 00:15:00,19.081,19.183,18.723,18.773,311716.2
2026-01-07 00:30:00,18.773,19.076,18.282,18.518,413280.9
2026-01-07 00:45:00,18.518,18.609,18.203,18.577,352739.8
2026-01-07 01:00:00,18.58,18.58,18.001,18.099,323240.7
2026-01-07 01:15:00,18.099,18.38,17.825,18.217,389882.4
2026-01-07 01:30:00,18.216,19.048,18.13,18.968,485724.4
2026-01-07 01:45:00,18.968,19.397,18.864,19.323,467841.5
2026-01-07 02:00:00,19.323,20.486,18.901,19.385,872248.3
2026-01-07 02:15:00,19.386,19.636,18.902,19.091,418567.1
2026-01-07 02:30:00,19.092,19.265,18.849,18.964,304870.3
2026-01-07 02:45:00,18.964,18.988,18.188,18.451,633403.2
2026-01-07 03:00:00,18.449,19.052,18.351,18.995,519014.6
2026-01-07 03:15:00,18.995,19.293,18.935,19.001,398960.8
2026-01-07 03:30:00,19.001,19.237,18.678,18.914,466174.1
2026-01-07 03:45:00,18.916,19.08,18.641,18.847,342640.1
2026-01-07 04:00:00,18.847,18.847,18.307,18.352,378661.7
2026-01-07 04:15:00,18.351,18.658,18.208,18.488,335028.7
2026-01-07 04:30:00,18.49,18.76,18.156,18.318,312786.4
2026-01-07 04:45:00,18.315,18.631,18.074,18.571,335912.9
2026-01-07 05:00:00,18.573,19.057,18.523,18.627,535855.1
2026-01-07 05:15:00,18.627,18.907,18.321,18.517,430053.1
2026-01-07 05:30:00,18.517,18.55,18.2,18.376,307156.8
2026-01-07 05:45:00,18.375,18.558,18.048,18.12,317360.1
2026-01-07 06:00:00,18.12,18.599,17.303,18.085,1065939.1
2026-01-07 06:15:00,18.085,18.398,17.608,18.336,587513.0
2026-01-07 06:30:00,18.334,18.549,18.069,18.519,425066.6
2026-01-07 06:45:00,18.518,18.938,18.3,18.421,585895.5
2026-01-07 07:00:00,18.421,18.56,18.046,18.207,443032.1
2026-01-07 07:15:00,18.206,18.662,18.07,18.656,346416.8
2026-01-07 07:30:00,18.658,18.95,18.626,18.874,483012.4
2026-01-07 07:45:00,18.872,18.872,18.555,18.773,283235.8
2026-01-07 08:00:00,18.772,18.878,18.2,18.387,548417.1
2026-01-07 08:15:00,18.384,18.55,18.27,18.434,309964.1
2026-01-07 08:30:00,18.434,18.86,18.351,18.832,330425.4
2026-01-07 08:45:00,18.829,19.159,18.65,19.043,560934.6
2026-01-07 09:00:00,19.043,19.439,18.8,18.879,689637.6
2026-01-07 09:15:00,18.878,18.972,18.52,18.642,443636.5
2026-01-07 09:30:00,18.635,18.846,18.382,18.409,308267.1
2026-01-07 09:45:00,18.409,18.533,18.101,18.303,338408.5
2026-01-07 10:00:00,18.303,18.434,17.842,17.926,481514.9
2026-01-07 10:15:00,17.928,18.292,17.694,17.881,593613.6
2026-01-07 10:30:00,17.881,18.846,17.87,18.254,570777.7
2026-01-07 10:45:00,18.254,18.659,18.191,18.274,311649.6
2026-01-07 11:00:00,18.272,18.664,18.215,18.595,248247.5
2026-01-07 11:15:00,18.595,18.596,18.164,18.422,205973.2
2026-01-07 11:30:00,18.423,18.513,18.161,18.238,181086.0
2026-01-07 11:45:00,18.237,18.295,17.866,18.048,326384.9
2026-01-07 12:00:00,18.048,18.3,17.8,17.807,331709.5
2026-01-07 12:15:00,17.808,18.093,17.807,17.991,190917.0
2026-01-07 12:30:00,17.991,18.225,17.837,18.19,223580.7
2026-01-07 12:45:00,18.19,18.361,17.951,17.986,227999.8
2026-01-07 13:00:00,17.982,18.133,17.637,18.055,344743.4
2026-01-07 13:15:00,18.054,18.454,17.984,18.28,343994.3
2026-01-07 13:30:00,18.28,18.582,18.173,18.448,254710.5
2026-01-07 13:45:00,18.447,18.599,18.23,18.343,211055.4
2026-01-07 14:00:00,18.343,18.438,17.265,17.728,640958.1
2026-01-07 14:15:00,17.726,17.905,17.282,17.433,518602.1
2026-01-07 14:30:00,17.432,17.671,16.667,16.788,912819.6
2026-01-07 14:45:00,16.787,17.327,16.613,16.903,765147.9
2026-01-07 15:00:00,16.903,17.638,16.751,17.185,616614.3
2026-01-07 15:15:00,17.185,17.398,17.007,17.121,285625.5
2026-01-07 15:30:00,17.125,17.188,16.434,16.579,555464.5
2026-01-07 15:45:00,16.579,16.887,16.304,16.59,553031.5
2026-01-07 16:00:00,16.589,16.86,16.406,16.611,428518.9
2026-01-07 16:15:00,16.611,16.98,16.566,16.903,330050.4
2026-01-07 16:30:00,16.903,16.935,16.121,16.166,559873.2
2026-01-07 16:45:00,16.161,16.473,16.131,16.446,366555.2
2026-01-07 17:00:00,16.445,16.539,16.196,16.335,276732.8
2026-01-07 17:15:00,16.336,16.569,15.886,16.025,455960.1
2026-01-07 17:30:00,16.027,16.202,15.713,15.758,519583.3
2026-01-07 17:45:00,15.758,15.9,15.5,15.555,512982.0
2026-01-07 18:00:00,15.559,15.934,15.123,15.878,1102043.7
2026-01-07 18:15:00,15.879,18.766,15.621,16.798,2484158.0
2026-01-07 18:30:00,16.793,17.34,16.568,16.834,833207.8
2026-01-07 18:45:00,16.834,17.26,16.82,17.073,429416.4
2026-01-07 19:00:00,17.073,17.417,16.73,17.024,521195.0
2026-01-07 19:15:00,17.024,17.16,16.721,16.831,274434.3
2026-01-07 19:30:00,16.831,16.999,16.606,16.63,263183.0
2026-01-07 19:45:00,16.627,16.804,16.316,16.353,398317.7
2026-01-07 20:00:00,16.351,16.448,16.13,16.32,314142.8
2026-01-07 20:15:00,16.318,16.467,16.17,16.438,213263.7
2026-01-07 20:30:00,16.437,17.112,16.436,17.008,350174.2
2026-01-07 20:45:00,17.006,17.155,16.765,16.877,171474.4
2026-01-07 21:00:00,16.877,17.097,16.772,16.933,180655.9
2026-01-07 21:15:00,16.931,17.017,16.861,16.956,90276.6
2026-01-07 21:30:00,16.954,17.054,16.868,16.926,99894.9
2026-01-07 21:45:00,16.925,17.059,16.875,17.026,109991.5
2026-01-07 22:00:00,17.023,17.36,16.959,17.085,217990.4
2026-01-07 22:15:00,17.084,17.41,17.074,17.312,141997.0
2026-01-07 22:30:00,17.312,17.642,17.227,17.271,237183.1
2026-01-07 22:45:00,17.271,17.45,16.91,17.044,123968.1
2026-01-07 23:00:00,17.042,17.159,16.896,17.157,157864.9
2026-01-07 23:15:00,17.156,17.419,17.108,17.354,173102.0
2026-01-07 23:30:00,17.357,17.435,17.189,17.221,108020.3
2026-01-07 23:45:00,17.222,17.257,16.955,17.016,127201.7
2026-01-08 00:00:00,17.016,17.022,16.65,16.924,216831.1
2026-01-08 00:15:00,16.924,16.942,16.537,16.564,181100.3
2026-01-08 00:30:00,16.558,16.65,16.318,16.466,171389.9
2026-01-08 00:45:00,16.465,16.52,16.242,16.344,152092.8
2026-01-08 01:00:00,16.346,16.88,16.346,16.712,209689.4
2026-01-08 01:15:00,16.716,17.212,16.522,17.178,213012.3
2026-01-08 01:30:00,17.183,17.399,17.074,17.362,181182.9
2026-01-08 01:45:00,17.362,17.461,17.011,17.039,186331.9
2026-01-08 02:00:00,17.039,17.342,16.818,17.083,241803.3
2026-01-08 02:15:00,17.082,17.288,16.972,17.225,130696.4
2026-01-08 02:30:00,17.226,17.46,17.069,17.401,165899.6
2026-01-08 02:45:00,17.401,17.453,17.006,17.047,156417.5
2026-01-08 03:00:00,17.047,17.261,16.794,17.103,260372.5
2026-01-08 03:15:00,17.11,17.12,16.717,16.842,181364.7
2026-01-08 03:30:00,16.842,17.035,16.798,17.006,115382.0
2026-01-08 03:45:00,17.006,17.34,16.883,17.209,184621.3
2026-01-08 04:00:00,17.21,17.433,17.14,17.335,192191.0
2026-01-08 04:15:00,17.333,17.777,17.25,17.315,434839.4
2026-01-08 04:30:00,17.314,17.772,17.146,17.706,266260.6
2026-01-08 04:45:00,17.707,17.967,17.01,17.04,355100.3
2026-01-08 05:00:00,17.039,17.069,16.46,16.568,746573.1
2026-01-08 05:15:00,16.563,16.726,16.279,16.431,405961.8
2026-01-08 05:30:00,16.43,16.79,16.311,16.5,305210.2
2026-01-08 05:45:00,16.497,16.643,16.147,16.237,302831.9
2026-01-08 06:00:00,16.238,16.544,16.219,16.476,235266.3
2026-01-08 06:15:00,16.473,16.54,16.202,16.294,240958.2
2026-01-08 06:30:00,16.294,16.723,16.285,16.526,206554.7
2026-01-08 06:45:00,16.526,16.687,16.455,16.546,158826.8
2026-01-08 07:00:00,16.545,16.676,16.395,16.52,190188.8
2026-01-08 07:15:00,16.521,16.654,16.486,16.522,142069.0
2026-01-08 07:30:00,16.523,16.525,16.132,16.226,250802.6
2026-01-08 07:45:00,16.227,16.261,15.792,15.835,422637.1
2026-01-08 08:00:00,15.838,15.996,15.657,15.779,317046.1
2026-01-08 08:15:00,15.782,16.098,15.779,16.023,271869.9
2026-01-08 08:30:00,16.022,16.13,15.843,16.042,180970.6
2026-01-08 08:45:00,16.039,16.199,15.776,15.846,205475.2
2026-01-08 09:00:00,15.846,16.091,15.782,16.051,160490.7
2026-01-08 09:15:00,16.051,16.5,16.016,16.349,350708.9
2026-01-08 09:30:00,16.348,16.648,16.312,16.504,199035.4
2026-01-08 09:45:00,16.499,16.642,16.323,16.34,189384.0
2026-01-08 10:00:00,16.34,16.52,16.255,16.316,184093.5
2026-01-08 10:15:00,16.316,16.398,16.107,16.276,147926.3
2026-01-08 10:30:00,16.273,16.623,16.257,16.55,158351.2
2026-01-08 10:45:00,16.549,16.586,16.368,16.434,117467.2
2026-01-08 11:00:00,16.43,16.62,15.905,15.939,252798.0
2026-01-08 11:15:00,15.938,16.277,15.854,16.091,219008.2
2026-01-08 11:30:00,16.093,16.386,16.052,16.364,123611.4
2026-01-08 11:45:00,16.363,16.443,16.099,16.13,138934.4
2026-01-08 12:00:00,16.131,16.214,15.921,15.966,150454.1
2026-01-08 12:15:00,15.965,16.28,15.877,16.272,186241.7
2026-01-08 12:30:00,16.271,16.285,16.019,16.035,86938.7
2026-01-08 12:45:00,16.036,16.131,15.95,16.071,92337.8
2026-01-08 13:00:00,16.073,16.27,16.062,16.22,101153.9
2026-01-08 13:15:00,16.22,16.494,16.11,16.119,167925.9
2026-01-08 13:30:00,16.12,16.235,15.983,16.123,102932.5
2026-01-08 13:45:00,16.123,16.131,15.573,15.596,332417.3
2026-01-08 14:00:00,15.596,16.404,15.59,16.287,395571.7
2026-01-08 14:15:00,16.286,16.627,16.156,16.513,325874.1
2026-01-08 14:30:00,16.511,16.549,16.248,16.278,234592.4
2026-01-08 14:45:00,16.278,16.444,16.142,16.143,152727.9
2026-01-08 15:00:00,16.145,16.227,15.826,16.059,213626.0
2026-01-08 15:15:00,16.061,16.29,15.899,16.29,165500.9
2026-01-08 15:30:00,16.29,16.386,16.072,16.142,159252.8
2026-01-08 15:45:00,16.142,16.242,16.024,16.132,92024.5
2026-01-08 16:00:00,16.132,16.198,15.944,15.961,135289.9
2026-01-08 16:15:00,15.962,16.126,15.789,16.096,189065.0
2026-01-08 16:30:00,16.095,16.256,15.918,15.997,136748.7
2026-01-08 16:45:00,15.997,16.09,15.814,15.955,101109.3
2026-01-08 17:00:00,15.952,16.134,15.632,15.675,204903.1
2026-01-08 17:15:00,15.673,15.791,15.403,15.536,277277.2
2026-01-08 17:30:00,15.536,15.654,15.256,15.39,260152.4
2026-01-08 17:45:00,15.39,15.66,15.338,15.541,156397.6
2026-01-08 18:00:00,15.54,15.662,15.406,15.419,125694.0
2026-01-08 18:15:00,15.419,15.443,15.244,15.39,124169.1
2026-01-08 18:30:00,15.389,15.459,15.166,15.223,156691.7
2026-01-08 18:45:00,15.222,15.464,15.221,15.322,133134.2
2026-01-08 19:00:00,15.321,15.433,15.217,15.344,103314.6
2026-01-08 19:15:00,15.346,15.598,15.259,15.457,96265.8
2026-01-08 19:30:00,15.458,15.724,15.457,15.696,103789.3
2026-01-08 19:45:00,15.695,15.748,15.36,15.493,99335.0
2026-01-08 20:00:00,15.495,15.544,15.126,15.205,130128.7
2026-01-08 20:15:00,15.205,15.34,15.076,15.217,170162.5
2026-01-08 20:30:00,15.217,15.411,15.029,15.084,127211.9
2026-01-08 20:45:00,15.084,15.104,14.818,14.91,314174.7
2026-01-08 21:00:00,14.909,15.11,14.802,14.978,162154.0
2026-01-08 21:15:00,14.978,15.081,14.88,15.058,93425.1
2026-01-08 21:30:00,15.059,15.39,15.02,15.321,146009.0
2026-01-08 21:45:00,15.325,15.967,15.313,15.826,235430.0
2026-01-08 22:00:00,15.827,15.828,15.438,15.55,186465.3
2026-01-08 22:15:00,15.555,15.581,15.308,15.422,133865.8
2026-01-08 22:30:00,15.421,15.427,15.139,15.16,138908.8
2026-01-08 22:45:00,15.16,15.198,14.864,14.868,146377.1
2026-01-08 23:00:00,14.868,15.163,14.77,15.032,251662.0
2026-01-08 23:15:00,15.032,15.279,14.921,14.995,184373.5
2026-01-08 23:30:00,14.994,15.131,14.899,14.984,118454.9
2026-01-08 23:45:00,14.984,15.063,14.913,14.93,86882.4
2026-01-09 00:00:00,14.93,15.247,14.857,15.084,134006.5
2026-01-09 00:15:00,15.083,15.2,14.928,15.013,93893.3
2026-01-09 00:30:00,15.013,15.096,14.9,14.987,82308.1
2026-01-09 00:45:00,14.986,15.04,14.86,15.003,72013.6
2026-01-09 01:00:00,15.003,15.183,14.913,15.157,127283.0
2026-01-09 01:15:00,15.157,15.35,15.091,15.191,108132.6
2026-01-09 01:30:00,15.189,15.297,15.062,15.102,75999.6
2026-01-09 01:45:00,15.099,15.33,15.069,15.299,72636.1
2026-01-09 02:00:00,15.299,15.47,15.153,15.233,99849.9
2026-01-09 02:15:00,15.233,15.281,14.954,14.975,99995.3
2026-01-09 02:30:00,14.974,15.108,14.609,14.673,198310.3
2026-01-09 02:45:00,14.673,14.981,14.57,14.783,224584.7
2026-01-09 03:00:00,14.783,15.296,14.753,15.246,221838.5
2026-01-09 03:15:00,15.246,15.665,15.245,15.473,287438.6
2026-01-09 03:30:00,15.477,15.546,15.355,15.378,160688.0
2026-01-09 03:45:00,15.378,15.571,15.266,15.314,127266.9
2026-01-09 04:00:00,15.308,15.693,15.292,15.52,147496.0
2026-01-09 04:15:00,15.52,15.619,15.401,15.509,88000.2
2026-01-09 04:30:00,15.511,15.771,15.485,15.739,112591.1
2026-01-09 04:45:00,15.738,16.579,15.578,16.509,473178.9
2026-01-09 05:00:00,16.51,16.642,16.052,16.098,425443.5
2026-01-09 05:15:00,16.096,16.205,15.836,15.978,250180.9
2026-01-09 05:30:00,15.978,16.399,15.978,16.347,213030.1
2026-01-09 05:45:00,16.349,16.359,16.102,16.183,124844.2
2026-01-09 06:00:00,16.183,16.221,15.991,16.039,121412.4
2026-01-09 06:15:00,16.039,16.188,15.55,15.641,248379.2
2026-01-09 06:30:00,15.642,16.189,15.609,16.068,243980.9
2026-01-09 06:45:00,16.068,16.22,15.967,16.054,131114.4
2026-01-09 07:00:00,16.053,16.378,15.88,15.952,262972.0
2026-01-09 07:15:00,15.951,16.211,15.829,16.132,173456.4
2026-01-09 07:30:00,16.132,16.172,15.939,16.05,93849.6
2026-01-09 07:45:00,16.05,16.088,15.438,15.608,242236.9
2026-01-09 08:00:00,15.607,15.723,15.336,15.552,256327.2
2026-01-09 08:15:00,15.551,15.553,14.96,15.075,393336.2
2026-01-09 08:30:00,15.075,15.107,14.644,14.728,348792.6
2026-01-09 08:45:00,14.724,15.199,14.673,14.875,287614.1
2026-01-09 09:00:00,14.875,14.904,14.5,14.563,320766.6
2026-01-09 09:15:00,14.565,14.634,14.277,14.494,350538.8
2026-01-09 09:30:00,14.492,14.61,13.888,13.994,464113.8
2026-01-09 09:45:00,13.993,14.162,13.749,13.971,427621.1
2026-01-09 10:00:00,13.972,14.363,13.706,13.937,535205.7
2026-01-09 10:15:00,13.939,14.097,13.406,13.545,514164.5
2026-01-09 10:30:00,13.545,13.722,13.38,13.524,310469.8
2026-01-09 10:45:00,13.522,13.75,13.243,13.395,357318.5
2026-01-09 11:00:00,13.4,13.734,13.313,13.67,397894.5
2026-01-09 11:15:00,13.669,14.227,13.659,14.107,581063.8
2026-01-09 11:30:00,14.106,14.457,13.923,14.03,585502.0
2026-01-09 11:45:00,14.031,14.136,13.819,13.926,273513.5
2026-01-09 12:00:00,13.926,14.08,13.78,13.816,227027.3
2026-01-09 12:15:00,13.816,14.266,13.75,14.069,263648.5
2026-01-09 12:30:00,14.067,14.215,13.839,13.91,215638.6
2026-01-09 12:45:00,13.91,14.15,13.853,14.012,166865.3
2026-01-09 13:00:00,14.012,14.165,13.89,14.146,142436.1
2026-01-09 13:15:00,14.146,14.194,13.461,13.694,355133.3
2026-01-09 13:30:00,13.693,13.946,13.687,13.898,198232.2
2026-01-09 13:45:00,13.898,13.904,13.55,13.588,213314.9
2026-01-09 14:00:00,13.589,13.674,13.16,13.219,432675.0
2026-01-09 14:15:00,13.222,13.362,12.325,12.76,1452660.1
2026-01-09 14:30:00,12.762,13.843,12.65,13.76,1079405.6
2026-01-09 14:45:00,13.76,14.999,13.757,14.872,1521014.9
2026-01-09 15:00:00,14.866,15.896,14.767,15.723,1675020.8
2026-01-09 15:15:00,15.728,16.399,14.604,14.876,1616663.2
2026-01-09 15:30:00,14.876,14.992,13.487,14.38,1634071.0
2026-01-09 15:45:00,14.377,14.782,13.741,14.091,900830.1
2026-01-09 16:00:00,14.09,14.447,13.852,14.0,564612.9
2026-01-09 16:15:00,13.999,14.123,13.788,14.006,306619.7
2026-01-09 16:30:00,14.006,14.3,13.269,13.514,524458.4
2026-01-09 16:45:00,13.514,13.657,13.246,13.481,438177.9
2026-01-09 17:00:00,13.483,13.562,13.122,13.224,326143.8
2026-01-09 17:15:00,13.225,13.559,13.035,13.25,361374.8
2026-01-09 17:30:00,13.244,13.362,12.892,12.979,296195.7
2026-01-09 17:45:00,12.978,13.146,12.688,12.917,337121.9
2026-01-09 18:00:00,12.918,12.949,12.561,12.77,422804.6
2026-01-09 18:15:00,12.772,12.785,12.502,12.587,277702.0
2026-01-09 18:30:00,12.586,13.25,12.3,12.528,716412.4
2026-01-09 18:45:00,12.528,12.661,12.327,12.521,533438.4
2026-01-09 19:00:00,12.524,13.0,12.192,12.597,711249.3
2026-01-09 19:15:00,12.596,12.601,12.347,12.442,256658.8
2026-01-09 19:30:00,12.445,12.531,12.021,12.496,427253.8
2026-01-09 19:45:00,12.49,12.671,12.286,12.515,267391.6
2026-01-09 20:00:00,12.514,12.728,12.372,12.574,204690.6
2026-01-09 20:15:00,12.573,12.653,12.307,12.384,166182.2
2026-01-09 20:30:00,12.381,12.382,12.053,12.253,281731.3
2026-01-09 20:45:00,12.252,12.418,12.173,12.284,154966.3
2026-01-09 21:00:00,12.285,12.465,12.055,12.168,366775.1
2026-01-09 21:15:00,12.168,12.288,12.067,12.086,141256.4
2026-01-09 21:30:00,12.086,12.106,11.857,11.917,367946.4
2026-01-09 21:45:00,11.918,12.056,11.775,11.989,228675.1
2026-01-09 22:00:00,11.988,12.294,11.923,12.012,286203.9
2026-01-09 22:15:00,12.011,12.099,11.87,11.964,167753.7
2026-01-09 22:30:00,11.964,12.198,11.863,12.168,159033.6
2026-01-09 22:45:00,12.169,12.222,12.031,12.106,118036.8
2026-01-09 23:00:00,12.105,12.275,12.023,12.148,157708.7
2026-01-09 23:15:00,12.149,12.196,12.015,12.085,106228.4
2026-01-09 23:30:00,12.085,12.086,11.837,11.944,198532.9
2026-01-09 23:45:00,11.946,12.013,11.837,11.96,162796.0
2026-01-10 00:00:00,11.959,12.27,11.851,12.231,257664.6
2026-01-10 00:15:00,12.232,12.539,11.941,12.059,415618.3
2026-01-10 00:30:00,12.059,12.25,11.983,12.056,220964.5
2026-01-10 00:45:00,12.054,12.174,12.011,12.076,129724.4
2026-01-10 01:00:00,12.075,12.17,11.503,11.709,609716.6
2026-01-10 01:15:00,11.707,11.907,11.696,11.823,167931.4
2026-01-10 01:30:00,11.822,12.126,11.805,12.12,184289.2
2026-01-10 01:45:00,12.12,12.367,11.911,12.006,297387.5
2026-01-10 02:00:00,12.006,12.079,11.857,12.017,191987.4
2026-01-10 02:15:00,12.019,12.072,11.866,12.005,116140.1
2026-01-10 02:30:00,12.004,12.044,11.908,11.952,103182.1
2026-01-10 02:45:00,11.952,11.97,11.706,11.725,155518.4
2026-01-10 03:00:00,11.728,11.85,11.582,11.63,244100.9
2026-01-10 03:15:00,11.625,11.716,11.551,11.615,182453.0
2026-01-10 03:30:00,11.616,11.839,11.589,11.793,157076.0
2026-01-10 03:45:00,11.793,12.132,11.764,11.911,282993.9
2026-01-10 04:00:00,11.913,11.949,11.657,11.673,210186.9
2026-01-10 04:15:00,11.673,12.06,11.672,12.036,170039.9
2026-01-10 04:30:00,12.033,12.481,12.028,12.391,488678.7
2026-01-10 04:45:00,12.391,12.747,12.261,12.584,286799.5
2026-01-10 05:00:00,12.581,12.695,12.464,12.684,299298.4
2026-01-10 05:15:00,12.686,12.982,12.493,12.875,423088.6
2026-01-10 05:30:00,12.872,13.016,12.46,12.786,532791.1
2026-01-10 05:45:00,12.785,13.121,12.675,12.912,416841.7
2026-01-10 06:00:00,12.907,12.991,12.613,12.837,344406.4
2026-01-10 06:15:00,12.835,13.1,12.787,12.972,227825.1
2026-01-10 06:30:00,12.972,13.518,12.965,13.42,497122.2
2026-01-10 06:45:00,13.421,13.587,13.216,13.362,450994.9
2026-01-10 07:00:00,13.36,13.83,13.335,13.609,434512.3
2026-01-10 07:15:00,13.608,13.7,13.456,13.53,272495.0
2026-01-10 07:30:00,13.53,13.619,12.826,12.916,662929.7
2026-01-10 07:45:00,12.916,13.238,12.852,13.035,342314.4
2026-01-10 08:00:00,13.034,13.45,12.9,13.258,396060.3
2026-01-10 08:15:00,13.257,13.599,13.255,13.454,257042.7
2026-01-10 08:30:00,13.448,13.515,13.056,13.279,251861.6
2026-01-10 08:45:00,13.28,13.51,13.265,13.298,221923.6
2026-01-10 09:00:00,13.298,13.381,13.078,13.196,194422.9
2026-01-10 09:15:00,13.195,13.256,12.867,13.19,337642.3
2026-01-10 09:30:00,13.19,13.48,13.064,13.399,275636.3
2026-01-10 09:45:00,13.397,13.54,13.176,13.232,251652.5
2026-01-10 10:00:00,13.232,13.428,13.194,13.282,138141.3
2026-01-10 10:15:00,13.277,13.441,13.27,13.323,166879.9
2026-01-10 10:30:00,13.324,13.607,13.324,13.494,218737.7
2026-01-10 10:45:00,13.494,13.65,13.293,13.401,248475.9
2026-01-10 11:00:00,13.401,13.485,13.311,13.363,162888.4
2026-01-10 11:15:00,13.363,13.457,13.141,13.231,199164.4
2026-01-10 11:30:00,13.23,13.55,13.208,13.511,184921.4
2026-01-10 11:45:00,13.512,13.89,13.511,13.672,354258.4
2026-01-10 12:00:00,13.671,13.791,13.493,13.743,209435.4
2026-01-10 12:15:00,13.743,13.845,13.647,13.753,172845.8
2026-01-10 12:30:00,13.752,13.808,13.595,13.672,150300.2
2026-01-10 12:45:00,13.672,13.709,13.32,13.354,262236.1
2026-01-10 13:00:00,13.353,13.5,13.231,13.39,253036.3
2026-01-10 13:15:00,13.39,13.721,13.385,13.579,280875.1
2026-01-10 13:30:00,13.583,13.76,13.564,13.663,191118.1
2026-01-10 13:45:00,13.663,13.755,13.538,13.589,199949.3
2026-01-10 14:00:00,13.587,13.731,13.486,13.547,194062.4
2026-01-10 14:15:00,13.548,14.216,13.547,14.166,435672.1
2026-01-10 14:30:00,14.165,14.39,13.94,14.071,540751.1
2026-01-10 14:45:00,14.072,14.675,13.834,14.656,601234.3
2026-01-10 15:00:00,14.656,14.842,14.336,14.39,599964.0
2026-01-10 15:15:00,14.389,14.425,14.093,14.265,437438.6
2026-01-10 15:30:00,14.264,14.584,13.966,14.185,483252.6
2026-01-10 15:45:00,14.185,14.387,14.07,14.112,244464.1
2026-01-10 16:00:00,14.113,14.319,13.991,14.228,336908.4
2026-01-10 16:15:00,14.229,14.32,14.076,14.186,150799.0
2026-01-10 16:30:00,14.186,14.213,14.016,14.14,141822.3
2026-01-10 16:45:00,14.14,14.208,14.047,14.078,131194.8
2026-01-10 17:00:00,14.079,14.375,14.079,14.322,145753.0
2026-01-10 17:15:00,14.321,14.523,14.277,14.377,175096.3
2026-01-10 17:30:00,14.377,14.449,14.161,14.289,146360.8
2026-01-10 17:45:00,14.29,14.442,14.214,14.392,120292.6
2026-01-10 18:00:00,14.391,15.0,14.37,14.93,432246.5
2026-01-10 18:15:00,14.932,15.437,14.87,15.334,621643.7
2026-01-10 18:30:00,15.333,15.49,15.124,15.34,333306.7
2026-01-10 18:45:00,15.34,15.457,14.986,15.349,350983.8
2026-01-10 19:00:00,15.349,15.465,15.142,15.309,245890.0
2026-01-10 19:15:00,15.308,15.345,15.133,15.333,180108.3
2026-01-10 19:30:00,15.333,15.419,15.155,15.19,182455.0
2026-01-10 19:45:00,15.191,15.316,15.172,15.278,132103.1
2026-01-10 20:00:00,15.279,15.456,14.87,14.953,333768.1
2026-01-10 20:15:00,14.952,15.068,14.8,14.904,288232.9
2026-01-10 20:30:00,14.9,14.975,14.633,14.638,299633.9
2026-01-10 20:45:00,14.638,14.755,14.45,14.508,260672.8
2026-01-10 21:00:00,14.509,14.668,14.35,14.371,227929.2
2026-01-10 21:15:00,14.37,14.448,14.1,14.254,314300.9
2026-01-10 21:30:00,14.254,14.295,14.066,14.253,196254.0
2026-01-10 21:45:00,14.252,14.412,14.136,14.154,197629.1
2026-01-10 22:00:00,14.154,14.25,14.062,14.141,137394.0
2026-01-10 22:15:00,14.138,14.213,13.786,13.92,252817.5
2026-01-10 22:30:00,13.919,14.023,13.712,13.929,173224.7
2026-01-10 22:45:00,13.93,14.1,13.809,13.886,169157.6
2026-01-10 23:00:00,13.887,13.907,13.614,13.674,238218.4
2026-01-10 23:15:00,13.675,13.799,13.52,13.697,226751.6
2026-01-10 23:30:00,13.698,13.999,13.698,13.787,232434.9
2026-01-10 23:45:00,13.787,13.9,13.718,13.795,145379.1
2026-01-11 00:00:00,13.792,14.08,13.77,13.788,232189.6
2026-01-11 00:15:00,13.788,13.864,13.66,13.806,187720.7
2026-01-11 00:30:00,13.806,14.012,13.792,13.892,141201.5
2026-01-11 00:45:00,13.892,14.478,13.887,14.368,287582.3
2026-01-11 01:00:00,14.37,14.748,14.275,14.449,401558.0
2026-01-11 01:15:00,14.449,14.671,14.32,14.602,235738.3
2026-01-11 01:30:00,14.603,14.624,14.188,14.281,209888.2
2026-01-11 01:45:00,14.282,14.429,14.258,14.306,145734.3
2026-01-11 02:00:00,14.304,14.427,14.11,14.255,179405.2
2026-01-11 02:15:00,14.255,14.379,14.215,14.282,106058.7
2026-01-11 02:30:00,14.284,14.686,14.268,14.569,224696.9
2026-01-11 02:45:00,14.57,14.615,14.417,14.442,136943.8
2026-01-11 03:00:00,14.442,14.685,14.442,14.591,121046.9
2026-01-11 03:15:00,14.591,14.964,14.503,14.644,302180.2
2026-01-11 03:30:00,14.647,14.8,14.613,14.716,144684.1
2026-01-11 03:45:00,14.716,14.892,14.661,14.856,153935.5
2026-01-11 04:00:00,14.855,15.017,14.746,14.771,242477.4
2026-01-11 04:15:00,14.771,15.113,14.692,14.928,241145.3
2026-01-11 04:30:00,14.929,15.231,14.927,15.122,234260.9
2026-01-11 04:45:00,15.124,15.165,14.924,15.0,182180.1
2026-01-11 05:00:00,15.0,15.187,14.763,15.139,235054.5
2026-01-11 05:15:00,15.138,15.159,14.83,14.866,131328.2
2026-01-11 05:30:00,14.862,15.033,14.761,14.97,160190.6
2026-01-11 05:45:00,14.971,15.17,14.965,15.169,156514.6
2026-01-11 06:00:00,15.167,15.394,14.926,14.963,269030.3
2026-01-11 06:15:00,14.963,15.077,14.851,15.005,142447.8
2026-01-11 06:30:00,15.003,15.207,14.924,15.091,150511.5
2026-01-11 06:45:00,15.091,15.181,15.024,15.082,107471.5
2026-01-11 07:00:00,15.082,15.133,14.817,15.097,218634.6
2026-01-11 07:15:00,15.097,15.302,15.078,15.232,175184.6
2026-01-11 07:30:00,15.234,15.905,15.185,15.753,659327.5
2026-01-11 07:45:00,15.754,16.197,15.75,15.8,540271.6
2026-01-11 08:00:00,15.8,16.03,15.635,15.71,370774.2
2026-01-11 08:15:00,15.712,15.997,15.519,15.853,242886.7
2026-01-11 08:30:00,15.853,16.122,15.809,15.93,278998.1
2026-01-11 08:45:00,15.929,16.094,15.789,15.833,213900.1
2026-01-11 09:00:00,15.833,15.87,15.265,15.494,495097.9
2026-01-11 09:15:00,15.494,15.726,15.433,15.657,243626.3
2026-01-11 09:30:00,15.656,16.469,15.656,16.169,643614.6
2026-01-11 09:45:00,16.17,16.302,16.09,16.2,254550.6
2026-01-11 10:00:00,16.197,16.333,16.03,16.266,245597.2
2026-01-11 10:15:00,16.263,16.4,15.901,16.06,314434.5
2026-01-11 10:30:00,16.06,16.279,16.055,16.177,181914.4
2026-01-11 10:45:00,16.177,16.36,16.126,16.142,202828.3
2026-01-11 11:00:00,16.143,16.279,15.885,16.244,294735.0
2026-01-11 11:15:00,16.246,16.4,16.153,16.21,219614.5
2026-01-11 11:30:00,16.211,17.089,16.103,16.653,761910.5
2026-01-11 11:45:00,16.653,16.899,16.433,16.575,542087.6
2026-01-11 12:00:00,16.573,16.761,16.51,16.637,259318.1
2026-01-11 12:15:00,16.633,16.797,16.345,16.449,322617.2
2026-01-11 12:30:00,16.452,16.458,14.963,15.291,1684367.3
2026-01-11 12:45:00,15.29,15.56,15.074,15.32,650997.4
2026-01-11 13:00:00,15.32,15.503,15.135,15.351,382934.9
2026-01-11 13:15:00,15.352,15.72,15.22,15.654,376741.5
2026-01-11 13:30:00,15.653,15.668,15.138,15.205,407253.7
2026-01-11 13:45:00,15.204,16.138,15.187,16.014,715208.7
2026-01-11 14:00:00,16.014,16.177,15.83,16.001,481569.5
2026-01-11 14:15:00,16.0,16.118,15.853,15.91,243232.0
2026-01-11 14:30:00,15.91,16.055,15.714,15.979,312490.7
2026-01-11 14:45:00,15.978,16.312,15.951,16.245,336083.7
2026-01-11 15:00:00,16.244,16.51,16.216,16.403,377930.9
2026-01-11 15:15:00,16.403,16.484,16.183,16.253,288576.1
2026-01-11 15:30:00,16.253,16.288,15.74,15.855,403003.6
2026-01-11 15:45:00,15.856,15.996,15.712,15.735,239080.5
2026-01-11 16:00:00,15.734,15.916,15.15,15.307,696825.4
2026-01-11 16:15:00,15.308,15.682,15.12,15.642,470554.6
2026-01-11 16:30:00,15.637,15.918,15.542,15.596,301705.7
2026-01-11 16:45:00,15.596,16.0,15.507,15.876,296502.9
2026-01-11 17:00:00,15.877,16.162,15.81,16.123,209901.4
2026-01-11 17:15:00,16.125,16.34,16.005,16.214,249791.4
2026-01-11 17:30:00,16.214,16.268,15.891,15.942,224256.2
2026-01-11 17:45:00,15.944,16.176,15.859,16.045,226985.3
2026-01-11 18:00:00,16.046,16.252,15.906,16.039,165078.5
2026-01-11 18:15:00,16.034,16.067,15.751,15.841,132783.0
2026-01-11 18:30:00,15.836,16.21,15.801,16.19,157137.4
2026-01-11 18:45:00,16.189,16.36,16.163,16.251,185323.1
2026-01-11 19:00:00,16.251,16.64,16.17,16.523,241809.6
2026-01-11 19:15:00,16.522,16.674,16.414,16.584,190092.2
2026-01-11 19:30:00,16.584,17.81,16.44,16.914,1084538.0
2026-01-11 19:45:00,16.913,17.278,16.791,17.12,288730.5
2026-01-11 20:00:00,17.12,17.19,16.649,16.923,316136.8
2026-01-11 20:15:00,16.927,16.999,16.671,16.868,170557.8
2026-01-11 20:30:00,16.868,16.977,16.655,16.742,151479.8
2026-01-11 20:45:00,16.741,17.146,16.735,16.883,196685.5
2026-01-11 21:00:00,16.883,17.007,16.802,16.808,160311.0
2026-01-11 21:15:00,16.808,17.03,16.78,16.921,121940.7
2026-01-11 21:30:00,16.922,17.027,16.743,16.812,112767.2
2026-01-11 21:45:00,16.812,16.981,16.809,16.896,96058.7
2026-01-11 22:00:00,16.896,17.118,16.896,16.99,182846.5
2026-01-11 22:15:00,16.993,17.455,16.888,17.079,311107.0
2026-01-11 22:30:00,17.082,17.098,16.774,16.928,154736.4
2026-01-11 22:45:00,16.929,16.965,16.738,16.841,110550.5
2026-01-11 23:00:00,16.84,17.025,16.647,16.723,285413.5
2026-01-11 23:15:00,16.722,16.931,16.722,16.799,143579.3
2026-01-11 23:30:00,16.798,16.975,16.777,16.913,125263.9
2026-01-11 23:45:00,16.912,17.0,16.736,16.774,131656.4
2026-01-12 00:00:00,16.775,16.853,16.426,16.517,287310.2
2026-01-12 00:15:00,16.517,17.2,16.485,16.933,336602.6
2026-01-12 00:30:00,16.933,17.331,16.904,16.976,253766.6
2026-01-12 00:45:00,16.975,17.235,16.882,17.179,179978.1
2026-01-12 01:00:00,17.179,17.853,17.097,17.664,501682.4
2026-01-12 01:15:00,17.665,17.666,17.39,17.496,233809.0
2026-01-12 01:30:00,17.494,17.663,17.302,17.416,201461.5
2026-01-12 01:45:00,17.416,17.581,17.191,17.493,185706.9
2026-01-12 02:00:00,17.493,17.675,17.33,17.477,157126.9
2026-01-12 02:15:00,17.476,17.621,17.376,17.544,159191.8
2026-01-12 02:30:00,17.544,18.248,17.539,18.106,555977.1
2026-01-12 02:45:00,18.111,18.169,17.851,17.899,282778.6
2026-01-12 03:00:00,17.9,17.91,16.384,17.338,1062905.4
2026-01-12 03:15:00,17.339,17.596,17.214,17.396,285062.4
2026-01-12 03:30:00,17.389,17.479,17.09,17.394,223091.0
2026-01-12 03:45:00,17.394,17.866,17.369,17.682,241495.5
2026-01-12 04:00:00,17.682,18.07,17.59,17.671,281911.0
2026-01-12 04:15:00,17.671,17.673,17.401,17.428,195284.1
2026-01-12 04:30:00,17.428,17.747,17.427,17.713,141545.5
2026-01-12 04:45:00,17.713,17.818,17.478,17.601,137980.7
2026-01-12 05:00:00,17.601,17.839,17.589,17.645,150754.0
2026-01-12 05:15:00,17.644,17.793,17.64,17.726,85553.9
2026-01-12 05:30:00,17.727,17.88,17.664,17.82,140731.8
2026-01-12 05:45:00,17.82,18.11,17.726,18.086,228039.7
2026-01-12 06:00:00,18.086,18.351,17.941,18.014,322515.8
2026-01-12 06:15:00,18.014,18.248,17.85,18.216,290470.1
2026-01-12 06:30:00,18.216,18.58,18.029,18.081,383828.5
2026-01-12 06:45:00,18.081,18.32,18.055,18.129,227027.4
2026-01-12 07:00:00,18.13,18.499,17.947,18.351,332157.3
2026-01-12 07:15:00,18.35,18.504,18.257,18.416,208538.3
2026-01-12 07:30:00,18.419,18.8,18.326,18.717,406412.4
2026-01-12 07:45:00,18.716,18.87,18.56,18.583,390840.4
2026-01-12 08:00:00,18.583,18.898,18.55,18.636,322197.5
2026-01-12 08:15:00,18.636,19.387,18.437,19.094,724102.3
2026-01-12 08:30:00,19.094,19.104,17.832,18.024,1071551.4
2026-01-12 08:45:00,18.024,19.092,18.013,18.945,891273.5
2026-01-12 09:00:00,18.945,19.274,18.803,19.141,438346.9
2026-01-12 09:15:00,19.143,19.307,18.931,19.013,350433.5
2026-01-12 09:30:00,19.012,19.14,18.862,18.893,241798.3
2026-01-12 09:45:00,18.893,19.174,18.621,18.72,343736.5
2026-01-12 10:00:00,18.72,19.19,18.6,19.042,334663.6
2026-01-12 10:15:00,19.041,19.13,18.88,18.938,255325.4
2026-01-12 10:30:00,18.937,18.981,18.703,18.751,238405.0
2026-01-12 10:45:00,18.751,18.997,18.71,18.736,176622.3
2026-01-12 11:00:00,18.739,19.094,18.711,19.007,236107.0
2026-01-12 11:15:00,19.003,19.188,18.867,19.134,272562.7
2026-01-12 11:30:00,19.133,19.658,19.059,19.321,670510.0
2026-01-12 11:45:00,19.322,19.4,19.166,19.219,265712.6
2026-01-12 12:00:00,19.218,19.29,19.017,19.152,274026.6
2026-01-12 12:15:00,19.151,19.237,19.023,19.07,185882.4
2026-01-12 12:30:00,19.069,19.308,18.845,19.119,318061.1
2026-01-12 12:45:00,19.118,19.353,19.083,19.202,204342.4
2026-01-12 13:00:00,19.205,19.399,19.204,19.278,262219.7
2026-01-12 13:15:00,19.275,19.33,19.022,19.093,251682.6
2026-01-12 13:30:00,19.092,19.232,18.922,19.005,261540.0
2026-01-12 13:45:00,19.006,19.091,18.58,18.59,393702.2
2026-01-12 14:00:00,18.591,18.919,18.228,18.649,785398.7
2026-01-12 14:15:00,18.647,18.826,18.207,18.766,525078.3
2026-01-12 14:30:00,18.766,19.194,18.69,19.144,426611.4
2026-01-12 14:45:00,19.145,19.227,18.846,18.931,279983.4
2026-01-12 15:00:00,18.936,19.011,18.627,18.763,309767.4
2026-01-12 15:15:00,18.763,19.18,18.728,18.887,230596.6
2026-01-12 15:30:00,18.886,19.077,18.773,18.951,151898.6
2026-01-12 15:45:00,18.952,19.1,18.873,18.948,152864.9
2026-01-12 16:00:00,18.948,19.043,18.802,18.828,168980.2
2026-01-12 16:15:00,18.829,19.224,18.756,19.105,246561.7
2026-01-12 16:30:00,19.103,19.99,19.021,19.673,705815.0
2026-01-12 16:45:00,19.674,19.788,19.46,19.468,282585.4
2026-01-12 17:00:00,19.469,20.39,19.382,19.868,697576.5
2026-01-12 17:15:00,19.869,20.202,19.778,19.954,309353.4
2026-01-12 17:30:00,19.955,20.775,19.824,20.646,661927.7
2026-01-12 17:45:00,20.644,20.95,20.462,20.527,468392.2
2026-01-12 18:00:00,20.526,21.337,20.37,21.167,720704.9
2026-01-12 18:15:00,21.169,21.274,20.824,21.178,310440.4
2026-01-12 18:30:00,21.178,21.279,20.57,20.901,426877.9
2026-01-12 18:45:00,20.901,21.5,20.832,21.357,424388.3
2026-01-12 19:00:00,21.358,21.87,21.245,21.714,593124.0
2026-01-12 19:15:00,21.713,21.943,21.55,21.628,340406.9
2026-01-12 19:30:00,21.623,21.66,21.233,21.376,332053.7
2026-01-12 19:45:00,21.378,21.47,20.919,21.16,364538.9
2026-01-12 20:00:00,21.16,21.237,20.555,20.624,373780.8
2026-01-12 20:15:00,20.624,21.116,20.609,21.025,316512.0
2026-01-12 20:30:00,21.021,21.232,20.875,21.079,201291.4
2026-01-12 20:45:00,21.078,21.291,20.83,21.187,175737.6
2026-01-12 21:00:00,21.186,21.479,21.151,21.367,217754.9
2026-01-12 21:15:00,21.368,21.428,21.017,21.138,158165.0
2026-01-12 21:30:00,21.138,21.165,20.818,20.832,145752.7
2026-01-12 21:45:00,20.833,20.93,20.714,20.763,149982.2
2026-01-12 22:00:00,20.763,20.947,20.058,20.658,572212.4
2026-01-12 22:15:00,20.661,20.769,20.531,20.588,160085.5
2026-01-12 22:30:00,20.59,21.388,20.558,21.067,211762.4
2026-01-12 22:45:00,21.068,21.069,20.685,20.91,105402.2
2026-01-12 23:00:00,20.911,21.158,20.91,20.993,145976.8
2026-01-12 23:15:00,20.993,21.228,20.878,21.156,167992.0
2026-01-12 23:30:00,21.155,21.274,20.975,21.127,142258.4
2026-01-12 23:45:00,21.127,21.154,20.734,20.801,142926.3
2026-01-13 00:00:00,20.801,20.846,19.965,20.125,570727.0
2026-01-13 00:15:00,20.125,20.162,19.209,19.321,683665.2
2026-01-13 00:30:00,19.32,20.159,18.84,19.007,1112085.1
2026-01-13 00:45:00,19.007,19.714,18.75,19.582,725358.1
2026-01-13 01:00:00,19.584,20.14,19.551,19.664,606667.8
2026-01-13 01:15:00,19.663,19.868,19.428,19.658,270231.5
2026-01-13 01:30:00,19.658,19.946,19.344,19.758,250437.8
2026-01-13 01:45:00,19.759,20.037,19.53,19.544,207993.7
2026-01-13 02:00:00,19.543,20.364,19.541,19.821,311767.2
2026-01-13 02:15:00,19.826,19.968,18.928,19.153,517904.0
2026-01-13 02:30:00,19.152,19.997,19.146,19.949,524429.0
2026-01-13 02:45:00,19.941,20.482,19.834,20.281,398528.8
2026-01-13 03:00:00,20.281,20.499,20.031,20.259,236366.8
2026-01-13 03:15:00,20.258,20.449,19.937,19.953,219906.5
2026-01-13 03:30:00,19.953,20.443,19.951,20.219,235590.6
2026-01-13 03:45:00,20.219,20.31,20.038,20.263,155520.8
2026-01-13 04:00:00,20.263,20.995,20.078,20.81,335410.8
2026-01-13 04:15:00,20.81,21.2,20.638,20.917,384204.8
2026-01-13 04:30:00,20.918,21.8,20.906,21.562,568080.0
2026-01-13 04:45:00,21.562,21.609,21.25,21.433,282046.9
2026-01-13 05:00:00,21.433,21.725,21.22,21.254,273143.4
2026-01-13 05:15:00,21.254,21.65,21.129,21.483,220587.6
2026-01-13 05:30:00,21.481,21.768,21.355,21.393,229368.9
2026-01-13 05:45:00,21.393,21.667,21.351,21.5,164463.8
2026-01-13 06:00:00,21.501,22.0,21.472,21.73,424649.8
2026-01-13 06:15:00,21.73,22.335,21.678,21.944,534929.2
2026-01-13 06:30:00,21.943,22.081,21.692,21.807,285839.5
2026-01-13 06:45:00,21.807,22.038,21.69,21.931,204197.4
2026-01-13 07:00:00,21.93,22.214,21.775,22.116,284937.6
2026-01-13 07:15:00,22.115,22.46,22.061,22.169,341365.5
2026-01-13 07:30:00,22.171,22.675,21.959,22.386,402454.3
2026-01-13 07:45:00,22.382,22.655,22.365,22.598,297953.9
2026-01-13 08:00:00,22.6,22.8,22.23,22.359,460597.6
2026-01-13 08:15:00,22.359,22.709,21.88,22.048,480621.9
2026-01-13 08:30:00,22.047,22.187,21.737,21.793,367551.0
2026-01-13 08:45:00,21.793,22.114,21.555,21.819,415346.4
2026-01-13 09:00:00,21.818,22.019,21.512,21.538,317299.6
2026-01-13 09:15:00,21.542,21.773,21.421,21.473,264598.5
2026-01-13 09:30:00,21.477,21.544,21.012,21.134,457230.1
2026-01-13 09:45:00,21.134,21.318,20.75,20.851,449195.5
2026-01-13 10:00:00,20.85,21.084,20.4,20.422,442921.8
2026-01-13 10:15:00,20.422,21.314,20.39,20.763,566722.6
2026-01-13 10:30:00,20.762,21.236,20.76,21.008,366962.1
2026-01-13 10:45:00,21.001,21.1,20.606,20.697,287358.4
2026-01-13 11:00:00,20.699,20.777,20.28,20.295,369697.0
2026-01-13 11:15:00,20.296,20.629,20.194,20.346,345137.7
2026-01-13 11:30:00,20.346,20.346,20.034,20.156,349621.6
2026-01-13 11:45:00,20.152,20.383,20.001,20.112,248220.6
2026-01-13 12:00:00,20.11,20.15,19.029,19.103,987994.6
2026-01-13 12:15:00,19.103,19.512,18.082,19.28,1664045.5
2026-01-13 12:30:00,19.28,19.931,19.247,19.332,731866.0
2026-01-13 12:45:00,19.334,20.477,19.132,20.048,734884.9
2026-01-13 13:00:00,20.048,20.496,19.738,20.317,524676.6
2026-01-13 13:15:00,20.317,20.87,19.884,20.169,717988.4
2026-01-13 13:30:00,20.165,21.149,20.164,20.996,547567.9
2026-01-13 13:45:00,21.0,21.104,20.75,20.817,332253.4
2026-01-13 14:00:00,20.817,20.912,20.386,20.423,406893.3
2026-01-13 14:15:00,20.424,20.658,20.184,20.503,319036.8
2026-01-13 14:30:00,20.503,20.952,20.302,20.769,316504.0
2026-01-13 14:45:00,20.769,20.887,20.424,20.571,211487.8
2026-01-13 15:00:00,20.571,20.735,20.16,20.357,228851.9
2026-01-13 15:15:00,20.358,20.848,20.22,20.797,208813.8
2026-01-13 15:30:00,20.797,21.36,20.664,20.949,394348.2
2026-01-13 15:45:00,20.948,21.498,20.887,21.407,314915.5
2026-01-13 16:00:00,21.409,21.543,21.134,21.271,264166.8
2026-01-13 16:15:00,21.271,21.722,21.089,21.516,304039.3
2026-01-13 16:30:00,21.514,21.729,21.316,21.322,194900.8
2026-01-13 16:45:00,21.32,21.355,21.016,21.182,206866.7
2026-01-13 17:00:00,21.181,21.229,20.682,20.932,237883.7
2026-01-13 17:15:00,20.932,21.065,20.582,20.674,158545.0
2026-01-13 17:30:00,20.673,20.836,20.431,20.518,187654.0
2026-01-13 17:45:00,20.518,20.599,20.31,20.38,157186.4
2026-01-13 18:00:00,20.38,20.683,20.326,20.546,175023.8
2026-01-13 18:15:00,20.547,20.824,20.385,20.796,128612.1
2026-01-13 18:30:00,20.795,21.075,20.569,20.963,172229.3
2026-01-13 18:45:00,20.964,21.282,20.722,20.779,164976.1
2026-01-13 19:00:00,20.779,21.096,20.611,21.022,175894.3
2026-01-13 19:15:00,21.021,21.447,20.873,21.413,165724.8
2026-01-13 19:30:00,21.414,21.479,20.995,21.064,149272.5
2026-01-13 19:45:00,21.064,21.321,20.788,20.859,149617.5
2026-01-13 20:00:00,20.86,21.011,20.728,20.939,111746.9
2026-01-13 20:15:00,20.941,21.212,20.941,21.155,99087.2
2026-01-13 20:30:00,21.154,21.169,20.75,20.77,103199.7
2026-01-13 20:45:00,20.771,20.824,20.629,20.687,88864.7
2026-01-13 21:00:00,20.686,20.887,20.658,20.858,68313.7
2026-01-13 21:15:00,20.857,20.877,20.55,20.681,85436.6
2026-01-13 21:30:00,20.681,20.85,20.501,20.829,81788.5
2026-01-13 21:45:00,20.83,20.988,20.467,20.635,101604.8
2026-01-13 22:00:00,20.634,22.375,20.559,21.93,517311.0
2026-01-13 22:15:00,21.932,22.076,21.232,21.391,355933.0
2026-01-13 22:30:00,21.391,21.64,21.025,21.179,160010.4
2026-01-13 22:45:00,21.178,21.32,20.946,21.248,101279.5
2026-01-13 23:00:00,21.249,21.768,21.249,21.354,247867.4
2026-01-13 23:15:00,21.345,21.677,21.19,21.57,154482.3
2026-01-13 23:30:00,21.572,21.72,21.474,21.59,129483.0
2026-01-13 23:45:00,21.59,21.8,21.385,21.44,126072.8
2026-01-14 00:00:00,21.44,21.554,20.957,20.968,211016.2
2026-01-14 00:15:00,20.967,21.389,20.837,20.867,153954.5
2026-01-14 00:30:00,20.868,21.073,20.665,21.03,192497.3
2026-01-14 00:45:00,21.033,21.43,20.973,21.3,121209.7
2026-01-14 01:00:00,21.301,21.565,21.211,21.51,117235.4
2026-01-14 01:15:00,21.51,21.589,21.133,21.455,104897.2
2026-01-14 01:30:00,21.455,21.869,21.453,21.811,175230.6
2026-01-14 01:45:00,21.808,22.25,21.75,22.167,245876.1
2026-01-14 02:00:00,22.168,22.415,21.978,22.113,262862.8
2026-01-14 02:15:00,22.115,22.6,21.661,22.425,385307.5
2026-01-14 02:30:00,22.426,22.58,22.162,22.169,207265.6
2026-01-14 02:45:00,22.169,22.4,21.867,21.983,256668.7
2026-01-14 03:00:00,21.982,22.257,21.772,22.175,181574.6
2026-01-14 03:15:00,22.175,22.294,21.869,21.97,130491.5
2026-01-14 03:30:00,21.969,22.21,21.855,21.902,176369.8
2026-01-14 03:45:00,21.9,22.009,21.662,21.723,168680.2
2026-01-14 04:00:00,21.723,21.756,21.245,21.507,238547.3
2026-01-14 04:15:00,21.507,21.879,21.459,21.645,154433.7
2026-01-14 04:30:00,21.645,22.009,21.527,21.866,162230.4
2026-01-14 04:45:00,21.865,22.157,21.75,21.781,171154.8
2026-01-14 05:00:00,21.781,22.08,21.6,22.078,146133.1
2026-01-14 05:15:00,22.081,22.456,21.76,22.319,264024.0
2026-01-14 05:30:00,22.319,22.439,22.123,22.207,194872.1
2026-01-14 05:45:00,22.206,22.444,22.135,22.282,134361.8
2026-01-14 06:00:00,22.276,23.68,22.231,23.506,880497.0
2026-01-14 06:15:00,23.51,24.28,23.202,24.021,717131.6
2026-01-14 06:30:00,24.024,24.374,23.423,24.217,555558.1
2026-01-14 06:45:00,24.218,24.25,23.65,23.879,298355.3
2026-01-14 07:00:00,23.879,24.177,23.527,24.002,328580.7
2026-01-14 07:15:00,24.002,24.14,23.623,23.7,206682.3
2026-01-14 07:30:00,23.701,23.895,23.441,23.631,255780.3
2026-01-14 07:45:00,23.632,23.9,23.543,23.868,276206.9
2026-01-14 08:00:00,23.864,23.886,23.17,23.305,341605.8
2026-01-14 08:15:00,23.305,23.698,23.13,23.614,238724.1
2026-01-14 08:30:00,23.614,23.953,23.468,23.889,274018.4
2026-01-14 08:45:00,23.891,24.111,23.63,23.755,250927.6
2026-01-14 09:00:00,23.754,24.849,23.604,24.562,638252.6
2026-01-14 09:15:00,24.562,24.718,24.213,24.354,331747.3
2026-01-14 09:30:00,24.353,24.518,24.165,24.487,210824.9
2026-01-14 09:45:00,24.487,24.665,24.272,24.601,246216.6
2026-01-14 10:00:00,24.601,24.798,24.431,24.623,255361.7
2026-01-14 10:15:00,24.623,25.788,24.615,25.772,900480.8
2026-01-14 10:30:00,25.771,25.935,25.241,25.3,491205.5
2026-01-14 10:45:00,25.3,26.443,25.288,26.37,600493.0
2026-01-14 11:00:00,26.37,26.484,25.98,26.03,491287.5
2026-01-14 11:15:00,26.03,26.182,25.694,25.942,453081.7
2026-01-14 11:30:00,25.943,26.673,25.927,26.58,601235.0
2026-01-14 11:45:00,26.583,26.98,26.153,26.598,653611.8
2026-01-14 12:00:00,26.598,26.902,25.602,26.16,1097833.5
2026-01-14 12:15:00,26.16,26.297,24.227,24.482,1429555.9
2026-01-14 12:30:00,24.481,24.598,22.819,24.001,2093987.4
2026-01-14 12:45:00,24.002,25.2,24.002,24.81,1206651.9
2026-01-14 13:00:00,24.812,25.3,24.701,24.802,497316.0
2026-01-14 13:15:00,24.802,25.647,24.558,25.292,504839.3
2026-01-14 13:30:00,25.292,26.031,25.207,25.667,414769.0
2026-01-14 13:45:00,25.666,26.05,25.14,25.521,539646.9
2026-01-14 14:00:00,25.517,26.196,25.406,26.077,442736.8
2026-01-14 14:15:00,26.075,26.44,25.902,26.25,400394.9
2026-01-14 14:30:00,26.249,26.676,26.023,26.51,373357.3
2026-01-14 14:45:00,26.511,28.296,26.443,27.779,1368281.7
2026-01-14 15:00:00,27.779,28.83,27.564,28.052,1221145.1
2026-01-14 15:15:00,28.052,29.814,27.733,29.683,1185738.5
2026-01-14 15:30:00,29.682,29.945,28.334,28.959,1163921.3
2026-01-14 15:45:00,28.959,29.305,28.002,28.299,923047.5
2026-01-14 16:00:00,28.306,29.0,25.3,28.716,2226511.3
2026-01-14 16:15:00,28.717,31.473,28.528,29.82,1901242.9
2026-01-14 16:30:00,29.821,30.771,28.777,29.399,1138542.4
2026-01-14 16:45:00,29.399,29.816,28.729,29.239,683316.3
2026-01-14 17:00:00,29.242,29.526,28.548,29.129,666831.2
2026-01-14 17:15:00,29.129,29.274,28.375,29.134,487216.0
2026-01-14 17:30:00,29.139,29.268,27.869,28.569,515453.0
2026-01-14 17:45:00,28.572,29.274,28.519,28.72,428681.8
2026-01-14 18:00:00,28.719,29.194,28.05,28.303,443346.6
2026-01-14 18:15:00,28.296,28.597,27.737,28.02,363046.8
2026-01-14 18:30:00,28.021,28.535,27.65,28.427,360596.4
2026-01-14 18:45:00,28.428,29.026,28.331,28.534,391882.9
2026-01-14 19:00:00,28.534,29.197,27.05,28.236,873754.9
2026-01-14 19:15:00,28.239,28.6,27.304,28.212,494983.3
2026-01-14 19:30:00,28.213,28.355,26.669,27.855,856599.1
2026-01-14 19:45:00,27.856,28.055,27.419,27.486,515168.9
2026-01-14 20:00:00,27.487,27.967,26.362,26.699,1038783.8
2026-01-14 20:15:00,26.704,27.143,25.778,26.125,766077.0
2026-01-14 20:30:00,26.125,26.149,24.092,24.451,998832.2
2026-01-14 20:45:00,24.45,25.677,23.521,24.538,1056165.0
2026-01-14 21:00:00,24.537,24.832,23.345,24.139,781898.4
2026-01-14 21:15:00,24.14,25.22,23.387,23.51,532862.1
2026-01-14 21:30:00,23.515,24.063,23.227,23.992,412724.9
2026-01-14 21:45:00,23.994,24.671,23.643,23.668,439172.7
2026-01-14 22:00:00,23.666,24.368,23.2,24.318,380626.4
2026-01-14 22:15:00,24.318,24.696,24.066,24.342,234563.6
2026-01-14 22:30:00,24.338,24.868,24.28,24.756,268130.4
2026-01-14 22:45:00,24.756,24.897,24.215,24.252,219348.0
2026-01-14 23:00:00,24.252,24.54,22.646,23.162,681219.3
2026-01-14 23:15:00,23.162,23.169,21.223,21.315,739439.2
2026-01-14 23:30:00,21.315,22.417,20.94,21.952,612369.0
2026-01-14 23:45:00,21.96,22.462,20.75,21.006,523194.2
2026-01-15 00:00:00,21.018,21.398,20.344,20.41,601848.7
2026-01-15 00:15:00,20.41,21.814,20.255,20.885,591843.9
2026-01-15 00:30:00,20.885,22.304,20.677,22.186,439724.8
2026-01-15 00:45:00,22.187,22.985,22.077,22.345,602522.7
2026-01-15 01:00:00,22.345,23.456,21.67,23.338,525227.5
2026-01-15 01:15:00,23.337,23.973,22.923,23.714,510316.6
2026-01-15 01:30:00,23.707,24.093,23.47,23.851,392204.6
2026-01-15 01:45:00,23.851,24.2,23.0,23.63,540914.1
2026-01-15 02:00:00,23.63,24.36,23.421,23.677,437042.3
2026-01-15 02:15:00,23.678,23.684,21.729,21.816,683773.9
2026-01-15 02:30:00,21.816,22.306,21.01,21.277,607620.2
2026-01-15 02:45:00,21.277,21.92,21.106,21.566,385226.7
2026-01-15 03:00:00,21.566,21.578,20.423,20.561,448769.1
2026-01-15 03:15:00,20.567,21.3,20.329,21.178,373916.4
2026-01-15 03:30:00,21.178,21.656,20.88,21.387,346113.6
2026-01-15 03:45:00,21.388,21.75,21.269,21.58,276192.9
2026-01-15 04:00:00,21.579,22.473,21.42,22.358,409068.4
2026-01-15 04:15:00,22.359,22.754,21.73,22.302,510860.2
2026-01-15 04:30:00,22.3,22.488,21.664,22.334,334220.9
2026-01-15 04:45:00,22.339,22.747,22.2,22.402,333462.7
2026-01-15 05:00:00,22.402,23.2,22.175,23.09,432832.4
2026-01-15 05:15:00,23.09,23.374,22.787,22.997,330345.0
2026-01-15 05:30:00,22.997,23.399,22.871,23.3,219714.9
2026-01-15 05:45:00,23.3,23.608,23.101,23.119,329039.7
2026-01-15 06:00:00,23.119,23.401,22.288,22.833,586673.3
2026-01-15 06:15:00,22.835,23.15,22.511,22.743,225412.3
2026-01-15 06:30:00,22.744,22.828,22.133,22.199,308815.3
2026-01-15 06:45:00,22.198,22.375,20.987,21.303,600491.6
2026-01-15 07:00:00,21.303,21.88,20.726,21.702,627259.7
2026-01-15 07:15:00,21.702,21.872,20.501,20.917,419012.5
2026-01-15 07:30:00,20.918,21.12,20.159,20.368,508378.7
2026-01-15 07:45:00,20.372,20.647,18.84,19.174,1027406.4
2026-01-15 08:00:00,19.173,19.696,18.624,19.085,883611.0
2026-01-15 08:15:00,19.085,19.246,18.392,18.785,613699.1
2026-01-15 08:30:00,18.785,19.102,18.244,18.3,511491.4
2026-01-15 08:45:00,18.301,18.78,18.0,18.605,572575.2
2026-01-15 09:00:00,18.609,19.093,17.216,17.338,824194.8
2026-01-15 09:15:00,17.34,17.86,16.9,17.835,808820.4
2026-01-15 09:30:00,17.835,18.455,17.743,18.42,544200.4
2026-01-15 09:45:00,18.414,19.529,18.305,19.014,735372.2
2026-01-15 10:00:00,19.013,19.797,18.912,19.303,490149.6
2026-01-15 10:15:00,19.303,19.7,18.409,19.538,582288.8
2026-01-15 10:30:00,19.537,20.178,19.236,20.0,455184.3
2026-01-15 10:45:00,20.0,20.33,19.699,20.172,466375.7
2026-01-15 11:00:00,20.172,20.828,20.16,20.558,534480.7
2026-01-15 11:15:00,20.561,21.36,20.137,21.238,523220.8
2026-01-15 11:30:00,21.238,21.793,20.677,21.481,521828.9
2026-01-15 11:45:00,21.485,21.59,20.867,21.473,338588.7
2026-01-15 12:00:00,21.478,21.515,20.9,21.266,360970.5
2026-01-15 12:15:00,21.268,21.49,20.985,21.338,229393.5
2026-01-15 12:30:00,21.338,22.636,21.307,22.177,710197.0
2026-01-15 12:45:00,22.177,22.215,21.395,21.48,361120.5
2026-01-15 13:00:00,21.479,22.562,20.829,22.175,611147.1
2026-01-15 13:15:00,22.172,22.719,21.823,22.085,337574.5
2026-01-15 13:30:00,22.086,22.096,21.097,21.144,324184.1
2026-01-15 13:45:00,21.149,21.632,20.76,21.011,321565.7
2026-01-15 14:00:00,21.007,21.499,20.6,21.127,389049.9
2026-01-15 14:15:00,21.128,21.746,21.071,21.35,235128.0
2026-01-15 14:30:00,21.349,21.642,21.188,21.599,175078.9
2026-01-15 14:45:00,21.598,21.878,20.85,20.99,253761.2
2026-01-15 15:00:00,20.991,21.62,20.821,21.306,253230.5
2026-01-15 15:15:00,21.304,22.071,21.296,21.916,223925.2
2026-01-15 15:30:00,21.916,22.238,21.74,22.171,223375.6
2026-01-15 15:45:00,22.17,22.384,21.853,21.994,234328.4
2026-01-15 16:00:00,21.994,22.027,21.244,21.313,304020.6
2026-01-15 16:15:00,21.321,21.636,21.025,21.107,239873.8
2026-01-15 16:30:00,21.107,21.466,20.878,21.44,230556.5
2026-01-15 16:45:00,21.438,21.58,21.139,21.343,152526.7
2026-01-15 17:00:00,21.342,21.552,20.937,21.468,202605.3
2026-01-15 17:15:00,21.469,21.936,21.291,21.82,178675.4
2026-01-15 17:30:00,21.82,22.123,21.528,21.874,183600.7
2026-01-15 17:45:00,21.875,22.283,21.569,22.217,171910.1
2026-01-15 18:00:00,22.216,22.573,21.884,22.395,211897.2
2026-01-15 18:15:00,22.397,23.288,22.309,23.06,354352.1
2026-01-15 18:30:00,23.062,23.247,22.792,23.143,183349.4
2026-01-15 18:45:00,23.143,23.58,22.813,23.392,228755.1
2026-01-15 19:00:00,23.392,23.899,23.201,23.45,302008.3
2026-01-15 19:15:00,23.45,24.408,23.11,24.05,393148.3
2026-01-15 19:30:00,24.052,24.297,23.588,23.73,250959.2
2026-01-15 19:45:00,23.73,24.491,23.681,23.897,265450.2
2026-01-15 20:00:00,23.897,23.967,22.89,23.046,368841.1
2026-01-15 20:15:00,23.045,23.343,22.88,23.218,206249.1
2026-01-15 20:30:00,23.217,23.686,23.124,23.302,180277.2
2026-01-15 20:45:00,23.303,23.64,23.235,23.423,148882.4
2026-01-15 21:00:00,23.425,24.445,23.308,24.139,276391.6
2026-01-15 21:15:00,24.138,24.469,23.86,24.188,209113.9
2026-01-15 21:30:00,24.18,25.83,24.109,25.242,544720.7
2026-01-15 21:45:00,25.242,25.543,24.727,25.04,252498.9
2026-01-15 22:00:00,25.04,25.467,24.605,25.145,237903.5
2026-01-15 22:15:00,25.148,25.175,24.066,24.37,258921.3
2026-01-15 22:30:00,24.37,24.839,24.248,24.764,143851.2
2026-01-15 22:45:00,24.763,25.245,24.545,24.734,130782.3
2026-01-15 23:00:00,24.733,25.127,24.275,24.294,179785.7
2026-01-15 23:15:00,24.294,24.555,23.808,24.433,234058.7
2026-01-15 23:30:00,24.432,24.675,24.152,24.346,155196.1
2026-01-15 23:45:00,24.348,24.69,23.8,24.659,237494.5
2026-01-16 00:00:00,24.652,25.156,24.284,25.14,249666.7
2026-01-16 00:15:00,25.14,25.395,24.392,24.621,292436.9
2026-01-16 00:30:00,24.62,25.43,24.58,25.001,299000.5
2026-01-16 00:45:00,25.002,25.951,24.988,25.36,383920.3
2026-01-16 01:00:00,25.357,25.593,24.759,25.099,284248.8
2026-01-16 01:15:00,25.099,25.356,24.712,25.087,205798.5
2026-01-16 01:30:00,25.087,26.47,24.85,26.399,440786.1
2026-01-16 01:45:00,26.399,26.649,26.088,26.47,391507.2
2026-01-16 02:00:00,26.472,27.364,26.303,27.05,555035.6
2026-01-16 02:15:00,27.051,27.525,26.868,27.208,313815.7
2026-01-16 02:30:00,27.207,27.814,27.085,27.437,325354.4
2026-01-16 02:45:00,27.436,27.628,27.132,27.37,252980.1
2026-01-16 03:00:00,27.37,28.204,27.166,27.875,389930.1
2026-01-16 03:15:00,27.875,28.295,27.47,27.867,405882.1
2026-01-16 03:30:00,27.858,28.374,27.512,27.517,367597.5
2026-01-16 03:45:00,27.523,27.564,25.743,26.215,983643.8
2026-01-16 04:00:00,26.222,27.975,25.725,27.694,960664.8
2026-01-16 04:15:00,27.694,29.331,27.533,29.167,834234.5
2026-01-16 04:30:00,29.163,29.725,28.7,29.368,824764.9
2026-01-16 04:45:00,29.368,29.864,29.162,29.708,563356.7
2026-01-16 05:00:00,29.694,30.576,29.295,29.991,1047997.6
2026-01-16 05:15:00,29.993,30.664,29.263,29.783,695283.8
2026-01-16 05:30:00,29.785,31.129,29.483,30.669,700032.5
2026-01-16 05:45:00,30.669,31.353,30.425,31.09,582958.8
2026-01-16 06:00:00,31.078,31.199,30.43,30.611,633363.9
2026-01-16 06:15:00,30.612,31.099,29.949,30.826,386945.8
2026-01-16 06:30:00,30.828,32.369,30.71,32.249,765526.9
2026-01-16 06:45:00,32.244,33.281,32.054,32.594,838679.2
2026-01-16 07:00:00,32.591,33.333,32.16,32.503,801925.1
2026-01-16 07:15:00,32.503,33.1,32.183,32.728,478846.4
2026-01-16 07:30:00,32.728,33.764,32.67,33.304,392662.4
2026-01-16 07:45:00,33.305,34.63,33.201,34.248,876011.7
2026-01-16 08:00:00,34.23,34.411,32.58,32.891,1038948.3
2026-01-16 08:15:00,32.889,33.64,32.351,33.254,469863.5
2026-01-16 08:30:00,33.256,34.855,33.256,33.937,779424.7
2026-01-16 08:45:00,33.938,34.073,33.444,33.575,558148.1
2026-01-16 09:00:00,33.565,33.711,31.508,32.985,1251121.4
2026-01-16 09:15:00,32.987,33.155,32.203,32.301,511440.0
2026-01-16 09:30:00,32.301,33.0,30.362,31.777,1403486.6
2026-01-16 09:45:00,31.769,33.195,31.515,32.704,734955.2
2026-01-16 10:00:00,32.701,33.005,29.42,30.896,2028564.7
2026-01-16 10:15:00,30.896,30.959,29.129,29.46,994281.2
2026-01-16 10:30:00,29.459,30.636,28.673,29.32,1298299.0
2026-01-16 10:45:00,29.307,29.63,27.711,27.864,1261943.4
2026-01-16 11:00:00,27.866,28.0,25.125,25.735,1915614.9
2026-01-16 11:15:00,25.738,26.431,24.807,25.514,1380842.5
2026-01-16 11:30:00,25.513,25.513,23.433,24.539,1782534.5
2026-01-16 11:45:00,24.538,26.038,24.201,24.742,1419611.7
2026-01-16 12:00:00,24.739,26.64,24.291,25.98,1641124.9
2026-01-16 12:15:00,25.979,26.896,25.64,25.72,903808.7
2026-01-16 12:30:00,25.72,26.127,24.657,25.727,861534.2
2026-01-16 12:45:00,25.728,26.159,25.237,25.32,556870.4
2026-01-16 13:00:00,25.32,25.709,23.81,23.894,1085971.9
2026-01-16 13:15:00,23.894,25.0,23.75,24.702,516883.9
2026-01-16 13:30:00,24.717,25.528,24.654,24.981,521850.5
2026-01-16 13:45:00,24.985,25.145,24.519,24.725,480289.9
2026-01-16 14:00:00,24.724,24.761,22.601,22.735,1284217.3
2026-01-16 14:15:00,22.735,23.79,22.72,23.202,815133.8
2026-01-16 14:30:00,23.201,24.108,23.01,23.667,510491.4
2026-01-16 14:45:00,23.671,23.728,22.656,23.237,456749.2
2026-01-16 15:00:00,23.23,23.455,22.369,22.564,627049.6
2026-01-16 15:15:00,22.566,23.498,22.141,23.288,638612.1
2026-01-16 15:30:00,23.287,23.546,22.344,22.482,459579.1
2026-01-16 15:45:00,22.483,24.17,22.437,23.27,634680.8
2026-01-16 16:00:00,23.27,23.837,22.754,23.699,480679.5
2026-01-16 16:15:00,23.7,25.601,23.409,25.397,787103.7
2026-01-16 16:30:00,25.397,26.28,24.831,25.986,794577.9
2026-01-16 16:45:00,25.985,26.3,24.668,24.932,581886.4
2026-01-16 17:00:00,24.932,25.195,24.161,24.871,555691.6
2026-01-16 17:15:00,24.872,24.873,23.4,23.773,543722.1
2026-01-16 17:30:00,23.773,24.399,23.607,24.063,327477.2
2026-01-16 17:45:00,24.062,25.079,24.046,24.365,326394.5
2026-01-16 18:00:00,24.366,25.425,24.339,24.953,290826.7
2026-01-16 18:15:00,24.955,25.381,24.379,24.666,239672.7
2026-01-16 18:30:00,24.666,24.78,24.001,24.048,181854.3
2026-01-16 18:45:00,24.049,24.542,23.628,23.717,271875.9
2026-01-16 19:00:00,23.718,24.061,23.506,23.888,208525.9
2026-01-16 19:15:00,23.887,24.25,23.704,24.028,163361.7
2026-01-16 19:30:00,24.031,24.394,23.557,23.696,197962.0
2026-01-16 19:45:00,23.695,23.695,23.082,23.447,237013.6
2026-01-16 20:00:00,23.447,24.153,23.315,23.909,171679.1
2026-01-16 20:15:00,23.908,24.52,23.805,24.352,198678.4
2026-01-16 20:30:00,24.353,24.917,24.24,24.748,217310.7
2026-01-16 20:45:00,24.747,24.95,24.33,24.498,165842.2
2026-01-16 21:00:00,24.499,24.55,23.923,23.964,183546.9
2026-01-16 21:15:00,23.966,24.143,23.727,23.811,122568.2
2026-01-16 21:30:00,23.812,23.958,23.52,23.583,113923.4
2026-01-16 21:45:00,23.583,24.043,23.41,23.717,139156.1
2026-01-16 22:00:00,23.717,24.168,23.704,23.906,123034.0
2026-01-16 22:15:00,23.908,24.321,23.714,24.294,116758.9
2026-01-16 22:30:00,24.293,24.298,23.501,23.516,124078.1
2026-01-16 22:45:00,23.52,24.034,23.52,23.956,69671.2
2026-01-16 23:00:00,23.955,24.065,23.158,23.525,168689.6
2026-01-16 23:15:00,23.526,23.94,23.38,23.887,152065.7
2026-01-16 23:30:00,23.882,24.249,23.668,23.852,158569.5
2026-01-16 23:45:00,23.853,23.902,23.197,23.366,169412.4
2026-01-17 00:00:00,23.369,23.503,23.017,23.192,193467.5
2026-01-17 00:15:00,23.192,23.327,22.491,22.995,298252.1
2026-01-17 00:30:00,22.995,23.091,21.514,22.051,473935.0
2026-01-17 00:45:00,22.055,23.0,21.635,22.676,330704.4
2026-01-17 01:00:00,22.679,23.641,22.586,23.461,344679.6
2026-01-17 01:15:00,23.461,23.987,23.045,23.633,297482.7
2026-01-17 01:30:00,23.632,23.633,23.114,23.503,222218.6
2026-01-17 01:45:00,23.504,24.633,23.457,24.372,335968.5
2026-01-17 02:00:00,24.372,25.543,24.341,25.384,499930.7
2026-01-17 02:15:00,25.384,25.781,24.701,25.006,362658.7
2026-01-17 02:30:00,25.007,25.868,24.5,25.264,350167.9
2026-01-17 02:45:00,25.26,26.409,25.204,25.959,431390.7
2026-01-17 03:00:00,25.959,26.725,25.738,26.405,503257.6
2026-01-17 03:15:00,26.406,26.653,25.85,26.103,368356.4
2026-01-17 03:30:00,26.112,26.132,25.114,25.579,385570.0
2026-01-17 03:45:00,25.578,25.604,24.64,25.219,413816.1
2026-01-17 04:00:00,25.218,25.785,24.036,24.583,447909.8
2026-01-17 04:15:00,24.584,24.955,23.381,23.623,550009.3
2026-01-17 04:30:00,23.622,23.623,22.555,22.838,456368.3
2026-01-17 04:45:00,22.837,23.519,22.07,22.253,520024.7
2026-01-17 05:00:00,22.254,23.277,22.125,23.208,364844.3
2026-01-17 05:15:00,23.208,23.593,22.41,22.443,433823.0
2026-01-17 05:30:00,22.444,22.825,22.001,22.374,379715.1
2026-01-17 05:45:00,22.375,23.032,22.375,22.561,264032.5
2026-01-17 06:00:00,22.562,22.95,22.253,22.444,280404.9
2026-01-17 06:15:00,22.445,22.899,22.416,22.816,198706.6
2026-01-17 06:30:00,22.82,23.059,22.237,22.449,245359.1
2026-01-17 06:45:00,22.449,22.631,22.109,22.359,220642.0
2026-01-17 07:00:00,22.358,22.636,21.593,22.08,374974.8
2026-01-17 07:15:00,22.081,22.363,21.787,21.956,246304.9
2026-01-17 07:30:00,21.955,21.996,21.6,21.821,238869.4
2026-01-17 07:45:00,21.824,21.966,21.208,21.612,375383.8
2026-01-17 08:00:00,21.614,22.114,21.377,21.937,293810.7
2026-01-17 08:15:00,21.938,22.525,21.938,22.202,278382.8
2026-01-17 08:30:00,22.202,22.358,21.457,21.715,274628.0
2026-01-17 08:45:00,21.713,21.731,20.688,20.991,407111.4
2026-01-17 09:00:00,20.99,21.1,20.51,20.726,406558.0
2026-01-17 09:15:00,20.725,20.8,20.03,20.095,486732.0
2026-01-17 09:30:00,20.092,20.442,19.326,20.378,859373.9
2026-01-17 09:45:00,20.369,21.488,20.203,21.401,812269.6
2026-01-17 10:00:00,21.4,21.437,19.856,20.082,691553.4
2026-01-17 10:15:00,20.083,21.16,19.853,20.53,604810.2
2026-01-17 10:30:00,20.529,20.934,20.258,20.438,280604.2
2026-01-17 10:45:00,20.438,20.89,20.125,20.819,298028.0
2026-01-17 11:00:00,20.817,20.817,20.126,20.303,242063.3
2026-01-17 11:15:00,20.304,20.332,19.524,19.863,405518.5
2026-01-17 11:30:00,19.861,20.248,19.56,20.212,305728.5
2026-01-17 11:45:00,20.208,20.498,19.844,19.92,269151.5
2026-01-17 12:00:00,19.921,19.936,19.25,19.771,460773.5
2026-01-17 12:15:00,19.771,19.984,19.12,19.218,443654.6
2026-01-17 12:30:00,19.219,19.492,18.71,19.16,492423.0
2026-01-17 12:45:00,19.162,19.425,18.777,18.986,351765.4
2026-01-17 13:00:00,18.99,19.18,18.6,18.911,409231.4
2026-01-17 13:15:00,18.911,19.44,18.776,19.266,318289.3
2026-01-17 13:30:00,19.264,20.375,19.094,19.886,621399.6
2026-01-17 13:45:00,19.884,19.892,18.77,18.799,545993.8
2026-01-17 14:00:00,18.798,21.477,18.328,20.41,1923487.4
2026-01-17 14:15:00,20.406,21.183,20.269,20.831,925609.7
2026-01-17 14:30:00,20.833,21.564,20.418,20.476,672503.0
2026-01-17 14:45:00,20.476,20.481,19.244,19.488,706332.8
2026-01-17 15:00:00,19.487,19.835,18.062,18.164,1095832.8
2026-01-17 15:15:00,18.157,18.338,17.53,17.721,984929.1
2026-01-17 15:30:00,17.719,18.137,17.35,17.501,678912.7
2026-01-17 15:45:00,17.501,18.033,17.43,17.664,401096.3
2026-01-17 16:00:00,17.663,18.498,17.572,17.886,480908.4
2026-01-17 16:15:00,17.885,18.302,17.651,17.984,302255.8
2026-01-17 16:30:00,17.985,18.177,17.68,17.758,258639.7
2026-01-17 16:45:00,17.759,17.975,17.15,17.854,498214.9
2026-01-17 17:00:00,17.857,18.299,17.768,17.997,327394.8
2026-01-17 17:15:00,17.997,18.05,17.67,18.004,191019.7
2026-01-17 17:30:00,18.003,18.052,17.287,17.424,275072.4
2026-01-17 17:45:00,17.423,17.732,17.025,17.473,339184.3
2026-01-17 18:00:00,17.473,17.628,16.12,17.396,1124892.8
2026-01-17 18:15:00,17.399,17.96,17.175,17.96,365811.6
2026-01-17 18:30:00,17.959,18.258,17.635,17.994,406481.6
2026-01-17 18:45:00,17.994,18.868,17.915,18.64,385487.1
2026-01-17 19:00:00,18.638,19.334,18.614,18.971,477665.2
2026-01-17 19:15:00,18.973,19.439,18.529,18.948,415518.4
2026-01-17 19:30:00,18.948,20.356,18.924,19.961,562288.6
2026-01-17 19:45:00,19.961,20.37,19.2,19.262,482166.4
2026-01-17 20:00:00,19.263,20.025,19.263,19.879,270463.7
2026-01-17 20:15:00,19.878,20.199,19.651,19.871,219761.3
2026-01-17 20:30:00,19.872,20.458,19.701,20.177,242448.6
2026-01-17 20:45:00,20.178,20.265,19.631,19.812,202864.5
2026-01-17 21:00:00,19.812,20.09,19.168,19.973,337121.9
2026-01-17 21:15:00,19.972,20.165,19.664,19.822,157683.0
2026-01-17 21:30:00,19.821,20.08,19.723,19.95,134181.2
2026-01-17 21:45:00,19.95,20.215,19.906,19.911,117747.4
2026-01-17 22:00:00,19.911,20.104,19.643,19.903,141329.4
2026-01-17 22:15:00,19.903,19.96,19.508,19.575,129517.1
2026-01-17 22:30:00,19.573,20.063,19.475,19.946,131045.9
2026-01-17 22:45:00,19.945,20.328,19.757,19.802,118907.9
2026-01-17 23:00:00,19.808,20.0,19.653,19.958,133604.1
2026-01-17 23:15:00,19.958,20.33,19.897,20.001,145847.9
2026-01-17 23:30:00,20.0,20.0,19.605,19.692,131593.5
2026-01-17 23:45:00,19.692,19.798,19.171,19.417,211446.5
2026-01-18 00:00:00,19.417,19.84,19.335,19.341,177503.0
2026-01-18 00:15:00,19.342,19.795,19.338,19.685,108338.4
2026-01-18 00:30:00,19.685,20.968,19.685,20.612,344022.4
2026-01-18 00:45:00,20.617,20.749,19.959,20.18,223353.1
2026-01-18 01:00:00,20.18,20.609,19.86,20.483,191903.4
2026-01-18 01:15:00,20.484,20.837,20.415,20.477,188625.7
2026-01-18 01:30:00,20.477,21.34,20.278,21.106,303206.6
2026-01-18 01:45:00,21.11,21.703,21.087,21.32,345332.6
2026-01-18 02:00:00,21.319,21.499,20.612,20.792,265935.4
2026-01-18 02:15:00,20.793,20.85,19.403,19.556,472168.4
2026-01-18 02:30:00,19.552,19.82,18.35,18.593,719355.5
2026-01-18 02:45:00,18.593,19.016,18.2,18.787,441946.7
2026-01-18 03:00:00,18.788,19.36,18.493,18.546,327598.1
2026-01-18 03:15:00,18.542,19.022,18.527,18.769,223838.5
2026-01-18 03:30:00,18.77,19.323,18.737,19.188,253533.5
2026-01-18 03:45:00,19.185,19.598,19.031,19.066,188731.9
2026-01-18 04:00:00,19.066,20.183,19.004,20.005,258224.5
2026-01-18 04:15:00,20.005,20.779,19.85,20.588,324664.5
2026-01-18 04:30:00,20.587,21.25,20.547,21.203,355442.8
2026-01-18 04:45:00,21.201,22.422,20.788,22.294,588441.6
2026-01-18 05:00:00,22.293,23.618,22.204,23.303,777196.2
2026-01-18 05:15:00,23.302,24.499,22.72,23.633,978880.4
2026-01-18 05:30:00,23.633,24.755,23.333,24.001,607888.9
2026-01-18 05:45:00,24.005,24.885,23.309,23.96,523995.6
2026-01-18 06:00:00,23.962,24.797,23.684,24.443,398830.1
2026-01-18 06:15:00,24.436,25.231,24.354,24.964,436947.8
2026-01-18 06:30:00,24.964,25.18,24.422,24.672,345588.0
2026-01-18 06:45:00,24.667,25.79,24.387,25.532,508049.6
2026-01-18 07:00:00,25.532,25.786,25.012,25.214,351242.7
2026-01-18 07:15:00,25.216,25.221,23.809,24.636,720742.7
2026-01-18 07:30:00,24.635,25.789,24.113,25.611,502468.1
2026-01-18 07:45:00,25.607,25.85,24.529,24.985,507764.9
2026-01-18 08:00:00,24.984,25.342,24.399,24.7,343585.0
2026-01-18 08:15:00,24.701,24.77,24.023,24.023,336140.4
2026-01-18 08:30:00,24.033,25.8,24.022,25.217,460162.0
2026-01-18 08:45:00,25.217,25.523,24.434,24.56,341289.8
2026-01-18 09:00:00,24.561,25.282,24.508,25.205,255992.6
2026-01-18 09:15:00,25.205,25.8,24.967,25.552,367361.2
2026-01-18 09:30:00,25.552,25.839,25.072,25.208,294327.2
2026-01-18 09:45:00,25.209,25.646,24.86,25.505,263602.0
2026-01-18 10:00:00,25.505,26.72,25.365,26.17,591471.9
2026-01-18 10:15:00,26.168,26.596,25.747,25.972,405996.7
2026-01-18 10:30:00,25.972,27.513,25.546,26.766,699727.5
2026-01-18 10:45:00,26.77,26.875,26.102,26.393,290622.0
2026-01-18 11:00:00,26.392,26.645,26.092,26.571,224808.6
2026-01-18 11:15:00,26.571,26.654,26.004,26.246,219187.7
2026-01-18 11:30:00,26.247,26.595,25.792,26.216,295021.5
2026-01-18 11:45:00,26.216,26.488,26.005,26.367,183157.2
2026-01-18 12:00:00,26.368,27.8,26.313,27.438,649585.7
2026-01-18 12:15:00,27.438,27.549,26.758,26.889,353387.6
2026-01-18 12:30:00,26.888,27.48,26.655,27.233,290070.3
2026-01-18 12:45:00,27.233,27.243,26.651,26.848,241639.3
2026-01-18 13:00:00,26.846,26.977,26.09,26.713,389580.6
2026-01-18 13:15:00,26.709,27.36,26.22,26.876,373834.9
2026-01-18 13:30:00,26.875,26.877,26.264,26.458,267109.7
2026-01-18 13:45:00,26.459,26.777,26.133,26.197,255718.4
2026-01-18 14:00:00,26.194,26.313,24.487,25.468,898471.8
2026-01-18 14:15:00,25.469,26.891,25.017,26.599,642829.7
2026-01-18 14:30:00,26.594,28.4,26.525,27.815,869521.6
2026-01-18 14:45:00,27.815,27.95,27.241,27.757,429005.6
2026-01-18 15:00:00,27.761,28.728,27.527,28.001,669825.8
2026-01-18 15:15:00,28.001,28.514,27.643,27.802,366111.5
2026-01-18 15:30:00,27.801,28.93,27.646,28.683,561714.9
2026-01-18 15:45:00,28.684,29.149,27.824,27.979,522321.8
2026-01-18 16:00:00,27.978,28.135,26.344,26.855,873060.2
2026-01-18 16:15:00,26.858,27.878,26.853,27.405,515295.1
2026-01-18 16:30:00,27.404,27.862,27.241,27.675,247732.4
2026-01-18 16:45:00,27.675,28.447,26.913,27.087,506593.9
2026-01-18 17:00:00,27.086,27.284,25.801,26.433,700767.6
2026-01-18 17:15:00,26.433,27.1,26.14,26.91,307666.7
2026-01-18 17:30:00,26.909,27.349,26.685,27.233,285532.5
2026-01-18 17:45:00,27.233,27.64,27.067,27.381,282583.3
2026-01-18 18:00:00,27.381,27.616,26.99,27.339,236169.2
2026-01-18 18:15:00,27.343,27.45,26.573,26.815,221759.5
2026-01-18 18:30:00,26.815,27.359,26.684,26.752,201452.3
2026-01-18 18:45:00,26.74,27.265,26.564,27.053,155637.4
2026-01-18 19:00:00,27.052,27.538,26.676,27.442,161822.0
2026-01-18 19:15:00,27.449,27.985,27.25,27.542,220479.5
2026-01-18 19:30:00,27.542,27.636,27.057,27.146,122290.4
2026-01-18 19:45:00,27.146,27.146,26.817,26.984,137430.4
2026-01-18 20:00:00,26.985,27.352,26.702,26.772,169054.6
2026-01-18 20:15:00,26.772,27.257,26.615,27.072,181521.4
2026-01-18 20:30:00,27.071,27.435,27.013,27.24,110616.7
2026-01-18 20:45:00,27.239,27.33,26.737,26.796,123226.2
2026-01-18 21:00:00,26.797,26.995,26.411,26.525,201725.0
2026-01-18 21:15:00,26.525,26.866,26.26,26.657,154054.4
2026-01-18 21:30:00,26.657,27.2,26.654,26.705,146368.2
2026-01-18 21:45:00,26.704,27.078,26.643,26.944,114157.6
2026-01-18 22:00:00,26.945,27.35,26.767,26.857,151515.0
2026-01-18 22:15:00,26.857,27.437,26.856,27.146,115668.5
2026-01-18 22:30:00,27.139,27.466,26.886,26.937,114171.3
2026-01-18 22:45:00,26.936,26.985,26.583,26.608,115170.9
2026-01-18 23:00:00,26.608,27.261,26.534,27.099,175548.8
2026-01-18 23:15:00,27.098,27.24,26.723,27.159,159487.9
2026-01-18 23:30:00,27.162,27.339,26.749,27.094,135717.9
2026-01-18 23:45:00,27.095,27.38,26.753,27.155,237929.8
2026-01-19 00:00:00,27.154,28.653,24.8,26.718,962301.2
2026-01-19 00:15:00,26.71,27.432,26.437,26.765,348323.9
2026-01-19 00:30:00,26.765,27.218,25.913,27.09,378131.1
2026-01-19 00:45:00,27.091,27.593,26.944,27.492,217856.3
2026-01-19 01:00:00,27.498,27.501,26.866,27.174,179651.9
2026-01-19 01:15:00,27.178,27.211,26.666,26.98,151902.4
2026-01-19 01:30:00,26.979,27.26,26.721,27.22,123917.8
2026-01-19 01:45:00,27.219,27.346,26.997,27.056,96426.6
2026-01-19 02:00:00,27.057,27.189,26.781,26.884,115692.0
2026-01-19 02:15:00,26.883,27.273,26.736,26.938,100018.4
2026-01-19 02:30:00,26.94,27.006,26.39,26.473,145478.8
2026-01-19 02:45:00,26.473,26.723,26.029,26.249,180575.0
2026-01-19 03:00:00,26.25,26.443,25.757,26.334,197290.5
2026-01-19 03:15:00,26.334,27.114,26.304,26.904,250618.2
2026-01-19 03:30:00,26.911,27.5,26.886,27.076,220559.7
2026-01-19 03:45:00,27.075,27.212,26.701,26.708,134806.0
2026-01-19 04:00:00,26.707,26.968,26.376,26.489,133527.5
2026-01-19 04:15:00,26.485,26.964,26.469,26.868,112689.0
2026-01-19 04:30:00,26.866,27.271,26.669,27.112,141507.3
2026-01-19 04:45:00,27.112,27.33,26.81,27.05,119790.9
2026-01-19 05:00:00,27.052,27.341,26.93,27.18,117640.9
2026-01-19 05:15:00,27.179,27.289,26.906,26.981,90817.0
2026-01-19 05:30:00,26.98,27.05,26.577,26.642,138642.4
2026-01-19 05:45:00,26.643,26.81,26.44,26.549,125939.4
2026-01-19 06:00:00,26.548,26.637,24.917,25.063,467574.2
2026-01-19 06:15:00,25.063,25.535,24.42,24.575,488266.9
2026-01-19 06:30:00,24.576,25.747,23.256,24.869,856563.7
2026-01-19 06:45:00,24.868,25.12,23.107,23.304,523488.7
2026-01-19 07:00:00,23.297,23.612,22.333,22.678,655432.2
2026-01-19 07:15:00,22.678,23.323,22.428,22.468,326689.0
2026-01-19 07:30:00,22.463,22.779,22.001,22.26,345025.4
2026-01-19 07:45:00,22.263,24.0,21.88,23.709,577863.0
2026-01-19 08:00:00,23.68,24.986,23.621,24.899,628100.6
2026-01-19 08:15:00,24.898,25.659,24.434,24.597,583256.3
2026-01-19 08:30:00,24.598,26.245,24.444,25.666,548348.8
2026-01-19 08:45:00,25.672,25.997,25.214,25.437,258745.8
2026-01-19 09:00:00,25.438,25.576,24.589,24.835,329324.1
2026-01-19 09:15:00,24.832,25.416,24.369,24.525,269124.3
2026-01-19 09:30:00,24.526,25.071,24.241,24.989,268504.1
2026-01-19 09:45:00,24.99,25.597,24.852,25.455,256351.8
2026-01-19 10:00:00,25.455,25.765,25.148,25.365,193200.7
2026-01-19 10:15:00,25.364,25.97,25.101,25.616,212240.4
2026-01-19 10:30:00,25.616,26.514,25.454,26.354,242085.4
2026-01-19 10:45:00,26.349,26.491,25.77,25.806,244565.8
2026-01-19 11:00:00,25.809,26.4,25.636,26.238,252335.2
2026-01-19 11:15:00,26.238,28.9,26.157,27.722,730729.8
2026-01-19 11:30:00,27.727,29.173,27.687,27.872,661004.5
2026-01-19 11:45:00,27.872,29.356,27.655,29.153,526099.3
2026-01-19 12:00:00,29.152,29.375,28.451,28.821,405865.6
2026-01-19 12:15:00,28.821,30.588,28.793,30.06,763455.3
2026-01-19 12:30:00,30.062,30.171,27.529,27.677,808657.6
2026-01-19 12:45:00,27.676,27.999,26.5,27.147,1137315.8
2026-01-19 13:00:00,27.143,28.459,26.927,27.717,736017.2
2026-01-19 13:15:00,27.733,29.21,27.684,28.477,477799.6
2026-01-19 13:30:00,28.472,28.623,27.263,28.171,397295.5
2026-01-19 13:45:00,28.17,28.386,27.709,27.851,175674.5
2026-01-19 14:00:00,27.851,28.714,27.418,28.619,339587.3
2026-01-19 14:15:00,28.619,30.155,28.599,29.905,499795.3
2026-01-19 14:30:00,29.913,30.87,29.508,30.297,548137.0
2026-01-19 14:45:00,30.3,31.275,30.146,30.769,389610.3
2026-01-19 15:00:00,30.768,30.986,29.911,30.611,452753.0
2026-01-19 15:15:00,30.62,31.081,29.702,30.03,310483.2
2026-01-19 15:30:00,30.03,30.648,29.847,30.391,211309.4
2026-01-19 15:45:00,30.391,30.788,30.085,30.181,186520.7
2026-01-19 16:00:00,30.181,31.287,29.947,31.097,317802.5
2026-01-19 16:15:00,31.098,31.098,29.72,29.796,343559.8
2026-01-19 16:30:00,29.798,31.06,29.798,30.731,297324.7
2026-01-19 16:45:00,30.732,31.663,30.2,31.366,417080.2
2026-01-19 17:00:00,31.371,31.386,30.37,30.468,225980.7
2026-01-19 17:15:00,30.468,30.859,30.217,30.462,169675.9
2026-01-19 17:30:00,30.467,30.869,30.453,30.735,99078.1
2026-01-19 17:45:00,30.734,30.937,30.533,30.688,97526.6
2026-01-19 18:00:00,30.69,30.761,30.161,30.373,120590.9
2026-01-19 18:15:00,30.373,30.72,30.025,30.321,126343.7
2026-01-19 18:30:00,30.334,30.779,30.158,30.513,111485.7
2026-01-19 18:45:00,30.511,30.854,30.414,30.573,70799.0
2026-01-19 19:00:00,30.573,30.95,30.311,30.368,119745.4
2026-01-19 19:15:00,30.368,30.499,29.64,29.974,180286.6
2026-01-19 19:30:00,29.974,30.379,29.842,29.883,105520.3
2026-01-19 19:45:00,29.878,29.945,29.082,29.533,220416.6
2026-01-19 20:00:00,29.53,30.656,29.388,30.508,226375.3
2026-01-19 20:15:00,30.506,30.609,29.773,29.806,139241.0
2026-01-19 20:30:00,29.805,30.2,29.619,30.081,130123.6
2026-01-19 20:45:00,30.082,30.342,29.567,29.594,96591.7
2026-01-19 21:00:00,29.593,29.929,29.5,29.645,94497.9
2026-01-19 21:15:00,29.642,29.814,29.445,29.563,75979.1
2026-01-19 21:30:00,29.561,30.176,29.4,30.104,106337.3
2026-01-19 21:45:00,30.106,30.387,29.908,29.927,92621.8
2026-01-19 22:00:00,29.926,31.464,29.879,30.709,359944.8
2026-01-19 22:15:00,30.709,30.764,30.0,30.165,131199.1
2026-01-19 22:30:00,30.165,30.297,29.725,29.745,93586.8
2026-01-19 22:45:00,29.745,29.97,29.545,29.909,80937.5
2026-01-19 23:00:00,29.913,30.534,29.77,29.779,127788.6
2026-01-19 23:15:00,29.778,29.823,29.236,29.416,167963.0
2026-01-19 23:30:00,29.419,29.765,29.419,29.643,89374.3
2026-01-19 23:45:00,29.643,30.098,29.6,29.744,107558.9
2026-01-20 00:00:00,29.747,30.011,29.252,29.464,129155.7
2026-01-20 00:15:00,29.464,30.0,29.402,29.786,111676.3
2026-01-20 00:30:00,29.786,31.182,29.716,30.757,274171.5
2026-01-20 00:45:00,30.752,31.122,30.442,30.915,176328.5
2026-01-20 01:00:00,30.914,31.359,30.366,30.483,193804.8
2026-01-20 01:15:00,30.484,31.058,30.437,30.671,117680.0
2026-01-20 01:30:00,30.67,31.22,30.606,30.838,120191.4
2026-01-20 01:45:00,30.84,32.07,30.809,31.35,322225.6
2026-01-20 02:00:00,31.351,31.492,30.752,31.381,165536.5
2026-01-20 02:15:00,31.381,32.418,31.236,31.757,288946.9
2026-01-20 02:30:00,31.755,31.997,31.399,31.629,155548.7
2026-01-20 02:45:00,31.631,32.585,31.606,32.129,246386.0
2026-01-20 03:00:00,32.129,32.6,31.854,32.35,195019.8
2026-01-20 03:15:00,32.346,33.3,31.971,33.148,308945.5
2026-01-20 03:30:00,33.148,33.449,32.5,32.644,324357.7
2026-01-20 03:45:00,32.641,33.253,32.555,32.695,182812.8
2026-01-20 04:00:00,32.695,33.05,31.612,32.961,381941.7
2026-01-20 04:15:00,32.959,33.289,32.47,32.775,202361.5
2026-01-20 04:30:00,32.776,33.276,32.37,32.489,171238.8
2026-01-20 04:45:00,32.491,32.542,31.639,32.271,307901.6
2026-01-20 05:00:00,32.268,32.678,31.955,32.409,180752.5
2026-01-20 05:15:00,32.408,33.107,32.322,32.807,181609.8
2026-01-20 05:30:00,32.806,33.12,32.13,32.176,168749.7
2026-01-20 05:45:00,32.177,32.277,31.751,32.099,194537.6
2026-01-20 06:00:00,32.097,32.697,31.669,31.871,201202.2
2026-01-20 06:15:00,31.871,32.1,31.148,31.428,297591.3
2026-01-20 06:30:00,31.429,32.079,31.154,31.731,195711.5
2026-01-20 06:45:00,31.729,32.691,31.697,32.589,224944.0
2026-01-20 07:00:00,32.589,32.83,32.051,32.299,211160.7
2026-01-20 07:15:00,32.299,33.0,31.977,32.855,189323.5
2026-01-20 07:30:00,32.859,32.887,32.081,32.593,212805.0
2026-01-20 07:45:00,32.594,32.624,32.036,32.269,130819.1
2026-01-20 08:00:00,32.269,32.287,31.632,31.919,268220.1
2026-01-20 08:15:00,31.919,32.43,31.511,32.394,208723.8
2026-01-20 08:30:00,32.392,32.699,32.087,32.462,150055.4
2026-01-20 08:45:00,32.462,32.85,32.263,32.801,168364.9
2026-01-20 09:00:00,32.801,33.591,32.457,33.202,343877.0
2026-01-20 09:15:00,33.205,34.64,32.901,34.11,599735.1
2026-01-20 09:30:00,34.106,34.372,33.448,33.733,310835.2
2026-01-20 09:45:00,33.738,34.117,33.168,33.78,271028.5
2026-01-20 10:00:00,33.779,34.4,33.566,33.951,267505.6
2026-01-20 10:15:00,33.947,35.188,33.935,34.528,690853.9
2026-01-20 10:30:00,34.529,34.93,33.913,34.666,417091.2
2026-01-20 10:45:00,34.666,34.856,33.935,34.222,351339.0
2026-01-20 11:00:00,34.218,34.875,33.981,34.583,312999.3
2026-01-20 11:15:00,34.579,34.581,31.738,33.31,851301.7
2026-01-20 11:30:00,33.309,33.596,32.5,32.898,417492.0
2026-01-20 11:45:00,32.899,33.499,32.451,32.902,337362.0
2026-01-20 12:00:00,32.903,33.17,32.28,33.051,333901.3
2026-01-20 12:15:00,33.047,33.48,32.724,33.273,223955.8
2026-01-20 12:30:00,33.273,34.354,32.926,34.232,434628.0
2026-01-20 12:45:00,34.231,34.311,33.67,34.04,186685.1
2026-01-20 13:00:00,34.039,34.147,33.701,33.816,148322.7
2026-01-20 13:15:00,33.817,34.28,33.727,34.222,149106.4
2026-01-20 13:30:00,34.222,34.5,33.394,33.779,252372.5
2026-01-20 13:45:00,33.779,33.938,33.244,33.866,183458.7
2026-01-20 14:00:00,33.866,34.477,33.792,34.143,226148.3
2026-01-20 14:15:00,34.143,34.449,33.006,33.422,262112.9
2026-01-20 14:30:00,33.419,34.157,33.211,34.096,228910.1
2026-01-20 14:45:00,34.097,34.3,33.742,33.946,148907.5
2026-01-20 15:00:00,33.947,34.263,33.451,34.05,208082.5
2026-01-20 15:15:00,34.056,34.621,33.322,33.543,366714.8
2026-01-20 15:30:00,33.542,33.887,33.119,33.512,188150.7
2026-01-20 15:45:00,33.513,33.892,33.36,33.691,97121.0
2026-01-20 16:00:00,33.69,34.078,33.066,33.853,250553.7
2026-01-20 16:15:00,33.856,34.14,33.65,33.943,115268.9
2026-01-20 16:30:00,33.943,34.3,33.768,34.055,122969.0
2026-01-20 16:45:00,34.054,34.33,33.857,33.993,122617.5
2026-01-20 17:00:00,33.999,34.24,33.85,33.958,109738.7
2026-01-20 17:15:00,33.961,34.176,33.846,34.145,80482.3
2026-01-20 17:30:00,34.145,38.2,34.145,35.604,1101713.7
2026-01-20 17:45:00,35.595,36.113,34.466,34.476,392441.7
2026-01-20 18:00:00,34.476,34.875,33.227,34.685,513880.0
2026-01-20 18:15:00,34.677,34.714,33.767,33.832,186671.9
2026-01-20 18:30:00,33.836,33.928,32.95,33.15,249086.9
2026-01-20 18:45:00,33.15,33.75,32.825,33.429,174997.4
2026-01-20 19:00:00,33.428,33.43,32.084,32.452,287464.6
2026-01-20 19:15:00,32.45,32.939,32.303,32.708,150200.7
2026-01-20 19:30:00,32.707,34.643,32.546,34.257,297642.7
2026-01-20 19:45:00,34.259,35.482,34.244,34.697,292895.1
2026-01-20 20:00:00,34.695,35.123,34.24,35.097,221848.6
2026-01-20 20:15:00,35.096,35.5,34.822,35.239,169554.2
2026-01-20 20:30:00,35.237,35.911,35.081,35.517,204405.2
2026-01-20 20:45:00,35.518,36.968,35.514,36.405,330003.6
2026-01-20 21:00:00,36.404,36.469,35.357,35.989,256930.3
2026-01-20 21:15:00,35.989,36.34,35.745,36.072,140628.8
2026-01-20 21:30:00,36.072,36.119,35.352,35.605,123781.8
2026-01-20 21:45:00,35.607,35.881,34.713,34.811,170373.5
2026-01-20 22:00:00,34.81,35.287,34.551,34.929,162479.9
2026-01-20 22:15:00,34.924,35.62,34.817,35.474,122560.3
2026-01-20 22:30:00,35.471,35.598,34.99,35.145,109192.3
2026-01-20 22:45:00,35.144,35.265,34.364,34.89,106963.0
2026-01-20 23:00:00,34.89,35.933,34.782,35.62,162412.6
2026-01-20 23:15:00,35.62,35.82,35.28,35.419,89597.1
2026-01-20 23:30:00,35.414,35.741,35.127,35.299,80928.5
2026-01-20 23:45:00,35.299,35.55,35.157,35.546,94048.6
2026-01-21 00:00:00,35.544,35.567,33.836,34.077,228837.9
2026-01-21 00:15:00,34.08,34.366,33.31,33.524,181836.5
2026-01-21 00:30:00,33.53,33.916,33.2,33.578,148255.5
2026-01-21 00:45:00,33.576,34.195,33.245,33.886,154589.6
2026-01-21 01:00:00,33.894,35.291,33.696,34.596,251410.8
2026-01-21 01:15:00,34.595,34.937,33.817,33.895,128416.1
2026-01-21 01:30:00,33.892,34.261,33.52,34.115,106813.8
2026-01-21 01:45:00,34.109,34.931,34.022,34.736,113841.0
2026-01-21 02:00:00,34.736,35.177,34.56,34.993,115342.9
2026-01-21 02:15:00,34.992,35.88,34.952,35.382,174999.1
2026-01-21 02:30:00,35.384,36.588,35.109,35.783,253712.1
2026-01-21 02:45:00,35.774,36.32,35.384,36.113,138711.0
2026-01-21 03:00:00,36.115,36.464,35.745,36.172,146164.5
2026-01-21 03:15:00,36.166,36.432,35.677,36.34,103369.2
2026-01-21 03:30:00,36.339,37.279,36.317,36.937,275181.8
2026-01-21 03:45:00,36.937,37.076,36.372,36.571,142804.9
2026-01-21 04:00:00,36.571,36.657,35.701,35.966,195255.9
2026-01-21 04:15:00,35.965,36.123,35.555,35.888,87134.6
2026-01-21 04:30:00,35.887,36.56,35.804,36.432,117865.5
2026-01-21 04:45:00,36.431,37.5,36.392,37.211,232131.5
2026-01-21 05:00:00,37.211,38.0,37.084,37.355,277222.5
2026-01-21 05:15:00,37.354,38.074,37.05,37.341,222710.8
2026-01-21 05:30:00,37.34,38.8,37.134,37.946,338598.8
2026-01-21 05:45:00,37.946,39.267,37.939,38.94,362118.2
2026-01-21 06:00:00,38.938,39.38,38.153,38.291,296350.7
2026-01-21 06:15:00,38.293,38.989,38.1,38.764,196512.3
2026-01-21 06:30:00,38.753,39.772,38.551,38.84,351892.4
2026-01-21 06:45:00,38.835,39.45,38.405,39.396,207945.6
2026-01-21 07:00:00,39.393,39.488,38.4,38.687,248316.5
2026-01-21 07:15:00,38.687,39.212,38.533,38.801,229670.6
2026-01-21 07:30:00,38.802,39.6,38.747,39.289,193754.1
2026-01-21 07:45:00,39.289,39.663,38.94,39.399,261329.1
2026-01-21 08:00:00,39.402,39.474,38.621,38.996,338703.5
2026-01-21 08:15:00,38.995,39.433,38.746,38.979,165419.6
2026-01-21 08:30:00,38.985,39.079,38.249,38.603,193561.4
2026-01-21 08:45:00,38.603,39.95,38.534,39.361,419808.9
2026-01-21 09:00:00,39.363,39.789,38.822,39.668,260734.9
2026-01-21 09:15:00,39.674,40.477,39.674,40.145,444149.7
2026-01-21 09:30:00,40.141,40.705,39.717,40.462,319223.8
2026-01-21 09:45:00,40.449,42.0,40.36,41.454,855814.9
2026-01-21 10:00:00,41.454,42.2,41.147,41.603,448491.2
2026-01-21 10:15:00,41.604,43.5,40.885,42.87,765247.4
2026-01-21 10:30:00,42.877,43.227,42.145,42.694,337881.2
2026-01-21 10:45:00,42.691,42.793,41.844,42.377,326425.2
2026-01-21 11:00:00,42.37,43.61,42.08,43.246,437009.2
2026-01-21 11:15:00,43.239,43.693,42.757,43.28,393666.4
2026-01-21 11:30:00,43.281,44.46,43.212,43.872,543232.7
2026-01-21 11:45:00,43.866,44.911,43.058,44.518,820954.9
2026-01-21 12:00:00,44.517,44.753,41.025,42.393,1240012.8
2026-01-21 12:15:00,42.396,43.213,41.844,42.452,378290.8
2026-01-21 12:30:00,42.443,44.234,42.405,43.722,471906.3
2026-01-21 12:45:00,43.726,44.027,43.136,43.489,317786.8
2026-01-21 13:00:00,43.49,43.492,42.521,42.584,315843.6
2026-01-21 13:15:00,42.582,43.349,42.339,43.137,276725.9
2026-01-21 13:30:00,43.135,43.982,43.032,43.734,228923.5
2026-01-21 13:45:00,43.734,45.068,43.67,44.497,395010.9
2026-01-21 14:00:00,44.497,45.688,44.022,44.484,583968.6
2026-01-21 14:15:00,44.48,44.989,44.008,44.354,281706.4
2026-01-21 14:30:00,44.356,45.497,44.106,45.266,299170.1
2026-01-21 14:45:00,45.265,45.5,44.646,44.811,284119.7
2026-01-21 15:00:00,44.805,45.448,43.773,44.148,492406.3
2026-01-21 15:15:00,44.141,44.536,42.668,42.99,490781.0
2026-01-21 15:30:00,42.99,43.677,42.56,42.828,334902.9
2026-01-21 15:45:00,42.83,43.961,42.5,43.378,429978.4
2026-01-21 16:00:00,43.379,43.8,42.1,43.629,696501.7
2026-01-21 16:15:00,43.628,43.8,42.766,42.816,291728.1
2026-01-21 16:30:00,42.813,43.755,42.783,43.739,257614.9
2026-01-21 16:45:00,43.738,44.428,42.98,43.202,304196.6
2026-01-21 17:00:00,43.198,43.671,42.8,43.634,248013.1
2026-01-21 17:15:00,43.641,44.349,43.361,43.593,241480.2
2026-01-21 17:30:00,43.593,43.723,42.481,43.309,275582.9
2026-01-21 17:45:00,43.309,43.568,42.249,42.321,253794.5
2026-01-21 18:00:00,42.325,43.632,42.21,43.267,242770.9
2026-01-21 18:15:00,43.268,43.747,42.951,43.45,141134.7
2026-01-21 18:30:00,43.448,44.064,43.373,43.837,161440.3
2026-01-21 18:45:00,43.837,44.092,43.405,43.538,159293.9
2026-01-21 19:00:00,43.539,44.122,42.44,42.626,272414.4
2026-01-21 19:15:00,42.626,43.098,40.503,42.257,640947.7
2026-01-21 19:30:00,42.255,43.511,41.85,43.445,304297.7
2026-01-21 19:45:00,43.445,43.637,42.905,43.064,229268.6
2026-01-21 20:00:00,43.064,43.15,41.737,41.872,360724.1
2026-01-21 20:15:00,41.872,42.151,41.025,41.274,243906.1
2026-01-21 20:30:00,41.273,41.719,40.908,41.071,148991.4
2026-01-21 20:45:00,41.077,41.417,40.35,40.901,268387.8
2026-01-21 21:00:00,40.904,42.904,40.691,42.804,268133.6
2026-01-21 21:15:00,42.807,44.44,42.789,44.227,421626.8
2026-01-21 21:30:00,44.227,45.14,44.012,44.591,302751.7
2026-01-21 21:45:00,44.579,45.187,44.175,44.634,257168.9
2026-01-21 22:00:00,44.634,46.911,44.412,44.798,511200.1
2026-01-21 22:15:00,44.797,45.591,44.726,44.969,176951.8
2026-01-21 22:30:00,44.948,45.365,44.588,44.916,137271.5
2026-01-21 22:45:00,44.92,45.765,44.828,45.504,154542.7
2026-01-21 23:00:00,45.503,45.671,44.308,44.752,270975.7
2026-01-21 23:15:00,44.757,44.99,44.203,44.893,156528.9
2026-01-21 23:30:00,44.896,45.243,44.512,44.838,161877.0
2026-01-21 23:45:00,44.837,45.045,43.188,43.508,348845.9
2026-01-22 00:00:00,43.48,43.955,42.315,43.412,474500.4
2026-01-22 00:15:00,43.41,44.147,43.258,43.71,149317.9
2026-01-22 00:30:00,43.708,44.251,43.455,44.017,142614.7
2026-01-22 00:45:00,44.026,44.35,43.56,43.754,130420.3
2026-01-22 01:00:00,43.749,44.316,43.588,44.278,127061.9
2026-01-22 01:15:00,44.278,44.734,43.852,44.301,129630.0
2026-01-22 01:30:00,44.302,44.829,44.302,44.63,119623.7
2026-01-22 01:45:00,44.631,45.149,44.289,44.591,185394.8
2026-01-22 02:00:00,44.59,45.548,44.443,45.376,166805.0
2026-01-22 02:15:00,45.371,46.04,45.32,45.859,158804.7
2026-01-22 02:30:00,45.859,46.023,45.184,45.471,174470.7
2026-01-22 02:45:00,45.469,46.323,45.466,46.238,201789.1
2026-01-22 03:00:00,46.233,46.87,46.109,46.76,273606.3
2026-01-22 03:15:00,46.76,46.76,45.9,46.608,187840.8
2026-01-22 03:30:00,46.606,46.719,45.943,46.146,174039.9
2026-01-22 03:45:00,46.148,46.82,46.003,46.257,293329.3
2026-01-22 04:00:00,46.275,46.519,43.83,44.44,612515.3
2026-01-22 04:15:00,44.449,44.85,42.422,42.563,430010.4
2026-01-22 04:30:00,42.565,43.831,42.271,43.462,288473.0
2026-01-22 04:45:00,43.462,44.249,43.284,43.938,211328.3
2026-01-22 05:00:00,43.936,44.109,43.105,43.679,216511.7
2026-01-22 05:15:00,43.69,44.7,43.244,44.569,171867.5
2026-01-22 05:30:00,44.568,44.987,44.513,44.818,183755.2
2026-01-22 05:45:00,44.813,44.88,44.335,44.722,154161.8
2026-01-22 06:00:00,44.722,45.268,44.43,44.88,235242.4
2026-01-22 06:15:00,44.871,44.971,43.63,43.933,189950.7
2026-01-22 06:30:00,43.931,44.685,43.923,44.253,115958.0
2026-01-22 06:45:00,44.253,44.555,43.656,44.145,138278.4
2026-01-22 07:00:00,44.147,44.586,43.622,43.885,212854.3
2026-01-22 07:15:00,43.886,44.286,43.513,43.89,132961.6
2026-01-22 07:30:00,43.886,44.353,43.853,44.254,125407.0
2026-01-22 07:45:00,44.253,44.336,43.501,43.724,322408.2
2026-01-22 08:00:00,43.743,43.986,41.58,42.795,698474.0
2026-01-22 08:15:00,42.795,43.423,42.305,43.271,203662.4
2026-01-22 08:30:00,43.279,43.7,43.039,43.215,233475.5
2026-01-22 08:45:00,43.213,43.68,43.041,43.275,220587.9
2026-01-22 09:00:00,43.272,43.287,42.435,42.499,256218.9
2026-01-22 09:15:00,42.491,42.586,41.604,42.145,272986.8
2026-01-22 09:30:00,42.14,42.557,41.68,42.167,175555.2
2026-01-22 09:45:00,42.167,42.399,41.75,41.836,200768.4
2026-01-22 10:00:00,41.849,42.063,40.9,41.43,366050.5
2026-01-22 10:15:00,41.432,41.594,28.888,35.207,3916364.7
2026-01-22 10:30:00,35.18,41.569,33.313,40.102,2569674.0
2026-01-22 10:45:00,40.102,42.0,39.819,41.103,727542.4
2026-01-22 11:00:00,41.103,45.798,40.049,44.932,1421503.0
2026-01-22 11:15:00,44.927,45.379,38.767,40.741,1476955.6
2026-01-22 11:30:00,40.741,43.0,40.345,42.421,662846.1
2026-01-22 11:45:00,42.422,43.386,42.163,42.77,376408.0
2026-01-22 12:00:00,42.787,44.525,42.123,44.003,566576.4
2026-01-22 12:15:00,44.005,44.8,43.418,44.29,310673.3
2026-01-22 12:30:00,44.29,45.601,43.576,44.925,374651.7
2026-01-22 12:45:00,44.921,47.3,44.0,45.739,800698.6
2026-01-22 13:00:00,45.739,46.277,44.614,45.722,399685.0
2026-01-22 13:15:00,45.717,46.463,45.573,46.355,212479.5
2026-01-22 13:30:00,46.348,47.78,46.0,47.178,443589.8
2026-01-22 13:45:00,47.167,47.94,46.804,46.973,387546.7
2026-01-22 14:00:00,46.975,48.8,46.427,47.931,498077.2
2026-01-22 14:15:00,47.931,50.43,47.803,48.81,922076.0
2026-01-22 14:30:00,48.812,50.8,44.202,47.486,1068272.3
2026-01-22 14:45:00,47.483,48.174,46.58,47.235,621487.7
2026-01-22 15:00:00,47.235,47.274,43.708,46.176,882112.5
2026-01-22 15:15:00,46.176,47.857,46.12,46.556,369258.3
2026-01-22 15:30:00,46.549,47.86,46.378,47.023,281261.6
2026-01-22 15:45:00,47.019,48.667,46.793,48.164,385823.8
2026-01-22 16:00:00,48.163,48.196,46.88,47.17,484051.9
2026-01-22 16:15:00,47.198,48.24,47.111,48.054,241490.4
2026-01-22 16:30:00,48.052,48.366,47.201,47.974,278917.2
2026-01-22 16:45:00,47.976,49.3,47.684,49.237,380819.3
2026-01-22 17:00:00,49.242,49.423,47.016,48.332,491181.4
2026-01-22 17:15:00,48.332,49.34,48.303,49.039,249865.6
2026-01-22 17:30:00,49.039,51.35,48.781,51.35,497713.2
2026-01-22 17:45:00,51.341,52.5,51.178,51.773,501446.2
2026-01-22 18:00:00,51.773,54.88,50.813,53.578,872050.9
2026-01-22 18:15:00,53.562,54.306,52.878,53.165,343873.4
2026-01-22 18:30:00,53.168,54.874,51.605,52.941,459066.1
2026-01-22 18:45:00,52.945,54.358,52.871,53.446,267556.6
2026-01-22 19:00:00,53.444,55.2,52.821,54.277,534707.7
2026-01-22 19:15:00,54.279,56.427,54.195,56.388,454890.2
2026-01-22 19:30:00,56.378,56.574,54.5,55.611,289442.8
2026-01-22 19:45:00,55.611,56.343,54.538,56.179,287460.0
2026-01-22 20:00:00,56.18,56.202,53.112,54.934,387785.4
2026-01-22 20:15:00,54.935,55.644,53.764,54.367,172139.3
2026-01-22 20:30:00,54.366,55.785,53.313,55.123,205548.3
2026-01-22 20:45:00,55.131,57.38,54.803,56.753,331244.8
2026-01-22 21:00:00,56.755,58.375,55.524,58.047,488775.9
2026-01-22 21:15:00,58.047,58.419,56.522,57.461,245488.8
2026-01-22 21:30:00,57.468,57.952,56.884,57.629,180974.9
2026-01-22 21:45:00,57.644,58.787,57.469,58.277,291890.6
2026-01-22 22:00:00,58.277,60.28,57.5,59.351,594565.9
2026-01-22 22:15:00,59.351,64.3,58.667,63.69,506718.0
2026-01-22 22:30:00,63.662,66.071,60.251,62.718,765738.6
2026-01-22 22:45:00,62.704,64.505,61.098,63.672,282734.3
2026-01-22 23:00:00,63.672,63.944,55.306,59.718,1025941.8
2026-01-22 23:15:00,59.738,60.432,58.058,59.662,352281.2
2026-01-22 23:30:00,59.659,59.921,55.56,56.3,412504.6
2026-01-22 23:45:00,56.303,58.125,55.216,57.281,357700.1
2026-01-23 00:00:00,57.265,59.557,56.4,58.563,360429.4
2026-01-23 00:15:00,58.56,60.683,58.184,60.099,298285.3
2026-01-23 00:30:00,60.099,61.219,58.343,58.725,314105.5
2026-01-23 00:45:00,58.723,61.395,58.646,60.84,218970.2
2026-01-23 01:00:00,60.838,61.003,58.922,59.126,258330.3
2026-01-23 01:15:00,59.13,59.525,56.424,56.862,287612.7
2026-01-23 01:30:00,56.881,57.621,53.672,53.956,433133.0
2026-01-23 01:45:00,53.955,56.537,53.871,56.001,299118.5
2026-01-23 02:00:00,55.975,57.014,47.442,51.756,875604.4
2026-01-23 02:15:00,51.76,54.026,48.781,53.477,620546.4
2026-01-23 02:30:00,53.474,53.8,50.859,51.713,305635.0
2026-01-23 02:45:00,51.704,52.483,48.483,49.269,419308.8
2026-01-23 03:00:00,49.276,51.447,48.112,50.132,520602.3
2026-01-23 03:15:00,50.122,50.682,48.289,48.656,255567.9
2026-01-23 03:30:00,48.658,51.899,48.529,50.85,259504.5
2026-01-23 03:45:00,50.848,51.627,49.7,50.1,219182.1
2026-01-23 04:00:00,50.097,51.746,49.42,50.938,241549.5
2026-01-23 04:15:00,50.942,52.666,50.821,52.442,274075.4
2026-01-23 04:30:00,52.442,52.942,51.671,51.968,207111.1
2026-01-23 04:45:00,51.966,51.966,50.76,51.723,220847.1
2026-01-23 05:00:00,51.723,51.863,48.726,49.139,296039.1
2026-01-23 05:15:00,49.138,50.126,48.078,48.483,274911.6
2026-01-23 05:30:00,48.483,49.215,45.935,46.316,475006.5
2026-01-23 05:45:00,46.312,47.525,45.8,46.579,421495.3
2026-01-23 06:00:00,46.579,46.8,44.1,45.565,609998.5
2026-01-23 06:15:00,45.562,47.542,45.32,46.451,386770.7
2026-01-23 06:30:00,46.453,47.638,46.359,46.841,225261.8
2026-01-23 06:45:00,46.841,47.44,46.064,46.301,231628.6
2026-01-23 07:00:00,46.3,46.584,44.4,44.749,314692.4
2026-01-23 07:15:00,44.753,46.4,44.0,45.855,340209.0
2026-01-23 07:30:00,45.849,47.35,45.302,47.282,213365.5
2026-01-23 07:45:00,47.284,47.365,45.28,45.742,208853.7
2026-01-23 08:00:00,45.742,47.42,45.413,46.851,271796.9
2026-01-23 08:15:00,46.843,47.956,46.702,47.294,223070.6
2026-01-23 08:30:00,47.292,47.411,44.44,45.278,285896.9
2026-01-23 08:45:00,45.279,45.457,42.813,43.815,505564.6
2026-01-23 09:00:00,43.815,44.69,41.55,41.991,512488.9
2026-01-23 09:15:00,41.99,43.083,40.365,41.139,463516.9
2026-01-23 09:30:00,41.144,41.747,39.52,39.811,502549.8
2026-01-23 09:45:00,39.81,41.58,39.552,41.422,431348.4
2026-01-23 10:00:00,41.433,42.88,39.326,39.792,654576.9
2026-01-23 10:15:00,39.789,39.948,36.836,37.468,769410.1
2026-01-23 10:30:00,37.469,40.687,37.012,40.469,600782.9
2026-01-23 10:45:00,40.468,42.56,39.69,40.288,804115.8
2026-01-23 11:00:00,40.3,40.376,32.815,32.916,1838939.7
2026-01-23 11:15:00,32.924,34.905,30.688,34.676,2305902.9
2026-01-23 11:30:00,34.693,37.766,34.183,37.223,1477176.0
2026-01-23 11:45:00,37.219,38.444,35.6,38.103,893179.2
2026-01-23 12:00:00,38.104,40.971,38.062,39.488,895833.4
2026-01-23 12:15:00,39.489,40.831,38.384,40.278,591791.1
2026-01-23 12:30:00,40.277,41.345,38.664,39.204,601370.9
2026-01-23 12:45:00,39.204,42.042,39.191,40.527,468541.3
2026-01-23 13:00:00,40.538,42.56,39.382,41.897,503114.9
2026-01-23 13:15:00,41.897,42.666,40.829,41.004,355641.6
2026-01-23 13:30:00,41.002,41.675,40.364,41.009,262645.6
2026-01-23 13:45:00,41.01,44.56,40.306,43.666,547003.4
2026-01-23 14:00:00,43.652,45.294,43.616,44.32,452664.0
2026-01-23 14:15:00,44.317,44.699,43.683,43.944,197313.4
2026-01-23 14:30:00,43.944,45.955,43.61,44.491,353933.2
2026-01-23 14:45:00,44.499,46.0,44.499,45.181,313061.7
2026-01-23 15:00:00,45.186,45.586,41.0,43.77,783191.5
2026-01-23 15:15:00,43.774,43.926,38.782,39.561,796569.3
2026-01-23 15:30:00,39.56,40.783,38.24,38.949,647692.5
2026-01-23 15:45:00,38.949,40.225,38.2,39.426,447155.8
2026-01-23 16:00:00,39.425,41.136,38.4,38.809,664913.9
2026-01-23 16:15:00,38.816,40.677,37.227,39.977,604334.7
2026-01-23 16:30:00,39.975,43.482,39.62,43.137,488405.1
2026-01-23 16:45:00,43.136,43.378,41.736,42.457,354859.8
2026-01-23 17:00:00,42.457,43.245,40.819,41.733,294237.6
2026-01-23 17:15:00,41.733,43.068,41.463,42.151,230609.8
2026-01-23 17:30:00,42.155,43.955,42.145,42.682,218362.5
2026-01-23 17:45:00,42.684,44.339,42.237,44.011,197551.5
2026-01-23 18:00:00,44.012,44.8,42.959,43.059,263824.9
2026-01-23 18:15:00,43.058,43.693,42.379,42.615,168109.7
2026-01-23 18:30:00,42.618,43.449,42.018,42.738,119697.8
2026-01-23 18:45:00,42.738,43.599,42.713,43.211,107642.0
2026-01-23 19:00:00,43.211,43.569,42.483,43.005,113963.0
2026-01-23 19:15:00,42.992,43.214,42.127,42.953,124448.0
2026-01-23 19:30:00,42.954,44.41,42.948,44.211,129960.5
2026-01-23 19:45:00,44.211,44.276,42.649,42.777,120497.0
2026-01-23 20:00:00,42.776,42.943,41.4,41.704,162011.2
2026-01-23 20:15:00,41.704,42.674,41.504,42.446,126140.7
2026-01-23 20:30:00,42.445,42.811,41.803,42.351,85299.3
2026-01-23 20:45:00,42.351,42.55,40.8,40.937,142512.5
2026-01-23 21:00:00,40.935,41.775,40.789,41.658,83251.7
2026-01-23 21:15:00,41.657,41.66,39.796,40.149,159385.6
2026-01-23 21:30:00,40.148,40.499,39.888,40.174,99213.4
2026-01-23 21:45:00,40.179,40.779,39.537,39.571,115989.0
2026-01-23 22:00:00,39.572,40.422,39.358,39.429,98179.1
2026-01-23 22:15:00,39.423,40.027,39.263,39.814,74016.3
2026-01-23 22:30:00,39.815,40.494,39.42,39.484,83497.8
2026-01-23 22:45:00,39.484,40.15,39.103,39.933,67475.4
2026-01-23 23:00:00,39.932,40.259,39.174,39.236,88700.9
2026-01-23 23:15:00,39.237,39.25,38.415,38.873,136515.8
2026-01-23 23:30:00,38.873,39.482,38.701,38.787,96869.7
2026-01-23 23:45:00,38.788,39.182,37.831,38.542,163636.9
2026-01-24 00:00:00,38.541,39.64,38.396,39.185,148031.1
2026-01-24 00:15:00,39.183,39.603,38.561,38.735,122304.9
2026-01-24 00:30:00,38.736,41.517,38.5,39.849,259048.9
2026-01-24 00:45:00,39.853,40.655,39.839,40.455,112902.5
2026-01-24 01:00:00,40.452,42.162,40.355,41.386,194078.0
2026-01-24 01:15:00,41.381,43.288,41.326,42.831,180308.4
2026-01-24 01:30:00,42.837,43.551,42.265,43.314,137209.2
2026-01-24 01:45:00,43.314,43.625,41.846,41.881,126550.7
2026-01-24 02:00:00,41.881,44.8,41.221,44.461,249319.7
2026-01-24 02:15:00,44.464,46.196,44.377,45.281,274428.9
2026-01-24 02:30:00,45.284,45.791,44.349,44.56,163943.8
2026-01-24 02:45:00,44.562,45.88,43.707,44.846,192228.4
2026-01-24 03:00:00,44.847,45.011,42.61,44.074,205360.0
2026-01-24 03:15:00,44.074,44.464,43.015,43.531,122227.8
2026-01-24 03:30:00,43.526,44.316,43.213,43.571,103225.0
2026-01-24 03:45:00,43.57,44.289,43.327,43.923,83895.9
2026-01-24 04:00:00,43.941,45.127,43.941,44.643,137104.5
2026-01-24 04:15:00,44.645,44.846,43.217,44.545,134641.8
2026-01-24 04:30:00,44.542,45.74,44.454,45.486,145718.2
2026-01-24 04:45:00,45.491,49.265,44.755,48.511,261493.6
2026-01-24 05:00:00,48.5,48.632,46.922,48.145,261404.9
2026-01-24 05:15:00,48.145,48.43,47.45,48.248,121865.9
2026-01-24 05:30:00,48.249,49.5,48.055,48.606,221817.4
2026-01-24 05:45:00,48.604,49.343,47.595,47.899,164320.1
2026-01-24 06:00:00,47.899,48.732,47.543,48.134,132967.5
2026-01-24 06:15:00,48.135,48.7,47.938,48.295,92702.0
2026-01-24 06:30:00,48.296,49.235,47.705,47.74,128027.4
2026-01-24 06:45:00,47.738,49.136,47.026,48.936,150642.7
2026-01-24 07:00:00,48.939,49.865,48.733,49.22,184974.6
2026-01-24 07:15:00,49.22,51.48,48.5,51.384,263276.4
2026-01-24 07:30:00,51.37,52.626,51.034,51.595,320890.4
2026-01-24 07:45:00,51.595,52.117,50.952,51.081,149142.6
2026-01-24 08:00:00,51.081,51.23,48.815,49.762,329648.4
2026-01-24 08:15:00,49.78,49.975,47.223,47.554,302837.4
2026-01-24 08:30:00,47.556,48.076,45.774,47.221,382067.8
2026-01-24 08:45:00,47.219,49.078,44.848,48.245,508692.9
2026-01-24 09:00:00,48.23,50.599,48.196,50.093,395037.6
2026-01-24 09:15:00,50.112,52.22,49.811,51.619,401758.1
2026-01-24 09:30:00,51.63,53.579,50.9,52.906,363484.3
2026-01-24 09:45:00,52.911,53.15,51.128,51.841,283398.3
2026-01-24 10:00:00,51.84,52.09,50.5,51.042,251422.1
2026-01-24 10:15:00,51.041,52.92,51.019,52.724,209220.0
2026-01-24 10:30:00,52.724,52.768,51.335,51.7,135680.5
2026-01-24 10:45:00,51.7,53.2,51.38,52.295,171533.8
2026-01-24 11:00:00,52.3,53.093,51.857,52.446,134806.1
2026-01-24 11:15:00,52.454,52.85,50.541,51.833,300262.5
2026-01-24 11:30:00,51.835,52.05,50.731,51.096,170860.8
2026-01-24 11:45:00,51.096,51.667,49.108,50.086,300304.7
2026-01-24 12:00:00,50.086,52.469,49.751,51.68,252853.7
2026-01-24 12:15:00,51.679,52.1,49.504,49.586,177762.0
2026-01-24 12:30:00,49.584,51.239,49.075,50.041,242317.7
2026-01-24 12:45:00,50.043,51.145,49.724,50.177,137769.6
2026-01-24 13:00:00,50.177,50.365,48.545,49.132,173758.7
2026-01-24 13:15:00,49.134,51.209,48.781,50.735,199112.2
2026-01-24 13:30:00,50.736,51.755,50.729,51.212,190173.4
2026-01-24 13:45:00,51.212,51.88,50.443,51.34,151860.4
2026-01-24 14:00:00,51.34,51.899,50.9,51.611,129579.0
2026-01-24 14:15:00,51.609,52.904,51.55,52.32,206591.8
2026-01-24 14:30:00,52.32,56.285,51.961,54.228,439323.9
2026-01-24 14:45:00,54.228,54.356,53.42,53.902,202115.2
2026-01-24 15:00:00,53.899,54.779,53.686,54.421,181650.4
2026-01-24 15:15:00,54.421,54.744,53.026,54.149,196378.0
2026-01-24 15:30:00,54.15,55.276,53.664,54.762,190917.3
2026-01-24 15:45:00,54.762,55.157,54.034,54.068,137058.2
2026-01-24 16:00:00,54.069,57.2,53.52,55.57,325733.5
2026-01-24 16:15:00,55.563,56.369,55.364,56.089,174315.6
2026-01-24 16:30:00,56.093,56.336,55.426,55.777,121187.6
2026-01-24 16:45:00,55.777,55.988,55.031,55.374,109442.3
2026-01-24 17:00:00,55.375,56.666,54.345,54.746,186760.1
2026-01-24 17:15:00,54.747,55.746,54.518,54.979,132019.0
2026-01-24 17:30:00,54.973,55.696,54.688,55.01,95264.9
2026-01-24 17:45:00,55.011,55.492,54.809,54.814,78139.0
2026-01-24 18:00:00,54.816,55.433,54.25,54.294,124755.4
2026-01-24 18:15:00,54.293,54.692,53.7,54.369,112805.1
2026-01-24 18:30:00,54.37,55.675,54.238,55.248,109175.8
2026-01-24 18:45:00,55.25,55.431,54.154,54.483,85747.9
2026-01-24 19:00:00,54.483,54.929,54.05,54.328,58172.5
2026-01-24 19:15:00,54.327,54.436,53.944,54.006,57646.0
2026-01-24 19:30:00,54.006,54.949,53.803,54.499,70087.3
2026-01-24 19:45:00,54.487,55.3,54.038,54.972,79410.7
2026-01-24 20:00:00,54.972,55.23,54.676,54.825,50018.7
2026-01-24 20:15:00,54.826,54.897,53.932,54.482,82275.8
2026-01-24 20:30:00,54.481,54.687,52.675,53.092,157403.5
2026-01-24 20:45:00,53.095,53.437,52.469,53.063,109852.9
2026-01-24 21:00:00,53.068,53.638,52.766,52.819,76258.5
2026-01-24 21:15:00,52.82,53.643,52.806,53.26,53440.1
2026-01-24 21:30:00,53.261,54.406,53.25,54.351,63379.2
2026-01-24 21:45:00,54.351,55.221,54.15,54.339,105787.5
2026-01-24 22:00:00,54.339,54.511,53.651,54.059,56307.1
2026-01-24 22:15:00,54.059,58.996,53.93,56.199,321624.0
2026-01-24 22:30:00,56.2,58.571,55.859,58.172,212962.4
2026-01-24 22:45:00,58.167,58.741,56.587,57.726,143064.3
2026-01-24 23:00:00,57.734,59.655,57.402,59.565,188375.1
2026-01-24 23:15:00,59.572,59.86,58.527,59.275,155626.1
2026-01-24 23:30:00,59.276,59.682,58.605,58.951,105351.8
2026-01-24 23:45:00,58.95,61.521,58.921,60.798,253377.5
2026-01-25 00:00:00,60.805,60.966,59.0,60.339,189265.8
2026-01-25 00:15:00,60.339,63.38,59.454,62.979,257341.7
2026-01-25 00:30:00,62.978,63.599,57.696,58.353,375808.1
2026-01-25 00:45:00,58.361,59.309,57.071,57.737,197456.3
2026-01-25 01:00:00,57.743,59.414,57.446,58.676,136726.9
2026-01-25 01:15:00,58.675,58.883,56.45,57.604,157512.0
2026-01-25 01:30:00,57.604,60.496,57.436,59.942,230303.5
2026-01-25 01:45:00,59.944,60.2,57.926,58.901,143977.7
2026-01-25 02:00:00,58.904,59.478,58.04,58.158,96761.6
2026-01-25 02:15:00,58.159,58.342,55.38,56.046,259487.4
2026-01-25 02:30:00,56.057,57.192,55.33,56.388,175493.4
2026-01-25 02:45:00,56.385,57.588,54.559,56.14,199889.3
2026-01-25 03:00:00,56.14,56.575,55.059,55.393,123967.1
2026-01-25 03:15:00,55.396,55.539,54.713,54.805,109065.8
2026-01-25 03:30:00,54.804,55.448,54.044,54.18,139130.3
2026-01-25 03:45:00,54.184,54.767,53.666,53.784,104469.7
2026-01-25 04:00:00,53.784,55.794,53.7,55.399,179528.8
2026-01-25 04:15:00,55.399,57.2,54.83,56.37,169603.8
2026-01-25 04:30:00,56.371,57.0,55.678,56.765,118051.3
2026-01-25 04:45:00,56.766,58.167,56.525,56.817,172304.6
2026-01-25 05:00:00,56.806,58.5,56.453,57.699,105077.0
2026-01-25 05:15:00,57.699,58.602,57.604,58.33,86681.2
2026-01-25 05:30:00,58.333,59.45,57.633,59.068,122536.4
2026-01-25 05:45:00,59.059,59.499,57.948,58.237,99337.9
2026-01-25 06:00:00,58.238,58.956,57.731,58.166,88426.6
2026-01-25 06:15:00,58.168,58.59,56.852,58.454,125814.4
2026-01-25 06:30:00,58.458,59.897,58.449,59.328,150847.7
2026-01-25 06:45:00,59.329,59.723,58.503,58.752,87044.1
2026-01-25 07:00:00,58.75,58.803,57.73,58.009,98517.0
2026-01-25 07:15:00,58.009,58.66,57.59,58.291,67854.8
2026-01-25 07:30:00,58.289,59.35,57.923,58.72,81390.4
2026-01-25 07:45:00,58.719,59.401,58.316,59.092,88316.6
2026-01-25 08:00:00,59.092,59.591,58.402,58.943,101611.9
2026-01-25 08:15:00,58.943,59.126,57.82,57.995,101105.4
2026-01-25 08:30:00,57.996,59.452,57.88,59.161,110179.4
2026-01-25 08:45:00,59.176,59.68,58.763,59.257,87633.1
2026-01-25 09:00:00,59.253,62.0,58.453,60.924,244416.1
2026-01-25 09:15:00,60.929,61.25,60.311,61.065,86940.3
2026-01-25 09:30:00,61.057,63.211,60.58,61.734,173182.5
2026-01-25 09:45:00,61.734,62.679,61.538,62.082,115468.7
2026-01-25 10:00:00,62.088,62.365,59.026,60.016,225441.5
2026-01-25 10:15:00,60.028,62.0,58.866,61.106,201157.8
2026-01-25 10:30:00,61.101,62.318,60.836,61.918,117886.4
2026-01-25 10:45:00,61.919,64.826,61.671,63.469,314612.3
2026-01-25 11:00:00,63.476,63.699,61.827,62.282,172699.6
2026-01-25 11:15:00,62.282,63.498,61.193,61.41,144965.1
2026-01-25 11:30:00,61.41,61.9,60.328,61.098,139820.4
2026-01-25 11:45:00,61.105,62.146,60.633,61.109,120217.0
2026-01-25 12:00:00,61.115,61.988,60.805,60.924,84222.1
2026-01-25 12:15:00,60.929,62.118,60.912,61.804,74148.4
2026-01-25 12:30:00,61.803,62.84,61.0,61.118,139968.6
2026-01-25 12:45:00,61.125,61.395,59.09,60.089,198835.3
2026-01-25 13:00:00,60.088,60.95,59.328,60.476,118399.3
2026-01-25 13:15:00,60.492,60.815,59.288,59.95,77080.0
2026-01-25 13:30:00,59.955,60.179,59.161,59.646,101845.1
2026-01-25 13:45:00,59.647,60.98,59.57,60.533,90102.3
2026-01-25 14:00:00,60.529,62.33,60.2,61.872,170986.5
2026-01-25 14:15:00,61.867,63.307,61.867,62.964,127051.7
2026-01-25 14:30:00,62.964,63.45,62.022,63.026,147216.4
2026-01-25 14:45:00,63.023,63.843,62.745,63.472,146480.9
2026-01-25 15:00:00,63.472,64.266,62.807,63.445,133184.3
2026-01-25 15:15:00,63.444,63.89,62.586,63.355,141359.1
2026-01-25 15:30:00,63.355,64.3,62.885,63.519,111388.0
2026-01-25 15:45:00,63.509,64.1,63.113,63.628,84648.0
2026-01-25 16:00:00,63.634,65.0,62.628,64.439,304341.1
2026-01-25 16:15:00,64.443,67.85,62.752,66.428,467428.9
2026-01-25 16:30:00,66.372,66.511,64.473,65.57,235246.7
2026-01-25 16:45:00,65.568,68.185,65.275,66.875,243624.4
2026-01-25 17:00:00,66.875,68.498,66.174,67.459,209842.2
2026-01-25 17:15:00,67.462,69.378,66.8,68.09,254825.3
2026-01-25 17:30:00,68.087,69.883,67.762,68.454,299726.8
2026-01-25 17:45:00,68.463,69.081,67.001,67.913,161012.1
2026-01-25 18:00:00,67.912,68.794,67.501,68.635,141282.3
2026-01-25 18:15:00,68.639,69.5,68.007,69.007,129390.7
2026-01-25 18:30:00,69.007,71.0,67.3,67.695,315927.6
2026-01-25 18:45:00,67.685,68.326,66.1,67.695,222419.3
2026-01-25 19:00:00,67.689,68.303,66.912,67.942,108926.1
2026-01-25 19:15:00,67.949,68.88,67.601,68.135,105919.3
2026-01-25 19:30:00,68.132,69.485,68.111,69.089,97129.4
2026-01-25 19:45:00,69.088,76.88,68.851,73.047,750086.6
2026-01-25 20:00:00,73.046,75.0,71.102,74.024,265391.0
2026-01-25 20:15:00,74.029,74.359,71.959,73.072,129436.7
2026-01-25 20:30:00,73.072,74.046,72.252,73.466,106801.2
2026-01-25 20:45:00,73.473,78.622,73.468,76.694,391470.1
2026-01-25 21:00:00,76.695,79.5,75.966,77.352,273890.0
2026-01-25 21:15:00,77.356,78.55,76.5,77.56,152328.7
2026-01-25 21:30:00,77.56,79.808,76.858,78.327,188383.1
2026-01-25 21:45:00,78.364,78.402,75.131,76.173,205270.9
2026-01-25 22:00:00,76.175,76.467,73.346,73.823,198806.8
2026-01-25 22:15:00,73.811,76.361,67.77,72.448,533333.6
2026-01-25 22:30:00,72.448,75.369,70.072,73.673,310177.7
2026-01-25 22:45:00,73.674,75.415,73.254,74.097,122655.3
2026-01-25 23:00:00,74.102,75.978,71.35,75.134,204956.0
2026-01-25 23:15:00,75.139,76.107,72.314,72.571,163635.5
2026-01-25 23:30:00,72.57,72.896,68.85,70.114,254594.1
2026-01-25 23:45:00,70.12,71.577,68.653,69.789,193056.4
2026-01-26 00:00:00,69.778,73.667,69.644,73.071,233973.6
2026-01-26 00:15:00,73.069,73.16,70.332,71.66,148031.4
2026-01-26 00:30:00,71.66,74.6,71.131,72.61,177540.3
2026-01-26 00:45:00,72.613,74.792,72.248,74.159,139804.4
2026-01-26 01:00:00,74.165,74.51,72.717,72.919,97834.4
2026-01-26 01:15:00,72.921,74.037,69.47,70.573,163226.4
2026-01-26 01:30:00,70.577,73.574,70.208,73.225,120501.6
2026-01-26 01:45:00,73.225,76.937,73.027,75.522,247177.4
2026-01-26 02:00:00,75.518,76.343,74.28,76.036,122357.8
2026-01-26 02:15:00,76.008,76.875,73.837,74.388,107648.4
2026-01-26 02:30:00,74.388,75.85,73.621,74.567,88277.0
2026-01-26 02:45:00,74.565,74.754,72.8,73.299,94227.2
2026-01-26 03:00:00,73.291,73.644,72.0,72.645,108292.5
2026-01-26 03:15:00,72.642,75.533,72.392,75.244,129073.9
2026-01-26 03:30:00,75.244,75.701,74.444,75.441,89053.1
2026-01-26 03:45:00,75.438,75.688,74.331,74.76,64063.3
2026-01-26 04:00:00,74.76,75.981,73.262,73.667,119520.6
2026-01-26 04:15:00,73.677,76.358,73.456,76.206,129170.4
2026-01-26 04:30:00,76.199,78.0,75.002,75.159,143462.0
2026-01-26 04:45:00,75.158,76.297,74.0,74.279,119189.4
2026-01-26 05:00:00,74.277,75.069,73.377,73.842,115720.4
2026-01-26 05:15:00,73.842,75.972,73.527,75.471,90679.5
2026-01-26 05:30:00,75.474,76.472,75.175,76.38,85475.7
2026-01-26 05:45:00,76.384,76.824,75.769,76.597,93215.5
2026-01-26 06:00:00,76.598,77.304,75.613,76.872,103713.5
2026-01-26 06:15:00,76.88,77.08,75.761,76.441,73724.9
2026-01-26 06:30:00,76.438,76.65,75.038,75.388,124780.4
2026-01-26 06:45:00,75.392,78.988,75.05,78.496,225133.3
2026-01-26 07:00:00,78.496,82.694,77.677,79.697,406540.9
2026-01-26 07:15:00,79.697,83.98,79.649,81.521,356385.7
2026-01-26 07:30:00,81.522,81.554,79.595,80.338,170241.6
2026-01-26 07:45:00,80.338,82.081,79.384,81.405,184049.1
2026-01-26 08:00:00,81.402,81.968,79.929,80.893,223983.7
2026-01-26 08:15:00,80.891,81.092,78.291,80.339,198274.8
2026-01-26 08:30:00,80.327,83.777,80.162,82.385,337818.9
2026-01-26 08:45:00,82.387,84.666,81.7,83.148,284939.9
2026-01-26 09:00:00,83.148,83.153,81.621,82.02,136269.5
2026-01-26 09:15:00,82.028,83.93,81.202,82.803,163775.5
2026-01-26 09:30:00,82.8,83.5,81.21,83.355,183007.2
2026-01-26 09:45:00,83.354,86.0,83.319,84.028,330907.3
2026-01-26 10:00:00,84.027,84.082,81.54,82.35,276299.0
2026-01-26 10:15:00,82.344,83.129,81.302,82.732,188874.3
2026-01-26 10:30:00,82.738,83.64,82.402,83.453,119894.9
2026-01-26 10:45:00,83.459,83.93,82.329,82.505,141148.3
2026-01-26 11:00:00,82.496,83.199,80.838,82.907,225981.3
2026-01-26 11:15:00,82.91,83.179,78.698,79.382,370837.1
2026-01-26 11:30:00,79.382,81.8,76.1,81.174,568266.9
2026-01-26 11:45:00,81.173,82.512,80.574,82.038,330207.2
2026-01-26 12:00:00,82.042,82.24,78.455,79.055,408597.6
2026-01-26 12:15:00,79.06,80.616,78.114,80.363,190753.9
2026-01-26 12:30:00,80.353,80.887,79.155,79.697,199100.3
2026-01-26 12:45:00,79.702,79.725,76.627,77.81,273468.2
2026-01-26 13:00:00,77.821,79.24,76.957,77.696,195632.2
2026-01-26 13:15:00,77.692,78.775,76.512,78.686,168046.0
2026-01-26 13:30:00,78.688,80.111,78.303,78.739,224355.5
2026-01-26 13:45:00,78.739,79.139,77.248,77.924,187729.5
2026-01-26 14:00:00,77.929,79.33,77.214,77.518,186116.3
2026-01-26 14:15:00,77.519,77.927,69.12,72.99,775174.3
2026-01-26 14:30:00,72.991,75.952,71.666,75.378,402031.3
2026-01-26 14:45:00,75.384,76.72,74.742,75.913,245840.9
2026-01-26 15:00:00,75.917,76.922,74.464,75.249,280558.0
2026-01-26 15:15:00,75.247,78.7,74.939,77.246,309016.0
2026-01-26 15:30:00,77.246,78.184,76.561,77.007,162059.9
2026-01-26 15:45:00,77.007,77.607,76.47,77.408,242111.9
2026-01-26 16:00:00,77.429,77.77,74.671,76.291,375936.6
2026-01-26 16:15:00,76.289,77.29,74.501,74.997,182494.7
2026-01-26 16:30:00,74.994,75.912,74.416,74.807,166725.6
2026-01-26 16:45:00,74.808,75.489,74.557,74.686,186667.7
2026-01-26 17:00:00,74.715,75.088,68.753,72.013,522998.0
2026-01-26 17:15:00,72.012,73.304,67.05,70.893,392537.9
2026-01-26 17:30:00,70.905,72.767,70.031,71.253,219057.9
2026-01-26 17:45:00,71.247,72.299,70.632,71.325,166776.9
2026-01-26 18:00:00,71.325,71.409,68.148,68.937,277164.9
2026-01-26 18:15:00,68.951,72.32,67.211,71.756,307323.6
2026-01-26 18:30:00,71.761,74.244,71.665,72.69,235101.4
2026-01-26 18:45:00,72.689,73.211,71.6,72.191,137010.0
2026-01-26 19:00:00,72.192,72.262,69.633,70.135,201767.2
2026-01-26 19:15:00,70.144,71.044,69.102,70.62,122252.3
2026-01-26 19:30:00,70.62,71.635,70.484,71.333,101380.4
2026-01-26 19:45:00,71.332,71.872,70.989,71.558,95418.7
2026-01-26 20:00:00,71.558,75.36,70.453,74.421,267509.2
2026-01-26 20:15:00,74.417,74.805,71.278,72.619,195821.8
2026-01-26 20:30:00,72.624,73.708,72.043,72.888,124262.7
2026-01-26 20:45:00,72.887,74.423,72.861,74.251,127498.8
2026-01-26 21:00:00,74.251,75.961,73.81,74.924,227577.3
2026-01-26 21:15:00,74.927,75.117,73.813,74.298,103103.8
2026-01-26 21:30:00,74.295,75.468,74.25,74.897,98883.5
2026-01-26 21:45:00,74.898,75.523,74.29,75.449,104674.4
2026-01-26 22:00:00,75.453,75.52,73.812,74.534,121610.2
2026-01-26 22:15:00,74.532,74.824,72.312,73.213,158296.2
2026-01-26 22:30:00,73.214,74.727,72.544,74.484,73195.1
2026-01-26 22:45:00,74.483,76.496,73.6,76.298,135517.2
2026-01-26 23:00:00,76.308,76.495,73.965,75.337,151915.9
2026-01-26 23:15:00,75.335,75.977,75.036,75.384,100769.2
2026-01-26 23:30:00,75.381,76.49,74.955,75.736,92037.8
2026-01-26 23:45:00,75.738,78.23,75.59,77.729,252830.4
2026-01-27 00:00:00,77.735,77.999,75.55,76.054,192979.7
2026-01-27 00:15:00,76.057,76.524,74.225,75.022,136065.1
2026-01-27 00:30:00,75.01,75.669,74.503,74.958,127583.4
2026-01-27 00:45:00,74.957,75.765,73.848,74.496,136901.3
2026-01-27 01:00:00,74.505,74.638,72.668,73.974,194564.8
2026-01-27 01:15:00,73.975,74.387,73.127,73.634,88522.0
2026-01-27 01:30:00,73.631,74.168,73.281,73.75,85788.5
2026-01-27 01:45:00,73.756,74.848,73.331,73.483,153432.7
2026-01-27 02:00:00,73.484,73.691,72.243,72.913,169603.6
2026-01-27 02:15:00,72.914,73.416,72.107,73.237,91910.1
2026-01-27 02:30:00,73.239,73.666,72.662,73.279,88824.9
2026-01-27 02:45:00,73.278,73.611,72.914,73.256,134858.0
2026-01-27 03:00:00,73.252,73.42,71.221,71.277,231724.9
2026-01-27 03:15:00,71.275,71.721,68.031,68.367,347587.5
2026-01-27 03:30:00,68.364,69.021,66.2,66.973,290010.9
2026-01-27 03:45:00,66.969,67.589,64.373,64.58,413984.1
2026-01-27 04:00:00,64.576,68.22,63.525,66.97,519669.4
2026-01-27 04:15:00,66.968,68.453,65.927,66.193,227824.4
2026-01-27 04:30:00,66.188,67.841,65.966,67.002,141773.6
2026-01-27 04:45:00,67.001,67.406,66.541,66.649,126778.3
2026-01-27 05:00:00,66.661,67.17,65.17,65.702,225668.5
2026-01-27 05:15:00,65.704,65.783,64.153,64.869,167977.5
2026-01-27 05:30:00,64.87,67.307,64.454,66.261,209360.0
2026-01-27 05:45:00,66.26,67.657,66.176,66.466,169319.8
2026-01-27 06:00:00,66.466,69.3,65.81,68.578,251614.7
2026-01-27 06:15:00,68.568,68.794,67.035,67.309,109846.6
2026-01-27 06:30:00,67.31,68.38,66.815,66.858,116500.6
2026-01-27 06:45:00,66.855,68.084,66.834,67.599,155581.7
2026-01-27 07:00:00,67.601,67.75,64.819,65.745,263994.8
2026-01-27 07:15:00,65.744,66.564,64.001,64.401,194316.5
2026-01-27 07:30:00,64.399,64.964,62.377,63.891,333732.1
2026-01-27 07:45:00,63.892,64.031,61.933,62.448,288340.4
2026-01-27 08:00:00,62.448,63.839,60.1,60.728,366478.3
2026-01-27 08:15:00,60.739,61.891,60.017,61.703,314566.4
2026-01-27 08:30:00,61.704,61.8,59.429,59.928,274694.9
2026-01-27 08:45:00,59.927,60.694,58.4,59.163,352700.6
2026-01-27 09:00:00,59.155,60.227,57.285,58.019,346555.4
2026-01-27 09:15:00,58.016,58.282,55.0,56.068,578964.6
2026-01-27 09:30:00,56.057,59.525,55.073,57.333,558271.7
2026-01-27 09:45:00,57.333,58.485,55.0,55.268,360872.0
2026-01-27 10:00:00,55.269,60.363,54.84,58.816,449294.9
2026-01-27 10:15:00,58.809,60.248,58.18,59.953,280183.6
2026-01-27 10:30:00,59.95,60.798,58.364,58.649,253720.4
2026-01-27 10:45:00,58.644,58.715,56.2,56.453,292862.5
2026-01-27 11:00:00,56.451,57.496,54.321,55.042,352181.9
2026-01-27 11:15:00,55.042,55.705,53.365,53.845,368658.0
2026-01-27 11:30:00,53.839,55.196,53.149,54.537,297315.8
2026-01-27 11:45:00,54.539,57.8,54.31,57.546,387096.7
2026-01-27 12:00:00,57.549,58.139,55.26,55.517,420012.1
2026-01-27 12:15:00,55.514,55.727,54.236,54.841,232339.9
2026-01-27 12:30:00,54.84,55.05,53.5,53.836,233473.9
2026-01-27 12:45:00,53.831,55.839,53.4,55.531,274222.6
2026-01-27 13:00:00,55.53,56.38,54.084,56.056,232127.7
2026-01-27 13:15:00,56.053,58.22,55.839,57.634,377544.3
2026-01-27 13:30:00,57.632,59.753,56.033,56.841,518589.5
2026-01-27 13:45:00,56.83,58.6,56.5,57.845,322370.8
2026-01-27 14:00:00,57.845,59.406,57.427,57.737,314486.3
2026-01-27 14:15:00,57.735,57.808,55.8,56.148,344023.1
2026-01-27 14:30:00,56.148,58.869,55.916,58.401,344516.6
2026-01-27 14:45:00,58.401,59.735,57.026,58.701,332968.9
2026-01-27 15:00:00,58.707,58.739,56.405,56.74,222862.0
2026-01-27 15:15:00,56.739,58.606,56.706,58.147,209122.9
2026-01-27 15:30:00,58.144,61.068,57.952,60.432,369483.1
2026-01-27 15:45:00,60.433,62.673,60.095,61.972,465309.2
2026-01-27 16:00:00,61.972,64.242,60.723,63.604,430608.4
2026-01-27 16:15:00,63.599,64.156,62.477,63.176,247848.0
2026-01-27 16:30:00,63.176,64.488,62.314,64.07,216044.5
2026-01-27 16:45:00,64.069,65.59,64.062,64.454,266564.3
2026-01-27 17:00:00,64.447,66.83,63.793,66.372,368838.1
2026-01-27 17:15:00,66.391,67.276,64.501,65.352,288678.6
2026-01-27 17:30:00,65.346,65.855,61.8,65.249,451257.2
2026-01-27 17:45:00,65.247,65.471,63.006,63.769,298844.2
2026-01-27 18:00:00,63.76,63.847,61.0,61.599,360772.0
2026-01-27 18:15:00,61.599,62.925,61.365,62.105,193347.8
2026-01-27 18:30:00,62.106,63.691,61.701,63.658,173844.1
2026-01-27 18:45:00,63.657,64.592,63.395,63.554,211946.4
2026-01-27 19:00:00,63.558,63.903,61.689,62.258,232410.0
2026-01-27 19:15:00,62.253,64.143,62.154,64.018,137897.9
2026-01-27 19:30:00,64.014,65.269,63.915,64.67,166030.7
2026-01-27 19:45:00,64.667,65.11,62.72,62.94,147099.9
2026-01-27 20:00:00,62.94,63.893,62.231,63.336,164060.3
2026-01-27 20:15:00,63.341,63.519,62.288,62.705,107865.6
2026-01-27 20:30:00,62.709,63.523,59.155,59.479,298122.0
2026-01-27 20:45:00,59.476,60.232,58.364,59.635,294994.7
2026-01-27 21:00:00,59.634,61.496,58.435,60.878,243056.6
2026-01-27 21:15:00,60.874,62.513,59.83,60.96,264180.6
2026-01-27 21:30:00,60.957,61.835,60.336,60.367,144573.2
2026-01-27 21:45:00,60.369,61.833,60.349,60.68,151871.8
2026-01-27 22:00:00,60.683,61.207,58.568,58.869,171461.5
2026-01-27 22:15:00,58.861,59.279,56.0,56.928,258486.3
2026-01-27 22:30:00,56.928,59.876,56.926,59.148,138045.2
2026-01-27 22:45:00,59.16,59.949,58.15,58.337,121155.8
2026-01-27 23:00:00,58.339,58.462,57.405,57.571,89561.2
2026-01-27 23:15:00,57.574,58.848,57.0,57.829,104558.9
2026-01-27 23:30:00,57.829,62.763,57.32,62.617,249807.9
2026-01-27 23:45:00,62.617,64.3,61.307,63.121,280759.7
2026-01-28 00:00:00,63.121,64.711,62.352,64.466,207739.1
2026-01-28 00:15:00,64.466,65.2,63.322,64.524,183383.2
2026-01-28 00:30:00,64.528,66.84,63.816,66.438,166778.0
2026-01-28 00:45:00,66.438,66.608,65.611,66.237,119775.2
2026-01-28 01:00:00,66.24,68.878,65.038,68.399,233269.4
2026-01-28 01:15:00,68.414,69.81,67.86,69.361,164919.9
2026-01-28 01:30:00,69.354,69.748,68.0,68.834,132947.2
2026-01-28 01:45:00,68.831,70.0,68.35,69.94,152855.3
2026-01-28 02:00:00,69.939,70.37,68.725,69.412,174296.6
2026-01-28 02:15:00,69.412,71.85,69.2,71.68,151672.5
2026-01-28 02:30:00,71.687,72.259,70.928,71.809,160392.9
2026-01-28 02:45:00,71.815,73.0,71.521,72.453,156170.2
2026-01-28 03:00:00,72.455,74.193,70.807,73.987,257006.0
2026-01-28 03:15:00,73.984,75.2,73.628,74.75,151904.8
2026-01-28 03:30:00,74.748,75.158,73.7,74.053,134268.4
2026-01-28 03:45:00,74.051,74.511,73.507,73.821,146102.3
2026-01-28 04:00:00,73.811,74.242,69.94,70.032,383677.1
2026-01-28 04:15:00,70.032,71.433,68.493,70.706,349226.3
2026-01-28 04:30:00,70.723,72.5,69.77,70.228,206755.4
2026-01-28 04:45:00,70.227,70.267,67.634,69.402,227121.0
2026-01-28 05:00:00,69.401,69.5,62.897,63.393,439594.3
2026-01-28 05:15:00,63.407,64.276,58.244,59.36,597774.5
2026-01-28 05:30:00,59.36,62.143,58.2,61.526,484402.3
2026-01-28 05:45:00,61.541,62.728,60.6,61.489,330773.7
2026-01-28 06:00:00,61.493,62.616,59.658,60.134,255490.4
2026-01-28 06:15:00,60.142,61.997,58.229,61.543,306636.5
2026-01-28 06:30:00,61.546,61.985,57.5,57.77,352151.3
2026-01-28 06:45:00,57.786,59.695,57.655,59.387,238737.3
2026-01-28 07:00:00,59.388,59.656,56.11,58.202,375544.1
2026-01-28 07:15:00,58.202,59.223,57.267,57.715,204476.9
2026-01-28 07:30:00,57.728,58.068,55.2,55.275,321093.9
2026-01-28 07:45:00,55.276,56.792,53.4,55.162,437165.6
2026-01-28 08:00:00,55.164,56.6,54.343,56.382,280852.4
2026-01-28 08:15:00,56.38,57.635,55.137,55.155,296451.5
2026-01-28 08:30:00,55.156,55.846,53.529,54.318,295556.2
2026-01-28 08:45:00,54.316,56.379,53.661,55.807,244197.6
2026-01-28 09:00:00,55.81,56.933,53.901,53.929,233205.2
2026-01-28 09:15:00,53.926,54.434,50.75,52.032,607599.5
2026-01-28 09:30:00,52.032,54.622,51.879,54.333,302305.3
2026-01-28 09:45:00,54.334,54.95,53.451,54.666,230381.1
2026-01-28 10:00:00,54.652,55.526,53.71,53.86,216622.9
2026-01-28 10:15:00,53.857,55.431,52.215,52.663,266681.1
2026-01-28 10:30:00,52.661,53.96,52.361,53.677,196504.2
2026-01-28 10:45:00,53.674,54.44,52.679,52.852,176288.8
2026-01-28 11:00:00,52.846,53.51,50.888,51.152,268776.4
2026-01-28 11:15:00,51.162,52.708,50.75,52.231,215933.1
2026-01-28 11:30:00,52.227,52.545,50.234,51.899,288917.0
2026-01-28 11:45:00,51.899,52.29,51.137,52.191,147683.9
2026-01-28 12:00:00,52.189,53.538,51.656,52.914,260371.0
2026-01-28 12:15:00,52.91,54.592,52.717,54.123,244944.0
2026-01-28 12:30:00,54.12,54.629,52.826,52.988,258565.8
2026-01-28 12:45:00,52.993,53.041,50.9,51.265,267141.4
2026-01-28 13:00:00,51.275,51.918,48.316,49.438,484640.1
2026-01-28 13:15:00,49.436,51.799,49.383,51.535,280133.3
2026-01-28 13:30:00,51.535,52.295,50.375,51.661,261315.1
2026-01-28 13:45:00,51.658,52.265,50.822,51.783,177705.8
2026-01-28 14:00:00,51.785,52.3,50.505,50.614,213115.2
2026-01-28 14:15:00,50.619,51.486,49.911,50.346,227783.6
2026-01-28 14:30:00,50.347,51.602,50.102,50.628,174574.0
2026-01-28 14:45:00,50.627,50.764,49.0,49.412,249760.8
2026-01-28 15:00:00,49.412,51.2,49.139,50.964,204033.0
2026-01-28 15:15:00,50.966,52.873,50.899,51.697,334153.9
2026-01-28 15:30:00,51.7,53.145,51.589,51.97,207462.0
2026-01-28 15:45:00,51.97,52.573,51.459,51.596,146166.2
2026-01-28 16:00:00,51.597,53.457,50.368,50.745,327576.5
2026-01-28 16:15:00,50.745,50.985,49.352,50.049,329940.7
2026-01-28 16:30:00,50.051,50.4,46.666,47.399,455580.2
2026-01-28 16:45:00,47.397,49.553,47.368,49.351,359965.6
2026-01-28 17:00:00,49.352,50.093,48.949,49.555,208942.6
2026-01-28 17:15:00,49.553,50.248,48.613,48.971,186957.2
2026-01-28 17:30:00,48.975,49.851,48.769,49.232,140752.0
2026-01-28 17:45:00,49.225,50.43,48.636,49.005,188155.1
2026-01-28 18:00:00,49.012,49.366,48.25,48.862,179977.4
2026-01-28 18:15:00,48.858,49.59,48.788,48.929,104794.2
2026-01-28 18:30:00,48.93,49.665,48.502,48.814,124431.7
2026-01-28 18:45:00,48.802,49.074,47.585,48.142,127124.2
2026-01-28 19:00:00,48.141,48.6,47.332,47.587,166444.3
2026-01-28 19:15:00,47.588,48.82,46.5,48.61,239378.0
2026-01-28 19:30:00,48.611,49.543,48.386,49.096,155337.6
2026-01-28 19:45:00,49.098,50.194,48.924,49.968,151020.0
2026-01-28 20:00:00,49.965,50.969,48.989,49.203,210676.2
2026-01-28 20:15:00,49.2,50.05,48.319,49.36,188817.0
2026-01-28 20:30:00,49.361,49.69,48.53,49.094,102870.0
2026-01-28 20:45:00,49.099,49.606,48.773,49.336,100470.3
2026-01-28 21:00:00,49.339,50.244,48.902,49.24,119577.7
2026-01-28 21:15:00,49.241,49.66,48.847,49.141,63566.4
2026-01-28 21:30:00,49.142,50.165,48.456,49.832,110705.0
2026-01-28 21:45:00,49.833,50.631,49.588,49.706,91013.4
2026-01-28 22:00:00,49.706,49.964,48.812,48.999,78234.9
2026-01-28 22:15:00,49.002,49.737,48.63,49.01,76461.6
2026-01-28 22:30:00,49.01,49.9,48.707,48.802,69972.6
2026-01-28 22:45:00,48.8,49.147,48.034,48.465,76073.4
2026-01-28 23:00:00,48.469,49.077,48.278,48.795,49183.1
2026-01-28 23:15:00,48.796,49.528,48.785,48.893,69094.7
2026-01-28 23:30:00,48.889,49.628,48.628,49.444,58879.6
2026-01-28 23:45:00,49.44,50.754,49.345,50.044,122632.4
2026-01-29 00:00:00,50.043,50.105,47.536,47.618,177965.8
2026-01-29 00:15:00,47.618,48.477,47.383,48.26,117417.5
2026-01-29 00:30:00,48.26,48.874,47.71,47.757,81386.5
2026-01-29 00:45:00,47.756,49.22,47.737,48.068,113386.2
2026-01-29 01:00:00,48.07,48.628,47.565,47.773,104315.3
2026-01-29 01:15:00,47.773,47.777,43.9,45.95,414887.0
2026-01-29 01:30:00,45.95,47.199,45.117,46.783,204132.8
2026-01-29 01:45:00,46.8,48.244,46.393,47.786,200244.1
2026-01-29 02:00:00,47.781,48.198,46.621,47.811,154068.7
2026-01-29 02:15:00,47.811,48.114,46.527,46.984,115756.3
2026-01-29 02:30:00,46.983,47.526,46.153,46.369,133993.9
2026-01-29 02:45:00,46.369,47.005,45.541,46.004,158731.1
2026-01-29 03:00:00,45.994,47.71,45.804,47.21,173497.9
2026-01-29 03:15:00,47.23,47.635,46.754,47.062,112062.3
2026-01-29 03:30:00,47.058,47.368,46.125,46.98,125261.1
2026-01-29 03:45:00,46.989,47.403,46.555,46.636,74533.0
2026-01-29 04:00:00,46.636,47.484,46.435,46.845,102356.0
2026-01-29 04:15:00,46.83,47.38,46.72,47.089,74300.0
2026-01-29 04:30:00,47.084,47.138,46.3,46.426,76523.4
2026-01-29 04:45:00,46.437,46.555,45.74,45.935,124652.6
2026-01-29 05:00:00,45.935,46.722,45.403,45.921,162387.0
2026-01-29 05:15:00,45.925,46.364,45.427,45.735,81513.7
2026-01-29 05:30:00,45.737,46.496,45.458,46.373,82038.0
2026-01-29 05:45:00,46.384,51.521,46.209,50.087,488995.1
2026-01-29 06:00:00,50.069,51.064,48.017,48.704,367425.7
2026-01-29 06:15:00,48.706,48.915,47.51,48.256,167296.7
2026-01-29 06:30:00,48.256,49.342,47.858,49.105,128662.2
2026-01-29 06:45:00,49.105,50.753,48.525,50.066,207266.7
2026-01-29 07:00:00,50.065,50.5,49.403,50.128,124744.3
2026-01-29 07:15:00,50.13,52.555,49.855,51.696,249978.3
2026-01-29 07:30:00,51.698,51.948,50.666,50.907,146593.1
2026-01-29 07:45:00,50.904,51.378,50.611,51.336,103470.7
2026-01-29 08:00:00,51.336,51.957,48.297,49.519,214935.3
2026-01-29 08:15:00,49.512,50.194,48.833,49.757,183479.1
2026-01-29 08:30:00,49.756,50.8,49.434,50.658,111921.3
2026-01-29 08:45:00,50.651,51.399,50.198,50.865,154945.1
2026-01-29 09:00:00,50.859,51.2,50.21,50.269,107714.5
2026-01-29 09:15:00,50.256,51.0,49.735,50.851,106325.8
2026-01-29 09:30:00,50.851,51.344,50.27,50.485,88050.0
2026-01-29 09:45:00,50.491,50.638,49.45,49.898,109177.9
2026-01-29 10:00:00,49.898,50.442,48.985,50.355,113897.3
2026-01-29 10:15:00,50.37,50.96,50.213,50.519,89849.4
2026-01-29 10:30:00,50.526,51.66,50.451,51.128,101661.6
2026-01-29 10:45:00,51.127,52.56,50.902,52.161,191551.1
2026-01-29 11:00:00,52.163,53.962,51.626,53.055,276356.7
2026-01-29 11:15:00,53.053,54.5,52.917,53.848,215229.4
2026-01-29 11:30:00,53.85,54.14,53.0,53.389,175978.1
2026-01-29 11:45:00,53.401,53.41,51.305,51.657,253256.4
2026-01-29 12:00:00,51.661,52.234,50.1,50.473,241893.2
2026-01-29 12:15:00,50.473,50.666,49.516,50.034,208668.9
2026-01-29 12:30:00,50.024,50.154,46.04,46.48,572630.6
2026-01-29 12:45:00,46.466,46.838,44.149,45.122,520133.9
2026-01-29 13:00:00,45.122,46.8,43.75,46.132,414921.7
2026-01-29 13:15:00,46.132,47.264,45.813,46.62,214833.0
2026-01-29 13:30:00,46.621,47.486,45.345,45.796,267596.7
2026-01-29 13:45:00,45.792,46.299,42.1,42.898,507769.9
2026-01-29 14:00:00,42.908,43.894,42.185,42.57,372838.9
2026-01-29 14:15:00,42.554,44.295,41.8,43.468,369168.5
2026-01-29 14:30:00,43.473,44.333,43.359,43.75,204843.1
2026-01-29 14:45:00,43.75,45.397,43.51,44.146,222667.0
2026-01-29 15:00:00,44.146,45.715,43.581,44.938,267016.9
2026-01-29 15:15:00,44.931,45.423,43.979,44.152,192010.3
2026-01-29 15:30:00,44.16,44.661,43.566,44.194,165639.5
2026-01-29 15:45:00,44.205,44.985,43.786,44.021,148621.2
2026-01-29 16:00:00,44.021,44.231,42.878,42.955,204093.3
2026-01-29 16:15:00,42.955,45.154,42.831,44.86,211626.4
2026-01-29 16:30:00,44.863,45.55,44.659,45.073,162084.5
2026-01-29 16:45:00,45.073,45.295,44.444,44.775,113958.4
2026-01-29 17:00:00,44.772,45.394,44.201,44.242,127827.2
2026-01-29 17:15:00,44.242,44.398,43.858,44.248,94273.1
2026-01-29 17:30:00,44.247,44.999,43.639,44.086,122851.7
2026-01-29 17:45:00,44.085,45.08,43.894,44.646,86555.8
2026-01-29 18:00:00,44.646,45.681,44.536,44.74,141104.9
2026-01-29 18:15:00,44.739,45.05,44.427,44.81,81529.6
2026-01-29 18:30:00,44.804,45.923,44.737,45.262,116891.1
2026-01-29 18:45:00,45.261,45.262,43.588,44.763,184734.3
2026-01-29 19:00:00,44.762,45.349,44.184,44.78,95609.8
2026-01-29 19:15:00,44.781,44.853,43.801,43.885,60670.4
2026-01-29 19:30:00,43.873,44.399,43.739,44.138,55983.6
2026-01-29 19:45:00,44.139,44.657,43.848,44.032,57645.6
2026-01-29 20:00:00,44.03,44.468,43.902,44.168,51069.3
2026-01-29 20:15:00,44.164,44.396,43.918,44.197,47132.7
2026-01-29 20:30:00,44.197,44.746,44.018,44.436,41599.1
2026-01-29 20:45:00,44.425,45.118,44.298,44.727,65112.2
2026-01-29 21:00:00,44.725,45.465,44.3,44.466,70035.7
2026-01-29 21:15:00,44.463,44.622,44.018,44.319,55002.2
2026-01-29 21:30:00,44.317,44.796,44.25,44.302,46067.7
2026-01-29 21:45:00,44.298,44.477,43.417,44.325,99476.7
2026-01-29 22:00:00,44.332,44.962,44.332,44.511,48899.0
2026-01-29 22:15:00,44.51,45.18,44.463,44.765,45179.2
2026-01-29 22:30:00,44.76,44.91,44.255,44.356,38833.8
2026-01-29 22:45:00,44.354,44.955,43.941,44.875,42498.2
2026-01-29 23:00:00,44.876,45.295,42.361,42.936,203207.6
2026-01-29 23:15:00,42.934,44.064,40.794,43.464,378617.7
2026-01-29 23:30:00,43.464,44.496,43.183,43.769,130227.7
2026-01-29 23:45:00,43.765,44.587,43.541,43.849,90115.4
2026-01-30 00:00:00,43.849,44.339,43.319,43.534,133715.9
2026-01-30 00:15:00,43.539,44.354,43.152,44.215,100120.1
2026-01-30 00:30:00,44.215,44.594,43.8,44.481,95603.0
2026-01-30 00:45:00,44.481,44.915,43.982,44.799,95383.7
2026-01-30 01:00:00,44.798,45.423,43.847,44.014,126086.9
2026-01-30 01:15:00,44.018,44.139,42.895,43.23,102632.4
2026-01-30 01:30:00,43.231,43.917,42.65,43.895,154528.3
2026-01-30 01:45:00,43.895,45.253,43.7,44.96,147644.0
2026-01-30 02:00:00,44.961,45.877,44.339,44.443,194965.1
2026-01-30 02:15:00,44.447,45.458,44.316,44.445,129109.0
2026-01-30 02:30:00,44.449,45.242,43.932,44.875,108496.1
2026-01-30 02:45:00,44.878,45.042,43.901,44.005,76368.2
2026-01-30 03:00:00,44.001,44.289,43.284,43.792,101387.5
2026-01-30 03:15:00,43.788,44.76,43.348,44.363,90788.5
2026-01-30 03:30:00,44.364,44.455,43.6,43.958,77932.3
2026-01-30 03:45:00,43.961,44.059,43.447,43.673,51125.4
2026-01-30 04:00:00,43.675,44.322,43.606,44.007,55996.6
2026-01-30 04:15:00,44.007,44.334,43.542,43.872,70691.8
2026-01-30 04:30:00,43.869,44.218,43.5,43.697,53158.2
2026-01-30 04:45:00,43.697,43.964,43.0,43.472,59258.3
2026-01-30 05:00:00,43.475,43.578,42.237,42.918,111302.4
2026-01-30 05:15:00,42.916,44.0,42.605,43.766,94229.2
2026-01-30 05:30:00,43.768,45.246,43.625,45.055,132464.8
2026-01-30 05:45:00,45.055,47.678,44.862,45.896,271909.0
2026-01-30 06:00:00,45.907,46.353,44.255,44.416,197727.4
2026-01-30 06:15:00,44.402,44.402,42.513,43.278,196041.0
2026-01-30 06:30:00,43.272,43.9,41.111,41.587,237170.9
2026-01-30 06:45:00,41.585,42.17,39.155,39.655,474140.4
2026-01-30 07:00:00,39.661,40.832,38.554,39.619,403208.1
2026-01-30 07:15:00,39.622,40.285,37.528,37.715,360914.1
2026-01-30 07:30:00,37.714,38.581,37.262,38.333,325448.1
2026-01-30 07:45:00,38.334,38.716,37.839,38.429,197765.7
2026-01-30 08:00:00,38.43,39.727,37.292,39.339,316037.0
2026-01-30 08:15:00,39.34,39.638,37.923,38.039,209047.9
2026-01-30 08:30:00,38.038,38.55,37.729,38.434,140653.3
2026-01-30 08:45:00,38.435,39.377,38.296,39.066,134904.3
2026-01-30 09:00:00,39.068,40.47,38.769,40.341,176971.9
2026-01-30 09:15:00,40.34,40.676,39.552,39.629,192354.1
2026-01-30 09:30:00,39.641,40.765,39.24,40.192,155043.5
2026-01-30 09:45:00,40.194,40.342,38.463,38.505,202458.4
2026-01-30 10:00:00,38.501,39.049,37.417,38.58,340814.4
2026-01-30 10:15:00,38.58,38.962,37.8,38.209,178675.0
2026-01-30 10:30:00,38.207,38.36,37.369,37.934,169564.8
2026-01-30 10:45:00,37.937,38.299,37.698,38.068,125060.8
2026-01-30 11:00:00,38.068,38.589,37.762,38.121,121861.4
2026-01-30 11:15:00,38.12,38.673,37.95,38.157,104099.0
2026-01-30 11:30:00,38.157,38.916,37.75,38.002,151719.5
2026-01-30 11:45:00,38.003,38.178,37.805,37.985,84118.5
2026-01-30 12:00:00,37.988,38.356,37.605,38.032,117121.8
2026-01-30 12:15:00,38.032,38.586,38.004,38.474,94382.2
2026-01-30 12:30:00,38.476,38.534,36.567,37.933,270420.0
2026-01-30 12:45:00,37.933,38.043,36.167,36.372,210952.7
2026-01-30 13:00:00,36.367,36.894,35.556,35.612,331514.6
2026-01-30 13:15:00,35.623,36.046,35.08,35.698,238054.9
2026-01-30 13:30:00,35.699,36.261,35.5,35.879,163437.6
2026-01-30 13:45:00,35.877,36.096,35.484,35.691,124645.4
2026-01-30 14:00:00,35.692,36.139,35.437,35.875,120494.9
2026-01-30 14:15:00,35.877,36.069,35.618,35.94,98092.5
2026-01-30 14:30:00,35.94,36.15,35.727,36.003,105418.1
2026-01-30 14:45:00,36.002,36.06,34.379,34.557,313585.9
2026-01-30 15:00:00,34.555,37.223,34.255,36.951,351472.0
2026-01-30 15:15:00,36.938,37.235,35.104,35.995,334174.5
2026-01-30 15:30:00,35.995,36.35,35.77,36.077,138875.2
2026-01-30 15:45:00,36.078,36.249,35.821,36.066,103563.9
2026-01-30 16:00:00,36.065,36.628,35.85,36.021,129055.1
2026-01-30 16:15:00,36.02,36.2,35.37,35.458,117574.9
2026-01-30 16:30:00,35.459,36.866,35.404,36.524,161163.8
2026-01-30 16:45:00,36.525,37.12,35.922,36.088,172120.6
2026-01-30 17:00:00,36.094,36.571,35.699,36.115,99010.0
2026-01-30 17:15:00,36.114,36.423,35.772,36.284,76784.8
2026-01-30 17:30:00,36.285,36.322,35.86,36.14,62629.5
2026-01-30 17:45:00,36.143,36.18,35.256,35.597,93663.1
2026-01-30 18:00:00,35.59,35.691,35.273,35.328,78312.8
2026-01-30 18:15:00,35.329,35.65,34.645,35.65,158433.0
2026-01-30 18:30:00,35.65,35.999,34.969,35.213,102743.1
2026-01-30 18:45:00,35.213,35.705,34.929,35.533,109607.6
2026-01-30 19:00:00,35.532,36.663,35.529,36.633,152383.2
2026-01-30 19:15:00,36.633,36.96,36.272,36.443,91205.0
2026-01-30 19:30:00,36.443,36.763,36.307,36.525,58582.4
2026-01-30 19:45:00,36.527,36.745,36.384,36.548,45676.1
2026-01-30 20:00:00,36.548,36.656,36.109,36.159,49460.7
2026-01-30 20:15:00,36.16,36.331,35.697,36.079,74580.4
2026-01-30 20:30:00,36.083,36.804,35.84,36.528,69871.5
2026-01-30 20:45:00,36.528,37.238,36.338,36.674,105837.1
2026-01-30 21:00:00,36.673,36.866,35.817,36.016,73672.2
2026-01-30 21:15:00,36.017,36.462,35.892,36.012,46816.5
2026-01-30 21:30:00,36.011,36.18,35.415,35.445,60003.0
2026-01-30 21:45:00,35.446,35.502,33.722,34.862,295153.0
2026-01-30 22:00:00,34.859,34.962,34.274,34.389,94661.0
2026-01-30 22:15:00,34.391,34.949,34.342,34.677,65684.6
2026-01-30 22:30:00,34.676,35.318,34.579,35.147,50017.0
2026-01-30 22:45:00,35.145,36.016,35.143,35.644,69249.3
2026-01-30 23:00:00,35.641,36.231,35.348,35.967,68295.0
2026-01-30 23:15:00,35.967,36.805,35.952,36.272,100980.0
2026-01-30 23:30:00,36.274,37.045,36.102,36.728,101653.3
2026-01-30 23:45:00,36.728,37.1,35.728,35.901,92768.7
2026-01-31 00:00:00,35.901,36.828,35.777,36.673,75044.7
2026-01-31 00:15:00,36.673,36.852,35.84,36.012,77460.7
2026-01-31 00:30:00,36.013,36.253,35.545,35.551,67821.1
2026-01-31 00:45:00,35.548,36.334,35.31,36.029,79642.7
2026-01-31 01:00:00,36.029,36.583,35.592,35.774,80635.8
2026-01-31 01:15:00,35.77,35.883,35.319,35.51,66141.1
2026-01-31 01:30:00,35.511,35.829,35.117,35.538,65691.3
2026-01-31 01:45:00,35.538,36.2,35.358,35.43,84189.8
2026-01-31 02:00:00,35.431,35.765,35.344,35.41,49858.0
2026-01-31 02:15:00,35.41,35.669,34.32,35.021,139896.2
2026-01-31 02:30:00,35.023,35.454,34.661,35.373,84394.4
2026-01-31 02:45:00,35.372,35.901,35.13,35.279,77292.3
2026-01-31 03:00:00,35.276,35.287,34.753,35.023,77866.0
2026-01-31 03:15:00,35.021,35.175,34.366,34.586,87529.8
2026-01-31 03:30:00,34.584,34.911,34.1,34.111,121095.0
2026-01-31 03:45:00,34.111,34.151,33.425,33.641,168370.9
2026-01-31 04:00:00,33.644,33.818,33.302,33.395,116180.2
2026-01-31 04:15:00,33.4,33.519,32.714,32.987,197462.5
2026-01-31 04:30:00,32.988,33.322,31.965,32.14,226216.5
2026-01-31 04:45:00,32.14,32.571,31.601,32.386,285468.7
2026-01-31 05:00:00,32.381,33.212,31.869,32.043,254286.2
2026-01-31 05:15:00,32.042,32.806,31.906,32.197,143752.3
2026-01-31 05:30:00,32.199,32.898,32.116,32.661,132325.6
2026-01-31 05:45:00,32.664,33.284,32.49,33.137,138508.8
2026-01-31 06:00:00,33.138,33.89,32.919,33.557,158601.6
2026-01-31 06:15:00,33.556,33.978,33.234,33.554,128363.2
2026-01-31 06:30:00,33.553,33.579,32.887,33.35,143086.5
2026-01-31 06:45:00,33.349,33.428,32.763,33.0,98212.5
2026-01-31 07:00:00,33.001,33.383,32.8,33.255,92267.0
2026-01-31 07:15:00,33.255,33.374,33.005,33.267,60647.5
2026-01-31 07:30:00,33.269,33.328,32.865,33.067,73923.0
2026-01-31 07:45:00,33.063,33.163,32.85,33.102,55119.0
2026-01-31 08:00:00,33.102,33.83,33.0,33.661,115273.7
2026-01-31 08:15:00,33.66,33.758,32.467,32.574,154889.1
2026-01-31 08:30:00,32.574,32.772,32.023,32.478,176691.0
2026-01-31 08:45:00,32.474,32.474,31.53,31.937,184345.8
2026-01-31 09:00:00,31.942,32.496,31.766,32.037,161301.9
2026-01-31 09:15:00,32.037,32.225,31.541,31.663,102270.3
2026-01-31 09:30:00,31.664,32.052,31.166,31.973,168169.1
2026-01-31 09:45:00,31.971,32.095,31.655,31.663,89726.7
2026-01-31 10:00:00,31.663,31.763,31.037,31.471,173393.8
2026-01-31 10:15:00,31.47,32.059,31.383,31.716,112706.6
2026-01-31 10:30:00,31.713,32.498,30.333,30.754,321066.0
2026-01-31 10:45:00,30.756,31.033,30.2,30.507,250191.6
2026-01-31 11:00:00,30.508,30.935,29.85,30.662,269554.2
2026-01-31 11:15:00,30.662,31.03,30.477,30.898,125488.0
2026-01-31 11:30:00,30.898,31.2,30.501,30.708,134108.5
2026-01-31 11:45:00,30.707,30.817,30.302,30.423,100774.1
2026-01-31 12:00:00,30.422,30.72,30.219,30.56,127304.3
2026-01-31 12:15:00,30.562,32.335,30.556,31.602,279727.8
2026-01-31 12:30:00,31.597,32.249,30.6,30.782,281316.0
2026-01-31 12:45:00,30.781,30.976,30.3,30.77,218235.9
2026-01-31 13:00:00,30.771,31.462,30.754,31.075,175402.4
2026-01-31 13:15:00,31.074,31.29,30.828,30.871,114808.9
2026-01-31 13:30:00,30.867,31.476,30.6,31.258,180874.3
2026-01-31 13:45:00,31.257,31.599,31.088,31.343,105217.1
2026-01-31 14:00:00,31.342,31.437,30.691,30.981,122497.1
2026-01-31 14:15:00,30.979,30.979,29.987,30.377,264401.5
2026-01-31 14:30:00,30.376,30.648,29.622,29.968,302515.1
2026-01-31 14:45:00,29.967,31.152,29.953,30.89,186106.4
2026-01-31 15:00:00,30.891,30.98,30.505,30.719,105269.5
2026-01-31 15:15:00,30.715,30.873,29.977,30.155,161269.8
2026-01-31 15:30:00,30.157,30.299,29.719,29.89,138044.9
2026-01-31 15:45:00,29.892,30.125,29.412,29.719,172866.0
2026-01-31 16:00:00,29.72,30.432,29.191,29.891,288775.6
2026-01-31 16:15:00,29.89,30.167,28.114,28.372,450492.5
2026-01-31 16:30:00,28.373,28.453,26.881,27.355,606909.3
2026-01-31 16:45:00,27.359,28.065,27.134,27.669,305956.0
2026-01-31 17:00:00,27.673,27.787,25.111,26.61,523732.7
2026-01-31 17:15:00,26.609,27.047,26.1,26.845,301617.2
2026-01-31 17:30:00,26.843,27.76,26.5,27.161,257969.8
2026-01-31 17:45:00,27.158,27.229,26.622,26.922,157662.5
2026-01-31 18:00:00,26.921,27.118,26.096,26.355,193100.2
2026-01-31 18:15:00,26.359,26.512,25.924,25.991,208429.3
2026-01-31 18:30:00,25.99,26.368,25.065,26.158,317499.6
2026-01-31 18:45:00,26.176,26.922,26.136,26.278,305973.0
2026-01-31 19:00:00,26.28,26.379,25.917,26.229,163797.8
2026-01-31 19:15:00,26.229,26.529,25.89,25.966,135366.0
2026-01-31 19:30:00,25.96,26.138,25.716,25.774,133921.3
2026-01-31 19:45:00,25.777,26.299,25.666,26.258,143779.7
2026-01-31 20:00:00,26.258,26.908,25.898,26.664,160919.4
2026-01-31 20:15:00,26.662,27.943,26.654,27.451,291037.2
2026-01-31 20:30:00,27.452,27.881,27.333,27.66,136147.6
2026-01-31 20:45:00,27.663,27.862,27.271,27.617,99940.2
2026-01-31 21:00:00,27.608,27.812,26.887,27.027,110083.5
2026-01-31 21:15:00,27.024,27.085,26.601,26.952,119289.7
2026-01-31 21:30:00,26.952,27.261,26.703,26.762,92821.2
2026-01-31 21:45:00,26.761,26.945,26.622,26.809,71949.0
2026-01-31 22:00:00,26.811,26.931,26.351,26.694,102268.5
2026-01-31 22:15:00,26.694,26.753,26.317,26.542,74687.9
2026-01-31 22:30:00,26.551,26.743,26.3,26.508,53019.2
2026-01-31 22:45:00,26.51,26.841,26.482,26.667,41834.1
2026-01-31 23:00:00,26.666,26.775,26.328,26.468,79267.2
2026-01-31 23:15:00,26.468,26.614,26.15,26.498,118007.4
2026-01-31 23:30:00,26.497,26.512,25.513,25.665,134402.6
2026-01-31 23:45:00,25.665,26.173,25.664,26.006,115824.9
2026-02-01 00:00:00,26.006,26.368,25.862,26.067,124771.3
2026-02-01 00:15:00,26.068,26.322,25.64,25.914,118786.7
2026-02-01 00:30:00,25.914,26.169,25.681,26.133,94305.8
2026-02-01 00:45:00,26.134,26.468,26.002,26.157,107230.8
2026-02-01 01:00:00,26.157,26.345,25.974,26.257,82014.0
2026-02-01 01:15:00,26.256,26.265,24.715,25.01,224038.9
2026-02-01 01:30:00,25.009,25.68,24.618,25.199,276472.3
2026-02-01 01:45:00,25.199,25.235,24.441,24.603,184205.1
2026-02-01 02:00:00,24.601,24.692,24.095,24.444,286455.9
2026-02-01 02:15:00,24.445,24.534,23.559,23.752,277047.9
2026-02-01 02:30:00,23.753,24.235,23.34,24.049,259034.5
2026-02-01 02:45:00,24.048,24.417,23.454,23.475,191255.8
2026-02-01 03:00:00,23.475,23.493,22.5,22.901,377065.3
2026-02-01 03:15:00,22.901,23.045,22.509,22.534,187159.5
2026-02-01 03:30:00,22.534,22.663,22.21,22.483,206400.9
2026-02-01 03:45:00,22.483,22.73,21.67,21.815,302019.6
2026-02-01 04:00:00,21.816,22.276,21.32,22.078,417692.6
2026-02-01 04:15:00,22.079,22.089,20.501,20.792,508936.8
2026-02-01 04:30:00,20.792,21.169,20.255,20.304,400355.8
2026-02-01 04:45:00,20.305,20.6,19.662,19.689,450801.3
2026-02-01 05:00:00,19.691,21.944,19.418,20.766,953997.9
2026-02-01 05:15:00,20.76,23.557,20.036,21.888,1289142.2
2026-02-01 05:30:00,21.889,21.892,20.095,20.253,755779.3
2026-02-01 05:45:00,20.256,20.294,18.442,18.589,1168813.4
2026-02-01 06:00:00,18.593,19.726,17.521,17.709,1097589.9
2026-02-01 06:15:00,17.707,18.741,17.223,17.35,1063796.9
2026-02-01 06:30:00,17.351,17.541,16.269,16.492,918441.9
2026-02-01 06:45:00,16.493,16.989,15.531,15.634,1146670.9
2026-02-01 07:00:00,15.635,16.566,15.301,16.359,1290851.3
2026-02-01 07:15:00,16.354,18.285,16.213,18.051,2093239.2
2026-02-01 07:30:00,18.059,19.831,17.222,18.424,2107925.8
2026-02-01 07:45:00,18.416,19.5,17.137,17.462,1212683.2
2026-02-01 08:00:00,17.463,17.739,16.318,16.412,983576.0
2026-02-01 08:15:00,16.412,17.982,16.0,17.041,1317870.6
2026-02-01 08:30:00,17.044,17.888,16.758,16.919,769742.2
2026-02-01 08:45:00,16.924,17.291,15.017,15.834,1513111.0
2026-02-01 09:00:00,15.835,16.29,14.7,14.823,1216527.3
2026-02-01 09:15:00,14.822,15.328,14.4,15.039,1231279.8
2026-02-01 09:30:00,15.035,15.898,15.034,15.384,854560.6
2026-02-01 09:45:00,15.383,15.999,14.654,15.534,914739.2
2026-02-01 10:00:00,15.535,16.451,15.14,16.097,675664.0
2026-02-01 10:15:00,16.096,16.366,15.73,15.964,586274.5
2026-02-01 10:30:00,15.964,16.995,15.826,16.808,803652.9
2026-02-01 10:45:00,16.813,17.465,16.7,17.102,716897.6
2026-02-01 11:00:00,17.108,18.56,16.549,18.103,1182910.0
2026-02-01 11:15:00,18.1,18.522,17.123,18.314,963477.3
2026-02-01 11:30:00,18.31,21.753,18.107,21.288,1716675.1
2026-02-01 11:45:00,21.292,22.053,20.31,20.912,1371074.2
2026-02-01 12:00:00,20.912,23.72,20.516,23.267,1471284.6
2026-02-01 12:15:00,23.264,23.65,17.612,18.208,3374192.7
2026-02-01 12:30:00,18.204,19.258,16.713,19.087,2427349.2
2026-02-01 12:45:00,19.081,19.313,17.741,18.114,1353549.1
2026-02-01 13:00:00,18.115,18.31,16.867,17.236,1156855.9
2026-02-01 13:15:00,17.234,17.744,16.75,17.678,886364.3
2026-02-01 13:30:00,17.673,18.244,17.407,17.544,871270.3
2026-02-01 13:45:00,17.545,18.194,17.255,17.666,712580.7
2026-02-01 14:00:00,17.666,18.958,17.571,18.674,1305579.8
2026-02-01 14:15:00,18.674,19.181,18.171,18.747,854055.9
2026-02-01 14:30:00,18.747,19.692,18.371,19.205,729395.1
2026-02-01 14:45:00,19.203,19.278,17.097,18.575,1403707.4
2026-02-01 15:00:00,18.58,18.587,17.901,18.225,541188.6
2026-02-01 15:15:00,18.225,18.5,17.815,17.852,445484.0
2026-02-01 15:30:00,17.852,18.5,17.852,18.36,401319.2
2026-02-01 15:45:00,18.357,19.22,18.014,18.107,577107.9
2026-02-01 16:00:00,18.106,18.376,17.333,17.409,624884.5
2026-02-01 16:15:00,17.41,17.881,16.816,17.484,673947.9
2026-02-01 16:30:00,17.483,18.0,17.298,17.828,357603.6
2026-02-01 16:45:00,17.832,18.387,17.7,18.045,409829.3
2026-02-01 17:00:00,18.046,18.294,17.742,17.862,279421.4
2026-02-01 17:15:00,17.861,17.892,17.493,17.608,286968.1
2026-02-01 17:30:00,17.612,17.668,15.353,15.784,1209977.0
2026-02-01 17:45:00,15.784,16.538,15.186,15.586,794764.6
2026-02-01 18:00:00,15.586,15.989,15.468,15.875,438198.6
2026-02-01 18:15:00,15.874,16.299,14.814,15.793,877834.7
2026-02-01 18:30:00,15.788,15.804,13.884,14.134,947045.7
2026-02-01 18:45:00,14.134,14.137,13.05,13.357,1311911.8
2026-02-01 19:00:00,13.357,14.358,13.0,13.907,1040996.1
2026-02-01 19:15:00,13.907,14.098,12.546,12.765,1052373.1
2026-02-01 19:30:00,12.765,12.898,12.009,12.242,1108140.3
2026-02-01 19:45:00,12.239,13.088,12.053,12.709,1060966.6
2026-02-01 20:00:00,12.709,12.907,12.018,12.073,724631.7
2026-02-01 20:15:00,12.074,12.758,11.71,12.686,1084210.9
2026-02-01 20:30:00,12.686,12.8,12.029,12.108,537420.1
2026-02-01 20:45:00,12.106,12.142,10.652,10.884,1733782.2
2026-02-01 21:00:00,10.883,11.978,10.538,11.626,1028906.4
2026-02-01 21:15:00,11.614,11.62,10.817,10.841,564915.0
2026-02-01 21:30:00,10.841,11.473,10.8,10.958,646314.1
2026-02-01 21:45:00,10.957,10.967,10.41,10.53,798554.1
2026-02-01 22:00:00,10.532,12.75,10.255,12.131,1711051.2
2026-02-01 22:15:00,12.131,12.172,10.826,10.987,1163445.7
2026-02-01 22:30:00,10.988,11.86,10.887,11.663,576837.8
2026-02-01 22:45:00,11.662,11.745,10.76,10.888,532640.6
2026-02-01 23:00:00,10.888,12.566,10.657,11.92,842311.7
2026-02-01 23:15:00,11.921,13.201,11.888,12.514,1061749.2
2026-02-01 23:30:00,12.513,14.845,12.47,13.552,1569650.3
2026-02-01 23:45:00,13.552,16.3,13.016,15.669,1530832.1
2026-02-02 00:00:00,15.67,16.125,14.237,15.583,1349959.4
2026-02-02 00:15:00,15.584,18.0,15.568,17.619,1432864.3
2026-02-02 00:30:00,17.619,19.748,15.918,18.69,1721623.1
2026-02-02 00:45:00,18.69,20.4,16.418,16.63,1679625.7
2026-02-02 01:00:00,16.63,17.911,14.639,17.201,1825542.9
2026-02-02 01:15:00,17.2,18.7,17.056,17.969,769138.9
2026-02-02 01:30:00,17.97,19.866,17.079,18.794,850468.2
2026-02-02 01:45:00,18.795,20.286,18.519,18.804,862928.5
2026-02-02 02:00:00,18.803,19.46,17.618,18.13,694869.5
2026-02-02 02:15:00,18.129,18.284,16.774,17.059,873308.1
2026-02-02 02:30:00,17.059,17.904,16.723,17.545,570736.6
2026-02-02 02:45:00,17.545,18.665,17.285,18.287,541950.5
2026-02-02 03:00:00,18.284,18.9,17.926,18.701,434342.9
2026-02-02 03:15:00,18.702,18.95,18.066,18.487,382792.5
2026-02-02 03:30:00,18.488,18.801,17.547,18.304,483662.7
2026-02-02 03:45:00,18.305,18.7,17.706,17.931,328125.5
2026-02-02 04:00:00,17.932,18.399,17.71,18.146,265909.2
2026-02-02 04:15:00,18.146,18.499,17.7,18.361,277258.3
2026-02-02 04:30:00,18.362,18.393,17.442,17.686,248675.9
2026-02-02 04:45:00,17.692,17.886,17.125,17.221,367530.5
2026-02-02 05:00:00,17.222,18.66,17.19,18.36,450509.1
2026-02-02 05:15:00,18.361,18.6,18.141,18.299,263801.5
2026-02-02 05:30:00,18.3,18.394,17.672,18.25,293678.5
2026-02-02 05:45:00,18.252,18.466,17.891,17.929,197438.2
2026-02-02 06:00:00,17.929,18.354,17.312,17.445,347430.3
2026-02-02 06:15:00,17.444,17.593,16.437,16.876,563621.1
2026-02-02 06:30:00,16.877,17.5,16.862,17.127,302126.3
2026-02-02 06:45:00,17.128,18.5,17.037,18.243,478435.6
2026-02-02 07:00:00,18.251,21.093,17.558,17.812,1299677.8
2026-02-02 07:15:00,17.811,18.36,16.878,18.183,821991.4
2026-02-02 07:30:00,18.181,18.391,17.635,17.957,353166.7
2026-02-02 07:45:00,17.956,18.164,17.535,17.739,235160.4
2026-02-02 08:00:00,17.739,17.949,17.138,17.848,383702.8
2026-02-02 08:15:00,17.847,17.899,17.05,17.12,320482.4
2026-02-02 08:30:00,17.121,17.544,16.694,17.179,414606.1
2026-02-02 08:45:00,17.177,17.421,16.812,16.95,296488.0
2026-02-02 09:00:00,16.949,17.097,16.45,16.901,392004.1
2026-02-02 09:15:00,16.901,17.38,16.658,16.987,370317.5
2026-02-02 09:30:00,16.984,16.988,15.812,16.021,611459.0
2026-02-02 09:45:00,16.02,16.046,15.0,15.422,886690.3
2026-02-02 10:00:00,15.423,16.424,15.316,15.903,611952.3
2026-02-02 10:15:00,15.909,18.791,15.688,18.451,1229486.8
2026-02-02 10:30:00,18.453,20.232,18.355,19.972,1518936.4
2026-02-02 10:45:00,19.977,21.99,19.949,21.483,1422562.5
2026-02-02 11:00:00,21.488,22.46,18.993,20.77,1873350.6
2026-02-02 11:15:00,20.77,21.767,20.422,20.953,850088.6
2026-02-02 11:30:00,20.954,21.6,20.65,21.289,638058.7
2026-02-02 11:45:00,21.292,22.414,20.854,21.912,807845.0
2026-02-02 12:00:00,21.915,23.6,21.896,22.957,1028169.8
2026-02-02 12:15:00,22.959,24.678,22.121,24.535,1293005.6
2026-02-02 12:30:00,24.528,24.591,22.097,22.912,1138163.8
2026-02-02 12:45:00,22.916,24.193,22.583,22.68,850419.3
2026-02-02 13:00:00,22.683,23.164,21.35,22.958,1038775.3
2026-02-02 13:15:00,22.958,24.399,22.85,23.873,736061.7
2026-02-02 13:30:00,23.87,24.795,23.01,23.65,800673.2
2026-02-02 13:45:00,23.65,24.184,22.69,22.947,709499.6
2026-02-02 14:00:00,22.945,23.656,22.633,23.436,647396.6
2026-02-02 14:15:00,23.434,23.961,22.66,22.858,596164.1
2026-02-02 14:30:00,22.858,23.089,21.444,22.657,1010399.2
2026-02-02 14:45:00,22.659,23.213,22.564,22.769,426947.2
2026-02-02 15:00:00,22.769,23.093,22.001,22.144,531475.9
2026-02-02 15:15:00,22.145,22.442,21.686,22.325,535225.0
2026-02-02 15:30:00,22.325,23.59,21.315,23.376,1001935.4
2026-02-02 15:45:00,23.387,23.457,22.123,22.515,464431.8
2026-02-02 16:00:00,22.516,22.702,21.252,22.282,694532.2
2026-02-02 16:15:00,22.282,22.635,21.534,22.043,469586.8
2026-02-02 16:30:00,22.043,22.295,21.5,21.808,375432.2
2026-02-02 16:45:00,21.808,22.103,20.79,21.466,541347.0
2026-02-02 17:00:00,21.466,21.694,20.439,20.738,601236.8
2026-02-02 17:15:00,20.739,20.739,19.214,19.361,856015.8
2026-02-02 17:30:00,19.363,20.498,18.25,18.965,1706878.9
2026-02-02 17:45:00,18.966,19.214,17.36,17.91,1664227.0
2026-02-02 18:00:00,17.91,18.42,16.952,17.472,1165898.3
2026-02-02 18:15:00,17.476,18.575,16.656,17.943,1448737.5
2026-02-02 18:30:00,17.944,19.271,17.759,19.06,1076539.6
2026-02-02 18:45:00,19.06,20.776,19.06,19.868,1297378.8
2026-02-02 19:00:00,19.867,21.334,19.237,19.698,1336834.6
2026-02-02 19:15:00,19.7,20.647,19.398,19.414,907201.6
2026-02-02 19:30:00,19.415,19.713,18.61,18.824,798572.6
2026-02-02 19:45:00,18.823,19.378,18.26,18.551,879399.3
2026-02-02 20:00:00,18.551,19.221,18.286,18.573,605655.3
2026-02-02 20:15:00,18.572,18.935,18.023,18.176,526229.9
2026-02-02 20:30:00,18.179,18.596,18.091,18.495,424017.0
2026-02-02 20:45:00,18.496,18.92,18.242,18.571,410741.1
2026-02-02 21:00:00,18.568,18.733,17.754,18.038,523634.1
2026-02-02 21:15:00,18.038,18.265,17.673,17.806,378307.4
2026-02-02 21:30:00,17.803,18.048,17.558,18.021,422848.7
2026-02-02 21:45:00,18.02,18.025,17.45,17.691,371710.2
2026-02-02 22:00:00,17.692,18.09,17.405,17.596,451877.8
2026-02-02 22:15:00,17.594,17.797,17.515,17.559,256840.6
2026-02-02 22:30:00,17.565,17.85,17.458,17.515,282134.5
2026-02-02 22:45:00,17.516,18.674,17.01,17.857,618604.8
2026-02-02 23:00:00,17.858,18.727,17.79,18.247,588021.8
2026-02-02 23:15:00,18.247,18.593,18.094,18.488,356707.4
2026-02-02 23:30:00,18.487,18.87,17.6,17.708,591746.1
2026-02-02 23:45:00,17.71,17.945,17.5,17.74,384764.5
2026-02-03 00:00:00,17.739,18.079,17.555,17.931,356123.6
2026-02-03 00:15:00,17.931,18.188,17.657,17.999,278869.9
2026-02-03 00:30:00,17.998,18.365,17.315,17.566,471471.1
2026-02-03 00:45:00,17.566,17.579,17.125,17.302,277040.4
2026-02-03 01:00:00,17.302,17.416,17.18,17.317,211616.6
2026-02-03 01:15:00,17.317,17.318,16.777,17.063,385312.3
2026-02-03 01:30:00,17.062,17.064,16.119,16.38,583529.1
2026-02-03 01:45:00,16.379,16.543,16.1,16.145,434909.4
2026-02-03 02:00:00,16.144,16.79,16.046,16.258,570493.6
2026-02-03 02:15:00,16.259,16.338,15.5,15.652,588482.7
2026-02-03 02:30:00,15.652,15.887,15.264,15.337,522591.2
2026-02-03 02:45:00,15.338,15.628,15.25,15.386,368475.9
2026-02-03 03:00:00,15.388,16.111,15.2,15.771,596012.1
2026-02-03 03:15:00,15.771,16.49,15.696,15.842,574854.8
2026-02-03 03:30:00,15.84,15.998,15.356,15.497,449251.7
2026-02-03 03:45:00,15.498,15.622,14.889,15.144,453002.4
2026-02-03 04:00:00,15.144,15.24,14.325,14.606,667192.5
2026-02-03 04:15:00,14.605,15.05,14.5,14.565,400075.8
2026-02-03 04:30:00,14.564,15.169,14.351,15.157,587256.1
2026-02-03 04:45:00,15.152,15.537,14.868,15.378,678665.3
2026-02-03 05:00:00,15.38,15.682,15.221,15.61,455460.9
2026-02-03 05:15:00,15.609,15.86,15.278,15.392,531720.5
2026-02-03 05:30:00,15.392,15.651,15.041,15.452,428815.7
2026-02-03 05:45:00,15.452,15.815,15.401,15.697,306896.8
2026-02-03 06:00:00,15.699,15.803,15.411,15.516,346929.4
2026-02-03 06:15:00,15.515,15.628,15.154,15.393,395052.5
2026-02-03 06:30:00,15.394,15.468,15.05,15.109,246235.5
2026-02-03 06:45:00,15.109,15.121,14.588,14.606,481111.3
2026-02-03 07:00:00,14.608,15.0,14.471,14.781,453554.2
2026-02-03 07:15:00,14.781,15.168,14.52,14.559,389565.9
2026-02-03 07:30:00,14.559,14.77,13.8,14.68,714295.6
2026-02-03 07:45:00,14.68,14.923,14.376,14.508,350000.8
2026-02-03 08:00:00,14.507,14.832,14.41,14.756,306243.7
2026-02-03 08:15:00,14.756,15.06,14.507,14.556,337495.2
2026-02-03 08:30:00,14.556,14.691,14.38,14.404,271775.6
2026-02-03 08:45:00,14.404,14.769,14.166,14.72,394111.4
2026-02-03 09:00:00,14.718,15.007,14.368,14.464,447214.2
2026-02-03 09:15:00,14.464,14.686,14.42,14.472,269619.8
2026-02-03 09:30:00,14.472,14.8,14.448,14.524,241786.3
2026-02-03 09:45:00,14.524,14.749,14.476,14.731,183422.8
2026-02-03 10:00:00,14.731,15.792,14.671,15.345,820059.3
2026-02-03 10:15:00,15.345,16.261,15.152,15.432,699894.8
2026-02-03 10:30:00,15.431,15.601,14.237,14.546,946524.9
2026-02-03 10:45:00,14.546,14.755,13.9,14.183,940909.8
2026-02-03 11:00:00,14.182,14.602,13.601,14.498,903031.2
2026-02-03 11:15:00,14.498,15.634,14.256,15.578,876628.9
2026-02-03 11:30:00,15.576,16.13,14.582,14.638,1713624.8
2026-02-03 11:45:00,14.644,14.96,14.185,14.41,1215426.7
2026-02-03 12:00:00,14.411,14.726,14.009,14.403,902228.1
2026-02-03 12:15:00,14.4,14.48,14.072,14.208,457288.3
2026-02-03 12:30:00,14.208,14.438,13.796,14.067,629072.5
2026-02-03 12:45:00,14.066,14.359,13.623,14.166,810557.5
2026-02-03 13:00:00,14.165,14.175,13.421,13.61,593728.4
2026-02-03 13:15:00,13.61,13.778,13.082,13.263,905833.6
2026-02-03 13:30:00,13.263,13.56,12.981,13.196,712889.4
2026-02-03 13:45:00,13.196,13.426,13.025,13.271,568791.3
2026-02-03 14:00:00,13.271,13.334,12.647,12.907,821266.6
2026-02-03 14:15:00,12.907,13.047,12.79,12.943,529894.5
2026-02-03 14:30:00,12.944,13.431,12.881,13.392,738293.9
2026-02-03 14:45:00,13.391,14.25,13.312,14.121,1092647.9
2026-02-03 15:00:00,14.122,14.589,13.41,13.896,1578442.3
2026-02-03 15:15:00,13.897,14.35,13.633,14.086,665616.7
2026-02-03 15:30:00,14.086,15.203,14.046,14.774,1043870.4
2026-02-03 15:45:00,14.775,14.926,14.222,14.289,779554.5
2026-02-03 16:00:00,14.289,14.42,13.735,13.874,773401.5
2026-02-03 16:15:00,13.874,14.363,13.719,14.22,630159.7
2026-02-03 16:30:00,14.221,15.185,14.217,15.078,878633.0
2026-02-03 16:45:00,15.074,15.664,14.708,15.098,1391486.8
2026-02-03 17:00:00,15.096,15.189,14.601,14.615,765191.3
2026-02-03 17:15:00,14.613,14.788,14.317,14.667,591448.1
2026-02-03 17:30:00,14.669,15.098,14.603,14.874,559328.4
2026-02-03 17:45:00,14.874,14.972,14.118,14.189,517901.8
2026-02-03 18:00:00,14.187,14.25,13.867,13.938,523779.7
2026-02-03 18:15:00,13.936,14.086,13.645,13.828,468461.6
2026-02-03 18:30:00,13.826,14.072,13.296,13.37,513911.0
2026-02-03 18:45:00,13.372,13.506,13.034,13.054,510913.5
2026-02-03 19:00:00,13.057,13.545,12.681,13.444,969054.9
2026-02-03 19:15:00,13.443,13.548,13.011,13.191,577787.5
2026-02-03 19:30:00,13.191,13.519,13.106,13.197,429367.8
2026-02-03 19:45:00,13.197,13.455,13.069,13.107,369703.9
2026-02-03 20:00:00,13.106,13.301,12.912,13.194,424796.4
2026-02-03 20:15:00,13.195,13.6,13.115,13.311,405162.8
2026-02-03 20:30:00,13.311,13.55,13.123,13.182,370320.6
2026-02-03 20:45:00,13.179,13.99,13.15,13.898,451709.4
2026-02-03 21:00:00,13.898,14.499,13.656,14.278,650029.3
2026-02-03 21:15:00,14.277,14.547,13.909,13.968,514555.4
2026-02-03 21:30:00,13.97,14.1,13.792,14.069,371911.0
2026-02-03 21:45:00,14.069,14.157,13.703,13.792,274237.9
2026-02-03 22:00:00,13.791,13.991,13.519,13.652,342842.1
2026-02-03 22:15:00,13.652,13.699,13.337,13.353,253167.6
2026-02-03 22:30:00,13.349,13.378,13.115,13.221,288449.1
2026-02-03 22:45:00,13.217,13.419,13.122,13.159,213447.7
2026-02-03 23:00:00,13.159,13.21,12.49,12.564,600143.7
2026-02-03 23:15:00,12.564,12.878,12.124,12.167,831762.2
2026-02-03 23:30:00,12.167,12.948,12.13,12.934,730381.3
2026-02-03 23:45:00,12.933,13.207,12.651,12.693,640930.6
2026-02-04 00:00:00,12.691,13.085,12.372,12.987,616930.4
2026-02-04 00:15:00,12.987,13.196,12.721,12.823,509761.8
2026-02-04 00:30:00,12.824,12.875,12.569,12.737,348239.2
2026-02-04 00:45:00,12.735,12.927,12.433,12.455,308757.5
2026-02-04 01:00:00,12.451,12.746,12.359,12.668,360217.6
2026-02-04 01:15:00,12.668,12.672,12.244,12.43,318834.6
2026-02-04 01:30:00,12.433,12.548,12.328,12.397,249444.5
2026-02-04 01:45:00,12.4,12.419,12.213,12.261,255307.4
2026-02-04 02:00:00,12.261,12.386,11.812,12.158,691501.1
2026-02-04 02:15:00,12.158,12.516,12.146,12.474,422605.4
2026-02-04 02:30:00,12.474,12.767,12.434,12.681,438704.9
2026-02-04 02:45:00,12.68,13.13,12.533,13.003,484223.9
2026-02-04 03:00:00,13.002,13.791,12.858,13.597,777108.9
2026-02-04 03:15:00,13.596,14.081,13.248,13.872,734893.4
2026-02-04 03:30:00,13.871,13.965,13.361,13.433,544027.6
2026-02-04 03:45:00,13.434,13.75,13.344,13.646,361077.1
2026-02-04 04:00:00,13.645,14.34,13.643,14.134,511669.7
2026-02-04 04:15:00,14.138,14.159,13.738,13.848,388811.5
2026-02-04 04:30:00,13.854,14.009,13.6,13.627,330702.3
2026-02-04 04:45:00,13.628,13.719,13.466,13.656,289590.6
2026-02-04 05:00:00,13.657,14.435,13.634,14.104,564735.1
2026-02-04 05:15:00,14.105,14.356,13.926,14.315,327871.5
2026-02-04 05:30:00,14.313,14.88,14.268,14.61,632052.9
2026-02-04 05:45:00,14.609,15.092,14.57,14.866,545121.1
2026-02-04 06:00:00,14.866,15.466,14.65,15.372,710401.2
2026-02-04 06:15:00,15.367,15.573,14.454,14.994,1052813.7
2026-02-04 06:30:00,14.995,16.489,14.96,15.985,1294427.7
2026-02-04 06:45:00,15.984,15.988,15.221,15.744,867129.6
2026-02-04 07:00:00,15.746,16.038,14.2,14.516,1205152.1
2026-02-04 07:15:00,14.516,14.663,13.691,13.829,998356.1
2026-02-04 07:30:00,13.83,13.941,13.244,13.567,1240573.6
2026-02-04 07:45:00,13.568,13.7,13.29,13.559,547644.5
2026-02-04 08:00:00,13.559,13.822,13.05,13.225,814681.2
2026-02-04 08:15:00,13.222,13.572,13.092,13.516,471594.2
2026-02-04 08:30:00,13.518,14.343,13.42,13.659,988141.3
2026-02-04 08:45:00,13.656,14.4,13.469,14.229,639252.9
2026-02-04 09:00:00,14.231,14.751,14.21,14.688,733981.4
2026-02-04 09:15:00,14.687,15.154,14.436,15.025,873555.2
2026-02-04 09:30:00,15.024,15.416,14.752,15.24,840251.6
2026-02-04 09:45:00,15.24,15.45,14.8,15.072,608583.1
2026-02-04 10:00:00,15.073,15.599,14.832,15.325,649577.6
2026-02-04 10:15:00,15.326,16.135,15.302,15.919,669743.2
2026-02-04 10:30:00,15.918,16.198,15.34,15.522,710109.8
2026-02-04 10:45:00,15.522,16.072,15.454,15.616,574228.3
2026-02-04 11:00:00,15.616,16.327,15.069,15.954,975684.3
2026-02-04 11:15:00,15.954,16.48,15.604,15.694,824378.4
2026-02-04 11:30:00,15.696,16.09,15.373,15.758,736157.7
2026-02-04 11:45:00,15.758,16.005,15.6,15.91,378482.0
2026-02-04 12:00:00,15.91,16.299,15.632,15.794,721521.2
2026-02-04 12:15:00,15.793,15.979,15.47,15.809,508592.6
2026-02-04 12:30:00,15.813,16.132,15.621,16.045,373639.3
2026-02-04 12:45:00,16.046,16.104,15.839,15.9,315051.0
2026-02-04 13:00:00,15.9,16.19,15.749,15.934,379323.6
2026-02-04 13:15:00,15.935,17.147,15.85,16.553,1242272.5
2026-02-04 13:30:00,16.556,17.14,16.403,16.753,1152225.0
2026-02-04 13:45:00,16.756,17.423,16.655,16.973,758640.8
2026-02-04 14:00:00,16.974,17.133,16.038,16.243,1116487.5
2026-02-04 14:15:00,16.246,16.697,16.078,16.435,695676.4
2026-02-04 14:30:00,16.434,17.2,16.301,16.894,738540.2
2026-02-04 14:45:00,16.894,17.489,16.408,16.727,843905.7
2026-02-04 15:00:00,16.737,16.894,15.406,15.781,1472524.7
2026-02-04 15:15:00,15.78,16.31,15.315,15.394,734644.1
2026-02-04 15:30:00,15.394,15.919,15.188,15.599,709732.8
2026-02-04 15:45:00,15.595,16.024,15.595,15.804,430681.2
2026-02-04 16:00:00,15.806,16.34,15.614,15.614,588246.1
2026-02-04 16:15:00,15.617,15.929,15.091,15.824,716721.7
2026-02-04 16:30:00,15.823,16.009,15.501,15.678,377392.5
2026-02-04 16:45:00,15.677,16.213,15.375,16.065,469092.2
2026-02-04 17:00:00,16.064,16.493,15.958,16.309,482376.2
2026-02-04 17:15:00,16.31,16.749,16.14,16.437,418131.5
2026-02-04 17:30:00,16.437,16.693,16.255,16.579,260485.5
2026-02-04 17:45:00,16.578,16.578,15.728,15.849,407881.0
2026-02-04 18:00:00,15.849,15.922,15.25,15.436,480130.3
2026-02-04 18:15:00,15.436,15.475,14.729,14.922,576268.8
2026-02-04 18:30:00,14.921,15.748,14.63,15.563,681105.4
2026-02-04 18:45:00,15.565,15.648,15.101,15.153,366104.2
2026-02-04 19:00:00,15.154,15.381,14.839,14.92,433929.2
2026-02-04 19:15:00,14.92,15.224,14.807,15.146,352596.7
2026-02-04 19:30:00,15.146,15.262,14.957,15.135,222087.7
2026-02-04 19:45:00,15.134,15.19,14.866,15.073,213055.3
2026-02-04 20:00:00,15.072,15.136,14.844,15.011,174781.1
2026-02-04 20:15:00,15.01,15.341,14.614,14.748,376616.6
2026-02-04 20:30:00,14.746,14.928,14.53,14.604,218842.3
2026-02-04 20:45:00,14.605,14.917,14.554,14.812,184007.1
2026-02-04 21:00:00,14.813,14.829,14.286,14.442,309173.9
2026-02-04 21:15:00,14.443,14.637,14.252,14.407,279541.9
2026-02-04 21:30:00,14.407,14.532,14.063,14.127,230604.4
2026-02-04 21:45:00,14.126,14.214,13.85,14.043,353724.0
2026-02-04 22:00:00,14.045,14.282,13.935,14.272,328860.1
2026-02-04 22:15:00,14.274,15.083,14.222,14.79,548850.1
2026-02-04 22:30:00,14.79,14.863,14.34,14.405,220065.2
2026-02-04 22:45:00,14.405,14.597,14.131,14.4,197556.6
2026-02-04 23:00:00,14.399,14.82,14.232,14.556,259599.0
2026-02-04 23:15:00,14.557,14.692,14.29,14.446,190331.6
2026-02-04 23:30:00,14.446,14.48,14.032,14.096,202870.3
2026-02-04 23:45:00,14.095,14.14,13.938,14.016,234153.3
2026-02-05 00:00:00,14.016,14.36,13.942,14.236,305995.0
2026-02-05 00:15:00,14.235,14.547,14.227,14.323,304226.2
2026-02-05 00:30:00,14.323,14.52,14.125,14.399,263983.3
2026-02-05 00:45:00,14.4,14.54,14.302,14.487,205771.4
2026-02-05 01:00:00,14.487,14.713,14.417,14.623,260222.4
2026-02-05 01:15:00,14.623,14.954,14.136,14.292,419578.6
2026-02-05 01:30:00,14.289,14.428,14.129,14.195,226589.7
2026-02-05 01:45:00,14.195,14.25,13.9,14.043,356666.1
2026-02-05 02:00:00,14.041,14.174,13.914,14.0,278611.7
2026-02-05 02:15:00,14.001,14.18,13.952,14.033,191917.5
2026-02-05 02:30:00,14.032,14.077,13.41,13.676,501800.9
2026-02-05 02:45:00,13.677,13.933,13.6,13.853,240085.9
2026-02-05 03:00:00,13.853,14.295,13.853,14.203,388304.4
2026-02-05 03:15:00,14.203,14.35,13.887,13.976,292118.8
2026-02-05 03:30:00,13.977,14.103,13.823,13.897,200749.3
2026-02-05 03:45:00,13.901,13.983,13.703,13.787,181999.1
2026-02-05 04:00:00,13.786,13.832,13.521,13.789,299990.9
2026-02-05 04:15:00,13.788,14.065,13.5,13.607,363081.1
2026-02-05 04:30:00,13.607,13.647,13.353,13.505,293859.1
2026-02-05 04:45:00,13.506,13.552,13.26,13.361,271506.7
2026-02-05 05:00:00,13.361,13.625,13.207,13.555,308484.3
2026-02-05 05:15:00,13.555,13.646,13.341,13.436,242208.7
2026-02-05 05:30:00,13.437,13.508,13.25,13.339,191705.4
2026-02-05 05:45:00,13.339,13.493,13.26,13.471,185546.5
2026-02-05 06:00:00,13.47,13.753,13.368,13.623,288581.0
2026-02-05 06:15:00,13.623,13.73,13.505,13.515,169810.6
2026-02-05 06:30:00,13.514,13.699,13.142,13.193,305548.8
2026-02-05 06:45:00,13.193,13.407,13.163,13.304,240037.5
2026-02-05 07:00:00,13.304,13.611,13.271,13.5,292524.9
2026-02-05 07:15:00,13.499,13.59,13.324,13.364,151431.7
2026-02-05 07:30:00,13.363,13.543,13.25,13.483,209487.3
2026-02-05 07:45:00,13.482,13.65,13.428,13.629,186693.5
2026-02-05 08:00:00,13.628,13.77,13.531,13.692,233408.2
2026-02-05 08:15:00,13.693,13.783,13.5,13.507,224512.6
2026-02-05 08:30:00,13.508,13.637,13.34,13.621,220715.8
2026-02-05 08:45:00,13.62,13.96,13.619,13.757,316962.4
2026-02-05 09:00:00,13.757,13.973,13.675,13.817,237448.1
2026-02-05 09:15:00,13.818,13.905,13.471,13.552,273000.9
2026-02-05 09:30:00,13.553,13.66,13.444,13.559,232381.6
2026-02-05 09:45:00,13.559,13.669,13.276,13.389,288160.3
2026-02-05 10:00:00,13.385,13.499,13.31,13.45,177538.5
2026-02-05 10:15:00,13.45,13.569,13.382,13.538,166087.0
2026-02-05 10:30:00,13.537,13.834,13.443,13.712,295551.9
2026-02-05 10:45:00,13.711,13.906,13.632,13.721,283655.6
2026-02-05 11:00:00,13.72,13.79,13.508,13.536,253975.8
2026-02-05 11:15:00,13.536,13.731,13.447,13.588,296934.5
2026-02-05 11:30:00,13.59,13.626,13.337,13.5,321179.6
2026-02-05 11:45:00,13.499,13.549,13.379,13.518,161615.6
2026-02-05 12:00:00,13.519,13.632,13.369,13.575,183492.4
2026-02-05 12:15:00,13.573,13.666,13.087,13.289,438218.5
2026-02-05 12:30:00,13.291,13.482,13.226,13.396,202693.3
2026-02-05 12:45:00,13.395,13.5,13.236,13.316,164557.8
2026-02-05 13:00:00,13.316,13.363,13.225,13.268,161789.7
2026-02-05 13:15:00,13.266,13.378,13.195,13.332,192038.3
2026-02-05 13:30:00,13.331,13.477,13.25,13.266,237969.8
2026-02-05 13:45:00,13.266,13.288,12.803,13.091,626963.2
2026-02-05 14:00:00,13.091,13.441,12.983,13.393,359654.2
2026-02-05 14:15:00,13.395,13.565,13.328,13.406,329424.3
2026-02-05 14:30:00,13.406,13.574,13.161,13.248,354837.7
2026-02-05 14:45:00,13.249,13.35,13.178,13.198,230931.4
2026-02-05 15:00:00,13.198,13.259,12.9,13.107,475693.9
2026-02-05 15:15:00,13.106,13.311,12.908,12.996,403312.5
2026-02-05 15:30:00,13.0,13.09,12.814,13.031,424730.4
2026-02-05 15:45:00,13.031,13.224,12.957,13.052,255538.2
2026-02-05 16:00:00,13.052,13.115,12.871,13.057,268132.9
2026-02-05 16:15:00,13.057,13.464,12.977,13.346,382909.6
2026-02-05 16:30:00,13.345,13.769,13.319,13.483,443863.4
2026-02-05 16:45:00,13.485,13.674,13.356,13.437,305937.6
2026-02-05 17:00:00,13.438,13.69,13.35,13.582,265428.3
2026-02-05 17:15:00,13.581,13.825,13.49,13.666,267817.0
2026-02-05 17:30:00,13.666,13.781,13.502,13.564,229839.0
2026-02-05 17:45:00,13.564,13.748,13.502,13.594,149649.6
2026-02-05 18:00:00,13.594,14.332,13.575,14.122,513703.0
2026-02-05 18:15:00,14.123,14.461,13.895,14.07,390644.2
2026-02-05 18:30:00,14.071,14.218,13.937,13.947,170734.0
2026-02-05 18:45:00,13.947,14.291,13.83,14.2,208388.0
2026-02-05 19:00:00,14.199,14.47,14.069,14.425,211926.4
2026-02-05 19:15:00,14.424,14.828,14.364,14.72,349716.5
2026-02-05 19:30:00,14.721,15.327,14.619,15.21,394759.1
2026-02-05 19:45:00,15.211,15.264,14.381,14.474,512998.1
2026-02-05 20:00:00,14.474,14.566,14.1,14.105,359690.0
2026-02-05 20:15:00,14.106,14.18,13.33,13.55,616137.8
2026-02-05 20:30:00,13.549,13.961,13.35,13.817,371276.7
2026-02-05 20:45:00,13.818,13.999,13.606,13.866,252362.0
2026-02-05 21:00:00,13.869,14.113,13.727,13.867,230506.1
2026-02-05 21:15:00,13.87,13.877,13.504,13.56,179580.2
2026-02-05 21:30:00,13.561,13.866,13.552,13.742,139550.9
2026-02-05 21:45:00,13.741,13.745,13.358,13.452,178720.6
2026-02-05 22:00:00,13.452,13.6,13.371,13.461,132632.4
2026-02-05 22:15:00,13.462,13.515,13.162,13.455,222295.5
2026-02-05 22:30:00,13.456,13.524,12.888,12.91,259492.7
2026-02-05 22:45:00,12.913,12.978,12.251,12.652,513958.6
2026-02-05 23:00:00,12.651,12.818,12.464,12.584,247411.1
2026-02-05 23:15:00,12.585,12.798,12.516,12.738,227923.3
2026-02-05 23:30:00,12.739,13.1,12.684,12.873,275610.5
2026-02-05 23:45:00,12.874,12.928,12.568,12.751,238056.0
2026-02-06 00:00:00,12.751,12.848,12.09,12.102,464477.0
2026-02-06 00:15:00,12.093,12.621,11.885,12.492,651436.5
2026-02-06 00:30:00,12.491,12.711,12.315,12.529,353355.2
2026-02-06 00:45:00,12.529,12.88,12.481,12.813,336056.0
2026-02-06 01:00:00,12.813,13.542,12.742,13.506,433052.8
2026-02-06 01:15:00,13.505,13.725,13.306,13.594,342651.3
2026-02-06 01:30:00,13.595,14.0,13.521,13.982,246841.9
2026-02-06 01:45:00,13.981,14.665,13.965,14.511,493877.7
2026-02-06 02:00:00,14.506,14.949,14.485,14.903,380310.2
2026-02-06 02:15:00,14.907,14.911,14.3,14.511,455804.0
2026-02-06 02:30:00,14.51,14.578,14.124,14.147,357474.7
2026-02-06 02:45:00,14.146,14.245,13.841,14.009,341265.4
2026-02-06 03:00:00,14.009,14.146,13.703,13.823,291889.7
2026-02-06 03:15:00,13.826,13.976,13.608,13.649,216544.2
2026-02-06 03:30:00,13.651,13.804,13.522,13.801,219736.3
2026-02-06 03:45:00,13.798,13.91,13.62,13.644,197445.5
2026-02-06 04:00:00,13.646,13.841,13.604,13.647,160805.6
2026-02-06 04:15:00,13.647,14.23,13.556,14.202,261033.3
2026-02-06 04:30:00,14.2,14.307,13.871,13.917,271698.7
2026-02-06 04:45:00,13.915,13.994,13.732,13.88,150975.0
2026-02-06 05:00:00,13.881,14.46,13.852,14.262,352681.7
2026-02-06 05:15:00,14.261,14.647,14.177,14.544,275983.7
2026-02-06 05:30:00,14.545,14.752,14.326,14.402,259356.4
2026-02-06 05:45:00,14.402,14.679,14.301,14.495,221407.7
2026-02-06 06:00:00,14.495,15.109,14.453,14.763,383149.5
2026-02-06 06:15:00,14.763,15.057,14.735,14.915,216147.1
2026-02-06 06:30:00,14.914,15.22,14.853,15.088,316620.0
2026-02-06 06:45:00,15.089,15.622,14.679,15.432,739250.0
2026-02-06 07:00:00,15.431,15.85,15.335,15.531,556720.6
2026-02-06 07:15:00,15.532,15.766,15.105,15.619,473584.2
2026-02-06 07:30:00,15.619,15.682,14.736,14.854,620174.7
2026-02-06 07:45:00,14.854,15.099,14.41,14.416,508203.8
2026-02-06 08:00:00,14.415,14.868,14.093,14.53,710789.6
2026-02-06 08:15:00,14.528,14.695,13.818,13.934,520659.0
2026-02-06 08:30:00,13.932,13.961,12.677,12.844,1084924.0
2026-02-06 08:45:00,12.844,13.352,12.352,12.489,1270968.4
2026-02-06 09:00:00,12.489,12.898,12.413,12.737,660490.4
2026-02-06 09:15:00,12.736,12.982,12.617,12.651,440646.0
2026-02-06 09:30:00,12.651,13.319,12.57,12.985,726685.5
2026-02-06 09:45:00,12.984,13.165,12.741,12.861,349359.9
2026-02-06 10:00:00,12.861,13.026,12.788,12.935,247053.1
2026-02-06 10:15:00,12.939,13.207,12.831,12.986,286777.2
2026-02-06 10:30:00,12.983,13.167,12.95,13.079,253988.0
2026-02-06 10:45:00,13.077,13.121,12.668,12.871,341443.7
2026-02-06 11:00:00,12.871,12.973,12.622,12.637,264937.3
2026-02-06 11:15:00,12.636,12.876,12.572,12.816,225740.2
2026-02-06 11:30:00,12.817,13.018,12.724,12.99,282373.5
2026-02-06 11:45:00,12.991,13.038,12.748,12.869,181374.1
2026-02-06 12:00:00,12.868,13.065,12.733,12.774,257502.2
2026-02-06 12:15:00,12.775,12.857,12.664,12.81,179104.9
2026-02-06 12:30:00,12.811,12.916,12.708,12.803,151727.1
2026-02-06 12:45:00,12.802,12.809,12.658,12.759,150542.4
2026-02-06 13:00:00,12.761,12.811,12.595,12.755,217160.6
2026-02-06 13:15:00,12.756,12.839,12.111,12.459,581123.4
2026-02-06 13:30:00,12.462,12.662,12.4,12.535,264129.3
2026-02-06 13:45:00,12.534,12.76,12.504,12.584,201056.3
2026-02-06 14:00:00,12.583,12.662,12.317,12.417,278048.0
2026-02-06 14:15:00,12.418,12.449,11.583,11.743,977693.0
2026-02-06 14:30:00,11.74,12.255,11.688,12.117,592186.9
2026-02-06 14:45:00,12.117,12.276,11.851,12.004,361040.0
2026-02-06 15:00:00,12.006,12.235,11.859,12.147,367915.9
2026-02-06 15:15:00,12.147,12.265,12.002,12.155,205570.7
2026-02-06 15:30:00,12.154,12.633,12.065,12.553,395712.2
2026-02-06 15:45:00,12.555,12.715,12.276,12.356,360920.5
2026-02-06 16:00:00,12.357,13.177,12.357,12.888,632870.7
2026-02-06 16:15:00,12.888,13.2,12.839,12.947,306599.6
2026-02-06 16:30:00,12.948,13.243,12.773,13.103,320593.2
2026-02-06 16:45:00,13.103,13.29,12.928,13.012,295075.2
2026-02-06 17:00:00,13.013,13.034,12.606,12.866,342253.9
2026-02-06 17:15:00,12.866,13.449,12.795,13.382,366950.9
2026-02-06 17:30:00,13.383,13.591,13.287,13.36,379445.2
2026-02-06 17:45:00,13.36,13.409,13.031,13.07,267544.0
2026-02-06 18:00:00,13.071,13.142,12.722,12.935,391771.3
2026-02-06 18:15:00,12.934,13.07,12.775,12.968,226189.9
2026-02-06 18:30:00,12.967,13.25,12.947,13.165,219390.1
2026-02-06 18:45:00,13.164,13.542,13.163,13.269,309929.6
2026-02-06 19:00:00,13.27,13.364,13.071,13.149,205707.8
2026-02-06 19:15:00,13.148,13.177,12.922,12.942,167031.1
2026-02-06 19:30:00,12.941,13.096,12.918,13.072,151185.1
2026-02-06 19:45:00,13.071,13.206,12.982,13.103,163164.1
2026-02-06 20:00:00,13.104,13.339,13.08,13.17,154481.3
2026-02-06 20:15:00,13.171,13.324,13.028,13.096,129668.7
2026-02-06 20:30:00,13.097,13.16,12.901,12.987,143807.0
2026-02-06 20:45:00,12.986,13.094,12.775,12.889,151103.1
2026-02-06 21:00:00,12.89,13.026,12.746,12.953,167575.0
2026-02-06 21:15:00,12.952,13.33,12.94,13.181,191829.3
2026-02-06 21:30:00,13.182,13.238,13.031,13.19,128116.1
2026-02-06 21:45:00,13.189,13.246,13.061,13.093,100459.1
2026-02-06 22:00:00,13.094,13.462,13.094,13.23,179660.9
2026-02-06 22:15:00,13.229,13.327,13.173,13.314,109933.0
2026-02-06 22:30:00,13.314,13.5,13.263,13.413,155752.3
2026-02-06 22:45:00,13.412,13.652,13.392,13.42,130132.0
2026-02-06 23:00:00,13.42,13.565,13.406,13.556,116469.7
2026-02-06 23:15:00,13.556,13.748,13.432,13.688,195155.3
2026-02-06 23:30:00,13.687,13.891,13.605,13.636,222313.9
2026-02-06 23:45:00,13.636,13.77,13.408,13.435,212901.3
2026-02-07 00:00:00,13.436,13.543,13.049,13.194,270876.4
2026-02-07 00:15:00,13.193,13.278,13.103,13.241,140719.0
2026-02-07 00:30:00,13.24,13.522,13.233,13.422,172795.2
2026-02-07 00:45:00,13.421,13.741,13.36,13.406,204301.6
2026-02-07 01:00:00,13.406,13.413,13.046,13.105,203848.0
2026-02-07 01:15:00,13.105,13.223,12.842,12.958,242885.0
2026-02-07 01:30:00,12.959,13.253,12.944,13.163,163268.1
2026-02-07 01:45:00,13.163,13.332,13.082,13.235,160407.0
2026-02-07 02:00:00,13.235,13.443,13.099,13.14,162514.4
2026-02-07 02:15:00,13.139,13.222,13.012,13.184,118110.6
2026-02-07 02:30:00,13.183,13.331,13.105,13.226,112505.4
2026-02-07 02:45:00,13.226,13.257,13.082,13.129,84681.7
2026-02-07 03:00:00,13.13,13.438,13.066,13.433,165489.6
2026-02-07 03:15:00,13.433,13.613,13.33,13.542,228385.0
2026-02-07 03:30:00,13.541,13.61,13.183,13.282,164348.6
2026-02-07 03:45:00,13.282,13.425,13.15,13.359,119856.5
2026-02-07 04:00:00,13.359,13.544,13.281,13.441,130843.7
2026-02-07 04:15:00,13.441,13.524,13.235,13.291,138231.5
2026-02-07 04:30:00,13.291,13.376,13.11,13.149,176259.4
2026-02-07 04:45:00,13.148,13.405,13.084,13.349,127837.8
2026-02-07 05:00:00,13.348,13.448,13.235,13.279,130530.8
2026-02-07 05:15:00,13.278,13.327,13.158,13.235,93040.3
2026-02-07 05:30:00,13.235,13.29,13.112,13.247,89441.3
2026-02-07 05:45:00,13.247,13.422,13.232,13.36,110000.0
2026-02-07 06:00:00,13.36,13.587,13.27,13.322,168474.5
2026-02-07 06:15:00,13.326,13.386,13.18,13.192,95643.7
2026-02-07 06:30:00,13.191,13.382,13.112,13.314,115745.0
2026-02-07 06:45:00,13.314,13.394,13.186,13.243,124602.4
2026-02-07 07:00:00,13.243,13.377,13.191,13.344,148294.0
2026-02-07 07:15:00,13.345,13.546,13.233,13.5,236280.7
2026-02-07 07:30:00,13.499,13.719,13.403,13.542,287856.9
2026-02-07 07:45:00,13.542,13.659,13.424,13.57,171358.6
2026-02-07 08:00:00,13.569,13.676,13.471,13.508,148693.7
2026-02-07 08:15:00,13.509,13.634,13.39,13.541,135490.8
2026-02-07 08:30:00,13.544,13.759,13.479,13.724,150336.5
2026-02-07 08:45:00,13.724,14.213,13.715,14.178,456382.3
2026-02-07 09:00:00,14.178,14.632,14.069,14.548,478973.7
2026-02-07 09:15:00,14.547,14.621,14.02,14.499,621160.8
2026-02-07 09:30:00,14.501,14.52,14.209,14.48,311152.3
2026-02-07 09:45:00,14.48,14.487,14.121,14.399,289164.6
2026-02-07 10:00:00,14.4,14.52,13.828,13.925,355913.2
2026-02-07 10:15:00,13.925,14.028,13.604,13.819,434978.2
2026-02-07 10:30:00,13.819,14.047,13.66,14.019,263151.5
2026-02-07 10:45:00,14.018,14.082,13.773,13.855,175948.8
2026-02-07 11:00:00,13.855,14.066,13.637,13.725,242185.5
2026-02-07 11:15:00,13.725,13.905,13.636,13.89,149255.9
2026-02-07 11:30:00,13.89,13.955,13.67,13.685,173097.0
2026-02-07 11:45:00,13.686,13.828,13.07,13.173,640803.0
2026-02-07 12:00:00,13.172,13.289,12.934,13.021,462513.3
2026-02-07 12:15:00,13.02,13.262,12.982,13.078,281892.0
2026-02-07 12:30:00,13.078,13.205,13.005,13.045,185392.3
2026-02-07 12:45:00,13.049,13.147,12.912,13.075,227615.8
2026-02-07 13:00:00,13.076,13.144,12.968,13.045,141217.7
2026-02-07 13:15:00,13.045,13.381,13.006,13.222,228107.1
2026-02-07 13:30:00,13.223,13.273,13.07,13.116,179825.8
2026-02-07 13:45:00,13.116,13.125,12.672,12.756,345954.6
2026-02-07 14:00:00,12.757,12.894,12.757,12.843,213805.9
2026-02-07 14:15:00,12.842,13.062,12.805,12.899,209314.4
2026-02-07 14:30:00,12.898,13.134,12.853,12.967,260878.0
2026-02-07 14:45:00,12.969,13.008,12.85,12.948,117158.3
2026-02-07 15:00:00,12.947,13.052,12.81,13.04,162096.6
2026-02-07 15:15:00,13.042,13.042,12.879,12.972,132693.3
2026-02-07 15:30:00,12.972,12.985,12.802,12.86,119985.1
2026-02-07 15:45:00,12.86,12.954,12.714,12.824,153092.8
2026-02-07 16:00:00,12.825,12.883,12.518,12.816,497242.8
2026-02-07 16:15:00,12.82,12.984,12.73,12.844,301520.3
2026-02-07 16:30:00,12.844,12.873,12.739,12.754,113820.3
2026-02-07 16:45:00,12.755,12.785,12.581,12.697,165814.4
2026-02-07 17:00:00,12.697,12.755,12.495,12.551,208908.4
2026-02-07 17:15:00,12.552,12.664,12.52,12.583,135336.3
2026-02-07 17:30:00,12.583,12.719,12.536,12.686,125223.7
2026-02-07 17:45:00,12.685,12.845,12.64,12.787,124213.4
2026-02-07 18:00:00,12.785,12.842,12.711,12.811,120095.3
2026-02-07 18:15:00,12.81,13.0,12.795,12.957,161766.2
2026-02-07 18:30:00,12.955,13.156,12.93,13.138,189796.9
2026-02-07 18:45:00,13.139,13.378,13.04,13.31,195824.1
2026-02-07 19:00:00,13.31,13.37,13.025,13.073,187922.0
2026-02-07 19:15:00,13.073,13.128,12.89,12.958,117912.6
2026-02-07 19:30:00,12.954,12.978,12.795,12.892,94246.5
2026-02-07 19:45:00,12.89,12.908,12.78,12.865,63659.4
2026-02-07 20:00:00,12.866,13.055,12.846,12.962,107591.7
2026-02-07 20:15:00,12.963,13.014,12.822,12.868,74283.9
2026-02-07 20:30:00,12.867,12.976,12.83,12.846,58002.4
2026-02-07 20:45:00,12.845,12.931,12.816,12.897,47758.6
2026-02-07 21:00:00,12.896,12.973,12.866,12.931,51176.0
2026-02-07 21:15:00,12.93,13.004,12.896,12.984,49435.7
2026-02-07 21:30:00,12.983,13.028,12.8,12.826,74063.7
2026-02-07 21:45:00,12.824,12.858,12.656,12.697,107007.8
2026-02-07 22:00:00,12.696,12.755,12.565,12.749,100968.3
2026-02-07 22:15:00,12.749,12.817,12.676,12.764,75478.8
2026-02-07 22:30:00,12.765,12.833,12.712,12.737,47249.4
2026-02-07 22:45:00,12.738,12.81,12.7,12.724,44198.3
2026-02-07 23:00:00,12.725,12.728,12.617,12.698,59256.7
2026-02-07 23:15:00,12.697,12.798,12.642,12.706,74971.0
2026-02-07 23:30:00,12.706,12.822,12.621,12.777,73944.7
2026-02-07 23:45:00,12.777,12.893,12.769,12.821,77493.0
2026-02-08 00:00:00,12.821,13.098,12.743,12.914,201660.4
2026-02-08 00:15:00,12.915,13.072,12.865,13.007,108424.8
2026-02-08 00:30:00,13.005,13.126,12.93,12.935,93279.8
2026-02-08 00:45:00,12.935,12.941,12.728,12.799,100437.0
2026-02-08 01:00:00,12.799,12.89,12.68,12.874,84433.3
2026-02-08 01:15:00,12.874,12.891,12.713,12.723,63446.9
2026-02-08 01:30:00,12.723,12.814,12.68,12.703,75685.9
2026-02-08 01:45:00,12.704,12.75,12.574,12.599,128877.6
2026-02-08 02:00:00,12.6,12.726,12.599,12.717,69383.5
2026-02-08 02:15:00,12.718,12.784,12.68,12.769,65373.2
2026-02-08 02:30:00,12.77,12.809,12.65,12.683,80984.9
2026-02-08 02:45:00,12.684,12.727,12.634,12.665,47241.8
2026-02-08 03:00:00,12.665,12.787,12.662,12.701,83277.6
2026-02-08 03:15:00,12.7,12.8,12.668,12.746,63875.4
2026-02-08 03:30:00,12.747,12.816,12.718,12.789,50825.2
2026-02-08 03:45:00,12.791,12.898,12.788,12.821,76935.7
2026-02-08 04:00:00,12.82,12.839,12.67,12.754,113823.8
2026-02-08 04:15:00,12.758,13.2,12.755,13.121,203666.0
2026-02-08 04:30:00,13.122,13.184,13.0,13.06,178634.5
2026-02-08 04:45:00,13.06,13.068,12.87,12.997,134056.6
2026-02-08 05:00:00,13.0,13.254,12.973,13.19,116409.1
2026-02-08 05:15:00,13.19,13.278,13.016,13.031,114529.7
2026-02-08 05:30:00,13.031,13.058,12.951,12.965,88657.8
2026-02-08 05:45:00,12.965,13.172,12.941,13.123,127712.6
2026-02-08 06:00:00,13.124,13.127,12.86,13.05,124652.2
2026-02-08 06:15:00,13.051,13.127,12.974,13.028,71947.3
2026-02-08 06:30:00,13.026,13.148,12.994,13.034,65904.9
2026-02-08 06:45:00,13.033,13.071,12.977,13.056,54262.8
2026-02-08 07:00:00,13.055,13.116,12.972,13.056,63551.9
2026-02-08 07:15:00,13.057,13.136,13.018,13.049,72771.8
2026-02-08 07:30:00,13.05,13.05,12.953,13.029,80469.4
2026-02-08 07:45:00,13.028,13.084,12.964,13.04,57553.0
2026-02-08 08:00:00,13.041,13.279,13.041,13.227,148226.8
2026-02-08 08:15:00,13.226,13.268,13.128,13.23,101607.7
2026-02-08 08:30:00,13.232,13.356,13.146,13.169,131531.7
2026-02-08 08:45:00,13.168,13.215,13.023,13.115,108585.4
2026-02-08 09:00:00,13.116,13.249,13.092,13.126,91662.8
2026-02-08 09:15:00,13.127,13.236,13.061,13.106,89223.9
2026-02-08 09:30:00,13.107,13.181,13.047,13.166,80373.8
2026-02-08 09:45:00,13.166,13.287,13.125,13.194,92858.9
2026-02-08 10:00:00,13.194,13.285,13.144,13.234,75917.5
2026-02-08 10:15:00,13.234,13.263,13.161,13.184,83573.3
2026-02-08 10:30:00,13.185,13.211,13.088,13.156,83015.7
2026-02-08 10:45:00,13.155,13.195,13.056,13.085,54824.3
2026-02-08 11:00:00,13.084,13.228,13.0,13.056,97535.3
2026-02-08 11:15:00,13.056,13.156,13.042,13.116,69568.5
2026-02-08 11:30:00,13.116,13.168,13.046,13.1,68826.7
2026-02-08 11:45:00,13.1,13.205,13.07,13.198,57716.1
2026-02-08 12:00:00,13.197,13.26,13.114,13.138,104111.2
2026-02-08 12:15:00,13.138,13.204,13.05,13.112,78819.0
2026-02-08 12:30:00,13.11,13.189,13.086,13.151,54881.5
2026-02-08 12:45:00,13.15,13.209,13.104,13.172,48104.6
2026-02-08 13:00:00,13.174,13.215,13.024,13.085,90687.6
2026-02-08 13:15:00,13.084,13.128,13.052,13.102,50485.9
2026-02-08 13:30:00,13.102,13.133,13.014,13.078,74399.2
2026-02-08 13:45:00,13.078,13.168,13.041,13.166,53728.1
2026-02-08 14:00:00,13.164,13.191,13.107,13.162,73331.7
2026-02-08 14:15:00,13.162,13.253,13.111,13.144,93478.7
2026-02-08 14:30:00,13.146,13.238,13.065,13.112,105619.7
2026-02-08 14:45:00,13.113,13.155,13.016,13.07,114420.8
2026-02-08 15:00:00,13.07,13.114,13.049,13.095,61933.7
2026-02-08 15:15:00,13.094,13.108,12.76,12.901,225611.9
2026-02-08 15:30:00,12.902,12.922,12.562,12.621,283348.4
2026-02-08 15:45:00,12.621,12.87,12.147,12.233,544873.0
2026-02-08 16:00:00,12.229,12.629,12.07,12.507,503246.0
2026-02-08 16:15:00,12.509,12.687,12.453,12.557,182318.0
2026-02-08 16:30:00,12.558,12.624,12.409,12.441,159456.0
2026-02-08 16:45:00,12.442,12.507,12.255,12.349,180977.9
2026-02-08 17:00:00,12.346,12.42,12.257,12.313,119830.2
2026-02-08 17:15:00,12.313,12.524,12.313,12.441,122245.0
2026-02-08 17:30:00,12.44,12.656,12.44,12.574,136026.7
2026-02-08 17:45:00,12.574,12.591,12.349,12.387,102841.0
2026-02-08 18:00:00,12.386,12.446,12.282,12.362,125936.3
2026-02-08 18:15:00,12.363,12.445,12.331,12.419,65881.7
2026-02-08 18:30:00,12.419,12.506,12.343,12.499,77872.2
2026-02-08 18:45:00,12.499,12.559,12.4,12.506,73597.9
2026-02-08 19:00:00,12.506,12.584,12.419,12.565,56818.9
2026-02-08 19:15:00,12.565,12.628,12.521,12.533,55119.1
2026-02-08 19:30:00,12.533,12.767,12.475,12.681,132998.2
2026-02-08 19:45:00,12.681,12.735,12.631,12.648,53085.4
2026-02-08 20:00:00,12.649,12.87,12.608,12.712,113836.0
2026-02-08 20:15:00,12.712,12.766,12.643,12.751,53956.6
2026-02-08 20:30:00,12.752,12.946,12.721,12.895,104958.8
2026-02-08 20:45:00,12.896,12.982,12.762,12.78,90443.4
2026-02-08 21:00:00,12.78,12.809,12.639,12.684,79605.3
2026-02-08 21:15:00,12.684,12.721,12.597,12.637,61339.9
2026-02-08 21:30:00,12.636,12.74,12.584,12.718,51971.6
2026-02-08 21:45:00,12.717,12.799,12.661,12.782,47786.4
2026-02-08 22:00:00,12.782,12.858,12.687,12.782,44987.9
2026-02-08 22:15:00,12.782,12.828,12.721,12.748,32419.4
2026-02-08 22:30:00,12.749,12.76,12.656,12.727,35960.4
2026-02-08 22:45:00,12.726,12.833,12.691,12.757,39339.7
2026-02-08 23:00:00,12.759,12.949,12.748,12.794,90520.3
2026-02-08 23:15:00,12.794,12.937,12.74,12.821,94128.2
2026-02-08 23:30:00,12.821,12.826,12.55,12.621,116991.7
2026-02-08 23:45:00,12.622,12.702,12.468,12.53,67732.2
2026-02-09 00:00:00,12.531,12.733,12.505,12.684,75602.4
2026-02-09 00:15:00,12.682,12.726,12.553,12.7,69860.1
2026-02-09 00:30:00,12.7,12.705,12.561,12.598,54117.5
2026-02-09 00:45:00,12.599,12.663,12.568,12.615,37423.8
2026-02-09 01:00:00,12.615,12.745,12.539,12.71,70115.4
2026-02-09 01:15:00,12.711,12.85,12.628,12.806,70238.1
2026-02-09 01:30:00,12.807,12.847,12.674,12.729,66978.8
2026-02-09 01:45:00,12.729,12.793,12.647,12.753,77894.2
2026-02-09 02:00:00,12.753,12.829,12.651,12.692,65770.8
2026-02-09 02:15:00,12.693,12.76,12.66,12.698,55202.5
2026-02-09 02:30:00,12.698,13.132,12.686,12.973,143380.4
2026-02-09 02:45:00,12.974,12.992,12.832,12.85,109906.7
2026-02-09 03:00:00,12.85,12.999,12.803,12.937,96045.2
2026-02-09 03:15:00,12.937,13.096,12.904,13.054,98854.7
2026-02-09 03:30:00,13.055,13.194,13.017,13.116,120137.2
2026-02-09 03:45:00,13.115,13.255,13.052,13.191,108380.8
2026-02-09 04:00:00,13.191,13.2,13.026,13.06,120461.9
2026-02-09 04:15:00,13.06,13.149,12.929,13.104,123754.7
2026-02-09 04:30:00,13.104,13.173,13.048,13.099,67960.0
2026-02-09 04:45:00,13.099,13.15,13.011,13.051,56315.1
2026-02-09 05:00:00,13.051,13.254,13.048,13.168,102714.6
2026-02-09 05:15:00,13.169,13.282,13.115,13.239,73114.1
2026-02-09 05:30:00,13.243,13.406,13.24,13.318,135647.1
2026-02-09 05:45:00,13.319,13.536,13.214,13.448,148305.7
2026-02-09 06:00:00,13.451,13.473,13.236,13.333,180855.3
2026-02-09 06:15:00,13.334,13.34,13.198,13.224,107446.0
2026-02-09 06:30:00,13.224,13.338,13.22,13.325,76571.8
2026-02-09 06:45:00,13.326,13.58,13.314,13.397,148028.3
2026-02-09 07:00:00,13.397,13.644,13.38,13.515,180721.2
2026-02-09 07:15:00,13.515,13.743,13.514,13.564,178386.3
2026-02-09 07:30:00,13.564,13.614,13.396,13.45,152579.8
2026-02-09 07:45:00,13.45,13.497,13.359,13.378,109190.6
2026-02-09 08:00:00,13.381,13.608,13.372,13.601,131114.4
2026-02-09 08:15:00,13.6,13.612,13.261,13.314,197132.4
2026-02-09 08:30:00,13.313,13.521,13.202,13.503,199847.0
2026-02-09 08:45:00,13.501,13.607,13.443,13.478,139937.7
2026-02-09 09:00:00,13.479,13.525,13.391,13.416,126606.0
2026-02-09 09:15:00,13.417,13.538,13.381,13.493,68080.9
2026-02-09 09:30:00,13.493,13.6,13.463,13.527,86991.1
2026-02-09 09:45:00,13.529,13.6,13.509,13.565,71429.1
2026-02-09 10:00:00,13.564,13.726,13.563,13.613,153146.8
2026-02-09 10:15:00,13.613,13.614,13.406,13.491,121661.9
2026-02-09 10:30:00,13.491,13.526,13.257,13.328,206956.0
2026-02-09 10:45:00,13.327,13.397,13.05,13.14,139214.3
2026-02-09 11:00:00,13.14,13.34,13.126,13.293,117895.4
2026-02-09 11:15:00,13.294,13.424,13.285,13.318,83115.7
2026-02-09 11:30:00,13.318,13.485,13.317,13.446,86609.4
2026-02-09 11:45:00,13.447,13.474,13.325,13.343,58126.3
2026-02-09 12:00:00,13.342,13.388,13.158,13.334,145851.5
2026-02-09 12:15:00,13.333,13.482,13.327,13.377,106276.5
2026-02-09 12:30:00,13.378,13.52,13.362,13.408,85113.5
2026-02-09 12:45:00,13.409,13.496,13.337,13.435,80345.9
2026-02-09 13:00:00,13.435,13.504,13.254,13.308,122592.7
2026-02-09 13:15:00,13.308,13.308,13.111,13.169,144531.2
2026-02-09 13:30:00,13.169,13.264,13.07,13.189,125986.8
2026-02-09 13:45:00,13.19,13.235,13.041,13.192,134229.8
2026-02-09 14:00:00,13.193,13.268,13.004,13.071,136962.7
2026-02-09 14:15:00,13.071,13.087,12.741,12.905,301889.4
2026-02-09 14:30:00,12.905,12.924,12.758,12.767,141344.2
2026-02-09 14:45:00,12.767,12.93,12.64,12.735,210328.7
2026-02-09 15:00:00,12.734,12.878,12.725,12.824,149504.5
2026-02-09 15:15:00,12.825,12.866,12.682,12.723,114378.0
2026-02-09 15:30:00,12.723,13.04,12.721,12.958,167165.3
2026-02-09 15:45:00,12.958,13.068,12.798,12.81,135545.4
2026-02-09 16:00:00,12.809,12.969,12.792,12.906,123661.3
2026-02-09 16:15:00,12.906,13.024,12.852,13.021,111048.6
2026-02-09 16:30:00,13.021,13.033,12.749,12.884,143398.0
2026-02-09 16:45:00,12.885,12.991,12.882,12.923,70778.8
2026-02-09 17:00:00,12.923,12.965,12.814,12.854,99305.3
2026-02-09 17:15:00,12.854,12.863,12.78,12.843,80208.3
2026-02-09 17:30:00,12.843,13.217,12.842,13.161,170510.9
2026-02-09 17:45:00,13.161,13.214,13.101,13.172,103404.1
2026-02-09 18:00:00,13.172,13.263,13.125,13.158,107297.6
2026-02-09 18:15:00,13.16,13.185,13.056,13.092,84687.5
2026-02-09 18:30:00,13.093,13.122,13.004,13.028,66470.0
2026-02-09 18:45:00,13.027,13.107,13.015,13.101,45102.9
2026-02-09 19:00:00,13.101,13.179,13.078,13.151,58530.2
2026-02-09 19:15:00,13.151,13.18,13.08,13.152,45743.1
2026-02-09 19:30:00,13.152,13.167,13.047,13.069,56342.6
2026-02-09 19:45:00,13.069,13.103,13.012,13.085,38793.2
2026-02-09 20:00:00,13.086,13.186,13.086,13.167,49632.6
2026-02-09 20:15:00,13.167,13.167,13.057,13.135,36281.0
2026-02-09 20:30:00,13.134,13.384,13.125,13.373,119119.8
2026-02-09 20:45:00,13.373,13.373,13.28,13.332,49872.7
2026-02-09 21:00:00,13.332,13.584,13.332,13.558,123120.1
2026-02-09 21:15:00,13.557,13.776,13.493,13.756,142704.2
2026-02-09 21:30:00,13.757,13.9,13.654,13.677,169560.1
2026-02-09 21:45:00,13.677,13.733,13.533,13.555,113417.3
2026-02-09 22:00:00,13.555,13.571,13.406,13.467,104510.0
2026-02-09 22:15:00,13.465,13.542,13.224,13.235,126398.1
2026-02-09 22:30:00,13.236,13.32,13.161,13.242,79124.5
2026-02-09 22:45:00,13.241,13.381,13.052,13.352,105605.4
2026-02-09 23:00:00,13.356,13.417,13.236,13.316,100775.8
2026-02-09 23:15:00,13.317,13.333,13.15,13.305,63077.2
2026-02-09 23:30:00,13.305,13.322,13.18,13.204,45603.6
2026-02-09 23:45:00,13.204,13.223,13.055,13.171,73420.4
2026-02-10 00:00:00,13.17,13.218,13.055,13.092,73834.1
2026-02-10 00:15:00,13.093,13.166,13.068,13.1,57703.1
2026-02-10 00:30:00,13.103,13.215,13.076,13.185,56069.5
2026-02-10 00:45:00,13.185,13.256,13.158,13.23,68596.6
2026-02-10 01:00:00,13.23,13.291,13.125,13.272,65374.7
2026-02-10 01:15:00,13.273,13.382,13.234,13.364,74541.3
2026-02-10 01:30:00,13.364,13.549,13.279,13.477,144323.2
2026-02-10 01:45:00,13.476,13.7,13.456,13.657,123625.7
2026-02-10 02:00:00,13.656,13.756,13.519,13.73,144780.8
2026-02-10 02:15:00,13.731,13.86,13.607,13.823,154924.7
2026-02-10 02:30:00,13.824,13.953,13.611,13.683,163116.3
2026-02-10 02:45:00,13.683,13.732,13.554,13.626,131282.9
2026-02-10 03:00:00,13.625,13.763,13.473,13.738,154130.9
2026-02-10 03:15:00,13.738,13.83,13.662,13.685,107092.6
2026-02-10 03:30:00,13.685,13.79,13.52,13.722,210639.6
2026-02-10 03:45:00,13.723,13.877,13.714,13.837,114498.1
2026-02-10 04:00:00,13.836,14.08,13.761,13.931,133382.9
2026-02-10 04:15:00,13.93,15.19,13.919,14.766,894557.9
2026-02-10 04:30:00,14.765,15.335,14.67,15.274,537465.2
2026-02-10 04:45:00,15.275,15.739,14.872,15.075,765199.5
2026-02-10 05:00:00,15.074,15.281,14.807,14.9,468837.0
2026-02-10 05:15:00,14.9,15.271,14.896,15.146,278022.3
2026-02-10 05:30:00,15.147,15.579,15.103,15.541,325676.7
2026-02-10 05:45:00,15.541,15.632,15.049,15.137,352907.7
2026-02-10 06:00:00,15.138,15.538,15.138,15.435,264740.9
2026-02-10 06:15:00,15.435,15.972,15.338,15.634,566579.1
2026-02-10 06:30:00,15.635,15.933,15.486,15.86,289923.0
2026-02-10 06:45:00,15.859,15.931,15.14,15.375,502960.1
2026-02-10 07:00:00,15.374,15.841,15.215,15.704,369410.8
2026-02-10 07:15:00,15.703,15.9,15.6,15.765,254564.1
2026-02-10 07:30:00,15.765,16.799,15.728,16.569,847900.8
2026-02-10 07:45:00,16.568,17.361,16.435,17.029,707041.4
2026-02-10 08:00:00,17.029,17.476,16.926,17.393,737470.3
2026-02-10 08:15:00,17.392,18.571,17.021,18.002,1664758.3
2026-02-10 08:30:00,18.002,18.156,16.272,16.741,1740180.2
2026-02-10 08:45:00,16.742,17.548,16.724,17.171,912077.7
2026-02-10 09:00:00,17.171,17.41,16.627,17.007,889793.0
2026-02-10 09:15:00,17.007,17.194,16.68,16.823,512764.4
2026-02-10 09:30:00,16.82,16.89,15.691,16.419,1190402.4
2026-02-10 09:45:00,16.42,16.445,16.002,16.296,510372.2
2026-02-10 10:00:00,16.296,16.739,15.917,16.195,612667.4
2026-02-10 10:15:00,16.195,16.74,16.161,16.318,372183.8
2026-02-10 10:30:00,16.318,16.867,16.302,16.544,392987.1
2026-02-10 10:45:00,16.543,16.836,15.703,15.905,568080.7
2026-02-10 11:00:00,15.904,15.922,14.829,15.27,1404065.3
2026-02-10 11:15:00,15.271,16.265,15.235,16.198,817043.2
2026-02-10 11:30:00,16.198,16.744,16.109,16.49,726919.7
2026-02-10 11:45:00,16.49,17.17,16.34,16.979,647839.5
2026-02-10 12:00:00,16.979,17.385,16.872,17.09,718908.4
2026-02-10 12:15:00,17.093,17.57,16.542,17.159,822496.2
2026-02-10 12:30:00,17.159,17.388,16.795,16.925,453717.5
2026-02-10 12:45:00,16.926,17.45,16.852,17.371,361924.6
2026-02-10 13:00:00,17.37,17.556,17.138,17.251,374778.3
2026-02-10 13:15:00,17.251,17.513,16.9,17.077,448637.8
2026-02-10 13:30:00,17.077,18.216,17.057,17.808,932688.5
2026-02-10 13:45:00,17.806,18.769,17.767,18.636,668600.5
2026-02-10 14:00:00,18.628,19.385,18.047,19.325,1010888.8
2026-02-10 14:15:00,19.333,20.106,18.686,18.996,1540588.3
2026-02-10 14:30:00,18.996,19.384,18.742,19.069,712281.2
2026-02-10 14:45:00,19.07,19.2,18.253,18.691,769533.0
2026-02-10 15:00:00,18.69,18.746,18.076,18.278,560022.5
2026-02-10 15:15:00,18.278,18.548,17.642,17.78,684455.3
2026-02-10 15:30:00,17.78,18.292,17.66,17.993,542081.7
2026-02-10 15:45:00,17.996,18.33,17.685,18.048,480624.9
2026-02-10 16:00:00,18.049,18.65,17.56,18.456,600426.7
2026-02-10 16:15:00,18.455,18.993,18.265,18.776,721206.3
2026-02-10 16:30:00,18.775,18.863,17.026,17.815,1077279.9
2026-02-10 16:45:00,17.815,18.245,17.534,18.083,521921.9
2026-02-10 17:00:00,18.085,18.585,18.06,18.406,463482.9
2026-02-10 17:15:00,18.404,18.551,17.609,17.746,469535.4
2026-02-10 17:30:00,17.746,17.831,17.372,17.829,429464.8
2026-02-10 17:45:00,17.829,17.868,17.111,17.189,375301.7
2026-02-10 18:00:00,17.189,17.5,16.88,17.479,416581.0
2026-02-10 18:15:00,17.475,17.618,17.328,17.472,231926.1
2026-02-10 18:30:00,17.472,17.865,17.431,17.706,262723.5
2026-02-10 18:45:00,17.706,17.805,17.476,17.545,215710.3
2026-02-10 19:00:00,17.545,17.972,17.521,17.745,239692.5
2026-02-10 19:15:00,17.746,18.097,17.721,17.941,180341.4
2026-02-10 19:30:00,17.941,18.001,17.764,17.928,160574.5
2026-02-10 19:45:00,17.928,17.985,17.262,17.381,303780.1
2026-02-10 20:00:00,17.382,17.725,17.202,17.246,262430.5
2026-02-10 20:15:00,17.247,17.428,16.69,16.725,411879.2
2026-02-10 20:30:00,16.726,17.296,16.717,17.024,297147.6
2026-02-10 20:45:00,17.023,17.26,16.962,17.139,152747.4
2026-02-10 21:00:00,17.138,17.225,16.991,17.016,129981.3
2026-02-10 21:15:00,17.016,17.277,16.928,17.07,148836.4
2026-02-10 21:30:00,17.07,17.24,17.033,17.204,136587.0
2026-02-10 21:45:00,17.205,17.48,17.133,17.46,152666.8
2026-02-10 22:00:00,17.459,17.676,17.457,17.54,197395.9
2026-02-10 22:15:00,17.54,17.876,17.383,17.754,203841.0
2026-02-10 22:30:00,17.752,17.964,17.632,17.655,184351.9
2026-02-10 22:45:00,17.657,17.71,17.115,17.256,230956.2
2026-02-10 23:00:00,17.255,17.598,17.195,17.487,186730.6
2026-02-10 23:15:00,17.488,17.535,17.139,17.144,186402.2
2026-02-10 23:30:00,17.144,17.147,16.754,16.878,305270.4
2026-02-10 23:45:00,16.882,17.23,16.745,17.174,180791.9
2026-02-11 00:00:00,17.173,17.227,16.827,16.915,219390.9
2026-02-11 00:15:00,16.918,17.38,16.45,17.309,391519.4
2026-02-11 00:30:00,17.31,17.736,17.257,17.672,243799.2
2026-02-11 00:45:00,17.672,18.257,17.359,18.019,444464.3
2026-02-11 01:00:00,18.019,18.228,17.709,17.779,357379.5
2026-02-11 01:15:00,17.778,18.455,17.717,18.339,391501.2
2026-02-11 01:30:00,18.339,18.372,17.8,17.883,304715.2
2026-02-11 01:45:00,17.882,17.882,17.415,17.63,360041.8
2026-02-11 02:00:00,17.633,17.874,17.24,17.281,378465.5
2026-02-11 02:15:00,17.282,17.461,16.724,16.856,426691.8
2026-02-11 02:30:00,16.855,17.5,16.754,17.424,490848.6
2026-02-11 02:45:00,17.423,17.773,17.125,17.692,491180.3
2026-02-11 03:00:00,17.692,17.932,17.634,17.763,278000.0
2026-02-11 03:15:00,17.761,17.99,17.68,17.965,251784.2
2026-02-11 03:30:00,17.962,18.125,17.428,17.551,330252.9
2026-02-11 03:45:00,17.552,18.0,17.5,17.917,242286.4
2026-02-11 04:00:00,17.919,18.074,17.706,17.864,224530.7
2026-02-11 04:15:00,17.865,18.032,17.572,17.605,218520.3
2026-02-11 04:30:00,17.604,18.099,17.57,18.021,231691.8
2026-02-11 04:45:00,18.02,18.183,17.767,18.152,190204.8
2026-02-11 05:00:00,18.159,18.439,18.05,18.34,403230.3
2026-02-11 05:15:00,18.34,18.568,18.144,18.487,251982.9
2026-02-11 05:30:00,18.489,18.799,18.38,18.656,310939.1
2026-02-11 05:45:00,18.659,18.674,18.381,18.517,217021.9
2026-02-11 06:00:00,18.517,18.57,18.209,18.27,324229.5
2026-02-11 06:15:00,18.27,18.649,18.262,18.593,214694.5
2026-02-11 06:30:00,18.592,19.18,18.592,18.981,458539.8
2026-02-11 06:45:00,18.982,19.159,18.661,18.705,321387.8
2026-02-11 07:00:00,18.706,19.3,18.682,19.141,350132.1
2026-02-11 07:15:00,19.14,19.187,18.772,19.056,275310.0
2026-02-11 07:30:00,19.055,19.442,18.939,19.278,413884.7
2026-02-11 07:45:00,19.278,19.689,19.189,19.469,398028.3
2026-02-11 08:00:00,19.464,19.846,19.314,19.411,427069.4
2026-02-11 08:15:00,19.408,19.889,19.261,19.777,358512.3
2026-02-11 08:30:00,19.775,20.499,19.707,20.361,613673.9
2026-02-11 08:45:00,20.364,20.685,20.289,20.562,448898.2
2026-02-11 09:00:00,20.565,21.348,20.461,21.282,625640.8
2026-02-11 09:15:00,21.286,21.29,19.733,19.983,1176230.7
2026-02-11 09:30:00,19.983,20.19,19.5,19.756,667785.3
2026-02-11 09:45:00,19.756,20.0,18.911,19.597,743984.7
2026-02-11 10:00:00,19.599,20.237,19.516,19.755,589264.3
2026-02-11 10:15:00,19.756,19.835,19.067,19.505,509885.1
2026-02-11 10:30:00,19.503,19.773,19.331,19.604,310981.7
2026-02-11 10:45:00,19.603,19.75,19.132,19.141,375399.2
2026-02-11 11:00:00,19.14,19.399,18.556,18.671,608913.8
2026-02-11 11:15:00,18.671,19.654,18.671,19.491,505267.6
2026-02-11 11:30:00,19.491,19.836,19.491,19.794,381086.5
2026-02-11 11:45:00,19.793,19.963,19.376,19.782,487835.9
2026-02-11 12:00:00,19.794,19.863,18.625,18.947,740259.7
2026-02-11 12:15:00,18.946,19.095,18.623,18.862,309706.8
2026-02-11 12:30:00,18.862,19.071,18.8,18.959,235148.4
2026-02-11 12:45:00,18.96,19.237,18.611,19.145,349582.6
2026-02-11 13:00:00,19.144,19.362,19.109,19.246,331339.6
2026-02-11 13:15:00,19.245,19.4,18.524,18.59,510052.6
2026-02-11 13:30:00,18.585,18.77,17.732,17.977,790757.6
2026-02-11 13:45:00,17.973,18.15,17.547,17.917,593527.2
2026-02-11 14:00:00,17.916,18.256,17.751,17.816,529272.3
2026-02-11 14:15:00,17.816,18.076,17.05,18.035,675596.8
2026-02-11 14:30:00,18.032,18.181,17.8,18.041,363645.7
2026-02-11 14:45:00,18.041,18.427,17.934,18.183,313182.3
2026-02-11 15:00:00,18.183,18.348,17.33,17.614,503885.4
2026-02-11 15:15:00,17.615,17.646,17.354,17.527,273445.3
2026-02-11 15:30:00,17.528,18.03,17.448,17.825,281168.8
2026-02-11 15:45:00,17.823,17.895,17.543,17.708,281418.7
2026-02-11 16:00:00,17.707,17.79,17.288,17.748,431880.0
2026-02-11 16:15:00,17.748,17.863,17.217,17.359,301670.2
2026-02-11 16:30:00,17.357,17.6,17.151,17.447,259031.1
2026-02-11 16:45:00,17.447,17.475,17.055,17.246,200471.3
2026-02-11 17:00:00,17.246,17.3,16.559,16.676,510499.3
2026-02-11 17:15:00,16.677,16.906,16.22,16.851,549051.5
2026-02-11 17:30:00,16.852,17.052,16.57,16.649,316988.9
2026-02-11 17:45:00,16.65,16.912,16.557,16.84,184596.3
2026-02-11 18:00:00,16.841,17.231,16.757,17.13,325318.7
2026-02-11 18:15:00,17.13,17.386,17.056,17.216,207172.6
2026-02-11 18:30:00,17.216,17.387,17.033,17.106,187023.7
2026-02-11 18:45:00,17.106,17.272,16.928,17.186,148883.5
2026-02-11 19:00:00,17.185,17.343,17.087,17.286,131332.2
2026-02-11 19:15:00,17.284,17.367,17.138,17.202,83121.7
2026-02-11 19:30:00,17.203,17.28,16.982,17.028,119743.7
2026-02-11 19:45:00,17.029,17.033,16.74,16.962,185981.4
2026-02-11 20:00:00,16.965,16.99,16.611,16.854,243114.8
2026-02-11 20:15:00,16.854,16.918,16.601,16.843,135250.2
2026-02-11 20:30:00,16.843,16.929,16.731,16.822,92422.2
2026-02-11 20:45:00,16.823,16.823,16.581,16.66,98529.2
2026-02-11 21:00:00,16.66,16.935,16.555,16.89,112176.7
2026-02-11 21:15:00,16.888,17.08,16.785,17.061,113800.0
2026-02-11 21:30:00,17.065,17.121,16.889,17.021,98953.6
2026-02-11 21:45:00,17.022,17.05,16.824,16.932,91097.1
2026-02-11 22:00:00,16.931,17.215,16.844,17.177,153215.2
2026-02-11 22:15:00,17.177,17.557,17.072,17.166,221467.5
2026-02-11 22:30:00,17.17,17.349,16.958,17.255,150023.9
2026-02-11 22:45:00,17.252,17.305,15.506,15.853,615016.5
2026-02-11 23:00:00,15.852,16.142,15.601,15.633,336714.5
2026-02-11 23:15:00,15.632,15.8,15.3,15.546,421059.2
2026-02-11 23:30:00,15.554,15.795,15.33,15.488,284091.3
2026-02-11 23:45:00,15.488,15.722,15.401,15.642,234553.3
2026-02-12 00:00:00,15.639,15.698,15.076,15.2,441352.6
2026-02-12 00:15:00,15.201,15.569,15.111,15.393,236785.2
2026-02-12 00:30:00,15.394,15.757,15.195,15.731,207892.0
2026-02-12 00:45:00,15.732,16.186,15.635,16.069,305130.3
2026-02-12 01:00:00,16.07,16.368,15.827,16.171,385862.5
2026-02-12 01:15:00,16.171,16.486,16.0,16.326,257040.9
2026-02-12 01:30:00,16.326,16.507,16.211,16.435,199188.8
2026-02-12 01:45:00,16.435,16.834,16.313,16.727,242398.6
2026-02-12 02:00:00,16.724,16.825,16.372,16.437,228653.0
2026-02-12 02:15:00,16.436,16.444,15.681,15.861,446821.9
2026-02-12 02:30:00,15.862,16.091,15.562,15.628,276404.0
2026-02-12 02:45:00,15.628,16.035,15.625,15.827,220586.4
2026-02-12 03:00:00,15.828,16.153,15.763,15.855,313307.5
2026-02-12 03:15:00,15.856,16.179,15.825,16.14,165687.6
2026-02-12 03:30:00,16.141,16.283,15.916,16.247,222183.8
2026-02-12 03:45:00,16.245,16.245,16.063,16.098,208467.7
2026-02-12 04:00:00,16.098,16.368,15.834,16.248,376503.0
2026-02-12 04:15:00,16.249,16.331,16.11,16.161,133887.4
2026-02-12 04:30:00,16.161,16.496,16.01,16.477,158972.2
2026-02-12 04:45:00,16.475,16.563,16.332,16.488,175811.4
2026-02-12 05:00:00,16.489,16.539,16.332,16.355,130326.3
2026-02-12 05:15:00,16.354,16.413,16.065,16.295,210237.2
2026-02-12 05:30:00,16.294,16.85,16.233,16.804,235187.4
2026-02-12 05:45:00,16.81,17.115,16.682,16.879,270035.3
2026-02-12 06:00:00,16.878,16.912,16.625,16.828,168418.1
2026-02-12 06:15:00,16.826,16.962,16.606,16.885,157718.0
2026-02-12 06:30:00,16.884,17.304,16.867,17.174,246462.2
2026-02-12 06:45:00,17.174,17.469,17.164,17.343,213346.7
2026-02-12 07:00:00,17.344,17.664,17.193,17.544,280715.0
2026-02-12 07:15:00,17.545,17.69,17.244,17.375,211860.2
2026-02-12 07:30:00,17.375,17.62,16.754,16.905,358924.8
2026-02-12 07:45:00,16.904,17.154,16.816,17.102,206261.1
2026-02-12 08:00:00,17.101,17.121,16.67,16.839,226167.0
2026-02-12 08:15:00,16.84,16.992,16.778,16.882,132847.3
2026-02-12 08:30:00,16.883,16.998,16.751,16.858,141869.8
2026-02-12 08:45:00,16.86,17.031,16.735,16.94,145829.0
2026-02-12 09:00:00,16.94,17.415,16.833,17.322,225564.9
2026-02-12 09:15:00,17.318,17.453,17.156,17.239,201915.7
2026-02-12 09:30:00,17.235,17.37,17.079,17.182,139643.6
2026-02-12 09:45:00,17.183,17.189,16.282,16.577,471733.9
2026-02-12 10:00:00,16.577,17.055,16.557,17.041,234137.7
2026-02-12 10:15:00,17.037,17.499,16.902,17.209,324692.7
2026-02-12 10:30:00,17.21,17.42,17.11,17.382,138210.5
2026-02-12 10:45:00,17.38,17.816,17.22,17.713,255391.7
2026-02-12 11:00:00,17.714,17.786,17.394,17.492,185950.1
2026-02-12 11:15:00,17.49,17.748,17.314,17.637,196663.6
2026-02-12 11:30:00,17.63,18.093,17.561,17.96,311203.7
2026-02-12 11:45:00,17.959,18.234,17.731,18.163,269115.3
2026-02-12 12:00:00,18.163,18.424,18.039,18.322,298164.3
2026-02-12 12:15:00,18.323,18.423,17.921,18.09,232623.0
2026-02-12 12:30:00,18.095,18.647,17.954,18.507,323130.3
2026-02-12 12:45:00,18.509,18.955,18.43,18.886,320906.2
2026-02-12 13:00:00,18.886,19.176,18.79,19.059,319449.1
2026-02-12 13:15:00,19.059,19.3,18.624,18.859,395980.7
2026-02-12 13:30:00,18.855,19.459,18.555,19.367,443118.1
2026-02-12 13:45:00,19.368,19.551,19.138,19.509,286454.0
2026-02-12 14:00:00,19.509,19.81,19.415,19.721,325125.8
2026-02-12 14:15:00,19.722,19.733,18.817,19.179,515803.9
2026-02-12 14:30:00,19.182,19.87,19.051,19.809,353700.5
2026-02-12 14:45:00,19.809,20.061,19.545,19.958,449773.8
2026-02-12 15:00:00,19.96,20.09,19.488,19.883,335618.8
2026-02-12 15:15:00,19.884,20.034,19.507,19.663,254451.0
2026-02-12 15:30:00,19.662,19.77,19.141,19.608,382810.3
2026-02-12 15:45:00,19.602,20.483,19.452,20.32,424811.8
2026-02-12 16:00:00,20.321,20.437,19.451,19.731,481596.6
2026-02-12 16:15:00,19.729,19.758,19.266,19.422,372011.3
2026-02-12 16:30:00,19.431,19.948,19.223,19.795,309643.2
2026-02-12 16:45:00,19.794,20.291,19.621,19.701,316708.0
2026-02-12 17:00:00,19.7,19.924,19.538,19.771,241683.3
2026-02-12 17:15:00,19.771,20.162,19.661,20.039,226734.2
2026-02-12 17:30:00,20.036,20.083,19.379,19.521,319268.4
2026-02-12 17:45:00,19.521,19.543,19.211,19.36,220260.2
2026-02-12 18:00:00,19.36,19.831,19.28,19.759,200497.7
2026-02-12 18:15:00,19.758,19.999,19.705,19.898,168874.1
2026-02-12 18:30:00,19.898,20.714,19.718,20.662,325262.5
2026-02-12 18:45:00,20.663,21.11,20.6,20.641,441495.5
2026-02-12 19:00:00,20.637,20.98,20.563,20.857,253932.1
2026-02-12 19:15:00,20.856,21.25,20.816,21.113,261703.0
2026-02-12 19:30:00,21.114,21.299,20.632,20.764,260493.2
2026-02-12 19:45:00,20.765,20.891,20.321,20.564,218270.4
2026-02-12 20:00:00,20.564,20.762,20.134,20.369,185148.2
2026-02-12 20:15:00,20.365,20.63,19.95,20.095,206988.8
2026-02-12 20:30:00,20.094,20.923,20.072,20.791,208721.3
2026-02-12 20:45:00,20.793,21.99,20.774,21.833,506330.5
2026-02-12 21:00:00,21.833,22.099,21.436,21.969,398041.2
2026-02-12 21:15:00,21.969,22.141,21.575,21.772,223927.3
2026-02-12 21:30:00,21.774,21.804,21.357,21.56,174200.4
2026-02-12 21:45:00,21.56,21.926,21.538,21.62,164776.1
2026-02-12 22:00:00,21.62,21.873,21.326,21.48,163305.6
2026-02-12 22:15:00,21.476,21.883,21.41,21.82,131529.5
2026-02-12 22:30:00,21.821,22.33,21.693,22.093,275260.2
2026-02-12 22:45:00,22.086,24.079,22.08,23.615,689024.2
2026-02-12 23:00:00,23.616,23.7,22.484,23.035,423329.4
2026-02-12 23:15:00,23.038,23.038,22.08,22.133,360403.4
2026-02-12 23:30:00,22.128,22.385,21.602,22.105,437877.3
2026-02-12 23:45:00,22.105,22.174,21.566,22.051,260177.0
2026-02-13 00:00:00,22.058,22.062,21.556,21.751,304843.6
2026-02-13 00:15:00,21.75,22.662,21.478,22.445,381367.9
2026-02-13 00:30:00,22.445,22.503,20.266,21.084,779088.5
2026-02-13 00:45:00,21.089,21.487,20.822,21.419,300746.2
2026-02-13 01:00:00,21.419,21.739,21.26,21.474,252072.2
2026-02-13 01:15:00,21.475,21.505,21.002,21.505,229447.4
2026-02-13 01:30:00,21.505,21.989,21.375,21.739,334517.8
2026-02-13 01:45:00,21.734,22.16,21.617,21.708,251218.4
2026-02-13 02:00:00,21.708,21.755,21.351,21.489,284009.0
2026-02-13 02:15:00,21.488,21.659,20.908,20.953,235845.1
2026-02-13 02:30:00,20.953,21.177,20.824,21.033,215321.1
2026-02-13 02:45:00,21.027,21.244,20.538,20.762,267977.6
2026-02-13 03:00:00,20.762,20.962,20.647,20.703,196565.7
2026-02-13 03:15:00,20.701,20.947,20.532,20.863,181532.5
2026-02-13 03:30:00,20.863,21.15,20.76,21.092,193330.0
2026-02-13 03:45:00,21.092,21.24,20.851,20.93,188983.4
2026-02-13 04:00:00,20.928,21.19,20.423,21.057,314852.4
2026-02-13 04:15:00,21.057,21.115,20.437,20.707,225846.8
2026-02-13 04:30:00,20.712,20.725,20.238,20.339,277523.0
2026-02-13 04:45:00,20.339,20.77,20.312,20.645,178248.2
2026-02-13 05:00:00,20.648,20.771,20.019,20.264,262245.4
2026-02-13 05:15:00,20.264,20.484,19.663,19.929,379959.4
2026-02-13 05:30:00,19.925,20.049,19.8,19.852,195184.6
2026-02-13 05:45:00,19.853,19.9,19.402,19.598,320672.7
2026-02-13 06:00:00,19.601,19.975,19.449,19.873,284680.5
2026-02-13 06:15:00,19.874,19.923,19.6,19.651,139292.2
2026-02-13 06:30:00,19.652,20.361,19.651,20.112,288496.9
2026-02-13 06:45:00,20.116,20.559,20.04,20.494,226112.7
2026-02-13 07:00:00,20.496,20.655,20.229,20.34,264313.1
2026-02-13 07:15:00,20.342,20.576,19.902,20.01,259286.7
2026-02-13 07:30:00,20.009,20.452,19.963,20.224,195782.9
2026-02-13 07:45:00,20.224,20.428,20.138,20.339,164135.2
2026-02-13 08:00:00,20.339,20.4,19.74,19.803,291643.6
2026-02-13 08:15:00,19.802,20.142,19.759,19.849,178443.8
2026-02-13 08:30:00,19.85,19.946,19.54,19.594,186847.4
2026-02-13 08:45:00,19.592,19.723,19.108,19.272,319061.7
2026-02-13 09:00:00,19.274,19.312,18.924,19.101,320972.2
2026-02-13 09:15:00,19.104,19.433,19.08,19.422,228906.8
2026-02-13 09:30:00,19.422,19.636,19.177,19.568,240174.0
2026-02-13 09:45:00,19.566,19.634,19.455,19.518,139349.2
2026-02-13 10:00:00,19.521,19.855,19.324,19.621,225894.6
2026-02-13 10:15:00,19.623,19.771,19.502,19.651,161603.3
2026-02-13 10:30:00,19.652,19.778,19.297,19.417,171420.2
2026-02-13 10:45:00,19.418,19.496,19.211,19.362,139322.6
2026-02-13 11:00:00,19.363,19.659,19.319,19.557,168208.5
2026-02-13 11:15:00,19.558,19.732,19.442,19.542,139866.2
2026-02-13 11:30:00,19.54,19.82,19.479,19.719,163727.0
2026-02-13 11:45:00,19.718,19.809,19.507,19.596,149981.5
2026-02-13 12:00:00,19.592,19.913,19.412,19.795,233571.2
2026-02-13 12:15:00,19.795,19.87,19.575,19.69,136979.9
2026-02-13 12:30:00,19.689,19.737,19.242,19.257,154108.3
2026-02-13 12:45:00,19.258,19.28,18.929,19.135,292358.5
2026-02-13 13:00:00,19.135,19.204,18.603,18.852,358523.8
2026-02-13 13:15:00,18.851,19.038,18.709,18.986,179883.6
2026-02-13 13:30:00,18.985,19.339,18.929,19.275,213743.3
2026-02-13 13:45:00,19.276,19.396,19.041,19.182,173033.0
2026-02-13 14:00:00,19.183,19.231,18.925,18.973,203150.6
2026-02-13 14:15:00,18.972,19.069,18.492,18.812,237503.3
2026-02-13 14:30:00,18.81,19.008,18.651,18.735,153036.0
2026-02-13 14:45:00,18.736,18.974,18.627,18.635,176526.3
2026-02-13 15:00:00,18.635,18.79,18.5,18.693,219856.0
2026-02-13 15:15:00,18.693,18.95,18.556,18.917,173890.4
2026-02-13 15:30:00,18.912,19.136,18.707,18.734,254916.6
2026-02-13 15:45:00,18.732,18.747,18.184,18.475,294210.7
2026-02-13 16:00:00,18.474,18.853,18.223,18.832,289620.8
2026-02-13 16:15:00,18.829,18.887,18.521,18.589,159323.4
2026-02-13 16:30:00,18.587,19.248,18.584,19.044,251284.3
2026-02-13 16:45:00,19.045,19.186,18.953,18.985,151311.7
2026-02-13 17:00:00,18.985,19.35,18.955,19.123,188180.4
2026-02-13 17:15:00,19.123,19.262,18.973,19.044,127828.1
2026-02-13 17:30:00,19.044,19.234,18.709,18.768,144551.7
2026-02-13 17:45:00,18.768,18.834,18.006,18.25,342698.5
2026-02-13 18:00:00,18.251,18.642,18.06,18.414,234057.7
2026-02-13 18:15:00,18.418,18.696,18.37,18.553,118581.7
2026-02-13 18:30:00,18.553,18.763,18.537,18.58,90802.5
2026-02-13 18:45:00,18.579,18.632,18.115,18.212,163143.0
2026-02-13 19:00:00,18.212,18.57,18.151,18.421,156414.7
2026-02-13 19:15:00,18.42,18.442,18.05,18.178,157809.5
2026-02-13 19:30:00,18.177,18.255,17.767,18.143,277151.5
2026-02-13 19:45:00,18.144,18.429,18.118,18.362,156611.3
2026-02-13 20:00:00,18.367,18.384,17.63,17.963,314122.1
2026-02-13 20:15:00,17.96,17.991,17.762,17.807,102601.9
2026-02-13 20:30:00,17.807,17.926,17.698,17.821,101059.8
2026-02-13 20:45:00,17.82,17.888,17.517,17.761,174417.8
2026-02-13 21:00:00,17.76,17.929,17.678,17.787,102624.2
2026-02-13 21:15:00,17.787,17.954,17.76,17.823,83532.9
2026-02-13 21:30:00,17.818,18.117,17.784,18.056,116235.2
2026-02-13 21:45:00,18.057,18.254,18.038,18.214,103010.1
2026-02-13 22:00:00,18.215,18.299,17.847,17.959,133404.5
2026-02-13 22:15:00,17.958,18.15,17.958,18.1,83005.6
2026-02-13 22:30:00,18.1,18.171,17.889,17.934,62089.9
2026-02-13 22:45:00,17.933,17.976,17.7,17.848,88585.0
2026-02-13 23:00:00,17.847,18.056,17.812,17.941,105987.1
2026-02-13 23:15:00,17.943,18.0,17.651,17.842,106528.8
2026-02-13 23:30:00,17.844,18.092,17.841,18.001,105004.0
2026-02-13 23:45:00,18.0,18.233,17.945,18.222,139939.2
2026-02-14 00:00:00,18.222,18.226,17.946,18.133,211544.5
2026-02-14 00:15:00,18.134,18.266,17.984,18.085,106020.7
2026-02-14 00:30:00,18.085,18.343,17.971,18.026,144474.8
2026-02-14 00:45:00,18.026,18.127,17.837,17.941,99579.7
2026-02-14 01:00:00,17.941,17.981,17.703,17.799,140248.0
2026-02-14 01:15:00,17.799,18.123,17.533,17.681,195064.1
2026-02-14 01:30:00,17.677,17.82,17.6,17.811,106988.1
2026-02-14 01:45:00,17.811,17.949,16.622,17.364,545269.9
2026-02-14 02:00:00,17.364,17.449,17.165,17.24,201893.5
2026-02-14 02:15:00,17.24,17.431,16.824,17.027,250347.2
2026-02-14 02:30:00,17.027,17.053,16.622,16.799,246601.8
2026-02-14 02:45:00,16.798,16.859,16.554,16.79,241836.5
2026-02-14 03:00:00,16.79,16.87,16.333,16.51,293917.9
2026-02-14 03:15:00,16.511,16.547,16.25,16.464,249710.0
2026-02-14 03:30:00,16.465,16.733,16.411,16.604,182739.1
2026-02-14 03:45:00,16.603,16.771,16.307,16.403,233680.9
2026-02-14 04:00:00,16.402,16.41,15.689,15.774,634809.0
2026-02-14 04:15:00,15.775,15.794,15.23,15.639,608443.0
2026-02-14 04:30:00,15.637,15.73,14.568,14.642,896927.6
2026-02-14 04:45:00,14.643,14.757,14.1,14.412,954122.4
2026-02-14 05:00:00,14.41,14.438,13.616,14.209,1194271.8
2026-02-14 05:15:00,14.21,14.962,14.178,14.888,787315.9
2026-02-14 05:30:00,14.887,15.233,14.214,14.426,930228.3
2026-02-14 05:45:00,14.426,14.725,14.262,14.322,488018.8
2026-02-14 06:00:00,14.324,14.458,13.9,14.082,701321.0
2026-02-14 06:15:00,14.08,14.725,14.056,14.524,691199.2
2026-02-14 06:30:00,14.524,14.611,14.2,14.304,488825.8
2026-02-14 06:45:00,14.305,14.365,14.024,14.246,437634.1
2026-02-14 07:00:00,14.247,14.496,14.214,14.36,374617.1
2026-02-14 07:15:00,14.36,14.806,14.343,14.676,399539.5
2026-02-14 07:30:00,14.677,15.063,14.668,14.742,570085.5
2026-02-14 07:45:00,14.742,15.058,14.618,14.883,510025.1
2026-02-14 08:00:00,14.885,14.949,14.32,14.502,658813.5
2026-02-14 08:15:00,14.499,14.664,14.16,14.376,431375.6
2026-02-14 08:30:00,14.375,14.436,14.222,14.294,245160.0
2026-02-14 08:45:00,14.293,14.362,13.826,14.301,521664.5
2026-02-14 09:00:00,14.301,14.353,13.977,14.07,379683.9
2026-02-14 09:15:00,14.069,14.378,14.063,14.279,372722.6
2026-02-14 09:30:00,14.28,14.294,14.0,14.081,287514.8
2026-02-14 09:45:00,14.08,14.175,14.011,14.083,205066.5
2026-02-14 10:00:00,14.084,14.194,14.011,14.097,269689.8
2026-02-14 10:15:00,14.098,14.353,14.09,14.231,265153.4
2026-02-14 10:30:00,14.229,14.233,13.1,13.711,1190427.3
2026-02-14 10:45:00,13.71,14.182,13.629,13.898,454441.4
2026-02-14 11:00:00,13.897,13.93,13.675,13.763,308399.6
2026-02-14 11:15:00,13.764,14.068,13.666,14.026,333415.8
2026-02-14 11:30:00,14.026,14.131,13.851,13.888,328531.7
2026-02-14 11:45:00,13.887,14.436,13.876,14.377,583043.9
2026-02-14 12:00:00,14.377,14.417,13.606,13.776,866672.1
2026-02-14 12:15:00,13.777,13.81,13.319,13.474,528478.0
2026-02-14 12:30:00,13.474,13.681,13.408,13.595,314047.4
2026-02-14 12:45:00,13.59,13.765,13.552,13.568,263937.4
2026-02-14 13:00:00,13.566,13.825,13.501,13.699,263857.7
2026-02-14 13:15:00,13.7,13.915,13.638,13.787,246154.4
2026-02-14 13:30:00,13.787,13.978,13.73,13.939,211193.2
2026-02-14 13:45:00,13.942,14.211,13.85,13.958,384202.7
2026-02-14 14:00:00,13.959,14.261,13.914,14.115,280048.5
2026-02-14 14:15:00,14.114,14.126,13.682,13.882,307757.6
2026-02-14 14:30:00,13.881,14.0,13.754,13.773,208292.5
2026-02-14 14:45:00,13.773,13.924,13.686,13.895,232981.4
2026-02-14 15:00:00,13.89,14.102,13.808,13.905,259922.1
2026-02-14 15:15:00,13.905,13.988,13.735,13.772,183450.9
2026-02-14 15:30:00,13.772,13.793,13.36,13.489,482628.6
2026-02-14 15:45:00,13.49,13.868,13.444,13.787,489552.4
2026-02-14 16:00:00,13.789,13.799,12.921,13.157,1156894.9
2026-02-14 16:15:00,13.159,13.33,12.791,13.314,537788.1
2026-02-14 16:30:00,13.313,13.418,13.014,13.268,362108.4
2026-02-14 16:45:00,13.269,13.3,13.101,13.217,218758.0
2026-02-14 17:00:00,13.216,13.483,13.186,13.456,219957.8
2026-02-14 17:15:00,13.455,13.644,13.323,13.574,266587.5
2026-02-14 17:30:00,13.573,13.73,13.483,13.691,230610.7
2026-02-14 17:45:00,13.692,13.739,13.582,13.65,205706.0
2026-02-14 18:00:00,13.65,14.1,13.605,13.952,345949.3
2026-02-14 18:15:00,13.953,14.131,13.854,14.054,255022.3
2026-02-14 18:30:00,14.056,14.17,13.711,13.727,359259.6
2026-02-14 18:45:00,13.727,13.824,13.561,13.644,268394.7
2026-02-14 19:00:00,13.644,13.824,13.613,13.758,221177.9
2026-02-14 19:15:00,13.758,13.851,13.657,13.811,156351.0
2026-02-14 19:30:00,13.812,14.031,13.747,14.018,248522.5
2026-02-14 19:45:00,14.018,14.199,13.961,13.979,317448.1
2026-02-14 20:00:00,13.981,14.258,13.825,14.069,539584.0
2026-02-14 20:15:00,14.067,14.136,13.859,13.88,233415.0
2026-02-14 20:30:00,13.881,14.022,13.868,13.995,136288.4
2026-02-14 20:45:00,13.994,14.066,13.95,14.043,103164.6
2026-02-14 21:00:00,14.044,14.549,14.003,14.476,395328.0
2026-02-14 21:15:00,14.476,14.638,14.3,14.533,366495.0
2026-02-14 21:30:00,14.534,14.93,14.485,14.674,567441.9
2026-02-14 21:45:00,14.675,14.955,14.659,14.76,345264.2
2026-02-14 22:00:00,14.761,14.989,14.418,14.883,543050.6
2026-02-14 22:15:00,14.882,15.247,14.604,15.11,440422.7
2026-02-14 22:30:00,15.107,15.175,14.651,14.771,375921.6
2026-02-14 22:45:00,14.771,14.771,14.202,14.22,394831.0
2026-02-14 23:00:00,14.222,14.504,14.083,14.406,354348.6
2026-02-14 23:15:00,14.407,14.629,14.341,14.485,269264.4
2026-02-14 23:30:00,14.485,14.738,14.417,14.7,199919.2
2026-02-14 23:45:00,14.699,14.933,14.548,14.583,440594.2
2026-02-15 00:00:00,14.584,14.656,13.109,13.518,1525330.1
2026-02-15 00:15:00,13.516,13.733,13.369,13.635,347509.4
2026-02-15 00:30:00,13.634,13.774,13.484,13.568,247137.8
2026-02-15 00:45:00,13.568,13.75,13.493,13.616,185378.7
2026-02-15 01:00:00,13.615,13.77,13.53,13.691,171663.3
2026-02-15 01:15:00,13.691,13.709,13.37,13.422,228965.5
2026-02-15 01:30:00,13.423,13.609,13.416,13.531,144553.3
2026-02-15 01:45:00,13.532,13.604,13.43,13.478,123775.7
2026-02-15 02:00:00,13.474,13.577,13.402,13.457,157652.1
2026-02-15 02:15:00,13.457,13.693,13.416,13.648,161400.6
2026-02-15 02:30:00,13.648,13.91,13.64,13.754,220580.8
2026-02-15 02:45:00,13.748,13.792,13.622,13.697,122149.8
2026-02-15 03:00:00,13.697,13.937,13.665,13.847,171795.3
2026-02-15 03:15:00,13.848,13.995,13.721,13.783,153287.4
2026-02-15 03:30:00,13.782,13.829,13.605,13.775,156839.7
2026-02-15 03:45:00,13.775,13.939,13.732,13.748,212814.8
2026-02-15 04:00:00,13.75,13.771,13.532,13.667,299919.0
2026-02-15 04:15:00,13.667,13.747,13.581,13.694,133094.5
2026-02-15 04:30:00,13.694,13.869,13.657,13.699,130603.2
2026-02-15 04:45:00,13.699,13.828,13.628,13.692,112498.4
2026-02-15 05:00:00,13.693,13.754,13.617,13.676,92844.5
2026-02-15 05:15:00,13.675,13.695,13.585,13.622,92493.6
2026-02-15 05:30:00,13.621,13.821,13.61,13.796,139290.1
2026-02-15 05:45:00,13.796,13.892,13.737,13.855,114928.3
2026-02-15 06:00:00,13.855,13.949,13.754,13.818,134675.9
2026-02-15 06:15:00,13.82,13.93,13.657,13.675,150423.1
2026-02-15 06:30:00,13.676,13.747,13.513,13.614,201438.9
2026-02-15 06:45:00,13.613,13.66,13.211,13.543,269882.0
2026-02-15 07:00:00,13.542,13.582,13.299,13.511,274660.5
2026-02-15 07:15:00,13.51,13.643,13.496,13.544,147425.4
2026-02-15 07:30:00,13.544,13.622,13.51,13.591,143992.5
2026-02-15 07:45:00,13.591,13.615,13.497,13.528,165774.4
2026-02-15 08:00:00,13.528,13.559,13.37,13.482,321779.7
2026-02-15 08:15:00,13.483,13.52,12.56,13.08,809156.6
2026-02-15 08:30:00,13.079,13.25,12.982,13.112,361568.6
2026-02-15 08:45:00,13.112,13.13,12.991,13.036,190584.6
2026-02-15 09:00:00,13.036,13.19,12.995,13.139,152939.2
2026-02-15 09:15:00,13.138,13.216,13.052,13.079,140353.1
2026-02-15 09:30:00,13.08,13.172,13.028,13.085,132320.9
2026-02-15 09:45:00,13.086,13.086,12.673,12.923,421143.8
2026-02-15 10:00:00,12.923,12.995,12.606,12.967,371817.6
2026-02-15 10:15:00,12.967,13.174,12.752,13.074,241194.5
2026-02-15 10:30:00,13.072,13.31,13.017,13.222,259649.5
2026-02-15 10:45:00,13.221,13.438,13.207,13.37,225221.6
2026-02-15 11:00:00,13.373,13.447,13.224,13.33,202780.0
2026-02-15 11:15:00,13.329,13.425,13.263,13.372,145988.1
2026-02-15 11:30:00,13.372,13.467,13.32,13.339,138654.6
2026-02-15 11:45:00,13.339,13.44,13.313,13.343,171731.6
2026-02-15 12:00:00,13.343,13.377,13.114,13.24,312280.8
2026-02-15 12:15:00,13.241,13.314,13.226,13.288,119980.5
2026-02-15 12:30:00,13.289,13.365,13.176,13.317,135176.8
2026-02-15 12:45:00,13.317,13.36,13.09,13.112,217473.8
2026-02-15 13:00:00,13.111,13.287,12.797,13.25,318371.0
2026-02-15 13:15:00,13.248,13.35,13.23,13.266,135646.0
2026-02-15 13:30:00,13.267,13.299,13.154,13.268,141432.0
2026-02-15 13:45:00,13.269,13.29,12.961,13.012,243121.8
2026-02-15 14:00:00,13.011,13.093,12.919,13.028,179192.6
2026-02-15 14:15:00,13.028,13.064,12.816,12.986,172873.0
2026-02-15 14:30:00,12.985,13.114,12.957,13.066,164263.4
2026-02-15 14:45:00,13.067,13.119,12.812,12.902,245301.9
2026-02-15 15:00:00,12.903,12.984,12.681,12.943,265092.2
2026-02-15 15:15:00,12.942,12.982,12.852,12.902,116283.3
2026-02-15 15:30:00,12.901,13.372,12.892,13.226,365291.2
2026-02-15 15:45:00,13.226,13.237,13.01,13.068,184741.0
2026-02-15 16:00:00,13.068,13.072,12.842,12.961,277139.7
2026-02-15 16:15:00,12.96,13.129,12.886,13.064,184597.5
2026-02-15 16:30:00,13.064,13.11,12.96,12.994,110236.0
2026-02-15 16:45:00,12.994,13.136,12.945,13.118,85007.1
2026-02-15 17:00:00,13.118,13.259,13.097,13.164,151824.0
2026-02-15 17:15:00,13.164,13.267,13.08,13.152,132988.6
2026-02-15 17:30:00,13.151,13.151,12.868,12.883,191636.5
2026-02-15 17:45:00,12.883,12.883,12.1,12.605,780596.6
2026-02-15 18:00:00,12.605,12.618,12.286,12.462,452070.4
2026-02-15 18:15:00,12.461,12.692,12.428,12.587,199357.3
2026-02-15 18:30:00,12.586,12.712,12.556,12.686,168421.6
2026-02-15 18:45:00,12.685,12.743,12.596,12.717,116602.8
2026-02-15 19:00:00,12.721,12.856,12.713,12.829,170269.1
2026-02-15 19:15:00,12.83,12.84,12.652,12.71,122189.5
2026-02-15 19:30:00,12.709,12.737,12.542,12.619,104843.5
2026-02-15 19:45:00,12.617,12.65,12.516,12.556,107693.8
2026-02-15 20:00:00,12.556,12.56,12.315,12.442,257522.7
2026-02-15 20:15:00,12.441,12.451,11.766,11.904,788624.5
2026-02-15 20:30:00,11.905,12.212,11.884,12.124,193054.2
2026-02-15 20:45:00,12.123,12.333,12.018,12.328,169348.6
2026-02-15 21:00:00,12.328,12.688,12.327,12.501,345883.0
2026-02-15 21:15:00,12.501,12.78,12.496,12.66,167914.0
2026-02-15 21:30:00,12.659,12.686,12.474,12.597,166836.9
2026-02-15 21:45:00,12.597,12.648,12.495,12.545,101367.9
2026-02-15 22:00:00,12.544,12.567,12.383,12.436,156160.6
2026-02-15 22:15:00,12.437,12.53,12.406,12.525,105544.2
2026-02-15 22:30:00,12.525,12.561,12.351,12.382,104681.6
2026-02-15 22:45:00,12.382,12.425,12.251,12.394,97889.5
2026-02-15 23:00:00,12.396,12.538,12.367,12.429,127192.3
2026-02-15 23:15:00,12.429,12.643,12.422,12.518,142350.7
2026-02-15 23:30:00,12.518,12.562,12.411,12.461,86506.6
2026-02-15 23:45:00,12.461,12.556,12.415,12.519,89315.2
2026-02-16 00:00:00,12.519,12.536,12.241,12.255,200599.5
2026-02-16 00:15:00,12.251,12.304,12.11,12.157,191565.3
2026-02-16 00:30:00,12.157,12.407,12.157,12.376,161722.1
2026-02-16 00:45:00,12.376,12.548,12.319,12.508,186677.9
2026-02-16 01:00:00,12.51,12.523,12.406,12.439,111004.5
2026-02-16 01:15:00,12.438,12.503,12.313,12.378,119134.9
2026-02-16 01:30:00,12.375,12.454,12.305,12.438,86411.8
2026-02-16 01:45:00,12.438,12.471,12.302,12.371,86285.7
2026-02-16 02:00:00,12.371,12.492,12.365,12.394,102274.7
2026-02-16 02:15:00,12.394,12.51,12.355,12.494,86099.0
2026-02-16 02:30:00,12.494,12.497,12.339,12.369,109672.0
2026-02-16 02:45:00,12.369,12.48,12.352,12.45,59703.7
2026-02-16 03:00:00,12.451,12.493,12.371,12.418,68112.8
2026-02-16 03:15:00,12.418,12.473,12.32,12.35,78968.5
2026-02-16 03:30:00,12.351,12.414,12.281,12.405,78022.0
2026-02-16 03:45:00,12.406,12.448,12.292,12.331,84232.7
2026-02-16 04:00:00,12.334,12.515,12.309,12.463,131067.3
2026-02-16 04:15:00,12.463,12.5,12.396,12.461,72295.1
2026-02-16 04:30:00,12.46,12.471,12.361,12.419,85729.6
2026-02-16 04:45:00,12.419,12.592,12.413,12.541,95308.9
2026-02-16 05:00:00,12.541,12.73,12.478,12.618,209738.8
2026-02-16 05:15:00,12.619,12.666,12.462,12.496,175051.8
2026-02-16 05:30:00,12.495,12.646,12.492,12.631,102969.9
2026-02-16 05:45:00,12.631,12.708,12.56,12.656,127777.9
2026-02-16 06:00:00,12.657,12.877,12.64,12.788,232692.0
2026-02-16 06:15:00,12.788,13.026,12.726,13.006,316917.1
2026-02-16 06:30:00,13.005,13.089,12.851,12.971,240535.4
2026-02-16 06:45:00,12.97,13.053,12.614,12.825,348754.4
2026-02-16 07:00:00,12.825,12.831,12.603,12.666,185025.6
2026-02-16 07:15:00,12.666,12.788,12.659,12.692,111743.0
2026-02-16 07:30:00,12.693,12.733,12.531,12.608,143187.8
2026-02-16 07:45:00,12.613,12.73,12.613,12.663,105492.7
2026-02-16 08:00:00,12.663,12.685,12.42,12.575,213968.5
2026-02-16 08:15:00,12.576,12.691,12.561,12.608,107897.4
2026-02-16 08:30:00,12.608,12.771,12.603,12.771,97870.1
2026-02-16 08:45:00,12.771,12.934,12.741,12.931,143652.5
2026-02-16 09:00:00,12.932,13.288,12.919,13.268,324968.8
2026-02-16 09:15:00,13.265,13.409,13.135,13.389,263156.3
2026-02-16 09:30:00,13.389,13.615,13.226,13.288,357674.7
2026-02-16 09:45:00,13.289,13.454,13.147,13.196,238061.8
2026-02-16 10:00:00,13.195,13.365,13.131,13.277,191352.8
2026-02-16 10:15:00,13.278,13.492,13.216,13.429,214520.4
2026-02-16 10:30:00,13.43,13.455,13.212,13.23,241055.1
2026-02-16 10:45:00,13.231,13.33,13.143,13.318,148919.0
2026-02-16 11:00:00,13.317,13.328,13.11,13.177,205439.0
2026-02-16 11:15:00,13.176,13.263,13.035,13.206,186498.6
2026-02-16 11:30:00,13.208,13.265,13.1,13.171,140425.8
2026-02-16 11:45:00,13.17,13.342,13.105,13.244,186999.3
2026-02-16 12:00:00,13.244,13.36,13.141,13.337,219469.9
2026-02-16 12:15:00,13.337,13.366,13.21,13.323,111254.4
2026-02-16 12:30:00,13.323,13.324,13.105,13.193,161128.8
2026-02-16 12:45:00,13.193,13.239,13.073,13.081,101513.8
2026-02-16 13:00:00,13.079,13.088,12.73,12.874,397849.5
2026-02-16 13:15:00,12.874,12.929,12.665,12.722,245638.6
2026-02-16 13:30:00,12.723,12.867,12.71,12.859,156395.3
2026-02-16 13:45:00,12.859,12.867,12.629,12.683,140924.0
2026-02-16 14:00:00,12.684,12.846,12.562,12.818,175386.2
2026-02-16 14:15:00,12.816,12.894,12.707,12.717,121231.2
2026-02-16 14:30:00,12.714,12.882,12.668,12.85,130498.0
2026-02-16 14:45:00,12.851,13.177,12.836,13.126,230098.4
2026-02-16 15:00:00,13.127,13.212,12.945,12.977,231668.8
2026-02-16 15:15:00,12.977,12.977,12.869,12.959,134535.7
2026-02-16 15:30:00,12.96,12.96,12.747,12.861,204420.6
2026-02-16 15:45:00,12.859,12.934,12.757,12.883,179475.9
2026-02-16 16:00:00,12.884,12.9,12.76,12.804,165084.3
2026-02-16 16:15:00,12.804,12.876,12.772,12.838,71216.5
2026-02-16 16:30:00,12.836,12.908,12.782,12.869,57236.5
2026-02-16 16:45:00,12.869,12.879,12.785,12.866,54443.7
2026-02-16 17:00:00,12.865,12.886,12.414,12.583,286958.0
2026-02-16 17:15:00,12.581,12.635,12.505,12.608,92073.4
2026-02-16 17:30:00,12.608,12.666,12.586,12.646,73507.7
2026-02-16 17:45:00,12.646,12.667,12.543,12.552,97308.1
2026-02-16 18:00:00,12.554,12.831,12.518,12.731,151192.3
2026-02-16 18:15:00,12.731,12.789,12.686,12.705,76746.1
2026-02-16 18:30:00,12.704,12.813,12.704,12.775,60250.3
2026-02-16 18:45:00,12.776,12.792,12.701,12.731,49429.0
2026-02-16 19:00:00,12.731,12.78,12.654,12.72,59604.5
2026-02-16 19:15:00,12.72,12.759,12.627,12.664,58439.2
2026-02-16 19:30:00,12.666,12.742,12.652,12.692,39472.5
2026-02-16 19:45:00,12.692,12.779,12.668,12.745,56715.7
2026-02-16 20:00:00,12.746,12.764,12.631,12.662,114679.6
2026-02-16 20:15:00,12.661,12.768,12.609,12.741,53349.5
2026-02-16 20:30:00,12.742,12.778,12.695,12.727,54038.8
2026-02-16 20:45:00,12.728,12.74,12.665,12.7,67644.8
2026-02-16 21:00:00,12.697,12.747,12.655,12.696,60038.0
2026-02-16 21:15:00,12.697,12.71,12.623,12.665,33618.1
2026-02-16 21:30:00,12.665,12.715,12.649,12.672,35855.7
2026-02-16 21:45:00,12.671,12.737,12.63,12.715,52777.7
2026-02-16 22:00:00,12.715,12.771,12.67,12.759,43248.8
2026-02-16 22:15:00,12.759,12.856,12.744,12.835,60859.9
2026-02-16 22:30:00,12.835,12.99,12.833,12.934,92185.3
2026-02-16 22:45:00,12.933,13.075,12.85,12.885,113631.5
2026-02-16 23:00:00,12.885,12.991,12.822,12.93,115699.1
2026-02-16 23:15:00,12.929,13.048,12.759,12.785,147429.7
2026-02-16 23:30:00,12.786,12.797,12.63,12.673,128854.9
2026-02-16 23:45:00,12.672,12.801,12.661,12.744,100216.7
2026-02-17 00:00:00,12.743,12.772,12.626,12.706,118309.1
2026-02-17 00:15:00,12.704,12.714,12.439,12.651,190082.5
2026-02-17 00:30:00,12.65,12.699,12.591,12.595,65784.9
2026-02-17 00:45:00,12.596,12.659,12.523,12.541,79626.2
2026-02-17 01:00:00,12.54,12.639,12.524,12.629,61952.5
2026-02-17 01:15:00,12.627,12.732,12.587,12.64,64077.1
2026-02-17 01:30:00,12.64,12.731,12.638,12.649,57463.1
2026-02-17 01:45:00,12.652,12.685,12.6,12.655,44475.4
2026-02-17 02:00:00,12.654,12.76,12.562,12.724,77795.5
2026-02-17 02:15:00,12.724,12.739,12.61,12.636,53539.2
2026-02-17 02:30:00,12.635,12.712,12.628,12.688,46754.5
2026-02-17 02:45:00,12.687,12.791,12.666,12.775,60272.1
2026-02-17 03:00:00,12.776,12.915,12.756,12.84,111543.3
2026-02-17 03:15:00,12.839,12.861,12.67,12.694,84800.4
2026-02-17 03:30:00,12.694,12.749,12.646,12.712,47994.2
2026-02-17 03:45:00,12.713,12.845,12.704,12.796,84702.4
2026-02-17 04:00:00,12.8,12.809,12.66,12.713,119449.6
2026-02-17 04:15:00,12.712,12.712,12.535,12.561,109134.0
2026-02-17 04:30:00,12.562,12.647,12.503,12.582,74027.1
2026-02-17 04:45:00,12.583,12.644,12.554,12.604,54902.3
2026-02-17 05:00:00,12.604,12.652,12.568,12.606,70026.5
2026-02-17 05:15:00,12.604,12.653,12.57,12.613,62277.8
2026-02-17 05:30:00,12.613,12.727,12.414,12.716,192262.4
2026-02-17 05:45:00,12.716,12.794,12.648,12.758,100059.8
2026-02-17 06:00:00,12.757,12.804,12.711,12.758,94806.4
2026-02-17 06:15:00,12.758,12.775,12.617,12.719,67235.4
2026-02-17 06:30:00,12.719,12.72,12.506,12.548,135454.2
2026-02-17 06:45:00,12.547,12.629,12.543,12.607,74713.9
2026-02-17 07:00:00,12.607,12.755,12.593,12.68,106541.9
2026-02-17 07:15:00,12.679,12.708,12.577,12.617,63299.7
2026-02-17 07:30:00,12.616,12.72,12.603,12.675,58492.1
2026-02-17 07:45:00,12.67,12.728,12.625,12.647,100625.0
2026-02-17 08:00:00,12.646,12.674,12.5,12.578,151449.0
2026-02-17 08:15:00,12.577,12.609,12.51,12.566,57301.7
2026-02-17 08:30:00,12.567,12.597,12.163,12.439,375314.4
2026-02-17 08:45:00,12.44,12.498,12.365,12.418,92697.8
2026-02-17 09:00:00,12.418,12.418,12.113,12.18,321941.6
2026-02-17 09:15:00,12.18,12.21,11.57,11.843,764478.3
2026-02-17 09:30:00,11.842,12.091,11.836,12.012,228274.8
2026-02-17 09:45:00,12.016,12.145,11.995,12.088,153322.1
2026-02-17 10:00:00,12.089,12.276,12.02,12.243,200058.4
2026-02-17 10:15:00,12.243,12.331,12.048,12.073,169659.7
2026-02-17 10:30:00,12.074,12.185,12.018,12.156,137329.3
2026-02-17 10:45:00,12.155,12.289,12.123,12.147,162899.9
2026-02-17 11:00:00,12.15,12.217,12.042,12.054,219520.5
2026-02-17 11:15:00,12.054,12.088,11.958,12.044,196438.3
2026-02-17 11:30:00,12.044,12.106,11.961,12.039,153064.2
2026-02-17 11:45:00,12.037,12.1,11.982,12.003,173049.3
2026-02-17 12:00:00,12.003,12.05,11.716,11.839,433089.7
2026-02-17 12:15:00,11.839,11.874,11.414,11.832,579868.7
2026-02-17 12:30:00,11.833,11.967,11.799,11.866,157202.2
2026-02-17 12:45:00,11.865,11.905,11.734,11.779,169999.0
2026-02-17 13:00:00,11.779,11.858,11.755,11.852,106354.5
2026-02-17 13:15:00,11.852,11.872,11.787,11.819,86052.4
2026-02-17 13:30:00,11.82,11.83,11.628,11.736,167694.1
2026-02-17 13:45:00,11.736,11.778,11.507,11.776,272412.8
2026-02-17 14:00:00,11.777,11.854,11.736,11.819,132119.7
2026-02-17 14:15:00,11.819,11.86,11.67,11.751,133882.5
2026-02-17 14:30:00,11.751,11.761,11.535,11.549,223651.4
2026-02-17 14:45:00,11.547,11.621,11.345,11.617,388188.8
2026-02-17 15:00:00,11.617,11.661,11.432,11.442,264193.3
2026-02-17 15:15:00,11.443,11.569,11.346,11.442,312513.1
2026-02-17 15:30:00,11.441,11.465,11.22,11.31,380677.9
2026-02-17 15:45:00,11.311,11.394,11.22,11.352,267391.4
2026-02-17 16:00:00,11.356,11.44,11.135,11.229,433490.2
2026-02-17 16:15:00,11.229,11.229,11.02,11.073,408665.3
2026-02-17 16:30:00,11.072,11.271,11.001,11.081,324120.9
2026-02-17 16:45:00,11.08,11.135,10.548,10.639,1044186.2
2026-02-17 17:00:00,10.64,10.837,10.557,10.678,386746.5
2026-02-17 17:15:00,10.679,10.931,10.605,10.893,334947.5
2026-02-17 17:30:00,10.894,10.911,10.662,10.727,286347.4
2026-02-17 17:45:00,10.726,10.752,10.375,10.669,525056.5
2026-02-17 18:00:00,10.669,10.673,10.492,10.545,201104.8
2026-02-17 18:15:00,10.544,10.785,10.459,10.715,414031.9
2026-02-17 18:30:00,10.717,11.044,10.673,10.747,349860.8
2026-02-17 18:45:00,10.745,10.915,10.7,10.873,158352.5
2026-02-17 19:00:00,10.874,10.941,10.72,10.802,164881.0
2026-02-17 19:15:00,10.801,10.818,10.636,10.678,201152.4
2026-02-17 19:30:00,10.679,10.793,10.621,10.757,201692.3
2026-02-17 19:45:00,10.757,10.866,10.728,10.778,150858.5
2026-02-17 20:00:00,10.779,10.8,10.417,10.431,369683.7
2026-02-17 20:15:00,10.433,10.495,9.147,9.403,2460881.5
2026-02-17 20:30:00,9.402,9.403,8.613,9.081,2107312.6
2026-02-17 20:45:00,9.079,9.38,9.049,9.304,945765.3
2026-02-17 21:00:00,9.305,9.698,9.24,9.551,1085324.8
2026-02-17 21:15:00,9.553,9.796,9.47,9.749,612667.1
2026-02-17 21:30:00,9.75,9.88,9.618,9.665,642591.2
2026-02-17 21:45:00,9.664,9.689,9.407,9.528,862717.1
2026-02-17 22:00:00,9.53,9.818,9.45,9.665,566480.8
2026-02-17 22:15:00,9.667,9.769,9.442,9.595,365627.1
2026-02-17 22:30:00,9.594,9.876,9.59,9.867,354819.0
2026-02-17 22:45:00,9.866,9.952,9.813,9.84,267546.7
2026-02-17 23:00:00,9.839,10.035,9.803,9.947,368817.7
2026-02-17 23:15:00,9.947,10.057,9.863,9.919,337810.2
2026-02-17 23:30:00,9.919,9.92,9.702,9.77,354305.5
2026-02-17 23:45:00,9.769,9.825,9.628,9.638,314768.8
2026-02-18 00:00:00,9.638,9.719,9.333,9.378,806172.1
2026-02-18 00:15:00,9.379,9.431,9.257,9.323,472309.7
2026-02-18 00:30:00,9.322,9.389,9.125,9.173,477718.6
2026-02-18 00:45:00,9.173,9.349,9.106,9.305,377127.7
2026-02-18 01:00:00,9.305,9.357,9.216,9.228,321278.0
2026-02-18 01:15:00,9.227,9.271,9.038,9.107,255822.8
2026-02-18 01:30:00,9.108,9.21,9.077,9.181,253838.5
2026-02-18 01:45:00,9.181,9.226,9.048,9.078,218946.8
2026-02-18 02:00:00,9.078,9.092,8.844,9.029,457257.4
2026-02-18 02:15:00,9.029,9.046,8.866,8.947,275560.1
2026-02-18 02:30:00,8.947,9.027,8.923,9.011,213344.3
2026-02-18 02:45:00,9.011,9.087,8.904,9.038,332428.3
2026-02-18 03:00:00,9.037,9.188,9.035,9.146,362496.7
2026-02-18 03:15:00,9.146,9.188,8.931,9.004,293119.6
2026-02-18 03:30:00,9.005,9.058,8.936,8.998,249658.0
2026-02-18 03:45:00,8.997,9.043,8.811,8.864,383160.6
2026-02-18 04:00:00,8.867,8.932,8.722,8.815,511333.2
2026-02-18 04:15:00,8.815,9.021,8.765,8.913,406846.8
2026-02-18 04:30:00,8.914,9.013,8.852,9.008,222850.2
2026-02-18 04:45:00,9.007,9.015,8.786,8.812,291568.0
2026-02-18 05:00:00,8.811,8.975,8.804,8.948,249266.4
2026-02-18 05:15:00,8.949,8.999,8.885,8.902,145373.3
2026-02-18 05:30:00,8.904,8.916,8.819,8.905,175311.7
2026-02-18 05:45:00,8.904,8.937,8.481,8.719,596992.0
2026-02-18 06:00:00,8.719,8.786,8.686,8.75,321405.9
2026-02-18 06:15:00,8.748,8.77,8.635,8.672,293862.7
2026-02-18 06:30:00,8.671,8.724,8.621,8.708,228039.8
2026-02-18 06:45:00,8.705,8.76,8.662,8.694,194359.5
2026-02-18 07:00:00,8.695,8.725,8.357,8.407,817095.0
2026-02-18 07:15:00,8.407,8.459,8.276,8.406,605697.9
2026-02-18 07:30:00,8.405,8.432,8.313,8.398,380720.9
2026-02-18 07:45:00,8.397,8.476,8.177,8.259,621790.5
2026-02-18 08:00:00,8.26,8.359,8.195,8.345,539157.4
2026-02-18 08:15:00,8.346,8.384,8.102,8.189,553557.4
2026-02-18 08:30:00,8.188,8.263,8.132,8.218,454773.2
2026-02-18 08:45:00,8.218,8.328,8.143,8.192,434316.7
2026-02-18 09:00:00,8.194,8.323,8.172,8.228,422145.8
2026-02-18 09:15:00,8.23,8.66,8.179,8.41,1126606.9
2026-02-18 09:30:00,8.411,8.425,8.175,8.235,623443.5
2026-02-18 09:45:00,8.234,8.458,8.209,8.453,443653.2
2026-02-18 10:00:00,8.452,8.517,8.342,8.458,457940.6
2026-02-18 10:15:00,8.457,8.767,8.447,8.702,824998.9
2026-02-18 10:30:00,8.704,8.75,8.559,8.711,579513.4
2026-02-18 10:45:00,8.71,8.749,8.581,8.61,386762.5
2026-02-18 11:00:00,8.61,8.677,8.506,8.531,420174.2
2026-02-18 11:15:00,8.53,8.949,8.526,8.914,665207.4
2026-02-18 11:30:00,8.915,8.955,8.671,8.913,841062.1
2026-02-18 11:45:00,8.912,8.944,8.768,8.807,606363.2
2026-02-18 12:00:00,8.809,9.083,8.611,9.003,1105345.6
2026-02-18 12:15:00,9.002,9.32,8.987,9.249,1175503.6
2026-02-18 12:30:00,9.249,9.5,9.135,9.34,1140255.5
2026-02-18 12:45:00,9.338,9.421,8.525,8.68,1877292.9
2026-02-18 13:00:00,8.68,8.874,8.584,8.841,1192115.1
2026-02-18 13:15:00,8.84,8.901,8.65,8.743,549174.2
2026-02-18 13:30:00,8.742,8.966,8.61,8.889,751934.0
2026-02-18 13:45:00,8.891,9.282,8.866,9.162,1066232.3
2026-02-18 14:00:00,9.163,9.455,9.04,9.427,942182.2
2026-02-18 14:15:00,9.429,9.568,9.17,9.393,904232.1
2026-02-18 14:30:00,9.392,9.4,9.056,9.148,698840.0
2026-02-18 14:45:00,9.148,9.15,8.91,8.963,631605.5
2026-02-18 15:00:00,8.962,9.243,8.934,9.234,815365.6
2026-02-18 15:15:00,9.234,9.282,9.154,9.251,373867.4
2026-02-18 15:30:00,9.253,9.254,9.053,9.16,556214.8
2026-02-18 15:45:00,9.158,9.252,9.051,9.212,468658.4
2026-02-18 16:00:00,9.211,9.252,8.634,8.736,1388612.0
2026-02-18 16:15:00,8.734,8.766,8.483,8.649,684102.8
2026-02-18 16:30:00,8.648,8.668,8.254,8.403,1174098.9
2026-02-18 16:45:00,8.4,8.629,8.382,8.604,589091.1
2026-02-18 17:00:00,8.603,8.822,8.553,8.69,821463.0
2026-02-18 17:15:00,8.69,8.695,8.52,8.586,427821.8
2026-02-18 17:30:00,8.585,8.698,8.566,8.652,349596.2
2026-02-18 17:45:00,8.652,8.677,8.439,8.495,396645.3
2026-02-18 18:00:00,8.496,8.568,8.414,8.5,400040.4
2026-02-18 18:15:00,8.5,8.729,8.484,8.691,483386.7
2026-02-18 18:30:00,8.691,8.729,8.45,8.513,399310.1
2026-02-18 18:45:00,8.514,8.616,8.511,8.521,197452.0
2026-02-18 19:00:00,8.52,8.561,8.332,8.498,424774.5
2026-02-18 19:15:00,8.499,8.616,8.417,8.437,296948.2
2026-02-18 19:30:00,8.438,8.452,8.316,8.413,304867.7
2026-02-18 19:45:00,8.413,8.42,8.01,8.251,1002433.6
2026-02-18 20:00:00,8.251,8.258,7.688,7.81,1413646.9
2026-02-18 20:15:00,7.808,7.808,7.286,7.388,1805643.4
2026-02-18 20:30:00,7.388,7.552,7.226,7.314,1110263.6
2026-02-18 20:45:00,7.313,7.616,7.307,7.575,872404.5
2026-02-18 21:00:00,7.575,7.604,7.368,7.415,827549.1
2026-02-18 21:15:00,7.416,7.852,7.409,7.819,963059.2
2026-02-18 21:30:00,7.82,7.973,7.776,7.875,666647.3
2026-02-18 21:45:00,7.876,7.89,7.765,7.797,472725.0
2026-02-18 22:00:00,7.797,8.04,7.72,7.944,572798.7
2026-02-18 22:15:00,7.944,8.152,7.924,8.12,423378.7
2026-02-18 22:30:00,8.121,8.335,8.058,8.282,754420.8
2026-02-18 22:45:00,8.281,8.395,8.211,8.25,485640.2
2026-02-18 23:00:00,8.25,8.391,8.081,8.096,538506.1
2026-02-18 23:15:00,8.096,8.244,8.022,8.052,369429.2
2026-02-18 23:30:00,8.053,8.147,8.041,8.098,252921.4
2026-02-18 23:45:00,8.099,8.119,7.931,7.99,372386.1
2026-02-19 00:00:00,7.992,8.022,7.751,7.775,676477.0
2026-02-19 00:15:00,7.774,7.799,7.632,7.791,588274.8
2026-02-19 00:30:00,7.791,8.057,7.768,7.967,609255.2
2026-02-19 00:45:00,7.967,7.975,7.81,7.86,275585.3
2026-02-19 01:00:00,7.861,7.945,7.802,7.884,261184.6
2026-02-19 01:15:00,7.884,7.939,7.727,7.787,347982.7
2026-02-19 01:30:00,7.787,7.986,7.771,7.982,246952.1
2026-02-19 01:45:00,7.985,8.318,7.975,8.17,669338.3
2026-02-19 02:00:00,8.169,8.255,8.066,8.23,412194.8
2026-02-19 02:15:00,8.23,8.238,8.085,8.17,277350.5
2026-02-19 02:30:00,8.17,8.408,8.134,8.337,396803.7
2026-02-19 02:45:00,8.337,8.422,8.211,8.279,336217.9
2026-02-19 03:00:00,8.278,8.466,8.266,8.405,330358.7
2026-02-19 03:15:00,8.404,8.548,8.377,8.469,425375.8
2026-02-19 03:30:00,8.469,8.544,8.431,8.51,230579.2
2026-02-19 03:45:00,8.51,8.511,8.372,8.404,217526.5
2026-02-19 04:00:00,8.407,8.673,8.282,8.634,658960.6
2026-02-19 04:15:00,8.632,8.718,8.524,8.558,418951.5
2026-02-19 04:30:00,8.559,8.58,8.369,8.413,452100.9
2026-02-19 04:45:00,8.412,8.436,8.315,8.34,313089.3
2026-02-19 05:00:00,8.34,8.378,8.216,8.358,377520.4
2026-02-19 05:15:00,8.358,8.394,8.212,8.25,258016.1
2026-02-19 05:30:00,8.252,8.333,8.24,8.311,175340.2
2026-02-19 05:45:00,8.312,8.459,8.292,8.435,303268.7
2026-02-19 06:00:00,8.437,8.739,8.437,8.61,643381.4
2026-02-19 06:15:00,8.612,8.663,8.461,8.504,353769.1
2026-02-19 06:30:00,8.504,8.722,8.401,8.568,482628.9
2026-02-19 06:45:00,8.568,8.676,8.529,8.655,224544.0
2026-02-19 07:00:00,8.655,8.768,8.605,8.684,346202.3
2026-02-19 07:15:00,8.684,8.866,8.67,8.792,451677.2
2026-02-19 07:30:00,8.793,8.813,8.561,8.586,341648.5
2026-02-19 07:45:00,8.586,8.676,8.511,8.527,375071.4
2026-02-19 08:00:00,8.528,8.687,8.471,8.674,497534.7
2026-02-19 08:15:00,8.675,8.807,8.564,8.782,467496.6
2026-02-19 08:30:00,8.782,8.859,8.66,8.83,449985.2
2026-02-19 08:45:00,8.83,8.873,8.727,8.793,349656.4
2026-02-19 09:00:00,8.794,9.25,8.794,9.21,903361.0
2026-02-19 09:15:00,9.211,9.328,9.037,9.101,876660.6
2026-02-19 09:30:00,9.101,9.364,8.902,9.024,935603.1
2026-02-19 09:45:00,9.023,9.245,8.977,9.174,598159.3
2026-02-19 10:00:00,9.172,9.344,9.145,9.166,636543.8
2026-02-19 10:15:00,9.166,9.208,8.713,8.818,1104549.8
2026-02-19 10:30:00,8.823,8.995,8.775,8.791,600974.7
2026-02-19 10:45:00,8.791,8.869,8.55,8.703,672573.8
2026-02-19 11:00:00,8.703,8.969,8.678,8.777,630787.8
2026-02-19 11:15:00,8.776,8.939,8.77,8.856,361790.6
2026-02-19 11:30:00,8.855,8.876,8.561,8.625,616089.9
2026-02-19 11:45:00,8.625,8.689,8.564,8.576,377315.2
2026-02-19 12:00:00,8.577,8.618,8.3,8.333,1097793.7
2026-02-19 12:15:00,8.334,8.524,8.17,8.276,783109.9
2026-02-19 12:30:00,8.275,8.36,8.18,8.208,349246.3
2026-02-19 12:45:00,8.206,8.334,8.19,8.309,277222.4
2026-02-19 13:00:00,8.309,8.352,8.068,8.147,485656.4
2026-02-19 13:15:00,8.146,8.299,8.089,8.259,418937.8
2026-02-19 13:30:00,8.259,8.352,8.15,8.187,425959.0
2026-02-19 13:45:00,8.187,8.237,7.917,8.086,557140.2
2026-02-19 14:00:00,8.086,8.092,7.872,7.932,682393.7
2026-02-19 14:15:00,7.933,8.086,7.802,8.034,942602.2
2026-02-19 14:30:00,8.033,8.192,8.007,8.103,560914.8
2026-02-19 14:45:00,8.102,8.242,8.003,8.121,472796.6
2026-02-19 15:00:00,8.121,8.334,8.057,8.183,548750.0
2026-02-19 15:15:00,8.183,8.233,8.021,8.1,448465.4
2026-02-19 15:30:00,8.1,8.184,8.054,8.18,372384.7
2026-02-19 15:45:00,8.18,8.195,8.054,8.098,297725.9
2026-02-19 16:00:00,8.098,8.1,7.932,7.969,496154.8
2026-02-19 16:15:00,7.968,8.217,7.946,8.195,459258.3
2026-02-19 16:30:00,8.194,8.32,8.168,8.227,460404.0
2026-02-19 16:45:00,8.227,8.24,8.102,8.116,247028.2
2026-02-19 17:00:00,8.117,8.132,8.053,8.093,272331.3
2026-02-19 17:15:00,8.094,8.205,8.003,8.012,338562.4
2026-02-19 17:30:00,8.012,8.075,7.943,7.969,322626.0
2026-02-19 17:45:00,7.969,8.085,7.957,8.073,180530.2
2026-02-19 18:00:00,8.073,8.272,8.068,8.231,332416.8
2026-02-19 18:15:00,8.232,8.38,8.202,8.327,427369.1
2026-02-19 18:30:00,8.327,8.372,8.214,8.281,223550.7
2026-02-19 18:45:00,8.281,8.437,8.26,8.398,304254.8
2026-02-19 19:00:00,8.396,8.547,8.341,8.361,472238.1
2026-02-19 19:15:00,8.36,8.453,8.282,8.404,255045.5
2026-02-19 19:30:00,8.404,8.431,8.261,8.31,241072.4
2026-02-19 19:45:00,8.311,8.423,8.281,8.371,180963.3
2026-02-19 20:00:00,8.372,8.376,8.173,8.288,329707.4
2026-02-19 20:15:00,8.288,8.34,8.175,8.216,295861.6
2026-02-19 20:30:00,8.215,8.276,8.183,8.248,241521.7
2026-02-19 20:45:00,8.247,8.389,8.239,8.371,308414.5
2026-02-19 21:00:00,8.371,8.565,8.37,8.509,339922.5
2026-02-19 21:15:00,8.51,8.561,8.382,8.407,266578.0
2026-02-19 21:30:00,8.408,8.448,8.37,8.391,119965.1
2026-02-19 21:45:00,8.391,8.463,8.217,8.294,274534.3
2026-02-19 22:00:00,8.294,8.372,8.238,8.317,219151.6
2026-02-19 22:15:00,8.316,8.316,8.109,8.154,270349.0
2026-02-19 22:30:00,8.154,8.157,8.077,8.122,193172.6
2026-02-19 22:45:00,8.121,8.212,8.039,8.203,221461.9
2026-02-19 23:00:00,8.203,8.255,8.056,8.166,303398.4
2026-02-19 23:15:00,8.166,8.412,8.121,8.395,473027.0
2026-02-19 23:30:00,8.394,8.426,8.285,8.318,249215.0
2026-02-19 23:45:00,8.319,8.349,8.235,8.265,202725.2
2026-02-20 00:00:00,8.266,8.299,8.124,8.155,344089.8
2026-02-20 00:15:00,8.155,8.2,8.091,8.188,228970.5
2026-02-20 00:30:00,8.188,8.243,8.113,8.236,191007.8
2026-02-20 00:45:00,8.235,8.279,8.152,8.26,277684.6
2026-02-20 01:00:00,8.262,8.267,8.057,8.066,205719.0
2026-02-20 01:15:00,8.064,8.133,8.007,8.106,223038.9
2026-02-20 01:30:00,8.107,8.112,8.003,8.023,158129.9
2026-02-20 01:45:00,8.022,8.057,7.808,8.021,436578.1
2026-02-20 02:00:00,8.022,8.18,8.022,8.136,290842.4
2026-02-20 02:15:00,8.135,8.157,8.048,8.098,213632.0
2026-02-20 02:30:00,8.099,8.135,8.018,8.106,156762.0
2026-02-20 02:45:00,8.107,8.147,8.047,8.102,131505.3
2026-02-20 03:00:00,8.102,8.218,8.095,8.103,245247.8
2026-02-20 03:15:00,8.105,8.129,8.042,8.08,166692.7
2026-02-20 03:30:00,8.079,8.086,7.972,8.0,251769.6
2026-02-20 03:45:00,7.999,8.027,7.933,8.017,175355.8
2026-02-20 04:00:00,8.016,8.018,7.91,7.965,179733.4
2026-02-20 04:15:00,7.966,8.116,7.931,8.087,216914.2
2026-02-20 04:30:00,8.087,8.162,8.044,8.078,200190.8
2026-02-20 04:45:00,8.077,8.18,8.064,8.174,159216.4
2026-02-20 05:00:00,8.175,8.298,8.172,8.223,275957.8
2026-02-20 05:15:00,8.223,8.239,8.098,8.128,257493.7
2026-02-20 05:30:00,8.128,8.338,8.119,8.295,252837.4
2026-02-20 05:45:00,8.295,8.452,8.295,8.333,291806.8
2026-02-20 06:00:00,8.333,8.341,8.14,8.174,316774.9
2026-02-20 06:15:00,8.174,8.195,8.127,8.174,136599.1
2026-02-20 06:30:00,8.174,8.232,8.163,8.168,137324.9
2026-02-20 06:45:00,8.166,8.304,8.128,8.247,196460.6
2026-02-20 07:00:00,8.247,8.337,8.206,8.308,216643.5
2026-02-20 07:15:00,8.31,8.338,8.155,8.175,173004.3
2026-02-20 07:30:00,8.175,8.184,7.855,7.943,557659.3
2026-02-20 07:45:00,7.943,8.045,7.704,8.039,711983.6
2026-02-20 08:00:00,8.039,8.073,7.911,8.043,315476.9
2026-02-20 08:15:00,8.044,8.061,7.931,7.985,219249.7
2026-02-20 08:30:00,7.985,8.058,7.96,7.965,193569.9
2026-02-20 08:45:00,7.965,8.095,7.962,8.061,157588.9
2026-02-20 09:00:00,8.061,8.1,8.001,8.092,163655.0
2026-02-20 09:15:00,8.091,8.174,8.064,8.139,173943.1
2026-02-20 09:30:00,8.14,8.211,8.072,8.2,185143.8
2026-02-20 09:45:00,8.2,8.255,8.158,8.234,210018.6
2026-02-20 10:00:00,8.233,8.418,8.15,8.21,535174.0
2026-02-20 10:15:00,8.21,8.217,8.031,8.045,380543.7
2026-02-20 10:30:00,8.044,8.084,7.955,7.982,387018.5
2026-02-20 10:45:00,7.983,7.994,7.851,7.906,361652.1
2026-02-20 11:00:00,7.906,7.909,7.602,7.774,867273.1
2026-02-20 11:15:00,7.773,7.9,7.765,7.873,256984.1
2026-02-20 11:30:00,7.873,7.936,7.721,7.916,357900.0
2026-02-20 11:45:00,7.916,7.967,7.876,7.884,253466.2
2026-02-20 12:00:00,7.887,7.999,7.855,7.946,290363.8
2026-02-20 12:15:00,7.944,7.958,7.765,7.792,328102.7
2026-02-20 12:30:00,7.793,7.835,7.501,7.605,668263.9
2026-02-20 12:45:00,7.605,7.651,7.565,7.641,379437.2
2026-02-20 13:00:00,7.64,7.719,7.61,7.719,284298.9
2026-02-20 13:15:00,7.718,7.763,7.618,7.749,274224.1
2026-02-20 13:30:00,7.75,7.849,7.678,7.826,284600.1
2026-02-20 13:45:00,7.826,7.855,7.728,7.732,236575.9
2026-02-20 14:00:00,7.731,7.908,7.71,7.888,213792.4
2026-02-20 14:15:00,7.888,7.924,7.806,7.832,282834.6
2026-02-20 14:30:00,7.832,7.932,7.769,7.892,263006.6
2026-02-20 14:45:00,7.891,7.978,7.803,7.836,283633.8
2026-02-20 15:00:00,7.836,7.982,7.776,7.822,415545.7
2026-02-20 15:15:00,7.821,7.899,7.751,7.855,452834.5
2026-02-20 15:30:00,7.854,7.957,7.839,7.95,355728.1
2026-02-20 15:45:00,7.951,8.065,7.921,8.008,302975.2
2026-02-20 16:00:00,8.009,8.082,7.971,8.063,271620.0
2026-02-20 16:15:00,8.064,8.098,7.967,7.972,223709.9
2026-02-20 16:30:00,7.974,8.01,7.901,7.985,226876.5
2026-02-20 16:45:00,7.984,8.115,7.962,8.047,234228.7
2026-02-20 17:00:00,8.047,8.161,8.029,8.051,221622.2
2026-02-20 17:15:00,8.051,8.188,8.041,8.093,204931.9
2026-02-20 17:30:00,8.093,8.158,8.06,8.124,168218.0
2026-02-20 17:45:00,8.123,8.22,8.104,8.16,163630.5
2026-02-20 18:00:00,8.16,8.242,8.087,8.122,232014.1
2026-02-20 18:15:00,8.123,8.179,8.065,8.143,176793.4
2026-02-20 18:30:00,8.143,8.172,8.081,8.12,128889.8
2026-02-20 18:45:00,8.12,8.145,8.068,8.068,118756.1
2026-02-20 19:00:00,8.067,8.085,7.973,8.015,225237.7
2026-02-20 19:15:00,8.015,8.067,7.983,8.035,94030.2
2026-02-20 19:30:00,8.035,8.176,8.034,8.139,158688.8
2026-02-20 19:45:00,8.14,8.168,8.106,8.145,89566.4
2026-02-20 20:00:00,8.146,8.156,8.034,8.054,155037.2
2026-02-20 20:15:00,8.053,8.053,7.962,7.994,160507.9
2026-02-20 20:30:00,7.996,8.139,7.996,8.122,103674.2
2026-02-20 20:45:00,8.121,8.227,8.109,8.184,190694.6
2026-02-20 21:00:00,8.184,8.23,8.076,8.113,149119.8
2026-02-20 21:15:00,8.113,8.209,8.098,8.197,111316.0
2026-02-20 21:30:00,8.198,8.222,8.163,8.211,79198.5
2026-02-20 21:45:00,8.211,8.237,8.152,8.197,77463.0
2026-02-20 22:00:00,8.196,8.386,8.196,8.289,308003.2
2026-02-20 22:15:00,8.289,8.305,8.22,8.285,112739.1
2026-02-20 22:30:00,8.287,8.306,8.036,8.095,258870.5
2026-02-20 22:45:00,8.095,8.188,8.072,8.178,116848.5
2026-02-20 23:00:00,8.177,8.214,8.11,8.132,129388.1
2026-02-20 23:15:00,8.132,8.134,8.001,8.096,182588.4
2026-02-20 23:30:00,8.096,8.116,7.996,8.048,107505.0
2026-02-20 23:45:00,8.049,8.095,8.034,8.035,75395.6
2026-02-21 00:00:00,8.036,8.053,7.976,8.024,148370.2
2026-02-21 00:15:00,8.026,8.047,7.947,7.954,152616.1
2026-02-21 00:30:00,7.954,7.969,7.904,7.946,177307.8
2026-02-21 00:45:00,7.945,7.974,7.802,7.843,292785.4
2026-02-21 01:00:00,7.844,7.908,7.831,7.897,142792.5
2026-02-21 01:15:00,7.897,7.939,7.84,7.93,121873.4
2026-02-21 01:30:00,7.93,7.987,7.879,7.945,144600.3
2026-02-21 01:45:00,7.947,7.99,7.925,7.962,93083.0
2026-02-21 02:00:00,7.962,7.969,7.87,7.885,150527.9
2026-02-21 02:15:00,7.885,8.027,7.883,8.004,144073.0
2026-02-21 02:30:00,8.004,8.077,7.997,8.018,141497.7
2026-02-21 02:45:00,8.017,8.067,8.013,8.043,87061.6
2026-02-21 03:00:00,8.042,8.135,8.042,8.117,130278.7
2026-02-21 03:15:00,8.116,8.13,8.076,8.102,107963.1
2026-02-21 03:30:00,8.103,8.192,8.089,8.181,142542.5
2026-02-21 03:45:00,8.182,8.209,8.163,8.186,106249.0
2026-02-21 04:00:00,8.186,8.249,8.181,8.239,141318.1
2026-02-21 04:15:00,8.238,8.26,8.18,8.223,114661.7
2026-02-21 04:30:00,8.222,8.318,8.22,8.271,159296.5
2026-02-21 04:45:00,8.271,8.34,8.207,8.228,178599.6
2026-02-21 05:00:00,8.228,8.346,8.164,8.331,222048.6
2026-02-21 05:15:00,8.33,8.377,8.267,8.297,179110.1
2026-02-21 05:30:00,8.298,8.365,8.27,8.321,123818.9
2026-02-21 05:45:00,8.321,8.56,8.319,8.431,328308.3
2026-02-21 06:00:00,8.431,8.62,8.426,8.565,376411.9
2026-02-21 06:15:00,8.565,8.58,8.353,8.383,314818.3
2026-02-21 06:30:00,8.383,8.45,8.297,8.408,313314.6
2026-02-21 06:45:00,8.408,8.447,8.323,8.392,197984.8
2026-02-21 07:00:00,8.392,8.41,8.225,8.275,209769.7
2026-02-21 07:15:00,8.274,8.279,8.18,8.275,203050.5
2026-02-21 07:30:00,8.274,8.336,8.197,8.234,199229.9
2026-02-21 07:45:00,8.234,8.359,8.234,8.339,149394.0
2026-02-21 08:00:00,8.339,8.462,8.304,8.389,237571.3
2026-02-21 08:15:00,8.39,8.448,8.355,8.434,141808.5
2026-02-21 08:30:00,8.435,8.537,8.387,8.445,215203.3
2026-02-21 08:45:00,8.445,8.544,8.369,8.477,203241.0
2026-02-21 09:00:00,8.476,8.481,8.382,8.47,155170.8
2026-02-21 09:15:00,8.471,8.475,8.394,8.432,113559.1
2026-02-21 09:30:00,8.433,8.455,8.31,8.345,183852.1
2026-02-21 09:45:00,8.345,8.43,8.276,8.338,206979.7
2026-02-21 10:00:00,8.338,8.338,8.234,8.31,152015.4
2026-02-21 10:15:00,8.311,8.33,8.244,8.275,102311.4
2026-02-21 10:30:00,8.274,8.336,8.215,8.252,118703.6
2026-02-21 10:45:00,8.251,8.283,8.196,8.268,125505.6
2026-02-21 11:00:00,8.268,8.323,8.205,8.252,159406.6
2026-02-21 11:15:00,8.252,8.282,8.219,8.251,105613.1
2026-02-21 11:30:00,8.251,8.253,8.12,8.191,257832.1
2026-02-21 11:45:00,8.191,8.205,8.142,8.182,98959.0
2026-02-21 12:00:00,8.181,8.256,8.153,8.247,151069.6
2026-02-21 12:15:00,8.25,8.294,8.197,8.225,158309.6
2026-02-21 12:30:00,8.224,8.283,8.158,8.279,111997.9
2026-02-21 12:45:00,8.28,8.287,8.236,8.277,104543.1
2026-02-21 13:00:00,8.278,8.418,8.276,8.343,339753.2
2026-02-21 13:15:00,8.344,8.415,8.32,8.363,140305.8
2026-02-21 13:30:00,8.363,8.381,8.291,8.335,137472.4
2026-02-21 13:45:00,8.334,8.4,8.201,8.25,205988.2
2026-02-21 14:00:00,8.251,8.27,8.163,8.19,202353.8
2026-02-21 14:15:00,8.189,8.267,8.172,8.185,161757.2
2026-02-21 14:30:00,8.186,8.198,8.005,8.097,419577.9
2026-02-21 14:45:00,8.097,8.149,8.04,8.092,215942.4
2026-02-21 15:00:00,8.092,8.173,8.092,8.146,142497.7
2026-02-21 15:15:00,8.146,8.203,8.119,8.195,112061.8
2026-02-21 15:30:00,8.195,8.229,8.068,8.146,228753.3
2026-02-21 15:45:00,8.146,8.27,8.075,8.215,177963.0
2026-02-21 16:00:00,8.215,8.29,8.175,8.254,212435.4
2026-02-21 16:15:00,8.253,8.387,8.205,8.244,332827.0
2026-02-21 16:30:00,8.245,8.32,8.207,8.291,180072.3
2026-02-21 16:45:00,8.291,8.343,8.26,8.299,106929.1
2026-02-21 17:00:00,8.299,8.349,8.286,8.309,123986.9
2026-02-21 17:15:00,8.311,8.326,8.249,8.263,93751.4
2026-02-21 17:30:00,8.262,8.341,8.252,8.324,83067.0
2026-02-21 17:45:00,8.325,8.35,8.302,8.319,75844.0
2026-02-21 18:00:00,8.318,8.346,8.254,8.263,112421.0
2026-02-21 18:15:00,8.264,8.3,8.181,8.209,118542.2
2026-02-21 18:30:00,8.21,8.22,8.099,8.127,186278.1
2026-02-21 18:45:00,8.127,8.154,8.041,8.088,159641.7
2026-02-21 19:00:00,8.089,8.1,7.943,7.97,278414.8
2026-02-21 19:15:00,7.97,8.059,7.904,8.033,254833.3
2026-02-21 19:30:00,8.034,8.066,7.975,8.026,131893.1
2026-02-21 19:45:00,8.026,8.059,7.954,7.981,92214.0
2026-02-21 20:00:00,7.982,8.029,7.964,8.0,90543.4
2026-02-21 20:15:00,8.0,8.036,7.98,8.017,67165.9
2026-02-21 20:30:00,8.018,8.039,7.913,7.964,167388.3
2026-02-21 20:45:00,7.963,7.968,7.85,7.891,195824.2
2026-02-21 21:00:00,7.891,7.921,7.844,7.912,115573.8
2026-02-21 21:15:00,7.912,8.062,7.912,8.009,150070.9
2026-02-21 21:30:00,8.007,8.042,7.981,7.993,61102.5
2026-02-21 21:45:00,7.994,8.025,7.966,8.01,48408.5
2026-02-21 22:00:00,8.01,8.039,7.975,8.012,57001.4
2026-02-21 22:15:00,8.013,8.039,7.882,7.977,135371.1
2026-02-21 22:30:00,7.977,7.993,7.909,7.979,83006.2
2026-02-21 22:45:00,7.979,7.983,7.938,7.97,38724.6
2026-02-21 23:00:00,7.97,8.024,7.872,7.95,176355.1
2026-02-21 23:15:00,7.95,8.074,7.94,8.041,148474.9
2026-02-21 23:30:00,8.042,8.05,7.997,8.012,56457.2
2026-02-21 23:45:00,8.014,8.029,7.984,8.014,53064.4
2026-02-22 00:00:00,8.015,8.018,7.939,7.961,113385.1
2026-02-22 00:15:00,7.96,7.974,7.868,7.89,178900.1
2026-02-22 00:30:00,7.891,7.917,7.56,7.808,608132.1
2026-02-22 00:45:00,7.809,7.884,7.808,7.871,110593.2
2026-02-22 01:00:00,7.871,7.888,7.814,7.858,86963.7
2026-02-22 01:15:00,7.858,7.943,7.852,7.931,109144.3
2026-02-22 01:30:00,7.931,7.935,7.867,7.904,81035.7
2026-02-22 01:45:00,7.901,7.969,7.876,7.936,115499.8
2026-02-22 02:00:00,7.935,7.992,7.89,7.971,100106.9
2026-02-22 02:15:00,7.972,8.013,7.941,7.956,90668.8
2026-02-22 02:30:00,7.956,7.961,7.821,7.881,182761.3
2026-02-22 02:45:00,7.881,7.925,7.825,7.865,127475.8
2026-02-22 03:00:00,7.866,7.985,7.85,7.969,115495.4
2026-02-22 03:15:00,7.968,7.974,7.898,7.951,94722.0
2026-02-22 03:30:00,7.95,7.959,7.883,7.908,75913.4
2026-02-22 03:45:00,7.906,7.93,7.855,7.927,66309.7
2026-02-22 04:00:00,7.926,7.966,7.891,7.948,80309.1
2026-02-22 04:15:00,7.949,7.95,7.905,7.927,48961.8
2026-02-22 04:30:00,7.927,7.927,7.884,7.903,47403.3
2026-02-22 04:45:00,7.902,7.934,7.855,7.87,99368.6
2026-02-22 05:00:00,7.871,7.928,7.866,7.886,55397.9
2026-02-22 05:15:00,7.885,7.925,7.885,7.919,35015.4
2026-02-22 05:30:00,7.918,7.958,7.863,7.871,76226.4
2026-02-22 05:45:00,7.871,7.897,7.827,7.885,116988.4
2026-02-22 06:00:00,7.884,7.984,7.881,7.949,139077.4
2026-02-22 06:15:00,7.949,8.031,7.939,8.006,139378.4
2026-02-22 06:30:00,8.006,8.045,8.001,8.037,99786.7
2026-02-22 06:45:00,8.037,8.044,7.973,7.999,76326.2
2026-02-22 07:00:00,7.999,7.999,7.94,7.956,79436.9
2026-02-22 07:15:00,7.957,8.075,7.943,8.041,142564.7
2026-02-22 07:30:00,8.041,8.065,7.973,7.997,103351.5
2026-02-22 07:45:00,7.996,8.021,7.975,7.992,52096.2
2026-02-22 08:00:00,7.992,8.009,7.961,8.005,48770.4
2026-02-22 08:15:00,8.004,8.056,7.998,8.039,73832.1
2026-02-22 08:30:00,8.039,8.071,8.008,8.044,82990.3
2026-02-22 08:45:00,8.043,8.249,8.03,8.14,215406.3
2026-02-22 09:00:00,8.14,8.223,8.134,8.175,184117.1
2026-02-22 09:15:00,8.176,8.196,8.14,8.173,84863.7
2026-02-22 09:30:00,8.172,8.2,8.085,8.193,154298.4
2026-02-22 09:45:00,8.195,8.283,8.186,8.235,172375.6
2026-02-22 10:00:00,8.237,8.325,8.23,8.26,211121.4
2026-02-22 10:15:00,8.26,8.307,8.203,8.239,154525.0
2026-02-22 10:30:00,8.238,8.367,8.238,8.332,211020.4
2026-02-22 10:45:00,8.333,8.351,8.301,8.329,95185.7
2026-02-22 11:00:00,8.329,8.39,8.315,8.322,125716.3
2026-02-22 11:15:00,8.321,8.371,8.204,8.257,249269.3
2026-02-22 11:30:00,8.257,8.331,8.234,8.262,135388.1
2026-02-22 11:45:00,8.262,8.456,8.241,8.436,247138.5
2026-02-22 12:00:00,8.436,8.498,8.342,8.405,269587.7
2026-02-22 12:15:00,8.405,8.48,8.351,8.391,195166.8
2026-02-22 12:30:00,8.391,8.42,8.289,8.306,179034.2
2026-02-22 12:45:00,8.306,8.336,8.251,8.269,160605.1
2026-02-22 13:00:00,8.269,8.27,8.09,8.211,349633.4
2026-02-22 13:15:00,8.211,8.247,8.087,8.173,192409.5
2026-02-22 13:30:00,8.174,8.261,8.142,8.179,177005.0
2026-02-22 13:45:00,8.178,8.249,8.155,8.206,112729.6
2026-02-22 14:00:00,8.204,8.352,8.193,8.336,178069.9
2026-02-22 14:15:00,8.336,8.393,8.261,8.303,172534.9
2026-02-22 14:30:00,8.305,8.443,8.297,8.371,330991.5
2026-02-22 14:45:00,8.371,8.41,8.325,8.335,127944.8
2026-02-22 15:00:00,8.336,8.4,8.277,8.364,135388.7
2026-02-22 15:15:00,8.363,8.389,8.292,8.341,123564.5
2026-02-22 15:30:00,8.34,8.34,8.193,8.287,216338.0
2026-02-22 15:45:00,8.287,8.297,8.156,8.178,124432.5
2026-02-22 16:00:00,8.179,8.228,8.12,8.144,156004.8
2026-02-22 16:15:00,8.143,8.185,8.103,8.129,117709.8
2026-02-22 16:30:00,8.13,8.173,8.112,8.148,89814.7
2026-02-22 16:45:00,8.147,8.23,8.147,8.17,145697.5
2026-02-22 17:00:00,8.171,8.188,8.013,8.059,187637.7
2026-02-22 17:15:00,8.06,8.069,7.91,7.917,303061.8
2026-02-22 17:30:00,7.917,7.964,7.848,7.873,271436.5
2026-02-22 17:45:00,7.874,7.945,7.819,7.917,232042.3
2026-02-22 18:00:00,7.916,7.917,7.861,7.884,137013.6
2026-02-22 18:15:00,7.884,7.898,7.833,7.88,134862.9
2026-02-22 18:30:00,7.88,8.022,7.847,7.955,182848.2
2026-02-22 18:45:00,7.951,8.014,7.946,7.98,102911.8
2026-02-22 19:00:00,7.979,8.025,7.957,7.957,99560.4
2026-02-22 19:15:00,7.957,8.077,7.953,8.02,121774.4
2026-02-22 19:30:00,8.019,8.056,7.99,8.014,68324.9
2026-02-22 19:45:00,8.013,8.013,7.96,7.977,67455.8
2026-02-22 20:00:00,7.977,7.985,7.934,7.95,58931.7
2026-02-22 20:15:00,7.95,7.978,7.94,7.966,37530.1
2026-02-22 20:30:00,7.966,8.032,7.961,8.015,52196.2
2026-02-22 20:45:00,8.015,8.031,7.97,7.973,60500.5
2026-02-22 21:00:00,7.973,8.028,7.937,7.946,72534.8
2026-02-22 21:15:00,7.946,7.974,7.88,7.892,77111.2
2026-02-22 21:30:00,7.892,7.918,7.865,7.902,67323.2
2026-02-22 21:45:00,7.901,7.958,7.892,7.95,52296.3
2026-02-22 22:00:00,7.952,7.982,7.939,7.961,51053.0
2026-02-22 22:15:00,7.961,7.969,7.894,7.899,66040.7
2026-02-22 22:30:00,7.9,7.949,7.885,7.943,67198.5
2026-02-22 22:45:00,7.944,8.045,7.94,8.042,108942.6
2026-02-22 23:00:00,8.04,8.041,7.972,7.991,82898.9
2026-02-22 23:15:00,7.987,8.09,7.984,8.005,90050.7
2026-02-22 23:30:00,8.005,8.062,7.988,8.011,108575.2
2026-02-22 23:45:00,8.011,8.035,7.98,7.998,74520.1
2026-02-23 00:00:00,7.998,8.023,7.946,7.975,78129.8
2026-02-23 00:15:00,7.975,8.011,7.947,7.966,70720.7
2026-02-23 00:30:00,7.966,7.985,7.838,7.947,191837.8
2026-02-23 00:45:00,7.945,7.989,7.878,7.887,87369.1
2026-02-23 01:00:00,7.888,7.901,7.068,7.449,1958374.9
2026-02-23 01:15:00,7.45,7.599,7.404,7.555,489756.0
2026-02-23 01:30:00,7.554,7.71,7.509,7.672,399954.9
2026-02-23 01:45:00,7.672,7.695,7.556,7.64,293682.1
2026-02-23 02:00:00,7.639,7.846,7.62,7.83,274776.5
2026-02-23 02:15:00,7.83,7.869,7.787,7.862,172015.7
2026-02-23 02:30:00,7.861,7.97,7.842,7.933,237909.1
2026-02-23 02:45:00,7.933,7.987,7.921,7.978,123703.6
2026-02-23 03:00:00,7.979,8.044,7.934,7.997,185050.1
2026-02-23 03:15:00,7.997,8.041,7.942,8.023,159740.9
2026-02-23 03:30:00,8.021,8.036,7.969,8.013,93511.0
2026-02-23 03:45:00,8.012,8.066,7.95,7.976,132182.6
2026-02-23 04:00:00,7.976,8.0,7.919,7.984,98984.5
2026-02-23 04:15:00,7.985,8.041,7.96,8.023,96728.2
2026-02-23 04:30:00,8.022,8.035,7.984,8.0,79310.0
2026-02-23 04:45:00,7.999,8.06,7.987,8.012,82168.8
2026-02-23 05:00:00,8.011,8.048,7.962,7.977,92198.4
2026-02-23 05:15:00,7.978,8.001,7.942,7.989,107208.4
2026-02-23 05:30:00,7.99,8.03,7.972,8.015,88170.5
2026-02-23 05:45:00,8.015,8.054,7.972,7.981,88922.7
2026-02-23 06:00:00,7.981,8.22,7.974,8.178,321567.2
2026-02-23 06:15:00,8.177,8.306,8.171,8.2,295429.2
2026-02-23 06:30:00,8.2,8.27,8.18,8.238,109993.2
2026-02-23 06:45:00,8.238,8.292,8.167,8.244,140555.5
2026-02-23 07:00:00,8.244,8.275,8.175,8.19,169443.0
2026-02-23 07:15:00,8.19,8.213,8.089,8.203,191996.3
2026-02-23 07:30:00,8.202,8.306,8.19,8.254,162285.8
2026-02-23 07:45:00,8.255,8.31,8.233,8.275,94748.5
2026-02-23 08:00:00,8.275,8.297,8.193,8.254,112684.4
2026-02-23 08:15:00,8.253,8.267,8.17,8.237,101861.6
2026-02-23 08:30:00,8.237,8.296,8.184,8.219,121541.1
2026-02-23 08:45:00,8.218,8.274,8.13,8.243,181144.3
2026-02-23 09:00:00,8.243,8.261,8.106,8.169,161446.1
2026-02-23 09:15:00,8.169,8.194,8.109,8.166,81469.9
2026-02-23 09:30:00,8.165,8.278,8.158,8.263,128145.9
2026-02-23 09:45:00,8.264,8.294,8.212,8.242,124278.0
2026-02-23 10:00:00,8.241,8.319,8.233,8.257,100211.6
2026-02-23 10:15:00,8.257,8.299,8.203,8.221,74155.4
2026-02-23 10:30:00,8.222,8.249,8.18,8.233,94177.2
2026-02-23 10:45:00,8.232,8.255,8.168,8.214,77168.3
2026-02-23 11:00:00,8.215,8.27,8.208,8.231,61661.4
2026-02-23 11:15:00,8.231,8.249,8.181,8.19,61427.7
2026-02-23 11:30:00,8.19,8.23,8.173,8.211,59314.4
2026-02-23 11:45:00,8.213,8.221,8.113,8.163,133268.3
2026-02-23 12:00:00,8.162,8.189,8.126,8.15,68959.6
2026-02-23 12:15:00,8.151,8.222,8.116,8.19,76875.3
2026-02-23 12:30:00,8.19,8.234,8.151,8.183,76383.7
2026-02-23 12:45:00,8.182,8.194,8.064,8.119,144225.1
2026-02-23 13:00:00,8.121,8.125,7.941,7.991,283695.5
2026-02-23 13:15:00,7.99,8.062,7.901,8.052,244493.4
2026-02-23 13:30:00,8.051,8.058,7.94,7.968,147913.9
2026-02-23 13:45:00,7.968,8.008,7.902,7.941,145860.3
2026-02-23 14:00:00,7.942,7.956,7.867,7.928,173148.6
2026-02-23 14:15:00,7.928,7.959,7.814,7.844,158387.2
2026-02-23 14:30:00,7.845,7.918,7.834,7.869,156211.9
2026-02-23 14:45:00,7.868,7.952,7.851,7.9,152061.3
2026-02-23 15:00:00,7.9,7.959,7.874,7.944,117797.1
2026-02-23 15:15:00,7.943,8.0,7.94,7.969,133438.4
2026-02-23 15:30:00,7.97,8.016,7.957,8.0,101838.7
2026-02-23 15:45:00,8.001,8.008,7.956,7.97,79014.4
2026-02-23 16:00:00,7.971,8.005,7.92,7.984,137829.0
2026-02-23 16:15:00,7.984,8.029,7.833,7.864,175761.5
2026-02-23 16:30:00,7.862,7.902,7.815,7.831,159543.1
2026-02-23 16:45:00,7.831,7.833,7.754,7.813,252933.3
2026-02-23 17:00:00,7.813,7.857,7.773,7.788,153140.9
2026-02-23 17:15:00,7.787,7.829,7.765,7.8,101614.3
2026-02-23 17:30:00,7.799,7.826,7.784,7.82,68436.2
2026-02-23 17:45:00,7.819,7.843,7.774,7.807,88303.6
2026-02-23 18:00:00,7.806,7.823,7.775,7.8,65339.2
2026-02-23 18:15:00,7.801,7.836,7.765,7.82,63946.2
2026-02-23 18:30:00,7.819,7.878,7.813,7.857,79750.4
2026-02-23 18:45:00,7.858,7.866,7.82,7.842,42561.7
2026-02-23 19:00:00,7.842,7.878,7.839,7.866,45588.3
2026-02-23 19:15:00,7.867,7.917,7.862,7.896,54849.5
2026-02-23 19:30:00,7.894,7.966,7.893,7.929,74646.4
2026-02-23 19:45:00,7.929,7.976,7.911,7.942,56337.4
2026-02-23 20:00:00,7.943,7.944,7.793,7.825,105223.6
2026-02-23 20:15:00,7.827,7.846,7.788,7.805,60234.8
2026-02-23 20:30:00,7.805,7.837,7.797,7.829,43304.3
2026-02-23 20:45:00,7.829,7.859,7.823,7.852,42197.6
2026-02-23 21:00:00,7.852,7.866,7.818,7.851,41947.7
2026-02-23 21:15:00,7.851,7.892,7.85,7.883,44144.9
2026-02-23 21:30:00,7.883,7.929,7.876,7.911,34044.0
2026-02-23 21:45:00,7.911,8.016,7.893,7.986,102028.6
2026-02-23 22:00:00,7.988,8.2,7.988,8.155,198665.1
2026-02-23 22:15:00,8.155,8.247,8.155,8.203,152653.4
2026-02-23 22:30:00,8.204,8.365,8.202,8.338,204215.7
2026-02-23 22:45:00,8.341,8.396,8.261,8.371,174958.0
2026-02-23 23:00:00,8.371,8.484,8.371,8.435,235667.1
2026-02-23 23:15:00,8.435,8.783,8.434,8.708,531059.9
2026-02-23 23:30:00,8.71,8.748,8.558,8.633,427487.8
2026-02-23 23:45:00,8.635,8.819,8.535,8.798,421197.7
2026-02-24 00:00:00,8.797,9.17,8.75,9.16,644264.9
2026-02-24 00:15:00,9.159,9.45,9.041,9.416,959927.4
2026-02-24 00:30:00,9.415,9.664,9.301,9.58,938034.9
2026-02-24 00:45:00,9.58,9.651,8.798,8.97,1673096.5
2026-02-24 01:00:00,8.968,9.2,8.837,8.999,837077.6
2026-02-24 01:15:00,8.999,9.206,8.771,9.17,824302.8
2026-02-24 01:30:00,9.17,9.202,8.88,9.045,472637.9
2026-02-24 01:45:00,9.044,9.058,8.655,8.762,586445.1
2026-02-24 02:00:00,8.762,8.868,8.67,8.843,387680.5
2026-02-24 02:15:00,8.844,8.858,8.546,8.615,442470.6
2026-02-24 02:30:00,8.616,8.726,8.57,8.705,223301.6
2026-02-24 02:45:00,8.707,8.721,8.33,8.446,584809.2
2026-02-24 03:00:00,8.445,8.488,8.316,8.36,260871.3
2026-02-24 03:15:00,8.36,8.482,8.239,8.275,378201.4
2026-02-24 03:30:00,8.274,8.338,8.206,8.284,248978.1
2026-02-24 03:45:00,8.284,8.42,8.279,8.334,249096.8
2026-02-24 04:00:00,8.334,8.35,8.133,8.251,373642.4
2026-02-24 04:15:00,8.251,8.337,8.238,8.294,144105.3
2026-02-24 04:30:00,8.293,8.404,8.21,8.242,212823.8
2026-02-24 04:45:00,8.242,8.269,8.16,8.242,176774.8
2026-02-24 05:00:00,8.242,8.308,8.209,8.218,149217.9
2026-02-24 05:15:00,8.22,8.27,8.143,8.244,169617.3
2026-02-24 05:30:00,8.245,8.349,8.222,8.303,132460.7
2026-02-24 05:45:00,8.302,8.358,8.28,8.347,140192.8
2026-02-24 06:00:00,8.348,8.383,8.281,8.365,159958.9
2026-02-24 06:15:00,8.365,8.437,8.32,8.384,175900.0
2026-02-24 06:30:00,8.384,8.46,8.352,8.43,144727.8
2026-02-24 06:45:00,8.431,8.55,8.401,8.536,164475.0
2026-02-24 07:00:00,8.535,8.545,8.308,8.344,278133.8
2026-02-24 07:15:00,8.344,8.354,8.18,8.234,227349.6
2026-02-24 07:30:00,8.234,8.305,8.226,8.272,136801.8
2026-02-24 07:45:00,8.271,8.282,8.145,8.241,147751.4
2026-02-24 08:00:00,8.242,8.255,8.15,8.201,104519.4
2026-02-24 08:15:00,8.201,8.332,8.173,8.307,120594.4
2026-02-24 08:30:00,8.307,8.407,8.3,8.358,127178.3
2026-02-24 08:45:00,8.358,8.383,8.327,8.337,68348.7
2026-02-24 09:00:00,8.337,8.457,8.231,8.408,203834.3
2026-02-24 09:15:00,8.408,8.5,8.351,8.475,148478.2
2026-02-24 09:30:00,8.476,8.531,8.409,8.503,180887.2
2026-02-24 09:45:00,8.505,8.515,8.411,8.445,107574.9
2026-02-24 10:00:00,8.446,8.643,8.439,8.564,272054.4
2026-02-24 10:15:00,8.564,8.768,8.551,8.756,267375.3
2026-02-24 10:30:00,8.755,8.773,8.635,8.706,195744.2
2026-02-24 10:45:00,8.705,8.711,8.6,8.707,119765.0
2026-02-24 11:00:00,8.707,8.935,8.685,8.91,234973.4
2026-02-24 11:15:00,8.909,9.033,8.474,8.598,698330.6
2026-02-24 11:30:00,8.599,8.646,8.421,8.492,364576.8
2026-02-24 11:45:00,8.494,8.519,8.375,8.498,210732.6
2026-02-24 12:00:00,8.498,8.598,8.464,8.547,170061.1
2026-02-24 12:15:00,8.547,8.554,8.407,8.416,149310.4
2026-02-24 12:30:00,8.415,8.458,8.31,8.444,201523.0
2026-02-24 12:45:00,8.445,8.473,8.415,8.467,106001.4
2026-02-24 13:00:00,8.466,8.498,8.367,8.402,130402.3
2026-02-24 13:15:00,8.404,8.46,8.362,8.432,90401.7
2026-02-24 13:30:00,8.433,8.489,8.37,8.485,150491.4
2026-02-24 13:45:00,8.486,8.595,8.455,8.563,181757.9
2026-02-24 14:00:00,8.563,8.797,8.511,8.708,291937.6
2026-02-24 14:15:00,8.709,8.807,8.654,8.674,224348.1
2026-02-24 14:30:00,8.675,8.788,8.651,8.714,170361.5
2026-02-24 14:45:00,8.715,8.826,8.658,8.687,191207.1
2026-02-24 15:00:00,8.687,8.693,8.557,8.629,208471.1
2026-02-24 15:15:00,8.628,8.684,8.594,8.631,120940.1
2026-02-24 15:30:00,8.629,8.871,8.608,8.85,227298.2
2026-02-24 15:45:00,8.849,8.935,8.751,8.818,202952.4
2026-02-24 16:00:00,8.819,9.003,8.819,8.837,395344.0
2026-02-24 16:15:00,8.835,8.874,8.71,8.87,255853.6
2026-02-24 16:30:00,8.87,9.18,8.863,9.1,420044.7
2026-02-24 16:45:00,9.099,9.262,9.065,9.208,428782.1
2026-02-24 17:00:00,9.208,9.393,9.18,9.32,384934.1
2026-02-24 17:15:00,9.319,9.322,8.943,9.156,519199.8
2026-02-24 17:30:00,9.156,9.398,9.14,9.343,299923.1
2026-02-24 17:45:00,9.344,9.516,9.337,9.51,433845.6
2026-02-24 18:00:00,9.512,9.588,9.363,9.438,448813.7
2026-02-24 18:15:00,9.437,9.499,9.264,9.353,366354.9
2026-02-24 18:30:00,9.353,9.361,9.118,9.167,282362.3
2026-02-24 18:45:00,9.166,9.247,9.118,9.193,174390.9
2026-02-24 19:00:00,9.193,9.235,9.056,9.128,219425.1
2026-02-24 19:15:00,9.127,9.463,9.111,9.318,311380.6
2026-02-24 19:30:00,9.319,9.319,9.171,9.213,148852.2
2026-02-24 19:45:00,9.211,9.296,9.203,9.257,95599.3
2026-02-24 20:00:00,9.258,9.415,9.173,9.373,170266.4
2026-02-24 20:15:00,9.373,9.873,9.351,9.579,724327.4
2026-02-24 20:30:00,9.579,9.668,9.425,9.503,184977.1
2026-02-24 20:45:00,9.502,9.545,9.426,9.482,161943.1
2026-02-24 21:00:00,9.482,9.491,9.3,9.446,201089.3
2026-02-24 21:15:00,9.447,9.482,9.339,9.359,135307.8
2026-02-24 21:30:00,9.36,9.504,9.34,9.443,122217.0
2026-02-24 21:45:00,9.445,9.453,9.241,9.306,158205.4
2026-02-24 22:00:00,9.308,9.321,9.104,9.168,243435.7
2026-02-24 22:15:00,9.168,9.177,9.023,9.057,146694.9
2026-02-24 22:30:00,9.059,9.115,8.903,8.943,186254.3
2026-02-24 22:45:00,8.941,8.942,8.712,8.803,292875.4
2026-02-24 23:00:00,8.804,8.842,8.596,8.631,318542.7
2026-02-24 23:15:00,8.63,8.634,8.492,8.502,304919.5
2026-02-24 23:30:00,8.502,8.795,8.494,8.678,450066.4
2026-02-24 23:45:00,8.678,8.762,8.609,8.61,218885.4
2026-02-25 00:00:00,8.609,8.703,8.551,8.62,160335.1
2026-02-25 00:15:00,8.62,8.729,8.541,8.579,139069.0
2026-02-25 00:30:00,8.58,8.619,8.531,8.601,158311.1
2026-02-25 00:45:00,8.602,8.692,8.591,8.665,121575.0
2026-02-25 01:00:00,8.665,8.846,8.573,8.775,246034.9
2026-02-25 01:15:00,8.776,8.95,8.761,8.887,274414.9
2026-02-25 01:30:00,8.888,9.055,8.831,8.915,284594.8
2026-02-25 01:45:00,8.916,8.917,8.728,8.896,197047.3
2026-02-25 02:00:00,8.895,9.068,8.893,9.014,176421.5
2026-02-25 02:15:00,9.015,9.107,8.968,9.043,143398.0
2026-02-25 02:30:00,9.044,9.09,8.932,9.01,116722.7
2026-02-25 02:45:00,9.01,9.025,8.851,8.913,164597.5
2026-02-25 03:00:00,8.912,9.199,8.911,9.153,191532.2
2026-02-25 03:15:00,9.155,9.267,9.121,9.138,246811.8
2026-02-25 03:30:00,9.138,9.168,9.03,9.13,167050.2
2026-02-25 03:45:00,9.129,9.238,9.066,9.195,112662.2
2026-02-25 04:00:00,9.194,9.3,9.086,9.265,177283.6
2026-02-25 04:15:00,9.265,9.407,9.235,9.253,224602.0
2026-02-25 04:30:00,9.255,9.4,9.221,9.349,142921.4
2026-02-25 04:45:00,9.35,9.486,9.335,9.395,171199.9
2026-02-25 05:00:00,9.396,9.484,9.3,9.364,170746.5
2026-02-25 05:15:00,9.366,9.468,9.185,9.44,280992.6
2026-02-25 05:30:00,9.44,9.48,9.185,9.276,228458.5
2026-02-25 05:45:00,9.276,9.325,9.194,9.301,133958.1
2026-02-25 06:00:00,9.301,9.341,9.212,9.225,114421.3
2026-02-25 06:15:00,9.224,9.32,9.087,9.133,209531.9
2026-02-25 06:30:00,9.132,9.342,9.127,9.329,136357.2
2026-02-25 06:45:00,9.329,9.397,9.242,9.295,193104.6
2026-02-25 07:00:00,9.299,9.358,9.218,9.288,146422.1
2026-02-25 07:15:00,9.287,9.289,9.067,9.165,167576.7
2026-02-25 07:30:00,9.165,9.22,9.071,9.175,110031.3
2026-02-25 07:45:00,9.176,9.276,9.117,9.163,108215.7
2026-02-25 08:00:00,9.164,9.246,9.116,9.215,85566.3
2026-02-25 08:15:00,9.217,9.342,9.213,9.298,152699.8
2026-02-25 08:30:00,9.298,9.458,9.285,9.403,152687.5
2026-02-25 08:45:00,9.402,9.512,9.345,9.443,200477.8
2026-02-25 09:00:00,9.443,9.51,9.302,9.326,199681.6
2026-02-25 09:15:00,9.326,9.445,9.266,9.356,166814.7
2026-02-25 09:30:00,9.356,9.36,9.27,9.302,99620.9
2026-02-25 09:45:00,9.303,9.35,9.217,9.266,138130.5
2026-02-25 10:00:00,9.267,9.413,9.25,9.376,109330.0
2026-02-25 10:15:00,9.376,9.429,9.282,9.335,130773.6
2026-02-25 10:30:00,9.334,9.41,9.331,9.368,85532.5
2026-02-25 10:45:00,9.367,9.426,9.36,9.412,80195.9
2026-02-25 11:00:00,9.413,9.518,9.368,9.389,168130.3
2026-02-25 11:15:00,9.389,9.476,9.325,9.379,124083.5
2026-02-25 11:30:00,9.38,9.4,9.282,9.321,104507.7
2026-02-25 11:45:00,9.321,9.343,9.251,9.302,97891.4
2026-02-25 12:00:00,9.302,9.368,9.28,9.331,95894.7
2026-02-25 12:15:00,9.331,9.435,9.258,9.41,123082.9
2026-02-25 12:30:00,9.41,9.495,9.338,9.481,131848.8
2026-02-25 12:45:00,9.48,9.543,9.419,9.467,173277.3
2026-02-25 13:00:00,9.467,9.503,9.413,9.457,120738.9
2026-02-25 13:15:00,9.457,9.509,9.38,9.479,121014.2
2026-02-25 13:30:00,9.48,9.494,9.328,9.355,143351.6
2026-02-25 13:45:00,9.356,9.497,9.332,9.482,125424.3
2026-02-25 14:00:00,9.481,9.516,9.39,9.41,124442.4
2026-02-25 14:15:00,9.409,9.43,9.112,9.185,342485.1
2026-02-25 14:30:00,9.187,9.255,8.964,9.052,357456.6
2026-02-25 14:45:00,9.052,9.166,8.994,9.046,210032.1
2026-02-25 15:00:00,9.045,9.163,9.005,9.051,205686.9
2026-02-25 15:15:00,9.049,9.139,9.041,9.115,112088.9
2026-02-25 15:30:00,9.116,9.247,9.11,9.146,149310.3
2026-02-25 15:45:00,9.146,9.225,9.087,9.111,92870.4
2026-02-25 16:00:00,9.112,9.202,8.88,8.927,374403.6
2026-02-25 16:15:00,8.927,9.05,8.926,9.001,161412.1
2026-02-25 16:30:00,9.001,9.049,8.914,8.99,99538.2
2026-02-25 16:45:00,8.99,9.238,8.968,9.172,190925.7
2026-02-25 17:00:00,9.173,9.343,9.159,9.268,205876.5
2026-02-25 17:15:00,9.267,9.359,9.205,9.259,109903.4
2026-02-25 17:30:00,9.26,9.272,9.167,9.259,119507.1
2026-02-25 17:45:00,9.259,9.293,9.183,9.205,92448.0
2026-02-25 18:00:00,9.205,9.229,8.9,8.925,274869.2
2026-02-25 18:15:00,8.926,8.94,8.625,8.732,440775.7
2026-02-25 18:30:00,8.734,8.734,8.555,8.567,222615.0
2026-02-25 18:45:00,8.569,8.695,8.544,8.663,143634.4
2026-02-25 19:00:00,8.664,8.686,8.546,8.641,119575.0
2026-02-25 19:15:00,8.641,8.699,8.607,8.697,104669.3
2026-02-25 19:30:00,8.697,8.724,8.627,8.698,83879.6
2026-02-25 19:45:00,8.697,8.759,8.622,8.668,93793.3
2026-02-25 20:00:00,8.668,8.7,8.565,8.579,88983.8
2026-02-25 20:15:00,8.578,8.73,8.55,8.723,95410.0
2026-02-25 20:30:00,8.723,8.79,8.689,8.762,106189.7
2026-02-25 20:45:00,8.762,8.839,8.728,8.827,109672.2
2026-02-25 21:00:00,8.827,8.937,8.807,8.9,131710.1
2026-02-25 21:15:00,8.901,9.007,8.887,8.981,132094.1
2026-02-25 21:30:00,8.983,9.198,8.983,9.089,215201.9
2026-02-25 21:45:00,9.091,9.135,8.945,9.041,142100.8
2026-02-25 22:00:00,9.042,9.059,8.946,9.026,87845.7
2026-02-25 22:15:00,9.025,9.025,8.966,8.981,73900.4
2026-02-25 22:30:00,8.98,9.196,8.958,9.156,120430.9
2026-02-25 22:45:00,9.156,9.374,9.155,9.358,187950.1
2026-02-25 23:00:00,9.358,9.438,9.23,9.251,254174.1
2026-02-25 23:15:00,9.251,9.361,9.159,9.35,205668.0
2026-02-25 23:30:00,9.35,9.387,9.251,9.284,159220.4
2026-02-25 23:45:00,9.283,9.433,9.259,9.418,142848.9
2026-02-26 00:00:00,9.418,9.42,9.263,9.365,163983.5
2026-02-26 00:15:00,9.365,9.414,9.268,9.329,130300.1
2026-02-26 00:30:00,9.329,9.337,9.191,9.25,149896.7
2026-02-26 00:45:00,9.249,9.345,9.218,9.321,98832.5
2026-02-26 01:00:00,9.321,9.392,9.273,9.28,93933.2
2026-02-26 01:15:00,9.28,9.339,9.242,9.321,64784.5
2026-02-26 01:30:00,9.32,9.422,9.266,9.374,144653.2
2026-02-26 01:45:00,9.373,9.448,9.326,9.42,104408.4
2026-02-26 02:00:00,9.419,9.558,9.404,9.495,204115.5
2026-02-26 02:15:00,9.494,9.717,9.48,9.675,222070.5
2026-02-26 02:30:00,9.676,9.775,9.553,9.671,305862.7
2026-02-26 02:45:00,9.671,9.819,9.597,9.77,192417.5
2026-02-26 03:00:00,9.771,9.898,9.738,9.821,246841.0
2026-02-26 03:15:00,9.821,10.364,9.819,10.257,561807.3
2026-02-26 03:30:00,10.259,10.537,10.247,10.398,569127.1
2026-02-26 03:45:00,10.401,10.67,10.401,10.544,577616.3
2026-02-26 04:00:00,10.545,11.04,10.144,10.503,1192374.6
2026-02-26 04:15:00,10.503,10.746,10.25,10.554,640069.1
2026-02-26 04:30:00,10.556,10.7,10.185,10.638,514468.7
2026-02-26 04:45:00,10.639,10.972,10.557,10.682,508829.3
2026-02-26 05:00:00,10.679,10.788,10.44,10.47,448429.8
2026-02-26 05:15:00,10.471,10.748,10.214,10.292,474839.8
2026-02-26 05:30:00,10.29,10.314,9.558,9.695,1003573.6
2026-02-26 05:45:00,9.695,9.786,9.564,9.689,408928.0
2026-02-26 06:00:00,9.689,9.698,9.381,9.528,428779.0
2026-02-26 06:15:00,9.528,9.86,9.526,9.824,351352.3
2026-02-26 06:30:00,9.824,9.929,9.649,9.806,314051.7
2026-02-26 06:45:00,9.804,9.921,9.732,9.878,245084.1
2026-02-26 07:00:00,9.879,10.168,9.847,10.146,312562.8
2026-02-26 07:15:00,10.146,10.184,9.923,10.008,290256.5
2026-02-26 07:30:00,10.008,10.168,9.96,10.163,193397.5
2026-02-26 07:45:00,10.164,10.293,10.121,10.141,236851.8
2026-02-26 08:00:00,10.143,10.343,10.087,10.191,246672.6
2026-02-26 08:15:00,10.192,10.199,9.939,10.089,328781.1
2026-02-26 08:30:00,10.091,10.237,10.062,10.108,172594.6
2026-02-26 08:45:00,10.107,10.153,9.778,9.817,286861.2
2026-02-26 09:00:00,9.818,10.04,9.662,10.004,355576.3
2026-02-26 09:15:00,10.002,10.23,9.995,10.213,207053.4
2026-02-26 09:30:00,10.213,10.336,10.156,10.217,199223.3
2026-02-26 09:45:00,10.221,10.307,10.101,10.151,158910.5
2026-02-26 10:00:00,10.152,10.309,10.132,10.269,118789.1
2026-02-26 10:15:00,10.27,10.481,10.183,10.424,231389.7
2026-02-26 10:30:00,10.424,10.46,10.273,10.383,151597.8
2026-02-26 10:45:00,10.382,10.545,10.318,10.493,172375.1
2026-02-26 11:00:00,10.494,10.551,10.19,10.288,233393.3
2026-02-26 11:15:00,10.289,10.456,10.262,10.442,128879.2
2026-02-26 11:30:00,10.441,10.623,10.429,10.581,200689.9
2026-02-26 11:45:00,10.581,10.723,10.513,10.65,188472.0
2026-02-26 12:00:00,10.651,10.882,10.619,10.767,297562.9
2026-02-26 12:15:00,10.766,10.935,10.696,10.864,292280.4
2026-02-26 12:30:00,10.863,11.141,10.766,11.068,408911.5
2026-02-26 12:45:00,11.068,11.099,10.739,10.817,317547.3
2026-02-26 13:00:00,10.818,11.054,10.781,11.024,270956.5
2026-02-26 13:15:00,11.022,11.095,10.762,10.808,284811.9
2026-02-26 13:30:00,10.808,10.919,10.62,10.707,321511.7
2026-02-26 13:45:00,10.707,10.943,10.703,10.881,168913.7
2026-02-26 14:00:00,10.88,11.03,10.693,10.862,328744.3
2026-02-26 14:15:00,10.865,10.94,10.707,10.814,182370.8
2026-02-26 14:30:00,10.814,11.021,10.814,10.92,209588.9
2026-02-26 14:45:00,10.921,11.015,10.787,10.996,209613.8
2026-02-26 15:00:00,10.993,11.127,10.87,11.043,293327.1
2026-02-26 15:15:00,11.043,11.115,10.512,10.702,559713.5
2026-02-26 15:30:00,10.7,11.082,10.69,10.981,298244.0
2026-02-26 15:45:00,10.979,11.478,10.974,11.401,648158.1
2026-02-26 16:00:00,11.402,11.835,11.384,11.712,760765.2
2026-02-26 16:15:00,11.712,11.948,11.16,11.299,858581.6
2026-02-26 16:30:00,11.296,11.598,11.133,11.413,479728.9
2026-02-26 16:45:00,11.413,11.433,11.149,11.187,352362.8
2026-02-26 17:00:00,11.187,11.739,10.866,11.699,655141.5
2026-02-26 17:15:00,11.699,11.854,11.525,11.58,447399.1
2026-02-26 17:30:00,11.581,11.76,11.507,11.633,245657.8
2026-02-26 17:45:00,11.635,11.815,11.574,11.723,244305.4
2026-02-26 18:00:00,11.724,12.074,11.642,12.036,585307.4
2026-02-26 18:15:00,12.036,12.147,11.853,11.922,412724.8
2026-02-26 18:30:00,11.923,12.096,11.718,11.85,398923.9
2026-02-26 18:45:00,11.848,11.87,11.605,11.81,350279.8
2026-02-26 19:00:00,11.81,12.0,11.528,11.689,339626.0
2026-02-26 19:15:00,11.687,11.699,11.353,11.493,336036.1
2026-02-26 19:30:00,11.493,11.507,11.18,11.25,329018.1
2026-02-26 19:45:00,11.251,11.368,11.181,11.309,174049.5
2026-02-26 20:00:00,11.308,11.33,11.069,11.111,261081.2
2026-02-26 20:15:00,11.112,11.257,10.951,11.019,227679.4
2026-02-26 20:30:00,11.019,11.226,10.981,10.998,188237.2
2026-02-26 20:45:00,10.996,11.114,10.97,11.078,138141.5
2026-02-26 21:00:00,11.079,11.113,10.746,10.897,276180.9
2026-02-26 21:15:00,10.896,11.039,10.724,10.822,208288.0
2026-02-26 21:30:00,10.822,10.861,10.762,10.815,124121.2
2026-02-26 21:45:00,10.812,11.02,10.742,10.933,158569.2
2026-02-26 22:00:00,10.932,11.091,10.8,10.9,230093.6
2026-02-26 22:15:00,10.898,11.008,10.852,10.981,118627.2
2026-02-26 22:30:00,10.981,11.482,10.928,11.318,253984.2
2026-02-26 22:45:00,11.318,11.351,11.058,11.171,220723.3
2026-02-26 23:00:00,11.167,11.255,11.102,11.148,180777.7
2026-02-26 23:15:00,11.147,11.218,10.958,11.096,179231.9
2026-02-26 23:30:00,11.094,11.131,10.926,10.951,154026.9
2026-02-26 23:45:00,10.952,11.237,10.927,11.201,175952.0
2026-02-27 00:00:00,11.201,11.368,11.15,11.298,233021.6
2026-02-27 00:15:00,11.298,11.344,11.194,11.258,115716.9
2026-02-27 00:30:00,11.258,11.263,11.021,11.06,151353.7
2026-02-27 00:45:00,11.058,11.1,10.752,10.824,239338.1
2026-02-27 01:00:00,10.826,10.95,10.798,10.906,155340.4
2026-02-27 01:15:00,10.908,11.079,10.877,10.947,161160.7
2026-02-27 01:30:00,10.947,10.978,10.625,10.859,335643.1
2026-02-27 01:45:00,10.858,11.032,10.773,10.932,143591.9
2026-02-27 02:00:00,10.931,11.1,10.911,10.986,126108.3
2026-02-27 02:15:00,10.986,11.062,10.879,10.911,109095.1
2026-02-27 02:30:00,10.911,10.938,10.55,10.58,194111.6
2026-02-27 02:45:00,10.584,10.739,10.581,10.714,168927.6
2026-02-27 03:00:00,10.715,10.783,10.595,10.641,137908.7
2026-02-27 03:15:00,10.641,10.752,10.519,10.74,160121.2
2026-02-27 03:30:00,10.741,10.854,10.739,10.777,120699.4
2026-02-27 03:45:00,10.776,10.915,10.727,10.821,105399.3
2026-02-27 04:00:00,10.821,10.959,10.817,10.868,119769.8
2026-02-27 04:15:00,10.864,11.046,10.837,10.987,163655.3
2026-02-27 04:30:00,10.986,11.002,10.863,10.98,98876.1
2026-02-27 04:45:00,10.977,10.977,10.674,10.744,152895.6
2026-02-27 05:00:00,10.742,10.788,10.722,10.767,57796.4
2026-02-27 05:15:00,10.768,10.786,10.507,10.584,162600.6
2026-02-27 05:30:00,10.583,10.88,10.57,10.857,171443.1
2026-02-27 05:45:00,10.858,11.179,10.848,11.101,266043.6
2026-02-27 06:00:00,11.102,11.245,10.985,11.049,243727.2
2026-02-27 06:15:00,11.05,11.191,10.911,11.083,244073.8
2026-02-27 06:30:00,11.082,11.103,10.868,10.879,151848.1
2026-02-27 06:45:00,10.879,11.04,10.746,10.991,156079.3
2026-02-27 07:00:00,10.99,11.059,10.79,10.83,191834.0
2026-02-27 07:15:00,10.83,11.136,10.786,10.831,202725.6
2026-02-27 07:30:00,10.83,10.881,10.654,10.73,182269.7
2026-02-27 07:45:00,10.73,10.783,10.65,10.746,143205.0
2026-02-27 08:00:00,10.744,10.767,10.656,10.699,95407.4
2026-02-27 08:15:00,10.699,10.847,10.605,10.772,130097.8
2026-02-27 08:30:00,10.772,10.85,10.556,10.607,161309.0
2026-02-27 08:45:00,10.608,10.709,10.551,10.664,116037.4
2026-02-27 09:00:00,10.664,10.706,10.162,10.393,391859.0
2026-02-27 09:15:00,10.392,10.619,10.383,10.609,184574.2
2026-02-27 09:30:00,10.608,10.963,10.606,10.885,284953.8
2026-02-27 09:45:00,10.883,11.074,10.87,11.007,265202.4
2026-02-27 10:00:00,11.007,11.058,10.804,10.874,212707.2
2026-02-27 10:15:00,10.874,10.999,10.81,10.886,110309.9
2026-02-27 10:30:00,10.884,10.946,10.81,10.917,101116.7
2026-02-27 10:45:00,10.916,10.974,10.831,10.922,85368.5
2026-02-27 11:00:00,10.924,11.057,10.921,10.965,116230.2
2026-02-27 11:15:00,10.964,11.174,10.934,11.112,165645.3
2026-02-27 11:30:00,11.112,11.275,11.065,11.113,191220.4
2026-02-27 11:45:00,11.114,11.188,10.988,11.148,133579.0
2026-02-27 12:00:00,11.146,11.6,11.145,11.329,381956.4
2026-02-27 12:15:00,11.328,11.398,11.149,11.242,179675.7
2026-02-27 12:30:00,11.242,11.252,11.007,11.168,214549.5
2026-02-27 12:45:00,11.168,11.346,11.15,11.193,172076.3
2026-02-27 13:00:00,11.193,11.241,11.03,11.105,161475.6
2026-02-27 13:15:00,11.106,11.141,10.825,10.925,250336.0
2026-02-27 13:30:00,10.924,10.928,10.725,10.833,210183.8
2026-02-27 13:45:00,10.832,10.895,10.787,10.847,96172.1
2026-02-27 14:00:00,10.847,10.878,10.634,10.715,174689.7
2026-02-27 14:15:00,10.712,11.063,10.69,11.024,229979.9
2026-02-27 14:30:00,11.024,11.256,11.024,11.178,222075.1
2026-02-27 14:45:00,11.178,11.37,11.176,11.313,223623.7
2026-02-27 15:00:00,11.315,11.488,11.258,11.438,321952.7
2026-02-27 15:15:00,11.438,11.55,11.332,11.461,216253.4
2026-02-27 15:30:00,11.462,11.463,11.24,11.354,184478.7
2026-02-27 15:45:00,11.354,11.355,11.24,11.243,110224.9
2026-02-27 16:00:00,11.243,11.405,11.105,11.197,312136.6
2026-02-27 16:15:00,11.196,11.437,11.172,11.38,154945.4
2026-02-27 16:30:00,11.38,11.586,11.334,11.419,194382.7
2026-02-27 16:45:00,11.42,11.57,11.412,11.5,122273.6
2026-02-27 17:00:00,11.498,11.725,11.445,11.516,234472.2
2026-02-27 17:15:00,11.517,11.65,11.401,11.614,176857.8
2026-02-27 17:30:00,11.614,11.745,11.51,11.556,165652.8
2026-02-27 17:45:00,11.554,11.613,11.372,11.436,142635.2
2026-02-27 18:00:00,11.435,11.66,11.422,11.653,146516.8
2026-02-27 18:15:00,11.652,11.82,11.636,11.731,199295.6
2026-02-27 18:30:00,11.731,11.846,11.637,11.718,153406.3
2026-02-27 18:45:00,11.718,11.738,11.564,11.613,111134.1
2026-02-27 19:00:00,11.614,11.719,11.458,11.695,164715.4
2026-02-27 19:15:00,11.697,11.76,11.402,11.438,156868.0
2026-02-27 19:30:00,11.436,11.451,10.816,11.03,586535.4
2026-02-27 19:45:00,11.031,11.198,10.969,11.154,172774.4
2026-02-27 20:00:00,11.154,11.222,10.973,10.996,136468.6
2026-02-27 20:15:00,10.996,11.082,10.945,11.026,86973.7
2026-02-27 20:30:00,11.025,11.144,11.011,11.099,69953.3
2026-02-27 20:45:00,11.099,11.196,10.942,11.047,118292.5
2026-02-27 21:00:00,11.047,11.094,10.879,11.004,86782.2
2026-02-27 21:15:00,11.0,11.047,10.955,10.999,50185.5
2026-02-27 21:30:00,10.999,10.999,10.875,10.902,77969.2
2026-02-27 21:45:00,10.9,10.986,10.75,10.856,125665.5
2026-02-27 22:00:00,10.856,10.871,10.701,10.719,114151.3
2026-02-27 22:15:00,10.716,10.789,10.653,10.744,84497.5
2026-02-27 22:30:00,10.747,10.994,10.667,10.979,132196.1
2026-02-27 22:45:00,10.979,11.04,10.872,10.955,95680.9
2026-02-27 23:00:00,10.954,11.129,10.856,11.113,121692.6
2026-02-27 23:15:00,11.113,11.317,11.012,11.283,186006.0
2026-02-27 23:30:00,11.284,11.418,11.174,11.371,144789.8
2026-02-27 23:45:00,11.369,11.55,11.306,11.36,204307.2
2026-02-28 00:00:00,11.361,11.556,11.305,11.477,158796.6
2026-02-28 00:15:00,11.478,11.587,11.379,11.487,149633.2
2026-02-28 00:30:00,11.488,11.555,11.391,11.525,123427.9
2026-02-28 00:45:00,11.526,11.637,11.448,11.571,138345.0
2026-02-28 01:00:00,11.571,11.718,11.539,11.626,139197.8
2026-02-28 01:15:00,11.63,11.707,11.576,11.695,104917.5
2026-02-28 01:30:00,11.695,11.707,11.452,11.546,179577.1
2026-02-28 01:45:00,11.545,11.675,11.475,11.559,112630.6
2026-02-28 02:00:00,11.559,11.663,11.551,11.644,70709.7
2026-02-28 02:15:00,11.646,11.717,11.511,11.557,95698.8
2026-02-28 02:30:00,11.558,11.587,11.412,11.485,95899.0
2026-02-28 02:45:00,11.485,11.579,11.468,11.468,69276.4
2026-02-28 03:00:00,11.468,11.512,11.329,11.389,130769.8
2026-02-28 03:15:00,11.391,11.46,11.208,11.335,144649.7
2026-02-28 03:30:00,11.334,11.442,11.277,11.401,113909.1
2026-02-28 03:45:00,11.4,11.555,11.38,11.542,113272.5
2026-02-28 04:00:00,11.54,11.646,11.472,11.623,109616.7
2026-02-28 04:15:00,11.623,11.935,11.609,11.681,235903.3
2026-02-28 04:30:00,11.682,11.924,11.631,11.901,171762.6
2026-02-28 04:45:00,11.901,11.975,11.784,11.832,183217.6
2026-02-28 05:00:00,11.832,12.079,11.788,12.029,247487.6
2026-02-28 05:15:00,12.029,12.327,12.016,12.285,351311.1
2026-02-28 05:30:00,12.285,12.338,11.94,12.13,428522.6
2026-02-28 05:45:00,12.129,12.186,11.836,11.961,267748.9
2026-02-28 06:00:00,11.962,12.208,11.962,12.167,213787.5
2026-02-28 06:15:00,12.166,12.191,11.87,11.917,319272.8
2026-02-28 06:30:00,11.917,12.176,11.715,12.12,443880.8
2026-02-28 06:45:00,12.121,12.135,11.792,11.908,289950.0
2026-02-28 07:00:00,11.907,11.959,11.394,11.44,450382.1
2026-02-28 07:15:00,11.442,11.625,11.441,11.499,252878.1
2026-02-28 07:30:00,11.502,11.855,11.483,11.833,238199.7
2026-02-28 07:45:00,11.834,11.945,11.581,11.633,239845.3
2026-02-28 08:00:00,11.632,11.756,11.02,11.23,556949.9
2026-02-28 08:15:00,11.23,11.309,10.888,10.934,453915.1
2026-02-28 08:30:00,10.933,11.18,10.906,10.989,244387.4
2026-02-28 08:45:00,10.989,11.176,10.82,11.115,260007.3
2026-02-28 09:00:00,11.117,11.288,11.067,11.259,242881.2
2026-02-28 09:15:00,11.264,11.319,11.088,11.096,179737.3
2026-02-28 09:30:00,11.096,11.236,11.04,11.194,129919.5
2026-02-28 09:45:00,11.194,11.582,11.194,11.414,287935.9
2026-02-28 10:00:00,11.414,11.639,11.412,11.607,177441.9
2026-02-28 10:15:00,11.606,11.816,11.582,11.733,231071.0
2026-02-28 10:30:00,11.733,12.017,11.662,11.974,326360.3
2026-02-28 10:45:00,11.975,12.253,11.93,12.086,434674.5
2026-02-28 11:00:00,12.093,12.286,12.048,12.256,287237.5
2026-02-28 11:15:00,12.253,12.289,11.982,12.164,284956.8
2026-02-28 11:30:00,12.164,12.22,11.98,12.195,220125.7
2026-02-28 11:45:00,12.193,12.69,12.177,12.604,587319.4
2026-02-28 12:00:00,12.605,13.407,12.533,12.974,1080655.4
2026-02-28 12:15:00,12.971,13.188,12.217,12.465,1020283.0
2026-02-28 12:30:00,12.467,12.511,12.157,12.423,391509.3
2026-02-28 12:45:00,12.424,12.769,12.336,12.615,324875.4
2026-02-28 13:00:00,12.616,12.844,12.368,12.78,381159.5
2026-02-28 13:15:00,12.781,12.923,12.624,12.744,301535.3
2026-02-28 13:30:00,12.746,12.78,12.4,12.64,349697.8
2026-02-28 13:45:00,12.64,12.83,12.531,12.795,268460.0
2026-02-28 14:00:00,12.796,12.887,12.401,12.509,283850.0
2026-02-28 14:15:00,12.508,12.648,12.43,12.462,200333.3
2026-02-28 14:30:00,12.463,12.84,12.445,12.751,222091.8
2026-02-28 14:45:00,12.75,12.983,12.733,12.932,221579.9
2026-02-28 15:00:00,12.93,13.109,12.767,12.796,335345.9
2026-02-28 15:15:00,12.796,13.16,12.795,13.081,251457.1
2026-02-28 15:30:00,13.082,13.3,13.003,13.218,347647.3
2026-02-28 15:45:00,13.218,13.344,12.752,12.919,350897.0
2026-02-28 16:00:00,12.919,13.125,12.675,12.81,358942.4
2026-02-28 16:15:00,12.81,12.91,12.55,12.644,231478.3
2026-02-28 16:30:00,12.643,13.125,12.622,13.089,291586.1
2026-02-28 16:45:00,13.09,13.198,12.931,13.168,206048.3
2026-02-28 17:00:00,13.169,13.6,13.11,13.421,518334.7
2026-02-28 17:15:00,13.421,13.435,13.029,13.255,321253.8
2026-02-28 17:30:00,13.255,13.255,12.95,13.113,237047.7
2026-02-28 17:45:00,13.109,13.217,12.864,12.997,193427.8
2026-02-28 18:00:00,12.997,13.041,12.704,12.795,214561.9
2026-02-28 18:15:00,12.796,12.884,12.565,12.644,201876.6
2026-02-28 18:30:00,12.645,12.738,12.411,12.624,272392.6
2026-02-28 18:45:00,12.624,12.76,12.507,12.696,181950.5
2026-02-28 19:00:00,12.696,12.84,12.442,12.49,262728.7
2026-02-28 19:15:00,12.49,12.783,12.462,12.709,152463.2
2026-02-28 19:30:00,12.709,12.805,12.602,12.629,143329.3
2026-02-28 19:45:00,12.629,13.189,12.59,13.121,290125.0
2026-02-28 20:00:00,13.121,13.324,13.121,13.201,198976.3
2026-02-28 20:15:00,13.202,13.538,13.121,13.502,297229.4
2026-02-28 20:30:00,13.503,13.775,13.275,13.411,400046.7
2026-02-28 20:45:00,13.411,13.424,13.144,13.177,244623.3
2026-02-28 21:00:00,13.178,13.25,13.044,13.077,169510.4
2026-02-28 21:15:00,13.078,13.08,12.757,12.757,231718.6
2026-02-28 21:30:00,12.758,13.078,12.723,12.966,204277.3
2026-02-28 21:45:00,12.966,13.002,12.832,12.927,114512.2
2026-02-28 22:00:00,12.927,13.045,12.857,12.927,107066.0
2026-02-28 22:15:00,12.926,12.949,12.666,12.699,117855.9
2026-02-28 22:30:00,12.702,12.858,12.674,12.744,90561.7
2026-02-28 22:45:00,12.744,12.917,12.714,12.858,81542.3
2026-02-28 23:00:00,12.857,12.97,12.823,12.871,81855.9
2026-02-28 23:15:00,12.874,12.878,12.617,12.657,132636.1
2026-02-28 23:30:00,12.659,12.768,12.576,12.766,116318.2
2026-02-28 23:45:00,12.767,12.861,12.696,12.765,93199.5
2026-03-01 00:00:00,12.765,12.814,12.636,12.647,85841.7
2026-03-01 00:15:00,12.647,12.696,12.518,12.631,91769.6
2026-03-01 00:30:00,12.631,12.653,12.48,12.556,97836.4
2026-03-01 00:45:00,12.555,12.685,12.531,12.617,72201.8
2026-03-01 01:00:00,12.617,12.748,12.527,12.534,130898.7
2026-03-01 01:15:00,12.536,12.64,12.501,12.601,92500.6
2026-03-01 01:30:00,12.6,12.778,12.512,12.717,98014.3
2026-03-01 01:45:00,12.718,12.936,12.647,12.7,205217.2
2026-03-01 02:00:00,12.701,13.062,12.689,13.0,189112.7
2026-03-01 02:15:00,13.0,13.197,12.97,13.033,169884.8
2026-03-01 02:30:00,13.033,13.18,12.817,12.922,181018.2
2026-03-01 02:45:00,12.922,12.933,12.748,12.793,117306.1
2026-03-01 03:00:00,12.792,12.975,12.737,12.828,118310.3
2026-03-01 03:15:00,12.828,13.117,12.787,13.095,120240.3
2026-03-01 03:30:00,13.095,13.142,12.705,12.813,174686.4
2026-03-01 03:45:00,12.814,12.866,12.726,12.791,93852.5
2026-03-01 04:00:00,12.792,13.016,12.786,12.923,134433.9
2026-03-01 04:15:00,12.926,13.055,12.789,13.01,137637.8
2026-03-01 04:30:00,13.009,13.045,12.832,12.911,90048.6
2026-03-01 04:45:00,12.912,12.975,12.724,12.768,87569.2
2026-03-01 05:00:00,12.767,12.819,12.211,12.298,378802.2
2026-03-01 05:15:00,12.298,12.454,12.295,12.352,184063.1
2026-03-01 05:30:00,12.355,12.54,12.348,12.495,117517.9
2026-03-01 05:45:00,12.498,12.782,12.467,12.716,186202.0
2026-03-01 06:00:00,12.715,13.031,12.715,12.964,262009.9
2026-03-01 06:15:00,12.963,13.179,12.962,13.098,225761.9
2026-03-01 06:30:00,13.099,13.199,12.954,13.098,182805.4
2026-03-01 06:45:00,13.096,13.268,12.987,13.193,152752.3
2026-03-01 07:00:00,13.192,13.38,13.111,13.292,196098.0
2026-03-01 07:15:00,13.293,13.498,13.2,13.439,202143.3
2026-03-01 07:30:00,13.44,13.566,13.259,13.341,257704.7
2026-03-01 07:45:00,13.34,13.421,13.071,13.147,285461.3
2026-03-01 08:00:00,13.146,13.349,13.132,13.278,170339.1
2026-03-01 08:15:00,13.277,13.736,13.254,13.665,278155.6
2026-03-01 08:30:00,13.665,13.705,13.462,13.539,264732.2
2026-03-01 08:45:00,13.543,13.775,13.426,13.686,212015.6
2026-03-01 09:00:00,13.69,13.798,13.447,13.575,268349.5
2026-03-01 09:15:00,13.572,13.905,13.429,13.82,292977.6
2026-03-01 09:30:00,13.821,13.866,13.625,13.691,199991.5
2026-03-01 09:45:00,13.691,13.741,13.52,13.575,163223.3
2026-03-01 10:00:00,13.576,13.66,13.436,13.508,153460.9
2026-03-01 10:15:00,13.507,13.514,13.266,13.361,218613.3
2026-03-01 10:30:00,13.362,13.62,13.241,13.318,214512.9
2026-03-01 10:45:00,13.318,13.611,13.317,13.587,156591.0
2026-03-01 11:00:00,13.588,13.658,13.436,13.509,140799.6
2026-03-01 11:15:00,13.509,13.599,13.441,13.452,91023.6
2026-03-01 11:30:00,13.452,13.771,13.419,13.693,143862.5
2026-03-01 11:45:00,13.693,13.877,13.642,13.827,191390.5
2026-03-01 12:00:00,13.828,13.944,13.661,13.706,324366.6
2026-03-01 12:15:00,13.708,13.72,13.567,13.676,130201.3
2026-03-01 12:30:00,13.675,13.772,13.49,13.594,163505.0
2026-03-01 12:45:00,13.59,13.679,13.526,13.552,94984.6
2026-03-01 13:00:00,13.553,13.643,13.431,13.641,132221.2
2026-03-01 13:15:00,13.641,13.677,13.339,13.448,173468.4
2026-03-01 13:30:00,13.448,13.488,13.315,13.399,120828.0
2026-03-01 13:45:00,13.4,13.6,13.355,13.547,163708.4
2026-03-01 14:00:00,13.546,13.647,13.41,13.609,178273.2
2026-03-01 14:15:00,13.608,13.781,13.509,13.725,162976.5
2026-03-01 14:30:00,13.728,13.847,13.651,13.781,190357.2
2026-03-01 14:45:00,13.78,13.831,13.712,13.734,102780.5
2026-03-01 15:00:00,13.735,13.802,13.626,13.76,187380.7
2026-03-01 15:15:00,13.759,13.827,13.641,13.647,113740.6
2026-03-01 15:30:00,13.648,13.655,13.376,13.465,222524.1
2026-03-01 15:45:00,13.463,13.549,13.34,13.505,137430.8
2026-03-01 16:00:00,13.505,13.535,13.236,13.319,183351.0
2026-03-01 16:15:00,13.32,13.338,13.006,13.258,245394.0
2026-03-01 16:30:00,13.257,13.535,13.253,13.494,178309.5
2026-03-01 16:45:00,13.495,13.739,13.494,13.7,228119.5
2026-03-01 17:00:00,13.701,13.796,13.574,13.614,224872.5
2026-03-01 17:15:00,13.618,13.653,13.331,13.371,223045.8
2026-03-01 17:30:00,13.371,13.495,13.26,13.442,167916.3
2026-03-01 17:45:00,13.442,13.6,13.41,13.43,128083.7
2026-03-01 18:00:00,13.432,13.572,13.341,13.491,118465.3
2026-03-01 18:15:00,13.491,13.54,13.423,13.494,58010.9
2026-03-01 18:30:00,13.494,13.583,13.362,13.582,66344.5
2026-03-01 18:45:00,13.581,13.816,13.578,13.778,188546.8
2026-03-01 19:00:00,13.78,13.919,13.726,13.778,217180.8
2026-03-01 19:15:00,13.782,14.427,13.779,14.344,458305.4
2026-03-01 19:30:00,14.342,15.24,14.241,15.025,831308.8
2026-03-01 19:45:00,15.025,15.273,14.768,14.874,590736.3
2026-03-01 20:00:00,14.876,15.1,14.804,14.999,368565.8
2026-03-01 20:15:00,14.999,15.149,14.453,14.628,521263.0
2026-03-01 20:30:00,14.629,14.839,14.549,14.549,210665.5
2026-03-01 20:45:00,14.55,14.793,14.511,14.678,142570.0
2026-03-01 21:00:00,14.678,14.735,14.37,14.449,195690.0
2026-03-01 21:15:00,14.448,14.555,14.303,14.376,159203.9
2026-03-01 21:30:00,14.375,14.5,14.169,14.491,164899.1
2026-03-01 21:45:00,14.493,14.562,14.401,14.467,99405.0
2026-03-01 22:00:00,14.471,14.522,14.279,14.44,131056.8
2026-03-01 22:15:00,14.439,14.676,14.338,14.573,123485.5
2026-03-01 22:30:00,14.573,14.65,14.342,14.503,111521.3
2026-03-01 22:45:00,14.503,14.528,14.3,14.339,72397.1
2026-03-01 23:00:00,14.339,14.646,14.232,14.595,133244.2
2026-03-01 23:15:00,14.593,14.695,14.4,14.477,165461.0
2026-03-01 23:30:00,14.477,14.598,14.414,14.585,92320.9
2026-03-01 23:45:00,14.584,14.64,14.467,14.516,94189.3
2026-03-02 00:00:00,14.516,14.551,14.285,14.328,176550.2
2026-03-02 00:15:00,14.327,14.351,14.032,14.165,245130.2
2026-03-02 00:30:00,14.164,14.164,13.8,13.95,298326.2
2026-03-02 00:45:00,13.951,14.246,13.951,14.221,157059.3
2026-03-02 01:00:00,14.221,14.32,14.005,14.048,180024.7
2026-03-02 01:15:00,14.048,14.214,13.952,13.959,100973.9
2026-03-02 01:30:00,13.962,14.026,13.629,13.845,215218.6
2026-03-02 01:45:00,13.845,13.985,13.665,13.971,158362.7
2026-03-02 02:00:00,13.97,14.047,13.723,13.784,145604.6
2026-03-02 02:15:00,13.783,13.797,13.512,13.777,252194.5
2026-03-02 02:30:00,13.777,13.989,13.733,13.934,135624.4
2026-03-02 02:45:00,13.936,14.272,13.877,14.179,231953.5
2026-03-02 03:00:00,14.179,14.375,14.12,14.237,180835.2
2026-03-02 03:15:00,14.237,14.366,14.171,14.205,126107.8
2026-03-02 03:30:00,14.207,14.298,14.02,14.285,170816.0
2026-03-02 03:45:00,14.286,14.345,14.1,14.186,109953.1
2026-03-02 04:00:00,14.186,14.258,14.002,14.146,110049.8
2026-03-02 04:15:00,14.147,14.297,14.075,14.109,106212.0
2026-03-02 04:30:00,14.109,14.218,14.06,14.147,83651.2
2026-03-02 04:45:00,14.147,14.267,14.091,14.195,95633.9
2026-03-02 05:00:00,14.195,14.328,14.179,14.25,101364.3
2026-03-02 05:15:00,14.25,14.275,14.048,14.069,111716.9
2026-03-02 05:30:00,14.067,14.23,13.865,14.209,182859.9
2026-03-02 05:45:00,14.21,14.313,14.144,14.306,114776.0
2026-03-02 06:00:00,14.307,14.496,14.2,14.334,187989.7
2026-03-02 06:15:00,14.335,14.529,14.322,14.406,170255.6
2026-03-02 06:30:00,14.405,14.582,14.333,14.518,147499.8
2026-03-02 06:45:00,14.517,14.697,14.49,14.621,170526.0
2026-03-02 07:00:00,14.622,14.775,14.478,14.605,243119.7
2026-03-02 07:15:00,14.604,14.789,14.547,14.575,169885.7
2026-03-02 07:30:00,14.574,14.757,14.55,14.712,108591.7
2026-03-02 07:45:00,14.713,14.871,14.705,14.82,164680.8
2026-03-02 08:00:00,14.819,14.856,14.632,14.703,144511.0
2026-03-02 08:15:00,14.703,14.748,14.531,14.608,145636.9
2026-03-02 08:30:00,14.606,14.818,14.58,14.752,175348.2
2026-03-02 08:45:00,14.756,14.818,14.571,14.773,131632.3
2026-03-02 09:00:00,14.772,15.178,14.771,15.061,325054.5
2026-03-02 09:15:00,15.06,15.265,15.034,15.131,229163.3
2026-03-02 09:30:00,15.134,15.19,14.821,14.873,279099.3
2026-03-02 09:45:00,14.873,14.88,14.533,14.701,275195.4
2026-03-02 10:00:00,14.702,14.798,14.601,14.688,125495.0
2026-03-02 10:15:00,14.688,14.813,14.647,14.813,91174.4
2026-03-02 10:30:00,14.813,14.842,14.571,14.633,111838.1
2026-03-02 10:45:00,14.632,14.794,14.621,14.699,73555.4
2026-03-02 11:00:00,14.699,15.016,14.62,14.995,143154.3
2026-03-02 11:15:00,14.99,15.344,14.927,15.187,409594.9
2026-03-02 11:30:00,15.185,15.27,15.074,15.197,196006.4
2026-03-02 11:45:00,15.198,15.32,15.071,15.115,200661.4
2026-03-02 12:00:00,15.114,15.195,14.904,15.172,206547.7
2026-03-02 12:15:00,15.173,15.227,15.023,15.125,126451.3
2026-03-02 12:30:00,15.124,15.275,15.044,15.075,154631.4
2026-03-02 12:45:00,15.07,15.2,14.972,14.988,130092.9
2026-03-02 13:00:00,14.988,15.089,14.68,14.743,314377.9
2026-03-02 13:15:00,14.742,14.745,14.506,14.534,273101.5
2026-03-02 13:30:00,14.533,14.544,14.3,14.419,327252.2
2026-03-02 13:45:00,14.419,14.683,14.419,14.623,240585.2
2026-03-02 14:00:00,14.623,14.698,14.535,14.583,154065.0
2026-03-02 14:15:00,14.583,14.588,14.307,14.43,212954.3
2026-03-02 14:30:00,14.43,14.507,14.16,14.227,245865.4
2026-03-02 14:45:00,14.225,14.464,14.18,14.344,185551.3
2026-03-02 15:00:00,14.343,14.366,14.014,14.212,302631.5
2026-03-02 15:15:00,14.21,14.538,14.193,14.459,259543.2
2026-03-02 15:30:00,14.459,14.512,14.07,14.275,244037.2
2026-03-02 15:45:00,14.275,14.298,14.028,14.102,163879.2
2026-03-02 16:00:00,14.103,14.181,13.755,14.128,360231.0
2026-03-02 16:15:00,14.127,14.252,14.032,14.048,195095.0
2026-03-02 16:30:00,14.049,14.05,13.632,13.717,342550.3
2026-03-02 16:45:00,13.717,13.724,13.328,13.477,483698.0
2026-03-02 17:00:00,13.478,13.609,13.22,13.401,301447.4
2026-03-02 17:15:00,13.402,13.762,13.383,13.739,248486.3
2026-03-02 17:30:00,13.739,13.884,13.644,13.798,196711.3
2026-03-02 17:45:00,13.798,13.887,13.722,13.821,107613.7
2026-03-02 18:00:00,13.82,13.856,13.694,13.813,101496.2
2026-03-02 18:15:00,13.813,13.919,13.694,13.886,92935.7
2026-03-02 18:30:00,13.887,14.119,13.871,14.053,168645.5
2026-03-02 18:45:00,14.053,14.133,13.921,14.065,142954.3
2026-03-02 19:00:00,14.066,14.245,13.982,14.201,120396.5
2026-03-02 19:15:00,14.202,14.26,14.08,14.202,94259.5
2026-03-02 19:30:00,14.208,14.357,14.082,14.312,112242.6
2026-03-02 19:45:00,14.31,14.357,14.191,14.216,79845.1
2026-03-02 20:00:00,14.215,14.333,14.106,14.27,104702.5
2026-03-02 20:15:00,14.268,14.537,14.244,14.484,150607.8
2026-03-02 20:30:00,14.485,14.593,14.386,14.435,88589.0
2026-03-02 20:45:00,14.437,14.643,14.381,14.619,97804.1
2026-03-02 21:00:00,14.618,14.857,14.566,14.775,139161.8
2026-03-02 21:15:00,14.775,14.97,14.654,14.936,137229.8
2026-03-02 21:30:00,14.937,14.969,14.751,14.936,122287.6
2026-03-02 21:45:00,14.937,14.951,14.562,14.744,126847.7
2026-03-02 22:00:00,14.743,14.76,14.568,14.72,101365.1
2026-03-02 22:15:00,14.72,14.88,14.573,14.625,111314.0
2026-03-02 22:30:00,14.626,14.665,14.443,14.543,85512.1
2026-03-02 22:45:00,14.544,14.712,14.514,14.686,60099.1
2026-03-02 23:00:00,14.685,14.853,14.511,14.825,85803.4
2026-03-02 23:15:00,14.824,15.069,14.74,15.018,159047.6
2026-03-02 23:30:00,15.021,15.127,14.882,15.099,127348.0
2026-03-02 23:45:00,15.098,15.2,14.953,14.965,125689.6
2026-03-03 00:00:00,14.962,15.114,14.862,14.884,123677.8
2026-03-03 00:15:00,14.882,15.206,14.811,15.004,172160.1
2026-03-03 00:30:00,15.004,15.114,14.92,15.094,84865.1
2026-03-03 00:45:00,15.093,15.165,14.947,14.951,85165.8
2026-03-03 01:00:00,14.952,15.1,14.919,14.992,78476.7
2026-03-03 01:15:00,14.992,15.1,14.809,15.064,125867.8
2026-03-03 01:30:00,15.065,15.198,15.044,15.063,118303.8
2026-03-03 01:45:00,15.063,15.121,14.861,14.896,123377.1
2026-03-03 02:00:00,14.896,14.934,14.727,14.82,168735.4
2026-03-03 02:15:00,14.82,14.898,14.667,14.728,120780.9
2026-03-03 02:30:00,14.725,15.027,14.673,15.018,117887.9
2026-03-03 02:45:00,15.018,15.169,15.017,15.066,137308.7
2026-03-03 03:00:00,15.067,15.125,14.872,14.957,114198.2
2026-03-03 03:15:00,14.955,15.018,14.781,14.814,95620.3
2026-03-03 03:30:00,14.813,14.907,14.734,14.818,105412.9
2026-03-03 03:45:00,14.82,14.892,14.812,14.836,47891.8
2026-03-03 04:00:00,14.835,15.058,14.749,14.979,96538.3
2026-03-03 04:15:00,14.979,15.04,14.837,14.87,101015.5
2026-03-03 04:30:00,14.871,14.891,14.64,14.712,140961.7
2026-03-03 04:45:00,14.711,14.898,14.645,14.747,103170.9
2026-03-03 05:00:00,14.746,14.853,14.692,14.777,65260.2
2026-03-03 05:15:00,14.776,14.788,14.561,14.622,125084.8
2026-03-03 05:30:00,14.622,14.652,14.554,14.642,86219.3
2026-03-03 05:45:00,14.644,14.665,14.522,14.586,81303.4
2026-03-03 06:00:00,14.585,14.606,14.257,14.303,249159.3
2026-03-03 06:15:00,14.302,14.536,14.125,14.44,242567.1
2026-03-03 06:30:00,14.44,14.567,14.151,14.214,176850.5
2026-03-03 06:45:00,14.215,14.288,14.132,14.226,96669.8
2026-03-03 07:00:00,14.23,14.48,14.219,14.373,122543.9
2026-03-03 07:15:00,14.374,14.531,14.353,14.412,100456.0
2026-03-03 07:30:00,14.411,14.476,14.268,14.29,98670.4
2026-03-03 07:45:00,14.29,14.334,14.195,14.241,97901.7
2026-03-03 08:00:00,14.239,14.471,14.207,14.361,93043.5
2026-03-03 08:15:00,14.361,14.457,14.233,14.265,80810.4
2026-03-03 08:30:00,14.265,14.879,14.265,14.673,269840.5
2026-03-03 08:45:00,14.674,14.809,14.63,14.692,124846.6
2026-03-03 09:00:00,14.693,14.933,14.686,14.774,193316.5
2026-03-03 09:15:00,14.774,14.856,14.636,14.797,118652.4
2026-03-03 09:30:00,14.798,14.86,14.746,14.785,75202.0
2026-03-03 09:45:00,14.785,14.835,14.705,14.73,69961.8
2026-03-03 10:00:00,14.73,14.868,14.729,14.79,88386.9
2026-03-03 10:15:00,14.79,15.09,14.773,15.014,176404.5
2026-03-03 10:30:00,15.013,15.75,14.986,15.65,712271.7
2026-03-03 10:45:00,15.65,15.942,15.538,15.819,392361.9
2026-03-03 11:00:00,15.817,16.2,15.811,16.059,437586.2
2026-03-03 11:15:00,16.062,16.181,15.755,16.099,329330.1
2026-03-03 11:30:00,16.099,16.65,16.012,16.578,487570.2
2026-03-03 11:45:00,16.578,16.95,16.473,16.847,504860.6
2026-03-03 12:00:00,16.847,17.469,16.628,17.374,657988.4
2026-03-03 12:15:00,17.375,17.55,16.822,17.3,576997.1
2026-03-03 12:30:00,17.295,17.913,17.04,17.835,671630.8
2026-03-03 12:45:00,17.834,18.907,17.774,18.715,1164250.5
2026-03-03 13:00:00,18.714,19.865,18.126,18.4,2159052.9
2026-03-03 13:15:00,18.403,18.623,17.68,18.284,1298256.0
2026-03-03 13:30:00,18.285,18.499,17.922,18.314,584944.7
2026-03-03 13:45:00,18.314,18.468,17.7,18.005,608411.3
2026-03-03 14:00:00,18.005,18.075,17.26,17.399,800719.6
2026-03-03 14:15:00,17.399,17.402,16.106,16.888,1441935.4
2026-03-03 14:30:00,16.884,17.55,16.581,16.826,865701.9
2026-03-03 14:45:00,16.827,17.43,16.4,17.25,678031.6
2026-03-03 15:00:00,17.251,17.797,17.233,17.718,639143.4
2026-03-03 15:15:00,17.72,17.982,17.369,17.503,560151.8
2026-03-03 15:30:00,17.503,18.276,17.483,18.004,548578.8
2026-03-03 15:45:00,18.003,18.123,17.654,18.026,379569.3
2026-03-03 16:00:00,18.025,18.147,17.443,18.106,477926.2
2026-03-03 16:15:00,18.103,18.472,17.904,18.34,487336.9
2026-03-03 16:30:00,18.339,18.688,18.209,18.629,438839.2
2026-03-03 16:45:00,18.628,18.631,17.706,18.256,517537.5
2026-03-03 17:00:00,18.257,18.472,17.861,17.869,360168.5
2026-03-03 17:15:00,17.88,18.334,17.871,18.155,291058.3
2026-03-03 17:30:00,18.156,18.489,18.1,18.375,225272.1
2026-03-03 17:45:00,18.375,18.619,18.142,18.239,243019.7
2026-03-03 18:00:00,18.239,18.48,18.024,18.453,252781.0
2026-03-03 18:15:00,18.454,18.78,18.381,18.563,344370.8
2026-03-03 18:30:00,18.563,18.637,18.314,18.406,183766.0
2026-03-03 18:45:00,18.406,18.678,18.366,18.589,150044.3
2026-03-03 19:00:00,18.589,19.273,18.551,18.611,410856.0
2026-03-03 19:15:00,18.621,18.844,18.334,18.712,264172.8
2026-03-03 19:30:00,18.712,19.451,18.683,19.07,463932.6
2026-03-03 19:45:00,19.071,19.2,18.577,18.619,282367.5
2026-03-03 20:00:00,18.619,18.857,18.454,18.742,232204.9
2026-03-03 20:15:00,18.742,19.196,18.647,19.17,189939.2
2026-03-03 20:30:00,19.17,19.329,18.983,19.148,235059.3
2026-03-03 20:45:00,19.148,19.227,18.562,18.778,228624.0
2026-03-03 21:00:00,18.777,19.04,18.305,18.515,276222.7
2026-03-03 21:15:00,18.517,18.52,18.097,18.21,260628.9
2026-03-03 21:30:00,18.209,18.467,17.61,17.926,393845.1
2026-03-03 21:45:00,17.926,18.339,17.818,18.248,231902.7
2026-03-03 22:00:00,18.248,18.434,18.038,18.187,175569.8
2026-03-03 22:15:00,18.188,18.265,17.824,17.893,124945.4
2026-03-03 22:30:00,17.893,18.088,17.755,18.027,126239.6
2026-03-03 22:45:00,18.027,18.473,17.992,18.274,163768.0
2026-03-03 23:00:00,18.273,18.449,18.002,18.319,193125.5
2026-03-03 23:15:00,18.318,18.642,18.11,18.474,212291.3
2026-03-03 23:30:00,18.473,18.598,18.376,18.534,129860.0
2026-03-03 23:45:00,18.536,18.588,18.288,18.364,148075.4
2026-03-04 00:00:00,18.363,18.468,17.741,17.869,229255.6
2026-03-04 00:15:00,17.869,18.1,17.709,18.059,188726.0
2026-03-04 00:30:00,18.058,18.083,17.63,17.699,160392.9
2026-03-04 00:45:00,17.699,18.057,17.694,18.038,120471.3
2026-03-04 01:00:00,18.036,18.629,17.829,18.532,259277.8
2026-03-04 01:15:00,18.533,18.773,18.176,18.443,270304.5
2026-03-04 01:30:00,18.444,18.489,18.156,18.35,149170.8
2026-03-04 01:45:00,18.351,18.626,18.11,18.611,157125.0
2026-03-04 02:00:00,18.611,18.805,18.504,18.589,204583.5
2026-03-04 02:15:00,18.588,19.133,18.58,18.72,311410.2
2026-03-04 02:30:00,18.721,18.857,18.471,18.643,218362.6
2026-03-04 02:45:00,18.645,18.757,18.209,18.37,188269.5
2026-03-04 03:00:00,18.369,18.6,18.277,18.55,137539.8
2026-03-04 03:15:00,18.544,18.733,18.337,18.715,134703.9
2026-03-04 03:30:00,18.718,18.993,18.64,18.806,212537.3
2026-03-04 03:45:00,18.806,19.073,18.754,18.81,161994.7
2026-03-04 04:00:00,18.81,19.008,18.554,18.737,194429.2
2026-03-04 04:15:00,18.736,18.762,18.454,18.662,130014.4
2026-03-04 04:30:00,18.663,18.887,18.201,18.322,211862.0
2026-03-04 04:45:00,18.321,18.844,18.25,18.735,196495.0
2026-03-04 05:00:00,18.735,19.579,18.64,19.398,453052.0
2026-03-04 05:15:00,19.398,19.635,18.939,19.037,406638.5
2026-03-04 05:30:00,19.037,19.44,19.029,19.389,237142.8
2026-03-04 05:45:00,19.39,19.571,19.092,19.25,258777.5
2026-03-04 06:00:00,19.251,19.428,19.117,19.322,195183.9
2026-03-04 06:15:00,19.322,19.713,18.481,18.563,539720.0
2026-03-04 06:30:00,18.563,19.168,18.507,19.132,315174.7
2026-03-04 06:45:00,19.13,19.656,19.117,19.619,293408.3
2026-03-04 07:00:00,19.62,19.889,19.331,19.474,536409.1
2026-03-04 07:15:00,19.477,19.627,19.052,19.479,364009.6
2026-03-04 07:30:00,19.478,19.553,19.157,19.278,209475.4
2026-03-04 07:45:00,19.276,19.336,18.771,18.864,368032.4
2026-03-04 08:00:00,18.865,19.238,18.715,19.213,324285.9
2026-03-04 08:15:00,19.214,19.323,17.647,17.835,809398.1
2026-03-04 08:30:00,17.832,18.279,17.405,18.024,605530.0
2026-03-04 08:45:00,18.024,18.57,18.024,18.099,416054.2
2026-03-04 09:00:00,18.099,18.459,17.879,18.315,280333.4
2026-03-04 09:15:00,18.316,18.425,17.921,18.042,220200.8
2026-03-04 09:30:00,18.042,18.199,17.884,17.937,204481.2
2026-03-04 09:45:00,17.939,18.445,17.801,18.321,241932.0
2026-03-04 10:00:00,18.32,18.405,17.941,17.963,183284.0
2026-03-04 10:15:00,17.963,18.099,17.558,17.744,253886.3
2026-03-04 10:30:00,17.741,17.885,17.671,17.769,174328.3
2026-03-04 10:45:00,17.769,17.929,17.109,17.327,390982.1
2026-03-04 11:00:00,17.328,17.448,16.83,17.431,534259.0
2026-03-04 11:15:00,17.432,17.594,16.943,17.344,392901.3
2026-03-04 11:30:00,17.345,17.7,17.291,17.652,237270.9
2026-03-04 11:45:00,17.652,17.725,17.378,17.537,155229.1
2026-03-04 12:00:00,17.538,17.613,17.269,17.499,170787.2
2026-03-04 12:15:00,17.496,17.8,17.455,17.579,154127.2
2026-03-04 12:30:00,17.579,17.695,17.244,17.308,152367.9
2026-03-04 12:45:00,17.31,17.316,17.03,17.233,229979.3
2026-03-04 13:00:00,17.234,17.279,16.928,17.032,228245.4
2026-03-04 13:15:00,17.032,17.229,17.002,17.192,126919.6
2026-03-04 13:30:00,17.194,17.359,17.068,17.171,146319.6
2026-03-04 13:45:00,17.171,17.171,16.713,16.875,272574.5
2026-03-04 14:00:00,16.874,17.092,16.718,16.963,222708.5
2026-03-04 14:15:00,16.964,17.213,16.56,17.095,322697.5
2026-03-04 14:30:00,17.094,17.231,16.966,16.997,194461.8
2026-03-04 14:45:00,16.998,17.337,16.973,17.144,187415.2
2026-03-04 15:00:00,17.144,17.303,16.64,16.702,241170.7
2026-03-04 15:15:00,16.694,16.921,16.532,16.871,223962.8
2026-03-04 15:30:00,16.872,17.063,16.614,17.055,154822.6
2026-03-04 15:45:00,17.054,17.188,16.812,16.925,168695.2
2026-03-04 16:00:00,16.926,17.223,16.895,16.998,160569.5
2026-03-04 16:15:00,16.999,17.016,16.398,16.524,231261.5
2026-03-04 16:30:00,16.522,16.997,16.518,16.908,170377.7
2026-03-04 16:45:00,16.907,17.119,16.885,17.047,127723.6
2026-03-04 17:00:00,17.046,17.197,16.904,17.169,131761.7
2026-03-04 17:15:00,17.17,17.348,17.036,17.221,135731.2
2026-03-04 17:30:00,17.222,17.313,16.785,17.041,176038.7
2026-03-04 17:45:00,17.042,17.3,16.931,17.237,125089.8
2026-03-04 18:00:00,17.238,17.56,17.168,17.551,176764.0
2026-03-04 18:15:00,17.551,17.585,17.259,17.41,163787.6
2026-03-04 18:30:00,17.41,17.494,17.266,17.368,94722.0
2026-03-04 18:45:00,17.367,17.416,17.174,17.385,78889.2
2026-03-04 19:00:00,17.388,17.52,17.346,17.451,86689.3
2026-03-04 19:15:00,17.457,17.669,17.426,17.532,118436.9
2026-03-04 19:30:00,17.534,17.632,17.438,17.584,72023.8
2026-03-04 19:45:00,17.587,17.628,17.501,17.621,51757.8
2026-03-04 20:00:00,17.624,18.277,17.62,18.241,270309.2
2026-03-04 20:15:00,18.241,18.326,18.052,18.211,180697.4
2026-03-04 20:30:00,18.212,18.576,18.186,18.571,186743.5
2026-03-04 20:45:00,18.567,18.912,18.34,18.81,234078.4
2026-03-04 21:00:00,18.813,19.328,18.807,19.282,294579.0
2026-03-04 21:15:00,19.276,20.108,18.929,19.496,761202.5
2026-03-04 21:30:00,19.5,20.23,19.43,19.965,502084.1
2026-03-04 21:45:00,19.961,20.34,19.878,20.145,282174.5
2026-03-04 22:00:00,20.145,20.63,19.73,20.524,457849.4
2026-03-04 22:15:00,20.526,20.621,20.071,20.257,249964.2
2026-03-04 22:30:00,20.259,21.128,20.235,20.934,342989.6
2026-03-04 22:45:00,20.935,21.773,19.293,19.872,874620.7
2026-03-04 23:00:00,19.872,20.234,19.15,19.536,941582.4
2026-03-04 23:15:00,19.535,19.577,18.257,18.742,699613.5
2026-03-04 23:30:00,18.745,18.777,17.756,18.083,581112.3
2026-03-04 23:45:00,18.084,18.244,17.65,17.719,347713.4
2026-03-05 00:00:00,17.725,18.489,17.704,18.057,402481.9
2026-03-05 00:15:00,18.057,18.794,17.972,18.627,418973.3
2026-03-05 00:30:00,18.623,18.836,18.058,18.399,331211.8
2026-03-05 00:45:00,18.4,18.828,18.142,18.612,237681.5
2026-03-05 01:00:00,18.612,18.85,18.475,18.548,189627.2
2026-03-05 01:15:00,18.547,18.6,18.179,18.262,211639.0
2026-03-05 01:30:00,18.263,18.367,18.012,18.179,166516.3
2026-03-05 01:45:00,18.18,18.201,17.775,17.932,225030.4
2026-03-05 02:00:00,17.932,18.266,17.72,18.169,209246.7
2026-03-05 02:15:00,18.168,18.245,17.98,18.087,124710.5
2026-03-05 02:30:00,18.086,18.357,18.06,18.308,139181.3
2026-03-05 02:45:00,18.308,18.519,18.261,18.358,143739.7
2026-03-05 03:00:00,18.357,18.449,18.2,18.235,97240.0
2026-03-05 03:15:00,18.234,18.337,17.9,17.945,142159.4
2026-03-05 03:30:00,17.947,17.969,17.773,17.811,139656.9
2026-03-05 03:45:00,17.81,18.212,17.784,18.083,124996.8
2026-03-05 04:00:00,18.083,18.139,17.392,17.625,294607.8
2026-03-05 04:15:00,17.625,17.931,17.609,17.733,118321.7
2026-03-05 04:30:00,17.732,18.422,17.666,18.377,176320.9
2026-03-05 04:45:00,18.376,18.387,17.847,17.939,174997.8
2026-03-05 05:00:00,17.939,18.229,17.73,18.021,160773.3
2026-03-05 05:15:00,18.022,18.36,18.021,18.223,101197.2
2026-03-05 05:30:00,18.222,18.295,17.951,18.023,94876.2
2026-03-05 05:45:00,18.022,18.054,17.854,17.882,91461.3
2026-03-05 06:00:00,17.881,18.013,17.772,17.99,110418.6
2026-03-05 06:15:00,17.989,18.08,17.912,18.055,81180.3
2026-03-05 06:30:00,18.055,18.217,17.82,17.883,103955.5
2026-03-05 06:45:00,17.883,17.975,17.505,17.649,160399.5
2026-03-05 07:00:00,17.649,17.677,16.825,17.184,463505.8
2026-03-05 07:15:00,17.183,17.364,16.859,17.17,211893.7
2026-03-05 07:30:00,17.17,17.183,16.955,17.122,111712.4
2026-03-05 07:45:00,17.122,17.194,16.91,17.014,122581.0
2026-03-05 08:00:00,17.014,17.297,17.012,17.204,141287.4
2026-03-05 08:15:00,17.206,17.451,17.016,17.1,172237.2
2026-03-05 08:30:00,17.1,17.36,17.05,17.292,103886.9
2026-03-05 08:45:00,17.292,17.293,16.964,16.993,93891.6
2026-03-05 09:00:00,16.995,17.272,16.932,17.167,113434.3
2026-03-05 09:15:00,17.168,17.231,16.813,17.046,154296.7
2026-03-05 09:30:00,17.05,17.119,16.811,16.901,103637.5
2026-03-05 09:45:00,16.901,17.151,16.852,17.067,89872.3
2026-03-05 10:00:00,17.068,17.171,16.608,16.828,211140.6
2026-03-05 10:15:00,16.827,16.905,16.6,16.721,159353.9
2026-03-05 10:30:00,16.72,17.024,16.709,17.003,133638.4
2026-03-05 10:45:00,17.005,17.495,16.966,17.444,292359.6
2026-03-05 11:00:00,17.441,17.595,16.833,16.874,292587.3
2026-03-05 11:15:00,16.873,16.972,15.63,15.739,705956.1
2026-03-05 11:30:00,15.747,16.077,13.81,14.136,1390906.9
2026-03-05 11:45:00,14.137,14.724,13.615,14.434,1253744.3
2026-03-05 12:00:00,14.431,14.998,14.334,14.964,649007.3
2026-03-05 12:15:00,14.963,15.472,14.657,15.15,687699.8
2026-03-05 12:30:00,15.152,15.41,14.622,14.835,432622.3
2026-03-05 12:45:00,14.837,15.355,14.444,14.998,620737.1
2026-03-05 13:00:00,14.999,15.207,14.9,15.107,232482.3
2026-03-05 13:15:00,15.106,15.237,14.856,14.949,193436.0
2026-03-05 13:30:00,14.949,15.221,14.91,15.033,189099.9
2026-03-05 13:45:00,15.033,15.103,14.901,14.938,139616.6
2026-03-05 14:00:00,14.939,15.407,14.939,15.389,216729.0
2026-03-05 14:15:00,15.386,15.659,14.921,15.116,437615.5
2026-03-05 14:30:00,15.115,15.327,15.018,15.29,163001.5
2026-03-05 14:45:00,15.291,15.465,15.157,15.417,191564.2
2026-03-05 15:00:00,15.418,15.495,15.162,15.405,203888.6
2026-03-05 15:15:00,15.404,15.768,15.322,15.758,208719.6
2026-03-05 15:30:00,15.757,16.199,15.689,15.946,439022.0
2026-03-05 15:45:00,15.945,16.162,15.722,15.999,214531.7
2026-03-05 16:00:00,16.0,16.396,15.835,16.302,330507.1
2026-03-05 16:15:00,16.303,16.769,16.05,16.588,338825.0
2026-03-05 16:30:00,16.589,16.598,15.848,16.102,350123.3
2026-03-05 16:45:00,16.101,16.158,15.528,15.816,333184.4
2026-03-05 17:00:00,15.815,15.865,15.401,15.655,230385.7
2026-03-05 17:15:00,15.655,16.061,15.635,15.841,246313.8
2026-03-05 17:30:00,15.838,16.539,15.646,16.376,265323.5
2026-03-05 17:45:00,16.377,16.389,16.144,16.171,167777.5
2026-03-05 18:00:00,16.171,16.448,15.895,16.027,169972.5
2026-03-05 18:15:00,16.026,16.122,15.825,15.971,116674.7
2026-03-05 18:30:00,15.971,16.154,15.877,16.123,77183.9
2026-03-05 18:45:00,16.124,16.2,16.037,16.084,72922.9
2026-03-05 19:00:00,16.083,16.37,16.045,16.265,98176.0
2026-03-05 19:15:00,16.268,16.45,16.205,16.282,102668.6
2026-03-05 19:30:00,16.283,16.327,16.1,16.267,71712.0
2026-03-05 19:45:00,16.27,16.373,16.153,16.343,58179.6
2026-03-05 20:00:00,16.344,16.4,16.081,16.142,88829.5
2026-03-05 20:15:00,16.141,16.325,16.041,16.048,67187.3
2026-03-05 20:30:00,16.048,16.182,16.017,16.11,53442.4
2026-03-05 20:45:00,16.108,16.158,15.837,15.898,89007.5
2026-03-05 21:00:00,15.898,16.044,15.89,15.98,55067.3
2026-03-05 21:15:00,15.98,16.159,15.958,16.095,59799.7
2026-03-05 21:30:00,16.096,16.337,15.997,16.299,89294.4
2026-03-05 21:45:00,16.299,16.388,16.125,16.265,104831.6
2026-03-05 22:00:00,16.265,16.598,16.194,16.422,138435.2
2026-03-05 22:15:00,16.424,16.666,16.324,16.568,109460.2
2026-03-05 22:30:00,16.567,17.285,16.5,16.782,381955.8
2026-03-05 22:45:00,16.783,16.804,16.355,16.384,150317.4
2026-03-05 23:00:00,16.383,16.693,16.34,16.562,163803.2
2026-03-05 23:15:00,16.562,16.595,16.259,16.382,110199.0
2026-03-05 23:30:00,16.381,16.838,16.378,16.765,142444.9
2026-03-05 23:45:00,16.764,16.825,16.606,16.688,100279.7
2026-03-06 00:00:00,16.688,16.996,16.618,16.657,162989.3
2026-03-06 00:15:00,16.657,16.9,16.405,16.878,153818.2
2026-03-06 00:30:00,16.878,17.139,16.741,17.132,152752.4
2026-03-06 00:45:00,17.131,17.511,17.044,17.337,233798.2
2026-03-06 01:00:00,17.337,17.813,17.261,17.304,326376.7
2026-03-06 01:15:00,17.305,18.057,17.3,18.051,329912.7
2026-03-06 01:30:00,18.05,18.482,17.93,18.168,423506.7
2026-03-06 01:45:00,18.169,18.553,17.654,18.457,366823.9
2026-03-06 02:00:00,18.458,18.999,18.338,18.86,393242.2
2026-03-06 02:15:00,18.861,19.038,18.049,18.337,415054.6
2026-03-06 02:30:00,18.337,18.562,18.055,18.296,256704.9
2026-03-06 02:45:00,18.295,18.408,17.801,18.213,282329.8
2026-03-06 03:00:00,18.214,18.475,18.055,18.07,165784.2
2026-03-06 03:15:00,18.071,18.82,18.05,18.529,302086.4
2026-03-06 03:30:00,18.529,19.2,18.529,19.093,295318.2
2026-03-06 03:45:00,19.092,19.769,19.091,19.572,486841.2
2026-03-06 04:00:00,19.572,19.833,19.181,19.696,389744.6
2026-03-06 04:15:00,19.698,20.363,19.541,19.864,507320.5
2026-03-06 04:30:00,19.864,20.417,19.711,20.234,341145.4
2026-03-06 04:45:00,20.236,20.95,20.22,20.735,453679.6
2026-03-06 05:00:00,20.738,21.165,20.465,20.864,489988.3
2026-03-06 05:15:00,20.863,20.979,20.512,20.714,238576.0
2026-03-06 05:30:00,20.714,20.822,19.859,20.58,525714.7
2026-03-06 05:45:00,20.579,20.9,20.305,20.851,251587.4
2026-03-06 06:00:00,20.85,21.496,20.041,20.131,729945.9
2026-03-06 06:15:00,20.132,20.28,19.136,19.599,800424.7
2026-03-06 06:30:00,19.6,20.138,19.373,19.905,351915.5
2026-03-06 06:45:00,19.905,20.454,19.701,20.194,280863.0
2026-03-06 07:00:00,20.193,20.651,20.084,20.516,244297.3
2026-03-06 07:15:00,20.516,20.797,20.09,20.193,282435.8
2026-03-06 07:30:00,20.198,20.213,19.52,19.923,395348.5
2026-03-06 07:45:00,19.922,20.477,19.887,20.175,249950.9
2026-03-06 08:00:00,20.177,20.484,19.81,19.873,321947.5
2026-03-06 08:15:00,19.873,20.184,19.645,19.933,262515.6
2026-03-06 08:30:00,19.934,20.443,19.79,20.344,193054.7
2026-03-06 08:45:00,20.343,20.596,20.318,20.528,201354.2
2026-03-06 09:00:00,20.528,20.75,20.14,20.266,260875.0
2026-03-06 09:15:00,20.267,20.953,20.169,20.795,284107.3
2026-03-06 09:30:00,20.795,20.895,20.462,20.586,216309.8
2026-03-06 09:45:00,20.587,20.69,20.23,20.324,190040.2
2026-03-06 10:00:00,20.321,20.45,19.808,20.137,322286.1
2026-03-06 10:15:00,20.137,20.434,19.866,20.092,236309.8
2026-03-06 10:30:00,20.09,20.172,19.37,19.578,360884.9
2026-03-06 10:45:00,19.58,20.133,19.578,19.981,229302.2
2026-03-06 11:00:00,19.978,20.096,19.428,19.493,222813.4
2026-03-06 11:15:00,19.492,19.75,19.333,19.646,205782.9
2026-03-06 11:30:00,19.647,19.999,19.58,19.738,194165.4
2026-03-06 11:45:00,19.735,19.754,19.08,19.257,283511.2
2026-03-06 12:00:00,19.258,19.984,19.19,19.949,303461.9
2026-03-06 12:15:00,19.947,20.23,18.376,18.586,1042945.6
2026-03-06 12:30:00,18.586,19.057,18.556,18.745,426426.4
2026-03-06 12:45:00,18.745,19.28,18.588,18.652,412799.7
2026-03-06 13:00:00,18.651,18.863,18.45,18.759,291145.2
2026-03-06 13:15:00,18.759,18.862,18.08,18.346,437545.2
2026-03-06 13:30:00,18.345,18.522,17.82,17.974,437650.3
2026-03-06 13:45:00,17.969,18.063,17.724,17.777,375270.3
2026-03-06 14:00:00,17.778,18.196,17.51,17.88,527221.0
2026-03-06 14:15:00,17.878,17.889,17.076,17.21,570672.7
2026-03-06 14:30:00,17.211,17.511,16.845,17.433,493647.3
2026-03-06 14:45:00,17.438,18.146,17.43,18.101,506154.4
2026-03-06 15:00:00,18.1,18.488,17.827,18.214,618170.8
2026-03-06 15:15:00,18.213,18.369,17.92,18.029,318167.1
2026-03-06 15:30:00,18.03,18.166,17.709,17.785,285239.4
2026-03-06 15:45:00,17.782,18.034,17.608,17.907,244014.1
2026-03-06 16:00:00,17.908,17.965,17.555,17.726,194931.5
2026-03-06 16:15:00,17.725,18.049,17.63,17.82,183886.7
2026-03-06 16:30:00,17.819,18.178,17.78,18.165,169950.0
2026-03-06 16:45:00,18.164,18.178,17.668,17.802,178726.0
2026-03-06 17:00:00,17.802,17.86,17.4,17.579,256295.1
2026-03-06 17:15:00,17.578,17.682,17.31,17.654,172175.1
2026-03-06 17:30:00,17.653,17.723,17.507,17.607,121527.9
2026-03-06 17:45:00,17.607,17.638,16.789,16.875,514751.2
2026-03-06 18:00:00,16.878,17.035,16.504,16.99,366435.2
2026-03-06 18:15:00,16.989,17.042,16.581,16.701,247456.6
2026-03-06 18:30:00,16.7,16.785,16.408,16.672,212760.2
2026-03-06 18:45:00,16.673,17.018,16.55,16.957,178472.2
2026-03-06 19:00:00,16.957,16.966,16.734,16.806,141997.0
2026-03-06 19:15:00,16.804,16.891,16.0,16.082,370759.6
2026-03-06 19:30:00,16.083,16.185,15.845,16.137,293777.1
2026-03-06 19:45:00,16.134,16.394,16.035,16.379,167421.2
2026-03-06 20:00:00,16.379,16.538,16.087,16.22,209302.8
2026-03-06 20:15:00,16.219,16.477,15.924,15.954,208496.8
2026-03-06 20:30:00,15.955,16.139,15.76,15.837,188754.9
2026-03-06 20:45:00,15.838,15.907,15.678,15.753,146929.0
2026-03-06 21:00:00,15.753,15.828,15.416,15.57,224095.6
2026-03-06 21:15:00,15.571,15.571,15.272,15.473,228360.1
2026-03-06 21:30:00,15.475,15.566,15.287,15.325,157444.8
2026-03-06 21:45:00,15.325,15.919,15.318,15.884,204870.7
2026-03-06 22:00:00,15.884,16.37,15.806,16.191,328617.1
2026-03-06 22:15:00,16.191,16.414,16.043,16.266,211135.8
2026-03-06 22:30:00,16.262,16.649,16.237,16.388,212336.4
2026-03-06 22:45:00,16.389,16.744,16.378,16.531,181916.3
2026-03-06 23:00:00,16.53,16.746,16.45,16.557,149412.3
2026-03-06 23:15:00,16.553,16.797,16.438,16.708,167786.3
2026-03-06 23:30:00,16.707,16.866,16.533,16.844,150291.6
2026-03-06 23:45:00,16.843,16.929,16.571,16.654,179346.5
2026-03-07 00:00:00,16.653,16.669,16.173,16.265,274883.0
2026-03-07 00:15:00,16.265,16.48,16.082,16.35,232780.5
2026-03-07 00:30:00,16.351,16.388,15.908,15.957,222645.1
2026-03-07 00:45:00,15.957,16.1,15.551,15.722,281628.4
2026-03-07 01:00:00,15.717,15.76,15.4,15.456,228554.2
2026-03-07 01:15:00,15.457,15.999,15.236,15.932,369913.6
2026-03-07 01:30:00,15.932,15.954,15.555,15.65,191918.7
2026-03-07 01:45:00,15.652,15.671,15.353,15.5,215680.3
2026-03-07 02:00:00,15.499,15.641,15.357,15.392,164519.5
2026-03-07 02:15:00,15.393,15.522,15.208,15.469,206832.9
2026-03-07 02:30:00,15.469,15.5,15.011,15.268,305601.3
2026-03-07 02:45:00,15.268,15.383,15.02,15.053,199575.1
2026-03-07 03:00:00,15.053,15.13,14.725,15.03,360944.2
2026-03-07 03:15:00,15.032,15.239,14.8,14.934,278949.6
2026-03-07 03:30:00,14.933,15.148,14.885,15.113,159103.6
2026-03-07 03:45:00,15.113,15.278,15.067,15.161,179200.2
2026-03-07 04:00:00,15.164,15.187,14.951,15.027,168502.2
2026-03-07 04:15:00,15.026,15.04,14.531,14.636,291961.0
2026-03-07 04:30:00,14.634,14.859,14.57,14.843,190079.7
2026-03-07 04:45:00,14.842,14.877,14.622,14.764,167369.3
2026-03-07 05:00:00,14.764,14.78,14.401,14.534,233024.0
2026-03-07 05:15:00,14.533,14.645,14.38,14.436,186831.5
2026-03-07 05:30:00,14.437,14.528,14.263,14.297,250864.0
2026-03-07 05:45:00,14.297,14.477,14.17,14.304,237146.1
2026-03-07 06:00:00,14.304,14.319,13.934,14.069,407694.6
2026-03-07 06:15:00,14.067,14.233,14.036,14.199,196387.4
2026-03-07 06:30:00,14.195,14.697,14.093,14.487,493768.7
2026-03-07 06:45:00,14.486,14.562,13.901,13.948,432055.6
2026-03-07 07:00:00,13.949,14.286,13.851,14.084,372565.3
2026-03-07 07:15:00,14.084,14.393,14.07,14.314,245617.2
2026-03-07 07:30:00,14.313,14.37,14.036,14.122,199616.1
2026-03-07 07:45:00,14.124,14.203,13.808,13.865,307345.6
2026-03-07 08:00:00,13.862,14.098,13.652,13.961,473861.1
2026-03-07 08:15:00,13.962,14.073,13.688,13.794,330431.0
2026-03-07 08:30:00,13.794,14.328,13.78,14.299,352050.1
2026-03-07 08:45:00,14.296,14.566,14.163,14.225,396113.3
2026-03-07 09:00:00,14.227,14.957,14.222,14.814,547408.8
2026-03-07 09:15:00,14.812,14.924,14.613,14.761,324447.5
2026-03-07 09:30:00,14.76,15.174,14.717,14.962,446635.5
2026-03-07 09:45:00,14.961,15.15,14.875,15.065,246631.6
2026-03-07 10:00:00,15.068,15.35,15.005,15.242,419674.4
2026-03-07 10:15:00,15.242,15.447,14.745,14.898,581766.3
2026-03-07 10:30:00,14.895,16.076,14.826,15.952,762309.4
2026-03-07 10:45:00,15.952,16.441,15.774,16.172,821343.7
2026-03-07 11:00:00,16.171,16.645,16.089,16.582,485351.0
2026-03-07 11:15:00,16.583,16.766,16.232,16.477,466507.4
2026-03-07 11:30:00,16.477,16.56,16.06,16.11,446835.9
2026-03-07 11:45:00,16.109,16.382,16.041,16.247,241432.3
2026-03-07 12:00:00,16.25,16.698,16.242,16.593,341174.9
2026-03-07 12:15:00,16.592,17.761,16.589,17.605,931089.6
2026-03-07 12:30:00,17.604,17.973,17.522,17.801,614174.9
2026-03-07 12:45:00,17.805,18.342,17.465,18.112,780276.3
2026-03-07 13:00:00,18.114,18.699,17.735,18.522,813526.3
2026-03-07 13:15:00,18.523,18.64,16.397,17.307,1782113.3
2026-03-07 13:30:00,17.305,17.899,16.828,17.573,1096929.3
2026-03-07 13:45:00,17.573,17.751,16.563,16.776,766873.8
2026-03-07 14:00:00,16.778,17.18,16.521,17.047,696172.1
2026-03-07 14:15:00,17.05,17.456,16.766,17.299,505703.0
2026-03-07 14:30:00,17.3,17.876,16.702,17.632,757154.6
2026-03-07 14:45:00,17.631,17.76,17.426,17.607,358227.4
2026-03-07 15:00:00,17.607,17.98,17.461,17.87,493399.4
2026-03-07 15:15:00,17.869,18.161,17.674,17.741,368081.7
2026-03-07 15:30:00,17.741,18.154,17.552,18.036,322906.0
2026-03-07 15:45:00,18.035,18.086,17.755,17.89,235682.4
2026-03-07 16:00:00,17.889,17.976,17.266,17.436,467967.5
2026-03-07 16:15:00,17.434,17.449,17.081,17.248,383329.1
2026-03-07 16:30:00,17.252,17.489,16.857,16.946,376028.9
2026-03-07 16:45:00,16.948,17.244,16.93,17.183,207251.7
2026-03-07 17:00:00,17.186,17.372,17.08,17.198,188770.5
2026-03-07 17:15:00,17.199,17.333,16.896,17.28,252703.1
2026-03-07 17:30:00,17.28,17.323,16.883,16.988,175883.1
2026-03-07 17:45:00,16.988,17.021,16.432,16.658,447552.3
2026-03-07 18:00:00,16.657,17.214,16.621,17.148,324247.5
2026-03-07 18:15:00,17.148,17.377,17.067,17.321,220947.9
2026-03-07 18:30:00,17.322,17.365,17.072,17.219,151536.9
2026-03-07 18:45:00,17.217,17.244,17.08,17.207,99876.8
2026-03-07 19:00:00,17.208,17.345,17.115,17.219,123878.5
2026-03-07 19:15:00,17.219,17.262,16.934,17.168,140598.2
2026-03-07 19:30:00,17.166,17.305,17.059,17.209,127192.8
2026-03-07 19:45:00,17.208,17.849,17.06,17.476,331282.5
2026-03-07 20:00:00,17.474,17.52,17.21,17.304,195075.1
2026-03-07 20:15:00,17.304,17.32,16.718,16.923,267229.5
2026-03-07 20:30:00,16.921,16.991,16.611,16.878,357332.7
2026-03-07 20:45:00,16.877,16.982,16.51,16.644,209594.9
2026-03-07 21:00:00,16.643,16.687,15.85,15.918,558491.6
2026-03-07 21:15:00,15.916,15.917,15.055,15.204,859060.0
2026-03-07 21:30:00,15.203,15.727,15.178,15.68,363756.8
2026-03-07 21:45:00,15.682,15.887,15.467,15.784,253536.9
2026-03-07 22:00:00,15.784,16.035,15.655,15.751,296771.4
2026-03-07 22:15:00,15.751,16.098,15.721,16.036,244707.5
2026-03-07 22:30:00,16.037,16.183,15.812,15.852,204731.4
2026-03-07 22:45:00,15.852,15.962,15.689,15.782,185617.7
2026-03-07 23:00:00,15.782,15.917,15.502,15.607,217102.0
2026-03-07 23:15:00,15.6,16.067,15.592,15.89,218839.5
2026-03-07 23:30:00,15.89,15.92,15.606,15.742,175056.2
2026-03-07 23:45:00,15.742,15.893,15.675,15.795,114235.7
2026-03-08 00:00:00,15.794,16.041,15.668,15.904,208598.7
2026-03-08 00:15:00,15.903,15.969,15.723,15.914,127629.3
2026-03-08 00:30:00,15.915,15.964,15.616,15.625,135010.9
2026-03-08 00:45:00,15.624,15.844,15.576,15.81,116452.0
2026-03-08 01:00:00,15.807,15.887,15.63,15.711,121763.7
2026-03-08 01:15:00,15.714,15.749,15.3,15.451,207086.9
2026-03-08 01:30:00,15.45,15.622,15.237,15.352,178260.9
2026-03-08 01:45:00,15.354,15.378,15.155,15.18,173338.5
2026-03-08 02:00:00,15.181,15.31,15.101,15.229,195565.5
2026-03-08 02:15:00,15.229,15.658,15.215,15.484,282029.5
2026-03-08 02:30:00,15.486,15.798,15.37,15.756,203123.1
2026-03-08 02:45:00,15.755,15.878,15.676,15.722,207114.2
2026-03-08 03:00:00,15.723,15.793,15.382,15.458,226324.5
2026-03-08 03:15:00,15.46,15.588,15.159,15.289,203585.5
2026-03-08 03:30:00,15.289,15.396,15.205,15.285,123751.9
2026-03-08 03:45:00,15.286,15.38,15.022,15.253,193739.5
2026-03-08 04:00:00,15.252,15.28,14.801,14.907,353709.0
2026-03-08 04:15:00,14.908,15.178,14.9,15.029,171075.1
2026-03-08 04:30:00,15.029,15.245,14.648,14.862,325463.0
2026-03-08 04:45:00,14.86,15.11,14.712,14.95,215198.3
2026-03-08 05:00:00,14.946,15.085,14.819,14.99,159669.0
2026-03-08 05:15:00,14.991,15.356,14.977,15.271,234223.9
2026-03-08 05:30:00,15.271,15.464,15.136,15.161,241046.7
2026-03-08 05:45:00,15.162,15.426,15.14,15.296,155515.2
2026-03-08 06:00:00,15.296,15.525,15.152,15.232,237131.9
2026-03-08 06:15:00,15.232,15.516,15.232,15.454,205779.0
2026-03-08 06:30:00,15.456,15.708,15.4,15.674,273626.6
2026-03-08 06:45:00,15.675,15.848,15.475,15.826,402592.4
2026-03-08 07:00:00,15.826,16.327,15.779,16.013,502900.4
2026-03-08 07:15:00,16.012,16.244,15.849,16.154,326430.4
2026-03-08 07:30:00,16.156,16.286,15.662,15.798,418049.1
2026-03-08 07:45:00,15.796,15.87,15.35,15.595,490199.9
2026-03-08 08:00:00,15.598,15.599,15.041,15.127,447901.3
2026-03-08 08:15:00,15.129,15.438,15.063,15.311,302371.5
2026-03-08 08:30:00,15.311,15.486,14.903,14.935,399750.2
2026-03-08 08:45:00,14.936,15.139,14.753,15.069,414182.6
2026-03-08 09:00:00,15.069,15.226,14.921,15.176,277561.3
2026-03-08 09:15:00,15.176,15.475,15.106,15.42,311317.9
2026-03-08 09:30:00,15.418,15.462,15.112,15.347,232166.6
2026-03-08 09:45:00,15.35,15.399,15.128,15.288,191037.6
2026-03-08 10:00:00,15.291,15.394,15.175,15.376,169484.0
2026-03-08 10:15:00,15.376,15.45,15.31,15.363,162178.5
2026-03-08 10:30:00,15.363,15.416,15.229,15.311,159260.4
2026-03-08 10:45:00,15.312,15.312,15.041,15.129,243787.0
2026-03-08 11:00:00,15.129,15.311,15.086,15.295,180606.1
2026-03-08 11:15:00,15.295,15.397,15.205,15.3,153094.7
2026-03-08 11:30:00,15.298,15.542,15.298,15.426,227198.6
2026-03-08 11:45:00,15.427,15.535,15.209,15.275,276297.2
2026-03-08 12:00:00,15.28,15.291,14.813,14.985,649937.7
2026-03-08 12:15:00,14.985,15.109,14.732,14.906,324439.4
2026-03-08 12:30:00,14.906,14.917,14.456,14.537,477590.8
2026-03-08 12:45:00,14.537,14.615,14.403,14.545,363424.4
2026-03-08 13:00:00,14.546,14.82,14.545,14.725,347130.8
2026-03-08 13:15:00,14.725,14.79,14.531,14.559,243816.8
2026-03-08 13:30:00,14.557,14.688,14.519,14.638,179204.5
2026-03-08 13:45:00,14.638,14.746,14.513,14.714,211103.5
2026-03-08 14:00:00,14.714,14.979,14.709,14.91,268896.8
2026-03-08 14:15:00,14.909,14.934,14.711,14.813,211499.8
2026-03-08 14:30:00,14.814,14.825,14.598,14.668,168232.6
2026-03-08 14:45:00,14.667,14.763,14.446,14.743,255756.9
2026-03-08 15:00:00,14.743,14.869,14.612,14.665,208941.7
2026-03-08 15:15:00,14.665,14.665,14.201,14.378,364103.4
2026-03-08 15:30:00,14.379,14.799,14.375,14.739,328416.9
2026-03-08 15:45:00,14.739,14.824,14.674,14.746,232387.2
2026-03-08 16:00:00,14.739,14.745,14.378,14.485,441012.2
2026-03-08 16:15:00,14.486,14.577,14.406,14.516,161375.7
2026-03-08 16:30:00,14.517,14.536,14.079,14.215,320859.4
2026-03-08 16:45:00,14.216,14.297,14.001,14.233,416963.9
2026-03-08 17:00:00,14.234,14.336,14.129,14.281,223217.6
2026-03-08 17:15:00,14.282,14.362,14.152,14.196,151046.7
2026-03-08 17:30:00,14.197,14.222,14.097,14.167,145050.7
2026-03-08 17:45:00,14.167,14.182,13.863,13.946,372088.6
2026-03-08 18:00:00,13.947,14.147,13.868,14.128,234046.5
2026-03-08 18:15:00,14.127,14.359,14.087,14.199,309826.5
2026-03-08 18:30:00,14.198,14.241,14.115,14.149,141584.5
2026-03-08 18:45:00,14.149,14.16,13.965,14.011,166858.4
2026-03-08 19:00:00,14.011,14.163,13.921,13.959,165172.5
2026-03-08 19:15:00,13.959,14.212,13.883,14.179,207517.8
2026-03-08 19:30:00,14.179,14.266,14.051,14.253,171568.1
2026-03-08 19:45:00,14.253,14.297,14.123,14.154,144756.5
2026-03-08 20:00:00,14.154,14.156,13.874,13.916,227430.7
2026-03-08 20:15:00,13.917,14.046,13.826,13.982,233488.5
2026-03-08 20:30:00,13.982,14.175,13.976,14.129,164168.6
2026-03-08 20:45:00,14.129,14.149,13.952,13.963,121793.8
2026-03-08 21:00:00,13.964,14.048,13.901,13.928,107099.1
2026-03-08 21:15:00,13.927,14.138,13.882,14.135,141218.2
2026-03-08 21:30:00,14.136,14.158,13.7,13.866,235253.3
2026-03-08 21:45:00,13.863,13.983,13.522,13.769,397997.6
2026-03-08 22:00:00,13.77,13.816,13.284,13.6,545531.5
2026-03-08 22:15:00,13.6,13.989,13.582,13.906,269278.5
2026-03-08 22:30:00,13.905,13.969,13.685,13.715,144850.5
2026-03-08 22:45:00,13.715,13.894,13.686,13.776,136199.9
2026-03-08 23:00:00,13.777,13.851,13.666,13.769,134883.3
2026-03-08 23:15:00,13.768,13.967,13.745,13.935,176569.2
2026-03-08 23:30:00,13.935,14.23,13.934,14.149,291126.8
2026-03-08 23:45:00,14.149,14.438,14.056,14.339,376660.8
2026-03-09 00:00:00,14.338,14.389,14.065,14.091,282623.7
2026-03-09 00:15:00,14.091,14.353,14.012,14.21,252225.3
2026-03-09 00:30:00,14.21,14.229,14.033,14.092,142612.0
2026-03-09 00:45:00,14.091,14.095,13.781,13.917,311736.4
2026-03-09 01:00:00,13.916,13.944,13.691,13.843,214567.7
2026-03-09 01:15:00,13.844,13.964,13.686,13.934,161957.1
2026-03-09 01:30:00,13.932,13.955,13.716,13.836,143567.1
2026-03-09 01:45:00,13.835,13.86,13.641,13.706,127807.9
2026-03-09 02:00:00,13.706,13.931,13.702,13.842,147012.8
2026-03-09 02:15:00,13.842,13.909,13.772,13.884,72217.2
2026-03-09 02:30:00,13.885,14.091,13.87,14.06,177913.1
2026-03-09 02:45:00,14.061,14.079,13.882,13.944,121123.3
2026-03-09 03:00:00,13.941,14.286,13.844,14.221,242794.3
2026-03-09 03:15:00,14.22,14.239,13.993,14.017,164684.5
2026-03-09 03:30:00,14.018,14.139,13.915,13.923,149034.7
2026-03-09 03:45:00,13.923,14.013,13.888,13.967,119154.5
2026-03-09 04:00:00,13.968,13.969,13.546,13.573,358906.5
2026-03-09 04:15:00,13.573,13.713,13.403,13.584,290046.8
2026-03-09 04:30:00,13.584,13.595,13.404,13.536,205181.7
2026-03-09 04:45:00,13.539,13.593,13.189,13.366,340072.9
2026-03-09 05:00:00,13.366,13.388,13.1,13.244,444444.3
2026-03-09 05:15:00,13.243,13.528,13.219,13.476,241696.2
2026-03-09 05:30:00,13.476,13.509,13.341,13.411,162246.0
2026-03-09 05:45:00,13.412,13.564,13.361,13.422,193292.8
2026-03-09 06:00:00,13.424,13.499,13.347,13.4,125984.7
2026-03-09 06:15:00,13.399,13.412,13.29,13.399,130799.1
2026-03-09 06:30:00,13.399,13.444,13.15,13.188,242272.1
2026-03-09 06:45:00,13.186,13.248,13.05,13.079,266478.7
2026-03-09 07:00:00,13.078,13.141,13.034,13.083,251677.0
2026-03-09 07:15:00,13.082,13.135,13.025,13.08,182245.7
2026-03-09 07:30:00,13.081,13.082,12.536,13.052,921286.1
2026-03-09 07:45:00,13.052,13.286,12.813,12.904,560700.0
2026-03-09 08:00:00,12.905,12.978,12.71,12.727,371390.8
2026-03-09 08:15:00,12.727,13.051,12.725,13.036,228629.8
2026-03-09 08:30:00,13.035,13.05,12.807,12.848,228386.5
2026-03-09 08:45:00,12.848,12.932,12.651,12.725,255109.4
2026-03-09 09:00:00,12.724,12.768,12.629,12.757,214532.5
2026-03-09 09:15:00,12.758,12.764,12.356,12.426,517343.2
2026-03-09 09:30:00,12.428,12.453,12.235,12.289,466791.8
2026-03-09 09:45:00,12.289,12.513,12.158,12.444,459474.6
2026-03-09 10:00:00,12.445,12.871,12.412,12.745,472288.5
2026-03-09 10:15:00,12.744,12.867,12.601,12.758,330691.6
2026-03-09 10:30:00,12.758,13.03,12.641,12.874,441928.7
2026-03-09 10:45:00,12.874,13.159,12.811,13.153,375436.4
2026-03-09 11:00:00,13.154,13.268,12.933,12.943,483689.2
2026-03-09 11:15:00,12.942,13.239,12.939,13.064,358362.4
2026-03-09 11:30:00,13.064,13.084,12.666,12.932,569207.0
2026-03-09 11:45:00,12.93,12.963,12.672,12.804,343506.4
2026-03-09 12:00:00,12.805,12.85,12.674,12.719,241383.2
2026-03-09 12:15:00,12.72,12.991,12.7,12.887,273312.8
2026-03-09 12:30:00,12.886,13.046,12.785,12.844,227388.2
2026-03-09 12:45:00,12.844,12.905,12.741,12.859,172185.3
2026-03-09 13:00:00,12.858,13.045,12.853,13.025,169048.3
2026-03-09 13:15:00,13.025,13.342,13.02,13.114,428463.8
2026-03-09 13:30:00,13.114,13.198,12.826,12.858,311678.7
2026-03-09 13:45:00,12.857,12.944,12.758,12.926,238580.2
2026-03-09 14:00:00,12.927,12.972,12.771,12.821,161918.9
2026-03-09 14:15:00,12.82,12.92,12.722,12.779,252033.5
2026-03-09 14:30:00,12.778,12.96,12.744,12.916,162583.7
2026-03-09 14:45:00,12.916,12.998,12.828,12.943,137535.8
2026-03-09 15:00:00,12.944,13.129,12.904,13.058,222539.6
2026-03-09 15:15:00,13.058,13.103,12.856,12.876,188348.8
2026-03-09 15:30:00,12.876,12.998,12.839,12.914,126733.4
2026-03-09 15:45:00,12.915,12.955,12.771,12.819,177334.6
2026-03-09 16:00:00,12.818,12.898,12.723,12.787,223359.8
2026-03-09 16:15:00,12.788,12.808,12.377,12.651,435827.6
2026-03-09 16:30:00,12.651,12.698,12.461,12.633,270643.2
2026-03-09 16:45:00,12.633,12.646,12.49,12.549,131012.3
2026-03-09 17:00:00,12.549,12.669,12.487,12.517,146342.0
2026-03-09 17:15:00,12.517,12.736,12.501,12.626,158162.3
2026-03-09 17:30:00,12.629,12.629,12.307,12.422,250987.7
2026-03-09 17:45:00,12.421,12.541,12.392,12.468,157255.1
2026-03-09 18:00:00,12.468,12.491,12.332,12.36,179093.4
2026-03-09 18:15:00,12.359,12.406,12.25,12.273,199314.3
2026-03-09 18:30:00,12.273,12.399,12.256,12.297,157013.0
2026-03-09 18:45:00,12.298,12.365,12.17,12.228,205733.8
2026-03-09 19:00:00,12.23,12.286,12.182,12.206,141795.6
2026-03-09 19:15:00,12.207,12.406,12.162,12.4,214518.6
2026-03-09 19:30:00,12.4,12.417,12.056,12.115,306966.6
2026-03-09 19:45:00,12.116,12.179,12.023,12.128,195616.5
2026-03-09 20:00:00,12.128,12.221,11.863,11.991,398397.5
2026-03-09 20:15:00,11.992,12.032,11.912,11.939,151415.2
2026-03-09 20:30:00,11.94,11.993,11.794,11.851,313484.1
2026-03-09 20:45:00,11.851,11.909,11.756,11.822,214353.0
2026-03-09 21:00:00,11.821,11.971,11.764,11.956,221104.6
2026-03-09 21:15:00,11.956,11.958,11.516,11.651,435153.7
2026-03-09 21:30:00,11.651,11.651,11.41,11.538,384382.9
2026-03-09 21:45:00,11.537,11.628,11.44,11.556,195173.5
2026-03-09 22:00:00,11.555,11.689,11.412,11.552,296499.8
2026-03-09 22:15:00,11.552,11.825,11.514,11.688,252143.8
2026-03-09 22:30:00,11.689,11.841,11.682,11.818,231419.4
2026-03-09 22:45:00,11.818,11.829,11.607,11.814,242615.0
2026-03-09 23:00:00,11.812,12.272,11.8,11.844,705062.5
2026-03-09 23:15:00,11.844,11.878,11.533,11.73,528080.0
2026-03-09 23:30:00,11.729,11.912,11.627,11.89,238490.2
2026-03-09 23:45:00,11.89,11.947,11.676,11.851,276114.8
2026-03-10 00:00:00,11.852,11.857,11.633,11.711,259954.8
2026-03-10 00:15:00,11.711,11.836,11.651,11.752,175790.1
2026-03-10 00:30:00,11.752,12.078,11.55,11.958,642628.3
2026-03-10 00:45:00,11.959,12.222,11.827,11.97,367321.4
2026-03-10 01:00:00,11.971,12.02,11.883,11.918,129465.1
2026-03-10 01:15:00,11.917,12.004,11.732,11.742,175822.2
2026-03-10 01:30:00,11.743,11.758,11.601,11.708,190675.7
2026-03-10 01:45:00,11.709,11.754,11.568,11.696,194089.8
2026-03-10 02:00:00,11.695,12.5,11.676,12.491,1281814.9
2026-03-10 02:15:00,12.491,12.5,12.405,12.49,562722.8
2026-03-10 02:30:00,12.49,12.843,12.262,12.772,515144.4
2026-03-10 02:45:00,12.769,12.808,11.851,11.933,757371.6
2026-03-10 03:00:00,11.933,11.968,11.556,11.706,499428.4
2026-03-10 03:15:00,11.706,11.845,11.502,11.775,411916.8
2026-03-10 03:30:00,11.776,11.803,11.154,11.241,604938.5
2026-03-10 03:45:00,11.239,11.321,11.057,11.243,434879.1
2026-03-10 04:00:00,11.243,11.275,11.031,11.07,337856.1
2026-03-10 04:15:00,11.073,11.254,11.045,11.208,288605.8
2026-03-10 04:30:00,11.209,11.276,11.102,11.166,186097.7
2026-03-10 04:45:00,11.167,11.175,10.75,10.952,579815.3
2026-03-10 05:00:00,10.951,11.209,10.9,11.092,524084.6
2026-03-10 05:15:00,11.092,11.2,11.04,11.051,187114.8
2026-03-10 05:30:00,11.051,11.412,10.937,11.07,616631.4
2026-03-10 05:45:00,11.071,11.211,10.975,11.19,240085.3
2026-03-10 06:00:00,11.189,11.23,10.723,10.816,576672.0
2026-03-10 06:15:00,10.815,10.944,10.56,10.884,634493.4
2026-03-10 06:30:00,10.884,11.28,10.836,11.039,626939.8
2026-03-10 06:45:00,11.04,11.345,11.04,11.096,306310.1
2026-03-10 07:00:00,11.096,11.147,10.971,11.07,222480.9
2026-03-10 07:15:00,11.069,11.189,11.04,11.077,160934.0
2026-03-10 07:30:00,11.076,11.128,10.823,10.927,276756.4
2026-03-10 07:45:00,10.928,11.128,10.907,11.09,177543.3
2026-03-10 08:00:00,11.089,11.249,11.084,11.217,233190.1
2026-03-10 08:15:00,11.217,11.6,11.217,11.5,460187.1
2026-03-10 08:30:00,11.501,11.608,11.329,11.438,329829.2
2026-03-10 08:45:00,11.438,11.481,11.253,11.296,221636.9
2026-03-10 09:00:00,11.296,11.96,11.285,11.757,560859.3
2026-03-10 09:15:00,11.756,12.2,11.746,12.119,529033.7
2026-03-10 09:30:00,12.118,12.399,11.96,12.22,481685.5
2026-03-10 09:45:00,12.218,12.622,12.116,12.447,495516.5
2026-03-10 10:00:00,12.446,12.694,12.424,12.547,455959.2
2026-03-10 10:15:00,12.546,12.78,12.137,12.637,709872.4
2026-03-10 10:30:00,12.638,12.678,12.414,12.514,365901.8
2026-03-10 10:45:00,12.514,12.939,12.42,12.76,402357.7
2026-03-10 11:00:00,12.759,12.879,12.652,12.789,274264.3
2026-03-10 11:15:00,12.789,12.966,12.551,12.72,340288.3
2026-03-10 11:30:00,12.719,12.873,12.441,12.772,454896.6
2026-03-10 11:45:00,12.772,12.937,12.719,12.792,240826.8
2026-03-10 12:00:00,12.793,13.425,12.788,13.196,814456.1
2026-03-10 12:15:00,13.195,13.38,13.039,13.192,402034.9
2026-03-10 12:30:00,13.192,13.329,13.035,13.164,311875.0
2026-03-10 12:45:00,13.163,13.215,12.321,12.522,974821.0
2026-03-10 13:00:00,12.523,12.837,12.272,12.531,706772.0
2026-03-10 13:15:00,12.532,12.825,12.455,12.76,371940.9
2026-03-10 13:30:00,12.76,13.199,12.674,12.75,574367.3
2026-03-10 13:45:00,12.75,13.278,12.684,13.147,416841.8
2026-03-10 14:00:00,13.147,13.283,12.881,13.13,422779.2
2026-03-10 14:15:00,13.129,13.337,13.069,13.32,298364.4
2026-03-10 14:30:00,13.321,13.699,13.2,13.249,674567.6
2026-03-10 14:45:00,13.248,13.373,13.024,13.077,361862.6
2026-03-10 15:00:00,13.076,13.471,12.962,13.339,507473.7
2026-03-10 15:15:00,13.34,13.62,13.261,13.536,325003.8
2026-03-10 15:30:00,13.536,13.602,13.325,13.408,218893.9
2026-03-10 15:45:00,13.408,13.789,13.389,13.585,361171.2
2026-03-10 16:00:00,13.585,14.387,13.583,14.33,846452.4
2026-03-10 16:15:00,14.332,14.6,14.166,14.521,759488.0
2026-03-10 16:30:00,14.519,14.579,14.337,14.392,306846.3
2026-03-10 16:45:00,14.392,14.75,14.263,14.444,386412.2
2026-03-10 17:00:00,14.445,14.459,13.751,14.053,685136.1
2026-03-10 17:15:00,14.053,14.272,13.834,14.109,307774.9
2026-03-10 17:30:00,14.106,14.234,13.941,14.162,244641.8
2026-03-10 17:45:00,14.163,14.248,13.809,13.851,276795.7
2026-03-10 18:00:00,13.85,14.073,13.621,13.852,306592.6
2026-03-10 18:15:00,13.851,14.16,13.843,13.891,225913.6
2026-03-10 18:30:00,13.889,13.891,13.741,13.824,152260.8
2026-03-10 18:45:00,13.825,14.069,13.825,13.945,154004.3
2026-03-10 19:00:00,13.945,14.224,13.943,14.175,156718.2
2026-03-10 19:15:00,14.175,14.369,14.066,14.196,182539.5
2026-03-10 19:30:00,14.195,14.23,14.026,14.183,131965.2
2026-03-10 19:45:00,14.18,14.365,14.18,14.218,123881.2
2026-03-10 20:00:00,14.218,14.354,14.1,14.189,144182.8
2026-03-10 20:15:00,14.186,14.305,14.122,14.153,105433.0
2026-03-10 20:30:00,14.154,14.225,13.96,14.0,150026.4
2026-03-10 20:45:00,14.001,14.052,13.833,13.925,118769.9
2026-03-10 21:00:00,13.924,13.982,13.801,13.866,100966.6
2026-03-10 21:15:00,13.866,13.933,13.505,13.686,214442.1
2026-03-10 21:30:00,13.686,13.903,13.364,13.899,299702.9
2026-03-10 21:45:00,13.897,14.091,13.733,13.998,184152.7
2026-03-10 22:00:00,13.998,14.078,13.852,13.943,180503.9
2026-03-10 22:15:00,13.944,14.088,13.901,13.99,118334.4
2026-03-10 22:30:00,13.99,14.025,13.768,13.946,166512.2
2026-03-10 22:45:00,13.946,13.986,13.824,13.9,93473.8
2026-03-10 23:00:00,13.901,14.05,13.874,14.012,114076.5
2026-03-10 23:15:00,14.011,14.03,13.641,13.766,180137.9
2026-03-10 23:30:00,13.763,13.87,13.65,13.706,125852.5
2026-03-10 23:45:00,13.707,13.927,13.663,13.912,119545.7
2026-03-11 00:00:00,13.912,13.999,13.761,13.962,182857.6
2026-03-11 00:15:00,13.961,14.222,13.868,14.12,215504.0
2026-03-11 00:30:00,14.12,14.259,14.058,14.12,148310.3
2026-03-11 00:45:00,14.119,14.277,14.104,14.167,140513.4
2026-03-11 01:00:00,14.167,14.196,14.035,14.1,128983.5
2026-03-11 01:15:00,14.098,14.15,13.904,13.943,176039.9
2026-03-11 01:30:00,13.942,14.172,13.871,14.066,143981.7
2026-03-11 01:45:00,14.066,14.199,13.986,14.198,132284.9
2026-03-11 02:00:00,14.198,14.268,14.085,14.191,174305.2
2026-03-11 02:15:00,14.189,14.222,13.967,14.099,137626.1
2026-03-11 02:30:00,14.1,14.259,14.042,14.099,145450.2
2026-03-11 02:45:00,14.099,14.5,14.024,14.376,258365.3
2026-03-11 03:00:00,14.377,14.464,14.253,14.42,205087.8
2026-03-11 03:15:00,14.421,14.473,14.277,14.356,135578.3
2026-03-11 03:30:00,14.357,14.382,14.121,14.224,154657.5
2026-03-11 03:45:00,14.223,14.554,14.214,14.487,267819.1
2026-03-11 04:00:00,14.488,14.667,14.416,14.59,252913.9
2026-03-11 04:15:00,14.59,14.89,14.454,14.755,390011.5
2026-03-11 04:30:00,14.756,14.811,14.376,14.58,302161.0
2026-03-11 04:45:00,14.579,14.597,14.222,14.336,302162.5
2026-03-11 05:00:00,14.337,14.734,14.142,14.543,387676.1
2026-03-11 05:15:00,14.543,14.688,14.525,14.638,141723.6
2026-03-11 05:30:00,14.637,14.995,14.612,14.933,309077.7
2026-03-11 05:45:00,14.933,15.177,14.835,14.883,524530.4
2026-03-11 06:00:00,14.882,15.134,14.77,15.039,319661.5
2026-03-11 06:15:00,15.035,15.368,15.017,15.296,417802.5
2026-03-11 06:30:00,15.294,15.687,15.249,15.589,514796.3
2026-03-11 06:45:00,15.589,15.612,15.132,15.203,456709.6
2026-03-11 07:00:00,15.198,15.399,15.137,15.322,324807.2
2026-03-11 07:15:00,15.322,15.437,15.01,15.11,312783.4
2026-03-11 07:30:00,15.109,15.243,14.909,14.985,323572.8
2026-03-11 07:45:00,14.985,15.292,14.914,15.19,274673.2
2026-03-11 08:00:00,15.188,15.388,15.079,15.377,279574.0
2026-03-11 08:15:00,15.375,15.398,14.803,14.926,431747.4
2026-03-11 08:30:00,14.925,14.997,14.407,14.433,540994.7
2026-03-11 08:45:00,14.433,14.459,13.755,13.856,861985.9
2026-03-11 09:00:00,13.857,15.128,13.813,15.069,1153439.6
2026-03-11 09:15:00,15.067,15.45,15.058,15.338,658071.6
2026-03-11 09:30:00,15.338,15.567,14.963,15.148,594415.6
2026-03-11 09:45:00,15.153,15.335,14.711,14.972,489936.1
2026-03-11 10:00:00,14.971,15.184,14.797,14.878,308851.4
2026-03-11 10:15:00,14.878,14.889,14.621,14.829,287665.9
2026-03-11 10:30:00,14.829,14.973,14.669,14.827,226231.9
2026-03-11 10:45:00,14.828,15.09,14.719,15.055,238234.0
2026-03-11 11:00:00,15.055,15.157,14.937,15.021,220520.5
2026-03-11 11:15:00,15.017,15.399,15.016,15.347,287580.6
2026-03-11 11:30:00,15.347,15.432,15.218,15.399,273352.8
2026-03-11 11:45:00,15.399,15.417,15.058,15.139,244936.4
2026-03-11 12:00:00,15.139,15.311,14.952,15.088,304231.6
2026-03-11 12:15:00,15.087,15.091,14.859,14.926,219562.2
2026-03-11 12:30:00,14.927,14.99,14.707,14.74,236915.7
2026-03-11 12:45:00,14.74,14.939,14.718,14.83,149831.6
2026-03-11 13:00:00,14.828,15.039,14.515,14.978,481069.3
2026-03-11 13:15:00,14.977,15.071,14.645,14.711,229709.4
2026-03-11 13:30:00,14.711,14.792,14.611,14.716,173769.0
2026-03-11 13:45:00,14.717,15.365,14.583,15.195,598626.1
2026-03-11 14:00:00,15.195,15.363,15.04,15.065,355847.8
2026-03-11 14:15:00,15.066,15.141,14.878,14.983,194169.5
2026-03-11 14:30:00,14.982,15.128,14.927,14.981,160390.1
2026-03-11 14:45:00,14.981,15.031,14.843,14.878,132995.4
2026-03-11 15:00:00,14.878,14.99,14.832,14.945,112683.9
2026-03-11 15:15:00,14.945,14.995,14.73,14.811,146711.2
2026-03-11 15:30:00,14.812,14.937,14.774,14.849,97813.7
2026-03-11 15:45:00,14.848,15.232,14.756,15.163,347062.1
2026-03-11 16:00:00,15.162,15.218,14.919,14.985,189631.5
2026-03-11 16:15:00,14.984,15.042,14.831,14.868,133147.1
2026-03-11 16:30:00,14.869,15.335,14.79,15.163,584592.0
2026-03-11 16:45:00,15.163,15.381,15.01,15.087,263900.0
2026-03-11 17:00:00,15.087,15.144,14.946,14.952,107715.7
2026-03-11 17:15:00,14.953,14.961,14.38,14.578,393818.3
2026-03-11 17:30:00,14.579,14.713,14.393,14.685,202493.0
2026-03-11 17:45:00,14.682,14.707,14.226,14.28,247252.8
2026-03-11 18:00:00,14.28,14.452,14.256,14.269,118265.1
2026-03-11 18:15:00,14.27,14.366,14.1,14.251,177627.6
2026-03-11 18:30:00,14.252,14.55,14.223,14.432,177248.1
2026-03-11 18:45:00,14.435,14.449,14.257,14.316,90204.7
2026-03-11 19:00:00,14.317,14.367,14.108,14.145,127193.7
2026-03-11 19:15:00,14.146,14.173,14.031,14.06,126328.9
2026-03-11 19:30:00,14.061,14.154,14.038,14.128,70554.2
2026-03-11 19:45:00,14.127,14.141,13.92,14.015,126004.9
2026-03-11 20:00:00,14.014,14.084,13.912,14.042,122229.4
2026-03-11 20:15:00,14.042,14.189,13.956,14.049,124891.5
2026-03-11 20:30:00,14.049,14.166,13.972,14.079,87886.9
2026-03-11 20:45:00,14.078,14.095,13.849,13.962,140591.0
2026-03-11 21:00:00,13.961,14.04,13.84,13.984,117736.4
2026-03-11 21:15:00,13.983,14.026,13.906,14.004,67341.5
2026-03-11 21:30:00,14.004,14.05,13.927,13.974,62217.9
2026-03-11 21:45:00,13.972,14.3,13.97,14.119,176685.2
2026-03-11 22:00:00,14.119,14.148,13.925,13.949,107938.6
2026-03-11 22:15:00,13.948,14.019,13.886,14.003,82678.6
2026-03-11 22:30:00,14.002,14.031,13.856,13.87,86467.4
2026-03-11 22:45:00,13.871,13.916,13.71,13.892,191482.4
2026-03-11 23:00:00,13.892,13.964,13.829,13.918,103281.9
2026-03-11 23:15:00,13.916,14.079,13.854,14.075,119459.3
2026-03-11 23:30:00,14.074,14.446,13.977,14.248,398785.6
2026-03-11 23:45:00,14.247,14.757,14.179,14.564,510903.5
2026-03-12 00:00:00,14.564,15.067,14.442,15.0,525005.1
2026-03-12 00:15:00,15.0,15.108,14.617,14.676,358141.7
2026-03-12 00:30:00,14.675,15.059,14.575,14.874,461641.4
2026-03-12 00:45:00,14.874,14.948,14.769,14.915,126977.7
2026-03-12 01:00:00,14.915,15.13,14.761,15.08,180425.9
2026-03-12 01:15:00,15.081,15.223,15.031,15.216,131518.7
2026-03-12 01:30:00,15.215,15.35,15.077,15.326,173443.0
2026-03-12 01:45:00,15.326,15.473,15.212,15.28,157906.1
2026-03-12 02:00:00,15.281,15.416,15.068,15.387,185904.6
2026-03-12 02:15:00,15.389,15.517,15.231,15.418,175559.1
2026-03-12 02:30:00,15.418,16.19,15.314,16.007,536228.8
2026-03-12 02:45:00,16.009,16.628,15.892,16.337,616483.1
2026-03-12 03:00:00,16.337,16.472,16.144,16.409,306360.1
2026-03-12 03:15:00,16.41,17.05,16.313,16.997,908994.7
2026-03-12 03:30:00,16.996,17.353,16.736,16.942,704616.1
2026-03-12 03:45:00,16.941,17.029,16.634,16.75,309808.1
2026-03-12 04:00:00,16.747,17.283,16.72,17.007,379483.0
2026-03-12 04:15:00,17.008,17.025,16.806,16.882,157771.3
2026-03-12 04:30:00,16.881,16.97,16.26,16.918,547998.2
2026-03-12 04:45:00,16.919,16.93,16.357,16.534,269484.6
2026-03-12 05:00:00,16.534,16.619,16.315,16.347,161314.0
2026-03-12 05:15:00,16.347,16.815,16.28,16.526,294373.0
2026-03-12 05:30:00,16.526,16.74,16.521,16.651,146201.9
2026-03-12 05:45:00,16.651,16.726,16.503,16.581,107205.2
2026-03-12 06:00:00,16.581,16.786,16.538,16.623,119709.3
2026-03-12 06:15:00,16.624,16.911,16.612,16.85,174814.1
2026-03-12 06:30:00,16.851,16.9,16.507,16.824,311935.3
2026-03-12 06:45:00,16.823,16.9,16.739,16.862,221488.7
2026-03-12 07:00:00,16.862,18.366,16.781,18.183,1427347.1
2026-03-12 07:15:00,18.181,18.443,17.875,17.999,551530.5
2026-03-12 07:30:00,17.997,18.119,17.712,17.785,296915.2
2026-03-12 07:45:00,17.785,18.165,17.77,17.883,254999.3
2026-03-12 08:00:00,17.883,18.286,17.874,18.172,267097.2
2026-03-12 08:15:00,18.173,18.259,18.03,18.206,211342.4
2026-03-12 08:30:00,18.207,18.22,17.947,18.113,195223.6
2026-03-12 08:45:00,18.114,18.65,18.04,18.281,358874.9
2026-03-12 09:00:00,18.281,18.41,18.068,18.124,307231.0
2026-03-12 09:15:00,18.125,18.134,17.542,17.839,771454.7
2026-03-12 09:30:00,17.838,17.912,17.559,17.74,304738.8
2026-03-12 09:45:00,17.74,17.943,17.343,17.803,479236.3
2026-03-12 10:00:00,17.803,17.986,17.546,17.57,299961.1
2026-03-12 10:15:00,17.57,17.675,17.362,17.558,278827.1
2026-03-12 10:30:00,17.559,17.974,17.55,17.832,601204.9
2026-03-12 10:45:00,17.833,18.28,17.832,18.127,323237.3
2026-03-12 11:00:00,18.126,18.358,18.009,18.185,238047.2
2026-03-12 11:15:00,18.185,18.248,18.067,18.135,130033.4
2026-03-12 11:30:00,18.139,18.443,18.138,18.323,220096.4
2026-03-12 11:45:00,18.323,18.375,18.233,18.32,148842.3
2026-03-12 12:00:00,18.32,18.875,18.241,18.569,422860.6
2026-03-12 12:15:00,18.569,18.6,18.38,18.534,215105.6
2026-03-12 12:30:00,18.534,18.73,18.515,18.573,222443.2
2026-03-12 12:45:00,18.574,18.629,18.158,18.225,288206.3
2026-03-12 13:00:00,18.225,18.542,18.204,18.445,251840.1
2026-03-12 13:15:00,18.444,18.468,18.237,18.335,166559.7
2026-03-12 13:30:00,18.336,18.626,18.304,18.359,243918.9
2026-03-12 13:45:00,18.359,18.6,18.227,18.532,222715.7
2026-03-12 14:00:00,18.531,18.61,18.35,18.388,164314.3
2026-03-12 14:15:00,18.389,18.699,18.25,18.446,292335.4
2026-03-12 14:30:00,18.445,18.481,18.253,18.344,190016.8
2026-03-12 14:45:00,18.344,18.534,18.236,18.274,207861.1
2026-03-12 15:00:00,18.272,18.292,17.906,18.009,391652.1
2026-03-12 15:15:00,18.008,18.198,17.836,18.185,310234.8
2026-03-12 15:30:00,18.183,18.39,18.05,18.102,237967.9
2026-03-12 15:45:00,18.101,18.223,17.89,18.015,199404.9
2026-03-12 16:00:00,18.014,18.548,17.92,18.237,437799.5
2026-03-12 16:15:00,18.237,18.377,18.132,18.368,148769.3
2026-03-12 16:30:00,18.371,18.65,18.234,18.299,271376.4
2026-03-12 16:45:00,18.301,18.52,18.243,18.489,183400.9
2026-03-12 17:00:00,18.489,18.564,18.343,18.377,128772.0
2026-03-12 17:15:00,18.378,18.579,18.185,18.502,189987.9
2026-03-12 17:30:00,18.501,19.469,18.376,18.54,726088.6
2026-03-12 17:45:00,18.541,18.875,18.474,18.81,255172.8
2026-03-12 18:00:00,18.809,18.976,18.61,18.696,210144.7
2026-03-12 18:15:00,18.696,18.767,18.55,18.644,162953.7
2026-03-12 18:30:00,18.65,18.669,18.341,18.373,179272.8
2026-03-12 18:45:00,18.373,18.605,18.236,18.545,195863.3
2026-03-12 19:00:00,18.545,18.603,18.32,18.366,150106.4
2026-03-12 19:15:00,18.365,18.606,18.334,18.465,142827.3
2026-03-12 19:30:00,18.465,18.659,18.437,18.566,105791.2
2026-03-12 19:45:00,18.566,18.594,18.415,18.46,81731.6
2026-03-12 20:00:00,18.46,18.609,18.303,18.345,125710.3
2026-03-12 20:15:00,18.345,18.476,18.333,18.454,108872.8
2026-03-12 20:30:00,18.455,18.461,18.115,18.223,136778.7
2026-03-12 20:45:00,18.224,18.324,18.152,18.3,119863.5
2026-03-12 21:00:00,18.3,18.454,18.211,18.437,100308.9
2026-03-12 21:15:00,18.437,18.585,18.363,18.509,107292.1
2026-03-12 21:30:00,18.51,18.531,18.355,18.411,70692.2
2026-03-12 21:45:00,18.411,18.534,18.338,18.401,61981.5
2026-03-12 22:00:00,18.403,18.521,18.391,18.495,61289.7
2026-03-12 22:15:00,18.495,18.536,18.21,18.295,115915.8
2026-03-12 22:30:00,18.294,18.366,18.237,18.323,73190.3
2026-03-12 22:45:00,18.323,18.467,18.313,18.454,77979.9
2026-03-12 23:00:00,18.455,18.518,18.303,18.309,108847.2
2026-03-12 23:15:00,18.309,18.758,18.309,18.639,208286.7
2026-03-12 23:30:00,18.639,19.0,18.54,18.98,392281.0
2026-03-12 23:45:00,18.979,19.099,18.657,18.726,376962.4
2026-03-13 00:00:00,18.727,18.798,18.475,18.708,172102.7
2026-03-13 00:15:00,18.708,19.175,18.671,19.087,440914.6
2026-03-13 00:30:00,19.088,19.104,18.9,18.964,281342.7
2026-03-13 00:45:00,18.964,19.311,18.636,18.64,396990.6
2026-03-13 01:00:00,18.64,18.862,18.484,18.748,343721.6
2026-03-13 01:15:00,18.749,18.894,18.563,18.831,198751.2
2026-03-13 01:30:00,18.831,19.104,18.733,19.035,145880.2
2026-03-13 01:45:00,19.035,19.047,18.822,18.885,102713.5
2026-03-13 02:00:00,18.886,18.888,18.615,18.691,131860.0
2026-03-13 02:15:00,18.691,18.75,18.45,18.599,154146.4
2026-03-13 02:30:00,18.6,18.746,18.41,18.451,116006.9
2026-03-13 02:45:00,18.452,18.615,18.432,18.519,91976.6
2026-03-13 03:00:00,18.518,18.602,18.236,18.558,237934.5
2026-03-13 03:15:00,18.559,19.224,18.448,18.805,416853.3
2026-03-13 03:30:00,18.804,19.834,18.787,19.62,970644.2
2026-03-13 03:45:00,19.621,19.66,19.224,19.307,254308.1
2026-03-13 04:00:00,19.308,19.524,19.041,19.175,198831.0
2026-03-13 04:15:00,19.174,19.323,18.902,19.251,188491.6
2026-03-13 04:30:00,19.251,19.291,18.931,18.933,141194.3
2026-03-13 04:45:00,18.933,19.13,18.903,19.068,109758.5
2026-03-13 05:00:00,19.068,19.3,18.965,19.284,135534.0
2026-03-13 05:15:00,19.283,19.3,19.112,19.185,89229.1
2026-03-13 05:30:00,19.185,19.443,19.131,19.215,141679.6
2026-03-13 05:45:00,19.214,19.788,19.184,19.757,514274.7
2026-03-13 06:00:00,19.757,20.148,19.689,19.794,681782.6
2026-03-13 06:15:00,19.794,20.354,19.729,19.987,379323.4
2026-03-13 06:30:00,19.988,20.072,19.662,19.9,201493.3
2026-03-13 06:45:00,19.9,19.998,19.751,19.77,141332.6
2026-03-13 07:00:00,19.77,19.998,19.717,19.981,156727.0
2026-03-13 07:15:00,19.981,20.15,19.861,20.134,279508.4
2026-03-13 07:30:00,20.134,20.799,20.08,20.63,898012.0
2026-03-13 07:45:00,20.631,20.673,20.37,20.506,646060.9
2026-03-13 08:00:00,20.506,21.534,20.505,21.003,763493.6
2026-03-13 08:15:00,21.003,21.121,20.53,20.642,506850.7
2026-03-13 08:30:00,20.641,20.883,20.278,20.822,490455.0
2026-03-13 08:45:00,20.822,20.947,20.502,20.554,180877.9
2026-03-13 09:00:00,20.556,20.646,20.219,20.416,243199.6
2026-03-13 09:15:00,20.414,20.827,20.151,20.534,352456.5
2026-03-13 09:30:00,20.535,20.89,20.534,20.845,158961.7
2026-03-13 09:45:00,20.844,21.685,20.829,21.477,564394.7
2026-03-13 10:00:00,21.477,21.888,21.47,21.699,466980.3
2026-03-13 10:15:00,21.699,21.999,21.581,21.597,289421.7
2026-03-13 10:30:00,21.597,21.748,21.347,21.668,284716.3
2026-03-13 10:45:00,21.667,21.79,21.3,21.397,205610.5
2026-03-13 11:00:00,21.397,21.6,21.18,21.219,233865.5
2026-03-13 11:15:00,21.219,21.483,21.205,21.337,137090.1
2026-03-13 11:30:00,21.336,21.535,21.266,21.493,134293.7
2026-03-13 11:45:00,21.495,21.595,21.339,21.507,112083.4
2026-03-13 12:00:00,21.511,21.636,21.06,21.151,237282.6
2026-03-13 12:15:00,21.152,21.4,21.152,21.183,142641.2
2026-03-13 12:30:00,21.183,21.276,20.709,20.941,307665.1
2026-03-13 12:45:00,20.941,21.216,20.76,20.832,228568.2
2026-03-13 13:00:00,20.833,20.939,20.641,20.919,213886.6
2026-03-13 13:15:00,20.92,21.115,20.597,20.661,281409.7
2026-03-13 13:30:00,20.662,20.749,20.3,20.614,353626.1
2026-03-13 13:45:00,20.615,20.73,20.46,20.617,151032.9
2026-03-13 14:00:00,20.619,20.69,20.246,20.349,236569.2
2026-03-13 14:15:00,20.349,20.558,20.305,20.345,150538.8
2026-03-13 14:30:00,20.345,20.527,20.029,20.211,217240.7
2026-03-13 14:45:00,20.213,20.385,20.064,20.124,186438.4
2026-03-13 15:00:00,20.124,20.15,19.601,19.679,449980.0
2026-03-13 15:15:00,19.678,19.714,18.831,19.041,649722.8
2026-03-13 15:30:00,19.039,19.448,18.771,19.092,521221.9
2026-03-13 15:45:00,19.093,19.138,18.615,19.042,395777.5
2026-03-13 16:00:00,19.041,19.78,19.039,19.438,542215.1
2026-03-13 16:15:00,19.439,19.557,19.05,19.148,284289.3
2026-03-13 16:30:00,19.147,19.18,18.832,19.026,293565.0
2026-03-13 16:45:00,19.024,19.399,18.939,19.28,189190.4
2026-03-13 17:00:00,19.279,19.459,19.104,19.312,139916.2
2026-03-13 17:15:00,19.312,19.516,19.161,19.229,147027.0
2026-03-13 17:30:00,19.227,19.6,19.175,19.578,208077.9
2026-03-13 17:45:00,19.572,19.692,19.387,19.515,201879.2
2026-03-13 18:00:00,19.516,19.65,19.466,19.639,104969.4
2026-03-13 18:15:00,19.638,20.836,19.629,20.189,675309.2
2026-03-13 18:30:00,20.19,20.413,20.038,20.106,190259.4
2026-03-13 18:45:00,20.105,20.185,19.63,19.819,227849.0
2026-03-13 19:00:00,19.821,20.303,19.633,20.295,233097.4
2026-03-13 19:15:00,20.296,20.352,20.072,20.113,98002.6
2026-03-13 19:30:00,20.114,20.369,20.069,20.227,100841.0
2026-03-13 19:45:00,20.226,20.457,20.202,20.271,113450.5
2026-03-13 20:00:00,20.272,20.437,20.205,20.401,77166.5
2026-03-13 20:15:00,20.401,20.699,20.31,20.464,164223.3
2026-03-13 20:30:00,20.463,20.464,20.201,20.231,94127.2
2026-03-13 20:45:00,20.23,20.286,19.797,20.22,253228.8
2026-03-13 21:00:00,20.221,20.284,19.851,19.986,145103.6
2026-03-13 21:15:00,19.981,19.987,19.558,19.708,158567.0
2026-03-13 21:30:00,19.71,19.891,19.591,19.78,85641.4
2026-03-13 21:45:00,19.78,20.141,19.722,19.984,97075.9
2026-03-13 22:00:00,19.986,20.104,19.788,19.98,97440.7
2026-03-13 22:15:00,19.98,20.209,19.963,20.004,105048.4
2026-03-13 22:30:00,20.003,20.333,19.976,20.124,116595.7
2026-03-13 22:45:00,20.125,20.165,19.923,20.003,72436.8
2026-03-13 23:00:00,20.004,20.205,19.956,20.152,79919.2
2026-03-13 23:15:00,20.152,20.442,20.138,20.426,105568.3
2026-03-13 23:30:00,20.426,20.477,20.308,20.345,90824.5
2026-03-13 23:45:00,20.346,20.366,19.915,20.104,130463.6
2026-03-14 00:00:00,20.104,20.234,20.004,20.179,104934.6
2026-03-14 00:15:00,20.18,20.408,20.18,20.306,111589.1
2026-03-14 00:30:00,20.308,20.346,20.088,20.19,77226.3
2026-03-14 00:45:00,20.191,20.985,20.153,20.615,283783.2
2026-03-14 01:00:00,20.615,20.882,20.588,20.654,171923.7
2026-03-14 01:15:00,20.655,20.88,20.538,20.654,140661.7
2026-03-14 01:30:00,20.653,21.248,20.165,20.223,477296.2
2026-03-14 01:45:00,20.223,20.455,19.729,19.952,306978.8
2026-03-14 02:00:00,19.953,20.643,19.948,20.08,350484.2
2026-03-14 02:15:00,20.08,20.187,19.924,20.052,39414.3
