timestamp,open,high,low,close,volume
2025-12-15 21:00:00,0.152,0.1531,0.1502,0.1518,1203096.0
2025-12-15 22:00:00,0.1518,0.1553,0.1509,0.1552,1134785.0
2025-12-15 23:00:00,0.1552,0.1567,0.1542,0.1559,1282869.0
2025-12-16 00:00:00,0.1558,0.1558,0.1523,0.1532,2236419.0
2025-12-16 01:00:00,0.1532,0.1584,0.1532,0.1571,2012506.0
2025-12-16 02:00:00,0.1571,0.1576,0.1524,0.1563,2628672.0
2025-12-16 03:00:00,0.1564,0.1577,0.1529,0.1535,2349936.0
2025-12-16 04:00:00,0.1533,0.1542,0.1504,0.1531,2984774.0
2025-12-16 05:00:00,0.1532,0.1559,0.1524,0.1549,2021442.0
2025-12-16 06:00:00,0.155,0.1607,0.155,0.1569,4331063.0
2025-12-16 07:00:00,0.1569,0.164,0.1561,0.1627,3908453.0
2025-12-16 08:00:00,0.1628,0.166,0.1613,0.1618,4948943.0
2025-12-16 09:00:00,0.1618,0.1714,0.1618,0.1689,5555086.0
2025-12-16 10:00:00,0.169,0.1754,0.1661,0.1704,7423246.0
2025-12-16 11:00:00,0.1704,0.1711,0.1621,0.1663,6625403.0
2025-12-16 12:00:00,0.1663,0.1703,0.1644,0.167,5017084.0
2025-12-16 13:00:00,0.1669,0.1748,0.1652,0.1738,10300696.0
2025-12-16 14:00:00,0.1739,0.1804,0.1719,0.1798,11346834.0
2025-12-16 15:00:00,0.1797,0.1809,0.1726,0.1786,12416420.0
2025-12-16 16:00:00,0.1787,0.1804,0.1747,0.1772,5656349.0
2025-12-16 17:00:00,0.1772,0.1796,0.1754,0.176,3616224.0
2025-12-16 18:00:00,0.176,0.1772,0.1738,0.1755,2480357.0
2025-12-16 19:00:00,0.1756,0.1767,0.1731,0.1752,2782670.0
2025-12-16 20:00:00,0.175,0.1782,0.1738,0.1741,2391423.0
2025-12-16 21:00:00,0.1741,0.1798,0.174,0.1779,3439915.0
2025-12-16 22:00:00,0.178,0.1782,0.1709,0.1728,3818083.0
2025-12-16 23:00:00,0.1728,0.1739,0.1707,0.1718,1966701.0
2025-12-17 00:00:00,0.1718,0.1729,0.1691,0.171,3099047.0
2025-12-17 01:00:00,0.1709,0.1715,0.1675,0.1685,2367544.0
2025-12-17 02:00:00,0.1684,0.1687,0.1601,0.1635,5174539.0
2025-12-17 03:00:00,0.1634,0.1653,0.1617,0.1633,2291550.0
2025-12-17 04:00:00,0.1633,0.1638,0.1577,0.1609,3776175.0
2025-12-17 05:00:00,0.1609,0.1618,0.1571,0.1576,2178158.0
2025-12-17 06:00:00,0.1577,0.1602,0.157,0.1578,2185864.0
2025-12-17 07:00:00,0.1577,0.1584,0.1541,0.1549,3310452.0
2025-12-17 08:00:00,0.155,0.1581,0.1524,0.1535,3182680.0
2025-12-17 09:00:00,0.1534,0.1539,0.1509,0.1538,2026859.0
2025-12-17 10:00:00,0.1537,0.1613,0.1529,0.1592,4178461.0
2025-12-17 11:00:00,0.1592,0.1683,0.1584,0.1668,4783571.0
2025-12-17 12:00:00,0.1667,0.1668,0.1603,0.1631,3140689.0
2025-12-17 13:00:00,0.1632,0.1647,0.1608,0.164,1978787.0
2025-12-17 14:00:00,0.1639,0.1643,0.1612,0.1628,1912778.0
2025-12-17 15:00:00,0.1627,0.1642,0.1581,0.1598,3375840.0
2025-12-17 16:00:00,0.1598,0.1621,0.1567,0.1615,3583183.0
2025-12-17 17:00:00,0.1615,0.1629,0.1599,0.1615,1684515.0
2025-12-17 18:00:00,0.1615,0.1625,0.159,0.1593,1664582.0
2025-12-17 19:00:00,0.1592,0.1599,0.1581,0.1595,1295877.0
2025-12-17 20:00:00,0.1596,0.1606,0.159,0.1593,884695.0
2025-12-17 21:00:00,0.1593,0.1625,0.1593,0.1623,937054.0
2025-12-17 22:00:00,0.1624,0.1627,0.1605,0.1617,682958.0
2025-12-17 23:00:00,0.1617,0.1629,0.1605,0.1628,666098.0
2025-12-18 00:00:00,0.1629,0.1647,0.1626,0.1637,1317244.0
2025-12-18 01:00:00,0.1637,0.164,0.1602,0.1613,1177179.0
2025-12-18 02:00:00,0.1612,0.1645,0.1609,0.1635,1268778.0
2025-12-18 03:00:00,0.1633,0.1648,0.1616,0.1633,1124403.0
2025-12-18 04:00:00,0.1634,0.1671,0.1631,0.165,1622866.0
2025-12-18 05:00:00,0.1651,0.1662,0.164,0.1656,1459880.0
2025-12-18 06:00:00,0.1657,0.1725,0.1656,0.1696,4302369.0
2025-12-18 07:00:00,0.1695,0.1719,0.1674,0.1704,3070214.0
2025-12-18 08:00:00,0.1704,0.1761,0.1693,0.1741,5844429.0
2025-12-18 09:00:00,0.1742,0.1778,0.173,0.1768,6026954.0
2025-12-18 10:00:00,0.1769,0.1772,0.1723,0.173,3745028.0
2025-12-18 11:00:00,0.1731,0.1738,0.1684,0.1711,4505699.0
2025-12-18 12:00:00,0.1712,0.1748,0.1701,0.1723,3294370.0
2025-12-18 13:00:00,0.1723,0.1734,0.1687,0.1699,2502114.0
2025-12-18 14:00:00,0.17,0.1712,0.1684,0.1691,2458847.0
2025-12-18 15:00:00,0.169,0.1702,0.1671,0.1688,2288266.0
2025-12-18 16:00:00,0.1687,0.169,0.1656,0.1669,2974078.0
2025-12-18 17:00:00,0.1668,0.1723,0.1643,0.1708,5728988.0
2025-12-18 18:00:00,0.1708,0.1732,0.169,0.1705,2867962.0
2025-12-18 19:00:00,0.1705,0.1707,0.1675,0.1681,2628534.0
2025-12-18 20:00:00,0.1681,0.1684,0.1656,0.1663,1217183.0
2025-12-18 21:00:00,0.1662,0.1685,0.1658,0.1677,1245082.0
2025-12-18 22:00:00,0.1678,0.1678,0.1613,0.1658,3090814.0
2025-12-18 23:00:00,0.1658,0.1669,0.1633,0.1643,1092601.0
2025-12-19 00:00:00,0.1643,0.1653,0.1626,0.164,1270388.0
2025-12-19 01:00:00,0.1639,0.1639,0.1579,0.1612,3192046.0
2025-12-19 02:00:00,0.1611,0.1613,0.1594,0.1604,796646.0
2025-12-19 03:00:00,0.1603,0.1643,0.1601,0.1617,1769068.0
2025-12-19 04:00:00,0.1617,0.1644,0.1609,0.164,1281251.0
2025-12-19 05:00:00,0.1641,0.1652,0.1625,0.1629,863564.0
2025-12-19 06:00:00,0.1629,0.1641,0.159,0.1621,2227026.0
2025-12-19 07:00:00,0.1622,0.1639,0.1603,0.1605,955843.0
2025-12-19 08:00:00,0.1605,0.1611,0.1561,0.1591,2568241.0
2025-12-19 09:00:00,0.1591,0.1618,0.1537,0.1565,2685425.0
2025-12-19 10:00:00,0.1564,0.1599,0.1556,0.1593,2054807.0
2025-12-19 11:00:00,0.1592,0.1597,0.1582,0.1588,871949.0
2025-12-19 12:00:00,0.1588,0.1589,0.1561,0.1567,1464256.0
2025-12-19 13:00:00,0.1568,0.1574,0.1546,0.157,1875028.0
2025-12-19 14:00:00,0.157,0.1686,0.156,0.168,5639812.0
2025-12-19 15:00:00,0.1681,0.1797,0.1658,0.1763,5847332.0
2025-12-19 16:00:00,0.1763,0.18,0.1682,0.171,5022747.0
2025-12-19 17:00:00,0.1711,0.1732,0.1693,0.1695,1728855.0
2025-12-19 18:00:00,0.1695,0.1725,0.1693,0.172,1308369.0
2025-12-19 19:00:00,0.1722,0.1745,0.1713,0.1733,1165191.0
2025-12-19 20:00:00,0.1733,0.18,0.1729,0.1785,1845735.0
2025-12-19 21:00:00,0.1784,0.181,0.1763,0.1805,1568576.0
2025-12-19 22:00:00,0.1806,0.1809,0.1765,0.1792,1395873.0
2025-12-19 23:00:00,0.1792,0.1816,0.1776,0.1806,1499577.0
2025-12-20 00:00:00,0.1805,0.1841,0.1783,0.18,2606090.0
2025-12-20 01:00:00,0.18,0.1829,0.1781,0.181,1355639.0
2025-12-20 02:00:00,0.1809,0.1874,0.1808,0.1859,3958893.0
2025-12-20 03:00:00,0.186,0.1895,0.1844,0.1863,3326955.0
2025-12-20 04:00:00,0.1862,0.1871,0.1818,0.1826,2540973.0
2025-12-20 05:00:00,0.1825,0.186,0.1806,0.1847,2110577.0
2025-12-20 06:00:00,0.1848,0.1856,0.182,0.1829,1223978.0
2025-12-20 07:00:00,0.1828,0.1874,0.1825,0.186,1665721.0
2025-12-20 08:00:00,0.186,0.187,0.1824,0.1829,2256592.0
2025-12-20 09:00:00,0.1829,0.1852,0.1813,0.183,1409730.0
2025-12-20 10:00:00,0.1832,0.1846,0.1782,0.184,3855309.0
2025-12-20 11:00:00,0.1842,0.1892,0.1828,0.1869,4957890.0
2025-12-20 12:00:00,0.1868,0.188,0.1822,0.1876,3256177.0
2025-12-20 13:00:00,0.1877,0.1893,0.1843,0.1886,3387643.0
2025-12-20 14:00:00,0.1886,0.1897,0.1834,0.1858,2369631.0
2025-12-20 15:00:00,0.1858,0.186,0.1817,0.1836,2425774.0
2025-12-20 16:00:00,0.1837,0.1844,0.1807,0.1813,1443677.0
2025-12-20 17:00:00,0.1812,0.182,0.1792,0.1802,1635397.0
2025-12-20 18:00:00,0.1801,0.181,0.1797,0.1804,661683.0
2025-12-20 19:00:00,0.1803,0.1815,0.1778,0.1804,1383410.0
2025-12-20 20:00:00,0.1805,0.1811,0.1797,0.1804,545086.0
2025-12-20 21:00:00,0.1805,0.1809,0.1785,0.1788,665211.0
2025-12-20 22:00:00,0.1787,0.1787,0.1757,0.178,1870483.0
2025-12-20 23:00:00,0.178,0.1791,0.1766,0.1784,1210051.0
2025-12-21 00:00:00,0.1784,0.1784,0.1752,0.1757,852085.0
2025-12-21 01:00:00,0.1757,0.1771,0.1714,0.1721,2034334.0
2025-12-21 02:00:00,0.172,0.1728,0.1672,0.1722,3087686.0
2025-12-21 03:00:00,0.1723,0.1728,0.1678,0.1689,2079595.0
2025-12-21 04:00:00,0.1689,0.1715,0.1656,0.1703,2030198.0
2025-12-21 05:00:00,0.1702,0.1731,0.1694,0.171,1405510.0
2025-12-21 06:00:00,0.1711,0.1763,0.1699,0.1743,1737233.0
2025-12-21 07:00:00,0.1744,0.1754,0.1724,0.174,1490181.0
2025-12-21 08:00:00,0.1739,0.1785,0.1739,0.1767,1532438.0
2025-12-21 09:00:00,0.1767,0.1774,0.1733,0.1762,1656297.0
2025-12-21 10:00:00,0.1762,0.1781,0.1743,0.1768,1408316.0
2025-12-21 11:00:00,0.1768,0.1809,0.1758,0.1801,1551844.0
2025-12-21 12:00:00,0.18,0.182,0.1745,0.1764,2149705.0
2025-12-21 13:00:00,0.1765,0.1774,0.1737,0.1768,2098429.0
2025-12-21 14:00:00,0.1767,0.1804,0.1766,0.1783,1190719.0
2025-12-21 15:00:00,0.1782,0.1794,0.1768,0.1776,840402.0
2025-12-21 16:00:00,0.1776,0.1791,0.1737,0.1753,1563668.0
2025-12-21 17:00:00,0.1753,0.176,0.174,0.1749,602753.0
2025-12-21 18:00:00,0.1749,0.1751,0.1721,0.1732,909094.0
2025-12-21 19:00:00,0.1731,0.1734,0.17,0.1709,1047758.0
2025-12-21 20:00:00,0.171,0.1725,0.1705,0.1711,492760.0
2025-12-21 21:00:00,0.1711,0.1711,0.1695,0.1706,571637.0
2025-12-21 22:00:00,0.1705,0.1723,0.1702,0.1713,620018.0
2025-12-21 23:00:00,0.1713,0.1721,0.1698,0.1702,612123.0
2025-12-22 00:00:00,0.1702,0.1737,0.1697,0.1718,905644.0
2025-12-22 01:00:00,0.1719,0.1749,0.1718,0.1743,511286.0
2025-12-22 02:00:00,0.1742,0.1794,0.1716,0.1772,1476179.0
2025-12-22 03:00:00,0.1772,0.1783,0.1745,0.1773,847510.0
2025-12-22 04:00:00,0.1774,0.1796,0.1764,0.1769,831003.0
2025-12-22 05:00:00,0.177,0.1836,0.176,0.1821,1677896.0
2025-12-22 06:00:00,0.1821,0.1858,0.1804,0.1852,1722050.0
2025-12-22 07:00:00,0.1852,0.1856,0.1749,0.1756,2082462.0
2025-12-22 08:00:00,0.1757,0.1869,0.173,0.186,3772900.0
2025-12-22 09:00:00,0.186,0.2057,0.184,0.199,11044779.0
2025-12-22 10:00:00,0.1991,0.1999,0.1871,0.1882,8124649.0
2025-12-22 11:00:00,0.1882,0.1953,0.1877,0.192,3186739.0
2025-12-22 12:00:00,0.1921,0.1948,0.1896,0.1925,2405035.0
2025-12-22 13:00:00,0.1924,0.1948,0.1881,0.1925,2905339.0
2025-12-22 14:00:00,0.1925,0.1946,0.1897,0.1905,2305669.0
2025-12-22 15:00:00,0.1906,0.1939,0.1894,0.1932,1421387.0
2025-12-22 16:00:00,0.1934,0.1973,0.1915,0.1937,3493169.0
2025-12-22 17:00:00,0.1937,0.197,0.1932,0.197,1213878.0
2025-12-22 18:00:00,0.197,0.197,0.1933,0.1947,1379943.0
2025-12-22 19:00:00,0.1948,0.1953,0.1912,0.1922,1418348.0
2025-12-22 20:00:00,0.1923,0.1985,0.1921,0.196,3611813.0
2025-12-22 21:00:00,0.196,0.1969,0.1942,0.1951,1312108.0
2025-12-22 22:00:00,0.1951,0.198,0.193,0.1958,1537241.0
2025-12-22 23:00:00,0.1957,0.1961,0.1929,0.1935,800251.0
2025-12-23 00:00:00,0.1936,0.194,0.1901,0.1913,1143359.0
2025-12-23 01:00:00,0.1913,0.1914,0.1868,0.1879,1434373.0
2025-12-23 02:00:00,0.1878,0.1879,0.1841,0.1847,1566867.0
2025-12-23 03:00:00,0.185,0.1859,0.1831,0.185,1072789.0
2025-12-23 04:00:00,0.1848,0.1881,0.1842,0.1856,1363274.0
2025-12-23 05:00:00,0.1854,0.1854,0.1811,0.1824,1231163.0
2025-12-23 06:00:00,0.1822,0.185,0.1816,0.1823,1085149.0
2025-12-23 07:00:00,0.1823,0.1861,0.1819,0.1844,922810.0
2025-12-23 08:00:00,0.1844,0.1869,0.1842,0.1844,852316.0
2025-12-23 09:00:00,0.1845,0.1851,0.182,0.1834,861101.0
2025-12-23 10:00:00,0.1833,0.1862,0.1828,0.1848,965291.0
2025-12-23 11:00:00,0.1848,0.1873,0.1841,0.1863,788133.0
2025-12-23 12:00:00,0.1861,0.1863,0.1825,0.1825,983864.0
2025-12-23 13:00:00,0.1829,0.1962,0.1822,0.1955,8607192.0
2025-12-23 14:00:00,0.1955,0.2,0.1551,0.1684,36003232.0
2025-12-23 15:00:00,0.1684,0.1725,0.1608,0.1628,8679730.0
2025-12-23 16:00:00,0.1628,0.1722,0.162,0.1676,4270173.0
2025-12-23 17:00:00,0.1676,0.1684,0.1615,0.163,2373140.0
2025-12-23 18:00:00,0.1631,0.1668,0.1628,0.1631,2408666.0
2025-12-23 19:00:00,0.1631,0.1637,0.1569,0.16,3458367.0
2025-12-23 20:00:00,0.1599,0.1599,0.1534,0.1549,2519444.0
2025-12-23 21:00:00,0.155,0.1585,0.1534,0.1577,2436548.0
2025-12-23 22:00:00,0.1578,0.1588,0.1552,0.1578,1369960.0
2025-12-23 23:00:00,0.1578,0.1634,0.1569,0.1611,1937612.0
2025-12-24 00:00:00,0.1611,0.1641,0.1581,0.1609,3034350.0
2025-12-24 01:00:00,0.1609,0.1634,0.16,0.1631,925747.0
2025-12-24 02:00:00,0.1631,0.1631,0.159,0.1594,1671363.0
2025-12-24 03:00:00,0.1594,0.1617,0.1589,0.1606,1122305.0
2025-12-24 04:00:00,0.1606,0.1628,0.1606,0.1624,1123796.0
2025-12-24 05:00:00,0.1624,0.1663,0.1614,0.166,2291072.0
2025-12-24 06:00:00,0.166,0.168,0.1644,0.1674,1832644.0
2025-12-24 07:00:00,0.1674,0.1679,0.165,0.166,1315331.0
2025-12-24 08:00:00,0.166,0.1666,0.1641,0.1664,1010620.0
2025-12-24 09:00:00,0.1664,0.1666,0.1641,0.1648,1307546.0
2025-12-24 10:00:00,0.1648,0.1654,0.1623,0.1637,1335394.0
2025-12-24 11:00:00,0.1637,0.1645,0.1605,0.1613,1290353.0
2025-12-24 12:00:00,0.1614,0.1635,0.1612,0.1627,807165.0
2025-12-24 13:00:00,0.1627,0.1643,0.1608,0.1612,1063029.0
2025-12-24 14:00:00,0.1612,0.1629,0.1608,0.161,1141857.0
2025-12-24 15:00:00,0.161,0.1623,0.1578,0.1591,1452733.0
2025-12-24 16:00:00,0.1592,0.1601,0.1579,0.1591,1258480.0
2025-12-24 17:00:00,0.1591,0.1595,0.1573,0.1578,765553.0
2025-12-24 18:00:00,0.1578,0.1583,0.1547,0.1561,1142644.0
2025-12-24 19:00:00,0.156,0.1564,0.152,0.1534,1508237.0
2025-12-24 20:00:00,0.1534,0.1556,0.1526,0.1537,934290.0
2025-12-24 21:00:00,0.1536,0.1562,0.153,0.1556,938620.0
2025-12-24 22:00:00,0.1555,0.1568,0.1552,0.1553,509983.0
2025-12-24 23:00:00,0.1554,0.1556,0.1538,0.1543,597271.0
2025-12-25 00:00:00,0.1543,0.1566,0.1538,0.1548,976986.0
2025-12-25 01:00:00,0.1549,0.1567,0.154,0.1555,415045.0
2025-12-25 02:00:00,0.1555,0.1576,0.1534,0.1557,1238997.0
2025-12-25 03:00:00,0.1557,0.1561,0.1539,0.1545,442967.0
2025-12-25 04:00:00,0.1545,0.155,0.151,0.1525,1245765.0
2025-12-25 05:00:00,0.1524,0.1533,0.1512,0.1516,840385.0
2025-12-25 06:00:00,0.1516,0.1519,0.1392,0.144,8676465.0
2025-12-25 07:00:00,0.144,0.1441,0.1401,0.1414,2336088.0
2025-12-25 08:00:00,0.1413,0.1432,0.1366,0.1372,3315158.0
2025-12-25 09:00:00,0.1371,0.1409,0.1351,0.1387,4472434.0
2025-12-25 10:00:00,0.1388,0.1389,0.132,0.135,5007828.0
2025-12-25 11:00:00,0.135,0.1378,0.1343,0.1365,2861817.0
2025-12-25 12:00:00,0.1365,0.1396,0.1335,0.1364,3565072.0
2025-12-25 13:00:00,0.1364,0.1378,0.1345,0.1364,2143129.0
2025-12-25 14:00:00,0.1364,0.1378,0.1352,0.136,1347810.0
2025-12-25 15:00:00,0.136,0.1371,0.1351,0.1357,1400821.0
2025-12-25 16:00:00,0.1356,0.1363,0.1337,0.1341,1294524.0
2025-12-25 17:00:00,0.1341,0.1353,0.1324,0.1346,1649395.0
2025-12-25 18:00:00,0.1347,0.1376,0.1341,0.136,1522911.0
2025-12-25 19:00:00,0.1358,0.1384,0.1349,0.1373,1304893.0
2025-12-25 20:00:00,0.1374,0.1381,0.1357,0.1362,830630.0
2025-12-25 21:00:00,0.1361,0.1365,0.135,0.1354,559576.0
2025-12-25 22:00:00,0.1355,0.1361,0.1328,0.1342,1138077.0
2025-12-25 23:00:00,0.1342,0.1345,0.1331,0.1334,727095.0
2025-12-26 00:00:00,0.1334,0.1353,0.1331,0.1348,928778.0
2025-12-26 01:00:00,0.1348,0.1357,0.1338,0.1341,608537.0
2025-12-26 02:00:00,0.1341,0.1372,0.1338,0.1359,1260193.0
2025-12-26 03:00:00,0.1359,0.1434,0.1358,0.1423,3218015.0
2025-12-26 04:00:00,0.1422,0.1452,0.1398,0.1411,2442811.0
2025-12-26 05:00:00,0.1413,0.1421,0.14,0.141,990021.0
2025-12-26 06:00:00,0.141,0.1425,0.1405,0.1421,997034.0
2025-12-26 07:00:00,0.1422,0.1429,0.1403,0.1428,1141170.0
2025-12-26 08:00:00,0.1428,0.1449,0.1427,0.144,1216058.0
2025-12-26 09:00:00,0.144,0.1464,0.1417,0.142,1385984.0
2025-12-26 10:00:00,0.142,0.1445,0.1418,0.1432,586790.0
2025-12-26 11:00:00,0.1431,0.1447,0.1429,0.1447,705134.0
2025-12-26 12:00:00,0.1446,0.148,0.1436,0.147,1867221.0
2025-12-26 13:00:00,0.1471,0.1502,0.1458,0.1458,4597113.0
2025-12-26 14:00:00,0.1458,0.149,0.1432,0.1444,2671006.0
2025-12-26 15:00:00,0.1443,0.1462,0.1409,0.1438,2822828.0
2025-12-26 16:00:00,0.1437,0.1457,0.142,0.1425,1529902.0
2025-12-26 17:00:00,0.1424,0.1434,0.1412,0.1423,1385779.0
2025-12-26 18:00:00,0.1422,0.1431,0.1416,0.142,642423.0
2025-12-26 19:00:00,0.1421,0.143,0.1412,0.1421,654421.0
2025-12-26 20:00:00,0.1422,0.1431,0.1416,0.1417,503541.0
2025-12-26 21:00:00,0.1418,0.1421,0.138,0.1398,1764601.0
2025-12-26 22:00:00,0.1397,0.141,0.1385,0.14,542731.0
2025-12-26 23:00:00,0.1399,0.14,0.1381,0.1385,626356.0
2025-12-27 00:00:00,0.1386,0.1414,0.1386,0.1409,1193612.0
2025-12-27 01:00:00,0.1409,0.1425,0.1406,0.1412,515615.0
2025-12-27 02:00:00,0.1412,0.1417,0.1394,0.1397,454551.0
2025-12-27 03:00:00,0.1397,0.14,0.1388,0.1394,439786.0
2025-12-27 04:00:00,0.1394,0.1401,0.1381,0.1393,538992.0
2025-12-27 05:00:00,0.1394,0.1413,0.1389,0.1411,732449.0
2025-12-27 06:00:00,0.141,0.142,0.1395,0.1411,863183.0
2025-12-27 07:00:00,0.1412,0.1413,0.1394,0.1397,504718.0
2025-12-27 08:00:00,0.1396,0.1415,0.1387,0.141,706926.0
2025-12-27 09:00:00,0.1409,0.141,0.1393,0.1397,493468.0
2025-12-27 10:00:00,0.1397,0.1402,0.1387,0.139,587677.0
2025-12-27 11:00:00,0.139,0.1406,0.1384,0.1392,946278.0
2025-12-27 12:00:00,0.1392,0.1395,0.1385,0.1388,370436.0
2025-12-27 13:00:00,0.1388,0.1394,0.138,0.1384,444117.0
2025-12-27 14:00:00,0.1385,0.1387,0.1348,0.1372,2182130.0
2025-12-27 15:00:00,0.1373,0.1382,0.137,0.1375,480762.0
2025-12-27 16:00:00,0.1374,0.139,0.1369,0.1383,521374.0
2025-12-27 17:00:00,0.1383,0.1395,0.1373,0.1385,751678.0
2025-12-27 18:00:00,0.1385,0.1416,0.1385,0.1402,810655.0
2025-12-27 19:00:00,0.1401,0.1405,0.1394,0.14,250809.0
2025-12-27 20:00:00,0.14,0.1426,0.1399,0.1418,481943.0
2025-12-27 21:00:00,0.1418,0.1419,0.1409,0.1412,289290.0
2025-12-27 22:00:00,0.1412,0.1417,0.1405,0.1411,275920.0
2025-12-27 23:00:00,0.1411,0.1418,0.1404,0.1412,240396.0
2025-12-28 00:00:00,0.1412,0.1417,0.1389,0.1411,782067.0
2025-12-28 01:00:00,0.1411,0.1437,0.1411,0.1429,757139.0
2025-12-28 02:00:00,0.1429,0.1432,0.1415,0.143,451989.0
2025-12-28 03:00:00,0.143,0.1438,0.1419,0.1431,297882.0
2025-12-28 04:00:00,0.1431,0.1447,0.1423,0.1432,275312.0
2025-12-28 05:00:00,0.1432,0.1435,0.1422,0.1433,221457.0
2025-12-28 06:00:00,0.1433,0.1445,0.1431,0.1434,325808.0
2025-12-28 07:00:00,0.1434,0.1441,0.1425,0.1428,246958.0
2025-12-28 08:00:00,0.1428,0.147,0.1426,0.1463,756267.0
2025-12-28 09:00:00,0.1463,0.1468,0.1446,0.1449,582520.0
2025-12-28 10:00:00,0.1449,0.1468,0.1441,0.145,625480.0
2025-12-28 11:00:00,0.145,0.146,0.1446,0.1458,420158.0
2025-12-28 12:00:00,0.1458,0.1525,0.1456,0.1504,3027813.0
2025-12-28 13:00:00,0.1505,0.1511,0.1451,0.1458,2543071.0
2025-12-28 14:00:00,0.1457,0.1459,0.1429,0.1432,1142594.0
2025-12-28 15:00:00,0.1431,0.1444,0.1426,0.1428,560436.0
2025-12-28 16:00:00,0.1428,0.1438,0.1418,0.1426,633224.0
2025-12-28 17:00:00,0.1426,0.1427,0.1409,0.1418,380254.0
2025-12-28 18:00:00,0.1418,0.1433,0.1411,0.1415,542008.0
2025-12-28 19:00:00,0.1416,0.1419,0.1403,0.1411,481033.0
2025-12-28 20:00:00,0.1411,0.1411,0.1391,0.1392,492766.0
2025-12-28 21:00:00,0.1392,0.1408,0.138,0.1391,813772.0
2025-12-28 22:00:00,0.1392,0.1407,0.1386,0.14,247437.0
2025-12-28 23:00:00,0.14,0.1418,0.1399,0.1409,580602.0
2025-12-29 00:00:00,0.1409,0.1409,0.1388,0.1399,578863.0
2025-12-29 01:00:00,0.1398,0.1417,0.1395,0.1415,394128.0
2025-12-29 02:00:00,0.1414,0.1419,0.1385,0.139,830096.0
2025-12-29 03:00:00,0.1389,0.1405,0.1381,0.1402,849606.0
2025-12-29 04:00:00,0.1401,0.1437,0.1387,0.1406,1349047.0
2025-12-29 05:00:00,0.1406,0.1418,0.1401,0.1413,595844.0
2025-12-29 06:00:00,0.1413,0.1429,0.1407,0.1421,479587.0
2025-12-29 07:00:00,0.1421,0.1422,0.1397,0.1403,510721.0
2025-12-29 08:00:00,0.1403,0.1407,0.1393,0.1395,464509.0
2025-12-29 09:00:00,0.1396,0.1403,0.1381,0.1387,766189.0
2025-12-29 10:00:00,0.1388,0.1399,0.1387,0.1392,433000.0
2025-12-29 11:00:00,0.1393,0.1402,0.1386,0.1391,420582.0
2025-12-29 12:00:00,0.1392,0.1394,0.13,0.131,7169833.0
2025-12-29 13:00:00,0.131,0.1314,0.1246,0.1286,14450744.0
2025-12-29 14:00:00,0.1286,0.1308,0.1272,0.1291,2262725.0
2025-12-29 15:00:00,0.1289,0.1308,0.1288,0.1303,1201656.0
2025-12-29 16:00:00,0.1302,0.1305,0.128,0.1292,918410.0
2025-12-29 17:00:00,0.1292,0.132,0.1291,0.1291,1199182.0
2025-12-29 18:00:00,0.1291,0.1299,0.1282,0.129,763897.0
2025-12-29 19:00:00,0.1289,0.1302,0.1284,0.1289,515122.0
2025-12-29 20:00:00,0.1289,0.1295,0.1275,0.129,494979.0
2025-12-29 21:00:00,0.1289,0.129,0.127,0.1282,1004075.0
2025-12-29 22:00:00,0.1282,0.1282,0.1261,0.1274,502103.0
2025-12-29 23:00:00,0.1273,0.1293,0.1265,0.1286,741047.0
2025-12-30 00:00:00,0.1286,0.1287,0.1269,0.127,712929.0
2025-12-30 01:00:00,0.1271,0.1278,0.1262,0.1276,529973.0
2025-12-30 02:00:00,0.1276,0.1279,0.123,0.124,3184455.0
2025-12-30 03:00:00,0.124,0.1242,0.1217,0.1228,1451517.0
2025-12-30 04:00:00,0.1228,0.1239,0.1213,0.1219,1449925.0
2025-12-30 05:00:00,0.1219,0.1234,0.1202,0.1234,1707754.0
2025-12-30 06:00:00,0.1233,0.1269,0.1232,0.1263,1244250.0
2025-12-30 07:00:00,0.1264,0.1286,0.1255,0.1267,999376.0
2025-12-30 08:00:00,0.1267,0.1278,0.1259,0.126,848077.0
2025-12-30 09:00:00,0.1261,0.1263,0.1249,0.1249,332533.0
2025-12-30 10:00:00,0.1249,0.1256,0.1241,0.1246,524484.0
2025-12-30 11:00:00,0.1246,0.1257,0.1243,0.1257,512839.0
2025-12-30 12:00:00,0.1256,0.1273,0.125,0.1266,935550.0
2025-12-30 13:00:00,0.1267,0.1271,0.1253,0.1265,429548.0
2025-12-30 14:00:00,0.1265,0.1284,0.1255,0.128,683778.0
2025-12-30 15:00:00,0.1279,0.1281,0.1268,0.1275,508092.0
2025-12-30 16:00:00,0.1274,0.1287,0.1269,0.128,579335.0
2025-12-30 17:00:00,0.128,0.129,0.1266,0.127,498647.0
2025-12-30 18:00:00,0.1271,0.1273,0.1255,0.1264,500568.0
2025-12-30 19:00:00,0.1265,0.1266,0.1256,0.1265,164384.0
2025-12-30 20:00:00,0.1264,0.1268,0.1254,0.126,209729.0
2025-12-30 21:00:00,0.1259,0.1268,0.1258,0.1267,195013.0
2025-12-30 22:00:00,0.1268,0.128,0.1265,0.127,239591.0
2025-12-30 23:00:00,0.1271,0.1272,0.1258,0.1264,218830.0
2025-12-31 00:00:00,0.1263,0.1278,0.1263,0.1266,369942.0
2025-12-31 01:00:00,0.1266,0.1267,0.1243,0.1245,452326.0
2025-12-31 02:00:00,0.1246,0.1253,0.1231,0.1235,464442.0
2025-12-31 03:00:00,0.1236,0.1272,0.122,0.1265,1486910.0
2025-12-31 04:00:00,0.1266,0.1314,0.1261,0.1275,2551524.0
2025-12-31 05:00:00,0.1275,0.129,0.1268,0.1273,932137.0
2025-12-31 06:00:00,0.1273,0.1281,0.1266,0.1278,538299.0
2025-12-31 07:00:00,0.1277,0.1299,0.1274,0.1299,424726.0
2025-12-31 08:00:00,0.1299,0.1399,0.1276,0.1356,6502752.0
2025-12-31 09:00:00,0.1355,0.1363,0.1315,0.1358,2671354.0
2025-12-31 10:00:00,0.1359,0.1389,0.1349,0.1386,1846395.0
2025-12-31 11:00:00,0.1387,0.1405,0.1365,0.1379,2946054.0
2025-12-31 12:00:00,0.1379,0.1398,0.1351,0.1353,1778976.0
2025-12-31 13:00:00,0.1353,0.1364,0.1345,0.135,863482.0
2025-12-31 14:00:00,0.135,0.1369,0.1343,0.136,990365.0
2025-12-31 15:00:00,0.136,0.1396,0.1356,0.1396,988798.0
2025-12-31 16:00:00,0.1396,0.1398,0.1376,0.1393,1148151.0
2025-12-31 17:00:00,0.1392,0.1437,0.1386,0.1419,1841114.0
2025-12-31 18:00:00,0.142,0.1463,0.1419,0.1432,3875857.0
2025-12-31 19:00:00,0.1432,0.1443,0.1386,0.1396,1813228.0
2025-12-31 20:00:00,0.1396,0.1412,0.1365,0.1412,1593588.0
2025-12-31 21:00:00,0.1413,0.1425,0.1393,0.1397,839189.0
2025-12-31 22:00:00,0.1396,0.1421,0.1385,0.1412,1070787.0
2025-12-31 23:00:00,0.1412,0.144,0.1411,0.1418,1172560.0
2026-01-01 00:00:00,0.1417,0.1461,0.1403,0.1421,2061259.0
2026-01-01 01:00:00,0.142,0.144,0.1414,0.1419,970937.0
2026-01-01 02:00:00,0.1419,0.1436,0.1414,0.142,529883.0
2026-01-01 03:00:00,0.142,0.1432,0.1407,0.1416,727697.0
2026-01-01 04:00:00,0.1416,0.1435,0.1396,0.1418,2487767.0
2026-01-01 05:00:00,0.1417,0.1422,0.1364,0.1375,3351186.0
2026-01-01 06:00:00,0.1376,0.1398,0.1374,0.1397,656108.0
2026-01-01 07:00:00,0.1397,0.1417,0.1384,0.1399,970109.0
2026-01-01 08:00:00,0.1397,0.1405,0.1385,0.1405,414504.0
2026-01-01 09:00:00,0.1404,0.1405,0.1367,0.1372,1224537.0
2026-01-01 10:00:00,0.1372,0.1373,0.1357,0.1362,1014443.0
2026-01-01 11:00:00,0.1361,0.1366,0.1356,0.1364,475668.0
2026-01-01 12:00:00,0.1363,0.1363,0.1337,0.1352,1154758.0
2026-01-01 13:00:00,0.1351,0.1368,0.1348,0.1365,517355.0
2026-01-01 14:00:00,0.1364,0.1369,0.1354,0.1361,454796.0
2026-01-01 15:00:00,0.1361,0.1364,0.1343,0.1345,376124.0
2026-01-01 16:00:00,0.1344,0.1356,0.1342,0.1356,378078.0
2026-01-01 17:00:00,0.1355,0.1368,0.1354,0.1357,550557.0
2026-01-01 18:00:00,0.1357,0.1371,0.1355,0.136,226645.0
2026-01-01 19:00:00,0.136,0.1364,0.1351,0.1358,391221.0
2026-01-01 20:00:00,0.1358,0.1367,0.1354,0.1367,189861.0
2026-01-01 21:00:00,0.1366,0.1376,0.1359,0.1362,381374.0
2026-01-01 22:00:00,0.1363,0.1383,0.1361,0.137,299203.0
2026-01-01 23:00:00,0.1369,0.1373,0.136,0.1373,331342.0
2026-01-02 00:00:00,0.1372,0.1382,0.1362,0.1369,426680.0
2026-01-02 01:00:00,0.1368,0.138,0.1365,0.1372,360565.0
2026-01-02 02:00:00,0.1372,0.138,0.136,0.137,388071.0
2026-01-02 03:00:00,0.1371,0.1373,0.1318,0.1321,1688339.0
2026-01-02 04:00:00,0.1321,0.1333,0.126,0.1262,7317698.0
2026-01-02 05:00:00,0.1261,0.1304,0.125,0.1281,4043649.0
2026-01-02 06:00:00,0.1279,0.1287,0.1252,0.126,5355678.0
2026-01-02 07:00:00,0.126,0.1289,0.1251,0.1277,5200352.0
2026-01-02 08:00:00,0.1276,0.1317,0.1256,0.1283,5400795.0
2026-01-02 09:00:00,0.1283,0.1309,0.1243,0.1294,7588274.0
2026-01-02 10:00:00,0.1295,0.1578,0.1295,0.1502,26133751.0
2026-01-02 11:00:00,0.1502,0.1515,0.1483,0.1511,4935170.0
2026-01-02 12:00:00,0.151,0.1626,0.144,0.149,22672060.0
2026-01-02 13:00:00,0.149,0.1538,0.1464,0.1503,7175328.0
2026-01-02 14:00:00,0.1503,0.1538,0.1494,0.1509,2409091.0
2026-01-02 15:00:00,0.1509,0.1559,0.15,0.1543,2396742.0
2026-01-02 16:00:00,0.1543,0.1587,0.1536,0.1581,2021722.0
2026-01-02 17:00:00,0.1581,0.1659,0.1573,0.1592,7160847.0
2026-01-02 18:00:00,0.1592,0.1607,0.1542,0.1561,2983171.0
2026-01-02 19:00:00,0.1562,0.1562,0.1514,0.1527,1769927.0
2026-01-02 20:00:00,0.1527,0.158,0.1525,0.1579,1396724.0
2026-01-02 21:00:00,0.1579,0.1579,0.1548,0.1564,921625.0
2026-01-02 22:00:00,0.1564,0.1572,0.1535,0.1551,860204.0
2026-01-02 23:00:00,0.1551,0.1578,0.1534,0.1557,889866.0
2026-01-03 00:00:00,0.1557,0.1591,0.1552,0.1586,1379630.0
2026-01-03 01:00:00,0.1584,0.1592,0.1561,0.157,1054607.0
2026-01-03 02:00:00,0.1569,0.1602,0.1542,0.1584,2458916.0
2026-01-03 03:00:00,0.1583,0.1647,0.1581,0.1623,6319809.0
2026-01-03 04:00:00,0.1623,0.1671,0.1594,0.161,6444059.0
2026-01-03 05:00:00,0.161,0.1611,0.1555,0.1566,3235925.0
2026-01-03 06:00:00,0.1565,0.1655,0.155,0.1644,6875016.0
2026-01-03 07:00:00,0.1645,0.1649,0.1608,0.1642,5698404.0
2026-01-03 08:00:00,0.1642,0.1664,0.1621,0.1634,5345237.0
2026-01-03 09:00:00,0.1634,0.1644,0.1616,0.1629,2368758.0
2026-01-03 10:00:00,0.1629,0.1641,0.156,0.1586,4474642.0
2026-01-03 11:00:00,0.1587,0.1609,0.1581,0.16,1132128.0
2026-01-03 12:00:00,0.1599,0.1614,0.1585,0.1595,1118032.0
2026-01-03 13:00:00,0.1594,0.1604,0.158,0.159,606169.0
2026-01-03 14:00:00,0.159,0.1638,0.1588,0.1609,1781000.0
2026-01-03 15:00:00,0.1609,0.1611,0.158,0.1608,1149251.0
2026-01-03 16:00:00,0.1608,0.1623,0.1593,0.1601,1011196.0
2026-01-03 17:00:00,0.1602,0.1618,0.1602,0.1616,349208.0
2026-01-03 18:00:00,0.1615,0.1622,0.1602,0.1609,456692.0
2026-01-03 19:00:00,0.161,0.1626,0.1603,0.161,626278.0
2026-01-03 20:00:00,0.1609,0.1623,0.1607,0.1613,197336.0
2026-01-03 21:00:00,0.1614,0.1623,0.1612,0.1618,221356.0
2026-01-03 22:00:00,0.1618,0.1629,0.1593,0.1615,833850.0
2026-01-03 23:00:00,0.1614,0.1615,0.157,0.1584,667965.0
2026-01-04 00:00:00,0.1582,0.1597,0.1574,0.1588,902677.0
2026-01-04 01:00:00,0.1587,0.1595,0.1566,0.1581,1027762.0
2026-01-04 02:00:00,0.158,0.1597,0.1573,0.1588,544528.0
2026-01-04 03:00:00,0.1588,0.1607,0.1584,0.1599,581779.0
2026-01-04 04:00:00,0.1599,0.1607,0.1591,0.1599,480795.0
2026-01-04 05:00:00,0.1599,0.1624,0.1598,0.1611,574518.0
2026-01-04 06:00:00,0.161,0.1648,0.1607,0.1635,933879.0
2026-01-04 07:00:00,0.1633,0.1635,0.1606,0.1619,887369.0
2026-01-04 08:00:00,0.1619,0.163,0.159,0.1605,1207013.0
2026-01-04 09:00:00,0.1605,0.1607,0.157,0.1577,1059433.0
2026-01-04 10:00:00,0.1577,0.1583,0.1565,0.1571,469109.0
2026-01-04 11:00:00,0.1572,0.1583,0.1549,0.1555,1050424.0
2026-01-04 12:00:00,0.1554,0.1569,0.154,0.1548,716468.0
2026-01-04 13:00:00,0.1548,0.1564,0.1529,0.1541,974653.0
2026-01-04 14:00:00,0.1542,0.1561,0.1542,0.1552,454515.0
2026-01-04 15:00:00,0.1551,0.1577,0.1542,0.1559,997791.0
2026-01-04 16:00:00,0.1559,0.1594,0.1556,0.1576,712338.0
2026-01-04 17:00:00,0.1576,0.1606,0.1576,0.1589,709261.0
2026-01-04 18:00:00,0.1589,0.159,0.1552,0.1562,672996.0
2026-01-04 19:00:00,0.1562,0.1574,0.1556,0.1557,533050.0
2026-01-04 20:00:00,0.1556,0.1561,0.1547,0.1554,274456.0
2026-01-04 21:00:00,0.1554,0.1575,0.1554,0.1565,513900.0
2026-01-04 22:00:00,0.1565,0.1567,0.1547,0.1558,343858.0
2026-01-04 23:00:00,0.1557,0.1557,0.1526,0.1541,694973.0
2026-01-05 00:00:00,0.1541,0.1567,0.1534,0.1559,657924.0
2026-01-05 01:00:00,0.156,0.1568,0.155,0.1565,611310.0
2026-01-05 02:00:00,0.1565,0.157,0.1557,0.1568,273892.0
2026-01-05 03:00:00,0.1568,0.1591,0.1568,0.1587,677258.0
2026-01-05 04:00:00,0.1587,0.1592,0.1571,0.159,699716.0
2026-01-05 05:00:00,0.1591,0.1602,0.1575,0.1589,616826.0
2026-01-05 06:00:00,0.1589,0.1648,0.1588,0.1622,2436087.0
2026-01-05 07:00:00,0.1622,0.164,0.1609,0.1629,761756.0
2026-01-05 08:00:00,0.1629,0.1668,0.1616,0.1649,1262507.0
2026-01-05 09:00:00,0.1649,0.1759,0.1643,0.1734,7881129.0
2026-01-05 10:00:00,0.1735,0.1759,0.1712,0.1743,5452947.0
2026-01-05 11:00:00,0.1745,0.1785,0.1722,0.1771,8767015.0
2026-01-05 12:00:00,0.177,0.18,0.1754,0.1796,6005697.0
2026-01-05 13:00:00,0.1796,0.1811,0.1755,0.1775,7948592.0
2026-01-05 14:00:00,0.1776,0.1805,0.1766,0.1773,3769000.0
2026-01-05 15:00:00,0.1774,0.1779,0.1736,0.1753,3371701.0
2026-01-05 16:00:00,0.1753,0.177,0.1716,0.1735,1854012.0
2026-01-05 17:00:00,0.1734,0.1744,0.1721,0.1737,1175267.0
2026-01-05 18:00:00,0.1737,0.1768,0.1714,0.1749,1766653.0
2026-01-05 19:00:00,0.1749,0.1753,0.1732,0.1737,995855.0
2026-01-05 20:00:00,0.1736,0.1754,0.1731,0.1738,729655.0
2026-01-05 21:00:00,0.1737,0.1741,0.1715,0.1733,718183.0
2026-01-05 22:00:00,0.1733,0.1735,0.1689,0.1694,1302834.0
2026-01-05 23:00:00,0.1694,0.1711,0.1692,0.1711,480535.0
2026-01-06 00:00:00,0.171,0.1741,0.1699,0.1726,1460689.0
2026-01-06 01:00:00,0.1725,0.1792,0.1721,0.1783,1555984.0
2026-01-06 02:00:00,0.1784,0.1784,0.1715,0.1726,1511254.0
2026-01-06 03:00:00,0.1726,0.1731,0.1674,0.1685,1827588.0
2026-01-06 04:00:00,0.1686,0.1692,0.166,0.1663,1140755.0
2026-01-06 05:00:00,0.1664,0.1676,0.1653,0.1665,771415.0
2026-01-06 06:00:00,0.1665,0.1704,0.1663,0.1696,671983.0
2026-01-06 07:00:00,0.1697,0.1706,0.1688,0.1702,601186.0
2026-01-06 08:00:00,0.1702,0.1702,0.1675,0.1679,848353.0
2026-01-06 09:00:00,0.1678,0.171,0.1671,0.1704,676504.0
2026-01-06 10:00:00,0.1705,0.1709,0.1689,0.1702,532574.0
2026-01-06 11:00:00,0.1704,0.1724,0.169,0.1705,627761.0
2026-01-06 12:00:00,0.1706,0.1718,0.1703,0.171,484766.0
2026-01-06 13:00:00,0.171,0.1723,0.1703,0.171,565597.0
2026-01-06 14:00:00,0.1709,0.1754,0.1704,0.1718,1779295.0
2026-01-06 15:00:00,0.1717,0.1754,0.1652,0.1669,2283881.0
2026-01-06 16:00:00,0.167,0.1679,0.1643,0.1654,1339288.0
2026-01-06 17:00:00,0.1653,0.1671,0.1653,0.1668,731333.0
2026-01-06 18:00:00,0.1667,0.1703,0.1662,0.169,1113707.0
2026-01-06 19:00:00,0.1688,0.1695,0.1674,0.1688,429362.0
2026-01-06 20:00:00,0.1687,0.1708,0.1676,0.1699,352598.0
2026-01-06 21:00:00,0.17,0.1719,0.17,0.1705,374481.0
2026-01-06 22:00:00,0.1706,0.1717,0.1696,0.1714,273456.0
2026-01-06 23:00:00,0.1712,0.1716,0.1698,0.17,235696.0
2026-01-07 00:00:00,0.17,0.1718,0.1585,0.1612,3452938.0
2026-01-07 01:00:00,0.1612,0.1628,0.161,0.162,475989.0
2026-01-07 02:00:00,0.162,0.1629,0.1615,0.1628,285225.0
2026-01-07 03:00:00,0.1628,0.166,0.1627,0.1631,585654.0
2026-01-07 04:00:00,0.1631,0.1647,0.1618,0.1622,512549.0
2026-01-07 05:00:00,0.1621,0.1623,0.1603,0.1606,670539.0
2026-01-07 06:00:00,0.1607,0.1626,0.1595,0.1598,516141.0
2026-01-07 07:00:00,0.1598,0.162,0.1591,0.1619,528303.0
2026-01-07 08:00:00,0.1618,0.1632,0.1608,0.1613,538031.0
2026-01-07 09:00:00,0.1612,0.1615,0.1582,0.1588,672545.0
2026-01-07 10:00:00,0.1587,0.1611,0.1585,0.1603,482874.0
2026-01-07 11:00:00,0.1602,0.1628,0.1595,0.1599,861051.0
2026-01-07 12:00:00,0.1599,0.161,0.157,0.1573,642509.0
2026-01-07 13:00:00,0.1574,0.1593,0.1544,0.1561,1017647.0
2026-01-07 14:00:00,0.1561,0.1576,0.155,0.1571,753955.0
2026-01-07 15:00:00,0.1571,0.1593,0.1561,0.1585,1024419.0
2026-01-07 16:00:00,0.1585,0.1586,0.1576,0.1582,336452.0
2026-01-07 17:00:00,0.1581,0.1589,0.1559,0.1562,753019.0
2026-01-07 18:00:00,0.1563,0.157,0.1542,0.1565,679323.0
2026-01-07 19:00:00,0.1566,0.1568,0.1542,0.1554,511127.0
2026-01-07 20:00:00,0.1554,0.1565,0.1554,0.1559,184100.0
2026-01-07 21:00:00,0.1559,0.157,0.1559,0.1562,128763.0
2026-01-07 22:00:00,0.1563,0.1572,0.1547,0.1554,405610.0
2026-01-07 23:00:00,0.1555,0.1561,0.1541,0.1547,475262.0
2026-01-08 00:00:00,0.1546,0.1568,0.1545,0.1565,617126.0
2026-01-08 01:00:00,0.1566,0.1572,0.1563,0.1565,167624.0
2026-01-08 02:00:00,0.1565,0.1567,0.1549,0.1559,535345.0
2026-01-08 03:00:00,0.1559,0.1579,0.1549,0.1559,574137.0
2026-01-08 04:00:00,0.156,0.1577,0.1551,0.1562,473455.0
2026-01-08 05:00:00,0.1562,0.1564,0.1548,0.1552,332602.0
2026-01-08 06:00:00,0.1553,0.1554,0.1543,0.1544,404167.0
2026-01-08 07:00:00,0.1544,0.1544,0.1409,0.1425,6112297.0
2026-01-08 08:00:00,0.1425,0.1438,0.1391,0.1402,2247332.0
2026-01-08 09:00:00,0.14,0.1455,0.14,0.1447,1493509.0
2026-01-08 10:00:00,0.1446,0.1468,0.1432,0.1463,885993.0
2026-01-08 11:00:00,0.1464,0.1469,0.1441,0.1446,748943.0
2026-01-08 12:00:00,0.1446,0.145,0.1431,0.1444,523370.0
2026-01-08 13:00:00,0.1444,0.1474,0.1439,0.1455,499880.0
2026-01-08 14:00:00,0.1454,0.1476,0.1453,0.1468,740114.0
2026-01-08 15:00:00,0.1467,0.1472,0.1457,0.1463,357626.0
2026-01-08 16:00:00,0.1463,0.1466,0.1443,0.1453,549427.0
2026-01-08 17:00:00,0.1453,0.1474,0.1453,0.1466,490014.0
2026-01-08 18:00:00,0.1465,0.1468,0.1456,0.1459,215935.0
2026-01-08 19:00:00,0.1459,0.1466,0.1431,0.1438,523458.0
2026-01-08 20:00:00,0.1437,0.1491,0.1433,0.146,1498398.0
2026-01-08 21:00:00,0.1459,0.1498,0.1457,0.149,536954.0
2026-01-08 22:00:00,0.1491,0.1492,0.1472,0.1472,588706.0
2026-01-08 23:00:00,0.1472,0.1489,0.1468,0.1485,218981.0
2026-01-09 00:00:00,0.1483,0.149,0.1473,0.1487,268851.0
2026-01-09 01:00:00,0.1488,0.1497,0.1483,0.1486,285018.0
2026-01-09 02:00:00,0.1486,0.1498,0.1473,0.1493,299069.0
2026-01-09 03:00:00,0.1494,0.1506,0.1488,0.1496,239324.0
2026-01-09 04:00:00,0.1496,0.1514,0.1496,0.1512,245338.0
2026-01-09 05:00:00,0.1512,0.1516,0.15,0.1511,408055.0
2026-01-09 06:00:00,0.1511,0.1544,0.1511,0.1525,564335.0
2026-01-09 07:00:00,0.1524,0.1547,0.152,0.1536,499366.0
2026-01-09 08:00:00,0.1536,0.1541,0.1494,0.1513,908669.0
2026-01-09 09:00:00,0.1512,0.1517,0.1498,0.1501,677167.0
2026-01-09 10:00:00,0.1501,0.1505,0.1488,0.1502,515945.0
2026-01-09 11:00:00,0.1502,0.1516,0.1498,0.1512,231806.0
2026-01-09 12:00:00,0.1512,0.1536,0.1491,0.1535,625019.0
2026-01-09 13:00:00,0.1536,0.154,0.1518,0.152,553069.0
2026-01-09 14:00:00,0.1521,0.1524,0.1509,0.1517,292803.0
2026-01-09 15:00:00,0.1516,0.1582,0.1489,0.1578,2056702.0
2026-01-09 16:00:00,0.1578,0.1654,0.1575,0.1629,7145494.0
2026-01-09 17:00:00,0.1627,0.169,0.1614,0.1625,4783142.0
2026-01-09 18:00:00,0.1624,0.1642,0.1607,0.1612,1135136.0
2026-01-09 19:00:00,0.1612,0.1642,0.1604,0.1637,891566.0
2026-01-09 20:00:00,0.1638,0.1658,0.1612,0.165,1337411.0
2026-01-09 21:00:00,0.1652,0.1674,0.1629,0.1658,890284.0
2026-01-09 22:00:00,0.1658,0.1664,0.1636,0.1652,795892.0
2026-01-09 23:00:00,0.165,0.1666,0.164,0.1655,568889.0
2026-01-10 00:00:00,0.1653,0.1672,0.1625,0.1652,1988141.0
2026-01-10 01:00:00,0.1651,0.1669,0.1645,0.1659,2205974.0
2026-01-10 02:00:00,0.1657,0.1662,0.1626,0.1644,783270.0
2026-01-10 03:00:00,0.1644,0.1652,0.1636,0.1648,354703.0
2026-01-10 04:00:00,0.1648,0.1649,0.1602,0.162,1159811.0
2026-01-10 05:00:00,0.162,0.1634,0.161,0.1616,701473.0
2026-01-10 06:00:00,0.1616,0.162,0.1597,0.1612,530500.0
2026-01-10 07:00:00,0.1614,0.1622,0.1604,0.1609,428987.0
2026-01-10 08:00:00,0.1611,0.1625,0.1608,0.1618,339509.0
2026-01-10 09:00:00,0.1618,0.1624,0.1583,0.1595,782131.0
2026-01-10 10:00:00,0.1595,0.1611,0.1579,0.1608,719279.0
2026-01-10 11:00:00,0.1608,0.1618,0.1603,0.1616,359809.0
2026-01-10 12:00:00,0.1617,0.1715,0.1616,0.1697,4770788.0
2026-01-10 13:00:00,0.1697,0.173,0.1684,0.1717,5097368.0
2026-01-10 14:00:00,0.1716,0.1726,0.1693,0.1709,2069484.0
2026-01-10 15:00:00,0.1709,0.173,0.1693,0.1721,1392903.0
2026-01-10 16:00:00,0.1722,0.174,0.1706,0.1716,2206368.0
2026-01-10 17:00:00,0.1716,0.1717,0.1682,0.1688,1392054.0
2026-01-10 18:00:00,0.1688,0.169,0.1674,0.1678,600167.0
2026-01-10 19:00:00,0.1678,0.1688,0.1671,0.1676,438349.0
2026-01-10 20:00:00,0.1676,0.1692,0.1676,0.1682,609456.0
2026-01-10 21:00:00,0.1682,0.1682,0.1657,0.1666,530271.0
2026-01-10 22:00:00,0.1665,0.167,0.1642,0.1652,534517.0
2026-01-10 23:00:00,0.1652,0.1675,0.1649,0.1668,329468.0
2026-01-11 00:00:00,0.1667,0.1681,0.166,0.1672,472583.0
2026-01-11 01:00:00,0.1671,0.1671,0.165,0.166,370696.0
2026-01-11 02:00:00,0.1659,0.1659,0.1649,0.1657,169490.0
2026-01-11 03:00:00,0.1656,0.166,0.1647,0.1651,221538.0
2026-01-11 04:00:00,0.165,0.1653,0.1611,0.163,1085491.0
2026-01-11 05:00:00,0.1629,0.1636,0.1622,0.163,251868.0
2026-01-11 06:00:00,0.163,0.163,0.1593,0.1601,950994.0
2026-01-11 07:00:00,0.1601,0.1608,0.1557,0.1576,1554810.0
2026-01-11 08:00:00,0.1577,0.1586,0.157,0.1578,611407.0
2026-01-11 09:00:00,0.1579,0.1582,0.1567,0.1576,267538.0
2026-01-11 10:00:00,0.1576,0.158,0.1569,0.1569,350731.0
2026-01-11 11:00:00,0.1569,0.1586,0.1565,0.1584,289546.0
2026-01-11 12:00:00,0.1584,0.1584,0.1566,0.1579,316659.0
2026-01-11 13:00:00,0.1579,0.1583,0.157,0.1572,298029.0
2026-01-11 14:00:00,0.1572,0.1582,0.1562,0.157,324653.0
2026-01-11 15:00:00,0.157,0.1586,0.1552,0.1563,995245.0
2026-01-11 16:00:00,0.1561,0.1579,0.1558,0.1571,414432.0
2026-01-11 17:00:00,0.1571,0.1578,0.1562,0.1567,156883.0
2026-01-11 18:00:00,0.1567,0.1567,0.1501,0.1519,1623074.0
2026-01-11 19:00:00,0.1517,0.152,0.1485,0.1497,1102168.0
2026-01-11 20:00:00,0.1497,0.15,0.1468,0.1481,1279797.0
2026-01-11 21:00:00,0.1481,0.1494,0.1468,0.1487,773051.0
2026-01-11 22:00:00,0.1486,0.1496,0.1469,0.1474,506986.0
2026-01-11 23:00:00,0.1475,0.149,0.1459,0.1487,654187.0
2026-01-12 00:00:00,0.1487,0.1515,0.1487,0.1511,730575.0
2026-01-12 01:00:00,0.151,0.1536,0.1508,0.1534,501868.0
2026-01-12 02:00:00,0.1534,0.1549,0.1531,0.1544,387183.0
2026-01-12 03:00:00,0.1543,0.1546,0.1522,0.1525,469436.0
2026-01-12 04:00:00,0.1525,0.1543,0.1522,0.1539,269426.0
2026-01-12 05:00:00,0.154,0.154,0.1533,0.1539,176561.0
2026-01-12 06:00:00,0.1539,0.1541,0.1518,0.1527,263800.0
2026-01-12 07:00:00,0.1527,0.153,0.1513,0.1521,289369.0
2026-01-12 08:00:00,0.1521,0.1533,0.1509,0.1529,537818.0
2026-01-12 09:00:00,0.153,0.1555,0.153,0.1536,474341.0
2026-01-12 10:00:00,0.1536,0.1541,0.1528,0.1538,255702.0
2026-01-12 11:00:00,0.1539,0.1545,0.1531,0.1542,307973.0
2026-01-12 12:00:00,0.1542,0.1542,0.153,0.1537,147976.0
2026-01-12 13:00:00,0.1536,0.1542,0.1523,0.1532,275831.0
2026-01-12 14:00:00,0.1532,0.1546,0.1529,0.1544,226197.0
2026-01-12 15:00:00,0.1545,0.1571,0.1545,0.1565,598443.0
2026-01-12 16:00:00,0.1566,0.1607,0.1566,0.1599,1366643.0
2026-01-12 17:00:00,0.16,0.1607,0.1581,0.1587,560754.0
2026-01-12 18:00:00,0.1587,0.1589,0.1563,0.1572,496019.0
2026-01-12 19:00:00,0.1571,0.1588,0.1564,0.1585,354281.0
2026-01-12 20:00:00,0.1585,0.1593,0.1572,0.159,209778.0
2026-01-12 21:00:00,0.1591,0.1605,0.1579,0.1589,341166.0
2026-01-12 22:00:00,0.1589,0.1596,0.1571,0.1576,227316.0
2026-01-12 23:00:00,0.1578,0.159,0.1569,0.1588,225563.0
2026-01-13 00:00:00,0.1588,0.1599,0.1573,0.1588,607066.0
2026-01-13 01:00:00,0.1587,0.1591,0.1565,0.1572,310187.0
2026-01-13 02:00:00,0.1572,0.162,0.1572,0.1603,575306.0
2026-01-13 03:00:00,0.1602,0.1674,0.1593,0.1605,2056862.0
2026-01-13 04:00:00,0.1606,0.1608,0.1583,0.1602,518139.0
2026-01-13 05:00:00,0.1602,0.1605,0.1586,0.1598,351783.0
2026-01-13 06:00:00,0.1598,0.164,0.1597,0.1633,471115.0
2026-01-13 07:00:00,0.1632,0.1645,0.1613,0.1625,687575.0
2026-01-13 08:00:00,0.1623,0.1629,0.1606,0.1609,416767.0
2026-01-13 09:00:00,0.1609,0.177,0.1476,0.1715,15654521.0
2026-01-13 10:00:00,0.1716,0.1788,0.1556,0.177,32649732.0
2026-01-13 11:00:00,0.177,0.1856,0.1715,0.179,9875858.0
2026-01-13 12:00:00,0.179,0.1951,0.1781,0.1883,11218021.0
2026-01-13 13:00:00,0.1883,0.1926,0.1802,0.1862,16394925.0
2026-01-13 14:00:00,0.1862,0.1917,0.1832,0.1902,5846021.0
2026-01-13 15:00:00,0.1901,0.2133,0.1891,0.2049,42809964.0
2026-01-13 16:00:00,0.2049,0.207,0.1994,0.2028,21020252.0
2026-01-13 17:00:00,0.2027,0.2058,0.1966,0.2022,8955474.0
2026-01-13 18:00:00,0.2024,0.2224,0.202,0.2129,21438865.0
2026-01-13 19:00:00,0.2131,0.2148,0.2082,0.2105,10495316.0
2026-01-13 20:00:00,0.2107,0.2163,0.2091,0.2122,9265505.0
2026-01-13 21:00:00,0.2123,0.2133,0.209,0.2123,4763471.0
2026-01-13 22:00:00,0.2123,0.2174,0.2088,0.2117,6834614.0
2026-01-13 23:00:00,0.2117,0.2139,0.207,0.2076,4246976.0
2026-01-14 00:00:00,0.2075,0.2114,0.2056,0.2064,5832896.0
2026-01-14 01:00:00,0.2065,0.2083,0.2018,0.2035,6102457.0
2026-01-14 02:00:00,0.2035,0.2113,0.2012,0.2104,6715882.0
2026-01-14 03:00:00,0.2104,0.2165,0.2102,0.2128,7869451.0
2026-01-14 04:00:00,0.2127,0.2187,0.2103,0.2147,6746964.0
2026-01-14 05:00:00,0.2148,0.2182,0.2124,0.2141,7942381.0
2026-01-14 06:00:00,0.214,0.2149,0.2067,0.212,6383990.0
2026-01-14 07:00:00,0.2121,0.2257,0.2121,0.2169,19150920.0
2026-01-14 08:00:00,0.2169,0.218,0.2137,0.2173,8220452.0
2026-01-14 09:00:00,0.2173,0.2194,0.2143,0.2165,6932296.0
2026-01-14 10:00:00,0.2164,0.2172,0.2109,0.2128,6179306.0
2026-01-14 11:00:00,0.2127,0.2164,0.2084,0.2142,5804096.0
2026-01-14 12:00:00,0.214,0.2142,0.1983,0.2004,9265500.0
2026-01-14 13:00:00,0.2005,0.2008,0.19,0.1923,10092976.0
2026-01-14 14:00:00,0.1924,0.1975,0.1911,0.1967,4536414.0
2026-01-14 15:00:00,0.1968,0.1994,0.1865,0.1893,5530864.0
2026-01-14 16:00:00,0.1892,0.1944,0.1886,0.192,2674447.0
2026-01-14 17:00:00,0.1919,0.1941,0.1901,0.192,1476074.0
2026-01-14 18:00:00,0.1919,0.1946,0.191,0.194,1082332.0
2026-01-14 19:00:00,0.194,0.1945,0.1924,0.1928,852237.0
2026-01-14 20:00:00,0.1927,0.1946,0.1906,0.1916,1432594.0
2026-01-14 21:00:00,0.1915,0.1934,0.191,0.1932,730006.0
2026-01-14 22:00:00,0.1931,0.1939,0.1915,0.1924,486849.0
2026-01-14 23:00:00,0.1924,0.1935,0.1913,0.1913,461381.0
2026-01-15 00:00:00,0.1913,0.1941,0.1907,0.194,952524.0
2026-01-15 01:00:00,0.1938,0.1989,0.1937,0.1981,1849646.0
2026-01-15 02:00:00,0.1981,0.2046,0.194,0.1952,3236543.0
2026-01-15 03:00:00,0.1952,0.1963,0.1926,0.1947,1430493.0
2026-01-15 04:00:00,0.1947,0.1985,0.1942,0.1966,777811.0
2026-01-15 05:00:00,0.1964,0.1976,0.1938,0.194,695673.0
2026-01-15 06:00:00,0.194,0.1945,0.1912,0.1924,990455.0
2026-01-15 07:00:00,0.1923,0.1964,0.1919,0.1945,910193.0
2026-01-15 08:00:00,0.1943,0.2017,0.1933,0.199,2376052.0
2026-01-15 09:00:00,0.199,0.1992,0.1966,0.1986,786731.0
2026-01-15 10:00:00,0.1988,0.2,0.1966,0.1972,616601.0
2026-01-15 11:00:00,0.1972,0.2024,0.1968,0.1997,1210761.0
2026-01-15 12:00:00,0.1995,0.2003,0.1917,0.1958,2807017.0
2026-01-15 13:00:00,0.1957,0.197,0.1949,0.1965,547567.0
2026-01-15 14:00:00,0.1965,0.1966,0.1934,0.1964,962247.0
2026-01-15 15:00:00,0.1964,0.2021,0.1876,0.1913,4931648.0
2026-01-15 16:00:00,0.1911,0.1934,0.1893,0.1922,1095401.0
2026-01-15 17:00:00,0.1922,0.1938,0.1896,0.1906,525889.0
2026-01-15 18:00:00,0.1905,0.1915,0.1889,0.1895,466236.0
2026-01-15 19:00:00,0.1894,0.1909,0.1879,0.1894,489836.0
2026-01-15 20:00:00,0.1894,0.1922,0.1894,0.1903,300554.0
2026-01-15 21:00:00,0.1903,0.1933,0.1899,0.1915,438570.0
2026-01-15 22:00:00,0.1915,0.1944,0.1913,0.1919,387506.0
2026-01-15 23:00:00,0.1919,0.1929,0.1909,0.1917,180442.0
2026-01-16 00:00:00,0.1917,0.198,0.1914,0.1975,692987.0
2026-01-16 01:00:00,0.1976,0.1978,0.1935,0.1948,422503.0
2026-01-16 02:00:00,0.1948,0.1948,0.191,0.194,465833.0
2026-01-16 03:00:00,0.1939,0.1974,0.1938,0.1956,489924.0
2026-01-16 04:00:00,0.1957,0.1957,0.1917,0.1932,459037.0
2026-01-16 05:00:00,0.1931,0.1963,0.1913,0.1929,1024214.0
2026-01-16 06:00:00,0.1928,0.1966,0.1917,0.1966,515314.0
2026-01-16 07:00:00,0.1966,0.1999,0.1954,0.1988,1253988.0
2026-01-16 08:00:00,0.1987,0.2004,0.1967,0.197,659333.0
2026-01-16 09:00:00,0.1969,0.1989,0.1932,0.198,1311772.0
2026-01-16 10:00:00,0.1981,0.1983,0.1951,0.1958,392245.0
2026-01-16 11:00:00,0.1958,0.1991,0.1955,0.1984,451964.0
2026-01-16 12:00:00,0.1985,0.1986,0.196,0.1971,265600.0
2026-01-16 13:00:00,0.197,0.2015,0.1959,0.1981,1116774.0
2026-01-16 14:00:00,0.1981,0.1992,0.197,0.1982,519961.0
2026-01-16 15:00:00,0.1983,0.2009,0.1938,0.1974,1540916.0
2026-01-16 16:00:00,0.1971,0.216,0.196,0.2076,5886284.0
2026-01-16 17:00:00,0.2078,0.2124,0.2052,0.2073,3934252.0
2026-01-16 18:00:00,0.2073,0.2101,0.2063,0.2087,1319748.0
2026-01-16 19:00:00,0.2086,0.209,0.2065,0.2084,874356.0
2026-01-16 20:00:00,0.2085,0.213,0.2071,0.2121,1307843.0
2026-01-16 21:00:00,0.2121,0.2155,0.2091,0.2147,1394242.0
2026-01-16 22:00:00,0.2147,0.2187,0.2138,0.2152,2032457.0
2026-01-16 23:00:00,0.2152,0.2154,0.2128,0.2132,686551.0
2026-01-17 00:00:00,0.2131,0.215,0.2103,0.2125,1129327.0
2026-01-17 01:00:00,0.2124,0.2155,0.2113,0.2151,763665.0
2026-01-17 02:00:00,0.2149,0.2187,0.2131,0.2144,3814312.0
2026-01-17 03:00:00,0.2144,0.2148,0.2115,0.2127,797254.0
2026-01-17 04:00:00,0.2127,0.2137,0.2005,0.2053,3775298.0
2026-01-17 05:00:00,0.2053,0.2084,0.2053,0.208,631328.0
2026-01-17 06:00:00,0.2079,0.2109,0.2072,0.2098,692251.0
2026-01-17 07:00:00,0.2096,0.2115,0.2091,0.2092,694685.0
2026-01-17 08:00:00,0.2092,0.2104,0.2086,0.2088,455192.0
2026-01-17 09:00:00,0.2087,0.2134,0.2084,0.2112,981965.0
2026-01-17 10:00:00,0.2114,0.2125,0.2087,0.2091,661967.0
2026-01-17 11:00:00,0.209,0.2112,0.1921,0.2013,5569721.0
2026-01-17 12:00:00,0.2014,0.203,0.1958,0.201,2436360.0
2026-01-17 13:00:00,0.2009,0.2026,0.1997,0.2004,774880.0
2026-01-17 14:00:00,0.2004,0.2013,0.1986,0.1991,486701.0
2026-01-17 15:00:00,0.199,0.2011,0.1974,0.1986,681494.0
2026-01-17 16:00:00,0.1986,0.1995,0.1968,0.1977,538044.0
2026-01-17 17:00:00,0.1977,0.1988,0.1968,0.1974,364599.0
2026-01-17 18:00:00,0.1975,0.1979,0.1961,0.1974,325265.0
2026-01-17 19:00:00,0.1974,0.1979,0.1954,0.1958,288857.0
2026-01-17 20:00:00,0.1959,0.1973,0.1955,0.1968,310376.0
2026-01-17 21:00:00,0.1968,0.1977,0.196,0.1963,128952.0
2026-01-17 22:00:00,0.1962,0.1968,0.1952,0.1953,197323.0
2026-01-17 23:00:00,0.1955,0.1961,0.195,0.1953,155106.0
2026-01-18 00:00:00,0.1955,0.1984,0.1935,0.1972,729698.0
2026-01-18 01:00:00,0.1972,0.1976,0.195,0.1958,333428.0
2026-01-18 02:00:00,0.196,0.1966,0.1926,0.1942,472358.0
2026-01-18 03:00:00,0.1941,0.1958,0.1939,0.1957,212238.0
2026-01-18 04:00:00,0.1956,0.1958,0.1939,0.1953,330070.0
2026-01-18 05:00:00,0.1951,0.1968,0.1916,0.1928,1068438.0
2026-01-18 06:00:00,0.1927,0.1938,0.1926,0.1938,286258.0
2026-01-18 07:00:00,0.1937,0.1939,0.191,0.1915,532032.0
2026-01-18 08:00:00,0.1915,0.1924,0.1901,0.1919,711071.0
2026-01-18 09:00:00,0.1918,0.1924,0.1916,0.1917,269269.0
2026-01-18 10:00:00,0.1918,0.1924,0.1898,0.19,627901.0
2026-01-18 11:00:00,0.1901,0.1914,0.1901,0.1903,336661.0
2026-01-18 12:00:00,0.1903,0.1916,0.19,0.1911,221776.0
2026-01-18 13:00:00,0.191,0.1942,0.1909,0.1932,613092.0
2026-01-18 14:00:00,0.1933,0.1981,0.1917,0.1974,1171907.0
2026-01-18 15:00:00,0.1973,0.2023,0.1965,0.1998,1682468.0
2026-01-18 16:00:00,0.1997,0.2006,0.1978,0.1999,690254.0
2026-01-18 17:00:00,0.1999,0.2046,0.1992,0.2019,1173066.0
2026-01-18 18:00:00,0.202,0.2028,0.1999,0.2009,506368.0
2026-01-18 19:00:00,0.201,0.201,0.1995,0.1998,252850.0
2026-01-18 20:00:00,0.1998,0.2015,0.1998,0.2012,136176.0
2026-01-18 21:00:00,0.2011,0.2014,0.199,0.2005,224791.0
2026-01-18 22:00:00,0.2004,0.2008,0.1984,0.2001,194979.0
2026-01-18 23:00:00,0.2,0.2001,0.1925,0.1953,1148777.0
2026-01-19 00:00:00,0.1952,0.1979,0.1842,0.1976,3302412.0
2026-01-19 01:00:00,0.1976,0.203,0.1969,0.2001,1321484.0
2026-01-19 02:00:00,0.2001,0.2066,0.1987,0.2058,1631971.0
2026-01-19 03:00:00,0.2058,0.2119,0.2042,0.2098,3779251.0
2026-01-19 04:00:00,0.2099,0.212,0.2063,0.2071,2258590.0
2026-01-19 05:00:00,0.2071,0.2148,0.2053,0.2108,3222255.0
2026-01-19 06:00:00,0.2108,0.2168,0.2084,0.2145,4093960.0
2026-01-19 07:00:00,0.2147,0.2149,0.2092,0.2128,1954953.0
2026-01-19 08:00:00,0.213,0.2185,0.2105,0.2143,4240676.0
2026-01-19 09:00:00,0.2143,0.2159,0.2116,0.2155,2268830.0
2026-01-19 10:00:00,0.2154,0.2185,0.213,0.2176,3090734.0
2026-01-19 11:00:00,0.2176,0.2185,0.2088,0.2142,5446285.0
2026-01-19 12:00:00,0.2142,0.219,0.2078,0.2103,4847364.0
2026-01-19 13:00:00,0.2103,0.2125,0.2014,0.2095,4946102.0
2026-01-19 14:00:00,0.2096,0.2129,0.2096,0.2116,947008.0
2026-01-19 15:00:00,0.2118,0.2132,0.2092,0.2097,948665.0
2026-01-19 16:00:00,0.2096,0.213,0.2096,0.2124,695080.0
2026-01-19 17:00:00,0.2122,0.2129,0.208,0.2093,626094.0
2026-01-19 18:00:00,0.2093,0.2097,0.2048,0.2067,781498.0
2026-01-19 19:00:00,0.2067,0.209,0.2048,0.2058,399475.0
2026-01-19 20:00:00,0.2058,0.2066,0.2037,0.2062,551234.0
2026-01-19 21:00:00,0.2063,0.2065,0.2019,0.2042,784125.0
2026-01-19 22:00:00,0.2042,0.2052,0.2006,0.2023,760242.0
2026-01-19 23:00:00,0.2022,0.2051,0.2014,0.2038,682819.0
2026-01-20 00:00:00,0.2038,0.2096,0.2036,0.2088,767227.0
2026-01-20 01:00:00,0.2087,0.2107,0.2063,0.2067,633159.0
2026-01-20 02:00:00,0.2065,0.2079,0.2045,0.207,618167.0
2026-01-20 03:00:00,0.2069,0.209,0.2061,0.2069,349708.0
2026-01-20 04:00:00,0.2068,0.2076,0.2002,0.2016,1354980.0
2026-01-20 05:00:00,0.2016,0.2023,0.1874,0.1874,3992590.0
2026-01-20 06:00:00,0.1876,0.1939,0.177,0.1926,5987403.0
2026-01-20 07:00:00,0.1926,0.1937,0.1887,0.1898,1494137.0
2026-01-20 08:00:00,0.1899,0.1925,0.189,0.1914,998861.0
2026-01-20 09:00:00,0.1913,0.1953,0.1903,0.1921,1007133.0
2026-01-20 10:00:00,0.1921,0.1935,0.191,0.1921,482105.0
2026-01-20 11:00:00,0.1921,0.1937,0.1913,0.1919,613366.0
2026-01-20 12:00:00,0.192,0.1948,0.1918,0.1925,532712.0
2026-01-20 13:00:00,0.1924,0.1934,0.1895,0.1915,1128677.0
2026-01-20 14:00:00,0.1917,0.1924,0.1886,0.1903,1030528.0
2026-01-20 15:00:00,0.1902,0.1908,0.1882,0.1894,666550.0
2026-01-20 16:00:00,0.1895,0.1917,0.1874,0.1882,964252.0
2026-01-20 17:00:00,0.1881,0.1894,0.1877,0.1888,298053.0
2026-01-20 18:00:00,0.1888,0.189,0.1837,0.1838,983694.0
2026-01-20 19:00:00,0.1839,0.1855,0.1818,0.1833,669911.0
2026-01-20 20:00:00,0.1833,0.1849,0.1804,0.1812,699638.0
2026-01-20 21:00:00,0.1812,0.1824,0.1799,0.1814,386234.0
2026-01-20 22:00:00,0.1814,0.1831,0.1796,0.1808,638104.0
2026-01-20 23:00:00,0.1809,0.181,0.1783,0.1788,522138.0
2026-01-21 00:00:00,0.1788,0.1841,0.1763,0.1834,956987.0
2026-01-21 01:00:00,0.1833,0.1841,0.1809,0.1819,462819.0
2026-01-21 02:00:00,0.182,0.1838,0.1819,0.183,437737.0
2026-01-21 03:00:00,0.183,0.1857,0.1826,0.1853,316704.0
2026-01-21 04:00:00,0.1853,0.1854,0.1829,0.1835,341456.0
2026-01-21 05:00:00,0.1835,0.1872,0.1829,0.186,739389.0
2026-01-21 06:00:00,0.186,0.1873,0.1857,0.1866,309891.0
2026-01-21 07:00:00,0.1866,0.1873,0.1849,0.1853,398876.0
2026-01-21 08:00:00,0.1852,0.1856,0.1823,0.1843,407605.0
2026-01-21 09:00:00,0.1843,0.1846,0.1825,0.1832,402011.0
2026-01-21 10:00:00,0.1833,0.1842,0.1811,0.1821,392205.0
2026-01-21 11:00:00,0.1821,0.1823,0.1789,0.1798,788666.0
2026-01-21 12:00:00,0.1796,0.1806,0.1779,0.1802,665553.0
2026-01-21 13:00:00,0.1802,0.1812,0.1794,0.1802,321979.0
2026-01-21 14:00:00,0.1801,0.183,0.1796,0.181,801395.0
2026-01-21 15:00:00,0.181,0.1868,0.1804,0.1857,1378531.0
2026-01-21 16:00:00,0.1859,0.1882,0.1831,0.1835,1199793.0
2026-01-21 17:00:00,0.1837,0.1876,0.1837,0.1859,509819.0
2026-01-21 18:00:00,0.1858,0.1874,0.1849,0.1864,291542.0
2026-01-21 19:00:00,0.1864,0.1896,0.1855,0.1887,503640.0
2026-01-21 20:00:00,0.1886,0.1892,0.1861,0.1874,405741.0
2026-01-21 21:00:00,0.1875,0.188,0.1867,0.1877,151185.0
2026-01-21 22:00:00,0.1876,0.1882,0.1849,0.1865,190068.0
2026-01-21 23:00:00,0.1865,0.187,0.1841,0.1845,330016.0
2026-01-22 00:00:00,0.1845,0.187,0.1841,0.1849,508934.0
2026-01-22 01:00:00,0.185,0.1855,0.1829,0.1849,409972.0
2026-01-22 02:00:00,0.1849,0.1855,0.1826,0.1826,282313.0
2026-01-22 03:00:00,0.1826,0.1836,0.1808,0.1817,328358.0
2026-01-22 04:00:00,0.1817,0.1823,0.1808,0.181,288866.0
2026-01-22 05:00:00,0.1809,0.181,0.1784,0.1798,614916.0
2026-01-22 06:00:00,0.1798,0.1813,0.1789,0.1803,887171.0
2026-01-22 07:00:00,0.1802,0.1808,0.1766,0.1776,445403.0
2026-01-22 08:00:00,0.1776,0.1813,0.1767,0.1811,694096.0
2026-01-22 09:00:00,0.1811,0.1827,0.1806,0.1822,326629.0
2026-01-22 10:00:00,0.1822,0.1827,0.1787,0.1805,441122.0
2026-01-22 11:00:00,0.1805,0.1819,0.1798,0.181,384166.0
2026-01-22 12:00:00,0.1808,0.1824,0.1798,0.1809,362990.0
2026-01-22 13:00:00,0.1809,0.1813,0.1779,0.1784,602515.0
2026-01-22 14:00:00,0.1782,0.1808,0.1774,0.1791,519529.0
2026-01-22 15:00:00,0.179,0.1805,0.178,0.1793,362904.0
2026-01-22 16:00:00,0.1793,0.1805,0.1777,0.1802,268318.0
2026-01-22 17:00:00,0.18,0.1817,0.1793,0.1814,344158.0
2026-01-22 18:00:00,0.1815,0.1826,0.1807,0.1817,189899.0
2026-01-22 19:00:00,0.1817,0.1857,0.1811,0.1852,347431.0
2026-01-22 20:00:00,0.1851,0.1852,0.1818,0.1833,350060.0
2026-01-22 21:00:00,0.1832,0.1877,0.1831,0.1864,697960.0
2026-01-22 22:00:00,0.1863,0.1871,0.1841,0.1853,317318.0
2026-01-22 23:00:00,0.1853,0.1855,0.1838,0.1849,189507.0
2026-01-23 00:00:00,0.1847,0.185,0.1836,0.1842,200272.0
2026-01-23 01:00:00,0.1842,0.1851,0.1835,0.1841,102691.0
2026-01-23 02:00:00,0.1841,0.1844,0.1818,0.1822,220753.0
2026-01-23 03:00:00,0.1823,0.1838,0.1822,0.1824,170258.0
2026-01-23 04:00:00,0.1825,0.1846,0.1823,0.1843,225478.0
2026-01-23 05:00:00,0.1844,0.1844,0.1826,0.1835,212766.0
2026-01-23 06:00:00,0.1835,0.1863,0.1835,0.1842,504240.0
2026-01-23 07:00:00,0.1844,0.1848,0.1816,0.183,412011.0
2026-01-23 08:00:00,0.183,0.1833,0.1784,0.1805,562121.0
2026-01-23 09:00:00,0.1804,0.1808,0.1787,0.1796,284407.0
2026-01-23 10:00:00,0.1796,0.1797,0.1778,0.1791,292752.0
2026-01-23 11:00:00,0.1793,0.182,0.1791,0.1805,339077.0
2026-01-23 12:00:00,0.1805,0.1813,0.1724,0.1742,2356757.0
2026-01-23 13:00:00,0.1742,0.177,0.1736,0.1763,416945.0
2026-01-23 14:00:00,0.1763,0.1766,0.1744,0.1749,221709.0
2026-01-23 15:00:00,0.1751,0.1758,0.1722,0.1733,553617.0
2026-01-23 16:00:00,0.1732,0.1734,0.1672,0.1713,1204851.0
2026-01-23 17:00:00,0.1713,0.1736,0.1692,0.1708,812650.0
2026-01-23 18:00:00,0.1707,0.1712,0.169,0.1693,316349.0
2026-01-23 19:00:00,0.1693,0.1707,0.1688,0.17,301715.0
2026-01-23 20:00:00,0.17,0.1707,0.1688,0.1691,330310.0
2026-01-23 21:00:00,0.1693,0.171,0.1688,0.169,238678.0
2026-01-23 22:00:00,0.1689,0.1703,0.1688,0.1698,106512.0
2026-01-23 23:00:00,0.1698,0.1715,0.1691,0.1691,327827.0
2026-01-24 00:00:00,0.1692,0.1712,0.169,0.1703,222985.0
2026-01-24 01:00:00,0.1703,0.1717,0.1695,0.1703,268547.0
2026-01-24 02:00:00,0.1702,0.1731,0.1701,0.1731,258528.0
2026-01-24 03:00:00,0.1731,0.1757,0.173,0.1757,439988.0
2026-01-24 04:00:00,0.1758,0.1758,0.1727,0.174,397891.0
2026-01-24 05:00:00,0.1741,0.1797,0.1739,0.1792,554324.0
2026-01-24 06:00:00,0.1792,0.1805,0.1782,0.1794,426821.0
2026-01-24 07:00:00,0.1794,0.1797,0.178,0.1782,218594.0
2026-01-24 08:00:00,0.1782,0.18,0.1778,0.1796,277477.0
2026-01-24 09:00:00,0.1795,0.1806,0.1783,0.1795,351410.0
2026-01-24 10:00:00,0.1795,0.1811,0.179,0.1807,278132.0
2026-01-24 11:00:00,0.1805,0.182,0.1797,0.18,349492.0
2026-01-24 12:00:00,0.18,0.181,0.1789,0.1799,259302.0
2026-01-24 13:00:00,0.1798,0.1821,0.1796,0.1813,187841.0
2026-01-24 14:00:00,0.181,0.1818,0.1791,0.1811,299433.0
2026-01-24 15:00:00,0.1811,0.1815,0.1774,0.1792,461246.0
2026-01-24 16:00:00,0.1792,0.1793,0.177,0.1783,256537.0
2026-01-24 17:00:00,0.1783,0.1789,0.1771,0.1778,181470.0
2026-01-24 18:00:00,0.1779,0.1785,0.1767,0.1779,103950.0
2026-01-24 19:00:00,0.1779,0.1782,0.1757,0.176,160149.0
2026-01-24 20:00:00,0.176,0.177,0.1737,0.1742,222051.0
2026-01-24 21:00:00,0.1743,0.175,0.1742,0.1745,74221.0
2026-01-24 22:00:00,0.1746,0.1746,0.1725,0.1727,236210.0
2026-01-24 23:00:00,0.173,0.1735,0.1714,0.1719,207992.0
2026-01-25 00:00:00,0.1718,0.1738,0.1708,0.1731,471053.0
2026-01-25 01:00:00,0.1731,0.1733,0.1718,0.1727,212027.0
2026-01-25 02:00:00,0.1725,0.1736,0.1705,0.1706,162080.0
2026-01-25 03:00:00,0.1706,0.1721,0.1702,0.1715,277163.0
2026-01-25 04:00:00,0.1714,0.1729,0.169,0.1696,389731.0
2026-01-25 05:00:00,0.1695,0.1707,0.1695,0.1704,100503.0
2026-01-25 06:00:00,0.1704,0.1714,0.1696,0.17,119877.0
2026-01-25 07:00:00,0.1699,0.1705,0.1639,0.1692,1728813.0
2026-01-25 08:00:00,0.1692,0.1699,0.1687,0.1697,198120.0
2026-01-25 09:00:00,0.1696,0.1757,0.1693,0.1729,1116234.0
2026-01-25 10:00:00,0.173,0.1747,0.1724,0.1727,187695.0
2026-01-25 11:00:00,0.1727,0.173,0.1715,0.1719,97049.0
2026-01-25 12:00:00,0.1718,0.1723,0.1689,0.1696,454911.0
2026-01-25 13:00:00,0.1694,0.1705,0.1694,0.1701,119335.0
2026-01-25 14:00:00,0.1701,0.1712,0.1693,0.1696,185628.0
2026-01-25 15:00:00,0.1695,0.1733,0.1689,0.1726,373407.0
2026-01-25 16:00:00,0.1726,0.1745,0.1717,0.1731,589588.0
2026-01-25 17:00:00,0.1731,0.1749,0.1727,0.1744,473298.0
2026-01-25 18:00:00,0.1744,0.1747,0.1727,0.1744,195092.0
2026-01-25 19:00:00,0.1742,0.1749,0.1698,0.1703,535257.0
2026-01-25 20:00:00,0.1703,0.1721,0.169,0.1713,238177.0
2026-01-25 21:00:00,0.1712,0.1739,0.1705,0.1729,223725.0
2026-01-25 22:00:00,0.1729,0.1731,0.1709,0.1721,185652.0
2026-01-25 23:00:00,0.1721,0.1737,0.1714,0.1721,253499.0
2026-01-26 00:00:00,0.1721,0.1731,0.1712,0.1722,131114.0
2026-01-26 01:00:00,0.1722,0.1776,0.1719,0.1774,789325.0
2026-01-26 02:00:00,0.1774,0.1778,0.1743,0.1747,530891.0
2026-01-26 03:00:00,0.1747,0.1756,0.1736,0.1738,196773.0
2026-01-26 04:00:00,0.1738,0.1771,0.1737,0.1752,398012.0
2026-01-26 05:00:00,0.1752,0.1756,0.1738,0.175,318463.0
2026-01-26 06:00:00,0.175,0.1756,0.173,0.1745,251553.0
2026-01-26 07:00:00,0.1745,0.175,0.1701,0.1716,441864.0
2026-01-26 08:00:00,0.1716,0.1721,0.1689,0.1691,385312.0
2026-01-26 09:00:00,0.1691,0.175,0.1687,0.1748,1268141.0
2026-01-26 10:00:00,0.175,0.1769,0.1746,0.1759,577760.0
2026-01-26 11:00:00,0.1759,0.177,0.1756,0.1763,290134.0
2026-01-26 12:00:00,0.1762,0.181,0.1761,0.1777,923026.0
2026-01-26 13:00:00,0.1776,0.1779,0.1753,0.176,432001.0
2026-01-26 14:00:00,0.176,0.1765,0.1737,0.176,421798.0
2026-01-26 15:00:00,0.1761,0.178,0.1753,0.1771,554802.0
2026-01-26 16:00:00,0.1771,0.1775,0.1751,0.1763,301645.0
2026-01-26 17:00:00,0.1764,0.1765,0.1746,0.1756,234879.0
2026-01-26 18:00:00,0.1756,0.1765,0.1753,0.1755,144897.0
2026-01-26 19:00:00,0.1755,0.1767,0.174,0.175,296983.0
2026-01-26 20:00:00,0.175,0.1756,0.1746,0.1749,133311.0
2026-01-26 21:00:00,0.175,0.1773,0.1748,0.1766,189369.0
2026-01-26 22:00:00,0.1765,0.1767,0.175,0.1755,203507.0
2026-01-26 23:00:00,0.1755,0.1755,0.1736,0.1745,252310.0
2026-01-27 00:00:00,0.1747,0.1763,0.1737,0.1752,539773.0
2026-01-27 01:00:00,0.1752,0.1782,0.1752,0.1769,329975.0
2026-01-27 02:00:00,0.1769,0.1779,0.1766,0.1775,163994.0
2026-01-27 03:00:00,0.1775,0.1777,0.1728,0.1739,567991.0
2026-01-27 04:00:00,0.1737,0.1737,0.1706,0.1719,695518.0
2026-01-27 05:00:00,0.1719,0.1738,0.1713,0.1736,347241.0
2026-01-27 06:00:00,0.1736,0.1774,0.1727,0.1765,471578.0
2026-01-27 07:00:00,0.1764,0.1764,0.1746,0.1761,282336.0
2026-01-27 08:00:00,0.1761,0.1783,0.1753,0.1755,425614.0
2026-01-27 09:00:00,0.1755,0.1769,0.1752,0.1757,214725.0
2026-01-27 10:00:00,0.1757,0.177,0.1749,0.1758,309653.0
2026-01-27 11:00:00,0.1759,0.176,0.1739,0.1752,267200.0
2026-01-27 12:00:00,0.1751,0.1753,0.1735,0.1749,168075.0
2026-01-27 13:00:00,0.1751,0.1752,0.1734,0.1737,147905.0
2026-01-27 14:00:00,0.1738,0.1749,0.1725,0.1737,297994.0
2026-01-27 15:00:00,0.1736,0.1781,0.1735,0.1768,587707.0
2026-01-27 16:00:00,0.1768,0.1797,0.1761,0.1791,623781.0
2026-01-27 17:00:00,0.1792,0.1796,0.1767,0.1775,470941.0
2026-01-27 18:00:00,0.1775,0.1819,0.1773,0.181,710782.0
2026-01-27 19:00:00,0.1809,0.1828,0.1801,0.1813,374279.0
2026-01-27 20:00:00,0.1813,0.1828,0.181,0.182,438143.0
2026-01-27 21:00:00,0.1819,0.182,0.1804,0.1806,230192.0
2026-01-27 22:00:00,0.1806,0.181,0.18,0.1802,131307.0
2026-01-27 23:00:00,0.1805,0.1806,0.1788,0.1803,284067.0
2026-01-28 00:00:00,0.1802,0.1823,0.1798,0.1798,468540.0
2026-01-28 01:00:00,0.1797,0.1797,0.1763,0.1766,555047.0
2026-01-28 02:00:00,0.1765,0.1778,0.1758,0.1776,318433.0
2026-01-28 03:00:00,0.1777,0.1783,0.1762,0.1773,216111.0
2026-01-28 04:00:00,0.1772,0.1778,0.1751,0.1756,401650.0
2026-01-28 05:00:00,0.1757,0.1764,0.1747,0.1758,96852.0
2026-01-28 06:00:00,0.1758,0.1765,0.175,0.1762,143530.0
2026-01-28 07:00:00,0.1762,0.1775,0.1757,0.1766,212972.0
2026-01-28 08:00:00,0.1766,0.1784,0.1759,0.1774,213482.0
2026-01-28 09:00:00,0.1773,0.1775,0.1758,0.1774,187281.0
2026-01-28 10:00:00,0.1775,0.1782,0.1767,0.1767,192233.0
2026-01-28 11:00:00,0.1767,0.1802,0.1761,0.1799,430023.0
2026-01-28 12:00:00,0.18,0.1807,0.1781,0.1795,462736.0
2026-01-28 13:00:00,0.1795,0.18,0.1785,0.1797,143127.0
2026-01-28 14:00:00,0.1797,0.1807,0.1759,0.1768,639004.0
2026-01-28 15:00:00,0.1768,0.1772,0.1747,0.1754,342472.0
2026-01-28 16:00:00,0.1755,0.1764,0.1734,0.1753,405131.0
2026-01-28 17:00:00,0.1754,0.1775,0.1753,0.1768,164419.0
2026-01-28 18:00:00,0.1769,0.1771,0.1752,0.177,234304.0
2026-01-28 19:00:00,0.1771,0.1782,0.1761,0.1776,147619.0
2026-01-28 20:00:00,0.1776,0.1786,0.1774,0.1785,99170.0
2026-01-28 21:00:00,0.1785,0.1798,0.1775,0.1787,255421.0
2026-01-28 22:00:00,0.1788,0.1792,0.1775,0.1789,174970.0
2026-01-28 23:00:00,0.1788,0.1793,0.176,0.1769,297160.0
2026-01-29 00:00:00,0.1769,0.1779,0.1736,0.1744,535986.0
2026-01-29 01:00:00,0.1744,0.1753,0.1725,0.1733,217378.0
2026-01-29 02:00:00,0.1731,0.1732,0.1702,0.1717,542972.0
2026-01-29 03:00:00,0.1716,0.1725,0.1701,0.1705,211351.0
2026-01-29 04:00:00,0.1704,0.1704,0.1662,0.1691,989213.0
2026-01-29 05:00:00,0.1691,0.1699,0.1671,0.1689,463939.0
2026-01-29 06:00:00,0.1689,0.1696,0.168,0.1685,380876.0
2026-01-29 07:00:00,0.1687,0.1701,0.1683,0.169,271382.0
2026-01-29 08:00:00,0.169,0.1712,0.1686,0.1704,313605.0
2026-01-29 09:00:00,0.1704,0.1714,0.1695,0.1698,156884.0
2026-01-29 10:00:00,0.1698,0.1713,0.1696,0.171,106761.0
2026-01-29 11:00:00,0.171,0.1774,0.1703,0.1762,638712.0
2026-01-29 12:00:00,0.1762,0.1784,0.174,0.175,759895.0
2026-01-29 13:00:00,0.1751,0.1766,0.1745,0.1751,225171.0
2026-01-29 14:00:00,0.1751,0.1828,0.1751,0.1799,1899622.0
2026-01-29 15:00:00,0.1798,0.1883,0.1778,0.1852,5154468.0
2026-01-29 16:00:00,0.1853,0.1907,0.1826,0.1889,4424947.0
2026-01-29 17:00:00,0.1888,0.1944,0.1883,0.1903,3726200.0
2026-01-29 18:00:00,0.1903,0.1913,0.1874,0.1897,2234364.0
2026-01-29 19:00:00,0.1896,0.1904,0.1849,0.1879,1983130.0
2026-01-29 20:00:00,0.188,0.1905,0.1877,0.1895,707025.0
2026-01-29 21:00:00,0.1895,0.1901,0.1861,0.1873,732767.0
2026-01-29 22:00:00,0.1873,0.1899,0.1869,0.1896,368104.0
2026-01-29 23:00:00,0.1895,0.1896,0.186,0.1863,660331.0
2026-01-30 00:00:00,0.1863,0.1869,0.1844,0.1853,1363663.0
2026-01-30 01:00:00,0.1854,0.1855,0.1783,0.1798,2221304.0
2026-01-30 02:00:00,0.1797,0.1804,0.1759,0.1768,1501497.0
2026-01-30 03:00:00,0.1768,0.178,0.1765,0.1774,628867.0
2026-01-30 04:00:00,0.1774,0.1807,0.1772,0.1789,830799.0
2026-01-30 05:00:00,0.1788,0.1812,0.1781,0.1798,670592.0
2026-01-30 06:00:00,0.1798,0.1798,0.1759,0.1773,854343.0
2026-01-30 07:00:00,0.1773,0.1811,0.177,0.1801,629881.0
2026-01-30 08:00:00,0.1801,0.1811,0.1785,0.1789,442218.0
2026-01-30 09:00:00,0.1789,0.1792,0.1765,0.1774,613174.0
2026-01-30 10:00:00,0.1774,0.1808,0.1767,0.1801,730606.0
2026-01-30 11:00:00,0.1801,0.1812,0.1782,0.1799,700299.0
2026-01-30 12:00:00,0.1798,0.1802,0.1769,0.1775,473374.0
2026-01-30 13:00:00,0.1776,0.1807,0.1775,0.1792,564778.0
2026-01-30 14:00:00,0.1792,0.182,0.1792,0.1809,583655.0
2026-01-30 15:00:00,0.1809,0.1814,0.1777,0.1792,839853.0
2026-01-30 16:00:00,0.1791,0.1811,0.179,0.1801,526109.0
2026-01-30 17:00:00,0.1801,0.1811,0.179,0.1807,310769.0
2026-01-30 18:00:00,0.1808,0.1836,0.1787,0.1821,702616.0
2026-01-30 19:00:00,0.1821,0.1825,0.1808,0.1814,376134.0
2026-01-30 20:00:00,0.1814,0.182,0.1779,0.1812,604506.0
2026-01-30 21:00:00,0.1812,0.183,0.1802,0.1821,434516.0
2026-01-30 22:00:00,0.1822,0.1823,0.1813,0.182,131869.0
2026-01-30 23:00:00,0.1822,0.1824,0.1805,0.1819,168053.0
2026-01-31 00:00:00,0.1819,0.183,0.1813,0.1817,225512.0
2026-01-31 01:00:00,0.1818,0.1823,0.1799,0.1806,291224.0
2026-01-31 02:00:00,0.1806,0.1806,0.1782,0.179,457319.0
2026-01-31 03:00:00,0.179,0.1797,0.1785,0.179,168778.0
2026-01-31 04:00:00,0.1789,0.179,0.1761,0.1763,228386.0
2026-01-31 05:00:00,0.1763,0.1766,0.1731,0.1748,940989.0
2026-01-31 06:00:00,0.1748,0.1748,0.1723,0.1727,503069.0
2026-01-31 07:00:00,0.1727,0.1732,0.1713,0.1722,194959.0
2026-01-31 08:00:00,0.1722,0.1739,0.1696,0.1713,967375.0
2026-01-31 09:00:00,0.1713,0.1724,0.1713,0.1713,159236.0
2026-01-31 10:00:00,0.1713,0.1724,0.1709,0.1714,201457.0
2026-01-31 11:00:00,0.1713,0.1724,0.1707,0.1714,216240.0
2026-01-31 12:00:00,0.1714,0.1747,0.1705,0.1741,589896.0
2026-01-31 13:00:00,0.1741,0.175,0.1733,0.1739,283113.0
2026-01-31 14:00:00,0.1739,0.1744,0.1701,0.173,1325199.0
2026-01-31 15:00:00,0.1729,0.1734,0.1705,0.171,358584.0
2026-01-31 16:00:00,0.171,0.1732,0.1696,0.1703,568831.0
2026-01-31 17:00:00,0.1703,0.1707,0.1641,0.1692,1661177.0
2026-01-31 18:00:00,0.1692,0.1696,0.1616,0.1671,2112339.0
2026-01-31 19:00:00,0.1671,0.1712,0.1666,0.1673,805908.0
2026-01-31 20:00:00,0.1672,0.1698,0.166,0.1697,681980.0
2026-01-31 21:00:00,0.1697,0.1729,0.1688,0.1727,336280.0
2026-01-31 22:00:00,0.1727,0.1732,0.1715,0.1725,245675.0
2026-01-31 23:00:00,0.1723,0.1755,0.1723,0.1748,294110.0
2026-02-01 00:00:00,0.1749,0.1754,0.1725,0.1733,639271.0
2026-02-01 01:00:00,0.1733,0.1736,0.1716,0.1729,364262.0
2026-02-01 02:00:00,0.1728,0.1737,0.1723,0.1734,134280.0
2026-02-01 03:00:00,0.1733,0.1734,0.1719,0.1731,168954.0
2026-02-01 04:00:00,0.1731,0.1733,0.1716,0.1716,284206.0
2026-02-01 05:00:00,0.1717,0.1718,0.1694,0.1697,380911.0
2026-02-01 06:00:00,0.1697,0.1702,0.1685,0.169,229812.0
2026-02-01 07:00:00,0.169,0.1701,0.1681,0.1689,315780.0
2026-02-01 08:00:00,0.1689,0.1697,0.1684,0.1689,161071.0
2026-02-01 09:00:00,0.1689,0.1697,0.1682,0.1695,102523.0
2026-02-01 10:00:00,0.1695,0.1698,0.1667,0.1669,446673.0
2026-02-01 11:00:00,0.167,0.1673,0.1657,0.1664,344287.0
2026-02-01 12:00:00,0.1663,0.1664,0.1646,0.1648,549762.0
2026-02-01 13:00:00,0.1648,0.1651,0.1627,0.163,943155.0
2026-02-01 14:00:00,0.163,0.1633,0.1552,0.1577,2307353.0
2026-02-01 15:00:00,0.1577,0.1577,0.1498,0.1533,2224296.0
2026-02-01 16:00:00,0.1533,0.2141,0.1513,0.1943,39112859.0
2026-02-01 17:00:00,0.1942,0.21,0.1905,0.2032,17901921.0
2026-02-01 18:00:00,0.2032,0.2092,0.1959,0.2008,10470643.0
2026-02-01 19:00:00,0.2008,0.2094,0.1983,0.2011,8224717.0
2026-02-01 20:00:00,0.2012,0.2068,0.1993,0.2017,7288809.0
2026-02-01 21:00:00,0.2017,0.2099,0.2,0.2092,6328261.0
2026-02-01 22:00:00,0.209,0.2229,0.1956,0.207,28699039.0
2026-02-01 23:00:00,0.207,0.2153,0.2005,0.2071,12429671.0
2026-02-02 00:00:00,0.2072,0.2112,0.2023,0.2047,6565636.0
2026-02-02 01:00:00,0.2047,0.2055,0.1955,0.1984,7878391.0
2026-02-02 02:00:00,0.1984,0.2058,0.1959,0.2005,6601661.0
2026-02-02 03:00:00,0.2006,0.2149,0.1978,0.214,12117785.0
2026-02-02 04:00:00,0.2138,0.214,0.2026,0.2053,11215287.0
2026-02-02 05:00:00,0.2053,0.2098,0.1902,0.1962,15897111.0
2026-02-02 06:00:00,0.1961,0.1994,0.192,0.194,9137460.0
2026-02-02 07:00:00,0.194,0.1982,0.1908,0.1954,8337626.0
2026-02-02 08:00:00,0.1953,0.2015,0.1938,0.1944,6935903.0
2026-02-02 09:00:00,0.1944,0.207,0.1926,0.2039,11465794.0
2026-02-02 10:00:00,0.2039,0.21,0.2006,0.2031,9312208.0
2026-02-02 11:00:00,0.2031,0.2049,0.1988,0.201,8678985.0
2026-02-02 12:00:00,0.2009,0.221,0.2006,0.2041,29515489.0
2026-02-02 13:00:00,0.2043,0.2192,0.1951,0.2131,38625768.0
2026-02-02 14:00:00,0.2131,0.2199,0.2064,0.2094,29202243.0
2026-02-02 15:00:00,0.2096,0.2153,0.2034,0.2145,23504434.0
2026-02-02 16:00:00,0.2144,0.2195,0.2089,0.2177,15362073.0
2026-02-02 17:00:00,0.2177,0.2423,0.2165,0.232,34499489.0
2026-02-02 18:00:00,0.232,0.2475,0.2292,0.238,22682675.0
2026-02-02 19:00:00,0.2382,0.2493,0.2334,0.2375,16618020.0
2026-02-02 20:00:00,0.2374,0.2531,0.2368,0.2464,15398830.0
2026-02-02 21:00:00,0.2465,0.2576,0.242,0.2471,14250015.0
2026-02-02 22:00:00,0.2471,0.2596,0.2455,0.2512,16222684.0
2026-02-02 23:00:00,0.2511,0.2562,0.2433,0.2471,10419069.0
2026-02-03 00:00:00,0.247,0.2496,0.2381,0.2454,11635680.0
2026-02-03 01:00:00,0.2453,0.2624,0.2413,0.2596,29974979.0
2026-02-03 02:00:00,0.2596,0.2629,0.2521,0.2565,20591457.0
2026-02-03 03:00:00,0.2567,0.2594,0.2291,0.2313,21338304.0
2026-02-03 04:00:00,0.2314,0.2446,0.2266,0.2387,16482742.0
2026-02-03 05:00:00,0.2388,0.2419,0.233,0.2361,8266991.0
2026-02-03 06:00:00,0.2363,0.2488,0.2341,0.2446,8993736.0
2026-02-03 07:00:00,0.2446,0.2489,0.2402,0.2465,7426313.0
2026-02-03 08:00:00,0.2467,0.2534,0.2405,0.2431,9263294.0
2026-02-03 09:00:00,0.2431,0.2449,0.2363,0.2412,7122516.0
2026-02-03 10:00:00,0.2412,0.2433,0.2367,0.2381,3905297.0
2026-02-03 11:00:00,0.2381,0.2534,0.237,0.2516,6975325.0
2026-02-03 12:00:00,0.2518,0.2541,0.2339,0.2508,15037765.0
2026-02-03 13:00:00,0.2509,0.2585,0.246,0.2484,12499016.0
2026-02-03 14:00:00,0.2483,0.2562,0.2435,0.2452,8588914.0
2026-02-03 15:00:00,0.2452,0.2494,0.2375,0.2402,11065193.0
2026-02-03 16:00:00,0.2402,0.2455,0.2351,0.2428,8752365.0
2026-02-03 17:00:00,0.2428,0.2539,0.2417,0.2447,9270519.0
2026-02-03 18:00:00,0.2448,0.2494,0.2407,0.2439,5909023.0
2026-02-03 19:00:00,0.244,0.2503,0.2433,0.2484,4838934.0
2026-02-03 20:00:00,0.2484,0.2565,0.2468,0.2554,4712531.0
2026-02-03 21:00:00,0.2555,0.2562,0.246,0.2503,4166989.0
2026-02-03 22:00:00,0.2505,0.2562,0.249,0.2528,3317833.0
2026-02-03 23:00:00,0.2527,0.258,0.2503,0.2571,3442661.0
2026-02-04 00:00:00,0.2571,0.2752,0.2547,0.2713,11214123.0
2026-02-04 01:00:00,0.2713,0.2859,0.2503,0.2537,22999647.0
2026-02-04 02:00:00,0.2539,0.254,0.2135,0.2246,35564087.0
2026-02-04 03:00:00,0.2247,0.2338,0.222,0.228,9235963.0
2026-02-04 04:00:00,0.228,0.236,0.2278,0.2306,4213645.0
2026-02-04 05:00:00,0.2305,0.2326,0.223,0.226,3685146.0
2026-02-04 06:00:00,0.226,0.2336,0.2253,0.2285,3028657.0
2026-02-04 07:00:00,0.2285,0.229,0.2193,0.2205,3278794.0
2026-02-04 08:00:00,0.2205,0.2237,0.219,0.2222,2820954.0
2026-02-04 09:00:00,0.2221,0.2233,0.217,0.2189,2672002.0
2026-02-04 10:00:00,0.219,0.223,0.2161,0.2207,3413257.0
2026-02-04 11:00:00,0.2207,0.2225,0.2096,0.2122,4779384.0
2026-02-04 12:00:00,0.2122,0.2185,0.2114,0.2155,3985390.0
2026-02-04 13:00:00,0.2155,0.2158,0.2075,0.211,6472457.0
2026-02-04 14:00:00,0.211,0.2185,0.2086,0.216,4927860.0
2026-02-04 15:00:00,0.216,0.2256,0.2082,0.2088,8684338.0
2026-02-04 16:00:00,0.2088,0.2137,0.2024,0.2117,7382036.0
2026-02-04 17:00:00,0.2116,0.2137,0.2091,0.2098,1955756.0
2026-02-04 18:00:00,0.2099,0.2135,0.2075,0.2094,2754958.0
2026-02-04 19:00:00,0.2094,0.2094,0.2033,0.2064,2381542.0
2026-02-04 20:00:00,0.2065,0.2066,0.2006,0.2049,3611082.0
2026-02-04 21:00:00,0.2048,0.2054,0.1984,0.2008,2532192.0
2026-02-04 22:00:00,0.2008,0.2031,0.197,0.1972,2489089.0
2026-02-04 23:00:00,0.1972,0.1995,0.1962,0.1976,2764447.0
2026-02-05 00:00:00,0.1976,0.2089,0.1969,0.207,4828837.0
2026-02-05 01:00:00,0.2069,0.2071,0.2012,0.2039,3311985.0
2026-02-05 02:00:00,0.2041,0.2047,0.1986,0.2012,3236692.0
2026-02-05 03:00:00,0.2013,0.2043,0.2004,0.2016,1711874.0
2026-02-05 04:00:00,0.2016,0.2146,0.2015,0.2091,3820081.0
2026-02-05 05:00:00,0.2093,0.2154,0.2092,0.2143,2436333.0
2026-02-05 06:00:00,0.2143,0.2168,0.2115,0.2143,2116165.0
2026-02-05 07:00:00,0.2143,0.2205,0.2117,0.219,2880230.0
2026-02-05 08:00:00,0.219,0.2229,0.2173,0.2218,2584580.0
2026-02-05 09:00:00,0.222,0.2263,0.218,0.2229,3475111.0
2026-02-05 10:00:00,0.2229,0.2269,0.221,0.2225,2578599.0
2026-02-05 11:00:00,0.2225,0.2234,0.2119,0.214,4043318.0
2026-02-05 12:00:00,0.2139,0.2169,0.2108,0.2127,3233165.0
2026-02-05 13:00:00,0.2127,0.2141,0.2105,0.2127,1656281.0
2026-02-05 14:00:00,0.2126,0.2163,0.2098,0.2142,2066977.0
2026-02-05 15:00:00,0.2142,0.2163,0.2074,0.2126,5424820.0
2026-02-05 16:00:00,0.2125,0.2126,0.208,0.211,1903417.0
2026-02-05 17:00:00,0.2111,0.2118,0.205,0.2076,1746418.0
2026-02-05 18:00:00,0.2076,0.2086,0.1991,0.2032,3178066.0
2026-02-05 19:00:00,0.2034,0.2035,0.1979,0.1991,1443889.0
2026-02-05 20:00:00,0.1993,0.2005,0.1907,0.1972,5867935.0
2026-02-05 21:00:00,0.1972,0.2011,0.1966,0.2003,2238274.0
2026-02-05 22:00:00,0.2003,0.2058,0.1956,0.2025,2245826.0
2026-02-05 23:00:00,0.2024,0.2044,0.1975,0.2011,2489913.0
2026-02-06 00:00:00,0.2012,0.2051,0.194,0.2026,6368858.0
2026-02-06 01:00:00,0.2025,0.2074,0.2008,0.2046,2392708.0
2026-02-06 02:00:00,0.2047,0.2058,0.1981,0.2013,2542714.0
2026-02-06 03:00:00,0.2014,0.2027,0.1992,0.2,1206765.0
2026-02-06 04:00:00,0.2,0.2032,0.1997,0.2021,1019223.0
2026-02-06 05:00:00,0.2021,0.2084,0.2018,0.2081,1291709.0
2026-02-06 06:00:00,0.2082,0.2122,0.2063,0.2105,2348858.0
2026-02-06 07:00:00,0.2105,0.2159,0.209,0.2153,1950042.0
2026-02-06 08:00:00,0.2152,0.2188,0.2126,0.2156,2651986.0
2026-02-06 09:00:00,0.2156,0.2226,0.2148,0.22,2051622.0
2026-02-06 10:00:00,0.2201,0.2237,0.218,0.222,1851939.0
2026-02-06 11:00:00,0.222,0.2239,0.2192,0.2205,1633922.0
2026-02-06 12:00:00,0.2204,0.2225,0.2166,0.2169,1678731.0
2026-02-06 13:00:00,0.217,0.2194,0.2149,0.2177,1843441.0
2026-02-06 14:00:00,0.2177,0.2231,0.217,0.2202,2134604.0
2026-02-06 15:00:00,0.2201,0.2268,0.2196,0.2226,2270293.0
2026-02-06 16:00:00,0.2226,0.2249,0.2213,0.2242,1827104.0
2026-02-06 17:00:00,0.2243,0.2257,0.2208,0.2224,2012936.0
2026-02-06 18:00:00,0.2224,0.2227,0.2175,0.2207,1637188.0
2026-02-06 19:00:00,0.2207,0.2234,0.2176,0.2221,1094497.0
2026-02-06 20:00:00,0.2219,0.224,0.2202,0.2233,713122.0
2026-02-06 21:00:00,0.2234,0.2238,0.2219,0.2231,512313.0
2026-02-06 22:00:00,0.2232,0.2269,0.2231,0.2252,806445.0
2026-02-06 23:00:00,0.2252,0.2261,0.2206,0.2219,662494.0
2026-02-07 00:00:00,0.2218,0.222,0.219,0.2199,657838.0
2026-02-07 01:00:00,0.2198,0.2229,0.2185,0.2227,600429.0
2026-02-07 02:00:00,0.2227,0.2241,0.2216,0.2225,586998.0
2026-02-07 03:00:00,0.2225,0.2316,0.2219,0.2263,1344941.0
2026-02-07 04:00:00,0.2262,0.229,0.2231,0.2243,915592.0
2026-02-07 05:00:00,0.2241,0.2269,0.2226,0.2247,912785.0
2026-02-07 06:00:00,0.2247,0.2279,0.2214,0.2224,703169.0
2026-02-07 07:00:00,0.2224,0.2256,0.2181,0.2248,1857092.0
2026-02-07 08:00:00,0.2249,0.2282,0.2241,0.2271,456858.0
2026-02-07 09:00:00,0.227,0.229,0.2232,0.2255,909459.0
2026-02-07 10:00:00,0.2253,0.2258,0.2203,0.2228,829368.0
2026-02-07 11:00:00,0.2226,0.2228,0.2196,0.2211,456166.0
2026-02-07 12:00:00,0.2211,0.2247,0.2208,0.2218,677129.0
2026-02-07 13:00:00,0.2218,0.2227,0.2199,0.2202,561881.0
2026-02-07 14:00:00,0.2203,0.2205,0.2173,0.2186,1107288.0
2026-02-07 15:00:00,0.2185,0.2221,0.2177,0.2207,463046.0
2026-02-07 16:00:00,0.2209,0.2242,0.2193,0.2208,2102184.0
2026-02-07 17:00:00,0.2209,0.2219,0.2191,0.2215,419289.0
2026-02-07 18:00:00,0.2216,0.2246,0.2215,0.2241,496014.0
2026-02-07 19:00:00,0.2242,0.2283,0.2224,0.2256,1296656.0
2026-02-07 20:00:00,0.2255,0.2255,0.2234,0.2244,468125.0
2026-02-07 21:00:00,0.2244,0.2252,0.2188,0.2207,736624.0
2026-02-07 22:00:00,0.2206,0.2218,0.2183,0.2191,351952.0
2026-02-07 23:00:00,0.219,0.2212,0.2182,0.2199,264605.0
2026-02-08 00:00:00,0.22,0.2208,0.2154,0.2161,730825.0
2026-02-08 01:00:00,0.2161,0.2169,0.2147,0.2163,554329.0
2026-02-08 02:00:00,0.2164,0.2169,0.2137,0.2146,428920.0
2026-02-08 03:00:00,0.2146,0.2153,0.2115,0.2118,591196.0
2026-02-08 04:00:00,0.2118,0.2135,0.2112,0.2121,587089.0
2026-02-08 05:00:00,0.2122,0.2127,0.2106,0.2113,468115.0
2026-02-08 06:00:00,0.2113,0.2127,0.2101,0.2112,450792.0
2026-02-08 07:00:00,0.2114,0.2129,0.2105,0.2123,411021.0
2026-02-08 08:00:00,0.2123,0.2174,0.2115,0.2165,826256.0
2026-02-08 09:00:00,0.2165,0.2191,0.2148,0.2169,903612.0
2026-02-08 10:00:00,0.2166,0.2199,0.2166,0.2193,689954.0
2026-02-08 11:00:00,0.219,0.2262,0.2181,0.2248,829807.0
2026-02-08 12:00:00,0.2249,0.2267,0.221,0.2227,847869.0
2026-02-08 13:00:00,0.2225,0.2279,0.2213,0.2275,790080.0
2026-02-08 14:00:00,0.2274,0.2296,0.2249,0.2269,718963.0
2026-02-08 15:00:00,0.2269,0.2277,0.2236,0.225,670581.0
2026-02-08 16:00:00,0.2248,0.2281,0.2218,0.2237,829092.0
2026-02-08 17:00:00,0.2239,0.2291,0.2239,0.2256,663594.0
2026-02-08 18:00:00,0.2255,0.2281,0.2231,0.2255,396416.0
2026-02-08 19:00:00,0.2254,0.2259,0.2233,0.2249,260291.0
2026-02-08 20:00:00,0.2248,0.2262,0.2239,0.226,177701.0
2026-02-08 21:00:00,0.226,0.2268,0.2244,0.2253,245626.0
2026-02-08 22:00:00,0.2252,0.2368,0.2251,0.2332,1524397.0
2026-02-08 23:00:00,0.2333,0.2353,0.2291,0.2313,1057745.0
2026-02-09 00:00:00,0.2315,0.2353,0.2284,0.2289,908835.0
2026-02-09 01:00:00,0.2288,0.2361,0.2283,0.2334,1172784.0
2026-02-09 02:00:00,0.2333,0.2417,0.2326,0.239,1737979.0
2026-02-09 03:00:00,0.2392,0.2442,0.2381,0.2411,2280524.0
2026-02-09 04:00:00,0.2412,0.2417,0.2354,0.2372,1580585.0
2026-02-09 05:00:00,0.2371,0.2422,0.2369,0.2402,1059397.0
2026-02-09 06:00:00,0.2402,0.243,0.2381,0.2406,1131022.0
2026-02-09 07:00:00,0.2404,0.2427,0.237,0.2383,1282821.0
2026-02-09 08:00:00,0.2383,0.2409,0.2357,0.2404,1350189.0
2026-02-09 09:00:00,0.2407,0.2423,0.2361,0.2374,1601593.0
2026-02-09 10:00:00,0.2373,0.2441,0.2367,0.2384,2466142.0
2026-02-09 11:00:00,0.2384,0.2401,0.2351,0.2364,1040492.0
2026-02-09 12:00:00,0.2362,0.2409,0.2356,0.238,949446.0
2026-02-09 13:00:00,0.2381,0.2439,0.2356,0.2396,2143278.0
2026-02-09 14:00:00,0.2396,0.2409,0.2375,0.24,1253866.0
2026-02-09 15:00:00,0.2401,0.2472,0.2394,0.2439,2275275.0
2026-02-09 16:00:00,0.2439,0.2488,0.2428,0.2471,1299900.0
2026-02-09 17:00:00,0.2472,0.2476,0.2412,0.2445,1106514.0
2026-02-09 18:00:00,0.2445,0.2465,0.2423,0.2431,521440.0
2026-02-09 19:00:00,0.243,0.2481,0.2425,0.2475,436556.0
2026-02-09 20:00:00,0.2474,0.255,0.247,0.2497,2687082.0
2026-02-09 21:00:00,0.2497,0.2502,0.2467,0.2473,823588.0
2026-02-09 22:00:00,0.2474,0.2516,0.2456,0.2497,1136429.0
2026-02-09 23:00:00,0.2498,0.2513,0.2428,0.2432,1190844.0
2026-02-10 00:00:00,0.2431,0.2459,0.2406,0.2423,1222815.0
2026-02-10 01:00:00,0.2424,0.2479,0.2367,0.2375,1880878.0
2026-02-10 02:00:00,0.2374,0.2446,0.2366,0.2427,1081462.0
2026-02-10 03:00:00,0.2428,0.2432,0.2376,0.2424,1151137.0
2026-02-10 04:00:00,0.2424,0.2452,0.2407,0.2417,708226.0
2026-02-10 05:00:00,0.2419,0.244,0.2402,0.2431,485920.0
2026-02-10 06:00:00,0.2431,0.245,0.2385,0.2409,983330.0
2026-02-10 07:00:00,0.2409,0.2458,0.2399,0.2443,800030.0
2026-02-10 08:00:00,0.2443,0.2501,0.2428,0.2475,1151744.0
2026-02-10 09:00:00,0.2475,0.251,0.2466,0.2484,856030.0
2026-02-10 10:00:00,0.2485,0.2485,0.2411,0.2425,1368780.0
2026-02-10 11:00:00,0.2424,0.2437,0.239,0.2395,836825.0
2026-02-10 12:00:00,0.2396,0.2402,0.2367,0.2397,853493.0
2026-02-10 13:00:00,0.2398,0.245,0.2395,0.2434,718857.0
2026-02-10 14:00:00,0.2436,0.2454,0.24,0.2434,862583.0
2026-02-10 15:00:00,0.2434,0.2459,0.2423,0.2426,489630.0
2026-02-10 16:00:00,0.2428,0.2449,0.2421,0.244,415136.0
2026-02-10 17:00:00,0.244,0.2486,0.2431,0.2457,638399.0
2026-02-10 18:00:00,0.2457,0.2458,0.2422,0.2426,417226.0
2026-02-10 19:00:00,0.2426,0.2438,0.2422,0.2425,170294.0
2026-02-10 20:00:00,0.2426,0.2433,0.2408,0.2425,315596.0
2026-02-10 21:00:00,0.2425,0.244,0.2376,0.239,734839.0
2026-02-10 22:00:00,0.2391,0.241,0.2381,0.2388,335260.0
2026-02-10 23:00:00,0.2387,0.2387,0.2322,0.2338,709989.0
2026-02-11 00:00:00,0.2338,0.236,0.2313,0.2348,589646.0
2026-02-11 01:00:00,0.2347,0.2368,0.2344,0.2364,265808.0
2026-02-11 02:00:00,0.2364,0.2407,0.2364,0.2383,437399.0
2026-02-11 03:00:00,0.2382,0.2422,0.2366,0.2414,501198.0
2026-02-11 04:00:00,0.2414,0.2443,0.2388,0.2399,704834.0
2026-02-11 05:00:00,0.24,0.2468,0.2399,0.2428,864698.0
2026-02-11 06:00:00,0.2428,0.2437,0.239,0.2395,567054.0
2026-02-11 07:00:00,0.2396,0.2424,0.2382,0.2396,536484.0
2026-02-11 08:00:00,0.2396,0.2426,0.2383,0.24,449359.0
2026-02-11 09:00:00,0.2402,0.245,0.2402,0.2412,800440.0
2026-02-11 10:00:00,0.2415,0.2415,0.2361,0.2366,543466.0
2026-02-11 11:00:00,0.2366,0.2388,0.236,0.2373,386486.0
2026-02-11 12:00:00,0.2373,0.2399,0.2369,0.2392,355885.0
2026-02-11 13:00:00,0.2393,0.2437,0.2353,0.2375,1857688.0
2026-02-11 14:00:00,0.2375,0.2427,0.2335,0.2384,1558606.0
2026-02-11 15:00:00,0.2386,0.2399,0.2359,0.2379,541623.0
2026-02-11 16:00:00,0.238,0.2403,0.2374,0.2391,467439.0
2026-02-11 17:00:00,0.239,0.2444,0.238,0.2384,730425.0
2026-02-11 18:00:00,0.2384,0.2402,0.2353,0.2366,373799.0
2026-02-11 19:00:00,0.2366,0.2384,0.2359,0.2365,292575.0
2026-02-11 20:00:00,0.2365,0.2403,0.2364,0.2381,375279.0
2026-02-11 21:00:00,0.2384,0.2391,0.2371,0.2377,204877.0
2026-02-11 22:00:00,0.2378,0.2441,0.2377,0.2424,1414318.0
2026-02-11 23:00:00,0.2426,0.2451,0.2407,0.2443,321210.0
2026-02-12 00:00:00,0.2443,0.2472,0.2406,0.2423,636705.0
2026-02-12 01:00:00,0.2423,0.2442,0.2417,0.2422,194712.0
2026-02-12 02:00:00,0.2422,0.2452,0.2417,0.2445,266968.0
2026-02-12 03:00:00,0.2446,0.2475,0.2442,0.2466,393795.0
2026-02-12 04:00:00,0.2466,0.2469,0.2422,0.2431,393744.0
2026-02-12 05:00:00,0.2431,0.2445,0.2414,0.2419,303897.0
2026-02-12 06:00:00,0.2419,0.2438,0.239,0.2425,514776.0
2026-02-12 07:00:00,0.2425,0.2426,0.2369,0.2395,546723.0
2026-02-12 08:00:00,0.2395,0.2472,0.2389,0.2417,854796.0
2026-02-12 09:00:00,0.2418,0.2433,0.2411,0.2428,423132.0
2026-02-12 10:00:00,0.2429,0.2439,0.2404,0.2427,457094.0
2026-02-12 11:00:00,0.2427,0.2452,0.2418,0.2432,493650.0
2026-02-12 12:00:00,0.2432,0.2434,0.2384,0.2404,369194.0
2026-02-12 13:00:00,0.2404,0.2446,0.2401,0.2435,389145.0
2026-02-12 14:00:00,0.2435,0.2449,0.2416,0.2438,401092.0
2026-02-12 15:00:00,0.2439,0.2446,0.2411,0.2412,257459.0
2026-02-12 16:00:00,0.2412,0.2494,0.2406,0.2485,884472.0
2026-02-12 17:00:00,0.2484,0.2499,0.2454,0.2455,546285.0
2026-02-12 18:00:00,0.2455,0.2489,0.2436,0.2476,594987.0
2026-02-12 19:00:00,0.2476,0.2483,0.2443,0.2451,256000.0
2026-02-12 20:00:00,0.2451,0.2458,0.2417,0.2423,272681.0
2026-02-12 21:00:00,0.2422,0.2438,0.2407,0.2421,197562.0
2026-02-12 22:00:00,0.2421,0.2457,0.2412,0.2449,200698.0
2026-02-12 23:00:00,0.2449,0.245,0.2421,0.2424,129696.0
2026-02-13 00:00:00,0.2424,0.2458,0.242,0.2451,254134.0
2026-02-13 01:00:00,0.2451,0.2488,0.2443,0.2465,375281.0
2026-02-13 02:00:00,0.2465,0.2487,0.244,0.2467,276664.0
2026-02-13 03:00:00,0.2467,0.2475,0.2441,0.2444,226129.0
2026-02-13 04:00:00,0.2444,0.2456,0.2419,0.2428,249856.0
2026-02-13 05:00:00,0.2428,0.2452,0.2399,0.2434,532427.0
2026-02-13 06:00:00,0.2434,0.2439,0.2398,0.2415,334681.0
2026-02-13 07:00:00,0.2415,0.2445,0.2409,0.2432,255225.0
2026-02-13 08:00:00,0.2432,0.2478,0.2427,0.2451,413098.0
2026-02-13 09:00:00,0.2452,0.2478,0.2446,0.2473,194913.0
2026-02-13 10:00:00,0.2473,0.2478,0.2453,0.2464,248094.0
2026-02-13 11:00:00,0.2464,0.2484,0.2456,0.2471,333082.0
2026-02-13 12:00:00,0.247,0.2518,0.2469,0.2499,703187.0
2026-02-13 13:00:00,0.2499,0.2505,0.243,0.2447,880174.0
2026-02-13 14:00:00,0.2446,0.2466,0.2427,0.2454,558829.0
2026-02-13 15:00:00,0.2453,0.2461,0.2434,0.2459,424849.0
2026-02-13 16:00:00,0.2462,0.2506,0.2456,0.2492,700450.0
2026-02-13 17:00:00,0.2492,0.2492,0.2375,0.2391,791635.0
2026-02-13 18:00:00,0.2391,0.2413,0.2377,0.2381,428424.0
2026-02-13 19:00:00,0.2379,0.2386,0.2321,0.2353,968108.0
2026-02-13 20:00:00,0.2354,0.2393,0.2351,0.237,297493.0
2026-02-13 21:00:00,0.2371,0.2371,0.2291,0.2325,1439670.0
2026-02-13 22:00:00,0.2325,0.2327,0.229,0.2293,410387.0
2026-02-13 23:00:00,0.2292,0.2314,0.2262,0.2293,735656.0
2026-02-14 00:00:00,0.2294,0.2317,0.2283,0.2311,458520.0
2026-02-14 01:00:00,0.2311,0.2312,0.227,0.2273,251752.0
2026-02-14 02:00:00,0.2272,0.2309,0.2254,0.2301,611420.0
2026-02-14 03:00:00,0.2301,0.2307,0.2273,0.2291,313038.0
2026-02-14 04:00:00,0.2291,0.23,0.2259,0.2283,361005.0
2026-02-14 05:00:00,0.2281,0.2287,0.2265,0.2277,248437.0
2026-02-14 06:00:00,0.2277,0.2287,0.2272,0.228,206094.0
2026-02-14 07:00:00,0.2281,0.2332,0.2275,0.2324,473651.0
2026-02-14 08:00:00,0.2325,0.2364,0.2312,0.2347,531797.0
2026-02-14 09:00:00,0.2348,0.2386,0.2326,0.2382,462812.0
2026-02-14 10:00:00,0.2382,0.2448,0.238,0.2424,741085.0
2026-02-14 11:00:00,0.2423,0.2446,0.2408,0.2423,439523.0
2026-02-14 12:00:00,0.2423,0.252,0.2414,0.2445,1045587.0
2026-02-14 13:00:00,0.2444,0.2473,0.2433,0.2457,519685.0
2026-02-14 14:00:00,0.2458,0.2483,0.2442,0.2477,360412.0
2026-02-14 15:00:00,0.2477,0.2497,0.2462,0.2465,352506.0
2026-02-14 16:00:00,0.2465,0.2508,0.2454,0.2484,683031.0
2026-02-14 17:00:00,0.2484,0.2494,0.2444,0.2452,511056.0
2026-02-14 18:00:00,0.2452,0.2476,0.245,0.2455,328819.0
2026-02-14 19:00:00,0.2456,0.2487,0.2456,0.247,273377.0
2026-02-14 20:00:00,0.247,0.2485,0.2438,0.2456,359771.0
2026-02-14 21:00:00,0.2454,0.2466,0.2411,0.2421,356103.0
2026-02-14 22:00:00,0.242,0.2465,0.242,0.2426,427798.0
2026-02-14 23:00:00,0.2429,0.2443,0.2423,0.2435,231104.0
2026-02-15 00:00:00,0.2435,0.246,0.2428,0.2447,270735.0
2026-02-15 01:00:00,0.2448,0.2472,0.2414,0.2454,594223.0
2026-02-15 02:00:00,0.2454,0.2461,0.244,0.2449,180183.0
2026-02-15 03:00:00,0.2448,0.2484,0.243,0.2476,458895.0
2026-02-15 04:00:00,0.2476,0.2534,0.2465,0.2478,979161.0
2026-02-15 05:00:00,0.2478,0.2505,0.2472,0.2497,435344.0
2026-02-15 06:00:00,0.2499,0.2504,0.2468,0.2485,290330.0
2026-02-15 07:00:00,0.2486,0.2503,0.2484,0.2495,418679.0
2026-02-15 08:00:00,0.2497,0.2506,0.2435,0.2456,858476.0
2026-02-15 09:00:00,0.2456,0.2456,0.2371,0.2394,724806.0
2026-02-15 10:00:00,0.2393,0.2396,0.2351,0.2355,427834.0
2026-02-15 11:00:00,0.2356,0.2406,0.2352,0.2354,677555.0
2026-02-15 12:00:00,0.2353,0.2359,0.2328,0.2343,407180.0
2026-02-15 13:00:00,0.2345,0.2365,0.2331,0.2358,378056.0
2026-02-15 14:00:00,0.2358,0.2466,0.2358,0.2439,836022.0
2026-02-15 15:00:00,0.2439,0.2451,0.2422,0.2424,202697.0
2026-02-15 16:00:00,0.2424,0.248,0.2413,0.2444,737455.0
2026-02-15 17:00:00,0.2445,0.2445,0.238,0.2424,489253.0
2026-02-15 18:00:00,0.2424,0.2453,0.2413,0.2427,303576.0
2026-02-15 19:00:00,0.2427,0.247,0.2426,0.2444,301440.0
2026-02-15 20:00:00,0.2445,0.2458,0.2424,0.2437,305430.0
2026-02-15 21:00:00,0.2437,0.2478,0.2434,0.2469,294504.0
2026-02-15 22:00:00,0.2469,0.2489,0.246,0.2462,312289.0
2026-02-15 23:00:00,0.2466,0.2476,0.2449,0.2465,222318.0
2026-02-16 00:00:00,0.2466,0.2486,0.2451,0.2476,218779.0
2026-02-16 01:00:00,0.2475,0.25,0.2457,0.2462,482856.0
2026-02-16 02:00:00,0.2462,0.2483,0.2462,0.2472,140938.0
2026-02-16 03:00:00,0.2473,0.2476,0.2433,0.2454,317233.0
2026-02-16 04:00:00,0.2454,0.2476,0.2451,0.2474,160428.0
2026-02-16 05:00:00,0.2476,0.2484,0.2433,0.2457,325277.0
2026-02-16 06:00:00,0.2459,0.2518,0.2457,0.2476,902333.0
2026-02-16 07:00:00,0.2475,0.2483,0.2405,0.2449,986440.0
2026-02-16 08:00:00,0.2449,0.2459,0.2438,0.2454,223908.0
2026-02-16 09:00:00,0.2453,0.2521,0.2452,0.2478,1398986.0
2026-02-16 10:00:00,0.2478,0.2497,0.2472,0.2478,364722.0
2026-02-16 11:00:00,0.2477,0.2485,0.246,0.2472,324282.0
2026-02-16 12:00:00,0.2471,0.2481,0.2441,0.2461,825985.0
2026-02-16 13:00:00,0.2462,0.2473,0.243,0.2438,354540.0
2026-02-16 14:00:00,0.2439,0.2461,0.242,0.2435,1272995.0
2026-02-16 15:00:00,0.2435,0.2452,0.2412,0.2437,1495850.0
2026-02-16 16:00:00,0.2437,0.2464,0.2419,0.2456,524065.0
2026-02-16 17:00:00,0.2457,0.2467,0.2444,0.2451,200058.0
2026-02-16 18:00:00,0.2452,0.2466,0.2437,0.244,907035.0
2026-02-16 19:00:00,0.2439,0.2443,0.243,0.2432,226667.0
2026-02-16 20:00:00,0.2432,0.2444,0.2426,0.2442,84740.0
2026-02-16 21:00:00,0.2444,0.2452,0.243,0.2445,201493.0
2026-02-16 22:00:00,0.2445,0.2455,0.2434,0.244,101347.0
2026-02-16 23:00:00,0.2442,0.2445,0.2427,0.2436,203125.0
2026-02-17 00:00:00,0.2436,0.2443,0.2421,0.2422,151895.0
2026-02-17 01:00:00,0.2422,0.2427,0.2409,0.2422,241151.0
2026-02-17 02:00:00,0.2421,0.2423,0.2387,0.2393,304687.0
2026-02-17 03:00:00,0.2392,0.2423,0.2364,0.241,602154.0
2026-02-17 04:00:00,0.241,0.2411,0.2386,0.24,203096.0
2026-02-17 05:00:00,0.24,0.2401,0.2364,0.238,2115147.0
2026-02-17 06:00:00,0.2379,0.2396,0.2365,0.2392,379381.0
2026-02-17 07:00:00,0.2392,0.2393,0.2369,0.2371,744892.0
2026-02-17 08:00:00,0.2371,0.239,0.2368,0.2377,297554.0
2026-02-17 09:00:00,0.2376,0.2398,0.2373,0.2386,294168.0
2026-02-17 10:00:00,0.2387,0.2394,0.2369,0.2386,291208.0
2026-02-17 11:00:00,0.2386,0.245,0.2383,0.2418,885849.0
2026-02-17 12:00:00,0.2418,0.2443,0.2417,0.2422,168717.0
2026-02-17 13:00:00,0.2423,0.243,0.2409,0.2412,256871.0
2026-02-17 14:00:00,0.2413,0.2418,0.229,0.2342,1860363.0
2026-02-17 15:00:00,0.2342,0.2362,0.2329,0.2346,608428.0
2026-02-17 16:00:00,0.2346,0.2359,0.231,0.2319,483026.0
2026-02-17 17:00:00,0.2318,0.2334,0.2294,0.2295,1381722.0
2026-02-17 18:00:00,0.2295,0.2338,0.2294,0.2311,1172196.0
2026-02-17 19:00:00,0.2311,0.2326,0.2288,0.231,1615205.0
2026-02-17 20:00:00,0.2311,0.2336,0.2307,0.2325,349791.0
2026-02-17 21:00:00,0.2325,0.2352,0.2308,0.2319,1138372.0
2026-02-17 22:00:00,0.2319,0.2326,0.23,0.2302,248667.0
2026-02-17 23:00:00,0.2303,0.2317,0.2297,0.2303,225165.0
2026-02-18 00:00:00,0.2303,0.2318,0.2293,0.2294,217505.0
2026-02-18 01:00:00,0.2295,0.2299,0.226,0.2272,485126.0
2026-02-18 02:00:00,0.2272,0.2313,0.2271,0.2303,304717.0
2026-02-18 03:00:00,0.2303,0.2316,0.23,0.2311,150810.0
2026-02-18 04:00:00,0.2312,0.2336,0.2311,0.2324,257861.0
2026-02-18 05:00:00,0.2325,0.2359,0.2325,0.2333,901744.0
2026-02-18 06:00:00,0.233,0.2347,0.2321,0.2335,968987.0
2026-02-18 07:00:00,0.2336,0.2358,0.2334,0.2342,250742.0
2026-02-18 08:00:00,0.2343,0.2376,0.234,0.235,339165.0
2026-02-18 09:00:00,0.235,0.2359,0.234,0.2341,182751.0
2026-02-18 10:00:00,0.2342,0.2347,0.2324,0.2333,261429.0
2026-02-18 11:00:00,0.2334,0.2351,0.2323,0.2338,274215.0
2026-02-18 12:00:00,0.2338,0.2341,0.2325,0.2325,126324.0
2026-02-18 13:00:00,0.2325,0.2326,0.2262,0.227,960983.0
2026-02-18 14:00:00,0.227,0.2279,0.2254,0.2271,507363.0
2026-02-18 15:00:00,0.2271,0.2282,0.2226,0.2244,664458.0
2026-02-18 16:00:00,0.2245,0.2245,0.2185,0.2187,977369.0
2026-02-18 17:00:00,0.2188,0.2199,0.218,0.2183,265811.0
2026-02-18 18:00:00,0.2183,0.2194,0.2181,0.2189,256761.0
2026-02-18 19:00:00,0.219,0.2191,0.2162,0.2167,670656.0
2026-02-18 20:00:00,0.2168,0.217,0.2086,0.2097,1015851.0
2026-02-18 21:00:00,0.2096,0.2108,0.2081,0.2098,508838.0
2026-02-18 22:00:00,0.2098,0.2099,0.2071,0.2072,536890.0
2026-02-18 23:00:00,0.2073,0.208,0.206,0.2069,301347.0
2026-02-19 00:00:00,0.207,0.2117,0.2069,0.2115,566967.0
2026-02-19 01:00:00,0.2115,0.2162,0.2113,0.2125,671808.0
2026-02-19 02:00:00,0.2127,0.216,0.2126,0.2158,204060.0
2026-02-19 03:00:00,0.2158,0.2159,0.2131,0.2144,232433.0
2026-02-19 04:00:00,0.2146,0.2174,0.2122,0.2174,1182360.0
2026-02-19 05:00:00,0.2175,0.2286,0.2172,0.2282,988514.0
2026-02-19 06:00:00,0.2284,0.2391,0.2245,0.2271,2881031.0
2026-02-19 07:00:00,0.2269,0.2344,0.2255,0.2303,881093.0
2026-02-19 08:00:00,0.2302,0.2366,0.2288,0.2342,742133.0
2026-02-19 09:00:00,0.2344,0.2389,0.231,0.2316,1135931.0
2026-02-19 10:00:00,0.2315,0.2318,0.2233,0.2272,1302579.0
2026-02-19 11:00:00,0.2272,0.2309,0.2249,0.2277,1103501.0
2026-02-19 12:00:00,0.2278,0.235,0.2262,0.2323,946219.0
2026-02-19 13:00:00,0.2323,0.2349,0.2308,0.2343,525160.0
2026-02-19 14:00:00,0.2341,0.2358,0.2318,0.2345,639719.0
2026-02-19 15:00:00,0.2345,0.2367,0.2289,0.2348,1163579.0
2026-02-19 16:00:00,0.235,0.2414,0.234,0.2386,1601098.0
2026-02-19 17:00:00,0.2386,0.2386,0.2316,0.236,915370.0
2026-02-19 18:00:00,0.2361,0.2388,0.233,0.2371,651117.0
2026-02-19 19:00:00,0.2368,0.2391,0.2353,0.2387,437542.0
2026-02-19 20:00:00,0.2388,0.2436,0.2381,0.2394,1006599.0
2026-02-19 21:00:00,0.2395,0.2436,0.2392,0.241,1122051.0
2026-02-19 22:00:00,0.241,0.2428,0.2386,0.2406,1292576.0
2026-02-19 23:00:00,0.2403,0.2408,0.237,0.24,1206805.0
2026-02-20 00:00:00,0.2399,0.2414,0.2371,0.2385,971122.0
2026-02-20 01:00:00,0.2385,0.2425,0.238,0.2418,593303.0
2026-02-20 02:00:00,0.2419,0.2419,0.2379,0.2396,545407.0
2026-02-20 03:00:00,0.2396,0.2406,0.2335,0.2394,1520198.0
2026-02-20 04:00:00,0.2394,0.2395,0.2356,0.2366,590457.0
2026-02-20 05:00:00,0.237,0.2382,0.2346,0.2359,3399649.0
2026-02-20 06:00:00,0.236,0.2374,0.2349,0.236,391651.0
2026-02-20 07:00:00,0.236,0.2413,0.2352,0.2398,736418.0
2026-02-20 08:00:00,0.2398,0.2442,0.2376,0.2393,1042032.0
2026-02-20 09:00:00,0.2395,0.241,0.2369,0.2384,399124.0
2026-02-20 10:00:00,0.2384,0.2396,0.2365,0.2374,380688.0
2026-02-20 11:00:00,0.2374,0.2406,0.2367,0.2401,442007.0
2026-02-20 12:00:00,0.2402,0.2432,0.2388,0.2403,636031.0
2026-02-20 13:00:00,0.2402,0.2426,0.2398,0.2409,640660.0
2026-02-20 14:00:00,0.2409,0.243,0.2406,0.2417,428334.0
2026-02-20 15:00:00,0.2417,0.2428,0.2397,0.2403,1071004.0
2026-02-20 16:00:00,0.2401,0.2407,0.2376,0.2389,527145.0
2026-02-20 17:00:00,0.2391,0.24,0.2373,0.2389,289800.0
2026-02-20 18:00:00,0.2389,0.2395,0.2373,0.2392,185740.0
2026-02-20 19:00:00,0.2392,0.24,0.2382,0.2393,133725.0
2026-02-20 20:00:00,0.2392,0.2443,0.2388,0.2401,887315.0
2026-02-20 21:00:00,0.2401,0.2445,0.24,0.2427,489080.0
2026-02-20 22:00:00,0.2427,0.2483,0.2411,0.2423,513079.0
2026-02-20 23:00:00,0.2422,0.2427,0.2403,0.2416,179770.0
2026-02-21 00:00:00,0.2414,0.2455,0.2407,0.2414,357693.0
2026-02-21 01:00:00,0.2414,0.2436,0.2414,0.2432,118507.0
2026-02-21 02:00:00,0.2432,0.2468,0.2428,0.246,313624.0
2026-02-21 03:00:00,0.2457,0.2485,0.2447,0.2478,475494.0
2026-02-21 04:00:00,0.2477,0.2482,0.2439,0.2449,1449385.0
2026-02-21 05:00:00,0.2449,0.2471,0.2428,0.2445,2419696.0
2026-02-21 06:00:00,0.2443,0.245,0.2439,0.2446,181595.0
2026-02-21 07:00:00,0.2446,0.2472,0.2446,0.2463,149171.0
2026-02-21 08:00:00,0.2465,0.2473,0.2455,0.2463,218725.0
2026-02-21 09:00:00,0.2462,0.2488,0.2456,0.2483,421337.0
2026-02-21 10:00:00,0.2485,0.249,0.2465,0.2474,310661.0
2026-02-21 11:00:00,0.2473,0.2477,0.2433,0.245,674953.0
2026-02-21 12:00:00,0.2449,0.245,0.2417,0.2434,374449.0
2026-02-21 13:00:00,0.2435,0.2447,0.2429,0.2435,208300.0
2026-02-21 14:00:00,0.2434,0.2455,0.2423,0.2445,320205.0
2026-02-21 15:00:00,0.2446,0.2456,0.2429,0.243,1100325.0
2026-02-21 16:00:00,0.2431,0.2449,0.2423,0.244,258845.0
2026-02-21 17:00:00,0.244,0.2445,0.2421,0.2438,565177.0
2026-02-21 18:00:00,0.2439,0.2446,0.2434,0.2438,113521.0
2026-02-21 19:00:00,0.2438,0.2442,0.2421,0.2422,126984.0
2026-02-21 20:00:00,0.2421,0.2434,0.2419,0.2421,88487.0
2026-02-21 21:00:00,0.2421,0.2432,0.2404,0.2407,252572.0
2026-02-21 22:00:00,0.2407,0.2415,0.2375,0.2398,376642.0
2026-02-21 23:00:00,0.2398,0.2412,0.2391,0.2399,149603.0
2026-02-22 00:00:00,0.2399,0.2446,0.2392,0.2445,381743.0
2026-02-22 01:00:00,0.2446,0.2471,0.2431,0.2437,437058.0
2026-02-22 02:00:00,0.2437,0.2444,0.2427,0.2431,189878.0
2026-02-22 03:00:00,0.2431,0.245,0.2427,0.2443,207687.0
2026-02-22 04:00:00,0.2441,0.2449,0.2427,0.2436,254052.0
2026-02-22 05:00:00,0.2438,0.2444,0.2421,0.244,168369.0
2026-02-22 06:00:00,0.2439,0.2458,0.2436,0.2443,169103.0
2026-02-22 07:00:00,0.2444,0.2464,0.2434,0.2464,153005.0
2026-02-22 08:00:00,0.2464,0.2503,0.2445,0.2488,713966.0
2026-02-22 09:00:00,0.2488,0.2512,0.2483,0.2493,545390.0
2026-02-22 10:00:00,0.2492,0.2509,0.2467,0.2493,417982.0
2026-02-22 11:00:00,0.2493,0.2496,0.2475,0.2491,208065.0
2026-02-22 12:00:00,0.2491,0.25,0.2457,0.2468,340872.0
2026-02-22 13:00:00,0.2466,0.248,0.2436,0.2473,479436.0
2026-02-22 14:00:00,0.2473,0.2486,0.244,0.245,612453.0
2026-02-22 15:00:00,0.2449,0.245,0.2411,0.2429,502416.0
2026-02-22 16:00:00,0.243,0.245,0.2408,0.2433,397652.0
2026-02-22 17:00:00,0.2435,0.2454,0.2412,0.242,333521.0
2026-02-22 18:00:00,0.242,0.2436,0.2403,0.2428,484843.0
2026-02-22 19:00:00,0.2429,0.2429,0.2403,0.2406,179830.0
2026-02-22 20:00:00,0.2406,0.2419,0.2394,0.2405,211327.0
2026-02-22 21:00:00,0.2405,0.2418,0.2397,0.2402,174962.0
2026-02-22 22:00:00,0.2404,0.2426,0.2395,0.2415,138724.0
2026-02-22 23:00:00,0.2414,0.2443,0.2413,0.2424,193824.0
2026-02-23 00:00:00,0.2424,0.2447,0.2417,0.2429,457942.0
2026-02-23 01:00:00,0.2428,0.246,0.2411,0.2436,830508.0
2026-02-23 02:00:00,0.2437,0.2466,0.2372,0.2397,936169.0
2026-02-23 03:00:00,0.2397,0.2433,0.2385,0.2388,437386.0
2026-02-23 04:00:00,0.2389,0.2405,0.2323,0.2363,1271187.0
2026-02-23 05:00:00,0.2363,0.2378,0.2331,0.2369,4182646.0
2026-02-23 06:00:00,0.2369,0.2377,0.235,0.2352,871870.0
2026-02-23 07:00:00,0.2352,0.2361,0.2335,0.234,257517.0
2026-02-23 08:00:00,0.2341,0.2355,0.2339,0.234,200462.0
2026-02-23 09:00:00,0.234,0.2348,0.2287,0.2295,389565.0
2026-02-23 10:00:00,0.2295,0.2312,0.2286,0.2294,359133.0
2026-02-23 11:00:00,0.2295,0.23,0.2265,0.2291,561711.0
2026-02-23 12:00:00,0.2292,0.2331,0.2286,0.2306,1419523.0
2026-02-23 13:00:00,0.2307,0.2309,0.2224,0.2249,1210749.0
2026-02-23 14:00:00,0.2248,0.2268,0.2236,0.2258,463537.0
2026-02-23 15:00:00,0.2259,0.2273,0.2249,0.2251,321784.0
2026-02-23 16:00:00,0.2251,0.2255,0.2222,0.2225,339342.0
2026-02-23 17:00:00,0.2225,0.2296,0.2218,0.2273,568572.0
2026-02-23 18:00:00,0.2275,0.2275,0.2247,0.2249,163978.0
2026-02-23 19:00:00,0.225,0.228,0.2243,0.228,329468.0
2026-02-23 20:00:00,0.2279,0.2284,0.2222,0.2242,262223.0
2026-02-23 21:00:00,0.2239,0.2259,0.2239,0.2254,165421.0
2026-02-23 22:00:00,0.2254,0.2286,0.2251,0.2273,178868.0
2026-02-23 23:00:00,0.2273,0.2334,0.2271,0.2328,355354.0
2026-02-24 00:00:00,0.2327,0.2359,0.2316,0.2338,387248.0
2026-02-24 01:00:00,0.2339,0.234,0.2298,0.2301,403280.0
2026-02-24 02:00:00,0.23,0.2312,0.229,0.2301,161613.0
2026-02-24 03:00:00,0.2302,0.2302,0.225,0.2258,270631.0
2026-02-24 04:00:00,0.2258,0.228,0.2256,0.2275,218202.0
2026-02-24 05:00:00,0.2273,0.2285,0.225,0.2259,797511.0
2026-02-24 06:00:00,0.2257,0.2402,0.2253,0.2377,877189.0
2026-02-24 07:00:00,0.2377,0.2419,0.2375,0.2402,647899.0
2026-02-24 08:00:00,0.2402,0.243,0.239,0.2417,715255.0
2026-02-24 09:00:00,0.2419,0.244,0.2401,0.2433,630002.0
2026-02-24 10:00:00,0.2434,0.2434,0.2399,0.243,464708.0
2026-02-24 11:00:00,0.2431,0.2482,0.243,0.2454,1636621.0
2026-02-24 12:00:00,0.2453,0.2469,0.2438,0.2442,682016.0
2026-02-24 13:00:00,0.2443,0.2449,0.2401,0.2439,770540.0
2026-02-24 14:00:00,0.2441,0.245,0.2388,0.2431,860519.0
2026-02-24 15:00:00,0.243,0.2458,0.242,0.245,871394.0
2026-02-24 16:00:00,0.2451,0.2458,0.2372,0.2431,1056421.0
2026-02-24 17:00:00,0.2433,0.2451,0.2399,0.2416,503704.0
2026-02-24 18:00:00,0.2415,0.2434,0.2402,0.2428,310736.0
2026-02-24 19:00:00,0.2428,0.2439,0.2416,0.2431,208993.0
2026-02-24 20:00:00,0.2433,0.2446,0.242,0.244,197535.0
2026-02-24 21:00:00,0.2442,0.2444,0.2404,0.241,275486.0
2026-02-24 22:00:00,0.2408,0.2432,0.2385,0.2403,597122.0
2026-02-24 23:00:00,0.2406,0.2421,0.239,0.2411,297419.0
2026-02-25 00:00:00,0.2412,0.2435,0.2412,0.242,264732.0
2026-02-25 01:00:00,0.2421,0.245,0.242,0.2438,348647.0
2026-02-25 02:00:00,0.2438,0.245,0.2419,0.2442,317518.0
2026-02-25 03:00:00,0.2442,0.2453,0.2426,0.2444,426208.0
2026-02-25 04:00:00,0.2444,0.2457,0.243,0.2445,310355.0
2026-02-25 05:00:00,0.2446,0.2459,0.2405,0.2434,1083543.0
2026-02-25 06:00:00,0.2435,0.2465,0.2429,0.2451,462873.0
2026-02-25 07:00:00,0.245,0.2471,0.244,0.2462,519051.0
2026-02-25 08:00:00,0.2461,0.2494,0.2456,0.2472,753974.0
2026-02-25 09:00:00,0.2471,0.2479,0.2453,0.2466,303992.0
2026-02-25 10:00:00,0.2465,0.2468,0.2428,0.2433,354006.0
2026-02-25 11:00:00,0.2432,0.2449,0.2422,0.2445,233245.0
2026-02-25 12:00:00,0.2445,0.2451,0.2412,0.242,233182.0
2026-02-25 13:00:00,0.2422,0.243,0.2408,0.2411,354669.0
2026-02-25 14:00:00,0.241,0.2437,0.2379,0.2435,1044130.0
2026-02-25 15:00:00,0.2433,0.2452,0.2414,0.2447,534838.0
2026-02-25 16:00:00,0.2448,0.2474,0.2436,0.2471,584356.0
2026-02-25 17:00:00,0.2473,0.2473,0.2442,0.2447,405059.0
2026-02-25 18:00:00,0.2447,0.245,0.2423,0.2435,210053.0
2026-02-25 19:00:00,0.2435,0.2435,0.2394,0.2414,556365.0
2026-02-25 20:00:00,0.2414,0.2416,0.239,0.239,169023.0
2026-02-25 21:00:00,0.2391,0.2397,0.2347,0.2356,864046.0
2026-02-25 22:00:00,0.2357,0.2361,0.2309,0.2343,332552.0
2026-02-25 23:00:00,0.2347,0.2361,0.2303,0.2316,436909.0
2026-02-26 00:00:00,0.2315,0.2321,0.2275,0.2275,1023805.0
2026-02-26 01:00:00,0.2275,0.2288,0.2248,0.2255,452681.0
2026-02-26 02:00:00,0.2255,0.23,0.2243,0.2282,449247.0
2026-02-26 03:00:00,0.2282,0.2313,0.2263,0.2295,379777.0
2026-02-26 04:00:00,0.2295,0.2388,0.228,0.2386,730914.0
2026-02-26 05:00:00,0.2384,0.245,0.2334,0.2415,3428413.0
2026-02-26 06:00:00,0.2415,0.2456,0.2405,0.243,617542.0
2026-02-26 07:00:00,0.2429,0.2498,0.2409,0.248,870066.0
2026-02-26 08:00:00,0.248,0.2673,0.2454,0.2629,2860165.0
2026-02-26 09:00:00,0.2629,0.318,0.2616,0.2981,21727449.0
2026-02-26 10:00:00,0.2981,0.3067,0.2802,0.3004,7894950.0
2026-02-26 11:00:00,0.3004,0.3065,0.284,0.3029,6676595.0
2026-02-26 12:00:00,0.3029,0.328,0.2932,0.3084,18301273.0
2026-02-26 13:00:00,0.3085,0.328,0.305,0.3187,15835745.0
2026-02-26 14:00:00,0.3189,0.3227,0.2058,0.2477,72345414.0
2026-02-26 15:00:00,0.2478,0.2598,0.2275,0.2345,18017638.0
2026-02-26 16:00:00,0.2346,0.255,0.2309,0.2485,11520012.0
2026-02-26 17:00:00,0.2486,0.2513,0.2443,0.2476,4056494.0
2026-02-26 18:00:00,0.2476,0.2544,0.2364,0.2466,5981531.0
2026-02-26 19:00:00,0.2467,0.2489,0.2415,0.2434,1578891.0
2026-02-26 20:00:00,0.2436,0.2505,0.2434,0.2489,1378584.0
2026-02-26 21:00:00,0.249,0.2511,0.2468,0.2487,939755.0
2026-02-26 22:00:00,0.2489,0.2493,0.2439,0.2472,899917.0
2026-02-26 23:00:00,0.2472,0.2511,0.245,0.2491,956801.0
2026-02-27 00:00:00,0.2491,0.251,0.2466,0.2498,1180078.0
2026-02-27 01:00:00,0.2498,0.2508,0.2374,0.2397,2909634.0
2026-02-27 02:00:00,0.2397,0.2467,0.2396,0.2437,1174232.0
2026-02-27 03:00:00,0.2437,0.2492,0.2421,0.2472,1339457.0
2026-02-27 04:00:00,0.2472,0.248,0.2417,0.2445,1333243.0
2026-02-27 05:00:00,0.2446,0.2526,0.2434,0.2496,1717090.0
2026-02-27 06:00:00,0.2496,0.2526,0.2443,0.2451,1297197.0
2026-02-27 07:00:00,0.245,0.25,0.2441,0.2476,769305.0
2026-02-27 08:00:00,0.2476,0.2597,0.2473,0.2475,5131391.0
2026-02-27 09:00:00,0.2475,0.2478,0.2153,0.2285,7257456.0
2026-02-27 10:00:00,0.2284,0.2293,0.2212,0.2253,3843371.0
2026-02-27 11:00:00,0.2253,0.2294,0.2174,0.225,2970154.0
2026-02-27 12:00:00,0.2251,0.2273,0.2196,0.2227,2880036.0
2026-02-27 13:00:00,0.2227,0.2238,0.2201,0.222,1509224.0
2026-02-27 14:00:00,0.222,0.2242,0.219,0.2213,1451625.0
2026-02-27 15:00:00,0.2213,0.2222,0.208,0.21,3140343.0
2026-02-27 16:00:00,0.21,0.2107,0.182,0.1879,16171982.0
2026-02-27 17:00:00,0.1879,0.191,0.1821,0.1848,6717942.0
2026-02-27 18:00:00,0.1849,0.1881,0.1831,0.1866,2748165.0
2026-02-27 19:00:00,0.1864,0.1914,0.181,0.1846,3612003.0
2026-02-27 20:00:00,0.1848,0.1882,0.1839,0.1868,1210482.0
2026-02-27 21:00:00,0.1871,0.1937,0.1851,0.1894,1983194.0
2026-02-27 22:00:00,0.1894,0.1896,0.1771,0.1821,3110573.0
2026-02-27 23:00:00,0.1821,0.1881,0.181,0.1855,2668882.0
2026-02-28 00:00:00,0.1856,0.1874,0.1844,0.1871,1387079.0
2026-02-28 01:00:00,0.1872,0.1872,0.1817,0.1833,1655966.0
2026-02-28 02:00:00,0.1832,0.1852,0.1822,0.1842,876661.0
2026-02-28 03:00:00,0.1842,0.1847,0.1787,0.1811,2657929.0
2026-02-28 04:00:00,0.1811,0.1818,0.1771,0.1776,2864210.0
2026-02-28 05:00:00,0.1776,0.1834,0.1739,0.1778,5280219.0
2026-02-28 06:00:00,0.1779,0.1785,0.1655,0.1669,7913049.0
2026-02-28 07:00:00,0.1669,0.1693,0.164,0.1658,7438374.0
2026-02-28 08:00:00,0.1658,0.1699,0.1631,0.167,5271209.0
2026-02-28 09:00:00,0.167,0.1729,0.1652,0.1689,5729283.0
2026-02-28 10:00:00,0.169,0.1704,0.1667,0.1671,3048141.0
2026-02-28 11:00:00,0.1673,0.1711,0.1657,0.1698,3466088.0
2026-02-28 12:00:00,0.1697,0.1709,0.1667,0.1679,2799972.0
2026-02-28 13:00:00,0.1678,0.1701,0.1638,0.1679,5773540.0
2026-02-28 14:00:00,0.1677,0.1699,0.1663,0.167,2586941.0
2026-02-28 15:00:00,0.1671,0.175,0.1655,0.1712,3711635.0
2026-02-28 16:00:00,0.1712,0.1749,0.17,0.1705,3119141.0
2026-02-28 17:00:00,0.1706,0.1711,0.1692,0.1708,925505.0
2026-02-28 18:00:00,0.1708,0.1738,0.1699,0.1717,1501168.0
2026-02-28 19:00:00,0.1719,0.172,0.1692,0.1699,837444.0
2026-02-28 20:00:00,0.1699,0.1736,0.1696,0.1721,1497203.0
2026-02-28 21:00:00,0.172,0.1721,0.1691,0.1705,993686.0
2026-02-28 22:00:00,0.1707,0.1729,0.17,0.1708,743933.0
2026-02-28 23:00:00,0.1706,0.1711,0.1678,0.1684,980854.0
2026-03-01 00:00:00,0.1683,0.1704,0.1679,0.1692,866278.0
2026-03-01 01:00:00,0.169,0.1692,0.1641,0.1674,1703077.0
2026-03-01 02:00:00,0.1675,0.1744,0.1672,0.1716,1847590.0
2026-03-01 03:00:00,0.1716,0.1719,0.1666,0.1668,1339424.0
2026-03-01 04:00:00,0.1668,0.1691,0.1655,0.1687,964798.0
2026-03-01 05:00:00,0.1688,0.1694,0.1666,0.1672,508776.0
2026-03-01 06:00:00,0.1672,0.168,0.165,0.1652,891179.0
2026-03-01 07:00:00,0.1654,0.1675,0.1652,0.1671,723156.0
2026-03-01 08:00:00,0.1671,0.1688,0.1651,0.1671,1682593.0
2026-03-01 09:00:00,0.1671,0.1672,0.1645,0.1668,839363.0
2026-03-01 10:00:00,0.1668,0.167,0.1562,0.1626,7103742.0
2026-03-01 11:00:00,0.1626,0.164,0.1618,0.1638,659111.0
2026-03-01 12:00:00,0.1638,0.1869,0.1635,0.1844,8845057.0
2026-03-01 13:00:00,0.1845,0.1927,0.18,0.1915,9930603.0
2026-03-01 14:00:00,0.1915,0.1931,0.1853,0.1904,5159992.0
2026-03-01 15:00:00,0.1904,0.1966,0.1868,0.1951,5404591.0
2026-03-01 16:00:00,0.1951,0.1979,0.193,0.1962,4455439.0
2026-03-01 17:00:00,0.1963,0.1968,0.1904,0.1933,3551240.0
2026-03-01 18:00:00,0.1933,0.1954,0.1888,0.1942,2210616.0
2026-03-01 19:00:00,0.194,0.1953,0.1893,0.1902,1821539.0
2026-03-01 20:00:00,0.1902,0.1938,0.1876,0.1896,2047898.0
2026-03-01 21:00:00,0.1896,0.1938,0.1884,0.192,2003829.0
2026-03-01 22:00:00,0.192,0.1946,0.1911,0.1923,1193539.0
2026-03-01 23:00:00,0.1923,0.1996,0.1921,0.1946,3639381.0
2026-03-02 00:00:00,0.1945,0.2037,0.1926,0.2024,3392092.0
2026-03-02 01:00:00,0.2026,0.2033,0.1951,0.1955,4019218.0
2026-03-02 02:00:00,0.1957,0.2007,0.1919,0.1959,3744980.0
2026-03-02 03:00:00,0.196,0.2018,0.195,0.1984,3615591.0
2026-03-02 04:00:00,0.1986,0.2004,0.1954,0.2001,2551766.0
2026-03-02 05:00:00,0.2,0.206,0.1979,0.2014,6893121.0
2026-03-02 06:00:00,0.2014,0.2055,0.1969,0.2004,4060511.0
2026-03-02 07:00:00,0.2002,0.2023,0.1967,0.1994,3440361.0
2026-03-02 08:00:00,0.1994,0.2069,0.1952,0.2032,5755001.0
2026-03-02 09:00:00,0.2032,0.2099,0.2024,0.2065,6544443.0
2026-03-02 10:00:00,0.2065,0.2082,0.203,0.2057,3719668.0
2026-03-02 11:00:00,0.2056,0.21,0.2036,0.2062,4407731.0
2026-03-02 12:00:00,0.2062,0.2094,0.2023,0.2036,3958349.0
2026-03-02 13:00:00,0.2035,0.2069,0.1932,0.2004,4890375.0
2026-03-02 14:00:00,0.2004,0.2026,0.1961,0.2008,2535394.0
2026-03-02 15:00:00,0.2008,0.2057,0.2008,0.203,1831722.0
2026-03-02 16:00:00,0.203,0.2043,0.2009,0.2012,1132353.0
2026-03-02 17:00:00,0.2012,0.2016,0.1966,0.199,1354548.0
2026-03-02 18:00:00,0.1989,0.1991,0.1962,0.1966,709779.0
2026-03-02 19:00:00,0.1966,0.1972,0.1934,0.1939,894575.0
2026-03-02 20:00:00,0.194,0.1969,0.1933,0.1956,761223.0
2026-03-02 21:00:00,0.1956,0.196,0.1945,0.1954,401156.0
2026-03-02 22:00:00,0.1954,0.1979,0.1954,0.1975,314949.0
2026-03-02 23:00:00,0.1975,0.203,0.197,0.2009,1348312.0
2026-03-03 00:00:00,0.2009,0.2028,0.1996,0.2017,728309.0
2026-03-03 01:00:00,0.2017,0.2018,0.1982,0.1995,484831.0
2026-03-03 02:00:00,0.1994,0.2062,0.1985,0.2054,1025989.0
2026-03-03 03:00:00,0.2056,0.2106,0.2054,0.2073,1467071.0
2026-03-03 04:00:00,0.2072,0.2123,0.2065,0.2089,1249422.0
2026-03-03 05:00:00,0.2089,0.2108,0.2031,0.2037,1262061.0
2026-03-03 06:00:00,0.2037,0.2067,0.2008,0.2061,773225.0
2026-03-03 07:00:00,0.2061,0.2098,0.2059,0.2077,688902.0
2026-03-03 08:00:00,0.2078,0.2091,0.1987,0.2002,1664790.0
2026-03-03 09:00:00,0.2002,0.2007,0.1965,0.1985,862165.0
2026-03-03 10:00:00,0.1984,0.2018,0.1975,0.2011,590315.0
2026-03-03 11:00:00,0.201,0.2058,0.2007,0.204,1121525.0
2026-03-03 12:00:00,0.2041,0.2152,0.203,0.214,3525234.0
2026-03-03 13:00:00,0.2142,0.2145,0.2091,0.2096,1112537.0
2026-03-03 14:00:00,0.2096,0.2108,0.2036,0.208,1258517.0
2026-03-03 15:00:00,0.2081,0.2132,0.2076,0.2122,840833.0
2026-03-03 16:00:00,0.2123,0.2144,0.2098,0.2127,651943.0
2026-03-03 17:00:00,0.2127,0.2139,0.2112,0.2123,432403.0
2026-03-03 18:00:00,0.212,0.2124,0.2092,0.2095,502486.0
2026-03-03 19:00:00,0.2094,0.2098,0.2075,0.2079,416587.0
2026-03-03 20:00:00,0.208,0.2101,0.2074,0.208,453838.0
2026-03-03 21:00:00,0.2078,0.2095,0.2069,0.2091,258030.0
2026-03-03 22:00:00,0.2092,0.215,0.2091,0.2138,582986.0
2026-03-03 23:00:00,0.2137,0.2157,0.2088,0.2094,1133771.0
2026-03-04 00:00:00,0.2093,0.2102,0.2051,0.2089,1031823.0
2026-03-04 01:00:00,0.2088,0.2111,0.2088,0.2101,399430.0
2026-03-04 02:00:00,0.2101,0.2103,0.2075,0.209,313619.0
2026-03-04 03:00:00,0.209,0.2095,0.2063,0.2081,510200.0
2026-03-04 04:00:00,0.2079,0.2092,0.2075,0.2077,348127.0
2026-03-04 05:00:00,0.2078,0.2078,0.2036,0.2063,986150.0
2026-03-04 06:00:00,0.2063,0.2073,0.2056,0.2061,302658.0
2026-03-04 07:00:00,0.2061,0.2081,0.2058,0.2075,240006.0
2026-03-04 08:00:00,0.2075,0.2088,0.206,0.2075,593425.0
2026-03-04 09:00:00,0.2076,0.2091,0.2068,0.208,631076.0
2026-03-04 10:00:00,0.208,0.208,0.2053,0.207,422209.0
2026-03-04 11:00:00,0.2072,0.2073,0.2044,0.2056,478477.0
2026-03-04 12:00:00,0.2055,0.2058,0.2041,0.2055,287541.0
2026-03-04 13:00:00,0.2055,0.2065,0.2045,0.2045,220587.0
2026-03-04 14:00:00,0.2045,0.2048,0.2014,0.2025,647322.0
2026-03-04 15:00:00,0.2024,0.2084,0.2012,0.2083,1541674.0
2026-03-04 16:00:00,0.2083,0.2088,0.2058,0.2059,560750.0
2026-03-04 17:00:00,0.206,0.2064,0.2045,0.2051,391382.0
2026-03-04 18:00:00,0.2051,0.2056,0.2042,0.2051,254367.0
2026-03-04 19:00:00,0.2053,0.2054,0.2021,0.2031,582557.0
2026-03-04 20:00:00,0.2031,0.2033,0.2,0.2006,533439.0
2026-03-04 21:00:00,0.2006,0.2009,0.1992,0.2005,329166.0
2026-03-04 22:00:00,0.2007,0.204,0.1994,0.2022,1003920.0
2026-03-04 23:00:00,0.202,0.2031,0.1996,0.2029,381290.0
2026-03-05 00:00:00,0.2029,0.2054,0.2017,0.202,503528.0
2026-03-05 01:00:00,0.202,0.2031,0.2005,0.2011,196364.0
2026-03-05 02:00:00,0.2011,0.2024,0.2003,0.2012,130408.0
2026-03-05 03:00:00,0.2012,0.2042,0.2009,0.2021,351192.0
2026-03-05 04:00:00,0.2021,0.2039,0.2019,0.2035,124085.0
2026-03-05 05:00:00,0.2036,0.2039,0.201,0.2027,346206.0
2026-03-05 06:00:00,0.2026,0.2044,0.2014,0.2042,315616.0
2026-03-05 07:00:00,0.2042,0.205,0.2026,0.2036,270324.0
2026-03-05 08:00:00,0.2036,0.2096,0.2015,0.2079,1436266.0
2026-03-05 09:00:00,0.2078,0.2113,0.2066,0.2101,477061.0
2026-03-05 10:00:00,0.2101,0.2198,0.2097,0.2153,1225268.0
2026-03-05 11:00:00,0.2153,0.2191,0.2145,0.2184,663939.0
2026-03-05 12:00:00,0.2186,0.2188,0.2142,0.2169,610725.0
2026-03-05 13:00:00,0.217,0.222,0.2165,0.2169,1397400.0
2026-03-05 14:00:00,0.2169,0.2172,0.2116,0.213,887369.0
2026-03-05 15:00:00,0.2129,0.2155,0.2123,0.2146,499211.0
2026-03-05 16:00:00,0.2146,0.218,0.2135,0.2164,527491.0
2026-03-05 17:00:00,0.2164,0.2185,0.2135,0.2146,591350.0
2026-03-05 18:00:00,0.2146,0.2182,0.2146,0.2182,219849.0
2026-03-05 19:00:00,0.2182,0.2214,0.2161,0.2193,890301.0
2026-03-05 20:00:00,0.2191,0.2204,0.2173,0.2192,314401.0
2026-03-05 21:00:00,0.2192,0.2203,0.2167,0.218,358268.0
2026-03-05 22:00:00,0.2181,0.2205,0.2175,0.2185,401797.0
2026-03-05 23:00:00,0.2183,0.2195,0.2171,0.2189,325908.0
2026-03-06 00:00:00,0.2189,0.2211,0.2178,0.2199,378213.0
2026-03-06 01:00:00,0.22,0.2204,0.2182,0.2186,259778.0
2026-03-06 02:00:00,0.2186,0.2199,0.2171,0.2181,291665.0
2026-03-06 03:00:00,0.2179,0.2453,0.2179,0.2391,8039862.0
2026-03-06 04:00:00,0.2391,0.2428,0.2264,0.2286,5899571.0
2026-03-06 05:00:00,0.2286,0.2434,0.2284,0.2423,2632451.0
2026-03-06 06:00:00,0.2424,0.2455,0.2336,0.2356,3018745.0
2026-03-06 07:00:00,0.2356,0.3,0.2237,0.289,31963479.0
2026-03-06 08:00:00,0.289,0.3063,0.28,0.2945,31680853.0
2026-03-06 09:00:00,0.2943,0.3025,0.2896,0.3002,19215141.0
2026-03-06 10:00:00,0.3002,0.3082,0.2941,0.298,19693395.0
2026-03-06 11:00:00,0.298,0.3138,0.2952,0.2987,23506073.0
2026-03-06 12:00:00,0.2989,0.3151,0.2876,0.3096,27680487.0
2026-03-06 13:00:00,0.3094,0.3275,0.2994,0.3178,38497403.0
2026-03-06 14:00:00,0.3178,0.3208,0.3081,0.3182,25961436.0
2026-03-06 15:00:00,0.3182,0.329,0.3123,0.3157,31354224.0
2026-03-06 16:00:00,0.3156,0.3262,0.3125,0.3218,34073451.0
2026-03-06 17:00:00,0.3218,0.3254,0.3167,0.3194,21374832.0
2026-03-06 18:00:00,0.3195,0.3229,0.313,0.3191,20125845.0
2026-03-06 19:00:00,0.3192,0.3777,0.3175,0.3485,53829033.0
2026-03-06 20:00:00,0.3487,0.3545,0.3382,0.351,37228788.0
2026-03-06 21:00:00,0.3511,0.3597,0.3445,0.3499,26464127.0
2026-03-06 22:00:00,0.35,0.3715,0.3443,0.3493,23468160.0
2026-03-06 23:00:00,0.3495,0.3568,0.3331,0.3542,40584556.0
2026-03-07 00:00:00,0.3542,0.3542,0.3448,0.3474,23920145.0
2026-03-07 01:00:00,0.3474,0.3549,0.3377,0.3488,28467718.0
2026-03-07 02:00:00,0.3488,0.3524,0.3408,0.345,23567333.0
2026-03-07 03:00:00,0.3449,0.3466,0.3231,0.3298,42129172.0
2026-03-07 04:00:00,0.3299,0.3725,0.3276,0.3507,55963769.0
2026-03-07 05:00:00,0.3508,0.3547,0.3436,0.3524,21270318.0
2026-03-07 06:00:00,0.3523,0.3678,0.3468,0.3468,22045202.0
2026-03-07 07:00:00,0.3469,0.3488,0.3358,0.3458,25390221.0
2026-03-07 08:00:00,0.3457,0.358,0.3422,0.3495,22028894.0
2026-03-07 09:00:00,0.3496,0.3526,0.3462,0.3496,10912334.0
2026-03-07 10:00:00,0.3497,0.361,0.3464,0.3548,18654399.0
2026-03-07 11:00:00,0.3548,0.3566,0.3473,0.3504,12191584.0
2026-03-07 12:00:00,0.3503,0.3516,0.3413,0.3423,15117866.0
2026-03-07 13:00:00,0.3423,0.3568,0.3377,0.35,18808735.0
2026-03-07 14:00:00,0.35,0.3533,0.3465,0.3513,9529284.0
2026-03-07 15:00:00,0.3512,0.3545,0.342,0.3441,12753948.0
2026-03-07 16:00:00,0.3441,0.3555,0.3359,0.3492,20060997.0
2026-03-07 17:00:00,0.3492,0.3615,0.3487,0.3512,10104488.0
2026-03-07 18:00:00,0.3512,0.355,0.3494,0.3521,6241380.0
2026-03-07 19:00:00,0.3521,0.3559,0.351,0.3529,4459829.0
2026-03-07 20:00:00,0.3529,0.3566,0.349,0.3511,6292565.0
2026-03-07 21:00:00,0.3512,0.3519,0.3454,0.3481,5443028.0
2026-03-07 22:00:00,0.3482,0.3513,0.3471,0.3489,2694522.0
2026-03-07 23:00:00,0.3488,0.3493,0.3332,0.3459,12535613.0
2026-03-08 00:00:00,0.3458,0.3505,0.3401,0.3432,7718096.0
2026-03-08 01:00:00,0.3431,0.3437,0.3278,0.3341,12701908.0
2026-03-08 02:00:00,0.334,0.3554,0.3269,0.3491,19993702.0
2026-03-08 03:00:00,0.349,0.3549,0.3424,0.3451,9264028.0
2026-03-08 04:00:00,0.3452,0.3479,0.3353,0.3403,6531685.0
2026-03-08 05:00:00,0.3403,0.35,0.3342,0.3405,7185996.0
2026-03-08 06:00:00,0.3406,0.3536,0.3332,0.3517,10473244.0
2026-03-08 07:00:00,0.3517,0.3692,0.3465,0.3599,18240429.0
2026-03-08 08:00:00,0.36,0.3665,0.3514,0.3517,11099205.0
2026-03-08 09:00:00,0.3518,0.356,0.3454,0.3484,5809467.0
2026-03-08 10:00:00,0.3482,0.3577,0.3454,0.3513,6577270.0
2026-03-08 11:00:00,0.3513,0.405,0.3488,0.3841,25478801.0
2026-03-08 12:00:00,0.3839,0.448,0.3743,0.4134,66842729.0
2026-03-08 13:00:00,0.4133,0.4536,0.4069,0.4183,31869666.0
2026-03-08 14:00:00,0.4181,0.419,0.3676,0.383,30084101.0
2026-03-08 15:00:00,0.3832,0.3925,0.3109,0.3199,76799240.0
2026-03-08 16:00:00,0.3199,0.3597,0.317,0.3216,39984147.0
2026-03-08 17:00:00,0.3214,0.334,0.3189,0.3243,14038907.0
2026-03-08 18:00:00,0.3243,0.3327,0.3119,0.3279,15066393.0
2026-03-08 19:00:00,0.328,0.3309,0.323,0.3257,5673713.0
2026-03-08 20:00:00,0.3257,0.3312,0.3192,0.3264,5507966.0
2026-03-08 21:00:00,0.3263,0.3285,0.3172,0.3218,4911032.0
2026-03-08 22:00:00,0.3217,0.3368,0.3127,0.3281,7395667.0
2026-03-08 23:00:00,0.328,0.3546,0.3275,0.3489,10766053.0
2026-03-09 00:00:00,0.3488,0.3589,0.3436,0.3545,9002824.0
2026-03-09 01:00:00,0.3546,0.3645,0.3371,0.3454,9564392.0
2026-03-09 02:00:00,0.3454,0.3473,0.3027,0.3211,21656983.0
2026-03-09 03:00:00,0.3211,0.3345,0.3197,0.3239,8651075.0
2026-03-09 04:00:00,0.3241,0.333,0.3214,0.3223,3689340.0
2026-03-09 05:00:00,0.3222,0.323,0.3091,0.3199,5953345.0
2026-03-09 06:00:00,0.3198,0.3279,0.3113,0.3177,5465985.0
2026-03-09 07:00:00,0.3177,0.3192,0.2884,0.2983,9784282.0
2026-03-09 08:00:00,0.2981,0.2997,0.2632,0.2645,22510434.0
2026-03-09 09:00:00,0.2643,0.2741,0.246,0.2489,25728398.0
2026-03-09 10:00:00,0.2489,0.2859,0.2421,0.2757,39705295.0
2026-03-09 11:00:00,0.2759,0.2775,0.2628,0.2676,13893608.0
2026-03-09 12:00:00,0.2676,0.2835,0.2602,0.2741,13071098.0
2026-03-09 13:00:00,0.2741,0.2894,0.2681,0.2867,9834442.0
2026-03-09 14:00:00,0.2867,0.3113,0.2827,0.3047,20115176.0
2026-03-09 15:00:00,0.3047,0.3198,0.2844,0.2908,24063806.0
2026-03-09 16:00:00,0.2909,0.3103,0.29,0.2941,10663468.0
2026-03-09 17:00:00,0.2942,0.3001,0.2829,0.2875,6440336.0
2026-03-09 18:00:00,0.2876,0.2892,0.277,0.2797,5466757.0
2026-03-09 19:00:00,0.2799,0.2869,0.2721,0.2736,5170962.0
2026-03-09 20:00:00,0.2738,0.2779,0.2721,0.2754,3121896.0
2026-03-09 21:00:00,0.2755,0.28,0.2712,0.2767,3896977.0
2026-03-09 22:00:00,0.2768,0.2802,0.2701,0.2726,3657654.0
2026-03-09 23:00:00,0.2726,0.2736,0.2667,0.2676,3072519.0
2026-03-10 00:00:00,0.2677,0.2792,0.2647,0.2724,6505773.0
2026-03-10 01:00:00,0.2724,0.2824,0.2656,0.2747,7156269.0
2026-03-10 02:00:00,0.2746,0.2768,0.2675,0.2726,5089099.0
2026-03-10 03:00:00,0.2725,0.2736,0.2669,0.2698,2829055.0
2026-03-10 04:00:00,0.27,0.2758,0.2678,0.2743,2811769.0
2026-03-10 05:00:00,0.2744,0.2808,0.2726,0.2795,3144741.0
2026-03-10 06:00:00,0.2795,0.29,0.2727,0.2745,4930215.0
2026-03-10 07:00:00,0.2745,0.2747,0.2702,0.2714,3021704.0
2026-03-10 08:00:00,0.2713,0.2779,0.2709,0.2738,3137582.0
2026-03-10 09:00:00,0.2738,0.2857,0.273,0.2848,3922122.0
2026-03-10 10:00:00,0.2848,0.2861,0.2781,0.2811,4858650.0
2026-03-10 11:00:00,0.2811,0.2841,0.2718,0.275,3353646.0
2026-03-10 12:00:00,0.2749,0.2802,0.2718,0.2728,2278601.0
2026-03-10 13:00:00,0.2728,0.278,0.2705,0.2726,1811663.0
2026-03-10 14:00:00,0.2727,0.2773,0.2623,0.268,4527488.0
2026-03-10 15:00:00,0.268,0.2685,0.2475,0.2525,10470580.0
2026-03-10 16:00:00,0.2525,0.2606,0.2498,0.2595,4418738.0
2026-03-10 17:00:00,0.2595,0.2602,0.2542,0.2567,2658260.0
2026-03-10 18:00:00,0.2567,0.2599,0.2521,0.2545,1760751.0
2026-03-10 19:00:00,0.2544,0.2582,0.2528,0.2553,1285039.0
2026-03-10 20:00:00,0.2553,0.2615,0.2551,0.2604,1324570.0
2026-03-10 21:00:00,0.2605,0.261,0.2484,0.2542,3142734.0
2026-03-10 22:00:00,0.2543,0.2545,0.2434,0.2491,6130306.0
2026-03-10 23:00:00,0.249,0.2518,0.248,0.2497,1518636.0
2026-03-11 00:00:00,0.2497,0.2551,0.2477,0.2519,3419008.0
2026-03-11 01:00:00,0.2518,0.2522,0.2482,0.2497,1301048.0
2026-03-11 02:00:00,0.2498,0.2503,0.2455,0.2474,1101967.0
2026-03-11 03:00:00,0.2474,0.2486,0.2452,0.2464,963796.0
2026-03-11 04:00:00,0.2465,0.2465,0.2276,0.2284,6989133.0
2026-03-11 05:00:00,0.2284,0.233,0.2254,0.2283,3434946.0
2026-03-11 06:00:00,0.2284,0.23,0.2224,0.2231,3108809.0
2026-03-11 07:00:00,0.2233,0.2306,0.2218,0.2249,3086571.0
2026-03-11 08:00:00,0.225,0.2288,0.2216,0.2219,3250848.0
2026-03-11 09:00:00,0.222,0.2269,0.2204,0.2254,2857676.0
2026-03-11 10:00:00,0.2254,0.2293,0.2212,0.222,2607168.0
2026-03-11 11:00:00,0.2218,0.224,0.2174,0.2182,3490505.0
2026-03-11 12:00:00,0.2182,0.2245,0.2159,0.2227,4216000.0
2026-03-11 13:00:00,0.2227,0.2319,0.2226,0.2306,3739224.0
2026-03-11 14:00:00,0.2306,0.2351,0.2277,0.2336,3704255.0
2026-03-11 15:00:00,0.2337,0.2374,0.2296,0.2317,2327178.0
2026-03-11 16:00:00,0.2317,0.2392,0.2301,0.235,1947293.0
2026-03-11 17:00:00,0.2349,0.2357,0.2291,0.2319,1779828.0
2026-03-11 18:00:00,0.2321,0.2323,0.2251,0.2273,1988657.0
2026-03-11 19:00:00,0.2274,0.2289,0.2251,0.2263,803697.0
2026-03-11 20:00:00,0.2263,0.2271,0.2215,0.2266,1690633.0
2026-03-11 21:00:00,0.2266,0.227,0.2209,0.2234,1361725.0
2026-03-11 22:00:00,0.2232,0.2238,0.2186,0.2198,1444034.0
2026-03-11 23:00:00,0.2199,0.2212,0.2188,0.2193,1132099.0
2026-03-12 00:00:00,0.2193,0.2217,0.2172,0.2208,2268349.0
2026-03-12 01:00:00,0.2208,0.2234,0.2176,0.2183,1385323.0
2026-03-12 02:00:00,0.2183,0.222,0.2146,0.2215,2515573.0
2026-03-12 03:00:00,0.2215,0.2215,0.2158,0.2181,1352482.0
2026-03-12 04:00:00,0.218,0.2199,0.2167,0.2175,900228.0
2026-03-12 05:00:00,0.2174,0.2189,0.2137,0.2154,3798729.0
2026-03-12 06:00:00,0.2154,0.2216,0.2147,0.2209,1031943.0
2026-03-12 07:00:00,0.2209,0.2792,0.21,0.2649,12340337.0
2026-03-12 08:00:00,0.2648,0.3185,0.2511,0.3064,72739189.0
2026-03-12 09:00:00,0.3064,0.3275,0.302,0.3233,33654188.0
2026-03-12 10:00:00,0.3236,0.34,0.3115,0.3221,32795110.0
2026-03-12 11:00:00,0.3221,0.333,0.3178,0.3266,18498788.0
2026-03-12 12:00:00,0.3265,0.3348,0.3108,0.3201,29545318.0
2026-03-12 13:00:00,0.3201,0.3297,0.3156,0.3257,18018785.0
2026-03-12 14:00:00,0.3257,0.334,0.3158,0.322,23079746.0
2026-03-12 15:00:00,0.3219,0.3275,0.3154,0.322,15507526.0
2026-03-12 16:00:00,0.322,0.3338,0.3195,0.3251,15443382.0
2026-03-12 17:00:00,0.3251,0.3309,0.3221,0.3263,11494228.0
2026-03-12 18:00:00,0.3263,0.351,0.3228,0.3318,37791938.0
2026-03-12 19:00:00,0.3319,0.3379,0.3238,0.3331,14317869.0
2026-03-12 20:00:00,0.333,0.34,0.3312,0.3327,11542670.0
2026-03-12 21:00:00,0.3328,0.3499,0.332,0.3391,14701535.0
2026-03-12 22:00:00,0.3394,0.3489,0.3199,0.3332,25240480.0
2026-03-12 23:00:00,0.3331,0.3349,0.327,0.3313,13830878.0
2026-03-13 00:00:00,0.3313,0.3626,0.3303,0.3506,36973595.0
2026-03-13 01:00:00,0.3508,0.3544,0.3423,0.3468,15125280.0
2026-03-13 02:00:00,0.3468,0.3482,0.3381,0.3453,13742194.0
2026-03-13 03:00:00,0.3455,0.3466,0.3313,0.333,12332319.0
2026-03-13 04:00:00,0.333,0.3463,0.3306,0.3377,16556040.0
2026-03-13 05:00:00,0.3378,0.3513,0.3363,0.3471,12636546.0
2026-03-13 06:00:00,0.3471,0.35,0.3395,0.3439,10401805.0
2026-03-13 07:00:00,0.3438,0.3593,0.3414,0.3522,16441186.0
2026-03-13 08:00:00,0.3523,0.368,0.3424,0.3507,21588421.0
2026-03-13 09:00:00,0.3506,0.3518,0.3352,0.344,11123827.0
2026-03-13 10:00:00,0.3441,0.3474,0.3399,0.3407,5404794.0
2026-03-13 11:00:00,0.3406,0.355,0.3376,0.3458,7787852.0
2026-03-13 12:00:00,0.3458,0.3532,0.3448,0.3472,4896220.0
2026-03-13 13:00:00,0.3472,0.3573,0.3435,0.3504,5890652.0
2026-03-13 14:00:00,0.3505,0.3642,0.35,0.3601,7256120.0
2026-03-13 15:00:00,0.3603,0.3776,0.3598,0.375,12340067.0
2026-03-13 16:00:00,0.375,0.3814,0.3655,0.3741,8865392.0
2026-03-13 17:00:00,0.3742,0.3795,0.366,0.3694,6840071.0
2026-03-13 18:00:00,0.3695,0.376,0.3666,0.3696,3839982.0
2026-03-13 19:00:00,0.3695,0.3739,0.3621,0.3717,3673260.0
2026-03-13 20:00:00,0.3718,0.3729,0.3573,0.3621,3112760.0
2026-03-13 21:00:00,0.362,0.3663,0.3567,0.3609,3306758.0
2026-03-13 22:00:00,0.3609,0.3666,0.3545,0.3586,3472858.0
2026-03-13 23:00:00,0.3587,0.3633,0.3517,0.3554,4232291.0
2026-03-14 00:00:00,0.3554,0.362,0.3471,0.35,3767741.0
2026-03-14 01:00:00,0.35,0.3636,0.3458,0.3594,4149893.0
2026-03-14 02:00:00,0.3594,0.3626,0.3556,0.3586,3016111.0
2026-03-14 03:00:00,0.3586,0.3616,0.3518,0.3609,3314860.0
2026-03-14 04:00:00,0.3607,0.3677,0.3602,0.3666,3323083.0
2026-03-14 05:00:00,0.3666,0.3787,0.364,0.3668,3522532.0
2026-03-14 06:00:00,0.3667,0.3737,0.3661,0.3721,2596701.0
2026-03-14 07:00:00,0.3719,0.3725,0.3632,0.3663,2207453.0
2026-03-14 08:00:00,0.3663,0.3705,0.362,0.3701,2019910.0
2026-03-14 09:00:00,0.3702,0.373,0.3653,0.3663,1745523.0
2026-03-14 10:00:00,0.3661,0.3677,0.3574,0.3636,2630418.0
2026-03-14 11:00:00,0.3635,0.3709,0.3625,0.3653,2367947.0
2026-03-14 12:00:00,0.3652,0.3657,0.3487,0.3635,5315063.0
2026-03-14 13:00:00,0.3635,0.3636,0.3538,0.3572,2404949.0
2026-03-14 14:00:00,0.3573,0.3637,0.3528,0.3564,2463716.0
2026-03-14 15:00:00,0.3564,0.3596,0.3544,0.3586,1366696.0
2026-03-14 16:00:00,0.3588,0.3629,0.3496,0.3553,2625544.0
2026-03-14 17:00:00,0.3554,0.3587,0.3494,0.3515,1799044.0
2026-03-14 18:00:00,0.3515,0.3615,0.3474,0.351,2899738.0
2026-03-14 19:00:00,0.3511,0.3577,0.3495,0.354,1425689.0
2026-03-14 20:00:00,0.354,0.3616,0.3499,0.3599,1320902.0
2026-03-14 21:00:00,0.3597,0.3601,0.3534,0.3546,949939.0
2026-03-14 22:00:00,0.3546,0.3601,0.3545,0.357,1695713.0
2026-03-14 23:00:00,0.3569,0.3624,0.3545,0.3581,2024508.0
2026-03-15 00:00:00,0.3582,0.3688,0.3582,0.3637,2254395.0
2026-03-15 01:00:00,0.3638,0.3684,0.3601,0.3607,2266715.0
2026-03-15 02:00:00,0.3607,0.367,0.3587,0.3633,2092060.0
2026-03-15 03:00:00,0.3633,0.3667,0.3598,0.3663,1389023.0
2026-03-15 04:00:00,0.3663,0.378,0.3661,0.3707,3436309.0
2026-03-15 05:00:00,0.3707,0.3748,0.3662,0.3713,2222434.0
2026-03-15 06:00:00,0.3713,0.3897,0.3685,0.3825,5416795.0
2026-03-15 07:00:00,0.3825,0.3865,0.3731,0.3756,3631837.0
2026-03-15 08:00:00,0.3756,0.3823,0.3721,0.378,1843810.0
2026-03-15 09:00:00,0.378,0.3788,0.3682,0.3715,2266868.0
2026-03-15 10:00:00,0.3715,0.3742,0.367,0.3713,1287129.0
2026-03-15 11:00:00,0.3715,0.3786,0.3715,0.3764,1631217.0
2026-03-15 12:00:00,0.3766,0.3812,0.3744,0.3784,1465327.0
2026-03-15 13:00:00,0.3782,0.3817,0.3755,0.3766,832595.0
